{
"skeleton": { "hash": "zWWux2puwbpRFnVKDyA5BWOJrDs", "spine": "2.1.27", "width": 310.72, "height": 325.13, "images": "" },
"bones": [
	{ "name": "Root_All", "x": 9.22, "y": 11.06, "scaleX": 1.01, "scaleY": 1.01 },
	{ "name": "Ship_All", "parent": "Root_All" },
	{ "name": "Body", "parent": "Ship_All", "length": 255.84, "x": -5.11, "y": -19.41, "rotation": 90 },
	{ "name": "Antiaircraft", "parent": "Body", "length": 44.62, "x": 188.82, "y": -38.35, "rotation": -90 },
	{ "name": "Attack_Point", "parent": "Body", "length": 25.69, "x": 77.86, "y": -56.73, "rotation": -88.64 },
	{ "name": "Damage_Point", "parent": "Body", "length": 22.56, "x": 100.9, "y": 12.75, "rotation": -90 },
	{ "name": "Dialogue", "parent": "Body", "length": 57.85, "x": 188.67, "y": -42.48, "rotation": -90 },
	{ "name": "Expression", "parent": "Body", "length": 46.33, "x": 204.77, "y": -27.87, "rotation": -42.65 },
	{ "name": "JB_L", "parent": "Body", "length": 21, "x": 57.17, "y": 94.46, "rotation": 180 },
	{ "name": "JB_R", "parent": "Body", "length": 29.62, "x": 72.79, "y": -37.49 },
	{ "name": "Smoke_L1", "parent": "Body", "length": 51.75, "x": 95.72, "y": -18.74, "rotation": -54.55 },
	{ "name": "Smoke_R1", "parent": "Body", "length": 79.5, "x": 99.73, "y": 53.73, "rotation": 21.87 },
	{ "name": "Throw_Point", "parent": "Body", "length": 24.91, "x": 14.99, "y": 40.84, "rotation": -116.95 },
	{ "name": "girl", "parent": "Body", "length": 115.8, "x": 22.16, "y": 13.93 },
	{ "name": "DL", "parent": "girl", "length": 17.23, "x": 102.87, "y": 2.15, "rotation": 180 },
	{ "name": "Head", "parent": "girl", "length": 66.72, "x": 111.21, "y": -2.54, "rotation": -0.9 },
	{ "name": "arm", "parent": "JB_L", "length": 28.01, "x": -3.23, "y": -1.07, "rotation": 179.09 },
	{ "name": "leg1", "parent": "JB_L", "length": 17.21, "x": 11.31, "y": -24.23, "rotation": 19.91 },
	{ "name": "leg2", "parent": "JB_L", "length": 14.13, "x": 16.15, "y": 8.07, "rotation": -17.48 },
	{ "name": "leg3", "parent": "JB_L", "length": 17.54, "x": 9.15, "y": 27.46, "rotation": -17.61 },
	{ "name": "Face", "parent": "Head", "length": 66.94, "x": 46.21, "y": 18.36, "rotation": -89.09 },
	{ "name": "hair_L", "parent": "Head", "length": 52.01, "x": 57.31, "y": 50.63, "rotation": 158.25 },
	{ "name": "hair_R", "parent": "Head", "length": 51.45, "x": 43.48, "y": -52.39, "rotation": -172.76 }
],
"slots": [
	{ "name": "hair", "bone": "Head", "attachment": "hair" },
	{ "name": "hair_L", "bone": "hair_L", "attachment": "hair_L" },
	{ "name": "hair_R", "bone": "hair_R", "attachment": "hair_R" },
	{ "name": "Rodney_body_normal", "bone": "girl", "attachment": "Body_Change" },
	{ "name": "Light_Body", "bone": "girl", "attachment": "Rodney_ship_body_normal_light" },
	{ "name": "head", "bone": "Head", "attachment": "head" },
	{ "name": "head_light", "bone": "Head", "attachment": "head_light", "blend": "additive" },
	{ "name": "Rodney_eyes_normal", "bone": "Face", "attachment": "Rodney_eyes_normal" },
	{ "name": "DL", "bone": "DL", "attachment": "DL" },
	{ "name": "JB_R", "bone": "JB_R", "attachment": "change" },
	{ "name": "JB_L_down", "bone": "JB_L", "attachment": "JB_L_down" },
	{ "name": "JB_L_light", "bone": "JB_L", "attachment": "JB_L_light", "blend": "additive" },
	{ "name": "JB_L", "bone": "arm", "attachment": "change" },
	{ "name": "leg1", "bone": "leg1", "attachment": "leg1" },
	{ "name": "leg2", "bone": "leg2", "attachment": "leg2" },
	{ "name": "leg2_light", "bone": "leg2", "attachment": "leg2_light", "blend": "additive" },
	{ "name": "leg3_light", "bone": "leg3", "attachment": "leg3_light", "blend": "additive" },
	{ "name": "leg3", "bone": "leg3", "attachment": "leg3" },
	{ "name": "arm_light", "bone": "arm", "attachment": "arm_light" },
	{ "name": "JB_R_light", "bone": "JB_R", "attachment": "JB_R_light", "blend": "additive" },
	{ "name": "fly", "bone": "JB_R", "attachment": "fly1" }
],
"skins": {
	"default": {
		"DL": {
			"DL": { "x": -8.09, "y": 5.33, "rotation": 90, "width": 300, "height": 300 }
		},
		"JB_L_down": {
			"JB_L_down": { "x": -63.57, "y": 82.62, "rotation": 90, "width": 300, "height": 300 }
		},
		"JB_L_light": {
			"JB_L_light": { "x": -63.57, "y": 82.62, "rotation": 90, "width": 300, "height": 300 }
		},
		"JB_R_light": {
			"JB_R_light": { "x": 57.1, "y": 51.48, "rotation": -90, "width": 300, "height": 300 }
		},
		"Light_Body": {
			"Rodney_ship_body_normal_light": { "x": 109.14, "y": -3.15, "rotation": -90, "width": 300, "height": 300 }
		},
		"Rodney_eyes_normal": {
			"Rodney_eyes_damage": { "x": 19.21, "y": -48.69, "width": 300, "height": 300 },
			"Rodney_eyes_normal": { "x": 19.21, "y": -48.69, "width": 300, "height": 300 }
		},
		"arm_light": {
			"arm_light": { "x": 61.24, "y": -82.32, "rotation": -89.09, "width": 300, "height": 300 }
		},
		"fly": {
			"fly1": { "x": 57.1, "y": 51.48, "rotation": -90, "width": 300, "height": 300 },
			"fly2": { "x": 57.1, "y": 51.48, "rotation": -90, "width": 300, "height": 300 },
			"fly3": { "x": 57.1, "y": 51.48, "rotation": -90, "width": 300, "height": 300 }
		},
		"hair": {
			"hair": { "x": 0.81, "y": 1.51, "rotation": -89.09, "width": 300, "height": 300 },
			"hair_R": { "x": 12.34, "y": -8.85, "rotation": -89.09, "width": 300, "height": 300 }
		},
		"hair_L": {
			"hair_L": { "x": 35.32, "y": 72.63, "rotation": 112.65, "width": 300, "height": 300 }
		},
		"hair_R": {
			"hair_R": { "x": 28.26, "y": -51.46, "rotation": 83.66, "width": 300, "height": 300 }
		},
		"head": {
			"head": { "x": -0.98, "y": 0.85, "rotation": -89.09, "width": 300, "height": 300 }
		},
		"head_light": {
			"head_light": { "x": -0.98, "y": 0.85, "rotation": -89.09, "width": 300, "height": 300 }
		},
		"leg1": {
			"leg1": { "x": -33.99, "y": 125.98, "rotation": 70.08, "width": 300, "height": 300 }
		},
		"leg2": {
			"leg2": { "x": -98.43, "y": 47.15, "rotation": 107.48, "width": 300, "height": 300 }
		},
		"leg2_light": {
			"leg2_light": { "x": -98.43, "y": 47.15, "rotation": 107.48, "width": 300, "height": 300 }
		},
		"leg3": {
			"leg3": { "x": -86, "y": 30.56, "rotation": 107.61, "width": 300, "height": 300 }
		},
		"leg3_light": {
			"leg3_light": { "x": -86, "y": 30.56, "rotation": 107.61, "width": 300, "height": 300 }
		}
	},
	"damage": {
		"JB_L": {
			"change": { "name": "JB_L_damage", "x": 61.66, "y": -82.73, "rotation": -89.09, "width": 300, "height": 300 }
		},
		"JB_R": {
			"change": { "name": "JB_R_damage", "x": 57.1, "y": 51.48, "rotation": -90, "width": 300, "height": 300 }
		},
		"Rodney_body_normal": {
			"Body_Change": { "name": "Rodney_body_damage", "x": 109.14, "y": -3.15, "rotation": -90, "width": 300, "height": 300 }
		}
	},
	"normal": {
		"JB_L": {
			"change": { "name": "JB_L", "x": 61.66, "y": -82.73, "rotation": -89.09, "width": 300, "height": 300 }
		},
		"JB_R": {
			"change": { "name": "JB_R", "x": 57.1, "y": 51.48, "rotation": -90, "width": 300, "height": 300 }
		},
		"Rodney_body_normal": {
			"Body_Change": { "name": "Rodney_body_normal", "x": 109.14, "y": -3.15, "rotation": -90, "width": 300, "height": 300 }
		}
	}
},
"events": {
	"Antiaircraft": {},
	"attack_point": {},
	"damage_point": {},
	"throw_point": {}
},
"animations": {
	"Antiaircraft": {
		"slots": {
			"JB_L_light": {
				"attachment": [
					{ "time": 0, "name": null },
					{ "time": 0.0666, "name": "JB_L_light" },
					{ "time": 0.5, "name": "JB_L_light" },
					{ "time": 1.2666, "name": "JB_L_light" },
					{ "time": 2, "name": null }
				],
				"color": [
					{ "time": 0.0666, "color": "fffffffd" },
					{ "time": 0.1666, "color": "ffffff00" },
					{ "time": 0.2, "color": "ffffffff" },
					{ "time": 0.3333, "color": "ffffff00" },
					{ "time": 0.3666, "color": "ffffffff" },
					{ "time": 0.4666, "color": "ffffff00" },
					{ "time": 0.6, "color": "ffffffff" },
					{ "time": 0.7333, "color": "ffffff00" },
					{ "time": 0.8, "color": "ffffffff" },
					{ "time": 0.9, "color": "ffffff00" },
					{ "time": 0.9666, "color": "ffffffff" },
					{ "time": 1.1, "color": "ffffff00" },
					{ "time": 1.1333, "color": "ffffffff" },
					{ "time": 1.2333, "color": "ffffff00" },
					{ "time": 1.3666, "color": "ffffffff" },
					{ "time": 1.4666, "color": "ffffff00" },
					{ "time": 1.5333, "color": "ffffffff" },
					{ "time": 1.6333, "color": "ffffff00" },
					{ "time": 1.7, "color": "ffffffff" },
					{ "time": 1.8333, "color": "ffffff00" },
					{ "time": 1.8666, "color": "ffffffff" },
					{ "time": 1.9666, "color": "ffffff00" }
				]
			},
			"JB_R_light": {
				"attachment": [
					{ "time": 0, "name": null },
					{ "time": 0.0666, "name": "JB_R_light" },
					{ "time": 0.5, "name": "JB_R_light" },
					{ "time": 1.2666, "name": "JB_R_light" },
					{ "time": 2, "name": null }
				],
				"color": [
					{ "time": 0.0666, "color": "fffffffd" },
					{ "time": 0.1666, "color": "ffffff00" },
					{ "time": 0.2, "color": "ffffffff" },
					{ "time": 0.3333, "color": "ffffff00" },
					{ "time": 0.3666, "color": "ffffffff" },
					{ "time": 0.4666, "color": "ffffff00" },
					{ "time": 0.6, "color": "ffffffff" },
					{ "time": 0.7333, "color": "ffffff00" },
					{ "time": 0.8, "color": "ffffffff" },
					{ "time": 0.9, "color": "ffffff00" },
					{ "time": 0.9666, "color": "ffffffff" },
					{ "time": 1.1, "color": "ffffff00" },
					{ "time": 1.1333, "color": "ffffffff" },
					{ "time": 1.2333, "color": "ffffff00" },
					{ "time": 1.3666, "color": "ffffffff" },
					{ "time": 1.4666, "color": "ffffff00" },
					{ "time": 1.5333, "color": "ffffffff" },
					{ "time": 1.6333, "color": "ffffff00" },
					{ "time": 1.7, "color": "ffffffff" },
					{ "time": 1.8333, "color": "ffffff00" },
					{ "time": 1.8666, "color": "ffffffff" },
					{ "time": 1.9666, "color": "ffffff00" }
				]
			},
			"Light_Body": {
				"attachment": [
					{ "time": 0, "name": null },
					{ "time": 0.0666, "name": "Rodney_ship_body_normal_light" },
					{ "time": 0.5, "name": "Rodney_ship_body_normal_light" },
					{ "time": 1.2666, "name": "Rodney_ship_body_normal_light" },
					{ "time": 2, "name": null }
				],
				"color": [
					{ "time": 0.0666, "color": "fffffffd" },
					{ "time": 0.1666, "color": "ffffff00" },
					{ "time": 0.2, "color": "ffffffff" },
					{ "time": 0.3333, "color": "ffffff00" },
					{ "time": 0.3666, "color": "ffffffff" },
					{ "time": 0.4666, "color": "ffffff00" },
					{ "time": 0.6, "color": "ffffffff" },
					{ "time": 0.7333, "color": "ffffff00" },
					{ "time": 0.8, "color": "ffffffff" },
					{ "time": 0.9, "color": "ffffff00" },
					{ "time": 0.9666, "color": "ffffffff" },
					{ "time": 1.1, "color": "ffffff00" },
					{ "time": 1.1333, "color": "ffffffff" },
					{ "time": 1.2333, "color": "ffffff00" },
					{ "time": 1.3666, "color": "ffffffff" },
					{ "time": 1.4666, "color": "ffffff00" },
					{ "time": 1.5333, "color": "ffffffff" },
					{ "time": 1.6333, "color": "ffffff00" },
					{ "time": 1.7, "color": "ffffffff" },
					{ "time": 1.8333, "color": "ffffff00" },
					{ "time": 1.8666, "color": "ffffffff" },
					{ "time": 1.9666, "color": "ffffff00" }
				]
			},
			"Rodney_body_normal": {
				"attachment": [
					{ "time": 0, "name": "Body_Change" }
				]
			},
			"arm_light": {
				"attachment": [
					{ "time": 0, "name": null },
					{ "time": 0.0666, "name": "arm_light" },
					{ "time": 0.5, "name": "arm_light" },
					{ "time": 1.2666, "name": "arm_light" },
					{ "time": 2, "name": null }
				],
				"color": [
					{ "time": 0.0666, "color": "fffffffd" },
					{ "time": 0.1666, "color": "ffffff00" },
					{ "time": 0.2, "color": "ffffffff" },
					{ "time": 0.3333, "color": "ffffff00" },
					{ "time": 0.3666, "color": "ffffffff" },
					{ "time": 0.4666, "color": "ffffff00" },
					{ "time": 0.6, "color": "ffffffff" },
					{ "time": 0.7333, "color": "ffffff00" },
					{ "time": 0.8, "color": "ffffffff" },
					{ "time": 0.9, "color": "ffffff00" },
					{ "time": 0.9666, "color": "ffffffff" },
					{ "time": 1.1, "color": "ffffff00" },
					{ "time": 1.1333, "color": "ffffffff" },
					{ "time": 1.2333, "color": "ffffff00" },
					{ "time": 1.3666, "color": "ffffffff" },
					{ "time": 1.4666, "color": "ffffff00" },
					{ "time": 1.5333, "color": "ffffffff" },
					{ "time": 1.6333, "color": "ffffff00" },
					{ "time": 1.7, "color": "ffffffff" },
					{ "time": 1.8333, "color": "ffffff00" },
					{ "time": 1.8666, "color": "ffffffff" },
					{ "time": 1.9666, "color": "ffffff00" }
				]
			},
			"fly": {
				"attachment": [
					{ "time": 0, "name": "fly1" },
					{ "time": 0.0666, "name": "fly2" },
					{ "time": 0.1333, "name": "fly3" },
					{ "time": 0.2, "name": "fly1" },
					{ "time": 0.2666, "name": "fly2" },
					{ "time": 0.3333, "name": "fly3" },
					{ "time": 0.4, "name": "fly1" },
					{ "time": 0.4666, "name": "fly2" },
					{ "time": 0.5333, "name": "fly3" },
					{ "time": 0.6, "name": "fly1" },
					{ "time": 0.6666, "name": "fly2" },
					{ "time": 0.7333, "name": "fly3" },
					{ "time": 0.8, "name": "fly1" },
					{ "time": 0.8666, "name": "fly2" },
					{ "time": 0.9333, "name": "fly3" },
					{ "time": 1, "name": "fly1" },
					{ "time": 1.0666, "name": "fly2" },
					{ "time": 1.1333, "name": "fly3" },
					{ "time": 1.2, "name": "fly1" },
					{ "time": 1.2666, "name": "fly2" },
					{ "time": 1.3333, "name": "fly3" },
					{ "time": 1.4, "name": "fly1" },
					{ "time": 1.4666, "name": "fly2" },
					{ "time": 1.5333, "name": "fly3" },
					{ "time": 1.6, "name": "fly1" },
					{ "time": 1.6666, "name": "fly2" },
					{ "time": 1.7333, "name": "fly3" },
					{ "time": 1.8, "name": "fly1" },
					{ "time": 1.8666, "name": "fly2" },
					{ "time": 1.9333, "name": "fly3" },
					{ "time": 2, "name": "fly1" }
				]
			},
			"head_light": {
				"attachment": [
					{ "time": 0, "name": null },
					{ "time": 0.0666, "name": "head_light" }
				],
				"color": [
					{ "time": 0.0666, "color": "fffffffd" },
					{ "time": 0.1666, "color": "ffffff00" },
					{ "time": 0.2, "color": "ffffffff" },
					{ "time": 0.3333, "color": "ffffff00" },
					{ "time": 0.3666, "color": "ffffffff" },
					{ "time": 0.4666, "color": "ffffff00" },
					{ "time": 0.6, "color": "ffffffff" },
					{ "time": 0.7333, "color": "ffffff00" },
					{ "time": 0.8, "color": "ffffffff" },
					{ "time": 0.9, "color": "ffffff00" },
					{ "time": 0.9666, "color": "ffffffff" },
					{ "time": 1.1, "color": "ffffff00" },
					{ "time": 1.1333, "color": "ffffffff" },
					{ "time": 1.2333, "color": "ffffff00" },
					{ "time": 1.3666, "color": "ffffffff" },
					{ "time": 1.4666, "color": "ffffff00" },
					{ "time": 1.5333, "color": "ffffffff" },
					{ "time": 1.6333, "color": "ffffff00" },
					{ "time": 1.7, "color": "ffffffff" },
					{ "time": 1.8333, "color": "ffffff00" },
					{ "time": 1.8666, "color": "ffffffff" },
					{ "time": 1.9666, "color": "ffffff00" }
				]
			},
			"leg2_light": {
				"attachment": [
					{ "time": 0, "name": null },
					{ "time": 0.0666, "name": "leg2_light" },
					{ "time": 0.5, "name": "leg2_light" },
					{ "time": 1.2666, "name": "leg2_light" },
					{ "time": 2, "name": null }
				],
				"color": [
					{ "time": 0.0666, "color": "fffffffd" },
					{ "time": 0.1666, "color": "ffffff00" },
					{ "time": 0.2, "color": "ffffffff" },
					{ "time": 0.3333, "color": "ffffff00" },
					{ "time": 0.3666, "color": "ffffffff" },
					{ "time": 0.4666, "color": "ffffff00" },
					{ "time": 0.6, "color": "ffffffff" },
					{ "time": 0.7333, "color": "ffffff00" },
					{ "time": 0.8, "color": "ffffffff" },
					{ "time": 0.9, "color": "ffffff00" },
					{ "time": 0.9666, "color": "ffffffff" },
					{ "time": 1.1, "color": "ffffff00" },
					{ "time": 1.1333, "color": "ffffffff" },
					{ "time": 1.2333, "color": "ffffff00" },
					{ "time": 1.3666, "color": "ffffffff" },
					{ "time": 1.4666, "color": "ffffff00" },
					{ "time": 1.5333, "color": "ffffffff" },
					{ "time": 1.6333, "color": "ffffff00" },
					{ "time": 1.7, "color": "ffffffff" },
					{ "time": 1.8333, "color": "ffffff00" },
					{ "time": 1.8666, "color": "ffffffff" },
					{ "time": 1.9666, "color": "ffffff00" }
				]
			},
			"leg3_light": {
				"attachment": [
					{ "time": 0, "name": null },
					{ "time": 0.0666, "name": "leg3_light" },
					{ "time": 0.5, "name": "leg3_light" },
					{ "time": 1.2666, "name": "leg3_light" },
					{ "time": 2, "name": null }
				],
				"color": [
					{ "time": 0.0666, "color": "fffffffd" },
					{ "time": 0.1666, "color": "ffffff00" },
					{ "time": 0.2, "color": "ffffffff" },
					{ "time": 0.3333, "color": "ffffff00" },
					{ "time": 0.3666, "color": "ffffffff" },
					{ "time": 0.4666, "color": "ffffff00" },
					{ "time": 0.6, "color": "ffffffff" },
					{ "time": 0.7333, "color": "ffffff00" },
					{ "time": 0.8, "color": "ffffffff" },
					{ "time": 0.9, "color": "ffffff00" },
					{ "time": 0.9666, "color": "ffffffff" },
					{ "time": 1.1, "color": "ffffff00" },
					{ "time": 1.1333, "color": "ffffffff" },
					{ "time": 1.2333, "color": "ffffff00" },
					{ "time": 1.3666, "color": "ffffffff" },
					{ "time": 1.4666, "color": "ffffff00" },
					{ "time": 1.5333, "color": "ffffffff" },
					{ "time": 1.6333, "color": "ffffff00" },
					{ "time": 1.7, "color": "ffffffff" },
					{ "time": 1.8333, "color": "ffffff00" },
					{ "time": 1.8666, "color": "ffffffff" },
					{ "time": 1.9666, "color": "ffffff00" }
				]
			}
		},
		"bones": {
			"Body": {
				"rotate": [
					{ "time": 0, "angle": 0, "curve": "stepped" },
					{ "time": 2, "angle": 0 }
				],
				"translate": [
					{ "time": 0, "x": 0, "y": 0, "curve": "stepped" },
					{ "time": 2, "x": 0, "y": 0 }
				]
			},
			"Root_All": {
				"rotate": [
					{ "time": 0, "angle": 0, "curve": "stepped" },
					{ "time": 2, "angle": 0 }
				],
				"translate": [
					{
						"time": 0,
						"x": 0,
						"y": 0,
						"curve": [ 0.255, 0.35, 0.6, 0.7 ]
					},
					{
						"time": 0.5,
						"x": 0,
						"y": -9.82,
						"curve": [ 0.3, 0.39, 0.641, 0.74 ]
					},
					{
						"time": 1,
						"x": 0,
						"y": -15.66,
						"curve": [ 0.322, 0.37, 0.652, 0.7 ]
					},
					{
						"time": 1.5,
						"x": 0,
						"y": -7.79,
						"curve": [ 0.314, 0.36, 0.644, 0.68 ]
					},
					{ "time": 2, "x": 0, "y": 0 }
				]
			},
			"Ship_All": {
				"rotate": [
					{ "time": 0, "angle": 0, "curve": "stepped" },
					{ "time": 2, "angle": 0 }
				],
				"translate": [
					{ "time": 0, "x": 0, "y": 0, "curve": "stepped" },
					{ "time": 2, "x": 0, "y": 0 }
				]
			},
			"Face": {
				"rotate": [
					{ "time": 0, "angle": 0, "curve": "stepped" },
					{ "time": 2, "angle": 0 }
				],
				"translate": [
					{
						"time": 0,
						"x": 0,
						"y": 0,
						"curve": [ 0.307, 0.33, 0.641, 0.67 ]
					},
					{
						"time": 1,
						"x": -1.57,
						"y": -0.02,
						"curve": [ 0.312, 0.33, 0.646, 0.67 ]
					},
					{ "time": 2, "x": 0, "y": 0 }
				]
			},
			"Head": {
				"rotate": [
					{ "time": 0, "angle": 0 },
					{ "time": 0.5, "angle": -3.17 },
					{ "time": 1, "angle": 0 },
					{ "time": 1.5, "angle": 0.89 },
					{ "time": 2, "angle": 0 }
				],
				"translate": [
					{ "time": 0, "x": 0, "y": 0, "curve": "stepped" },
					{ "time": 1, "x": 0, "y": 0, "curve": "stepped" },
					{ "time": 2, "x": 0, "y": 0 }
				]
			},
			"leg2": {
				"rotate": [
					{ "time": 0, "angle": 0 },
					{ "time": 1, "angle": -11.92 },
					{ "time": 2, "angle": 0 }
				],
				"translate": [
					{ "time": 0, "x": 0, "y": 0, "curve": "stepped" },
					{ "time": 2, "x": 0, "y": 0 }
				]
			},
			"leg3": {
				"rotate": [
					{ "time": 0, "angle": 0 },
					{ "time": 1, "angle": -17.52 },
					{ "time": 2, "angle": 0 }
				],
				"translate": [
					{ "time": 0, "x": 0, "y": 0, "curve": "stepped" },
					{ "time": 2, "x": 0, "y": 0 }
				]
			},
			"JB_R": {
				"rotate": [
					{ "time": 0, "angle": 0, "curve": "stepped" },
					{ "time": 2, "angle": 0 }
				],
				"translate": [
					{ "time": 0, "x": 0, "y": 0 },
					{ "time": 1, "x": 21.21, "y": -10.59 },
					{ "time": 2, "x": 0, "y": 0 }
				]
			},
			"JB_L": {
				"rotate": [
					{ "time": 0, "angle": 0, "curve": "stepped" },
					{ "time": 2, "angle": 0 }
				],
				"translate": [
					{ "time": 0, "x": 0, "y": 0 },
					{ "time": 1, "x": 23.56, "y": 6.28 },
					{ "time": 2, "x": 0, "y": 0 }
				]
			},
			"arm": {
				"rotate": [
					{ "time": 0, "angle": 0 },
					{ "time": 1, "angle": 0.36 },
					{ "time": 2, "angle": 0 }
				],
				"translate": [
					{ "time": 0, "x": 0, "y": 0 },
					{ "time": 1, "x": 0.74, "y": 0.71 },
					{ "time": 2, "x": 0, "y": 0 }
				]
			},
			"hair_R": {
				"rotate": [
					{ "time": 0, "angle": 0 },
					{ "time": 1, "angle": 11.35 },
					{ "time": 2, "angle": 0 }
				],
				"translate": [
					{ "time": 0, "x": 0, "y": 0, "curve": "stepped" },
					{ "time": 2, "x": 0, "y": 0 }
				]
			},
			"hair_L": {
				"rotate": [
					{ "time": 0, "angle": 0 },
					{ "time": 1, "angle": -12.11 },
					{ "time": 2, "angle": 0 }
				],
				"translate": [
					{ "time": 0, "x": 0, "y": 0, "curve": "stepped" },
					{ "time": 2, "x": 0, "y": 0 }
				]
			},
			"DL": {
				"rotate": [
					{ "time": 0, "angle": 0 },
					{ "time": 0.6666, "angle": -351.16 },
					{ "time": 1.3333, "angle": -6.87 },
					{ "time": 2, "angle": 0 }
				],
				"translate": [
					{ "time": 0, "x": 0, "y": 0, "curve": "stepped" },
					{ "time": 2, "x": 0, "y": 0 }
				]
			},
			"leg1": {
				"rotate": [
					{ "time": 0, "angle": 0 },
					{ "time": 1, "angle": 25.68 },
					{ "time": 2, "angle": 0 }
				],
				"translate": [
					{ "time": 0, "x": 0, "y": 0, "curve": "stepped" },
					{ "time": 2, "x": 0, "y": 0 }
				]
			}
		},
		"events": [
			{ "time": 0.0666, "name": "Antiaircraft" }
		]
	},
	"attack": {
		"slots": {
			"JB_L_light": {
				"attachment": [
					{ "time": 0, "name": null },
					{ "time": 0.0666, "name": "JB_L_light" }
				],
				"color": [
					{ "time": 0.5333, "color": "fffffffb" },
					{ "time": 0.8333, "color": "ffffff00" }
				]
			},
			"JB_R_light": {
				"attachment": [
					{ "time": 0, "name": null },
					{ "time": 0.0666, "name": "JB_R_light" }
				],
				"color": [
					{ "time": 0.5333, "color": "fffffffb" },
					{ "time": 0.8333, "color": "ffffff00" }
				]
			},
			"Light_Body": {
				"attachment": [
					{ "time": 0, "name": null },
					{ "time": 0.0666, "name": "Rodney_ship_body_normal_light" }
				],
				"color": [
					{ "time": 0.5333, "color": "fffffffb" },
					{ "time": 0.8333, "color": "ffffff00" }
				]
			},
			"Rodney_body_normal": {
				"attachment": [
					{ "time": 0, "name": "Body_Change" },
					{ "time": 0.9, "name": "Body_Change" }
				]
			},
			"Rodney_eyes_normal": {
				"attachment": [
					{ "time": 0.1666, "name": "Rodney_eyes_damage" },
					{ "time": 1.1666, "name": "Rodney_eyes_normal" }
				]
			},
			"arm_light": {
				"attachment": [
					{ "time": 0, "name": null },
					{ "time": 0.0666, "name": "arm_light" }
				],
				"color": [
					{ "time": 0.5333, "color": "fffffffb" },
					{ "time": 0.8333, "color": "ffffff00" }
				]
			},
			"fly": {
				"attachment": [
					{ "time": 0, "name": "fly1" },
					{ "time": 0.0666, "name": "fly2" },
					{ "time": 0.1333, "name": "fly3" },
					{ "time": 0.2, "name": "fly1" },
					{ "time": 0.2666, "name": "fly2" },
					{ "time": 0.3333, "name": "fly3" },
					{ "time": 0.4, "name": "fly1" },
					{ "time": 0.4666, "name": "fly2" },
					{ "time": 0.5333, "name": "fly3" },
					{ "time": 0.6, "name": "fly1" },
					{ "time": 0.6666, "name": "fly2" },
					{ "time": 0.7333, "name": "fly3" },
					{ "time": 0.8, "name": "fly1" },
					{ "time": 0.8666, "name": "fly2" },
					{ "time": 0.9333, "name": "fly3" },
					{ "time": 1, "name": "fly1" },
					{ "time": 1.0666, "name": "fly2" },
					{ "time": 1.1333, "name": "fly3" },
					{ "time": 1.2, "name": "fly1" },
					{ "time": 1.2666, "name": "fly2" },
					{ "time": 1.3333, "name": "fly3" },
					{ "time": 1.4, "name": "fly1" },
					{ "time": 1.4666, "name": "fly2" },
					{ "time": 1.5333, "name": "fly3" },
					{ "time": 1.6, "name": "fly2" },
					{ "time": 1.6666, "name": "fly1" }
				]
			},
			"head_light": {
				"attachment": [
					{ "time": 0, "name": null },
					{ "time": 0.0666, "name": "head_light" }
				],
				"color": [
					{ "time": 0.5333, "color": "fffffffb" },
					{ "time": 0.8333, "color": "ffffff00" }
				]
			},
			"leg2_light": {
				"attachment": [
					{ "time": 0, "name": null },
					{ "time": 0.0666, "name": "leg2_light" }
				],
				"color": [
					{ "time": 0.5333, "color": "fffffffb" },
					{ "time": 0.8333, "color": "ffffff00" }
				]
			},
			"leg3_light": {
				"attachment": [
					{ "time": 0, "name": null },
					{ "time": 0.0666, "name": "leg3_light" }
				],
				"color": [
					{ "time": 0.5333, "color": "fffffffb" },
					{ "time": 0.8333, "color": "ffffff00" }
				]
			}
		},
		"bones": {
			"Root_All": {
				"rotate": [
					{ "time": 0, "angle": 0, "curve": "stepped" },
					{ "time": 1.6666, "angle": 0 }
				],
				"translate": [
					{
						"time": 0,
						"x": 0,
						"y": 0,
						"curve": [ 0.294, 0.34, 0.629, 0.67 ]
					},
					{
						"time": 0.4,
						"x": -7.3,
						"y": -8.11,
						"curve": [ 0.318, 0.33, 0.652, 0.67 ]
					},
					{
						"time": 0.8,
						"x": 12.17,
						"y": 7.89,
						"curve": [ 0.322, 0.33, 0.655, 0.67 ]
					},
					{
						"time": 1.2,
						"x": 0,
						"y": -9.4,
						"curve": [ 0.322, 0.34, 0.655, 0.67 ]
					},
					{ "time": 1.6666, "x": 0, "y": 0 }
				]
			},
			"Face": {
				"rotate": [
					{ "time": 0, "angle": 0, "curve": "stepped" },
					{ "time": 1.6666, "angle": 0 }
				],
				"translate": [
					{
						"time": 0,
						"x": 0,
						"y": 0,
						"curve": [ 0.286, 0.34, 0.623, 0.67 ]
					},
					{ "time": 0.1666, "x": 0, "y": 3.4 },
					{ "time": 0.3333, "x": 0, "y": -0.66 },
					{ "time": 0.9, "x": 0, "y": -1.2 },
					{ "time": 1, "x": 0, "y": -0.44 },
					{ "time": 1.6666, "x": 0, "y": 0 }
				]
			},
			"Ship_All": {
				"rotate": [
					{ "time": 0, "angle": 0, "curve": "stepped" },
					{ "time": 1.6666, "angle": 0 }
				],
				"translate": [
					{ "time": 0, "x": 0, "y": 0, "curve": "stepped" },
					{ "time": 1.6666, "x": 0, "y": 0 }
				]
			},
			"Body": {
				"rotate": [
					{ "time": 0, "angle": 0, "curve": "stepped" },
					{ "time": 1.6666, "angle": 0 }
				],
				"translate": [
					{ "time": 0, "x": 0, "y": 0, "curve": "stepped" },
					{ "time": 1.6666, "x": 0, "y": 0 }
				]
			},
			"Attack_Point": {
				"rotate": [
					{ "time": 0.0666, "angle": 0 }
				],
				"translate": [
					{ "time": 0.0666, "x": 0, "y": 0 }
				]
			},
			"Head": {
				"rotate": [
					{ "time": 0, "angle": 0 },
					{ "time": 0.8333, "angle": -5.02 },
					{ "time": 1.3333, "angle": 1.69 },
					{ "time": 1.6666, "angle": 0 }
				],
				"translate": [
					{ "time": 0, "x": 0, "y": 0, "curve": "stepped" },
					{ "time": 1.6666, "x": 0, "y": 0 }
				]
			},
			"girl": {
				"rotate": [
					{ "time": 0, "angle": 0 },
					{ "time": 0.3333, "angle": 4.42 },
					{ "time": 1, "angle": -2.66 },
					{ "time": 1.6666, "angle": 0 }
				],
				"translate": [
					{ "time": 0, "x": 0, "y": 0 },
					{ "time": 0.3333, "x": 0.8, "y": 20.9 },
					{ "time": 1, "x": -2, "y": 4.01 },
					{ "time": 1.6666, "x": 0, "y": 0 }
				]
			},
			"JB_R": {
				"rotate": [
					{ "time": 0, "angle": 0 },
					{ "time": 0.1666, "angle": 8.57 },
					{ "time": 0.6666, "angle": -12.87 },
					{ "time": 1, "angle": -10.97 },
					{ "time": 1.6666, "angle": 0 }
				],
				"translate": [
					{ "time": 0, "x": 0, "y": 0 },
					{ "time": 0.1666, "x": 0, "y": 9.64 },
					{ "time": 0.6666, "x": -15.27, "y": 0.68 },
					{ "time": 1, "x": 9.24, "y": -15.73 },
					{ "time": 1.6666, "x": 0, "y": 0 }
				]
			},
			"leg2": {
				"rotate": [
					{ "time": 0, "angle": 0 },
					{ "time": 0.1666, "angle": 5.24 },
					{ "time": 1, "angle": -28.1 },
					{ "time": 1.6666, "angle": 0 }
				],
				"translate": [
					{ "time": 0, "x": 0, "y": 0, "curve": "stepped" },
					{ "time": 1.6666, "x": 0, "y": 0 }
				]
			},
			"leg3": {
				"rotate": [
					{ "time": 0, "angle": 0 },
					{ "time": 0.1666, "angle": -31.02 },
					{ "time": 1, "angle": -36.25 },
					{ "time": 1.6666, "angle": 0 }
				],
				"translate": [
					{ "time": 0, "x": 0, "y": 0, "curve": "stepped" },
					{ "time": 1.6666, "x": 0, "y": 0 }
				]
			},
			"arm": {
				"rotate": [
					{ "time": 0, "angle": 0 },
					{ "time": 0.1666, "angle": -344.99 },
					{ "time": 0.5, "angle": -356.83 },
					{ "time": 1.6666, "angle": 0 }
				],
				"translate": [
					{ "time": 0, "x": 0, "y": 0 },
					{ "time": 0.1666, "x": 3.39, "y": -0.25 },
					{ "time": 0.5, "x": 0.62, "y": 3 },
					{ "time": 1.6666, "x": 0, "y": 0 }
				]
			},
			"JB_L": {
				"rotate": [
					{ "time": 0, "angle": 0 },
					{ "time": 0.1666, "angle": -348.3 },
					{ "time": 0.3333, "angle": -353.92 },
					{ "time": 0.6666, "angle": -346.65 },
					{ "time": 1.1666, "angle": -7.48 },
					{ "time": 1.6666, "angle": 0 }
				],
				"translate": [
					{ "time": 0, "x": 0, "y": 0 },
					{ "time": 0.3333, "x": 0, "y": 28.94 },
					{ "time": 0.6666, "x": 7.23, "y": 17.68 },
					{ "time": 1.1666, "x": 13.66, "y": -15.27 },
					{ "time": 1.6666, "x": 0, "y": 0 }
				]
			},
			"leg1": {
				"rotate": [
					{ "time": 0, "angle": 0 },
					{ "time": 0.1666, "angle": 35.88 },
					{ "time": 1, "angle": 19.13 },
					{ "time": 1.6666, "angle": 0 }
				],
				"translate": [
					{ "time": 0, "x": 0, "y": 0, "curve": "stepped" },
					{ "time": 1.6666, "x": 0, "y": 0 }
				]
			},
			"hair_R": {
				"rotate": [
					{ "time": 0, "angle": 0 },
					{ "time": 0.5, "angle": 17.03 },
					{ "time": 1, "angle": -6.7 },
					{ "time": 1.6666, "angle": 0 }
				],
				"translate": [
					{ "time": 0, "x": 0, "y": 0, "curve": "stepped" },
					{ "time": 1.6666, "x": 0, "y": 0 }
				]
			},
			"hair_L": {
				"rotate": [
					{ "time": 0, "angle": 0 },
					{ "time": 0.5, "angle": 18.84 },
					{ "time": 1, "angle": -1.47 },
					{ "time": 1.6666, "angle": 0 }
				],
				"translate": [
					{ "time": 0, "x": 0, "y": 0, "curve": "stepped" },
					{ "time": 1.6666, "x": 0, "y": 0 }
				]
			},
			"DL": {
				"rotate": [
					{ "time": 0, "angle": 0 },
					{ "time": 0.5, "angle": -340.42 },
					{ "time": 1, "angle": -11.19 },
					{ "time": 1.3333, "angle": -354.01 },
					{ "time": 1.6666, "angle": 0 }
				],
				"translate": [
					{ "time": 0, "x": 0, "y": 0, "curve": "stepped" },
					{ "time": 1.6666, "x": 0, "y": 0 }
				]
			}
		},
		"events": [
			{ "time": 0.0666, "name": "attack_point" }
		]
	},
	"damage": {
		"slots": {
			"DL": {
				"color": [
					{ "time": 0.0666, "color": "8c4c51ff", "curve": "stepped" },
					{ "time": 0.7666, "color": "8c4c51ff" },
					{ "time": 1.1333, "color": "ffffffff" }
				]
			},
			"JB_L": {
				"color": [
					{ "time": 0.0666, "color": "8c4c51ff", "curve": "stepped" },
					{ "time": 0.7666, "color": "8c4c51ff" },
					{ "time": 1.1333, "color": "ffffffff" }
				]
			},
			"JB_L_down": {
				"color": [
					{ "time": 0.0666, "color": "8c4c51ff", "curve": "stepped" },
					{ "time": 0.7666, "color": "8c4c51ff" },
					{ "time": 1.1333, "color": "ffffffff" }
				]
			},
			"JB_L_light": {
				"attachment": [
					{ "time": 0, "name": null },
					{ "time": 0.0666, "name": "JB_L_light" },
					{ "time": 0.7666, "name": null }
				]
			},
			"JB_R": {
				"color": [
					{ "time": 0.0666, "color": "8c4c51ff", "curve": "stepped" },
					{ "time": 0.7666, "color": "8c4c51ff" },
					{ "time": 1.1333, "color": "ffffffff" }
				]
			},
			"JB_R_light": {
				"attachment": [
					{ "time": 0, "name": null },
					{ "time": 0.0666, "name": "JB_R_light" },
					{ "time": 0.7666, "name": null }
				]
			},
			"Light_Body": {
				"attachment": [
					{ "time": 0, "name": null },
					{ "time": 0.0666, "name": "Rodney_ship_body_normal_light" },
					{ "time": 0.7666, "name": null }
				],
				"color": [
					{ "time": 0.5333, "color": "fffffffc" },
					{ "time": 0.7666, "color": "ffffff00" }
				]
			},
			"Rodney_body_normal": {
				"attachment": [
					{ "time": 0, "name": "Body_Change" },
					{ "time": 0.8666, "name": "Body_Change" }
				],
				"color": [
					{ "time": 0.0666, "color": "8c4c51ff", "curve": "stepped" },
					{ "time": 0.7666, "color": "8c4c51ff" },
					{ "time": 1.1333, "color": "ffffffff" }
				]
			},
			"Rodney_eyes_normal": {
				"attachment": [
					{ "time": 0.0666, "name": "Rodney_eyes_damage" },
					{ "time": 1.1333, "name": "Rodney_eyes_normal" }
				],
				"color": [
					{ "time": 0.0666, "color": "8c4c51ff", "curve": "stepped" },
					{ "time": 0.7666, "color": "8c4c51ff" },
					{ "time": 1.1333, "color": "ffffffff" }
				]
			},
			"arm_light": {
				"attachment": [
					{ "time": 0, "name": null },
					{ "time": 0.0666, "name": "arm_light" },
					{ "time": 0.7666, "name": null }
				]
			},
			"fly": {
				"attachment": [
					{ "time": 0, "name": "fly1" },
					{ "time": 0.0666, "name": "fly2" },
					{ "time": 0.1333, "name": "fly3" },
					{ "time": 0.2, "name": "fly1" },
					{ "time": 0.2666, "name": "fly2" },
					{ "time": 0.3333, "name": "fly3" },
					{ "time": 0.4, "name": "fly1" },
					{ "time": 0.4666, "name": "fly2" },
					{ "time": 0.5333, "name": "fly3" },
					{ "time": 0.6, "name": "fly1" },
					{ "time": 0.6666, "name": "fly2" },
					{ "time": 0.7333, "name": "fly3" },
					{ "time": 0.8, "name": "fly1" },
					{ "time": 0.8666, "name": "fly2" },
					{ "time": 0.9333, "name": "fly3" },
					{ "time": 1, "name": "fly1" },
					{ "time": 1.0666, "name": "fly2" },
					{ "time": 1.1333, "name": "fly3" },
					{ "time": 1.1666, "name": "fly1" }
				],
				"color": [
					{ "time": 0.0666, "color": "8c4c51ff", "curve": "stepped" },
					{ "time": 0.7666, "color": "8c4c51ff" },
					{ "time": 1.1333, "color": "ffffffff" }
				]
			},
			"hair": {
				"color": [
					{ "time": 0.0666, "color": "8c4c51ff", "curve": "stepped" },
					{ "time": 0.7666, "color": "8c4c51ff" },
					{ "time": 1.1333, "color": "ffffffff" }
				]
			},
			"hair_L": {
				"color": [
					{ "time": 0.0666, "color": "8c4c51ff", "curve": "stepped" },
					{ "time": 0.7666, "color": "8c4c51ff" },
					{ "time": 1.1333, "color": "ffffffff" }
				]
			},
			"hair_R": {
				"color": [
					{ "time": 0.0666, "color": "8c4c51ff", "curve": "stepped" },
					{ "time": 0.7666, "color": "8c4c51ff" },
					{ "time": 1.1333, "color": "ffffffff" }
				]
			},
			"head": {
				"color": [
					{ "time": 0.0666, "color": "8c4c51ff", "curve": "stepped" },
					{ "time": 0.7666, "color": "8c4c51ff" },
					{ "time": 1.1333, "color": "ffffffff" }
				]
			},
			"head_light": {
				"attachment": [
					{ "time": 0, "name": null },
					{ "time": 0.0666, "name": "head_light" }
				],
				"color": [
					{ "time": 0.5333, "color": "fffffffc" },
					{ "time": 0.7666, "color": "ffffff00" }
				]
			},
			"leg1": {
				"color": [
					{ "time": 0.0666, "color": "8c4c51ff", "curve": "stepped" },
					{ "time": 0.7666, "color": "8c4c51ff" },
					{ "time": 1.1333, "color": "ffffffff" }
				]
			},
			"leg2": {
				"color": [
					{ "time": 0.0666, "color": "8c4c51ff", "curve": "stepped" },
					{ "time": 0.7666, "color": "8c4c51ff" },
					{ "time": 1.1333, "color": "ffffffff" }
				]
			},
			"leg3": {
				"color": [
					{ "time": 0.0666, "color": "8c4c51ff", "curve": "stepped" },
					{ "time": 0.7666, "color": "8c4c51ff" },
					{ "time": 1.1333, "color": "ffffffff" }
				]
			},
			"leg2_light": {
				"attachment": [
					{ "time": 0, "name": null },
					{ "time": 0.0666, "name": "leg2_light" },
					{ "time": 0.7666, "name": null }
				]
			},
			"leg3_light": {
				"attachment": [
					{ "time": 0, "name": null },
					{ "time": 0.0666, "name": "leg3_light" },
					{ "time": 0.7666, "name": null }
				]
			}
		},
		"bones": {
			"Root_All": {
				"rotate": [
					{ "time": 0, "angle": 0, "curve": "stepped" },
					{ "time": 1.1666, "angle": 0 }
				],
				"translate": [
					{
						"time": 0,
						"x": 0,
						"y": 0,
						"curve": [ 0.255, 0.35, 0.6, 0.7 ]
					},
					{ "time": 0.0666, "x": -27.67, "y": -23.16 },
					{ "time": 0.1333, "x": 20.98, "y": 15.35 },
					{ "time": 0.2333, "x": -19.78, "y": -15.62 },
					{ "time": 0.3666, "x": 14.36, "y": 8.59 },
					{ "time": 0.5666, "x": -3.37, "y": -4.5 },
					{ "time": 0.8666, "x": 5.63, "y": 2.25 },
					{ "time": 1.1666, "x": 0, "y": 0 }
				]
			},
			"Face": {
				"rotate": [
					{ "time": 0, "angle": 0, "curve": "stepped" },
					{ "time": 1.1666, "angle": 0 }
				],
				"translate": [
					{
						"time": 0,
						"x": 0,
						"y": 0,
						"curve": [ 0.286, 0.34, 0.623, 0.67 ]
					},
					{ "time": 0.0666, "x": -5.44, "y": 0 },
					{ "time": 0.1333, "x": -0.44, "y": 0 },
					{ "time": 0.2333, "x": -5.06, "y": 0 },
					{ "time": 0.3666, "x": -2.01, "y": 0 },
					{ "time": 1.1666, "x": 0, "y": 0 }
				]
			},
			"Ship_All": {
				"rotate": [
					{ "time": 0, "angle": 0, "curve": "stepped" },
					{ "time": 1.1666, "angle": 0 }
				],
				"translate": [
					{ "time": 0, "x": 0, "y": 0, "curve": "stepped" },
					{ "time": 1.1666, "x": 0, "y": 0 }
				]
			},
			"Body": {
				"rotate": [
					{ "time": 0, "angle": 0, "curve": "stepped" },
					{ "time": 1.1666, "angle": 0 }
				],
				"translate": [
					{ "time": 0, "x": 0, "y": 0, "curve": "stepped" },
					{ "time": 1.1666, "x": 0, "y": 0 }
				]
			},
			"Damage_Point": {
				"rotate": [
					{ "time": 0.0666, "angle": 0 }
				],
				"translate": [
					{ "time": 0.0666, "x": 0, "y": 0 }
				]
			},
			"Head": {
				"rotate": [
					{ "time": 0, "angle": 0 },
					{ "time": 0.1666, "angle": 6.68 },
					{ "time": 0.4, "angle": -5.58 },
					{ "time": 0.9333, "angle": -3.55 },
					{ "time": 1.1666, "angle": 0 }
				],
				"translate": [
					{ "time": 0, "x": 0, "y": 0, "curve": "stepped" },
					{ "time": 1.1666, "x": 0, "y": 0 }
				]
			},
			"hair_L": {
				"rotate": [
					{ "time": 0, "angle": 0 },
					{ "time": 0.3333, "angle": -23.82 },
					{ "time": 0.6, "angle": 4.48 },
					{ "time": 0.8333, "angle": -13.07 },
					{ "time": 1.1666, "angle": 0 }
				],
				"translate": [
					{ "time": 0, "x": 0, "y": 0, "curve": "stepped" },
					{ "time": 1.1666, "x": 0, "y": 0 }
				]
			},
			"hair_R": {
				"rotate": [
					{ "time": 0, "angle": 0 },
					{ "time": 0.3333, "angle": 28.19 },
					{ "time": 0.6, "angle": -2.57 },
					{ "time": 0.8333, "angle": 13.14 },
					{ "time": 1.1666, "angle": 0 }
				],
				"translate": [
					{ "time": 0, "x": 0, "y": 0, "curve": "stepped" },
					{ "time": 1.1666, "x": 0, "y": 0 }
				]
			},
			"JB_R": {
				"rotate": [
					{ "time": 0, "angle": 0 },
					{ "time": 0.3333, "angle": 14.42 },
					{ "time": 0.8333, "angle": -8.63 },
					{ "time": 1.1666, "angle": 0 }
				],
				"translate": [
					{ "time": 0, "x": 0, "y": 0 },
					{ "time": 0.3333, "x": 13.66, "y": 0 },
					{ "time": 0.8333, "x": 2.25, "y": 4.01 },
					{ "time": 1.1666, "x": 0, "y": 0 }
				]
			},
			"leg1": {
				"rotate": [
					{ "time": 0, "angle": 0 },
					{ "time": 0.3333, "angle": 7.72 },
					{ "time": 0.6666, "angle": -39.28 },
					{ "time": 1.1666, "angle": 0 }
				],
				"translate": [
					{ "time": 0, "x": 0, "y": 0, "curve": "stepped" },
					{ "time": 1.1666, "x": 0, "y": 0 }
				]
			},
			"leg2": {
				"rotate": [
					{ "time": 0, "angle": 0 },
					{ "time": 0.3333, "angle": -14.47 },
					{ "time": 0.6666, "angle": 9.03 },
					{ "time": 1.1666, "angle": 0 }
				],
				"translate": [
					{ "time": 0, "x": 0, "y": 0, "curve": "stepped" },
					{ "time": 1.1666, "x": 0, "y": 0 }
				]
			},
			"leg3": {
				"rotate": [
					{ "time": 0, "angle": 0 },
					{ "time": 0.3333, "angle": -29.42 },
					{ "time": 0.6666, "angle": 34.81 },
					{ "time": 1.1666, "angle": 0 }
				],
				"translate": [
					{ "time": 0, "x": 0, "y": 0, "curve": "stepped" },
					{ "time": 1.1666, "x": 0, "y": 0 }
				]
			},
			"arm": {
				"rotate": [
					{ "time": 0, "angle": 0 },
					{ "time": 0.3333, "angle": -14.81 },
					{ "time": 0.6, "angle": -352.77 },
					{ "time": 0.8333, "angle": -3.43 },
					{ "time": 1.1666, "angle": 0 }
				],
				"translate": [
					{ "time": 0, "x": 0, "y": 0, "curve": "stepped" },
					{ "time": 1.1666, "x": 0, "y": 0 }
				]
			},
			"JB_L": {
				"rotate": [
					{ "time": 0, "angle": 0 },
					{ "time": 0.0666, "angle": -13.26 },
					{ "time": 0.2666, "angle": -9.06 },
					{ "time": 0.5, "angle": -4.98 },
					{ "time": 1, "angle": -14.07 },
					{ "time": 1.1666, "angle": 0 }
				],
				"translate": [
					{ "time": 0, "x": 0, "y": 0 },
					{ "time": 0.0666, "x": 15.27, "y": -87.63 },
					{ "time": 0.2666, "x": 15.11, "y": -53.32 },
					{ "time": 0.5, "x": 21.23, "y": -76.78 },
					{ "time": 1, "x": 4.58, "y": 14.66 },
					{ "time": 1.1666, "x": 0, "y": 0 }
				]
			}
		},
		"events": [
			{ "time": 0.0666, "name": "damage_point" }
		]
	},
	"normal": {
		"slots": {
			"JB_L_light": {
				"attachment": [
					{ "time": 0, "name": null }
				]
			},
			"JB_R_light": {
				"attachment": [
					{ "time": 0, "name": null }
				]
			},
			"Light_Body": {
				"attachment": [
					{ "time": 0, "name": null }
				]
			},
			"Rodney_body_normal": {
				"attachment": [
					{ "time": 0, "name": "Body_Change" }
				]
			},
			"arm_light": {
				"attachment": [
					{ "time": 0, "name": null }
				]
			},
			"fly": {
				"attachment": [
					{ "time": 0, "name": "fly1" },
					{ "time": 0.0666, "name": "fly2" },
					{ "time": 0.1333, "name": "fly3" },
					{ "time": 0.2, "name": "fly1" },
					{ "time": 0.2666, "name": "fly2" },
					{ "time": 0.3333, "name": "fly3" },
					{ "time": 0.4, "name": "fly1" },
					{ "time": 0.4666, "name": "fly2" },
					{ "time": 0.5333, "name": "fly3" },
					{ "time": 0.6, "name": "fly1" },
					{ "time": 0.6666, "name": "fly2" },
					{ "time": 0.7333, "name": "fly3" },
					{ "time": 0.8, "name": "fly1" },
					{ "time": 0.8666, "name": "fly2" },
					{ "time": 0.9333, "name": "fly3" },
					{ "time": 1, "name": "fly1" },
					{ "time": 1.0666, "name": "fly2" },
					{ "time": 1.1333, "name": "fly3" },
					{ "time": 1.2, "name": "fly1" },
					{ "time": 1.2666, "name": "fly2" },
					{ "time": 1.3333, "name": "fly3" },
					{ "time": 1.4, "name": "fly1" },
					{ "time": 1.4666, "name": "fly2" },
					{ "time": 1.5333, "name": "fly3" },
					{ "time": 1.6, "name": "fly1" },
					{ "time": 1.6666, "name": "fly2" },
					{ "time": 1.7333, "name": "fly3" },
					{ "time": 1.8, "name": "fly1" },
					{ "time": 1.8666, "name": "fly2" },
					{ "time": 1.9333, "name": "fly3" },
					{ "time": 2, "name": "fly1" }
				]
			},
			"head_light": {
				"attachment": [
					{ "time": 0, "name": null }
				]
			},
			"leg2_light": {
				"attachment": [
					{ "time": 0, "name": null }
				]
			},
			"leg3_light": {
				"attachment": [
					{ "time": 0, "name": null }
				]
			}
		},
		"bones": {
			"leg3": {
				"rotate": [
					{ "time": 0, "angle": 0 },
					{ "time": 1, "angle": -17.52 },
					{ "time": 2, "angle": 0 }
				],
				"translate": [
					{ "time": 0, "x": 0, "y": 0, "curve": "stepped" },
					{ "time": 2, "x": 0, "y": 0 }
				]
			},
			"leg1": {
				"rotate": [
					{ "time": 0, "angle": 0 },
					{ "time": 1, "angle": 25.68 },
					{ "time": 2, "angle": 0 }
				],
				"translate": [
					{ "time": 0, "x": 0, "y": 0, "curve": "stepped" },
					{ "time": 2, "x": 0, "y": 0 }
				]
			},
			"Head": {
				"rotate": [
					{ "time": 0, "angle": 0 },
					{ "time": 0.5, "angle": -3.17 },
					{ "time": 1, "angle": 0 },
					{ "time": 1.5, "angle": 0.89 },
					{ "time": 2, "angle": 0 }
				],
				"translate": [
					{ "time": 0, "x": 0, "y": 0, "curve": "stepped" },
					{ "time": 1, "x": 0, "y": 0, "curve": "stepped" },
					{ "time": 2, "x": 0, "y": 0 }
				]
			},
			"JB_R": {
				"rotate": [
					{ "time": 0, "angle": 0, "curve": "stepped" },
					{ "time": 2, "angle": 0 }
				],
				"translate": [
					{ "time": 0, "x": 0, "y": 0 },
					{ "time": 1, "x": 21.21, "y": -10.59 },
					{ "time": 2, "x": 0, "y": 0 }
				]
			},
			"leg2": {
				"rotate": [
					{ "time": 0, "angle": 0 },
					{ "time": 1, "angle": -11.92 },
					{ "time": 2, "angle": 0 }
				],
				"translate": [
					{ "time": 0, "x": 0, "y": 0, "curve": "stepped" },
					{ "time": 2, "x": 0, "y": 0 }
				]
			},
			"Ship_All": {
				"rotate": [
					{ "time": 0, "angle": 0, "curve": "stepped" },
					{ "time": 2, "angle": 0 }
				],
				"translate": [
					{ "time": 0, "x": 0, "y": 0, "curve": "stepped" },
					{ "time": 2, "x": 0, "y": 0 }
				]
			},
			"arm": {
				"rotate": [
					{ "time": 0, "angle": 0 },
					{ "time": 1, "angle": 0.36 },
					{ "time": 2, "angle": 0 }
				],
				"translate": [
					{ "time": 0, "x": 0, "y": 0 },
					{ "time": 1, "x": 0.74, "y": 0.71 },
					{ "time": 2, "x": 0, "y": 0 }
				]
			},
			"DL": {
				"rotate": [
					{ "time": 0, "angle": 0 },
					{ "time": 0.6666, "angle": -351.16 },
					{ "time": 1.3333, "angle": -6.87 },
					{ "time": 2, "angle": 0 }
				],
				"translate": [
					{ "time": 0, "x": 0, "y": 0, "curve": "stepped" },
					{ "time": 2, "x": 0, "y": 0 }
				]
			},
			"JB_L": {
				"rotate": [
					{ "time": 0, "angle": 0, "curve": "stepped" },
					{ "time": 2, "angle": 0 }
				],
				"translate": [
					{ "time": 0, "x": 0, "y": 0 },
					{ "time": 1, "x": 23.56, "y": 6.28 },
					{ "time": 2, "x": 0, "y": 0 }
				]
			},
			"Face": {
				"rotate": [
					{ "time": 0, "angle": 0, "curve": "stepped" },
					{ "time": 2, "angle": 0 }
				],
				"translate": [
					{
						"time": 0,
						"x": 0,
						"y": 0,
						"curve": [ 0.307, 0.33, 0.641, 0.67 ]
					},
					{
						"time": 1,
						"x": -1.57,
						"y": -0.02,
						"curve": [ 0.312, 0.33, 0.646, 0.67 ]
					},
					{ "time": 2, "x": 0, "y": 0 }
				]
			},
			"hair_R": {
				"rotate": [
					{ "time": 0, "angle": 0 },
					{ "time": 1, "angle": 11.35 },
					{ "time": 2, "angle": 0 }
				],
				"translate": [
					{ "time": 0, "x": 0, "y": 0, "curve": "stepped" },
					{ "time": 2, "x": 0, "y": 0 }
				]
			},
			"hair_L": {
				"rotate": [
					{ "time": 0, "angle": 0 },
					{ "time": 1, "angle": -12.11 },
					{ "time": 2, "angle": 0 }
				],
				"translate": [
					{ "time": 0, "x": 0, "y": 0, "curve": "stepped" },
					{ "time": 2, "x": 0, "y": 0 }
				]
			},
			"Root_All": {
				"rotate": [
					{ "time": 0, "angle": 0, "curve": "stepped" },
					{ "time": 2, "angle": 0 }
				],
				"translate": [
					{
						"time": 0,
						"x": 0,
						"y": 0,
						"curve": [ 0.255, 0.35, 0.6, 0.7 ]
					},
					{
						"time": 0.5,
						"x": 0,
						"y": -9.82,
						"curve": [ 0.3, 0.39, 0.641, 0.74 ]
					},
					{
						"time": 1,
						"x": 0,
						"y": -15.66,
						"curve": [ 0.322, 0.37, 0.652, 0.7 ]
					},
					{
						"time": 1.5,
						"x": 0,
						"y": -7.79,
						"curve": [ 0.314, 0.36, 0.644, 0.68 ]
					},
					{ "time": 2, "x": 0, "y": 0 }
				]
			},
			"Body": {
				"rotate": [
					{ "time": 0, "angle": 0, "curve": "stepped" },
					{ "time": 2, "angle": 0 }
				],
				"translate": [
					{ "time": 0, "x": 0, "y": 0, "curve": "stepped" },
					{ "time": 2, "x": 0, "y": 0 }
				]
			}
		}
	},
	"throw": {
		"slots": {
			"JB_L_light": {
				"attachment": [
					{ "time": 0, "name": null }
				]
			},
			"JB_R_light": {
				"attachment": [
					{ "time": 0, "name": null }
				]
			},
			"Light_Body": {
				"attachment": [
					{ "time": 0, "name": null }
				]
			},
			"Rodney_body_normal": {
				"attachment": [
					{ "time": 0, "name": "Body_Change" }
				]
			},
			"arm_light": {
				"attachment": [
					{ "time": 0, "name": null }
				]
			},
			"fly": {
				"attachment": [
					{ "time": 0, "name": "fly1" },
					{ "time": 0.0666, "name": "fly2" },
					{ "time": 0.1333, "name": "fly3" },
					{ "time": 0.2, "name": "fly1" },
					{ "time": 0.2666, "name": "fly2" },
					{ "time": 0.3333, "name": "fly3" },
					{ "time": 0.4, "name": "fly1" },
					{ "time": 0.4666, "name": "fly2" },
					{ "time": 0.5333, "name": "fly3" },
					{ "time": 0.6, "name": "fly1" },
					{ "time": 0.6666, "name": "fly2" },
					{ "time": 0.7333, "name": "fly3" },
					{ "time": 0.8, "name": "fly1" },
					{ "time": 0.8666, "name": "fly2" },
					{ "time": 0.9333, "name": "fly3" },
					{ "time": 1, "name": "fly1" },
					{ "time": 1.0666, "name": "fly2" },
					{ "time": 1.1333, "name": "fly3" },
					{ "time": 1.2, "name": "fly1" },
					{ "time": 1.2666, "name": "fly2" },
					{ "time": 1.3333, "name": "fly3" }
				]
			},
			"head_light": {
				"attachment": [
					{ "time": 0, "name": null }
				]
			},
			"leg2_light": {
				"attachment": [
					{ "time": 0, "name": null }
				]
			},
			"leg3_light": {
				"attachment": [
					{ "time": 0, "name": null }
				]
			}
		},
		"bones": {
			"Face": {
				"rotate": [
					{ "time": 0, "angle": 0, "curve": "stepped" },
					{ "time": 1.3333, "angle": 0 }
				],
				"translate": [
					{
						"time": 0,
						"x": 0,
						"y": 0,
						"curve": [ 0.286, 0.34, 0.623, 0.67 ]
					},
					{ "time": 0.3333, "x": 0, "y": -0.7 },
					{ "time": 0.5666, "x": 0, "y": 0.14 },
					{ "time": 1.3333, "x": 0, "y": 0 }
				]
			},
			"Root_All": {
				"rotate": [
					{ "time": 0, "angle": 0, "curve": "stepped" },
					{ "time": 1.3333, "angle": 0 }
				],
				"translate": [
					{
						"time": 0,
						"x": 0,
						"y": 0,
						"curve": [ 0.255, 0.35, 0.6, 0.7 ]
					},
					{ "time": 0.6333, "x": -66.66, "y": 0 },
					{ "time": 0.9666, "x": -10.42, "y": -12.42 },
					{ "time": 1.3333, "x": 0, "y": 0 }
				]
			},
			"Body": {
				"rotate": [
					{
						"time": 0,
						"angle": 0,
						"curve": [ 0.219, 0.41, 0.591, 0.77 ]
					},
					{
						"time": 0.6333,
						"angle": -3.17,
						"curve": [ 0.32, 0.36, 0.653, 0.69 ]
					},
					{
						"time": 0.7333,
						"angle": 0.61,
						"curve": [ 0.319, 0.37, 0.652, 0.7 ]
					},
					{
						"time": 0.9666,
						"angle": -1.72,
						"curve": [ 0.32, 0.38, 0.654, 0.71 ]
					},
					{ "time": 1.3333, "angle": 0 }
				],
				"translate": [
					{
						"time": 0,
						"x": 0,
						"y": 0,
						"curve": [ 0.219, 0.41, 0.591, 0.77 ]
					},
					{
						"time": 0.3333,
						"x": -15.86,
						"y": 0,
						"curve": [ 0.193, 0.39, 0.58, 0.9 ]
					},
					{
						"time": 0.5666,
						"x": -19.36,
						"y": 0,
						"curve": [ 0.142, 0.42, 0.647, 0.94 ]
					},
					{ "time": 0.6333, "x": 92.18, "y": -6.3 },
					{ "time": 0.7333, "x": 111.33, "y": 0 },
					{ "time": 1.3333, "x": 0, "y": 0 }
				]
			},
			"Ship_All": {
				"rotate": [
					{ "time": 0, "angle": 0, "curve": "stepped" },
					{ "time": 1.3333, "angle": 0 }
				],
				"translate": [
					{ "time": 0, "x": 0, "y": 0, "curve": "stepped" },
					{ "time": 1.3333, "x": 0, "y": 0 }
				]
			},
			"Throw_Point": {
				"rotate": [
					{ "time": 0.6333, "angle": 0 }
				],
				"translate": [
					{ "time": 0.6333, "x": 0, "y": 0 }
				]
			},
			"Head": {
				"rotate": [
					{ "time": 0, "angle": 0 },
					{ "time": 0.3333, "angle": 0.25 },
					{ "time": 0.8333, "angle": -5.25 },
					{ "time": 1.3333, "angle": 0 }
				],
				"translate": [
					{ "time": 0, "x": 0, "y": 0, "curve": "stepped" },
					{ "time": 1.3333, "x": 0, "y": 0 }
				]
			},
			"JB_R": {
				"rotate": [
					{ "time": 0, "angle": 0 },
					{ "time": 0.5, "angle": 9.43 },
					{ "time": 0.7666, "angle": -17.01 },
					{ "time": 1, "angle": -4.95 },
					{ "time": 1.3333, "angle": 0 }
				],
				"translate": [
					{ "time": 0, "x": 0, "y": 0 },
					{ "time": 0.5, "x": 14.33, "y": 3.1 },
					{ "time": 1, "x": -12.18, "y": -11.97 },
					{ "time": 1.3333, "x": 0, "y": 0 }
				]
			},
			"leg3": {
				"rotate": [
					{ "time": 0, "angle": 0 },
					{ "time": 0.3333, "angle": -39.67 },
					{ "time": 0.6666, "angle": 25.45 },
					{ "time": 1.3333, "angle": 0 }
				],
				"translate": [
					{ "time": 0, "x": 0, "y": 0, "curve": "stepped" },
					{ "time": 1.3333, "x": 0, "y": 0 }
				]
			},
			"leg2": {
				"rotate": [
					{ "time": 0, "angle": 0 },
					{ "time": 0.3333, "angle": -33.58 },
					{ "time": 0.5, "angle": -32.54 },
					{ "time": 0.6666, "angle": 18.84 },
					{ "time": 1.3333, "angle": 0 }
				],
				"translate": [
					{ "time": 0, "x": 0, "y": 0, "curve": "stepped" },
					{ "time": 1.3333, "x": 0, "y": 0 }
				]
			},
			"arm": {
				"rotate": [
					{ "time": 0, "angle": 0 },
					{ "time": 0.3333, "angle": -11.15 },
					{ "time": 0.8333, "angle": -344.41 },
					{ "time": 1.3333, "angle": 0 }
				],
				"translate": [
					{ "time": 0, "x": 0, "y": 0, "curve": "stepped" },
					{ "time": 1.3333, "x": 0, "y": 0 }
				]
			},
			"JB_L": {
				"rotate": [
					{ "time": 0, "angle": 0 },
					{ "time": 0.3333, "angle": -12.01 },
					{ "time": 1.3333, "angle": 0 }
				],
				"translate": [
					{ "time": 0, "x": 0, "y": 0 },
					{ "time": 0.3333, "x": 21.12, "y": -5.66 },
					{ "time": 0.6666, "x": 8.85, "y": -16.8 },
					{ "time": 1.3333, "x": 0, "y": 0 }
				]
			},
			"leg1": {
				"rotate": [
					{ "time": 0, "angle": 0 },
					{ "time": 0.3333, "angle": 32.37 },
					{ "time": 0.6666, "angle": -5.5 },
					{ "time": 1.3333, "angle": 0 }
				],
				"translate": [
					{ "time": 0, "x": 0, "y": 0, "curve": "stepped" },
					{ "time": 1.3333, "x": 0, "y": 0 }
				]
			},
			"DL": {
				"rotate": [
					{ "time": 0, "angle": 0 },
					{ "time": 0.5, "angle": -22.34 },
					{ "time": 0.8333, "angle": -344.09 },
					{ "time": 1.3333, "angle": 0 }
				],
				"translate": [
					{ "time": 0, "x": 0, "y": 0, "curve": "stepped" },
					{ "time": 1.3333, "x": 0, "y": 0 }
				]
			},
			"hair_R": {
				"rotate": [
					{ "time": 0, "angle": 0 },
					{ "time": 0.5, "angle": 334.5 },
					{ "time": 1, "angle": 14.72 },
					{ "time": 1.3333, "angle": 0 }
				],
				"translate": [
					{ "time": 0, "x": 0, "y": 0, "curve": "stepped" },
					{ "time": 1.3333, "x": 0, "y": 0 }
				]
			},
			"hair_L": {
				"rotate": [
					{ "time": 0, "angle": 0 },
					{ "time": 0.5, "angle": -25.28 },
					{ "time": 1, "angle": 16.63 },
					{ "time": 1.3333, "angle": 0 }
				],
				"translate": [
					{ "time": 0, "x": 0, "y": 0, "curve": "stepped" },
					{ "time": 1.3333, "x": 0, "y": 0 }
				]
			}
		},
		"events": [
			{ "time": 0.5666, "name": "throw_point" }
		]
	},
	"wreck": {
		"slots": {
			"JB_L_light": {
				"attachment": [
					{ "time": 0, "name": null }
				]
			},
			"JB_R_light": {
				"attachment": [
					{ "time": 0, "name": null }
				]
			},
			"Light_Body": {
				"attachment": [
					{ "time": 0, "name": null }
				]
			},
			"Rodney_body_normal": {
				"attachment": [
					{ "time": 0, "name": "Body_Change" }
				]
			},
			"Rodney_eyes_normal": {
				"attachment": [
					{ "time": 0, "name": "Rodney_eyes_damage" }
				]
			},
			"arm_light": {
				"attachment": [
					{ "time": 0, "name": null }
				]
			},
			"fly": {
				"attachment": [
					{ "time": 0, "name": "fly1" },
					{ "time": 0.0666, "name": "fly2" },
					{ "time": 0.1333, "name": "fly3" },
					{ "time": 0.2, "name": "fly1" },
					{ "time": 0.2666, "name": "fly2" },
					{ "time": 0.3333, "name": "fly3" },
					{ "time": 0.4, "name": "fly1" },
					{ "time": 0.4666, "name": "fly2" },
					{ "time": 0.5333, "name": "fly3" },
					{ "time": 0.6, "name": "fly1" },
					{ "time": 0.6666, "name": "fly2" },
					{ "time": 0.7333, "name": "fly3" },
					{ "time": 0.8, "name": "fly1" },
					{ "time": 0.8666, "name": "fly2" },
					{ "time": 0.9333, "name": "fly3" },
					{ "time": 1, "name": "fly1" },
					{ "time": 1.0666, "name": "fly2" },
					{ "time": 1.1333, "name": "fly3" },
					{ "time": 1.2, "name": "fly1" },
					{ "time": 1.2666, "name": "fly2" },
					{ "time": 1.3333, "name": "fly3" },
					{ "time": 1.4, "name": "fly1" },
					{ "time": 1.4666, "name": "fly2" },
					{ "time": 1.5333, "name": "fly3" },
					{ "time": 1.6, "name": "fly1" },
					{ "time": 1.6666, "name": "fly2" },
					{ "time": 1.7333, "name": "fly3" },
					{ "time": 1.8, "name": "fly1" },
					{ "time": 1.8666, "name": "fly2" },
					{ "time": 1.9333, "name": "fly3" },
					{ "time": 2, "name": "fly1" }
				]
			},
			"head_light": {
				"attachment": [
					{ "time": 0, "name": null }
				]
			},
			"leg2_light": {
				"attachment": [
					{ "time": 0, "name": null }
				]
			},
			"leg3_light": {
				"attachment": [
					{ "time": 0, "name": null }
				]
			}
		},
		"bones": {
			"JB_L": {
				"rotate": [
					{ "time": 0, "angle": 0 },
					{ "time": 0.3333, "angle": -16.46 },
					{ "time": 0.6666, "angle": -20.42 },
					{ "time": 1, "angle": -27.34 },
					{ "time": 1.3333, "angle": -20.06 },
					{ "time": 1.6666, "angle": -24.07 },
					{ "time": 2, "angle": -15.09 }
				],
				"translate": [
					{ "time": 0, "x": 0, "y": 0 },
					{ "time": 0.3333, "x": 210.35, "y": -58.85 },
					{ "time": 0.6666, "x": 323.27, "y": -87.03 },
					{ "time": 1, "x": 342.35, "y": -95.96 },
					{ "time": 1.3333, "x": 375.39, "y": -43.92 },
					{ "time": 1.6666, "x": 442.12, "y": -83.91 },
					{ "time": 2, "x": 522.08, "y": -137.13 }
				]
			},
			"Ship_All": {
				"rotate": [
					{ "time": 0, "angle": 0, "curve": "stepped" },
					{ "time": 2, "angle": 0 }
				],
				"translate": [
					{ "time": 0, "x": 0, "y": 0, "curve": "stepped" },
					{ "time": 2, "x": 0, "y": 0 }
				]
			},
			"JB_R": {
				"rotate": [
					{ "time": 0, "angle": 0 },
					{ "time": 0.0666, "angle": -13.82 },
					{ "time": 0.2666, "angle": 16.93 },
					{ "time": 0.5, "angle": -19.4 },
					{ "time": 0.6666, "angle": 14.26 },
					{ "time": 1, "angle": -25.12 },
					{ "time": 1.3333, "angle": 20.79 },
					{ "time": 1.6666, "angle": -24.9 },
					{ "time": 2, "angle": 18.49 }
				],
				"translate": [
					{ "time": 0, "x": 0, "y": 0 },
					{ "time": 0.0666, "x": -20.29, "y": 9.74 },
					{ "time": 0.2666, "x": -34.71, "y": -18.73 },
					{ "time": 0.5, "x": -68.37, "y": 9.58 },
					{ "time": 0.6666, "x": -94.78, "y": -15.63 },
					{ "time": 1, "x": -150.03, "y": 32.01 },
					{ "time": 1.3333, "x": -173.18, "y": -23.68 },
					{ "time": 1.6666, "x": -281.47, "y": 13.42 },
					{ "time": 2, "x": -341.64, "y": -61.35 }
				]
			},
			"hair_L": {
				"rotate": [
					{ "time": 0, "angle": 0 },
					{ "time": 1, "angle": -12.11 },
					{ "time": 2, "angle": 0 }
				],
				"translate": [
					{ "time": 0, "x": 0, "y": 0, "curve": "stepped" },
					{ "time": 2, "x": 0, "y": 0 }
				]
			},
			"DL": {
				"rotate": [
					{ "time": 0, "angle": 0 },
					{ "time": 0.6666, "angle": -351.16 },
					{ "time": 1.3333, "angle": -6.87 },
					{ "time": 2, "angle": 0 }
				],
				"translate": [
					{ "time": 0, "x": 0, "y": 0, "curve": "stepped" },
					{ "time": 2, "x": 0, "y": 0 }
				]
			},
			"Body": {
				"rotate": [
					{ "time": 0, "angle": 0, "curve": "stepped" },
					{ "time": 2, "angle": 0 }
				],
				"translate": [
					{ "time": 0, "x": 0, "y": 0, "curve": "stepped" },
					{ "time": 2, "x": 0, "y": 0 }
				]
			},
			"Face": {
				"rotate": [
					{ "time": 0, "angle": 0, "curve": "stepped" },
					{ "time": 2, "angle": 0 }
				],
				"translate": [
					{
						"time": 0,
						"x": 0,
						"y": 0,
						"curve": [ 0.307, 0.33, 0.641, 0.67 ]
					},
					{
						"time": 1,
						"x": -1.57,
						"y": -0.02,
						"curve": [ 0.312, 0.33, 0.646, 0.67 ]
					},
					{ "time": 2, "x": 0, "y": 0 }
				]
			},
			"hair_R": {
				"rotate": [
					{ "time": 0, "angle": 0 },
					{ "time": 1, "angle": 11.35 },
					{ "time": 2, "angle": 0 }
				],
				"translate": [
					{ "time": 0, "x": 0, "y": 0, "curve": "stepped" },
					{ "time": 2, "x": 0, "y": 0 }
				]
			},
			"arm": {
				"rotate": [
					{ "time": 0, "angle": 0 },
					{ "time": 1, "angle": 0.36 },
					{ "time": 2, "angle": 0 }
				],
				"translate": [
					{ "time": 0, "x": 0, "y": 0 },
					{ "time": 1, "x": 0.74, "y": 0.71 },
					{ "time": 2, "x": 0, "y": 0 }
				]
			},
			"leg1": {
				"rotate": [
					{ "time": 0, "angle": 0 },
					{ "time": 1, "angle": 25.68 },
					{ "time": 2, "angle": 0 }
				],
				"translate": [
					{ "time": 0, "x": 0, "y": 0, "curve": "stepped" },
					{ "time": 2, "x": 0, "y": 0 }
				]
			},
			"Head": {
				"rotate": [
					{ "time": 0, "angle": 0 },
					{ "time": 0.5, "angle": -3.17 },
					{ "time": 1, "angle": 0 },
					{ "time": 1.5, "angle": 0.89 },
					{ "time": 2, "angle": 0 }
				],
				"translate": [
					{ "time": 0, "x": 0, "y": 0, "curve": "stepped" },
					{ "time": 1, "x": 0, "y": 0, "curve": "stepped" },
					{ "time": 2, "x": 0, "y": 0 }
				]
			},
			"Root_All": {
				"rotate": [
					{ "time": 0, "angle": 0, "curve": "stepped" },
					{ "time": 2, "angle": 0 }
				],
				"translate": [
					{
						"time": 0,
						"x": 0,
						"y": 0,
						"curve": [ 0.255, 0.35, 0.6, 0.7 ]
					},
					{
						"time": 0.5,
						"x": 0,
						"y": -9.82,
						"curve": [ 0.3, 0.39, 0.641, 0.74 ]
					},
					{
						"time": 1,
						"x": 0,
						"y": -15.66,
						"curve": [ 0.322, 0.37, 0.652, 0.7 ]
					},
					{
						"time": 1.5,
						"x": 0,
						"y": -7.79,
						"curve": [ 0.314, 0.36, 0.644, 0.68 ]
					},
					{ "time": 2, "x": 0, "y": 0 }
				]
			},
			"leg2": {
				"rotate": [
					{ "time": 0, "angle": 0 },
					{ "time": 1, "angle": -11.92 },
					{ "time": 2, "angle": 0 }
				],
				"translate": [
					{ "time": 0, "x": 0, "y": 0, "curve": "stepped" },
					{ "time": 2, "x": 0, "y": 0 }
				]
			},
			"leg3": {
				"rotate": [
					{ "time": 0, "angle": 0 },
					{ "time": 1, "angle": -17.52 },
					{ "time": 2, "angle": 0 }
				],
				"translate": [
					{ "time": 0, "x": 0, "y": 0, "curve": "stepped" },
					{ "time": 2, "x": 0, "y": 0 }
				]
			}
		}
	}
}
}