{
"skeleton": { "hash": "nzwB+TpRdUNTLECPSe514m133ic", "spine": "3.2.01", "width": 615.11, "height": 1101.83, "images": "" },
"bones": [
	{ "name": "root" },
	{ "name": "bone", "parent": "root" },
	{ "name": "bone2", "parent": "bone" },
	{ "name": "TS", "parent": "bone2" },
	{ "name": "1", "parent": "TS" },
	{ "name": "H1", "parent": "1", "x": -73.77, "y": 499.85 },
	{ "name": "H2", "parent": "1", "x": 29.51, "y": 438.98 },
	{ "name": "H3", "parent": "1", "x": 59.02, "y": 485.09 },
	{ "name": "PZ", "parent": "TS" },
	{ "name": "PZ2", "parent": "TS" },
	{ "name": "Q2", "parent": "TS", "x": -23.43, "y": 120.8 },
	{ "name": "T1", "parent": "1", "y": 645.49 },
	{ "name": "T2", "parent": "TS" },
	{ "name": "TDH1", "parent": "1", "x": 46.87, "y": 555.34 },
	{ "name": "TDH2", "parent": "1", "x": -10.81, "y": 555.34 },
	{ "name": "TDH3", "parent": "1", "x": -25.24, "y": 576.97 },
	{ "name": "TDQ", "parent": "1", "y": 690.56 },
	{ "name": "V1", "parent": "1", "x": -117.19, "y": 764.49 },
	{ "name": "V2", "parent": "TS", "x": -66.71, "y": 117.19 }
],
"slots": [
	{ "name": "PZ", "bone": "PZ", "attachment": "PZ" },
	{ "name": "PZ2", "bone": "PZ2", "attachment": "PZ2" },
	{ "name": "T2", "bone": "T2", "attachment": "T2" },
	{ "name": "Q2", "bone": "Q2", "attachment": "Q2" },
	{ "name": "V2", "bone": "V2", "attachment": "V2" },
	{ "name": "H1", "bone": "H1", "attachment": "H1" },
	{ "name": "TDH1", "bone": "TDH1", "attachment": "TDH1" },
	{ "name": "H2", "bone": "H2", "attachment": "H2" },
	{ "name": "TDH2", "bone": "TDH2", "attachment": "TDH2" },
	{ "name": "TDH3", "bone": "TDH3", "attachment": "TDH3" },
	{ "name": "T1", "bone": "T1", "attachment": "T1" },
	{ "name": "H3", "bone": "H3", "attachment": "H3" },
	{ "name": "TDQ", "bone": "TDQ", "attachment": "TDQ" },
	{ "name": "V1", "bone": "V1", "attachment": "V1" }
],
"skins": {
	"default": {
		"H1": {
			"H1": { "x": 65.17, "y": 49.29, "width": 600, "height": 600 }
		},
		"H2": {
			"H2": { "x": -38.11, "y": 110.16, "width": 600, "height": 600 }
		},
		"H3": {
			"H3": { "x": -67.62, "y": 64.05, "width": 600, "height": 600 }
		},
		"PZ": {
			"PZ": { "x": 6.5, "y": 51.28, "width": 600, "height": 600 }
		},
		"PZ2": {
			"PZ2": { "x": -8.6, "y": 47.31, "width": 600, "height": 600 }
		},
		"Q2": {
			"Q2": { "x": 14.83, "y": -73.48, "width": 600, "height": 600 }
		},
		"T1": {
			"T1": { "x": -8.6, "y": -96.34, "width": 600, "height": 600 }
		},
		"T2": {
			"T2": { "x": -8.6, "y": 47.31, "width": 600, "height": 600 },
			"T3": { "x": -8.6, "y": 47.31, "width": 600, "height": 600 },
			"T4": { "x": -8.6, "y": 47.31, "width": 600, "height": 600 }
		},
		"TDH1": {
			"TDH1": { "x": -55.48, "y": -6.19, "width": 600, "height": 600 }
		},
		"TDH2": {
			"TDH2": { "x": 2.21, "y": -6.19, "width": 600, "height": 600 }
		},
		"TDH3": {
			"TDH3": { "x": 16.63, "y": -27.83, "width": 600, "height": 600 }
		},
		"TDQ": {
			"TDQ": { "x": -8.6, "y": -141.42, "width": 600, "height": 600 }
		},
		"V1": {
			"V1": { "x": 108.59, "y": -215.34, "width": 600, "height": 600 }
		},
		"V2": {
			"V2": { "x": 58.11, "y": -69.88, "width": 600, "height": 600 }
		}
	}
},
"animations": {
	"eat": {
		"slots": {
			"H1": {
				"color": [
					{ "time": 0, "color": "ffffff00" }
				]
			},
			"H2": {
				"color": [
					{ "time": 0, "color": "ffffff00" }
				]
			},
			"H3": {
				"color": [
					{ "time": 0, "color": "ffffff00" }
				]
			},
			"Q2": {
				"color": [
					{ "time": 0.3333, "color": "ffffffff" },
					{ "time": 0.5, "color": "ffffffc1" },
					{ "time": 0.6666, "color": "ffffffed" },
					{ "time": 0.8333, "color": "ffffff00" }
				]
			},
			"T1": {
				"color": [
					{ "time": 0, "color": "ffffff00" }
				]
			},
			"T2": {
				"color": [
					{ "time": 0.1666, "color": "ffffffff" },
					{ "time": 0.5, "color": "ffffffa4" },
					{ "time": 0.8333, "color": "ffffffe4" },
					{ "time": 1.1666, "color": "ffffffb1" },
					{ "time": 1.5, "color": "ffffffe9" },
					{ "time": 1.8333, "color": "ffffffb1" },
					{ "time": 2.1666, "color": "ffffffff" },
					{ "time": 2.5, "color": "ffffffbf" },
					{ "time": 2.8333, "color": "fffffff7" },
					{ "time": 3.1666, "color": "ffffffa5" },
					{ "time": 3.5, "color": "fffffff2" }
				],
				"attachment": [
					{ "time": 0, "name": "T2" },
					{ "time": 1.8333, "name": "T3" },
					{ "time": 3.1666, "name": "T4" }
				]
			},
			"TDH1": {
				"color": [
					{ "time": 0, "color": "ffffff00" }
				]
			},
			"TDH2": {
				"color": [
					{ "time": 0, "color": "ffffff00" }
				]
			},
			"TDH3": {
				"color": [
					{ "time": 0, "color": "ffffff00" }
				]
			},
			"TDQ": {
				"color": [
					{ "time": 0, "color": "ffffff00" }
				]
			},
			"V1": {
				"color": [
					{ "time": 0, "color": "ffffff00" }
				]
			}
		},
		"bones": {
			"PZ": {
				"rotate": [
					{ "time": 0, "angle": 0 }
				],
				"translate": [
					{ "time": 0, "x": 0, "y": 0 }
				],
				"scale": [
					{ "time": 0, "x": 1, "y": 1 }
				]
			},
			"TS": {
				"rotate": [
					{ "time": 0, "angle": 0, "curve": "stepped" },
					{ "time": 3.6666, "angle": 0 }
				],
				"translate": [
					{ "time": 0, "x": 0, "y": 0 }
				],
				"scale": [
					{ "time": 0, "x": 1, "y": 1 }
				]
			},
			"T2": {
				"scale": [
					{ "time": 0, "x": 1, "y": 1 },
					{ "time": 1.7666, "x": 0.959, "y": 0.959 },
					{ "time": 1.8333, "x": 1, "y": 1 },
					{ "time": 3.1, "x": 0.959, "y": 0.959 },
					{ "time": 3.1666, "x": 1, "y": 1 },
					{ "time": 3.3333, "x": 1.04, "y": 1.04 },
					{ "time": 3.5, "x": 1, "y": 1 }
				]
			},
			"Q2": {
				"rotate": [
					{ "time": 0, "angle": 0, "curve": "stepped" },
					{ "time": 1.8, "angle": 0 }
				],
				"translate": [
					{ "time": 0, "x": 0, "y": 0, "curve": "stepped" },
					{ "time": 1.8, "x": 0, "y": 0 },
					{ "time": 1.8333, "x": 0, "y": -18.9 },
					{ "time": 2, "x": 0, "y": -22.91 },
					{ "time": 2.1666, "x": 0, "y": -18.9, "curve": "stepped" },
					{ "time": 3.1333, "x": 0, "y": -18.9 },
					{ "time": 3.1666, "x": 0, "y": -36.11 },
					{ "time": 3.3333, "x": 0, "y": -40.12 },
					{ "time": 3.5, "x": 0, "y": -36.11 }
				]
			},
			"V2": {
				"rotate": [
					{ "time": 0, "angle": 0 },
					{ "time": 1.1666, "angle": -4.94 },
					{ "time": 1.8, "angle": 0 },
					{ "time": 2, "angle": -10.16 },
					{ "time": 2.6666, "angle": -0.43 },
					{ "time": 3.1333, "angle": -6.83 },
					{ "time": 3.1666, "angle": 0 },
					{ "time": 3.4333, "angle": -3.94 },
					{ "time": 3.6, "angle": -2.44 }
				],
				"translate": [
					{ "time": 0, "x": 0, "y": 0, "curve": "stepped" },
					{ "time": 1.8, "x": 0, "y": 0 },
					{ "time": 1.8333, "x": 0, "y": -21.22, "curve": "stepped" },
					{ "time": 3.1333, "x": 0, "y": -21.22 },
					{ "time": 3.1666, "x": 0, "y": -40.12 }
				]
			}
		}
	},
	"normal": {
		"slots": {
			"H1": {
				"color": [
					{ "time": 0, "color": "ffffff00" }
				]
			},
			"H2": {
				"color": [
					{ "time": 0, "color": "ffffff00" }
				]
			},
			"H3": {
				"color": [
					{ "time": 0, "color": "ffffff00" }
				]
			},
			"T1": {
				"color": [
					{ "time": 0, "color": "ffffff00" }
				]
			},
			"TDH1": {
				"color": [
					{ "time": 0, "color": "ffffff00" }
				]
			},
			"TDH2": {
				"color": [
					{ "time": 0, "color": "ffffff00" }
				]
			},
			"TDH3": {
				"color": [
					{ "time": 0, "color": "ffffff00" }
				]
			},
			"TDQ": {
				"color": [
					{ "time": 0, "color": "ffffff00" }
				]
			},
			"V1": {
				"color": [
					{ "time": 0, "color": "ffffff00" }
				]
			}
		},
		"bones": {
			"PZ": {
				"rotate": [
					{ "time": 0, "angle": 0, "curve": "stepped" },
					{ "time": 1, "angle": 0 }
				],
				"translate": [
					{ "time": 0, "x": 0, "y": 0, "curve": "stepped" },
					{ "time": 1, "x": 0, "y": 0 }
				],
				"scale": [
					{ "time": 0, "x": 1, "y": 1, "curve": "stepped" },
					{ "time": 1, "x": 1, "y": 1 }
				]
			},
			"TS": {
				"rotate": [
					{ "time": 0, "angle": 0, "curve": "stepped" },
					{ "time": 2, "angle": 0 }
				],
				"translate": [
					{ "time": 0, "x": 0, "y": 0, "curve": "stepped" },
					{ "time": 2, "x": 0, "y": 0 }
				],
				"scale": [
					{ "time": 0, "x": 1, "y": 1 },
					{ "time": 1, "x": 0.99, "y": 0.99 },
					{ "time": 2, "x": 1, "y": 1 }
				]
			},
			"V2": {
				"rotate": [
					{ "time": 0, "angle": 0 },
					{ "time": 1, "angle": -6.44 },
					{ "time": 2, "angle": 0 }
				]
			}
		}
	},
	"normal2": {
		"slots": {
			"H1": {
				"color": [
					{ "time": 0, "color": "ffffff00" }
				]
			},
			"H2": {
				"color": [
					{ "time": 0, "color": "ffffff00" }
				]
			},
			"H3": {
				"color": [
					{ "time": 0, "color": "ffffff00" }
				]
			},
			"PZ": {
				"attachment": [
					{ "time": 0, "name": "PZ" }
				]
			},
			"Q2": {
				"color": [
					{ "time": 0, "color": "ffffff00" }
				]
			},
			"T1": {
				"color": [
					{ "time": 0, "color": "ffffff00" }
				]
			},
			"T2": {
				"attachment": [
					{ "time": 0, "name": "T4" }
				]
			},
			"TDH1": {
				"color": [
					{ "time": 0, "color": "ffffff00" }
				]
			},
			"TDH2": {
				"color": [
					{ "time": 0, "color": "ffffff00" }
				]
			},
			"TDH3": {
				"color": [
					{ "time": 0, "color": "ffffff00" }
				]
			},
			"TDQ": {
				"color": [
					{ "time": 0, "color": "ffffff00" }
				]
			},
			"V1": {
				"color": [
					{ "time": 0, "color": "ffffff00" }
				]
			}
		},
		"bones": {
			"PZ": {
				"rotate": [
					{ "time": 0, "angle": 0, "curve": "stepped" },
					{ "time": 1, "angle": 0 }
				],
				"translate": [
					{ "time": 0, "x": 0, "y": 0, "curve": "stepped" },
					{ "time": 1, "x": 0, "y": 0 }
				],
				"scale": [
					{ "time": 0, "x": 1, "y": 1, "curve": "stepped" },
					{ "time": 1, "x": 1, "y": 1 }
				]
			},
			"TS": {
				"rotate": [
					{ "time": 0, "angle": 0, "curve": "stepped" },
					{ "time": 2, "angle": 0 }
				],
				"translate": [
					{ "time": 0, "x": 0, "y": 0, "curve": "stepped" },
					{ "time": 2, "x": 0, "y": 0 }
				],
				"scale": [
					{ "time": 0, "x": 1, "y": 1 },
					{ "time": 1, "x": 0.99, "y": 0.99 },
					{ "time": 2, "x": 1, "y": 1 }
				]
			},
			"V2": {
				"rotate": [
					{ "time": 0, "angle": 0 },
					{ "time": 1, "angle": -8.09 },
					{ "time": 2, "angle": 0 }
				],
				"translate": [
					{ "time": 0, "x": 0, "y": -40.12, "curve": "stepped" },
					{ "time": 2, "x": 0, "y": -40.12 }
				]
			},
			"Q2": {
				"translate": [
					{ "time": 0, "x": 0, "y": -36.11, "curve": "stepped" },
					{ "time": 2, "x": 0, "y": -36.11 }
				]
			}
		}
	},
	"start": {
		"slots": {
			"H1": {
				"color": [
					{ "time": 0, "color": "ffffff00", "curve": "stepped" },
					{ "time": 0.3333, "color": "ffffff00" },
					{ "time": 0.5, "color": "ffffffff", "curve": "stepped" },
					{ "time": 1, "color": "ffffffff" },
					{ "time": 1.1666, "color": "ffffff00" }
				]
			},
			"H2": {
				"color": [
					{ "time": 0, "color": "ffffff00", "curve": "stepped" },
					{ "time": 0.3333, "color": "ffffff00" },
					{ "time": 0.5, "color": "ffffffff", "curve": "stepped" },
					{ "time": 1, "color": "ffffffff" },
					{ "time": 1.1666, "color": "ffffff00" }
				]
			},
			"H3": {
				"color": [
					{ "time": 0, "color": "ffffff00", "curve": "stepped" },
					{ "time": 0.3333, "color": "ffffff00" },
					{ "time": 0.5, "color": "ffffffff", "curve": "stepped" },
					{ "time": 1, "color": "ffffffff" },
					{ "time": 1.1666, "color": "ffffff00" }
				]
			},
			"PZ": {
				"color": [
					{ "time": 0, "color": "ffffff00" },
					{ "time": 0.2666, "color": "ffffffff" }
				]
			},
			"PZ2": {
				"color": [
					{ "time": 0, "color": "ffffff00" },
					{ "time": 0.3333, "color": "ffffffff" }
				]
			},
			"Q2": {
				"color": [
					{ "time": 0, "color": "ffffff00", "curve": "stepped" },
					{ "time": 1.3333, "color": "ffffff00" },
					{ "time": 1.5, "color": "ffffffff" }
				]
			},
			"T1": {
				"color": [
					{ "time": 0, "color": "ffffff00", "curve": "stepped" },
					{ "time": 0.1666, "color": "ffffff00" },
					{ "time": 0.3333, "color": "ffffffff", "curve": "stepped" },
					{ "time": 0.8333, "color": "ffffffff" },
					{ "time": 1, "color": "ffffff00" }
				]
			},
			"T2": {
				"color": [
					{ "time": 0, "color": "ffffff00", "curve": "stepped" },
					{ "time": 0.8, "color": "ffffff00" },
					{ "time": 0.8666, "color": "ffffff24" },
					{ "time": 1, "color": "ffffffff" }
				]
			},
			"TDH1": {
				"color": [
					{ "time": 0, "color": "ffffff00", "curve": "stepped" },
					{ "time": 0.3333, "color": "ffffff00" },
					{ "time": 0.5, "color": "ffffffff", "curve": "stepped" },
					{ "time": 1, "color": "ffffffff" },
					{ "time": 1.1666, "color": "ffffff00" }
				]
			},
			"TDH2": {
				"color": [
					{ "time": 0, "color": "ffffff00", "curve": "stepped" },
					{ "time": 0.3333, "color": "ffffff00" },
					{ "time": 0.5, "color": "ffffffff", "curve": "stepped" },
					{ "time": 1, "color": "ffffffff" },
					{ "time": 1.1666, "color": "ffffff00" }
				]
			},
			"TDH3": {
				"color": [
					{ "time": 0, "color": "ffffff00", "curve": "stepped" },
					{ "time": 0.3333, "color": "ffffff00" },
					{ "time": 0.5, "color": "ffffffff", "curve": "stepped" },
					{ "time": 1, "color": "ffffffff" },
					{ "time": 1.1666, "color": "ffffff00" }
				]
			},
			"TDQ": {
				"color": [
					{ "time": 0, "color": "ffffff00", "curve": "stepped" },
					{ "time": 0.3333, "color": "ffffff00" },
					{ "time": 0.5, "color": "ffffffff", "curve": "stepped" },
					{ "time": 1, "color": "ffffffff" },
					{ "time": 1.1666, "color": "ffffff00" }
				]
			},
			"V1": {
				"color": [
					{ "time": 0, "color": "ffffff00", "curve": "stepped" },
					{ "time": 0.1666, "color": "ffffff00" },
					{ "time": 0.3333, "color": "ffffffff", "curve": "stepped" },
					{ "time": 1.3333, "color": "ffffffff" },
					{ "time": 1.5, "color": "ffffff00" }
				]
			},
			"V2": {
				"color": [
					{ "time": 0, "color": "ffffff00", "curve": "stepped" },
					{ "time": 1.4333, "color": "ffffff00" },
					{ "time": 1.5, "color": "ffffffff" }
				]
			}
		},
		"bones": {
			"PZ": {
				"rotate": [
					{ "time": 1.5, "angle": 0 }
				],
				"translate": [
					{ "time": 0, "x": 0, "y": 59.49 },
					{ "time": 0.2666, "x": 0, "y": 0, "curve": "stepped" },
					{ "time": 1.5, "x": 0, "y": 0 }
				],
				"scale": [
					{ "time": 0, "x": 0.527, "y": 0.527 },
					{ "time": 0.2666, "x": 1, "y": 1, "curve": "stepped" },
					{ "time": 1.5, "x": 1, "y": 1 }
				]
			},
			"TS": {
				"rotate": [
					{ "time": 1.5, "angle": 0 }
				],
				"translate": [
					{ "time": 1.5, "x": 0, "y": 0 }
				],
				"scale": [
					{ "time": 1.5, "x": 1, "y": 1 }
				]
			},
			"PZ2": {
				"translate": [
					{ "time": 0, "x": 0, "y": 14.75 },
					{ "time": 0.3333, "x": 0, "y": 0 }
				],
				"scale": [
					{ "time": 0, "x": 0.5, "y": 0.5 },
					{ "time": 0.3333, "x": 1, "y": 1 }
				]
			},
			"T2": {
				"scale": [
					{ "time": 0.8666, "x": 0.959, "y": 0.959 },
					{ "time": 1.4333, "x": 1, "y": 1 }
				]
			},
			"H1": {
				"rotate": [
					{ "time": 0.3333, "angle": 0.81 },
					{ "time": 0.5666, "angle": -80.01 },
					{ "time": 0.8333, "angle": -177.97 },
					{ "time": 1.1, "angle": 39.03 }
				],
				"translate": [
					{ "time": 0.3333, "x": 0, "y": 103.29 },
					{ "time": 1.1, "x": 0, "y": -387.24 }
				]
			},
			"TDH1": {
				"rotate": [
					{ "time": 0.3333, "angle": 2.94 },
					{ "time": 1.1, "angle": -28.69 }
				],
				"translate": [
					{ "time": 0.3333, "x": 0, "y": 109.85 },
					{ "time": 1.1, "x": 0, "y": -409.31 }
				]
			},
			"H2": {
				"rotate": [
					{ "time": 0.3333, "angle": 8.78 },
					{ "time": 0.6666, "angle": -74.77 },
					{ "time": 0.9, "angle": -171.06 },
					{ "time": 1.1, "angle": 74.41 }
				],
				"translate": [
					{ "time": 0.3333, "x": 0, "y": 156 },
					{ "time": 1.1, "x": 0, "y": -331.06 }
				]
			},
			"TDH2": {
				"rotate": [
					{ "time": 0.3333, "angle": 2.94 },
					{ "time": 1.1, "angle": -28.69 }
				],
				"translate": [
					{ "time": 0.3333, "x": 0, "y": 109.85 },
					{ "time": 1.1, "x": 0, "y": -409.31 }
				]
			},
			"TDH3": {
				"rotate": [
					{ "time": 0.3333, "angle": 2.94 },
					{ "time": 1.1, "angle": -28.69 }
				],
				"translate": [
					{ "time": 0.3333, "x": 0, "y": 109.85 },
					{ "time": 1.1, "x": 0, "y": -409.31 }
				]
			},
			"T1": {
				"rotate": [
					{ "time": 0.1666, "angle": 3.47 },
					{ "time": 0.9333, "angle": -3.79 }
				],
				"translate": [
					{ "time": 0.1666, "x": 0, "y": 5.53 },
					{ "time": 0.9333, "x": 0, "y": -296.95 }
				],
				"scale": [
					{ "time": 0.1666, "x": 0.879, "y": 0.879 },
					{ "time": 0.9333, "x": 1.003, "y": 1.003 }
				]
			},
			"H3": {
				"rotate": [
					{ "time": 0.3333, "angle": 2.06 },
					{ "time": 1.1, "angle": -26.1 }
				],
				"translate": [
					{ "time": 0.3333, "x": 0, "y": 258.32 },
					{ "time": 1.1, "x": 0, "y": -361.16 }
				]
			},
			"TDQ": {
				"rotate": [
					{ "time": 0.3333, "angle": 2.94 },
					{ "time": 1.1, "angle": -28.69 }
				],
				"translate": [
					{ "time": 0.3333, "x": 0, "y": 39.63 },
					{ "time": 1.1, "x": 0, "y": -547.74 }
				]
			},
			"V1": {
				"rotate": [
					{ "time": 0.1666, "angle": -9.17 },
					{ "time": 0.4, "angle": 10.25 },
					{ "time": 0.6666, "angle": 18.69 },
					{ "time": 0.9333, "angle": -2.57 },
					{ "time": 1.1666, "angle": -10.79 },
					{ "time": 1.3333, "angle": 3.67 },
					{ "time": 1.4333, "angle": -0.25 }
				],
				"translate": [
					{ "time": 0.1666, "x": 0, "y": -331.51 },
					{ "time": 0.4, "x": 22.47, "y": -379.04 },
					{ "time": 0.6666, "x": 48.15, "y": -411.87 },
					{ "time": 0.9333, "x": -5.81, "y": -488.03 },
					{ "time": 1.1666, "x": -53.03, "y": -528.34 },
					{ "time": 1.4333, "x": 16.05, "y": -629.99 }
				],
				"scale": [
					{ "time": 0.1666, "x": 0.9, "y": 0.9 },
					{ "time": 1.1666, "x": 1, "y": 1 }
				]
			}
		}
	}
}
}