{
"skeleton": { "hash": "9516SP9ayNv1Q1isImXoz46DuMU", "spine": "3.2.01", "width": 5507.06, "height": 230, "images": "" },
"bones": [
	{ "name": "BG_picture" },
	{ "name": "Sky", "parent": "BG_picture" },
	{ "name": "Cloud_Other_picture", "parent": "Sky", "y": -11.16 },
	{ "name": "Picture_2", "parent": "Sky" },
	{ "name": "Sky_picture", "parent": "Sky" }
],
"slots": [
	{ "name": "Sky", "bone": "Sky_picture", "attachment": "Sky" },
	{ "name": "Cloud_U", "bone": "Cloud_Other_picture", "color": "132240c7", "attachment": "Cloud_Day_U" },
	{ "name": "Cloud_U2", "bone": "Cloud_Other_picture", "color": "132240c7", "attachment": "Cloud_Day_U" },
	{ "name": "Mountain", "bone": "Picture_2", "attachment": "Mountain" }
],
"skins": {
	"default": {
		"Cloud_U": {
			"Cloud_Day_U": { "x": -3720.06, "y": -48, "scaleX": 5, "scaleY": 5, "width": 470, "height": 46 }
		},
		"Cloud_U2": {
			"Cloud_Day_U": { "x": -1178, "y": -48, "scaleX": 5, "scaleY": 5, "width": 470, "height": 46 }
		},
		"Mountain": {
			"Mountain": { "y": -83.5, "scaleX": 2, "scaleY": 2, "width": 612, "height": 84 }
		},
		"Sky": {
			"Sky": { "y": -83.5, "scaleX": 2, "scaleY": 2, "width": 612, "height": 84 }
		}
	}
},
"events": {
	"loop": {}
},
"animations": {
	"BG_coral_sea_rain_day": {
		"bones": {
			"Cloud_Other_picture": {
				"translate": [
					{ "time": 0, "x": 629.17, "y": 2.87 },
					{ "time": 62, "x": 3171.04, "y": 2.87 }
				]
			}
		},
		"events": [
			{ "time": 62, "name": "loop" }
		]
	}
}
}