{
"skeleton": { "hash": "MYCPnEuBexzllnvmNGgCOyBd7YQ", "spine": "2.1.27", "width": 303.11, "height": 303.11, "images": "" },
"bones": [
	{ "name": "Root_All", "x": 25.09, "y": -5.9, "scaleX": 1.01, "scaleY": 1.01 },
	{ "name": "Ship_All", "parent": "Root_All" },
	{ "name": "Body", "parent": "Ship_All", "length": 255.84, "x": -24.94, "y": 6.84, "rotation": 90 },
	{ "name": "Antiaircraft", "parent": "Body", "length": 44.62, "x": 167.91, "y": -57.54, "rotation": -90 },
	{ "name": "Attack_Point", "parent": "Body", "length": 25.69, "x": 93.23, "y": -70.97, "rotation": -88.64 },
	{ "name": "Breath", "parent": "Body", "length": 10.64, "x": 134.14, "y": -6.54, "rotation": -122.08 },
	{ "name": "Damage_Point", "parent": "Body", "length": 22.56, "x": 109.86, "y": -4.8, "rotation": -90 },
	{ "name": "Dialogue", "parent": "Body", "length": 57.85, "x": 193.75, "y": -52.66, "rotation": -90 },
	{ "name": "Expression", "parent": "Body", "length": 46.33, "x": 221.11, "y": -38.5, "rotation": -42.65 },
	{ "name": "Face", "parent": "Body", "length": 66.94, "x": 180, "y": 30, "rotation": 270 },
	{ "name": "Gun_00", "parent": "Body", "length": 81.15, "x": 72.22, "y": 18.94, "rotation": -86.52 },
	{ "name": "Gun_04", "parent": "Body", "length": 78.08, "x": 130.15, "y": 37.26, "rotation": 165.01 },
	{ "name": "Hair_00", "parent": "Body", "length": 13.51, "x": 189.77, "y": 38.44, "rotation": 127.08 },
	{ "name": "Scarf_00", "parent": "Body", "length": 14.99, "x": 125.3, "y": 22.34, "rotation": 150.44 },
	{ "name": "Smoke_L1", "parent": "Body", "length": 49.63, "x": 60.78, "y": -89.78, "rotation": -16.57 },
	{ "name": "Smoke_L2", "parent": "Body", "length": 33.36, "x": 98.99, "y": -73.39, "rotation": -16.57 },
	{ "name": "Smoke_R1", "parent": "Body", "length": 37.97, "x": 138.95, "y": 38.9, "rotation": 21.3 },
	{ "name": "Throw_Point", "parent": "Body", "length": 24.91, "x": 63.36, "y": -32.87, "rotation": -88.64 },
	{ "name": "Gun_01", "parent": "Gun_00", "length": 43.42, "x": 50.76, "y": 12.23, "rotation": 42.65 },
	{ "name": "Gun_02", "parent": "Gun_00", "length": 50.01, "x": 61.73, "y": 5.05, "rotation": -2.7 },
	{ "name": "Gun_03", "parent": "Gun_00", "length": 51.96, "x": -21.78, "y": -2.63, "rotation": 159.14 },
	{ "name": "Gun_05", "parent": "Gun_04", "length": 47.19, "x": 27.56, "y": -17.19, "rotation": 159.11 },
	{ "name": "Gun_06", "parent": "Gun_04", "length": 44.02, "x": 68.35, "y": -4.98, "rotation": 72.14 },
	{ "name": "Hair_01", "parent": "Hair_00", "length": 12.92, "x": 13.51, "y": 0.03, "rotation": -6.73 },
	{ "name": "Scarf_01", "parent": "Scarf_00", "length": 16.06, "x": 14.99, "y": -0.05, "rotation": 7.23 },
	{ "name": "Hair_02", "parent": "Hair_01", "length": 13.88, "x": 12.92, "y": -0.08, "rotation": -0.45 },
	{ "name": "Scarf_02", "parent": "Scarf_01", "length": 19.97, "x": 16.06, "y": 0.05, "rotation": 9.82 },
	{ "name": "Hair_03", "parent": "Hair_02", "length": 12.27, "x": 14.59, "y": -0.23, "rotation": 8.06 },
	{ "name": "Scarf_03", "parent": "Scarf_02", "length": 16.44, "x": 19.97, "y": 0.13, "rotation": 4.08 },
	{ "name": "Hair_04", "parent": "Hair_03", "length": 11.53, "x": 12.27, "y": 0.07, "rotation": 18.29 },
	{ "name": "Scarf_04", "parent": "Scarf_03", "length": 16.28, "x": 16.44, "y": 0.07, "rotation": 9.82 },
	{ "name": "Scarf_05", "parent": "Scarf_04", "length": 11.62, "x": 16.73, "y": -0.41, "rotation": -1.35 },
	{ "name": "Scarf_06", "parent": "Scarf_05", "length": 13.51, "x": 11.62, "y": -0.01, "rotation": -3.6 }
],
"slots": [
	{ "name": "Rodney_Gun_B_normal", "bone": "Gun_03", "attachment": "Gun_B_change" },
	{ "name": "Rodney_Gun_L_U_normal", "bone": "Gun_01", "attachment": "Gun_L_U_change" },
	{ "name": "Rodney_Gun_L_U_normal_light", "bone": "Gun_01", "attachment": "Gun_L_U_light_change", "blend": "additive" },
	{ "name": "Rodney_Gun_L_D_normal", "bone": "Gun_02", "attachment": "Gun_L_D_change" },
	{ "name": "Rodney_Gun_L_D_normal_light", "bone": "Gun_02", "attachment": "Gun_L_D_light_change", "blend": "additive" },
	{ "name": "Rodney_Ship_normal", "bone": "Gun_00", "attachment": "Ship_change" },
	{ "name": "Rodney_Ship_normal_twinkle", "bone": "Gun_00", "attachment": "Ship_L_change", "blend": "additive" },
	{ "name": "Rodney_Ship_normal_light", "bone": "Gun_00", "attachment": "Ship_light_change", "blend": "additive" },
	{ "name": "Rodney_body_Scarf", "bone": "Scarf_06", "attachment": "Rodney_body_Scarf" },
	{ "name": "Rodney_body_Hair", "bone": "Hair_04", "attachment": "Rodney_body_Hair" },
	{ "name": "Rodney_body_normal", "bone": "Body", "attachment": "Body_Change" },
	{ "name": "Rodney_body_normal_twinkle", "bone": "Body", "attachment": "Rodney_body_normal_twinkle", "blend": "additive" },
	{ "name": "Rodney_eyes_normal", "bone": "Face", "attachment": "Rodney_eyes_normal" },
	{ "name": "Light_Body", "bone": "Body", "attachment": "Body_Change_Light", "blend": "additive" },
	{ "name": "Rodney_Ship_S_normal", "bone": "Gun_04", "attachment": "Ship_S_change" },
	{ "name": "Rodney_Ship_S_normal_twinkle", "bone": "Gun_04", "attachment": "Ship_S_L_change", "blend": "additive" },
	{ "name": "Rodney_Gun_R_U_normal", "bone": "Gun_05", "attachment": "Gun_R_U_change" },
	{ "name": "Rodney_Gun_R_D_normal", "bone": "Gun_06", "attachment": "Gun_R_D_change" },
	{ "name": "Rodney_Body_Breath", "bone": "Breath", "attachment": "Rodney_Body_Breath" }
],
"skins": {
	"default": {
		"Rodney_Body_Breath": {
			"Rodney_Body_Breath": { "x": -11.47, "y": -11.32, "rotation": 32.08, "width": 300, "height": 300 }
		},
		"Rodney_body_Hair": {
			"Rodney_body_Hair": {
				"type": "skinnedmesh",
				"uvs": [ 1, 0.08957, 1, 0.18769, 1, 0.28791, 1, 0.38603, 1, 0.49668, 1, 0.60107, 1, 0.70546, 1, 0.7848, 1, 0.85996, 1, 0.9393, 1, 1, 0.92284, 1, 0.83996, 1, 0.75709, 1, 0.66919, 1, 0.56371, 1, 0.46828, 1, 0.39042, 1, 0.27239, 1, 0.17695, 1, 0.08403, 1, 0, 1, 0, 0.93512, 0, 0.86414, 0, 0.78689, 0, 0.70755, 0, 0.63239, 0, 0.56558, 0, 0.49251, 0, 0.41317, 0, 0.32966, 0, 0.24615, 0, 0.17516, 0, 0.10209, 0, 0.04572, 0, 0, 0.08403, 0, 0.17444, 0, 0.27239, 0, 0.36029, 0, 0.47832, 0, 0.60891, 0, 0.737, 0, 0.8701, 0, 1, 0, 0.58632, 0.03947, 0.67421, 0.0666, 0.74955, 0.1188, 0.8249, 0.18352, 0.8701, 0.25033, 0.91782, 0.3401, 0.95549, 0.42361, 0.94544, 0.66788, 0.89521, 0.72008, 0.81234, 0.78689, 0.7169, 0.82238, 0.62649, 0.87666, 0.57627, 0.94138, 0.04887, 0.22945, 0.10161, 0.16681, 0.15435, 0.11044, 0.24727, 0.06451, 0.35024, 0.03946, 0.82238, 0.26285, 0.71439, 0.32757, 0.58129, 0.39856, 0.45321, 0.48416, 0.31759, 0.57185, 0.19956, 0.66162, 0.08654, 0.73678, 0.87763, 0.4591, 0.77718, 0.53635, 0.65161, 0.62195, 0.57124, 0.70546, 0.44818, 0.79106, 0.3201, 0.87875, 0.23723, 0.93512, 0.62901, 0.12506, 0.51097, 0.17516, 0.39545, 0.21275, 0.26736, 0.27329, 0.18198, 0.34636, 0.0765, 0.4257 ],
				"triangles": [ 28, 29, 82, 27, 28, 82, 68, 27, 82, 68, 26, 27, 82, 67, 68, 69, 25, 26, 68, 69, 26, 24, 25, 69, 68, 67, 74, 23, 24, 69, 56, 73, 55, 74, 73, 56, 75, 68, 74, 69, 68, 75, 22, 23, 20, 69, 76, 23, 69, 75, 76, 57, 74, 56, 20, 21, 22, 23, 76, 20, 19, 20, 76, 18, 76, 75, 19, 76, 18, 17, 75, 74, 16, 17, 74, 18, 75, 17, 57, 16, 74, 15, 16, 57, 14, 56, 55, 57, 56, 14, 15, 57, 14, 12, 13, 55, 14, 55, 13, 34, 35, 36, 61, 37, 38, 61, 38, 62, 33, 34, 36, 60, 36, 37, 60, 37, 61, 33, 36, 60, 59, 33, 60, 32, 33, 59, 58, 32, 59, 31, 32, 58, 79, 80, 61, 60, 61, 80, 59, 60, 80, 30, 31, 58, 81, 59, 80, 58, 59, 81, 30, 58, 81, 82, 29, 30, 81, 82, 30, 80, 79, 66, 66, 81, 80, 67, 81, 66, 82, 81, 67, 67, 66, 73, 74, 67, 73, 62, 38, 39, 40, 62, 39, 78, 62, 40, 78, 79, 62, 79, 61, 62, 79, 78, 65, 66, 79, 65, 66, 65, 72, 73, 66, 72, 55, 73, 72, 65, 78, 64, 71, 64, 70, 65, 64, 71, 72, 65, 71, 52, 70, 5, 71, 70, 52, 52, 5, 6, 53, 71, 52, 54, 72, 71, 53, 52, 6, 7, 53, 6, 53, 54, 71, 54, 55, 72, 54, 53, 7, 8, 54, 7, 11, 12, 54, 54, 12, 55, 11, 54, 8, 9, 11, 8, 11, 9, 10, 45, 40, 41, 46, 41, 42, 45, 41, 46, 43, 44, 0, 47, 42, 43, 46, 42, 47, 77, 45, 46, 78, 40, 45, 78, 45, 77, 48, 47, 43, 48, 43, 0, 48, 0, 1, 49, 48, 1, 63, 47, 48, 63, 48, 49, 49, 1, 2, 47, 77, 46, 64, 47, 63, 64, 77, 47, 78, 77, 64, 50, 49, 2, 50, 2, 3, 51, 50, 3, 50, 63, 49, 70, 50, 51, 50, 64, 63, 70, 64, 50, 51, 3, 4, 70, 51, 4, 5, 70, 4 ],
				"vertices": [ 1, 12, -12.63, -2.23, 1, 3, 12, -7.72, 4.26, 0.99643, 23, -21.58, 1.71, 0.00353, 29, -54.9, 27.17, 3.0E-5, 4, 12, -2.7, 10.9, 0.92418, 23, -17.37999, 8.88, 0.07233, 25, -30.37, 8.72, 0.00104, 29, -47.98, 31.79, 0.00243, 5, 12, 2.2, 17.39, 0.72912, 23, -13.26, 15.91, 0.23035, 25, -26.31, 15.79, 0.02576, 27, -38.25, 21.6, 3.1E-4, 29, -41.21, 36.31, 0.01443, 5, 12, 7.74, 24.72, 0.48116, 23, -8.62, 23.84, 0.35815, 25, -21.74, 23.75, 0.10367, 27, -32.61, 28.85, 0.00789, 29, -33.57, 41.41, 0.0491, 5, 12, 12.96, 31.63, 0.29109, 23, -4.23999, 31.31, 0.40435, 25, -17.42, 31.26, 0.18106, 27, -27.28, 35.68, 0.02347, 29, -26.37, 46.23, 0.1, 5, 12, 18.18, 38.55, 0.17189, 23, 0.12, 38.79, 0.3895, 25, -13.1, 38.77, 0.23144, 27, -21.95, 42.51, 0.04273, 29, -19.16, 51.04, 0.16442, 5, 12, 22.15, 43.8, 0.1116, 23, 3.45, 44.47, 0.3685, 25, -9.82, 44.48, 0.25101, 27, -17.9, 47.7, 0.05516, 29, -13.69, 54.7, 0.21371, 5, 12, 25.92, 48.78, 0.07752, 23, 6.6, 49.86, 0.35199, 25, -6.71, 49.89, 0.25729, 27, -14.06, 52.62, 0.06169, 29, -8.5, 58.16, 0.25147, 5, 12, 29.89, 54.03, 0.05731, 23, 9.93, 55.54, 0.3399, 25, -3.43, 55.6, 0.25952, 27, -10.01, 57.81, 0.06587, 29, -3.02, 61.82, 0.27737, 5, 12, 32.91999, 58.05, 0.052, 23, 12.48, 59.89, 0.33591, 25, -0.92, 59.96, 0.25946, 27, -6.91, 61.78, 0.06705, 29, 1.16, 64.62, 0.28554, 5, 12, 37.16999, 54.84, 0.04831, 23, 17.07, 57.2, 0.32867, 25, 3.69, 57.31, 0.25729, 27, -2.71, 58.51, 0.06945, 29, 4.11, 60.19, 0.29624, 5, 12, 41.73, 51.39, 0.04055, 23, 22.01, 54.31, 0.30926, 25, 8.64999, 54.46, 0.2498, 27, 1.79, 54.99, 0.07541, 29, 7.29, 55.43, 0.32496, 5, 12, 46.3, 47.94, 0.02991, 23, 26.94, 51.42, 0.27789, 25, 13.6, 51.61, 0.23587, 27, 6.29, 51.47, 0.08439, 29, 10.46, 50.68, 0.37192, 5, 12, 51.13, 44.29, 0.01842, 23, 32.16999, 48.35, 0.23509, 25, 18.86, 48.59, 0.21089, 27, 11.08, 47.74, 0.09227, 29, 13.83, 45.64, 0.44331, 5, 12, 56.94, 39.9, 0.00723, 23, 38.46, 44.67, 0.176, 25, 25.17, 44.96, 0.16946, 27, 16.82, 43.27, 0.09745, 29, 17.87999, 39.58, 0.54983, 5, 12, 62.19, 35.93, 0.00197, 23, 44.14, 41.34, 0.12281, 25, 30.88, 41.68, 0.12288, 27, 22.01, 39.22, 0.0892, 29, 21.53, 34.11, 0.66311, 5, 12, 66.48, 32.68999, 2.6E-4, 23, 48.77, 38.63, 0.08454, 25, 35.54, 39, 0.08594, 27, 26.24, 35.91, 0.07319, 29, 24.52, 29.64, 0.75604, 4, 23, 55.8, 34.50999, 0.03972, 25, 42.6, 34.93999, 0.03943, 27, 32.66, 30.9, 0.04047, 29, 29.04, 22.87, 0.88035, 4, 23, 61.48, 31.19, 0.01732, 25, 48.31, 31.66, 0.01608, 27, 37.86, 26.85, 0.01713, 29, 32.7, 17.39, 0.94944, 5, 12, 83.35, 19.94, 0, 23, 67.01999, 27.95, 0.00509, 25, 53.87, 28.47, 0.0037, 27, 42.91, 22.91, 0.00342, 29, 36.25999, 12.06, 0.98776, 4, 12, 87.97, 16.45, 0, 23, 72.01999, 25.02, 0.00149, 25, 58.89, 25.58, 2.9E-4, 29, 39.48, 7.24, 0.9982, 3, 12, 84.73, 12.15, 0, 23, 69.3, 20.37, 9.7E-4, 29, 35, 4.25, 0.99902, 3, 12, 81.17, 7.45, 0, 23, 66.32, 15.29, 3.3E-4, 29, 30.1, 0.97, 0.99966, 2, 12, 77.31, 2.33999, 0, 29, 24.77, -2.58, 0.99999, 3, 12, 73.33999, -2.91, 0, 27, 32.55, 0.2, 0.00174, 29, 19.29, -6.23, 0.99824, 3, 12, 69.58, -7.88, 1.0E-5, 27, 28.72, -4.69999, 0.05213, 29, 14.11, -9.7, 0.94784, 4, 12, 66.23, -12.31, 2.0E-5, 25, 40.91999, -5.67, 0.01241, 27, 25.31, -9.08, 0.16385, 29, 9.5, -12.78, 0.8237, 5, 12, 62.58, -17.15, 3.0E-5, 23, 50.73, -11.32, 8.0E-4, 25, 37.9, -10.93, 0.05683, 27, 21.58, -13.86, 0.31174, 29, 4.44999, -16.15, 0.63057, 4, 23, 47.41, -17, 0.00522, 25, 34.62, -16.64, 0.13846, 27, 17.53, -19.04999, 0.47903, 29, -1.01, -19.79999, 0.37727, 5, 12, 54.43, -27.93, -5.2E-4, 23, 43.9, -22.98, 0.0224, 25, 31.16, -22.65, 0.22927, 27, 13.26, -24.52, 0.57138, 29, -6.78, -23.65, 0.17745, 5, 12, 50.25, -33.46, 0.00247, 23, 40.4, -28.97, 0.05038, 25, 27.71, -28.66, 0.30682, 27, 9, -29.98, 0.56704, 29, -12.54, -27.5, 0.07326, 5, 12, 46.7, -38.16, 0.00704, 23, 37.41999, -34.05, 0.07518, 25, 24.77, -33.77, 0.34395, 27, 5.37, -34.63, 0.54209, 29, -17.44, -30.78, 0.03172, 5, 12, 43.04, -43, 0.01172, 23, 34.36, -39.28, 0.09568, 25, 21.75, -39.03, 0.36355, 27, 1.64, -39.41, 0.51923, 29, -22.48, -34.14, 0.0098, 5, 12, 40.22, -46.73, 0.01368, 23, 31.99, -43.32, 0.10466, 25, 19.42, -43.08, 0.37004, 27, -1.22, -43.1, 0.50963, 29, -26.38, -36.74, 0.00196, 4, 12, 37.93, -49.76, 0.01161, 23, 30.07, -46.6, 0.10416, 25, 17.53, -46.37, 0.3722, 27, -3.56, -46.09, 0.512, 5, 12, 33.3, -46.26, 0.0259, 23, 25.07, -43.67, 0.12117, 25, 12.5, -43.48, 0.37, 27, -8.13, -42.52, 0.4829, 29, -32.75, -34.03, 0, 4, 12, 28.33, -42.5, 0.04147, 23, 19.69, -40.50999, 0.13969, 25, 7.09, -40.37, 0.36761, 27, -13.05, -38.68999, 0.45121, 4, 12, 22.94, -38.43, 0.0858, 23, 13.86, -37.09999, 0.18465, 25, 1.23, -37, 0.35125, 27, -18.37999, -34.53, 0.37828, 4, 12, 18.1, -34.77, 0.14246, 23, 8.62, -34.03, 0.24328, 25, -4.02, -33.98, 0.31994, 27, -23.16, -30.8, 0.29429, 4, 12, 11.6, -29.86, 0.33024, 23, 1.59, -29.92, 0.21188, 25, -11.08, -29.92, 0.24069, 27, -29.58, -25.79, 0.21717, 4, 12, 4.41, -24.43, 0.55815, 23, -6.17, -25.36, 0.17377, 25, -18.89, -25.43, 0.14451, 27, -36.68999, -20.25, 0.12355, 4, 12, -2.63, -19.1, 0.80542, 23, -13.8, -20.9, 0.13242, 25, -26.55, -21.03, 0.04016, 27, -43.65, -14.81, 0.02198, 4, 12, -9.96, -13.56, 0.97026, 23, -21.72, -16.26, 0.01888, 25, -34.50999, -16.45, 0.00589, 27, -50.9, -9.16, 0.00496, 1, 12, -17.11, -8.16, 1, 4, 12, 7.63, -22.75, 0.49788, 23, -3.17, -23.32, 0.21521, 25, -15.9, -23.37, 0.15896, 27, -33.43999, -18.62, 0.12792, 4, 12, 4.15, -17.29999, 0.70361, 23, -7.27, -18.32, 0.15499, 25, -20.04, -18.39, 0.07952, 27, -36.84, -13.12, 0.06187, 4, 12, 2.60999, -10.71, 0.92199, 23, -9.56, -11.95, 0.05224, 25, -22.39, -12.05, 0.0123, 27, -38.27, -6.5, 0.01344, 1, 12, 1.7, -3.29, 1, 1, 12, 2.56, 3, 1, 3, 12, 4.42, 10.93, 0.89439, 23, -10.3, 9.76, 0.10284, 29, -41.23, 29.48, 0.00275, 5, 12, 6.53, 18.03, 0.60669, 23, -9.04, 17.04999, 0.30449, 25, -22.1, 16.95999, 0.05795, 27, -33.91, 22.17, 0.00244, 29, -36.91, 35.49, 0.02841, 5, 12, 19.31, 33.79, 0.21034, 23, 1.8, 34.2, 0.39885, 25, -11.39, 34.18999, 0.21952, 27, -20.9, 37.73, 0.037, 29, -19.67, 46.18, 0.13427, 5, 12, 24.68, 35.15, 0.11284, 23, 6.98, 36.18, 0.36557, 25, -6.23, 36.22, 0.2521, 27, -15.5, 39.02, 0.05808, 29, -14.14, 45.7, 0.21139, 5, 12, 32.59, 36.13, 0.05613, 23, 14.71, 38.08, 0.30954, 25, 1.48, 38.18, 0.26262, 27, -7.58, 39.87, 0.08962, 29, -6.35, 44.03, 0.28207, 5, 12, 39.62, 34.50999, 0.05613, 23, 21.88, 37.29, 0.30954, 25, 8.66, 37.45, 0.26262, 27, -0.58, 38.14, 0.08962, 29, -0.24, 40.18999, 0.28207, 5, 12, 47.31, 34.34, 0.00866, 23, 29.54, 38.03, 0.18292, 25, 16.31, 38.25, 0.17812, 27, 7.1, 37.86, 0.1032, 29, 6.96, 37.5, 0.52707, 5, 12, 53.32, 36.54, 0.00866, 23, 35.25, 40.91, 0.18292, 25, 22, 41.18, 0.17812, 27, 13.14, 39.96, 0.1032, 29, 13.35, 37.59999, 0.52707, 5, 12, 46.72, -32.53, 0.00408, 23, 36.79, -28.46, 0.05173, 25, 24.09, -28.18, 0.31333, 27, 5.49, -29, 0.56496, 29, -15.57, -25.47, 0.06588, 5, 12, 40.68, -34.49, 0.01469, 23, 31.02, -31.1, 0.09025, 25, 18.35, -30.87, 0.36021, 27, -0.57, -30.86, 0.51663, 29, -21.91, -25.33, 0.01821, 5, 12, 34.96, -36.02, 0.05249, 23, 25.52, -33.3, 0.14602, 25, 12.86, -33.12, 0.36903, 27, -6.32, -32.31, 0.42995, 29, -27.82, -24.9, 0.00246, 5, 12, 27.55, -35.2, 0.05249, 23, 18.06, -33.34999, 0.14602, 25, 5.4, -33.23, 0.36903, 27, -13.72, -31.37, 0.42995, 29, -34.55, -21.69, 0.00246, 4, 12, 20.62, -32.58, 0.13155, 23, 10.88, -31.56, 0.21295, 25, -1.78, -31.49, 0.33533, 27, -20.6, -28.64, 0.32014, 1, 12, 5.81, 1.85, 1, 2, 12, 15, 1.64, 0.5, 23, 1.28, 1.77, 0.5, 2, 23, 12.18, 2.21, 0.5, 25, -0.75, 2.29, 0.5, 2, 25, 10.43999, 4.04, 0.5, 27, -3.5, 4.82, 0.5, 4, 23, 35.15, 5.43, 0.02026, 25, 22.18, 5.69, 0.00842, 27, 8.35, 4.8, 0.76469, 29, -2.23, 5.72, 0.2066, 1, 29, 8.47999, 3.09, 1, 5, 12, 70.04, 2.61999, 0, 23, 55.83, 9.18, 0.00171, 25, 42.83, 9.60999, 0.00107, 27, 29.34, 5.79, 0.00105, 29, 18, 0.07, 0.99614, 5, 12, 12.59, 17.14, 0.56197, 23, -2.91, 16.87999, 0.37405, 25, -15.97, 16.84, 0.044, 27, -27.87, 21.19, 0.00113, 29, -31.48, 32.66, 0.01882, 5, 12, 21.99, 18.08, 0.15759, 23, 6.3, 18.91, 0.51577, 25, -6.77, 18.94, 0.24656, 27, -18.45999, 21.98, 0.02232, 29, -22.3, 30.46, 0.05774, 5, 12, 33.18, 18.52, 0.06966, 23, 17.36, 20.66, 0.35278, 25, 4.27, 20.78, 0.35692, 27, -7.26, 22.26, 0.09103, 29, -11.58, 27.2, 0.12958, 5, 12, 41.79, 20.70999, 0.03353, 23, 25.65, 23.84, 0.26278, 25, 12.54, 24.03, 0.31799, 27, 1.37, 24.31, 0.15153, 29, -2.73, 26.44, 0.23413, 4, 23, 36.57, 25.68, 0.08942, 25, 23.44, 25.95, 0.11462, 27, 12.43, 24.69, 0.17219, 29, 7.88, 23.32, 0.62374, 4, 23, 47.87, 27.49, 0.03444, 25, 34.73, 27.86, 0.03441, 27, 23.88, 24.99, 0.0434, 29, 18.84, 20.02, 0.8877, 4, 23, 55.17, 28.64, 0.03444, 25, 42.02, 29.07, 0.03441, 27, 31.27, 25.17, 0.0434, 29, 25.91, 17.86, 0.8877, 4, 12, 9.56, -15.31, 0.60917, 23, -2.11999, -15.7, 0.23101, 25, -14.92, -15.74, 0.09325, 27, -31.39, -11.21, 0.06655, 4, 12, 18.57, -16.9, 0.29976, 23, 7, -16.23, 0.30278, 25, -5.78, -16.19, 0.23395, 27, -22.41, -12.94, 0.16348, 4, 12, 26.81, -19.21999, 0.09551, 23, 15.45, -17.57, 0.21052, 25, 2.67, -17.45999, 0.38335, 27, -14.21, -15.38, 0.3106, 5, 12, 36.89, -20.54, 0.0197, 23, 25.62, -17.7, 0.0805, 25, 12.84, -17.51, 0.38665, 27, -4.15, -16.86, 0.49133, 29, -20.91, -10.91, 0.0218, 4, 23, 33.77, -15.44, 0.01267, 25, 20.96999, -15.19, 0.22064, 27, 4.21, -15.7, 0.63229, 29, -12.6, -12.44, 0.13438, 4, 23, 43.38, -13.44, 0.00522, 25, 30.56, -13.11, 0.13846, 27, 14, -14.98, 0.47903, 29, -3.08, -14.84, 0.37727 ],
				"hull": 45,
				"edges": [ 80, 82, 82, 84, 84, 86, 86, 88, 0, 88, 0, 2, 2, 4, 4, 6, 6, 8, 8, 10, 10, 12, 12, 14, 14, 16, 16, 18, 18, 20, 20, 22, 22, 24, 24, 26, 26, 28, 28, 30, 30, 32, 32, 34, 34, 36, 36, 38, 38, 40, 40, 42, 42, 44, 44, 46, 46, 48, 48, 50, 50, 52, 52, 54, 54, 56, 56, 58, 58, 60, 60, 62, 62, 64, 64, 66, 66, 68, 68, 70, 70, 72, 72, 74, 74, 76, 76, 78, 78, 80 ],
				"width": 69,
				"height": 83
			}
		},
		"Rodney_body_Scarf": {
			"Rodney_body_Scarf": {
				"type": "skinnedmesh",
				"uvs": [ 1, 0.03158, 1, 0.08096, 1, 0.13497, 1, 0.1828, 1, 0.22601, 1, 0.28619, 1, 0.34174, 1, 0.39729, 1, 0.4621, 1, 0.51765, 1, 0.58092, 1, 0.62876, 1, 0.69357, 1, 0.74758, 1, 0.80159, 1, 0.8664, 1, 0.91886, 1, 0.96515, 1, 1, 0.88026, 1, 0.75496, 1, 0.61624, 1, 0.48199, 1, 0.30299, 1, 0.18216, 1, 0.08819, 1, 0, 1, 0, 0.96053, 0, 0.92195, 0, 0.87257, 0, 0.81856, 0, 0.77227, 0, 0.71826, 0, 0.66116, 0, 0.62104, 0, 0.57166, 0, 0.52383, 0, 0.45747, 0, 0.39266, 0, 0.3294, 0, 0.2723, 0, 0.21521, 0, 0.15811, 0, 0.10719, 0, 0.04701, 0, 0, 0.14636, 0, 0.30299, 0, 0.45514, 0, 0.61624, 0, 0.75496, 0, 0.89369, 0, 1, 0, 0.73706, 0.02695, 0.60729, 0.0609, 0.52674, 0.1041, 0.43276, 0.14577, 0.35221, 0.19515, 0.28956, 0.23527, 0.23586, 0.28773, 0.19559, 0.33094, 0.13741, 0.39266, 0.10161, 0.44359, 0.08819, 0.50222, 0.08371, 0.56241, 0.07476, 0.61796, 0.08371, 0.67814, 0.10609, 0.7306, 0.11056, 0.78615, 0.08819, 0.84325, 0.07029, 0.89263, 0.07029, 0.94355, 0.17321, 0.95744, 0.28061, 0.96978, 0.38801, 0.97596, 0.71469, 0.96515, 0.79076, 0.93275, 0.81313, 0.87874, 0.79971, 0.82165, 0.77286, 0.74758, 0.73706, 0.69357, 0.71021, 0.63956, 0.69231, 0.58709, 0.69679, 0.52691, 0.71469, 0.4729, 0.73259, 0.4189, 0.77286, 0.36334, 0.81761, 0.31551, 0.84894, 0.25996, 0.89369, 0.20903, 0.92501, 0.16274, 0.9604, 0.11677, 0.87633, 0.04605, 0.78593, 0.08502, 0.70683, 0.13178, 0.62208, 0.18633, 0.56558, 0.24478, 0.50343, 0.30128, 0.42998, 0.35778, 0.41303, 0.41038, 0.38478, 0.46883, 0.36218, 0.54092, 0.37348, 0.61885, 0.37913, 0.67729, 0.37913, 0.73379, 0.42998, 0.80198, 0.42998, 0.84679, 0.42998, 0.91693, 0.26048, 0.84874, 0.65033, 0.87797, 0.60513, 0.75133 ],
				"triangles": [ 15, 77, 14, 109, 78, 77, 70, 29, 69, 109, 107, 106, 77, 15, 16, 28, 29, 70, 76, 109, 77, 71, 28, 70, 72, 69, 108, 70, 69, 72, 71, 70, 72, 27, 28, 71, 75, 109, 76, 19, 77, 16, 19, 76, 77, 74, 73, 108, 72, 108, 73, 107, 74, 108, 26, 27, 71, 25, 71, 72, 26, 71, 25, 24, 72, 73, 25, 72, 24, 23, 73, 74, 24, 73, 23, 22, 107, 109, 74, 107, 22, 23, 74, 22, 21, 22, 109, 21, 109, 75, 20, 75, 76, 21, 75, 20, 16, 17, 19, 20, 76, 19, 19, 17, 18, 108, 68, 67, 31, 67, 68, 78, 79, 13, 30, 31, 68, 14, 78, 13, 69, 30, 68, 105, 108, 104, 106, 108, 105, 69, 68, 108, 77, 78, 14, 29, 30, 69, 79, 109, 110, 109, 79, 78, 108, 106, 107, 109, 106, 110, 110, 106, 105, 10, 80, 81, 33, 34, 65, 110, 103, 102, 102, 66, 65, 33, 65, 66, 11, 80, 10, 79, 80, 11, 32, 33, 66, 67, 102, 103, 67, 66, 102, 32, 66, 67, 104, 103, 105, 67, 103, 104, 102, 82, 110, 12, 79, 11, 79, 12, 13, 82, 81, 110, 110, 81, 80, 31, 32, 67, 110, 105, 103, 104, 108, 67, 79, 110, 80, 36, 37, 63, 101, 61, 100, 64, 36, 63, 35, 36, 64, 10, 83, 9, 81, 82, 83, 82, 100, 83, 101, 100, 82, 65, 35, 64, 102, 101, 82, 34, 35, 65, 10, 81, 83, 62, 101, 63, 101, 64, 63, 64, 101, 102, 64, 102, 65, 41, 60, 40, 40, 61, 39, 41, 59, 60, 98, 57, 97, 58, 57, 98, 60, 61, 40, 38, 39, 61, 7, 87, 6, 98, 59, 58, 99, 59, 98, 62, 38, 61, 37, 38, 62, 86, 87, 7, 99, 60, 59, 100, 60, 99, 84, 97, 85, 63, 37, 62, 8, 86, 7, 8, 85, 86, 84, 98, 97, 100, 61, 60, 9, 85, 8, 9, 84, 85, 9, 83, 84, 84, 83, 98, 83, 99, 98, 83, 100, 99, 101, 62, 61, 42, 43, 46, 42, 59, 41, 58, 47, 57, 46, 59, 42, 96, 55, 95, 56, 55, 96, 89, 4, 5, 59, 46, 58, 97, 56, 96, 57, 56, 97, 87, 94, 88, 88, 89, 5, 6, 88, 5, 86, 95, 87, 96, 95, 86, 87, 88, 6, 85, 96, 86, 85, 97, 96, 53, 49, 50, 51, 52, 0, 92, 50, 51, 44, 45, 46, 54, 48, 49, 54, 49, 53, 92, 51, 0, 0, 91, 92, 93, 50, 92, 53, 50, 93, 55, 48, 54, 43, 44, 46, 1, 91, 0, 94, 54, 53, 94, 53, 93, 91, 1, 2, 56, 47, 48, 56, 48, 55, 90, 92, 91, 93, 92, 90, 90, 91, 2, 3, 90, 2, 95, 54, 94, 55, 54, 95, 57, 47, 56, 89, 93, 90, 90, 3, 4, 89, 90, 4, 58, 46, 47, 88, 93, 89, 94, 93, 88, 95, 94, 87 ],
				"vertices": [ 1, 13, -6.8, 3.24, 1, 1, 13, -1.82, 6.06, 1, 2, 13, 3.62, 9.14999, 0.93205, 24, -10.12, 10.56, 0.06793, 3, 13, 8.45, 11.89, 0.69358, 24, -4.98999, 12.67, 0.28487, 26, -18.59, 16.02, 0.02153, 3, 13, 12.81, 14.36, 0.42533, 24, -0.35, 14.57, 0.4979, 26, -13.69, 17.1, 0.07676, 4, 13, 18.87999, 17.79999, 0.15275, 24, 6.1, 17.21999, 0.58283, 26, -6.88, 18.61, 0.25887, 28, -25.47, 20.34, 0.00552, 5, 13, 24.49, 20.98, 0.03424, 24, 12.06, 19.67, 0.45707, 26, -0.58999, 20.01, 0.47237, 28, -19.09, 21.28, 0.03401, 30, -31.4, 26.96, 0.00227, 6, 13, 30.09, 24.16, 0.00284, 24, 18.02, 22.12, 0.26213, 26, 5.69, 21.4, 0.61466, 28, -12.72, 22.23, 0.10489, 30, -24.96, 26.8, 0.01512, 31, -42.32, 26.23, 3.2E-4, 5, 24, 24.98, 24.97, 0.10408, 26, 13.03, 23.03, 0.58072, 28, -5.28, 23.33, 0.24401, 30, -17.44, 26.61, 0.06453, 31, -34.8, 26.22, 0.00664, 5, 24, 30.94, 27.42, 0.03599, 26, 19.33, 24.42, 0.43438, 28, 1.08, 24.27, 0.35468, 30, -11, 26.45, 0.15033, 31, -28.36, 26.21, 0.0246, 6, 24, 37.73, 30.2, 0.0063, 26, 26.49, 26.01, 0.24665, 28, 8.34, 25.34, 0.38196, 30, -3.66, 26.27, 0.29205, 31, -21.02, 26.2, 0.07243, 32, -34.23, 24.11, 5.6E-4, 6, 24, 42.86, 32.31, 6.0E-4, 26, 31.91, 27.21, 0.13686, 28, 13.83, 26.15, 0.32222, 30, 1.88, 26.13, 0.39717, 31, -15.47, 26.19, 0.13478, 32, -28.69, 24.45, 0.00835, 5, 26, 39.25, 28.83, 0.05172, 28, 21.27, 27.25, 0.19436, 30, 9.39, 25.95, 0.44412, 31, -7.95, 26.18, 0.25573, 32, -21.19, 24.92, 0.05405, 6, 24, 55.61, 37.54, 0, 26, 45.37, 30.19, 0.01689, 28, 27.47, 28.17, 0.09944, 30, 15.65, 25.79, 0.39167, 31, -1.69, 26.18, 0.35513, 32, -14.93, 25.3, 0.13684, 6, 24, 61.41, 39.91999, 0, 26, 51.48, 31.55, 0.0034, 28, 33.66, 29.08, 0.04163, 30, 21.92, 25.64, 0.27689, 31, 4.57, 26.17, 0.39714, 32, -8.68, 25.69, 0.2809, 5, 24, 68.36, 42.78, 0, 28, 41.09999, 30.18, 0.00867, 30, 29.43, 25.45, 0.13397, 31, 12.09, 26.16, 0.3544, 32, -1.17999, 26.15, 0.50294, 5, 24, 73.99, 45.09, 0, 28, 47.12, 31.07, 0.00143, 30, 35.52, 25.3, 0.06021, 31, 18.17, 26.15, 0.27024, 32, 4.89, 26.52, 0.66809, 4, 24, 78.96, 47.13, 0, 30, 40.89, 25.17, 0.0235, 31, 23.54, 26.14, 0.21204, 32, 10.25, 26.85, 0.76445, 4, 24, 82.69999, 48.66, 0, 30, 44.93, 25.07, 0.01565, 31, 27.59, 26.14, 0.19644, 32, 14.28, 27.1, 0.78788, 4, 24, 84.52, 44.23, 0, 30, 44.81, 20.28, 0.01276, 31, 27.58, 21.35, 0.18369, 32, 14.58, 22.32, 0.80353, 4, 24, 86.42, 39.59, 0, 30, 44.68, 15.27, 0.00663, 31, 27.57, 16.33, 0.14658, 32, 14.89, 17.32, 0.84677, 4, 24, 88.53, 34.46, 0, 30, 44.55, 9.72, 2.1E-4, 31, 27.56, 10.79, 0.07957, 32, 15.23, 11.78, 0.9202, 3, 24, 90.57, 29.49, 0, 31, 27.56, 5.42, 0.00911, 32, 15.56, 6.42, 0.99086, 2, 30, 44.24, -2.79, 1.0E-5, 32, 16, -0.71, 0.99998, 1, 32, 16.29999, -5.54, 1, 2, 31, 27.54, -10.33, 0.00322, 32, 16.53, -9.29, 0.99677, 2, 31, 27.53, -13.85, 0.0059, 32, 16.74, -12.81, 0.99409, 2, 31, 22.95, -13.85, 0.0359, 32, 12.17, -13.09, 0.96409, 3, 30, 34.89, -14.68, 0.00443, 31, 18.48, -13.84, 0.14873, 32, 7.71, -13.37, 0.8468, 3, 30, 29.16, -14.54, 0.04411, 31, 12.75, -13.83, 0.37972, 32, 1.99, -13.72, 0.57615, 3, 30, 22.9, -14.39, 0.20231, 31, 6.49, -13.83, 0.53661, 32, -4.25, -14.11, 0.26106, 4, 28, 36.15, -10.98, 0.00331, 30, 17.53, -14.26, 0.43118, 31, 1.12, -13.82, 0.48041, 32, -9.60999, -14.44, 0.08508, 4, 28, 29.95, -11.89, 0.06078, 30, 11.27, -14.1, 0.66501, 31, -5.14, -13.81, 0.2648, 32, -15.87, -14.82, 0.00938, 4, 26, 44.23, -11.02, 2.2E-4, 28, 23.4, -12.86, 0.2419, 30, 4.64, -13.94, 0.68843, 31, -11.76, -13.8, 0.06942, 4, 26, 39.68999, -12.03, 0.00989, 28, 18.79, -13.54, 0.44366, 30, 0, -13.82, 0.52979, 31, -16.42, -13.8, 0.01664, 3, 26, 34.09, -13.27, 0.06748, 28, 13.13, -14.38, 0.64573, 30, -5.72, -13.68, 0.28676, 3, 26, 28.68, -14.47, 0.2065, 28, 7.64, -15.19, 0.68222, 30, -11.27, -13.54, 0.11127, 4, 24, 39.66999, -12.23, 0.00799, 26, 21.16, -16.12999, 0.51412, 28, 0.02, -16.31, 0.4661, 30, -18.96999, -13.35, 0.01177, 4, 13, 49.35, -10.9, 8.0E-5, 24, 32.71, -15.08, 0.08295, 26, 13.82, -17.76, 0.71932, 28, -7.4, -17.41, 0.19763, 5, 13, 42.96, -14.52, 0.0195, 24, 25.92, -17.87, 0.2498, 26, 6.66, -19.35, 0.67936, 28, -14.66, -18.49, 0.05131, 30, -33.82, -12.98, 0, 5, 13, 37.2, -17.78, 0.0749, 24, 19.79999, -20.37999, 0.43058, 26, 0.19, -20.78, 0.48724, 28, -21.22, -19.45, 0.00725, 30, -40.43999, -12.82, 0, 4, 13, 31.44, -21.05, 0.18347, 24, 13.67, -22.9, 0.53719, 26, -6.27, -22.21, 0.2793, 30, -47.06, -12.66, 0, 4, 13, 25.68, -24.31, 0.32961, 24, 7.54, -25.41, 0.53627, 26, -12.73, -23.64, 0.1341, 30, -53.68, -12.49, 0, 4, 13, 20.54, -27.23, 0.45562, 24, 2.08, -27.65, 0.48854, 26, -18.5, -24.92, 0.05582, 30, -59.59, -12.35, 0, 4, 13, 14.47, -30.67, 0.56293, 24, -4.37, -30.31, 0.42509, 26, -25.32, -26.43, 0.01196, 30, -66.57, -12.17, 0, 4, 13, 9.72, -33.36, 0.58617, 24, -9.42, -32.38, 0.40994, 26, -30.64, -27.61, 0.00386, 30, -72.01999, -12.04, 0, 4, 13, 6.83, -28.26, 0.60897, 24, -11.64, -26.96, 0.38831, 26, -31.91, -21.89, 0.0027, 30, -71.87, -6.19, 0, 3, 13, 3.75, -22.81, 0.68302, 24, -14.02, -21.16, 0.31696, 30, -71.72, 0.07, 0, 3, 13, 0.74, -17.52, 0.79231, 24, -16.33, -15.53, 0.20768, 30, -71.57, 6.15, 0, 3, 13, -2.42, -11.91, 0.91464, 24, -18.78, -9.57, 0.08534, 30, -71.41, 12.59, 0, 3, 13, -5.16, -7.08, 0.98042, 24, -20.87999, -4.44, 0.01957, 30, -71.26999, 18.14, 0, 3, 13, -7.89, -2.26, 0.99978, 24, -22.99, 0.69, 2.1E-4, 30, -71.12999, 23.69, 0, 1, 13, -9.99, 1.43, 1, 3, 13, -2.08999, -6.17, 0.98042, 24, -17.71999, -3.91, 0.01957, 30, -68.16, 17.35, 0, 3, 13, 3.89, -8.74, 0.95738, 24, -12.1, -7.22, 0.04261, 30, -64.35, 12.06, 0, 4, 13, 9.84, -9.07, 0.7263, 24, -6.24, -8.3, 0.27232, 26, -23.41, -4.42999, 0.00137, 30, -59.42, 8.72, 0, 4, 13, 15.9, -9.96, 0.56931, 24, -0.35, -9.93999, 0.41577, 26, -17.87, -7.05, 0.01491, 30, -54.68, 4.84, 0, 4, 13, 22.47, -9.93999, 0.21085, 24, 6.17, -10.75, 0.67201, 26, -11.59, -8.96, 0.11712, 30, -49.04, 1.47, 0, 4, 13, 27.75, -9.82, 0.10651, 24, 11.42, -11.3, 0.66393, 26, -6.5, -10.39999, 0.22954, 30, -44.45, -1.14, 0, 5, 13, 34.11, -8.68999, 0.06163, 24, 17.87, -10.97, 0.50216, 26, -0.09, -11.18, 0.43548, 28, -20.82, -9.85999, 7.1E-4, 30, -38.41999, -3.43, 0, 4, 13, 39.25999, -7.62, 0.01549, 24, 23.12, -10.56, 0.26462, 26, 5.14, -11.67, 0.68715, 28, -15.63, -10.72, 0.03272, 4, 13, 46.64, -6.12, 0.001, 24, 30.63, -10, 0.09186, 26, 12.63, -12.39, 0.78711, 28, -8.21, -11.97, 0.12001, 4, 24, 36.63, -9.08, 0.02005, 26, 18.70999, -12.51, 0.66133, 28, -2.15, -12.53, 0.31693, 30, -20.48, -9.25, 0.00167, 3, 26, 25.47, -11.56, 0.37384, 28, 4.64, -12.07, 0.60033, 30, -13.69, -9.95, 0.02582, 3, 26, 32.32, -10.22999, 0.11647, 28, 11.57, -11.22, 0.73594, 30, -6.71, -10.31, 0.14758, 4, 26, 38.68999, -9.18999, 0.00989, 28, 18, -10.63, 0.44366, 30, -0.28, -10.82, 0.52979, 31, -16.77, -10.8, 0.01664, 3, 28, 24.86, -9.26, 0.18809, 30, 6.7, -10.64, 0.73049, 31, -9.79, -10.46, 0.0814, 4, 28, 30.75, -7.48, 0.02202, 30, 12.8, -9.89, 0.64519, 31, -3.7, -9.57, 0.32887, 32, -14.7, -10.5, 0.00391, 3, 30, 19.25, -9.87, 0.28143, 31, 2.73, -9.39999, 0.60856, 32, -8.28, -9.92, 0.11, 3, 30, 25.85, -10.93, 0.05496, 31, 9.35, -10.3, 0.49926, 32, -1.61, -10.41, 0.44576, 3, 30, 31.56, -11.79, 0.00694, 31, 15.08, -11.03, 0.20405, 32, 4.14, -10.77, 0.78899, 2, 31, 20.99, -11.03, 0.03365, 32, 10.04, -10.41, 0.96634, 2, 31, 22.6, -6.92, 0.014, 32, 11.39, -6.2, 0.98599, 1, 32, 12.56, -1.82, 1, 3, 24, 89.42, 24.96, 0, 31, 24.76, 1.66, 7.9E-4, 32, 13.01, 2.5, 0.9992, 4, 24, 83.29, 36.57, 0, 30, 40.59999, 13.76, 0.01616, 31, 23.53, 14.73, 0.18231, 32, 10.95, 15.46, 0.80151, 5, 24, 78.66, 37.96, 0, 28, 49.94, 23.03, 0.00141, 30, 36.91999, 16.9, 0.0586, 31, 19.77, 17.78, 0.27656, 32, 7.01, 18.27, 0.66341, 5, 24, 72.53, 36.41, 0, 28, 43.61, 23, 0.00839, 30, 30.68, 17.95, 0.13569, 31, 13.51, 18.68, 0.39347, 32, 0.7, 18.78, 0.46242, 6, 24, 66.6, 33.39, 0, 26, 55.49, 24.23, 0.00206, 28, 37.14, 21.5, 0.03241, 30, 24.05, 17.57, 0.26622, 31, 6.89, 18.15, 0.42623, 32, -5.86, 17.83, 0.27303, 6, 24, 59.06, 29.14, 0, 26, 47.33, 21.32, 0.00779, 28, 28.79, 19.18, 0.06513, 30, 15.43, 16.70999, 0.38145, 31, -1.7, 17.09, 0.40266, 32, -14.37, 16.23, 0.14294, 5, 26, 41.52, 18.57, 0.02899, 28, 22.81, 16.85, 0.15606, 30, 9.13, 15.43, 0.51267, 31, -7.96, 15.67, 0.26257, 32, -20.54, 14.42, 0.03969, 5, 26, 35.64, 16.16, 0.08894, 28, 16.77, 14.87, 0.35446, 30, 2.84, 14.52, 0.44964, 31, -14.23, 14.6, 0.10364, 32, -26.73, 12.96, 0.0033, 5, 24, 43.06, 19.09, 0.00172, 26, 29.85, 14.15, 0.18508, 28, 10.85, 13.27, 0.49076, 30, -3.25, 13.95, 0.28002, 31, -20.32, 13.89, 0.04239, 5, 24, 36.54, 16.61, 0.01223, 26, 23, 12.81, 0.36371, 28, 3.92, 12.43, 0.45686, 30, -10.22, 14.3, 0.14782, 31, -27.3, 14.08, 0.01933, 5, 24, 30.47, 14.89, 0.02226, 26, 16.73, 12.16, 0.52231, 28, -2.36999, 12.22, 0.38486, 30, -16.46999, 15.17, 0.0646, 31, -33.56, 14.81, 0.00594, 5, 24, 24.4, 13.17, 0.16123, 26, 10.45, 11.5, 0.72175, 28, -8.68, 12.01, 0.10526, 30, -22.71, 16.04, 0.01158, 31, -39.83, 15.53, 1.5E-4, 5, 13, 31.15, 14.31, 0.00105, 24, 17.83, 12.22, 0.30987, 26, 3.81, 11.68, 0.67033, 28, -15.29, 12.66, 0.01782, 30, -29.12, 17.81, 8.9E-4, 4, 13, 25.44, 13.13, 0.03002, 24, 12.02, 11.77, 0.55264, 26, -1.98, 12.23, 0.40943, 28, -21.04, 13.62, 0.00788, 4, 13, 19.20999, 11.04, 0.134, 24, 5.58, 10.47999, 0.6298, 26, -8.54, 12.06, 0.23336, 28, -27.6, 13.92, 0.00282, 3, 13, 13.19, 9.68999, 0.46453, 24, -0.56, 9.89, 0.48076, 26, -14.7, 12.53, 0.0547, 3, 13, 7.9, 8.13, 0.88551, 24, -6, 9.01, 0.11369, 26, -20.20999, 12.59, 7.8E-4, 2, 13, 2.56, 6.73, 0.93205, 24, -11.47, 8.3, 0.06793, 1, 13, -2.9, -0.23, 1, 2, 13, 2.8, -1.14, 0.99999, 30, -61.38, 19.12999, 0, 1, 13, 9.08, -1.22, 1, 2, 13, 16.26, -1.04999, 0.5, 24, 1.12, -1.15, 0.5, 1, 24, 8.25, -0.67, 1, 2, 24, 15.26, -0.48, 0.5, 26, -0.87, -0.39, 0.5, 1, 26, 6.15, -1.84, 1, 1, 26, 12.25, -1.17999, 1, 2, 26, 19.12, -0.82, 0.5, 28, -0.91, -0.89, 0.5, 1, 28, 7.48, -0.57, 1, 2, 28, 16.36, 1.19, 0.5, 30, 0.11, 1.11, 0.5, 1, 30, 6.89, 1.16999, 1, 2, 30, 13.44, 1.01, 0.84499, 31, -3.32, 1.34, 0.155, 5, 24, 70.11, 18.85, 0, 28, 37.04, 6.53, 0.00186, 30, 21.4, 2.84, 0.27256, 31, 4.59, 3.37, 0.71102, 32, -7.23, 2.93, 0.01453, 3, 24, 74.92, 20.82, 0, 31, 9.78, 3.36, 0.71439, 32, -2.04, 3.25, 0.2856, 4, 24, 82.44, 23.91, 0, 30, 34.73, 2.51, 0.00345, 31, 17.92, 3.35, 0.17587, 32, 6.07, 3.75, 0.82066, 2, 31, 10, -3.41, 0.69937, 32, -1.4, -3.49, 0.30061, 5, 24, 74.92, 30.35, 0, 28, 44.47, 16.54, 0.00125, 30, 30.43, 11.44, 0.0618, 31, 13.41, 12.17, 0.36807, 32, 1.01, 12.27, 0.56887, 6, 24, 62.01, 23.1, 0, 26, 49.21, 14.86, 6.9E-4, 28, 30.21, 12.6, 0.01705, 30, 15.7, 9.99, 0.36465, 31, -1.27, 10.38, 0.54698, 32, -13.53, 9.56, 0.0706 ],
				"hull": 53,
				"edges": [ 102, 104, 100, 102, 98, 100, 96, 98, 94, 96, 90, 92, 92, 94, 0, 104, 0, 2, 2, 4, 4, 6, 6, 8, 8, 10, 10, 12, 12, 14, 14, 16, 16, 18, 18, 20, 20, 22, 22, 24, 24, 26, 26, 28, 28, 30, 30, 32, 32, 34, 34, 36, 36, 38, 38, 40, 40, 42, 42, 44, 44, 46, 46, 48, 48, 50, 50, 52, 52, 54, 54, 56, 56, 58, 58, 60, 60, 62, 62, 64, 64, 66, 66, 68, 68, 70, 70, 72, 72, 74, 74, 76, 76, 78, 78, 80, 80, 82, 82, 84, 84, 86, 86, 88, 88, 90 ],
				"width": 40,
				"height": 116
			}
		},
		"Rodney_body_normal_twinkle": {
			"Rodney_body_normal_twinkle": { "x": 130.64, "y": 9.18, "rotation": -90, "width": 300, "height": 300 }
		},
		"Rodney_eyes_normal": {
			"Rodney_eyes_damage": { "x": 20.8, "y": -49.36, "width": 300, "height": 300 },
			"Rodney_eyes_normal": { "x": 20.8, "y": -49.36, "width": 300, "height": 300 }
		}
	},
	"damage": {
		"Light_Body": {
			"Body_Change_Light": { "name": "Rodney_ship_body_damage_light", "x": 130.63, "y": 9.19, "rotation": -90, "width": 300, "height": 300 }
		},
		"Rodney_Gun_B_normal": {
			"Gun_B_change": { "name": "Rodney_Gun_B_damage", "x": -11.26, "y": -68.87, "rotation": -162.61, "width": 300, "height": 300 }
		},
		"Rodney_Gun_L_D_normal": {
			"Gun_L_D_change": { "name": "Rodney_Gun_L_D_damage", "x": -50.89, "y": 50.32, "rotation": -0.76, "width": 300, "height": 300 }
		},
		"Rodney_Gun_L_D_normal_light": {
			"Gun_L_D_light_change": { "name": "Rodney_Gun_L_D_damage_light", "x": -50.89, "y": 50.32, "rotation": -0.76, "width": 300, "height": 300 }
		},
		"Rodney_Gun_L_U_normal": {
			"Gun_L_U_change": { "name": "Rodney_Gun_L_U_damage", "x": 3.25, "y": 58.85, "rotation": -46.12, "width": 300, "height": 300 }
		},
		"Rodney_Gun_L_U_normal_light": {
			"Gun_L_U_light_change": { "name": "Rodney_Gun_L_U_damage_light", "x": 3.25, "y": 58.85, "rotation": -46.12, "width": 300, "height": 300 }
		},
		"Rodney_Gun_R_D_normal": {
			"Gun_R_D_change": { "name": "Rodney_Gun_R_D_damage", "x": 7.1, "y": 82.22, "rotation": 32.83, "width": 300, "height": 300 }
		},
		"Rodney_Gun_R_U_normal": {
			"Gun_R_U_change": { "name": "Rodney_Gun_R_U_damage", "x": 48.72, "y": -28.7, "rotation": -54.13, "width": 300, "height": 300 }
		},
		"Rodney_Ship_S_normal": {
			"Ship_S_change": { "name": "Rodney_Ship_S_damage", "x": -7.71, "y": 26.99, "rotation": 104.98, "width": 300, "height": 300 }
		},
		"Rodney_Ship_S_normal_twinkle": {
			"Ship_S_L_change": { "name": "Rodney_Ship_S_damage_twinkle", "x": -7.71, "y": 26.99, "rotation": 104.98, "width": 300, "height": 300 }
		},
		"Rodney_Ship_normal": {
			"Ship_change": { "name": "Rodney_Ship_damage", "x": 13.26, "y": 57.72, "rotation": -3.47, "width": 300, "height": 300 }
		},
		"Rodney_Ship_normal_light": {
			"Ship_light_change": { "name": "Rodney_Ship_damage_light", "x": 13.26, "y": 57.72, "rotation": -3.47, "width": 300, "height": 300 }
		},
		"Rodney_Ship_normal_twinkle": {
			"Ship_L_change": { "name": "Rodney_Ship_damage_twinkle", "x": 13.26, "y": 57.72, "rotation": -3.47, "width": 300, "height": 300 }
		},
		"Rodney_body_normal": {
			"Body_Change": { "name": "Rodney_body_damage", "x": 130.63, "y": 9.19, "rotation": -90, "width": 300, "height": 300 }
		}
	},
	"normal": {
		"Light_Body": {
			"Body_Change_Light": { "name": "Rodney_ship_body_normal_light", "x": 130.63, "y": 9.19, "rotation": -90, "width": 300, "height": 300 }
		},
		"Rodney_Gun_B_normal": {
			"Gun_B_change": { "name": "Rodney_Gun_B_normal", "x": -11.26, "y": -68.87, "rotation": -162.61, "width": 300, "height": 300 }
		},
		"Rodney_Gun_L_D_normal": {
			"Gun_L_D_change": { "name": "Rodney_Gun_L_D_normal", "x": -50.89, "y": 50.32, "rotation": -0.76, "width": 300, "height": 300 }
		},
		"Rodney_Gun_L_D_normal_light": {
			"Gun_L_D_light_change": { "name": "Rodney_Gun_L_D_normal_light", "x": -50.89, "y": 50.32, "rotation": -0.76, "width": 300, "height": 300 }
		},
		"Rodney_Gun_L_U_normal": {
			"Gun_L_U_change": { "name": "Rodney_Gun_L_U_normal", "x": 3.25, "y": 58.85, "rotation": -46.12, "width": 300, "height": 300 }
		},
		"Rodney_Gun_L_U_normal_light": {
			"Gun_L_U_light_change": { "name": "Rodney_Gun_L_U_normal_light", "x": 3.25, "y": 58.85, "rotation": -46.12, "width": 300, "height": 300 }
		},
		"Rodney_Gun_R_D_normal": {
			"Gun_R_D_change": { "name": "Rodney_Gun_R_D_normal", "x": 7.1, "y": 82.22, "rotation": 32.83, "width": 300, "height": 300 }
		},
		"Rodney_Gun_R_U_normal": {
			"Gun_R_U_change": { "name": "Rodney_Gun_R_U_normal", "x": 48.72, "y": -28.7, "rotation": -54.13, "width": 300, "height": 300 }
		},
		"Rodney_Ship_S_normal": {
			"Ship_S_change": { "name": "Rodney_Ship_S_normal", "x": -7.71, "y": 26.99, "rotation": 104.98, "width": 300, "height": 300 }
		},
		"Rodney_Ship_S_normal_twinkle": {
			"Ship_S_L_change": { "name": "Rodney_Ship_S_normal_twinkle", "x": -7.71, "y": 26.99, "rotation": 104.98, "width": 300, "height": 300 }
		},
		"Rodney_Ship_normal": {
			"Ship_change": { "name": "Rodney_Ship_normal", "x": 13.26, "y": 57.72, "rotation": -3.47, "width": 300, "height": 300 }
		},
		"Rodney_Ship_normal_light": {
			"Ship_light_change": { "name": "Rodney_Ship_normal_light", "x": 13.26, "y": 57.72, "rotation": -3.47, "width": 300, "height": 300 }
		},
		"Rodney_Ship_normal_twinkle": {
			"Ship_L_change": { "name": "Rodney_Ship_normal_twinkle", "x": 13.26, "y": 57.72, "rotation": -3.47, "width": 300, "height": 300 }
		},
		"Rodney_body_normal": {
			"Body_Change": { "name": "Rodney_body_normal", "x": 130.64, "y": 9.19, "rotation": -90, "width": 300, "height": 300 }
		}
	}
},
"events": {
	"Antiaircraft": {},
	"attack_point": {},
	"damage_point": {},
	"throw_point": {}
},
"animations": {
	"Antiaircraft": {
		"slots": {
			"Light_Body": {
				"attachment": [
					{ "time": 0, "name": null },
					{ "time": 0.0666, "name": "Body_Change_Light" },
					{ "time": 0.5, "name": null },
					{ "time": 0.6, "name": "Body_Change_Light" },
					{ "time": 1.2666, "name": null },
					{ "time": 1.3666, "name": "Body_Change_Light" },
					{ "time": 2, "name": null }
				],
				"color": [
					{ "time": 0.0666, "color": "ffffffff" },
					{ "time": 0.1666, "color": "ffffff00" },
					{ "time": 0.2, "color": "ffffffff" },
					{ "time": 0.3333, "color": "ffffff00" },
					{ "time": 0.3666, "color": "ffffffff" },
					{ "time": 0.4666, "color": "ffffff00" },
					{ "time": 0.6, "color": "ffffffff" },
					{ "time": 0.7333, "color": "ffffff00" },
					{ "time": 0.8, "color": "ffffffff" },
					{ "time": 0.9, "color": "ffffff00" },
					{ "time": 0.9666, "color": "ffffffff" },
					{ "time": 1.1, "color": "ffffff00" },
					{ "time": 1.1333, "color": "ffffffff" },
					{ "time": 1.2333, "color": "ffffff00" },
					{ "time": 1.3666, "color": "ffffffff" },
					{ "time": 1.4666, "color": "ffffff00" },
					{ "time": 1.5333, "color": "ffffffff" },
					{ "time": 1.6333, "color": "ffffff00" },
					{ "time": 1.7, "color": "ffffffff" },
					{ "time": 1.8333, "color": "ffffff00" },
					{ "time": 1.8666, "color": "ffffffff" },
					{ "time": 1.9666, "color": "ffffff00" }
				]
			},
			"Rodney_Body_Breath": {
				"attachment": [
					{ "time": 0, "name": "Rodney_Body_Breath" },
					{ "time": 0.8666, "name": null },
					{ "time": 1, "name": "Rodney_Body_Breath" },
					{ "time": 1.8666, "name": null }
				],
				"color": [
					{ "time": 0, "color": "ffffff00" },
					{ "time": 0.1666, "color": "ffffffff" },
					{ "time": 0.8333, "color": "ffffff00", "curve": "stepped" },
					{ "time": 1, "color": "ffffff00" },
					{ "time": 1.1666, "color": "ffffffff" },
					{ "time": 1.8333, "color": "ffffff00" }
				]
			},
			"Rodney_Gun_L_D_normal_light": {
				"attachment": [
					{ "time": 0, "name": null },
					{ "time": 0.0666, "name": "Gun_L_D_light_change" },
					{ "time": 0.5, "name": null },
					{ "time": 0.6, "name": "Gun_L_D_light_change" },
					{ "time": 1.2666, "name": null },
					{ "time": 1.3666, "name": "Gun_L_D_light_change" },
					{ "time": 2, "name": null }
				],
				"color": [
					{ "time": 0.0666, "color": "ffffffff" },
					{ "time": 0.1666, "color": "ffffff00" },
					{ "time": 0.2, "color": "ffffffff" },
					{ "time": 0.3333, "color": "ffffff00" },
					{ "time": 0.3666, "color": "ffffffff" },
					{ "time": 0.4666, "color": "ffffff00" },
					{ "time": 0.6, "color": "ffffffff" },
					{ "time": 0.7333, "color": "ffffff00" },
					{ "time": 0.8, "color": "ffffffff" },
					{ "time": 0.9, "color": "ffffff00" },
					{ "time": 0.9666, "color": "ffffffff" },
					{ "time": 1.1, "color": "ffffff00" },
					{ "time": 1.1333, "color": "ffffffff" },
					{ "time": 1.2333, "color": "ffffff00" },
					{ "time": 1.3666, "color": "ffffffff" },
					{ "time": 1.4666, "color": "ffffff00" },
					{ "time": 1.5333, "color": "ffffffff" },
					{ "time": 1.6333, "color": "ffffff00" },
					{ "time": 1.7, "color": "ffffffff" },
					{ "time": 1.8333, "color": "ffffff00" },
					{ "time": 1.8666, "color": "ffffffff" },
					{ "time": 1.9666, "color": "ffffff00" }
				]
			},
			"Rodney_Gun_L_U_normal_light": {
				"attachment": [
					{ "time": 0, "name": null },
					{ "time": 0.0666, "name": "Gun_L_U_light_change" },
					{ "time": 0.5, "name": null },
					{ "time": 0.6, "name": "Gun_L_U_light_change" },
					{ "time": 1.2666, "name": null },
					{ "time": 1.3666, "name": "Gun_L_U_light_change" },
					{ "time": 2, "name": null }
				],
				"color": [
					{ "time": 0.0666, "color": "ffffffff" },
					{ "time": 0.1666, "color": "ffffff00" },
					{ "time": 0.2, "color": "ffffffff" },
					{ "time": 0.3333, "color": "ffffff00" },
					{ "time": 0.3666, "color": "ffffffff" },
					{ "time": 0.4666, "color": "ffffff00" },
					{ "time": 0.6, "color": "ffffffff" },
					{ "time": 0.7333, "color": "ffffff00" },
					{ "time": 0.8, "color": "ffffffff" },
					{ "time": 0.9, "color": "ffffff00" },
					{ "time": 0.9666, "color": "ffffffff" },
					{ "time": 1.1, "color": "ffffff00" },
					{ "time": 1.1333, "color": "ffffffff" },
					{ "time": 1.2333, "color": "ffffff00" },
					{ "time": 1.3666, "color": "ffffffff" },
					{ "time": 1.4666, "color": "ffffff00" },
					{ "time": 1.5333, "color": "ffffffff" },
					{ "time": 1.6333, "color": "ffffff00" },
					{ "time": 1.7, "color": "ffffffff" },
					{ "time": 1.8333, "color": "ffffff00" },
					{ "time": 1.8666, "color": "ffffffff" },
					{ "time": 1.9666, "color": "ffffff00" }
				]
			},
			"Rodney_Ship_S_normal_twinkle": {
				"color": [
					{ "time": 0, "color": "ffffff61" },
					{ "time": 1, "color": "ffffffff" },
					{ "time": 1.6666, "color": "ffffff12" },
					{ "time": 2, "color": "ffffff61" }
				]
			},
			"Rodney_Ship_normal_light": {
				"attachment": [
					{ "time": 0, "name": null },
					{ "time": 0.0666, "name": "Ship_light_change" },
					{ "time": 0.5, "name": null },
					{ "time": 0.6, "name": "Ship_light_change" },
					{ "time": 1.2666, "name": null },
					{ "time": 1.3666, "name": "Ship_light_change" },
					{ "time": 2, "name": null }
				],
				"color": [
					{ "time": 0.0666, "color": "ffffffff" },
					{ "time": 0.1666, "color": "ffffff00" },
					{ "time": 0.2, "color": "ffffffff" },
					{ "time": 0.3333, "color": "ffffff00" },
					{ "time": 0.3666, "color": "ffffffff" },
					{ "time": 0.4666, "color": "ffffff00" },
					{ "time": 0.6, "color": "ffffffff" },
					{ "time": 0.7333, "color": "ffffff00" },
					{ "time": 0.8, "color": "ffffffff" },
					{ "time": 0.9, "color": "ffffff00" },
					{ "time": 0.9666, "color": "ffffffff" },
					{ "time": 1.1, "color": "ffffff00" },
					{ "time": 1.1333, "color": "ffffffff" },
					{ "time": 1.2333, "color": "ffffff00" },
					{ "time": 1.3666, "color": "ffffffff" },
					{ "time": 1.4666, "color": "ffffff00" },
					{ "time": 1.5333, "color": "ffffffff" },
					{ "time": 1.6333, "color": "ffffff00" },
					{ "time": 1.7, "color": "ffffffff" },
					{ "time": 1.8333, "color": "ffffff00" },
					{ "time": 1.8666, "color": "ffffffff" },
					{ "time": 1.9666, "color": "ffffff00" }
				]
			},
			"Rodney_Ship_normal_twinkle": {
				"color": [
					{ "time": 0, "color": "ffffff61" },
					{ "time": 0.6666, "color": "ffffffff" },
					{ "time": 1.3333, "color": "ffffff12" },
					{ "time": 2, "color": "ffffff61" }
				]
			},
			"Rodney_body_normal": {
				"attachment": [
					{ "time": 0, "name": "Body_Change" }
				]
			},
			"Rodney_body_normal_twinkle": {
				"color": [
					{ "time": 0, "color": "ffffff61" },
					{ "time": 0.3333, "color": "ffffffff" },
					{ "time": 1, "color": "ffffff12" },
					{ "time": 2, "color": "ffffff61" }
				]
			}
		},
		"bones": {
			"Body": {
				"rotate": [
					{ "time": 0, "angle": 0, "curve": "stepped" },
					{ "time": 2, "angle": 0 }
				],
				"translate": [
					{ "time": 0, "x": 0, "y": 0, "curve": "stepped" },
					{ "time": 2, "x": 0, "y": 0 }
				]
			},
			"Gun_04": {
				"rotate": [
					{ "time": 0, "angle": 0 },
					{ "time": 0.5, "angle": -4.32 },
					{ "time": 1.5, "angle": 4.56 },
					{ "time": 2, "angle": 0 }
				],
				"translate": [
					{ "time": 0, "x": 0, "y": 0 },
					{ "time": 0.5, "x": 5.96, "y": 0.11 },
					{ "time": 1.5, "x": -5.17, "y": -1.8 },
					{ "time": 2, "x": 0, "y": 0 }
				]
			},
			"Breath": {
				"translate": [
					{
						"time": 0,
						"x": 0,
						"y": 0,
						"curve": [ 0.171, 0.6, 0.526, 0.84 ]
					},
					{ "time": 0.8333, "x": -10.24, "y": -20.38 },
					{
						"time": 1,
						"x": 0,
						"y": 0,
						"curve": [ 0.171, 0.6, 0.526, 0.84 ]
					},
					{ "time": 1.8333, "x": -10.24, "y": -20.38 }
				],
				"scale": [
					{
						"time": 0,
						"x": 1,
						"y": 1,
						"curve": [ 0.171, 0.6, 0.526, 0.84 ]
					},
					{ "time": 0.8333, "x": 1.5, "y": 1.5 },
					{
						"time": 1,
						"x": 1,
						"y": 1,
						"curve": [ 0.171, 0.6, 0.526, 0.84 ]
					},
					{ "time": 1.8333, "x": 1.5, "y": 1.5 }
				]
			},
			"Scarf_06": {
				"rotate": [
					{ "time": 0, "angle": 0 },
					{ "time": 0.5, "angle": 22.87 },
					{ "time": 1.5, "angle": -14.12 },
					{ "time": 2, "angle": 0 }
				]
			},
			"Gun_00": {
				"rotate": [
					{ "time": 0, "angle": 0 },
					{ "time": 0.5, "angle": 2.59 },
					{ "time": 1.5, "angle": -3.42 },
					{ "time": 2, "angle": 0 }
				],
				"translate": [
					{ "time": 0, "x": 0, "y": 0 },
					{ "time": 0.5, "x": 5.47, "y": 0.33 },
					{ "time": 1.5, "x": -1.22, "y": 1.33 },
					{ "time": 2, "x": 0, "y": 0 }
				]
			},
			"Hair_02": {
				"rotate": [
					{ "time": 0, "angle": 0 },
					{ "time": 0.8333, "angle": 8.79 },
					{ "time": 2, "angle": 0 }
				]
			},
			"Hair_04": {
				"rotate": [
					{ "time": 0, "angle": 0 },
					{ "time": 0.8333, "angle": 8.79 },
					{ "time": 2, "angle": 0 }
				]
			},
			"Scarf_01": {
				"rotate": [
					{ "time": 0, "angle": 0 },
					{ "time": 0.5, "angle": -10.75 },
					{ "time": 1.5, "angle": 5.9 },
					{ "time": 2, "angle": 0 }
				]
			},
			"Face": {
				"rotate": [
					{ "time": 0, "angle": 0, "curve": "stepped" },
					{ "time": 2, "angle": 0 }
				],
				"translate": [
					{
						"time": 0,
						"x": 0,
						"y": 0,
						"curve": [ 0.286, 0.34, 0.623, 0.67 ]
					},
					{
						"time": 0.5,
						"x": 0.64,
						"y": 0,
						"curve": [ 0.282, 0.37, 0.624, 0.71 ]
					},
					{
						"time": 1.5,
						"x": -1.28,
						"y": 0,
						"curve": [ 0.321, 0.37, 0.656, 0.71 ]
					},
					{ "time": 2, "x": 0, "y": 0 }
				]
			},
			"Gun_05": {
				"rotate": [
					{ "time": 0, "angle": 0 },
					{ "time": 0.5, "angle": -7.67 },
					{ "time": 1.5, "angle": 7.32 },
					{ "time": 2, "angle": 0 }
				]
			},
			"Ship_All": {
				"rotate": [
					{ "time": 0, "angle": 0, "curve": "stepped" },
					{ "time": 2, "angle": 0 }
				],
				"translate": [
					{ "time": 0, "x": 0, "y": 0, "curve": "stepped" },
					{ "time": 2, "x": 0, "y": 0 }
				]
			},
			"Gun_02": {
				"rotate": [
					{ "time": 0, "angle": 0 },
					{ "time": 0.5, "angle": -6.35 },
					{ "time": 1.5, "angle": -11.54 },
					{ "time": 2, "angle": 0 }
				]
			},
			"Scarf_03": {
				"rotate": [
					{ "time": 0, "angle": 0 },
					{ "time": 0.5, "angle": -16.49 },
					{ "time": 1.5, "angle": -17.42 },
					{ "time": 2, "angle": 0 }
				]
			},
			"Root_All": {
				"rotate": [
					{ "time": 0, "angle": 0, "curve": "stepped" },
					{ "time": 2, "angle": 0 }
				],
				"translate": [
					{
						"time": 0,
						"x": 0,
						"y": 0,
						"curve": [ 0.255, 0.35, 0.6, 0.7 ]
					},
					{
						"time": 0.5,
						"x": 0,
						"y": -9.82,
						"curve": [ 0.3, 0.39, 0.641, 0.74 ]
					},
					{
						"time": 1,
						"x": 0,
						"y": -15.66,
						"curve": [ 0.322, 0.37, 0.652, 0.7 ]
					},
					{
						"time": 1.5,
						"x": 0,
						"y": -7.79,
						"curve": [ 0.314, 0.36, 0.644, 0.68 ]
					},
					{ "time": 2, "x": 0, "y": 0 }
				]
			},
			"Hair_00": {
				"rotate": [
					{ "time": 0, "angle": 0 },
					{ "time": 0.8333, "angle": -4.25 },
					{ "time": 2, "angle": 0 }
				]
			},
			"Gun_01": {
				"rotate": [
					{ "time": 0, "angle": 0 },
					{ "time": 0.5, "angle": -6.65 },
					{ "time": 1.5, "angle": 7 },
					{ "time": 2, "angle": 0 }
				]
			},
			"Scarf_02": {
				"rotate": [
					{ "time": 0, "angle": 0 },
					{ "time": 0.5, "angle": -26.39 },
					{ "time": 1.5, "angle": -0.71 },
					{ "time": 2, "angle": 0 }
				]
			},
			"Hair_01": {
				"rotate": [
					{ "time": 0, "angle": 0 },
					{ "time": 0.8333, "angle": 8.79 },
					{ "time": 2, "angle": 0 }
				]
			},
			"Scarf_00": {
				"rotate": [
					{ "time": 0, "angle": 0 },
					{ "time": 0.5, "angle": 21.92 },
					{ "time": 1.5, "angle": 20.48 },
					{ "time": 2, "angle": 0 }
				]
			},
			"Scarf_05": {
				"rotate": [
					{ "time": 0, "angle": 0 },
					{ "time": 0.5, "angle": 15.94 },
					{ "time": 1.5, "angle": -14.76 },
					{ "time": 2, "angle": 0 }
				]
			},
			"Gun_03": {
				"rotate": [
					{ "time": 0, "angle": 0 },
					{ "time": 0.5, "angle": 3.96 },
					{ "time": 1.5, "angle": -6.83 },
					{ "time": 2, "angle": 0 }
				]
			},
			"Scarf_04": {
				"rotate": [
					{ "time": 0, "angle": 0 },
					{ "time": 0.5, "angle": -20.46 },
					{ "time": 1.5, "angle": -27.8 },
					{ "time": 2, "angle": 0 }
				]
			},
			"Gun_06": {
				"rotate": [
					{ "time": 0, "angle": 0 },
					{ "time": 0.5, "angle": 3.21 },
					{ "time": 1.5, "angle": 12.43 },
					{ "time": 2, "angle": 0 }
				]
			},
			"Hair_03": {
				"rotate": [
					{ "time": 0, "angle": 0 },
					{ "time": 0.8333, "angle": 8.79 },
					{ "time": 2, "angle": 0 }
				]
			}
		},
		"events": [
			{ "time": 0.0666, "name": "Antiaircraft" }
		]
	},
	"attack": {
		"slots": {
			"Light_Body": {
				"attachment": [
					{ "time": 0, "name": null },
					{ "time": 0.0666, "name": null },
					{ "time": 0.1, "name": "Body_Change_Light" },
					{ "time": 0.5, "name": "Body_Change_Light" }
				],
				"color": [
					{ "time": 0.5333, "color": "fffffffb" },
					{ "time": 0.8333, "color": "ffffff00" }
				]
			},
			"Rodney_Body_Breath": {
				"attachment": [
					{ "time": 0.5, "name": "Rodney_Body_Breath" },
					{ "time": 1.3666, "name": null }
				],
				"color": [
					{ "time": 0.5, "color": "ffffff00" },
					{ "time": 0.6666, "color": "ffffffff" },
					{ "time": 1.3333, "color": "ffffff00" }
				]
			},
			"Rodney_Gun_L_D_normal_light": {
				"attachment": [
					{ "time": 0, "name": null },
					{ "time": 0.1, "name": "Gun_L_D_light_change" },
					{ "time": 0.9, "name": null }
				],
				"color": [
					{ "time": 0.5333, "color": "ffffffff" },
					{ "time": 0.8333, "color": "ffffff00" }
				]
			},
			"Rodney_Gun_L_U_normal_light": {
				"attachment": [
					{ "time": 0, "name": null },
					{ "time": 0.1, "name": "Gun_L_U_light_change" },
					{ "time": 0.9, "name": null }
				],
				"color": [
					{ "time": 0.5333, "color": "ffffffff" },
					{ "time": 0.8333, "color": "ffffff00" }
				]
			},
			"Rodney_Ship_S_normal_twinkle": {
				"color": [
					{ "time": 0, "color": "ffffff61" },
					{ "time": 1, "color": "ffffffff" },
					{ "time": 1.6666, "color": "ffffff61" }
				]
			},
			"Rodney_Ship_normal_light": {
				"attachment": [
					{ "time": 0, "name": null },
					{ "time": 0.1, "name": "Ship_light_change" },
					{ "time": 0.9, "name": null }
				],
				"color": [
					{ "time": 0.5333, "color": "ffffffff" },
					{ "time": 0.8333, "color": "ffffff00" }
				]
			},
			"Rodney_Ship_normal_twinkle": {
				"color": [
					{ "time": 0, "color": "ffffff61" },
					{ "time": 0.6666, "color": "ffffffff" },
					{ "time": 1.3333, "color": "ffffff12" },
					{ "time": 1.6666, "color": "ffffff61" }
				]
			},
			"Rodney_body_normal": {
				"attachment": [
					{ "time": 0, "name": "Body_Change" },
					{ "time": 0.9, "name": "Body_Change" }
				]
			},
			"Rodney_body_normal_twinkle": {
				"color": [
					{ "time": 0, "color": "ffffff61" },
					{ "time": 0.3333, "color": "ffffffff" },
					{ "time": 1, "color": "ffffff12" },
					{ "time": 1.6666, "color": "ffffff61" }
				]
			}
		},
		"bones": {
			"Root_All": {
				"rotate": [
					{ "time": 0, "angle": 0, "curve": "stepped" },
					{ "time": 1.6666, "angle": 0 }
				],
				"translate": [
					{
						"time": 0,
						"x": 0,
						"y": 0,
						"curve": [ 0.255, 0.35, 0.6, 0.7 ]
					},
					{ "time": 0.0666, "x": 8.69, "y": 0 },
					{ "time": 0.1666, "x": -87.44, "y": 0 },
					{ "time": 0.3333, "x": -61.04, "y": 0 },
					{ "time": 0.5333, "x": -69.84, "y": 0 },
					{ "time": 1, "x": -85.6, "y": 0 },
					{ "time": 1.4, "x": 15.07, "y": 0 },
					{ "time": 1.6666, "x": 0, "y": 0 }
				]
			},
			"Face": {
				"rotate": [
					{ "time": 0, "angle": 0, "curve": "stepped" },
					{ "time": 1.6666, "angle": 0 }
				],
				"translate": [
					{
						"time": 0,
						"x": 0,
						"y": 0,
						"curve": [ 0.286, 0.34, 0.623, 0.67 ]
					},
					{ "time": 0.1666, "x": 0, "y": 3.4 },
					{ "time": 0.3333, "x": 0, "y": -0.66 },
					{ "time": 0.9, "x": 0, "y": -1.2 },
					{ "time": 1, "x": 0, "y": -0.44 },
					{ "time": 1.4, "x": 0, "y": -5.01 },
					{ "time": 1.6666, "x": 0, "y": 0 }
				]
			},
			"Ship_All": {
				"rotate": [
					{ "time": 0, "angle": 0, "curve": "stepped" },
					{ "time": 1.6666, "angle": 0 }
				],
				"translate": [
					{ "time": 0, "x": 0, "y": 0, "curve": "stepped" },
					{ "time": 1.6666, "x": 0, "y": 0 }
				]
			},
			"Body": {
				"rotate": [
					{ "time": 0, "angle": 0, "curve": "stepped" },
					{ "time": 1.6666, "angle": 0 }
				],
				"translate": [
					{ "time": 0, "x": 0, "y": 0, "curve": "stepped" },
					{ "time": 1.6666, "x": 0, "y": 0 }
				]
			},
			"Attack_Point": {
				"rotate": [
					{ "time": 0.0666, "angle": 0 }
				],
				"translate": [
					{ "time": 0.0666, "x": 0, "y": 0 }
				]
			},
			"Gun_02": {
				"rotate": [
					{ "time": 0, "angle": 0 },
					{ "time": 0.1333, "angle": 5.73 },
					{ "time": 0.3333, "angle": 12.22 },
					{ "time": 0.8333, "angle": -4.74 },
					{ "time": 1.6666, "angle": 0 }
				]
			},
			"Gun_01": {
				"rotate": [
					{ "time": 0, "angle": 0 },
					{ "time": 0.1333, "angle": -44.1 },
					{ "time": 0.3333, "angle": 21.72 },
					{ "time": 0.8333, "angle": -4.48 },
					{ "time": 1.6666, "angle": 0 }
				]
			},
			"Gun_00": {
				"rotate": [
					{ "time": 0, "angle": 0 },
					{ "time": 0.0666, "angle": -10.62 },
					{ "time": 0.2333, "angle": 12.53 },
					{ "time": 0.5, "angle": -3.36 },
					{ "time": 0.9, "angle": 2.79 },
					{ "time": 1.3333, "angle": -1.53 },
					{ "time": 1.6666, "angle": 0 }
				],
				"translate": [
					{ "time": 0, "x": 0, "y": 0 },
					{ "time": 0.0666, "x": -0.42, "y": -3.4 },
					{ "time": 0.2333, "x": -1.69, "y": 1.51 },
					{ "time": 1.6666, "x": 0, "y": 0 }
				]
			},
			"Gun_04": {
				"rotate": [
					{ "time": 0, "angle": 0 },
					{ "time": 0.0666, "angle": -5.28 },
					{ "time": 0.2333, "angle": -327.29 },
					{ "time": 0.5, "angle": -2.29 },
					{ "time": 0.9, "angle": 11.53 },
					{ "time": 1.3333, "angle": 1.78 },
					{ "time": 1.6666, "angle": 0 }
				],
				"translate": [
					{ "time": 0, "x": 0, "y": 0 },
					{ "time": 0.0666, "x": -20.01, "y": -1.89 },
					{ "time": 0.2333, "x": 1.81, "y": 10.8 },
					{ "time": 0.5, "x": -10.2, "y": 8.81 },
					{ "time": 0.9, "x": -3.25, "y": 5.58 },
					{ "time": 1.3333, "x": -1.8, "y": 2.51 },
					{ "time": 1.6666, "x": 0, "y": 0 }
				]
			},
			"Breath": {
				"translate": [
					{
						"time": 0.5,
						"x": 0,
						"y": 0,
						"curve": [ 0.171, 0.6, 0.526, 0.84 ]
					},
					{ "time": 1.3333, "x": -10.24, "y": -20.38 }
				],
				"scale": [
					{
						"time": 0.5,
						"x": 1,
						"y": 1,
						"curve": [ 0.171, 0.6, 0.526, 0.84 ]
					},
					{ "time": 1.3333, "x": 1.5, "y": 1.5 }
				]
			},
			"Gun_05": {
				"rotate": [
					{ "time": 0, "angle": 0 },
					{ "time": 0.1333, "angle": -75.78 },
					{ "time": 0.3333, "angle": -328.59 },
					{ "time": 0.8333, "angle": -11.38 },
					{ "time": 1.6666, "angle": 0 }
				]
			},
			"Gun_06": {
				"rotate": [
					{ "time": 0, "angle": 0 },
					{ "time": 0.1333, "angle": 14.02 },
					{ "time": 0.3333, "angle": 17.38 },
					{ "time": 0.8333, "angle": 15.11 },
					{ "time": 1.6666, "angle": 0 }
				]
			},
			"Gun_03": {
				"rotate": [
					{ "time": 0, "angle": 0 },
					{ "time": 0.1, "angle": -322.43 },
					{ "time": 0.5, "angle": -4.26 },
					{ "time": 0.9, "angle": 17.38 },
					{ "time": 1.3, "angle": -6.56 },
					{ "time": 1.6666, "angle": 0 }
				]
			},
			"Scarf_00": {
				"rotate": [
					{ "time": 0, "angle": 0 },
					{ "time": 0.2666, "angle": 25.68 },
					{ "time": 0.5, "angle": 21.62 },
					{ "time": 0.8333, "angle": 22.53 },
					{ "time": 1.2333, "angle": 19.25 },
					{ "time": 1.6666, "angle": 0 }
				]
			},
			"Scarf_06": {
				"rotate": [
					{ "time": 0, "angle": 0 },
					{ "time": 0.2666, "angle": 26.15 },
					{ "time": 0.5, "angle": 22.57 },
					{ "time": 0.8333, "angle": -12.07 },
					{ "time": 1.2333, "angle": 19.72 },
					{ "time": 1.6666, "angle": 0 }
				]
			},
			"Scarf_05": {
				"rotate": [
					{ "time": 0, "angle": 0 },
					{ "time": 0.2666, "angle": 22.69 },
					{ "time": 0.5, "angle": 15.64 },
					{ "time": 0.8333, "angle": -12.71 },
					{ "time": 1.2333, "angle": 16.26 },
					{ "time": 1.6666, "angle": 0 }
				]
			},
			"Scarf_04": {
				"rotate": [
					{ "time": 0, "angle": 0 },
					{ "time": 0.2666, "angle": 4.48 },
					{ "time": 0.5, "angle": -20.76 },
					{ "time": 0.8333, "angle": -25.75 },
					{ "time": 1.2333, "angle": -1.94 },
					{ "time": 1.6666, "angle": 0 }
				]
			},
			"Scarf_03": {
				"rotate": [
					{ "time": 0, "angle": 0 },
					{ "time": 0.2666, "angle": 6.47 },
					{ "time": 0.5, "angle": -16.79 },
					{ "time": 0.8333, "angle": -15.37 },
					{ "time": 1.2333, "angle": 0.04 },
					{ "time": 1.6666, "angle": 0 }
				]
			},
			"Scarf_02": {
				"rotate": [
					{ "time": 0, "angle": 0 },
					{ "time": 0.2666, "angle": 1.52 },
					{ "time": 0.5, "angle": -26.69 },
					{ "time": 0.8333, "angle": 1.34 },
					{ "time": 1.2333, "angle": -4.9 },
					{ "time": 1.6666, "angle": 0 }
				]
			},
			"Scarf_01": {
				"rotate": [
					{ "time": 0, "angle": 0 },
					{ "time": 0.2666, "angle": 9.33 },
					{ "time": 0.5, "angle": -11.06 },
					{ "time": 0.8333, "angle": 7.95 },
					{ "time": 1.2333, "angle": 2.91 },
					{ "time": 1.6666, "angle": 0 }
				]
			},
			"Hair_00": {
				"rotate": [
					{ "time": 0, "angle": 0 },
					{ "time": 0.1666, "angle": 10.05 },
					{ "time": 0.3333, "angle": -6.07 },
					{ "time": 0.8333, "angle": -4.25 },
					{ "time": 1.6666, "angle": 0 }
				]
			},
			"Hair_04": {
				"rotate": [
					{ "time": 0, "angle": 0 },
					{ "time": 0.1666, "angle": 12.15 },
					{ "time": 0.3333, "angle": -1.23 },
					{ "time": 0.8333, "angle": 8.79 },
					{ "time": 1.6666, "angle": 0 }
				]
			},
			"Hair_03": {
				"rotate": [
					{ "time": 0, "angle": 0 },
					{ "time": 0.1666, "angle": 12.15 },
					{ "time": 0.3333, "angle": -1.23 },
					{ "time": 0.8333, "angle": 8.79 },
					{ "time": 1.6666, "angle": 0 }
				]
			},
			"Hair_02": {
				"rotate": [
					{ "time": 0, "angle": 0 },
					{ "time": 0.1666, "angle": 12.15 },
					{ "time": 0.3333, "angle": -1.23 },
					{ "time": 0.8333, "angle": 8.79 },
					{ "time": 1.6666, "angle": 0 }
				]
			},
			"Hair_01": {
				"rotate": [
					{ "time": 0, "angle": 0 },
					{ "time": 0.1666, "angle": 12.15 },
					{ "time": 0.3333, "angle": -1.23 },
					{ "time": 0.8333, "angle": 8.79 },
					{ "time": 1.6666, "angle": 0 }
				]
			}
		},
		"events": [
			{ "time": 0.0666, "name": "attack_point" }
		]
	},
	"damage": {
		"slots": {
			"Light_Body": {
				"attachment": [
					{ "time": 0, "name": null },
					{ "time": 0.0666, "name": "Body_Change_Light" },
					{ "time": 0.7666, "name": null }
				],
				"color": [
					{ "time": 0.5333, "color": "fffffffc" },
					{ "time": 0.7666, "color": "ffffff00" }
				]
			},
			"Rodney_Body_Breath": {
				"attachment": [
					{ "time": 0.3, "name": "Rodney_Body_Breath" },
					{ "time": 1.1666, "name": null }
				],
				"color": [
					{ "time": 0.3, "color": "ffffff00" },
					{ "time": 0.4666, "color": "ffffffff" },
					{ "time": 1.1333, "color": "ffffff00" }
				]
			},
			"Rodney_Gun_B_normal": {
				"color": [
					{ "time": 0.0666, "color": "8c4c51ff", "curve": "stepped" },
					{ "time": 0.7666, "color": "8c4c51ff" },
					{ "time": 1.1333, "color": "ffffffff" }
				]
			},
			"Rodney_Gun_L_D_normal": {
				"color": [
					{ "time": 0.0666, "color": "8c4c51ff", "curve": "stepped" },
					{ "time": 0.7666, "color": "8c4c51ff" },
					{ "time": 1.1333, "color": "ffffffff" }
				]
			},
			"Rodney_Gun_L_D_normal_light": {
				"attachment": [
					{ "time": 0, "name": null },
					{ "time": 0.0666, "name": "Gun_L_D_light_change" },
					{ "time": 0.7666, "name": null }
				],
				"color": [
					{ "time": 0.0666, "color": "ffffffff", "curve": "stepped" },
					{ "time": 0.5333, "color": "ffffffff" },
					{ "time": 0.7666, "color": "ffffff00" }
				]
			},
			"Rodney_Gun_L_U_normal": {
				"color": [
					{ "time": 0.0666, "color": "8c4c51ff", "curve": "stepped" },
					{ "time": 0.7666, "color": "8c4c51ff" },
					{ "time": 1.1333, "color": "ffffffff" }
				]
			},
			"Rodney_Gun_L_U_normal_light": {
				"attachment": [
					{ "time": 0, "name": null },
					{ "time": 0.0666, "name": "Gun_L_U_light_change" },
					{ "time": 0.7666, "name": null }
				],
				"color": [
					{ "time": 0.5333, "color": "ffffffff" },
					{ "time": 0.7666, "color": "ffffff00" }
				]
			},
			"Rodney_Gun_R_D_normal": {
				"color": [
					{ "time": 0.0666, "color": "8c4c51ff", "curve": "stepped" },
					{ "time": 0.7666, "color": "8c4c51ff" },
					{ "time": 1.1333, "color": "ffffffff" }
				]
			},
			"Rodney_Gun_R_U_normal": {
				"color": [
					{ "time": 0.0666, "color": "8c4c51ff", "curve": "stepped" },
					{ "time": 0.7666, "color": "8c4c51ff" },
					{ "time": 1.1333, "color": "ffffffff" }
				]
			},
			"Rodney_Ship_S_normal": {
				"color": [
					{ "time": 0.0666, "color": "8c4c51ff", "curve": "stepped" },
					{ "time": 0.7666, "color": "8c4c51ff" },
					{ "time": 1.1333, "color": "ffffffff" }
				]
			},
			"Rodney_Ship_S_normal_twinkle": {
				"color": [
					{ "time": 0, "color": "ffffff61" },
					{ "time": 0.3666, "color": "ffffffff" },
					{ "time": 0.7666, "color": "ffffff12" },
					{ "time": 1.1666, "color": "ffffff61" }
				]
			},
			"Rodney_Ship_normal": {
				"color": [
					{ "time": 0.0666, "color": "8c4c51ff", "curve": "stepped" },
					{ "time": 0.7666, "color": "8c4c51ff" },
					{ "time": 1.1333, "color": "ffffffff" }
				]
			},
			"Rodney_Ship_normal_light": {
				"attachment": [
					{ "time": 0, "name": null },
					{ "time": 0.0666, "name": "Ship_light_change" },
					{ "time": 0.7666, "name": null }
				],
				"color": [
					{ "time": 0.5333, "color": "ffffffff" },
					{ "time": 0.7666, "color": "ffffff00" }
				]
			},
			"Rodney_Ship_normal_twinkle": {
				"color": [
					{ "time": 0, "color": "ffffff61" },
					{ "time": 0.5666, "color": "ffffffff" },
					{ "time": 0.9, "color": "ffffff12" },
					{ "time": 1.1666, "color": "ffffff61" }
				]
			},
			"Rodney_body_Hair": {
				"color": [
					{ "time": 0.0666, "color": "8c4c51ff", "curve": "stepped" },
					{ "time": 0.7666, "color": "8c4c51ff" },
					{ "time": 1.1333, "color": "ffffffff" }
				]
			},
			"Rodney_body_Scarf": {
				"color": [
					{ "time": 0.0666, "color": "8c4c51ff", "curve": "stepped" },
					{ "time": 0.7666, "color": "8c4c51ff" },
					{ "time": 1.1333, "color": "ffffffff" }
				]
			},
			"Rodney_body_normal": {
				"attachment": [
					{ "time": 0, "name": "Body_Change" },
					{ "time": 0.8666, "name": "Body_Change" }
				],
				"color": [
					{ "time": 0.0666, "color": "8c4c51ff", "curve": "stepped" },
					{ "time": 0.7666, "color": "8c4c51ff" },
					{ "time": 1.1333, "color": "ffffffff" }
				]
			},
			"Rodney_body_normal_twinkle": {
				"color": [
					{ "time": 0, "color": "ffffff61" },
					{ "time": 0.1666, "color": "ffffffff" },
					{ "time": 0.6, "color": "ffffff12" },
					{ "time": 1.1666, "color": "ffffff61" }
				]
			},
			"Rodney_eyes_normal": {
				"attachment": [
					{ "time": 0.0666, "name": "Rodney_eyes_damage" },
					{ "time": 1.1333, "name": "Rodney_eyes_normal" }
				],
				"color": [
					{ "time": 0.0666, "color": "8c4c51ff", "curve": "stepped" },
					{ "time": 0.7666, "color": "8c4c51ff" },
					{ "time": 1.1333, "color": "ffffffff" }
				]
			}
		},
		"bones": {
			"Root_All": {
				"rotate": [
					{ "time": 0, "angle": 0, "curve": "stepped" },
					{ "time": 1.1666, "angle": 0 }
				],
				"translate": [
					{
						"time": 0,
						"x": 0,
						"y": 0,
						"curve": [ 0.255, 0.35, 0.6, 0.7 ]
					},
					{ "time": 0.0666, "x": -27.67, "y": -23.16 },
					{ "time": 0.1333, "x": 20.98, "y": 15.35 },
					{ "time": 0.2333, "x": -19.78, "y": -15.62 },
					{ "time": 0.3666, "x": 14.36, "y": 8.59 },
					{ "time": 0.5666, "x": -3.37, "y": -4.5 },
					{ "time": 0.8666, "x": 5.63, "y": 2.25 },
					{ "time": 1.1666, "x": 0, "y": 0 }
				]
			},
			"Face": {
				"rotate": [
					{ "time": 0, "angle": 0, "curve": "stepped" },
					{ "time": 1.1666, "angle": 0 }
				],
				"translate": [
					{
						"time": 0,
						"x": 0,
						"y": 0,
						"curve": [ 0.286, 0.34, 0.623, 0.67 ]
					},
					{ "time": 0.0666, "x": -5.44, "y": 0 },
					{ "time": 0.1333, "x": -0.44, "y": 0 },
					{ "time": 0.2333, "x": -5.06, "y": 0 },
					{ "time": 0.3666, "x": -2.01, "y": 0 },
					{ "time": 1.1666, "x": 0, "y": 0 }
				]
			},
			"Ship_All": {
				"rotate": [
					{ "time": 0, "angle": 0, "curve": "stepped" },
					{ "time": 1.1666, "angle": 0 }
				],
				"translate": [
					{ "time": 0, "x": 0, "y": 0, "curve": "stepped" },
					{ "time": 1.1666, "x": 0, "y": 0 }
				]
			},
			"Body": {
				"rotate": [
					{ "time": 0, "angle": 0, "curve": "stepped" },
					{ "time": 1.1666, "angle": 0 }
				],
				"translate": [
					{ "time": 0, "x": 0, "y": 0, "curve": "stepped" },
					{ "time": 1.1666, "x": 0, "y": 0 }
				]
			},
			"Damage_Point": {
				"rotate": [
					{ "time": 0.0666, "angle": 0 }
				],
				"translate": [
					{ "time": 0.0666, "x": 0, "y": 0 }
				]
			},
			"Gun_02": {
				"rotate": [
					{ "time": 0, "angle": 0 },
					{ "time": 0.0666, "angle": -24.67 },
					{ "time": 0.1666, "angle": 4.67 },
					{ "time": 0.4, "angle": -19.68 },
					{ "time": 0.8333, "angle": -2.53 },
					{ "time": 1.1666, "angle": 0 }
				]
			},
			"Gun_01": {
				"rotate": [
					{ "time": 0, "angle": 0 },
					{ "time": 0.0666, "angle": -14.69 },
					{ "time": 0.1666, "angle": 3.76 },
					{ "time": 0.4, "angle": -10.85 },
					{ "time": 0.8333, "angle": 5.34 },
					{ "time": 1.1666, "angle": 0 }
				]
			},
			"Gun_00": {
				"rotate": [
					{ "time": 0, "angle": 0 },
					{ "time": 0.0666, "angle": -5.04 },
					{ "time": 0.1666, "angle": 4.67 },
					{ "time": 0.4, "angle": -2.92 },
					{ "time": 0.8333, "angle": 2.42 },
					{ "time": 1.1666, "angle": 0 }
				],
				"translate": [
					{ "time": 0, "x": 0, "y": 0 },
					{ "time": 0.0666, "x": 2.59, "y": -0.07 },
					{ "time": 0.1666, "x": 0.45, "y": -0.33 },
					{ "time": 0.4, "x": 2.29, "y": -0.24 },
					{ "time": 0.8333, "x": -0.93, "y": -0.3 },
					{ "time": 1.1666, "x": 0, "y": 0 }
				]
			},
			"Gun_04": {
				"rotate": [
					{ "time": 0, "angle": 0 },
					{ "time": 0.0666, "angle": -10.63 },
					{ "time": 0.1666, "angle": 4.58 },
					{ "time": 0.4, "angle": 4.22 },
					{ "time": 0.8333, "angle": -1.9 },
					{ "time": 1.1666, "angle": 0 }
				],
				"translate": [
					{ "time": 0, "x": 0, "y": 0 },
					{ "time": 0.0666, "x": -11.15, "y": 4.7 },
					{ "time": 0.1666, "x": 6.97, "y": -1.94 },
					{ "time": 0.4, "x": -6.8, "y": 1.82 },
					{ "time": 0.8333, "x": 0.23, "y": -0.06 },
					{ "time": 1.1666, "x": 0, "y": 0 }
				]
			},
			"Breath": {
				"translate": [
					{
						"time": 0.3,
						"x": 0,
						"y": 0,
						"curve": [ 0.171, 0.6, 0.526, 0.84 ]
					},
					{ "time": 1.1333, "x": -10.24, "y": -20.38 }
				],
				"scale": [
					{
						"time": 0.3,
						"x": 1,
						"y": 1,
						"curve": [ 0.171, 0.6, 0.526, 0.84 ]
					},
					{ "time": 1.1333, "x": 1.5, "y": 1.5 }
				]
			},
			"Scarf_06": {
				"rotate": [
					{ "time": 0, "angle": 0 },
					{ "time": 0.3333, "angle": 22.87 },
					{ "time": 0.7333, "angle": -14.12 },
					{ "time": 1.1666, "angle": 0 }
				]
			},
			"Hair_04": {
				"rotate": [
					{ "time": 0, "angle": 0 },
					{ "time": 0.5, "angle": 8.79 },
					{ "time": 1.1666, "angle": 0 }
				]
			},
			"Gun_06": {
				"rotate": [
					{ "time": 0, "angle": 0 },
					{ "time": 0.0666, "angle": -34.66 },
					{ "time": 0.1666, "angle": 1.83 },
					{ "time": 0.4, "angle": -34.81 },
					{ "time": 0.8333, "angle": 2.66 },
					{ "time": 1.1666, "angle": 0 }
				]
			},
			"Gun_05": {
				"rotate": [
					{ "time": 0, "angle": 0 },
					{ "time": 0.0666, "angle": -37.14 },
					{ "time": 0.1666, "angle": -10.95 },
					{ "time": 0.4, "angle": -36.34 },
					{ "time": 0.8333, "angle": -7.33 },
					{ "time": 1.1666, "angle": 0 }
				]
			},
			"Gun_03": {
				"rotate": [
					{ "time": 0, "angle": 0 },
					{ "time": 0.0666, "angle": 13.05 },
					{ "time": 0.1666, "angle": -21.3 },
					{ "time": 0.4, "angle": 0.75 },
					{ "time": 0.8333, "angle": -8.81 },
					{ "time": 1.1666, "angle": 0 }
				]
			},
			"Scarf_00": {
				"rotate": [
					{ "time": 0, "angle": 0 },
					{ "time": 0.3333, "angle": 21.92 },
					{ "time": 0.7333, "angle": 20.48 },
					{ "time": 1.1666, "angle": 0 }
				]
			},
			"Scarf_05": {
				"rotate": [
					{ "time": 0, "angle": 0 },
					{ "time": 0.3333, "angle": 15.94 },
					{ "time": 0.7333, "angle": -14.76 },
					{ "time": 1.1666, "angle": 0 }
				]
			},
			"Scarf_04": {
				"rotate": [
					{ "time": 0, "angle": 0 },
					{ "time": 0.3333, "angle": -20.46 },
					{ "time": 0.7333, "angle": -27.8 },
					{ "time": 1.1666, "angle": 0 }
				]
			},
			"Scarf_03": {
				"rotate": [
					{ "time": 0, "angle": 0 },
					{ "time": 0.3333, "angle": -16.49 },
					{ "time": 0.7333, "angle": -17.42 },
					{ "time": 1.1666, "angle": 0 }
				]
			},
			"Scarf_02": {
				"rotate": [
					{ "time": 0, "angle": 0 },
					{ "time": 0.3333, "angle": -26.39 },
					{ "time": 0.7333, "angle": -0.71 },
					{ "time": 1.1666, "angle": 0 }
				]
			},
			"Scarf_01": {
				"rotate": [
					{ "time": 0, "angle": 0 },
					{ "time": 0.3333, "angle": -10.75 },
					{ "time": 0.7333, "angle": 5.9 },
					{ "time": 1.1666, "angle": 0 }
				]
			},
			"Hair_00": {
				"rotate": [
					{ "time": 0, "angle": 0 },
					{ "time": 0.5, "angle": -4.25 },
					{ "time": 1.1666, "angle": 0 }
				]
			},
			"Hair_03": {
				"rotate": [
					{ "time": 0, "angle": 0 },
					{ "time": 0.5, "angle": 8.79 },
					{ "time": 1.1666, "angle": 0 }
				]
			},
			"Hair_02": {
				"rotate": [
					{ "time": 0, "angle": 0 },
					{ "time": 0.5, "angle": 8.79 },
					{ "time": 1.1666, "angle": 0 }
				]
			},
			"Hair_01": {
				"rotate": [
					{ "time": 0, "angle": 0 },
					{ "time": 0.5, "angle": 8.79 },
					{ "time": 1.1666, "angle": 0 }
				]
			}
		},
		"events": [
			{ "time": 0.0666, "name": "damage_point" }
		]
	},
	"normal": {
		"slots": {
			"Light_Body": {
				"attachment": [
					{ "time": 0, "name": null }
				]
			},
			"Rodney_Body_Breath": {
				"attachment": [
					{ "time": 0, "name": "Rodney_Body_Breath" },
					{ "time": 0.8666, "name": null },
					{ "time": 1, "name": "Rodney_Body_Breath" },
					{ "time": 1.8666, "name": null }
				],
				"color": [
					{ "time": 0, "color": "ffffff00" },
					{ "time": 0.1666, "color": "ffffffff" },
					{ "time": 0.8333, "color": "ffffff00", "curve": "stepped" },
					{ "time": 1, "color": "ffffff00" },
					{ "time": 1.1666, "color": "ffffffff" },
					{ "time": 1.8333, "color": "ffffff00" }
				]
			},
			"Rodney_Gun_L_D_normal_light": {
				"attachment": [
					{ "time": 0, "name": null }
				]
			},
			"Rodney_Gun_L_U_normal_light": {
				"attachment": [
					{ "time": 0, "name": null }
				]
			},
			"Rodney_Ship_S_normal_twinkle": {
				"color": [
					{ "time": 0, "color": "ffffff61" },
					{ "time": 1, "color": "ffffffff" },
					{ "time": 1.6666, "color": "ffffff12" },
					{ "time": 2, "color": "ffffff61" }
				]
			},
			"Rodney_Ship_normal_light": {
				"attachment": [
					{ "time": 0, "name": null }
				]
			},
			"Rodney_Ship_normal_twinkle": {
				"color": [
					{ "time": 0, "color": "ffffff61" },
					{ "time": 0.6666, "color": "ffffffff" },
					{ "time": 1.3333, "color": "ffffff12" },
					{ "time": 2, "color": "ffffff61" }
				]
			},
			"Rodney_body_normal": {
				"attachment": [
					{ "time": 0, "name": "Body_Change" }
				]
			},
			"Rodney_body_normal_twinkle": {
				"color": [
					{ "time": 0, "color": "ffffff61" },
					{ "time": 0.3333, "color": "ffffffff" },
					{ "time": 1, "color": "ffffff12" },
					{ "time": 2, "color": "ffffff61" }
				]
			}
		},
		"bones": {
			"Root_All": {
				"rotate": [
					{ "time": 0, "angle": 0, "curve": "stepped" },
					{ "time": 2, "angle": 0 }
				],
				"translate": [
					{
						"time": 0,
						"x": 0,
						"y": 0,
						"curve": [ 0.255, 0.35, 0.6, 0.7 ]
					},
					{
						"time": 0.5,
						"x": 0,
						"y": -9.82,
						"curve": [ 0.3, 0.39, 0.641, 0.74 ]
					},
					{
						"time": 1,
						"x": 0,
						"y": -15.66,
						"curve": [ 0.322, 0.37, 0.652, 0.7 ]
					},
					{
						"time": 1.5,
						"x": 0,
						"y": -7.79,
						"curve": [ 0.314, 0.36, 0.644, 0.68 ]
					},
					{ "time": 2, "x": 0, "y": 0 }
				]
			},
			"Ship_All": {
				"rotate": [
					{ "time": 0, "angle": 0, "curve": "stepped" },
					{ "time": 2, "angle": 0 }
				],
				"translate": [
					{ "time": 0, "x": 0, "y": 0, "curve": "stepped" },
					{ "time": 2, "x": 0, "y": 0 }
				]
			},
			"Body": {
				"rotate": [
					{ "time": 0, "angle": 0, "curve": "stepped" },
					{ "time": 2, "angle": 0 }
				],
				"translate": [
					{ "time": 0, "x": 0, "y": 0, "curve": "stepped" },
					{ "time": 2, "x": 0, "y": 0 }
				]
			},
			"Face": {
				"rotate": [
					{ "time": 0, "angle": 0, "curve": "stepped" },
					{ "time": 2, "angle": 0 }
				],
				"translate": [
					{
						"time": 0,
						"x": 0,
						"y": 0,
						"curve": [ 0.286, 0.34, 0.623, 0.67 ]
					},
					{
						"time": 0.5,
						"x": 0.64,
						"y": 0,
						"curve": [ 0.282, 0.37, 0.624, 0.71 ]
					},
					{
						"time": 1.5,
						"x": -1.28,
						"y": 0,
						"curve": [ 0.321, 0.37, 0.656, 0.71 ]
					},
					{ "time": 2, "x": 0, "y": 0 }
				]
			},
			"Gun_04": {
				"rotate": [
					{ "time": 0, "angle": 0 },
					{ "time": 0.5, "angle": -4.32 },
					{ "time": 1.5, "angle": 4.56 },
					{ "time": 2, "angle": 0 }
				],
				"translate": [
					{ "time": 0, "x": 0, "y": 0 },
					{ "time": 0.5, "x": 5.96, "y": 0.11 },
					{ "time": 1.5, "x": -5.17, "y": -1.8 },
					{ "time": 2, "x": 0, "y": 0 }
				]
			},
			"Gun_00": {
				"rotate": [
					{ "time": 0, "angle": 0 },
					{ "time": 0.5, "angle": 2.59 },
					{ "time": 1.5, "angle": -3.42 },
					{ "time": 2, "angle": 0 }
				],
				"translate": [
					{ "time": 0, "x": 0, "y": 0 },
					{ "time": 0.5, "x": 5.47, "y": 0.33 },
					{ "time": 1.5, "x": -1.22, "y": 1.33 },
					{ "time": 2, "x": 0, "y": 0 }
				]
			},
			"Gun_01": {
				"rotate": [
					{ "time": 0, "angle": 0 },
					{ "time": 0.5, "angle": -6.65 },
					{ "time": 1.5, "angle": 7 },
					{ "time": 2, "angle": 0 }
				]
			},
			"Gun_02": {
				"rotate": [
					{ "time": 0, "angle": 0 },
					{ "time": 0.5, "angle": -6.35 },
					{ "time": 1.5, "angle": -11.54 },
					{ "time": 2, "angle": 0 }
				]
			},
			"Scarf_00": {
				"rotate": [
					{ "time": 0, "angle": 0 },
					{ "time": 0.5, "angle": 21.92 },
					{ "time": 1.5, "angle": 20.48 },
					{ "time": 2, "angle": 0 }
				]
			},
			"Scarf_06": {
				"rotate": [
					{ "time": 0, "angle": 0 },
					{ "time": 0.5, "angle": 22.87 },
					{ "time": 1.5, "angle": -14.12 },
					{ "time": 2, "angle": 0 }
				]
			},
			"Scarf_05": {
				"rotate": [
					{ "time": 0, "angle": 0 },
					{ "time": 0.5, "angle": 15.94 },
					{ "time": 1.5, "angle": -14.76 },
					{ "time": 2, "angle": 0 }
				]
			},
			"Scarf_04": {
				"rotate": [
					{ "time": 0, "angle": 0 },
					{ "time": 0.5, "angle": -20.46 },
					{ "time": 1.5, "angle": -27.8 },
					{ "time": 2, "angle": 0 }
				]
			},
			"Scarf_03": {
				"rotate": [
					{ "time": 0, "angle": 0 },
					{ "time": 0.5, "angle": -16.49 },
					{ "time": 1.5, "angle": -17.42 },
					{ "time": 2, "angle": 0 }
				]
			},
			"Scarf_02": {
				"rotate": [
					{ "time": 0, "angle": 0 },
					{ "time": 0.5, "angle": -26.39 },
					{ "time": 1.5, "angle": -0.71 },
					{ "time": 2, "angle": 0 }
				]
			},
			"Scarf_01": {
				"rotate": [
					{ "time": 0, "angle": 0 },
					{ "time": 0.5, "angle": -10.75 },
					{ "time": 1.5, "angle": 5.9 },
					{ "time": 2, "angle": 0 }
				]
			},
			"Hair_00": {
				"rotate": [
					{ "time": 0, "angle": 0 },
					{ "time": 0.8333, "angle": -4.25 },
					{ "time": 2, "angle": 0 }
				]
			},
			"Hair_04": {
				"rotate": [
					{ "time": 0, "angle": 0 },
					{ "time": 0.8333, "angle": 8.79 },
					{ "time": 2, "angle": 0 }
				]
			},
			"Hair_03": {
				"rotate": [
					{ "time": 0, "angle": 0 },
					{ "time": 0.8333, "angle": 8.79 },
					{ "time": 2, "angle": 0 }
				]
			},
			"Hair_02": {
				"rotate": [
					{ "time": 0, "angle": 0 },
					{ "time": 0.8333, "angle": 8.79 },
					{ "time": 2, "angle": 0 }
				]
			},
			"Hair_01": {
				"rotate": [
					{ "time": 0, "angle": 0 },
					{ "time": 0.8333, "angle": 8.79 },
					{ "time": 2, "angle": 0 }
				]
			},
			"Gun_03": {
				"rotate": [
					{ "time": 0, "angle": 0 },
					{ "time": 0.5, "angle": 3.96 },
					{ "time": 1.5, "angle": -6.83 },
					{ "time": 2, "angle": 0 }
				]
			},
			"Gun_05": {
				"rotate": [
					{ "time": 0, "angle": 0 },
					{ "time": 0.5, "angle": -7.67 },
					{ "time": 1.5, "angle": 7.32 },
					{ "time": 2, "angle": 0 }
				]
			},
			"Gun_06": {
				"rotate": [
					{ "time": 0, "angle": 0 },
					{ "time": 0.5, "angle": 3.21 },
					{ "time": 1.5, "angle": 12.43 },
					{ "time": 2, "angle": 0 }
				]
			},
			"Breath": {
				"translate": [
					{
						"time": 0,
						"x": 0,
						"y": 0,
						"curve": [ 0.171, 0.6, 0.526, 0.84 ]
					},
					{ "time": 0.8333, "x": -10.24, "y": -20.38 },
					{
						"time": 1,
						"x": 0,
						"y": 0,
						"curve": [ 0.171, 0.6, 0.526, 0.84 ]
					},
					{ "time": 1.8333, "x": -10.24, "y": -20.38 }
				],
				"scale": [
					{
						"time": 0,
						"x": 1,
						"y": 1,
						"curve": [ 0.171, 0.6, 0.526, 0.84 ]
					},
					{ "time": 0.8333, "x": 1.5, "y": 1.5 },
					{
						"time": 1,
						"x": 1,
						"y": 1,
						"curve": [ 0.171, 0.6, 0.526, 0.84 ]
					},
					{ "time": 1.8333, "x": 1.5, "y": 1.5 }
				]
			}
		}
	},
	"throw": {
		"slots": {
			"Light_Body": {
				"attachment": [
					{ "time": 0, "name": null }
				]
			},
			"Rodney_Body_Breath": {
				"attachment": [
					{ "time": 0.4333, "name": "Rodney_Body_Breath" },
					{ "time": 1.3, "name": null }
				],
				"color": [
					{ "time": 0.4333, "color": "ffffff00" },
					{ "time": 0.6, "color": "ffffffff" },
					{ "time": 1.2666, "color": "ffffff00" }
				]
			},
			"Rodney_Gun_L_D_normal_light": {
				"attachment": [
					{ "time": 0, "name": null }
				]
			},
			"Rodney_Gun_L_U_normal_light": {
				"attachment": [
					{ "time": 0, "name": null }
				]
			},
			"Rodney_Ship_S_normal_twinkle": {
				"color": [
					{ "time": 0, "color": "ffffff61" },
					{ "time": 0.6666, "color": "ffffffff" },
					{ "time": 1.0333, "color": "ffffff12" },
					{ "time": 1.3333, "color": "ffffff61" }
				]
			},
			"Rodney_Ship_normal_light": {
				"attachment": [
					{ "time": 0, "name": null }
				]
			},
			"Rodney_Ship_normal_twinkle": {
				"color": [
					{ "time": 0, "color": "ffffff61" },
					{ "time": 0.5, "color": "ffffffff" },
					{ "time": 0.9, "color": "ffffff12" },
					{ "time": 1.3333, "color": "ffffff61" }
				]
			},
			"Rodney_body_normal": {
				"attachment": [
					{ "time": 0, "name": "Body_Change" }
				]
			},
			"Rodney_body_normal_twinkle": {
				"color": [
					{ "time": 0, "color": "ffffff61" },
					{ "time": 0.3333, "color": "ffffffff" },
					{ "time": 0.7666, "color": "ffffff12" },
					{ "time": 1.3333, "color": "ffffff61" }
				]
			}
		},
		"bones": {
			"Face": {
				"rotate": [
					{ "time": 0, "angle": 0, "curve": "stepped" },
					{ "time": 1.3333, "angle": 0 }
				],
				"translate": [
					{
						"time": 0,
						"x": 0,
						"y": 0,
						"curve": [ 0.286, 0.34, 0.623, 0.67 ]
					},
					{ "time": 0.3333, "x": 0, "y": -0.7 },
					{ "time": 0.5666, "x": 0, "y": 0.14 },
					{ "time": 1.3333, "x": 0, "y": 0 }
				]
			},
			"Root_All": {
				"rotate": [
					{ "time": 0, "angle": 0, "curve": "stepped" },
					{ "time": 1.3333, "angle": 0 }
				],
				"translate": [
					{
						"time": 0,
						"x": 0,
						"y": 0,
						"curve": [ 0.255, 0.35, 0.6, 0.7 ]
					},
					{ "time": 0.6333, "x": -66.66, "y": 0 },
					{ "time": 0.9666, "x": -10.42, "y": -12.42 },
					{ "time": 1.3333, "x": 0, "y": 0 }
				]
			},
			"Body": {
				"rotate": [
					{
						"time": 0,
						"angle": 0,
						"curve": [ 0.219, 0.41, 0.591, 0.77 ]
					},
					{
						"time": 0.6333,
						"angle": -3.17,
						"curve": [ 0.32, 0.36, 0.653, 0.69 ]
					},
					{
						"time": 0.7333,
						"angle": 0.61,
						"curve": [ 0.319, 0.37, 0.652, 0.7 ]
					},
					{
						"time": 0.9666,
						"angle": -1.72,
						"curve": [ 0.32, 0.38, 0.654, 0.71 ]
					},
					{ "time": 1.3333, "angle": 0 }
				],
				"translate": [
					{
						"time": 0,
						"x": 0,
						"y": 0,
						"curve": [ 0.219, 0.41, 0.591, 0.77 ]
					},
					{
						"time": 0.3333,
						"x": -15.86,
						"y": 0,
						"curve": [ 0.193, 0.39, 0.58, 0.9 ]
					},
					{
						"time": 0.5666,
						"x": -19.36,
						"y": 0,
						"curve": [ 0.142, 0.42, 0.647, 0.94 ]
					},
					{ "time": 0.6333, "x": 92.18, "y": -6.3 },
					{ "time": 0.7333, "x": 111.33, "y": 0 },
					{ "time": 1.3333, "x": 0, "y": 0 }
				]
			},
			"Ship_All": {
				"rotate": [
					{ "time": 0, "angle": 0, "curve": "stepped" },
					{ "time": 1.3333, "angle": 0 }
				],
				"translate": [
					{ "time": 0, "x": 0, "y": 0, "curve": "stepped" },
					{ "time": 1.3333, "x": 0, "y": 0 }
				]
			},
			"Throw_Point": {
				"rotate": [
					{ "time": 0.6333, "angle": 0 }
				],
				"translate": [
					{ "time": 0.6333, "x": 0, "y": 0 }
				]
			},
			"Gun_02": {
				"rotate": [
					{ "time": 0, "angle": 0 },
					{ "time": 0.5666, "angle": -36.19 },
					{ "time": 0.6666, "angle": -46.31 },
					{ "time": 0.8333, "angle": 14.35 },
					{ "time": 1.1333, "angle": -20.12 },
					{ "time": 1.3333, "angle": 0 }
				]
			},
			"Gun_01": {
				"rotate": [
					{ "time": 0, "angle": 0 },
					{ "time": 0.5333, "angle": -34.93 },
					{ "time": 0.6333, "angle": -51.67 },
					{ "time": 0.8333, "angle": 4.1 },
					{ "time": 1.1, "angle": -12.5 },
					{ "time": 1.3333, "angle": 0 }
				]
			},
			"Gun_00": {
				"rotate": [
					{ "time": 0, "angle": 0 },
					{ "time": 0.5666, "angle": 8.47 },
					{ "time": 0.6333, "angle": -10.77 },
					{ "time": 0.9, "angle": 9.52 },
					{ "time": 1.3333, "angle": 0 }
				],
				"translate": [
					{ "time": 0, "x": 0, "y": 0 },
					{ "time": 0.5666, "x": 0.15, "y": -2.58 },
					{ "time": 0.6333, "x": 5.13, "y": 8.37 },
					{ "time": 0.9, "x": 10.79, "y": -1.41 },
					{ "time": 1.3333, "x": 0, "y": 0 }
				]
			},
			"Gun_04": {
				"rotate": [
					{ "time": 0, "angle": 0 },
					{ "time": 0.5666, "angle": 14.75 },
					{ "time": 0.6333, "angle": -11.81 },
					{ "time": 0.9, "angle": -342.83 },
					{ "time": 1.3333, "angle": 0 }
				],
				"translate": [
					{ "time": 0, "x": 0, "y": 0 },
					{ "time": 0.5666, "x": 2.91, "y": -2.85 },
					{ "time": 0.6333, "x": -22.27, "y": -10.8 },
					{ "time": 0.9, "x": 7.38, "y": -3.05 },
					{ "time": 1.3333, "x": 0, "y": 0 }
				]
			},
			"Breath": {
				"translate": [
					{
						"time": 0.4333,
						"x": 0,
						"y": 0,
						"curve": [ 0.171, 0.6, 0.526, 0.84 ]
					},
					{ "time": 1.2666, "x": -10.24, "y": -20.38 }
				],
				"scale": [
					{
						"time": 0.4333,
						"x": 1,
						"y": 1,
						"curve": [ 0.171, 0.6, 0.526, 0.84 ]
					},
					{ "time": 1.2666, "x": 1.5, "y": 1.5 }
				]
			},
			"Gun_05": {
				"rotate": [
					{ "time": 0, "angle": 0 },
					{ "time": 0.5333, "angle": -35.11 },
					{ "time": 0.6333, "angle": -57.52 },
					{ "time": 0.8333, "angle": 4.8 },
					{ "time": 1.1, "angle": -16.47 },
					{ "time": 1.3333, "angle": 0 }
				]
			},
			"Gun_06": {
				"rotate": [
					{ "time": 0, "angle": 0 },
					{ "time": 0.5666, "angle": -56.18 },
					{ "time": 0.6666, "angle": -19.93 },
					{ "time": 0.8666, "angle": 23.36 },
					{ "time": 1.1333, "angle": 0.99 },
					{ "time": 1.3333, "angle": 0 }
				]
			},
			"Gun_03": {
				"rotate": [
					{ "time": 0, "angle": 0 },
					{ "time": 0.6, "angle": -334.17 },
					{ "time": 0.7333, "angle": -5.27 },
					{ "time": 0.9333, "angle": 14.77 },
					{ "time": 1.1333, "angle": 1.02 },
					{ "time": 1.3333, "angle": 0 }
				]
			},
			"Hair_00": {
				"rotate": [
					{ "time": 0, "angle": 0 },
					{ "time": 0.5333, "angle": -4.25 },
					{ "time": 0.9, "angle": -29.38 },
					{ "time": 1.3333, "angle": 0 }
				]
			},
			"Hair_04": {
				"rotate": [
					{ "time": 0, "angle": 0 },
					{ "time": 0.5333, "angle": 8.79 },
					{ "time": 0.9, "angle": 7.15 },
					{ "time": 1.3333, "angle": 0 }
				]
			},
			"Hair_03": {
				"rotate": [
					{ "time": 0, "angle": 0 },
					{ "time": 0.5333, "angle": 8.79 },
					{ "time": 0.9, "angle": 10.61 },
					{ "time": 1.3333, "angle": 0 }
				]
			},
			"Hair_02": {
				"rotate": [
					{ "time": 0, "angle": 0 },
					{ "time": 0.5333, "angle": 8.79 },
					{ "time": 0.9, "angle": 2.95 },
					{ "time": 1.3333, "angle": 0 }
				]
			},
			"Hair_01": {
				"rotate": [
					{ "time": 0, "angle": 0 },
					{ "time": 0.5333, "angle": 8.79 },
					{ "time": 0.9, "angle": 8.05 },
					{ "time": 1.3333, "angle": 0 }
				]
			},
			"Scarf_00": {
				"rotate": [
					{ "time": 0, "angle": 0 },
					{ "time": 0.5, "angle": 25.68 },
					{ "time": 0.6666, "angle": 21.92 },
					{ "time": 0.8666, "angle": 22.53 },
					{ "time": 1.1, "angle": 19.25 },
					{ "time": 1.3333, "angle": 0 }
				]
			},
			"Scarf_06": {
				"rotate": [
					{ "time": 0, "angle": 0 },
					{ "time": 0.5, "angle": 26.15 },
					{ "time": 0.6666, "angle": 22.87 },
					{ "time": 0.8666, "angle": -12.07 },
					{ "time": 1.1, "angle": 19.72 },
					{ "time": 1.3333, "angle": 0 }
				]
			},
			"Scarf_05": {
				"rotate": [
					{ "time": 0, "angle": 0 },
					{ "time": 0.5, "angle": 22.69 },
					{ "time": 0.6666, "angle": 15.94 },
					{ "time": 0.8666, "angle": -12.71 },
					{ "time": 1.1, "angle": 16.26 },
					{ "time": 1.3333, "angle": 0 }
				]
			},
			"Scarf_04": {
				"rotate": [
					{ "time": 0, "angle": 0 },
					{ "time": 0.5, "angle": 4.48 },
					{ "time": 0.6666, "angle": -20.46 },
					{ "time": 0.8666, "angle": -25.75 },
					{ "time": 1.1, "angle": -1.94 },
					{ "time": 1.3333, "angle": 0 }
				]
			},
			"Scarf_03": {
				"rotate": [
					{ "time": 0, "angle": 0 },
					{ "time": 0.5, "angle": 6.47 },
					{ "time": 0.6666, "angle": -16.49 },
					{ "time": 0.8666, "angle": -15.37 },
					{ "time": 1.1, "angle": 0.04 },
					{ "time": 1.3333, "angle": 0 }
				]
			},
			"Scarf_02": {
				"rotate": [
					{ "time": 0, "angle": 0 },
					{ "time": 0.5, "angle": 1.52 },
					{ "time": 0.6666, "angle": -26.39 },
					{ "time": 0.8666, "angle": 1.34 },
					{ "time": 1.1, "angle": -4.9 },
					{ "time": 1.3333, "angle": 0 }
				]
			},
			"Scarf_01": {
				"rotate": [
					{ "time": 0, "angle": 0 },
					{ "time": 0.5, "angle": 9.33 },
					{ "time": 0.6666, "angle": -10.75 },
					{ "time": 0.8666, "angle": 7.95 },
					{ "time": 1.1, "angle": 2.91 },
					{ "time": 1.3333, "angle": 0 }
				]
			}
		},
		"events": [
			{ "time": 0.6333, "name": "throw_point" }
		]
	},
	"wreck": {
		"slots": {
			"Light_Body": {
				"attachment": [
					{ "time": 0, "name": null }
				]
			},
			"Rodney_Body_Breath": {
				"attachment": [
					{ "time": 0, "name": "Rodney_Body_Breath" },
					{ "time": 0.8666, "name": null },
					{ "time": 1, "name": "Rodney_Body_Breath" },
					{ "time": 1.8666, "name": null }
				],
				"color": [
					{ "time": 0, "color": "ffffff00" },
					{ "time": 0.1666, "color": "ffffffff" },
					{ "time": 0.8333, "color": "ffffff00", "curve": "stepped" },
					{ "time": 1, "color": "ffffff00" },
					{ "time": 1.1666, "color": "ffffffff" },
					{ "time": 1.8333, "color": "ffffff00" }
				]
			},
			"Rodney_Gun_L_D_normal_light": {
				"attachment": [
					{ "time": 0, "name": null }
				]
			},
			"Rodney_Gun_L_U_normal_light": {
				"attachment": [
					{ "time": 0, "name": null }
				]
			},
			"Rodney_Ship_S_normal_twinkle": {
				"color": [
					{ "time": 0, "color": "ffffff61" },
					{ "time": 1, "color": "ffffffff" },
					{ "time": 1.6666, "color": "ffffff12" },
					{ "time": 2, "color": "ffffff61" }
				]
			},
			"Rodney_Ship_normal_light": {
				"attachment": [
					{ "time": 0, "name": null }
				]
			},
			"Rodney_Ship_normal_twinkle": {
				"color": [
					{ "time": 0, "color": "ffffff61" },
					{ "time": 0.6666, "color": "ffffffff" },
					{ "time": 1.3333, "color": "ffffff12" },
					{ "time": 2, "color": "ffffff61" }
				]
			},
			"Rodney_body_normal": {
				"attachment": [
					{ "time": 0, "name": "Body_Change" }
				]
			},
			"Rodney_body_normal_twinkle": {
				"color": [
					{ "time": 0, "color": "ffffff61" },
					{ "time": 0.3333, "color": "ffffffff" },
					{ "time": 1, "color": "ffffff12" },
					{ "time": 2, "color": "ffffff61" }
				]
			},
			"Rodney_eyes_normal": {
				"attachment": [
					{ "time": 0, "name": "Rodney_eyes_damage" }
				]
			}
		},
		"bones": {
			"Root_All": {
				"rotate": [
					{ "time": 0, "angle": 0, "curve": "stepped" },
					{ "time": 2, "angle": 0 }
				],
				"translate": [
					{
						"time": 0,
						"x": 0,
						"y": 0,
						"curve": [ 0.255, 0.35, 0.6, 0.7 ]
					},
					{
						"time": 0.5,
						"x": 0,
						"y": -9.82,
						"curve": [ 0.3, 0.39, 0.641, 0.74 ]
					},
					{
						"time": 1,
						"x": 0,
						"y": -15.66,
						"curve": [ 0.322, 0.37, 0.652, 0.7 ]
					},
					{
						"time": 1.5,
						"x": 0,
						"y": -7.79,
						"curve": [ 0.314, 0.36, 0.644, 0.68 ]
					},
					{ "time": 2, "x": 0, "y": 0 }
				]
			},
			"Ship_All": {
				"rotate": [
					{ "time": 0, "angle": 0, "curve": "stepped" },
					{ "time": 2, "angle": 0 }
				],
				"translate": [
					{ "time": 0, "x": 0, "y": 0, "curve": "stepped" },
					{ "time": 2, "x": 0, "y": 0 }
				]
			},
			"Body": {
				"rotate": [
					{ "time": 0, "angle": 0, "curve": "stepped" },
					{ "time": 2, "angle": 0 }
				],
				"translate": [
					{ "time": 0, "x": 0, "y": 0, "curve": "stepped" },
					{ "time": 2, "x": 0, "y": 0 }
				]
			},
			"Face": {
				"rotate": [
					{ "time": 0, "angle": 0, "curve": "stepped" },
					{ "time": 2, "angle": 0 }
				],
				"translate": [
					{
						"time": 0,
						"x": 0,
						"y": 0,
						"curve": [ 0.286, 0.34, 0.623, 0.67 ]
					},
					{
						"time": 0.5,
						"x": 0.64,
						"y": 0,
						"curve": [ 0.282, 0.37, 0.624, 0.71 ]
					},
					{
						"time": 1.5,
						"x": -1.28,
						"y": 0,
						"curve": [ 0.321, 0.37, 0.656, 0.71 ]
					},
					{ "time": 2, "x": 0, "y": 0 }
				]
			},
			"Gun_04": {
				"rotate": [
					{ "time": 0, "angle": 0 },
					{ "time": 0.5, "angle": -4.32 },
					{ "time": 1.5, "angle": 4.56 },
					{ "time": 2, "angle": 0 }
				],
				"translate": [
					{ "time": 0, "x": 0, "y": 0 },
					{ "time": 0.5, "x": 5.96, "y": 0.11 },
					{ "time": 1.5, "x": -5.17, "y": -1.8 },
					{ "time": 2, "x": 0, "y": 0 }
				]
			},
			"Breath": {
				"translate": [
					{
						"time": 0,
						"x": 0,
						"y": 0,
						"curve": [ 0.171, 0.6, 0.526, 0.84 ]
					},
					{ "time": 0.8333, "x": -10.24, "y": -20.38 },
					{
						"time": 1,
						"x": 0,
						"y": 0,
						"curve": [ 0.171, 0.6, 0.526, 0.84 ]
					},
					{ "time": 1.8333, "x": -10.24, "y": -20.38 }
				],
				"scale": [
					{
						"time": 0,
						"x": 1,
						"y": 1,
						"curve": [ 0.171, 0.6, 0.526, 0.84 ]
					},
					{ "time": 0.8333, "x": 1.5, "y": 1.5 },
					{
						"time": 1,
						"x": 1,
						"y": 1,
						"curve": [ 0.171, 0.6, 0.526, 0.84 ]
					},
					{ "time": 1.8333, "x": 1.5, "y": 1.5 }
				]
			},
			"Scarf_06": {
				"rotate": [
					{ "time": 0, "angle": 0 },
					{ "time": 0.5, "angle": 22.87 },
					{ "time": 1.5, "angle": -14.12 },
					{ "time": 2, "angle": 0 }
				]
			},
			"Gun_00": {
				"rotate": [
					{ "time": 0, "angle": 0 },
					{ "time": 0.5, "angle": 2.59 },
					{ "time": 1.5, "angle": -3.42 },
					{ "time": 2, "angle": 0 }
				],
				"translate": [
					{ "time": 0, "x": 0, "y": 0 },
					{ "time": 0.5, "x": 5.47, "y": 0.33 },
					{ "time": 1.5, "x": -1.22, "y": 1.33 },
					{ "time": 2, "x": 0, "y": 0 }
				]
			},
			"Hair_02": {
				"rotate": [
					{ "time": 0, "angle": 0 },
					{ "time": 0.8333, "angle": 8.79 },
					{ "time": 2, "angle": 0 }
				]
			},
			"Hair_04": {
				"rotate": [
					{ "time": 0, "angle": 0 },
					{ "time": 0.8333, "angle": 8.79 },
					{ "time": 2, "angle": 0 }
				]
			},
			"Scarf_01": {
				"rotate": [
					{ "time": 0, "angle": 0 },
					{ "time": 0.5, "angle": -10.75 },
					{ "time": 1.5, "angle": 5.9 },
					{ "time": 2, "angle": 0 }
				]
			},
			"Gun_05": {
				"rotate": [
					{ "time": 0, "angle": 0 },
					{ "time": 0.5, "angle": -7.67 },
					{ "time": 1.5, "angle": 7.32 },
					{ "time": 2, "angle": 0 }
				]
			},
			"Gun_02": {
				"rotate": [
					{ "time": 0, "angle": 0 },
					{ "time": 0.5, "angle": -6.35 },
					{ "time": 1.5, "angle": -11.54 },
					{ "time": 2, "angle": 0 }
				]
			},
			"Scarf_03": {
				"rotate": [
					{ "time": 0, "angle": 0 },
					{ "time": 0.5, "angle": -16.49 },
					{ "time": 1.5, "angle": -17.42 },
					{ "time": 2, "angle": 0 }
				]
			},
			"Hair_00": {
				"rotate": [
					{ "time": 0, "angle": 0 },
					{ "time": 0.8333, "angle": -4.25 },
					{ "time": 2, "angle": 0 }
				]
			},
			"Gun_01": {
				"rotate": [
					{ "time": 0, "angle": 0 },
					{ "time": 0.5, "angle": -6.65 },
					{ "time": 1.5, "angle": 7 },
					{ "time": 2, "angle": 0 }
				]
			},
			"Scarf_02": {
				"rotate": [
					{ "time": 0, "angle": 0 },
					{ "time": 0.5, "angle": -26.39 },
					{ "time": 1.5, "angle": -0.71 },
					{ "time": 2, "angle": 0 }
				]
			},
			"Hair_01": {
				"rotate": [
					{ "time": 0, "angle": 0 },
					{ "time": 0.8333, "angle": 8.79 },
					{ "time": 2, "angle": 0 }
				]
			},
			"Scarf_00": {
				"rotate": [
					{ "time": 0, "angle": 0 },
					{ "time": 0.5, "angle": 21.92 },
					{ "time": 1.5, "angle": 20.48 },
					{ "time": 2, "angle": 0 }
				]
			},
			"Scarf_05": {
				"rotate": [
					{ "time": 0, "angle": 0 },
					{ "time": 0.5, "angle": 15.94 },
					{ "time": 1.5, "angle": -14.76 },
					{ "time": 2, "angle": 0 }
				]
			},
			"Gun_03": {
				"rotate": [
					{ "time": 0, "angle": 0 },
					{ "time": 0.5, "angle": 3.96 },
					{ "time": 1.5, "angle": -6.83 },
					{ "time": 2, "angle": 0 }
				]
			},
			"Scarf_04": {
				"rotate": [
					{ "time": 0, "angle": 0 },
					{ "time": 0.5, "angle": -20.46 },
					{ "time": 1.5, "angle": -27.8 },
					{ "time": 2, "angle": 0 }
				]
			},
			"Gun_06": {
				"rotate": [
					{ "time": 0, "angle": 0 },
					{ "time": 0.5, "angle": 3.21 },
					{ "time": 1.5, "angle": 12.43 },
					{ "time": 2, "angle": 0 }
				]
			},
			"Hair_03": {
				"rotate": [
					{ "time": 0, "angle": 0 },
					{ "time": 0.8333, "angle": 8.79 },
					{ "time": 2, "angle": 0 }
				]
			}
		}
	}
}
}