{
"skeleton": { "hash": "d6xCDhxMBexvojd7+iYaolHtLGc", "spine": "3.2.01", "width": 719.64, "height": 1101.83, "images": "" },
"bones": [
	{ "name": "root" },
	{ "name": "bone", "parent": "root" },
	{ "name": "bone2", "parent": "bone" },
	{ "name": "TS", "parent": "bone2", "x": -97.06, "y": -13.86 },
	{ "name": "1", "parent": "TS", "x": 57.77, "y": 108.61 },
	{ "name": "H1", "parent": "1", "x": 47.27, "y": 456.86 },
	{ "name": "H3", "parent": "1", "x": -160.42, "y": 622.37 },
	{ "name": "H1A", "parent": "TS", "x": 139.01, "y": 1.22 },
	{ "name": "H3A", "parent": "TS", "x": 25.5, "y": 15.61 },
	{ "name": "PZ", "parent": "TS", "x": 57.77, "y": 108.61 },
	{ "name": "T2", "parent": "TS", "x": 54.45, "y": 108.61 },
	{ "name": "TDH1", "parent": "1", "x": -103.4, "y": 609.69 },
	{ "name": "TDH2", "parent": "1", "x": -69.97, "y": 558.53 },
	{ "name": "TDH3", "parent": "1", "x": -25.24, "y": 576.97 },
	{ "name": "beer", "parent": "1", "x": 243.34, "y": 485.16 },
	{ "name": "beer_A", "parent": "TS", "x": 281.31, "y": -24.35 }
],
"slots": [
	{ "name": "PZ", "bone": "PZ", "attachment": "PZ" },
	{ "name": "T2", "bone": "T2", "attachment": "T2" },
	{ "name": "TDH2", "bone": "TDH2", "attachment": "TDH2" },
	{ "name": "TDH3", "bone": "TDH3", "attachment": "TDH3" },
	{ "name": "TDH1", "bone": "TDH1", "attachment": "TDH1" },
	{ "name": "H3", "bone": "H3", "attachment": "H3" },
	{ "name": "H1", "bone": "H1", "attachment": "H1" },
	{ "name": "H3_A", "bone": "H3A", "attachment": "H3_A" },
	{ "name": "H1_A", "bone": "H1A", "attachment": "H1_A" },
	{ "name": "beer", "bone": "beer", "attachment": "beer" },
	{ "name": "beer_A", "bone": "beer_A", "attachment": "beer_A" }
],
"skins": {
	"default": {
		"H1": {
			"H1": { "x": -55.88, "y": 92.27, "width": 600, "height": 600 }
		},
		"H1_A": {
			"H1_A": { "x": -58.13, "y": 160.54, "width": 600, "height": 600 }
		},
		"H3": {
			"H3": { "x": 151.82, "y": -73.22, "width": 600, "height": 600 }
		},
		"H3_A": {
			"H3_A": { "x": 55.38, "y": 146.16, "width": 600, "height": 600 }
		},
		"PZ": {
			"PZ": { "x": 6.5, "y": 51.28, "width": 600, "height": 600 }
		},
		"T2": {
			"T2": { "x": 11.3, "y": 47.31, "width": 600, "height": 600 },
			"T3": { "x": 11.3, "y": 47.31, "width": 600, "height": 600 },
			"T4": { "x": 11.3, "y": 47.31, "width": 600, "height": 600 }
		},
		"TDH1": {
			"TDH1": { "x": 94.8, "y": -60.55, "width": 600, "height": 600 }
		},
		"TDH2": {
			"TDH2": { "x": 61.37, "y": -9.39, "width": 600, "height": 600 }
		},
		"TDH3": {
			"TDH3": { "x": 16.63, "y": -27.83, "width": 600, "height": 600 }
		},
		"beer": {
			"beer": { "x": -132.3, "y": -46.7, "width": 600, "height": 600 }
		},
		"beer_A": {
			"beer_A": { "x": -200.42, "y": 186.12, "width": 600, "height": 600 },
			"beer_B": { "x": -200.42, "y": 186.12, "width": 600, "height": 600 },
			"beer_C": { "x": -200.42, "y": 186.12, "width": 600, "height": 600 }
		}
	}
},
"animations": {
	"eat": {
		"slots": {
			"H1": {
				"color": [
					{ "time": 0, "color": "ffffff00" }
				]
			},
			"H3": {
				"color": [
					{ "time": 0, "color": "ffffff00" }
				]
			},
			"H1_A": {
				"color": [
					{ "time": 0.1666, "color": "ffffffff" },
					{ "time": 0.5, "color": "ffffffb6" },
					{ "time": 0.8333, "color": "ffffffff" },
					{ "time": 1.1666, "color": "ffffffb6" },
					{ "time": 1.5, "color": "ffffffff" },
					{ "time": 1.8333, "color": "ffffffb6" },
					{ "time": 2.1666, "color": "ffffffff" },
					{ "time": 2.5, "color": "ffffffb6" },
					{ "time": 2.8333, "color": "ffffffff" },
					{ "time": 3.1666, "color": "ffffffb6" }
				],
				"attachment": [
					{ "time": 1.8333, "name": null }
				]
			},
			"H3_A": {
				"color": [
					{ "time": 0.1666, "color": "ffffffff" },
					{ "time": 0.5, "color": "ffffffb6" },
					{ "time": 0.8333, "color": "ffffffff" },
					{ "time": 1.1666, "color": "ffffffb6" },
					{ "time": 1.5, "color": "ffffffff" },
					{ "time": 1.8333, "color": "ffffffb6" },
					{ "time": 2.1666, "color": "ffffffff" },
					{ "time": 2.5, "color": "ffffffb6" },
					{ "time": 2.8333, "color": "ffffffff" },
					{ "time": 3.1666, "color": "ffffffb6" }
				],
				"attachment": [
					{ "time": 1.8333, "name": null }
				]
			},
			"T2": {
				"color": [
					{ "time": 0.1666, "color": "ffffffff" },
					{ "time": 0.5, "color": "ffffffa4" },
					{ "time": 0.8333, "color": "ffffffe4" },
					{ "time": 1.1666, "color": "ffffffb1" },
					{ "time": 1.5, "color": "ffffffe9" },
					{ "time": 1.8333, "color": "ffffffb1" },
					{ "time": 2.1666, "color": "ffffffff" },
					{ "time": 2.5, "color": "ffffffbf" },
					{ "time": 2.8333, "color": "fffffff7" },
					{ "time": 3.1666, "color": "ffffffa5" },
					{ "time": 3.5, "color": "fffffff2" }
				],
				"attachment": [
					{ "time": 0, "name": "T2" },
					{ "time": 1.8333, "name": "T3" },
					{ "time": 3.1666, "name": "T4" }
				]
			},
			"TDH1": {
				"color": [
					{ "time": 0, "color": "ffffff00" }
				]
			},
			"TDH2": {
				"color": [
					{ "time": 0, "color": "ffffff00" }
				]
			},
			"TDH3": {
				"color": [
					{ "time": 0, "color": "ffffff00" }
				]
			},
			"beer": {
				"color": [
					{ "time": 0, "color": "ffffff00" }
				]
			},
			"beer_A": {
				"color": [
					{ "time": 0.1666, "color": "ffffffff" },
					{ "time": 0.5, "color": "ffffffc6" },
					{ "time": 0.8333, "color": "ffffffff" },
					{ "time": 1.1666, "color": "ffffffc6" },
					{ "time": 1.5, "color": "ffffffff" },
					{ "time": 1.8333, "color": "ffffffc6" },
					{ "time": 2.1666, "color": "ffffffff" },
					{ "time": 2.5, "color": "ffffffc6" },
					{ "time": 2.8333, "color": "ffffffff" },
					{ "time": 3.1666, "color": "ffffffc6" }
				],
				"attachment": [
					{ "time": 1.8333, "name": "beer_B" },
					{ "time": 3.1666, "name": "beer_C" }
				]
			}
		},
		"bones": {
			"PZ": {
				"rotate": [
					{ "time": 0, "angle": 0 }
				],
				"translate": [
					{ "time": 0, "x": 0, "y": 0 }
				],
				"scale": [
					{ "time": 0, "x": 1, "y": 1 }
				]
			},
			"TS": {
				"rotate": [
					{ "time": 0, "angle": 0, "curve": "stepped" },
					{ "time": 3.6666, "angle": 0 }
				],
				"translate": [
					{ "time": 0, "x": 0, "y": 0 }
				],
				"scale": [
					{ "time": 0, "x": 1, "y": 1 }
				]
			},
			"T2": {
				"scale": [
					{ "time": 0, "x": 1, "y": 1 },
					{ "time": 1.7666, "x": 0.959, "y": 0.959 },
					{ "time": 1.8333, "x": 1, "y": 1 },
					{ "time": 3.1, "x": 0.959, "y": 0.959 },
					{ "time": 3.1666, "x": 1, "y": 1 },
					{ "time": 3.3333, "x": 1.04, "y": 1.04 },
					{ "time": 3.5, "x": 1, "y": 1 }
				]
			},
			"H1A": {
				"rotate": [
					{ "time": 1.5, "angle": 0 },
					{ "time": 1.8333, "angle": 5.08 }
				]
			},
			"H3A": {
				"rotate": [
					{ "time": 1.5, "angle": 0 },
					{ "time": 1.8333, "angle": -7.02 }
				]
			}
		}
	},
	"normal": {
		"slots": {
			"H1": {
				"color": [
					{ "time": 0, "color": "ffffff00" }
				]
			},
			"H3": {
				"color": [
					{ "time": 0, "color": "ffffff00" }
				]
			},
			"TDH1": {
				"color": [
					{ "time": 0, "color": "ffffff00" }
				]
			},
			"TDH2": {
				"color": [
					{ "time": 0, "color": "ffffff00" }
				]
			},
			"TDH3": {
				"color": [
					{ "time": 0, "color": "ffffff00" }
				]
			},
			"beer": {
				"color": [
					{ "time": 0, "color": "ffffff00" }
				]
			}
		},
		"bones": {
			"PZ": {
				"rotate": [
					{ "time": 0, "angle": 0, "curve": "stepped" },
					{ "time": 1, "angle": 0 }
				],
				"translate": [
					{ "time": 0, "x": 0, "y": 0, "curve": "stepped" },
					{ "time": 1, "x": 0, "y": 0 }
				],
				"scale": [
					{ "time": 0, "x": 1, "y": 1, "curve": "stepped" },
					{ "time": 1, "x": 1, "y": 1 }
				]
			},
			"TS": {
				"rotate": [
					{ "time": 0, "angle": 0, "curve": "stepped" },
					{ "time": 2, "angle": 0 }
				],
				"translate": [
					{ "time": 0, "x": 0, "y": 0, "curve": "stepped" },
					{ "time": 2, "x": 0, "y": 0 }
				],
				"scale": [
					{ "time": 0, "x": 1, "y": 1 },
					{ "time": 1, "x": 0.99, "y": 0.99 },
					{ "time": 2, "x": 1, "y": 1 }
				]
			}
		}
	},
	"normal2": {
		"slots": {
			"H1": {
				"color": [
					{ "time": 0, "color": "ffffff00" }
				]
			},
			"H3": {
				"color": [
					{ "time": 0, "color": "ffffff00" }
				]
			},
			"H1_A": {
				"color": [
					{ "time": 0, "color": "ffffff00" }
				]
			},
			"H3_A": {
				"color": [
					{ "time": 0, "color": "ffffff00" }
				]
			},
			"PZ": {
				"attachment": [
					{ "time": 0, "name": "PZ" }
				]
			},
			"T2": {
				"attachment": [
					{ "time": 0, "name": "T4" }
				]
			},
			"TDH1": {
				"color": [
					{ "time": 0, "color": "ffffff00" }
				]
			},
			"TDH2": {
				"color": [
					{ "time": 0, "color": "ffffff00" }
				]
			},
			"TDH3": {
				"color": [
					{ "time": 0, "color": "ffffff00" }
				]
			},
			"beer": {
				"color": [
					{ "time": 0, "color": "ffffff00" }
				]
			},
			"beer_A": {
				"attachment": [
					{ "time": 0, "name": "beer_C" }
				]
			}
		},
		"bones": {
			"PZ": {
				"rotate": [
					{ "time": 0, "angle": 0, "curve": "stepped" },
					{ "time": 1, "angle": 0 }
				],
				"translate": [
					{ "time": 0, "x": 0, "y": 0, "curve": "stepped" },
					{ "time": 1, "x": 0, "y": 0 }
				],
				"scale": [
					{ "time": 0, "x": 1, "y": 1, "curve": "stepped" },
					{ "time": 1, "x": 1, "y": 1 }
				]
			},
			"TS": {
				"rotate": [
					{ "time": 0, "angle": 0, "curve": "stepped" },
					{ "time": 2, "angle": 0 }
				],
				"translate": [
					{ "time": 0, "x": 0, "y": 0, "curve": "stepped" },
					{ "time": 2, "x": 0, "y": 0 }
				],
				"scale": [
					{ "time": 0, "x": 1, "y": 1 },
					{ "time": 1, "x": 0.99, "y": 0.99 },
					{ "time": 2, "x": 1, "y": 1 }
				]
			}
		}
	},
	"start": {
		"slots": {
			"H1": {
				"color": [
					{ "time": 0, "color": "ffffff00", "curve": "stepped" },
					{ "time": 0.3333, "color": "ffffff00" },
					{ "time": 0.5, "color": "ffffffff", "curve": "stepped" },
					{ "time": 1, "color": "ffffffff" },
					{ "time": 1.1666, "color": "ffffff00" }
				]
			},
			"H3": {
				"color": [
					{ "time": 0, "color": "ffffff00", "curve": "stepped" },
					{ "time": 0.3333, "color": "ffffff00" },
					{ "time": 0.5, "color": "ffffffff", "curve": "stepped" },
					{ "time": 1, "color": "ffffffff" },
					{ "time": 1.1666, "color": "ffffff00" }
				]
			},
			"H1_A": {
				"color": [
					{ "time": 0, "color": "ffffff00", "curve": "stepped" },
					{ "time": 1, "color": "ffffff00" },
					{ "time": 1.1666, "color": "ffffffff" }
				]
			},
			"H3_A": {
				"color": [
					{ "time": 0, "color": "ffffff00", "curve": "stepped" },
					{ "time": 1, "color": "ffffff00" },
					{ "time": 1.1666, "color": "ffffffff" }
				]
			},
			"PZ": {
				"color": [
					{ "time": 0, "color": "ffffff00" },
					{ "time": 0.2666, "color": "ffffffff" }
				]
			},
			"T2": {
				"color": [
					{ "time": 0, "color": "ffffff00", "curve": "stepped" },
					{ "time": 0.9333, "color": "ffffff00" },
					{ "time": 1, "color": "ffffff24" },
					{ "time": 1.1333, "color": "ffffffff" }
				]
			},
			"TDH1": {
				"color": [
					{ "time": 0, "color": "ffffff00", "curve": "stepped" },
					{ "time": 0.3333, "color": "ffffff00" },
					{ "time": 0.5, "color": "ffffffff", "curve": "stepped" },
					{ "time": 1, "color": "ffffffff" },
					{ "time": 1.1666, "color": "ffffff00" }
				]
			},
			"TDH2": {
				"color": [
					{ "time": 0, "color": "ffffff00", "curve": "stepped" },
					{ "time": 0.3333, "color": "ffffff00" },
					{ "time": 0.5, "color": "ffffffff", "curve": "stepped" },
					{ "time": 1, "color": "ffffffff" },
					{ "time": 1.1666, "color": "ffffff00" }
				]
			},
			"TDH3": {
				"color": [
					{ "time": 0, "color": "ffffff00", "curve": "stepped" },
					{ "time": 0.3333, "color": "ffffff00" },
					{ "time": 0.5, "color": "ffffffff", "curve": "stepped" },
					{ "time": 1, "color": "ffffffff" },
					{ "time": 1.1666, "color": "ffffff00" }
				]
			},
			"beer": {
				"color": [
					{ "time": 0, "color": "ffffff00", "curve": "stepped" },
					{ "time": 0.3333, "color": "ffffff00" },
					{ "time": 0.5, "color": "ffffffff", "curve": "stepped" },
					{ "time": 1, "color": "ffffffff" },
					{ "time": 1.3666, "color": "ffffff00", "curve": "stepped" },
					{ "time": 1.4, "color": "ffffff00" }
				]
			},
			"beer_A": {
				"color": [
					{ "time": 0, "color": "ffffff00", "curve": "stepped" },
					{ "time": 1.1666, "color": "ffffff00" },
					{ "time": 1.2666, "color": "ffffffff" },
					{ "time": 1.5, "color": "ffffffcf" }
				]
			}
		},
		"bones": {
			"PZ": {
				"rotate": [
					{ "time": 1.5, "angle": 0 }
				],
				"translate": [
					{ "time": 0, "x": 0, "y": 59.49 },
					{ "time": 0.2666, "x": 0, "y": 0, "curve": "stepped" },
					{ "time": 1.5, "x": 0, "y": 0 }
				],
				"scale": [
					{ "time": 0, "x": 0.527, "y": 0.527 },
					{ "time": 0.2666, "x": 1, "y": 1, "curve": "stepped" },
					{ "time": 1.5, "x": 1, "y": 1 }
				]
			},
			"TS": {
				"rotate": [
					{ "time": 1.5, "angle": 0 }
				],
				"translate": [
					{ "time": 1.5, "x": 0, "y": 0 }
				],
				"scale": [
					{ "time": 1.5, "x": 1, "y": 1 }
				]
			},
			"T2": {
				"scale": [
					{ "time": 1, "x": 0.959, "y": 0.959 },
					{ "time": 1.4333, "x": 1, "y": 1 }
				]
			},
			"H1": {
				"translate": [
					{ "time": 0.3333, "x": 0, "y": -167.1 },
					{ "time": 1.1, "x": 0, "y": -554.03 }
				]
			},
			"TDH1": {
				"rotate": [
					{ "time": 0.3333, "angle": 2.94 },
					{ "time": 1.1, "angle": -28.69 }
				],
				"translate": [
					{ "time": 0.3, "x": 0, "y": 67.01 },
					{ "time": 0.3333, "x": 0, "y": 109.85 },
					{ "time": 1.1, "x": 0, "y": -583.67 }
				]
			},
			"TDH2": {
				"rotate": [
					{ "time": 0.3333, "angle": 2.94 },
					{ "time": 1.1, "angle": -28.69 }
				],
				"translate": [
					{ "time": 0.3333, "x": 0, "y": 3.55 },
					{ "time": 1.1, "x": 0, "y": -602.4 }
				]
			},
			"TDH3": {
				"rotate": [
					{ "time": 0.3333, "angle": 2.94 },
					{ "time": 1.1, "angle": -28.69 }
				],
				"translate": [
					{ "time": 0.3333, "x": 0, "y": 8.17 },
					{ "time": 1.1, "x": 0, "y": -582.2 }
				]
			},
			"H3": {
				"rotate": [
					{ "time": 0.3333, "angle": 2.06 },
					{ "time": 1.1, "angle": -26.1 }
				],
				"translate": [
					{ "time": 0.3333, "x": 0, "y": -12.06 },
					{ "time": 1.1, "x": 0, "y": -642.33 }
				]
			},
			"H3A": {
				"rotate": [
					{ "time": 1, "angle": 7.2 },
					{ "time": 1.1666, "angle": 0 }
				],
				"translate": [
					{ "time": 1, "x": -7.5, "y": 12.51 },
					{ "time": 1.1666, "x": 0, "y": 0 }
				]
			},
			"H1A": {
				"rotate": [
					{ "time": 1, "angle": 9.53 },
					{ "time": 1.1666, "angle": 0 }
				],
				"translate": [
					{ "time": 1, "x": -7.5, "y": 30.02 },
					{ "time": 1.1666, "x": 0, "y": 0 }
				]
			},
			"beer": {
				"rotate": [
					{ "time": 0.3333, "angle": 2.63 },
					{ "time": 1, "angle": -9.77 },
					{ "time": 1.1, "angle": 1.42 },
					{ "time": 1.2, "angle": -27.45 },
					{ "time": 1.3, "angle": -11.03 },
					{ "time": 1.4, "angle": 5.74 }
				],
				"translate": [
					{ "time": 0.3333, "x": 0, "y": 169.64 },
					{ "time": 1, "x": 0, "y": -608.1 },
					{ "time": 1.1, "x": 0, "y": -571.06 },
					{ "time": 1.2, "x": 0, "y": -634.34 }
				]
			},
			"beer_A": {
				"rotate": [
					{ "time": 1.1666, "angle": -27.45 },
					{ "time": 1.2666, "angle": -11.03 },
					{ "time": 1.3666, "angle": 5.74 }
				]
			}
		}
	}
}
}