{
"skeleton": { "hash": "k+jTzL2ZAV6kDJL7o+1sSKT8gLE", "spine": "3.2.01", "width": 613.66, "height": 1136.12, "images": "" },
"bones": [
	{ "name": "root" },
	{ "name": "bone", "parent": "root" },
	{ "name": "bone2", "parent": "bone" },
	{ "name": "TS", "parent": "bone2", "y": 113.24 },
	{ "name": "1", "parent": "TS" },
	{ "name": "PZ1", "parent": "TS", "x": 16.22, "y": -92.84 },
	{ "name": "BB", "parent": "PZ1", "length": 145.07, "rotation": 150.25, "x": -22.14, "y": 37.37 },
	{ "name": "NY", "parent": "PZ1", "x": -6.92, "y": 31.83 },
	{ "name": "T1", "parent": "1", "x": -165.67, "y": 592.92 },
	{ "name": "T2", "parent": "TS", "x": -33.57, "y": -34.28 },
	{ "name": "TDH1", "parent": "1", "x": 46.87, "y": 555.34 },
	{ "name": "TDH2", "parent": "1", "x": -89.65, "y": 608.47 },
	{ "name": "TDH3", "parent": "1", "x": -62.94, "y": 714.09 }
],
"slots": [
	{ "name": "T2", "bone": "T2", "attachment": "T2" },
	{ "name": "PZ1", "bone": "PZ1", "attachment": "PZ1" },
	{ "name": "BB", "bone": "BB", "attachment": "BB" },
	{ "name": "NY", "bone": "NY", "attachment": "NY" },
	{ "name": "TDH2", "bone": "TDH2", "attachment": "TDH2" },
	{ "name": "TDH3", "bone": "TDH3", "attachment": "TDH3" },
	{ "name": "T1", "bone": "T1", "attachment": "T1" },
	{ "name": "TDH1", "bone": "TDH1", "attachment": "TDH1" }
],
"skins": {
	"default": {
		"BB": {
			"BB": { "x": 58.04, "y": -73.69, "rotation": -150.25, "width": 600, "height": 600 }
		},
		"NY": {
			"NY": { "x": -29.06, "y": 98.32, "width": 600, "height": 600 }
		},
		"PZ1": {
			"PZ1": { "x": -35.98, "y": 130.15, "width": 600, "height": 600 }
		},
		"T1": {
			"T1": { "x": 157.06, "y": -43.77, "width": 600, "height": 600 }
		},
		"T2": {
			"T2": { "x": 11.3, "y": 47.31, "width": 600, "height": 600 },
			"T3": { "x": 11.3, "y": 47.31, "width": 600, "height": 600 },
			"T4": { "x": 11.3, "y": 47.31, "width": 600, "height": 600 }
		},
		"TDH1": {
			"TDH1": { "x": -55.48, "y": -6.19, "width": 600, "height": 600 }
		},
		"TDH2": {
			"TDH2": { "x": 81.05, "y": -59.32, "width": 600, "height": 600 }
		},
		"TDH3": {
			"TDH3": { "x": 54.34, "y": -164.94, "width": 600, "height": 600 }
		}
	}
},
"animations": {
	"eat": {
		"slots": {
			"BB": {
				"color": [
					{ "time": 0, "color": "ffffff00" }
				]
			},
			"NY": {
				"color": [
					{ "time": 0, "color": "ffffff00" }
				]
			},
			"PZ1": {
				"color": [
					{ "time": 0, "color": "ffffff00" }
				]
			},
			"T1": {
				"color": [
					{ "time": 0, "color": "ffffff00" }
				]
			},
			"T2": {
				"color": [
					{ "time": 0.1666, "color": "ffffffff" },
					{ "time": 0.5, "color": "ffffffa4" },
					{ "time": 0.8333, "color": "ffffffe4" },
					{ "time": 1.1666, "color": "ffffffb1" },
					{ "time": 1.5, "color": "ffffffe9" },
					{ "time": 1.8333, "color": "ffffffb1" },
					{ "time": 2.1666, "color": "ffffffff" },
					{ "time": 2.5, "color": "ffffffbf" },
					{ "time": 2.8333, "color": "fffffff7" },
					{ "time": 3.1666, "color": "ffffffa5" },
					{ "time": 3.5, "color": "fffffff2" }
				],
				"attachment": [
					{ "time": 0, "name": "T2" },
					{ "time": 1.8333, "name": "T3" },
					{ "time": 3.1666, "name": "T4" }
				]
			},
			"TDH1": {
				"color": [
					{ "time": 0, "color": "ffffff00" }
				]
			},
			"TDH2": {
				"color": [
					{ "time": 0, "color": "ffffff00" }
				]
			},
			"TDH3": {
				"color": [
					{ "time": 0, "color": "ffffff00" }
				]
			}
		},
		"bones": {
			"TS": {
				"rotate": [
					{ "time": 0, "angle": 0, "curve": "stepped" },
					{ "time": 3.6666, "angle": 0 }
				],
				"translate": [
					{ "time": 0, "x": 0, "y": 0 }
				],
				"scale": [
					{ "time": 0, "x": 1, "y": 1 }
				]
			},
			"T2": {
				"scale": [
					{ "time": 0, "x": 1, "y": 1 },
					{ "time": 1.7666, "x": 0.959, "y": 0.959 },
					{ "time": 1.8333, "x": 1, "y": 1 },
					{ "time": 3.1, "x": 0.959, "y": 0.959 },
					{ "time": 3.1666, "x": 1, "y": 1 },
					{ "time": 3.3333, "x": 1.04, "y": 1.04 },
					{ "time": 3.5, "x": 1, "y": 1 }
				]
			}
		}
	},
	"normal": {
		"slots": {
			"BB": {
				"color": [
					{ "time": 0, "color": "ffffff00" }
				]
			},
			"NY": {
				"color": [
					{ "time": 0, "color": "ffffff00" }
				]
			},
			"PZ1": {
				"color": [
					{ "time": 0, "color": "ffffff00" }
				]
			},
			"T1": {
				"color": [
					{ "time": 0, "color": "ffffff00" }
				]
			},
			"TDH1": {
				"color": [
					{ "time": 0, "color": "ffffff00" }
				]
			},
			"TDH2": {
				"color": [
					{ "time": 0, "color": "ffffff00" }
				]
			},
			"TDH3": {
				"color": [
					{ "time": 0, "color": "ffffff00" }
				]
			}
		},
		"bones": {
			"TS": {
				"rotate": [
					{ "time": 0, "angle": 0, "curve": "stepped" },
					{ "time": 2, "angle": 0 }
				],
				"translate": [
					{ "time": 0, "x": 0, "y": 0, "curve": "stepped" },
					{ "time": 2, "x": 0, "y": 0 }
				],
				"scale": [
					{ "time": 0, "x": 1, "y": 1 },
					{ "time": 1, "x": 0.99, "y": 0.99 },
					{ "time": 2, "x": 1, "y": 1 }
				]
			}
		}
	},
	"normal2": {
		"slots": {
			"BB": {
				"color": [
					{ "time": 0, "color": "ffffff00" }
				]
			},
			"NY": {
				"color": [
					{ "time": 0, "color": "ffffff00" }
				]
			},
			"PZ1": {
				"color": [
					{ "time": 0, "color": "ffffff00" }
				]
			},
			"T1": {
				"color": [
					{ "time": 0, "color": "ffffff00" }
				]
			},
			"T2": {
				"attachment": [
					{ "time": 0, "name": "T4" }
				]
			},
			"TDH1": {
				"color": [
					{ "time": 0, "color": "ffffff00" }
				]
			},
			"TDH2": {
				"color": [
					{ "time": 0, "color": "ffffff00" }
				]
			},
			"TDH3": {
				"color": [
					{ "time": 0, "color": "ffffff00" }
				]
			}
		},
		"bones": {
			"TS": {
				"rotate": [
					{ "time": 0, "angle": 0, "curve": "stepped" },
					{ "time": 2, "angle": 0 }
				],
				"translate": [
					{ "time": 0, "x": 0, "y": 0, "curve": "stepped" },
					{ "time": 2, "x": 0, "y": 0 }
				],
				"scale": [
					{ "time": 0, "x": 1, "y": 1 },
					{ "time": 1, "x": 0.99, "y": 0.99 },
					{ "time": 2, "x": 1, "y": 1 }
				]
			}
		}
	},
	"start": {
		"slots": {
			"BB": {
				"color": [
					{ "time": 0, "color": "ffffff00" },
					{ "time": 0.1666, "color": "ffffffff", "curve": "stepped" },
					{ "time": 0.8333, "color": "ffffffff" },
					{ "time": 1, "color": "ffffff00" }
				]
			},
			"NY": {
				"color": [
					{ "time": 0, "color": "ffffff00" },
					{ "time": 0.1666, "color": "ffffffff", "curve": "stepped" },
					{ "time": 0.8333, "color": "ffffffff" },
					{ "time": 1, "color": "ffffff00" }
				]
			},
			"PZ1": {
				"color": [
					{ "time": 0, "color": "ffffff00" },
					{ "time": 0.1666, "color": "ffffffff", "curve": "stepped" },
					{ "time": 0.8333, "color": "ffffffff" },
					{ "time": 1, "color": "ffffff00" }
				]
			},
			"T1": {
				"color": [
					{ "time": 0, "color": "ffffff00", "curve": "stepped" },
					{ "time": 0.1666, "color": "ffffff00" },
					{ "time": 0.3333, "color": "ffffffff", "curve": "stepped" },
					{ "time": 0.8333, "color": "ffffffff" },
					{ "time": 1, "color": "ffffff00" }
				]
			},
			"T2": {
				"color": [
					{ "time": 0, "color": "ffffff00", "curve": "stepped" },
					{ "time": 0.8, "color": "ffffff00" },
					{ "time": 0.8666, "color": "ffffff24" },
					{ "time": 1, "color": "ffffffff" }
				]
			},
			"TDH1": {
				"color": [
					{ "time": 0, "color": "ffffff00", "curve": "stepped" },
					{ "time": 0.3333, "color": "ffffff00" },
					{ "time": 0.5, "color": "ffffffff", "curve": "stepped" },
					{ "time": 0.8333, "color": "ffffffff" },
					{ "time": 1, "color": "ffffff00" }
				]
			},
			"TDH2": {
				"color": [
					{ "time": 0, "color": "ffffff00", "curve": "stepped" },
					{ "time": 0.3333, "color": "ffffff00" },
					{ "time": 0.5, "color": "ffffffff", "curve": "stepped" },
					{ "time": 0.8333, "color": "ffffffff" },
					{ "time": 1, "color": "ffffff00" }
				]
			},
			"TDH3": {
				"color": [
					{ "time": 0, "color": "ffffff00", "curve": "stepped" },
					{ "time": 0.3333, "color": "ffffff00" },
					{ "time": 0.5, "color": "ffffffff", "curve": "stepped" },
					{ "time": 0.8333, "color": "ffffffff" },
					{ "time": 1, "color": "ffffff00" }
				]
			}
		},
		"bones": {
			"TS": {
				"rotate": [
					{ "time": 1.5, "angle": 0 }
				],
				"translate": [
					{ "time": 1.5, "x": 0, "y": 0 }
				],
				"scale": [
					{ "time": 1.5, "x": 1, "y": 1 }
				]
			},
			"T2": {
				"scale": [
					{ "time": 0.8666, "x": 0.959, "y": 0.959 },
					{ "time": 1.4333, "x": 1, "y": 1 }
				]
			},
			"TDH1": {
				"rotate": [
					{ "time": 0.3333, "angle": 2.94 },
					{ "time": 0.9333, "angle": -28.69 }
				],
				"translate": [
					{ "time": 0.3, "x": 0, "y": 67.01 },
					{ "time": 0.3333, "x": 0, "y": 109.85 },
					{ "time": 0.9333, "x": -38.75, "y": -585.68 }
				]
			},
			"TDH2": {
				"rotate": [
					{ "time": 0.3333, "angle": 2.94 },
					{ "time": 0.9333, "angle": -28.69 }
				],
				"translate": [
					{ "time": 0.3333, "x": 75.51, "y": -128.11 },
					{ "time": 0.9333, "x": 63.67, "y": -661.99 }
				]
			},
			"TDH3": {
				"rotate": [
					{ "time": 0.3333, "angle": 2.94 },
					{ "time": 0.9333, "angle": -28.69 }
				],
				"translate": [
					{ "time": 0.3333, "x": 17.42, "y": -187.39 },
					{ "time": 0.9333, "x": 152.25, "y": -639.26 }
				]
			},
			"T1": {
				"rotate": [
					{ "time": 0.1666, "angle": 3.47 },
					{ "time": 0.9333, "angle": -3.79 }
				],
				"translate": [
					{ "time": 0.1666, "x": 0, "y": -167.79 },
					{ "time": 0.9333, "x": -73.36, "y": -645.87 }
				],
				"scale": [
					{ "time": 0.1666, "x": 0.879, "y": 0.879 },
					{ "time": 0.9333, "x": 1.003, "y": 1.003 }
				]
			},
			"PZ1": {
				"rotate": [
					{ "time": 0, "angle": 0 },
					{ "time": 0.1666, "angle": -5.41 },
					{ "time": 0.5, "angle": 0.45 },
					{ "time": 0.8333, "angle": -5.73 },
					{ "time": 1.1666, "angle": -1.3 },
					{ "time": 1.5, "angle": 0 }
				],
				"translate": [
					{ "time": 0, "x": 0, "y": 0 },
					{ "time": 0.1666, "x": -4.15, "y": 0 },
					{ "time": 0.3333, "x": 0.51, "y": -4.15 },
					{ "time": 0.5, "x": -13.39, "y": -16.01 },
					{ "time": 0.6666, "x": -36.07, "y": -11.96 },
					{ "time": 0.8333, "x": -21.94, "y": 0.11 },
					{ "time": 1, "x": 1.53, "y": -12.36 },
					{ "time": 1.5, "x": 0, "y": 0 }
				]
			},
			"BB": {
				"rotate": [
					{ "time": 0.1666, "angle": -5.8 },
					{ "time": 0.3333, "angle": -12.39 },
					{ "time": 0.5, "angle": -7.66 },
					{ "time": 0.6666, "angle": -11.13 },
					{ "time": 0.8333, "angle": -6.99 }
				],
				"translate": [
					{ "time": 0.1666, "x": 2.75, "y": 0.26 },
					{ "time": 0.3333, "x": 9.37, "y": 7.47 },
					{ "time": 0.5, "x": 16.27, "y": 6.03 },
					{ "time": 0.6666, "x": 14.08, "y": -6.53 },
					{ "time": 0.8333, "x": 5.54, "y": -4.61 }
				]
			},
			"NY": {
				"rotate": [
					{ "time": 0.1666, "angle": -3.82 },
					{ "time": 0.3333, "angle": -0.65 },
					{ "time": 0.5, "angle": -3.82 },
					{ "time": 0.6666, "angle": -0.65 },
					{ "time": 0.8333, "angle": -3.82 },
					{ "time": 1, "angle": -0.65 }
				]
			}
		}
	}
}
}