{
"skeleton": { "hash": "f+WygMBvafQfEVrqPapp2Q5M5Qo", "spine": "2.1.27", "width": 395.33, "height": 395.33, "images": "" },
"bones": [
	{ "name": "Root_All", "x": 25.09, "y": -5.9, "scaleX": 1.01, "scaleY": 1.01 },
	{ "name": "Ship_All", "parent": "Root_All" },
	{ "name": "Body", "parent": "Ship_All", "length": 255.84, "x": -21.65, "y": 0.8, "rotation": 90 },
	{ "name": "Antiaircraft", "parent": "Body", "length": 44.62, "x": 192.9, "y": -49.65, "rotation": -90 },
	{ "name": "Attack_Point", "parent": "Body", "length": 25.69, "x": 77.63, "y": -37.36, "rotation": -88.64 },
	{ "name": "Damage_Point", "parent": "Body", "length": 22.56, "x": 107.95, "y": 6.48, "rotation": -90 },
	{ "name": "Dialogue", "parent": "Body", "length": 57.85, "x": 182.98, "y": -46.59, "rotation": -90 },
	{ "name": "Expression", "parent": "Body", "length": 46.33, "x": 197.94, "y": -46.25, "rotation": -42.65 },
	{ "name": "Head", "parent": "Body", "length": 89.11, "x": 134.42, "y": 7.35, "rotation": -2.25 },
	{ "name": "Ship", "parent": "Body", "length": 54.99, "x": 88.94, "y": 15.98, "rotation": -94.95 },
	{ "name": "Smoke_L1", "parent": "Body", "length": 51.75, "x": 89.89, "y": -47.67, "rotation": -16.57 },
	{ "name": "Smoke_L2", "parent": "Body", "length": 51.75, "x": 99.52, "y": 67.01, "rotation": -16.57 },
	{ "name": "Smoke_L3", "parent": "Body", "length": 51.75, "x": 218.21, "y": -22.81, "rotation": -16.57 },
	{ "name": "Throw_Point", "parent": "Body", "length": 24.91, "x": 72.17, "y": -14.87, "rotation": -88.64 },
	{ "name": "hand_L", "parent": "Body", "length": 30.89, "x": 118.89, "y": 25.42, "rotation": -158.51 },
	{ "name": "hand_R", "parent": "Body", "length": 27.87, "x": 95.25, "y": -17.2, "rotation": 24.91 },
	{ "name": "Face", "parent": "Head", "length": 66.94, "x": 44.64, "y": 24.41, "rotation": -87.74 },
	{ "name": "arm", "parent": "Ship", "length": 33.12, "x": -47.35, "y": -11.35, "rotation": -13.75 },
	{ "name": "glass", "parent": "Head", "length": 21.95, "x": 0.18, "y": 27.11, "rotation": -1.8 },
	{ "name": "hair_1", "parent": "Head", "length": 12.29, "x": 101.82, "y": -2.81, "rotation": 39.26 },
	{ "name": "hand_L2", "parent": "hand_L", "length": 29.49, "x": 30.9, "y": 0.16, "rotation": 148.11 },
	{ "name": "th1", "parent": "Ship", "length": 3.74, "x": 46.61, "y": 7.65, "rotation": 80.17 },
	{ "name": "hair_2", "parent": "hair_1", "length": 12.71, "x": 12.29, "y": -0.03, "rotation": -15.82 },
	{ "name": "th2", "parent": "th1", "length": 3.54, "x": 3.05, "y": -0.37 },
	{ "name": "hair_3", "parent": "hair_2", "length": 6.76, "x": 13.09, "y": -0.24, "rotation": -96.73 },
	{ "name": "th3", "parent": "th2", "length": 4.66, "x": 0.51, "y": -0.86, "rotation": -0.45 },
	{ "name": "hair_4", "parent": "hair_3", "length": 11.6, "x": 7.45, "y": -0.64, "rotation": -56.83 },
	{ "name": "little_head", "parent": "th3", "length": 25.25, "x": 3.51, "y": -1.74, "rotation": 8.92 },
	{ "name": "hair_5", "parent": "hair_4", "length": 11.39, "x": 11.61, "y": 0.05, "rotation": 72.92 },
	{ "name": "hair_6", "parent": "hair_5", "length": 8.82, "x": 11.38, "y": -0.05, "rotation": -98.5 },
	{ "name": "hair_7", "parent": "hair_6", "length": 7.25, "x": 8.83, "y": -0.03, "rotation": -69.69 }
],
"slots": [
	{ "name": "Rodney_ship_armor_normal", "bone": "Ship", "attachment": "Ship_armor_normal" },
	{ "name": "Light_Ship", "bone": "Ship", "blend": "additive" },
	{ "name": "flag", "bone": "Ship", "attachment": "change" },
	{ "name": "Rodney_body_normal", "bone": "Body", "attachment": "Body_Change" },
	{ "name": "head", "bone": "Head", "attachment": "head" },
	{ "name": "head_light", "bone": "Head", "attachment": "head_light", "blend": "additive" },
	{ "name": "Rodney_eyes_normal", "bone": "Face", "attachment": "Rodney_eyes_normal" },
	{ "name": "Light_Body", "bone": "Body", "attachment": "Rodney_ship_body_normal_light", "blend": "additive" },
	{ "name": "hair_R", "bone": "hair_1", "attachment": "baka_hair" },
	{ "name": "arm", "bone": "arm", "attachment": "arm" },
	{ "name": "TH", "bone": "th1", "attachment": "change" },
	{ "name": "TD", "bone": "little_head", "attachment": "change" },
	{ "name": "glass", "bone": "glass", "attachment": "change" },
	{ "name": "glass_light", "bone": "glass", "attachment": "change", "blend": "additive" },
	{ "name": "hand_R", "bone": "hand_R", "attachment": "hand_R" },
	{ "name": "hand_R_light", "bone": "hand_R", "attachment": "hand_R_light", "blend": "additive" },
	{ "name": "hand_L1", "bone": "hand_L", "attachment": "hand_L1" },
	{ "name": "hand_L", "bone": "hand_L2", "attachment": "hand_L" }
],
"skins": {
	"default": {
		"Light_Body": {
			"Rodney_ship_body_normal_light": { "x": 130.63, "y": 9.19, "rotation": -90, "width": 300, "height": 300 }
		},
		"Rodney_eyes_normal": {
			"Rodney_eyes_damage": { "x": 20.8, "y": -49.36, "width": 300, "height": 300 },
			"Rodney_eyes_normal": { "x": 20.8, "y": -49.36, "width": 300, "height": 300 }
		},
		"arm": {
			"arm": { "x": 14.2, "y": 71.05, "rotation": 41.01, "width": 300, "height": 300 }
		},
		"hair_R": {
			"baka_hair": {
				"type": "skinnedmesh",
				"uvs": [ 1, 0.17118, 1, 0.3404, 1, 0.47028, 1, 0.66705, 1, 0.85202, 1, 1, 0.87102, 1, 0.79898, 1, 0.70439, 1, 0.54966, 1, 0.37707, 1, 0.20449, 1, 0, 1, 0, 0.84021, 0, 0.65131, 0, 0.4624, 0, 0.26957, 0, 0, 0.14497, 0, 0.32946, 0, 0.5318, 0, 0.68951, 0, 0.85614, 0, 1, 0, 0.42766, 0.88744, 0.28185, 0.72608, 0.19556, 0.5726, 0.12117, 0.40337, 0.04678, 0.22234, 0.10927, 0.0846, 0.30268, 0.1397, 0.40981, 0.06492, 0.57941, 0.2066, 0.68653, 0.13182, 0.83829, 0.14363, 0.93648, 0.29318, 0.91268, 0.62376, 0.74902, 0.67492, 0.79068, 0.50963, 0.79068, 0.33647, 0.63595, 0.44273, 0.51692, 0.37582, 0.3979, 0.31286, 0.44551, 0.54111, 0.5199, 0.7064, 0.61214, 0.90711, 0.47229, 0.78118, 0.36517, 0.59621, 0.28483, 0.39944, 0.22532, 0.25382, 0.51118, 0.43184, 0.59411, 0.59829, 0.64581, 0.72474, 0.71313, 0.84732 ],
				"triangles": [ 6, 4, 5, 4, 6, 53, 8, 53, 7, 6, 7, 53, 53, 37, 4, 37, 36, 4, 8, 45, 53, 45, 52, 53, 36, 3, 4, 53, 52, 37, 52, 51, 37, 37, 38, 36, 37, 51, 38, 36, 2, 3, 36, 38, 2, 2, 38, 39, 39, 35, 2, 35, 1, 2, 35, 0, 1, 39, 34, 35, 35, 34, 0, 0, 34, 23, 34, 22, 23, 51, 40, 38, 51, 50, 40, 38, 40, 39, 39, 40, 32, 32, 33, 39, 39, 33, 34, 33, 21, 34, 34, 21, 22, 50, 48, 42, 50, 41, 40, 50, 42, 41, 40, 41, 32, 41, 42, 32, 42, 31, 32, 42, 30, 31, 31, 20, 32, 32, 20, 33, 33, 20, 21, 31, 19, 20, 49, 29, 30, 29, 18, 30, 30, 19, 31, 30, 18, 19, 29, 17, 18, 25, 14, 26, 14, 15, 26, 15, 27, 26, 47, 26, 48, 26, 27, 48, 43, 48, 50, 15, 16, 27, 16, 28, 27, 27, 49, 48, 27, 28, 49, 48, 49, 42, 49, 30, 42, 16, 17, 28, 28, 29, 49, 28, 17, 29, 9, 45, 8, 10, 24, 9, 9, 24, 45, 10, 11, 24, 24, 11, 25, 25, 11, 13, 11, 12, 13, 24, 46, 45, 45, 46, 52, 52, 46, 44, 24, 25, 46, 25, 13, 14, 44, 46, 47, 46, 25, 47, 25, 26, 47, 44, 51, 52, 47, 43, 44, 44, 43, 51, 43, 50, 51, 43, 47, 48 ],
				"vertices": [ 4, 22, 1.52, -29.83, 0, 24, 30.75, -8.01, 0, 28, 16.87999, -2.46, 0.1002, 29, 1.56, 5.79, 0.89979, 3, 24, 29.44, -13.09, 0, 29, 6.42, 3.82, 0.96964, 30, -4.44999, -0.91, 0.03035, 3, 24, 28.44, -16.99, 0, 29, 10.14999, 2.32, 0.48194, 30, -1.74, 2.06, 0.51805, 4, 19, -6.65, -19.9, 4.9E-4, 22, -12.81, -24.28, 0, 29, 15.81, 0.03, 0.00739, 30, 2.35999, 6.57, 0.9921, 4, 19, -11.23, -16.45, 0.01926, 22, -18.16, -22.21, 0, 24, 25.49, -28.45, 0, 30, 6.22, 10.8, 0.98073, 4, 19, -14.89, -13.69, 0.03086, 22, -22.43, -20.56, 0, 24, 24.35, -32.9, 0, 30, 9.31, 14.19, 0.96913, 4, 19, -11.71, -9.47, 0.08353, 22, -20.52, -15.62, 0, 24, 19.23, -31.58, 0, 30, 13.22, 10.63, 0.91646, 4, 19, -9.93, -7.11, 0.17545, 22, -19.45999, -12.87, 0, 24, 16.37, -30.84, 0, 30, 15.4, 8.64, 0.82454, 4, 19, -7.6, -4.01, 0.3998, 22, -18.06, -9.25, 0, 24, 12.61, -29.88, 0, 30, 18.27, 6.03, 0.60019, 3, 19, -3.78, 1.04999, 0.93077, 24, 6.47, -28.3, 0, 30, 22.96, 1.76, 0.06922, 3, 19, 0.46, 6.7, 0.95727, 22, -13.21, 3.25, 0.04272, 24, -0.38, -26.53, 0, 3, 19, 4.71999, 12.35, 0.75008, 22, -10.65, 9.85, 0.24991, 24, -7.23, -24.77, 0, 3, 19, 9.77, 19.04999, 0.61409, 22, -7.63, 17.67, 0.38589, 24, -15.35, -22.68, 0, 3, 19, 13.72, 16.07, 0.55962, 22, -3.01, 15.88, 0.44036, 24, -14.12, -17.89, 0, 2, 19, 18.4, 12.54, 0.35901, 22, 2.44, 13.76, 0.64098, 4, 19, 23.08, 9.02, 0.13772, 22, 7.9, 11.65, 0.85742, 24, -11.2, -6.54, 0.0048, 28, -23.01, 10.59, 3.0E-5, 4, 19, 27.85, 5.42, 0.01607, 22, 13.48, 9.49, 0.85658, 24, -9.71, -0.75, 0.1269, 28, -19.96999, 15.74, 4.3E-4, 3, 22, 21.27, 6.47, 0.52119, 24, -7.63, 7.33, 0.47708, 28, -15.73, 22.93, 0.00171, 3, 22, 19.12, 0.93, 0.31169, 24, -1.87, 5.85, 0.68609, 28, -10.61, 19.91, 0.0022, 2, 24, 5.44, 3.96, 0.98059, 26, -4.96, 0.85, 0.0194, 4, 22, 13.4, -13.85, 0, 26, 1.16, 6.44, 0.83163, 28, 3.04, 11.86, 0.16836, 30, 2.60999, -21.64, 0, 6, 22, 11.06, -19.87999, 1.1E-4, 24, 19.74, 0.29, 0, 26, 5.93, 10.8, 0.35775, 28, 8.60999, 8.57, 0.63416, 29, -8.13, -4.01, 0.00796, 30, -2.16, -17.28, 0, 5, 22, 8.59, -26.25, 2.0E-5, 24, 26.36, -1.4, 0, 26, 10.98, 15.41, 0.04271, 28, 14.5, 5.1, 0.57202, 29, -5.57, 2.31, 0.38523, 4, 22, 6.46, -31.75, 0, 24, 32.07, -2.87, 0, 28, 19.58, 2.10999, 0.2613, 29, -3.36, 7.78, 0.73869, 3, 19, 2, 2.94, 0.99786, 22, -10.71, 0.06, 0.00212, 24, 2.49, -23.67, 0, 3, 19, 9.6, 4.71, 0.72948, 22, -3.88, 3.82, 0.2705, 24, -2.04, -17.34, 0, 2, 19, 15.53, 4.67, 0.31746, 22, 1.82, 5.41, 0.68253, 4, 19, 21.55, 3.95, 0.08752, 22, 7.82, 6.36, 0.90815, 24, -5.93, -6.01, 0.00429, 28, -17.79999, 9.64, 2.0E-5, 4, 19, 27.87, 3.01, 0.00283, 22, 14.15, 7.17, 0.7402, 24, -7.49, 0.18, 0.25615, 28, -17.58, 16.02, 8.0E-4, 3, 22, 17.20999, 3.24, 0.46643, 24, -3.94, 3.67, 0.532, 28, -13.2, 18.4, 0.00155, 1, 24, 3.3, 0.04, 1, 4, 24, 8.13, 1.19, 0.40087, 26, -1.16999, 1.58, 0.5722, 28, -2.28, 12.66, 0.02691, 30, 7.66, -23.52, 0, 2, 26, 6.92, 3.03, 0.65757, 28, 1.47, 5.35, 0.34242, 4, 22, 7.29, -18.29, 2.0E-5, 26, 8.6, 7.7, 0.20156, 28, 6.43, 5.11, 0.79091, 29, -4.38, -5.66, 0.00749, 4, 22, 4.71, -23.96, 1.0E-5, 26, 13.44, 11.63, 0.01943, 28, 11.61, 1.64, 0.52582, 29, -1.71, -0.03, 0.45472, 2, 24, 27.28, -11.03, 0, 29, 4.09, 1.96, 1, 4, 22, -10.27, -21.43, 0, 24, 23.79, -20.70999, 0, 29, 13.22, -2.78, 0.02478, 30, 4.1, 3.16, 0.97521, 5, 19, -0.64999, -11.53, 0.18313, 24, 16.89, -20.57, 0, 26, 21.85, -2.99, 0.02452, 28, 0.09, -10.68, 0.03416, 30, 10.13, -0.18, 0.75816, 4, 26, 19.65, 1.93, 7.3E-4, 28, 4.16, -7.13, 0.20332, 29, 8.07, -6.09, 0.08129, 30, 5.41, -2.81, 0.71464, 3, 28, 6.89, -2.51, 0.81092, 29, 3.09, -4.08, 0.09453, 30, 1.8, -6.78, 0.09453, 4, 19, 7.88, -12.16, 0.04258, 26, 13.57, -0.8, 0.24675, 28, -0.24, -2.11999, 0.57472, 30, 8.7, -8.62, 0.13592, 5, 19, 12.47, -9.51, 0.08382, 22, 2.75, -9.07, 0.13208, 26, 8.57, -2.56, 0.76831, 28, -3.39, 2.13, 0.01508, 30, 10.91, -13.44, 6.9E-4, 4, 19, 16.95999, -6.79, 0.01782, 22, 6.33, -5.23, 0.61782, 24, 5.75, -6.12, 0.01039, 26, 3.65, -4.41, 0.35396, 5, 19, 10.14, -4.09, 0.50669, 22, -0.96, -4.48999, 0.29299, 26, 9.85999, -8.32, 0.18354, 28, -8.51, -0.78, 0.01275, 30, 16.53, -11.62, 0.00399, 5, 19, 4.21, -3.44, 0.81477, 24, 7.55, -19.18, 0, 26, 15.57, -10.05, 0.06216, 28, -8.49, -6.75, 0.0326, 30, 17.73, -5.78, 0.09044, 5, 19, -3.02, -2.72, 0.8163, 24, 9.66, -26.15, 0, 26, 22.56, -12.09, 7.5E-4, 28, -8.39, -14.03, 5.6E-4, 30, 19.12, 1.35, 0.18237, 1, 19, 3.53, -0.49, 1, 5, 19, 10.76, -0.43, 0.68155, 22, -1.36, -0.8, 0.25441, 26, 8.58, -11.81, 0.05896, 28, -12.22, -0.58, 0.00423, 30, 20.11, -12.58, 8.2E-4, 1, 22, 5.51, 0.05, 1, 3, 19, 22.68, -2.24, 2.0E-5, 22, 10.6, 0.7, 0.82927, 24, -0.64, -2.58, 0.17069, 5, 19, 11.22, -8.28, 0.08382, 22, 1.22, -8.22999, 0.13208, 26, 9.56, -4, 0.76831, 28, -4.46999, 0.76, 0.01508, 30, 12.26, -12.31, 6.9E-4, 6, 19, 5.06, -7.89, 0.3848, 22, -4.81, -9.53, 0.00118, 24, 11.33, -16.69, 0, 26, 15.56, -5.52, 0.16722, 28, -4.17, -5.41, 0.1444, 30, 13.22, -6.21, 0.30238, 5, 19, 0.64999, -7.23, 0.42448, 24, 12.41, -21.02, 0, 26, 19.77, -6.99, 0.07744, 28, -4.33, -9.85999, 0.07573, 30, 14.29, -1.88, 0.42233, 6, 19, -4.04, -7.14, 0.33124, 22, -13.77, -11.3, 0, 24, 14.14, -25.38, 0, 26, 24.37, -7.93, 0.00427, 28, -3.89, -14.54, 0.0027, 30, 14.81, 2.77, 0.66176 ],
				"hull": 24,
				"edges": [ 18, 20, 20, 22, 22, 24, 24, 26, 26, 28, 28, 30, 30, 32, 32, 34, 34, 36, 36, 38, 38, 40, 40, 42, 42, 44, 44, 46, 0, 46, 0, 2, 2, 4, 4, 6, 6, 8, 8, 10, 10, 12, 16, 18, 12, 14, 14, 16 ],
				"width": 41,
				"height": 31
			}
		},
		"hand_L": {
			"hand_L": { "x": 43.09, "y": 0.96, "rotation": -79.6, "width": 300, "height": 300 }
		},
		"hand_L1": {
			"hand_L1": { "x": -5.62, "y": 20.16, "rotation": 68.51, "width": 300, "height": 300 }
		},
		"hand_R": {
			"hand_R": { "x": 44.27, "y": 6.25, "rotation": -114.91, "width": 300, "height": 300 }
		},
		"hand_R_light": {
			"hand_R_light": { "x": 44.27, "y": 6.25, "rotation": -114.91, "width": 300, "height": 300 }
		},
		"head": {
			"head": { "x": -3.28, "y": 3.65, "rotation": -87.74, "width": 300, "height": 300 }
		},
		"head_light": {
			"head_light": { "x": -1.74, "y": 5.32, "rotation": -87.74, "width": 300, "height": 300 }
		}
	},
	"damage": {
		"Light_Ship": {
			"Ship_light_change": { "name": "Rodney_armor_damage_light", "x": 3.17, "y": 42.12, "rotation": 4.95, "width": 300, "height": 300 }
		},
		"Rodney_body_normal": {
			"Body_Change": { "name": "Rodney_body_damage", "x": 130.63, "y": 9.19, "rotation": -90, "width": 300, "height": 300 }
		},
		"Rodney_ship_armor_normal": {
			"Ship_armor_normal": { "name": "Rodney_ship_armor_damage", "x": 3.17, "y": 42.12, "rotation": 4.95, "width": 300, "height": 300 }
		},
		"TD": {
			"change": { "name": "little_head", "x": 15.48, "y": 4.07, "rotation": -83.69, "width": 33, "height": 40 }
		},
		"TH": {
			"change": {
				"name": "TH",
				"type": "skinnedmesh",
				"uvs": [ 1, 0.15255, 1, 0.30455, 1, 0.53655, 1, 0.69922, 1, 0.85922, 1, 1, 0.86039, 1, 0.71039, 1, 0.46039, 1, 0.19373, 1, 0, 1, 0, 0.86189, 0, 0.63255, 0, 0.45655, 0, 0.24055, 0, 0, 0.20706, 0, 0.39373, 0, 0.55039, 0, 0.74039, 0, 1, 0, 0.07373, 0.85389, 0.07373, 0.60589, 0.11373, 0.37122, 0.19039, 0.06989, 0.48706, 0.12322, 0.71706, 0.25922, 0.93039, 0.43789, 0.86706, 0.61389, 0.83373, 0.76055, 0.77039, 0.86989, 0.45373, 0.93922, 0.26706, 0.89922, 0.30373, 0.71522, 0.35706, 0.41389, 0.51706, 0.74722, 0.64373, 0.44322 ],
				"triangles": [ 13, 14, 23, 26, 36, 25, 27, 26, 1, 23, 24, 34, 34, 24, 25, 17, 24, 16, 24, 17, 25, 23, 14, 24, 26, 0, 1, 25, 18, 26, 26, 19, 0, 26, 18, 19, 14, 15, 24, 19, 20, 0, 25, 17, 18, 24, 15, 16, 6, 4, 5, 7, 30, 6, 6, 30, 4, 30, 29, 4, 30, 35, 29, 29, 3, 4, 29, 28, 3, 29, 35, 28, 35, 36, 28, 35, 34, 36, 28, 2, 3, 28, 27, 2, 28, 36, 27, 22, 23, 34, 27, 1, 2, 36, 26, 27, 36, 34, 25, 35, 30, 7, 9, 32, 8, 32, 31, 8, 7, 8, 31, 10, 21, 9, 9, 21, 32, 10, 11, 21, 32, 33, 31, 7, 31, 35, 31, 33, 35, 32, 21, 33, 11, 12, 21, 12, 22, 21, 21, 22, 33, 33, 34, 35, 33, 22, 34, 12, 13, 22, 22, 13, 23 ],
				"vertices": [ 2, 23, 8.64999, -4.28, 0.11268, 25, 4.6, -4.31, 0.88731, 2, 23, 6.46, -4.92, 0.38135, 25, 2.42, -4.98, 0.61864, 3, 21, 7.42, -5.97, 0.02802, 23, 3.13, -5.91, 0.79779, 25, -0.9, -6, 0.17417, 3, 21, 5.08, -6.66, 0.13699, 23, 0.79, -6.61, 0.8232, 25, -3.23, -6.71, 0.0398, 3, 21, 2.78, -7.34, 0.27518, 23, -1.5, -7.29, 0.72178, 25, -5.52, -7.41, 0.00302, 2, 21, 0.76, -7.94, 0.32911, 23, -3.53, -7.89, 0.67088, 2, 21, 0.28, -6.34, 0.37156, 23, -4, -6.28, 0.62843, 2, 21, -0.22, -4.61, 0.51507, 23, -4.51, -4.56, 0.48491, 2, 21, -1.07, -1.73, 0.90104, 23, -5.37, -1.68, 0.09895, 1, 21, -1.98, 1.32, 1, 1, 21, -2.64, 3.55, 1, 3, 21, -0.66, 4.14, 0.98108, 23, -4.94999, 4.19, 0.01833, 25, -9.07, 4.05, 5.6E-4, 3, 21, 2.63, 5.12, 0.70811, 23, -1.65, 5.17, 0.22821, 25, -5.78, 5.05, 0.06367, 3, 21, 5.16, 5.87, 0.30559, 23, 0.87, 5.92, 0.37742, 25, -3.25, 5.82, 0.31697, 3, 21, 8.27, 6.79, 0.04245, 23, 3.97, 6.84, 0.17883, 25, -0.15, 6.77, 0.77871, 2, 23, 7.43, 7.87, 0.04161, 25, 3.29, 7.82, 0.95838, 2, 23, 8.14, 5.49, 0.02266, 25, 4.01, 5.44, 0.97733, 2, 23, 8.77, 3.34, 0.00201, 25, 4.67, 3.3, 0.99798, 1, 25, 5.21999, 1.5, 1, 2, 23, 9.96, -0.64, 1.2E-4, 25, 5.88, -0.67, 0.99987, 2, 23, 10.84, -3.63, 0.01959, 25, 6.79, -3.65, 0.9804, 3, 21, -0.29, 3.33, 0.98519, 23, -4.59, 3.38, 0.01452, 25, -8.68999, 3.23, 2.8E-4, 3, 21, 3.27, 4.38, 0.60405, 23, -1.02, 4.44, 0.29505, 25, -5.14, 4.32, 0.10089, 3, 21, 6.78, 4.92999, 0.14013, 23, 2.48, 4.98, 0.35422, 25, -1.63, 4.89, 0.50563, 3, 21, 11.37, 5.33, 0.00144, 23, 7.08, 5.38, 0.04136, 25, 2.95, 5.33, 0.95719, 1, 25, 3.23, 1.69, 1, 2, 23, 6.15, -1.48, 0.13913, 25, 2.08, -1.53, 0.86086, 3, 21, 8.60999, -4.73999, 0.00232, 23, 4.31, -4.69, 0.64782, 25, 0.27, -4.76, 0.34985, 3, 21, 5.86, -4.77, 0.05765, 23, 1.56, -4.71, 0.84376, 25, -2.47, -4.81, 0.09857, 3, 21, 3.64, -5.01, 0.20804, 23, -0.64999, -4.96, 0.77624, 25, -4.69, -5.07, 0.0157, 3, 21, 1.85, -4.75, 0.37683, 23, -2.44, -4.69, 0.62265, 25, -6.48, -4.82, 5.0E-4, 2, 21, -0.22, -1.4, 0.8977, 23, -4.52, -1.35, 0.10229, 1, 21, -0.28, 0.91, 1, 1, 21, 2.48, 1.27, 1, 3, 21, 6.99, 1.94, 0.02679, 23, 2.7, 2, 0.78522, 25, -1.39, 1.91, 0.18797, 2, 21, 2.75, -1.30999, 0.81514, 23, -1.54, -1.26, 0.18485, 2, 23, 3.25, -1.42, 0.74615, 25, -0.81, -1.5, 0.25384 ],
				"hull": 21,
				"edges": [ 30, 32, 32, 34, 34, 36, 36, 38, 38, 40, 0, 40, 0, 2, 2, 4, 4, 6, 6, 8, 8, 10, 10, 12, 12, 14, 14, 16, 16, 18, 18, 20, 20, 22, 22, 24, 24, 26, 26, 28, 28, 30 ],
				"width": 12,
				"height": 15
			}
		},
		"flag": {
			"change": { "name": "flag", "x": 4.14, "y": 37.03, "rotation": 4.95, "width": 300, "height": 300 }
		},
		"glass": {
			"change": { "name": "glass_damage", "x": -2.59, "y": -25.39, "rotation": -85.94, "width": 300, "height": 300 }
		},
		"glass_light": {
			"change": { "name": "glass_damage_light", "x": -2.59, "y": -25.39, "rotation": -85.94, "width": 300, "height": 300 }
		}
	},
	"normal": {
		"Light_Ship": {
			"Ship_light_change": { "name": "Rodney_armor_normal_light", "x": 3.17, "y": 42.12, "rotation": 4.95, "width": 300, "height": 300 }
		},
		"Rodney_body_normal": {
			"Body_Change": { "name": "Rodney_body_normal", "x": 130.63, "y": 9.19, "rotation": -90, "width": 300, "height": 300 }
		},
		"Rodney_ship_armor_normal": {
			"Ship_armor_normal": { "name": "Rodney_ship_armor_normal", "x": 3.17, "y": 42.12, "rotation": 4.95, "width": 300, "height": 300 }
		},
		"glass": {
			"change": { "name": "glass", "x": -2.59, "y": -25.4, "rotation": -85.94, "width": 300, "height": 300 }
		},
		"glass_light": {
			"change": { "name": "glass_light", "x": -2.59, "y": -25.4, "rotation": -85.94, "width": 300, "height": 300 }
		}
	}
},
"events": {
	"Antiaircraft": {},
	"attack_point": {},
	"damage_point": {},
	"throw_point": {}
},
"animations": {
	"Antiaircraft": {
		"slots": {
			"Light_Body": {
				"attachment": [
					{ "time": 0, "name": null },
					{ "time": 0.0666, "name": "Rodney_ship_body_normal_light" },
					{ "time": 0.5, "name": "Rodney_ship_body_normal_light" },
					{ "time": 1.2666, "name": "Rodney_ship_body_normal_light" },
					{ "time": 2, "name": null }
				],
				"color": [
					{ "time": 0.0666, "color": "fffffffd" },
					{ "time": 0.1666, "color": "ffffff00" },
					{ "time": 0.2, "color": "ffffffff" },
					{ "time": 0.3333, "color": "ffffff00" },
					{ "time": 0.3666, "color": "ffffffff" },
					{ "time": 0.4666, "color": "ffffff00" },
					{ "time": 0.6, "color": "ffffffff" },
					{ "time": 0.7333, "color": "ffffff00" },
					{ "time": 0.8, "color": "ffffffff" },
					{ "time": 0.9, "color": "ffffff00" },
					{ "time": 0.9666, "color": "ffffffff" },
					{ "time": 1.1, "color": "ffffff00" },
					{ "time": 1.1333, "color": "ffffffff" },
					{ "time": 1.2333, "color": "ffffff00" },
					{ "time": 1.3666, "color": "ffffffff" },
					{ "time": 1.4666, "color": "ffffff00" },
					{ "time": 1.5333, "color": "ffffffff" },
					{ "time": 1.6333, "color": "ffffff00" },
					{ "time": 1.7, "color": "ffffffff" },
					{ "time": 1.8333, "color": "ffffff00" },
					{ "time": 1.8666, "color": "ffffffff" },
					{ "time": 1.9666, "color": "ffffff00" }
				]
			},
			"Light_Ship": {
				"attachment": [
					{ "time": 0, "name": null },
					{ "time": 0.0666, "name": "Ship_light_change" },
					{ "time": 0.5, "name": null },
					{ "time": 0.6, "name": "Ship_light_change" },
					{ "time": 1.2666, "name": null },
					{ "time": 1.3666, "name": "Ship_light_change" },
					{ "time": 2, "name": null }
				],
				"color": [
					{ "time": 0.0666, "color": "fffffffd" },
					{ "time": 0.1666, "color": "ffffff00" },
					{ "time": 0.2, "color": "ffffffff" },
					{ "time": 0.3333, "color": "ffffff00" },
					{ "time": 0.3666, "color": "ffffffff" },
					{ "time": 0.4666, "color": "ffffff00" },
					{ "time": 0.6, "color": "ffffffff" },
					{ "time": 0.7333, "color": "ffffff00" },
					{ "time": 0.8, "color": "ffffffff" },
					{ "time": 0.9, "color": "ffffff00" },
					{ "time": 0.9666, "color": "ffffffff" },
					{ "time": 1.1, "color": "ffffff00" },
					{ "time": 1.1333, "color": "ffffffff" },
					{ "time": 1.2333, "color": "ffffff00" },
					{ "time": 1.3666, "color": "ffffffff" },
					{ "time": 1.4666, "color": "ffffff00" },
					{ "time": 1.5333, "color": "ffffffff" },
					{ "time": 1.6333, "color": "ffffff00" },
					{ "time": 1.7, "color": "ffffffff" },
					{ "time": 1.8333, "color": "ffffff00" },
					{ "time": 1.8666, "color": "ffffffff" },
					{ "time": 1.9666, "color": "ffffff00" }
				]
			},
			"Rodney_body_normal": {
				"attachment": [
					{ "time": 0, "name": "Body_Change" }
				]
			},
			"Rodney_ship_armor_normal": {
				"attachment": [
					{ "time": 0, "name": "Ship_armor_normal" }
				]
			},
			"glass_light": {
				"attachment": [
					{ "time": 0, "name": null },
					{ "time": 0.0666, "name": "change" }
				],
				"color": [
					{ "time": 0.0666, "color": "fffffffd" },
					{ "time": 0.1666, "color": "ffffff00" },
					{ "time": 0.2, "color": "ffffffff" },
					{ "time": 0.3333, "color": "ffffff00" },
					{ "time": 0.3666, "color": "ffffffff" },
					{ "time": 0.4666, "color": "ffffff00" },
					{ "time": 0.6, "color": "ffffffff" },
					{ "time": 0.7333, "color": "ffffff00" },
					{ "time": 0.8, "color": "ffffffff" },
					{ "time": 0.9, "color": "ffffff00" },
					{ "time": 0.9666, "color": "ffffffff" },
					{ "time": 1.1, "color": "ffffff00" },
					{ "time": 1.1333, "color": "ffffffff" },
					{ "time": 1.2333, "color": "ffffff00" },
					{ "time": 1.3666, "color": "ffffffff" },
					{ "time": 1.4666, "color": "ffffff00" },
					{ "time": 1.5333, "color": "ffffffff" },
					{ "time": 1.6333, "color": "ffffff00" },
					{ "time": 1.7, "color": "ffffffff" },
					{ "time": 1.8333, "color": "ffffff00" },
					{ "time": 1.8666, "color": "ffffffff" },
					{ "time": 1.9666, "color": "ffffff00" }
				]
			},
			"hand_R_light": {
				"attachment": [
					{ "time": 0, "name": null },
					{ "time": 0.0666, "name": "hand_R_light" },
					{ "time": 0.5, "name": "hand_R_light" },
					{ "time": 1.2666, "name": "hand_R_light" },
					{ "time": 2, "name": null }
				],
				"color": [
					{ "time": 0.0666, "color": "fffffffd" },
					{ "time": 0.1666, "color": "ffffff00" },
					{ "time": 0.2, "color": "ffffffff" },
					{ "time": 0.3333, "color": "ffffff00" },
					{ "time": 0.3666, "color": "ffffffff" },
					{ "time": 0.4666, "color": "ffffff00" },
					{ "time": 0.6, "color": "ffffffff" },
					{ "time": 0.7333, "color": "ffffff00" },
					{ "time": 0.8, "color": "ffffffff" },
					{ "time": 0.9, "color": "ffffff00" },
					{ "time": 0.9666, "color": "ffffffff" },
					{ "time": 1.1, "color": "ffffff00" },
					{ "time": 1.1333, "color": "ffffffff" },
					{ "time": 1.2333, "color": "ffffff00" },
					{ "time": 1.3666, "color": "ffffffff" },
					{ "time": 1.4666, "color": "ffffff00" },
					{ "time": 1.5333, "color": "ffffffff" },
					{ "time": 1.6333, "color": "ffffff00" },
					{ "time": 1.7, "color": "ffffffff" },
					{ "time": 1.8333, "color": "ffffff00" },
					{ "time": 1.8666, "color": "ffffffff" },
					{ "time": 1.9666, "color": "ffffff00" }
				]
			},
			"head_light": {
				"attachment": [
					{ "time": 0, "name": null },
					{ "time": 0.0666, "name": "head_light" },
					{ "time": 0.5, "name": null },
					{ "time": 0.6, "name": "head_light" },
					{ "time": 0.8, "name": "head_light" },
					{ "time": 1.2666, "name": null },
					{ "time": 1.3666, "name": "head_light" },
					{ "time": 2, "name": null }
				],
				"color": [
					{ "time": 0.0666, "color": "fffffffd" },
					{ "time": 0.1666, "color": "ffffff00" },
					{ "time": 0.2, "color": "ffffffff" },
					{ "time": 0.3333, "color": "ffffff00" },
					{ "time": 0.3666, "color": "ffffffff" },
					{ "time": 0.4666, "color": "ffffff00" },
					{ "time": 0.6, "color": "ffffffff" },
					{ "time": 0.7333, "color": "ffffff00" },
					{ "time": 0.8, "color": "ffffffff" },
					{ "time": 0.9, "color": "ffffff00" },
					{ "time": 0.9666, "color": "ffffffff" },
					{ "time": 1.1, "color": "ffffff00" },
					{ "time": 1.1333, "color": "ffffffff" },
					{ "time": 1.2333, "color": "ffffff00" },
					{ "time": 1.3666, "color": "ffffffff" },
					{ "time": 1.4666, "color": "ffffff00" },
					{ "time": 1.5333, "color": "ffffffff" },
					{ "time": 1.6333, "color": "ffffff00" },
					{ "time": 1.7, "color": "ffffffff" },
					{ "time": 1.8333, "color": "ffffff00" },
					{ "time": 1.8666, "color": "ffffffff" },
					{ "time": 1.9666, "color": "ffffff00" }
				]
			}
		},
		"bones": {
			"Body": {
				"rotate": [
					{ "time": 0, "angle": 0, "curve": "stepped" },
					{ "time": 2, "angle": 0 }
				],
				"translate": [
					{ "time": 0, "x": 0, "y": 0, "curve": "stepped" },
					{ "time": 2, "x": 0, "y": 0 }
				]
			},
			"Root_All": {
				"rotate": [
					{ "time": 0, "angle": 0, "curve": "stepped" },
					{ "time": 2, "angle": 0 }
				],
				"translate": [
					{
						"time": 0,
						"x": 0,
						"y": 0,
						"curve": [ 0.255, 0.35, 0.6, 0.7 ]
					},
					{
						"time": 0.5,
						"x": 0,
						"y": -9.82,
						"curve": [ 0.3, 0.39, 0.641, 0.74 ]
					},
					{
						"time": 1,
						"x": 0,
						"y": -15.66,
						"curve": [ 0.322, 0.37, 0.652, 0.7 ]
					},
					{
						"time": 1.5,
						"x": 0,
						"y": -7.79,
						"curve": [ 0.314, 0.36, 0.644, 0.68 ]
					},
					{ "time": 2, "x": 0, "y": 0 }
				]
			},
			"Ship_All": {
				"rotate": [
					{ "time": 0, "angle": 0, "curve": "stepped" },
					{ "time": 2, "angle": 0 }
				],
				"translate": [
					{ "time": 0, "x": 0, "y": 0, "curve": "stepped" },
					{ "time": 2, "x": 0, "y": 0 }
				]
			},
			"Face": {
				"rotate": [
					{ "time": 0, "angle": 0, "curve": "stepped" },
					{ "time": 2, "angle": 0 }
				],
				"translate": [
					{
						"time": 0,
						"x": 0,
						"y": 0,
						"curve": [ 0.286, 0.34, 0.623, 0.67 ]
					},
					{
						"time": 0.5,
						"x": 0.64,
						"y": 0,
						"curve": [ 0.282, 0.37, 0.624, 0.71 ]
					},
					{
						"time": 1.5,
						"x": -1.28,
						"y": 0,
						"curve": [ 0.321, 0.37, 0.656, 0.71 ]
					},
					{ "time": 2, "x": 0, "y": 0 }
				]
			},
			"Head": {
				"rotate": [
					{ "time": 0, "angle": 0 },
					{ "time": 1, "angle": -5.31 },
					{ "time": 2, "angle": 0 }
				],
				"translate": [
					{ "time": 0, "x": 0, "y": 0, "curve": "stepped" },
					{ "time": 2, "x": 0, "y": 0 }
				]
			},
			"Ship": {
				"rotate": [
					{ "time": 0, "angle": 0 },
					{ "time": 1, "angle": -3.9 },
					{ "time": 2, "angle": 0 }
				],
				"translate": [
					{ "time": 0, "x": 0, "y": 0 },
					{ "time": 1, "x": 6.75, "y": 2.53 },
					{ "time": 2, "x": 0, "y": 0 }
				]
			},
			"glass": {
				"rotate": [
					{ "time": 0, "angle": 0, "curve": "stepped" },
					{ "time": 2, "angle": 0 }
				],
				"translate": [
					{ "time": 0, "x": 0, "y": 0 },
					{ "time": 1, "x": -3.33, "y": -0.44 },
					{ "time": 2, "x": 0, "y": 0 }
				]
			},
			"hand_R": {
				"rotate": [
					{ "time": 0, "angle": 0 },
					{ "time": 0.6666, "angle": 1.44 },
					{ "time": 1.3333, "angle": -24.85 },
					{ "time": 2, "angle": 0 }
				],
				"translate": [
					{ "time": 0, "x": 0, "y": 0 },
					{ "time": 0.6666, "x": -3.49, "y": 0 },
					{ "time": 1.3333, "x": 0, "y": 0, "curve": "stepped" },
					{ "time": 2, "x": 0, "y": 0 }
				]
			},
			"hand_L": {
				"rotate": [
					{ "time": 0, "angle": 0 },
					{ "time": 0.6666, "angle": -13.79 },
					{ "time": 2, "angle": 0 }
				],
				"translate": [
					{ "time": 0, "x": 0, "y": 0, "curve": "stepped" },
					{ "time": 2, "x": 0, "y": 0 }
				]
			},
			"hand_L2": {
				"rotate": [
					{ "time": 0, "angle": 0 },
					{ "time": 0.6666, "angle": -4.49 },
					{ "time": 1.3333, "angle": 4.16 },
					{ "time": 2, "angle": 0 }
				],
				"translate": [
					{ "time": 0, "x": 0, "y": 0, "curve": "stepped" },
					{ "time": 2, "x": 0, "y": 0 }
				]
			},
			"th1": {
				"rotate": [
					{ "time": 0, "angle": 0, "curve": "stepped" },
					{ "time": 2, "angle": 0 }
				],
				"translate": [
					{ "time": 0, "x": 0, "y": 0, "curve": "stepped" },
					{ "time": 2, "x": 0, "y": 0 }
				]
			},
			"little_head": {
				"rotate": [
					{ "time": 0, "angle": 0 },
					{ "time": 0.6666, "angle": -9.85 },
					{ "time": 1, "angle": -14.97 },
					{ "time": 1.3333, "angle": -27.65 },
					{ "time": 2, "angle": 0 }
				],
				"translate": [
					{ "time": 0, "x": 0, "y": 0 },
					{ "time": 0.6666, "x": 1.82, "y": 1.13 },
					{ "time": 1.3333, "x": 1.08, "y": -1.15 },
					{ "time": 2, "x": 0, "y": 0 }
				]
			},
			"th3": {
				"rotate": [
					{ "time": 0, "angle": 0 },
					{ "time": 0.6666, "angle": 11.88 },
					{ "time": 1, "angle": -0.34 },
					{ "time": 1.3333, "angle": -8.3 },
					{ "time": 2, "angle": 0 }
				],
				"translate": [
					{ "time": 0, "x": 0, "y": 0 },
					{ "time": 0.6666, "x": 2.57, "y": -0.11 },
					{ "time": 1, "x": -0.56, "y": 0.22 },
					{ "time": 1.3333, "x": 3.52, "y": -0.62 },
					{ "time": 2, "x": 0, "y": 0 }
				]
			},
			"th2": {
				"rotate": [
					{ "time": 0, "angle": 0 },
					{ "time": 0.6666, "angle": 12.06 },
					{ "time": 1, "angle": -0.06 },
					{ "time": 1.3333, "angle": -14.21 },
					{ "time": 2, "angle": 0 }
				],
				"translate": [
					{ "time": 0, "x": 0, "y": 0 },
					{ "time": 0.6666, "x": 2.41, "y": 1.84 },
					{ "time": 1, "x": -0.66, "y": -0.23 },
					{ "time": 1.3333, "x": 1.99, "y": -0.23 },
					{ "time": 2, "x": 0, "y": 0 }
				]
			},
			"arm": {
				"rotate": [
					{ "time": 0, "angle": 0 },
					{ "time": 1, "angle": 5.8 },
					{ "time": 2, "angle": 0 }
				],
				"translate": [
					{ "time": 0, "x": 0, "y": 0 },
					{ "time": 1, "x": -3.59, "y": 9.62 },
					{ "time": 2, "x": 0, "y": 0 }
				]
			},
			"hair_1": {
				"rotate": [
					{ "time": 0, "angle": 0 },
					{ "time": 0.6666, "angle": 16.08 },
					{ "time": 1.3333, "angle": -12.45 },
					{ "time": 2, "angle": 0 }
				],
				"translate": [
					{ "time": 0, "x": 0, "y": 0, "curve": "stepped" },
					{ "time": 2, "x": 0, "y": 0 }
				]
			},
			"hair_7": {
				"rotate": [
					{ "time": 0, "angle": 0 },
					{ "time": 0.6666, "angle": -3.05 },
					{ "time": 2, "angle": 0 }
				],
				"translate": [
					{ "time": 0, "x": 0, "y": 0, "curve": "stepped" },
					{ "time": 2, "x": 0, "y": 0 }
				]
			},
			"hair_6": {
				"rotate": [
					{ "time": 0, "angle": 0 },
					{ "time": 0.6666, "angle": 7.04 },
					{ "time": 1.3333, "angle": -3.58 },
					{ "time": 2, "angle": 0 }
				],
				"translate": [
					{ "time": 0, "x": 0, "y": 0, "curve": "stepped" },
					{ "time": 2, "x": 0, "y": 0 }
				]
			},
			"hair_5": {
				"rotate": [
					{ "time": 0, "angle": 0 },
					{ "time": 0.6666, "angle": 29.81 },
					{ "time": 1.3333, "angle": 2.36 },
					{ "time": 2, "angle": 0 }
				],
				"translate": [
					{ "time": 0, "x": 0, "y": 0, "curve": "stepped" },
					{ "time": 2, "x": 0, "y": 0 }
				]
			},
			"hair_4": {
				"rotate": [
					{ "time": 0, "angle": 0 },
					{ "time": 0.6666, "angle": 4.78 },
					{ "time": 1.3333, "angle": -1.5 },
					{ "time": 2, "angle": 0 }
				],
				"translate": [
					{ "time": 0, "x": 0, "y": 0, "curve": "stepped" },
					{ "time": 2, "x": 0, "y": 0 }
				]
			},
			"hair_3": {
				"rotate": [
					{ "time": 0, "angle": 0 },
					{ "time": 1.3333, "angle": 1.39 },
					{ "time": 2, "angle": 0 }
				],
				"translate": [
					{ "time": 0, "x": 0, "y": 0, "curve": "stepped" },
					{ "time": 2, "x": 0, "y": 0 }
				]
			},
			"hair_2": {
				"rotate": [
					{ "time": 0, "angle": 0 },
					{ "time": 0.6666, "angle": 4.52 },
					{ "time": 1.3333, "angle": -5.94 },
					{ "time": 2, "angle": 0 }
				],
				"translate": [
					{ "time": 0, "x": 0, "y": 0, "curve": "stepped" },
					{ "time": 2, "x": 0, "y": 0 }
				]
			}
		},
		"events": [
			{ "time": 0.0666, "name": "Antiaircraft" }
		]
	},
	"attack": {
		"slots": {
			"Light_Body": {
				"attachment": [
					{ "time": 0, "name": null },
					{ "time": 0.0666, "name": null }
				],
				"color": [
					{ "time": 0.5333, "color": "fffffffb" },
					{ "time": 0.8333, "color": "ffffff00" }
				]
			},
			"Light_Ship": {
				"attachment": [
					{ "time": 0, "name": null },
					{ "time": 0.1, "name": "Ship_light_change" },
					{ "time": 0.5, "name": "Ship_light_change" }
				],
				"color": [
					{ "time": 0.5333, "color": "fffffffc" },
					{ "time": 0.8333, "color": "ffffff00" }
				]
			},
			"Rodney_body_normal": {
				"attachment": [
					{ "time": 0, "name": "Body_Change" },
					{ "time": 0.9, "name": "Body_Change" }
				]
			},
			"Rodney_ship_armor_normal": {
				"attachment": [
					{ "time": 0, "name": "Ship_armor_normal" },
					{ "time": 0.9, "name": "Ship_armor_normal" },
					{ "time": 1.6666, "name": "Ship_armor_normal" }
				]
			},
			"glass_light": {
				"attachment": [
					{ "time": 0, "name": null },
					{ "time": 0.0666, "name": "change" }
				],
				"color": [
					{ "time": 0.5333, "color": "fffffffb" },
					{ "time": 0.8333, "color": "ffffff00" }
				]
			},
			"hand_R_light": {
				"attachment": [
					{ "time": 0, "name": null },
					{ "time": 0.0666, "name": "hand_R_light" }
				],
				"color": [
					{ "time": 0.5333, "color": "fffffffb" },
					{ "time": 0.8333, "color": "ffffff00" }
				]
			},
			"head_light": {
				"attachment": [
					{ "time": 0, "name": null },
					{ "time": 0.0666, "name": "head_light" },
					{ "time": 0.1, "name": "head_light" },
					{ "time": 0.5, "name": "head_light" }
				],
				"color": [
					{ "time": 0.5333, "color": "fffffffb" },
					{ "time": 0.8333, "color": "ffffff00" }
				]
			}
		},
		"bones": {
			"Root_All": {
				"rotate": [
					{ "time": 0, "angle": 0, "curve": "stepped" },
					{ "time": 1.6666, "angle": 0 }
				],
				"translate": [
					{
						"time": 0,
						"x": 0,
						"y": 0,
						"curve": [ 0.255, 0.35, 0.6, 0.7 ]
					},
					{ "time": 0.0666, "x": 8.69, "y": 0 },
					{ "time": 0.1666, "x": -87.44, "y": 0 },
					{ "time": 0.3333, "x": -61.04, "y": 0 },
					{ "time": 0.5333, "x": -69.84, "y": 0 },
					{ "time": 1, "x": -85.6, "y": 0 },
					{ "time": 1.4, "x": 15.07, "y": 0 },
					{ "time": 1.6666, "x": 0, "y": 0 }
				]
			},
			"Face": {
				"rotate": [
					{ "time": 0, "angle": 0, "curve": "stepped" },
					{ "time": 1.6666, "angle": 0 }
				],
				"translate": [
					{
						"time": 0,
						"x": 0,
						"y": 0,
						"curve": [ 0.286, 0.34, 0.623, 0.67 ]
					},
					{ "time": 0.1666, "x": 0, "y": 3.4 },
					{ "time": 0.3333, "x": -0.2, "y": 1.71 },
					{ "time": 0.9, "x": -0.34, "y": 1.96 },
					{ "time": 1, "x": -0.15, "y": 1.13 },
					{ "time": 1.4, "x": -0.35, "y": 0.55 },
					{ "time": 1.6666, "x": 0, "y": 0 }
				]
			},
			"Ship_All": {
				"rotate": [
					{ "time": 0, "angle": 0, "curve": "stepped" },
					{ "time": 1.6666, "angle": 0 }
				],
				"translate": [
					{ "time": 0, "x": 0, "y": 0, "curve": "stepped" },
					{ "time": 1.6666, "x": 0, "y": 0 }
				]
			},
			"Body": {
				"rotate": [
					{
						"time": 0,
						"angle": 0,
						"curve": [ 0.312, 0.33, 0.646, 0.67 ]
					},
					{
						"time": 0.3333,
						"angle": 7.65,
						"curve": [ 0.301, 0.34, 0.636, 0.67 ]
					},
					{
						"time": 0.6666,
						"angle": -2.7,
						"curve": [ 0.275, 0.4, 0.625, 0.76 ]
					},
					{ "time": 1.6666, "angle": 0 }
				],
				"translate": [
					{
						"time": 0,
						"x": 0,
						"y": 0,
						"curve": [ 0.312, 0.33, 0.646, 0.67 ]
					},
					{
						"time": 0.3333,
						"x": -16.08,
						"y": 11,
						"curve": [ 0.301, 0.34, 0.636, 0.67 ]
					},
					{
						"time": 0.6666,
						"x": -2.43,
						"y": 2.37,
						"curve": [ 0.275, 0.4, 0.625, 0.76 ]
					},
					{ "time": 1.6666, "x": 0, "y": 0 }
				]
			},
			"Attack_Point": {
				"rotate": [
					{ "time": 0.0666, "angle": 0 }
				],
				"translate": [
					{ "time": 0.0666, "x": 0, "y": 0 }
				]
			},
			"Head": {
				"rotate": [
					{ "time": 0, "angle": 0 },
					{ "time": 0.1666, "angle": -10.35 },
					{ "time": 1.6666, "angle": 0 }
				],
				"translate": [
					{ "time": 0, "x": 0, "y": 0, "curve": "stepped" },
					{ "time": 1.6666, "x": 0, "y": 0 }
				]
			},
			"Ship": {
				"rotate": [
					{ "time": 0, "angle": 0 },
					{ "time": 0.1666, "angle": 15.89 },
					{ "time": 0.5, "angle": -10.53 },
					{ "time": 0.6666, "angle": 2.72 },
					{ "time": 1.6666, "angle": 0 }
				],
				"translate": [
					{ "time": 0, "x": 0, "y": 0 },
					{ "time": 0.3333, "x": -1.38, "y": 8.72 },
					{ "time": 0.5, "x": -4.94, "y": -1.54 },
					{ "time": 1.6666, "x": 0, "y": 0 }
				]
			},
			"hand_R": {
				"rotate": [
					{ "time": 0, "angle": 0 },
					{ "time": 0.0333, "angle": 18.32 },
					{ "time": 0.3333, "angle": -20.99 },
					{ "time": 1.6666, "angle": 0 }
				],
				"translate": [
					{ "time": 0, "x": 0, "y": 0, "curve": "stepped" },
					{ "time": 1.6666, "x": 0, "y": 0 }
				]
			},
			"hand_L": {
				"rotate": [
					{ "time": 0, "angle": 0 },
					{ "time": 0.0333, "angle": 2.56 },
					{ "time": 0.3333, "angle": -7.77 },
					{ "time": 1.6666, "angle": 0 }
				],
				"translate": [
					{ "time": 0, "x": 0, "y": 0, "curve": "stepped" },
					{ "time": 1.6666, "x": 0, "y": 0 }
				]
			},
			"hand_L2": {
				"rotate": [
					{ "time": 0, "angle": 0 },
					{ "time": 0.0333, "angle": -13.49 },
					{ "time": 0.1666, "angle": 17.38 },
					{ "time": 1.6666, "angle": 0 }
				],
				"translate": [
					{ "time": 0, "x": 0, "y": 0, "curve": "stepped" },
					{ "time": 1.6666, "x": 0, "y": 0 }
				]
			},
			"th1": {
				"rotate": [
					{ "time": 0, "angle": 0 },
					{ "time": 0.1666, "angle": -3.8 },
					{ "time": 0.5, "angle": 3.79, "curve": "stepped" },
					{ "time": 0.8333, "angle": 3.79 },
					{ "time": 1, "angle": -3.8 },
					{ "time": 1.6666, "angle": 0 }
				],
				"translate": [
					{ "time": 0, "x": 0, "y": 0, "curve": "stepped" },
					{ "time": 0.0333, "x": 0, "y": 0, "curve": "stepped" },
					{ "time": 1.6666, "x": 0, "y": 0 }
				]
			},
			"little_head": {
				"rotate": [
					{ "time": 0, "angle": 0 },
					{ "time": 0.1666, "angle": -16.83 },
					{ "time": 0.5, "angle": -6.35 },
					{ "time": 0.6666, "angle": 2.36 },
					{ "time": 0.8333, "angle": -6.35 },
					{ "time": 1, "angle": -19.69 },
					{ "time": 1.1666, "angle": 8.04 },
					{ "time": 1.4333, "angle": -25.63 },
					{ "time": 1.6666, "angle": 0 }
				],
				"translate": [
					{ "time": 0, "x": 0, "y": 0 },
					{ "time": 0.0333, "x": -2.46, "y": 0.06 },
					{ "time": 0.1666, "x": 1, "y": 1.86 },
					{ "time": 0.5, "x": -1.59, "y": 1.38 },
					{ "time": 0.6666, "x": 0.32, "y": 2.26 },
					{ "time": 0.8333, "x": -1.59, "y": 1.38 },
					{ "time": 1, "x": -0.7, "y": 1.92 },
					{ "time": 1.6666, "x": 0, "y": 0 }
				]
			},
			"th3": {
				"rotate": [
					{ "time": 0, "angle": 0 },
					{ "time": 0.1666, "angle": -3.98 },
					{ "time": 0.5, "angle": 8.33 },
					{ "time": 0.6666, "angle": 11.22 },
					{ "time": 0.8333, "angle": 8.33 },
					{ "time": 1, "angle": -3.98 },
					{ "time": 1.6666, "angle": 0 }
				],
				"translate": [
					{ "time": 0, "x": 0, "y": 0 },
					{ "time": 0.1666, "x": 4.61, "y": -1.5 },
					{ "time": 0.5, "x": 2.66, "y": -1.46 },
					{ "time": 0.6666, "x": 5.38, "y": -0.4 },
					{ "time": 0.8333, "x": 2.66, "y": -1.46 },
					{ "time": 1, "x": 1.32, "y": -0.8 },
					{ "time": 1.6666, "x": 0, "y": 0 }
				]
			},
			"th2": {
				"rotate": [
					{ "time": 0, "angle": 0 },
					{ "time": 0.1666, "angle": -10.36 },
					{ "time": 0.5, "angle": 7.19 },
					{ "time": 0.6666, "angle": 13.26 },
					{ "time": 0.8333, "angle": 7.19 },
					{ "time": 1, "angle": -8.67 },
					{ "time": 1.6666, "angle": 0 }
				],
				"translate": [
					{ "time": 0, "x": 0, "y": 0 },
					{ "time": 0.1666, "x": 0.79, "y": 0.69 },
					{ "time": 0.5, "x": -1.93, "y": 0.04 },
					{ "time": 0.6666, "x": 0.74, "y": 1.25 },
					{ "time": 0.8333, "x": -1.93, "y": 0.04 },
					{ "time": 1, "x": -1.59, "y": 0.39 },
					{ "time": 1.6666, "x": 0, "y": 0 }
				]
			},
			"glass": {
				"rotate": [
					{ "time": 0, "angle": 0 },
					{ "time": 0.1666, "angle": 21.48 },
					{ "time": 0.3333, "angle": -15.07 },
					{ "time": 0.5, "angle": 13.45 },
					{ "time": 0.6666, "angle": -2.45 },
					{ "time": 1.6666, "angle": 0 }
				],
				"translate": [
					{ "time": 0, "x": 0, "y": 0 },
					{ "time": 0.1666, "x": 23.01, "y": -2 },
					{ "time": 0.3333, "x": 11.74, "y": -1.1 },
					{ "time": 0.5, "x": -7.13, "y": -4.63 },
					{ "time": 0.6666, "x": 1.57, "y": 0.36 },
					{ "time": 1.6666, "x": 0, "y": 0 }
				]
			},
			"hair_1": {
				"rotate": [
					{ "time": 0, "angle": 0 },
					{ "time": 0.5, "angle": -16.94 },
					{ "time": 0.8333, "angle": 10.26 },
					{ "time": 1.6666, "angle": 0 }
				],
				"translate": [
					{ "time": 0, "x": 0, "y": 0, "curve": "stepped" },
					{ "time": 1.6666, "x": 0, "y": 0 }
				]
			},
			"hair_7": {
				"rotate": [
					{ "time": 0, "angle": 0, "curve": "stepped" },
					{ "time": 1.6666, "angle": 0 }
				],
				"translate": [
					{ "time": 0, "x": 0, "y": 0, "curve": "stepped" },
					{ "time": 1.6666, "x": 0, "y": 0 }
				]
			},
			"hair_6": {
				"rotate": [
					{ "time": 0, "angle": 0 },
					{ "time": 0.5, "angle": -12.81 },
					{ "time": 1.6666, "angle": 0 }
				],
				"translate": [
					{ "time": 0, "x": 0, "y": 0, "curve": "stepped" },
					{ "time": 1.6666, "x": 0, "y": 0 }
				]
			},
			"hair_5": {
				"rotate": [
					{ "time": 0, "angle": 0, "curve": "stepped" },
					{ "time": 1.6666, "angle": 0 }
				],
				"translate": [
					{ "time": 0, "x": 0, "y": 0, "curve": "stepped" },
					{ "time": 1.6666, "x": 0, "y": 0 }
				]
			},
			"hair_4": {
				"rotate": [
					{ "time": 0, "angle": 0 },
					{ "time": 0.5, "angle": 5.88 },
					{ "time": 1.6666, "angle": 0 }
				],
				"translate": [
					{ "time": 0, "x": 0, "y": 0, "curve": "stepped" },
					{ "time": 1.6666, "x": 0, "y": 0 }
				]
			},
			"hair_3": {
				"rotate": [
					{ "time": 0, "angle": 0, "curve": "stepped" },
					{ "time": 1.6666, "angle": 0 }
				],
				"translate": [
					{ "time": 0, "x": 0, "y": 0, "curve": "stepped" },
					{ "time": 1.6666, "x": 0, "y": 0 }
				]
			},
			"hair_2": {
				"rotate": [
					{ "time": 0, "angle": 0, "curve": "stepped" },
					{ "time": 1.6666, "angle": 0 }
				],
				"translate": [
					{ "time": 0, "x": 0, "y": 0, "curve": "stepped" },
					{ "time": 1.6666, "x": 0, "y": 0 }
				]
			},
			"arm": {
				"rotate": [
					{ "time": 0, "angle": 0 },
					{ "time": 0.3333, "angle": -24.66 },
					{ "time": 0.6666, "angle": 22.98 },
					{ "time": 1.6666, "angle": 0 }
				],
				"translate": [
					{ "time": 0, "x": 0, "y": 0, "curve": "stepped" },
					{ "time": 1.6666, "x": 0, "y": 0 }
				]
			}
		},
		"events": [
			{ "time": 0.0666, "name": "attack_point" }
		]
	},
	"damage": {
		"slots": {
			"Light_Body": {
				"attachment": [
					{ "time": 0, "name": null },
					{ "time": 0.0666, "name": "Rodney_ship_body_normal_light" },
					{ "time": 0.7666, "name": null }
				],
				"color": [
					{ "time": 0.5333, "color": "fffffffc" },
					{ "time": 0.7666, "color": "ffffff00" }
				]
			},
			"Light_Ship": {
				"attachment": [
					{ "time": 0, "name": null },
					{ "time": 0.0666, "name": "Ship_light_change" },
					{ "time": 0.7666, "name": null }
				],
				"color": [
					{ "time": 0.5333, "color": "fffffffc" },
					{ "time": 0.7666, "color": "ffffff00" }
				]
			},
			"Rodney_body_normal": {
				"attachment": [
					{ "time": 0, "name": "Body_Change" },
					{ "time": 0.8666, "name": "Body_Change" }
				],
				"color": [
					{ "time": 0.0666, "color": "8c4c51ff", "curve": "stepped" },
					{ "time": 0.7666, "color": "8c4c51ff" },
					{ "time": 1.1333, "color": "ffffffff" }
				]
			},
			"Rodney_eyes_normal": {
				"attachment": [
					{ "time": 0.0666, "name": "Rodney_eyes_damage" },
					{ "time": 1.1333, "name": "Rodney_eyes_normal" }
				],
				"color": [
					{ "time": 0.0666, "color": "8c4c51ff", "curve": "stepped" },
					{ "time": 0.7666, "color": "8c4c51ff" },
					{ "time": 1.1333, "color": "ffffffff" }
				]
			},
			"Rodney_ship_armor_normal": {
				"attachment": [
					{ "time": 0, "name": "Ship_armor_normal" },
					{ "time": 0.8666, "name": "Ship_armor_normal" },
					{ "time": 1.1666, "name": "Ship_armor_normal" }
				],
				"color": [
					{ "time": 0.0666, "color": "8c4c51ff", "curve": "stepped" },
					{ "time": 0.7666, "color": "8c4c51ff" },
					{ "time": 1.1333, "color": "ffffffff" }
				]
			},
			"TD": {
				"color": [
					{ "time": 0.0666, "color": "8c4c51ff", "curve": "stepped" },
					{ "time": 0.7666, "color": "8c4c51ff" },
					{ "time": 1.1333, "color": "ffffffff" }
				]
			},
			"TH": {
				"color": [
					{ "time": 0.0666, "color": "8c4c51ff", "curve": "stepped" },
					{ "time": 0.7666, "color": "8c4c51ff" },
					{ "time": 1.1333, "color": "ffffffff" }
				]
			},
			"arm": {
				"color": [
					{ "time": 0.0666, "color": "8c4c51ff", "curve": "stepped" },
					{ "time": 0.7666, "color": "8c4c51ff" },
					{ "time": 1.1333, "color": "ffffffff" }
				]
			},
			"glass": {
				"color": [
					{ "time": 0.0666, "color": "8c4c51ff", "curve": "stepped" },
					{ "time": 0.7666, "color": "8c4c51ff" },
					{ "time": 1.1333, "color": "ffffffff" }
				]
			},
			"hair_R": {
				"color": [
					{ "time": 0.0666, "color": "8c4c51ff", "curve": "stepped" },
					{ "time": 0.7666, "color": "8c4c51ff" },
					{ "time": 1.1333, "color": "ffffffff" }
				]
			},
			"hand_L": {
				"color": [
					{ "time": 0.0666, "color": "8c4c51ff", "curve": "stepped" },
					{ "time": 0.7666, "color": "8c4c51ff" },
					{ "time": 1.1333, "color": "ffffffff" }
				]
			},
			"hand_L1": {
				"color": [
					{ "time": 0.0666, "color": "8c4c51ff", "curve": "stepped" },
					{ "time": 0.7666, "color": "8c4c51ff" },
					{ "time": 1.1333, "color": "ffffffff" }
				]
			},
			"hand_R": {
				"color": [
					{ "time": 0.0666, "color": "8c4c51ff", "curve": "stepped" },
					{ "time": 0.7666, "color": "8c4c51ff" },
					{ "time": 1.1333, "color": "ffffffff" }
				]
			},
			"head": {
				"color": [
					{ "time": 0.0666, "color": "8c4c51ff", "curve": "stepped" },
					{ "time": 0.7666, "color": "8c4c51ff" },
					{ "time": 1.1333, "color": "ffffffff" }
				]
			},
			"head_light": {
				"attachment": [
					{ "time": 0, "name": null },
					{ "time": 0.0666, "name": "head_light" },
					{ "time": 0.7666, "name": null }
				],
				"color": [
					{ "time": 0.5333, "color": "fffffffc" },
					{ "time": 0.7666, "color": "ffffff00" }
				]
			}
		},
		"bones": {
			"Root_All": {
				"rotate": [
					{ "time": 0, "angle": 0, "curve": "stepped" },
					{ "time": 1.1666, "angle": 0 }
				],
				"translate": [
					{
						"time": 0,
						"x": 0,
						"y": 0,
						"curve": [ 0.255, 0.35, 0.6, 0.7 ]
					},
					{ "time": 0.0666, "x": -27.67, "y": -23.16 },
					{ "time": 0.1333, "x": 20.98, "y": 15.35 },
					{ "time": 0.2333, "x": -19.78, "y": -15.62 },
					{ "time": 0.3666, "x": 14.36, "y": 8.59 },
					{ "time": 0.5666, "x": -3.37, "y": -4.5 },
					{ "time": 0.8666, "x": 5.63, "y": 2.25 },
					{ "time": 1.1666, "x": 0, "y": 0 }
				]
			},
			"Face": {
				"rotate": [
					{ "time": 0, "angle": 0, "curve": "stepped" },
					{ "time": 1.1666, "angle": 0 }
				],
				"translate": [
					{
						"time": 0,
						"x": 0,
						"y": 0,
						"curve": [ 0.286, 0.34, 0.623, 0.67 ]
					},
					{ "time": 0.0666, "x": -5.44, "y": 0 },
					{ "time": 0.1333, "x": -0.44, "y": 0 },
					{ "time": 0.2333, "x": -5.06, "y": 0 },
					{ "time": 0.3666, "x": -2.01, "y": 0 },
					{ "time": 1.1666, "x": 0, "y": 0 }
				]
			},
			"Ship_All": {
				"rotate": [
					{ "time": 0, "angle": 0, "curve": "stepped" },
					{ "time": 1.1666, "angle": 0 }
				],
				"translate": [
					{ "time": 0, "x": 0, "y": 0, "curve": "stepped" },
					{ "time": 1.1666, "x": 0, "y": 0 }
				]
			},
			"Body": {
				"rotate": [
					{ "time": 0, "angle": 0, "curve": "stepped" },
					{ "time": 1.1666, "angle": 0 }
				],
				"translate": [
					{ "time": 0, "x": 0, "y": 0, "curve": "stepped" },
					{ "time": 1.1666, "x": 0, "y": 0 }
				]
			},
			"Damage_Point": {
				"rotate": [
					{ "time": 0.0666, "angle": 0 }
				],
				"translate": [
					{ "time": 0.0666, "x": 0, "y": 0 }
				]
			},
			"Head": {
				"rotate": [
					{ "time": 0, "angle": 0 },
					{ "time": 0.1666, "angle": -6.17 },
					{ "time": 0.3333, "angle": 4.66 },
					{ "time": 1.1666, "angle": 0 }
				],
				"translate": [
					{ "time": 0, "x": 0, "y": 0, "curve": "stepped" },
					{ "time": 1.1666, "x": 0, "y": 0 }
				]
			},
			"hair_1": {
				"rotate": [
					{ "time": 0, "angle": 0 },
					{ "time": 0.1666, "angle": 19.46 },
					{ "time": 0.3333, "angle": -30.64 },
					{ "time": 0.5, "angle": 15.59 },
					{ "time": 1.1666, "angle": 0 }
				],
				"translate": [
					{ "time": 0, "x": 0, "y": 0, "curve": "stepped" },
					{ "time": 1.1666, "x": 0, "y": 0 }
				]
			},
			"Ship": {
				"rotate": [
					{ "time": 0, "angle": 0 },
					{ "time": 0.1666, "angle": 10.78 },
					{ "time": 0.3333, "angle": -12.83 },
					{ "time": 0.5, "angle": 16.22 },
					{ "time": 1.1666, "angle": 0 }
				],
				"translate": [
					{ "time": 0, "x": 0, "y": 0 },
					{ "time": 0.1666, "x": -10.57, "y": 0 },
					{ "time": 0.3333, "x": -1.25, "y": 3.02 },
					{ "time": 0.5, "x": -10.82, "y": 6.19 },
					{ "time": 1.1666, "x": 0, "y": 0 }
				]
			},
			"arm": {
				"rotate": [
					{ "time": 0, "angle": 0 },
					{ "time": 0.1666, "angle": -32.93 },
					{ "time": 0.3333, "angle": 4.91 },
					{ "time": 1.1666, "angle": 0 }
				],
				"translate": [
					{ "time": 0, "x": 0, "y": 0, "curve": "stepped" },
					{ "time": 1.1666, "x": 0, "y": 0 }
				]
			},
			"th1": {
				"rotate": [
					{ "time": 0, "angle": 0 },
					{ "time": 0.3333, "angle": -9.03 },
					{ "time": 1.1666, "angle": 0 }
				],
				"translate": [
					{ "time": 0, "x": 0, "y": 0, "curve": "stepped" },
					{ "time": 1.1666, "x": 0, "y": 0 }
				]
			},
			"little_head": {
				"rotate": [
					{ "time": 0, "angle": 0 },
					{ "time": 0.3333, "angle": 4.63 },
					{ "time": 0.5, "angle": -1.22 },
					{ "time": 0.6666, "angle": 5.2 },
					{ "time": 0.9, "angle": -24.46 },
					{ "time": 1.1666, "angle": 0 }
				],
				"translate": [
					{ "time": 0, "x": 0, "y": 0 },
					{ "time": 0.3333, "x": -9.12, "y": -0.11 },
					{ "time": 0.5, "x": -1.88, "y": 0.14 },
					{ "time": 0.6666, "x": -5.78, "y": -0.9 },
					{ "time": 0.9, "x": -6.71, "y": 1.57 },
					{ "time": 1.1666, "x": 0, "y": 0 }
				]
			},
			"hand_R": {
				"rotate": [
					{ "time": 0, "angle": 0 },
					{ "time": 0.1666, "angle": -4.79 },
					{ "time": 0.5, "angle": 5.35 },
					{ "time": 0.6666, "angle": -9.69 },
					{ "time": 1.1666, "angle": 0 }
				],
				"translate": [
					{ "time": 0, "x": 0, "y": 0, "curve": "stepped" },
					{ "time": 1.1666, "x": 0, "y": 0 }
				]
			},
			"hand_L": {
				"rotate": [
					{ "time": 0, "angle": 0 },
					{ "time": 0.1666, "angle": 9.33 },
					{ "time": 1.1666, "angle": 0 }
				],
				"translate": [
					{ "time": 0, "x": 0, "y": 0, "curve": "stepped" },
					{ "time": 1.1666, "x": 0, "y": 0 }
				]
			},
			"hand_L2": {
				"rotate": [
					{ "time": 0, "angle": 0 },
					{ "time": 0.1666, "angle": -20.43 },
					{ "time": 0.5, "angle": -14.96 },
					{ "time": 0.6666, "angle": 0.15 },
					{ "time": 1.1666, "angle": 0 }
				],
				"translate": [
					{ "time": 0, "x": 0, "y": 0, "curve": "stepped" },
					{ "time": 1.1666, "x": 0, "y": 0 }
				]
			},
			"glass": {
				"rotate": [
					{ "time": 0, "angle": 0 },
					{ "time": 0.1666, "angle": -27.42 },
					{ "time": 0.3333, "angle": 20.64 },
					{ "time": 0.5, "angle": -12.98 },
					{ "time": 0.6666, "angle": 8.6 },
					{ "time": 1.1666, "angle": 0 }
				],
				"translate": [
					{ "time": 0, "x": 0, "y": 0 },
					{ "time": 0.1666, "x": 46.83, "y": -6.8 },
					{ "time": 0.3333, "x": -13.96, "y": -7.22 },
					{ "time": 0.5, "x": 4.06, "y": -0.88 },
					{ "time": 0.6666, "x": -6.81, "y": -5.1 },
					{ "time": 1.1666, "x": 0, "y": 0 }
				]
			},
			"th3": {
				"rotate": [
					{ "time": 0, "angle": 0 },
					{ "time": 0.3333, "angle": -11.6 },
					{ "time": 0.5, "angle": 3.69 },
					{ "time": 0.6666, "angle": 9.26 },
					{ "time": 1, "angle": 16.75 },
					{ "time": 1.1666, "angle": 0 }
				],
				"translate": [
					{ "time": 0, "x": 0, "y": 0 },
					{ "time": 0.3333, "x": 6.86, "y": -1.12 },
					{ "time": 0.5, "x": 2.56, "y": -0.41 },
					{ "time": 0.6666, "x": 5.76, "y": 0.79 },
					{ "time": 1, "x": 4.8, "y": 1.65 },
					{ "time": 1.1666, "x": 0, "y": 0 }
				]
			},
			"th2": {
				"rotate": [
					{ "time": 0, "angle": 0 },
					{ "time": 0.3333, "angle": -7.1 },
					{ "time": 0.5, "angle": 15.04 },
					{ "time": 0.6666, "angle": 22.49 },
					{ "time": 1, "angle": 13.28 },
					{ "time": 1.1666, "angle": 0 }
				],
				"translate": [
					{ "time": 0, "x": 0, "y": 0 },
					{ "time": 0.3333, "x": 0.68, "y": -0.03 },
					{ "time": 0.5, "x": -1.46, "y": -1.52 },
					{ "time": 0.6666, "x": 0.75, "y": 1.48 },
					{ "time": 1, "x": 0.63, "y": 0.28 },
					{ "time": 1.1666, "x": 0, "y": 0 }
				]
			},
			"hair_7": {
				"rotate": [
					{ "time": 0, "angle": 0, "curve": "stepped" },
					{ "time": 1.1666, "angle": 0 }
				],
				"translate": [
					{ "time": 0, "x": 0, "y": 0, "curve": "stepped" },
					{ "time": 1.1666, "x": 0, "y": 0 }
				]
			},
			"hair_6": {
				"rotate": [
					{ "time": 0, "angle": 0, "curve": "stepped" },
					{ "time": 1.1666, "angle": 0 }
				],
				"translate": [
					{ "time": 0, "x": 0, "y": 0, "curve": "stepped" },
					{ "time": 1.1666, "x": 0, "y": 0 }
				]
			},
			"hair_5": {
				"rotate": [
					{ "time": 0, "angle": 0, "curve": "stepped" },
					{ "time": 1.1666, "angle": 0 }
				],
				"translate": [
					{ "time": 0, "x": 0, "y": 0, "curve": "stepped" },
					{ "time": 1.1666, "x": 0, "y": 0 }
				]
			},
			"hair_4": {
				"rotate": [
					{ "time": 0, "angle": 0, "curve": "stepped" },
					{ "time": 1.1666, "angle": 0 }
				],
				"translate": [
					{ "time": 0, "x": 0, "y": 0, "curve": "stepped" },
					{ "time": 1.1666, "x": 0, "y": 0 }
				]
			},
			"hair_3": {
				"rotate": [
					{ "time": 0, "angle": 0, "curve": "stepped" },
					{ "time": 1.1666, "angle": 0 }
				],
				"translate": [
					{ "time": 0, "x": 0, "y": 0, "curve": "stepped" },
					{ "time": 1.1666, "x": 0, "y": 0 }
				]
			},
			"hair_2": {
				"rotate": [
					{ "time": 0, "angle": 0, "curve": "stepped" },
					{ "time": 1.1666, "angle": 0 }
				],
				"translate": [
					{ "time": 0, "x": 0, "y": 0, "curve": "stepped" },
					{ "time": 1.1666, "x": 0, "y": 0 }
				]
			}
		},
		"events": [
			{ "time": 0.0666, "name": "damage_point" }
		]
	},
	"normal": {
		"slots": {
			"Light_Body": {
				"attachment": [
					{ "time": 0, "name": null }
				]
			},
			"Light_Ship": {
				"attachment": [
					{ "time": 0, "name": null }
				]
			},
			"Rodney_body_normal": {
				"attachment": [
					{ "time": 0, "name": "Body_Change" }
				]
			},
			"Rodney_ship_armor_normal": {
				"attachment": [
					{ "time": 0, "name": "Ship_armor_normal" }
				]
			},
			"glass_light": {
				"attachment": [
					{ "time": 0, "name": null }
				]
			},
			"hand_R_light": {
				"attachment": [
					{ "time": 0, "name": null }
				]
			},
			"head_light": {
				"attachment": [
					{ "time": 0, "name": null }
				]
			}
		},
		"bones": {
			"th3": {
				"rotate": [
					{ "time": 0, "angle": 0 },
					{ "time": 0.6666, "angle": 11.88 },
					{ "time": 1, "angle": -0.34 },
					{ "time": 1.3333, "angle": -8.3 },
					{ "time": 2, "angle": 0 }
				],
				"translate": [
					{ "time": 0, "x": 0, "y": 0 },
					{ "time": 0.6666, "x": 2.57, "y": -0.11 },
					{ "time": 1, "x": -0.56, "y": 0.22 },
					{ "time": 1.3333, "x": 3.52, "y": -0.62 },
					{ "time": 2, "x": 0, "y": 0 }
				]
			},
			"glass": {
				"rotate": [
					{ "time": 0, "angle": 0, "curve": "stepped" },
					{ "time": 2, "angle": 0 }
				],
				"translate": [
					{ "time": 0, "x": 0, "y": 0 },
					{ "time": 1, "x": -3.33, "y": -0.44 },
					{ "time": 2, "x": 0, "y": 0 }
				]
			},
			"hair_5": {
				"rotate": [
					{ "time": 0, "angle": 0 },
					{ "time": 0.6666, "angle": 29.81 },
					{ "time": 1.3333, "angle": 2.36 },
					{ "time": 2, "angle": 0 }
				],
				"translate": [
					{ "time": 0, "x": 0, "y": 0, "curve": "stepped" },
					{ "time": 2, "x": 0, "y": 0 }
				]
			},
			"little_head": {
				"rotate": [
					{ "time": 0, "angle": 0 },
					{ "time": 0.6666, "angle": 3.05 },
					{ "time": 1, "angle": -14.97 },
					{ "time": 1.3333, "angle": -19.5 },
					{ "time": 2, "angle": 0 }
				],
				"translate": [
					{ "time": 0, "x": 0, "y": 0 },
					{ "time": 0.6666, "x": 1.82, "y": 1.13 },
					{ "time": 1, "x": -2.56, "y": 0.65 },
					{ "time": 1.3333, "x": -0.57, "y": 0.79 },
					{ "time": 2, "x": 0, "y": 0 }
				]
			},
			"hand_R": {
				"rotate": [
					{ "time": 0, "angle": 0 },
					{ "time": 0.6666, "angle": 1.44 },
					{ "time": 1.3333, "angle": -24.85 },
					{ "time": 2, "angle": 0 }
				],
				"translate": [
					{ "time": 0, "x": 0, "y": 0 },
					{ "time": 0.6666, "x": -3.49, "y": 0 },
					{ "time": 1.3333, "x": 0, "y": 0, "curve": "stepped" },
					{ "time": 2, "x": 0, "y": 0 }
				]
			},
			"Ship": {
				"rotate": [
					{ "time": 0, "angle": 0 },
					{ "time": 1, "angle": -3.9 },
					{ "time": 2, "angle": 0 }
				],
				"translate": [
					{ "time": 0, "x": 0, "y": 0 },
					{ "time": 1, "x": 6.75, "y": 2.53 },
					{ "time": 2, "x": 0, "y": 0 }
				]
			},
			"hand_L": {
				"rotate": [
					{ "time": 0, "angle": 0 },
					{ "time": 0.6666, "angle": -13.79 },
					{ "time": 2, "angle": 0 }
				],
				"translate": [
					{ "time": 0, "x": 0, "y": 0, "curve": "stepped" },
					{ "time": 2, "x": 0, "y": 0 }
				]
			},
			"Ship_All": {
				"rotate": [
					{ "time": 0, "angle": 0, "curve": "stepped" },
					{ "time": 2, "angle": 0 }
				],
				"translate": [
					{ "time": 0, "x": 0, "y": 0, "curve": "stepped" },
					{ "time": 2, "x": 0, "y": 0 }
				]
			},
			"Head": {
				"rotate": [
					{ "time": 0, "angle": 0 },
					{ "time": 1, "angle": -5.31 },
					{ "time": 2, "angle": 0 }
				],
				"translate": [
					{ "time": 0, "x": 0, "y": 0, "curve": "stepped" },
					{ "time": 2, "x": 0, "y": 0 }
				]
			},
			"hair_7": {
				"rotate": [
					{ "time": 0, "angle": 0 },
					{ "time": 0.6666, "angle": -3.05 },
					{ "time": 2, "angle": 0 }
				],
				"translate": [
					{ "time": 0, "x": 0, "y": 0, "curve": "stepped" },
					{ "time": 2, "x": 0, "y": 0 }
				]
			},
			"Face": {
				"rotate": [
					{ "time": 0, "angle": 0, "curve": "stepped" },
					{ "time": 2, "angle": 0 }
				],
				"translate": [
					{
						"time": 0,
						"x": 0,
						"y": 0,
						"curve": [ 0.286, 0.34, 0.623, 0.67 ]
					},
					{
						"time": 0.5,
						"x": 0.64,
						"y": 0,
						"curve": [ 0.282, 0.37, 0.624, 0.71 ]
					},
					{
						"time": 1.5,
						"x": -1.28,
						"y": 0,
						"curve": [ 0.321, 0.37, 0.656, 0.71 ]
					},
					{ "time": 2, "x": 0, "y": 0 }
				]
			},
			"hair_4": {
				"rotate": [
					{ "time": 0, "angle": 0 },
					{ "time": 0.6666, "angle": 4.78 },
					{ "time": 1.3333, "angle": -1.5 },
					{ "time": 2, "angle": 0 }
				],
				"translate": [
					{ "time": 0, "x": 0, "y": 0, "curve": "stepped" },
					{ "time": 2, "x": 0, "y": 0 }
				]
			},
			"Root_All": {
				"rotate": [
					{ "time": 0, "angle": 0, "curve": "stepped" },
					{ "time": 2, "angle": 0 }
				],
				"translate": [
					{
						"time": 0,
						"x": 0,
						"y": 0,
						"curve": [ 0.255, 0.35, 0.6, 0.7 ]
					},
					{
						"time": 0.5,
						"x": 0,
						"y": -9.82,
						"curve": [ 0.3, 0.39, 0.641, 0.74 ]
					},
					{
						"time": 1,
						"x": 0,
						"y": -15.66,
						"curve": [ 0.322, 0.37, 0.652, 0.7 ]
					},
					{
						"time": 1.5,
						"x": 0,
						"y": -7.79,
						"curve": [ 0.314, 0.36, 0.644, 0.68 ]
					},
					{ "time": 2, "x": 0, "y": 0 }
				]
			},
			"Body": {
				"rotate": [
					{ "time": 0, "angle": 0, "curve": "stepped" },
					{ "time": 2, "angle": 0 }
				],
				"translate": [
					{ "time": 0, "x": 0, "y": 0, "curve": "stepped" },
					{ "time": 2, "x": 0, "y": 0 }
				]
			},
			"hair_3": {
				"rotate": [
					{ "time": 0, "angle": 0 },
					{ "time": 1.3333, "angle": 1.39 },
					{ "time": 2, "angle": 0 }
				],
				"translate": [
					{ "time": 0, "x": 0, "y": 0, "curve": "stepped" },
					{ "time": 2, "x": 0, "y": 0 }
				]
			},
			"hair_2": {
				"rotate": [
					{ "time": 0, "angle": 0 },
					{ "time": 0.6666, "angle": 4.52 },
					{ "time": 1.3333, "angle": -5.94 },
					{ "time": 2, "angle": 0 }
				],
				"translate": [
					{ "time": 0, "x": 0, "y": 0, "curve": "stepped" },
					{ "time": 2, "x": 0, "y": 0 }
				]
			},
			"hair_1": {
				"rotate": [
					{ "time": 0, "angle": 0 },
					{ "time": 0.6666, "angle": 16.08 },
					{ "time": 1.3333, "angle": -12.45 },
					{ "time": 2, "angle": 0 }
				],
				"translate": [
					{ "time": 0, "x": 0, "y": 0, "curve": "stepped" },
					{ "time": 2, "x": 0, "y": 0 }
				]
			},
			"hair_6": {
				"rotate": [
					{ "time": 0, "angle": 0 },
					{ "time": 0.6666, "angle": 7.04 },
					{ "time": 1.3333, "angle": -3.58 },
					{ "time": 2, "angle": 0 }
				],
				"translate": [
					{ "time": 0, "x": 0, "y": 0, "curve": "stepped" },
					{ "time": 2, "x": 0, "y": 0 }
				]
			},
			"th1": {
				"rotate": [
					{ "time": 0, "angle": 0, "curve": "stepped" },
					{ "time": 2, "angle": 0 }
				],
				"translate": [
					{ "time": 0, "x": 0, "y": 0, "curve": "stepped" },
					{ "time": 2, "x": 0, "y": 0 }
				]
			},
			"arm": {
				"rotate": [
					{ "time": 0, "angle": 0 },
					{ "time": 1, "angle": 5.8 },
					{ "time": 2, "angle": 0 }
				],
				"translate": [
					{ "time": 0, "x": 0, "y": 0 },
					{ "time": 1, "x": -3.59, "y": 9.62 },
					{ "time": 2, "x": 0, "y": 0 }
				]
			},
			"th2": {
				"rotate": [
					{ "time": 0, "angle": 0 },
					{ "time": 0.6666, "angle": 12.06 },
					{ "time": 1, "angle": -0.06 },
					{ "time": 1.3333, "angle": -14.21 },
					{ "time": 2, "angle": 0 }
				],
				"translate": [
					{ "time": 0, "x": 0, "y": 0 },
					{ "time": 0.6666, "x": 2.41, "y": 1.84 },
					{ "time": 1, "x": -0.66, "y": -0.23 },
					{ "time": 1.3333, "x": 1.99, "y": -0.23 },
					{ "time": 2, "x": 0, "y": 0 }
				]
			},
			"hand_L2": {
				"rotate": [
					{ "time": 0, "angle": 0 },
					{ "time": 0.6666, "angle": -4.49 },
					{ "time": 1.3333, "angle": 4.16 },
					{ "time": 2, "angle": 0 }
				],
				"translate": [
					{ "time": 0, "x": 0, "y": 0, "curve": "stepped" },
					{ "time": 2, "x": 0, "y": 0 }
				]
			}
		}
	},
	"throw": {
		"slots": {
			"Light_Body": {
				"attachment": [
					{ "time": 0, "name": null }
				]
			},
			"Rodney_body_normal": {
				"attachment": [
					{ "time": 0, "name": "Body_Change" }
				]
			},
			"Rodney_ship_armor_normal": {
				"attachment": [
					{ "time": 0, "name": "Ship_armor_normal" },
					{ "time": 1.3333, "name": "Ship_armor_normal" }
				]
			},
			"glass_light": {
				"attachment": [
					{ "time": 0, "name": null }
				]
			},
			"hand_R_light": {
				"attachment": [
					{ "time": 0, "name": null }
				]
			},
			"head_light": {
				"attachment": [
					{ "time": 0, "name": null }
				]
			}
		},
		"bones": {
			"Face": {
				"rotate": [
					{ "time": 0, "angle": 0, "curve": "stepped" },
					{ "time": 1.3333, "angle": 0 }
				],
				"translate": [
					{
						"time": 0,
						"x": 0,
						"y": 0,
						"curve": [ 0.286, 0.34, 0.623, 0.67 ]
					},
					{ "time": 0.3333, "x": 0, "y": -0.7 },
					{ "time": 0.5666, "x": 0, "y": 0.14 },
					{ "time": 1.3333, "x": 0, "y": 0 }
				]
			},
			"Root_All": {
				"rotate": [
					{ "time": 0, "angle": 0, "curve": "stepped" },
					{ "time": 1.3333, "angle": 0 }
				],
				"translate": [
					{
						"time": 0,
						"x": 0,
						"y": 0,
						"curve": [ 0.255, 0.35, 0.6, 0.7 ]
					},
					{ "time": 0.6333, "x": -66.66, "y": 0 },
					{ "time": 0.9666, "x": -10.42, "y": -12.42 },
					{ "time": 1.3333, "x": 0, "y": 0 }
				]
			},
			"Body": {
				"rotate": [
					{
						"time": 0,
						"angle": 0,
						"curve": [ 0.219, 0.41, 0.591, 0.77 ]
					},
					{
						"time": 0.6333,
						"angle": -3.17,
						"curve": [ 0.32, 0.36, 0.653, 0.69 ]
					},
					{
						"time": 0.7333,
						"angle": 0.61,
						"curve": [ 0.319, 0.37, 0.652, 0.7 ]
					},
					{
						"time": 0.9666,
						"angle": -1.72,
						"curve": [ 0.32, 0.38, 0.654, 0.71 ]
					},
					{ "time": 1.3333, "angle": 0 }
				],
				"translate": [
					{
						"time": 0,
						"x": 0,
						"y": 0,
						"curve": [ 0.219, 0.41, 0.591, 0.77 ]
					},
					{
						"time": 0.3333,
						"x": -15.86,
						"y": 0,
						"curve": [ 0.193, 0.39, 0.58, 0.9 ]
					},
					{
						"time": 0.5666,
						"x": -19.36,
						"y": 0,
						"curve": [ 0.142, 0.42, 0.647, 0.94 ]
					},
					{ "time": 0.6333, "x": 92.18, "y": -6.3 },
					{ "time": 0.7333, "x": 111.33, "y": 0 },
					{ "time": 1.3333, "x": 0, "y": 0 }
				]
			},
			"Ship_All": {
				"rotate": [
					{ "time": 0, "angle": 0, "curve": "stepped" },
					{ "time": 1.3333, "angle": 0 }
				],
				"translate": [
					{ "time": 0, "x": 0, "y": 0, "curve": "stepped" },
					{ "time": 1.3333, "x": 0, "y": 0 }
				]
			},
			"Throw_Point": {
				"rotate": [
					{ "time": 0.6333, "angle": 0 }
				],
				"translate": [
					{ "time": 0.6333, "x": 0, "y": 0 }
				]
			},
			"Head": {
				"rotate": [
					{ "time": 0, "angle": 0 },
					{ "time": 0.1666, "angle": 6.86 },
					{ "time": 0.6666, "angle": -6.51 },
					{ "time": 1.3333, "angle": 0 }
				],
				"translate": [
					{ "time": 0, "x": 0, "y": 0, "curve": "stepped" },
					{ "time": 1.3333, "x": 0, "y": 0 }
				]
			},
			"Ship": {
				"rotate": [
					{ "time": 0, "angle": 0 },
					{ "time": 0.5, "angle": -8.76 },
					{ "time": 0.8333, "angle": 9.19 },
					{ "time": 1.3333, "angle": 0 }
				],
				"translate": [
					{ "time": 0, "x": 0, "y": 0 },
					{ "time": 0.5, "x": 2.57, "y": 5.83 },
					{ "time": 0.8333, "x": -2.64, "y": -6.51 },
					{ "time": 1.3333, "x": 0, "y": 0 }
				]
			},
			"glass": {
				"rotate": [
					{ "time": 0, "angle": 0 },
					{ "time": 0.5, "angle": 8.44 },
					{ "time": 0.8333, "angle": -4.67 },
					{ "time": 1.3333, "angle": 0 }
				],
				"translate": [
					{ "time": 0, "x": 0, "y": 0 },
					{ "time": 0.5, "x": -5.28, "y": -4.55 },
					{ "time": 0.8333, "x": 1.1, "y": 0.21 },
					{ "time": 1.3333, "x": 0, "y": 0 }
				]
			},
			"hand_R": {
				"rotate": [
					{ "time": 0, "angle": 0 },
					{ "time": 0.5, "angle": -42.19 },
					{ "time": 0.7666, "angle": 14.25 },
					{ "time": 1.3333, "angle": 0 }
				],
				"translate": [
					{ "time": 0, "x": 0, "y": 0 },
					{ "time": 0.5, "x": 6.37, "y": 1.02 },
					{ "time": 1.3333, "x": 0, "y": 0 }
				]
			},
			"hand_L": {
				"rotate": [
					{ "time": 0, "angle": 0 },
					{ "time": 0.5, "angle": 327.69 },
					{ "time": 0.8333, "angle": 16.8 },
					{ "time": 1.3333, "angle": 0 }
				],
				"translate": [
					{ "time": 0, "x": 0, "y": 0, "curve": "stepped" },
					{ "time": 1.3333, "x": 0, "y": 0 }
				]
			},
			"hand_L2": {
				"rotate": [
					{ "time": 0, "angle": 0 },
					{ "time": 0.5, "angle": 22.69 },
					{ "time": 0.7333, "angle": -69.52 },
					{ "time": 1.3333, "angle": 0 }
				],
				"translate": [
					{ "time": 0, "x": 0, "y": 0 },
					{ "time": 0.7333, "x": -4.18, "y": -3.06 },
					{ "time": 1.3333, "x": 0, "y": 0 }
				]
			},
			"th1": {
				"rotate": [
					{ "time": 0, "angle": 0 },
					{ "time": 0.5, "angle": -9.72 },
					{ "time": 0.6666, "angle": 0 },
					{ "time": 0.8333, "angle": 22.42 },
					{ "time": 1.3333, "angle": 0 }
				],
				"translate": [
					{ "time": 0, "x": 0, "y": 0, "curve": "stepped" },
					{ "time": 0.6666, "x": 0, "y": 0 },
					{ "time": 1.3333, "x": -1.41, "y": -0.12 }
				]
			},
			"arm": {
				"rotate": [
					{ "time": 0, "angle": 0 },
					{ "time": 0.3333, "angle": -25.49 },
					{ "time": 0.6666, "angle": -16.99 },
					{ "time": 0.8333, "angle": 14 },
					{ "time": 1.3333, "angle": 0 }
				],
				"translate": [
					{ "time": 0, "x": 0, "y": 0 },
					{ "time": 0.5, "x": -11.95, "y": 12.81 },
					{ "time": 0.6666, "x": 7.01, "y": -9.36 },
					{ "time": 1.3333, "x": 0, "y": 0 }
				]
			},
			"th2": {
				"rotate": [
					{ "time": 0, "angle": 0 },
					{ "time": 0.5, "angle": -11.09 },
					{ "time": 0.6666, "angle": 0 },
					{ "time": 0.8333, "angle": 10.33 },
					{ "time": 1.3333, "angle": 0 }
				],
				"translate": [
					{ "time": 0, "x": 0, "y": 0 },
					{ "time": 0.5, "x": 2.87, "y": -0.45 },
					{ "time": 0.6666, "x": 0, "y": 0 },
					{ "time": 0.8333, "x": 1.74, "y": 0.71 },
					{ "time": 1.3333, "x": 0, "y": 0 }
				]
			},
			"th3": {
				"rotate": [
					{ "time": 0, "angle": 0 },
					{ "time": 0.5, "angle": -8.48 },
					{ "time": 0.6666, "angle": 0 },
					{ "time": 0.8333, "angle": 6.64 },
					{ "time": 1.3333, "angle": 0 }
				],
				"translate": [
					{ "time": 0, "x": 0, "y": 0 },
					{ "time": 0.5, "x": 5.18, "y": 0.4 },
					{ "time": 0.6666, "x": 0, "y": 0 },
					{ "time": 0.8333, "x": 1.44, "y": 0.25 },
					{ "time": 1.3333, "x": 0, "y": 0 }
				]
			},
			"little_head": {
				"rotate": [
					{ "time": 0, "angle": 0 },
					{ "time": 0.5, "angle": 23.78 },
					{ "time": 0.6666, "angle": 0 },
					{ "time": 0.8333, "angle": -3.95 },
					{ "time": 1, "angle": -39.12 },
					{ "time": 1.1666, "angle": -4.13 },
					{ "time": 1.3333, "angle": 0 }
				],
				"translate": [
					{ "time": 0, "x": 0, "y": 0, "curve": "stepped" },
					{ "time": 0.6666, "x": 0, "y": 0 },
					{ "time": 0.8333, "x": 1.64, "y": -0.71 },
					{ "time": 1, "x": -1.94, "y": 0.68 },
					{ "time": 1.3333, "x": 0, "y": 0 }
				]
			},
			"hair_1": {
				"rotate": [
					{ "time": 0, "angle": 0 },
					{ "time": 0.5, "angle": 17.45 },
					{ "time": 0.8333, "angle": -16.56 },
					{ "time": 1, "angle": 6.79 },
					{ "time": 1.3333, "angle": 0 }
				],
				"translate": [
					{ "time": 0, "x": 0, "y": 0, "curve": "stepped" },
					{ "time": 1.3333, "x": 0, "y": 0 }
				]
			}
		},
		"events": [
			{ "time": 0.6333, "name": "throw_point" }
		]
	},
	"wreck": {
		"slots": {
			"Light_Body": {
				"attachment": [
					{ "time": 0, "name": null }
				]
			},
			"Light_Ship": {
				"attachment": [
					{ "time": 0, "name": null }
				]
			},
			"Rodney_body_normal": {
				"attachment": [
					{ "time": 0, "name": "Body_Change" }
				]
			},
			"Rodney_eyes_normal": {
				"attachment": [
					{ "time": 0, "name": "Rodney_eyes_damage" }
				]
			},
			"Rodney_ship_armor_normal": {
				"attachment": [
					{ "time": 0, "name": "Ship_armor_normal" }
				]
			},
			"glass_light": {
				"attachment": [
					{ "time": 0, "name": null }
				]
			},
			"hand_R_light": {
				"attachment": [
					{ "time": 0, "name": null }
				]
			},
			"head_light": {
				"attachment": [
					{ "time": 0, "name": null }
				]
			}
		},
		"bones": {
			"th2": {
				"rotate": [
					{ "time": 0, "angle": 0 },
					{ "time": 0.6666, "angle": 12.06 },
					{ "time": 1, "angle": -0.06 },
					{ "time": 1.3333, "angle": -14.21 },
					{ "time": 2, "angle": 0 }
				],
				"translate": [
					{ "time": 0, "x": 0, "y": 0 },
					{ "time": 0.6666, "x": 2.41, "y": 1.84 },
					{ "time": 1, "x": -0.66, "y": -0.23 },
					{ "time": 1.3333, "x": 1.99, "y": -0.23 },
					{ "time": 2, "x": 0, "y": 0 }
				]
			},
			"glass": {
				"rotate": [
					{ "time": 0, "angle": 0 },
					{ "time": 0.1666, "angle": -14.28 },
					{ "time": 0.3333, "angle": 19.49 },
					{ "time": 0.5, "angle": -15.57 },
					{ "time": 0.6666, "angle": 22.48 },
					{ "time": 0.8333, "angle": -9.55 },
					{ "time": 1, "angle": 23.58 },
					{ "time": 1.1666, "angle": -12.15 },
					{ "time": 1.3333, "angle": 17.66 },
					{ "time": 1.5, "angle": -18.2 },
					{ "time": 1.6666, "angle": 21.55 },
					{ "time": 1.8333, "angle": -13.22 },
					{ "time": 2, "angle": 0 }
				],
				"translate": [
					{ "time": 0, "x": 0, "y": 0 },
					{ "time": 0.1666, "x": 33.55, "y": 1.79 },
					{ "time": 0.3333, "x": 33.01, "y": -3.98 },
					{ "time": 0.5, "x": 70.58, "y": 3.49 },
					{ "time": 0.6666, "x": 64.23, "y": -5.68 },
					{ "time": 0.8333, "x": 93.67, "y": 16.68 },
					{ "time": 1, "x": 109.36, "y": -2.75 },
					{ "time": 1.1666, "x": 135.88, "y": 11.58 },
					{ "time": 1.3333, "x": 135.47, "y": 0.13 },
					{ "time": 1.5, "x": 189.28, "y": 18.38 },
					{ "time": 1.6666, "x": 178.38, "y": 3.04 },
					{ "time": 1.8333, "x": 212.26, "y": 7.18 },
					{ "time": 2, "x": 0, "y": 0 }
				]
			},
			"hair_4": {
				"rotate": [
					{ "time": 0, "angle": 0 },
					{ "time": 0.6666, "angle": 4.78 },
					{ "time": 1.3333, "angle": -1.5 },
					{ "time": 2, "angle": 0 }
				],
				"translate": [
					{ "time": 0, "x": 0, "y": 0, "curve": "stepped" },
					{ "time": 2, "x": 0, "y": 0 }
				]
			},
			"hair_5": {
				"rotate": [
					{ "time": 0, "angle": 0 },
					{ "time": 0.6666, "angle": 29.81 },
					{ "time": 1.3333, "angle": 2.36 },
					{ "time": 2, "angle": 0 }
				],
				"translate": [
					{ "time": 0, "x": 0, "y": 0, "curve": "stepped" },
					{ "time": 2, "x": 0, "y": 0 }
				]
			},
			"hair_2": {
				"rotate": [
					{ "time": 0, "angle": 0 },
					{ "time": 0.6666, "angle": 4.52 },
					{ "time": 1.3333, "angle": -5.94 },
					{ "time": 2, "angle": 0 }
				],
				"translate": [
					{ "time": 0, "x": 0, "y": 0, "curve": "stepped" },
					{ "time": 2, "x": 0, "y": 0 }
				]
			},
			"little_head": {
				"rotate": [
					{ "time": 0, "angle": 0 },
					{ "time": 0.6666, "angle": 3.05 },
					{ "time": 1, "angle": -14.97 },
					{ "time": 1.3333, "angle": -19.5 },
					{ "time": 2, "angle": 0 }
				],
				"translate": [
					{ "time": 0, "x": 0, "y": 0 },
					{ "time": 0.6666, "x": 1.82, "y": 1.13 },
					{ "time": 1, "x": -2.56, "y": 0.65 },
					{ "time": 1.3333, "x": -0.57, "y": 0.79 },
					{ "time": 2, "x": 0, "y": 0 }
				]
			},
			"th3": {
				"rotate": [
					{ "time": 0, "angle": 0 },
					{ "time": 0.6666, "angle": 11.88 },
					{ "time": 1, "angle": -0.34 },
					{ "time": 1.3333, "angle": -8.3 },
					{ "time": 2, "angle": 0 }
				],
				"translate": [
					{ "time": 0, "x": 0, "y": 0 },
					{ "time": 0.6666, "x": 2.57, "y": -0.11 },
					{ "time": 1, "x": -0.56, "y": 0.22 },
					{ "time": 1.3333, "x": 3.52, "y": -0.62 },
					{ "time": 2, "x": 0, "y": 0 }
				]
			},
			"Face": {
				"rotate": [
					{ "time": 0, "angle": 0, "curve": "stepped" },
					{ "time": 2, "angle": 0 }
				],
				"translate": [
					{
						"time": 0,
						"x": 0,
						"y": 0,
						"curve": [ 0.286, 0.34, 0.623, 0.67 ]
					},
					{
						"time": 0.5,
						"x": 0.64,
						"y": 0,
						"curve": [ 0.282, 0.37, 0.624, 0.71 ]
					},
					{
						"time": 1.5,
						"x": -1.28,
						"y": 0,
						"curve": [ 0.321, 0.37, 0.656, 0.71 ]
					},
					{ "time": 2, "x": 0, "y": 0 }
				]
			},
			"hand_R": {
				"rotate": [
					{ "time": 0, "angle": 0 },
					{ "time": 0.6666, "angle": 1.44 },
					{ "time": 1.3333, "angle": -24.85 },
					{ "time": 2, "angle": 0 }
				],
				"translate": [
					{ "time": 0, "x": 0, "y": 0 },
					{ "time": 0.6666, "x": -3.49, "y": 0 },
					{ "time": 1.3333, "x": 0, "y": 0, "curve": "stepped" },
					{ "time": 2, "x": 0, "y": 0 }
				]
			},
			"hair_7": {
				"rotate": [
					{ "time": 0, "angle": 0 },
					{ "time": 0.6666, "angle": -3.05 },
					{ "time": 2, "angle": 0 }
				],
				"translate": [
					{ "time": 0, "x": 0, "y": 0, "curve": "stepped" },
					{ "time": 2, "x": 0, "y": 0 }
				]
			},
			"th1": {
				"rotate": [
					{ "time": 0, "angle": 0, "curve": "stepped" },
					{ "time": 2, "angle": 0 }
				],
				"translate": [
					{ "time": 0, "x": 0, "y": 0, "curve": "stepped" },
					{ "time": 2, "x": 0, "y": 0 }
				]
			},
			"hair_1": {
				"rotate": [
					{ "time": 0, "angle": 0 },
					{ "time": 0.6666, "angle": 16.08 },
					{ "time": 1.3333, "angle": -12.45 },
					{ "time": 2, "angle": 0 }
				],
				"translate": [
					{ "time": 0, "x": 0, "y": 0, "curve": "stepped" },
					{ "time": 2, "x": 0, "y": 0 }
				]
			},
			"hair_6": {
				"rotate": [
					{ "time": 0, "angle": 0 },
					{ "time": 0.6666, "angle": 7.04 },
					{ "time": 1.3333, "angle": -3.58 },
					{ "time": 2, "angle": 0 }
				],
				"translate": [
					{ "time": 0, "x": 0, "y": 0, "curve": "stepped" },
					{ "time": 2, "x": 0, "y": 0 }
				]
			},
			"Root_All": {
				"rotate": [
					{ "time": 0, "angle": 0, "curve": "stepped" },
					{ "time": 2, "angle": 0 }
				],
				"translate": [
					{
						"time": 0,
						"x": 0,
						"y": 0,
						"curve": [ 0.255, 0.35, 0.6, 0.7 ]
					},
					{
						"time": 0.5,
						"x": 0,
						"y": -9.82,
						"curve": [ 0.3, 0.39, 0.641, 0.74 ]
					},
					{
						"time": 1,
						"x": 0,
						"y": -15.66,
						"curve": [ 0.322, 0.37, 0.652, 0.7 ]
					},
					{
						"time": 1.5,
						"x": 0,
						"y": -7.79,
						"curve": [ 0.314, 0.36, 0.644, 0.68 ]
					},
					{ "time": 2, "x": 0, "y": 0 }
				]
			},
			"arm": {
				"rotate": [
					{ "time": 0, "angle": 0 },
					{ "time": 1, "angle": 5.8 },
					{ "time": 2, "angle": 0 }
				],
				"translate": [
					{ "time": 0, "x": 0, "y": 0 },
					{ "time": 1, "x": -3.59, "y": 9.62 },
					{ "time": 2, "x": 0, "y": 0 }
				]
			},
			"hair_3": {
				"rotate": [
					{ "time": 0, "angle": 0 },
					{ "time": 1.3333, "angle": 1.39 },
					{ "time": 2, "angle": 0 }
				],
				"translate": [
					{ "time": 0, "x": 0, "y": 0, "curve": "stepped" },
					{ "time": 2, "x": 0, "y": 0 }
				]
			},
			"Head": {
				"rotate": [
					{ "time": 0, "angle": 0 },
					{ "time": 1, "angle": -5.31 },
					{ "time": 2, "angle": 0 }
				],
				"translate": [
					{ "time": 0, "x": 0, "y": 0, "curve": "stepped" },
					{ "time": 2, "x": 0, "y": 0 }
				]
			},
			"hand_L2": {
				"rotate": [
					{ "time": 0, "angle": 0 },
					{ "time": 0.6666, "angle": -4.49 },
					{ "time": 1.3333, "angle": 4.16 },
					{ "time": 2, "angle": 0 }
				],
				"translate": [
					{ "time": 0, "x": 0, "y": 0, "curve": "stepped" },
					{ "time": 2, "x": 0, "y": 0 }
				]
			},
			"Ship": {
				"rotate": [
					{ "time": 0, "angle": 0 },
					{ "time": 1, "angle": -3.9 },
					{ "time": 2, "angle": 0 }
				],
				"translate": [
					{ "time": 0, "x": 0, "y": 0 },
					{ "time": 1, "x": 6.75, "y": 2.53 },
					{ "time": 2, "x": 0, "y": 0 }
				]
			},
			"Body": {
				"rotate": [
					{ "time": 0, "angle": 0, "curve": "stepped" },
					{ "time": 2, "angle": 0 }
				],
				"translate": [
					{ "time": 0, "x": 0, "y": 0, "curve": "stepped" },
					{ "time": 2, "x": 0, "y": 0 }
				]
			},
			"Ship_All": {
				"rotate": [
					{ "time": 0, "angle": 0, "curve": "stepped" },
					{ "time": 2, "angle": 0 }
				],
				"translate": [
					{ "time": 0, "x": 0, "y": 0, "curve": "stepped" },
					{ "time": 2, "x": 0, "y": 0 }
				]
			},
			"hand_L": {
				"rotate": [
					{ "time": 0, "angle": 0 },
					{ "time": 0.6666, "angle": -13.79 },
					{ "time": 2, "angle": 0 }
				],
				"translate": [
					{ "time": 0, "x": 0, "y": 0, "curve": "stepped" },
					{ "time": 2, "x": 0, "y": 0 }
				]
			}
		}
	}
}
}