{
"skeleton": { "hash": "nVQUaPmkFwWhzjxjs01MIryCsv4", "spine": "3.2.01", "width": 159, "height": 226, "images": "" },
"bones": [
	{ "name": "root" },
	{ "name": "bone", "parent": "root" },
	{ "name": "bone2", "parent": "bone" },
	{ "name": "cat", "parent": "bone2" },
	{ "name": "ear1", "parent": "cat", "x": -17.43, "y": 17.11 },
	{ "name": "ear2", "parent": "cat", "x": 14.34, "y": 19.84 },
	{ "name": "love", "parent": "cat", "x": -51.75, "y": 13.16 },
	{ "name": "z1", "parent": "cat", "x": -12.25, "y": -9.07 },
	{ "name": "z2", "parent": "cat", "x": 10.89, "y": -9.07 }
],
"slots": [
	{ "name": "z1", "bone": "z1", "attachment": "z1" },
	{ "name": "z2", "bone": "z2", "attachment": "z2" },
	{ "name": "head", "bone": "cat", "attachment": "head" },
	{ "name": "ear1", "bone": "ear1", "attachment": "ear1" },
	{ "name": "ear2", "bone": "ear2", "attachment": "ear2" },
	{ "name": "love", "bone": "love", "attachment": "love" },
	{ "name": "1", "bone": "cat", "attachment": "1" }
],
"skins": {
	"default": {
		"1": {
			"1": { "x": 12.21, "y": -68.71, "width": 159, "height": 226 },
			"2": { "x": 12.21, "y": -68.71, "width": 159, "height": 226 }
		},
		"ear1": {
			"ear1": { "x": 29.65, "y": -85.83, "width": 159, "height": 226 }
		},
		"ear2": {
			"ear2": { "x": -2.12, "y": -88.56, "width": 159, "height": 226 }
		},
		"head": {
			"head": { "x": 12.21, "y": -68.71, "width": 159, "height": 226 }
		},
		"love": {
			"love": { "x": 63.97, "y": -81.88, "width": 159, "height": 226 }
		},
		"z1": {
			"z1": { "x": 24.47, "y": -59.63, "width": 159, "height": 226 }
		},
		"z2": {
			"z2": { "x": 1.32, "y": -59.63, "width": 159, "height": 226 }
		}
	}
},
"animations": {
	"normal": {
		"slots": {
			"love": {
				"attachment": [
					{ "time": 0, "name": null }
				]
			}
		},
		"bones": {
			"cat": {
				"rotate": [
					{ "time": 0, "angle": 0 },
					{ "time": 1, "angle": 3.5 },
					{ "time": 2, "angle": 0 }
				],
				"translate": [
					{ "time": 0, "x": 0, "y": 0, "curve": "stepped" },
					{ "time": 2, "x": 0, "y": 0 }
				],
				"scale": [
					{ "time": 0, "x": 1, "y": 1, "curve": "stepped" },
					{ "time": 2, "x": 1, "y": 1 }
				]
			},
			"z2": {
				"rotate": [
					{ "time": 0, "angle": 0 },
					{ "time": 0.6666, "angle": 20.24 },
					{ "time": 1.3333, "angle": -14.43 },
					{ "time": 2, "angle": 0 }
				],
				"translate": [
					{ "time": 0, "x": 0, "y": 0, "curve": "stepped" },
					{ "time": 2, "x": 0, "y": 0 }
				],
				"scale": [
					{ "time": 0, "x": 1, "y": 1, "curve": "stepped" },
					{ "time": 2, "x": 1, "y": 1 }
				]
			},
			"z1": {
				"rotate": [
					{ "time": 0, "angle": 0 },
					{ "time": 0.6666, "angle": -18.85 },
					{ "time": 1.3333, "angle": 6.91 },
					{ "time": 2, "angle": 0 }
				],
				"translate": [
					{ "time": 0, "x": 0, "y": 0, "curve": "stepped" },
					{ "time": 2, "x": 0, "y": 0 }
				],
				"scale": [
					{ "time": 0, "x": 1, "y": 1, "curve": "stepped" },
					{ "time": 2, "x": 1, "y": 1 }
				]
			},
			"love": {
				"rotate": [
					{ "time": 0, "angle": 0, "curve": "stepped" },
					{ "time": 2, "angle": 0 }
				],
				"translate": [
					{ "time": 0, "x": 0, "y": 0, "curve": "stepped" },
					{ "time": 2, "x": 0, "y": 0 }
				],
				"scale": [
					{ "time": 0, "x": 1, "y": 1, "curve": "stepped" },
					{ "time": 2, "x": 1, "y": 1 }
				]
			},
			"ear2": {
				"rotate": [
					{ "time": 0, "angle": 0 },
					{ "time": 1, "angle": -13.02 },
					{ "time": 2, "angle": 0 }
				],
				"translate": [
					{ "time": 0, "x": 0, "y": 0, "curve": "stepped" },
					{ "time": 2, "x": 0, "y": 0 }
				],
				"scale": [
					{ "time": 0, "x": 1, "y": 1, "curve": "stepped" },
					{ "time": 2, "x": 1, "y": 1 }
				]
			},
			"ear1": {
				"rotate": [
					{ "time": 0, "angle": 0 },
					{ "time": 1, "angle": 9.84 },
					{ "time": 2, "angle": 0 }
				],
				"translate": [
					{ "time": 0, "x": 0, "y": 0, "curve": "stepped" },
					{ "time": 2, "x": 0, "y": 0 }
				],
				"scale": [
					{ "time": 0, "x": 1, "y": 1, "curve": "stepped" },
					{ "time": 2, "x": 1, "y": 1 }
				]
			}
		}
	},
	"normal2": {
		"slots": {
			"1": {
				"attachment": [
					{ "time": 0.1666, "name": "2" }
				]
			},
			"love": {
				"attachment": [
					{ "time": 0, "name": null },
					{ "time": 0.1666, "name": "love" },
					{ "time": 0.6666, "name": null }
				]
			}
		},
		"bones": {
			"cat": {
				"rotate": [
					{ "time": 0, "angle": 0 },
					{ "time": 1, "angle": 3.5 },
					{ "time": 2, "angle": 0 }
				],
				"translate": [
					{ "time": 0, "x": 0, "y": 0, "curve": "stepped" },
					{ "time": 2, "x": 0, "y": 0 }
				],
				"scale": [
					{ "time": 0, "x": 1, "y": 1, "curve": "stepped" },
					{ "time": 2, "x": 1, "y": 1 }
				]
			},
			"z2": {
				"rotate": [
					{ "time": 0, "angle": 0 },
					{ "time": 0.3333, "angle": -10.37 },
					{ "time": 0.6666, "angle": 19.07 },
					{ "time": 1, "angle": -14.43 },
					{ "time": 1.3333, "angle": 23.04 },
					{ "time": 1.6666, "angle": -12.45 },
					{ "time": 2, "angle": 0 }
				],
				"translate": [
					{ "time": 0, "x": 0, "y": 0, "curve": "stepped" },
					{ "time": 2, "x": 0, "y": 0 }
				],
				"scale": [
					{ "time": 0, "x": 1, "y": 1, "curve": "stepped" },
					{ "time": 2, "x": 1, "y": 1 }
				]
			},
			"z1": {
				"rotate": [
					{ "time": 0, "angle": 0 },
					{ "time": 0.3333, "angle": 1 },
					{ "time": 0.6666, "angle": -17.93 },
					{ "time": 1, "angle": 22.39 },
					{ "time": 1.3333, "angle": -17.39 },
					{ "time": 1.6666, "angle": 9.67 },
					{ "time": 2, "angle": 0 }
				],
				"translate": [
					{ "time": 0, "x": 0, "y": 0, "curve": "stepped" },
					{ "time": 2, "x": 0, "y": 0 }
				],
				"scale": [
					{ "time": 0, "x": 1, "y": 1, "curve": "stepped" },
					{ "time": 2, "x": 1, "y": 1 }
				]
			},
			"love": {
				"rotate": [
					{ "time": 0, "angle": 0 },
					{ "time": 0.1666, "angle": 11.62 },
					{ "time": 2, "angle": 0 }
				],
				"translate": [
					{ "time": 0, "x": 0, "y": 0 },
					{ "time": 0.1666, "x": 19.49, "y": -0.19 },
					{ "time": 0.2333, "x": 6.05, "y": 7.12 },
					{ "time": 0.6666, "x": -8.56, "y": 10.19 },
					{ "time": 2, "x": 0, "y": 0 }
				],
				"scale": [
					{ "time": 0, "x": 1, "y": 1 },
					{ "time": 0.1666, "x": 0.622, "y": 0.622 },
					{ "time": 0.2333, "x": 1.427, "y": 1.427 },
					{ "time": 0.3, "x": 0.817, "y": 0.817 },
					{ "time": 0.3666, "x": 1.208, "y": 1.208 },
					{ "time": 0.6666, "x": 0.715, "y": 0.715 },
					{ "time": 2, "x": 1, "y": 1 }
				]
			},
			"ear2": {
				"rotate": [
					{ "time": 0, "angle": 0 },
					{ "time": 0.3333, "angle": 3.18 },
					{ "time": 0.6666, "angle": -8.09 },
					{ "time": 1, "angle": 1.09 },
					{ "time": 1.3333, "angle": -6.46 },
					{ "time": 2, "angle": 0 }
				],
				"translate": [
					{ "time": 0, "x": 0, "y": 0, "curve": "stepped" },
					{ "time": 2, "x": 0, "y": 0 }
				],
				"scale": [
					{ "time": 0, "x": 1, "y": 1, "curve": "stepped" },
					{ "time": 2, "x": 1, "y": 1 }
				]
			},
			"ear1": {
				"rotate": [
					{ "time": 0, "angle": 0 },
					{ "time": 0.3333, "angle": -6.98 },
					{ "time": 0.6666, "angle": 3.77 },
					{ "time": 1, "angle": -6.98 },
					{ "time": 1.3333, "angle": 4.02 },
					{ "time": 2, "angle": 0 }
				],
				"translate": [
					{ "time": 0, "x": 0, "y": 0, "curve": "stepped" },
					{ "time": 2, "x": 0, "y": 0 }
				],
				"scale": [
					{ "time": 0, "x": 1, "y": 1, "curve": "stepped" },
					{ "time": 2, "x": 1, "y": 1 }
				]
			}
		}
	}
}
}