{
"skeleton": { "hash": "ggS2NmfAT6nqMDuxpBYDG+nj4dI", "spine": "3.2.01", "width": 201, "height": 203.59, "images": "" },
"bones": [
	{ "name": "root" },
	{ "name": "bone", "parent": "root", "x": 7, "y": 33 },
	{ "name": "Expression", "parent": "bone", "x": -7, "y": 7.99 },
	{ "name": ".1", "parent": "Expression", "x": -16.63, "y": 1.13 },
	{ "name": ".2", "parent": "Expression", "x": -1.66, "y": 0.58 },
	{ "name": ".3", "parent": "Expression", "x": 13.3, "y": 1.13 },
	{ "name": "starts", "parent": "bone" }
],
"slots": [
	{ "name": "start1", "bone": "starts", "attachment": "start4" },
	{ "name": "!!!", "bone": "Expression" },
	{ "name": "X", "bone": "Expression" },
	{ "name": "black_line", "bone": "Expression" },
	{ "name": "doubt", "bone": "Expression" },
	{ "name": "good_idea", "bone": "Expression", "attachment": "good_idea" },
	{ "name": "good_idea_light", "bone": "Expression", "attachment": "good_idea_light", "blend": "additive" },
	{ "name": "heart", "bone": "Expression" },
	{ "name": "stop", "bone": "Expression" },
	{ "name": "surprise", "bone": "Expression" },
	{ "name": "sweat", "bone": "Expression" },
	{ "name": ".1", "bone": ".1" },
	{ "name": ".4", "bone": ".2" },
	{ "name": ".5", "bone": ".3" },
	{ "name": "shy", "bone": "Expression" }
],
"skins": {
	"default": {
		"!!!": {
			"!!!": { "x": 7.99, "y": -8, "width": 200, "height": 200 }
		},
		".1": {
			".1": { "x": 24.51, "y": -11.97, "width": 200, "height": 200 }
		},
		".4": {
			".1": { "x": 24.51, "y": -11.97, "width": 200, "height": 200 }
		},
		".5": {
			".1": { "x": 24.51, "y": -11.97, "width": 200, "height": 200 }
		},
		"X": {
			"X": { "x": 7.99, "y": -8, "width": 200, "height": 200 }
		},
		"black_line": {
			"black_line": { "x": 7.99, "y": -8, "width": 200, "height": 200 }
		},
		"doubt": {
			"doubt": { "x": 7.99, "y": -8, "width": 200, "height": 200 }
		},
		"good_idea": {
			"good_idea": { "x": 7.99, "y": -8, "width": 200, "height": 200 }
		},
		"good_idea_light": {
			"good_idea_light": { "x": 7.17, "y": -11.59, "width": 200, "height": 200 }
		},
		"heart": {
			"heart": { "x": 7.99, "y": -8, "width": 200, "height": 200 }
		},
		"shy": {
			"shy": { "x": 7.17, "y": -8.27, "width": 200, "height": 200 }
		},
		"start1": {
			"start1": { "width": 200, "height": 200 },
			"start2": { "width": 200, "height": 200 },
			"start3": { "width": 200, "height": 200 },
			"start4": { "width": 200, "height": 200 }
		},
		"stop": {
			"stop": { "x": 7.99, "y": -8, "width": 200, "height": 200 }
		},
		"surprise": {
			"surprise": { "x": 7.99, "y": -8, "width": 200, "height": 200 }
		},
		"sweat": {
			"sweat": { "x": 7.99, "y": -8, "width": 200, "height": 200 }
		}
	}
},
"animations": {
	"X": {
		"slots": {
			"X": {
				"attachment": [
					{ "time": 0.1333, "name": "X" }
				]
			},
			"good_idea": {
				"attachment": [
					{ "time": 0, "name": null }
				]
			},
			"good_idea_light": {
				"attachment": [
					{ "time": 0, "name": null }
				]
			},
			"start1": {
				"attachment": [
					{ "time": 0, "name": "start1" },
					{ "time": 0.0333, "name": "start2" },
					{ "time": 0.0666, "name": "start3" },
					{ "time": 0.1, "name": "start4" }
				]
			}
		},
		"bones": {
			"Expression": {
				"rotate": [
					{ "time": 0, "angle": 0, "curve": "stepped" },
					{ "time": 1, "angle": 0 }
				],
				"translate": [
					{ "time": 0, "x": 0, "y": 0 },
					{ "time": 1, "x": 0.71, "y": -1.2 }
				],
				"scale": [
					{ "time": 0, "x": 1, "y": 1 },
					{ "time": 0.1333, "x": 0.797, "y": 0.797 },
					{ "time": 0.2, "x": 1.864, "y": 1.864, "curve": "stepped" },
					{ "time": 0.2666, "x": 1.864, "y": 1.864 },
					{ "time": 0.3, "x": 0.952, "y": 0.952 },
					{ "time": 1, "x": 1, "y": 1 }
				],
				"shear": [
					{ "time": 0, "x": 0, "y": 0, "curve": "stepped" },
					{ "time": 1, "x": 0, "y": 0 }
				]
			},
			"starts": {
				"rotate": [
					{ "time": 0, "angle": 0 }
				],
				"translate": [
					{ "time": 0, "x": 0, "y": 0, "curve": "stepped" },
					{ "time": 1, "x": 0, "y": 0 }
				],
				"scale": [
					{ "time": 0, "x": 1, "y": 1, "curve": "stepped" },
					{ "time": 1, "x": 1, "y": 1 }
				],
				"shear": [
					{ "time": 0, "x": 0, "y": 0, "curve": "stepped" },
					{ "time": 1, "x": 0, "y": 0 }
				]
			},
			"bone": {
				"rotate": [
					{ "time": 0, "angle": 0 },
					{ "time": 0.1, "angle": 8.41 },
					{ "time": 0.1333, "angle": -17.93 },
					{ "time": 0.3333, "angle": 0, "curve": "stepped" },
					{ "time": 1, "angle": 0 }
				],
				"translate": [
					{ "time": 0, "x": 0, "y": 0, "curve": "stepped" },
					{ "time": 1, "x": 0, "y": 0 }
				],
				"scale": [
					{ "time": 0, "x": 1, "y": 1, "curve": "stepped" },
					{ "time": 0.1333, "x": 1, "y": 1 },
					{ "time": 0.2, "x": 1.309, "y": 1.309 },
					{ "time": 0.2666, "x": 1, "y": 1, "curve": "stepped" },
					{ "time": 1, "x": 1, "y": 1 }
				],
				"shear": [
					{ "time": 0, "x": 0, "y": 0, "curve": "stepped" },
					{ "time": 1, "x": 0, "y": 0 }
				]
			},
			"root": {
				"rotate": [
					{ "time": 0, "angle": 0 }
				],
				"translate": [
					{ "time": 0, "x": 0, "y": 0, "curve": "stepped" },
					{ "time": 1, "x": 0, "y": 0 }
				],
				"scale": [
					{ "time": 0, "x": 1, "y": 1, "curve": "stepped" },
					{ "time": 1, "x": 1, "y": 1 }
				],
				"shear": [
					{ "time": 0, "x": 0, "y": 0, "curve": "stepped" },
					{ "time": 1, "x": 0, "y": 0 }
				]
			}
		}
	},
	"black_line": {
		"slots": {
			"black_line": {
				"attachment": [
					{ "time": 0, "name": "black_line" },
					{ "time": 2, "name": "black_line" }
				]
			},
			"good_idea": {
				"attachment": [
					{ "time": 0, "name": null }
				]
			},
			"good_idea_light": {
				"attachment": [
					{ "time": 0, "name": null }
				]
			},
			"start1": {
				"attachment": [
					{ "time": 0, "name": "start4" }
				]
			}
		},
		"bones": {
			"Expression": {
				"rotate": [
					{ "time": 0, "angle": 0 },
					{ "time": 0.6666, "angle": 110.05 },
					{ "time": 1.3333, "angle": -129.62 },
					{ "time": 2, "angle": 0 }
				],
				"translate": [
					{ "time": 0, "x": -0.94, "y": 3.2 },
					{ "time": 0.6666, "x": 0.4, "y": 3.37 },
					{ "time": 1.3333, "x": -0.54, "y": 5.49 },
					{ "time": 2, "x": -0.94, "y": 3.2 }
				],
				"scale": [
					{ "time": 0, "x": 1, "y": 1, "curve": "stepped" },
					{ "time": 2, "x": 1, "y": 1 }
				],
				"shear": [
					{ "time": 0, "x": 0, "y": 0, "curve": "stepped" },
					{ "time": 2, "x": 0, "y": 0 }
				]
			},
			"root": {
				"rotate": [
					{ "time": 0, "angle": 0 }
				],
				"translate": [
					{ "time": 0, "x": 0, "y": 0, "curve": "stepped" },
					{ "time": 2, "x": 0, "y": 0 }
				],
				"scale": [
					{ "time": 0, "x": 1, "y": 1, "curve": "stepped" },
					{ "time": 2, "x": 1, "y": 1 }
				],
				"shear": [
					{ "time": 0, "x": 0, "y": 0, "curve": "stepped" },
					{ "time": 2, "x": 0, "y": 0 }
				]
			},
			"starts": {
				"rotate": [
					{ "time": 0, "angle": 0 }
				],
				"translate": [
					{ "time": 0, "x": 0, "y": 0, "curve": "stepped" },
					{ "time": 2, "x": 0, "y": 0 }
				],
				"scale": [
					{ "time": 0, "x": 1, "y": 1, "curve": "stepped" },
					{ "time": 2, "x": 1, "y": 1 }
				],
				"shear": [
					{ "time": 0, "x": 0, "y": 0, "curve": "stepped" },
					{ "time": 2, "x": 0, "y": 0 }
				]
			},
			"bone": {
				"rotate": [
					{ "time": 0, "angle": 0 },
					{ "time": 1, "angle": 7.81 },
					{ "time": 2, "angle": 0 }
				],
				"translate": [
					{ "time": 0, "x": 0, "y": 0 },
					{ "time": 1, "x": -3.57, "y": 0 },
					{ "time": 2, "x": 0, "y": 0 }
				],
				"scale": [
					{ "time": 0, "x": 1, "y": 1, "curve": "stepped" },
					{ "time": 2, "x": 1, "y": 1 }
				],
				"shear": [
					{ "time": 0, "x": 0, "y": 0, "curve": "stepped" },
					{ "time": 2, "x": 0, "y": 0 }
				]
			}
		}
	},
	"doubt": {
		"slots": {
			"!!!": {
				"attachment": [
					{ "time": 0, "name": null },
					{ "time": 0.0333, "name": "start2" },
					{ "time": 0.0666, "name": "start3" },
					{ "time": 0.1, "name": "start4" }
				]
			},
			"doubt": {
				"attachment": [
					{ "time": 0.1333, "name": "doubt" }
				]
			},
			"good_idea": {
				"attachment": [
					{ "time": 0, "name": null }
				]
			},
			"good_idea_light": {
				"attachment": [
					{ "time": 0, "name": null }
				]
			}
		},
		"bones": {
			"Expression": {
				"rotate": [
					{ "time": 0, "angle": 0, "curve": "stepped" },
					{ "time": 0.2, "angle": 0 },
					{ "time": 0.2666, "angle": -12.31 },
					{ "time": 0.3333, "angle": 9.39 },
					{ "time": 0.4, "angle": -12.31 },
					{ "time": 0.4666, "angle": 9.39 },
					{ "time": 0.5333, "angle": -12.31 },
					{ "time": 0.6, "angle": 9.39 },
					{ "time": 0.6666, "angle": 0 }
				],
				"translate": [
					{ "time": 0, "x": 0, "y": 0 },
					{ "time": 0.1333, "x": 0.99, "y": -9.99 },
					{ "time": 0.2, "x": 0.96, "y": -1.62 },
					{ "time": 0.6666, "x": 0.71, "y": -1.2 }
				],
				"scale": [
					{ "time": 0, "x": 1, "y": 1, "curve": "stepped" },
					{ "time": 0.6666, "x": 1, "y": 1 }
				],
				"shear": [
					{ "time": 0, "x": 0, "y": 0, "curve": "stepped" },
					{ "time": 0.6666, "x": 0, "y": 0 }
				]
			},
			"bone": {
				"rotate": [
					{ "time": 0, "angle": 0 },
					{ "time": 0.1333, "angle": -18.56 },
					{ "time": 0.1666, "angle": 12.62 },
					{ "time": 0.2, "angle": 0 }
				],
				"translate": [
					{ "time": 0, "x": 0, "y": 0 },
					{ "time": 0.1333, "x": 3, "y": 6 },
					{ "time": 0.1666, "x": -6.21, "y": 8.57 },
					{ "time": 0.2, "x": 0, "y": 0, "curve": "stepped" },
					{ "time": 0.6666, "x": 0, "y": 0 }
				],
				"scale": [
					{ "time": 0, "x": 1, "y": 1, "curve": "stepped" },
					{ "time": 0.2, "x": 1, "y": 1, "curve": "stepped" },
					{ "time": 0.6666, "x": 1, "y": 1 }
				],
				"shear": [
					{ "time": 0, "x": 0, "y": 0, "curve": "stepped" },
					{ "time": 0.2, "x": 0, "y": 0, "curve": "stepped" },
					{ "time": 0.6666, "x": 0, "y": 0 }
				]
			},
			"starts": {
				"rotate": [
					{ "time": 0, "angle": 0 }
				],
				"translate": [
					{ "time": 0, "x": 0, "y": 0, "curve": "stepped" },
					{ "time": 0.6666, "x": 0, "y": 0 }
				],
				"scale": [
					{ "time": 0, "x": 1, "y": 1, "curve": "stepped" },
					{ "time": 0.6666, "x": 1, "y": 1 }
				],
				"shear": [
					{ "time": 0, "x": 0, "y": 0, "curve": "stepped" },
					{ "time": 0.6666, "x": 0, "y": 0 }
				]
			},
			"root": {
				"rotate": [
					{ "time": 0, "angle": 0 }
				],
				"translate": [
					{ "time": 0, "x": 0, "y": 0, "curve": "stepped" },
					{ "time": 0.6666, "x": 0, "y": 0 }
				],
				"scale": [
					{ "time": 0, "x": 1, "y": 1, "curve": "stepped" },
					{ "time": 0.6666, "x": 1, "y": 1 }
				],
				"shear": [
					{ "time": 0, "x": 0, "y": 0, "curve": "stepped" },
					{ "time": 0.6666, "x": 0, "y": 0 }
				]
			}
		}
	},
	"end": {
		"slots": {
			"good_idea": {
				"attachment": [
					{ "time": 0, "name": null }
				]
			},
			"good_idea_light": {
				"attachment": [
					{ "time": 0, "name": null }
				]
			},
			"start1": {
				"attachment": [
					{ "time": 0.1333, "name": "start4" },
					{ "time": 0.2, "name": "start3" },
					{ "time": 0.2666, "name": "start2" },
					{ "time": 0.3333, "name": "start1" }
				]
			}
		},
		"bones": {
			"root": {
				"rotate": [
					{ "time": 0, "angle": 0 }
				],
				"translate": [
					{ "time": 0, "x": 0, "y": 0 }
				],
				"scale": [
					{ "time": 0, "x": 1, "y": 1 }
				],
				"shear": [
					{ "time": 0, "x": 0, "y": 0 }
				]
			},
			"starts": {
				"rotate": [
					{ "time": 0, "angle": 0 }
				],
				"translate": [
					{ "time": 0, "x": 0, "y": 0 }
				],
				"scale": [
					{ "time": 0, "x": 1, "y": 1 }
				],
				"shear": [
					{ "time": 0, "x": 0, "y": 0 }
				]
			},
			"Expression": {
				"rotate": [
					{ "time": 0, "angle": 0 }
				],
				"translate": [
					{ "time": 0, "x": 0, "y": 0 }
				],
				"scale": [
					{ "time": 0, "x": 1, "y": 1 }
				],
				"shear": [
					{ "time": 0, "x": 0, "y": 0 }
				]
			},
			"bone": {
				"rotate": [
					{ "time": 0, "angle": 0, "curve": "stepped" },
					{ "time": 0.3, "angle": 0 },
					{ "time": 0.3333, "angle": 9.19 },
					{ "time": 0.3666, "angle": -15.35 }
				],
				"translate": [
					{ "time": 0, "x": 0, "y": 0, "curve": "stepped" },
					{ "time": 0.3, "x": 0, "y": 0 },
					{ "time": 0.3333, "x": -9.99, "y": 2 },
					{ "time": 0.3666, "x": 10, "y": -1 }
				],
				"scale": [
					{ "time": 0, "x": 1, "y": 1 },
					{ "time": 0.0666, "x": 0.874, "y": 0.874 },
					{ "time": 0.1333, "x": 1.219, "y": 1.219 }
				],
				"shear": [
					{ "time": 0, "x": 0, "y": 0 }
				]
			}
		}
	},
	"event_black_line": {
		"slots": {
			"black_line": {
				"attachment": [
					{ "time": 0.1333, "name": "black_line" },
					{ "time": 2, "name": "black_line" }
				]
			},
			"good_idea": {
				"attachment": [
					{ "time": 0, "name": null }
				]
			},
			"good_idea_light": {
				"attachment": [
					{ "time": 0, "name": null }
				]
			},
			"start1": {
				"attachment": [
					{ "time": 0, "name": "start1" },
					{ "time": 0.0333, "name": "start2" },
					{ "time": 0.0666, "name": "start3" },
					{ "time": 0.1, "name": "start4" }
				]
			}
		},
		"bones": {
			"Expression": {
				"rotate": [
					{ "time": 0, "angle": 0, "curve": "stepped" },
					{ "time": 0.1333, "angle": 0 },
					{ "time": 0.6666, "angle": 110.05 },
					{ "time": 1.3333, "angle": -105.62 },
					{ "time": 2, "angle": 0 }
				],
				"translate": [
					{ "time": 0, "x": 0, "y": 0 },
					{ "time": 0.1333, "x": 0.28, "y": 2.11 },
					{ "time": 0.6666, "x": 0.4, "y": 3.37 },
					{ "time": 1.3333, "x": 0.56, "y": 2.73 },
					{ "time": 2, "x": -0.94, "y": 3.2 }
				],
				"scale": [
					{ "time": 0, "x": 1, "y": 1, "curve": "stepped" },
					{ "time": 2, "x": 1, "y": 1 }
				],
				"shear": [
					{ "time": 0, "x": 0, "y": 0, "curve": "stepped" },
					{ "time": 2, "x": 0, "y": 0 }
				]
			},
			"root": {
				"rotate": [
					{ "time": 0, "angle": 0 }
				],
				"translate": [
					{ "time": 0, "x": 0, "y": 0, "curve": "stepped" },
					{ "time": 2, "x": 0, "y": 0 }
				],
				"scale": [
					{ "time": 0, "x": 1, "y": 1, "curve": "stepped" },
					{ "time": 2, "x": 1, "y": 1 }
				],
				"shear": [
					{ "time": 0, "x": 0, "y": 0, "curve": "stepped" },
					{ "time": 2, "x": 0, "y": 0 }
				]
			},
			"starts": {
				"rotate": [
					{ "time": 0, "angle": 0 }
				],
				"translate": [
					{ "time": 0, "x": 0, "y": 0, "curve": "stepped" },
					{ "time": 2, "x": 0, "y": 0 }
				],
				"scale": [
					{ "time": 0, "x": 1, "y": 1, "curve": "stepped" },
					{ "time": 2, "x": 1, "y": 1 }
				],
				"shear": [
					{ "time": 0, "x": 0, "y": 0, "curve": "stepped" },
					{ "time": 2, "x": 0, "y": 0 }
				]
			},
			"bone": {
				"rotate": [
					{ "time": 0, "angle": 0 },
					{ "time": 0.1666, "angle": 7.81 },
					{ "time": 0.3333, "angle": -10.08 },
					{ "time": 0.5, "angle": 0 },
					{ "time": 1.5, "angle": 7.81 },
					{ "time": 2, "angle": 0 }
				],
				"translate": [
					{ "time": 0, "x": 0, "y": 0 },
					{ "time": 0.1666, "x": -3.57, "y": 0 },
					{ "time": 0.3333, "x": 3.9, "y": -3.57 },
					{ "time": 0.5, "x": 0, "y": 0 },
					{ "time": 1.5, "x": -3.57, "y": 0 },
					{ "time": 2, "x": 0, "y": 0 }
				],
				"scale": [
					{ "time": 0, "x": 1, "y": 1, "curve": "stepped" },
					{ "time": 0.5, "x": 1, "y": 1, "curve": "stepped" },
					{ "time": 2, "x": 1, "y": 1 }
				],
				"shear": [
					{ "time": 0, "x": 0, "y": 0, "curve": "stepped" },
					{ "time": 0.5, "x": 0, "y": 0, "curve": "stepped" },
					{ "time": 2, "x": 0, "y": 0 }
				]
			}
		}
	},
	"event_shy": {
		"slots": {
			"!!!": {
				"attachment": [
					{ "time": 0, "name": null },
					{ "time": 0.0333, "name": "start2" },
					{ "time": 0.0666, "name": "start3" },
					{ "time": 0.1, "name": "start4" },
					{ "time": 0.1333, "name": null }
				]
			},
			"good_idea": {
				"attachment": [
					{ "time": 0, "name": null }
				]
			},
			"good_idea_light": {
				"attachment": [
					{ "time": 0, "name": null }
				]
			},
			"shy": {
				"attachment": [
					{ "time": 0.1333, "name": "shy" }
				]
			}
		},
		"bones": {
			"Expression": {
				"rotate": [
					{ "time": 0, "angle": 0, "curve": "stepped" },
					{ "time": 0.6666, "angle": 0 }
				],
				"translate": [
					{ "time": 0, "x": 0, "y": 0 },
					{ "time": 0.1333, "x": -0.4, "y": -6.23 },
					{ "time": 0.2, "x": -2.9, "y": -1.62 },
					{ "time": 0.2666, "x": 0.71, "y": -1.2, "curve": "stepped" },
					{ "time": 0.6666, "x": 0.71, "y": -1.2 }
				],
				"scale": [
					{ "time": 0, "x": 1, "y": 1, "curve": "stepped" },
					{ "time": 0.6666, "x": 1, "y": 1 }
				],
				"shear": [
					{ "time": 0, "x": 0, "y": 0, "curve": "stepped" },
					{ "time": 0.6666, "x": 0, "y": 0 }
				]
			},
			"bone": {
				"rotate": [
					{ "time": 0, "angle": 0 },
					{ "time": 0.1666, "angle": -5.65 }
				],
				"translate": [
					{ "time": 0, "x": 0, "y": 0 },
					{ "time": 0.1333, "x": 2.75, "y": -7.72 },
					{ "time": 0.1666, "x": 0.93, "y": -2.82 },
					{ "time": 0.6666, "x": 0, "y": 0 }
				],
				"scale": [
					{ "time": 0, "x": 1, "y": 1, "curve": "stepped" },
					{ "time": 0.6666, "x": 1, "y": 1 }
				],
				"shear": [
					{ "time": 0, "x": 0, "y": 0, "curve": "stepped" },
					{ "time": 0.6666, "x": 0, "y": 0 }
				]
			},
			"starts": {
				"rotate": [
					{ "time": 0, "angle": 0 }
				],
				"translate": [
					{ "time": 0, "x": 0, "y": 0, "curve": "stepped" },
					{ "time": 0.6666, "x": 0, "y": 0 }
				],
				"scale": [
					{ "time": 0, "x": 1, "y": 1, "curve": "stepped" },
					{ "time": 0.6666, "x": 1, "y": 1 }
				],
				"shear": [
					{ "time": 0, "x": 0, "y": 0, "curve": "stepped" },
					{ "time": 0.6666, "x": 0, "y": 0 }
				]
			},
			"root": {
				"rotate": [
					{ "time": 0, "angle": 0 }
				],
				"translate": [
					{ "time": 0, "x": 0, "y": 0, "curve": "stepped" },
					{ "time": 0.6666, "x": 0, "y": 0 }
				],
				"scale": [
					{ "time": 0, "x": 1, "y": 1, "curve": "stepped" },
					{ "time": 0.6666, "x": 1, "y": 1 }
				],
				"shear": [
					{ "time": 0, "x": 0, "y": 0, "curve": "stepped" },
					{ "time": 0.6666, "x": 0, "y": 0 }
				]
			}
		}
	},
	"event_silent": {
		"slots": {
			"!!!": {
				"attachment": [
					{ "time": 0, "name": null },
					{ "time": 0.0333, "name": null },
					{ "time": 0.0666, "name": null },
					{ "time": 0.1, "name": null }
				]
			},
			".1": {
				"attachment": [
					{ "time": 0.1333, "name": ".1" }
				]
			},
			".4": {
				"attachment": [
					{ "time": 0.1333, "name": null },
					{ "time": 0.2333, "name": ".1" }
				]
			},
			".5": {
				"attachment": [
					{ "time": 0.3333, "name": ".1" }
				]
			},
			"good_idea": {
				"attachment": [
					{ "time": 0, "name": null }
				]
			},
			"good_idea_light": {
				"attachment": [
					{ "time": 0, "name": null }
				]
			},
			"start1": {
				"attachment": [
					{ "time": 0, "name": "start1" },
					{ "time": 0.0333, "name": "start2" },
					{ "time": 0.0666, "name": "start3" },
					{ "time": 0.1, "name": "start4" }
				]
			}
		},
		"bones": {
			"Expression": {
				"rotate": [
					{ "time": 0, "angle": 0, "curve": "stepped" },
					{ "time": 0.6666, "angle": 0 }
				],
				"translate": [
					{ "time": 0, "x": 0, "y": 0 },
					{ "time": 0.6666, "x": 0.71, "y": -1.2 }
				],
				"scale": [
					{ "time": 0, "x": 1, "y": 1, "curve": "stepped" },
					{ "time": 0.6666, "x": 1, "y": 1 }
				],
				"shear": [
					{ "time": 0, "x": 0, "y": 0, "curve": "stepped" },
					{ "time": 0.6666, "x": 0, "y": 0 }
				]
			},
			"bone": {
				"rotate": [
					{ "time": 0, "angle": 0 }
				],
				"translate": [
					{ "time": 0, "x": 0, "y": 0, "curve": "stepped" },
					{ "time": 0.6666, "x": 0, "y": 0 }
				],
				"scale": [
					{ "time": 0, "x": 1, "y": 1, "curve": "stepped" },
					{ "time": 0.6666, "x": 1, "y": 1 }
				],
				"shear": [
					{ "time": 0, "x": 0, "y": 0, "curve": "stepped" },
					{ "time": 0.6666, "x": 0, "y": 0 }
				]
			},
			"starts": {
				"rotate": [
					{ "time": 0, "angle": 0 }
				],
				"translate": [
					{ "time": 0, "x": 0, "y": 0, "curve": "stepped" },
					{ "time": 0.6666, "x": 0, "y": 0 }
				],
				"scale": [
					{ "time": 0, "x": 1, "y": 1, "curve": "stepped" },
					{ "time": 0.6666, "x": 1, "y": 1 }
				],
				"shear": [
					{ "time": 0, "x": 0, "y": 0, "curve": "stepped" },
					{ "time": 0.6666, "x": 0, "y": 0 }
				]
			},
			"root": {
				"rotate": [
					{ "time": 0, "angle": 0 }
				],
				"translate": [
					{ "time": 0, "x": 0, "y": 0, "curve": "stepped" },
					{ "time": 0.6666, "x": 0, "y": 0 }
				],
				"scale": [
					{ "time": 0, "x": 1, "y": 1, "curve": "stepped" },
					{ "time": 0.6666, "x": 1, "y": 1 }
				],
				"shear": [
					{ "time": 0, "x": 0, "y": 0, "curve": "stepped" },
					{ "time": 0.6666, "x": 0, "y": 0 }
				]
			},
			".1": {
				"rotate": [
					{ "time": 0, "angle": 0, "curve": "stepped" },
					{ "time": 0.6666, "angle": 0 }
				],
				"translate": [
					{ "time": 0, "x": 0, "y": 0 },
					{ "time": 0.1333, "x": 0, "y": -5.54 },
					{ "time": 0.2, "x": 0, "y": 1.66 },
					{ "time": 0.6666, "x": 0, "y": 0 }
				],
				"scale": [
					{ "time": 0, "x": 1, "y": 1, "curve": "stepped" },
					{ "time": 0.1666, "x": 1, "y": 1 },
					{ "time": 0.2, "x": 1.167, "y": 1.167 },
					{ "time": 0.6666, "x": 1, "y": 1 }
				],
				"shear": [
					{ "time": 0, "x": 0, "y": 0, "curve": "stepped" },
					{ "time": 0.6666, "x": 0, "y": 0 }
				]
			},
			".2": {
				"rotate": [
					{ "time": 0, "angle": 0, "curve": "stepped" },
					{ "time": 0.6666, "angle": 0 }
				],
				"translate": [
					{ "time": 0, "x": 0, "y": 0 },
					{ "time": 0.2333, "x": 0, "y": -9.97 },
					{ "time": 0.3, "x": 0, "y": 0.98 },
					{ "time": 0.6666, "x": 0, "y": 0 }
				],
				"scale": [
					{ "time": 0, "x": 1, "y": 1, "curve": "stepped" },
					{ "time": 0.2333, "x": 1, "y": 1 },
					{ "time": 0.3, "x": 1.177, "y": 1.177 },
					{ "time": 0.6666, "x": 1, "y": 1 }
				],
				"shear": [
					{ "time": 0, "x": 0, "y": 0, "curve": "stepped" },
					{ "time": 0.6666, "x": 0, "y": 0 }
				]
			},
			".3": {
				"rotate": [
					{ "time": 0, "angle": 0, "curve": "stepped" },
					{ "time": 0.6666, "angle": 0 }
				],
				"translate": [
					{ "time": 0, "x": 0, "y": 0 },
					{ "time": 0.3333, "x": 0, "y": -9.42 },
					{ "time": 0.4, "x": 0, "y": 2.43 },
					{ "time": 0.4333, "x": 0, "y": -0.63 },
					{ "time": 0.6666, "x": 0, "y": 0 }
				],
				"scale": [
					{ "time": 0, "x": 1, "y": 1, "curve": "stepped" },
					{ "time": 0.3333, "x": 1, "y": 1 },
					{ "time": 0.4, "x": 1.107, "y": 1.107 },
					{ "time": 0.6666, "x": 1, "y": 1 }
				],
				"shear": [
					{ "time": 0, "x": 0, "y": 0, "curve": "stepped" },
					{ "time": 0.6666, "x": 0, "y": 0 }
				]
			}
		}
	},
	"good_idea": {
		"slots": {
			"good_idea": {
				"color": [
					{ "time": 0.1333, "color": "ffffff46" },
					{ "time": 0.2333, "color": "ffffffff" }
				],
				"attachment": [
					{ "time": 0, "name": null },
					{ "time": 0.1333, "name": "good_idea" },
					{ "time": 0.6666, "name": "good_idea" }
				]
			},
			"good_idea_light": {
				"color": [
					{ "time": 0.1333, "color": "ffffff25" },
					{ "time": 0.2333, "color": "ffffffc1" },
					{ "time": 0.4, "color": "ffffff21" },
					{ "time": 0.5333, "color": "ffffffbf" },
					{ "time": 0.6666, "color": "ffffff7b" }
				],
				"attachment": [
					{ "time": 0, "name": null },
					{ "time": 0.1333, "name": "good_idea_light" },
					{ "time": 0.6666, "name": "good_idea_light" }
				]
			},
			"start1": {
				"attachment": [
					{ "time": 0, "name": "start1" },
					{ "time": 0.0333, "name": "start2" },
					{ "time": 0.0666, "name": "start3" },
					{ "time": 0.1, "name": "start4" }
				]
			}
		},
		"bones": {
			"starts": {
				"rotate": [
					{ "time": 0, "angle": 0 }
				],
				"translate": [
					{ "time": 0, "x": 0, "y": 0, "curve": "stepped" },
					{ "time": 0.6666, "x": 0, "y": 0 }
				],
				"scale": [
					{ "time": 0, "x": 1, "y": 1, "curve": "stepped" },
					{ "time": 0.6666, "x": 1, "y": 1 }
				],
				"shear": [
					{ "time": 0, "x": 0, "y": 0, "curve": "stepped" },
					{ "time": 0.6666, "x": 0, "y": 0 }
				]
			},
			"root": {
				"rotate": [
					{ "time": 0, "angle": 0 }
				],
				"translate": [
					{ "time": 0, "x": 0, "y": 0, "curve": "stepped" },
					{ "time": 0.6666, "x": 0, "y": 0 }
				],
				"scale": [
					{ "time": 0, "x": 1, "y": 1, "curve": "stepped" },
					{ "time": 0.6666, "x": 1, "y": 1 }
				],
				"shear": [
					{ "time": 0, "x": 0, "y": 0, "curve": "stepped" },
					{ "time": 0.6666, "x": 0, "y": 0 }
				]
			},
			"Expression": {
				"rotate": [
					{ "time": 0, "angle": 0, "curve": "stepped" },
					{ "time": 0.6666, "angle": 0 }
				],
				"translate": [
					{ "time": 0, "x": 0, "y": 0 },
					{ "time": 0.1333, "x": -0.48, "y": -3.62, "curve": "stepped" },
					{ "time": 0.6666, "x": -0.48, "y": -3.62 }
				],
				"scale": [
					{ "time": 0, "x": 1, "y": 1 },
					{ "time": 0.1333, "x": 0.682, "y": 0.682 },
					{ "time": 0.2333, "x": 1.62, "y": 1.62 },
					{ "time": 0.3, "x": 1, "y": 1, "curve": "stepped" },
					{ "time": 0.6666, "x": 1, "y": 1 }
				],
				"shear": [
					{ "time": 0, "x": 0, "y": 0, "curve": "stepped" },
					{ "time": 0.6666, "x": 0, "y": 0 }
				]
			},
			"bone": {
				"rotate": [
					{ "time": 0, "angle": 0 },
					{ "time": 0.1666, "angle": -15.44 },
					{ "time": 0.3333, "angle": -10.08 },
					{ "time": 0.6666, "angle": 0 }
				],
				"translate": [
					{ "time": 0, "x": 0, "y": 0 },
					{ "time": 0.1666, "x": 5.8, "y": -5.51 },
					{ "time": 0.3333, "x": 3.9, "y": -3.57 },
					{ "time": 0.6666, "x": 0, "y": 0 }
				],
				"scale": [
					{ "time": 0, "x": 1, "y": 1, "curve": "stepped" },
					{ "time": 0.6666, "x": 1, "y": 1 }
				],
				"shear": [
					{ "time": 0, "x": 0, "y": 0, "curve": "stepped" },
					{ "time": 0.6666, "x": 0, "y": 0 }
				]
			}
		}
	},
	"love": {
		"slots": {
			"!!!": {
				"attachment": [
					{ "time": 0, "name": null },
					{ "time": 0.0333, "name": "start2" },
					{ "time": 0.0666, "name": "start3" },
					{ "time": 0.1, "name": "start4" },
					{ "time": 0.1333, "name": null }
				]
			},
			"good_idea": {
				"attachment": [
					{ "time": 0, "name": null }
				]
			},
			"good_idea_light": {
				"attachment": [
					{ "time": 0, "name": null }
				]
			},
			"heart": {
				"attachment": [
					{ "time": 0.1333, "name": "heart" }
				]
			}
		},
		"bones": {
			"bone": {
				"rotate": [
					{ "time": 0, "angle": 0 },
					{ "time": 0.1666, "angle": -5.65 }
				],
				"translate": [
					{ "time": 0, "x": 0, "y": 0 },
					{ "time": 0.1333, "x": 2.75, "y": -7.72 },
					{ "time": 0.1666, "x": 0.93, "y": -2.82 },
					{ "time": 0.6666, "x": 0, "y": 0 }
				],
				"scale": [
					{ "time": 0, "x": 1, "y": 1, "curve": "stepped" },
					{ "time": 0.6666, "x": 1, "y": 1 }
				],
				"shear": [
					{ "time": 0, "x": 0, "y": 0, "curve": "stepped" },
					{ "time": 0.6666, "x": 0, "y": 0 }
				]
			},
			"Expression": {
				"rotate": [
					{ "time": 0, "angle": 0, "curve": "stepped" },
					{ "time": 0.6666, "angle": 0 }
				],
				"translate": [
					{ "time": 0, "x": 0, "y": 0 },
					{ "time": 0.1333, "x": -0.14, "y": -9.53 },
					{ "time": 0.2, "x": -2.9, "y": -1.62 },
					{ "time": 0.2666, "x": 0.71, "y": -1.2, "curve": "stepped" },
					{ "time": 0.6666, "x": 0.71, "y": -1.2 }
				],
				"scale": [
					{ "time": 0, "x": 1, "y": 1, "curve": "stepped" },
					{ "time": 0.6666, "x": 1, "y": 1 }
				],
				"shear": [
					{ "time": 0, "x": 0, "y": 0, "curve": "stepped" },
					{ "time": 0.6666, "x": 0, "y": 0 }
				]
			},
			"starts": {
				"rotate": [
					{ "time": 0, "angle": 0 }
				],
				"translate": [
					{ "time": 0, "x": 0, "y": 0, "curve": "stepped" },
					{ "time": 0.6666, "x": 0, "y": 0 }
				],
				"scale": [
					{ "time": 0, "x": 1, "y": 1, "curve": "stepped" },
					{ "time": 0.6666, "x": 1, "y": 1 }
				],
				"shear": [
					{ "time": 0, "x": 0, "y": 0, "curve": "stepped" },
					{ "time": 0.6666, "x": 0, "y": 0 }
				]
			},
			"root": {
				"rotate": [
					{ "time": 0, "angle": 0 }
				],
				"translate": [
					{ "time": 0, "x": 0, "y": 0, "curve": "stepped" },
					{ "time": 0.6666, "x": 0, "y": 0 }
				],
				"scale": [
					{ "time": 0, "x": 1, "y": 1, "curve": "stepped" },
					{ "time": 0.6666, "x": 1, "y": 1 }
				],
				"shear": [
					{ "time": 0, "x": 0, "y": 0, "curve": "stepped" },
					{ "time": 0.6666, "x": 0, "y": 0 }
				]
			}
		}
	},
	"shy": {
		"slots": {
			"good_idea": {
				"attachment": [
					{ "time": 0, "name": null }
				]
			},
			"good_idea_light": {
				"attachment": [
					{ "time": 0, "name": null }
				]
			},
			"shy": {
				"color": [
					{ "time": 0, "color": "ffffffff" },
					{ "time": 10, "color": "ff000aff", "curve": "stepped" },
					{ "time": 12, "color": "ff000aff" }
				],
				"attachment": [
					{ "time": 0, "name": "shy" },
					{ "time": 2, "name": "shy" },
					{ "time": 4, "name": "shy" },
					{ "time": 6, "name": "shy" },
					{ "time": 8, "name": "shy" }
				]
			},
			"start1": {
				"color": [
					{ "time": 0, "color": "ffffffff" },
					{ "time": 10, "color": "ff4451ff", "curve": "stepped" },
					{ "time": 12, "color": "ff4451ff" }
				]
			}
		},
		"bones": {
			"Expression": {
				"rotate": [
					{ "time": 0, "angle": 0, "curve": "stepped" },
					{ "time": 2, "angle": 0, "curve": "stepped" },
					{ "time": 4, "angle": 0, "curve": "stepped" },
					{ "time": 6, "angle": 0, "curve": "stepped" },
					{ "time": 8, "angle": 0, "curve": "stepped" },
					{ "time": 10, "angle": 0, "curve": "stepped" },
					{ "time": 12, "angle": 0 }
				],
				"translate": [
					{ "time": 0, "x": 0, "y": 0 },
					{ "time": 0.1666, "x": 0.27, "y": 1.38 },
					{ "time": 0.3333, "x": 0.55, "y": -2.75 },
					{ "time": 0.5, "x": 0.49, "y": 0.82 },
					{ "time": 0.6666, "x": 2.09, "y": -0.91 },
					{ "time": 0.8333, "x": 0.27, "y": 1.38 },
					{ "time": 1, "x": 0.55, "y": -2.75 },
					{ "time": 1.1666, "x": 0.49, "y": 0.82 },
					{ "time": 1.3333, "x": 2.09, "y": -0.91 },
					{ "time": 1.5, "x": 0.27, "y": 1.38 },
					{ "time": 1.6666, "x": 0.55, "y": -2.75 },
					{ "time": 1.8333, "x": 0.49, "y": 0.82 },
					{ "time": 2, "x": 0, "y": 0 },
					{ "time": 2.1666, "x": 0.27, "y": 1.38 },
					{ "time": 2.3333, "x": 0.55, "y": -2.75 },
					{ "time": 2.5, "x": 0.49, "y": 0.82 },
					{ "time": 2.6666, "x": 2.09, "y": -0.91 },
					{ "time": 2.8333, "x": 0.27, "y": 1.38 },
					{ "time": 3, "x": 0.55, "y": -2.75 },
					{ "time": 3.1666, "x": 0.49, "y": 0.82 },
					{ "time": 3.3333, "x": 2.09, "y": -0.91 },
					{ "time": 3.5, "x": 0.27, "y": 1.38 },
					{ "time": 3.6666, "x": 0.55, "y": -2.75 },
					{ "time": 3.8333, "x": 0.49, "y": 0.82 },
					{ "time": 4, "x": 0, "y": 0 },
					{ "time": 4.1666, "x": 0.27, "y": 1.38 },
					{ "time": 4.3333, "x": 0.55, "y": -2.75 },
					{ "time": 4.5, "x": 0.49, "y": 0.82 },
					{ "time": 4.6666, "x": 2.09, "y": -0.91 },
					{ "time": 4.8333, "x": 0.27, "y": 1.38 },
					{ "time": 5, "x": 0.55, "y": -2.75 },
					{ "time": 5.1666, "x": 0.49, "y": 0.82 },
					{ "time": 5.3333, "x": 2.09, "y": -0.91 },
					{ "time": 5.5, "x": 0.27, "y": 1.38 },
					{ "time": 5.6666, "x": 0.55, "y": -2.75 },
					{ "time": 5.8333, "x": 0.49, "y": 0.82 },
					{ "time": 6, "x": 0, "y": 0 },
					{ "time": 6.1666, "x": 0.27, "y": 1.38 },
					{ "time": 6.3333, "x": 0.55, "y": -2.75 },
					{ "time": 6.5, "x": 0.49, "y": 0.82 },
					{ "time": 6.6666, "x": 2.09, "y": -0.91 },
					{ "time": 6.8333, "x": 0.27, "y": 1.38 },
					{ "time": 7, "x": 0.55, "y": -2.75 },
					{ "time": 7.1666, "x": 0.49, "y": 0.82 },
					{ "time": 7.3333, "x": 2.09, "y": -0.91 },
					{ "time": 7.5, "x": 0.27, "y": 1.38 },
					{ "time": 7.6666, "x": 0.55, "y": -2.75 },
					{ "time": 7.8333, "x": 0.49, "y": 0.82 },
					{ "time": 8, "x": 0, "y": 0 },
					{ "time": 8.1666, "x": 0.27, "y": 1.38 },
					{ "time": 8.3333, "x": 0.55, "y": -2.75 },
					{ "time": 8.5, "x": 0.49, "y": 0.82 },
					{ "time": 8.6666, "x": 2.09, "y": -0.91 },
					{ "time": 8.8333, "x": 0.27, "y": 1.38 },
					{ "time": 9, "x": 0.55, "y": -2.75 },
					{ "time": 9.1666, "x": 0.49, "y": 0.82 },
					{ "time": 9.3333, "x": 2.09, "y": -0.91 },
					{ "time": 9.5, "x": 0.27, "y": 1.38 },
					{ "time": 9.6666, "x": 0.55, "y": -2.75 },
					{ "time": 9.8333, "x": 0.49, "y": 0.82 },
					{ "time": 10, "x": 0, "y": 0 },
					{ "time": 10.1, "x": 0.27, "y": 1.38 },
					{ "time": 10.2, "x": 0.55, "y": -2.75 },
					{ "time": 10.3, "x": 0.49, "y": 0.82 },
					{ "time": 10.4, "x": 2.09, "y": -0.91 },
					{ "time": 10.5, "x": 0.27, "y": 1.38 },
					{ "time": 10.6, "x": 0.55, "y": -2.75 },
					{ "time": 10.7, "x": 0.49, "y": 0.82 },
					{ "time": 10.8, "x": 2.09, "y": -0.91 },
					{ "time": 10.9, "x": 0.27, "y": 1.38 },
					{ "time": 11, "x": 0.55, "y": -2.75 },
					{ "time": 11.1, "x": 0.27, "y": 1.38 },
					{ "time": 11.2, "x": 0.55, "y": -2.75 },
					{ "time": 11.3, "x": 0.49, "y": 0.82 },
					{ "time": 11.4, "x": 2.09, "y": -0.91 },
					{ "time": 11.5, "x": 0.27, "y": 1.38 },
					{ "time": 11.6, "x": 0.55, "y": -2.75 },
					{ "time": 11.7, "x": 0.49, "y": 0.82 },
					{ "time": 11.8, "x": 2.09, "y": -0.91 },
					{ "time": 11.9, "x": 0.27, "y": 1.38 },
					{ "time": 12, "x": 0.55, "y": -2.75 }
				],
				"scale": [
					{ "time": 0, "x": 1, "y": 1, "curve": "stepped" },
					{ "time": 2, "x": 1, "y": 1, "curve": "stepped" },
					{ "time": 4, "x": 1, "y": 1, "curve": "stepped" },
					{ "time": 6, "x": 1, "y": 1, "curve": "stepped" },
					{ "time": 8, "x": 1, "y": 1, "curve": "stepped" },
					{ "time": 10, "x": 1, "y": 1, "curve": "stepped" },
					{ "time": 12, "x": 1, "y": 1 }
				],
				"shear": [
					{ "time": 0, "x": 0, "y": 0, "curve": "stepped" },
					{ "time": 2, "x": 0, "y": 0, "curve": "stepped" },
					{ "time": 4, "x": 0, "y": 0, "curve": "stepped" },
					{ "time": 6, "x": 0, "y": 0, "curve": "stepped" },
					{ "time": 8, "x": 0, "y": 0, "curve": "stepped" },
					{ "time": 10, "x": 0, "y": 0, "curve": "stepped" },
					{ "time": 12, "x": 0, "y": 0 }
				]
			},
			"bone": {
				"rotate": [
					{ "time": 0, "angle": 0 },
					{ "time": 0.6666, "angle": 3.83 },
					{ "time": 1.3333, "angle": -1.27 },
					{ "time": 2, "angle": 0 },
					{ "time": 2.6666, "angle": 3.83 },
					{ "time": 3.3333, "angle": -1.27 },
					{ "time": 4, "angle": 0 },
					{ "time": 4.6666, "angle": 3.83 },
					{ "time": 5.3333, "angle": -1.27 },
					{ "time": 6, "angle": 0 },
					{ "time": 6.6666, "angle": 3.83 },
					{ "time": 7.3333, "angle": -1.27 },
					{ "time": 8, "angle": 0 },
					{ "time": 8.6666, "angle": 3.83 },
					{ "time": 9.3333, "angle": -1.27 },
					{ "time": 10.1666, "angle": 3.83 },
					{ "time": 10.3333, "angle": -1.27 },
					{ "time": 10.5, "angle": 3.83 },
					{ "time": 10.6666, "angle": -1.27 },
					{ "time": 10.8333, "angle": 3.83 },
					{ "time": 11, "angle": -1.27 },
					{ "time": 11.1666, "angle": 3.83 },
					{ "time": 11.3333, "angle": -1.27 },
					{ "time": 11.5, "angle": 3.83 },
					{ "time": 11.6666, "angle": -1.27 }
				],
				"translate": [
					{ "time": 0, "x": 0, "y": 0 },
					{ "time": 0.6666, "x": -4.11, "y": 0 },
					{ "time": 1.3333, "x": 0, "y": -1.02 },
					{ "time": 2, "x": 0, "y": 0 },
					{ "time": 2.6666, "x": -4.11, "y": 0 },
					{ "time": 3.3333, "x": 0, "y": -1.02 },
					{ "time": 4, "x": 0, "y": 0 },
					{ "time": 4.6666, "x": -4.11, "y": 0 },
					{ "time": 5.3333, "x": 0, "y": -1.02 },
					{ "time": 6, "x": 0, "y": 0 },
					{ "time": 6.6666, "x": -4.11, "y": 0 },
					{ "time": 7.3333, "x": 0, "y": -1.02 },
					{ "time": 8, "x": 0, "y": 0 },
					{ "time": 8.6666, "x": -4.11, "y": 0 },
					{ "time": 9.3333, "x": 0, "y": -1.02 },
					{ "time": 10, "x": 0, "y": 0 },
					{ "time": 10.1666, "x": -4.11, "y": 0 },
					{ "time": 10.3333, "x": 0, "y": -1.02 },
					{ "time": 10.5, "x": -4.11, "y": 0 },
					{ "time": 10.6666, "x": 0, "y": -1.02 },
					{ "time": 10.8333, "x": -4.11, "y": 0 },
					{ "time": 11, "x": 0, "y": -1.02 },
					{ "time": 11.1666, "x": -4.11, "y": 0 },
					{ "time": 11.3333, "x": 0, "y": -1.02 },
					{ "time": 11.5, "x": -4.11, "y": 0 },
					{ "time": 11.6666, "x": 0, "y": -1.02 },
					{ "time": 12, "x": 0, "y": 0 }
				],
				"scale": [
					{ "time": 0, "x": 1, "y": 1, "curve": "stepped" },
					{ "time": 2, "x": 1, "y": 1, "curve": "stepped" },
					{ "time": 4, "x": 1, "y": 1, "curve": "stepped" },
					{ "time": 6, "x": 1, "y": 1, "curve": "stepped" },
					{ "time": 8, "x": 1, "y": 1, "curve": "stepped" },
					{ "time": 10, "x": 1, "y": 1, "curve": "stepped" },
					{ "time": 12, "x": 1, "y": 1 }
				],
				"shear": [
					{ "time": 0, "x": 0, "y": 0, "curve": "stepped" },
					{ "time": 2, "x": 0, "y": 0, "curve": "stepped" },
					{ "time": 4, "x": 0, "y": 0, "curve": "stepped" },
					{ "time": 6, "x": 0, "y": 0, "curve": "stepped" },
					{ "time": 8, "x": 0, "y": 0, "curve": "stepped" },
					{ "time": 10, "x": 0, "y": 0, "curve": "stepped" },
					{ "time": 12, "x": 0, "y": 0 }
				]
			},
			"starts": {
				"rotate": [
					{ "time": 0, "angle": 0, "curve": "stepped" },
					{ "time": 2, "angle": 0, "curve": "stepped" },
					{ "time": 4, "angle": 0, "curve": "stepped" },
					{ "time": 6, "angle": 0, "curve": "stepped" },
					{ "time": 8, "angle": 0 }
				],
				"translate": [
					{ "time": 0, "x": 0, "y": 0, "curve": "stepped" },
					{ "time": 2, "x": 0, "y": 0, "curve": "stepped" },
					{ "time": 4, "x": 0, "y": 0, "curve": "stepped" },
					{ "time": 6, "x": 0, "y": 0, "curve": "stepped" },
					{ "time": 8, "x": 0, "y": 0, "curve": "stepped" },
					{ "time": 10, "x": 0, "y": 0, "curve": "stepped" },
					{ "time": 12, "x": 0, "y": 0 }
				],
				"scale": [
					{ "time": 0, "x": 1, "y": 1, "curve": "stepped" },
					{ "time": 2, "x": 1, "y": 1, "curve": "stepped" },
					{ "time": 4, "x": 1, "y": 1, "curve": "stepped" },
					{ "time": 6, "x": 1, "y": 1, "curve": "stepped" },
					{ "time": 8, "x": 1, "y": 1, "curve": "stepped" },
					{ "time": 10, "x": 1, "y": 1, "curve": "stepped" },
					{ "time": 12, "x": 1, "y": 1 }
				],
				"shear": [
					{ "time": 0, "x": 0, "y": 0, "curve": "stepped" },
					{ "time": 2, "x": 0, "y": 0, "curve": "stepped" },
					{ "time": 4, "x": 0, "y": 0, "curve": "stepped" },
					{ "time": 6, "x": 0, "y": 0, "curve": "stepped" },
					{ "time": 8, "x": 0, "y": 0, "curve": "stepped" },
					{ "time": 10, "x": 0, "y": 0, "curve": "stepped" },
					{ "time": 12, "x": 0, "y": 0 }
				]
			},
			"root": {
				"rotate": [
					{ "time": 0, "angle": 0, "curve": "stepped" },
					{ "time": 2, "angle": 0, "curve": "stepped" },
					{ "time": 4, "angle": 0, "curve": "stepped" },
					{ "time": 6, "angle": 0, "curve": "stepped" },
					{ "time": 8, "angle": 0, "curve": "stepped" },
					{ "time": 10.0333, "angle": 0 }
				],
				"translate": [
					{ "time": 0, "x": 0, "y": 0, "curve": "stepped" },
					{ "time": 2, "x": 0, "y": 0, "curve": "stepped" },
					{ "time": 4, "x": 0, "y": 0, "curve": "stepped" },
					{ "time": 6, "x": 0, "y": 0, "curve": "stepped" },
					{ "time": 8, "x": 0, "y": 0, "curve": "stepped" },
					{ "time": 10, "x": 0, "y": 0, "curve": "stepped" },
					{ "time": 10.0333, "x": 0, "y": 0, "curve": "stepped" },
					{ "time": 12, "x": 0, "y": 0 }
				],
				"scale": [
					{ "time": 0, "x": 1, "y": 1, "curve": "stepped" },
					{ "time": 2, "x": 1, "y": 1, "curve": "stepped" },
					{ "time": 4, "x": 1, "y": 1, "curve": "stepped" },
					{ "time": 6, "x": 1, "y": 1, "curve": "stepped" },
					{ "time": 8, "x": 1, "y": 1, "curve": "stepped" },
					{ "time": 10, "x": 1, "y": 1, "curve": "stepped" },
					{ "time": 10.0333, "x": 1, "y": 1, "curve": "stepped" },
					{ "time": 12, "x": 1, "y": 1 }
				],
				"shear": [
					{ "time": 0, "x": 0, "y": 0, "curve": "stepped" },
					{ "time": 2, "x": 0, "y": 0, "curve": "stepped" },
					{ "time": 4, "x": 0, "y": 0, "curve": "stepped" },
					{ "time": 6, "x": 0, "y": 0, "curve": "stepped" },
					{ "time": 8, "x": 0, "y": 0, "curve": "stepped" },
					{ "time": 10, "x": 0, "y": 0, "curve": "stepped" },
					{ "time": 10.0333, "x": 0, "y": 0, "curve": "stepped" },
					{ "time": 12, "x": 0, "y": 0 }
				]
			}
		}
	},
	"silent": {
		"slots": {
			".1": {
				"attachment": [
					{ "time": 0.1333, "name": ".1" }
				]
			},
			".4": {
				"attachment": [
					{ "time": 0.5333, "name": ".1" }
				]
			},
			".5": {
				"attachment": [
					{ "time": 0.9333, "name": ".1" }
				]
			},
			"good_idea": {
				"attachment": [
					{ "time": 0, "name": null }
				]
			},
			"good_idea_light": {
				"attachment": [
					{ "time": 0, "name": null }
				]
			}
		},
		"bones": {
			".3": {
				"rotate": [
					{ "time": 0, "angle": 0, "curve": "stepped" },
					{ "time": 1.4, "angle": 0 }
				],
				"translate": [
					{ "time": 0, "x": 0, "y": 0 },
					{ "time": 0.9333, "x": 0, "y": -9.42 },
					{ "time": 1.0666, "x": 0, "y": 9.2 },
					{ "time": 1.2, "x": 0, "y": -0.63 },
					{ "time": 1.4, "x": 0, "y": 0 }
				],
				"scale": [
					{ "time": 0, "x": 1, "y": 1, "curve": "stepped" },
					{ "time": 0.9333, "x": 1, "y": 1 },
					{ "time": 1.0666, "x": 1.107, "y": 1.107 },
					{ "time": 1.4, "x": 1, "y": 1 }
				],
				"shear": [
					{ "time": 0, "x": 0, "y": 0, "curve": "stepped" },
					{ "time": 1.4, "x": 0, "y": 0 }
				]
			},
			".2": {
				"rotate": [
					{ "time": 0, "angle": 0, "curve": "stepped" },
					{ "time": 1.4, "angle": 0 }
				],
				"translate": [
					{ "time": 0, "x": 0, "y": 0 },
					{ "time": 0.5333, "x": 0, "y": -9.97 },
					{ "time": 0.6666, "x": 0, "y": 9.36 },
					{ "time": 0.8, "x": 0, "y": 0.98 },
					{ "time": 1.4, "x": 0, "y": 0 }
				],
				"scale": [
					{ "time": 0, "x": 1, "y": 1, "curve": "stepped" },
					{ "time": 0.5333, "x": 1, "y": 1 },
					{ "time": 0.8, "x": 1.177, "y": 1.177 },
					{ "time": 1.4, "x": 1, "y": 1 }
				],
				"shear": [
					{ "time": 0, "x": 0, "y": 0, "curve": "stepped" },
					{ "time": 1.4, "x": 0, "y": 0 }
				]
			},
			"Expression": {
				"rotate": [
					{ "time": 1, "angle": 0 }
				],
				"translate": [
					{ "time": 1, "x": 0.71, "y": -1.2 }
				],
				"scale": [
					{ "time": 1, "x": 1, "y": 1 }
				],
				"shear": [
					{ "time": 1, "x": 0, "y": 0 }
				]
			},
			".1": {
				"rotate": [
					{ "time": 0, "angle": 0, "curve": "stepped" },
					{ "time": 1.4, "angle": 0 }
				],
				"translate": [
					{ "time": 0, "x": 0, "y": 0 },
					{ "time": 0.1333, "x": 0, "y": -5.54 },
					{ "time": 0.2666, "x": 0, "y": 7.05 },
					{ "time": 0.4, "x": 0, "y": 1.66 },
					{ "time": 1.4, "x": 0, "y": 0 }
				],
				"scale": [
					{ "time": 0, "x": 1, "y": 1, "curve": "stepped" },
					{ "time": 0.2333, "x": 1, "y": 1 },
					{ "time": 0.2666, "x": 1.167, "y": 1.167 },
					{ "time": 1.4, "x": 1, "y": 1 }
				],
				"shear": [
					{ "time": 0, "x": 0, "y": 0, "curve": "stepped" },
					{ "time": 1.4, "x": 0, "y": 0 }
				]
			},
			"starts": {
				"translate": [
					{ "time": 1, "x": 0, "y": 0 }
				],
				"scale": [
					{ "time": 1, "x": 1, "y": 1 }
				],
				"shear": [
					{ "time": 1, "x": 0, "y": 0 }
				]
			},
			"root": {
				"translate": [
					{ "time": 1, "x": 0, "y": 0 }
				],
				"scale": [
					{ "time": 1, "x": 1, "y": 1 }
				],
				"shear": [
					{ "time": 1, "x": 0, "y": 0 }
				]
			},
			"bone": {
				"rotate": [
					{ "time": 0, "angle": 0 }
				],
				"translate": [
					{ "time": 0, "x": 0, "y": 0, "curve": "stepped" },
					{ "time": 0.1333, "x": 0, "y": 0 },
					{ "time": 0.2333, "x": 0, "y": 3.42 },
					{ "time": 0.3333, "x": 0, "y": -6.76 },
					{ "time": 0.5333, "x": 0, "y": 0 },
					{ "time": 0.6333, "x": 0, "y": 3.42 },
					{ "time": 0.7333, "x": 0, "y": -6.76 },
					{ "time": 0.9333, "x": 0, "y": 0 },
					{ "time": 1.0333, "x": 0, "y": 3.42 },
					{ "time": 1.1333, "x": 0, "y": -6.76 },
					{ "time": 1.4, "x": 0, "y": 0 }
				],
				"scale": [
					{ "time": 0, "x": 1, "y": 1, "curve": "stepped" },
					{ "time": 1.4, "x": 1, "y": 1 }
				],
				"shear": [
					{ "time": 0, "x": 0, "y": 0, "curve": "stepped" },
					{ "time": 1.4, "x": 0, "y": 0 }
				]
			}
		}
	},
	"stop": {
		"slots": {
			"good_idea": {
				"attachment": [
					{ "time": 0, "name": null }
				]
			},
			"good_idea_light": {
				"attachment": [
					{ "time": 0, "name": null }
				]
			},
			"start1": {
				"attachment": [
					{ "time": 0, "name": "start1" },
					{ "time": 0.0333, "name": "start2" },
					{ "time": 0.0666, "name": "start3" },
					{ "time": 0.1, "name": "start4" }
				]
			},
			"stop": {
				"attachment": [
					{ "time": 0.1333, "name": "stop" }
				]
			}
		},
		"bones": {
			"starts": {
				"rotate": [
					{ "time": 0, "angle": 0 }
				],
				"translate": [
					{ "time": 0, "x": 0, "y": 0, "curve": "stepped" },
					{ "time": 1, "x": 0, "y": 0 }
				],
				"scale": [
					{ "time": 0, "x": 1, "y": 1, "curve": "stepped" },
					{ "time": 1, "x": 1, "y": 1 }
				],
				"shear": [
					{ "time": 0, "x": 0, "y": 0, "curve": "stepped" },
					{ "time": 1, "x": 0, "y": 0 }
				]
			},
			"root": {
				"rotate": [
					{ "time": 0, "angle": 0 }
				],
				"translate": [
					{ "time": 0, "x": 0, "y": 0, "curve": "stepped" },
					{ "time": 1, "x": 0, "y": 0 }
				],
				"scale": [
					{ "time": 0, "x": 1, "y": 1, "curve": "stepped" },
					{ "time": 1, "x": 1, "y": 1 }
				],
				"shear": [
					{ "time": 0, "x": 0, "y": 0, "curve": "stepped" },
					{ "time": 1, "x": 0, "y": 0 }
				]
			},
			"Expression": {
				"rotate": [
					{ "time": 0, "angle": 0, "curve": "stepped" },
					{ "time": 1, "angle": 0 }
				],
				"translate": [
					{ "time": 0, "x": 0, "y": 0 },
					{ "time": 1, "x": 0.71, "y": -1.2 }
				],
				"scale": [
					{ "time": 0, "x": 1, "y": 1 },
					{ "time": 0.1333, "x": 0.797, "y": 0.797 },
					{ "time": 0.2, "x": 1.33, "y": 1.33 },
					{ "time": 0.2666, "x": 1.295, "y": 1.295 },
					{ "time": 0.3, "x": 0.952, "y": 0.952 },
					{ "time": 1, "x": 1, "y": 1 }
				],
				"shear": [
					{ "time": 0, "x": 0, "y": 0, "curve": "stepped" },
					{ "time": 1, "x": 0, "y": 0 }
				]
			},
			"bone": {
				"rotate": [
					{ "time": 0, "angle": 0 },
					{ "time": 0.1, "angle": 8.41 },
					{ "time": 0.1333, "angle": -17.93 },
					{ "time": 0.3333, "angle": 0, "curve": "stepped" },
					{ "time": 1, "angle": 0 }
				],
				"translate": [
					{ "time": 0, "x": 0, "y": 0, "curve": "stepped" },
					{ "time": 1, "x": 0, "y": 0 }
				],
				"scale": [
					{ "time": 0, "x": 1, "y": 1, "curve": "stepped" },
					{ "time": 0.1333, "x": 1, "y": 1 },
					{ "time": 0.2, "x": 1.309, "y": 1.309 },
					{ "time": 0.2666, "x": 1, "y": 1, "curve": "stepped" },
					{ "time": 1, "x": 1, "y": 1 }
				],
				"shear": [
					{ "time": 0, "x": 0, "y": 0, "curve": "stepped" },
					{ "time": 1, "x": 0, "y": 0 }
				]
			}
		}
	},
	"surprise": {
		"slots": {
			"!!!": {
				"attachment": [
					{ "time": 0.1333, "name": "!!!" }
				]
			},
			"good_idea": {
				"attachment": [
					{ "time": 0, "name": null }
				]
			},
			"good_idea_light": {
				"attachment": [
					{ "time": 0, "name": null }
				]
			},
			"start1": {
				"attachment": [
					{ "time": 0, "name": "start1" },
					{ "time": 0.0333, "name": "start2" },
					{ "time": 0.0666, "name": "start3" },
					{ "time": 0.1, "name": "start4" }
				]
			}
		},
		"bones": {
			"root": {
				"rotate": [
					{ "time": 0, "angle": 0, "curve": "stepped" },
					{ "time": 2, "angle": 0 }
				],
				"translate": [
					{ "time": 0, "x": 0, "y": 0, "curve": "stepped" },
					{ "time": 0.6666, "x": 0, "y": 0, "curve": "stepped" },
					{ "time": 2, "x": 0, "y": 0 }
				],
				"scale": [
					{ "time": 0, "x": 1, "y": 1, "curve": "stepped" },
					{ "time": 0.6666, "x": 1, "y": 1, "curve": "stepped" },
					{ "time": 2, "x": 1, "y": 1 }
				],
				"shear": [
					{ "time": 0, "x": 0, "y": 0, "curve": "stepped" },
					{ "time": 0.6666, "x": 0, "y": 0, "curve": "stepped" },
					{ "time": 2, "x": 0, "y": 0 }
				]
			},
			"starts": {
				"rotate": [
					{ "time": 0, "angle": 0, "curve": "stepped" },
					{ "time": 2, "angle": 0 }
				],
				"translate": [
					{ "time": 0, "x": 0, "y": 0, "curve": "stepped" },
					{ "time": 0.6666, "x": 0, "y": 0, "curve": "stepped" },
					{ "time": 2, "x": 0, "y": 0 }
				],
				"scale": [
					{ "time": 0, "x": 1, "y": 1, "curve": "stepped" },
					{ "time": 0.6666, "x": 1, "y": 1, "curve": "stepped" },
					{ "time": 2, "x": 1, "y": 1 }
				],
				"shear": [
					{ "time": 0, "x": 0, "y": 0, "curve": "stepped" },
					{ "time": 0.6666, "x": 0, "y": 0, "curve": "stepped" },
					{ "time": 2, "x": 0, "y": 0 }
				]
			},
			"Expression": {
				"rotate": [
					{ "time": 0, "angle": 0, "curve": "stepped" },
					{ "time": 0.2, "angle": 0 },
					{ "time": 0.2666, "angle": -12.31 },
					{ "time": 0.3333, "angle": 9.39 },
					{ "time": 0.4, "angle": -12.31 },
					{ "time": 0.4666, "angle": 9.39 },
					{ "time": 0.5333, "angle": -12.31 },
					{ "time": 0.6, "angle": 9.39 },
					{ "time": 0.6666, "angle": 0, "curve": "stepped" },
					{ "time": 2, "angle": 0 }
				],
				"translate": [
					{ "time": 0, "x": 0, "y": 0 },
					{ "time": 0.1333, "x": 0.99, "y": -9.99 },
					{ "time": 0.2, "x": 0.96, "y": -1.62 },
					{ "time": 0.6666, "x": 0.71, "y": -1.2 },
					{ "time": 2, "x": 0, "y": 0 }
				],
				"scale": [
					{ "time": 0, "x": 1, "y": 1, "curve": "stepped" },
					{ "time": 0.6666, "x": 1, "y": 1, "curve": "stepped" },
					{ "time": 2, "x": 1, "y": 1 }
				],
				"shear": [
					{ "time": 0, "x": 0, "y": 0, "curve": "stepped" },
					{ "time": 0.6666, "x": 0, "y": 0, "curve": "stepped" },
					{ "time": 2, "x": 0, "y": 0 }
				]
			},
			"bone": {
				"rotate": [
					{ "time": 0, "angle": 0 },
					{ "time": 0.1333, "angle": -18.56 },
					{ "time": 0.1666, "angle": 12.62 },
					{ "time": 0.2, "angle": 0, "curve": "stepped" },
					{ "time": 2, "angle": 0 }
				],
				"translate": [
					{ "time": 0, "x": 0, "y": 0 },
					{ "time": 0.1333, "x": 3, "y": 6 },
					{ "time": 0.1666, "x": -6.21, "y": 8.57 },
					{ "time": 0.2, "x": 0, "y": 0, "curve": "stepped" },
					{ "time": 0.6666, "x": 0, "y": 0, "curve": "stepped" },
					{ "time": 2, "x": 0, "y": 0 }
				],
				"scale": [
					{ "time": 0, "x": 1, "y": 1, "curve": "stepped" },
					{ "time": 0.2, "x": 1, "y": 1, "curve": "stepped" },
					{ "time": 0.6666, "x": 1, "y": 1, "curve": "stepped" },
					{ "time": 2, "x": 1, "y": 1 }
				],
				"shear": [
					{ "time": 0, "x": 0, "y": 0, "curve": "stepped" },
					{ "time": 0.2, "x": 0, "y": 0, "curve": "stepped" },
					{ "time": 0.6666, "x": 0, "y": 0, "curve": "stepped" },
					{ "time": 2, "x": 0, "y": 0 }
				]
			}
		}
	},
	"sweat": {
		"slots": {
			"good_idea": {
				"attachment": [
					{ "time": 0, "name": null }
				]
			},
			"good_idea_light": {
				"attachment": [
					{ "time": 0, "name": null }
				]
			},
			"start1": {
				"attachment": [
					{ "time": 0, "name": "start1" },
					{ "time": 0.0333, "name": "start2" },
					{ "time": 0.0666, "name": "start3" },
					{ "time": 0.1, "name": "start4" }
				]
			},
			"sweat": {
				"attachment": [
					{ "time": 0.1333, "name": "sweat" }
				]
			}
		},
		"bones": {
			"root": {
				"rotate": [
					{ "time": 0, "angle": 0 }
				],
				"translate": [
					{ "time": 0, "x": 0, "y": 0, "curve": "stepped" },
					{ "time": 1.6666, "x": 0, "y": 0 }
				],
				"scale": [
					{ "time": 0, "x": 1, "y": 1, "curve": "stepped" },
					{ "time": 1.6666, "x": 1, "y": 1 }
				],
				"shear": [
					{ "time": 0, "x": 0, "y": 0, "curve": "stepped" },
					{ "time": 1.6666, "x": 0, "y": 0 }
				]
			},
			"bone": {
				"rotate": [
					{ "time": 0, "angle": 0 },
					{ "time": 1.3333, "angle": 7.81 },
					{ "time": 1.6666, "angle": 0 }
				],
				"translate": [
					{ "time": 0, "x": 0, "y": 0 },
					{ "time": 1.3333, "x": -3.57, "y": 0 },
					{ "time": 1.6666, "x": 0, "y": 0 }
				],
				"scale": [
					{ "time": 0, "x": 1, "y": 1, "curve": "stepped" },
					{ "time": 0.5, "x": 1, "y": 1, "curve": "stepped" },
					{ "time": 1.6666, "x": 1, "y": 1 }
				],
				"shear": [
					{ "time": 0, "x": 0, "y": 0, "curve": "stepped" },
					{ "time": 0.5, "x": 0, "y": 0, "curve": "stepped" },
					{ "time": 1.6666, "x": 0, "y": 0 }
				]
			},
			"Expression": {
				"rotate": [
					{ "time": 0, "angle": 0, "curve": "stepped" },
					{ "time": 1.6666, "angle": 0 }
				],
				"translate": [
					{ "time": 0, "x": 0, "y": 0 },
					{ "time": 0.1333, "x": -0.35, "y": 9.2 },
					{ "time": 0.3333, "x": -0.4, "y": 9.85 },
					{ "time": 1, "x": -1.68, "y": -7.08, "curve": "stepped" },
					{ "time": 1.6666, "x": -1.68, "y": -7.08 }
				],
				"scale": [
					{ "time": 0, "x": 1, "y": 1, "curve": "stepped" },
					{ "time": 1.6666, "x": 1, "y": 1 }
				],
				"shear": [
					{ "time": 0, "x": 0, "y": 0, "curve": "stepped" },
					{ "time": 1.6666, "x": 0, "y": 0 }
				]
			},
			"starts": {
				"rotate": [
					{ "time": 0, "angle": 0 }
				],
				"translate": [
					{ "time": 0, "x": 0, "y": 0, "curve": "stepped" },
					{ "time": 1.6666, "x": 0, "y": 0 }
				],
				"scale": [
					{ "time": 0, "x": 1, "y": 1, "curve": "stepped" },
					{ "time": 1.6666, "x": 1, "y": 1 }
				],
				"shear": [
					{ "time": 0, "x": 0, "y": 0, "curve": "stepped" },
					{ "time": 1.6666, "x": 0, "y": 0 }
				]
			}
		}
	},
	"wtf": {
		"slots": {
			"good_idea": {
				"attachment": [
					{ "time": 0, "name": null }
				]
			},
			"good_idea_light": {
				"attachment": [
					{ "time": 0, "name": null }
				]
			},
			"start1": {
				"attachment": [
					{ "time": 0, "name": "start1" },
					{ "time": 0.0333, "name": "start2" },
					{ "time": 0.0666, "name": "start3" },
					{ "time": 0.1, "name": "start4" }
				]
			},
			"surprise": {
				"attachment": [
					{ "time": 0.1333, "name": "surprise" }
				]
			}
		},
		"bones": {
			"Expression": {
				"rotate": [
					{ "time": 0, "angle": 0, "curve": "stepped" },
					{ "time": 0.2, "angle": 0 },
					{ "time": 0.2666, "angle": -12.31 },
					{ "time": 0.3333, "angle": 9.39 },
					{ "time": 0.4, "angle": -12.31 },
					{ "time": 0.4666, "angle": 9.39 },
					{ "time": 0.5333, "angle": -12.31 },
					{ "time": 0.6, "angle": 9.39 },
					{ "time": 0.6666, "angle": 0 }
				],
				"translate": [
					{ "time": 0, "x": 0, "y": 0 },
					{ "time": 0.1333, "x": 0.99, "y": -9.99 },
					{ "time": 0.2, "x": 0.96, "y": -1.62 },
					{ "time": 0.6666, "x": 0.71, "y": -1.2 }
				],
				"scale": [
					{ "time": 0, "x": 1, "y": 1, "curve": "stepped" },
					{ "time": 0.6666, "x": 1, "y": 1 }
				],
				"shear": [
					{ "time": 0, "x": 0, "y": 0, "curve": "stepped" },
					{ "time": 0.6666, "x": 0, "y": 0 }
				]
			},
			"bone": {
				"rotate": [
					{ "time": 0, "angle": 0 },
					{ "time": 0.1333, "angle": -18.56 },
					{ "time": 0.1666, "angle": 12.62 },
					{ "time": 0.2, "angle": 0 }
				],
				"translate": [
					{ "time": 0, "x": 0, "y": 0 },
					{ "time": 0.1333, "x": 3, "y": 6 },
					{ "time": 0.1666, "x": -6.21, "y": 8.57 },
					{ "time": 0.2, "x": 0, "y": 0, "curve": "stepped" },
					{ "time": 0.6666, "x": 0, "y": 0 }
				],
				"scale": [
					{ "time": 0, "x": 1, "y": 1, "curve": "stepped" },
					{ "time": 0.2, "x": 1, "y": 1, "curve": "stepped" },
					{ "time": 0.6666, "x": 1, "y": 1 }
				],
				"shear": [
					{ "time": 0, "x": 0, "y": 0, "curve": "stepped" },
					{ "time": 0.2, "x": 0, "y": 0, "curve": "stepped" },
					{ "time": 0.6666, "x": 0, "y": 0 }
				]
			},
			"starts": {
				"rotate": [
					{ "time": 0, "angle": 0 }
				],
				"translate": [
					{ "time": 0, "x": 0, "y": 0, "curve": "stepped" },
					{ "time": 0.6666, "x": 0, "y": 0 }
				],
				"scale": [
					{ "time": 0, "x": 1, "y": 1, "curve": "stepped" },
					{ "time": 0.6666, "x": 1, "y": 1 }
				],
				"shear": [
					{ "time": 0, "x": 0, "y": 0, "curve": "stepped" },
					{ "time": 0.6666, "x": 0, "y": 0 }
				]
			},
			"root": {
				"rotate": [
					{ "time": 0, "angle": 0 }
				],
				"translate": [
					{ "time": 0, "x": 0, "y": 0, "curve": "stepped" },
					{ "time": 0.6666, "x": 0, "y": 0 }
				],
				"scale": [
					{ "time": 0, "x": 1, "y": 1, "curve": "stepped" },
					{ "time": 0.6666, "x": 1, "y": 1 }
				],
				"shear": [
					{ "time": 0, "x": 0, "y": 0, "curve": "stepped" },
					{ "time": 0.6666, "x": 0, "y": 0 }
				]
			}
		}
	}
}
}