{
"skeleton": { "hash": "aUKdSVPa4dNAKLQMWTqvV+r6i2k", "spine": "2.1.27", "width": 1224, "height": 1443, "images": "" },
"bones": [
	{ "name": "BG_picture" },
	{ "name": "Submarine", "parent": "BG_picture" },
	{ "name": "Light_move", "parent": "Submarine", "length": 396.88, "rotation": -90 },
	{ "name": "Submarine_move", "parent": "Submarine", "y": -400 },
	{ "name": "Bubble_in", "parent": "Submarine_move" },
	{
		"name": "Seaweed_all",
		"parent": "Submarine_move",
		"length": 28.44,
		"x": -0.94,
		"y": -301.34,
		"scaleX": 0.6,
		"scaleY": 0.6,
		"rotation": 90
	},
	{
		"name": "Seaweed_all2",
		"parent": "Submarine_move",
		"length": 28.44,
		"x": -0.94,
		"y": -301.34,
		"scaleX": 0.6,
		"scaleY": 0.6,
		"rotation": 90
	},
	{
		"name": "Seaweed_all3",
		"parent": "Submarine_move",
		"length": 28.44,
		"x": -0.94,
		"y": -301.34,
		"scaleX": 0.6,
		"scaleY": 0.6,
		"rotation": 90
	},
	{ "name": "Seaweed_0", "parent": "Seaweed_all2", "length": 23.9, "x": 28.44, "rotation": -1.35 },
	{ "name": "Seaweed_00", "parent": "Seaweed_all", "length": 23.9, "x": 28.44, "rotation": -1.35 },
	{ "name": "Seaweed_12", "parent": "Seaweed_all3", "length": 23.9, "x": 28.44, "rotation": -1.35 },
	{ "name": "Seaweed_01", "parent": "Seaweed_00", "length": 21.62, "x": 24.47, "rotation": 0.9 },
	{ "name": "Seaweed_1", "parent": "Seaweed_0", "length": 21.62, "x": 24.47, "rotation": 0.9 },
	{ "name": "Seaweed_13", "parent": "Seaweed_12", "length": 21.62, "x": 24.47, "rotation": 0.9 },
	{ "name": "Seaweed_02", "parent": "Seaweed_01", "length": 22.19, "x": 21.62, "y": 0.16, "rotation": 1.8 },
	{ "name": "Seaweed_14", "parent": "Seaweed_13", "length": 22.19, "x": 21.62, "y": 0.16, "rotation": 1.8 },
	{ "name": "Seaweed_2", "parent": "Seaweed_1", "length": 22.19, "x": 21.62, "y": 0.16, "rotation": 1.8 },
	{ "name": "Seaweed_03", "parent": "Seaweed_02", "length": 23.32, "x": 22.75, "y": -0.53, "rotation": -0.9 },
	{ "name": "Seaweed_15", "parent": "Seaweed_14", "length": 23.32, "x": 22.75, "y": -0.53, "rotation": -0.9 },
	{ "name": "Seaweed_3", "parent": "Seaweed_2", "length": 23.32, "x": 22.75, "y": -0.53, "rotation": -0.9 },
	{ "name": "Seaweed_04", "parent": "Seaweed_03", "length": 22.76, "x": 23.89, "y": -0.18 },
	{ "name": "Seaweed_16", "parent": "Seaweed_15", "length": 22.76, "x": 23.89, "y": -0.18 },
	{ "name": "Seaweed_4", "parent": "Seaweed_3", "length": 22.76, "x": 23.89, "y": -0.18 },
	{ "name": "Seaweed_05", "parent": "Seaweed_04", "length": 23.33, "x": 23.32, "y": -0.18, "rotation": 0.9 },
	{ "name": "Seaweed_17", "parent": "Seaweed_16", "length": 23.33, "x": 23.32, "y": -0.18, "rotation": 0.9 },
	{ "name": "Seaweed_5", "parent": "Seaweed_4", "length": 23.33, "x": 23.32, "y": -0.18, "rotation": 0.9 },
	{ "name": "Seaweed_06", "parent": "Seaweed_05", "length": 22.19, "x": 23.33, "y": 0.01, "rotation": -2.7 },
	{ "name": "Seaweed_18", "parent": "Seaweed_17", "length": 22.19, "x": 23.33, "y": 0.01, "rotation": -2.7 },
	{ "name": "Seaweed_6", "parent": "Seaweed_5", "length": 22.19, "x": 23.33, "y": 0.01, "rotation": -2.7 },
	{ "name": "Seaweed_07", "parent": "Seaweed_06", "length": 21.06, "x": 21.64, "y": -0.62, "rotation": 2.7 },
	{ "name": "Seaweed_19", "parent": "Seaweed_18", "length": 21.06, "x": 21.64, "y": -0.62, "rotation": 2.7 },
	{ "name": "Seaweed_7", "parent": "Seaweed_6", "length": 21.06, "x": 21.64, "y": -0.62, "rotation": 2.7 },
	{ "name": "Seaweed_08", "parent": "Seaweed_07", "length": 23.39, "x": 22.72, "y": -1.67, "rotation": 2.7 },
	{ "name": "Seaweed_20", "parent": "Seaweed_19", "length": 23.39, "x": 22.72, "y": -1.67, "rotation": 2.7 },
	{ "name": "Seaweed_8", "parent": "Seaweed_7", "length": 23.39, "x": 22.72, "y": -1.67, "rotation": 2.7 },
	{ "name": "Seaweed_09", "parent": "Seaweed_08", "length": 18.81, "x": 21.6, "y": -0.96, "rotation": -0.45 },
	{ "name": "Seaweed_21", "parent": "Seaweed_20", "length": 18.81, "x": 21.6, "y": -0.96, "rotation": -0.45 },
	{ "name": "Seaweed_9", "parent": "Seaweed_8", "length": 18.81, "x": 21.6, "y": -0.96, "rotation": -0.45 },
	{ "name": "Seaweed_10", "parent": "Seaweed_09", "length": 19.92, "x": 19.34, "y": -0.65, "rotation": -1.8 },
	{ "name": "Seaweed_11", "parent": "Seaweed_9", "length": 19.92, "x": 19.34, "y": -0.65, "rotation": -1.8 },
	{ "name": "Seaweed_22", "parent": "Seaweed_21", "length": 19.92, "x": 19.34, "y": -0.65, "rotation": -1.8 }
],
"slots": [
	{ "name": "Submarine", "bone": "Submarine_move", "attachment": "Submarine_change" },
	{ "name": "Bubble_In", "bone": "Bubble_in", "attachment": "Bubble_In_0060" },
	{ "name": "Seaweed_00", "bone": "Seaweed_10", "color": "2b4061ff", "attachment": "Seaweed_00" },
	{ "name": "Seaweed_1", "bone": "Seaweed_22", "color": "2b4061ff", "attachment": "Seaweed_00" },
	{ "name": "Seaweed_0", "bone": "Seaweed_11", "color": "2b4061ff", "attachment": "Seaweed_00" },
	{ "name": "Light_change", "bone": "Light_move", "attachment": "Light_change" }
],
"skins": {
	"default": {
		"Bubble_In": {
			"Bubble_In_0001": { "width": 1024, "height": 576 },
			"Bubble_In_0002": { "width": 1024, "height": 576 },
			"Bubble_In_0003": { "width": 1024, "height": 576 },
			"Bubble_In_0004": { "width": 1024, "height": 576 },
			"Bubble_In_0005": { "width": 1024, "height": 576 },
			"Bubble_In_0006": { "width": 1024, "height": 576 },
			"Bubble_In_0007": { "width": 1024, "height": 576 },
			"Bubble_In_0008": { "width": 1024, "height": 576 },
			"Bubble_In_0009": { "width": 1024, "height": 576 },
			"Bubble_In_0010": { "width": 1024, "height": 576 },
			"Bubble_In_0011": { "width": 1024, "height": 576 },
			"Bubble_In_0012": { "width": 1024, "height": 576 },
			"Bubble_In_0013": { "width": 1024, "height": 576 },
			"Bubble_In_0014": { "width": 1024, "height": 576 },
			"Bubble_In_0015": { "width": 1024, "height": 576 },
			"Bubble_In_0016": { "width": 1024, "height": 576 },
			"Bubble_In_0017": { "width": 1024, "height": 576 },
			"Bubble_In_0018": { "width": 1024, "height": 576 },
			"Bubble_In_0019": { "width": 1024, "height": 576 },
			"Bubble_In_0020": { "width": 1024, "height": 576 },
			"Bubble_In_0021": { "width": 1024, "height": 576 },
			"Bubble_In_0022": { "width": 1024, "height": 576 },
			"Bubble_In_0023": { "width": 1024, "height": 576 },
			"Bubble_In_0024": { "width": 1024, "height": 576 },
			"Bubble_In_0025": { "width": 1024, "height": 576 },
			"Bubble_In_0026": { "width": 1024, "height": 576 },
			"Bubble_In_0027": { "width": 1024, "height": 576 },
			"Bubble_In_0028": { "width": 1024, "height": 576 },
			"Bubble_In_0029": { "width": 1024, "height": 576 },
			"Bubble_In_0030": { "width": 1024, "height": 576 },
			"Bubble_In_0031": { "width": 1024, "height": 576 },
			"Bubble_In_0032": { "width": 1024, "height": 576 },
			"Bubble_In_0033": { "width": 1024, "height": 576 },
			"Bubble_In_0034": { "width": 1024, "height": 576 },
			"Bubble_In_0035": { "width": 1024, "height": 576 },
			"Bubble_In_0036": { "width": 1024, "height": 576 },
			"Bubble_In_0037": { "width": 1024, "height": 576 },
			"Bubble_In_0038": { "width": 1024, "height": 576 },
			"Bubble_In_0039": { "width": 1024, "height": 576 },
			"Bubble_In_0040": { "width": 1024, "height": 576 },
			"Bubble_In_0041": { "width": 1024, "height": 576 },
			"Bubble_In_0042": { "width": 1024, "height": 576 },
			"Bubble_In_0043": { "width": 1024, "height": 576 },
			"Bubble_In_0044": { "width": 1024, "height": 576 },
			"Bubble_In_0045": { "width": 1024, "height": 576 },
			"Bubble_In_0046": { "width": 1024, "height": 576 },
			"Bubble_In_0047": { "width": 1024, "height": 576 },
			"Bubble_In_0048": { "width": 1024, "height": 576 },
			"Bubble_In_0049": { "width": 1024, "height": 576 },
			"Bubble_In_0050": { "width": 1024, "height": 576 },
			"Bubble_In_0051": { "width": 1024, "height": 576 },
			"Bubble_In_0052": { "width": 1024, "height": 576 },
			"Bubble_In_0053": { "width": 1024, "height": 576 },
			"Bubble_In_0054": { "width": 1024, "height": 576 },
			"Bubble_In_0055": { "width": 1024, "height": 576 },
			"Bubble_In_0056": { "width": 1024, "height": 576 },
			"Bubble_In_0057": { "width": 1024, "height": 576 },
			"Bubble_In_0058": { "width": 1024, "height": 576 },
			"Bubble_In_0059": { "width": 1024, "height": 576 },
			"Bubble_In_0060": { "width": 1024, "height": 576 }
		},
		"Seaweed_0": {
			"Seaweed_00": {
				"type": "skinnedmesh",
				"uvs": [ 1, 0.06864, 1, 0.12886, 1, 0.19116, 1, 0.25346, 1, 0.31784, 1, 0.37183, 1, 0.4279, 1, 0.48812, 1, 0.55458, 1, 0.61687, 1, 0.6771, 1, 0.73524, 1, 0.80377, 1, 0.85776, 1, 0.93045, 1, 1, 0.50319, 1, 0, 1, 0, 0.93875, 0, 0.85984, 0, 0.80793, 0, 0.73524, 0, 0.67502, 0, 0.6148, 0, 0.55873, 0, 0.49851, 0, 0.42998, 0, 0.38221, 0, 0.32199, 0, 0.25554, 0, 0.19116, 0, 0.12886, 0, 0.07279, 0, 0, 0.51267, 0, 1, 0, 0.50319, 0.07487, 0.50319, 0.13717, 0.49371, 0.19739, 0.49371, 0.26177, 0.49371, 0.31991, 0.50319, 0.38014, 0.49371, 0.43413, 0.49371, 0.49851, 0.49371, 0.56288, 0.49371, 0.62103, 0.49371, 0.68333, 0.49371, 0.74147, 0.50319, 0.80793, 0.49371, 0.86815, 0.49371, 0.94083 ],
				"triangles": [ 34, 35, 0, 36, 32, 33, 34, 36, 33, 36, 34, 0, 31, 32, 36, 36, 0, 1, 37, 36, 1, 31, 36, 37, 38, 30, 31, 37, 1, 2, 37, 38, 31, 38, 37, 2, 3, 38, 2, 29, 30, 38, 39, 38, 3, 29, 38, 39, 39, 3, 4, 39, 28, 29, 40, 39, 4, 40, 28, 39, 41, 40, 4, 5, 41, 4, 27, 28, 40, 41, 5, 6, 27, 42, 26, 40, 42, 27, 40, 41, 42, 42, 41, 6, 7, 42, 6, 43, 42, 7, 25, 26, 42, 43, 25, 42, 43, 7, 8, 24, 25, 43, 44, 43, 8, 24, 43, 44, 23, 24, 44, 44, 8, 9, 45, 44, 9, 23, 44, 45, 22, 23, 45, 45, 9, 10, 46, 45, 10, 22, 45, 46, 21, 22, 46, 46, 10, 11, 47, 46, 11, 21, 46, 47, 48, 47, 11, 20, 21, 47, 12, 48, 11, 48, 12, 13, 20, 49, 19, 47, 49, 20, 47, 48, 49, 49, 48, 13, 14, 49, 13, 18, 19, 49, 50, 49, 14, 18, 49, 50, 17, 18, 50, 16, 50, 14, 17, 50, 16, 16, 14, 15 ],
				"vertices": [ 6, 8, 226.55, -25.61, 0, 19, 156.8, -31.61, 0, 25, 109.06, -32.95, 0, 34, 39.97, -31.57, 0.09335, 37, 18.59, -30.47, 0.40041, 39, 0.19, -29.82, 0.50623, 8, 8, 210.06, -25.99, 0, 16, 162.54, -34.22, 0, 19, 140.29, -31.48, 0, 28, 70.69, -29.28, 0.0011, 31, 47.64, -30.94, 0.07083, 34, 23.51, -30.4, 0.36689, 37, 2.13, -29.43, 0.36254, 39, -16.29, -29.3, 0.19861, 8, 8, 192.99, -26.4, 0, 16, 145.47, -33.81, 0, 25, 75.5, -32.16, 2.6E-4, 28, 53.63, -29.68, 0.02167, 31, 30.58, -30.53, 0.23882, 34, 6.48, -29.2, 0.54031, 37, -14.9, -28.35, 0.1933, 39, -33.34999, -28.76, 0.0056, 8, 8, 175.93, -26.8, 0, 16, 128.41, -33.41, 1.0E-5, 19, 106.16, -31.21, 0, 25, 58.44, -31.76, 0.01971, 28, 36.56, -30.09, 0.17712, 31, 13.51, -30.13, 0.48528, 34, -10.54, -27.99, 0.28268, 37, -31.94, -27.28, 0.03515, 9, 6, 186.06, -30.94, 0, 8, 158.29, -27.22, 0, 16, 110.77, -32.99, 3.0E-5, 22, 64.62, -30.88, 0.00235, 25, 40.8, -31.34, 0.13867, 28, 18.93, -30.5, 0.48072, 31, -4.11, -29.71, 0.32844, 34, -28.13, -26.74, 0.04967, 37, -49.54, -26.16, 8.0E-5, 8, 6, 171.26, -30.94, 0, 8, 143.5, -27.56, 0, 16, 95.98, -32.65, 5.0E-5, 22, 49.83, -30.77, 0.043, 25, 26.01, -30.99, 0.36937, 28, 4.14, -30.85, 0.49398, 31, -18.9, -29.37, 0.09204, 34, -42.89, -25.7, 0.00153, 7, 6, 155.9, -30.94, 0, 8, 128.15, -27.93, 0, 19, 58.36, -30.83, 0.01382, 22, 34.46, -30.64, 0.22035, 25, 10.66, -30.63, 0.52688, 28, -11.21, -31.21, 0.2344, 31, -34.25999, -29, 0.00452, 8, 6, 139.4, -30.94, 1.0E-5, 8, 111.65, -28.32, 0, 16, 64.12999, -31.89, 0.0011, 19, 41.86, -30.7, 0.12354, 22, 17.95999, -30.51, 0.485, 25, -5.83, -30.24, 0.35389, 28, -27.71, -31.6, 0.03642, 34, -74.67, -23.44, 0, 9, 6, 121.19, -30.94, 5.0E-5, 8, 93.45, -28.75, 0, 12, 68.51, -29.83, 0.00151, 16, 45.92, -31.46, 0.0542, 19, 23.65, -30.56, 0.43809, 22, -0.23, -30.37, 0.41986, 25, -24.03, -29.81, 0.08604, 31, -68.96, -28.18, 2.3E-4, 34, -92.83, -22.16, 0, 8, 6, 104.12, -30.94, 1.0E-4, 12, 51.44, -29.97, 0.04306, 16, 28.86, -31.06, 0.26758, 19, 6.58, -30.43, 0.54013, 22, -17.29999, -30.24, 0.14419, 25, -41.09999, -29.41, 0.00476, 31, -86.02, -27.78, 1.2E-4, 34, -109.86, -20.95, 0, 9, 6, 87.62, -30.94, 1.8E-4, 8, 59.88, -29.54, 0.00494, 12, 34.93999, -30.1, 0.22246, 16, 12.36, -30.67, 0.49449, 19, -9.91, -30.3, 0.25909, 22, -33.8, -30.11, 0.01877, 31, -102.52, -27.39, 4.0E-5, 34, -126.32, -19.78, 0, 37, -147.78, -19.95999, 0, 8, 8, 43.96, -29.91, 0.10213, 12, 19.01, -30.22, 0.50015, 16, -3.56, -30.3, 0.34018, 19, -25.84, -30.17, 0.0575, 25, -73.51999, -28.65, 1.0E-5, 31, -118.45, -27.02, 1.0E-5, 34, -142.21, -18.66, 0, 37, -163.68, -18.95, 0, 9, 6, 52.91, -30.94, 0.04726, 8, 25.19, -30.36, 0.41873, 12, 0.23, -30.37, 0.46463, 16, -22.33, -29.85, 0.06894, 19, -44.61, -30.02, 4.0E-4, 25, -92.29, -28.2, 0, 31, -137.22, -26.57, 0, 34, -160.94, -17.33, 0, 37, -182.42, -17.77, 0, 7, 6, 38.12, -30.94, 0.24492, 8, 10.39999, -30.7, 0.56052, 12, -14.55, -30.49, 0.19025, 16, -37.12, -29.51, 0.00428, 25, -107.08, -27.85, 0, 31, -152.01, -26.23, 0, 37, -197.18, -16.84, 0, 5, 6, 18.2, -30.94, 0.67146, 8, -9.5, -31.17, 0.29709, 12, -34.46, -30.64, 0.03144, 25, -126.99, -27.39, 0, 37, -217.06, -15.58, 0, 4, 6, -0.84, -30.94, 0.89928, 8, -28.56, -31.62, 0.10061, 16, -76.08, -28.59, 9.0E-5, 37, -236.08, -14.38, 0, 5, 6, -0.84, -1.13, 0.99999, 12, -53.75, -0.99, 0, 16, -75.37, 1.2, 0, 31, -190.27, 4.48, 0, 37, -234.2, 15.36, 0, 5, 6, -0.84, 29.05, 0.95033, 8, -29.97, 28.35, 0.04966, 16, -74.66, 31.39, 0, 25, -144.63, 33.04, 0, 34, -210.33, 46.31, 0, 6, 6, 15.93, 29.05, 0.8011, 8, -13.19, 28.75, 0.19267, 12, -37.21, 29.33, 0.00621, 25, -127.85, 32.64, 0, 31, -172.78, 34.27, 0, 34, -193.59, 45.12, 0, 7, 6, 37.55, 29.05, 0.27379, 8, 8.41, 29.26, 0.55241, 12, -15.59, 29.5, 0.16677, 16, -36.27, 30.48, 0.00699, 25, -106.24, 32.13, 1.0E-5, 31, -151.16, 33.75999, 0, 34, -172.03, 43.6, 0, 6, 6, 51.77, 29.05, 0.05582, 8, 22.63, 29.59, 0.44415, 12, -1.37, 29.61, 0.42181, 16, -22.05, 30.15, 0.07816, 25, -92.02, 31.8, 2.0E-5, 34, -157.84, 42.59, 0, 7, 8, 42.54, 30.06, 0.09229, 12, 18.54, 29.76, 0.46778, 16, -2.14, 29.68, 0.3934, 19, -25.37, 29.82, 0.04644, 25, -72.11, 31.33, 5.0E-5, 31, -117.03, 32.96, 0, 34, -137.97, 41.18, 0, 9, 8, 59.04, 30.45, 0.00377, 12, 35.04, 29.89, 0.18579, 16, 14.35, 29.29, 0.50837, 19, -8.87, 29.69, 0.29833, 22, -32.75999, 29.88, 0.00368, 25, -55.61, 30.94, 3.0E-5, 31, -100.54, 32.57, 0, 34, -121.51, 40.02, 0, 37, -143.43, 39.88, 0, 9, 6, 104.69, 29.05, 0, 12, 51.54, 30.02, 0.0265, 16, 30.84, 28.9, 0.256, 19, 7.62, 29.56, 0.58751, 22, -16.26, 29.75, 0.12873, 25, -39.12, 30.55, 0.00123, 31, -84.04, 32.18, 0, 34, -105.05, 38.84999, 0, 37, -126.96, 38.84, 0, 7, 8, 90.89, 31.2, 1.4E-4, 16, 46.2, 28.54, 0.04409, 19, 22.99, 29.44, 0.49076, 22, -0.9, 29.63, 0.41142, 25, -23.76, 30.19, 0.05355, 34, -89.73, 37.75999, 0, 37, -111.63, 37.87, 1.0E-5, 8, 8, 107.39, 31.59, 8.0E-5, 16, 62.7, 28.15, 2.8E-4, 19, 39.49, 29.31, 0.15396, 22, 15.59, 29.5, 0.52968, 25, -7.26, 29.8, 0.28897, 28, -31.97, 28.3, 0.02697, 34, -73.26999, 36.59999, 0, 37, -95.16, 36.83, 3.0E-5, 7, 8, 126.16, 32.03, 2.0E-5, 19, 58.26, 29.16, 0.00911, 22, 34.37, 29.35, 0.21898, 25, 11.5, 29.35, 0.53308, 28, -13.19, 28.75, 0.23381, 31, -33.41, 30.98, 0.0049, 37, -76.42, 35.64, 6.0E-5, 7, 8, 139.24, 32.34, 1.0E-5, 22, 47.45, 29.25, 0.0534, 25, 24.58, 29.05, 0.38964, 28, -0.11, 29.05, 0.48727, 31, -20.33, 30.67, 0.06724, 34, -41.48, 34.34, 0.00232, 37, -63.36, 34.82, 9.0E-5, 6, 8, 155.74, 32.73, 0, 19, 87.85, 28.93, 5.0E-5, 25, 41.08, 28.66, 0.09654, 28, 16.37999, 29.44, 0.53248, 31, -3.83, 30.29, 0.30994, 34, -25.02, 33.18, 0.06097, 7, 8, 173.94, 33.16, 0, 19, 106.06, 28.78, 3.0E-5, 25, 59.28, 28.23, 0.00379, 28, 34.58, 29.87, 0.18479, 31, 14.36, 29.86, 0.47972, 34, -6.86, 31.89, 0.31316, 37, -28.72, 32.63, 0.01846, 6, 19, 123.7, 28.65, 1.0E-5, 28, 52.21, 30.29, 0.01971, 31, 31.99, 29.44, 0.24774, 34, 10.72, 30.64, 0.56976, 37, -11.12, 31.52, 0.15234, 39, -31.46, 31.2, 0.01039, 7, 8, 208.64, 33.98, 0, 19, 140.77, 28.51, 0, 25, 93.98, 27.41, 0, 31, 49.06, 29.04, 0.05598, 34, 27.75, 29.44, 0.39066, 37, 5.91, 30.44, 0.40051, 39, -14.4, 30.66, 0.15282, 7, 8, 224, 34.34, 0, 19, 156.13, 28.39, 0, 25, 109.34, 27.05, 0, 31, 64.42, 28.68, 0.00402, 34, 43.08, 28.35, 0.1056, 37, 21.24, 29.47, 0.35308, 39, 0.95, 30.17, 0.53727, 6, 8, 243.94, 34.81, 0, 19, 176.08, 28.23, 0, 25, 129.28, 26.58, 0, 28, 104.58, 31.52, 0, 37, 41.15, 28.22, 0.10828, 39, 20.89, 29.54, 0.89171, 5, 8, 244.67, 4.06, 0, 25, 128.56, -4.17, 0, 28, 105.3, 0.77, 0, 34, 60.8, -3.73, 0, 39, 19.91, -1.19, 0.99999, 7, 8, 245.36, -25.16, 0, 19, 175.6, -31.75, 0, 25, 127.87, -33.4, 1.0E-5, 28, 105.99, -28.45, 9.6E-4, 34, 58.73, -32.9, 0.00402, 37, 37.37, -31.65, 0.23669, 39, 18.99, -30.42, 0.7583, 2, 37, 18.77, -0.61, 0.5, 39, -0.56, 0.01, 0.5, 2, 34, 23.35, -0.51, 0.5, 37, 1.73, 0.46, 0.5, 1, 34, 6.93, 1.22, 1, 1, 31, 11.95, 0.28, 1, 3, 16, 110.92, -2.60999, 0, 28, 17.64, -0.15, 0.79808, 31, -3.96, 0.66, 0.20191, 2, 25, 24.44, -1.14, 0.5, 28, 1.16, -1.11, 0.5, 1, 25, 9.67, -0.22, 1, 5, 6, 136.55, -0.56, 0, 22, 15.36, -0.12, 0.75341, 25, -7.96, 0.18, 0.24657, 31, -52.88, 1.81, 0, 34, -75.36, 7.05, 0, 2, 19, 21.62, -0.16, 0.5, 22, -2.27, 0.01, 0.5, 5, 6, 102.98, -0.56, 0, 16, 28.44, -0.67, 0.27324, 19, 5.68, -0.04, 0.72675, 31, -86.45, 2.59999, 0, 34, -108.85, 9.42, 0, 1, 16, 11.37, -0.26, 1, 5, 12, 17.06, 0.13, 0.77295, 16, -4.55, 0.1, 0.22704, 31, -119.44, 3.38, 0, 34, -141.77, 11.75, 0, 37, -163.47, 11.46, 0, 2, 8, 23.34, -0.58, 0.5, 12, -1.13, -0.57, 0.5, 1, 8, 6.83, -0.4, 1, 1, 6, 15.36, -0.56, 1 ],
				"hull": 36,
				"edges": [ 66, 68, 68, 70, 0, 70, 0, 2, 2, 4, 4, 6, 6, 8, 8, 10, 10, 12, 12, 14, 14, 16, 16, 18, 18, 20, 20, 22, 22, 24, 24, 26, 26, 28, 28, 30, 64, 66, 62, 64, 60, 62, 58, 60, 56, 58, 54, 56, 52, 54, 50, 52, 48, 50, 46, 48, 44, 46, 42, 44, 40, 42, 38, 40, 34, 36, 36, 38, 68, 72, 72, 74, 74, 76, 76, 78, 78, 80, 80, 82, 82, 84, 84, 86, 86, 88, 88, 90, 90, 92, 92, 94, 94, 96, 96, 98, 98, 100, 30, 32, 32, 34, 100, 32 ],
				"width": 60,
				"height": 274
			}
		},
		"Seaweed_00": {
			"Seaweed_00": {
				"type": "skinnedmesh",
				"uvs": [ 1, 0.06864, 1, 0.12886, 1, 0.19116, 1, 0.25346, 1, 0.31784, 1, 0.37183, 1, 0.4279, 1, 0.48812, 1, 0.55458, 1, 0.61687, 1, 0.6771, 1, 0.73524, 1, 0.80377, 1, 0.85776, 1, 0.93045, 1, 1, 0.50319, 1, 0, 1, 0, 0.93875, 0, 0.85984, 0, 0.80793, 0, 0.73524, 0, 0.67502, 0, 0.6148, 0, 0.55873, 0, 0.49851, 0, 0.42998, 0, 0.38221, 0, 0.32199, 0, 0.25554, 0, 0.19116, 0, 0.12886, 0, 0.07279, 0, 0, 0.51267, 0, 1, 0, 0.50319, 0.07487, 0.50319, 0.13717, 0.49371, 0.19739, 0.49371, 0.26177, 0.49371, 0.31991, 0.50319, 0.38014, 0.49371, 0.43413, 0.49371, 0.49851, 0.49371, 0.56288, 0.49371, 0.62103, 0.49371, 0.68333, 0.49371, 0.74147, 0.50319, 0.80793, 0.49371, 0.86815, 0.49371, 0.94083 ],
				"triangles": [ 34, 35, 0, 36, 32, 33, 34, 36, 33, 36, 34, 0, 31, 32, 36, 36, 0, 1, 37, 36, 1, 31, 36, 37, 38, 30, 31, 37, 1, 2, 37, 38, 31, 38, 37, 2, 3, 38, 2, 29, 30, 38, 39, 38, 3, 29, 38, 39, 39, 3, 4, 39, 28, 29, 40, 39, 4, 40, 28, 39, 41, 40, 4, 5, 41, 4, 27, 28, 40, 41, 5, 6, 27, 42, 26, 40, 42, 27, 40, 41, 42, 42, 41, 6, 7, 42, 6, 43, 42, 7, 25, 26, 42, 43, 25, 42, 43, 7, 8, 24, 25, 43, 44, 43, 8, 24, 43, 44, 23, 24, 44, 44, 8, 9, 45, 44, 9, 23, 44, 45, 22, 23, 45, 45, 9, 10, 46, 45, 10, 22, 45, 46, 21, 22, 46, 46, 10, 11, 47, 46, 11, 21, 46, 47, 48, 47, 11, 20, 21, 47, 12, 48, 11, 48, 12, 13, 20, 49, 19, 47, 49, 20, 47, 48, 49, 49, 48, 13, 14, 49, 13, 18, 19, 49, 50, 49, 14, 18, 49, 50, 17, 18, 50, 16, 50, 14, 17, 50, 16, 16, 14, 15 ],
				"vertices": [ 6, 9, 226.55, -25.61, 0, 17, 156.8, -31.61, 0, 23, 109.06, -32.95, 0, 32, 39.97, -31.57, 0.09335, 35, 18.59, -30.47, 0.40041, 38, 0.19, -29.82, 0.50623, 8, 9, 210.06, -25.99, 0, 14, 162.54, -34.22, 0, 17, 140.29, -31.48, 0, 26, 70.69, -29.28, 0.0011, 29, 47.64, -30.94, 0.07083, 32, 23.51, -30.4, 0.36689, 35, 2.13, -29.43, 0.36254, 38, -16.29, -29.3, 0.19861, 8, 9, 192.99, -26.4, 0, 14, 145.47, -33.81, 0, 23, 75.5, -32.16, 2.6E-4, 26, 53.63, -29.68, 0.02167, 29, 30.58, -30.53, 0.23882, 32, 6.48, -29.2, 0.54031, 35, -14.9, -28.35, 0.1933, 38, -33.34999, -28.76, 0.0056, 8, 9, 175.93, -26.8, 0, 14, 128.41, -33.41, 1.0E-5, 17, 106.16, -31.21, 0, 23, 58.44, -31.76, 0.01971, 26, 36.56, -30.09, 0.17712, 29, 13.51, -30.13, 0.48528, 32, -10.54, -27.99, 0.28268, 35, -31.94, -27.28, 0.03515, 9, 5, 186.06, -30.94, 0, 9, 158.29, -27.22, 0, 14, 110.77, -32.99, 3.0E-5, 20, 64.62, -30.88, 0.00235, 23, 40.8, -31.34, 0.13867, 26, 18.93, -30.5, 0.48072, 29, -4.11, -29.71, 0.32844, 32, -28.13, -26.74, 0.04967, 35, -49.54, -26.16, 8.0E-5, 8, 5, 171.26, -30.94, 0, 9, 143.5, -27.56, 0, 14, 95.98, -32.65, 5.0E-5, 20, 49.83, -30.77, 0.043, 23, 26.01, -30.99, 0.36937, 26, 4.14, -30.85, 0.49398, 29, -18.9, -29.37, 0.09204, 32, -42.89, -25.7, 0.00153, 7, 5, 155.9, -30.94, 0, 9, 128.15, -27.93, 0, 17, 58.36, -30.83, 0.01382, 20, 34.46, -30.64, 0.22035, 23, 10.66, -30.63, 0.52688, 26, -11.21, -31.21, 0.2344, 29, -34.25999, -29, 0.00452, 8, 5, 139.4, -30.94, 1.0E-5, 9, 111.65, -28.32, 0, 14, 64.12999, -31.89, 0.0011, 17, 41.86, -30.7, 0.12354, 20, 17.95999, -30.51, 0.485, 23, -5.83, -30.24, 0.35389, 26, -27.71, -31.6, 0.03642, 32, -74.67, -23.44, 0, 9, 5, 121.19, -30.94, 5.0E-5, 9, 93.45, -28.75, 0, 11, 68.51, -29.83, 0.00151, 14, 45.92, -31.46, 0.0542, 17, 23.65, -30.56, 0.43809, 20, -0.23, -30.37, 0.41986, 23, -24.03, -29.81, 0.08604, 29, -68.96, -28.18, 2.3E-4, 32, -92.83, -22.16, 0, 8, 5, 104.12, -30.94, 1.0E-4, 11, 51.44, -29.97, 0.04306, 14, 28.86, -31.06, 0.26758, 17, 6.58, -30.43, 0.54013, 20, -17.29999, -30.24, 0.14419, 23, -41.09999, -29.41, 0.00476, 29, -86.02, -27.78, 1.2E-4, 32, -109.86, -20.95, 0, 9, 5, 87.62, -30.94, 1.8E-4, 9, 59.88, -29.54, 0.00494, 11, 34.93999, -30.1, 0.22246, 14, 12.36, -30.67, 0.49449, 17, -9.91, -30.3, 0.25909, 20, -33.8, -30.11, 0.01877, 29, -102.52, -27.39, 4.0E-5, 32, -126.32, -19.78, 0, 35, -147.78, -19.95999, 0, 8, 9, 43.96, -29.91, 0.10213, 11, 19.01, -30.22, 0.50015, 14, -3.56, -30.3, 0.34018, 17, -25.84, -30.17, 0.0575, 23, -73.51999, -28.65, 1.0E-5, 29, -118.45, -27.02, 1.0E-5, 32, -142.21, -18.66, 0, 35, -163.68, -18.95, 0, 9, 5, 52.91, -30.94, 0.04726, 9, 25.19, -30.36, 0.41873, 11, 0.23, -30.37, 0.46463, 14, -22.33, -29.85, 0.06894, 17, -44.61, -30.02, 4.0E-4, 23, -92.29, -28.2, 0, 29, -137.22, -26.57, 0, 32, -160.94, -17.33, 0, 35, -182.42, -17.77, 0, 7, 5, 38.12, -30.94, 0.24492, 9, 10.39999, -30.7, 0.56052, 11, -14.55, -30.49, 0.19025, 14, -37.12, -29.51, 0.00428, 23, -107.08, -27.85, 0, 29, -152.01, -26.23, 0, 35, -197.18, -16.84, 0, 5, 5, 18.2, -30.94, 0.67146, 9, -9.5, -31.17, 0.29709, 11, -34.46, -30.64, 0.03144, 23, -126.99, -27.39, 0, 35, -217.06, -15.58, 0, 4, 5, -0.84, -30.94, 0.89928, 9, -28.56, -31.62, 0.10061, 14, -76.08, -28.59, 9.0E-5, 35, -236.08, -14.38, 0, 5, 5, -0.84, -1.13, 0.99999, 11, -53.75, -0.99, 0, 14, -75.37, 1.2, 0, 29, -190.27, 4.48, 0, 35, -234.2, 15.36, 0, 5, 5, -0.84, 29.05, 0.95033, 9, -29.97, 28.35, 0.04966, 14, -74.66, 31.39, 0, 23, -144.63, 33.04, 0, 32, -210.33, 46.31, 0, 6, 5, 15.93, 29.05, 0.8011, 9, -13.19, 28.75, 0.19267, 11, -37.21, 29.33, 0.00621, 23, -127.85, 32.64, 0, 29, -172.78, 34.27, 0, 32, -193.59, 45.12, 0, 7, 5, 37.55, 29.05, 0.27379, 9, 8.41, 29.26, 0.55241, 11, -15.59, 29.5, 0.16677, 14, -36.27, 30.48, 0.00699, 23, -106.24, 32.13, 1.0E-5, 29, -151.16, 33.75999, 0, 32, -172.03, 43.6, 0, 6, 5, 51.77, 29.05, 0.05582, 9, 22.63, 29.59, 0.44415, 11, -1.37, 29.61, 0.42181, 14, -22.05, 30.15, 0.07816, 23, -92.02, 31.8, 2.0E-5, 32, -157.84, 42.59, 0, 7, 9, 42.54, 30.06, 0.09229, 11, 18.54, 29.76, 0.46778, 14, -2.14, 29.68, 0.3934, 17, -25.37, 29.82, 0.04644, 23, -72.11, 31.33, 5.0E-5, 29, -117.03, 32.96, 0, 32, -137.97, 41.18, 0, 9, 9, 59.04, 30.45, 0.00377, 11, 35.04, 29.89, 0.18579, 14, 14.35, 29.29, 0.50837, 17, -8.87, 29.69, 0.29833, 20, -32.75999, 29.88, 0.00368, 23, -55.61, 30.94, 3.0E-5, 29, -100.54, 32.57, 0, 32, -121.51, 40.02, 0, 35, -143.43, 39.88, 0, 9, 5, 104.69, 29.05, 0, 11, 51.54, 30.02, 0.0265, 14, 30.84, 28.9, 0.256, 17, 7.62, 29.56, 0.58751, 20, -16.26, 29.75, 0.12873, 23, -39.12, 30.55, 0.00123, 29, -84.04, 32.18, 0, 32, -105.05, 38.84999, 0, 35, -126.96, 38.84, 0, 7, 9, 90.89, 31.2, 1.4E-4, 14, 46.2, 28.54, 0.04409, 17, 22.99, 29.44, 0.49076, 20, -0.9, 29.63, 0.41142, 23, -23.76, 30.19, 0.05355, 32, -89.73, 37.75999, 0, 35, -111.63, 37.87, 1.0E-5, 8, 9, 107.39, 31.59, 8.0E-5, 14, 62.7, 28.15, 2.8E-4, 17, 39.49, 29.31, 0.15396, 20, 15.59, 29.5, 0.52968, 23, -7.26, 29.8, 0.28897, 26, -31.97, 28.3, 0.02697, 32, -73.26999, 36.59999, 0, 35, -95.16, 36.83, 3.0E-5, 7, 9, 126.16, 32.03, 2.0E-5, 17, 58.26, 29.16, 0.00911, 20, 34.37, 29.35, 0.21898, 23, 11.5, 29.35, 0.53308, 26, -13.19, 28.75, 0.23381, 29, -33.41, 30.98, 0.0049, 35, -76.42, 35.64, 6.0E-5, 7, 9, 139.24, 32.34, 1.0E-5, 20, 47.45, 29.25, 0.0534, 23, 24.58, 29.05, 0.38964, 26, -0.11, 29.05, 0.48727, 29, -20.33, 30.67, 0.06724, 32, -41.48, 34.34, 0.00232, 35, -63.36, 34.82, 9.0E-5, 6, 9, 155.74, 32.73, 0, 17, 87.85, 28.93, 5.0E-5, 23, 41.08, 28.66, 0.09654, 26, 16.37999, 29.44, 0.53248, 29, -3.83, 30.29, 0.30994, 32, -25.02, 33.18, 0.06097, 7, 9, 173.94, 33.16, 0, 17, 106.06, 28.78, 3.0E-5, 23, 59.28, 28.23, 0.00379, 26, 34.58, 29.87, 0.18479, 29, 14.36, 29.86, 0.47972, 32, -6.86, 31.89, 0.31316, 35, -28.72, 32.63, 0.01846, 6, 17, 123.7, 28.65, 1.0E-5, 26, 52.21, 30.29, 0.01971, 29, 31.99, 29.44, 0.24774, 32, 10.72, 30.64, 0.56976, 35, -11.12, 31.52, 0.15234, 38, -31.46, 31.2, 0.01039, 7, 9, 208.64, 33.98, 0, 17, 140.77, 28.51, 0, 23, 93.98, 27.41, 0, 29, 49.06, 29.04, 0.05598, 32, 27.75, 29.44, 0.39066, 35, 5.91, 30.44, 0.40051, 38, -14.4, 30.66, 0.15282, 7, 9, 224, 34.34, 0, 17, 156.13, 28.39, 0, 23, 109.34, 27.05, 0, 29, 64.42, 28.68, 0.00402, 32, 43.08, 28.35, 0.1056, 35, 21.24, 29.47, 0.35308, 38, 0.95, 30.17, 0.53727, 6, 9, 243.94, 34.81, 0, 17, 176.08, 28.23, 0, 23, 129.28, 26.58, 0, 26, 104.58, 31.52, 0, 35, 41.15, 28.22, 0.10828, 38, 20.89, 29.54, 0.89171, 5, 9, 244.67, 4.06, 0, 23, 128.56, -4.17, 0, 26, 105.3, 0.77, 0, 32, 60.8, -3.73, 0, 38, 19.91, -1.19, 0.99999, 7, 9, 245.36, -25.16, 0, 17, 175.6, -31.75, 0, 23, 127.87, -33.4, 1.0E-5, 26, 105.99, -28.45, 9.6E-4, 32, 58.73, -32.9, 0.00402, 35, 37.37, -31.65, 0.23669, 38, 18.99, -30.42, 0.7583, 2, 35, 18.77, -0.61, 0.5, 38, -0.56, 0.01, 0.5, 2, 32, 23.35, -0.51, 0.5, 35, 1.73, 0.46, 0.5, 1, 32, 6.93, 1.22, 1, 1, 29, 11.95, 0.28, 1, 3, 14, 110.92, -2.60999, 0, 26, 17.64, -0.15, 0.79808, 29, -3.96, 0.66, 0.20191, 2, 23, 24.44, -1.14, 0.5, 26, 1.16, -1.11, 0.5, 1, 23, 9.67, -0.22, 1, 5, 5, 136.55, -0.56, 0, 20, 15.36, -0.12, 0.75341, 23, -7.96, 0.18, 0.24657, 29, -52.88, 1.81, 0, 32, -75.36, 7.05, 0, 2, 17, 21.62, -0.16, 0.5, 20, -2.27, 0.01, 0.5, 5, 5, 102.98, -0.56, 0, 14, 28.44, -0.67, 0.27324, 17, 5.68, -0.04, 0.72675, 29, -86.45, 2.59999, 0, 32, -108.85, 9.42, 0, 1, 14, 11.37, -0.26, 1, 5, 11, 17.06, 0.13, 0.77295, 14, -4.55, 0.1, 0.22704, 29, -119.44, 3.38, 0, 32, -141.77, 11.75, 0, 35, -163.47, 11.46, 0, 2, 9, 23.34, -0.58, 0.5, 11, -1.13, -0.57, 0.5, 1, 9, 6.83, -0.4, 1, 1, 5, 15.36, -0.56, 1 ],
				"hull": 36,
				"edges": [ 66, 68, 68, 70, 0, 70, 0, 2, 2, 4, 4, 6, 6, 8, 8, 10, 10, 12, 12, 14, 14, 16, 16, 18, 18, 20, 20, 22, 22, 24, 24, 26, 26, 28, 28, 30, 64, 66, 62, 64, 60, 62, 58, 60, 56, 58, 54, 56, 52, 54, 50, 52, 48, 50, 46, 48, 44, 46, 42, 44, 40, 42, 38, 40, 34, 36, 36, 38, 68, 72, 72, 74, 74, 76, 76, 78, 78, 80, 80, 82, 82, 84, 84, 86, 86, 88, 88, 90, 90, 92, 92, 94, 94, 96, 96, 98, 98, 100, 30, 32, 32, 34, 100, 32 ],
				"width": 60,
				"height": 274
			}
		},
		"Seaweed_1": {
			"Seaweed_00": {
				"type": "skinnedmesh",
				"uvs": [ 1, 0.06864, 1, 0.12886, 1, 0.19116, 1, 0.25346, 1, 0.31784, 1, 0.37183, 1, 0.4279, 1, 0.48812, 1, 0.55458, 1, 0.61687, 1, 0.6771, 1, 0.73524, 1, 0.80377, 1, 0.85776, 1, 0.93045, 1, 1, 0.50319, 1, 0, 1, 0, 0.93875, 0, 0.85984, 0, 0.80793, 0, 0.73524, 0, 0.67502, 0, 0.6148, 0, 0.55873, 0, 0.49851, 0, 0.42998, 0, 0.38221, 0, 0.32199, 0, 0.25554, 0, 0.19116, 0, 0.12886, 0, 0.07279, 0, 0, 0.51267, 0, 1, 0, 0.50319, 0.07487, 0.50319, 0.13717, 0.49371, 0.19739, 0.49371, 0.26177, 0.49371, 0.31991, 0.50319, 0.38014, 0.49371, 0.43413, 0.49371, 0.49851, 0.49371, 0.56288, 0.49371, 0.62103, 0.49371, 0.68333, 0.49371, 0.74147, 0.50319, 0.80793, 0.49371, 0.86815, 0.49371, 0.94083 ],
				"triangles": [ 34, 35, 0, 36, 32, 33, 34, 36, 33, 36, 34, 0, 31, 32, 36, 36, 0, 1, 37, 36, 1, 31, 36, 37, 38, 30, 31, 37, 1, 2, 37, 38, 31, 38, 37, 2, 3, 38, 2, 29, 30, 38, 39, 38, 3, 29, 38, 39, 39, 3, 4, 39, 28, 29, 40, 39, 4, 40, 28, 39, 41, 40, 4, 5, 41, 4, 27, 28, 40, 41, 5, 6, 27, 42, 26, 40, 42, 27, 40, 41, 42, 42, 41, 6, 7, 42, 6, 43, 42, 7, 25, 26, 42, 43, 25, 42, 43, 7, 8, 24, 25, 43, 44, 43, 8, 24, 43, 44, 23, 24, 44, 44, 8, 9, 45, 44, 9, 23, 44, 45, 22, 23, 45, 45, 9, 10, 46, 45, 10, 22, 45, 46, 21, 22, 46, 46, 10, 11, 47, 46, 11, 21, 46, 47, 48, 47, 11, 20, 21, 47, 12, 48, 11, 48, 12, 13, 20, 49, 19, 47, 49, 20, 47, 48, 49, 49, 48, 13, 14, 49, 13, 18, 19, 49, 50, 49, 14, 18, 49, 50, 17, 18, 50, 16, 50, 14, 17, 50, 16, 16, 14, 15 ],
				"vertices": [ 6, 10, 226.55, -25.61, 0, 18, 156.8, -31.61, 0, 24, 109.06, -32.95, 0, 33, 39.97, -31.57, 0.09335, 36, 18.59, -30.47, 0.40041, 40, 0.19, -29.82, 0.50623, 8, 10, 210.06, -25.99, 0, 15, 162.54, -34.22, 0, 18, 140.29, -31.48, 0, 27, 70.69, -29.28, 0.0011, 30, 47.64, -30.94, 0.07083, 33, 23.51, -30.4, 0.36689, 36, 2.13, -29.43, 0.36254, 40, -16.29, -29.3, 0.19861, 8, 10, 192.99, -26.4, 0, 15, 145.47, -33.81, 0, 24, 75.5, -32.16, 2.6E-4, 27, 53.63, -29.68, 0.02167, 30, 30.58, -30.53, 0.23882, 33, 6.48, -29.2, 0.54031, 36, -14.9, -28.35, 0.1933, 40, -33.34999, -28.76, 0.0056, 8, 10, 175.93, -26.8, 0, 15, 128.41, -33.41, 1.0E-5, 18, 106.16, -31.21, 0, 24, 58.44, -31.76, 0.01971, 27, 36.56, -30.09, 0.17712, 30, 13.51, -30.13, 0.48528, 33, -10.54, -27.99, 0.28268, 36, -31.94, -27.28, 0.03515, 9, 7, 186.06, -30.94, 0, 10, 158.29, -27.22, 0, 15, 110.77, -32.99, 3.0E-5, 21, 64.62, -30.88, 0.00235, 24, 40.8, -31.34, 0.13867, 27, 18.93, -30.5, 0.48072, 30, -4.11, -29.71, 0.32844, 33, -28.13, -26.74, 0.04967, 36, -49.54, -26.16, 8.0E-5, 8, 7, 171.26, -30.94, 0, 10, 143.5, -27.56, 0, 15, 95.98, -32.65, 5.0E-5, 21, 49.83, -30.77, 0.043, 24, 26.01, -30.99, 0.36937, 27, 4.14, -30.85, 0.49398, 30, -18.9, -29.37, 0.09204, 33, -42.89, -25.7, 0.00153, 7, 7, 155.9, -30.94, 0, 10, 128.15, -27.93, 0, 18, 58.36, -30.83, 0.01382, 21, 34.46, -30.64, 0.22035, 24, 10.66, -30.63, 0.52688, 27, -11.21, -31.21, 0.2344, 30, -34.25999, -29, 0.00452, 8, 7, 139.4, -30.94, 1.0E-5, 10, 111.65, -28.32, 0, 15, 64.12999, -31.89, 0.0011, 18, 41.86, -30.7, 0.12354, 21, 17.95999, -30.51, 0.485, 24, -5.83, -30.24, 0.35389, 27, -27.71, -31.6, 0.03642, 33, -74.67, -23.44, 0, 9, 7, 121.19, -30.94, 5.0E-5, 10, 93.45, -28.75, 0, 13, 68.51, -29.83, 0.00151, 15, 45.92, -31.46, 0.0542, 18, 23.65, -30.56, 0.43809, 21, -0.23, -30.37, 0.41986, 24, -24.03, -29.81, 0.08604, 30, -68.96, -28.18, 2.3E-4, 33, -92.83, -22.16, 0, 8, 7, 104.12, -30.94, 1.0E-4, 13, 51.44, -29.97, 0.04306, 15, 28.86, -31.06, 0.26758, 18, 6.58, -30.43, 0.54013, 21, -17.29999, -30.24, 0.14419, 24, -41.09999, -29.41, 0.00476, 30, -86.02, -27.78, 1.2E-4, 33, -109.86, -20.95, 0, 9, 7, 87.62, -30.94, 1.8E-4, 10, 59.88, -29.54, 0.00494, 13, 34.93999, -30.1, 0.22246, 15, 12.36, -30.67, 0.49449, 18, -9.91, -30.3, 0.25909, 21, -33.8, -30.11, 0.01877, 30, -102.52, -27.39, 4.0E-5, 33, -126.32, -19.78, 0, 36, -147.78, -19.95999, 0, 8, 10, 43.96, -29.91, 0.10213, 13, 19.01, -30.22, 0.50015, 15, -3.56, -30.3, 0.34018, 18, -25.84, -30.17, 0.0575, 24, -73.51999, -28.65, 1.0E-5, 30, -118.45, -27.02, 1.0E-5, 33, -142.21, -18.66, 0, 36, -163.68, -18.95, 0, 9, 7, 52.91, -30.94, 0.04726, 10, 25.19, -30.36, 0.41873, 13, 0.23, -30.37, 0.46463, 15, -22.33, -29.85, 0.06894, 18, -44.61, -30.02, 4.0E-4, 24, -92.29, -28.2, 0, 30, -137.22, -26.57, 0, 33, -160.94, -17.33, 0, 36, -182.42, -17.77, 0, 7, 7, 38.12, -30.94, 0.24492, 10, 10.39999, -30.7, 0.56052, 13, -14.55, -30.49, 0.19025, 15, -37.12, -29.51, 0.00428, 24, -107.08, -27.85, 0, 30, -152.01, -26.23, 0, 36, -197.18, -16.84, 0, 5, 7, 18.2, -30.94, 0.67146, 10, -9.5, -31.17, 0.29709, 13, -34.46, -30.64, 0.03144, 24, -126.99, -27.39, 0, 36, -217.06, -15.58, 0, 4, 7, -0.84, -30.94, 0.89928, 10, -28.56, -31.62, 0.10061, 15, -76.08, -28.59, 9.0E-5, 36, -236.08, -14.38, 0, 5, 7, -0.84, -1.13, 0.99999, 13, -53.75, -0.99, 0, 15, -75.37, 1.2, 0, 30, -190.27, 4.48, 0, 36, -234.2, 15.36, 0, 5, 7, -0.84, 29.05, 0.95033, 10, -29.97, 28.35, 0.04966, 15, -74.66, 31.39, 0, 24, -144.63, 33.04, 0, 33, -210.33, 46.31, 0, 6, 7, 15.93, 29.05, 0.8011, 10, -13.19, 28.75, 0.19267, 13, -37.21, 29.33, 0.00621, 24, -127.85, 32.64, 0, 30, -172.78, 34.27, 0, 33, -193.59, 45.12, 0, 7, 7, 37.55, 29.05, 0.27379, 10, 8.41, 29.26, 0.55241, 13, -15.59, 29.5, 0.16677, 15, -36.27, 30.48, 0.00699, 24, -106.24, 32.13, 1.0E-5, 30, -151.16, 33.75999, 0, 33, -172.03, 43.6, 0, 6, 7, 51.77, 29.05, 0.05582, 10, 22.63, 29.59, 0.44415, 13, -1.37, 29.61, 0.42181, 15, -22.05, 30.15, 0.07816, 24, -92.02, 31.8, 2.0E-5, 33, -157.84, 42.59, 0, 7, 10, 42.54, 30.06, 0.09229, 13, 18.54, 29.76, 0.46778, 15, -2.14, 29.68, 0.3934, 18, -25.37, 29.82, 0.04644, 24, -72.11, 31.33, 5.0E-5, 30, -117.03, 32.96, 0, 33, -137.97, 41.18, 0, 9, 10, 59.04, 30.45, 0.00377, 13, 35.04, 29.89, 0.18579, 15, 14.35, 29.29, 0.50837, 18, -8.87, 29.69, 0.29833, 21, -32.75999, 29.88, 0.00368, 24, -55.61, 30.94, 3.0E-5, 30, -100.54, 32.57, 0, 33, -121.51, 40.02, 0, 36, -143.43, 39.88, 0, 9, 7, 104.69, 29.05, 0, 13, 51.54, 30.02, 0.0265, 15, 30.84, 28.9, 0.256, 18, 7.62, 29.56, 0.58751, 21, -16.26, 29.75, 0.12873, 24, -39.12, 30.55, 0.00123, 30, -84.04, 32.18, 0, 33, -105.05, 38.84999, 0, 36, -126.96, 38.84, 0, 7, 10, 90.89, 31.2, 1.4E-4, 15, 46.2, 28.54, 0.04409, 18, 22.99, 29.44, 0.49076, 21, -0.9, 29.63, 0.41142, 24, -23.76, 30.19, 0.05355, 33, -89.73, 37.75999, 0, 36, -111.63, 37.87, 1.0E-5, 8, 10, 107.39, 31.59, 8.0E-5, 15, 62.7, 28.15, 2.8E-4, 18, 39.49, 29.31, 0.15396, 21, 15.59, 29.5, 0.52968, 24, -7.26, 29.8, 0.28897, 27, -31.97, 28.3, 0.02697, 33, -73.26999, 36.59999, 0, 36, -95.16, 36.83, 3.0E-5, 7, 10, 126.16, 32.03, 2.0E-5, 18, 58.26, 29.16, 0.00911, 21, 34.37, 29.35, 0.21898, 24, 11.5, 29.35, 0.53308, 27, -13.19, 28.75, 0.23381, 30, -33.41, 30.98, 0.0049, 36, -76.42, 35.64, 6.0E-5, 7, 10, 139.24, 32.34, 1.0E-5, 21, 47.45, 29.25, 0.0534, 24, 24.58, 29.05, 0.38964, 27, -0.11, 29.05, 0.48727, 30, -20.33, 30.67, 0.06724, 33, -41.48, 34.34, 0.00232, 36, -63.36, 34.82, 9.0E-5, 6, 10, 155.74, 32.73, 0, 18, 87.85, 28.93, 5.0E-5, 24, 41.08, 28.66, 0.09654, 27, 16.37999, 29.44, 0.53248, 30, -3.83, 30.29, 0.30994, 33, -25.02, 33.18, 0.06097, 7, 10, 173.94, 33.16, 0, 18, 106.06, 28.78, 3.0E-5, 24, 59.28, 28.23, 0.00379, 27, 34.58, 29.87, 0.18479, 30, 14.36, 29.86, 0.47972, 33, -6.86, 31.89, 0.31316, 36, -28.72, 32.63, 0.01846, 6, 18, 123.7, 28.65, 1.0E-5, 27, 52.21, 30.29, 0.01971, 30, 31.99, 29.44, 0.24774, 33, 10.72, 30.64, 0.56976, 36, -11.12, 31.52, 0.15234, 40, -31.46, 31.2, 0.01039, 7, 10, 208.64, 33.98, 0, 18, 140.77, 28.51, 0, 24, 93.98, 27.41, 0, 30, 49.06, 29.04, 0.05598, 33, 27.75, 29.44, 0.39066, 36, 5.91, 30.44, 0.40051, 40, -14.4, 30.66, 0.15282, 7, 10, 224, 34.34, 0, 18, 156.13, 28.39, 0, 24, 109.34, 27.05, 0, 30, 64.42, 28.68, 0.00402, 33, 43.08, 28.35, 0.1056, 36, 21.24, 29.47, 0.35308, 40, 0.95, 30.17, 0.53727, 6, 10, 243.94, 34.81, 0, 18, 176.08, 28.23, 0, 24, 129.28, 26.58, 0, 27, 104.58, 31.52, 0, 36, 41.15, 28.22, 0.10828, 40, 20.89, 29.54, 0.89171, 5, 10, 244.67, 4.06, 0, 24, 128.56, -4.17, 0, 27, 105.3, 0.77, 0, 33, 60.8, -3.73, 0, 40, 19.91, -1.19, 0.99999, 7, 10, 245.36, -25.16, 0, 18, 175.6, -31.75, 0, 24, 127.87, -33.4, 1.0E-5, 27, 105.99, -28.45, 9.6E-4, 33, 58.73, -32.9, 0.00402, 36, 37.37, -31.65, 0.23669, 40, 18.99, -30.42, 0.7583, 2, 36, 18.77, -0.61, 0.5, 40, -0.56, 0.01, 0.5, 2, 33, 23.35, -0.51, 0.5, 36, 1.73, 0.46, 0.5, 1, 33, 6.93, 1.22, 1, 1, 30, 11.95, 0.28, 1, 3, 15, 110.92, -2.60999, 0, 27, 17.64, -0.15, 0.79808, 30, -3.96, 0.66, 0.20191, 2, 24, 24.44, -1.14, 0.5, 27, 1.16, -1.11, 0.5, 1, 24, 9.67, -0.22, 1, 5, 7, 136.55, -0.56, 0, 21, 15.36, -0.12, 0.75341, 24, -7.96, 0.18, 0.24657, 30, -52.88, 1.81, 0, 33, -75.36, 7.05, 0, 2, 18, 21.62, -0.16, 0.5, 21, -2.27, 0.01, 0.5, 5, 7, 102.98, -0.56, 0, 15, 28.44, -0.67, 0.27324, 18, 5.68, -0.04, 0.72675, 30, -86.45, 2.59999, 0, 33, -108.85, 9.42, 0, 1, 15, 11.37, -0.26, 1, 5, 13, 17.06, 0.13, 0.77295, 15, -4.55, 0.1, 0.22704, 30, -119.44, 3.38, 0, 33, -141.77, 11.75, 0, 36, -163.47, 11.46, 0, 2, 10, 23.34, -0.58, 0.5, 13, -1.13, -0.57, 0.5, 1, 10, 6.83, -0.4, 1, 1, 7, 15.36, -0.56, 1 ],
				"hull": 36,
				"edges": [ 66, 68, 68, 70, 0, 70, 0, 2, 2, 4, 4, 6, 6, 8, 8, 10, 10, 12, 12, 14, 14, 16, 16, 18, 18, 20, 20, 22, 22, 24, 24, 26, 26, 28, 28, 30, 64, 66, 62, 64, 60, 62, 58, 60, 56, 58, 54, 56, 52, 54, 50, 52, 48, 50, 46, 48, 44, 46, 42, 44, 40, 42, 38, 40, 34, 36, 36, 38, 68, 72, 72, 74, 74, 76, 76, 78, 78, 80, 80, 82, 82, 84, 84, 86, 86, 88, 88, 90, 90, 92, 92, 94, 94, 96, 96, 98, 98, 100, 30, 32, 32, 34, 100, 32 ],
				"width": 60,
				"height": 274
			}
		}
	},
	"Day": {
		"Light_change": {
			"Light_change": { "name": "Light", "x": 47, "rotation": 90, "width": 1224, "height": 1380 }
		},
		"Submarine": {
			"Submarine_change": { "name": "Submarine", "width": 1224, "height": 800 }
		}
	},
	"Night": {
		"Light_change": {
			"Light_change": { "name": "Light_night", "x": 47, "rotation": 90, "width": 1224, "height": 1380 }
		},
		"Submarine": {
			"Submarine_change": { "name": "Submarine_night", "width": 1224, "height": 800 }
		}
	}
},
"animations": {
	"BG_submarine": {
		"slots": {
			"Bubble_In": {
				"attachment": [
					{ "time": 0, "name": "Bubble_In_0001" },
					{ "time": 0.0666, "name": "Bubble_In_0002" },
					{ "time": 0.1333, "name": "Bubble_In_0003" },
					{ "time": 0.2, "name": "Bubble_In_0004" },
					{ "time": 0.2666, "name": "Bubble_In_0005" },
					{ "time": 0.3333, "name": "Bubble_In_0006" },
					{ "time": 0.4, "name": "Bubble_In_0007" },
					{ "time": 0.4666, "name": "Bubble_In_0008" },
					{ "time": 0.5333, "name": "Bubble_In_0009" },
					{ "time": 0.6, "name": "Bubble_In_0010" },
					{ "time": 0.6666, "name": "Bubble_In_0011" },
					{ "time": 0.7333, "name": "Bubble_In_0012" },
					{ "time": 0.8, "name": "Bubble_In_0013" },
					{ "time": 0.8666, "name": "Bubble_In_0014" },
					{ "time": 0.9333, "name": "Bubble_In_0015" },
					{ "time": 1, "name": "Bubble_In_0016" },
					{ "time": 1.0666, "name": "Bubble_In_0017" },
					{ "time": 1.1333, "name": "Bubble_In_0018" },
					{ "time": 1.2, "name": "Bubble_In_0019" },
					{ "time": 1.2666, "name": "Bubble_In_0020" },
					{ "time": 1.3333, "name": "Bubble_In_0021" },
					{ "time": 1.4, "name": "Bubble_In_0022" },
					{ "time": 1.4666, "name": "Bubble_In_0023" },
					{ "time": 1.5333, "name": "Bubble_In_0024" },
					{ "time": 1.6, "name": "Bubble_In_0025" },
					{ "time": 1.6666, "name": "Bubble_In_0026" },
					{ "time": 1.7333, "name": "Bubble_In_0027" },
					{ "time": 1.8, "name": "Bubble_In_0028" },
					{ "time": 1.8666, "name": "Bubble_In_0029" },
					{ "time": 1.9333, "name": "Bubble_In_0030" },
					{ "time": 2, "name": "Bubble_In_0031" },
					{ "time": 2.0666, "name": "Bubble_In_0032" },
					{ "time": 2.1333, "name": "Bubble_In_0033" },
					{ "time": 2.2, "name": "Bubble_In_0034" },
					{ "time": 2.2666, "name": "Bubble_In_0035" },
					{ "time": 2.3333, "name": "Bubble_In_0036" },
					{ "time": 2.4, "name": "Bubble_In_0037" },
					{ "time": 2.4666, "name": "Bubble_In_0038" },
					{ "time": 2.5333, "name": "Bubble_In_0039" },
					{ "time": 2.6, "name": "Bubble_In_0040" },
					{ "time": 2.6666, "name": "Bubble_In_0041" },
					{ "time": 2.7333, "name": "Bubble_In_0042" },
					{ "time": 2.8, "name": "Bubble_In_0043" },
					{ "time": 2.8666, "name": "Bubble_In_0044" },
					{ "time": 2.9333, "name": "Bubble_In_0045" },
					{ "time": 3, "name": "Bubble_In_0046" },
					{ "time": 3.0666, "name": "Bubble_In_0047" },
					{ "time": 3.1333, "name": "Bubble_In_0048" },
					{ "time": 3.2, "name": "Bubble_In_0049" },
					{ "time": 3.2666, "name": "Bubble_In_0050" },
					{ "time": 3.3333, "name": "Bubble_In_0051" },
					{ "time": 3.4, "name": "Bubble_In_0052" },
					{ "time": 3.4666, "name": "Bubble_In_0053" },
					{ "time": 3.5333, "name": "Bubble_In_0054" },
					{ "time": 3.6, "name": "Bubble_In_0055" },
					{ "time": 3.6666, "name": "Bubble_In_0056" },
					{ "time": 3.7333, "name": "Bubble_In_0057" },
					{ "time": 3.8, "name": "Bubble_In_0058" },
					{ "time": 3.8666, "name": "Bubble_In_0059" },
					{ "time": 3.9333, "name": "Bubble_In_0060" },
					{ "time": 4, "name": "Bubble_In_0001" }
				],
				"color": [
					{ "time": 0, "color": "ffffff61" }
				]
			},
			"Seaweed_00": {
				"color": [
					{ "time": 0, "color": "2a3e5eff" }
				]
			},
			"Seaweed_0": {
				"color": [
					{ "time": 0, "color": "253654ff" }
				]
			},
			"Seaweed_1": {
				"color": [
					{ "time": 0, "color": "283b5cff" }
				]
			}
		},
		"bones": {
			"Submarine": {
				"translate": [
					{ "time": 0, "x": 0, "y": 0 }
				]
			},
			"Light_move": {
				"translate": [
					{ "time": 0, "x": 0, "y": 10 }
				],
				"scale": [
					{ "time": 0, "x": 1.2, "y": 1.2 },
					{ "time": 1.6666, "x": 1, "y": 1 },
					{ "time": 4, "x": 1.2, "y": 1.2 }
				]
			},
			"Seaweed_all": {
				"rotate": [
					{ "time": 0, "angle": 3.66 },
					{ "time": 1, "angle": -5.31 },
					{ "time": 2, "angle": 7.85 },
					{ "time": 3, "angle": 7.22 },
					{ "time": 4, "angle": 3.66 }
				],
				"translate": [
					{ "time": 0, "x": 356.54, "y": 237.19 }
				],
				"scale": [
					{ "time": 0, "x": 0.833, "y": 0.833 }
				]
			},
			"Seaweed_10": {
				"rotate": [
					{ "time": 0, "angle": 3.66 },
					{ "time": 1, "angle": 5.64 },
					{ "time": 2, "angle": -5.04 },
					{ "time": 3, "angle": -3.46 },
					{ "time": 4, "angle": 3.66 }
				]
			},
			"Seaweed_09": {
				"rotate": [
					{ "time": 0, "angle": 3.66 },
					{ "time": 1, "angle": 7.14 },
					{ "time": 2, "angle": -0.65 },
					{ "time": 3, "angle": -9.1 },
					{ "time": 4, "angle": 3.66 }
				]
			},
			"Seaweed_08": {
				"rotate": [
					{ "time": 0, "angle": 3.66 },
					{ "time": 1, "angle": 4.36 },
					{ "time": 2, "angle": -10.44 },
					{ "time": 3, "angle": -10.06 },
					{ "time": 4, "angle": 3.66 }
				]
			},
			"Seaweed_07": {
				"rotate": [
					{ "time": 0, "angle": 3.66 },
					{ "time": 1, "angle": 8.73 },
					{ "time": 2, "angle": -4.7 },
					{ "time": 3, "angle": -10.03 },
					{ "time": 4, "angle": 3.66 }
				]
			},
			"Seaweed_06": {
				"rotate": [
					{ "time": 0, "angle": 3.66 },
					{ "time": 1, "angle": 9.78 },
					{ "time": 2, "angle": -3.95 },
					{ "time": 3, "angle": -4.34 },
					{ "time": 4, "angle": 3.66 }
				]
			},
			"Seaweed_05": {
				"rotate": [
					{ "time": 0, "angle": 3.66 },
					{ "time": 1, "angle": 5.02 },
					{ "time": 2, "angle": -8.36 },
					{ "time": 3, "angle": -9.85 },
					{ "time": 4, "angle": 3.66 }
				]
			},
			"Seaweed_04": {
				"rotate": [
					{ "time": 0, "angle": 3.66 },
					{ "time": 1, "angle": 8.82 },
					{ "time": 2, "angle": -6.34 },
					{ "time": 3, "angle": -8.63 },
					{ "time": 4, "angle": 3.66 }
				]
			},
			"Seaweed_03": {
				"rotate": [
					{ "time": 0, "angle": 3.66 },
					{ "time": 1, "angle": 8.99 },
					{ "time": 2, "angle": -5.77 },
					{ "time": 3, "angle": -3.33 },
					{ "time": 4, "angle": 3.66 }
				]
			},
			"Seaweed_02": {
				"rotate": [
					{ "time": 0, "angle": 3.66 },
					{ "time": 1, "angle": 1.47 },
					{ "time": 2, "angle": -8.74 },
					{ "time": 3, "angle": -1.83 },
					{ "time": 4, "angle": 3.66 }
				]
			},
			"Seaweed_01": {
				"rotate": [
					{ "time": 0, "angle": 3.66 },
					{ "time": 1, "angle": -5.31 },
					{ "time": 2, "angle": -4.72 },
					{ "time": 3, "angle": 7.22 },
					{ "time": 4, "angle": 3.66 }
				]
			},
			"Seaweed_00": {
				"rotate": [
					{ "time": 0, "angle": 3.66 },
					{ "time": 1, "angle": -5.31 },
					{ "time": 2, "angle": -2.01 },
					{ "time": 3, "angle": 7.22 },
					{ "time": 4, "angle": 3.66 }
				]
			},
			"Submarine_move": {
				"scale": [
					{ "time": 0, "x": 1, "y": 1 },
					{ "time": 1.3333, "x": 1.05, "y": 1.02 },
					{ "time": 2.6666, "x": 1.02, "y": 1.05 },
					{ "time": 4, "x": 1, "y": 1 }
				]
			},
			"Seaweed_all2": {
				"rotate": [
					{ "time": 0, "angle": 2.73 },
					{ "time": 1, "angle": 0.36 },
					{ "time": 2, "angle": 6.42 },
					{ "time": 3, "angle": 0.04 },
					{ "time": 4, "angle": 2.73 }
				],
				"translate": [
					{ "time": 0, "x": 413.2, "y": 237.67 }
				],
				"scale": [
					{ "time": 0, "x": 1, "y": 1 }
				]
			},
			"Seaweed_11": {
				"rotate": [
					{ "time": 0, "angle": 2.73 },
					{ "time": 1, "angle": 11.03 },
					{ "time": 2, "angle": -8.28 },
					{ "time": 3, "angle": -5.32 },
					{ "time": 4, "angle": 2.73 }
				]
			},
			"Seaweed_9": {
				"rotate": [
					{ "time": 0, "angle": 2.73 },
					{ "time": 1, "angle": 9.19 },
					{ "time": 2, "angle": -7.56 },
					{ "time": 3, "angle": -6.04 },
					{ "time": 4, "angle": 2.73 }
				]
			},
			"Seaweed_8": {
				"rotate": [
					{ "time": 0, "angle": 2.73 },
					{ "time": 1, "angle": 2.12 },
					{ "time": 2, "angle": -14.11 },
					{ "time": 3, "angle": -11.66 },
					{ "time": 4, "angle": 2.73 }
				]
			},
			"Seaweed_7": {
				"rotate": [
					{ "time": 0, "angle": 2.73 },
					{ "time": 1, "angle": 6.14 },
					{ "time": 2, "angle": -10.16 },
					{ "time": 3, "angle": -10.6 },
					{ "time": 4, "angle": 2.73 }
				]
			},
			"Seaweed_6": {
				"rotate": [
					{ "time": 0, "angle": 2.73 },
					{ "time": 1, "angle": 10.67 },
					{ "time": 2, "angle": 0.88 },
					{ "time": 3, "angle": -8.54 },
					{ "time": 4, "angle": 2.73 }
				]
			},
			"Seaweed_5": {
				"rotate": [
					{ "time": 0, "angle": 2.73 },
					{ "time": 1, "angle": 2.59 },
					{ "time": 2, "angle": -7.33 },
					{ "time": 3, "angle": -5.86 },
					{ "time": 4, "angle": 2.73 }
				]
			},
			"Seaweed_4": {
				"rotate": [
					{ "time": 0, "angle": 2.73 },
					{ "time": 1, "angle": 2.93 },
					{ "time": 2, "angle": -4.08 },
					{ "time": 3, "angle": 2.4 },
					{ "time": 4, "angle": 2.73 }
				]
			},
			"Seaweed_3": {
				"rotate": [
					{ "time": 0, "angle": 2.73 },
					{ "time": 1, "angle": -7.32 },
					{ "time": 2, "angle": -1.77 },
					{ "time": 3, "angle": 4.05 },
					{ "time": 4, "angle": 2.73 }
				]
			},
			"Seaweed_2": {
				"rotate": [
					{ "time": 0, "angle": 2.73 },
					{ "time": 1, "angle": -5.39 },
					{ "time": 2, "angle": -2.99 },
					{ "time": 3, "angle": 6.02 },
					{ "time": 4, "angle": 2.73 }
				]
			},
			"Seaweed_1": {
				"rotate": [
					{ "time": 0, "angle": 2.73 },
					{ "time": 1, "angle": -6.6 },
					{ "time": 2, "angle": -6.23 },
					{ "time": 3, "angle": 4.36 },
					{ "time": 4, "angle": 2.73 }
				]
			},
			"Seaweed_0": {
				"rotate": [
					{ "time": 0, "angle": 2.73 },
					{ "time": 1, "angle": -3.46 },
					{ "time": 2, "angle": -1.45 },
					{ "time": 3, "angle": 10.3 },
					{ "time": 4, "angle": 2.73 }
				]
			},
			"Seaweed_all3": {
				"rotate": [
					{ "time": 0, "angle": -9.04 },
					{ "time": 1, "angle": -4.8 },
					{ "time": 2, "angle": -26.16 },
					{ "time": 3, "angle": 7.89 },
					{ "time": 4, "angle": -9.04 }
				],
				"translate": [
					{ "time": 0, "x": -386.86, "y": 51.62 }
				],
				"scale": [
					{ "time": 0, "x": 1.333, "y": 1.333 }
				]
			},
			"Seaweed_12": {
				"rotate": [
					{ "time": 0, "angle": 7.22 },
					{ "time": 1, "angle": 10.53 },
					{ "time": 2, "angle": 8.33 },
					{ "time": 3, "angle": 0.05 },
					{ "time": 4, "angle": 7.22 }
				]
			},
			"Seaweed_13": {
				"rotate": [
					{ "time": 0, "angle": 7.48 },
					{ "time": 1, "angle": 3.87 },
					{ "time": 2, "angle": 4.22 },
					{ "time": 3, "angle": -4.11 },
					{ "time": 4, "angle": 7.48 }
				]
			},
			"Seaweed_14": {
				"rotate": [
					{ "time": 0, "angle": 5.52 },
					{ "time": 1, "angle": 2.28 },
					{ "time": 2, "angle": 6.58 },
					{ "time": 3, "angle": -5.17 },
					{ "time": 4, "angle": 5.52 }
				]
			},
			"Seaweed_15": {
				"rotate": [
					{ "time": 0, "angle": 7.5 },
					{ "time": 1, "angle": 5.05 },
					{ "time": 2, "angle": 11.73 },
					{ "time": 3, "angle": -3.7 },
					{ "time": 4, "angle": 7.5 }
				]
			},
			"Seaweed_16": {
				"rotate": [
					{ "time": 0, "angle": -2.64 },
					{ "time": 1, "angle": 4.2 },
					{ "time": 2, "angle": 7.2 },
					{ "time": 3, "angle": -4.74 },
					{ "time": 4, "angle": -2.64 }
				]
			},
			"Seaweed_17": {
				"rotate": [
					{ "time": 0, "angle": -7.19 },
					{ "time": 1, "angle": 4.91 },
					{ "time": 2, "angle": 11.7 },
					{ "time": 3, "angle": -5.68 },
					{ "time": 4, "angle": -7.19 }
				]
			},
			"Seaweed_18": {
				"rotate": [
					{ "time": 0, "angle": -3.5 },
					{ "time": 1, "angle": 8.01 },
					{ "time": 2, "angle": 9.98 },
					{ "time": 3, "angle": -2.35 },
					{ "time": 4, "angle": -3.5 }
				]
			},
			"Seaweed_19": {
				"rotate": [
					{ "time": 0, "angle": -7.94 },
					{ "time": 1, "angle": 3.08 },
					{ "time": 2, "angle": 9.8 },
					{ "time": 3, "angle": -4.38 },
					{ "time": 4, "angle": -7.94 }
				]
			},
			"Seaweed_20": {
				"rotate": [
					{ "time": 0, "angle": -6.33 },
					{ "time": 1, "angle": 1.22 },
					{ "time": 2, "angle": 7.32 },
					{ "time": 3, "angle": -11.86 },
					{ "time": 4, "angle": -6.33 }
				]
			},
			"Seaweed_21": {
				"rotate": [
					{ "time": 0, "angle": -5.89 },
					{ "time": 1, "angle": 8.38 },
					{ "time": 2, "angle": 6.2 },
					{ "time": 3, "angle": -1.46 },
					{ "time": 4, "angle": -5.89 }
				]
			},
			"Seaweed_22": {
				"rotate": [
					{ "time": 0, "angle": -2.56 },
					{ "time": 1, "angle": 10.22 },
					{ "time": 2, "angle": 10.9 },
					{ "time": 3, "angle": -7.38 },
					{ "time": 4, "angle": -2.56 }
				]
			},
			"Bubble_in": {
				"rotate": [
					{ "time": 0, "angle": -0.6 }
				],
				"translate": [
					{ "time": 0, "x": 244.02, "y": 126.71 }
				],
				"scale": [
					{ "time": 0, "x": 0.6, "y": 0.6 }
				],
				"flipX": [
					{ "time": 0, "x": true }
				]
			}
		}
	}
}
}