{
"skeleton": { "hash": "bNXwkPvIG4xav2tQDaOtAY9Klhs", "spine": "2.1.27", "width": 342.14, "height": 333.42, "images": "" },
"bones": [
	{ "name": "Root_All", "x": -2.97, "y": 23.8, "scaleX": 1.01, "scaleY": 1.01 },
	{ "name": "Ship_All", "parent": "Root_All" },
	{ "name": "Body", "parent": "Ship_All", "length": 255.84, "x": 16.16, "y": -7.75, "rotation": 90 },
	{ "name": "Antiaircraft", "parent": "Body", "length": 44.62, "x": 173.79, "y": -65.81, "rotation": -90 },
	{ "name": "Attack_Point", "parent": "Body", "length": 25.69, "x": 74.61, "y": -28.49, "rotation": -88.64 },
	{ "name": "Cap_00", "parent": "Body", "length": 48.37, "x": 208.85, "y": 0.7, "rotation": -17.89 },
	{ "name": "Damage_Point", "parent": "Body", "length": 22.56, "x": 109.6, "y": 22.61, "rotation": -90 },
	{ "name": "Dialogue", "parent": "Body", "length": 57.85, "x": 195.22, "y": -60.55, "rotation": -90 },
	{ "name": "Expression", "parent": "Body", "length": 46.33, "x": 211.28, "y": -45.83, "rotation": -42.65 },
	{ "name": "Face", "parent": "Body", "length": 66.94, "x": 180, "y": 30, "rotation": 270 },
	{ "name": "Item_00", "parent": "Body", "length": 24.75, "x": 61.43, "y": -9.92, "rotation": -22.65 },
	{ "name": "Item_01", "parent": "Body", "length": 41.64, "x": 114.18, "y": 35.34, "rotation": 37.93 },
	{ "name": "Item_02", "parent": "Body", "length": 59.17, "x": 30.42, "y": 53.51, "rotation": 30.89 },
	{ "name": "Obai_all", "parent": "Body", "length": 6.94, "x": 121.88, "y": 11.78, "rotation": -173.65 },
	{ "name": "Ship", "parent": "Body", "length": 127.17, "x": 100, "y": 60, "rotation": 270 },
	{ "name": "Smoke_L1", "parent": "Body", "length": 78.79, "x": 42.49, "y": -38.01, "rotation": -21.53 },
	{ "name": "Smoke_R1", "parent": "Body", "length": 76.23, "x": 74.78, "y": 71.53, "rotation": 30.74 },
	{ "name": "Throw_Point", "parent": "Body", "length": 24.91, "x": 33.78, "y": -21.89, "rotation": -88.64 },
	{ "name": "Obai_L", "parent": "Obai_all", "length": 6.02, "x": 13.25, "y": -9.2, "rotation": 162.51 },
	{ "name": "Obai_R", "parent": "Obai_all", "length": 5.17, "x": 15.99, "y": 4.76, "rotation": 156.22 }
],
"slots": [
	{ "name": "Rodney_ship_armor_normal_01", "bone": "Item_01", "attachment": "Rodney_ship_armor_normal_01" },
	{ "name": "Rodney_ship_armor_normal_00", "bone": "Item_02", "attachment": "Rodney_ship_armor_normal_00" },
	{ "name": "Rodney_ship_armor_normal_02", "bone": "Item_00", "attachment": "Rodney_ship_armor_normal_02" },
	{
		"name": "Rodney_ship_armor_normal_02_light",
		"bone": "Item_00",
		"attachment": "Rodney_ship_armor_normal_02_light",
		"blend": "additive"
	},
	{ "name": "Rodney_ship_armor_normal", "bone": "Ship", "attachment": "Ship_armor_normal" },
	{ "name": "Light_Ship", "bone": "Ship", "attachment": "Ship_light_change", "blend": "additive" },
	{ "name": "Rodney_body_normal", "bone": "Body", "attachment": "Body_change" },
	{ "name": "Rodney_eyes_normal", "bone": "Face", "attachment": "Rodney_eyes_normal" },
	{ "name": "Light_Body", "bone": "Body", "attachment": "Body_light_change", "blend": "additive" },
	{ "name": "Rodney_obai_normal", "bone": "Obai_all", "attachment": "Obai_change_00" },
	{ "name": "Rodney_cap_normal", "bone": "Cap_00", "attachment": "Cap_change_00" },
	{ "name": "Rodney_cap_normal_light", "bone": "Cap_00", "attachment": "Cap_change_light", "blend": "additive" }
],
"skins": {
	"default": {
		"Rodney_eyes_normal": {
			"Rodney_eyes_damage": { "x": 19.55, "y": -49.55, "width": 330, "height": 330 },
			"Rodney_eyes_normal": { "x": 19.55, "y": -49.55, "width": 330, "height": 330 }
		},
		"Rodney_ship_armor_normal_00": {
			"Rodney_ship_armor_normal_00": { "x": 63.69, "y": -88.32, "rotation": -120.89, "width": 330, "height": 330 }
		},
		"Rodney_ship_armor_normal_01": {
			"Rodney_ship_armor_normal_01": { "x": -2.48, "y": -29.62, "rotation": -127.93, "width": 330, "height": 330 }
		},
		"Rodney_ship_armor_normal_02": {
			"Rodney_ship_armor_normal_02": { "x": 55.84, "y": 45.37, "rotation": -67.34, "width": 330, "height": 330 }
		},
		"Rodney_ship_armor_normal_02_light": {
			"Rodney_ship_armor_normal_02_light": { "x": 55.84, "y": 45.37, "rotation": -67.34, "width": 330, "height": 330 }
		}
	},
	"damage": {
		"Light_Body": {
			"Body_light_change": { "name": "Rodney_ship_body_damage_light", "x": 130.44, "y": 10.45, "rotation": -90, "width": 330, "height": 330 }
		},
		"Light_Ship": {
			"Ship_light_change": { "name": "Rodney_armor_damage_light", "x": 49.55, "y": 30.44, "width": 330, "height": 330 }
		},
		"Rodney_body_normal": {
			"Body_change": { "name": "Rodney_body_damage", "x": 130.44, "y": 10.45, "rotation": -90, "width": 330, "height": 330 }
		},
		"Rodney_cap_normal": {
			"Cap_change_00": { "name": "Rodney_cap_damage", "x": -80.29, "y": -6.54, "rotation": -72.1, "width": 330, "height": 330 }
		},
		"Rodney_cap_normal_light": {
			"Cap_change_light": { "name": "Rodney_cap_damage_light", "x": -80.29, "y": -6.54, "rotation": -72.1, "width": 330, "height": 330 }
		},
		"Rodney_obai_normal": {
			"Obai_change_00": {
				"name": "Rodney_obai_damage",
				"type": "skinnedmesh",
				"uvs": [ 1, 0.11192, 1, 0.21801, 1, 0.33801, 1, 0.47018, 1, 0.61105, 1, 0.73105, 1, 0.81627, 1, 0.91366, 1, 1, 0.95142, 1, 0.89446, 1, 0.83264, 1, 0.75749, 1, 0.67749, 1, 0.56476, 1, 0.48839, 1, 0.44233, 1, 0.3587, 1, 0.24112, 1, 0.15506, 1, 0.08112, 1, 0.03264, 1, 0, 1, 0, 0.94322, 0, 0.88235, 0, 0.80757, 0, 0.72409, 0, 0.63209, 0, 0.49818, 0, 0.33842, 0, 0.20277, 0, 0.08973, 0, 0, 0.07664, 0, 0.10381, 0, 0.18865, 0, 0.26926, 0, 0.34987, 0, 0.43683, 0, 0.52592, 0, 0.60653, 0, 0.71021, 0, 0.79385, 0, 0.87991, 0, 0.91991, 0, 1, 0, 0.04229, 0.72948, 0.09532, 0.80861, 0.16532, 0.8634, 0.24168, 0.906, 0.35411, 0.91209, 0.4538, 0.87557, 0.53229, 0.78122, 0.59168, 0.68687, 0.65744, 0.57427, 0.68289, 0.45557, 0.69562, 0.32775, 0.68502, 0.20296, 0.65956, 0.10253, 0.07199, 0.08427, 0.04229, 0.19383, 0.01967, 0.33668, 0.91991, 0.1067, 0.95506, 0.21453, 0.97446, 0.33975, 0.97809, 0.46844, 0.9587, 0.60931, 0.93809, 0.72757, 0.90052, 0.81105, 0.829, 0.88757, 0.75143, 0.92931, 0.67385, 0.96236, 0.56718, 0.95018, 0.49446, 0.89279, 0.04444, 0.51643, 0.0665, 0.60165, 0.11401, 0.68443, 0.18359, 0.7453, 0.25825, 0.80617, 0.35159, 0.81104, 0.45171, 0.78426, 0.53486, 0.70634, 0.59765, 0.63087, 0.64007, 0.52374, 0.65704, 0.44095, 0.66553, 0.33626, 0.65874, 0.21695, 0.6248, 0.11713, 0.57898, 0.04409, 0.58237, 0.84756, 0.66213, 0.85973, 0.74019, 0.83782, 0.82843, 0.81104, 0.89631, 0.72582, 0.92516, 0.59921, 0.94552, 0.47261, 0.94552, 0.33869, 0.07329, 0.37521, 0.14625, 0.44339, 0.24128, 0.50426, 0.35668, 0.53104, 0.4568, 0.52861, 0.5654, 0.47991, 0.62989, 0.38739, 0.72153, 0.51156, 0.77583, 0.55052, 0.86407, 0.53104, 0.91328, 0.44582, 0.04104, 0.42391, 0.10553, 0.49452, 0.1751, 0.58461, 0.28201, 0.63817, 0.37874, 0.67469, 0.47377, 0.63817, 0.57389, 0.56756, 0.63668, 0.70634, 0.72153, 0.73313, 0.81316, 0.68687, 0.88274, 0.61139, 0.07498, 0.19748, 0.18529, 0.1853, 0.29728, 0.19991, 0.39062, 0.21939, 0.49074, 0.26078, 0.59086, 0.31435, 0.75377, 0.27782, 0.84371, 0.22669, 0.92007, 0.22182 ],
				"triangles": [ 88, 39, 40, 59, 32, 33, 31, 32, 59, 58, 40, 41, 88, 40, 58, 62, 44, 45, 62, 45, 0, 87, 88, 58, 35, 59, 34, 60, 31, 59, 59, 33, 34, 35, 120, 59, 119, 59, 120, 60, 59, 119, 121, 36, 37, 30, 31, 60, 126, 57, 58, 87, 58, 57, 63, 62, 0, 86, 87, 57, 63, 0, 1, 122, 37, 38, 121, 37, 122, 127, 62, 63, 62, 126, 42, 43, 44, 62, 62, 42, 43, 126, 62, 127, 38, 88, 122, 88, 38, 39, 123, 88, 87, 123, 87, 86, 123, 122, 88, 126, 58, 42, 42, 58, 41, 125, 57, 126, 124, 123, 86, 125, 86, 57, 56, 86, 125, 85, 124, 86, 56, 85, 86, 61, 30, 60, 61, 60, 119, 64, 63, 1, 29, 30, 61, 96, 127, 63, 64, 96, 63, 1, 2, 64, 97, 61, 119, 103, 124, 85, 108, 61, 97, 84, 103, 85, 120, 97, 119, 98, 97, 120, 108, 97, 98, 126, 96, 125, 96, 126, 127, 107, 125, 96, 107, 96, 64, 56, 84, 85, 55, 84, 56, 65, 64, 2, 107, 64, 65, 65, 2, 3, 95, 107, 65, 102, 123, 124, 102, 124, 103, 102, 103, 84, 109, 108, 98, 120, 35, 36, 121, 120, 36, 108, 28, 29, 108, 29, 61, 74, 28, 108, 121, 98, 120, 99, 121, 122, 99, 98, 121, 56, 107, 55, 107, 56, 125, 104, 55, 107, 109, 74, 108, 83, 102, 84, 83, 84, 55, 83, 55, 104, 123, 100, 122, 101, 123, 102, 100, 99, 122, 123, 101, 100, 106, 104, 107, 106, 107, 95, 105, 104, 106, 114, 102, 83, 101, 102, 114, 54, 83, 104, 114, 83, 54, 99, 109, 98, 110, 109, 99, 94, 106, 95, 66, 94, 95, 95, 65, 66, 75, 74, 109, 75, 109, 110, 65, 4, 66, 4, 65, 3, 118, 106, 94, 82, 114, 54, 27, 28, 74, 27, 74, 75, 111, 99, 100, 110, 99, 111, 113, 101, 114, 113, 114, 82, 113, 112, 100, 113, 100, 101, 111, 100, 112, 76, 75, 110, 118, 117, 105, 118, 105, 106, 82, 81, 113, 115, 82, 54, 53, 82, 115, 54, 104, 105, 53, 81, 82, 27, 46, 26, 76, 27, 75, 67, 93, 118, 94, 67, 118, 117, 118, 93, 66, 67, 94, 66, 5, 67, 76, 46, 27, 5, 66, 4, 117, 116, 54, 117, 54, 105, 115, 54, 116, 77, 110, 111, 76, 110, 77, 81, 80, 113, 80, 112, 113, 52, 80, 81, 78, 77, 111, 78, 111, 112, 79, 78, 112, 25, 26, 46, 47, 46, 76, 47, 76, 77, 25, 46, 47, 80, 79, 112, 92, 117, 93, 116, 117, 92, 68, 93, 67, 92, 93, 68, 67, 5, 6, 68, 67, 6, 91, 116, 92, 52, 53, 115, 53, 52, 81, 89, 52, 115, 90, 115, 116, 90, 116, 91, 89, 115, 90, 48, 47, 77, 48, 77, 78, 51, 80, 52, 73, 51, 52, 79, 80, 51, 24, 25, 47, 69, 92, 68, 91, 92, 69, 89, 73, 52, 49, 48, 78, 50, 79, 51, 68, 6, 7, 69, 68, 7, 70, 91, 69, 90, 91, 70, 24, 20, 23, 48, 24, 47, 72, 73, 89, 72, 89, 90, 71, 90, 70, 72, 90, 71, 21, 22, 23, 23, 20, 21, 24, 48, 20, 19, 20, 48, 19, 48, 49, 18, 19, 49, 50, 49, 78, 50, 78, 79, 16, 17, 50, 18, 49, 50, 17, 18, 50, 51, 16, 50, 16, 51, 73, 15, 16, 73, 72, 15, 73, 14, 15, 72, 14, 72, 71, 12, 13, 71, 14, 71, 13, 11, 12, 70, 12, 71, 70, 10, 11, 69, 11, 70, 69, 7, 10, 69, 9, 10, 7, 9, 7, 8 ],
				"vertices": [ 2, 13, 5.66, 10.55, 0.47247, 19, 11.78, -1.13, 0.52752, 2, 13, 8.08, 10.28, 0.28591, 19, 9.45, -1.86, 0.71408, 2, 13, 10.83, 9.97, 0.05365, 19, 6.82, -2.69, 0.94634, 1, 19, 3.92, -3.6, 1, 1, 19, 0.83, -4.57, 1, 1, 19, -1.79, -5.39, 1, 2, 18, -2.71, -19.69, 6.0E-5, 19, -3.66, -5.98, 0.99993, 2, 18, -4.91, -20.12, 0.00236, 19, -5.8, -6.65, 0.99762, 2, 18, -6.86, -20.51, 0.00417, 19, -7.7, -7.25, 0.99582, 2, 18, -7.17, -18.93, 0.01049, 19, -8.18, -5.72, 0.9895, 2, 18, -7.53, -17.09, 0.03373, 19, -8.74, -3.92, 0.96626, 2, 18, -7.93, -15.09, 0.08312, 19, -9.35, -1.98, 0.91687, 2, 18, -8.41, -12.66, 0.18467, 19, -10.09, 0.38, 0.81532, 2, 18, -8.92, -10.07, 0.34344, 19, -10.88, 2.9, 0.65655, 2, 18, -9.64, -6.42, 0.6139, 19, -12, 6.44, 0.38609, 2, 18, -10.12, -3.94, 0.77389, 19, -12.75, 8.85, 0.2261, 2, 18, -10.42, -2.45, 0.84674, 19, -13.21, 10.3, 0.15324, 2, 18, -10.95, 0.25, 0.93602, 19, -14.04, 12.93, 0.06397, 2, 18, -11.7, 4.05, 0.98811, 19, -15.2, 16.62999, 0.01188, 3, 13, 22.88, -19.41, 4.0E-5, 18, -12.25, 6.84, 0.99805, 19, -16.04999, 19.34, 0.00189, 3, 13, 22.61, -21.83, 9.0E-5, 18, -12.72, 9.22999, 0.99973, 19, -16.78, 21.67, 1.7E-4, 2, 13, 22.43, -23.42, 1.2E-4, 18, -13.03, 10.8, 0.99987, 2, 13, 22.31, -24.5, 1.2E-4, 18, -13.24, 11.86, 0.99987, 2, 13, 21.02, -24.35, 1.4E-4, 18, -11.96, 12.11, 0.99985, 2, 13, 19.62999, -24.2, 1.9E-4, 18, -10.59, 12.38, 0.9998, 2, 13, 17.92, -24.01, 2.9E-4, 18, -8.89999, 12.71, 0.9997, 3, 13, 16.01, -23.79, 4.8E-4, 18, -7.02, 13.09, 0.99951, 19, -11.53, 26.13, 0, 3, 13, 13.9, -23.56, 7.9E-4, 18, -4.94, 13.5, 0.9992, 19, -9.51, 26.76, 0, 3, 13, 10.84, -23.22, 0.00146, 18, -1.92, 14.09, 0.99853, 19, -6.57, 27.68, 0, 3, 13, 7.19, -22.82, 0.00277, 18, 1.68, 14.8, 0.99722, 19, -3.07, 28.78, 0, 3, 13, 4.09, -22.47, 0.00437, 18, 4.73999, 15.4, 0.99561, 19, -0.09, 29.72, 0, 3, 13, 1.51, -22.18, 0.00582, 18, 7.29, 15.91, 0.99417, 19, 2.38, 30.5, 0, 3, 13, -0.52999, -21.96, 0.00594, 18, 9.31, 16.31, 0.99405, 19, 4.35, 31.12, 0, 2, 13, -0.26, -19.44, 0.00262, 18, 9.8, 13.83, 0.99737, 2, 13, -0.16, -18.54999, 0.00279, 18, 9.97999, 12.95, 0.9972, 3, 13, 0.14, -15.77, 0.00631, 18, 10.52, 10.2, 0.99368, 19, 6.21, 25.18, 0, 1, 18, 11.03, 7.59, 1, 1, 18, 11.55, 4.98, 1, 3, 13, 1.04999, -7.63, 0.02462, 18, 12.1, 2.16, 0.97537, 19, 8.67, 17.36, 0, 3, 13, 1.37, -4.71, 0.45928, 18, 12.67, -0.71, 0.5407, 19, 9.55, 14.56, 0, 2, 13, 1.66, -2.06, 0.93648, 18, 13.18, -3.32, 0.06351, 2, 13, 2.04, 1.33, 0.99917, 19, 11.37, 8.76, 8.2E-4, 3, 13, 2.34999, 4.07, 0.8507, 18, 14.38, -9.38, 6.0E-5, 19, 12.2, 6.12, 0.14922, 3, 13, 2.66, 6.89, 0.70316, 18, 14.93, -12.17, 8.0E-5, 19, 13.05, 3.41, 0.29674, 3, 13, 2.81, 8.21, 0.62982, 18, 15.18, -13.47, 3.0E-5, 19, 13.45, 2.16, 0.37014, 3, 13, 3.1, 10.83, 0.55593, 18, 15.7, -16.06, 0, 19, 14.24, -0.36, 0.44405, 2, 13, 16.28, -22.42, 4.5E-4, 18, -6.87, 11.69, 0.99954, 2, 13, 18.29, -20.87999, 2.0E-4, 18, -8.31, 9.62, 0.99979, 3, 13, 19.79, -18.73, 6.0E-5, 18, -9.1, 7.11, 0.99815, 19, -12.95, 19.95999, 0.00177, 3, 13, 21.05, -16.33, 0, 18, -9.58, 4.44999, 0.98939, 19, -13.13, 17.26, 0.0106, 2, 18, -9, 0.78, 0.96658, 19, -12.15, 13.68, 0.03341, 3, 13, 21.12, -9.3, 0.00116, 18, -7.54, -2.27, 0.76677, 19, -10.37, 10.8, 0.23206, 3, 13, 19.25, -6.48, 0.00879, 18, -4.91, -4.39, 0.77334, 19, -7.52, 8.97, 0.21786, 3, 13, 17.31, -4.29, 0.04089, 18, -2.4, -5.89, 0.55328, 19, -4.86, 7.76, 0.40582, 3, 13, 14.98, -1.85, 0.1345, 18, 0.55, -7.52, 0.52111, 19, -1.74, 6.46, 0.34438, 3, 13, 12.36, -0.71, 0.35036, 18, 3.39, -7.82, 0.34059, 19, 1.11, 6.48, 0.30903, 3, 13, 9.47999, 0.02, 0.57211, 18, 6.36, -7.66, 0.10313, 19, 4.04, 6.96, 0.32475, 1, 13, 6.59, 0, 1, 1, 13, 4.19999, -0.58, 1, 3, 13, 1.64, -19.81, 0.00321, 18, 7.87, 13.6, 0.99678, 19, 3.21, 28.27, 0, 3, 13, 4.04, -21.06, 0.00405, 18, 5.21, 14.08, 0.99594, 19, 0.51, 28.45, 0, 3, 13, 7.22, -22.17, 0.00277, 18, 1.84, 14.17, 0.99722, 19, -2.83, 28.18, 0, 3, 13, 5.25, 7.93, 0.58069, 18, 12.78, -13.94, 1.0E-5, 19, 11.1, 1.42, 0.41928, 2, 13, 7.84, 8.81, 0.36781, 19, 9.09, -0.42, 0.63217, 2, 13, 10.77, 9.13, 0.05365, 19, 6.53, -1.89, 0.94634, 1, 19, 3.74, -2.89, 1, 1, 19, 0.46, -3.26, 1, 2, 18, -1.11, -17.29, 0.00503, 19, -2.33, -3.42, 0.99496, 2, 18, -3.23, -16.45, 0.03559, 19, -4.53, -2.81, 0.9644, 3, 13, 22.76, 2.97, 2.3E-4, 18, -5.41, -14.47, 0.10715, 19, -6.92, -1.09, 0.8926, 3, 13, 23.44, 0.32, 0.00195, 18, -6.85, -12.15, 0.27725, 19, -8.6, 1.05999, 0.72079, 2, 18, -8.09, -9.78, 0.34344, 19, -10.09, 3.27, 0.65655, 2, 18, -8.5, -6.27, 0.6139, 19, -10.88, 6.71, 0.38609, 3, 13, 21.67, -8.01, 0.00116, 18, -7.67, -3.66, 0.76677, 19, -10.34, 9.39999, 0.23206, 3, 13, 11.42, -21.81, 0.00116, 18, -2.05, 12.57, 0.99882, 19, -6.53, 26.16, 0, 2, 13, 13.45, -21.3, 7.0E-4, 18, -3.83, 11.48, 0.99929, 2, 13, 15.52, -19.95, 3.6E-4, 18, -5.39, 9.57, 0.99963, 3, 13, 17.16, -17.83, 1.4E-4, 18, -6.32, 7.05, 0.99877, 19, -10.18, 20.2, 0.00107, 2, 18, -7.22, 4.36, 0.99031, 19, -10.78, 17.43, 0.00968, 2, 18, -6.73, 1.32, 0.96672, 19, -9.96, 14.46, 0.03327, 3, 13, 19.03, -9.13, 0.00197, 18, -5.49, -1.8, 0.89388, 19, -8.38, 11.49, 0.10413, 3, 13, 17.54999, -6.21, 0.02347, 18, -3.2, -4.14, 0.70476, 19, -5.85, 9.41, 0.27175, 3, 13, 16.04999, -3.96, 0.1345, 18, -1.1, -5.84, 0.52111, 19, -3.57, 7.95, 0.34438, 3, 13, 13.76, -2.29, 0.1345, 18, 1.58, -6.74, 0.52111, 19, -0.8, 7.36, 0.34438, 3, 13, 11.93, -1.53, 0.35036, 18, 3.56, -6.92, 0.34059, 19, 1.16999, 7.39, 0.30903, 3, 13, 9.57, -0.98, 0.60017, 18, 5.97, -6.73, 0.28464, 19, 3.55, 7.85, 0.11517, 1, 13, 6.81, -0.9, 1, 2, 13, 4.41, -1.76, 0.91847, 18, 10.66, -4.42999, 0.08152, 2, 13, 2.57, -3.08, 0.6422, 18, 12.01, -2.61999, 0.35779, 3, 13, 20.95, -5.01, 0.00338, 18, -6.08, -6.31, 0.58336, 19, -8.47999, 6.94, 0.41325, 3, 13, 21.52, -2.42, 0.01311, 18, -5.85, -8.93999, 0.42945, 19, -7.96, 4.35, 0.55743, 3, 13, 21.3, 0.18, 0.01029, 18, -4.86, -11.37, 0.23356, 19, -6.71, 2.04, 0.75614, 2, 18, -3.69, -14.11, 0.03559, 19, -5.25, -0.54, 0.9644, 2, 18, -1.33, -15.93, 0.03559, 19, -2.7, -2.08999, 0.9644, 1, 19, 0.35, -2.13, 1, 1, 19, 3.33, -1.9, 1, 2, 13, 10.64, 8.18999, 0.10856, 19, 6.27, -0.98, 0.89143, 3, 13, 8.3, -20.5, 0.00186, 18, 1.30999, 12.26, 0.99813, 19, -3.15, 26.22, 0, 2, 13, 10.12, -18.28, 9.1E-4, 18, 0.24, 9.6, 0.99908, 2, 13, 11.86, -15.32, 3.2E-4, 18, -0.52, 6.25, 0.99967, 1, 18, -0.38, 2.4, 1, 1, 18, 0.3, -0.82, 1, 3, 13, 12.49, -4.63, 0.20864, 18, 2.08999, -4.12, 0.64408, 19, -0.58, 10.01, 0.14726, 3, 13, 10.61, -2.28, 0.36786, 18, 4.59, -5.8, 0.50001, 19, 2.08, 8.62, 0.13212, 3, 13, 13.78, 0.4, 0.1792, 18, 2.36999, -9.32, 0.20622, 19, 0.26, 4.88, 0.61456, 3, 13, 14.87, 2.08, 0.061, 18, 1.84, -11.25, 0.05948, 19, -0.05, 2.9, 0.87951, 3, 13, 14.74, 5.03, 0.0258, 18, 2.85, -14.02, 0.00872, 19, 1.24, 0.25, 0.96546, 1, 19, 3.6, -0.7, 1, 3, 13, 9.29, -21.69, 0.00186, 18, 0.01, 13.09, 0.99813, 19, -4.54, 26.9, 0, 2, 13, 11.14, -19.75, 9.1E-4, 18, -1.16, 10.69, 0.99908, 2, 13, 13.46, -17.7, 3.2E-4, 18, -2.75, 8.04, 0.99967, 2, 13, 15.07, -14.33, 9.0E-5, 18, -3.28, 4.34, 0.9999, 2, 18, -3.48, 1.04, 0.97679, 19, -6.7, 14.54, 0.0232, 3, 13, 15.77, -8.04, 0.00619, 18, -2.05, -1.86, 0.92934, 19, -4.96, 11.8, 0.06446, 3, 13, 14.52, -4.57, 0.1345, 18, 0.17, -4.79, 0.52111, 19, -2.42, 9.14, 0.34438, 3, 13, 17.92, -2.87, 0.04089, 18, -2.55, -7.44, 0.55328, 19, -4.84, 6.2, 0.40582, 3, 13, 18.84, -0.15, 0.05169, 18, -2.60999, -10.3, 0.30068, 19, -4.59, 3.35, 0.64762, 3, 13, 18.12, 2.96, 0.00667, 18, -0.99, -13.07, 0.04036, 19, -2.67, 0.78, 0.95294, 1, 19, -0.33, -0.88, 1, 3, 13, 4.23999, -20, 0.00405, 18, 5.34, 13, 0.99594, 19, 0.76, 27.39, 0, 2, 13, 4.37, -16.35, 2.4E-4, 18, 6.31, 9.47999, 0.99975, 1, 18, 6.7, 5.79, 1, 1, 18, 6.86, 2.68, 1, 1, 18, 6.56, -0.73, 1, 3, 13, 8.79, -3.37, 0.38783, 18, 5.99, -4.21, 0.55909, 19, 3.29, 10.35, 0.05307, 3, 13, 8.55, 2.05, 0.73668, 18, 7.85, -9.32, 0.00591, 19, 5.71, 5.47, 0.2574, 2, 13, 7.71, 5.13, 0.61759, 19, 7.72, 2.99, 0.3824, 2, 13, 7.88, 7.65, 0.36781, 19, 8.58, 0.62, 0.63217 ],
				"hull": 46,
				"edges": [ 54, 56, 78, 80, 76, 78, 74, 76, 72, 74, 70, 72, 68, 70, 56, 58, 58, 60, 60, 62, 62, 64, 64, 66, 66, 68, 80, 82, 82, 84, 84, 86, 86, 88, 88, 90, 0, 90, 0, 2, 2, 4, 4, 6, 6, 8, 8, 10, 10, 12, 12, 14, 14, 16, 16, 18, 18, 20, 20, 22, 22, 24, 24, 26, 26, 28, 28, 30, 30, 32, 32, 34, 34, 36, 36, 38, 38, 40, 40, 42, 42, 44, 52, 54, 50, 52, 48, 50, 44, 46, 46, 48 ],
				"width": 33,
				"height": 23
			}
		},
		"Rodney_ship_armor_normal": {
			"Ship_armor_normal": { "name": "Rodney_ship_armor_damage", "x": 49.55, "y": 30.44, "width": 330, "height": 330 }
		}
	},
	"normal": {
		"Light_Body": {
			"Body_light_change": { "name": "Rodney_ship_body_normal_light", "x": 130.44, "y": 10.44, "rotation": -90, "width": 330, "height": 330 }
		},
		"Light_Ship": {
			"Ship_light_change": { "name": "Rodney_armor_normal_light", "x": 49.55, "y": 30.44, "width": 330, "height": 330 }
		},
		"Rodney_body_normal": {
			"Body_change": { "name": "Rodney_body_normal", "x": 130.44, "y": 10.44, "rotation": -90, "width": 330, "height": 330 }
		},
		"Rodney_cap_normal": {
			"Cap_change_00": { "name": "Rodney_cap_normal", "x": -80.29, "y": -6.54, "rotation": -72.1, "width": 330, "height": 330 }
		},
		"Rodney_cap_normal_light": {
			"Cap_change_light": { "name": "Rodney_cap_normal_light", "x": -80.29, "y": -6.54, "rotation": -72.1, "width": 330, "height": 330 }
		},
		"Rodney_obai_normal": {
			"Obai_change_00": {
				"name": "Rodney_obai_normal",
				"type": "skinnedmesh",
				"uvs": [ 1, 0.08444, 1, 0.17313, 1, 0.27052, 1, 0.38705, 1, 0.50183, 1, 0.62879, 1, 0.75574, 1, 0.8427, 1, 0.93313, 1, 1, 0.9477, 1, 0.88952, 1, 0.81921, 1, 0.72345, 1, 0.63739, 1, 0.56103, 1, 0.50164, 1, 0.42649, 1, 0.34285, 1, 0.26406, 1, 0.18164, 1, 0.11255, 1, 0.05194, 1, 0, 1, 0, 0.92965, 0, 0.84444, 0, 0.78531, 0, 0.71574, 0, 0.64096, 0, 0.5627, 0, 0.47574, 0, 0.38531, 0, 0.29661, 0, 0.22009, 0, 0.12096, 0, 0, 0.0677, 0, 0.10164, 0, 0.16952, 0, 0.25558, 0, 0.32345, 0, 0.40588, 0, 0.47497, 0, 0.52952, 0, 0.57558, 0, 0.59618, 0, 0.658, 0, 0.72952, 0, 0.78285, 0, 0.83618, 0, 0.87618, 0, 0.90042, 0, 0.938, 0, 1, 0, 0.02285, 0.64096, 0.06042, 0.70531, 0.09315, 0.75574, 0.12952, 0.80792, 0.1877, 0.85835, 0.27012, 0.89139, 0.34042, 0.89835, 0.42649, 0.87922, 0.51133, 0.83574, 0.5683, 0.75574, 0.60709, 0.67748, 0.64588, 0.58879, 0.67497, 0.48096, 0.69315, 0.37835, 0.6883, 0.26183, 0.67497, 0.17661, 0.65194, 0.10879, 0.62285, 0.03748, 0.50164, 0.88444, 0.55981, 0.92617, 0.63497, 0.954, 0.71376, 0.95052, 0.79861, 0.91922, 0.87255, 0.83574, 0.92588, 0.74009, 0.95861, 0.634, 0.97558, 0.50704, 0.97921, 0.38357, 0.96709, 0.274, 0.94891, 0.17661, 0.92952, 0.09661, 0.02285, 0.29835, 0.04103, 0.21139, 0.06527, 0.11922, 0.02042, 0.47574, 0.03255, 0.55052, 0.06164, 0.61835, 0.098, 0.67922, 0.13073, 0.73487, 0.1877, 0.78705, 0.25194, 0.81139, 0.32467, 0.834, 0.41436, 0.82183, 0.48588, 0.79052, 0.55497, 0.72965, 0.59618, 0.64096, 0.63739, 0.554, 0.65315, 0.46879, 0.66891, 0.38009, 0.67012, 0.27748, 0.64952, 0.18705, 0.63012, 0.114, 0.60467, 0.04966, 0.56709, 0.80096, 0.618, 0.86009, 0.69679, 0.87574, 0.76952, 0.85661, 0.85073, 0.78531, 0.90042, 0.70878, 0.92224, 0.62183, 0.94527, 0.51748, 0.95861, 0.40965, 0.9477, 0.28792, 0.93315, 0.194, 0.90648, 0.10009, 0.03739, 0.36444, 0.07982, 0.40618, 0.13315, 0.45835, 0.21194, 0.50879, 0.27861, 0.53835, 0.35739, 0.55922, 0.44345, 0.55226, 0.5283, 0.53661, 0.59376, 0.49139, 0.64224, 0.40965, 0.69921, 0.52618, 0.73558, 0.58009, 0.78164, 0.59226, 0.83739, 0.58879, 0.8883, 0.54705, 0.93073, 0.48792, 0.04346, 0.44096, 0.08952, 0.52965, 0.13073, 0.59226, 0.17679, 0.64096, 0.23982, 0.68792, 0.30164, 0.714, 0.3683, 0.7227, 0.43982, 0.70009, 0.50164, 0.66705, 0.56103, 0.61835, 0.61194, 0.54531, 0.62527, 0.72444, 0.68588, 0.75226, 0.76952, 0.73313, 0.84467, 0.69313, 0.89436, 0.62009, 0.91982, 0.55226, 0.05921, 0.2427, 0.11618, 0.23748, 0.21315, 0.2427, 0.28467, 0.25139, 0.36709, 0.26357, 0.44345, 0.2827, 0.51376, 0.30183, 0.59255, 0.34009, 0.7283, 0.37487, 0.78648, 0.34879, 0.85194, 0.3227, 0.91861, 0.31922, 0.10527, 0.14879, 0.17558, 0.08966, 0.26527, 0.07574, 0.3477, 0.07574, 0.45921, 0.09487, 0.53679, 0.13661, 0.61315, 0.19226, 0.71497, 0.18531, 0.75133, 0.1227, 0.80709, 0.0827, 0.87376, 0.08618 ],
				"triangles": [ 71, 45, 46, 106, 45, 71, 166, 39, 40, 167, 40, 41, 166, 40, 167, 173, 48, 49, 52, 53, 0, 174, 49, 50, 173, 49, 174, 165, 38, 39, 165, 39, 166, 168, 41, 42, 167, 41, 168, 84, 51, 52, 84, 52, 0, 118, 51, 84, 70, 71, 46, 106, 71, 70, 105, 106, 70, 87, 35, 36, 37, 38, 165, 87, 36, 37, 165, 87, 37, 34, 35, 87, 173, 172, 47, 173, 47, 48, 106, 169, 43, 44, 45, 106, 106, 43, 44, 164, 87, 165, 84, 0, 1, 83, 84, 1, 70, 47, 172, 47, 70, 46, 69, 70, 172, 171, 69, 172, 69, 104, 105, 69, 105, 70, 105, 169, 106, 170, 105, 104, 170, 169, 105, 83, 118, 84, 117, 118, 83, 86, 34, 87, 86, 87, 164, 33, 34, 86, 154, 153, 164, 86, 164, 153, 152, 86, 153, 154, 165, 166, 154, 164, 165, 155, 166, 167, 154, 166, 155, 68, 69, 171, 104, 69, 68, 156, 167, 168, 155, 167, 156, 168, 42, 43, 169, 168, 43, 117, 83, 1, 2, 117, 1, 82, 117, 2, 103, 104, 68, 157, 156, 168, 157, 168, 169, 158, 157, 169, 116, 117, 82, 33, 85, 32, 152, 33, 86, 152, 85, 33, 170, 158, 169, 117, 174, 118, 116, 162, 117, 173, 117, 172, 172, 117, 171, 162, 171, 117, 161, 68, 171, 174, 50, 51, 118, 174, 51, 173, 174, 117, 159, 158, 170, 170, 104, 103, 159, 170, 103, 162, 161, 171, 116, 163, 162, 153, 119, 85, 160, 68, 161, 103, 68, 160, 103, 102, 159, 160, 67, 103, 67, 102, 103, 2, 116, 82, 81, 116, 2, 163, 116, 81, 119, 31, 32, 119, 32, 85, 81, 2, 3, 152, 153, 85, 120, 119, 153, 115, 163, 81, 128, 159, 102, 135, 119, 120, 31, 119, 135, 154, 120, 153, 121, 120, 154, 67, 101, 128, 30, 31, 135, 88, 30, 135, 102, 67, 128, 66, 101, 67, 115, 162, 163, 115, 81, 3, 115, 80, 134, 127, 159, 128, 127, 128, 101, 4, 115, 3, 4, 80, 115, 155, 122, 121, 155, 121, 154, 114, 134, 80, 160, 66, 67, 129, 66, 160, 121, 135, 120, 136, 121, 122, 136, 135, 121, 88, 135, 136, 127, 126, 158, 127, 158, 159, 123, 122, 155, 123, 155, 156, 124, 123, 156, 156, 157, 124, 145, 127, 101, 100, 145, 101, 66, 100, 101, 126, 127, 145, 162, 134, 161, 115, 134, 162, 133, 134, 114, 133, 161, 134, 89, 88, 136, 151, 133, 114, 158, 125, 157, 125, 158, 126, 129, 100, 66, 125, 124, 157, 89, 29, 30, 89, 30, 88, 160, 133, 129, 133, 160, 161, 129, 131, 130, 129, 133, 131, 65, 100, 129, 65, 129, 130, 137, 136, 122, 133, 132, 131, 90, 89, 136, 90, 136, 137, 144, 126, 145, 150, 133, 151, 132, 133, 150, 151, 79, 113, 150, 151, 113, 80, 4, 5, 114, 80, 5, 5, 151, 114, 5, 79, 151, 29, 54, 28, 90, 29, 89, 90, 54, 29, 138, 137, 122, 138, 122, 123, 65, 99, 144, 145, 65, 144, 65, 145, 100, 144, 143, 125, 144, 125, 126, 64, 99, 65, 91, 90, 137, 91, 137, 138, 139, 138, 123, 139, 123, 124, 149, 132, 150, 142, 124, 125, 142, 125, 143, 140, 139, 124, 91, 55, 54, 91, 54, 90, 112, 150, 113, 112, 113, 79, 149, 150, 112, 124, 141, 140, 27, 28, 54, 27, 54, 55, 142, 141, 124, 147, 146, 64, 143, 64, 98, 99, 143, 144, 64, 143, 99, 98, 64, 146, 148, 130, 131, 131, 132, 149, 148, 131, 149, 92, 91, 138, 92, 138, 139, 55, 91, 92, 78, 112, 79, 147, 65, 130, 147, 130, 148, 147, 64, 65, 56, 55, 92, 79, 5, 6, 78, 79, 6, 63, 98, 146, 26, 27, 55, 26, 55, 56, 111, 149, 112, 111, 112, 78, 148, 149, 111, 93, 92, 139, 98, 97, 142, 98, 142, 143, 97, 98, 63, 107, 97, 63, 57, 56, 92, 57, 92, 93, 94, 139, 140, 93, 139, 94, 96, 141, 142, 96, 142, 97, 95, 140, 141, 95, 141, 96, 94, 140, 95, 77, 111, 78, 62, 97, 107, 78, 6, 7, 77, 78, 7, 25, 26, 56, 25, 56, 57, 110, 147, 148, 110, 148, 111, 110, 111, 77, 58, 93, 94, 57, 93, 58, 146, 107, 63, 147, 107, 146, 109, 108, 147, 147, 108, 107, 110, 109, 147, 62, 61, 96, 62, 96, 97, 72, 61, 62, 59, 94, 95, 58, 94, 59, 60, 95, 96, 60, 96, 61, 59, 95, 60, 76, 110, 77, 108, 73, 62, 108, 62, 107, 72, 62, 73, 24, 25, 57, 77, 7, 8, 75, 109, 110, 75, 110, 76, 74, 108, 109, 74, 109, 75, 73, 108, 74, 24, 22, 23, 57, 21, 24, 24, 21, 22, 57, 58, 21, 20, 21, 58, 20, 58, 59, 19, 20, 59, 19, 59, 60, 17, 18, 60, 19, 60, 18, 61, 17, 60, 17, 61, 72, 16, 17, 72, 73, 16, 72, 15, 73, 74, 16, 73, 15, 14, 74, 75, 15, 74, 14, 13, 75, 76, 14, 75, 13, 76, 11, 12, 77, 11, 76, 13, 76, 12, 77, 8, 11, 10, 11, 8, 10, 8, 9 ],
				"vertices": [ 3, 13, 4.98999, 10.53, 0.38794, 18, 13.8, -16.34, 5.1E-4, 19, 12.38, -0.84, 0.61153, 3, 13, 7.02, 10.3, 0.27213, 18, 11.8, -16.73, 2.1E-4, 19, 10.43, -1.45, 0.72764, 3, 13, 9.25, 10.06, 0.10937, 18, 9.6, -17.17, 0, 19, 8.3, -2.11999, 0.89062, 1, 19, 5.74, -2.93, 1, 1, 19, 3.22, -3.72, 1, 1, 19, 0.44, -4.59, 1, 1, 19, -2.33999, -5.47, 1, 2, 18, -3.3, -19.70999, 3.3E-4, 19, -4.25, -6.07, 0.99966, 2, 18, -5.34, -20.11, 0.0012, 19, -6.23, -6.69, 0.99879, 2, 18, -6.85, -20.41, 0.0018, 19, -7.7, -7.15, 0.99819, 2, 18, -7.19, -18.71999, 0.00835, 19, -8.22, -5.5, 0.99164, 2, 18, -7.56, -16.83, 0.03202, 19, -8.79, -3.67, 0.96797, 2, 18, -8.01, -14.56, 0.09072, 19, -9.49, -1.46, 0.90927, 2, 18, -8.62, -11.46, 0.2398, 19, -10.43, 1.55, 0.76019, 2, 18, -9.17, -8.67, 0.43474, 19, -11.28, 4.25, 0.56524, 2, 18, -9.64999, -6.2, 0.62135, 19, -12.04, 6.66, 0.37864, 2, 18, -10.03, -4.28, 0.74904, 19, -12.63, 8.53, 0.25095, 2, 18, -10.51, -1.84, 0.86904, 19, -13.37, 10.89, 0.13095, 3, 13, 23.53, -13.34, 0, 18, -11.05, 0.85, 0.9477, 19, -14.2, 13.53, 0.05229, 3, 13, 23.24, -15.92, 0, 18, -11.55, 3.41, 0.98217, 19, -14.98, 16.01, 0.01782, 3, 13, 22.94, -18.62999, 0, 18, -12.08, 6.07, 0.99611, 19, -15.79, 18.6, 0.00388, 3, 13, 22.69, -20.89, 0, 18, -12.52, 8.31, 0.99936, 19, -16.46999, 20.78, 6.3E-4, 2, 13, 22.47, -22.88, 0, 18, -12.9, 10.27, 0.99999, 2, 13, 22.28, -24.58, 0, 18, -13.23, 11.95, 0.99999, 2, 13, 20.67, -24.41, 0, 18, -11.65, 12.27, 0.99999, 2, 13, 18.71999, -24.19, 0, 18, -9.72, 12.65, 0.99999, 2, 13, 17.37, -24.04, 0, 18, -8.39, 12.91, 0.99999, 2, 13, 15.78, -23.86, 0, 18, -6.82, 13.22, 0.99999, 2, 13, 14.07, -23.67, 0, 18, -5.13, 13.55, 0.99999, 2, 13, 12.28, -23.47, 0, 18, -3.37, 13.9, 1, 1, 18, -1.4, 14.29, 1, 1, 18, 0.63, 14.69, 1, 1, 18, 2.63, 15.08, 1, 1, 18, 4.35, 15.42, 1, 1, 18, 6.59, 15.86, 1, 1, 18, 9.32, 16.4, 1, 1, 18, 9.75, 14.21, 1, 1, 18, 9.97, 13.11, 1, 1, 18, 10.39999, 10.91, 1, 3, 13, 0.35, -13.66, 0.00293, 18, 10.95, 8.13, 0.99706, 19, 6.87, 23.17, 0, 3, 13, 0.6, -11.44, 0.02421, 18, 11.38, 5.93, 0.97575, 19, 7.54, 21.03, 2.0E-5, 3, 13, 0.9, -8.72999, 0.10668, 18, 11.91, 3.26, 0.89313, 19, 8.35999, 18.43, 1.7E-4, 3, 13, 1.15, -6.47, 0.28057, 18, 12.35, 1.03, 0.71873, 19, 9.04, 16.26, 6.9E-4, 3, 13, 1.35, -4.67999, 0.49403, 18, 12.7, -0.73, 0.50432, 19, 9.58, 14.54, 0.00162, 3, 13, 1.52, -3.17, 0.69375, 18, 12.99, -2.22, 0.30346, 19, 10.04, 13.09, 0.00278, 3, 13, 1.59, -2.49, 0.77816, 18, 13.13, -2.89, 0.21899, 19, 10.24, 12.44, 0.00283, 2, 13, 1.82, -0.46, 0.9823, 18, 13.52, -4.89, 0.01768, 2, 13, 2.08, 1.87, 0.96009, 19, 11.56, 8.25, 0.0399, 3, 13, 2.27, 3.62, 0.83952, 18, 14.32, -8.93, 0.00154, 19, 12.09, 6.57, 0.15893, 3, 13, 2.47, 5.37, 0.69634, 18, 14.66, -10.66, 0.00123, 19, 12.61, 4.89, 0.30242, 3, 13, 2.60999, 6.68, 0.59091, 18, 14.91, -11.95, 9.8E-4, 19, 13.01, 3.63, 0.40808, 3, 13, 2.7, 7.48, 0.53603, 18, 15.07, -12.74, 8.7E-4, 19, 13.25, 2.86, 0.46308, 3, 13, 2.84, 8.71, 0.46834, 18, 15.31, -13.96, 7.2E-4, 19, 13.62, 1.68, 0.53092, 3, 13, 3.06, 10.74, 0.42147, 18, 15.7, -15.96, 6.3E-4, 19, 14.23, -0.26, 0.57788, 2, 13, 14.15, -22.92, 0, 18, -4.98999, 12.81, 0.99999, 2, 13, 15.76, -21.85, 0, 18, -6.2, 11.31, 0.99999, 2, 13, 17.03, -20.91, 0, 18, -7.13, 10.03, 0.99999, 3, 13, 18.36, -19.85, 0, 18, -8.07, 8.62, 0.99969, 19, -12.09, 21.57, 3.0E-4, 3, 13, 19.71999, -18.07, 0, 18, -8.84, 6.51, 0.99778, 19, -12.62, 19.39, 0.00221, 3, 13, 20.78, -15.45, 0, 18, -9.06, 3.69, 0.98597, 19, -12.53, 16.57, 0.01402, 2, 18, -8.77, 1.39, 0.95597, 19, -11.99, 14.3, 0.04402, 2, 18, -7.79, -1.30999, 0.90111, 19, -10.72, 11.73, 0.09888, 3, 13, 20.39, -7.4, 0.00315, 18, -6.26, -3.86, 0.77148, 19, -8.93, 9.35999, 0.22536, 3, 13, 18.77, -5.33, 0.03334, 18, -4.1, -5.35, 0.60368, 19, -6.61, 8.10999, 0.36296, 3, 13, 17.12, -3.85, 0.09212, 18, -2.08, -6.26, 0.55185, 19, -4.51, 7.43, 0.356, 3, 13, 15.23, -2.35999, 0.20496, 18, 0.16, -7.12, 0.3767, 19, -2.18, 6.82, 0.41833, 3, 13, 12.87, -1.13, 0.36935, 18, 2.78, -7.58, 0.23687, 19, 0.47, 6.65, 0.39376, 3, 13, 10.59, -0.27, 0.65258, 18, 5.21, -7.71, 0.11435, 19, 2.9, 6.78, 0.23305, 1, 13, 7.91, -0.13, 1, 1, 13, 5.92, -0.36, 1, 2, 13, 4.28, -0.94, 0.91583, 18, 11.03, -5.17999, 0.08416, 3, 13, 2.55, -1.71, 0.83198, 18, 12.45, -3.92, 0.16599, 19, 9.68, 11.35, 0.00201, 3, 13, 21.46, -7.84, 3.2E-4, 18, -7.43, -3.76, 0.81041, 19, -10.09, 9.32, 0.18926, 3, 13, 22.63, -6.04, 0.00189, 18, -8, -5.83, 0.67792, 19, -10.43, 7.21, 0.32018, 2, 18, -8.14, -8.39, 0.43474, 19, -10.3, 4.65, 0.56524, 2, 18, -7.56, -10.92, 0.2398, 19, -9.43999, 2.19, 0.76019, 3, 13, 23.34, 1.8, 5.2E-4, 18, -6.31, -13.53, 0.15176, 19, -7.92, -0.25, 0.8477, 2, 18, -3.96, -15.55, 0.02905, 19, -5.35, -2.01, 0.97094, 2, 18, -1.46, -16.86, 8.6E-4, 19, -2.73, -3.03, 0.99913, 1, 19, -0.08, -3.33, 1, 1, 19, 2.87, -2.99, 1, 1, 19, 5.61, -2.25, 1, 3, 13, 9.21, 8.97, 0.10937, 18, 9.31, -16.12, 0, 19, 7.9, -1.11, 0.89062, 3, 13, 6.91, 8.62, 0.39423, 18, 11.39, -15.09, 3.1E-4, 19, 9.85, 0.12, 0.60544, 3, 13, 5.01, 8.18999, 0.48378, 18, 13.07, -14.11, 7.0E-4, 19, 11.42, 1.28, 0.5155, 1, 18, 2.73, 14.34, 1, 1, 18, 4.81, 14.13, 1, 1, 18, 7.05, 13.76, 1, 2, 13, 10.37, -22.58, 0, 18, -1.27, 13.63, 1, 2, 13, 12.12, -22.38, 0, 18, -2.88, 12.9, 1, 2, 13, 13.78, -21.59, 0, 18, -4.23, 11.66, 0.99999, 2, 13, 15.3, -20.56, 0, 18, -5.37, 10.21, 0.99999, 2, 13, 16.69, -19.62, 0, 18, -6.42, 8.89999, 0.99999, 3, 13, 18.09, -17.89, 0, 18, -7.23, 6.82, 0.99534, 19, -11.06, 19.87999, 0.00465, 3, 13, 18.89, -15.84, 0, 18, -7.37, 4.64, 0.99534, 19, -10.96, 17.69, 0.00465, 2, 18, -7.42, 2.18, 0.98271, 19, -10.73, 15.24, 0.01727, 2, 18, -6.57, -0.66, 0.90111, 19, -9.58, 12.5, 0.09888, 3, 13, 19.26, -8.12, 0.00233, 18, -5.41, -2.83, 0.86272, 19, -8.18999, 10.47, 0.13493, 3, 13, 18.12, -5.7, 0.02591, 18, -3.59, -4.8, 0.69951, 19, -6.17, 8.71, 0.27456, 3, 13, 16.24, -4.12, 0.09212, 18, -1.33, -5.74, 0.55185, 19, -3.81, 8.03, 0.356, 3, 13, 14.41, -2.55, 0.20496, 18, 0.89, -6.69, 0.3767, 19, -1.5, 7.33, 0.41833, 3, 13, 12.52, -1.81, 0.30833, 18, 2.91, -6.82, 0.43282, 19, 0.52, 7.42, 0.25884, 3, 13, 10.55, -1.07, 0.48222, 18, 5.01, -6.93, 0.31245, 19, 2.61999, 7.53, 0.20532, 1, 13, 8.2, -0.77, 1, 2, 13, 6.06, -1.22, 0.77897, 18, 9.25, -5.45, 0.22102, 2, 13, 4.32, -1.67, 0.91583, 18, 10.77, -4.5, 0.08416, 3, 13, 2.76, -2.33999, 0.83198, 18, 12.06, -3.38, 0.16599, 19, 9.24, 11.83, 0.00201, 3, 13, 19.79999, -5.48, 0.01355, 18, -5.12, -5.51, 0.55042, 19, -7.61, 7.84, 0.43601, 3, 13, 21.33, -3.96, 0.00277, 18, -6.13, -7.42, 0.49749, 19, -8.41, 5.83, 0.49973, 3, 13, 21.98, -1.42, 0.00241, 18, -5.98, -10.04, 0.31386, 19, -7.97, 3.24, 0.68372, 3, 13, 21.8, 1.01, 5.2E-4, 18, -5.09, -12.31, 0.15176, 19, -6.83, 1.08, 0.8477, 2, 18, -2.96, -14.62, 0.0272, 19, -4.46, -0.97, 0.97279, 2, 18, -0.92, -15.89, 0.0184, 19, -2.29, -2.01, 0.98159, 1, 19, -0.17, -2.09999, 1, 1, 19, 2.33999, -2.09999, 1, 1, 19, 4.84, -1.78, 1, 2, 13, 9.45, 8.3, 0.0278, 19, 7.4, -0.6, 0.97219, 2, 13, 7.25, 8.06, 0.2059, 19, 9.32, 0.5, 0.79409, 3, 13, 5.01, 7.42, 0.48378, 18, 12.85, -13.38, 7.0E-4, 19, 11.11, 1.98, 0.5155, 1, 18, 1.34, 13.57, 1, 1, 18, 0.66, 12.01, 1, 2, 13, 10.38, -18.84, 0, 18, -0.16, 10.05, 1, 2, 13, 11.82, -16.39, 0, 18, -0.8, 7.28, 1, 2, 13, 12.74, -14.27, 0, 18, -1.04, 4.98999, 1, 1, 18, -1.01, 2.33999, 1, 1, 18, -0.3, -0.4, 1, 3, 13, 13.61, -6.08, 0.09904, 18, 0.58, -3.08, 0.72916, 19, -2.19, 10.88, 0.17179, 3, 13, 12.82, -3.82, 0.2092, 18, 2.02, -5, 0.6282, 19, -0.56, 9.13, 0.16258, 3, 13, 11.12, -2.02, 0.48222, 18, 4.17999, -6.2, 0.31245, 19, 1.71, 8.17, 0.20532, 3, 13, 14, -0.45, 0.16731, 18, 1.91, -8.57, 0.18109, 19, -0.28, 5.57, 0.65159, 3, 13, 15.36, 0.6, 0.16731, 18, 0.93, -9.97999, 0.18109, 19, -1.1, 4.06, 0.65159, 3, 13, 15.81, 2.08, 0.05528, 18, 0.94, -11.53, 0.07802, 19, -0.91, 2.52, 0.86669, 3, 13, 15.93, 3.91, 0.03855, 18, 1.38, -13.32, 0.02255, 19, -0.28, 0.79, 0.93889, 1, 19, 1.13, -0.51, 1, 1, 19, 2.84, -1.44, 1, 1, 18, -0.34, 13.03, 1, 2, 13, 11.85, -20.45, 0, 18, -2.05, 11.15, 1, 2, 13, 13.43, -19.26, 0, 18, -3.2, 9.54, 1, 2, 13, 14.72, -17.87, 0, 18, -4, 7.83, 0.99999, 3, 13, 16.02, -15.93, 0, 18, -4.66, 5.58, 0.99518, 19, -8.37, 18.92, 0.0048, 2, 18, -4.86, 3.46, 0.9851, 19, -8.33, 16.79999, 0.01489, 2, 18, -4.63, 1.26, 0.9761, 19, -7.86, 14.64, 0.02389, 3, 13, 17.03, -9.39999, 6.3E-4, 18, -3.66, -0.94, 0.9382, 19, -6.66, 12.54, 0.06116, 3, 13, 16.5, -7.29, 0.02021, 18, -2.52, -2.8, 0.78994, 19, -5.32, 10.82, 0.18984, 3, 13, 15.6, -5.21, 0.05304, 18, -1.04, -4.5, 0.72446, 19, -3.66, 9.29, 0.22249, 3, 13, 14.11, -3.36, 0.18048, 18, 0.92, -5.82, 0.54764, 19, -1.56, 8.18999, 0.27186, 3, 13, 18.26, -3.38, 0.04272, 18, -3.03, -7.05, 0.39833, 19, -5.36, 6.54, 0.55892, 3, 13, 19.11, -1.46, 0.04272, 18, -3.27, -9.14, 0.39833, 19, -5.37, 4.44, 0.55892, 3, 13, 18.98, 1.32, 0.0143, 18, -2.3, -11.76, 0.1319, 19, -4.12, 1.93, 0.85379, 2, 18, -0.92, -14.02, 0.0184, 19, -2.5, -0.15, 0.98159, 1, 19, -0.41, -1.21, 1, 1, 19, 1.32, -1.54, 1, 1, 18, 4.21999, 13.41, 1, 1, 18, 4.69999, 11.58, 1, 1, 18, 5.19999, 8.42, 1, 1, 18, 5.46, 6.07, 1, 1, 18, 5.72, 3.35, 1, 1, 18, 5.77, 0.79, 1, 3, 13, 8.18999, -5.96, 0.14459, 18, 5.79, -1.56, 0.84587, 19, 2.8, 12.96, 0.00952, 3, 13, 9.35, -3.47, 0.62146, 18, 5.43, -4.28, 0.31444, 19, 2.74, 10.21, 0.06408, 3, 13, 10.64, 0.88, 0.65258, 18, 5.51, -8.83, 0.11435, 19, 3.32, 5.7, 0.23305, 3, 13, 10.26, 2.85, 0.58758, 18, 6.47, -10.6, 0.01591, 19, 4.46999, 4.05, 0.39648, 2, 13, 9.89999, 5.07, 0.20892, 19, 5.69, 2.17, 0.79107, 2, 13, 10.06, 7.26, 0.0278, 19, 6.42, 0.09, 0.97219, 1, 18, 6.64, 12.33, 1, 1, 18, 8.42, 10.32, 1, 3, 13, 2.11999, -13.54, 0.00556, 18, 9.3, 7.48, 0.99443, 19, 5.31, 22.34, 0, 3, 13, 2.42, -10.83, 0.01774, 18, 9.83, 4.81, 0.98224, 19, 6.12, 19.74, 0, 3, 13, 3.26, -7.22, 0.23919, 18, 10.10999, 1.11, 0.76043, 19, 6.8, 16.1, 3.7E-4, 2, 13, 4.5, -4.79, 0.48175, 18, 9.66, -1.57, 0.51823, 2, 13, 6.05, -2.42, 0.77897, 18, 8.89999, -4.29, 0.22102, 1, 13, 6.26, 0.92, 1, 2, 13, 4.96, 2.28, 0.92567, 19, 9.08, 6.71, 0.07432, 3, 13, 4.25, 4.21, 0.74349, 18, 12.61, -10.09, 8.4E-4, 19, 10.51, 5.23, 0.25565, 3, 13, 4.57, 6.38, 0.58294, 18, 12.95, -12.26, 8.1E-4, 19, 11.09, 3.11, 0.41624 ],
				"hull": 54,
				"edges": [ 58, 60, 60, 62, 62, 64, 64, 66, 66, 68, 68, 70, 70, 72, 72, 74, 56, 58, 54, 56, 52, 54, 50, 52, 46, 48, 48, 50, 44, 46, 42, 44, 40, 42, 38, 40, 36, 38, 34, 36, 32, 34, 30, 32, 28, 30, 26, 28, 24, 26, 22, 24, 18, 20, 20, 22, 18, 16, 16, 14, 14, 12, 12, 10, 10, 8, 8, 6, 6, 4, 4, 2, 2, 0, 0, 106, 102, 104, 104, 106, 88, 90, 100, 102, 74, 76, 76, 78, 78, 80, 80, 82, 82, 84, 84, 86, 86, 88, 90, 92, 92, 94, 94, 96, 96, 98, 98, 100 ],
				"width": 33,
				"height": 23
			}
		},
		"Rodney_ship_armor_normal": {
			"Ship_armor_normal": { "name": "Rodney_ship_armor_normal", "x": 49.55, "y": 30.44, "width": 330, "height": 330 }
		}
	}
},
"events": {
	"Antiaircraft": {},
	"attack_point": {},
	"damage_point": {},
	"throw_point": {}
},
"animations": {
	"Antiaircraft": {
		"slots": {
			"Light_Body": {
				"attachment": [
					{ "time": 0, "name": null },
					{ "time": 0.0666, "name": "Body_light_change" },
					{ "time": 0.5, "name": null },
					{ "time": 0.6, "name": "Body_light_change" },
					{ "time": 1.2666, "name": null },
					{ "time": 1.3666, "name": "Body_light_change" },
					{ "time": 2, "name": null }
				],
				"color": [
					{ "time": 0.0666, "color": "ffffffff" },
					{ "time": 0.1666, "color": "ffffff00" },
					{ "time": 0.2, "color": "ffffffff" },
					{ "time": 0.3333, "color": "ffffff00" },
					{ "time": 0.3666, "color": "ffffffff" },
					{ "time": 0.4666, "color": "ffffff00" },
					{ "time": 0.6, "color": "ffffffff" },
					{ "time": 0.7333, "color": "ffffff00" },
					{ "time": 0.8, "color": "ffffffff" },
					{ "time": 0.9, "color": "ffffff00" },
					{ "time": 0.9666, "color": "ffffffff" },
					{ "time": 1.1, "color": "ffffff00" },
					{ "time": 1.1333, "color": "ffffffff" },
					{ "time": 1.2333, "color": "ffffff00" },
					{ "time": 1.3666, "color": "ffffffff" },
					{ "time": 1.4666, "color": "ffffff00" },
					{ "time": 1.5333, "color": "ffffffff" },
					{ "time": 1.6333, "color": "ffffff00" },
					{ "time": 1.7, "color": "ffffffff" },
					{ "time": 1.8333, "color": "ffffff00" },
					{ "time": 1.8666, "color": "ffffffff" },
					{ "time": 1.9666, "color": "ffffff00" }
				]
			},
			"Light_Ship": {
				"attachment": [
					{ "time": 0, "name": null },
					{ "time": 0.0666, "name": "Ship_light_change" },
					{ "time": 0.5, "name": null },
					{ "time": 0.6, "name": "Ship_light_change" },
					{ "time": 1.2666, "name": null },
					{ "time": 1.3666, "name": "Ship_light_change" },
					{ "time": 2, "name": null }
				],
				"color": [
					{ "time": 0.0666, "color": "ffffffff" },
					{ "time": 0.1666, "color": "ffffff00" },
					{ "time": 0.2, "color": "ffffffff" },
					{ "time": 0.3333, "color": "ffffff00" },
					{ "time": 0.3666, "color": "ffffffff" },
					{ "time": 0.4666, "color": "ffffff00" },
					{ "time": 0.6, "color": "ffffffff" },
					{ "time": 0.7333, "color": "ffffff00" },
					{ "time": 0.8, "color": "ffffffff" },
					{ "time": 0.9, "color": "ffffff00" },
					{ "time": 0.9666, "color": "ffffffff" },
					{ "time": 1.1, "color": "ffffff00" },
					{ "time": 1.1333, "color": "ffffffff" },
					{ "time": 1.2333, "color": "ffffff00" },
					{ "time": 1.3666, "color": "ffffffff" },
					{ "time": 1.4666, "color": "ffffff00" },
					{ "time": 1.5333, "color": "ffffffff" },
					{ "time": 1.6333, "color": "ffffff00" },
					{ "time": 1.7, "color": "ffffffff" },
					{ "time": 1.8333, "color": "ffffff00" },
					{ "time": 1.8666, "color": "ffffffff" },
					{ "time": 1.9666, "color": "ffffff00" }
				]
			},
			"Rodney_cap_normal_light": {
				"attachment": [
					{ "time": 0, "name": null },
					{ "time": 0.0666, "name": "Cap_change_light" },
					{ "time": 0.5, "name": null },
					{ "time": 0.6, "name": "Cap_change_light" },
					{ "time": 1.2666, "name": null },
					{ "time": 1.3666, "name": "Cap_change_light" },
					{ "time": 2, "name": null }
				],
				"color": [
					{ "time": 0.0666, "color": "ffffffff" },
					{ "time": 0.1666, "color": "ffffff00" },
					{ "time": 0.2, "color": "ffffffff" },
					{ "time": 0.3333, "color": "ffffff00" },
					{ "time": 0.3666, "color": "ffffffff" },
					{ "time": 0.4666, "color": "ffffff00" },
					{ "time": 0.6, "color": "ffffffff" },
					{ "time": 0.7333, "color": "ffffff00" },
					{ "time": 0.8, "color": "ffffffff" },
					{ "time": 0.9, "color": "ffffff00" },
					{ "time": 0.9666, "color": "ffffffff" },
					{ "time": 1.1, "color": "ffffff00" },
					{ "time": 1.1333, "color": "ffffffff" },
					{ "time": 1.2333, "color": "ffffff00" },
					{ "time": 1.3666, "color": "ffffffff" },
					{ "time": 1.4666, "color": "ffffff00" },
					{ "time": 1.5333, "color": "ffffffff" },
					{ "time": 1.6333, "color": "ffffff00" },
					{ "time": 1.7, "color": "ffffffff" },
					{ "time": 1.8333, "color": "ffffff00" },
					{ "time": 1.8666, "color": "ffffffff" },
					{ "time": 1.9666, "color": "ffffff00" }
				]
			},
			"Rodney_ship_armor_normal": {
				"attachment": [
					{ "time": 0, "name": "Ship_armor_normal" }
				]
			},
			"Rodney_ship_armor_normal_02_light": {
				"attachment": [
					{ "time": 0, "name": null },
					{ "time": 0.0666, "name": "Rodney_ship_armor_normal_02_light" },
					{ "time": 0.5, "name": null },
					{ "time": 0.6, "name": "Rodney_ship_armor_normal_02_light" },
					{ "time": 1.2666, "name": null },
					{ "time": 1.3666, "name": "Rodney_ship_armor_normal_02_light" },
					{ "time": 2, "name": null }
				],
				"color": [
					{ "time": 0.0666, "color": "ffffffff" },
					{ "time": 0.1666, "color": "ffffff00" },
					{ "time": 0.2, "color": "ffffffff" },
					{ "time": 0.3333, "color": "ffffff00" },
					{ "time": 0.3666, "color": "ffffffff" },
					{ "time": 0.4666, "color": "ffffff00" },
					{ "time": 0.6, "color": "ffffffff" },
					{ "time": 0.7333, "color": "ffffff00" },
					{ "time": 0.8, "color": "ffffffff" },
					{ "time": 0.9, "color": "ffffff00" },
					{ "time": 0.9666, "color": "ffffffff" },
					{ "time": 1.1, "color": "ffffff00" },
					{ "time": 1.1333, "color": "ffffffff" },
					{ "time": 1.2333, "color": "ffffff00" },
					{ "time": 1.3666, "color": "ffffffff" },
					{ "time": 1.4666, "color": "ffffff00" },
					{ "time": 1.5333, "color": "ffffffff" },
					{ "time": 1.6333, "color": "ffffff00" },
					{ "time": 1.7, "color": "ffffffff" },
					{ "time": 1.8333, "color": "ffffff00" },
					{ "time": 1.8666, "color": "ffffffff" },
					{ "time": 1.9666, "color": "ffffff00" }
				]
			}
		},
		"bones": {
			"Body": {
				"rotate": [
					{ "time": 0, "angle": 0, "curve": "stepped" },
					{ "time": 2, "angle": 0 }
				],
				"translate": [
					{ "time": 0, "x": 0, "y": 0, "curve": "stepped" },
					{ "time": 2, "x": 0, "y": 0 }
				]
			},
			"Ship": {
				"rotate": [
					{ "time": 0, "angle": 0, "curve": "stepped" },
					{ "time": 2, "angle": 0 }
				],
				"translate": [
					{
						"time": 0,
						"x": 0,
						"y": 0,
						"curve": [ 0.319, 0.33, 0.653, 0.66 ]
					},
					{
						"time": 0.5,
						"x": 1.79,
						"y": 0,
						"curve": [ 0.289, 0.43, 0.622, 0.73 ]
					},
					{
						"time": 1.5,
						"x": -2.75,
						"y": 0,
						"curve": [ 0.487, 0.33, 0.657, 0.5 ]
					},
					{ "time": 2, "x": 0, "y": 0 }
				]
			},
			"Root_All": {
				"rotate": [
					{ "time": 0, "angle": 0, "curve": "stepped" },
					{ "time": 2, "angle": 0 }
				],
				"translate": [
					{
						"time": 0,
						"x": 0,
						"y": 0,
						"curve": [ 0.255, 0.35, 0.6, 0.7 ]
					},
					{
						"time": 0.5,
						"x": 0,
						"y": -9.82,
						"curve": [ 0.3, 0.39, 0.641, 0.74 ]
					},
					{
						"time": 1,
						"x": 0,
						"y": -15.66,
						"curve": [ 0.322, 0.37, 0.652, 0.7 ]
					},
					{
						"time": 1.5,
						"x": 0,
						"y": -7.79,
						"curve": [ 0.314, 0.36, 0.644, 0.68 ]
					},
					{ "time": 2, "x": 0, "y": 0 }
				]
			},
			"Ship_All": {
				"rotate": [
					{ "time": 0, "angle": 0, "curve": "stepped" },
					{ "time": 2, "angle": 0 }
				],
				"translate": [
					{ "time": 0, "x": 0, "y": 0, "curve": "stepped" },
					{ "time": 2, "x": 0, "y": 0 }
				]
			},
			"Face": {
				"rotate": [
					{ "time": 0, "angle": 0, "curve": "stepped" },
					{ "time": 2, "angle": 0 }
				],
				"translate": [
					{
						"time": 0,
						"x": 0,
						"y": 0,
						"curve": [ 0.286, 0.34, 0.623, 0.67 ]
					},
					{
						"time": 0.5,
						"x": 0.64,
						"y": 0,
						"curve": [ 0.282, 0.37, 0.624, 0.71 ]
					},
					{
						"time": 1.5,
						"x": -1.28,
						"y": 0,
						"curve": [ 0.321, 0.37, 0.656, 0.71 ]
					},
					{ "time": 2, "x": 0, "y": 0 }
				]
			},
			"Item_02": {
				"rotate": [
					{ "time": 0, "angle": 0 },
					{ "time": 0.5, "angle": -3.2 },
					{ "time": 1.5, "angle": 4.6 },
					{ "time": 2, "angle": 0 }
				],
				"translate": [
					{ "time": 0, "x": 0, "y": 0 },
					{ "time": 0.5, "x": 3.74, "y": -0.67 },
					{ "time": 1.5, "x": -2.07, "y": -0.16 },
					{ "time": 2, "x": 0, "y": 0 }
				]
			},
			"Item_01": {
				"translate": [
					{ "time": 0, "x": 0, "y": 0 },
					{ "time": 0.5, "x": 3.13, "y": -1.21 },
					{ "time": 1.5, "x": -1.14, "y": 1.03 },
					{ "time": 2, "x": 0, "y": 0 }
				]
			},
			"Item_00": {
				"rotate": [
					{ "time": 0, "angle": 0 },
					{ "time": 0.5, "angle": -4.19 },
					{ "time": 1.5, "angle": 6.05 },
					{ "time": 2, "angle": 0 }
				],
				"translate": [
					{ "time": 0, "x": 0, "y": 0 },
					{ "time": 0.5, "x": 4.6, "y": -1.92 },
					{ "time": 1.5, "x": -0.91, "y": 0.38 },
					{ "time": 2, "x": 0, "y": 0 }
				]
			},
			"Obai_L": {
				"rotate": [
					{ "time": 0, "angle": 0 },
					{ "time": 0.5, "angle": 4.08 },
					{ "time": 1.5, "angle": -0.18 },
					{ "time": 2, "angle": 0 }
				],
				"translate": [
					{ "time": 0, "x": 0, "y": 0 },
					{ "time": 0.5, "x": -0.81, "y": 0.21 },
					{ "time": 1.5, "x": 0.41, "y": -0.26 },
					{ "time": 2, "x": 0, "y": 0 }
				]
			},
			"Obai_all": {
				"rotate": [
					{ "time": 0, "angle": 0 },
					{ "time": 0.5, "angle": 3.18 },
					{ "time": 1.5, "angle": -1.54 },
					{ "time": 2, "angle": 0 }
				],
				"translate": [
					{ "time": 0, "x": 0, "y": 0 },
					{ "time": 0.5, "x": 1.44, "y": -0.05 },
					{ "time": 1.5, "x": -0.92, "y": -0.6 },
					{ "time": 2, "x": 0, "y": 0 }
				]
			},
			"Obai_R": {
				"rotate": [
					{ "time": 0, "angle": 0 },
					{ "time": 0.5, "angle": 14.8 },
					{ "time": 1.5, "angle": 0.92 },
					{ "time": 2, "angle": 0 }
				],
				"translate": [
					{ "time": 0, "x": 0, "y": 0 },
					{ "time": 0.5, "x": -0.49, "y": 0.35 },
					{ "time": 1.5, "x": -0.21, "y": -0.05 },
					{ "time": 2, "x": 0, "y": 0 }
				]
			},
			"Cap_00": {
				"rotate": [
					{ "time": 0, "angle": 0 },
					{ "time": 0.5, "angle": 4.6 },
					{ "time": 1.5, "angle": -3.42 },
					{ "time": 2, "angle": 0 }
				]
			}
		},
		"events": [
			{ "time": 0.0666, "name": "Antiaircraft" }
		]
	},
	"attack": {
		"slots": {
			"Light_Body": {
				"attachment": [
					{ "time": 0, "name": null },
					{ "time": 0.1, "name": "Body_light_change" }
				],
				"color": [
					{ "time": 0.5333, "color": "fffffffb" },
					{ "time": 0.8333, "color": "ffffff00" }
				]
			},
			"Light_Ship": {
				"attachment": [
					{ "time": 0, "name": null },
					{ "time": 0.1, "name": "Ship_light_change" },
					{ "time": 0.5, "name": "Ship_light_change" }
				],
				"color": [
					{ "time": 0.5333, "color": "fffffffc" },
					{ "time": 0.8333, "color": "ffffff00" }
				]
			},
			"Rodney_cap_normal_light": {
				"attachment": [
					{ "time": 0, "name": null },
					{ "time": 0.1, "name": "Cap_change_light" }
				],
				"color": [
					{ "time": 0.5333, "color": "ffffffff" },
					{ "time": 0.8333, "color": "ffffff00" }
				]
			},
			"Rodney_ship_armor_normal": {
				"attachment": [
					{ "time": 0, "name": "Ship_armor_normal" },
					{ "time": 0.9, "name": "Ship_armor_normal" },
					{ "time": 1.6666, "name": "Ship_armor_normal" }
				]
			},
			"Rodney_ship_armor_normal_02_light": {
				"attachment": [
					{ "time": 0, "name": null },
					{ "time": 0.1, "name": "Rodney_ship_armor_normal_02_light" }
				],
				"color": [
					{ "time": 0.5333, "color": "ffffffff" },
					{ "time": 0.8333, "color": "ffffff00" }
				]
			}
		},
		"bones": {
			"Root_All": {
				"rotate": [
					{ "time": 0, "angle": 0, "curve": "stepped" },
					{ "time": 1.6666, "angle": 0 }
				],
				"translate": [
					{
						"time": 0,
						"x": 0,
						"y": 0,
						"curve": [ 0.255, 0.35, 0.6, 0.7 ]
					},
					{ "time": 0.0666, "x": 8.69, "y": 0 },
					{ "time": 0.1666, "x": -87.44, "y": 0 },
					{ "time": 0.3333, "x": -61.04, "y": 0 },
					{ "time": 0.5333, "x": -69.84, "y": 0 },
					{ "time": 1, "x": -85.6, "y": 0 },
					{ "time": 1.4, "x": 15.07, "y": 0 },
					{ "time": 1.6666, "x": 0, "y": 0 }
				]
			},
			"Ship": {
				"rotate": [
					{
						"time": 0,
						"angle": 0,
						"curve": [ 0.219, 0.41, 0.591, 0.77 ]
					},
					{ "time": 0.0666, "angle": -357.51 },
					{ "time": 0.1666, "angle": -363.25 },
					{ "time": 0.3333, "angle": -362.08 },
					{ "time": 1.4, "angle": -358.29 },
					{ "time": 1.6666, "angle": 0 }
				],
				"translate": [
					{
						"time": 0,
						"x": 0,
						"y": 0,
						"curve": [ 0.319, 0.33, 0.653, 0.66 ]
					},
					{ "time": 0.0666, "x": 0.81, "y": 0.6 },
					{ "time": 0.1666, "x": 6.07, "y": -0.21 },
					{ "time": 0.3333, "x": 4.52, "y": -2.2 },
					{ "time": 1, "x": 2.26, "y": -1.7 },
					{ "time": 1.4, "x": -0.3, "y": -1.89 },
					{ "time": 1.6666, "x": 0, "y": 0 }
				]
			},
			"Face": {
				"rotate": [
					{ "time": 0, "angle": 0, "curve": "stepped" },
					{ "time": 1.6666, "angle": 0 }
				],
				"translate": [
					{
						"time": 0,
						"x": 0,
						"y": 0,
						"curve": [ 0.286, 0.34, 0.623, 0.67 ]
					},
					{ "time": 0.1666, "x": 0, "y": 3.4 },
					{ "time": 0.3333, "x": 0, "y": -0.66 },
					{ "time": 0.9, "x": 0, "y": -1.2 },
					{ "time": 1, "x": 0, "y": -0.44 },
					{ "time": 1.4, "x": 0, "y": -5.01 },
					{ "time": 1.6666, "x": 0, "y": 0 }
				]
			},
			"Ship_All": {
				"rotate": [
					{ "time": 0, "angle": 0, "curve": "stepped" },
					{ "time": 1.6666, "angle": 0 }
				],
				"translate": [
					{ "time": 0, "x": 0, "y": 0, "curve": "stepped" },
					{ "time": 1.6666, "x": 0, "y": 0 }
				]
			},
			"Body": {
				"rotate": [
					{ "time": 0, "angle": 0, "curve": "stepped" },
					{ "time": 1.6666, "angle": 0 }
				],
				"translate": [
					{ "time": 0, "x": 0, "y": 0, "curve": "stepped" },
					{ "time": 1.6666, "x": 0, "y": 0 }
				]
			},
			"Attack_Point": {
				"rotate": [
					{ "time": 0.0666, "angle": 0 }
				],
				"translate": [
					{ "time": 0.0666, "x": 0, "y": 0 }
				]
			},
			"Item_02": {
				"rotate": [
					{ "time": 0, "angle": 0 },
					{ "time": 0.1, "angle": 8.58 },
					{ "time": 0.1666, "angle": -15.78 },
					{ "time": 0.2666, "angle": 13.61 },
					{ "time": 0.3666, "angle": -12.08 },
					{ "time": 0.5, "angle": 5.37 },
					{ "time": 0.7, "angle": 0.1 },
					{ "time": 1.1, "angle": 10.7 },
					{ "time": 1.4, "angle": -3.97 },
					{ "time": 1.6666, "angle": 0 }
				],
				"translate": [
					{ "time": 0, "x": 0, "y": 0, "curve": "stepped" },
					{ "time": 1.6666, "x": 0, "y": 0 }
				]
			},
			"Item_01": {
				"rotate": [
					{ "time": 0, "angle": 0 },
					{ "time": 0.0666, "angle": 7.52 },
					{ "time": 0.1333, "angle": -15.96 },
					{ "time": 0.2333, "angle": 2.95 },
					{ "time": 0.3666, "angle": -15.5 },
					{ "time": 0.5, "angle": -3.92 },
					{ "time": 0.6666, "angle": -8.88 },
					{ "time": 1.0666, "angle": 8.48 },
					{ "time": 1.4, "angle": -7.37 },
					{ "time": 1.6666, "angle": 0 }
				],
				"translate": [
					{ "time": 0, "x": 0, "y": 0, "curve": "stepped" },
					{ "time": 1.6666, "x": 0, "y": 0 }
				]
			},
			"Item_00": {
				"rotate": [
					{ "time": 0, "angle": 0 },
					{ "time": 0.1333, "angle": 15.14 },
					{ "time": 0.2, "angle": -12.32 },
					{ "time": 0.3, "angle": 13.41 },
					{ "time": 0.3666, "angle": -9.25 },
					{ "time": 0.5, "angle": 2.8 },
					{ "time": 0.7333, "angle": -1.1 },
					{ "time": 1.1666, "angle": 15.07 },
					{ "time": 1.4, "angle": -5.68 },
					{ "time": 1.6666, "angle": 0 }
				],
				"translate": [
					{ "time": 0, "x": 0, "y": 0, "curve": "stepped" },
					{ "time": 1.6666, "x": 0, "y": 0 }
				]
			},
			"Obai_L": {
				"rotate": [
					{ "time": 0, "angle": 0 },
					{ "time": 0.1, "angle": -4.72 },
					{ "time": 0.2333, "angle": -0.49 },
					{ "time": 0.4, "angle": 12.14 },
					{ "time": 0.5333, "angle": -5.4 },
					{ "time": 0.7, "angle": 3.29 },
					{ "time": 0.9666, "angle": -0.49 },
					{ "time": 1.2333, "angle": 3.29 },
					{ "time": 1.4666, "angle": -0.49 },
					{ "time": 1.6666, "angle": 0 }
				],
				"translate": [
					{ "time": 0, "x": 0, "y": 0 },
					{ "time": 0.1, "x": -0.53, "y": -1.59 },
					{ "time": 0.2333, "x": 2.43, "y": 0.18 },
					{ "time": 0.4, "x": -1.18, "y": 0.75 },
					{ "time": 0.5333, "x": 0.53, "y": 0.7 },
					{ "time": 0.7, "x": 0, "y": -1.56 },
					{ "time": 0.9666, "x": 1.09, "y": 0 },
					{ "time": 1.2333, "x": 0, "y": -1.56 },
					{ "time": 1.4666, "x": 1.09, "y": 0 },
					{ "time": 1.6666, "x": 0, "y": 0 }
				]
			},
			"Obai_all": {
				"rotate": [
					{ "time": 0, "angle": 0 },
					{ "time": 0.0666, "angle": 8.59 },
					{ "time": 0.2, "angle": 351.82 },
					{ "time": 0.3333, "angle": 0.03 },
					{ "time": 0.5, "angle": -3.42 },
					{ "time": 0.7, "angle": 0.03 },
					{ "time": 0.9333, "angle": -2.88 },
					{ "time": 1.1666, "angle": 0.03 },
					{ "time": 1.4333, "angle": -2.88 },
					{ "time": 1.6666, "angle": 0 }
				],
				"translate": [
					{ "time": 0, "x": 0, "y": 0 },
					{ "time": 0.0666, "x": 1.18, "y": -0.66 },
					{ "time": 0.2, "x": -1.42, "y": 1.78 },
					{ "time": 0.3333, "x": 2.91, "y": 0.96 },
					{ "time": 0.5, "x": -2.46, "y": 2.48 },
					{ "time": 0.7, "x": 1.18, "y": -0.66 },
					{ "time": 0.9333, "x": 0.43, "y": 1.44 },
					{ "time": 1.1666, "x": 1.18, "y": -0.66 },
					{ "time": 1.4333, "x": 0.43, "y": 1.44 },
					{ "time": 1.6666, "x": 0, "y": 0 }
				]
			},
			"Obai_R": {
				"rotate": [
					{ "time": 0, "angle": 0 },
					{ "time": 0.0666, "angle": 21.35 },
					{ "time": 0.2, "angle": 14.29 },
					{ "time": 0.3333, "angle": -331.94 },
					{ "time": 0.5, "angle": 3.97 },
					{ "time": 0.7, "angle": 21.76 },
					{ "time": 0.9333, "angle": 19.91 },
					{ "time": 1.1666, "angle": 21.76 },
					{ "time": 1.4333, "angle": 19.91 },
					{ "time": 1.6666, "angle": 0 }
				],
				"translate": [
					{ "time": 0, "x": 0, "y": 0 },
					{ "time": 0.0666, "x": -0.38, "y": 1.22 },
					{ "time": 0.2, "x": -1.11, "y": 3.56 },
					{ "time": 0.3333, "x": -0.77, "y": 3.54 },
					{ "time": 0.5, "x": -1.08, "y": 2.39 },
					{ "time": 0.7, "x": -0.62, "y": 1.23 },
					{ "time": 0.9333, "x": -0.21, "y": 2.2 },
					{ "time": 1.1666, "x": -0.62, "y": 1.23 },
					{ "time": 1.4333, "x": -0.21, "y": 2.2 },
					{ "time": 1.6666, "x": 0, "y": 0 }
				]
			}
		},
		"events": [
			{ "time": 0.0666, "name": "attack_point" }
		]
	},
	"damage": {
		"slots": {
			"Light_Body": {
				"attachment": [
					{ "time": 0, "name": null },
					{ "time": 0.0666, "name": "Body_light_change" },
					{ "time": 0.7666, "name": null }
				],
				"color": [
					{ "time": 0.5333, "color": "fffffffc" },
					{ "time": 0.7666, "color": "ffffff00" }
				]
			},
			"Light_Ship": {
				"attachment": [
					{ "time": 0, "name": null },
					{ "time": 0.0666, "name": "Ship_light_change" },
					{ "time": 0.7666, "name": null }
				],
				"color": [
					{ "time": 0.5333, "color": "fffffffc" },
					{ "time": 0.7666, "color": "ffffff00" }
				]
			},
			"Rodney_body_normal": {
				"color": [
					{ "time": 0.0666, "color": "8c4c51ff", "curve": "stepped" },
					{ "time": 0.7666, "color": "8c4c51ff" },
					{ "time": 1.1333, "color": "ffffffff" }
				]
			},
			"Rodney_cap_normal": {
				"color": [
					{ "time": 0.0666, "color": "8c4c51ff", "curve": "stepped" },
					{ "time": 0.7666, "color": "8c4c51ff" },
					{ "time": 1.1333, "color": "ffffffff" }
				]
			},
			"Rodney_cap_normal_light": {
				"attachment": [
					{ "time": 0, "name": null },
					{ "time": 0.0666, "name": "Cap_change_light" }
				],
				"color": [
					{ "time": 0.5333, "color": "ffffffff" },
					{ "time": 0.7666, "color": "ffffff00" }
				]
			},
			"Rodney_eyes_normal": {
				"attachment": [
					{ "time": 0.0666, "name": "Rodney_eyes_damage" },
					{ "time": 1.1333, "name": "Rodney_eyes_normal" }
				],
				"color": [
					{ "time": 0.0666, "color": "8c4c51ff", "curve": "stepped" },
					{ "time": 0.7666, "color": "8c4c51ff" },
					{ "time": 1.1333, "color": "ffffffff" }
				]
			},
			"Rodney_obai_normal": {
				"color": [
					{ "time": 0.0666, "color": "8c4c51ff", "curve": "stepped" },
					{ "time": 0.7666, "color": "8c4c51ff" },
					{ "time": 1.1333, "color": "ffffffff" }
				]
			},
			"Rodney_ship_armor_normal": {
				"attachment": [
					{ "time": 0, "name": "Ship_armor_normal" },
					{ "time": 0.8666, "name": "Ship_armor_normal" },
					{ "time": 1.1666, "name": "Ship_armor_normal" }
				],
				"color": [
					{ "time": 0.0666, "color": "8c4c51ff", "curve": "stepped" },
					{ "time": 0.7666, "color": "8c4c51ff" },
					{ "time": 1.1333, "color": "ffffffff" }
				]
			},
			"Rodney_ship_armor_normal_00": {
				"color": [
					{ "time": 0.0666, "color": "8c4c51ff", "curve": "stepped" },
					{ "time": 0.7666, "color": "8c4c51ff" },
					{ "time": 1.1333, "color": "ffffffff" }
				]
			},
			"Rodney_ship_armor_normal_01": {
				"color": [
					{ "time": 0.0666, "color": "8c4c51ff", "curve": "stepped" },
					{ "time": 0.7666, "color": "8c4c51ff" },
					{ "time": 1.1333, "color": "ffffffff" }
				]
			},
			"Rodney_ship_armor_normal_02": {
				"color": [
					{ "time": 0.0666, "color": "8c4c51ff", "curve": "stepped" },
					{ "time": 0.7666, "color": "8c4c51ff" },
					{ "time": 1.1333, "color": "ffffffff" }
				]
			},
			"Rodney_ship_armor_normal_02_light": {
				"attachment": [
					{ "time": 0, "name": null },
					{ "time": 0.0666, "name": "Rodney_ship_armor_normal_02_light" }
				],
				"color": [
					{ "time": 0.0666, "color": "ffffffff", "curve": "stepped" },
					{ "time": 0.5333, "color": "ffffffff" },
					{ "time": 0.7666, "color": "ffffff00" }
				]
			}
		},
		"bones": {
			"Root_All": {
				"rotate": [
					{ "time": 0, "angle": 0, "curve": "stepped" },
					{ "time": 1.1666, "angle": 0 }
				],
				"translate": [
					{
						"time": 0,
						"x": 0,
						"y": 0,
						"curve": [ 0.255, 0.35, 0.6, 0.7 ]
					},
					{ "time": 0.0666, "x": -27.67, "y": -23.16 },
					{ "time": 0.1333, "x": 20.98, "y": 15.35 },
					{ "time": 0.2333, "x": -19.78, "y": -15.62 },
					{ "time": 0.3666, "x": 14.36, "y": 8.59 },
					{ "time": 0.5666, "x": -3.37, "y": -4.5 },
					{ "time": 0.8666, "x": 5.63, "y": 2.25 },
					{ "time": 1.1666, "x": 0, "y": 0 }
				]
			},
			"Ship": {
				"rotate": [
					{
						"time": 0,
						"angle": 0,
						"curve": [ 0.219, 0.41, 0.591, 0.77 ]
					},
					{ "time": 0.0666, "angle": -354.41 },
					{ "time": 0.1333, "angle": -364.42 },
					{ "time": 0.2333, "angle": -358.04 },
					{ "time": 0.3666, "angle": -361.36 },
					{ "time": 1.1666, "angle": 0 }
				],
				"translate": [
					{
						"time": 0,
						"x": 0,
						"y": 0,
						"curve": [ 0.319, 0.33, 0.653, 0.66 ]
					},
					{ "time": 0.0666, "x": -3.15, "y": -2.52 },
					{ "time": 0.1333, "x": 5.59, "y": 0.55 },
					{ "time": 0.2333, "x": -3.77, "y": -1.39 },
					{ "time": 0.3666, "x": 1.18, "y": 0.69 },
					{ "time": 1.1666, "x": 0, "y": 0 }
				]
			},
			"Face": {
				"rotate": [
					{ "time": 0, "angle": 0, "curve": "stepped" },
					{ "time": 1.1666, "angle": 0 }
				],
				"translate": [
					{
						"time": 0,
						"x": 0,
						"y": 0,
						"curve": [ 0.286, 0.34, 0.623, 0.67 ]
					},
					{ "time": 0.0666, "x": -5.44, "y": 0 },
					{ "time": 0.1333, "x": -0.44, "y": 0 },
					{ "time": 0.2333, "x": -5.06, "y": 0 },
					{ "time": 0.3666, "x": -2.01, "y": 0 },
					{ "time": 1.1666, "x": 0, "y": 0 }
				]
			},
			"Ship_All": {
				"rotate": [
					{ "time": 0, "angle": 0, "curve": "stepped" },
					{ "time": 1.1666, "angle": 0 }
				],
				"translate": [
					{ "time": 0, "x": 0, "y": 0, "curve": "stepped" },
					{ "time": 1.1666, "x": 0, "y": 0 }
				]
			},
			"Body": {
				"rotate": [
					{ "time": 0, "angle": 0, "curve": "stepped" },
					{ "time": 1.1666, "angle": 0 }
				],
				"translate": [
					{ "time": 0, "x": 0, "y": 0, "curve": "stepped" },
					{ "time": 1.1666, "x": 0, "y": 0 }
				]
			},
			"Damage_Point": {
				"rotate": [
					{ "time": 0.0666, "angle": 0 }
				],
				"translate": [
					{ "time": 0.0666, "x": 0, "y": 0 }
				]
			},
			"Item_02": {
				"rotate": [
					{ "time": 0, "angle": 0 },
					{ "time": 0.0333, "angle": -14.45 },
					{ "time": 0.0666, "angle": -5.4 },
					{ "time": 0.1, "angle": 12.7 },
					{ "time": 0.2, "angle": -6.73 },
					{ "time": 0.2666, "angle": 5.44 },
					{ "time": 0.5333, "angle": -10.82 },
					{ "time": 0.8, "angle": 6.97 },
					{ "time": 0.9666, "angle": -3.56 },
					{ "time": 1.1666, "angle": 0 }
				]
			},
			"Item_01": {
				"rotate": [
					{ "time": 0, "angle": 0 },
					{ "time": 0.0333, "angle": -14.45 },
					{ "time": 0.0666, "angle": -5.4 },
					{ "time": 0.1, "angle": 12.7 },
					{ "time": 0.2, "angle": -6.73 },
					{ "time": 0.3, "angle": 5.44 },
					{ "time": 0.5666, "angle": -10.82 },
					{ "time": 0.8333, "angle": 6.97 },
					{ "time": 1, "angle": -3.56 },
					{ "time": 1.1666, "angle": 0 }
				]
			},
			"Item_00": {
				"rotate": [
					{ "time": 0, "angle": 0 },
					{ "time": 0.0333, "angle": -14.45 },
					{ "time": 0.0666, "angle": -5.4 },
					{ "time": 0.1, "angle": 12.7 },
					{ "time": 0.2, "angle": -6.73 },
					{ "time": 0.3666, "angle": 5.44 },
					{ "time": 0.6, "angle": -10.82 },
					{ "time": 0.8666, "angle": 6.97 },
					{ "time": 1.0333, "angle": -3.56 },
					{ "time": 1.1666, "angle": 0 }
				]
			},
			"Obai_all": {
				"rotate": [
					{ "time": 0, "angle": 0 },
					{ "time": 0.1333, "angle": 343.27 },
					{ "time": 0.2666, "angle": 0.03 },
					{ "time": 0.4, "angle": 343.27 },
					{ "time": 0.5666, "angle": 0.03 },
					{ "time": 0.7666, "angle": -2.88 },
					{ "time": 0.9666, "angle": 0.03 },
					{ "time": 1.1666, "angle": 0 }
				],
				"translate": [
					{ "time": 0, "x": 0, "y": 0 },
					{ "time": 0.1333, "x": -1.42, "y": 1.78 },
					{ "time": 0.2666, "x": 2.91, "y": 0.96 },
					{ "time": 0.4, "x": -1.42, "y": 1.78 },
					{ "time": 0.5666, "x": 2.91, "y": 0.96 },
					{ "time": 0.7666, "x": 0.43, "y": 1.44 },
					{ "time": 0.9666, "x": 1.18, "y": -0.66 },
					{ "time": 1.1666, "x": 0, "y": 0 }
				]
			},
			"Obai_L": {
				"rotate": [
					{ "time": 0, "angle": 0 },
					{ "time": 0.1666, "angle": -0.49 },
					{ "time": 0.3, "angle": -335.75 },
					{ "time": 0.4666, "angle": -0.49 },
					{ "time": 0.6, "angle": -335.75 },
					{ "time": 0.8, "angle": -0.49 },
					{ "time": 1, "angle": 3.29 },
					{ "time": 1.1666, "angle": 0 }
				],
				"translate": [
					{ "time": 0, "x": 0, "y": 0 },
					{ "time": 0.1666, "x": 2.43, "y": 0.18 },
					{ "time": 0.3, "x": -1.18, "y": 0.75 },
					{ "time": 0.4666, "x": 2.43, "y": 0.18 },
					{ "time": 0.6, "x": -1.18, "y": 0.75 },
					{ "time": 0.8, "x": 1.09, "y": 0 },
					{ "time": 1, "x": 0, "y": -1.56 },
					{ "time": 1.1666, "x": 0, "y": 0 }
				]
			},
			"Obai_R": {
				"rotate": [
					{ "time": 0, "angle": 0 },
					{ "time": 0.1333, "angle": 14.29 },
					{ "time": 0.2666, "angle": -331.94 },
					{ "time": 0.4, "angle": 14.29 },
					{ "time": 0.5666, "angle": -331.94 },
					{ "time": 0.7666, "angle": 19.91 },
					{ "time": 0.9666, "angle": 21.76 },
					{ "time": 1.1666, "angle": 0 }
				],
				"translate": [
					{ "time": 0, "x": 0, "y": 0 },
					{ "time": 0.1333, "x": -1.11, "y": 3.56 },
					{ "time": 0.2666, "x": -0.77, "y": 3.54 },
					{ "time": 0.4, "x": -1.11, "y": 3.56 },
					{ "time": 0.5666, "x": -0.77, "y": 3.54 },
					{ "time": 0.7666, "x": -0.21, "y": 2.2 },
					{ "time": 0.9666, "x": -0.62, "y": 1.23 },
					{ "time": 1.1666, "x": 0, "y": 0 }
				]
			}
		},
		"events": [
			{ "time": 0.0666, "name": "damage_point" }
		]
	},
	"normal": {
		"slots": {
			"Light_Body": {
				"attachment": [
					{ "time": 0, "name": null },
					{ "time": 0.8, "name": null }
				]
			},
			"Light_Ship": {
				"attachment": [
					{ "time": 0, "name": null }
				]
			},
			"Rodney_cap_normal_light": {
				"attachment": [
					{ "time": 0, "name": null }
				]
			},
			"Rodney_ship_armor_normal_02_light": {
				"attachment": [
					{ "time": 0, "name": null }
				]
			}
		},
		"bones": {
			"Root_All": {
				"rotate": [
					{ "time": 0, "angle": 0, "curve": "stepped" },
					{ "time": 2, "angle": 0 }
				],
				"translate": [
					{
						"time": 0,
						"x": 0,
						"y": 0,
						"curve": [ 0.255, 0.35, 0.6, 0.7 ]
					},
					{
						"time": 0.5,
						"x": 0,
						"y": -9.82,
						"curve": [ 0.3, 0.39, 0.641, 0.74 ]
					},
					{
						"time": 1,
						"x": 0,
						"y": -15.66,
						"curve": [ 0.322, 0.37, 0.652, 0.7 ]
					},
					{
						"time": 1.5,
						"x": 0,
						"y": -7.79,
						"curve": [ 0.314, 0.36, 0.644, 0.68 ]
					},
					{ "time": 2, "x": 0, "y": 0 }
				]
			},
			"Ship_All": {
				"rotate": [
					{ "time": 0, "angle": 0, "curve": "stepped" },
					{ "time": 2, "angle": 0 }
				],
				"translate": [
					{ "time": 0, "x": 0, "y": 0, "curve": "stepped" },
					{ "time": 2, "x": 0, "y": 0 }
				]
			},
			"Body": {
				"rotate": [
					{ "time": 0, "angle": 0, "curve": "stepped" },
					{ "time": 2, "angle": 0 }
				],
				"translate": [
					{ "time": 0, "x": 0, "y": 0, "curve": "stepped" },
					{ "time": 2, "x": 0, "y": 0 }
				]
			},
			"Face": {
				"rotate": [
					{ "time": 0, "angle": 0, "curve": "stepped" },
					{ "time": 2, "angle": 0 }
				],
				"translate": [
					{
						"time": 0,
						"x": 0,
						"y": 0,
						"curve": [ 0.286, 0.34, 0.623, 0.67 ]
					},
					{
						"time": 0.5,
						"x": 0.64,
						"y": 0,
						"curve": [ 0.282, 0.37, 0.624, 0.71 ]
					},
					{
						"time": 1.5,
						"x": -1.28,
						"y": 0,
						"curve": [ 0.321, 0.37, 0.656, 0.71 ]
					},
					{ "time": 2, "x": 0, "y": 0 }
				]
			},
			"Ship": {
				"rotate": [
					{ "time": 0, "angle": 0, "curve": "stepped" },
					{ "time": 2, "angle": 0 }
				],
				"translate": [
					{
						"time": 0,
						"x": 0,
						"y": 0,
						"curve": [ 0.319, 0.33, 0.653, 0.66 ]
					},
					{
						"time": 0.5,
						"x": 1.79,
						"y": 0,
						"curve": [ 0.289, 0.43, 0.622, 0.73 ]
					},
					{
						"time": 1.5,
						"x": -2.75,
						"y": 0,
						"curve": [ 0.487, 0.33, 0.657, 0.5 ]
					},
					{ "time": 2, "x": 0, "y": 0 }
				]
			},
			"Item_02": {
				"rotate": [
					{ "time": 0, "angle": 0 },
					{ "time": 0.5, "angle": -3.2 },
					{ "time": 1.5, "angle": 4.6 },
					{ "time": 2, "angle": 0 }
				],
				"translate": [
					{ "time": 0, "x": 0, "y": 0 },
					{ "time": 0.5, "x": 3.74, "y": -0.67 },
					{ "time": 1.5, "x": -2.07, "y": -0.16 },
					{ "time": 2, "x": 0, "y": 0 }
				]
			},
			"Item_01": {
				"translate": [
					{ "time": 0, "x": 0, "y": 0 },
					{ "time": 0.5, "x": 3.13, "y": -1.21 },
					{ "time": 1.5, "x": -1.14, "y": 1.03 },
					{ "time": 2, "x": 0, "y": 0 }
				]
			},
			"Item_00": {
				"rotate": [
					{ "time": 0, "angle": 0 },
					{ "time": 0.5, "angle": -4.19 },
					{ "time": 1.5, "angle": 6.05 },
					{ "time": 2, "angle": 0 }
				],
				"translate": [
					{ "time": 0, "x": 0, "y": 0 },
					{ "time": 0.5, "x": 4.6, "y": -1.92 },
					{ "time": 1.5, "x": -0.91, "y": 0.38 },
					{ "time": 2, "x": 0, "y": 0 }
				]
			},
			"Obai_L": {
				"rotate": [
					{ "time": 0, "angle": 0 },
					{ "time": 0.5, "angle": 4.08 },
					{ "time": 1.5, "angle": -0.18 },
					{ "time": 2, "angle": 0 }
				],
				"translate": [
					{ "time": 0, "x": 0, "y": 0 },
					{ "time": 0.5, "x": -0.81, "y": 0.21 },
					{ "time": 1.5, "x": 0.41, "y": -0.26 },
					{ "time": 2, "x": 0, "y": 0 }
				]
			},
			"Obai_all": {
				"rotate": [
					{ "time": 0, "angle": 0 },
					{ "time": 0.5, "angle": 3.18 },
					{ "time": 1.5, "angle": -1.54 },
					{ "time": 2, "angle": 0 }
				],
				"translate": [
					{ "time": 0, "x": 0, "y": 0 },
					{ "time": 0.5, "x": 1.44, "y": -0.05 },
					{ "time": 1.5, "x": -0.92, "y": -0.6 },
					{ "time": 2, "x": 0, "y": 0 }
				]
			},
			"Obai_R": {
				"rotate": [
					{ "time": 0, "angle": 0 },
					{ "time": 0.5, "angle": 14.8 },
					{ "time": 1.5, "angle": 0.92 },
					{ "time": 2, "angle": 0 }
				],
				"translate": [
					{ "time": 0, "x": 0, "y": 0 },
					{ "time": 0.5, "x": -0.49, "y": 0.35 },
					{ "time": 1.5, "x": -0.21, "y": -0.05 },
					{ "time": 2, "x": 0, "y": 0 }
				]
			},
			"Cap_00": {
				"rotate": [
					{ "time": 0, "angle": 0 },
					{ "time": 0.5, "angle": 4.6 },
					{ "time": 1.5, "angle": -3.42 },
					{ "time": 2, "angle": 0 }
				]
			}
		}
	},
	"throw": {
		"slots": {
			"Light_Body": {
				"attachment": [
					{ "time": 0, "name": null }
				]
			},
			"Light_Ship": {
				"attachment": [
					{ "time": 0, "name": null }
				]
			},
			"Rodney_cap_normal_light": {
				"attachment": [
					{ "time": 0, "name": null }
				]
			},
			"Rodney_ship_armor_normal": {
				"attachment": [
					{ "time": 0, "name": "Ship_armor_normal" },
					{ "time": 1.3333, "name": "Ship_armor_normal" }
				]
			},
			"Rodney_ship_armor_normal_02_light": {
				"attachment": [
					{ "time": 0, "name": null }
				]
			}
		},
		"bones": {
			"Face": {
				"rotate": [
					{ "time": 0, "angle": 0, "curve": "stepped" },
					{ "time": 1.3333, "angle": 0 }
				],
				"translate": [
					{
						"time": 0,
						"x": 0,
						"y": 0,
						"curve": [ 0.286, 0.34, 0.623, 0.67 ]
					},
					{ "time": 0.3333, "x": 0, "y": -0.7 },
					{ "time": 0.5666, "x": 0, "y": 0.14 },
					{ "time": 1.3333, "x": 0, "y": 0 }
				]
			},
			"Root_All": {
				"rotate": [
					{ "time": 0, "angle": 0, "curve": "stepped" },
					{ "time": 1.3333, "angle": 0 }
				],
				"translate": [
					{
						"time": 0,
						"x": 0,
						"y": 0,
						"curve": [ 0.255, 0.35, 0.6, 0.7 ]
					},
					{ "time": 0.6333, "x": -66.66, "y": 0 },
					{ "time": 0.9666, "x": -10.42, "y": -12.42 },
					{ "time": 1.3333, "x": 0, "y": 0 }
				]
			},
			"Ship": {
				"rotate": [
					{
						"time": 0,
						"angle": 0,
						"curve": [ 0.219, 0.41, 0.591, 0.77 ]
					},
					{ "time": 0.3333, "angle": -358.17 },
					{ "time": 0.5666, "angle": -359.21 },
					{ "time": 0.6333, "angle": -363.41 },
					{ "time": 0.7333, "angle": -366.44 },
					{ "time": 0.9666, "angle": -356.42 },
					{ "time": 1.1666, "angle": -361.45 },
					{ "time": 1.3333, "angle": 0 }
				],
				"translate": [
					{
						"time": 0,
						"x": 0,
						"y": 0,
						"curve": [ 0.319, 0.33, 0.653, 0.66 ]
					},
					{ "time": 0.3333, "x": -0.7, "y": -1.37 },
					{ "time": 0.5666, "x": 0, "y": 0.77 },
					{ "time": 0.6333, "x": 1.43, "y": 1.35 },
					{ "time": 0.7333, "x": -0.38, "y": 0.95 },
					{ "time": 0.9666, "x": -0.19, "y": -2.63 },
					{ "time": 1.3333, "x": 0, "y": 0 }
				]
			},
			"Body": {
				"rotate": [
					{
						"time": 0,
						"angle": 0,
						"curve": [ 0.219, 0.41, 0.591, 0.77 ]
					},
					{
						"time": 0.6333,
						"angle": -3.17,
						"curve": [ 0.32, 0.36, 0.653, 0.69 ]
					},
					{
						"time": 0.7333,
						"angle": 0.61,
						"curve": [ 0.319, 0.37, 0.652, 0.7 ]
					},
					{
						"time": 0.9666,
						"angle": -1.72,
						"curve": [ 0.32, 0.38, 0.654, 0.71 ]
					},
					{ "time": 1.3333, "angle": 0 }
				],
				"translate": [
					{
						"time": 0,
						"x": 0,
						"y": 0,
						"curve": [ 0.219, 0.41, 0.591, 0.77 ]
					},
					{
						"time": 0.3333,
						"x": -15.86,
						"y": 0,
						"curve": [ 0.193, 0.39, 0.58, 0.9 ]
					},
					{
						"time": 0.5666,
						"x": -19.36,
						"y": 0,
						"curve": [ 0.142, 0.42, 0.647, 0.94 ]
					},
					{ "time": 0.6333, "x": 92.18, "y": -6.3 },
					{ "time": 0.7333, "x": 111.33, "y": 0 },
					{ "time": 1.3333, "x": 0, "y": 0 }
				]
			},
			"Ship_All": {
				"rotate": [
					{ "time": 0, "angle": 0, "curve": "stepped" },
					{ "time": 1.3333, "angle": 0 }
				],
				"translate": [
					{ "time": 0, "x": 0, "y": 0, "curve": "stepped" },
					{ "time": 1.3333, "x": 0, "y": 0 }
				]
			},
			"Throw_Point": {
				"rotate": [
					{ "time": 0.6333, "angle": 0 }
				],
				"translate": [
					{ "time": 0.6333, "x": 0, "y": 0 }
				]
			},
			"Item_02": {
				"rotate": [
					{ "time": 0, "angle": 0 },
					{ "time": 0.1333, "angle": 4.78 },
					{ "time": 0.3666, "angle": -5.01 },
					{ "time": 0.6333, "angle": -8.85 },
					{ "time": 0.7, "angle": 0.85 },
					{ "time": 0.8666, "angle": -11.74 },
					{ "time": 1.0333, "angle": 6.36 },
					{ "time": 1.2, "angle": -3.01 },
					{ "time": 1.3333, "angle": 0 }
				],
				"translate": [
					{ "time": 0, "x": 0, "y": 0 },
					{ "time": 0.7, "x": -0.08, "y": -0.74 },
					{ "time": 0.8666, "x": 5.15, "y": -7.81 },
					{ "time": 1.3333, "x": 0, "y": 0 }
				]
			},
			"Item_01": {
				"rotate": [
					{ "time": 0, "angle": 0 },
					{ "time": 0.0666, "angle": 4.78 },
					{ "time": 0.3, "angle": -5.01 },
					{ "time": 0.6, "angle": -8.85 },
					{ "time": 0.7, "angle": 0.85 },
					{ "time": 0.9, "angle": -11.74 },
					{ "time": 1.0333, "angle": 6.36 },
					{ "time": 1.2, "angle": -10.76 },
					{ "time": 1.3333, "angle": 0 }
				],
				"translate": [
					{ "time": 0, "x": 0, "y": 0 },
					{ "time": 0.6, "x": 6.98, "y": -3.21 },
					{ "time": 0.7, "x": 1.9, "y": -1.26 },
					{ "time": 1.3333, "x": 0, "y": 0 }
				]
			},
			"Item_00": {
				"rotate": [
					{ "time": 0, "angle": 0 },
					{ "time": 0.1, "angle": 4.78 },
					{ "time": 0.3333, "angle": -5.01 },
					{ "time": 0.6333, "angle": -8.85 },
					{ "time": 0.7, "angle": 0.85 },
					{ "time": 0.9, "angle": -11.74 },
					{ "time": 1.0333, "angle": 6.36 },
					{ "time": 1.2, "angle": -4.06 },
					{ "time": 1.3333, "angle": 0 }
				],
				"translate": [
					{ "time": 0, "x": 0, "y": 0 },
					{ "time": 0.3333, "x": 2.16, "y": -1.08 },
					{ "time": 0.6333, "x": -0.31, "y": 4.9 },
					{ "time": 0.7, "x": -3.46, "y": 5.92 },
					{ "time": 0.9, "x": 1.32, "y": -0.25 },
					{ "time": 1.0333, "x": 2.82, "y": -1.38 },
					{ "time": 1.2, "x": 0.69, "y": 1.49 },
					{ "time": 1.3333, "x": 0, "y": 0 }
				]
			},
			"Obai_L": {
				"rotate": [
					{ "time": 0, "angle": 0 },
					{ "time": 0.3333, "angle": -5.4 },
					{ "time": 0.6, "angle": 3.29 },
					{ "time": 0.7, "angle": -335.75 },
					{ "time": 0.8333, "angle": -0.49, "curve": "stepped" },
					{ "time": 1, "angle": -0.49 },
					{ "time": 1.1666, "angle": 3.29 },
					{ "time": 1.3333, "angle": 0 }
				],
				"translate": [
					{ "time": 0, "x": 0, "y": 0 },
					{ "time": 0.3333, "x": 0.53, "y": 0.7 },
					{ "time": 0.6, "x": 0, "y": -1.56 },
					{ "time": 0.7, "x": -1.18, "y": 0.75 },
					{ "time": 0.8333, "x": 1.09, "y": 0 },
					{ "time": 1, "x": 2.43, "y": 0.18 },
					{ "time": 1.1666, "x": 0, "y": -1.56 },
					{ "time": 1.3333, "x": 0, "y": 0 }
				]
			},
			"Obai_all": {
				"rotate": [
					{ "time": 0, "angle": 0 },
					{ "time": 0.3333, "angle": -2.73 },
					{ "time": 0.6, "angle": 0.03, "curve": "stepped" },
					{ "time": 0.7, "angle": 0.03 },
					{ "time": 0.8333, "angle": -2.88 },
					{ "time": 1, "angle": -6.05 },
					{ "time": 1.1666, "angle": 0.03 },
					{ "time": 1.3333, "angle": 0 }
				],
				"translate": [
					{ "time": 0, "x": 0, "y": 0 },
					{ "time": 0.3333, "x": -2.46, "y": 2.48 },
					{ "time": 0.6, "x": 1.18, "y": -0.66 },
					{ "time": 0.7, "x": 2.91, "y": 0.96 },
					{ "time": 0.8333, "x": 0.43, "y": 1.44 },
					{ "time": 1, "x": -0.69, "y": 0.56 },
					{ "time": 1.1666, "x": 1.18, "y": -0.66 },
					{ "time": 1.3333, "x": 0, "y": 0 }
				]
			},
			"Obai_R": {
				"rotate": [
					{ "time": 0, "angle": 0 },
					{ "time": 0.3666, "angle": 3.97 },
					{ "time": 0.6333, "angle": 21.76 },
					{ "time": 0.7, "angle": -331.94 },
					{ "time": 0.8666, "angle": 19.91 },
					{ "time": 1.0666, "angle": 14.29 },
					{ "time": 1.2, "angle": 21.76 },
					{ "time": 1.3333, "angle": 0 }
				],
				"translate": [
					{ "time": 0, "x": 0, "y": 0 },
					{ "time": 0.3666, "x": -1.08, "y": 2.39 },
					{ "time": 0.6333, "x": -0.62, "y": 1.23 },
					{ "time": 0.7, "x": -0.77, "y": 3.54 },
					{ "time": 0.8666, "x": -0.21, "y": 2.2 },
					{ "time": 1.0666, "x": -1.11, "y": 3.56 },
					{ "time": 1.2, "x": -0.62, "y": 1.23 },
					{ "time": 1.3333, "x": 0, "y": 0 }
				]
			}
		},
		"events": [
			{ "time": 0.7, "name": "throw_point" }
		]
	},
	"wreck": {
		"slots": {
			"Light_Body": {
				"attachment": [
					{ "time": 0, "name": null }
				]
			},
			"Light_Ship": {
				"attachment": [
					{ "time": 0, "name": null }
				]
			},
			"Rodney_cap_normal_light": {
				"attachment": [
					{ "time": 0, "name": null }
				]
			},
			"Rodney_eyes_normal": {
				"attachment": [
					{ "time": 0, "name": "Rodney_eyes_damage" }
				]
			},
			"Rodney_ship_armor_normal_02_light": {
				"attachment": [
					{ "time": 0, "name": null }
				]
			}
		},
		"bones": {
			"Root_All": {
				"rotate": [
					{ "time": 0, "angle": 0, "curve": "stepped" },
					{ "time": 2, "angle": 0 }
				],
				"translate": [
					{
						"time": 0,
						"x": 0,
						"y": 0,
						"curve": [ 0.255, 0.35, 0.6, 0.7 ]
					},
					{
						"time": 0.5,
						"x": 0,
						"y": -9.82,
						"curve": [ 0.3, 0.39, 0.641, 0.74 ]
					},
					{
						"time": 1,
						"x": 0,
						"y": -15.66,
						"curve": [ 0.322, 0.37, 0.652, 0.7 ]
					},
					{
						"time": 1.5,
						"x": 0,
						"y": -7.79,
						"curve": [ 0.314, 0.36, 0.644, 0.68 ]
					},
					{ "time": 2, "x": 0, "y": 0 }
				]
			},
			"Ship_All": {
				"rotate": [
					{ "time": 0, "angle": 0, "curve": "stepped" },
					{ "time": 2, "angle": 0 }
				],
				"translate": [
					{ "time": 0, "x": 0, "y": 0, "curve": "stepped" },
					{ "time": 2, "x": 0, "y": 0 }
				]
			},
			"Body": {
				"rotate": [
					{ "time": 0, "angle": 0, "curve": "stepped" },
					{ "time": 2, "angle": 0 }
				],
				"translate": [
					{ "time": 0, "x": 0, "y": 0, "curve": "stepped" },
					{ "time": 2, "x": 0, "y": 0 }
				]
			},
			"Face": {
				"rotate": [
					{ "time": 0, "angle": 0, "curve": "stepped" },
					{ "time": 2, "angle": 0 }
				],
				"translate": [
					{
						"time": 0,
						"x": 0,
						"y": 0,
						"curve": [ 0.286, 0.34, 0.623, 0.67 ]
					},
					{
						"time": 0.5,
						"x": 0.64,
						"y": 0,
						"curve": [ 0.282, 0.37, 0.624, 0.71 ]
					},
					{
						"time": 1.5,
						"x": -1.28,
						"y": 0,
						"curve": [ 0.321, 0.37, 0.656, 0.71 ]
					},
					{ "time": 2, "x": 0, "y": 0 }
				]
			},
			"Ship": {
				"rotate": [
					{ "time": 0, "angle": 0, "curve": "stepped" },
					{ "time": 2, "angle": 0 }
				],
				"translate": [
					{
						"time": 0,
						"x": 0,
						"y": 0,
						"curve": [ 0.319, 0.33, 0.653, 0.66 ]
					},
					{
						"time": 0.5,
						"x": 1.79,
						"y": 0,
						"curve": [ 0.289, 0.43, 0.622, 0.73 ]
					},
					{
						"time": 1.5,
						"x": -2.75,
						"y": 0,
						"curve": [ 0.487, 0.33, 0.657, 0.5 ]
					},
					{ "time": 2, "x": 0, "y": 0 }
				]
			},
			"Item_02": {
				"rotate": [
					{ "time": 0, "angle": 0 },
					{ "time": 0.5, "angle": -3.2 },
					{ "time": 1.5, "angle": 4.6 },
					{ "time": 2, "angle": 0 }
				],
				"translate": [
					{ "time": 0, "x": 0, "y": 0 },
					{ "time": 0.5, "x": 3.74, "y": -0.67 },
					{ "time": 1.5, "x": -2.07, "y": -0.16 },
					{ "time": 2, "x": 0, "y": 0 }
				]
			},
			"Item_01": {
				"translate": [
					{ "time": 0, "x": 0, "y": 0 },
					{ "time": 0.5, "x": 3.13, "y": -1.21 },
					{ "time": 1.5, "x": -1.14, "y": 1.03 },
					{ "time": 2, "x": 0, "y": 0 }
				]
			},
			"Item_00": {
				"rotate": [
					{ "time": 0, "angle": 0 },
					{ "time": 0.5, "angle": -4.19 },
					{ "time": 1.5, "angle": 6.05 },
					{ "time": 2, "angle": 0 }
				],
				"translate": [
					{ "time": 0, "x": 0, "y": 0 },
					{ "time": 0.5, "x": 4.6, "y": -1.92 },
					{ "time": 1.5, "x": -0.91, "y": 0.38 },
					{ "time": 2, "x": 0, "y": 0 }
				]
			},
			"Obai_all": {
				"rotate": [
					{ "time": 0, "angle": 0 },
					{ "time": 0.5, "angle": 3.18 },
					{ "time": 1.5, "angle": -1.54 },
					{ "time": 2, "angle": 0 }
				],
				"translate": [
					{ "time": 0, "x": 0, "y": 0 },
					{ "time": 0.5, "x": 1.44, "y": -0.05 },
					{ "time": 1.5, "x": -0.92, "y": -0.6 },
					{ "time": 2, "x": 0, "y": 0 }
				]
			},
			"Obai_R": {
				"rotate": [
					{ "time": 0, "angle": 0 },
					{ "time": 0.5, "angle": 14.8 },
					{ "time": 1.5, "angle": 0.92 },
					{ "time": 2, "angle": 0 }
				],
				"translate": [
					{ "time": 0, "x": 0, "y": 0 },
					{ "time": 0.5, "x": -0.49, "y": 0.35 },
					{ "time": 1.5, "x": -0.21, "y": -0.05 },
					{ "time": 2, "x": 0, "y": 0 }
				]
			},
			"Obai_L": {
				"rotate": [
					{ "time": 0, "angle": 0 },
					{ "time": 0.5, "angle": 4.08 },
					{ "time": 1.5, "angle": -0.18 },
					{ "time": 2, "angle": 0 }
				],
				"translate": [
					{ "time": 0, "x": 0, "y": 0 },
					{ "time": 0.5, "x": -0.81, "y": 0.21 },
					{ "time": 1.5, "x": 0.41, "y": -0.26 },
					{ "time": 2, "x": 0, "y": 0 }
				]
			},
			"Cap_00": {
				"rotate": [
					{ "time": 0, "angle": 0 },
					{ "time": 0.5, "angle": 4.6 },
					{ "time": 1.5, "angle": -3.42 },
					{ "time": 2, "angle": 0 }
				]
			}
		}
	}
}
}