{
"skeleton": { "hash": "Y3WpqVU4Aylmed+FHOT++4FyLfw", "spine": "3.2.01", "width": 308.38, "height": 308.21, "images": "" },
"bones": [
	{ "name": "Root_All", "x": 9.22, "y": 22.94, "scaleX": 1.01, "scaleY": 1.01 },
	{ "name": "Ship_All", "parent": "Root_All" },
	{ "name": "Body", "parent": "Ship_All", "length": 255.84, "rotation": 89.93, "x": -7.35, "y": -22.7, "scaleY": 1.01 },
	{ "name": "Antiaircraft", "parent": "Body", "length": 44.62, "rotation": -72.51, "x": 203.98, "y": -53.98 },
	{ "name": "Attack_Point", "parent": "Body", "length": 25.69, "rotation": -87.64, "x": 114.83, "y": -78.48 },
	{ "name": "fish", "parent": "Body", "length": 94.44, "rotation": -76.85, "x": 42.2, "y": 2.3 },
	{ "name": "B1", "parent": "fish", "length": 35.25, "rotation": -171.23, "x": 5.17, "y": -37.25 },
	{ "name": "B2", "parent": "fish", "length": 44.19, "rotation": -11, "x": 56.57, "y": -43.34 },
	{ "name": "Girl", "parent": "Body", "length": 104.5, "rotation": -0.45, "x": 57.04, "y": 6.08 },
	{ "name": "BB", "parent": "Girl", "length": 6.44, "rotation": 8.43, "x": 59.72, "y": -9.71 },
	{ "name": "Damage_Point", "parent": "Body", "length": 22.56, "rotation": -64.94, "x": 92.67, "y": -0.54 },
	{ "name": "Dialogue", "parent": "Body", "length": 57.85, "rotation": -90, "x": 188.67, "y": -42.48 },
	{ "name": "Expression", "parent": "Body", "length": 46.33, "rotation": -42.65, "x": 204.77, "y": -27.87 },
	{ "name": "Head", "parent": "Girl", "length": 66.72, "rotation": -0.45, "x": 73.76, "y": 4.35 },
	{ "name": "Face", "parent": "Head", "length": 66.94, "rotation": -89.09, "x": 47.91, "y": 21 },
	{ "name": "Hand_L", "parent": "Girl", "length": 27.16, "rotation": -144.96, "x": 62.78, "y": 13.33 },
	{ "name": "L2", "parent": "Hand_L", "length": 20.54, "rotation": 12.18, "x": 27.41, "y": 1.01 },
	{ "name": "Q", "parent": "Girl", "length": 63.71, "rotation": 102.31, "x": 16.52, "y": 9.33 },
	{ "name": "Smoke_L1", "parent": "Body", "length": 51.75, "rotation": -54.55, "x": 95.72, "y": -18.74 },
	{ "name": "Smoke_R1", "parent": "Body", "length": 79.5, "rotation": 21.87, "x": 99.73, "y": 53.73 },
	{ "name": "Throw_Point", "parent": "Body", "length": 24.91, "rotation": -88.64, "x": 115.94, "y": -80.35 },
	{ "name": "b1", "parent": "BB", "length": 5.22, "rotation": -10.78, "x": -1.52, "y": 11.64 },
	{ "name": "b2", "parent": "BB", "length": 4.72, "rotation": 2.93, "x": -4.27, "y": -8.76 },
	{ "name": "bl", "parent": "BB", "length": 7.25, "rotation": -9.9, "x": -11.41, "y": 12.09 },
	{ "name": "br", "parent": "BB", "length": 7.54, "rotation": -9.82, "x": -14.9, "y": -9.47 },
	{ "name": "hair1", "parent": "Head", "length": 109.59, "rotation": 169.42, "x": 90.2, "y": 22.44 },
	{ "name": "hair2", "parent": "Head", "length": 100.77, "rotation": -168.48, "x": 90.84, "y": -18.07 },
	{ "name": "hair_D", "parent": "Head", "length": 27.83, "rotation": -10.93, "x": 112.7, "y": -8.37 },
	{ "name": "leg", "parent": "Girl", "length": 34.23, "rotation": -117.86, "x": 8.1, "y": 13.94 }
],
"slots": [
	{ "name": "hair2", "bone": "hair2", "attachment": "hair2" },
	{ "name": "hair1", "bone": "hair1", "attachment": "hair1" },
	{ "name": "hair_light", "bone": "hair2", "attachment": "hair_light", "blend": "additive" },
	{ "name": "hair_light2", "bone": "hair2", "attachment": "hair_light2", "blend": "additive" },
	{ "name": "Rodney_body_normal", "bone": "Girl", "attachment": "Rodney_body_normal" },
	{ "name": "head", "bone": "Head", "attachment": "head" },
	{ "name": "head_light", "bone": "Head", "attachment": "head_light", "blend": "additive" },
	{ "name": "Rodney_eyes_normal", "bone": "Face", "attachment": "Rodney_eyes_normal" },
	{ "name": "BB", "bone": "BB", "attachment": "BB" },
	{ "name": "hand_L", "bone": "Hand_L", "attachment": "hand_L" },
	{ "name": "B2", "bone": "B2", "attachment": "B2" },
	{ "name": "fish", "bone": "fish", "attachment": "change" },
	{ "name": "fish_light", "bone": "fish", "attachment": "fish_light", "blend": "additive" },
	{ "name": "fish_light2", "bone": "fish", "attachment": "fish_light2", "blend": "additive" },
	{ "name": "B1", "bone": "B1", "attachment": "B1" },
	{ "name": "leg", "bone": "leg", "attachment": "leg" },
	{ "name": "L2", "bone": "L2", "attachment": "hand_L2" },
	{ "name": "Q", "bone": "Q", "attachment": "change" },
	{ "name": "hair_D", "bone": "hair_D", "attachment": "hair_D" },
	{ "name": "head_light2", "bone": "Head", "attachment": "head_light2", "blend": "additive" }
],
"skins": {
	"default": {
		"B1": {
			"B1": { "x": -25.8, "y": -120.32, "rotation": 158.35, "width": 300, "height": 300 }
		},
		"B2": {
			"B2": { "x": -68.02, "y": 118.02, "rotation": -2.02, "width": 300, "height": 300 }
		},
		"BB": {
			"BB": {
				"type": "weightedmesh",
				"uvs": [ 1, 0.1122, 1, 0.20071, 1, 0.3507, 1, 0.49715, 1, 0.60968, 1, 0.72209, 1, 0.8482, 1, 0.92328, 1, 1, 0.93187, 1, 0.86957, 1, 0.80503, 1, 0.71744, 1, 0.6575, 1, 0.60934, 1, 0.53098, 1, 0.45727, 1, 0.39953, 1, 0.32572, 1, 0.28425, 1, 0.18051, 1, 0.12067, 1, 0.06305, 1, 0, 1, 0, 0.92911, 0, 0.84043, 0, 0.73833, 0, 0.65306, 0, 0.57456, 0, 0.45184, 0, 0.31566, 0, 0.21676, 0, 0.09757, 0, 0, 0.05059, 0, 0.11511, 0, 0.20725, 0, 0.29251, 0, 0.40313, 0, 0.51372, 0, 0.58979, 0, 0.67968, 0, 0.78337, 0, 0.86171, 0, 0.93088, 0, 1, 0, 0.14585, 0.09576, 0.09686, 0.1879, 0.04262, 0.28867, 0.06434, 0.66031, 0.10785, 0.73562, 0.20688, 0.75342, 0.30362, 0.7678, 0.38193, 0.77862, 0.42543, 0.85734, 0.64208, 0.84879, 0.70227, 0.77086, 0.81292, 0.76149, 0.89613, 0.69056, 0.95175, 0.60238, 0.94615, 0.23768, 0.8865, 0.16225, 0.83382, 0.07324, 0.60337, 0.07487, 0.49245, 0.15922, 0.4004, 0.12443, 0.30831, 0.09986, 0.23227, 0.09928, 0.11834, 0.38126, 0.14547, 0.52802, 0.23742, 0.59007, 0.35037, 0.58072, 0.44079, 0.42805, 0.54909, 0.43229, 0.61543, 0.56912, 0.75138, 0.57017, 0.86468, 0.46539, 0.82617, 0.27766, 0.48349, 0.73169, 0.59181, 0.72912, 0.28033, 0.19166, 0.63064, 0.18073, 0.52929, 0.79217, 0.52753, 0.85751, 0.52723, 0.9409 ],
				"triangles": [ 44, 45, 0, 61, 44, 0, 61, 62, 44, 61, 0, 1, 60, 61, 1, 77, 62, 61, 77, 61, 60, 60, 1, 2, 2, 76, 77, 2, 77, 60, 76, 2, 3, 74, 73, 75, 76, 73, 77, 76, 75, 73, 59, 76, 3, 75, 76, 59, 59, 3, 4, 58, 75, 59, 59, 4, 5, 58, 59, 5, 79, 78, 74, 78, 71, 74, 57, 75, 58, 56, 74, 75, 56, 75, 57, 79, 74, 56, 82, 78, 79, 58, 5, 6, 57, 58, 6, 55, 79, 56, 82, 79, 55, 83, 82, 55, 10, 11, 57, 84, 54, 83, 55, 84, 83, 14, 15, 84, 16, 84, 15, 55, 14, 84, 12, 13, 55, 14, 55, 13, 56, 11, 55, 57, 11, 56, 11, 12, 55, 10, 57, 6, 7, 10, 6, 9, 10, 7, 9, 7, 8, 48, 31, 47, 30, 31, 48, 48, 47, 68, 68, 29, 30, 68, 30, 48, 72, 69, 68, 29, 68, 69, 28, 29, 69, 80, 72, 68, 72, 70, 69, 71, 70, 72, 49, 27, 28, 69, 49, 28, 49, 69, 70, 50, 49, 70, 26, 27, 49, 26, 49, 50, 51, 50, 70, 52, 70, 71, 53, 52, 71, 51, 70, 52, 78, 53, 71, 25, 26, 50, 54, 53, 78, 54, 78, 82, 83, 54, 82, 21, 22, 24, 22, 23, 24, 25, 21, 24, 50, 21, 25, 50, 51, 21, 20, 21, 51, 19, 20, 51, 52, 19, 51, 52, 18, 19, 54, 52, 53, 54, 18, 52, 17, 18, 54, 54, 16, 17, 84, 16, 54, 62, 42, 43, 63, 40, 41, 44, 62, 43, 81, 63, 41, 62, 41, 42, 62, 81, 41, 77, 81, 62, 77, 73, 81, 46, 35, 36, 32, 33, 34, 67, 36, 37, 46, 36, 67, 66, 37, 38, 67, 37, 66, 34, 46, 32, 46, 34, 35, 47, 32, 46, 80, 67, 66, 31, 32, 47, 47, 80, 68, 67, 47, 46, 80, 47, 67, 80, 66, 65, 65, 66, 38, 39, 65, 38, 64, 65, 39, 39, 40, 63, 64, 39, 63, 64, 63, 81, 64, 80, 65, 73, 72, 64, 81, 73, 64, 72, 80, 64, 73, 74, 72, 72, 74, 71 ],
				"vertices": [ 2, 22, -1.17999, -12.99, 0.38056, 24, 12.04, -9.93, 0.61943, 2, 22, -3.79, -12.5, 0.27679, 24, 9.39, -10.03, 0.7232, 2, 22, -8.22, -11.67, 0.0863, 24, 4.89, -10.2, 0.91369, 2, 22, -12.54, -10.86, 0.00434, 24, 0.5, -10.35999, 0.99565, 1, 24, -2.86, -10.49, 1, 1, 24, -6.23, -10.61, 1, 1, 24, -10.01, -10.76, 1, 1, 24, -12.26, -10.84, 1, 1, 24, -14.56, -10.93, 1, 2, 23, -14.37, -30.58, 4.7E-4, 24, -14.67, -7.93, 0.99952, 3, 9, -25.95, -13.18, 5.6E-4, 23, -14.47, -27.84, 0.00398, 24, -14.78, -5.19, 0.99544, 3, 9, -25.57, -10.35999, 0.00465, 23, -14.58, -25.01, 0.01504, 24, -14.88, -2.34999, 0.98029, 5, 9, -25.05, -6.54, 0.02251, 21, -24.22, -22.49, 0.00149, 22, -25.07, 4.13, 0.00513, 23, -14.73, -21.16, 0.05419, 24, -15.03, 1.49, 0.91665, 5, 9, -24.7, -3.93, 0.04472, 21, -24.36, -19.86, 0.00519, 22, -24.59, 6.72, 0.01493, 23, -14.83, -18.52, 0.10816, 24, -15.13, 4.12, 0.82697, 5, 9, -24.42, -1.83, 0.0656, 21, -24.48, -17.74, 0.00987, 22, -24.2, 8.8, 0.02403, 23, -14.91, -16.4, 0.17125, 24, -15.21, 6.24, 0.72923, 5, 9, -23.96, 1.58, 0.09491, 21, -24.67, -14.3, 0.01897, 22, -23.56, 12.19, 0.03427, 23, -15.05, -12.96, 0.31222, 24, -15.33, 9.68999, 0.53961, 5, 9, -23.52, 4.79, 0.10103, 21, -24.84, -11.06, 0.02379, 22, -22.96, 15.38, 0.03214, 23, -15.17, -9.72, 0.48086, 24, -15.46, 12.93, 0.36216, 5, 9, -23.18, 7.31, 0.08748, 21, -24.98, -8.53, 0.02132, 22, -22.49, 17.87999, 0.02424, 23, -15.27, -7.18, 0.62313, 24, -15.55, 15.47, 0.24381, 5, 9, -22.75, 10.53, 0.0568, 21, -25.15, -5.28, 0.01212, 22, -21.9, 21.07, 0.01267, 23, -15.4, -3.93, 0.78912, 24, -15.67, 18.70999, 0.12927, 5, 9, -22.51, 12.33, 0.03895, 21, -25.25, -3.46, 0.00647, 22, -21.56, 22.86, 0.00738, 23, -15.47, -2.10999, 0.86311, 24, -15.74, 20.53, 0.08405, 4, 9, -21.9, 16.86, 0.00871, 22, -20.71999, 27.35, 7.5E-4, 23, -15.65, 2.44, 0.96951, 24, -15.91, 25.1, 0.02101, 4, 9, -21.54, 19.46999, 0.00212, 22, -20.23, 29.94, 3.0E-5, 23, -15.75, 5.07, 0.99045, 24, -16.01, 27.73, 0.00739, 3, 9, -21.2, 21.98, 4.0E-5, 23, -15.85, 7.61, 0.99828, 24, -16.1, 30.26, 0.00166, 2, 23, -15.95, 10.38, 0.99994, 24, -16.20999, 33.03, 5.0E-5, 1, 23, -13.83, 10.46, 1, 1, 23, -11.17, 10.56, 1, 1, 23, -8.10999, 10.68, 1, 1, 23, -5.55, 10.78, 1, 2, 23, -3.2, 10.87, 1, 24, -3.45, 33.50999, 0, 3, 21, -9.51, 9.91, 0.02993, 23, 0.47, 11.02, 0.97006, 24, 0.21, 33.65, 0, 3, 21, -5.43, 10.13, 0.22602, 23, 4.55, 11.17, 0.77397, 24, 4.3, 33.8, 0, 3, 21, -2.47, 10.29, 0.45281, 23, 7.52, 11.29, 0.54718, 24, 7.26, 33.91, 0, 3, 21, 1.09, 10.47999, 0.64727, 23, 11.09, 11.43, 0.35271, 24, 10.84, 34.05, 0, 3, 21, 4.02, 10.64, 0.70427, 23, 14.01, 11.54, 0.29572, 24, 13.76, 34.16, 0, 3, 21, 4.14, 8.42, 0.72888, 23, 14.1, 9.32, 0.27111, 24, 13.84, 31.93, 0, 3, 21, 4.29, 5.58, 0.81507, 22, 9.29, 24.65, 0, 23, 14.21, 6.48, 0.18492, 5, 9, 7.67, 11.68, 0.01483, 21, 4.51, 1.54, 0.95322, 22, 8.54, 20.67, 9.0E-5, 23, 14.37, 2.43, 0.03185, 24, 14.1, 25.04, 0, 4, 9, 7.17, 7.96, 0.23032, 21, 4.71, -2.2, 0.76916, 22, 7.85, 16.98, 5.1E-4, 24, 14.24, 21.29, 0, 2, 9, 6.52, 3.14, 0.76159, 21, 4.98, -7.06, 0.2384, 3, 9, 5.86, -1.67, 0.87331, 22, 6.06, 7.41, 0.12664, 24, 14.61, 11.57, 4.0E-5, 2, 9, 5.42, -4.98999, 0.48052, 22, 5.44, 4.12, 0.51946, 3, 9, 4.89, -8.91, 0.07716, 22, 4.71, 0.23, 0.8953, 24, 14.88, 4.27, 0.02752, 2, 22, 3.87, -4.23999, 0.77383, 24, 15.05, -0.28, 0.22616, 2, 22, 3.23, -7.63, 0.58424, 24, 15.18, -3.72, 0.41575, 2, 22, 2.67, -10.62, 0.46952, 24, 15.29, -6.77, 0.53047, 2, 22, 2.10999, -13.61, 0.42817, 24, 15.41, -9.8, 0.57182, 2, 21, 1.5, 4.08, 0.86145, 23, 11.39, 5.02, 0.13854, 2, 21, -1.37, 6.08, 0.65121, 23, 8.55, 7.06, 0.34878, 3, 21, -4.52, 8.3, 0.33894, 23, 5.43, 9.33, 0.66105, 24, 5.17999, 31.96, 0, 1, 23, -5.66, 7.94, 1, 3, 9, -13.61, 18.96999, 6.8E-4, 23, -7.84, 5.94, 0.99704, 24, -8.10999, 28.59, 0.00227, 5, 9, -14.72, 14.72, 0.00992, 21, -18.04999, 0.33, 0.00308, 22, -13.66, 24.85, 0.00126, 23, -8.21, 1.57, 0.97226, 24, -8.47999, 24.21, 0.01345, 5, 9, -15.72, 10.56, 0.09031, 21, -18.25, -3.93, 0.07218, 22, -14.87, 20.74, 0.01923, 23, -8.47999, -2.69, 0.75315, 24, -8.75, 19.94, 0.06509, 5, 9, -16.5, 7.19, 0.15165, 21, -18.39, -7.39, 0.09029, 22, -15.82, 17.41, 0.04564, 23, -8.67, -6.15, 0.5587, 24, -8.93999, 16.49, 0.15369, 5, 9, -19.1, 5.61, 0.11785, 21, -20.64, -9.43, 0.03988, 22, -18.5, 15.97, 0.03959, 23, -10.95, -8.14999, 0.52572, 24, -11.23, 14.49, 0.27693, 5, 9, -20.12, -3.86, 0.07391, 21, -19.87, -18.94, 0.01346, 22, -20, 6.55, 0.04706, 23, -10.33, -17.67, 0.11734, 24, -10.62, 4.96999, 0.7482, 5, 9, -18.15, -6.8, 0.02673, 21, -17.39, -21.45, 0.00357, 22, -18.19, 3.52, 0.02972, 23, -7.89, -20.21999, 0.02625, 24, -8.18, 2.41, 0.91371, 4, 9, -18.53, -11.66, 0.00236, 21, -16.85, -26.3, 1.0E-5, 23, -7.42, -25.08, 0.00606, 24, -7.72, -2.43, 0.99155, 1, 24, -5.46, -6.01, 1, 1, 24, -2.72, -8.35999, 1, 2, 22, -4.44999, -9.97, 0.19263, 24, 8.18999, -7.7, 0.80736, 2, 22, -1.74, -7.8, 0.31777, 24, 10.35999, -5, 0.68222, 2, 22, 1.29999, -6.02, 0.65495, 24, 12.94, -2.58, 0.34504, 2, 9, 3.11, -5.28, 0.3276, 22, 3.12, 3.95, 0.67238, 1, 9, 1.26, -0.11, 1, 2, 9, 2.83, 3.76, 0.69997, 21, 1.24, -7.14, 0.30002, 3, 9, 4.1, 7.68, 0.30191, 21, 1.76, -3.06, 0.69788, 22, 4.78, 16.85, 1.9E-4, 3, 21, 1.6, 0.27, 0.97136, 22, 5.41, 20.12999, 1.0E-5, 23, 11.43, 1.21, 0.02862, 1, 23, 2.79, 5.89, 1, 1, 23, -1.56, 4.53, 1, 5, 9, -10.04, 12.73, 0.05203, 21, -13.08, -0.74, 0.11204, 22, -9.09, 22.62, 0.00551, 23, -3.26, 0.42, 0.8207, 24, -3.53, 23.05, 0.00969, 5, 9, -10.43, 7.77, 0.22449, 21, -12.54, -5.69, 0.22942, 22, -9.72999, 17.69, 0.04486, 23, -2.79, -4.53, 0.43956, 24, -3.06, 18.1, 0.06165, 5, 9, -6.42, 3.21, 0.45445, 21, -7.75, -9.41, 0.24656, 22, -5.96, 12.93, 0.11686, 23, 1.93, -8.33, 0.12412, 24, 1.65, 14.29, 0.05799, 5, 9, -7.19, -1.48, 0.48799, 21, -7.62, -14.18, 0.05772, 22, -6.97, 8.27, 0.37818, 23, 1.99, -13.09, 0.02325, 24, 1.7, 9.53, 0.05284, 5, 9, -11.64, -3.82, 0.16708, 21, -11.56, -17.31, 0.02428, 22, -11.54, 6.16, 0.32696, 23, -1.99, -16.17, 0.03953, 24, -2.28, 6.46, 0.44212, 5, 9, -12.48, -9.75, 0.03461, 21, -11.27, -23.29, 0.00367, 22, -12.67, 0.28, 0.11791, 23, -1.79, -22.15, 0.00999, 24, -2.08999, 0.48, 0.83379, 1, 24, 1.23, -4.38, 1, 2, 22, -4.65, -4.56, 0.43153, 24, 6.8, -2.47, 0.56846, 5, 9, -15.7, 2.57, 0.17532, 21, -16.74, -11.78, 0.06054, 22, -15.26, 12.76, 0.09107, 23, -7.09, -10.56, 0.29677, 24, -7.37, 12.08, 0.37628, 5, 9, -16.26, -2.15, 0.17544, 21, -16.41, -16.53, 0.04742, 22, -16.07, 8.06, 0.1349, 23, -6.82, -15.32, 0.163, 24, -7.11, 7.32, 0.47921, 2, 9, 1.54, 9.26, 0.1617, 21, -1.04999, -1.98, 0.83829, 2, 9, -0.19, -6.05, 0.20145, 22, -0.21, 3.35, 0.79854, 5, 9, -17.77, 0.82, 0.17532, 21, -18.44, -13.89, 0.06054, 22, -17.42, 11.12, 0.09107, 23, -8.82, -12.64, 0.29677, 24, -9.10999, 9.99, 0.37628, 5, 9, -19.7, 1.16, 0.1258, 21, -20.41, -13.92, 0.03638, 22, -19.33, 11.55, 0.05156, 23, -10.78, -12.64, 0.37464, 24, -11.07, 10, 0.4116, 5, 9, -22.18, 1.5, 0.09355, 21, -22.9, -14.04, 0.01888, 22, -21.79, 12.03, 0.0383, 23, -13.28, -12.72, 0.25837, 24, -13.57, 9.92, 0.59087 ],
				"hull": 46,
				"edges": [ 56, 58, 30, 32, 28, 30, 6, 4, 82, 84, 66, 68, 68, 70, 70, 72, 72, 74, 74, 76, 76, 78, 78, 80, 80, 82, 84, 86, 86, 88, 88, 90, 0, 90, 0, 2, 2, 4, 6, 8, 8, 10, 10, 12, 12, 14, 14, 16, 16, 18, 18, 20, 20, 22, 22, 24, 24, 26, 26, 28, 32, 34, 34, 36, 36, 38, 38, 40, 40, 42, 42, 44, 44, 46, 46, 48, 48, 50, 50, 52, 52, 54, 54, 56, 58, 60, 60, 62, 62, 64, 64, 66 ],
				"width": 44,
				"height": 30
			}
		},
		"L2": {
			"hand_L2": { "x": -28.53, "y": 19.53, "rotation": 43.15, "width": 300, "height": 300 }
		},
		"Rodney_body_normal": {
			"Rodney_body_normal": { "x": 74.22, "y": 5.27, "rotation": -89.54, "width": 300, "height": 300 }
		},
		"Rodney_eyes_normal": {
			"Rodney_eyes_damage": { "x": 19.21, "y": -48.69, "width": 300, "height": 300 },
			"Rodney_eyes_normal": { "x": 19.21, "y": -48.69, "width": 300, "height": 300 }
		},
		"fish_light": {
			"fish_light": { "x": 12.55, "y": 85.57, "rotation": -13.04, "width": 300, "height": 300 }
		},
		"fish_light2": {
			"fish_light2": { "x": 12.55, "y": 85.57, "rotation": -13.04, "width": 300, "height": 300 }
		},
		"hair1": {
			"hair1": { "x": 86.87, "y": 39.43, "rotation": 101.57, "width": 300, "height": 300 }
		},
		"hair2": {
			"hair2": { "x": 87.81, "y": -36.11, "rotation": 79.21, "width": 300, "height": 300 }
		},
		"hair_D": {
			"hair_D": { "x": -114.56, "y": -13.98, "rotation": -78.05, "width": 300, "height": 300 }
		},
		"hair_light": {
			"hair_light": { "x": 87.87, "y": -35.96, "rotation": 79.3, "width": 300, "height": 300 }
		},
		"hair_light2": {
			"hair_light2": { "x": 87.87, "y": -35.96, "rotation": 79.3, "width": 300, "height": 300 }
		},
		"hand_L": {
			"hand_L": { "x": -4.62, "y": 14.3, "rotation": 55.87, "width": 300, "height": 300 }
		},
		"head": {
			"head": { "x": -0.98, "y": 0.85, "rotation": -89.09, "width": 300, "height": 300 }
		},
		"head_light": {
			"head_light": { "x": -0.98, "y": 0.85, "rotation": -89.09, "width": 300, "height": 300 }
		},
		"head_light2": {
			"head_light2": { "x": -1.38, "y": -0.34, "rotation": -89.09, "width": 300, "height": 300 }
		},
		"leg": {
			"leg": { "x": -20.77, "y": 60.53, "rotation": 28.12, "width": 300, "height": 300 }
		}
	},
	"damage": {
		"Q": {
			"change": { "name": "Q_damage", "x": -16.89, "y": -52.4, "rotation": 168.23, "width": 300, "height": 300 }
		},
		"fish": {
			"change": { "name": "fish_damage", "x": 12.55, "y": 85.57, "rotation": -13.04, "width": 300, "height": 300 }
		}
	},
	"normal": {
		"Q": {
			"change": { "name": "Q", "x": -16.89, "y": -52.4, "rotation": 168.23, "width": 300, "height": 300 }
		},
		"fish": {
			"change": { "name": "fish", "x": 12.55, "y": 85.57, "rotation": -13.04, "width": 300, "height": 300 }
		}
	}
},
"events": {
	"Antiaircraft": {},
	"attack_point": {},
	"damage_point": {},
	"throw_point": {}
},
"animations": {
	"Antiaircraft": {
		"slots": {
			"head_light": {
				"color": [
					{ "time": 0.0666, "color": "fffffffd" },
					{ "time": 0.1666, "color": "ffffff00" },
					{ "time": 0.2, "color": "ffffffff" },
					{ "time": 0.3333, "color": "ffffff00" },
					{ "time": 0.3666, "color": "ffffffff" },
					{ "time": 0.4666, "color": "ffffff00" },
					{ "time": 0.6, "color": "ffffffff" },
					{ "time": 0.7333, "color": "ffffff00" },
					{ "time": 0.8, "color": "ffffffff" },
					{ "time": 0.9, "color": "ffffff00" },
					{ "time": 0.9666, "color": "ffffffff" },
					{ "time": 1.1, "color": "ffffff00" },
					{ "time": 1.1333, "color": "ffffffff" },
					{ "time": 1.2333, "color": "ffffff00" },
					{ "time": 1.3666, "color": "ffffffff" },
					{ "time": 1.4666, "color": "ffffff00" },
					{ "time": 1.5333, "color": "ffffffff" },
					{ "time": 1.6333, "color": "ffffff00" },
					{ "time": 1.7, "color": "ffffffff" },
					{ "time": 1.8333, "color": "ffffff00" },
					{ "time": 1.8666, "color": "ffffffff" },
					{ "time": 1.9666, "color": "ffffff00" }
				],
				"attachment": [
					{ "time": 0, "name": null },
					{ "time": 0.0666, "name": "head_light" }
				]
			}
		},
		"bones": {
			"Body": {
				"rotate": [
					{ "time": 0, "angle": 0, "curve": "stepped" },
					{ "time": 2, "angle": 0 }
				],
				"translate": [
					{ "time": 0, "x": 0, "y": 0, "curve": "stepped" },
					{ "time": 2, "x": 0, "y": 0 }
				]
			},
			"Root_All": {
				"rotate": [
					{ "time": 0, "angle": 0, "curve": "stepped" },
					{ "time": 2, "angle": 0 }
				],
				"translate": [
					{
						"time": 0,
						"x": 0,
						"y": 0,
						"curve": [ 0.255, 0.35, 0.6, 0.7 ]
					},
					{
						"time": 0.5,
						"x": 0,
						"y": -9.82,
						"curve": [ 0.3, 0.39, 0.641, 0.74 ]
					},
					{
						"time": 1,
						"x": 0,
						"y": -15.66,
						"curve": [ 0.322, 0.37, 0.652, 0.7 ]
					},
					{
						"time": 1.5,
						"x": 0,
						"y": -7.79,
						"curve": [ 0.314, 0.36, 0.644, 0.68 ]
					},
					{ "time": 2, "x": 0, "y": 0 }
				]
			},
			"Ship_All": {
				"rotate": [
					{ "time": 0, "angle": 0, "curve": "stepped" },
					{ "time": 2, "angle": 0 }
				],
				"translate": [
					{ "time": 0, "x": 0, "y": 0, "curve": "stepped" },
					{ "time": 2, "x": 0, "y": 0 }
				]
			},
			"Face": {
				"rotate": [
					{ "time": 0, "angle": 0, "curve": "stepped" },
					{ "time": 2, "angle": 0 }
				],
				"translate": [
					{
						"time": 0,
						"x": 0,
						"y": 0,
						"curve": [ 0.286, 0.34, 0.623, 0.67 ]
					},
					{
						"time": 0.5,
						"x": 0.64,
						"y": 0,
						"curve": [ 0.282, 0.37, 0.624, 0.71 ]
					},
					{
						"time": 1.5,
						"x": -1.28,
						"y": 0,
						"curve": [ 0.321, 0.37, 0.656, 0.71 ]
					},
					{ "time": 2, "x": 0, "y": 0 }
				]
			},
			"Head": {
				"rotate": [
					{ "time": 0, "angle": 0 },
					{ "time": 0.5, "angle": -3.17 },
					{ "time": 1, "angle": 0 },
					{ "time": 1.5, "angle": 0.89 },
					{ "time": 2, "angle": 0 }
				],
				"translate": [
					{ "time": 0, "x": 0, "y": 0, "curve": "stepped" },
					{ "time": 1, "x": 0, "y": 0, "curve": "stepped" },
					{ "time": 2, "x": 0, "y": 0 }
				]
			},
			"BB": {
				"rotate": [
					{ "time": 0, "angle": 0, "curve": "stepped" },
					{ "time": 2, "angle": 0 }
				],
				"translate": [
					{ "time": 0, "x": 0, "y": 0 },
					{ "time": 1, "x": 1.33, "y": 0 },
					{ "time": 2, "x": 0, "y": 0 }
				]
			},
			"br": {
				"rotate": [
					{ "time": 0, "angle": 0 },
					{ "time": 0.5, "angle": -5.04 },
					{ "time": 1.5, "angle": 4.62 },
					{ "time": 2, "angle": 0 }
				],
				"translate": [
					{ "time": 0, "x": 0, "y": 0 },
					{ "time": 0.5, "x": 0.75, "y": -0.99 },
					{ "time": 1.5, "x": -1.3, "y": -0.99 },
					{ "time": 2, "x": 0, "y": 0 }
				]
			},
			"bl": {
				"rotate": [
					{ "time": 0, "angle": 0 },
					{ "time": 0.5, "angle": 6.83 },
					{ "time": 1.5, "angle": -3.22 },
					{ "time": 2, "angle": 0 }
				],
				"translate": [
					{ "time": 0, "x": 0, "y": 0 },
					{ "time": 0.5, "x": 1.61, "y": 0.96 },
					{ "time": 1.5, "x": -0.71, "y": 1.96 },
					{ "time": 2, "x": 0, "y": 0 }
				]
			},
			"b2": {
				"rotate": [
					{ "time": 0, "angle": 0 },
					{ "time": 1.5, "angle": 6 },
					{ "time": 2, "angle": 0 }
				],
				"translate": [
					{ "time": 0, "x": 0, "y": 0 },
					{ "time": 0.5, "x": 0.87, "y": -0.11 },
					{ "time": 1.5, "x": -1.76, "y": 0.23 },
					{ "time": 2, "x": 0, "y": 0 }
				]
			},
			"b1": {
				"rotate": [
					{ "time": 0, "angle": 0 },
					{ "time": 1.5, "angle": -3.83 },
					{ "time": 2, "angle": 0 }
				],
				"translate": [
					{ "time": 0, "x": 0, "y": 0 },
					{ "time": 0.5, "x": 0.58, "y": -0.07 },
					{ "time": 1.5, "x": -1.86, "y": 0.25 },
					{ "time": 2, "x": 0, "y": 0 }
				]
			},
			"Hand_L": {
				"rotate": [
					{ "time": 0, "angle": 0 },
					{ "time": 1, "angle": 5.59 },
					{ "time": 2, "angle": 0 }
				],
				"translate": [
					{ "time": 0, "x": 0, "y": 0, "curve": "stepped" },
					{ "time": 2, "x": 0, "y": 0 }
				]
			},
			"Girl": {
				"rotate": [
					{ "time": 0, "angle": 0, "curve": "stepped" },
					{ "time": 2, "angle": 0 }
				],
				"translate": [
					{ "time": 0, "x": 0, "y": 0, "curve": "stepped" },
					{ "time": 2, "x": 0, "y": 0 }
				]
			},
			"Throw_Point": {
				"rotate": [
					{ "time": 0, "angle": 0, "curve": "stepped" },
					{ "time": 2, "angle": 0 }
				],
				"translate": [
					{ "time": 0, "x": 0, "y": 0, "curve": "stepped" },
					{ "time": 2, "x": 0, "y": 0 }
				]
			},
			"Smoke_R1": {
				"rotate": [
					{ "time": 0, "angle": 0, "curve": "stepped" },
					{ "time": 2, "angle": 0 }
				],
				"translate": [
					{ "time": 0, "x": 0, "y": 0, "curve": "stepped" },
					{ "time": 2, "x": 0, "y": 0 }
				]
			},
			"Smoke_L1": {
				"rotate": [
					{ "time": 0, "angle": 0, "curve": "stepped" },
					{ "time": 2, "angle": 0 }
				],
				"translate": [
					{ "time": 0, "x": 0, "y": 0, "curve": "stepped" },
					{ "time": 2, "x": 0, "y": 0 }
				]
			},
			"L2": {
				"rotate": [
					{ "time": 0, "angle": 0 },
					{ "time": 1, "angle": -5.66 },
					{ "time": 1.5, "angle": 8.55 },
					{ "time": 2, "angle": 0 }
				],
				"translate": [
					{ "time": 0, "x": 0, "y": 0, "curve": "stepped" },
					{ "time": 2, "x": 0, "y": 0 }
				]
			},
			"Expression": {
				"rotate": [
					{ "time": 0, "angle": 0, "curve": "stepped" },
					{ "time": 2, "angle": 0 }
				],
				"translate": [
					{ "time": 0, "x": 0, "y": 0, "curve": "stepped" },
					{ "time": 2, "x": 0, "y": 0 }
				]
			},
			"Dialogue": {
				"rotate": [
					{ "time": 0, "angle": 0, "curve": "stepped" },
					{ "time": 2, "angle": 0 }
				],
				"translate": [
					{ "time": 0, "x": 0, "y": 0, "curve": "stepped" },
					{ "time": 2, "x": 0, "y": 0 }
				]
			},
			"Damage_Point": {
				"rotate": [
					{ "time": 0, "angle": 0, "curve": "stepped" },
					{ "time": 2, "angle": 0 }
				],
				"translate": [
					{ "time": 0, "x": 0, "y": 0, "curve": "stepped" },
					{ "time": 2, "x": 0, "y": 0 }
				]
			},
			"Attack_Point": {
				"rotate": [
					{ "time": 0, "angle": 0, "curve": "stepped" },
					{ "time": 2, "angle": 0 }
				],
				"translate": [
					{ "time": 0, "x": 0, "y": 0, "curve": "stepped" },
					{ "time": 2, "x": 0, "y": 0 }
				]
			},
			"Antiaircraft": {
				"rotate": [
					{ "time": 0, "angle": 0, "curve": "stepped" },
					{ "time": 2, "angle": 0 }
				],
				"translate": [
					{ "time": 0, "x": 0, "y": 0, "curve": "stepped" },
					{ "time": 2, "x": 0, "y": 0 }
				]
			},
			"leg": {
				"rotate": [
					{ "time": 0, "angle": 0, "curve": "stepped" },
					{ "time": 2, "angle": 0 }
				],
				"translate": [
					{ "time": 0, "x": 0, "y": 0, "curve": "stepped" },
					{ "time": 2, "x": 0, "y": 0 }
				]
			},
			"B2": {
				"rotate": [
					{ "time": 0, "angle": 0, "curve": "stepped" },
					{ "time": 2, "angle": 0 }
				],
				"translate": [
					{ "time": 0, "x": 0, "y": 0, "curve": "stepped" },
					{ "time": 2, "x": 0, "y": 0 }
				]
			},
			"B1": {
				"rotate": [
					{ "time": 0, "angle": 0, "curve": "stepped" },
					{ "time": 2, "angle": 0 }
				],
				"translate": [
					{ "time": 0, "x": 0, "y": 0, "curve": "stepped" },
					{ "time": 2, "x": 0, "y": 0 }
				]
			},
			"fish": {
				"rotate": [
					{ "time": 0, "angle": 0, "curve": "stepped" },
					{ "time": 2, "angle": 0 }
				],
				"translate": [
					{ "time": 0, "x": 0, "y": 0, "curve": "stepped" },
					{ "time": 2, "x": 0, "y": 0 }
				]
			},
			"Q": {
				"rotate": [
					{ "time": 0, "angle": 0, "curve": "stepped" },
					{ "time": 2, "angle": 0 }
				],
				"translate": [
					{ "time": 0, "x": 0, "y": 0, "curve": "stepped" },
					{ "time": 2, "x": 0, "y": 0 }
				]
			},
			"hair_D": {
				"rotate": [
					{ "time": 0, "angle": 0, "curve": "stepped" },
					{ "time": 2, "angle": 0 }
				],
				"translate": [
					{ "time": 0, "x": 0, "y": 0, "curve": "stepped" },
					{ "time": 2, "x": 0, "y": 0 }
				]
			},
			"hair2": {
				"rotate": [
					{ "time": 0, "angle": 0, "curve": "stepped" },
					{ "time": 2, "angle": 0 }
				],
				"translate": [
					{ "time": 0, "x": 0, "y": 0, "curve": "stepped" },
					{ "time": 2, "x": 0, "y": 0 }
				]
			},
			"hair1": {
				"rotate": [
					{ "time": 0, "angle": 0, "curve": "stepped" },
					{ "time": 2, "angle": 0 }
				],
				"translate": [
					{ "time": 0, "x": 0, "y": 0, "curve": "stepped" },
					{ "time": 2, "x": 0, "y": 0 }
				]
			}
		},
		"events": [
			{ "time": 0.0666, "name": "Antiaircraft" }
		]
	},
	"attack": {
		"slots": {
			"fish_light": {
				"color": [
					{ "time": 0.5333, "color": "fffffffb" },
					{ "time": 0.8333, "color": "ffffff00" }
				],
				"attachment": [
					{ "time": 0, "name": null },
					{ "time": 0.0666, "name": "fish_light" }
				]
			},
			"fish_light2": {
				"attachment": [
					{ "time": 0, "name": null }
				]
			},
			"hair_light": {
				"color": [
					{ "time": 0.5333, "color": "fffffffb" },
					{ "time": 0.8333, "color": "ffffff00" }
				],
				"attachment": [
					{ "time": 0, "name": null },
					{ "time": 0.0666, "name": "hair_light" }
				]
			},
			"hair_light2": {
				"attachment": [
					{ "time": 0, "name": null }
				]
			},
			"head_light": {
				"color": [
					{ "time": 0.5333, "color": "fffffffb" },
					{ "time": 0.8333, "color": "ffffff00" }
				],
				"attachment": [
					{ "time": 0, "name": null },
					{ "time": 0.0666, "name": "head_light" }
				]
			},
			"head_light2": {
				"attachment": [
					{ "time": 0, "name": null }
				]
			}
		},
		"bones": {
			"Root_All": {
				"rotate": [
					{ "time": 0, "angle": 0, "curve": "stepped" },
					{ "time": 1.6666, "angle": 0 }
				],
				"translate": [
					{
						"time": 0,
						"x": 0,
						"y": 0,
						"curve": [ 0.255, 0.35, 0.6, 0.7 ]
					},
					{ "time": 0.0666, "x": 8.69, "y": 0 },
					{ "time": 0.1666, "x": -87.44, "y": 0 },
					{ "time": 0.3333, "x": -61.04, "y": 0 },
					{ "time": 0.5333, "x": -69.84, "y": 0 },
					{ "time": 1, "x": -85.6, "y": 0 },
					{ "time": 1.4, "x": 15.07, "y": 0 },
					{ "time": 1.6666, "x": 0, "y": 0 }
				]
			},
			"Face": {
				"rotate": [
					{ "time": 0, "angle": 0, "curve": "stepped" },
					{ "time": 1.6666, "angle": 0 }
				],
				"translate": [
					{
						"time": 0,
						"x": 0,
						"y": 0,
						"curve": [ 0.286, 0.34, 0.623, 0.67 ]
					},
					{ "time": 0.1666, "x": 0, "y": 3.4 },
					{ "time": 0.3333, "x": 0, "y": -0.66 },
					{ "time": 0.9, "x": 0, "y": -1.2 },
					{ "time": 1, "x": 0, "y": -0.44 },
					{ "time": 1.6666, "x": 0, "y": 0 }
				]
			},
			"Ship_All": {
				"rotate": [
					{ "time": 0, "angle": 0, "curve": "stepped" },
					{ "time": 1.6666, "angle": 0 }
				],
				"translate": [
					{ "time": 0, "x": 0, "y": 0, "curve": "stepped" },
					{ "time": 1.6666, "x": 0, "y": 0 }
				]
			},
			"Body": {
				"rotate": [
					{ "time": 0, "angle": 0, "curve": "stepped" },
					{ "time": 1.6666, "angle": 0 }
				],
				"translate": [
					{ "time": 0, "x": 0, "y": 0, "curve": "stepped" },
					{ "time": 1.6666, "x": 0, "y": 0 }
				]
			},
			"Attack_Point": {
				"rotate": [
					{ "time": 0, "angle": 0, "curve": "stepped" },
					{ "time": 0.0666, "angle": 0, "curve": "stepped" },
					{ "time": 1.6666, "angle": 0 }
				],
				"translate": [
					{ "time": 0, "x": 0, "y": 0, "curve": "stepped" },
					{ "time": 0.0666, "x": 0, "y": 0, "curve": "stepped" },
					{ "time": 1.6666, "x": 0, "y": 0 }
				]
			},
			"Head": {
				"rotate": [
					{ "time": 0, "angle": 0 },
					{ "time": 0.1666, "angle": -5.79 },
					{ "time": 0.8333, "angle": -5.02 },
					{ "time": 1.3333, "angle": 1.69 },
					{ "time": 1.6666, "angle": 0 }
				],
				"translate": [
					{ "time": 0, "x": 0, "y": 0, "curve": "stepped" },
					{ "time": 1.6666, "x": 0, "y": 0 }
				]
			},
			"BB": {
				"rotate": [
					{ "time": 0, "angle": 0, "curve": "stepped" },
					{ "time": 1.6666, "angle": 0 }
				],
				"translate": [
					{ "time": 0, "x": 0, "y": 0 },
					{ "time": 0.3333, "x": 1.78, "y": 0 },
					{ "time": 0.5, "x": -1.22, "y": 0 },
					{ "time": 0.6666, "x": 1.41, "y": 0 },
					{ "time": 0.8333, "x": -0.75, "y": 0 },
					{ "time": 1.6666, "x": 0, "y": 0 }
				]
			},
			"br": {
				"rotate": [
					{ "time": 0, "angle": 0 },
					{ "time": 0.5, "angle": -4.98 },
					{ "time": 1.1666, "angle": 5.71 },
					{ "time": 1.6666, "angle": 0 }
				],
				"translate": [
					{ "time": 0, "x": 0, "y": 0 },
					{ "time": 0.5, "x": 1.12, "y": 1.27 },
					{ "time": 1.1666, "x": -3.45, "y": -0.04 },
					{ "time": 1.6666, "x": 0, "y": 0 }
				]
			},
			"bl": {
				"rotate": [
					{ "time": 0, "angle": 0 },
					{ "time": 0.5, "angle": -5.08 },
					{ "time": 1.1666, "angle": -5.27 },
					{ "time": 1.6666, "angle": 0 }
				],
				"translate": [
					{ "time": 0, "x": 0, "y": 0 },
					{ "time": 0.5, "x": 4.38, "y": 0.83 },
					{ "time": 1.1666, "x": -1.76, "y": 1.91 },
					{ "time": 1.6666, "x": 0, "y": 0 }
				]
			},
			"b2": {
				"rotate": [
					{ "time": 0, "angle": 0 },
					{ "time": 0.5, "angle": 4.87 },
					{ "time": 1.1666, "angle": -7.01 },
					{ "time": 1.6666, "angle": 0 }
				],
				"translate": [
					{ "time": 0, "x": 0, "y": 0 },
					{ "time": 0.5, "x": 2.33, "y": -0.31 },
					{ "time": 1.1666, "x": -1.52, "y": -1.21 },
					{ "time": 1.6666, "x": 0, "y": 0 }
				]
			},
			"b1": {
				"rotate": [
					{ "time": 0, "angle": 0 },
					{ "time": 0.5, "angle": -6.45 },
					{ "time": 1.1666, "angle": 3.16 },
					{ "time": 1.6666, "angle": 0 }
				],
				"translate": [
					{ "time": 0, "x": 0, "y": 0 },
					{ "time": 0.5, "x": 1.86, "y": -0.25 },
					{ "time": 1.1666, "x": -0.75, "y": 2.47 },
					{ "time": 1.6666, "x": 0, "y": 0 }
				]
			},
			"Hand_L": {
				"rotate": [
					{ "time": 0, "angle": 0 },
					{ "time": 0.5, "angle": -3.79 },
					{ "time": 1, "angle": -16.25 },
					{ "time": 1.6666, "angle": 0 }
				],
				"translate": [
					{ "time": 0, "x": 0, "y": 0 },
					{ "time": 0.5, "x": -2.41, "y": 0.4 },
					{ "time": 1.6666, "x": 0, "y": 0 }
				]
			},
			"Girl": {
				"rotate": [
					{ "time": 0, "angle": 0 },
					{ "time": 0.1666, "angle": -3.94 },
					{ "time": 0.5, "angle": -8.24 },
					{ "time": 1, "angle": -0.91 },
					{ "time": 1.6666, "angle": 0 }
				],
				"translate": [
					{ "time": 0, "x": 0, "y": 0 },
					{ "time": 0.1666, "x": -3.49, "y": 9.2 },
					{ "time": 0.5, "x": -6.92, "y": 8.59 },
					{ "time": 1, "x": -2.39, "y": 0 },
					{ "time": 1.6666, "x": 0, "y": 0 }
				]
			},
			"Throw_Point": {
				"rotate": [
					{ "time": 0, "angle": 0, "curve": "stepped" },
					{ "time": 1.6666, "angle": 0 }
				],
				"translate": [
					{ "time": 0, "x": 0, "y": 0, "curve": "stepped" },
					{ "time": 1.6666, "x": 0, "y": 0 }
				]
			},
			"Smoke_R1": {
				"rotate": [
					{ "time": 0, "angle": 0, "curve": "stepped" },
					{ "time": 1.6666, "angle": 0 }
				],
				"translate": [
					{ "time": 0, "x": 0, "y": 0, "curve": "stepped" },
					{ "time": 1.6666, "x": 0, "y": 0 }
				]
			},
			"Smoke_L1": {
				"rotate": [
					{ "time": 0, "angle": 0, "curve": "stepped" },
					{ "time": 1.6666, "angle": 0 }
				],
				"translate": [
					{ "time": 0, "x": 0, "y": 0, "curve": "stepped" },
					{ "time": 1.6666, "x": 0, "y": 0 }
				]
			},
			"L2": {
				"rotate": [
					{ "time": 0, "angle": 0 },
					{ "time": 0.5, "angle": 57.77 },
					{ "time": 1, "angle": 15.77 },
					{ "time": 1.6666, "angle": 0 }
				],
				"translate": [
					{ "time": 0, "x": 0, "y": 0, "curve": "stepped" },
					{ "time": 1.6666, "x": 0, "y": 0 }
				]
			},
			"Expression": {
				"rotate": [
					{ "time": 0, "angle": 0, "curve": "stepped" },
					{ "time": 1.6666, "angle": 0 }
				],
				"translate": [
					{ "time": 0, "x": 0, "y": 0, "curve": "stepped" },
					{ "time": 1.6666, "x": 0, "y": 0 }
				]
			},
			"Dialogue": {
				"rotate": [
					{ "time": 0, "angle": 0, "curve": "stepped" },
					{ "time": 1.6666, "angle": 0 }
				],
				"translate": [
					{ "time": 0, "x": 0, "y": 0, "curve": "stepped" },
					{ "time": 1.6666, "x": 0, "y": 0 }
				]
			},
			"Damage_Point": {
				"rotate": [
					{ "time": 0, "angle": 0, "curve": "stepped" },
					{ "time": 1.6666, "angle": 0 }
				],
				"translate": [
					{ "time": 0, "x": 0, "y": 0, "curve": "stepped" },
					{ "time": 1.6666, "x": 0, "y": 0 }
				]
			},
			"Antiaircraft": {
				"rotate": [
					{ "time": 0, "angle": 0, "curve": "stepped" },
					{ "time": 1.6666, "angle": 0 }
				],
				"translate": [
					{ "time": 0, "x": 0, "y": 0, "curve": "stepped" },
					{ "time": 1.6666, "x": 0, "y": 0 }
				]
			},
			"leg": {
				"rotate": [
					{ "time": 0, "angle": 0 },
					{ "time": 0.5, "angle": 13.78 },
					{ "time": 1, "angle": 10.82 },
					{ "time": 1.6666, "angle": 0 }
				],
				"translate": [
					{ "time": 0, "x": 0, "y": 0, "curve": "stepped" },
					{ "time": 1.6666, "x": 0, "y": 0 }
				]
			},
			"B2": {
				"rotate": [
					{ "time": 0, "angle": 0 },
					{ "time": 0.3333, "angle": -46.11 },
					{ "time": 1, "angle": 0.66 },
					{ "time": 1.6666, "angle": 0 }
				],
				"translate": [
					{ "time": 0, "x": 0, "y": 0, "curve": "stepped" },
					{ "time": 1.6666, "x": 0, "y": 0 }
				]
			},
			"B1": {
				"rotate": [
					{ "time": 0, "angle": 0 },
					{ "time": 0.3333, "angle": 17.84 },
					{ "time": 1, "angle": -2.06 },
					{ "time": 1.6666, "angle": 0 }
				],
				"translate": [
					{ "time": 0, "x": 0, "y": 0, "curve": "stepped" },
					{ "time": 1.6666, "x": 0, "y": 0 }
				]
			},
			"fish": {
				"rotate": [
					{ "time": 0, "angle": 0 },
					{ "time": 0.3333, "angle": 16.83 },
					{ "time": 1, "angle": -3.21 },
					{ "time": 1.6666, "angle": 0 }
				],
				"translate": [
					{ "time": 0, "x": 0, "y": 0 },
					{ "time": 0.3333, "x": 13.92, "y": -6.9 },
					{ "time": 1, "x": 0, "y": 1.53 },
					{ "time": 1.6666, "x": 0, "y": 0 }
				]
			},
			"Q": {
				"rotate": [
					{ "time": 0, "angle": 0 },
					{ "time": 0.5, "angle": 24.69 },
					{ "time": 1, "angle": 10.94 },
					{ "time": 1.6666, "angle": 0 }
				],
				"translate": [
					{ "time": 0, "x": 0, "y": 0, "curve": "stepped" },
					{ "time": 1.6666, "x": 0, "y": 0 }
				]
			},
			"hair_D": {
				"rotate": [
					{ "time": 0, "angle": 0 },
					{ "time": 0.5, "angle": -39.17 },
					{ "time": 1, "angle": 4.46 },
					{ "time": 1.2666, "angle": -20.91 },
					{ "time": 1.6666, "angle": 0 }
				],
				"translate": [
					{ "time": 0, "x": 0, "y": 0, "curve": "stepped" },
					{ "time": 1.6666, "x": 0, "y": 0 }
				]
			},
			"hair2": {
				"rotate": [
					{ "time": 0, "angle": 0 },
					{ "time": 0.3333, "angle": 17.62 },
					{ "time": 1.1666, "angle": -8.2 },
					{ "time": 1.6666, "angle": 0 }
				],
				"translate": [
					{ "time": 0, "x": 0, "y": 0 },
					{ "time": 1.1666, "x": 1.17, "y": -10.7 },
					{ "time": 1.6666, "x": 0, "y": 0 }
				]
			},
			"hair1": {
				"rotate": [
					{ "time": 0, "angle": 0 },
					{ "time": 0.3333, "angle": 4.98 },
					{ "time": 1.1666, "angle": -10.92 },
					{ "time": 1.6666, "angle": 0 }
				],
				"translate": [
					{ "time": 0, "x": 0, "y": 0 },
					{ "time": 0.3333, "x": -3.02, "y": -0.67 },
					{ "time": 1.1666, "x": 3.76, "y": -6.98 },
					{ "time": 1.6666, "x": 0, "y": 0 }
				]
			}
		},
		"events": [
			{ "time": 0.0666, "name": "attack_point" }
		]
	},
	"damage": {
		"slots": {
			"B1": {
				"color": [
					{ "time": 0.0666, "color": "8c4c51ff", "curve": "stepped" },
					{ "time": 0.7666, "color": "8c4c51ff" },
					{ "time": 1.1333, "color": "ffffffff" }
				]
			},
			"B2": {
				"color": [
					{ "time": 0.0666, "color": "8c4c51ff", "curve": "stepped" },
					{ "time": 0.7666, "color": "8c4c51ff" },
					{ "time": 1.1333, "color": "ffffffff" }
				]
			},
			"BB": {
				"color": [
					{ "time": 0.0666, "color": "8c4c51ff", "curve": "stepped" },
					{ "time": 0.7666, "color": "8c4c51ff" },
					{ "time": 1.1333, "color": "ffffffff" }
				]
			},
			"L2": {
				"color": [
					{ "time": 0.0666, "color": "8c4c51ff", "curve": "stepped" },
					{ "time": 0.7666, "color": "8c4c51ff" },
					{ "time": 1.1333, "color": "ffffffff" }
				]
			},
			"Q": {
				"color": [
					{ "time": 0.0666, "color": "8c4c51ff", "curve": "stepped" },
					{ "time": 0.7666, "color": "8c4c51ff" },
					{ "time": 1.1333, "color": "ffffffff" }
				]
			},
			"Rodney_body_normal": {
				"color": [
					{ "time": 0.0666, "color": "8c4c51ff", "curve": "stepped" },
					{ "time": 0.7666, "color": "8c4c51ff" },
					{ "time": 1.1333, "color": "ffffffff" }
				]
			},
			"Rodney_eyes_normal": {
				"color": [
					{ "time": 0.0666, "color": "8c4c51ff", "curve": "stepped" },
					{ "time": 0.7666, "color": "8c4c51ff" },
					{ "time": 1.1333, "color": "ffffffff" }
				],
				"attachment": [
					{ "time": 0.0666, "name": "Rodney_eyes_damage" },
					{ "time": 1.1333, "name": "Rodney_eyes_normal" }
				]
			},
			"fish": {
				"color": [
					{ "time": 0.0666, "color": "8c4c51ff", "curve": "stepped" },
					{ "time": 0.7666, "color": "8c4c51ff" },
					{ "time": 1.1333, "color": "ffffffff" }
				]
			},
			"fish_light": {
				"attachment": [
					{ "time": 0, "name": null }
				]
			},
			"fish_light2": {
				"color": [
					{ "time": 0.6, "color": "fffffffc" },
					{ "time": 0.8333, "color": "ffffff00" }
				],
				"attachment": [
					{ "time": 0, "name": null },
					{ "time": 0.0666, "name": "fish_light2" }
				]
			},
			"hair1": {
				"color": [
					{ "time": 0.0666, "color": "8c4c51ff", "curve": "stepped" },
					{ "time": 0.7666, "color": "8c4c51ff" },
					{ "time": 1.1333, "color": "ffffffff" }
				]
			},
			"hair2": {
				"color": [
					{ "time": 0.0666, "color": "8c4c51ff", "curve": "stepped" },
					{ "time": 0.7666, "color": "8c4c51ff" },
					{ "time": 1.1333, "color": "ffffffff" }
				]
			},
			"hair_D": {
				"color": [
					{ "time": 0.0666, "color": "8c4c51ff", "curve": "stepped" },
					{ "time": 0.7666, "color": "8c4c51ff" },
					{ "time": 1.1333, "color": "ffffffff" }
				]
			},
			"hair_light": {
				"attachment": [
					{ "time": 0, "name": null }
				]
			},
			"hair_light2": {
				"color": [
					{ "time": 0.5333, "color": "fffffffc" },
					{ "time": 0.7666, "color": "ffffff00" }
				],
				"attachment": [
					{ "time": 0, "name": null },
					{ "time": 0.0666, "name": "hair_light2" }
				]
			},
			"hand_L": {
				"color": [
					{ "time": 0.0666, "color": "8c4c51ff", "curve": "stepped" },
					{ "time": 0.7666, "color": "8c4c51ff" },
					{ "time": 1.1333, "color": "ffffffff" }
				]
			},
			"head": {
				"color": [
					{ "time": 0.0666, "color": "8c4c51ff", "curve": "stepped" },
					{ "time": 0.7666, "color": "8c4c51ff" },
					{ "time": 1.1333, "color": "ffffffff" }
				]
			},
			"head_light": {
				"color": [
					{ "time": 0.5333, "color": "fffffffc" },
					{ "time": 0.7666, "color": "ffffff00" }
				],
				"attachment": [
					{ "time": 0, "name": null },
					{ "time": 0.0666, "name": null }
				]
			},
			"head_light2": {
				"color": [
					{ "time": 0.5333, "color": "fffffffc" },
					{ "time": 0.7666, "color": "ffffff00" }
				],
				"attachment": [
					{ "time": 0, "name": null },
					{ "time": 0.0666, "name": "head_light2" }
				]
			},
			"leg": {
				"color": [
					{ "time": 0.0666, "color": "8c4c51ff", "curve": "stepped" },
					{ "time": 0.7666, "color": "8c4c51ff" },
					{ "time": 1.1333, "color": "ffffffff" }
				]
			}
		},
		"bones": {
			"Root_All": {
				"rotate": [
					{ "time": 0, "angle": 0, "curve": "stepped" },
					{ "time": 1.1666, "angle": 0 }
				],
				"translate": [
					{
						"time": 0,
						"x": 0,
						"y": 0,
						"curve": [ 0.255, 0.35, 0.6, 0.7 ]
					},
					{ "time": 0.0666, "x": -27.67, "y": -23.16 },
					{ "time": 0.1333, "x": 20.98, "y": 15.35 },
					{ "time": 0.2333, "x": -19.78, "y": -15.62 },
					{ "time": 0.3666, "x": 14.36, "y": 8.59 },
					{ "time": 0.5666, "x": -3.37, "y": -4.5 },
					{ "time": 0.8666, "x": 5.63, "y": 2.25 },
					{ "time": 1.1666, "x": 0, "y": 0 }
				]
			},
			"Face": {
				"rotate": [
					{ "time": 0, "angle": 0, "curve": "stepped" },
					{ "time": 1.1666, "angle": 0 }
				],
				"translate": [
					{
						"time": 0,
						"x": 0,
						"y": 0,
						"curve": [ 0.286, 0.34, 0.623, 0.67 ]
					},
					{ "time": 0.0666, "x": -5.44, "y": 0 },
					{ "time": 0.1333, "x": -0.44, "y": 0 },
					{ "time": 0.2333, "x": -5.06, "y": 0 },
					{ "time": 0.3666, "x": -2.01, "y": 0 },
					{ "time": 1.1666, "x": 0, "y": 0 }
				]
			},
			"Ship_All": {
				"rotate": [
					{ "time": 0, "angle": 0, "curve": "stepped" },
					{ "time": 1.1666, "angle": 0 }
				],
				"translate": [
					{ "time": 0, "x": 0, "y": 0, "curve": "stepped" },
					{ "time": 1.1666, "x": 0, "y": 0 }
				]
			},
			"Body": {
				"rotate": [
					{ "time": 0, "angle": 0, "curve": "stepped" },
					{ "time": 1.1666, "angle": 0 }
				],
				"translate": [
					{ "time": 0, "x": 0, "y": 0, "curve": "stepped" },
					{ "time": 1.1666, "x": 0, "y": 0 }
				]
			},
			"Damage_Point": {
				"rotate": [
					{ "time": 0, "angle": 0, "curve": "stepped" },
					{ "time": 0.0666, "angle": 0, "curve": "stepped" },
					{ "time": 1.1666, "angle": 0 }
				],
				"translate": [
					{ "time": 0, "x": 0, "y": 0, "curve": "stepped" },
					{ "time": 0.0666, "x": 0, "y": 0, "curve": "stepped" },
					{ "time": 1.1666, "x": 0, "y": 0 }
				]
			},
			"BB": {
				"rotate": [
					{ "time": 0, "angle": 0, "curve": "stepped" },
					{ "time": 1.1666, "angle": 0 }
				],
				"translate": [
					{ "time": 0, "x": 0, "y": 0 },
					{ "time": 0.6666, "x": 0.96, "y": 0 },
					{ "time": 0.8333, "x": -1.15, "y": 0 },
					{ "time": 1, "x": 1.54, "y": 0 },
					{ "time": 1.1666, "x": 0, "y": 0 }
				]
			},
			"Head": {
				"rotate": [
					{ "time": 0, "angle": 0 },
					{ "time": 0.1666, "angle": -1.52 },
					{ "time": 0.4, "angle": -5.58 },
					{ "time": 0.9333, "angle": -3.55 },
					{ "time": 1.1666, "angle": 0 }
				],
				"translate": [
					{ "time": 0, "x": 0, "y": 0, "curve": "stepped" },
					{ "time": 1.1666, "x": 0, "y": 0 }
				]
			},
			"br": {
				"rotate": [
					{ "time": 0, "angle": 0 },
					{ "time": 0.5, "angle": 5.79 },
					{ "time": 0.6666, "angle": 5.17 },
					{ "time": 0.8333, "angle": 5.79 },
					{ "time": 1.1666, "angle": 0 }
				],
				"translate": [
					{ "time": 0, "x": 0, "y": 0 },
					{ "time": 0.5, "x": 1.43, "y": -0.19 },
					{ "time": 0.6666, "x": -1.66, "y": -2.21 },
					{ "time": 0.8333, "x": 1.43, "y": -0.19 },
					{ "time": 1.1666, "x": 0, "y": 0 }
				]
			},
			"bl": {
				"rotate": [
					{ "time": 0, "angle": 0 },
					{ "time": 0.5, "angle": 2.18 },
					{ "time": 0.6666, "angle": -4.82 },
					{ "time": 0.8333, "angle": 2.18 },
					{ "time": 1.1666, "angle": 0 }
				],
				"translate": [
					{ "time": 0, "x": 0, "y": 0 },
					{ "time": 0.5, "x": 1.78, "y": -1.21 },
					{ "time": 0.6666, "x": -0.87, "y": 2.16 },
					{ "time": 0.8333, "x": 1.78, "y": -1.21 },
					{ "time": 1.1666, "x": 0, "y": 0 }
				]
			},
			"b2": {
				"rotate": [
					{ "time": 0, "angle": 0 },
					{ "time": 0.5, "angle": 2.56 },
					{ "time": 0.6666, "angle": -4.26 },
					{ "time": 0.8333, "angle": 2.56 },
					{ "time": 1.1666, "angle": 0 }
				],
				"translate": [
					{ "time": 0, "x": 0, "y": 0 },
					{ "time": 0.5, "x": 1.43, "y": -0.19 },
					{ "time": 0.6666, "x": -0.38, "y": 0.05 },
					{ "time": 0.8333, "x": 1.43, "y": -0.19 },
					{ "time": 1.1666, "x": 0, "y": 0 }
				]
			},
			"b1": {
				"rotate": [
					{ "time": 0, "angle": 0 },
					{ "time": 0.5, "angle": -5.79 },
					{ "time": 0.6666, "angle": 0.32 },
					{ "time": 0.8333, "angle": -5.79 },
					{ "time": 1.1666, "angle": 0 }
				],
				"translate": [
					{ "time": 0, "x": 0, "y": 0 },
					{ "time": 0.5, "x": 0.95, "y": -0.12 },
					{ "time": 0.6666, "x": -0.85, "y": 1.57 },
					{ "time": 0.8333, "x": 0.95, "y": -0.12 },
					{ "time": 1.1666, "x": 0, "y": 0 }
				]
			},
			"Hand_L": {
				"rotate": [
					{ "time": 0, "angle": 0 },
					{ "time": 0.3333, "angle": -2.08 },
					{ "time": 0.6333, "angle": -5.48 },
					{ "time": 1.1666, "angle": 0 }
				],
				"translate": [
					{ "time": 0, "x": 0, "y": 0, "curve": "stepped" },
					{ "time": 1.1666, "x": 0, "y": 0 }
				]
			},
			"Girl": {
				"rotate": [
					{ "time": 0, "angle": 0 },
					{ "time": 0.3333, "angle": -6 },
					{ "time": 1.1666, "angle": 0 }
				],
				"translate": [
					{ "time": 0, "x": 0, "y": 0, "curve": "stepped" },
					{ "time": 1.1666, "x": 0, "y": 0 }
				]
			},
			"Throw_Point": {
				"rotate": [
					{ "time": 0, "angle": 0, "curve": "stepped" },
					{ "time": 1.1666, "angle": 0 }
				],
				"translate": [
					{ "time": 0, "x": 0, "y": 0, "curve": "stepped" },
					{ "time": 1.1666, "x": 0, "y": 0 }
				]
			},
			"Smoke_R1": {
				"rotate": [
					{ "time": 0, "angle": 0, "curve": "stepped" },
					{ "time": 1.1666, "angle": 0 }
				],
				"translate": [
					{ "time": 0, "x": 0, "y": 0, "curve": "stepped" },
					{ "time": 1.1666, "x": 0, "y": 0 }
				]
			},
			"Smoke_L1": {
				"rotate": [
					{ "time": 0, "angle": 0, "curve": "stepped" },
					{ "time": 1.1666, "angle": 0 }
				],
				"translate": [
					{ "time": 0, "x": 0, "y": 0, "curve": "stepped" },
					{ "time": 1.1666, "x": 0, "y": 0 }
				]
			},
			"L2": {
				"rotate": [
					{ "time": 0, "angle": 0 },
					{ "time": 0.3333, "angle": 24.33 },
					{ "time": 0.8333, "angle": 17.13 },
					{ "time": 1.1666, "angle": 0 }
				],
				"translate": [
					{ "time": 0, "x": 0, "y": 0, "curve": "stepped" },
					{ "time": 1.1666, "x": 0, "y": 0 }
				]
			},
			"Expression": {
				"rotate": [
					{ "time": 0, "angle": 0, "curve": "stepped" },
					{ "time": 1.1666, "angle": 0 }
				],
				"translate": [
					{ "time": 0, "x": 0, "y": 0, "curve": "stepped" },
					{ "time": 1.1666, "x": 0, "y": 0 }
				]
			},
			"Dialogue": {
				"rotate": [
					{ "time": 0, "angle": 0, "curve": "stepped" },
					{ "time": 1.1666, "angle": 0 }
				],
				"translate": [
					{ "time": 0, "x": 0, "y": 0, "curve": "stepped" },
					{ "time": 1.1666, "x": 0, "y": 0 }
				]
			},
			"Attack_Point": {
				"rotate": [
					{ "time": 0, "angle": 0, "curve": "stepped" },
					{ "time": 1.1666, "angle": 0 }
				],
				"translate": [
					{ "time": 0, "x": 0, "y": 0, "curve": "stepped" },
					{ "time": 1.1666, "x": 0, "y": 0 }
				]
			},
			"Antiaircraft": {
				"rotate": [
					{ "time": 0, "angle": 0, "curve": "stepped" },
					{ "time": 1.1666, "angle": 0 }
				],
				"translate": [
					{ "time": 0, "x": 0, "y": 0, "curve": "stepped" },
					{ "time": 1.1666, "x": 0, "y": 0 }
				]
			},
			"leg": {
				"rotate": [
					{ "time": 0, "angle": 0, "curve": "stepped" },
					{ "time": 1.1666, "angle": 0 }
				],
				"translate": [
					{ "time": 0, "x": 0, "y": 0, "curve": "stepped" },
					{ "time": 1.1666, "x": 0, "y": 0 }
				]
			},
			"B2": {
				"rotate": [
					{ "time": 0, "angle": 0 },
					{ "time": 0.3333, "angle": -11.49 },
					{ "time": 0.8333, "angle": -21.35 },
					{ "time": 1.1666, "angle": 0 }
				],
				"translate": [
					{ "time": 0, "x": 0, "y": 0, "curve": "stepped" },
					{ "time": 1.1666, "x": 0, "y": 0 }
				]
			},
			"B1": {
				"rotate": [
					{ "time": 0, "angle": 0 },
					{ "time": 0.3333, "angle": -7.87 },
					{ "time": 0.8333, "angle": 7.53 },
					{ "time": 1.1666, "angle": 0 }
				],
				"translate": [
					{ "time": 0, "x": 0, "y": 0, "curve": "stepped" },
					{ "time": 1.1666, "x": 0, "y": 0 }
				]
			},
			"fish": {
				"rotate": [
					{ "time": 0, "angle": 0 },
					{ "time": 0.3333, "angle": 7.01 },
					{ "time": 0.6666, "angle": -4.77 },
					{ "time": 1.1666, "angle": 0 }
				],
				"translate": [
					{ "time": 0, "x": 0, "y": 0 },
					{ "time": 0.3333, "x": 6.96, "y": -5.37 },
					{ "time": 1.1666, "x": 0, "y": 0 }
				]
			},
			"Q": {
				"rotate": [
					{ "time": 0, "angle": 0 },
					{ "time": 0.3333, "angle": 16.89 },
					{ "time": 0.6333, "angle": 1.73 },
					{ "time": 0.9, "angle": 8.57 },
					{ "time": 1.1666, "angle": 0 }
				],
				"translate": [
					{ "time": 0, "x": 0, "y": 0, "curve": "stepped" },
					{ "time": 1.1666, "x": 0, "y": 0 }
				]
			},
			"hair_D": {
				"rotate": [
					{ "time": 0, "angle": 0 },
					{ "time": 0.3333, "angle": -21.66 },
					{ "time": 0.6333, "angle": 9.75 },
					{ "time": 0.9333, "angle": -16.76 },
					{ "time": 1.1666, "angle": 0 }
				],
				"translate": [
					{ "time": 0, "x": 0, "y": 0, "curve": "stepped" },
					{ "time": 1.1666, "x": 0, "y": 0 }
				]
			},
			"hair2": {
				"rotate": [
					{ "time": 0, "angle": 0 },
					{ "time": 0.3333, "angle": 20.07 },
					{ "time": 0.7333, "angle": 0.47 },
					{ "time": 1.1666, "angle": 0 }
				],
				"translate": [
					{ "time": 0, "x": 0, "y": 0, "curve": "stepped" },
					{ "time": 1.1666, "x": 0, "y": 0 }
				]
			},
			"hair1": {
				"rotate": [
					{ "time": 0, "angle": 0 },
					{ "time": 0.3666, "angle": 4.65 },
					{ "time": 0.7333, "angle": -9.65 },
					{ "time": 1.1666, "angle": 0 }
				],
				"translate": [
					{ "time": 0, "x": 0, "y": 0 },
					{ "time": 0.3666, "x": -2.56, "y": -2.88 },
					{ "time": 1.1666, "x": 0, "y": 0 }
				]
			}
		},
		"events": [
			{ "time": 0.0666, "name": "damage_point" }
		]
	},
	"normal": {
		"slots": {
			"fish_light": {
				"attachment": [
					{ "time": 0, "name": null }
				]
			},
			"fish_light2": {
				"attachment": [
					{ "time": 0, "name": null }
				]
			},
			"hair_light": {
				"attachment": [
					{ "time": 0, "name": null }
				]
			},
			"hair_light2": {
				"attachment": [
					{ "time": 0, "name": null }
				]
			},
			"head_light": {
				"attachment": [
					{ "time": 0, "name": null }
				]
			},
			"head_light2": {
				"attachment": [
					{ "time": 0, "name": null }
				]
			}
		},
		"bones": {
			"b2": {
				"rotate": [
					{ "time": 0, "angle": 0 },
					{ "time": 1.5, "angle": 6 },
					{ "time": 2, "angle": 0 }
				],
				"translate": [
					{ "time": 0, "x": 0, "y": 0 },
					{ "time": 0.5, "x": 0.87, "y": -0.11 },
					{ "time": 1.5, "x": -1.76, "y": 0.23 },
					{ "time": 2, "x": 0, "y": 0 }
				]
			},
			"Dialogue": {
				"rotate": [
					{ "time": 0, "angle": 0, "curve": "stepped" },
					{ "time": 2, "angle": 0 }
				],
				"translate": [
					{ "time": 0, "x": 0, "y": 0, "curve": "stepped" },
					{ "time": 2, "x": 0, "y": 0 }
				]
			},
			"Expression": {
				"rotate": [
					{ "time": 0, "angle": 0, "curve": "stepped" },
					{ "time": 2, "angle": 0 }
				],
				"translate": [
					{ "time": 0, "x": 0, "y": 0, "curve": "stepped" },
					{ "time": 2, "x": 0, "y": 0 }
				]
			},
			"Face": {
				"rotate": [
					{ "time": 0, "angle": 0, "curve": "stepped" },
					{ "time": 2, "angle": 0 }
				],
				"translate": [
					{
						"time": 0,
						"x": 0,
						"y": 0,
						"curve": [ 0.286, 0.34, 0.623, 0.67 ]
					},
					{
						"time": 0.5,
						"x": 0.64,
						"y": 0,
						"curve": [ 0.282, 0.37, 0.624, 0.71 ]
					},
					{
						"time": 1.5,
						"x": -1.28,
						"y": 0,
						"curve": [ 0.321, 0.37, 0.656, 0.71 ]
					},
					{ "time": 2, "x": 0, "y": 0 }
				]
			},
			"Smoke_L1": {
				"rotate": [
					{ "time": 0, "angle": 0, "curve": "stepped" },
					{ "time": 2, "angle": 0 }
				],
				"translate": [
					{ "time": 0, "x": 0, "y": 0, "curve": "stepped" },
					{ "time": 2, "x": 0, "y": 0 }
				]
			},
			"Head": {
				"rotate": [
					{ "time": 0, "angle": 0 },
					{ "time": 0.5, "angle": -3.17 },
					{ "time": 1, "angle": 0 },
					{ "time": 1.5, "angle": 0.89 },
					{ "time": 2, "angle": 0 }
				],
				"translate": [
					{ "time": 0, "x": 0, "y": 0, "curve": "stepped" },
					{ "time": 1, "x": 0, "y": 0, "curve": "stepped" },
					{ "time": 2, "x": 0, "y": 0 }
				]
			},
			"Throw_Point": {
				"rotate": [
					{ "time": 0, "angle": 0, "curve": "stepped" },
					{ "time": 2, "angle": 0 }
				],
				"translate": [
					{ "time": 0, "x": 0, "y": 0, "curve": "stepped" },
					{ "time": 2, "x": 0, "y": 0 }
				]
			},
			"b1": {
				"rotate": [
					{ "time": 0, "angle": 0 },
					{ "time": 1.5, "angle": -3.83 },
					{ "time": 2, "angle": 0 }
				],
				"translate": [
					{ "time": 0, "x": 0, "y": 0 },
					{ "time": 0.5, "x": 0.58, "y": -0.07 },
					{ "time": 1.5, "x": -1.86, "y": 0.25 },
					{ "time": 2, "x": 0, "y": 0 }
				]
			},
			"Damage_Point": {
				"rotate": [
					{ "time": 0, "angle": 0, "curve": "stepped" },
					{ "time": 2, "angle": 0 }
				],
				"translate": [
					{ "time": 0, "x": 0, "y": 0, "curve": "stepped" },
					{ "time": 2, "x": 0, "y": 0 }
				]
			},
			"Root_All": {
				"rotate": [
					{ "time": 0, "angle": 0, "curve": "stepped" },
					{ "time": 2, "angle": 0 }
				],
				"translate": [
					{
						"time": 0,
						"x": 0,
						"y": 0,
						"curve": [ 0.255, 0.35, 0.6, 0.7 ]
					},
					{
						"time": 0.5,
						"x": 0,
						"y": -9.82,
						"curve": [ 0.3, 0.39, 0.641, 0.74 ]
					},
					{
						"time": 1,
						"x": 0,
						"y": -15.66,
						"curve": [ 0.322, 0.37, 0.652, 0.7 ]
					},
					{
						"time": 1.5,
						"x": 0,
						"y": -7.79,
						"curve": [ 0.314, 0.36, 0.644, 0.68 ]
					},
					{ "time": 2, "x": 0, "y": 0 }
				]
			},
			"L2": {
				"rotate": [
					{ "time": 0, "angle": 0 },
					{ "time": 1, "angle": -5.66 },
					{ "time": 1.5, "angle": 8.55 },
					{ "time": 2, "angle": 0 }
				],
				"translate": [
					{ "time": 0, "x": 0, "y": 0, "curve": "stepped" },
					{ "time": 2, "x": 0, "y": 0 }
				]
			},
			"Girl": {
				"rotate": [
					{ "time": 0, "angle": 0 },
					{ "time": 0.5, "angle": -8.3 },
					{ "time": 1.3333, "angle": 6.01 },
					{ "time": 2, "angle": 0 }
				],
				"translate": [
					{ "time": 0, "x": 0, "y": 0 },
					{ "time": 0.5, "x": 5.41, "y": -2.3 },
					{ "time": 1.3333, "x": 6.7, "y": -4.6 },
					{ "time": 2, "x": 0, "y": 0 }
				]
			},
			"BB": {
				"rotate": [
					{ "time": 0, "angle": 0, "curve": "stepped" },
					{ "time": 2, "angle": 0 }
				],
				"translate": [
					{ "time": 0, "x": 0, "y": 0 },
					{ "time": 1, "x": 1.33, "y": 0 },
					{ "time": 2, "x": 0, "y": 0 }
				]
			},
			"bl": {
				"rotate": [
					{ "time": 0, "angle": 0 },
					{ "time": 0.5, "angle": 6.83 },
					{ "time": 1.5, "angle": -3.22 },
					{ "time": 2, "angle": 0 }
				],
				"translate": [
					{ "time": 0, "x": 0, "y": 0 },
					{ "time": 0.5, "x": 1.61, "y": 0.96 },
					{ "time": 1.5, "x": -0.71, "y": 1.96 },
					{ "time": 2, "x": 0, "y": 0 }
				]
			},
			"Smoke_R1": {
				"rotate": [
					{ "time": 0, "angle": 0, "curve": "stepped" },
					{ "time": 2, "angle": 0 }
				],
				"translate": [
					{ "time": 0, "x": 0, "y": 0, "curve": "stepped" },
					{ "time": 2, "x": 0, "y": 0 }
				]
			},
			"Antiaircraft": {
				"rotate": [
					{ "time": 0, "angle": 0, "curve": "stepped" },
					{ "time": 2, "angle": 0 }
				],
				"translate": [
					{ "time": 0, "x": 0, "y": 0, "curve": "stepped" },
					{ "time": 2, "x": 0, "y": 0 }
				]
			},
			"Ship_All": {
				"rotate": [
					{ "time": 0, "angle": 0, "curve": "stepped" },
					{ "time": 2, "angle": 0 }
				],
				"translate": [
					{ "time": 0, "x": 0, "y": 0, "curve": "stepped" },
					{ "time": 2, "x": 0, "y": 0 }
				]
			},
			"Hand_L": {
				"rotate": [
					{ "time": 0, "angle": 0 },
					{ "time": 1, "angle": 5.59 },
					{ "time": 2, "angle": 0 }
				],
				"translate": [
					{ "time": 0, "x": 0, "y": 0, "curve": "stepped" },
					{ "time": 2, "x": 0, "y": 0 }
				]
			},
			"br": {
				"rotate": [
					{ "time": 0, "angle": 0 },
					{ "time": 0.5, "angle": -5.04 },
					{ "time": 1.5, "angle": 4.62 },
					{ "time": 2, "angle": 0 }
				],
				"translate": [
					{ "time": 0, "x": 0, "y": 0 },
					{ "time": 0.5, "x": 0.75, "y": -0.99 },
					{ "time": 1.5, "x": -1.3, "y": -0.99 },
					{ "time": 2, "x": 0, "y": 0 }
				]
			},
			"Body": {
				"rotate": [
					{ "time": 0, "angle": 0, "curve": "stepped" },
					{ "time": 2, "angle": 0 }
				],
				"translate": [
					{ "time": 0, "x": 0, "y": 0, "curve": "stepped" },
					{ "time": 2, "x": 0, "y": 0 }
				]
			},
			"Attack_Point": {
				"rotate": [
					{ "time": 0, "angle": 0, "curve": "stepped" },
					{ "time": 2, "angle": 0 }
				],
				"translate": [
					{ "time": 0, "x": 0, "y": 0, "curve": "stepped" },
					{ "time": 2, "x": 0, "y": 0 }
				]
			},
			"leg": {
				"rotate": [
					{ "time": 0, "angle": 0 },
					{ "time": 1, "angle": 11.36 },
					{ "time": 2, "angle": 0 }
				],
				"translate": [
					{ "time": 0, "x": 0, "y": 0, "curve": "stepped" },
					{ "time": 2, "x": 0, "y": 0 }
				]
			},
			"B2": {
				"rotate": [
					{ "time": 0, "angle": 0 },
					{ "time": 0.6666, "angle": 18.14 },
					{ "time": 1.5, "angle": -18.02 },
					{ "time": 2, "angle": 0 }
				],
				"translate": [
					{ "time": 0, "x": 0, "y": 0, "curve": "stepped" },
					{ "time": 2, "x": 0, "y": 0 }
				]
			},
			"B1": {
				"rotate": [
					{ "time": 0, "angle": 0 },
					{ "time": 0.6666, "angle": 347.48 },
					{ "time": 1.5, "angle": 15.22 },
					{ "time": 2, "angle": 0 }
				],
				"translate": [
					{ "time": 0, "x": 0, "y": 0, "curve": "stepped" },
					{ "time": 2, "x": 0, "y": 0 }
				]
			},
			"fish": {
				"rotate": [
					{ "time": 0, "angle": 0 },
					{ "time": 0.5, "angle": -11.35 },
					{ "time": 1.3333, "angle": 6.43 },
					{ "time": 2, "angle": 0 }
				],
				"translate": [
					{ "time": 0, "x": 0, "y": 0 },
					{ "time": 0.5, "x": 11.09, "y": 0.76 },
					{ "time": 1.3333, "x": 11.12, "y": -8.1 },
					{ "time": 2, "x": 0, "y": 0 }
				]
			},
			"Q": {
				"rotate": [
					{ "time": 0, "angle": 0 },
					{ "time": 0.5, "angle": 12.51 },
					{ "time": 1.5, "angle": -5.05 },
					{ "time": 2, "angle": 0 }
				],
				"translate": [
					{ "time": 0, "x": 0, "y": 0, "curve": "stepped" },
					{ "time": 2, "x": 0, "y": 0 }
				]
			},
			"hair_D": {
				"rotate": [
					{ "time": 0, "angle": 0 },
					{ "time": 0.6666, "angle": 23.85 },
					{ "time": 1.3333, "angle": -16.1 },
					{ "time": 1.6666, "angle": 16.31 },
					{ "time": 2, "angle": 0 }
				],
				"translate": [
					{ "time": 0, "x": 0, "y": 0, "curve": "stepped" },
					{ "time": 2, "x": 0, "y": 0 }
				]
			},
			"hair2": {
				"rotate": [
					{ "time": 0, "angle": 0 },
					{ "time": 0.6666, "angle": -6.66 },
					{ "time": 1.5, "angle": 5.24 },
					{ "time": 2, "angle": 0 }
				],
				"translate": [
					{ "time": 0, "x": 0, "y": 0, "curve": "stepped" },
					{ "time": 2, "x": 0, "y": 0 }
				]
			},
			"hair1": {
				"rotate": [
					{ "time": 0, "angle": 0 },
					{ "time": 0.6666, "angle": -6.6 },
					{ "time": 1.5, "angle": 4.41 },
					{ "time": 2, "angle": 0 }
				],
				"translate": [
					{ "time": 0, "x": 0, "y": 0, "curve": "stepped" },
					{ "time": 2, "x": 0, "y": 0 }
				]
			}
		}
	},
	"throw": {
		"slots": {
			"head_light": {
				"attachment": [
					{ "time": 0, "name": null }
				]
			}
		},
		"bones": {
			"Face": {
				"rotate": [
					{ "time": 0, "angle": 0, "curve": "stepped" },
					{ "time": 1.3333, "angle": 0 }
				],
				"translate": [
					{
						"time": 0,
						"x": 0,
						"y": 0,
						"curve": [ 0.286, 0.34, 0.623, 0.67 ]
					},
					{ "time": 0.3333, "x": 0, "y": -0.7 },
					{ "time": 0.5666, "x": 0, "y": 0.14 },
					{ "time": 1.3333, "x": 0, "y": 0 }
				]
			},
			"Root_All": {
				"rotate": [
					{ "time": 0, "angle": 0, "curve": "stepped" },
					{ "time": 1.3333, "angle": 0 }
				],
				"translate": [
					{
						"time": 0,
						"x": 0,
						"y": 0,
						"curve": [ 0.255, 0.35, 0.6, 0.7 ]
					},
					{ "time": 0.6333, "x": -66.66, "y": 0 },
					{ "time": 0.9666, "x": -10.42, "y": -12.42 },
					{ "time": 1.3333, "x": 0, "y": 0 }
				]
			},
			"Body": {
				"rotate": [
					{
						"time": 0,
						"angle": 0,
						"curve": [ 0.219, 0.41, 0.591, 0.77 ]
					},
					{
						"time": 0.6333,
						"angle": -3.17,
						"curve": [ 0.32, 0.36, 0.653, 0.69 ]
					},
					{
						"time": 0.7333,
						"angle": 0.61,
						"curve": [ 0.319, 0.37, 0.652, 0.7 ]
					},
					{
						"time": 0.9666,
						"angle": -1.72,
						"curve": [ 0.32, 0.38, 0.654, 0.71 ]
					},
					{ "time": 1.3333, "angle": 0 }
				],
				"translate": [
					{
						"time": 0,
						"x": 0,
						"y": 0,
						"curve": [ 0.219, 0.41, 0.591, 0.77 ]
					},
					{
						"time": 0.3333,
						"x": -15.86,
						"y": 0,
						"curve": [ 0.193, 0.39, 0.58, 0.9 ]
					},
					{
						"time": 0.5666,
						"x": -19.36,
						"y": 0,
						"curve": [ 0.142, 0.42, 0.647, 0.94 ]
					},
					{ "time": 0.6333, "x": 92.18, "y": -6.3 },
					{ "time": 0.7333, "x": 111.33, "y": 0 },
					{ "time": 1.3333, "x": 0, "y": 0 }
				]
			},
			"Ship_All": {
				"rotate": [
					{ "time": 0, "angle": 0, "curve": "stepped" },
					{ "time": 1.3333, "angle": 0 }
				],
				"translate": [
					{ "time": 0, "x": 0, "y": 0, "curve": "stepped" },
					{ "time": 1.3333, "x": 0, "y": 0 }
				]
			},
			"Throw_Point": {
				"rotate": [
					{ "time": 0, "angle": 0, "curve": "stepped" },
					{ "time": 0.6333, "angle": 0, "curve": "stepped" },
					{ "time": 1.3333, "angle": 0 }
				],
				"translate": [
					{ "time": 0, "x": 0, "y": 0, "curve": "stepped" },
					{ "time": 0.6333, "x": 0, "y": 0, "curve": "stepped" },
					{ "time": 1.3333, "x": 0, "y": 0 }
				]
			},
			"Head": {
				"rotate": [
					{ "time": 0, "angle": 0 },
					{ "time": 0.3333, "angle": 0.25 },
					{ "time": 0.8333, "angle": -5.25 },
					{ "time": 1.3333, "angle": 0 }
				],
				"translate": [
					{ "time": 0, "x": 0, "y": 0, "curve": "stepped" },
					{ "time": 1.3333, "x": 0, "y": 0 }
				]
			},
			"BB": {
				"rotate": [
					{ "time": 0, "angle": 0, "curve": "stepped" },
					{ "time": 1.3333, "angle": 0 }
				],
				"translate": [
					{ "time": 0, "x": 0, "y": 0 },
					{ "time": 0.3333, "x": 0.84, "y": -1.55 },
					{ "time": 1.3333, "x": 0, "y": 0 }
				]
			},
			"br": {
				"rotate": [
					{ "time": 0, "angle": 0 },
					{ "time": 0.5, "angle": -0.96 },
					{ "time": 0.6666, "angle": 2.83 },
					{ "time": 0.9333, "angle": -0.96 },
					{ "time": 1.1666, "angle": 2.83 },
					{ "time": 1.3333, "angle": 0 }
				],
				"translate": [
					{ "time": 0, "x": 0, "y": 0 },
					{ "time": 0.5, "x": 1.64, "y": 0.65 },
					{ "time": 0.6666, "x": -1.95, "y": -1.84 },
					{ "time": 0.9333, "x": 1.64, "y": 0.65 },
					{ "time": 1.1666, "x": -1.95, "y": -1.84 },
					{ "time": 1.3333, "x": 0, "y": 0 }
				]
			},
			"bl": {
				"rotate": [
					{ "time": 0, "angle": 0 },
					{ "time": 0.5, "angle": 4.9 },
					{ "time": 0.6666, "angle": -1.13 },
					{ "time": 0.9333, "angle": 4.9 },
					{ "time": 1.1666, "angle": -1.13 },
					{ "time": 1.3333, "angle": 0 }
				],
				"translate": [
					{ "time": 0, "x": 0, "y": 0 },
					{ "time": 0.5, "x": 0.72, "y": -0.85 },
					{ "time": 0.6666, "x": -1.03, "y": 2.18 },
					{ "time": 0.9333, "x": 0.72, "y": -0.85 },
					{ "time": 1.1666, "x": -1.03, "y": 2.18 },
					{ "time": 1.3333, "x": 0, "y": 0 }
				]
			},
			"b2": {
				"rotate": [
					{ "time": 0, "angle": 0 },
					{ "time": 0.6666, "angle": 0.85, "curve": "stepped" },
					{ "time": 1.1666, "angle": 0.85 },
					{ "time": 1.3333, "angle": 0 }
				],
				"translate": [
					{ "time": 0, "x": 0, "y": 0 },
					{ "time": 0.5, "x": 1.44, "y": -1.71 },
					{ "time": 0.6666, "x": -0.99, "y": -0.51 },
					{ "time": 0.9333, "x": 1.44, "y": -1.71 },
					{ "time": 1.1666, "x": -0.99, "y": -0.51 },
					{ "time": 1.3333, "x": 0, "y": 0 }
				]
			},
			"b1": {
				"rotate": [
					{ "time": 0, "angle": 0 },
					{ "time": 0.6666, "angle": -1.79, "curve": "stepped" },
					{ "time": 1.1666, "angle": -1.79 },
					{ "time": 1.3333, "angle": 0 }
				],
				"translate": [
					{ "time": 0, "x": 0, "y": 0 },
					{ "time": 0.5, "x": 1.5, "y": -0.92 },
					{ "time": 0.6666, "x": -1.41, "y": 3.03 },
					{ "time": 0.9333, "x": 1.5, "y": -0.92 },
					{ "time": 1.1666, "x": -1.41, "y": 3.03 },
					{ "time": 1.3333, "x": 0, "y": 0 }
				]
			},
			"Hand_L": {
				"rotate": [
					{ "time": 0, "angle": 0 },
					{ "time": 0.1666, "angle": -259.49 },
					{ "time": 0.3333, "angle": -249.3 },
					{ "time": 0.5, "angle": -249.1 },
					{ "time": 0.8333, "angle": 44.14 },
					{ "time": 1.3333, "angle": 0 }
				],
				"translate": [
					{ "time": 0, "x": 0, "y": 0, "curve": "stepped" },
					{ "time": 1.3333, "x": 0, "y": 0 }
				]
			},
			"Girl": {
				"rotate": [
					{ "time": 0, "angle": 0 },
					{ "time": 0.5, "angle": 6.83 },
					{ "time": 1.3333, "angle": 0 }
				],
				"translate": [
					{ "time": 0, "x": 0, "y": 0, "curve": "stepped" },
					{ "time": 1.3333, "x": 0, "y": 0 }
				]
			},
			"Smoke_R1": {
				"rotate": [
					{ "time": 0, "angle": 0, "curve": "stepped" },
					{ "time": 1.3333, "angle": 0 }
				],
				"translate": [
					{ "time": 0, "x": 0, "y": 0, "curve": "stepped" },
					{ "time": 1.3333, "x": 0, "y": 0 }
				]
			},
			"Smoke_L1": {
				"rotate": [
					{ "time": 0, "angle": 0, "curve": "stepped" },
					{ "time": 1.3333, "angle": 0 }
				],
				"translate": [
					{ "time": 0, "x": 0, "y": 0, "curve": "stepped" },
					{ "time": 1.3333, "x": 0, "y": 0 }
				]
			},
			"Expression": {
				"rotate": [
					{ "time": 0, "angle": 0, "curve": "stepped" },
					{ "time": 1.3333, "angle": 0 }
				],
				"translate": [
					{ "time": 0, "x": 0, "y": 0, "curve": "stepped" },
					{ "time": 1.3333, "x": 0, "y": 0 }
				]
			},
			"Dialogue": {
				"rotate": [
					{ "time": 0, "angle": 0, "curve": "stepped" },
					{ "time": 1.3333, "angle": 0 }
				],
				"translate": [
					{ "time": 0, "x": 0, "y": 0, "curve": "stepped" },
					{ "time": 1.3333, "x": 0, "y": 0 }
				]
			},
			"Damage_Point": {
				"rotate": [
					{ "time": 0, "angle": 0, "curve": "stepped" },
					{ "time": 1.3333, "angle": 0 }
				],
				"translate": [
					{ "time": 0, "x": 0, "y": 0, "curve": "stepped" },
					{ "time": 1.3333, "x": 0, "y": 0 }
				]
			},
			"Attack_Point": {
				"rotate": [
					{ "time": 0, "angle": 0, "curve": "stepped" },
					{ "time": 1.3333, "angle": 0 }
				],
				"translate": [
					{ "time": 0, "x": 0, "y": 0, "curve": "stepped" },
					{ "time": 1.3333, "x": 0, "y": 0 }
				]
			},
			"Antiaircraft": {
				"rotate": [
					{ "time": 0, "angle": 0, "curve": "stepped" },
					{ "time": 1.3333, "angle": 0 }
				],
				"translate": [
					{ "time": 0, "x": 0, "y": 0, "curve": "stepped" },
					{ "time": 1.3333, "x": 0, "y": 0 }
				]
			},
			"L2": {
				"rotate": [
					{ "time": 0, "angle": 0 },
					{ "time": 0.1666, "angle": 14.72 },
					{ "time": 0.5, "angle": -3.31 },
					{ "time": 0.8333, "angle": 38.01 },
					{ "time": 1.3333, "angle": 0 }
				],
				"translate": [
					{ "time": 0, "x": 0, "y": 0 },
					{ "time": 0.8333, "x": -0.16, "y": 0.92 },
					{ "time": 1.3333, "x": 0, "y": 0 }
				]
			},
			"leg": {
				"rotate": [
					{ "time": 0, "angle": 0, "curve": "stepped" },
					{ "time": 1.3333, "angle": 0 }
				],
				"translate": [
					{ "time": 0, "x": 0, "y": 0, "curve": "stepped" },
					{ "time": 1.3333, "x": 0, "y": 0 }
				]
			},
			"B2": {
				"rotate": [
					{ "time": 0, "angle": 0, "curve": "stepped" },
					{ "time": 1.3333, "angle": 0 }
				],
				"translate": [
					{ "time": 0, "x": 0, "y": 0, "curve": "stepped" },
					{ "time": 1.3333, "x": 0, "y": 0 }
				]
			},
			"B1": {
				"rotate": [
					{ "time": 0, "angle": 0, "curve": "stepped" },
					{ "time": 1.3333, "angle": 0 }
				],
				"translate": [
					{ "time": 0, "x": 0, "y": 0, "curve": "stepped" },
					{ "time": 1.3333, "x": 0, "y": 0 }
				]
			},
			"fish": {
				"rotate": [
					{ "time": 0, "angle": 0, "curve": "stepped" },
					{ "time": 1.3333, "angle": 0 }
				],
				"translate": [
					{ "time": 0, "x": 0, "y": 0, "curve": "stepped" },
					{ "time": 1.3333, "x": 0, "y": 0 }
				]
			},
			"Q": {
				"rotate": [
					{ "time": 0, "angle": 0, "curve": "stepped" },
					{ "time": 1.3333, "angle": 0 }
				],
				"translate": [
					{ "time": 0, "x": 0, "y": 0, "curve": "stepped" },
					{ "time": 1.3333, "x": 0, "y": 0 }
				]
			},
			"hair_D": {
				"rotate": [
					{ "time": 0, "angle": 0, "curve": "stepped" },
					{ "time": 1.3333, "angle": 0 }
				],
				"translate": [
					{ "time": 0, "x": 0, "y": 0, "curve": "stepped" },
					{ "time": 1.3333, "x": 0, "y": 0 }
				]
			},
			"hair2": {
				"rotate": [
					{ "time": 0, "angle": 0, "curve": "stepped" },
					{ "time": 1.3333, "angle": 0 }
				],
				"translate": [
					{ "time": 0, "x": 0, "y": 0, "curve": "stepped" },
					{ "time": 1.3333, "x": 0, "y": 0 }
				]
			},
			"hair1": {
				"rotate": [
					{ "time": 0, "angle": 0, "curve": "stepped" },
					{ "time": 1.3333, "angle": 0 }
				],
				"translate": [
					{ "time": 0, "x": 0, "y": 0, "curve": "stepped" },
					{ "time": 1.3333, "x": 0, "y": 0 }
				]
			}
		},
		"events": [
			{ "time": 0.5666, "name": "throw_point" }
		]
	},
	"wreck": {
		"slots": {
			"Rodney_eyes_normal": {
				"attachment": [
					{ "time": 0, "name": "Rodney_eyes_damage" }
				]
			},
			"head_light": {
				"attachment": [
					{ "time": 0, "name": null }
				]
			}
		},
		"bones": {
			"b2": {
				"rotate": [
					{ "time": 0, "angle": 0 },
					{ "time": 1.5, "angle": 6 },
					{ "time": 2, "angle": 0 }
				],
				"translate": [
					{ "time": 0, "x": 0, "y": 0 },
					{ "time": 0.5, "x": 0.87, "y": -0.11 },
					{ "time": 1.5, "x": -1.76, "y": 0.23 },
					{ "time": 2, "x": 0, "y": 0 }
				]
			},
			"Head": {
				"rotate": [
					{ "time": 0, "angle": 0 },
					{ "time": 0.5, "angle": -3.17 },
					{ "time": 1, "angle": 0 },
					{ "time": 1.5, "angle": 0.89 },
					{ "time": 2, "angle": 0 }
				],
				"translate": [
					{ "time": 0, "x": 0, "y": 0, "curve": "stepped" },
					{ "time": 1, "x": 0, "y": 0, "curve": "stepped" },
					{ "time": 2, "x": 0, "y": 0 }
				]
			},
			"b1": {
				"rotate": [
					{ "time": 0, "angle": 0 },
					{ "time": 1.5, "angle": -3.83 },
					{ "time": 2, "angle": 0 }
				],
				"translate": [
					{ "time": 0, "x": 0, "y": 0 },
					{ "time": 0.5, "x": 0.58, "y": -0.07 },
					{ "time": 1.5, "x": -1.86, "y": 0.25 },
					{ "time": 2, "x": 0, "y": 0 }
				]
			},
			"Ship_All": {
				"rotate": [
					{ "time": 0, "angle": 0, "curve": "stepped" },
					{ "time": 2, "angle": 0 }
				],
				"translate": [
					{ "time": 0, "x": 0, "y": 0, "curve": "stepped" },
					{ "time": 2, "x": 0, "y": 0 }
				]
			},
			"Expression": {
				"rotate": [
					{ "time": 0, "angle": 0, "curve": "stepped" },
					{ "time": 2, "angle": 0 }
				],
				"translate": [
					{ "time": 0, "x": 0, "y": 0, "curve": "stepped" },
					{ "time": 2, "x": 0, "y": 0 }
				]
			},
			"Face": {
				"rotate": [
					{ "time": 0, "angle": 0, "curve": "stepped" },
					{ "time": 2, "angle": 0 }
				],
				"translate": [
					{
						"time": 0,
						"x": 0,
						"y": 0,
						"curve": [ 0.286, 0.34, 0.623, 0.67 ]
					},
					{
						"time": 0.5,
						"x": 0.64,
						"y": 0,
						"curve": [ 0.282, 0.37, 0.624, 0.71 ]
					},
					{
						"time": 1.5,
						"x": -1.28,
						"y": 0,
						"curve": [ 0.321, 0.37, 0.656, 0.71 ]
					},
					{ "time": 2, "x": 0, "y": 0 }
				]
			},
			"L2": {
				"rotate": [
					{ "time": 0, "angle": 0 },
					{ "time": 1, "angle": -5.66 },
					{ "time": 1.5, "angle": 8.55 },
					{ "time": 2, "angle": 0 }
				],
				"translate": [
					{ "time": 0, "x": 0, "y": 0, "curve": "stepped" },
					{ "time": 2, "x": 0, "y": 0 }
				]
			},
			"Root_All": {
				"rotate": [
					{ "time": 0, "angle": 0, "curve": "stepped" },
					{ "time": 2, "angle": 0 }
				],
				"translate": [
					{
						"time": 0,
						"x": 0,
						"y": 0,
						"curve": [ 0.255, 0.35, 0.6, 0.7 ]
					},
					{
						"time": 0.5,
						"x": 0,
						"y": -9.82,
						"curve": [ 0.3, 0.39, 0.641, 0.74 ]
					},
					{
						"time": 1,
						"x": 0,
						"y": -15.66,
						"curve": [ 0.322, 0.37, 0.652, 0.7 ]
					},
					{
						"time": 1.5,
						"x": 0,
						"y": -7.79,
						"curve": [ 0.314, 0.36, 0.644, 0.68 ]
					},
					{ "time": 2, "x": 0, "y": 0 }
				]
			},
			"bl": {
				"rotate": [
					{ "time": 0, "angle": 0 },
					{ "time": 0.5, "angle": 6.83 },
					{ "time": 1.5, "angle": -3.22 },
					{ "time": 2, "angle": 0 }
				],
				"translate": [
					{ "time": 0, "x": 0, "y": 0 },
					{ "time": 0.5, "x": 1.61, "y": 0.96 },
					{ "time": 1.5, "x": -0.71, "y": 1.96 },
					{ "time": 2, "x": 0, "y": 0 }
				]
			},
			"br": {
				"rotate": [
					{ "time": 0, "angle": 0 },
					{ "time": 0.5, "angle": -5.04 },
					{ "time": 1.5, "angle": 4.62 },
					{ "time": 2, "angle": 0 }
				],
				"translate": [
					{ "time": 0, "x": 0, "y": 0 },
					{ "time": 0.5, "x": 0.75, "y": -0.99 },
					{ "time": 1.5, "x": -1.3, "y": -0.99 },
					{ "time": 2, "x": 0, "y": 0 }
				]
			},
			"Body": {
				"rotate": [
					{ "time": 0, "angle": 0, "curve": "stepped" },
					{ "time": 2, "angle": 0 }
				],
				"translate": [
					{ "time": 0, "x": 0, "y": 0, "curve": "stepped" },
					{ "time": 2, "x": 0, "y": 0 }
				]
			},
			"BB": {
				"rotate": [
					{ "time": 0, "angle": 0, "curve": "stepped" },
					{ "time": 2, "angle": 0 }
				],
				"translate": [
					{ "time": 0, "x": 0, "y": 0 },
					{ "time": 1, "x": 1.33, "y": 0 },
					{ "time": 2, "x": 0, "y": 0 }
				]
			},
			"Girl": {
				"rotate": [
					{ "time": 0, "angle": 0, "curve": "stepped" },
					{ "time": 2, "angle": 0 }
				],
				"translate": [
					{ "time": 0, "x": 0, "y": 0, "curve": "stepped" },
					{ "time": 2, "x": 0, "y": 0 }
				]
			},
			"Smoke_R1": {
				"rotate": [
					{ "time": 0, "angle": 0, "curve": "stepped" },
					{ "time": 2, "angle": 0 }
				],
				"translate": [
					{ "time": 0, "x": 0, "y": 0, "curve": "stepped" },
					{ "time": 2, "x": 0, "y": 0 }
				]
			},
			"Hand_L": {
				"rotate": [
					{ "time": 0, "angle": 0 },
					{ "time": 1, "angle": 5.59 },
					{ "time": 2, "angle": 0 }
				],
				"translate": [
					{ "time": 0, "x": 0, "y": 0, "curve": "stepped" },
					{ "time": 2, "x": 0, "y": 0 }
				]
			},
			"Smoke_L1": {
				"rotate": [
					{ "time": 0, "angle": 0, "curve": "stepped" },
					{ "time": 2, "angle": 0 }
				],
				"translate": [
					{ "time": 0, "x": 0, "y": 0, "curve": "stepped" },
					{ "time": 2, "x": 0, "y": 0 }
				]
			},
			"Antiaircraft": {
				"rotate": [
					{ "time": 0, "angle": 0, "curve": "stepped" },
					{ "time": 2, "angle": 0 }
				],
				"translate": [
					{ "time": 0, "x": 0, "y": 0, "curve": "stepped" },
					{ "time": 2, "x": 0, "y": 0 }
				]
			},
			"Damage_Point": {
				"rotate": [
					{ "time": 0, "angle": 0, "curve": "stepped" },
					{ "time": 2, "angle": 0 }
				],
				"translate": [
					{ "time": 0, "x": 0, "y": 0, "curve": "stepped" },
					{ "time": 2, "x": 0, "y": 0 }
				]
			},
			"Attack_Point": {
				"rotate": [
					{ "time": 0, "angle": 0, "curve": "stepped" },
					{ "time": 2, "angle": 0 }
				],
				"translate": [
					{ "time": 0, "x": 0, "y": 0, "curve": "stepped" },
					{ "time": 2, "x": 0, "y": 0 }
				]
			},
			"Throw_Point": {
				"rotate": [
					{ "time": 0, "angle": 0, "curve": "stepped" },
					{ "time": 2, "angle": 0 }
				],
				"translate": [
					{ "time": 0, "x": 0, "y": 0, "curve": "stepped" },
					{ "time": 2, "x": 0, "y": 0 }
				]
			},
			"Dialogue": {
				"rotate": [
					{ "time": 0, "angle": 0, "curve": "stepped" },
					{ "time": 2, "angle": 0 }
				],
				"translate": [
					{ "time": 0, "x": 0, "y": 0, "curve": "stepped" },
					{ "time": 2, "x": 0, "y": 0 }
				]
			},
			"leg": {
				"rotate": [
					{ "time": 0, "angle": 0, "curve": "stepped" },
					{ "time": 2, "angle": 0 }
				],
				"translate": [
					{ "time": 0, "x": 0, "y": 0, "curve": "stepped" },
					{ "time": 2, "x": 0, "y": 0 }
				]
			},
			"B2": {
				"rotate": [
					{ "time": 0, "angle": 0, "curve": "stepped" },
					{ "time": 2, "angle": 0 }
				],
				"translate": [
					{ "time": 0, "x": 0, "y": 0, "curve": "stepped" },
					{ "time": 2, "x": 0, "y": 0 }
				]
			},
			"B1": {
				"rotate": [
					{ "time": 0, "angle": 0, "curve": "stepped" },
					{ "time": 2, "angle": 0 }
				],
				"translate": [
					{ "time": 0, "x": 0, "y": 0, "curve": "stepped" },
					{ "time": 2, "x": 0, "y": 0 }
				]
			},
			"fish": {
				"rotate": [
					{ "time": 0, "angle": 0, "curve": "stepped" },
					{ "time": 2, "angle": 0 }
				],
				"translate": [
					{ "time": 0, "x": 0, "y": 0, "curve": "stepped" },
					{ "time": 2, "x": 0, "y": 0 }
				]
			},
			"Q": {
				"rotate": [
					{ "time": 0, "angle": 0, "curve": "stepped" },
					{ "time": 2, "angle": 0 }
				],
				"translate": [
					{ "time": 0, "x": 0, "y": 0, "curve": "stepped" },
					{ "time": 2, "x": 0, "y": 0 }
				]
			},
			"hair_D": {
				"rotate": [
					{ "time": 0, "angle": 0, "curve": "stepped" },
					{ "time": 2, "angle": 0 }
				],
				"translate": [
					{ "time": 0, "x": 0, "y": 0, "curve": "stepped" },
					{ "time": 2, "x": 0, "y": 0 }
				]
			},
			"hair2": {
				"rotate": [
					{ "time": 0, "angle": 0, "curve": "stepped" },
					{ "time": 2, "angle": 0 }
				],
				"translate": [
					{ "time": 0, "x": 0, "y": 0, "curve": "stepped" },
					{ "time": 2, "x": 0, "y": 0 }
				]
			},
			"hair1": {
				"rotate": [
					{ "time": 0, "angle": 0, "curve": "stepped" },
					{ "time": 2, "angle": 0 }
				],
				"translate": [
					{ "time": 0, "x": 0, "y": 0, "curve": "stepped" },
					{ "time": 2, "x": 0, "y": 0 }
				]
			}
		}
	}
}
}