{
"skeleton": { "hash": "u8lNtUn9HAHHbOAQlDBkS3IS+fs", "spine": "3.2.01", "width": 5507.06, "height": 430.78, "images": "" },
"bones": [
	{ "name": "BG_picture" },
	{ "name": "Sky", "parent": "BG_picture" },
	{ "name": "Cloud_Other_picture", "parent": "Sky", "y": -11.16 },
	{ "name": "Light_01", "parent": "Sky", "y": 65.62 },
	{ "name": "Light_02", "parent": "Sky", "y": 54.26 },
	{ "name": "Picture_2", "parent": "Sky" },
	{ "name": "Sky_picture", "parent": "Sky" },
	{ "name": "White_light", "parent": "Sky" }
],
"slots": [
	{ "name": "Sky", "bone": "Sky_picture", "attachment": "Sky" },
	{ "name": "Cloud_U", "bone": "Cloud_Other_picture", "color": "132240c7", "attachment": "Cloud_Day_U" },
	{ "name": "Cloud_U2", "bone": "Cloud_Other_picture", "color": "132240c7", "attachment": "Cloud_Day_U" },
	{ "name": "Light_00", "bone": "Light_01", "attachment": "Light_00", "blend": "additive" },
	{ "name": "Light_01", "bone": "Light_02", "attachment": "Light_01", "blend": "additive" },
	{ "name": "Mountain", "bone": "Picture_2", "attachment": "Mountain" },
	{ "name": "Blue_light_00", "bone": "White_light", "attachment": "Blue_light_00", "blend": "additive" }
],
"skins": {
	"default": {
		"Blue_light_00": {
			"Blue_light_00": { "scaleX": 5, "scaleY": 5, "width": 166, "height": 64 }
		},
		"Cloud_U": {
			"Cloud_Day_U": { "x": -3720.06, "y": -48, "scaleX": 5, "scaleY": 5, "width": 470, "height": 46 }
		},
		"Cloud_U2": {
			"Cloud_Day_U": { "x": -1178, "y": -48, "scaleX": 5, "scaleY": 5, "width": 470, "height": 46 }
		},
		"Light_00": {
			"Light_00": { "scaleX": 2, "scaleY": 2, "width": 156, "height": 191 }
		},
		"Light_01": {
			"Light_01": { "scaleX": 2, "scaleY": 2, "width": 156, "height": 173 }
		},
		"Mountain": {
			"Mountain": { "y": -83.5, "scaleX": 2, "scaleY": 2, "width": 612, "height": 84 }
		},
		"Sky": {
			"Sky": { "y": -83.5, "scaleX": 2, "scaleY": 2, "width": 612, "height": 84 }
		}
	}
},
"events": {
	"loop": {}
},
"animations": {
	"BG_Arabian_Sea_storm_day": {
		"slots": {
			"Blue_light_00": {
				"color": [
					{ "time": 0.6666, "color": "ffffff00" },
					{ "time": 0.7333, "color": "ffffffff" },
					{ "time": 0.8333, "color": "ffffff61" },
					{ "time": 1, "color": "ffffffbf" },
					{ "time": 1.3333, "color": "ffffff00", "curve": "stepped" },
					{ "time": 3, "color": "ffffff00" },
					{ "time": 3.0666, "color": "ffffffff" },
					{ "time": 3.1666, "color": "ffffff61" },
					{ "time": 3.3333, "color": "ffffffbf" },
					{ "time": 3.6666, "color": "ffffff00", "curve": "stepped" },
					{ "time": 4, "color": "ffffff00" },
					{ "time": 4.0666, "color": "ffffffff" },
					{ "time": 4.1666, "color": "ffffff61" },
					{ "time": 4.3333, "color": "ffffffbf" },
					{ "time": 4.6666, "color": "ffffff00", "curve": "stepped" },
					{ "time": 6.6666, "color": "ffffff00" },
					{ "time": 6.7333, "color": "ffffffff" },
					{ "time": 6.8333, "color": "ffffff61" },
					{ "time": 7, "color": "ffffffbf" },
					{ "time": 7.3333, "color": "ffffff00", "curve": "stepped" },
					{ "time": 8.5, "color": "ffffff00" },
					{ "time": 8.5666, "color": "ffffffff" },
					{ "time": 8.6666, "color": "ffffff61" },
					{ "time": 8.8333, "color": "ffffffbf" },
					{ "time": 9.1666, "color": "ffffff00", "curve": "stepped" },
					{ "time": 10.6666, "color": "ffffff00" },
					{ "time": 10.7333, "color": "ffffffff" },
					{ "time": 10.8333, "color": "ffffff61" },
					{ "time": 11, "color": "ffffffbf" },
					{ "time": 11.3333, "color": "ffffff00", "curve": "stepped" },
					{ "time": 11.8333, "color": "ffffff00" },
					{ "time": 11.9, "color": "ffffffff" },
					{ "time": 12, "color": "ffffff61" },
					{ "time": 12.1666, "color": "ffffffbf" },
					{ "time": 12.5, "color": "ffffff00", "curve": "stepped" },
					{ "time": 15.3333, "color": "ffffff00" },
					{ "time": 15.4, "color": "ffffffff" },
					{ "time": 15.5, "color": "ffffff61" },
					{ "time": 15.6666, "color": "ffffffbf" },
					{ "time": 16, "color": "ffffff00", "curve": "stepped" },
					{ "time": 17.6666, "color": "ffffff00" },
					{ "time": 17.7333, "color": "ffffffff" },
					{ "time": 17.8333, "color": "ffffff61" },
					{ "time": 18, "color": "ffffffbf" },
					{ "time": 18.3333, "color": "ffffff00", "curve": "stepped" },
					{ "time": 19.5, "color": "ffffff00" },
					{ "time": 19.5666, "color": "ffffffff" },
					{ "time": 19.6666, "color": "ffffff61" },
					{ "time": 19.8333, "color": "ffffffbf" },
					{ "time": 20.1666, "color": "ffffff00", "curve": "stepped" },
					{ "time": 22, "color": "ffffff00" },
					{ "time": 22.0666, "color": "ffffffff" },
					{ "time": 22.1666, "color": "ffffff61" },
					{ "time": 22.3333, "color": "ffffffbf" },
					{ "time": 22.6666, "color": "ffffff00", "curve": "stepped" },
					{ "time": 23, "color": "ffffff00" },
					{ "time": 23.0666, "color": "ffffffff" },
					{ "time": 23.1666, "color": "ffffff61" },
					{ "time": 23.3333, "color": "ffffffbf" },
					{ "time": 23.6666, "color": "ffffff00", "curve": "stepped" },
					{ "time": 25.5, "color": "ffffff00" },
					{ "time": 25.5666, "color": "ffffffff" },
					{ "time": 25.6666, "color": "ffffff61" },
					{ "time": 25.8333, "color": "ffffffbf" },
					{ "time": 26.1666, "color": "ffffff00", "curve": "stepped" },
					{ "time": 27.6666, "color": "ffffff00" },
					{ "time": 27.7333, "color": "ffffffff" },
					{ "time": 27.8333, "color": "ffffff61" },
					{ "time": 28, "color": "ffffffbf" },
					{ "time": 28.3333, "color": "ffffff00", "curve": "stepped" },
					{ "time": 28.6666, "color": "ffffff00" },
					{ "time": 28.7333, "color": "ffffffff" },
					{ "time": 28.8333, "color": "ffffff61" },
					{ "time": 29, "color": "ffffffbf" },
					{ "time": 29.3333, "color": "ffffff00", "curve": "stepped" },
					{ "time": 30.5, "color": "ffffff00" },
					{ "time": 30.5666, "color": "ffffffff" },
					{ "time": 30.6666, "color": "ffffff61" },
					{ "time": 30.8333, "color": "ffffffbf" },
					{ "time": 31.1666, "color": "ffffff00", "curve": "stepped" },
					{ "time": 32.6666, "color": "ffffff00" },
					{ "time": 32.7333, "color": "ffffffff" },
					{ "time": 32.8333, "color": "ffffff61" },
					{ "time": 33, "color": "ffffffbf" },
					{ "time": 33.3333, "color": "ffffff00", "curve": "stepped" },
					{ "time": 35.6666, "color": "ffffff00" },
					{ "time": 35.7333, "color": "ffffffff" },
					{ "time": 35.8333, "color": "ffffff61" },
					{ "time": 36, "color": "ffffffbf" },
					{ "time": 36.3333, "color": "ffffff00", "curve": "stepped" },
					{ "time": 37.3333, "color": "ffffff00" },
					{ "time": 37.4, "color": "ffffffff" },
					{ "time": 37.5, "color": "ffffff61" },
					{ "time": 37.6666, "color": "ffffffbf" },
					{ "time": 38, "color": "ffffff00", "curve": "stepped" },
					{ "time": 39.8333, "color": "ffffff00" },
					{ "time": 39.9, "color": "ffffffff" },
					{ "time": 40, "color": "ffffff61" },
					{ "time": 40.1666, "color": "ffffffbf" },
					{ "time": 40.5, "color": "ffffff00", "curve": "stepped" },
					{ "time": 40.6666, "color": "ffffff00" },
					{ "time": 40.7333, "color": "ffffffff" },
					{ "time": 40.8333, "color": "ffffff61" },
					{ "time": 41, "color": "ffffffbf" },
					{ "time": 41.3333, "color": "ffffff00", "curve": "stepped" },
					{ "time": 42.6666, "color": "ffffff00" },
					{ "time": 42.7333, "color": "ffffffff" },
					{ "time": 42.8333, "color": "ffffff61" },
					{ "time": 43, "color": "ffffffbf" },
					{ "time": 43.3333, "color": "ffffff00", "curve": "stepped" },
					{ "time": 45, "color": "ffffff00" },
					{ "time": 45.0666, "color": "ffffffff" },
					{ "time": 45.1666, "color": "ffffff61" },
					{ "time": 45.3333, "color": "ffffffbf" },
					{ "time": 45.6666, "color": "ffffff00", "curve": "stepped" },
					{ "time": 48, "color": "ffffff00" },
					{ "time": 48.0666, "color": "ffffffff" },
					{ "time": 48.1666, "color": "ffffff61" },
					{ "time": 48.3333, "color": "ffffffbf" },
					{ "time": 48.6666, "color": "ffffff00", "curve": "stepped" },
					{ "time": 49, "color": "ffffff00" },
					{ "time": 49.0666, "color": "ffffffff" },
					{ "time": 49.1666, "color": "ffffff61" },
					{ "time": 49.3333, "color": "ffffffbf" },
					{ "time": 49.6666, "color": "ffffff00", "curve": "stepped" },
					{ "time": 50.6666, "color": "ffffff00" },
					{ "time": 50.7333, "color": "ffffffff" },
					{ "time": 50.8333, "color": "ffffff61" },
					{ "time": 51, "color": "ffffffbf" },
					{ "time": 51.3333, "color": "ffffff00", "curve": "stepped" },
					{ "time": 53.3333, "color": "ffffff00" },
					{ "time": 53.4, "color": "ffffffff" },
					{ "time": 53.5, "color": "ffffff61" },
					{ "time": 53.6666, "color": "ffffffbf" },
					{ "time": 54, "color": "ffffff00", "curve": "stepped" },
					{ "time": 56, "color": "ffffff00" },
					{ "time": 56.0666, "color": "ffffffff" },
					{ "time": 56.1666, "color": "ffffff61" },
					{ "time": 56.3333, "color": "ffffffbf" },
					{ "time": 56.6666, "color": "ffffff00", "curve": "stepped" },
					{ "time": 59.6666, "color": "ffffff00" },
					{ "time": 59.7333, "color": "ffffffff" },
					{ "time": 59.8333, "color": "ffffff61" },
					{ "time": 60, "color": "ffffffbf" },
					{ "time": 60.3333, "color": "ffffff00" }
				],
				"attachment": [
					{ "time": 0, "name": null },
					{ "time": 0.6666, "name": "Blue_light_00" },
					{ "time": 1.3333, "name": null },
					{ "time": 3, "name": "Blue_light_00" },
					{ "time": 3.6666, "name": null },
					{ "time": 4, "name": "Blue_light_00" },
					{ "time": 4.6666, "name": null },
					{ "time": 6.6666, "name": "Blue_light_00" },
					{ "time": 7.3333, "name": null },
					{ "time": 8.5, "name": "Blue_light_00" },
					{ "time": 9.1666, "name": null },
					{ "time": 10.6666, "name": "Blue_light_00" },
					{ "time": 11.3333, "name": null },
					{ "time": 11.8333, "name": "Blue_light_00" },
					{ "time": 12.5, "name": null },
					{ "time": 15.3333, "name": "Blue_light_00" },
					{ "time": 16, "name": null },
					{ "time": 17.6666, "name": "Blue_light_00" },
					{ "time": 18.3333, "name": null },
					{ "time": 19.5, "name": "Blue_light_00" },
					{ "time": 20.1666, "name": null },
					{ "time": 22, "name": "Blue_light_00" },
					{ "time": 22.6666, "name": null },
					{ "time": 23, "name": "Blue_light_00" },
					{ "time": 23.6666, "name": null },
					{ "time": 25.5, "name": "Blue_light_00" },
					{ "time": 26.1666, "name": null },
					{ "time": 27.6666, "name": "Blue_light_00" },
					{ "time": 28.3333, "name": null },
					{ "time": 28.6666, "name": "Blue_light_00" },
					{ "time": 29.3333, "name": null },
					{ "time": 30.5, "name": "Blue_light_00" },
					{ "time": 31.1666, "name": null },
					{ "time": 32.6666, "name": "Blue_light_00" },
					{ "time": 33.3333, "name": null },
					{ "time": 35.6666, "name": "Blue_light_00" },
					{ "time": 36.3333, "name": null },
					{ "time": 37.3333, "name": "Blue_light_00" },
					{ "time": 38, "name": null },
					{ "time": 39.8333, "name": "Blue_light_00" },
					{ "time": 40.5, "name": null },
					{ "time": 40.6666, "name": "Blue_light_00" },
					{ "time": 41.3333, "name": null },
					{ "time": 42.6666, "name": "Blue_light_00" },
					{ "time": 43.3333, "name": null },
					{ "time": 45, "name": "Blue_light_00" },
					{ "time": 45.6666, "name": null },
					{ "time": 48, "name": "Blue_light_00" },
					{ "time": 48.6666, "name": null },
					{ "time": 49, "name": "Blue_light_00" },
					{ "time": 49.6666, "name": null },
					{ "time": 50.6666, "name": "Blue_light_00" },
					{ "time": 51.3333, "name": null },
					{ "time": 53.3333, "name": "Blue_light_00" },
					{ "time": 54, "name": null },
					{ "time": 56, "name": "Blue_light_00" },
					{ "time": 56.6666, "name": null },
					{ "time": 59.6666, "name": "Blue_light_00" },
					{ "time": 60.3333, "name": null }
				]
			},
			"Light_00": {
				"color": [
					{ "time": 0.6666, "color": "ffffff29" },
					{ "time": 0.7, "color": "ffffffff" },
					{ "time": 0.7666, "color": "ffffff1e" },
					{ "time": 0.8333, "color": "ffffffeb" },
					{ "time": 1, "color": "ffffff00" },
					{ "time": 6.6666, "color": "ffffff29" },
					{ "time": 6.7, "color": "ffffffff" },
					{ "time": 6.7666, "color": "ffffff1e" },
					{ "time": 6.8333, "color": "ffffffeb" },
					{ "time": 7, "color": "ffffff00" },
					{ "time": 10.6666, "color": "ffffff29" },
					{ "time": 10.7, "color": "ffffffff" },
					{ "time": 10.7666, "color": "ffffff1e" },
					{ "time": 10.8333, "color": "ffffffeb" },
					{ "time": 11, "color": "ffffff00" },
					{ "time": 19.5, "color": "ffffff29" },
					{ "time": 19.5333, "color": "ffffffff" },
					{ "time": 19.6, "color": "ffffff1e" },
					{ "time": 19.6666, "color": "ffffffeb" },
					{ "time": 19.8333, "color": "ffffff00" },
					{ "time": 32.6666, "color": "ffffff29" },
					{ "time": 32.7, "color": "ffffffff" },
					{ "time": 32.7666, "color": "ffffff1e" },
					{ "time": 32.8333, "color": "ffffffeb" },
					{ "time": 33, "color": "ffffff00" },
					{ "time": 42.6666, "color": "ffffff29" },
					{ "time": 42.7, "color": "ffffffff" },
					{ "time": 42.7666, "color": "ffffff1e" },
					{ "time": 42.8333, "color": "ffffffeb" },
					{ "time": 43, "color": "ffffff00" },
					{ "time": 49, "color": "ffffff29" },
					{ "time": 49.0333, "color": "ffffffff" },
					{ "time": 49.1, "color": "ffffff1e" },
					{ "time": 49.1666, "color": "ffffffeb" },
					{ "time": 49.3333, "color": "ffffff00" }
				],
				"attachment": [
					{ "time": 0, "name": null },
					{ "time": 0.6666, "name": "Light_00" },
					{ "time": 1, "name": null },
					{ "time": 6.6666, "name": "Light_00" },
					{ "time": 7, "name": null },
					{ "time": 10.6666, "name": "Light_00" },
					{ "time": 11, "name": null },
					{ "time": 19.5, "name": "Light_00" },
					{ "time": 19.8333, "name": null },
					{ "time": 32.6666, "name": "Light_00" },
					{ "time": 33, "name": null },
					{ "time": 42.6666, "name": "Light_00" },
					{ "time": 43, "name": null },
					{ "time": 49, "name": "Light_00" },
					{ "time": 49.3333, "name": null }
				]
			},
			"Light_01": {
				"color": [
					{ "time": 3, "color": "ffffff00" },
					{ "time": 3.0333, "color": "ffffffff" },
					{ "time": 3.1, "color": "ffffff3d" },
					{ "time": 3.2, "color": "ffffffff" },
					{ "time": 3.5, "color": "ffffff00", "curve": "stepped" },
					{ "time": 15.3333, "color": "ffffff00" },
					{ "time": 15.3666, "color": "ffffffff" },
					{ "time": 15.4333, "color": "ffffff3d" },
					{ "time": 15.5333, "color": "ffffffff" },
					{ "time": 15.8333, "color": "ffffff00", "curve": "stepped" },
					{ "time": 27.6666, "color": "ffffff00" },
					{ "time": 27.7, "color": "ffffffff" },
					{ "time": 27.7666, "color": "ffffff3d" },
					{ "time": 27.8666, "color": "ffffffff" },
					{ "time": 28.1666, "color": "ffffff00", "curve": "stepped" },
					{ "time": 37.3333, "color": "ffffff00" },
					{ "time": 37.3666, "color": "ffffffff" },
					{ "time": 37.4333, "color": "ffffff3d" },
					{ "time": 37.5333, "color": "ffffffff" },
					{ "time": 37.8333, "color": "ffffff00", "curve": "stepped" },
					{ "time": 50.6666, "color": "ffffff00" },
					{ "time": 50.7, "color": "ffffffff" },
					{ "time": 50.7666, "color": "ffffff3d" },
					{ "time": 50.8666, "color": "ffffffff" },
					{ "time": 51.1666, "color": "ffffff00" }
				],
				"attachment": [
					{ "time": 0, "name": null },
					{ "time": 3, "name": "Light_01" },
					{ "time": 3.5, "name": null },
					{ "time": 15.3333, "name": "Light_01" },
					{ "time": 15.8333, "name": null },
					{ "time": 27.6666, "name": "Light_01" },
					{ "time": 28.1666, "name": null },
					{ "time": 37.3333, "name": "Light_01" },
					{ "time": 37.8333, "name": null },
					{ "time": 50.6666, "name": "Light_01" },
					{ "time": 51.1666, "name": null }
				]
			}
		},
		"bones": {
			"Cloud_Other_picture": {
				"translate": [
					{ "time": 0, "x": 629.17, "y": 2.87 },
					{ "time": 62, "x": 3171.04, "y": 2.87 }
				]
			},
			"Light_02": {
				"translate": [
					{ "time": 3, "x": 174.7, "y": -115.85, "curve": "stepped" },
					{ "time": 3.5, "x": 174.7, "y": -115.85 },
					{ "time": 15.3333, "x": -119, "y": -115.85, "curve": "stepped" },
					{ "time": 15.8333, "x": -119, "y": -115.85 },
					{ "time": 27.6666, "x": 450.32, "y": -115.85, "curve": "stepped" },
					{ "time": 28.1666, "x": 450.32, "y": -115.85 },
					{ "time": 37.3333, "x": -301.35, "y": -115.85, "curve": "stepped" },
					{ "time": 37.8333, "x": -301.35, "y": -115.85 },
					{ "time": 50.6666, "x": -81.42, "y": -115.85, "curve": "stepped" },
					{ "time": 51.1666, "x": -81.42, "y": -115.85 }
				]
			},
			"Light_01": {
				"rotate": [
					{ "time": 0.6666, "angle": 20.77, "curve": "stepped" },
					{ "time": 1, "angle": 20.77 },
					{ "time": 6.6666, "angle": -5.21, "curve": "stepped" },
					{ "time": 7, "angle": -5.21 },
					{ "time": 10.6666, "angle": 9.55, "curve": "stepped" },
					{ "time": 11, "angle": 9.55, "curve": "stepped" },
					{ "time": 19.5, "angle": 9.55, "curve": "stepped" },
					{ "time": 19.8333, "angle": 9.55 },
					{ "time": 32.6666, "angle": -13.49, "curve": "stepped" },
					{ "time": 33, "angle": -13.49 },
					{ "time": 42.6666, "angle": 6.1, "curve": "stepped" },
					{ "time": 43, "angle": 6.1, "curve": "stepped" },
					{ "time": 49, "angle": 6.1, "curve": "stepped" },
					{ "time": 49.3333, "angle": 6.1 }
				],
				"translate": [
					{ "time": 0.6666, "x": -5.86, "y": -80.96, "curve": "stepped" },
					{ "time": 1, "x": -5.86, "y": -80.96 },
					{ "time": 6.6666, "x": 178.35, "y": -79.92, "curve": "stepped" },
					{ "time": 7, "x": 178.35, "y": -79.92 },
					{ "time": 10.6666, "x": -167.65, "y": -88.4, "curve": "stepped" },
					{ "time": 11, "x": -167.65, "y": -88.4 },
					{ "time": 19.5, "x": -358.11, "y": -87.63, "curve": "stepped" },
					{ "time": 19.8333, "x": -358.11, "y": -87.63 },
					{ "time": 32.6666, "x": 239.68, "y": -83.35, "curve": "stepped" },
					{ "time": 33, "x": 239.68, "y": -83.35 },
					{ "time": 42.6666, "x": -14.82, "y": -81.69, "curve": "stepped" },
					{ "time": 43, "x": -14.82, "y": -81.69 },
					{ "time": 49, "x": 258.18, "y": -88.91, "curve": "stepped" },
					{ "time": 49.3333, "x": 258.18, "y": -88.91 }
				],
				"scale": [
					{ "time": 0.6666, "x": 0.6, "y": 0.6, "curve": "stepped" },
					{ "time": 6.6666, "x": 0.6, "y": 0.6, "curve": "stepped" },
					{ "time": 10.6666, "x": 0.6, "y": 0.6, "curve": "stepped" },
					{ "time": 19.5, "x": 0.6, "y": 0.6, "curve": "stepped" },
					{ "time": 32.6666, "x": 0.6, "y": 0.6, "curve": "stepped" },
					{ "time": 42.6666, "x": 0.6, "y": 0.6, "curve": "stepped" },
					{ "time": 49, "x": 0.6, "y": 0.6 }
				]
			},
			"White_light": {
				"scale": [
					{ "time": 0.6666, "x": 3, "y": 2, "curve": "stepped" },
					{ "time": 3, "x": 3, "y": 2, "curve": "stepped" },
					{ "time": 4, "x": 3, "y": 2, "curve": "stepped" },
					{ "time": 6.6666, "x": 3, "y": 2, "curve": "stepped" },
					{ "time": 8.5, "x": 3, "y": 2, "curve": "stepped" },
					{ "time": 10.6666, "x": 3, "y": 2, "curve": "stepped" },
					{ "time": 11.8333, "x": 3, "y": 2, "curve": "stepped" },
					{ "time": 15.3333, "x": 3, "y": 2, "curve": "stepped" },
					{ "time": 17.6666, "x": 3, "y": 2, "curve": "stepped" },
					{ "time": 19.5, "x": 3, "y": 2, "curve": "stepped" },
					{ "time": 22, "x": 3, "y": 2, "curve": "stepped" },
					{ "time": 23, "x": 3, "y": 2, "curve": "stepped" },
					{ "time": 25.5, "x": 3, "y": 2, "curve": "stepped" },
					{ "time": 27.6666, "x": 3, "y": 2, "curve": "stepped" },
					{ "time": 28.6666, "x": 3, "y": 2, "curve": "stepped" },
					{ "time": 30.5, "x": 3, "y": 2, "curve": "stepped" },
					{ "time": 32.6666, "x": 3, "y": 2, "curve": "stepped" },
					{ "time": 35.6666, "x": 3, "y": 2, "curve": "stepped" },
					{ "time": 37.3333, "x": 3, "y": 2, "curve": "stepped" },
					{ "time": 39.8333, "x": 3, "y": 2, "curve": "stepped" },
					{ "time": 40.6666, "x": 3, "y": 2, "curve": "stepped" },
					{ "time": 42.6666, "x": 3, "y": 2, "curve": "stepped" },
					{ "time": 45, "x": 3, "y": 2, "curve": "stepped" },
					{ "time": 48, "x": 3, "y": 2, "curve": "stepped" },
					{ "time": 49, "x": 3, "y": 2, "curve": "stepped" },
					{ "time": 50.6666, "x": 3, "y": 2, "curve": "stepped" },
					{ "time": 53.3333, "x": 3, "y": 2, "curve": "stepped" },
					{ "time": 56, "x": 3, "y": 2, "curve": "stepped" },
					{ "time": 59.6666, "x": 3, "y": 2 }
				]
			}
		},
		"events": [
			{ "time": 62, "name": "loop" }
		]
	}
}
}