{
"skeleton": { "hash": "jyRMdo5t4GlUCAkAIiep+t8P1Q0", "spine": "3.2.01", "width": 320.75, "height": 270.53, "images": "" },
"bones": [
	{ "name": "root" },
	{ "name": "ALL", "parent": "root" },
	{ "name": "unit_1", "parent": "ALL", "x": -11.09, "y": 12.99 },
	{ "name": "A", "parent": "unit_1", "x": 23.56, "y": 42.57 },
	{ "name": "B", "parent": "unit_1", "x": 31.5, "y": 27.83 },
	{ "name": "C", "parent": "unit_1", "x": -23.69, "y": 26.32 },
	{ "name": "D", "parent": "unit_1", "x": -9.32, "y": 29.72 },
	{ "name": "body", "parent": "ALL", "x": 0.33, "y": -7.39 },
	{ "name": "S", "parent": "body", "x": -3.31, "y": 40.16 },
	{ "name": "head", "parent": "S", "length": 22.81, "rotation": 92.2, "x": 0.87, "y": 22.35 },
	{ "name": "hair", "parent": "head", "x": 55.66, "y": -1.26 },
	{ "name": "LH_1", "parent": "hair", "length": 28.76, "rotation": -174.31, "x": 4.63, "y": 6.4 },
	{ "name": "LH_2", "parent": "hair", "length": 28.76, "rotation": -168.63, "x": 4.21, "y": -4.54 },
	{ "name": "LH_L", "parent": "hair", "length": 25.95, "rotation": 162.11, "x": -1.9, "y": 18.93 },
	{ "name": "LH_R", "parent": "hair", "length": 25.95, "rotation": -163.76, "x": 1.11, "y": -16.71 },
	{ "name": "X", "parent": "body", "rotation": -3.52, "x": -1.43, "y": 38.4 },
	{ "name": "face", "parent": "head", "x": 16.88, "y": 1.36 },
	{ "name": "brow", "parent": "face", "x": 16.99, "y": -2.91 },
	{ "name": "cap", "parent": "head", "x": 50.99, "y": -1.62 },
	{ "name": "cap_2", "parent": "cap", "x": 26.18, "y": -35.57 },
	{ "name": "eye", "parent": "face", "x": 0.43, "y": -0.08 },
	{ "name": "hair1", "parent": "hair", "x": -10.65, "y": -2.23 },
	{ "name": "hair_R", "parent": "hair", "length": 26.53, "rotation": 178.37, "x": -21.91, "y": -38.47 },
	{ "name": "hand_L", "parent": "S", "length": 11.3, "rotation": -137.53, "x": -5.02, "y": 18.75 },
	{ "name": "hand_L2", "parent": "hand_L", "length": 10.65, "rotation": -81.81, "x": 9.79, "y": 0.81 },
	{ "name": "hand_L3", "parent": "hand_L2", "length": 7.72, "rotation": -2.14, "x": 10.65 },
	{ "name": "hand_R", "parent": "S", "length": 12, "rotation": -48.18, "x": 7.37, "y": 20.69 },
	{ "name": "hand_R2", "parent": "hand_R", "length": 11.74, "rotation": 97.25, "x": 14.33, "y": 0.01 },
	{ "name": "hand_R3", "parent": "hand_R2", "length": 10.22, "rotation": -15.17, "x": 11.18 },
	{ "name": "leg_L", "parent": "X", "length": 13.17, "rotation": -131.07, "x": -7.01, "y": -2.63 },
	{ "name": "leg_L2", "parent": "leg_L", "length": 18.02, "rotation": 73.24, "x": 14.13, "y": 0.46 },
	{ "name": "leg_R", "parent": "X", "length": 14.88, "rotation": -123.65, "x": 5.26, "y": -0.87 },
	{ "name": "leg_R2", "parent": "leg_R", "length": 20.78, "rotation": 56.34, "x": 14.33, "y": -0.75 },
	{ "name": "skirt", "parent": "S", "rotation": -2.98, "x": 0.13, "y": -4.07 },
	{ "name": "unit_2", "parent": "ALL", "x": 1.54, "y": 21.68 },
	{ "name": "unit_3", "parent": "hand_R3", "rotation": -30.64, "x": 3.64, "y": -0.02 },
	{ "name": "unit_4", "parent": "hand_L3", "rotation": -135.88, "x": 5.84, "y": 1.08 }
],
"slots": [
	{ "name": "unit_2", "bone": "unit_2", "attachment": "unit_2" },
	{ "name": "arm_L", "bone": "hand_L", "attachment": "arm_L" },
	{ "name": "arm_L2", "bone": "hand_L2", "attachment": "arm_L2" },
	{ "name": "leg_L2", "bone": "leg_L2", "attachment": "leg_L2" },
	{ "name": "leg_L", "bone": "leg_L", "attachment": "leg_L" },
	{ "name": "leg_R2", "bone": "leg_R2", "attachment": "leg_R2" },
	{ "name": "leg_R", "bone": "leg_R", "attachment": "leg_R" },
	{ "name": "waist", "bone": "X", "attachment": "waist" },
	{ "name": "skirt", "bone": "skirt", "attachment": "skirt" },
	{ "name": "body", "bone": "S", "attachment": "body" },
	{ "name": "hair", "bone": "hair1", "attachment": "hair" },
	{ "name": "head", "bone": "head", "attachment": "head" },
	{ "name": "arm_R", "bone": "hand_R", "attachment": "arm_R" },
	{ "name": "LH_2", "bone": "LH_2", "attachment": "LH_2" },
	{ "name": "LH_L", "bone": "LH_L", "attachment": "LH_L" },
	{ "name": "LH_1", "bone": "LH_1", "attachment": "LH_1" },
	{ "name": "LH_R", "bone": "LH_R", "attachment": "LH_R" },
	{ "name": "eyes_normal", "bone": "eye", "attachment": "eyes_normal" },
	{ "name": "brow_1", "bone": "brow", "attachment": "brow_1" },
	{ "name": "arm_R2", "bone": "hand_R2", "attachment": "arm_R2" },
	{ "name": "arm_R3C", "bone": "hand_R3", "attachment": "arm_R3C" },
	{ "name": "arm_L3C", "bone": "hand_L3", "attachment": "arm_L3C" },
	{ "name": "hat", "bone": "cap", "attachment": "hat" },
	{ "name": "hat_2", "bone": "cap_2", "attachment": "hat_2" },
	{ "name": "unit_3", "bone": "unit_3", "attachment": "unit_3" },
	{ "name": "unit_4", "bone": "unit_4", "attachment": "unit_4" },
	{ "name": "unit_1", "bone": "unit_1", "attachment": "unit_1" },
	{ "name": "unit_A", "bone": "A", "attachment": "unit_A" },
	{ "name": "unit_B", "bone": "B", "attachment": "unit_B" },
	{ "name": "unit_D", "bone": "D", "attachment": "unit_D" },
	{ "name": "unit_C", "bone": "C", "attachment": "unit_C" }
],
"skins": {
	"default": {
		"LH_1": {
			"LH_1": { "x": 57.32, "y": -6.73, "rotation": 82.11, "width": 170, "height": 170 }
		},
		"LH_2": {
			"LH_2": { "x": 56.57, "y": -13.39, "rotation": 76.43, "width": 170, "height": 170 }
		},
		"LH_L": {
			"LH_L": { "x": 42.87, "y": 36.42, "rotation": 105.67, "width": 170, "height": 170 }
		},
		"LH_R": {
			"LH_R": { "x": 35.61, "y": -30.33, "rotation": 71.56, "width": 170, "height": 170 }
		},
		"arm_L": {
			"arm_L": { "x": -9.13, "y": 6.34, "rotation": 115.46, "width": 170, "height": 170 }
		},
		"arm_L2": {
			"arm_L2": { "x": -20.29, "y": 6.78, "rotation": 114.22, "width": 170, "height": 170 }
		},
		"arm_L3C": {
			"arm_L3C": { "x": -28.98, "y": 12.82, "rotation": 102.72, "width": 170, "height": 170 }
		},
		"arm_R": {
			"arm_R": { "x": -4.48, "y": -0.44, "rotation": 58.24, "width": 170, "height": 170 }
		},
		"arm_R2": {
			"arm_R2": { "x": -18.6, "y": -2.85, "rotation": 65.55, "width": 170, "height": 170 }
		},
		"arm_R3C": {
			"arm_R3C": { "x": -29.28, "y": -6.17, "rotation": 71.99, "width": 170, "height": 170 }
		},
		"body": {
			"body": { "x": 4.63, "y": 24.27, "width": 170, "height": 170 }
		},
		"brow_1": {
			"brow_1": { "x": -32.11, "y": -2.27, "rotation": -92.2, "width": 170, "height": 170 },
			"brow_2": { "x": -31.23, "y": -2.3, "rotation": -92.2, "width": 170, "height": 170 }
		},
		"eyes_normal": {
			"eyes_close": { "x": -14.67, "y": -5.13, "rotation": -92.2, "width": 170, "height": 170 },
			"eyes_normal": { "x": -15.54, "y": -5.1, "rotation": -92.2, "width": 170, "height": 170 }
		},
		"hair": {
			"hair": { "x": -43.23, "y": -0.32, "rotation": -92.2, "width": 170, "height": 170 }
		},
		"hat": {
			"hat": { "x": -26.66, "y": -4.29, "rotation": -92.2, "width": 170, "height": 170 }
		},
		"hat_2": {
			"hat_2": { "x": -52.96, "y": 34.48, "rotation": -92.2, "width": 170, "height": 170 }
		},
		"head": {
			"head": { "x": 1.77, "y": -3.82, "rotation": -92.2, "width": 170, "height": 170 }
		},
		"leg_L": {
			"leg_L": { "x": -29.31, "y": 8.84, "rotation": 93.81, "width": 170, "height": 170 }
		},
		"leg_L2": {
			"leg_L2": { "x": -42.54, "y": 8.56, "rotation": 94.18, "width": 170, "height": 170 }
		},
		"leg_R": {
			"leg_R": { "x": -26.5, "y": 4.87, "rotation": 76.37, "width": 170, "height": 170 }
		},
		"leg_R2": {
			"leg_R2": { "x": -38.64, "y": 12.93, "rotation": 65.05, "width": 170, "height": 170 }
		},
		"skirt": {
			"skirt": { "x": 5.51, "y": 28.77, "rotation": -1.18, "width": 170, "height": 170 }
		},
		"unit_1": {
			"unit_1": { "x": 0.14, "y": 44.83, "width": 170, "height": 170 }
		},
		"unit_2": {
			"unit_2": { "x": 63.7, "y": 41.58, "width": 170, "height": 170 }
		},
		"unit_3": {
			"unit_3": { "x": 59.76, "y": 20.25, "width": 170, "height": 170 }
		},
		"unit_4": {
			"unit_4": { "x": 66.47, "y": 20.65, "width": 170, "height": 170 }
		},
		"unit_A": {
			"unit_A": { "x": -23.33, "y": -2.43, "width": 170, "height": 170 }
		},
		"unit_B": {
			"unit_B": { "x": -31.27, "y": 12.31, "width": 170, "height": 170 }
		},
		"unit_C": {
			"unit_C": { "x": 23.92, "y": 13.82, "width": 170, "height": 170 }
		},
		"unit_D": {
			"unit_D": { "x": 6.42, "y": 13.98, "width": 170, "height": 170 }
		},
		"waist": {
			"waist": { "x": 3.75, "y": 26.02, "width": 170, "height": 170 }
		}
	}
},
"animations": {
	"normal": {
		"slots": {
			"eyes_normal": {
				"attachment": [
					{ "time": 1.1666, "name": "eyes_close" },
					{ "time": 1.2666, "name": "eyes_normal" }
				]
			}
		},
		"bones": {
			"root": {
				"rotate": [
					{ "time": 0, "angle": 0, "curve": "stepped" },
					{ "time": 2, "angle": 0 }
				],
				"translate": [
					{ "time": 0, "x": 0, "y": 0, "curve": "stepped" },
					{ "time": 2, "x": 0, "y": 0 }
				]
			},
			"unit_2": {
				"rotate": [
					{ "time": 0, "angle": 0, "curve": "stepped" },
					{ "time": 2, "angle": 0 }
				],
				"translate": [
					{ "time": 0, "x": 0, "y": 0, "curve": "stepped" },
					{ "time": 2, "x": 0, "y": 0 }
				]
			},
			"unit_1": {
				"rotate": [
					{ "time": 0, "angle": 0, "curve": "stepped" },
					{ "time": 2, "angle": 0 }
				],
				"translate": [
					{ "time": 0, "x": 0, "y": 0, "curve": "stepped" },
					{ "time": 2, "x": 0, "y": 0 }
				],
				"scale": [
					{ "time": 0, "x": 1, "y": 1 },
					{ "time": 0.3, "x": 1, "y": 0.998 },
					{ "time": 0.3333, "x": 1, "y": 0.944 },
					{ "time": 0.4, "x": 1, "y": 0.998, "curve": "stepped" },
					{ "time": 0.8333, "x": 1, "y": 0.998 },
					{ "time": 0.8666, "x": 1, "y": 0.944 },
					{ "time": 0.9333, "x": 1, "y": 0.998, "curve": "stepped" },
					{ "time": 1.2666, "x": 1, "y": 0.998 },
					{ "time": 1.3, "x": 1, "y": 0.944 },
					{ "time": 1.3666, "x": 1, "y": 0.998, "curve": "stepped" },
					{ "time": 1.6666, "x": 1, "y": 0.998 },
					{ "time": 1.7, "x": 1, "y": 0.944 },
					{ "time": 1.7666, "x": 1, "y": 0.998 },
					{ "time": 2, "x": 1, "y": 1 }
				]
			},
			"leg_R2": {
				"rotate": [
					{ "time": 0, "angle": 0 },
					{ "time": 0.3333, "angle": 6.51 },
					{ "time": 0.6666, "angle": -15.56 },
					{ "time": 1, "angle": 2.24 },
					{ "time": 1.3333, "angle": -18.11 },
					{ "time": 1.6666, "angle": 8.25 },
					{ "time": 2, "angle": 0 }
				],
				"translate": [
					{ "time": 0, "x": 0, "y": 0, "curve": "stepped" },
					{ "time": 2, "x": 0, "y": 0 }
				]
			},
			"leg_R": {
				"rotate": [
					{ "time": 0, "angle": 0 },
					{ "time": 0.3333, "angle": 8.45 },
					{ "time": 0.6666, "angle": -5.27 },
					{ "time": 1, "angle": -0.47 },
					{ "time": 1.3333, "angle": -5.89 },
					{ "time": 1.6666, "angle": 5.53 },
					{ "time": 2, "angle": 0 }
				],
				"translate": [
					{ "time": 0, "x": 0, "y": 0, "curve": "stepped" },
					{ "time": 2, "x": 0, "y": 0 }
				]
			},
			"leg_L2": {
				"rotate": [
					{ "time": 0, "angle": 0 },
					{ "time": 0.3333, "angle": -21.08 },
					{ "time": 0.6666, "angle": -9.77 },
					{ "time": 1, "angle": -20.26 },
					{ "time": 1.3333, "angle": -5.89 },
					{ "time": 1.6666, "angle": -14.07 },
					{ "time": 2, "angle": 0 }
				],
				"translate": [
					{ "time": 0, "x": 0, "y": 0, "curve": "stepped" },
					{ "time": 2, "x": 0, "y": 0 }
				]
			},
			"leg_L": {
				"rotate": [
					{ "time": 0, "angle": 0 },
					{ "time": 0.3333, "angle": -7.14 },
					{ "time": 0.6666, "angle": 1.46 },
					{ "time": 1, "angle": -8.95 },
					{ "time": 1.3333, "angle": -2.01 },
					{ "time": 1.6666, "angle": -6.63 },
					{ "time": 2, "angle": 0 }
				],
				"translate": [
					{ "time": 0, "x": 0, "y": 0, "curve": "stepped" },
					{ "time": 2, "x": 0, "y": 0 }
				]
			},
			"X": {
				"rotate": [
					{ "time": 0, "angle": 0, "curve": "stepped" },
					{ "time": 2, "angle": 0 }
				],
				"translate": [
					{ "time": 0, "x": 0, "y": 0, "curve": "stepped" },
					{ "time": 2, "x": 0, "y": 0 }
				]
			},
			"skirt": {
				"rotate": [
					{ "time": 0, "angle": 0, "curve": "stepped" },
					{ "time": 2, "angle": 0 }
				],
				"translate": [
					{ "time": 0, "x": 0, "y": 0, "curve": "stepped" },
					{ "time": 2, "x": 0, "y": 0 }
				]
			},
			"hair_R": {
				"rotate": [
					{ "time": 0, "angle": 0, "curve": "stepped" },
					{ "time": 2, "angle": 0 }
				],
				"translate": [
					{ "time": 0, "x": 0, "y": 0, "curve": "stepped" },
					{ "time": 2, "x": 0, "y": 0 }
				]
			},
			"hair1": {
				"rotate": [
					{ "time": 0, "angle": 0, "curve": "stepped" },
					{ "time": 2, "angle": 0 }
				],
				"translate": [
					{ "time": 0, "x": 0, "y": 0, "curve": "stepped" },
					{ "time": 2, "x": 0, "y": 0 }
				]
			},
			"LH_R": {
				"rotate": [
					{ "time": 0, "angle": 0 },
					{ "time": 0.1666, "angle": -0.88 },
					{ "time": 0.3333, "angle": 4.98 },
					{ "time": 0.5, "angle": -0.58 },
					{ "time": 0.6666, "angle": 2.22 },
					{ "time": 0.8333, "angle": 3.79 },
					{ "time": 1.1666, "angle": -0.18 },
					{ "time": 1.3333, "angle": 1.79 },
					{ "time": 1.5, "angle": -1.16 },
					{ "time": 2, "angle": 0 }
				],
				"translate": [
					{ "time": 0, "x": 0, "y": 0, "curve": "stepped" },
					{ "time": 2, "x": 0, "y": 0 }
				]
			},
			"LH_L": {
				"rotate": [
					{ "time": 0, "angle": 0 },
					{ "time": 0.1666, "angle": -0.88 },
					{ "time": 0.3333, "angle": 4.98 },
					{ "time": 0.5, "angle": -0.58 },
					{ "time": 0.6666, "angle": 2.22 },
					{ "time": 0.8333, "angle": 3.79 },
					{ "time": 1.1666, "angle": -0.18 },
					{ "time": 1.3333, "angle": 1.79 },
					{ "time": 1.5, "angle": -1.16 },
					{ "time": 2, "angle": 0 }
				],
				"translate": [
					{ "time": 0, "x": 0, "y": 0, "curve": "stepped" },
					{ "time": 2, "x": 0, "y": 0 }
				]
			},
			"LH_2": {
				"rotate": [
					{ "time": 0, "angle": 0 },
					{ "time": 0.1666, "angle": -0.88 },
					{ "time": 0.3333, "angle": 4.98 },
					{ "time": 0.5, "angle": -0.58 },
					{ "time": 0.6666, "angle": 2.22 },
					{ "time": 0.8333, "angle": 3.79 },
					{ "time": 1.1666, "angle": -0.18 },
					{ "time": 1.3333, "angle": 1.79 },
					{ "time": 1.5, "angle": -1.16 },
					{ "time": 2, "angle": 0 }
				],
				"translate": [
					{ "time": 0, "x": 0, "y": 0, "curve": "stepped" },
					{ "time": 2, "x": 0, "y": 0 }
				]
			},
			"LH_1": {
				"rotate": [
					{ "time": 0, "angle": 0 },
					{ "time": 0.1666, "angle": -0.88 },
					{ "time": 0.3333, "angle": 4.98 },
					{ "time": 0.5, "angle": -0.58 },
					{ "time": 0.6666, "angle": 2.22 },
					{ "time": 0.8333, "angle": 3.79 },
					{ "time": 1.1666, "angle": -0.18 },
					{ "time": 1.3333, "angle": 1.79 },
					{ "time": 1.5, "angle": -1.16 },
					{ "time": 2, "angle": 0 }
				],
				"translate": [
					{ "time": 0, "x": 0, "y": 0, "curve": "stepped" },
					{ "time": 2, "x": 0, "y": 0 }
				]
			},
			"hair": {
				"rotate": [
					{ "time": 0, "angle": 0, "curve": "stepped" },
					{ "time": 2, "angle": 0 }
				],
				"translate": [
					{ "time": 0, "x": 0, "y": 0, "curve": "stepped" },
					{ "time": 2, "x": 0, "y": 0 }
				]
			},
			"eye": {
				"rotate": [
					{ "time": 0, "angle": 0, "curve": "stepped" },
					{ "time": 2, "angle": 0 }
				],
				"translate": [
					{ "time": 0, "x": 0, "y": 0, "curve": "stepped" },
					{ "time": 2, "x": 0, "y": 0 }
				]
			},
			"brow": {
				"rotate": [
					{ "time": 0, "angle": 0, "curve": "stepped" },
					{ "time": 2, "angle": 0 }
				],
				"translate": [
					{ "time": 0, "x": 0, "y": 0, "curve": "stepped" },
					{ "time": 2, "x": 0, "y": 0 }
				]
			},
			"face": {
				"rotate": [
					{ "time": 0, "angle": 0, "curve": "stepped" },
					{ "time": 2, "angle": 0 }
				],
				"translate": [
					{ "time": 0, "x": 0, "y": 0, "curve": "stepped" },
					{ "time": 2, "x": 0, "y": 0 }
				]
			},
			"cap_2": {
				"rotate": [
					{ "time": 0, "angle": -7.57 },
					{ "time": 0.1666, "angle": 1.3 },
					{ "time": 0.3333, "angle": -7.01 },
					{ "time": 0.5, "angle": -0.16 },
					{ "time": 0.6666, "angle": -13.23 },
					{ "time": 0.8333, "angle": -7.78 },
					{ "time": 1.1666, "angle": -17.96 },
					{ "time": 1.3333, "angle": -1.17 },
					{ "time": 1.5, "angle": -11 },
					{ "time": 1.8333, "angle": -13.53 },
					{ "time": 2, "angle": -7.57 }
				],
				"translate": [
					{ "time": 0, "x": 0, "y": 0, "curve": "stepped" },
					{ "time": 2, "x": 0, "y": 0 }
				]
			},
			"cap": {
				"rotate": [
					{ "time": 0, "angle": 0 },
					{ "time": 0.1666, "angle": -2.52 },
					{ "time": 0.3333, "angle": 0.92 },
					{ "time": 0.6666, "angle": -2.9 },
					{ "time": 1, "angle": 0.89 },
					{ "time": 2, "angle": 0 }
				],
				"translate": [
					{ "time": 0, "x": 0, "y": 0 },
					{ "time": 0.1666, "x": 0.15, "y": -2.11 },
					{ "time": 2, "x": 0, "y": 0 }
				]
			},
			"head": {
				"rotate": [
					{ "time": 0, "angle": 0 },
					{ "time": 0.1666, "angle": -4.2 },
					{ "time": 0.3333, "angle": 8.31 },
					{ "time": 0.6666, "angle": -4.2 },
					{ "time": 0.9, "angle": 8.31 },
					{ "time": 1.1666, "angle": -4.2 },
					{ "time": 1.3333, "angle": 8.31 },
					{ "time": 1.5, "angle": -1.18 },
					{ "time": 1.6666, "angle": 7.52 },
					{ "time": 2, "angle": 0 }
				],
				"translate": [
					{ "time": 0, "x": 0, "y": 0, "curve": "stepped" },
					{ "time": 2, "x": 0, "y": 0 }
				]
			},
			"unit_3": {
				"rotate": [
					{ "time": 0, "angle": 0 },
					{ "time": 0.1666, "angle": -29.02 },
					{ "time": 0.3333, "angle": -28.12 },
					{ "time": 0.6666, "angle": -3.76 },
					{ "time": 0.8333, "angle": -1.75 },
					{ "time": 1, "angle": -23.97 },
					{ "time": 1.1, "angle": 62.49 },
					{ "time": 1.2, "angle": 127.19 },
					{ "time": 1.3, "angle": -124.62 },
					{ "time": 1.4, "angle": -61.83 },
					{ "time": 1.5, "angle": -44.89 },
					{ "time": 2, "angle": 0 }
				],
				"translate": [
					{ "time": 0, "x": 0, "y": 0 },
					{ "time": 1, "x": 0.59, "y": 0.46 },
					{ "time": 1.1, "x": 17.48, "y": 10.65 },
					{ "time": 1.2, "x": 15, "y": 27.28 },
					{ "time": 1.3, "x": 8.75, "y": 13.43 },
					{ "time": 1.4, "x": 2.21, "y": 1.82 },
					{ "time": 1.5, "x": 1.85, "y": 0.88 },
					{ "time": 2, "x": 0, "y": 0 }
				]
			},
			"hand_R3": {
				"rotate": [
					{ "time": 0, "angle": 0 },
					{ "time": 0.1666, "angle": 31.15 },
					{ "time": 0.3333, "angle": -2.68 },
					{ "time": 0.5, "angle": 23.21 },
					{ "time": 0.6666, "angle": 5.45 },
					{ "time": 0.8333, "angle": 26.02 },
					{ "time": 1, "angle": 5.55 },
					{ "time": 1.3333, "angle": 23.71 },
					{ "time": 1.5, "angle": 8.23 },
					{ "time": 2, "angle": 0 }
				],
				"translate": [
					{ "time": 0, "x": 0, "y": 0 },
					{ "time": 0.1666, "x": -0.78, "y": -0.72 },
					{ "time": 0.3333, "x": -3.79, "y": 0.84 },
					{ "time": 1.3333, "x": -2.81, "y": -0.08 },
					{ "time": 2, "x": 0, "y": 0 }
				]
			},
			"hand_R2": {
				"rotate": [
					{ "time": 0, "angle": 0 },
					{ "time": 0.1666, "angle": 36.8 },
					{ "time": 0.3333, "angle": -11.04 },
					{ "time": 0.5, "angle": 30.36 },
					{ "time": 0.6666, "angle": -0.09 },
					{ "time": 1, "angle": 45.7 },
					{ "time": 1.1666, "angle": -23.25 },
					{ "time": 1.5, "angle": 31 },
					{ "time": 1.6666, "angle": -2.51 },
					{ "time": 1.8333, "angle": 37.56 },
					{ "time": 2, "angle": 0 }
				],
				"translate": [
					{ "time": 0, "x": 0, "y": 0 },
					{ "time": 0.3333, "x": -2.13, "y": -1.13 },
					{ "time": 2, "x": 0, "y": 0 }
				]
			},
			"hand_R": {
				"rotate": [
					{ "time": 0, "angle": 0 },
					{ "time": 0.1666, "angle": 8.97 },
					{ "time": 0.3333, "angle": -13.86 },
					{ "time": 0.5, "angle": 30.8 },
					{ "time": 0.6666, "angle": -9.65 },
					{ "time": 0.8333, "angle": 9.99 },
					{ "time": 1, "angle": -31.48 },
					{ "time": 1.1666, "angle": -1.41 },
					{ "time": 1.5, "angle": -32.15 },
					{ "time": 2, "angle": 0 }
				],
				"translate": [
					{ "time": 0, "x": 0, "y": 0, "curve": "stepped" },
					{ "time": 2, "x": 0, "y": 0 }
				]
			},
			"unit_4": {
				"rotate": [
					{ "time": 0, "angle": 0 },
					{ "time": 0.3333, "angle": 6.36 },
					{ "time": 0.6666, "angle": 0 },
					{ "time": 0.8333, "angle": -3.93 },
					{ "time": 1.1666, "angle": -14.9 },
					{ "time": 1.3333, "angle": 0.28 },
					{ "time": 1.4333, "angle": 295.78 },
					{ "time": 1.5333, "angle": 145.89 },
					{ "time": 1.6333, "angle": 0, "curve": "stepped" },
					{ "time": 2, "angle": 0 }
				],
				"translate": [
					{ "time": 0, "x": 0, "y": 0, "curve": "stepped" },
					{ "time": 0.6666, "x": 0, "y": 0 },
					{ "time": 0.8333, "x": -4.5, "y": 2.79 },
					{ "time": 1.1666, "x": -2.13, "y": -0.29 },
					{ "time": 1.3333, "x": -2.08, "y": -0.21 },
					{ "time": 1.4333, "x": 20.86, "y": -8.17 },
					{ "time": 1.5333, "x": 10.12, "y": -16.96 },
					{ "time": 1.6333, "x": 0, "y": 0, "curve": "stepped" },
					{ "time": 2, "x": 0, "y": 0 }
				]
			},
			"hand_L3": {
				"rotate": [
					{ "time": 0, "angle": 0 },
					{ "time": 0.1666, "angle": 17.89 },
					{ "time": 0.3333, "angle": -6.3 },
					{ "time": 0.5, "angle": -13.2 },
					{ "time": 1.5, "angle": -5.16 },
					{ "time": 2, "angle": 0 }
				],
				"translate": [
					{ "time": 0, "x": 0, "y": 0, "curve": "stepped" },
					{ "time": 2, "x": 0, "y": 0 }
				]
			},
			"hand_L2": {
				"rotate": [
					{ "time": 0, "angle": 0 },
					{ "time": 0.1666, "angle": -24.97 },
					{ "time": 0.3333, "angle": 47.77 },
					{ "time": 0.5, "angle": -5.93 },
					{ "time": 0.6666, "angle": 45.49 },
					{ "time": 0.8333, "angle": -38.19 },
					{ "time": 1.1666, "angle": -36.57 },
					{ "time": 1.3333, "angle": 43.97 },
					{ "time": 1.5, "angle": -29.91 },
					{ "time": 1.6666, "angle": 43.67 },
					{ "time": 1.8333, "angle": 39.89 },
					{ "time": 2, "angle": 0 }
				],
				"translate": [
					{ "time": 0, "x": 0, "y": 0, "curve": "stepped" },
					{ "time": 2, "x": 0, "y": 0 }
				]
			},
			"hand_L": {
				"rotate": [
					{ "time": 0, "angle": 0 },
					{ "time": 0.1666, "angle": 5.54 },
					{ "time": 0.3333, "angle": 5.19 },
					{ "time": 0.5, "angle": 5.54 },
					{ "time": 0.6666, "angle": 5.19 },
					{ "time": 0.8333, "angle": 36.1 },
					{ "time": 1, "angle": 35.71 },
					{ "time": 1.1666, "angle": -3.01 },
					{ "time": 1.3333, "angle": 5.19 },
					{ "time": 1.5, "angle": 5.54 },
					{ "time": 1.6666, "angle": 5.19 },
					{ "time": 2, "angle": 0 }
				],
				"translate": [
					{ "time": 0, "x": 0, "y": 0, "curve": "stepped" },
					{ "time": 2, "x": 0, "y": 0 }
				]
			},
			"S": {
				"rotate": [
					{ "time": 0, "angle": 0 },
					{ "time": 0.3333, "angle": -4.5 },
					{ "time": 0.6666, "angle": 1.8 },
					{ "time": 1, "angle": -1.78 },
					{ "time": 1.3333, "angle": 2.15 },
					{ "time": 1.6666, "angle": -2.58 },
					{ "time": 2, "angle": 0 }
				],
				"translate": [
					{ "time": 0, "x": 0, "y": 0, "curve": "stepped" },
					{ "time": 2, "x": 0, "y": 0 }
				]
			},
			"body": {
				"rotate": [
					{ "time": 0, "angle": 0, "curve": "stepped" },
					{ "time": 2, "angle": 0 }
				],
				"translate": [
					{ "time": 0, "x": 0, "y": 0, "curve": "stepped" },
					{ "time": 2, "x": 0, "y": 0 }
				]
			},
			"ALL": {
				"rotate": [
					{ "time": 0, "angle": 0, "curve": "stepped" },
					{ "time": 2, "angle": 0 }
				],
				"translate": [
					{ "time": 0, "x": 0, "y": 0, "curve": "stepped" },
					{ "time": 2, "x": 0, "y": 0 }
				]
			},
			"C": {
				"rotate": [
					{ "time": 0, "angle": 0, "curve": "stepped" },
					{ "time": 0.2666, "angle": 0, "curve": "stepped" },
					{ "time": 0.4, "angle": 0, "curve": "stepped" },
					{ "time": 0.6666, "angle": 0, "curve": "stepped" },
					{ "time": 0.8, "angle": 0, "curve": "stepped" },
					{ "time": 1.3333, "angle": 0, "curve": "stepped" },
					{ "time": 1.4666, "angle": 0, "curve": "stepped" },
					{ "time": 2, "angle": 0 }
				],
				"translate": [
					{ "time": 0, "x": 0, "y": 0, "curve": "stepped" },
					{ "time": 0.2666, "x": 0, "y": 0 },
					{ "time": 0.3333, "x": 0, "y": -1.51 },
					{ "time": 0.4, "x": 0, "y": 0, "curve": "stepped" },
					{ "time": 0.6666, "x": 0, "y": 0 },
					{ "time": 0.7333, "x": 0, "y": -0.37 },
					{ "time": 0.8, "x": 0, "y": 0, "curve": "stepped" },
					{ "time": 1.3333, "x": 0, "y": 0 },
					{ "time": 1.4, "x": 0, "y": -0.75 },
					{ "time": 1.4666, "x": 0, "y": 0, "curve": "stepped" },
					{ "time": 2, "x": 0, "y": 0 }
				],
				"scale": [
					{ "time": 0, "x": 1, "y": 1, "curve": "stepped" },
					{ "time": 0.2666, "x": 1, "y": 1 },
					{ "time": 0.3333, "x": 1.156, "y": 0.928 },
					{ "time": 0.4, "x": 1, "y": 1, "curve": "stepped" },
					{ "time": 0.6666, "x": 1, "y": 1 },
					{ "time": 0.7333, "x": 1.156, "y": 0.928 },
					{ "time": 0.8, "x": 1, "y": 1, "curve": "stepped" },
					{ "time": 1.3333, "x": 1, "y": 1 },
					{ "time": 1.4, "x": 1.156, "y": 0.928 },
					{ "time": 1.4666, "x": 1, "y": 1, "curve": "stepped" },
					{ "time": 2, "x": 1, "y": 1 }
				]
			},
			"B": {
				"rotate": [
					{ "time": 0, "angle": 0 },
					{ "time": 0.3333, "angle": -0.36 },
					{ "time": 0.4, "angle": 8.36 },
					{ "time": 0.4666, "angle": -4.2 },
					{ "time": 0.5333, "angle": -1.56 },
					{ "time": 1.6, "angle": -0.36 },
					{ "time": 1.6666, "angle": 8.36 },
					{ "time": 1.7333, "angle": -4.2 },
					{ "time": 1.8, "angle": -1.56 },
					{ "time": 2, "angle": 0 }
				],
				"translate": [
					{ "time": 0, "x": 0, "y": 0, "curve": "stepped" },
					{ "time": 0.3333, "x": 0, "y": 0, "curve": "stepped" },
					{ "time": 1.6, "x": 0, "y": 0, "curve": "stepped" },
					{ "time": 2, "x": 0, "y": 0 }
				],
				"scale": [
					{ "time": 0, "x": 1, "y": 1, "curve": "stepped" },
					{ "time": 0.3333, "x": 1, "y": 1 },
					{ "time": 0.4, "x": 1.133, "y": 1.133 },
					{ "time": 0.4333, "x": 1.02, "y": 1.02 },
					{ "time": 0.5, "x": 1, "y": 1, "curve": "stepped" },
					{ "time": 1.6, "x": 1, "y": 1 },
					{ "time": 1.6666, "x": 1.133, "y": 1.133 },
					{ "time": 1.7, "x": 1.02, "y": 1.02 },
					{ "time": 1.7666, "x": 1, "y": 1, "curve": "stepped" },
					{ "time": 2, "x": 1, "y": 1 }
				]
			},
			"A": {
				"rotate": [
					{ "time": 0, "angle": 0 },
					{ "time": 0.1333, "angle": 14.01 },
					{ "time": 0.1666, "angle": -25.82 },
					{ "time": 0.2666, "angle": 12.71 },
					{ "time": 0.3333, "angle": -4.47 },
					{ "time": 0.3666, "angle": 0, "curve": "stepped" },
					{ "time": 0.4, "angle": 0, "curve": "stepped" },
					{ "time": 1.3, "angle": 0 },
					{ "time": 1.3333, "angle": 14.01 },
					{ "time": 1.3666, "angle": -25.82 },
					{ "time": 1.4666, "angle": 12.71 },
					{ "time": 1.5333, "angle": -4.47 },
					{ "time": 1.5666, "angle": 0, "curve": "stepped" },
					{ "time": 2, "angle": 0 }
				],
				"translate": [
					{ "time": 0, "x": 0, "y": 0, "curve": "stepped" },
					{ "time": 2, "x": 0, "y": 0 }
				],
				"scale": [
					{ "time": 0, "x": 1, "y": 1, "curve": "stepped" },
					{ "time": 0.1333, "x": 1, "y": 1 },
					{ "time": 0.1666, "x": 1.136, "y": 1.136 },
					{ "time": 0.2666, "x": 1.042, "y": 1.042 },
					{ "time": 1.3333, "x": 1, "y": 1 },
					{ "time": 1.3666, "x": 1.136, "y": 1.136 },
					{ "time": 1.4666, "x": 1.042, "y": 1.042 },
					{ "time": 2, "x": 1, "y": 1 }
				]
			},
			"D": {
				"rotate": [
					{ "time": 0, "angle": 0, "curve": "stepped" },
					{ "time": 0.7666, "angle": 0, "curve": "stepped" },
					{ "time": 2, "angle": 0 }
				],
				"translate": [
					{ "time": 0, "x": 0, "y": 0, "curve": "stepped" },
					{ "time": 0.7666, "x": 0, "y": 0 },
					{ "time": 0.8333, "x": 0, "y": -1.13 },
					{ "time": 0.9, "x": 0, "y": 0.44 },
					{ "time": 2, "x": 0, "y": 0 }
				],
				"scale": [
					{ "time": 0, "x": 1, "y": 1, "curve": "stepped" },
					{ "time": 0.7666, "x": 1, "y": 1 },
					{ "time": 0.8333, "x": 1.143, "y": 0.85 },
					{ "time": 0.9, "x": 1.006, "y": 0.992 },
					{ "time": 0.9333, "x": 1, "y": 1, "curve": "stepped" },
					{ "time": 2, "x": 1, "y": 1 }
				]
			}
		}
	}
}
}