{
"skeleton": { "hash": "Oh211idyFUdIcB3VQ8JUDkpMf9E", "spine": "3.2.01", "width": 1088.91, "height": 863.8, "images": "" },
"bones": [
	{ "name": "root" },
	{ "name": "bone", "parent": "root" },
	{ "name": "bone2", "parent": "bone" },
	{ "name": "TS", "parent": "bone2" },
	{ "name": "1", "parent": "TS" },
	{ "name": "D", "parent": "1", "x": 217.55, "y": 227.08 },
	{ "name": "PZ", "parent": "TS" },
	{ "name": "PZS2", "parent": "PZ" },
	{ "name": "T1", "parent": "TS", "x": 4.97, "y": 101.34 },
	{ "name": "R1", "parent": "T1", "x": 41.03, "y": 130.03 },
	{ "name": "R2", "parent": "T1", "x": -63.32, "y": 128.6 },
	{ "name": "R3", "parent": "T1", "x": -9, "y": 145.76 },
	{ "name": "RA1", "parent": "1", "x": -5.45, "y": 236.53 },
	{ "name": "RS1", "parent": "1", "x": -75.65, "y": 293.7 },
	{ "name": "RS2", "parent": "1", "x": -102.08, "y": 180.6 },
	{ "name": "RS3", "parent": "1", "x": -23.86, "y": 93.92 },
	{ "name": "RS4", "parent": "1", "x": 37.44, "y": 125.63 },
	{ "name": "RS5", "parent": "1", "x": 68.09, "y": 102.38 },
	{ "name": "RS6", "parent": "1", "x": 100.26, "y": 146.53 },
	{ "name": "shadow", "parent": "1", "x": -2.59, "y": -34.52 }
],
"slots": [
	{ "name": "PZ", "bone": "PZ", "attachment": "PZ1" },
	{ "name": "shadow", "bone": "shadow", "attachment": "shadow" },
	{ "name": "T2", "bone": "T1", "attachment": "T2" },
	{ "name": "R1", "bone": "R1", "attachment": "R1" },
	{ "name": "R2", "bone": "R2", "attachment": "R2" },
	{ "name": "R3", "bone": "R3", "attachment": "R3" },
	{ "name": "T1", "bone": "T1", "attachment": "T1" },
	{ "name": "RA1", "bone": "RA1", "attachment": "RA1" },
	{ "name": "RS1", "bone": "RS1", "attachment": "RS1" },
	{ "name": "RS2", "bone": "RS2", "attachment": "RS2" },
	{ "name": "RS3", "bone": "RS3", "attachment": "RS3" },
	{ "name": "RS4", "bone": "RS4", "attachment": "RS4" },
	{ "name": "RS5", "bone": "RS5", "attachment": "RS5" },
	{ "name": "RS6", "bone": "RS6", "attachment": "RS6" },
	{ "name": "D1", "bone": "D", "attachment": "D1" },
	{ "name": "PZS2", "bone": "PZS2", "attachment": "PZS2" }
],
"skins": {
	"default": {
		"D1": {
			"D1": { "x": 136.51, "y": -96.02, "width": 600, "height": 600 },
			"D2": { "x": 136.51, "y": -96.02, "width": 600, "height": 600 },
			"D3": { "x": 136.51, "y": -96.02, "width": 600, "height": 600 },
			"D4": { "x": 136.51, "y": -96.02, "width": 600, "height": 600 },
			"D5": { "x": 136.51, "y": -96.02, "width": 600, "height": 600 }
		},
		"PZ": {
			"PZ1": { "x": 3.18, "y": -3.45, "width": 600, "height": 600 },
			"PZ2": { "x": 1.35, "y": -4.11, "width": 600, "height": 600 }
		},
		"PZS2": {
			"PZS2": { "x": -24.31, "y": 67.64, "width": 600, "height": 600 }
		},
		"R1": {
			"R1": { "x": -49.32, "y": -100.31, "width": 600, "height": 600 }
		},
		"R2": {
			"R2": { "x": 55.03, "y": -98.88, "width": 600, "height": 600 }
		},
		"R3": {
			"R3": { "x": 0.7, "y": -116.04, "width": 600, "height": 600 }
		},
		"RA1": {
			"RA1": { "x": -129.38, "y": 4.04, "width": 600, "height": 600 },
			"RA2": { "x": -129.38, "y": 4.04, "width": 600, "height": 600 },
			"RA3": { "x": -129.38, "y": 4.04, "width": 600, "height": 600 },
			"RA4": { "x": -129.38, "y": 4.04, "width": 600, "height": 600 }
		},
		"RS1": {
			"RS1": { "x": -59.18, "y": -53.12, "width": 600, "height": 600 }
		},
		"RS2": {
			"RS2": { "x": -32.75, "y": 59.97, "width": 600, "height": 600 }
		},
		"RS3": {
			"RS3": { "x": -110.97, "y": 146.65, "width": 600, "height": 600 }
		},
		"RS4": {
			"RS4": { "x": -172.28, "y": 114.94, "width": 600, "height": 600 }
		},
		"RS5": {
			"RS5": { "x": -202.93, "y": 138.19, "width": 600, "height": 600 }
		},
		"RS6": {
			"RS6": { "x": -235.1, "y": 94.04, "width": 600, "height": 600 }
		},
		"T1": {
			"T1": { "x": -1.96, "y": 36.37, "width": 600, "height": 600 }
		},
		"T2": {
			"T2": { "x": -1.96, "y": 33.9, "width": 600, "height": 600 }
		},
		"shadow": {
			"shadow": { "x": -0.72, "y": 11.29, "width": 600, "height": 600 }
		}
	}
},
"animations": {
	"eat": {
		"slots": {
			"D1": {
				"color": [
					{ "time": 0, "color": "ffffff00" }
				]
			},
			"PZ": {
				"color": [
					{ "time": 0, "color": "ffffffff" }
				],
				"attachment": [
					{ "time": 0, "name": "PZ2" }
				]
			},
			"PZS2": {
				"color": [
					{ "time": 0, "color": "ffffff00" }
				]
			},
			"R1": {
				"color": [
					{ "time": 0, "color": "ffffff00" }
				]
			},
			"R2": {
				"color": [
					{ "time": 0, "color": "ffffff00" }
				]
			},
			"R3": {
				"color": [
					{ "time": 0, "color": "ffffff00" }
				]
			},
			"RA1": {
				"color": [
					{ "time": 0, "color": "ffffffff" },
					{ "time": 0.1333, "color": "ffffff8f" },
					{ "time": 0.3333, "color": "ffffff00" }
				],
				"attachment": [
					{ "time": 0, "name": "RA4" },
					{ "time": 0.3333, "name": "RA4" }
				]
			},
			"RS1": {
				"color": [
					{ "time": 0, "color": "ffffff00" }
				]
			},
			"RS2": {
				"color": [
					{ "time": 0, "color": "ffffff00" }
				]
			},
			"RS3": {
				"color": [
					{ "time": 0, "color": "ffffff00" }
				]
			},
			"RS4": {
				"color": [
					{ "time": 0, "color": "ffffff00" }
				]
			},
			"RS5": {
				"color": [
					{ "time": 0, "color": "ffffff00" }
				]
			},
			"RS6": {
				"color": [
					{ "time": 0, "color": "ffffff00" }
				]
			},
			"T1": {
				"color": [
					{ "time": 0, "color": "ffffff00" }
				]
			},
			"T2": {
				"color": [
					{ "time": 0, "color": "ffffff00" }
				]
			},
			"shadow": {
				"color": [
					{ "time": 0, "color": "ffffff00" }
				]
			}
		},
		"bones": {
			"RA1": {
				"rotate": [
					{ "time": 0, "angle": 5.48, "curve": "stepped" },
					{ "time": 0.3333, "angle": 5.48 }
				],
				"translate": [
					{ "time": 0, "x": 0, "y": -186.67, "curve": "stepped" },
					{ "time": 0.3333, "x": 0, "y": -186.67 }
				]
			}
		}
	},
	"normal": {
		"slots": {
			"D1": {
				"color": [
					{ "time": 0, "color": "ffffff00" }
				]
			},
			"PZ": {
				"attachment": [
					{ "time": 0, "name": "PZ2" }
				]
			},
			"PZS2": {
				"color": [
					{ "time": 0, "color": "ffffff00" }
				]
			},
			"R1": {
				"color": [
					{ "time": 0, "color": "ffffff00" }
				]
			},
			"R2": {
				"color": [
					{ "time": 0, "color": "ffffff00" }
				]
			},
			"R3": {
				"color": [
					{ "time": 0, "color": "ffffff00" }
				]
			},
			"RA1": {
				"color": [
					{ "time": 0, "color": "ffffffff" }
				],
				"attachment": [
					{ "time": 0, "name": "RA4" }
				]
			},
			"RS1": {
				"color": [
					{ "time": 0, "color": "ffffff00" }
				]
			},
			"RS2": {
				"color": [
					{ "time": 0, "color": "ffffff00" }
				]
			},
			"RS3": {
				"color": [
					{ "time": 0, "color": "ffffff00" }
				]
			},
			"RS4": {
				"color": [
					{ "time": 0, "color": "ffffff00" }
				]
			},
			"RS5": {
				"color": [
					{ "time": 0, "color": "ffffff00" }
				]
			},
			"RS6": {
				"color": [
					{ "time": 0, "color": "ffffff00" }
				]
			},
			"T1": {
				"color": [
					{ "time": 0, "color": "ffffff00" }
				]
			},
			"T2": {
				"color": [
					{ "time": 0, "color": "ffffff00" }
				]
			}
		},
		"bones": {
			"PZ": {
				"rotate": [
					{ "time": 0, "angle": 0, "curve": "stepped" },
					{ "time": 1, "angle": 0 }
				],
				"translate": [
					{ "time": 0, "x": 0, "y": 0, "curve": "stepped" },
					{ "time": 1, "x": 0, "y": 0 }
				],
				"scale": [
					{ "time": 0, "x": 1, "y": 1, "curve": "stepped" },
					{ "time": 1, "x": 1, "y": 1 }
				]
			},
			"TS": {
				"rotate": [
					{ "time": 0, "angle": 0, "curve": "stepped" },
					{ "time": 2, "angle": 0 }
				],
				"translate": [
					{ "time": 0, "x": 0, "y": 0, "curve": "stepped" },
					{ "time": 2, "x": 0, "y": 0 }
				],
				"scale": [
					{ "time": 0, "x": 1, "y": 1 },
					{ "time": 1, "x": 0.99, "y": 0.99 },
					{ "time": 2, "x": 1, "y": 1 }
				]
			},
			"RA1": {
				"rotate": [
					{ "time": 0, "angle": 5.48, "curve": "stepped" },
					{ "time": 2, "angle": 5.48 }
				],
				"translate": [
					{ "time": 0, "x": 0, "y": -186.67, "curve": "stepped" },
					{ "time": 2, "x": 0, "y": -186.67 }
				]
			}
		}
	},
	"normal2": {
		"slots": {
			"D1": {
				"color": [
					{ "time": 0, "color": "ffffff00" }
				]
			},
			"PZ": {
				"attachment": [
					{ "time": 0, "name": "PZ2" }
				]
			},
			"PZS2": {
				"color": [
					{ "time": 0, "color": "ffffff00" }
				]
			},
			"R1": {
				"color": [
					{ "time": 0, "color": "ffffff00" }
				]
			},
			"R2": {
				"color": [
					{ "time": 0, "color": "ffffff00" }
				]
			},
			"R3": {
				"color": [
					{ "time": 0, "color": "ffffff00" }
				]
			},
			"RA1": {
				"color": [
					{ "time": 0, "color": "ffffff00" }
				]
			},
			"RS1": {
				"color": [
					{ "time": 0, "color": "ffffff00" }
				]
			},
			"RS2": {
				"color": [
					{ "time": 0, "color": "ffffff00" }
				]
			},
			"RS3": {
				"color": [
					{ "time": 0, "color": "ffffff00" }
				]
			},
			"RS4": {
				"color": [
					{ "time": 0, "color": "ffffff00" }
				]
			},
			"RS5": {
				"color": [
					{ "time": 0, "color": "ffffff00" }
				]
			},
			"RS6": {
				"color": [
					{ "time": 0, "color": "ffffff00" }
				]
			},
			"T1": {
				"color": [
					{ "time": 0, "color": "ffffff00" }
				]
			},
			"T2": {
				"color": [
					{ "time": 0, "color": "ffffff00" }
				]
			},
			"shadow": {
				"color": [
					{ "time": 0, "color": "ffffff00" }
				]
			}
		},
		"bones": {
			"PZ": {
				"rotate": [
					{ "time": 0, "angle": 0, "curve": "stepped" },
					{ "time": 1, "angle": 0 }
				],
				"translate": [
					{ "time": 0, "x": 0, "y": 0, "curve": "stepped" },
					{ "time": 1, "x": 0, "y": 0 }
				],
				"scale": [
					{ "time": 0, "x": 1, "y": 1, "curve": "stepped" },
					{ "time": 1, "x": 1, "y": 1 }
				]
			},
			"TS": {
				"rotate": [
					{ "time": 0, "angle": 0, "curve": "stepped" },
					{ "time": 2, "angle": 0 }
				],
				"translate": [
					{ "time": 0, "x": 0, "y": 0, "curve": "stepped" },
					{ "time": 2, "x": 0, "y": 0 }
				],
				"scale": [
					{ "time": 0, "x": 1, "y": 1 },
					{ "time": 1, "x": 0.99, "y": 0.99 },
					{ "time": 2, "x": 1, "y": 1 }
				]
			}
		}
	},
	"start": {
		"slots": {
			"D1": {
				"color": [
					{ "time": 0, "color": "ffffff00", "curve": "stepped" },
					{ "time": 1, "color": "ffffff00" },
					{ "time": 1.3333, "color": "ffffffff", "curve": "stepped" },
					{ "time": 2.3333, "color": "ffffffff" },
					{ "time": 2.3666, "color": "ffffff00" },
					{ "time": 2.5, "color": "ffffffff" },
					{ "time": 3.6666, "color": "ffffff00" }
				],
				"attachment": [
					{ "time": 1.6, "name": "D2" },
					{ "time": 1.7666, "name": "D3" },
					{ "time": 1.9666, "name": "D4" },
					{ "time": 2.1333, "name": "D5" },
					{ "time": 2.3333, "name": "D1" },
					{ "time": 2.6, "name": "D3" },
					{ "time": 2.8, "name": "D4" },
					{ "time": 2.9666, "name": "D5" },
					{ "time": 3.1666, "name": "D1" }
				]
			},
			"PZ": {
				"color": [
					{ "time": 0, "color": "ffffff00", "curve": "stepped" },
					{ "time": 3.3333, "color": "ffffff00" },
					{ "time": 3.6666, "color": "ffffffff" }
				],
				"attachment": [
					{ "time": 3.8666, "name": "PZ2" }
				]
			},
			"PZS2": {
				"color": [
					{ "time": 0, "color": "ffffff00", "curve": "stepped" },
					{ "time": 3.8333, "color": "ffffff00" },
					{ "time": 3.9, "color": "ffffffff" },
					{ "time": 4, "color": "ffffffd4" },
					{ "time": 4.1, "color": "ffffff00" }
				]
			},
			"R1": {
				"color": [
					{ "time": 0, "color": "ffffff00" },
					{ "time": 0.1666, "color": "ffffffff" },
					{ "time": 1, "color": "ffffff00" }
				]
			},
			"R2": {
				"color": [
					{ "time": 0, "color": "ffffff00" },
					{ "time": 0.1666, "color": "ffffffff" },
					{ "time": 1, "color": "ffffff00" }
				]
			},
			"R3": {
				"color": [
					{ "time": 0, "color": "ffffff00" },
					{ "time": 0.1666, "color": "ffffffff" },
					{ "time": 1, "color": "ffffff00" }
				]
			},
			"RA1": {
				"color": [
					{ "time": 0, "color": "ffffff00", "curve": "stepped" },
					{ "time": 0.8333, "color": "ffffff00" },
					{ "time": 1.1666, "color": "ffffffff" },
					{ "time": 1.3333, "color": "ffffff9c" },
					{ "time": 1.5, "color": "ffffffee" },
					{ "time": 1.6666, "color": "ffffffc9" },
					{ "time": 1.8333, "color": "ffffffff" },
					{ "time": 2, "color": "ffffff9c" },
					{ "time": 2.1666, "color": "ffffffee" },
					{ "time": 2.3333, "color": "ffffffc9" },
					{ "time": 2.5, "color": "ffffffff" },
					{ "time": 2.6666, "color": "ffffff9c" },
					{ "time": 2.8333, "color": "ffffffee" },
					{ "time": 3, "color": "ffffffc9" },
					{ "time": 3.1666, "color": "ffffffff" }
				],
				"attachment": [
					{ "time": 1.6666, "name": "RA2" },
					{ "time": 2.3333, "name": "RA3" },
					{ "time": 2.8333, "name": "RA4" }
				]
			},
			"RS1": {
				"color": [
					{ "time": 0, "color": "ffffff00", "curve": "stepped" },
					{ "time": 1.5, "color": "ffffff00" },
					{ "time": 1.6666, "color": "ffffffff" },
					{ "time": 1.8333, "color": "ffffff00" }
				]
			},
			"RS2": {
				"color": [
					{ "time": 0, "color": "ffffff00", "curve": "stepped" },
					{ "time": 1.6666, "color": "ffffff00" },
					{ "time": 2, "color": "ffffffff" },
					{ "time": 2.1666, "color": "ffffff00" }
				]
			},
			"RS3": {
				"color": [
					{ "time": 0, "color": "ffffff00", "curve": "stepped" },
					{ "time": 1.8333, "color": "ffffff00" },
					{ "time": 2.1666, "color": "ffffffff" },
					{ "time": 2.3333, "color": "ffffff00" }
				]
			},
			"RS4": {
				"color": [
					{ "time": 0, "color": "ffffff00", "curve": "stepped" },
					{ "time": 2, "color": "ffffff00" },
					{ "time": 2.3333, "color": "ffffffff" },
					{ "time": 2.5, "color": "ffffff00" }
				]
			},
			"RS5": {
				"color": [
					{ "time": 0, "color": "ffffff00", "curve": "stepped" },
					{ "time": 2.1666, "color": "ffffff00" },
					{ "time": 2.5, "color": "ffffffff" },
					{ "time": 2.6666, "color": "ffffff00" }
				]
			},
			"RS6": {
				"color": [
					{ "time": 0, "color": "ffffff00", "curve": "stepped" },
					{ "time": 2.3333, "color": "ffffff00" },
					{ "time": 2.6666, "color": "ffffffff" },
					{ "time": 2.8333, "color": "ffffff00" }
				]
			},
			"T1": {
				"color": [
					{ "time": 0, "color": "ffffff00" },
					{ "time": 0.1666, "color": "ffffffff", "curve": "stepped" },
					{ "time": 0.6666, "color": "ffffffff" },
					{ "time": 1, "color": "ffffff00" }
				]
			},
			"T2": {
				"color": [
					{ "time": 0, "color": "ffffff00" },
					{ "time": 0.1666, "color": "ffffffff", "curve": "stepped" },
					{ "time": 0.6666, "color": "ffffffff" },
					{ "time": 1, "color": "ffffff00" }
				]
			},
			"shadow": {
				"color": [
					{ "time": 0, "color": "ffffff00", "curve": "stepped" },
					{ "time": 3.8333, "color": "ffffff00" },
					{ "time": 4.0333, "color": "ffffffff" }
				]
			}
		},
		"bones": {
			"D": {
				"rotate": [
					{ "time": 1, "angle": -6.17 },
					{ "time": 1.3333, "angle": 6.82 },
					{ "time": 1.5, "angle": 10.8 },
					{ "time": 1.6666, "angle": 1.02 },
					{ "time": 1.8333, "angle": 20.66 },
					{ "time": 2, "angle": 8.86 },
					{ "time": 2.1666, "angle": 18.19 },
					{ "time": 2.3333, "angle": 6.73 },
					{ "time": 2.5, "angle": -2.41 },
					{ "time": 2.6666, "angle": 20.66 },
					{ "time": 2.8333, "angle": 8.86 },
					{ "time": 3, "angle": 18.19 },
					{ "time": 3.1666, "angle": 6.73 }
				],
				"translate": [
					{ "time": 1, "x": -15.67, "y": 1.42 },
					{ "time": 1.3333, "x": 41.32, "y": 19.94 },
					{ "time": 1.5, "x": -38.47, "y": 19.94 },
					{ "time": 1.6666, "x": 24.22, "y": 19.94 },
					{ "time": 1.8333, "x": -55.57, "y": 19.94 },
					{ "time": 2, "x": 9.97, "y": 19.94 },
					{ "time": 2.1666, "x": -47.02, "y": 19.94 },
					{ "time": 2.3333, "x": 37.05, "y": 19.94 },
					{ "time": 2.5, "x": -446.02, "y": 5.7 },
					{ "time": 2.6666, "x": -366.22, "y": -66.97 },
					{ "time": 2.8333, "x": -468.82, "y": -51.29 },
					{ "time": 3, "x": -336.29, "y": -89.77 },
					{ "time": 3.1666, "x": -401.84, "y": -72.67 },
					{ "time": 3.6666, "x": -521.54, "y": -72.67 }
				],
				"shear": [
					{ "time": 2.3333, "x": 0, "y": 0 },
					{ "time": 2.5, "x": 180, "y": 0 }
				]
			},
			"R1": {
				"rotate": [
					{ "time": 0.1666, "angle": -4.96 },
					{ "time": 0.5, "angle": 0 },
					{ "time": 0.7333, "angle": -5.16 },
					{ "time": 1, "angle": 8.68 }
				],
				"translate": [
					{ "time": 0.1666, "x": 0, "y": -39.89 },
					{ "time": 0.5, "x": 0, "y": 0 },
					{ "time": 0.7333, "x": 0, "y": 149.62 },
					{ "time": 1, "x": 0, "y": 25.64 }
				]
			},
			"R2": {
				"rotate": [
					{ "time": 0.1666, "angle": 6.26 },
					{ "time": 0.5, "angle": 0 },
					{ "time": 0.7333, "angle": -5.16 },
					{ "time": 1, "angle": 8.68 }
				],
				"translate": [
					{ "time": 0.1666, "x": 0, "y": -39.89 },
					{ "time": 0.5, "x": 0, "y": 0 },
					{ "time": 0.7333, "x": 0, "y": 149.62 },
					{ "time": 1, "x": 0, "y": 25.64 }
				]
			},
			"R3": {
				"rotate": [
					{ "time": 0.1666, "angle": 6.43 },
					{ "time": 0.5, "angle": 0 },
					{ "time": 0.7333, "angle": -5.16 },
					{ "time": 1, "angle": 8.68 }
				],
				"translate": [
					{ "time": 0.1666, "x": 0, "y": -39.89 },
					{ "time": 0.5, "x": 0, "y": 0 },
					{ "time": 0.7333, "x": 0, "y": 149.62 },
					{ "time": 1, "x": 0, "y": 25.64 }
				]
			},
			"RA1": {
				"rotate": [
					{ "time": 0.8333, "angle": 5.19 },
					{ "time": 1.1666, "angle": 0 },
					{ "time": 1.4333, "angle": 2.45 },
					{ "time": 1.5, "angle": -7.68 },
					{ "time": 1.7666, "angle": -5.7 },
					{ "time": 1.8333, "angle": -17.71 },
					{ "time": 2.5, "angle": -17.66 },
					{ "time": 2.6, "angle": -11.47 },
					{ "time": 3, "angle": -9.5 },
					{ "time": 3.0666, "angle": -4.16, "curve": "stepped" },
					{ "time": 3.3333, "angle": -4.16 },
					{ "time": 3.8666, "angle": 1.52 },
					{ "time": 4.0666, "angle": 7.72 },
					{ "time": 4.2, "angle": 5.48 }
				],
				"translate": [
					{ "time": 0.8333, "x": 0, "y": 18.52 },
					{ "time": 1.1666, "x": 0, "y": 0 },
					{ "time": 3.3333, "x": 0, "y": 1.42 },
					{ "time": 3.6666, "x": 0, "y": 58.42 },
					{ "time": 3.8666, "x": 0, "y": -178.12 },
					{ "time": 4.0666, "x": -2.85, "y": -185.25 },
					{ "time": 4.2, "x": 0, "y": -186.67 }
				]
			},
			"RS1": {
				"rotate": [
					{ "time": 1.5, "angle": -10.65 },
					{ "time": 1.8333, "angle": 20.97 }
				],
				"translate": [
					{ "time": 1.5, "x": 96.89, "y": -44.17 },
					{ "time": 1.8333, "x": -166.72, "y": -52.72 }
				]
			},
			"RS2": {
				"rotate": [
					{ "time": 1.6666, "angle": -17.68 },
					{ "time": 2.1666, "angle": 18.58 }
				],
				"translate": [
					{ "time": 1.6666, "x": 44.17, "y": -12.82 },
					{ "time": 2.1666, "x": -62.69, "y": -29.92 }
				]
			},
			"RS3": {
				"rotate": [
					{ "time": 1.8333, "angle": -6.91 },
					{ "time": 2.3333, "angle": 7.97 }
				],
				"translate": [
					{ "time": 1.8333, "x": 1.42, "y": 34.19 },
					{ "time": 2.3333, "x": -1.42, "y": -29.92 }
				]
			},
			"RS4": {
				"rotate": [
					{ "time": 2, "angle": 11.11 },
					{ "time": 2.5, "angle": -5.3 }
				],
				"translate": [
					{ "time": 2, "x": 8.54, "y": 29.92 },
					{ "time": 2.5, "x": 68.39, "y": -98.32 }
				]
			},
			"RS5": {
				"rotate": [
					{ "time": 2.1666, "angle": -31.69 },
					{ "time": 2.6666, "angle": 30.74 }
				],
				"translate": [
					{ "time": 2.1666, "x": -39.9, "y": 57 },
					{ "time": 2.6666, "x": 42.75, "y": -42.75 }
				]
			},
			"RS6": {
				"rotate": [
					{ "time": 2.8333, "angle": 17.22 }
				],
				"translate": [
					{ "time": 2.3333, "x": -52.72, "y": 68.39 },
					{ "time": 2.8333, "x": 79.8, "y": -104.02 }
				]
			},
			"TS": {
				"rotate": [
					{ "time": 0, "angle": 0, "curve": "stepped" },
					{ "time": 3.8, "angle": 0, "curve": "stepped" },
					{ "time": 5.3333, "angle": 0 }
				],
				"translate": [
					{ "time": 0, "x": 0, "y": 0, "curve": "stepped" },
					{ "time": 3.8, "x": 0, "y": 0 },
					{ "time": 3.8666, "x": 0, "y": -14.24 },
					{ "time": 4, "x": 0, "y": -1.89 },
					{ "time": 4.1333, "x": 0, "y": -10.06 },
					{ "time": 5.3333, "x": 0, "y": 0 }
				]
			},
			"PZS2": {
				"rotate": [
					{ "time": 3.8333, "angle": 4.34 },
					{ "time": 4, "angle": -0.66 }
				],
				"translate": [
					{ "time": 3.8333, "x": 1.42, "y": 1.42 },
					{ "time": 4, "x": 1.42, "y": 15.67 }
				],
				"scale": [
					{ "time": 3.8333, "x": 0.935, "y": 0.935 },
					{ "time": 4, "x": 1.42, "y": 1.42 }
				]
			}
		}
	}
}
}