{
"skeleton": { "hash": "z5TpyRI6zB0uEgoeGjzPlfG5iFY", "spine": "3.2.01", "width": 170, "height": 170, "images": "" },
"bones": [
	{ "name": "root" },
	{ "name": "bone", "parent": "root" },
	{ "name": "BOXMAN", "parent": "bone", "y": 45.52 },
	{ "name": "hand_L", "parent": "BOXMAN", "length": 25.48, "rotation": -123.42, "x": -16.67, "y": 15.65 },
	{ "name": "J", "parent": "hand_L", "length": 55.34, "rotation": -90.43, "x": 28.05, "y": -4.82 },
	{ "name": "LZ", "parent": "bone" },
	{ "name": "TX", "parent": "bone", "y": 1.14 },
	{ "name": "body", "parent": "BOXMAN", "x": -3.91, "y": 1.18 },
	{ "name": "hand_R", "parent": "BOXMAN", "length": 29.5, "rotation": -61.58, "x": 12.68, "y": 17.35 },
	{ "name": "head", "parent": "BOXMAN", "x": -5.61, "y": 27.98 },
	{ "name": "leg_L", "parent": "BOXMAN", "length": 28.7, "rotation": -101.97, "x": -10.71, "y": -17.95 },
	{ "name": "leg_R", "parent": "BOXMAN", "length": 30.13, "rotation": -71.05, "x": 7.57, "y": -16.68 },
	{ "name": "p", "parent": "BOXMAN", "x": 11.28, "y": 5.25 }
],
"slots": [
	{ "name": "P1", "bone": "p", "blend": "additive" },
	{ "name": "leg_l", "bone": "leg_L", "attachment": "leg_l" },
	{ "name": "leg_r", "bone": "leg_R", "attachment": "leg_r" },
	{ "name": "hand_l", "bone": "hand_L", "attachment": "hand_l" },
	{ "name": "body", "bone": "body", "attachment": "body" },
	{ "name": "saber_off", "bone": "J" },
	{ "name": "head", "bone": "head", "attachment": "head" },
	{ "name": "eye_light", "bone": "head", "attachment": "eye_light", "blend": "additive" },
	{ "name": "hand_r", "bone": "hand_R", "attachment": "hand_r" },
	{ "name": "saber_light", "bone": "J", "blend": "additive" },
	{ "name": "saber_on", "bone": "J" },
	{ "name": "1", "bone": "TX", "blend": "additive" },
	{ "name": "2", "bone": "LZ", "blend": "additive" }
],
"skins": {
	"default": {
		"1": {
			"1": { "x": -10.56, "y": 83.62, "width": 200, "height": 200 }
		},
		"2": {
			"2": { "x": -10.56, "y": 78.94, "width": 200, "height": 200 },
			"3": { "x": -10.56, "y": 78.94, "width": 200, "height": 200 },
			"4": { "x": -10.56, "y": 78.94, "width": 200, "height": 200 }
		},
		"P1": {
			"P1": { "x": -16.29, "y": 17.94, "width": 170, "height": 170 },
			"P2": { "x": -16.29, "y": 17.94, "width": 170, "height": 170 },
			"P3": { "x": -16.29, "y": 17.94, "width": 170, "height": 170 }
		},
		"body": {
			"body": { "x": -10.08, "y": 20.61, "width": 170, "height": 170 }
		},
		"eye_light": {
			"eye_light": { "x": -8.38, "y": -6.18, "width": 170, "height": 170 }
		},
		"hand_l": {
			"hand_l": { "x": -6.6, "y": -1.15, "rotation": 123.42, "width": 170, "height": 170 }
		},
		"hand_r": {
			"hand_r": { "x": -16.6, "y": -21.35, "rotation": 61.58, "width": 170, "height": 170 }
		},
		"head": {
			"head": { "x": -8.38, "y": -6.18, "width": 170, "height": 170 }
		},
		"leg_l": {
			"leg_l": { "x": -38.21, "y": -11.45, "rotation": 101.97, "width": 170, "height": 170 }
		},
		"leg_r": {
			"leg_r": { "x": -43.4, "y": -7.91, "rotation": 71.05, "width": 170, "height": 170 }
		},
		"saber_light": {
			"saber_light": { "x": 58.87, "y": -21.55, "rotation": -39.51, "width": 170, "height": 170 }
		},
		"saber_off": {
			"saber_off": { "x": 58.87, "y": -21.55, "rotation": -39.51, "width": 170, "height": 170 }
		},
		"saber_on": {
			"saber_on": { "x": 58.87, "y": -21.55, "rotation": -39.51, "width": 170, "height": 170 }
		}
	}
},
"animations": {
	"SP_A": {
		"slots": {
			"P1": {
				"color": [
					{ "time": 1, "color": "ffffff00" },
					{ "time": 1.1333, "color": "ffffffa8" },
					{ "time": 1.2333, "color": "ffffffff" },
					{ "time": 1.5333, "color": "ffffff9c" },
					{ "time": 1.7333, "color": "ffffffff" },
					{ "time": 2, "color": "ffffff00" }
				],
				"attachment": [
					{ "time": 1, "name": null },
					{ "time": 1.1333, "name": "P1" },
					{ "time": 1.2333, "name": "P2" },
					{ "time": 1.3333, "name": "P3" },
					{ "time": 1.4333, "name": "P1" },
					{ "time": 1.5333, "name": "P2" },
					{ "time": 1.6333, "name": "P3" },
					{ "time": 1.7333, "name": "P1" },
					{ "time": 1.8333, "name": "P2" },
					{ "time": 1.9333, "name": "P3" },
					{ "time": 2, "name": null }
				]
			},
			"eye_light": {
				"color": [
					{ "time": 0, "color": "ffffffff" },
					{ "time": 0.3333, "color": "ffffffad" },
					{ "time": 0.6666, "color": "ffffffff" }
				]
			},
			"saber_light": {
				"color": [
					{ "time": 1, "color": "ffffff00" },
					{ "time": 1.0666, "color": "ffffffff" },
					{ "time": 1.3333, "color": "ffffffc4" },
					{ "time": 1.6666, "color": "ffffffff" },
					{ "time": 2, "color": "ffffffc4" },
					{ "time": 2.3333, "color": "ffffffff" },
					{ "time": 2.6666, "color": "ffffffc4" },
					{ "time": 3, "color": "ffffffff" },
					{ "time": 3.3333, "color": "ffffffc4" },
					{ "time": 3.6666, "color": "ffffffff" }
				],
				"attachment": [
					{ "time": 1, "name": "saber_light" },
					{ "time": 2.8333, "name": null }
				]
			},
			"saber_off": {
				"attachment": [
					{ "time": 0.3333, "name": "saber_off" },
					{ "time": 3.3333, "name": null }
				]
			},
			"saber_on": {
				"color": [
					{ "time": 0.7666, "color": "ffffff00" },
					{ "time": 0.9, "color": "ffffffff", "curve": "stepped" },
					{ "time": 2.6666, "color": "ffffffff" },
					{ "time": 2.8333, "color": "ffffff00" }
				],
				"attachment": [
					{ "time": 0.7666, "name": "saber_on" },
					{ "time": 2.8333, "name": null }
				]
			}
		},
		"bones": {
			"BOXMAN": {
				"rotate": [
					{ "time": 0, "angle": 0 },
					{ "time": 1, "angle": -8.95 },
					{ "time": 1.1333, "angle": 6.44 },
					{ "time": 1.3333, "angle": 7.83, "curve": "stepped" },
					{
						"time": 1.6666,
						"angle": 7.83,
						"curve": [ 0.778, 0, 0.924, 0.46 ]
					},
					{
						"time": 2.6666,
						"angle": 0.99,
						"curve": [ 0.08, 0.46, 0.061, 1 ]
					},
					{ "time": 4, "angle": 0 }
				],
				"translate": [
					{ "time": 0, "x": 0, "y": 0 },
					{ "time": 0.3333, "x": -3.13, "y": -1.25 },
					{ "time": 1, "x": -2.56, "y": 1.48 },
					{ "time": 1.1333, "x": 23.36, "y": -0.9 },
					{
						"time": 1.3333,
						"x": -123.59,
						"y": -4.48,
						"curve": [ 0.802, 0, 0.083, 1 ]
					},
					{
						"time": 1.6666,
						"x": -156.81,
						"y": -4.48,
						"curve": [ 0.44, 0, 0.762, 0.36 ]
					},
					{
						"time": 2,
						"x": -7.62,
						"y": -4.39,
						"curve": [ 0.5, 0.22, -0.061, 1 ]
					},
					{ "time": 4, "x": 0, "y": 0 }
				]
			},
			"leg_R": {
				"rotate": [
					{ "time": 0, "angle": 0 },
					{ "time": 0.3333, "angle": -20.62 },
					{ "time": 0.6666, "angle": -2.52 },
					{ "time": 1.3333, "angle": 0 },
					{ "time": 1.6666, "angle": 13.99 },
					{ "time": 2.3333, "angle": -10.91 },
					{ "time": 4, "angle": 0 }
				],
				"translate": [
					{ "time": 0, "x": 0, "y": 0, "curve": "stepped" },
					{ "time": 1.3333, "x": 0, "y": 0 },
					{ "time": 2.3333, "x": 0, "y": -2.5 },
					{ "time": 4, "x": 0, "y": 0 }
				]
			},
			"leg_L": {
				"rotate": [
					{ "time": 0, "angle": 0 },
					{ "time": 0.3333, "angle": 22.68 },
					{ "time": 0.6666, "angle": -7.17 },
					{ "time": 1, "angle": 0.09, "curve": "stepped" },
					{ "time": 1.3333, "angle": 0.09, "curve": "stepped" },
					{ "time": 1.6666, "angle": 0.09 },
					{ "time": 2, "angle": -16.46 },
					{ "time": 2.3333, "angle": -3.58 },
					{ "time": 4, "angle": 0 }
				],
				"translate": [
					{ "time": 0, "x": 0, "y": 0 },
					{ "time": 0.6666, "x": -4.92, "y": -2.67 },
					{ "time": 1, "x": -2.5, "y": 3.13, "curve": "stepped" },
					{ "time": 1.3333, "x": -2.5, "y": 3.13, "curve": "stepped" },
					{ "time": 1.6666, "x": -2.5, "y": 3.13 },
					{ "time": 2.3333, "x": -5.19, "y": -2.59 },
					{ "time": 4, "x": 0, "y": 0 }
				]
			},
			"head": {
				"rotate": [
					{ "time": 0, "angle": 0 },
					{ "time": 0.3333, "angle": 5.95 },
					{ "time": 0.6666, "angle": -2.7 },
					{ "time": 1.3333, "angle": 11.81 },
					{ "time": 1.6666, "angle": 15.11 },
					{ "time": 2, "angle": -2.43 },
					{ "time": 2.6666, "angle": 3.14 },
					{ "time": 4, "angle": 0 }
				],
				"translate": [
					{ "time": 0, "x": 0, "y": 0, "curve": "stepped" },
					{ "time": 4, "x": 0, "y": 0 }
				]
			},
			"hand_R": {
				"rotate": [
					{ "time": 0, "angle": 0 },
					{ "time": 0.3333, "angle": 108.27 },
					{ "time": 1, "angle": 9.8 },
					{ "time": 1.3333, "angle": 84.19 },
					{ "time": 2.3333, "angle": 85.21 },
					{ "time": 2.6666, "angle": -9.1 },
					{ "time": 4, "angle": 0 }
				],
				"translate": [
					{ "time": 0, "x": 0, "y": 0 },
					{ "time": 0.3333, "x": -0.62, "y": 1.88 },
					{ "time": 4, "x": 0, "y": 0 }
				]
			},
			"hand_L": {
				"rotate": [
					{ "time": 0, "angle": 0 },
					{ "time": 0.1666, "angle": 188.3 },
					{ "time": 0.3333, "angle": 120.94 },
					{ "time": 0.5333, "angle": 173.34 },
					{ "time": 0.6666, "angle": -33.2 },
					{ "time": 0.8333, "angle": -26.92 },
					{ "time": 1, "angle": -33.2 },
					{ "time": 1.3333, "angle": 242 },
					{ "time": 1.4333, "angle": 59.6 },
					{ "time": 1.8666, "angle": 15.42 },
					{ "time": 2, "angle": 242.02 },
					{ "time": 2.3333, "angle": 67.31 },
					{ "time": 2.8333, "angle": -30.97 },
					{ "time": 3.3333, "angle": 218.41 },
					{ "time": 3.6666, "angle": -19.54 },
					{ "time": 4, "angle": 0 }
				],
				"translate": [
					{ "time": 0, "x": 0, "y": 0 },
					{ "time": 0.3, "x": -3.07, "y": 0.56 },
					{ "time": 0.3333, "x": -6.89, "y": 0.62 },
					{ "time": 0.6666, "x": -2.5, "y": -2.56, "curve": "stepped" },
					{ "time": 1, "x": -2.5, "y": -2.56 },
					{ "time": 1.3333, "x": -2.22, "y": 0.85 },
					{ "time": 4, "x": 0, "y": 0 }
				]
			},
			"body": {
				"rotate": [
					{ "time": 0, "angle": 0 },
					{ "time": 0.3333, "angle": 3.66 },
					{ "time": 0.6666, "angle": -0.76 },
					{ "time": 1.6666, "angle": 4.2 },
					{ "time": 2.6666, "angle": -3.98 },
					{ "time": 4, "angle": 0 }
				],
				"translate": [
					{ "time": 0, "x": 0, "y": 0, "curve": "stepped" },
					{ "time": 4, "x": 0, "y": 0 }
				]
			},
			"J": {
				"rotate": [
					{ "time": 0, "angle": 0 },
					{ "time": 1, "angle": 4.56 },
					{ "time": 1.3333, "angle": -9.19 },
					{ "time": 1.6666, "angle": 3.8 },
					{ "time": 1.8333, "angle": -27.34 },
					{ "time": 2, "angle": -83.42 },
					{ "time": 2.1666, "angle": 233.9 },
					{ "time": 2.3333, "angle": 187.85 },
					{ "time": 2.5, "angle": 178.84 },
					{ "time": 2.6666, "angle": 80.28 },
					{ "time": 2.8333, "angle": -7.21 },
					{ "time": 4, "angle": 0 }
				],
				"translate": [
					{ "time": 0, "x": 0, "y": 0 },
					{ "time": 1.6666, "x": 0.55, "y": 2.6 },
					{ "time": 1.8333, "x": 0.46, "y": 3.66 },
					{ "time": 4, "x": 0, "y": 0 }
				]
			},
			"p": {
				"rotate": [
					{ "time": 0, "angle": 0 },
					{ "time": 1.1333, "angle": 20.54 },
					{ "time": 4, "angle": 0 }
				],
				"translate": [
					{ "time": 0, "x": 0, "y": 0, "curve": "stepped" },
					{ "time": 4, "x": 0, "y": 0 }
				],
				"scale": [
					{ "time": 0, "x": 1, "y": 1 },
					{ "time": 1, "x": 0.693, "y": 0.693 },
					{ "time": 1.1333, "x": 2.45, "y": 1.267 },
					{ "time": 1.4, "x": 0.988, "y": 0.988 },
					{ "time": 1.6666, "x": 1.089, "y": 1.089 },
					{ "time": 1.8666, "x": 0.811, "y": 0.811 },
					{ "time": 2, "x": 0.582, "y": 0.582 },
					{ "time": 4, "x": 1, "y": 1 }
				]
			}
		},
		"drawOrder": [
			{
				"time": 0,
				"offsets": [
					{ "slot": "saber_off", "offset": -5 }
				]
			},
			{
				"time": 0.6666,
				"offsets": [
					{ "slot": "hand_l", "offset": 4 },
					{ "slot": "saber_off", "offset": 3 }
				]
			},
			{
				"time": 2.8333,
				"offsets": [
					{ "slot": "body", "offset": 1 }
				]
			}
		]
	},
	"end": {
		"slots": {
			"1": {
				"color": [
					{ "time": 0, "color": "ffffff00" },
					{ "time": 0.1666, "color": "ffffffbf" },
					{ "time": 0.2333, "color": "ffffffec" },
					{ "time": 0.5, "color": "ffffff97" },
					{ "time": 0.8333, "color": "ffffff5d" },
					{ "time": 1, "color": "ffffff00" }
				],
				"attachment": [
					{ "time": 0, "name": "1" }
				]
			},
			"2": {
				"color": [
					{ "time": 0, "color": "ffffffff" },
					{ "time": 0.8333, "color": "ffffffb7" },
					{ "time": 1, "color": "ffffff00" }
				],
				"attachment": [
					{ "time": 0, "name": "2" },
					{ "time": 0.1, "name": "3" },
					{ "time": 0.2, "name": "4" },
					{ "time": 0.3, "name": "2" },
					{ "time": 0.4, "name": "3" },
					{ "time": 0.5, "name": "4" },
					{ "time": 0.6, "name": "2" },
					{ "time": 0.7, "name": "3" },
					{ "time": 0.8, "name": "4" },
					{ "time": 0.9, "name": "2" },
					{ "time": 1, "name": "3" }
				]
			},
			"body": {
				"color": [
					{ "time": 0, "color": "ffffffff" },
					{ "time": 0.5, "color": "0000007f" },
					{ "time": 1, "color": "ffffff00" }
				]
			},
			"eye_light": {
				"color": [
					{ "time": 0, "color": "ffffff00" },
					{ "time": 0.5, "color": "0000007f" },
					{ "time": 1, "color": "ffffff00" }
				]
			},
			"hand_l": {
				"color": [
					{ "time": 0, "color": "ffffffff" },
					{ "time": 0.5, "color": "0000007f" },
					{ "time": 1, "color": "ffffff00" }
				]
			},
			"hand_r": {
				"color": [
					{ "time": 0, "color": "ffffffff" },
					{ "time": 0.5, "color": "0000007f" },
					{ "time": 1, "color": "ffffff00" }
				]
			},
			"head": {
				"color": [
					{ "time": 0, "color": "ffffffff" },
					{ "time": 0.5, "color": "0000007f" },
					{ "time": 1, "color": "ffffff00" }
				]
			},
			"leg_l": {
				"color": [
					{ "time": 0, "color": "ffffffff" },
					{ "time": 0.5, "color": "0000007f" },
					{ "time": 1, "color": "ffffff00" }
				]
			},
			"leg_r": {
				"color": [
					{ "time": 0, "color": "ffffffff" },
					{ "time": 0.5, "color": "0000007f" },
					{ "time": 1, "color": "ffffff00" }
				]
			},
			"saber_light": {
				"color": [
					{ "time": 0, "color": "ffffff00" },
					{ "time": 0.5, "color": "0000007f" },
					{ "time": 1, "color": "ffffffff" }
				]
			},
			"saber_off": {
				"color": [
					{ "time": 0, "color": "ffffff00" },
					{ "time": 0.5, "color": "0000007f" },
					{ "time": 1, "color": "ffffffff" }
				]
			},
			"saber_on": {
				"color": [
					{ "time": 0, "color": "ffffff00" },
					{ "time": 0.5, "color": "0000007f" },
					{ "time": 1, "color": "ffffffff" }
				]
			}
		},
		"bones": {
			"hand_L": {
				"rotate": [
					{ "time": 0, "angle": 0 },
					{ "time": 0.3333, "angle": 223 },
					{ "time": 0.5, "angle": -55.63 },
					{ "time": 0.6666, "angle": 230.13 },
					{ "time": 0.8333, "angle": -3.42 },
					{ "time": 1, "angle": 0 }
				],
				"translate": [
					{ "time": 0, "x": 0, "y": 0, "curve": "stepped" },
					{ "time": 1, "x": 0, "y": 0 }
				]
			},
			"LZ": {
				"rotate": [
					{ "time": 0, "angle": 0, "curve": "stepped" },
					{ "time": 1, "angle": 0 }
				],
				"translate": [
					{ "time": 0, "x": 0, "y": 0, "curve": "stepped" },
					{ "time": 1, "x": 0, "y": 0 }
				],
				"scale": [
					{ "time": 0, "x": 0.594, "y": 0.594 },
					{ "time": 0.1666, "x": 1.334, "y": 1.098 },
					{ "time": 0.3333, "x": 1.15, "y": 0.946 },
					{ "time": 0.6666, "x": 1.302, "y": 1.071 },
					{ "time": 1, "x": 1.194, "y": 0.982 }
				]
			},
			"BOXMAN": {
				"rotate": [
					{ "time": 0, "angle": 0, "curve": "stepped" },
					{ "time": 1, "angle": 0 }
				],
				"translate": [
					{ "time": 0, "x": 0, "y": 0 },
					{ "time": 0.8666, "x": 0, "y": -9.06 },
					{ "time": 1, "x": 0, "y": 114.59 }
				],
				"scale": [
					{ "time": 0, "x": 1, "y": 1 },
					{ "time": 0.8666, "x": 0.759, "y": 0.759 },
					{ "time": 1, "x": 0.807, "y": 0.143 }
				]
			},
			"TX": {
				"rotate": [
					{ "time": 0, "angle": 0, "curve": "stepped" },
					{ "time": 1, "angle": 0 }
				],
				"translate": [
					{ "time": 0, "x": 0, "y": 0, "curve": "stepped" },
					{ "time": 1, "x": 0, "y": 0 }
				],
				"scale": [
					{ "time": 0, "x": 0.034, "y": 1 },
					{ "time": 0.1666, "x": 1.115, "y": 1.536 },
					{ "time": 0.2333, "x": 0.963, "y": 0.922 },
					{ "time": 0.5, "x": 0.963, "y": 1.007 },
					{ "time": 0.8333, "x": 0.963, "y": 0.914 },
					{ "time": 1, "x": 0.963, "y": 0.99 }
				]
			},
			"body": {
				"rotate": [
					{ "time": 0, "angle": 0, "curve": "stepped" },
					{ "time": 1, "angle": 0 }
				],
				"translate": [
					{ "time": 0, "x": 0, "y": 0, "curve": "stepped" },
					{ "time": 1, "x": 0, "y": 0 }
				]
			},
			"leg_L": {
				"rotate": [
					{ "time": 0, "angle": 0 },
					{ "time": 0.3333, "angle": 12.07, "curve": "stepped" },
					{ "time": 0.6666, "angle": 12.07 },
					{ "time": 1, "angle": 0 }
				],
				"translate": [
					{ "time": 0, "x": 0, "y": 0, "curve": "stepped" },
					{ "time": 1, "x": 0, "y": 0 }
				]
			},
			"head": {
				"rotate": [
					{ "time": 0, "angle": 0 },
					{ "time": 0.3333, "angle": -11.92 },
					{ "time": 0.6666, "angle": -17.14 },
					{ "time": 1, "angle": 0 }
				],
				"translate": [
					{ "time": 0, "x": 0, "y": 0, "curve": "stepped" },
					{ "time": 1, "x": 0, "y": 0 }
				]
			},
			"leg_R": {
				"rotate": [
					{ "time": 0, "angle": 0 },
					{ "time": 0.3333, "angle": -21.86, "curve": "stepped" },
					{ "time": 0.6666, "angle": -21.86 },
					{ "time": 1, "angle": 0 }
				],
				"translate": [
					{ "time": 0, "x": 0, "y": 0, "curve": "stepped" },
					{ "time": 1, "x": 0, "y": 0 }
				]
			},
			"hand_R": {
				"rotate": [
					{ "time": 0, "angle": 0 },
					{ "time": 0.3333, "angle": -13.24 },
					{ "time": 0.6666, "angle": -7.05 },
					{ "time": 1, "angle": 0 }
				],
				"translate": [
					{ "time": 0, "x": 0, "y": 0, "curve": "stepped" },
					{ "time": 1, "x": 0, "y": 0 }
				]
			}
		}
	},
	"event_walk_quick": {
		"slots": {
			"P1": {
				"color": [
					{ "time": 0.3333, "color": "ffffff00" },
					{ "time": 1, "color": "ffffffff" }
				],
				"attachment": [
					{ "time": 0.3333, "name": "P1" },
					{ "time": 0.4333, "name": "P2" },
					{ "time": 0.5333, "name": "P3" },
					{ "time": 0.6666, "name": "P1" },
					{ "time": 0.7666, "name": "P2" },
					{ "time": 0.8666, "name": "P3" },
					{ "time": 0.9666, "name": "P1" }
				]
			},
			"eye_light": {
				"color": [
					{ "time": 0, "color": "ffffffff" },
					{ "time": 0.1333, "color": "ffffff51" },
					{ "time": 0.3, "color": "ffffffed" },
					{ "time": 0.4333, "color": "ffffff5d" },
					{ "time": 0.8, "color": "ffffff00" },
					{ "time": 0.8666, "color": "ffffffff" }
				]
			}
		},
		"bones": {
			"BOXMAN": {
				"rotate": [
					{ "time": 0, "angle": 0 },
					{ "time": 0.1333, "angle": 14.28, "curve": "stepped" },
					{ "time": 0.3333, "angle": 14.28, "curve": "stepped" },
					{ "time": 1, "angle": 14.28 }
				],
				"translate": [
					{ "time": 0, "x": 0, "y": 0, "curve": "stepped" },
					{ "time": 0.3333, "x": 0, "y": 0, "curve": "stepped" },
					{ "time": 0.8666, "x": 0, "y": 0 },
					{ "time": 1, "x": -8.77, "y": 25.07 }
				]
			},
			"p": {
				"rotate": [
					{ "time": 0, "angle": 0, "curve": "stepped" },
					{ "time": 1, "angle": 0 }
				],
				"translate": [
					{ "time": 0, "x": 0, "y": 0, "curve": "stepped" },
					{ "time": 1, "x": 0, "y": 0 }
				],
				"scale": [
					{ "time": 0.3333, "x": 1, "y": 1 },
					{ "time": 0.6666, "x": 0.773, "y": 0.773 },
					{ "time": 0.8666, "x": 0.522, "y": 0.522 },
					{ "time": 1, "x": 1.336, "y": 1.336 }
				]
			},
			"leg_R": {
				"rotate": [
					{ "time": 0, "angle": 0 },
					{ "time": 0.1333, "angle": 14.77, "curve": "stepped" },
					{ "time": 0.3333, "angle": 14.77 },
					{ "time": 0.7666, "angle": 0.84 },
					{ "time": 0.9, "angle": 49.76 },
					{ "time": 1, "angle": 14.77 }
				],
				"translate": [
					{ "time": 0, "x": 0, "y": 0, "curve": "stepped" },
					{ "time": 1, "x": 0, "y": 0 }
				]
			},
			"leg_L": {
				"rotate": [
					{ "time": 0, "angle": 0 },
					{ "time": 0.1333, "angle": 14.77, "curve": "stepped" },
					{ "time": 0.3333, "angle": 14.77 },
					{ "time": 0.7666, "angle": 0.84 },
					{ "time": 0.9, "angle": 49.76 },
					{ "time": 1, "angle": 14.77 }
				],
				"translate": [
					{ "time": 0, "x": 0, "y": 0, "curve": "stepped" },
					{ "time": 1, "x": 0, "y": 0 }
				]
			},
			"head": {
				"rotate": [
					{ "time": 0, "angle": 0 },
					{ "time": 0.1333, "angle": 6.62, "curve": "stepped" },
					{ "time": 0.3333, "angle": 6.62 },
					{ "time": 0.8666, "angle": 14.6 },
					{ "time": 1, "angle": -8.97 }
				],
				"translate": [
					{ "time": 0, "x": 0, "y": 0, "curve": "stepped" },
					{ "time": 1, "x": 0, "y": 0 }
				]
			},
			"hand_R": {
				"rotate": [
					{ "time": 0, "angle": 0 },
					{ "time": 0.1333, "angle": 31.46, "curve": "stepped" },
					{ "time": 0.3333, "angle": 31.46 },
					{ "time": 0.6666, "angle": 9.69 },
					{ "time": 0.9, "angle": 38.63 },
					{ "time": 1, "angle": 75.93 }
				],
				"translate": [
					{ "time": 0, "x": 0, "y": 0, "curve": "stepped" },
					{ "time": 1, "x": 0, "y": 0 }
				]
			},
			"hand_L": {
				"rotate": [
					{ "time": 0, "angle": 0 },
					{ "time": 0.1333, "angle": 65.32, "curve": "stepped" },
					{ "time": 0.3333, "angle": 65.32, "curve": "stepped" },
					{ "time": 1, "angle": 65.32 }
				],
				"translate": [
					{ "time": 0, "x": 0, "y": 0, "curve": "stepped" },
					{ "time": 1, "x": 0, "y": 0 }
				]
			},
			"body": {
				"rotate": [
					{ "time": 0, "angle": 0 },
					{ "time": 0.1333, "angle": 7.2, "curve": "stepped" },
					{ "time": 0.3333, "angle": 7.2, "curve": "stepped" },
					{ "time": 1, "angle": 7.2 }
				],
				"translate": [
					{ "time": 0, "x": 0, "y": 0, "curve": "stepped" },
					{ "time": 1, "x": 0, "y": 0 }
				]
			}
		}
	},
	"event_walk_slow": {
		"slots": {
			"eye_light": {
				"color": [
					{ "time": 0.1666, "color": "ffffffbe" },
					{ "time": 0.3333, "color": "ffffffff" }
				]
			}
		},
		"bones": {
			"BOXMAN": {
				"rotate": [
					{ "time": 0, "angle": 0 },
					{ "time": 0.5, "angle": -8.39 },
					{ "time": 1, "angle": 0 }
				],
				"translate": [
					{ "time": 0, "x": 0, "y": 0 },
					{ "time": 0.5, "x": -3.82, "y": 1.27 },
					{ "time": 1, "x": 0, "y": -3.4 }
				]
			},
			"leg_R": {
				"rotate": [
					{ "time": 0, "angle": 0 },
					{
						"time": 0.5,
						"angle": 12.17,
						"curve": [ 0.816, 0, 0.045, 0.99 ]
					},
					{ "time": 1, "angle": -74.29 }
				],
				"translate": [
					{ "time": 0, "x": 0, "y": 0 },
					{
						"time": 0.5,
						"x": -2.25,
						"y": -3.04,
						"curve": [ 0.816, 0, 0.045, 0.99 ]
					},
					{ "time": 0.7666, "x": -2.15, "y": 1.93 },
					{ "time": 1, "x": -5.69, "y": -2.58 }
				]
			},
			"leg_L": {
				"rotate": [
					{ "time": 0, "angle": 0 },
					{
						"time": 0.5,
						"angle": -32.72,
						"curve": [ 0.816, 0, 0.045, 0.99 ]
					},
					{ "time": 1, "angle": 47.66 }
				],
				"translate": [
					{ "time": 0, "x": 0, "y": 0 },
					{ "time": 0.2666, "x": -3.82, "y": 2.33 },
					{
						"time": 0.5,
						"x": -7.54,
						"y": -4.46,
						"curve": [ 1.085, 0, 0.794, 0.58 ]
					},
					{ "time": 1, "x": 0.92, "y": 2.16 }
				]
			},
			"head": {
				"rotate": [
					{ "time": 0, "angle": 0 },
					{
						"time": 0.5,
						"angle": -15.49,
						"curve": [ 0.501, 0, 0.807, 0.38 ]
					},
					{
						"time": 0.6,
						"angle": -22.13,
						"curve": [ 0.372, 0.28, -0.133, 0.99 ]
					},
					{ "time": 1, "angle": 4.77 }
				],
				"translate": [
					{ "time": 0, "x": 0, "y": 0 },
					{
						"time": 0.5,
						"x": -3.39,
						"y": -0.91,
						"curve": [ 0.816, 0, 0.045, 0.99 ]
					},
					{ "time": 1, "x": -2.97, "y": -0.85 }
				]
			},
			"hand_R": {
				"rotate": [
					{ "time": 0, "angle": 0 },
					{
						"time": 0.5,
						"angle": 40.64,
						"curve": [ 0.816, 0, 0.045, 0.99 ]
					},
					{ "time": 1, "angle": -74.29 }
				],
				"translate": [
					{ "time": 0, "x": 0, "y": 0 },
					{ "time": 0.5, "x": -2.45, "y": -5.91 },
					{ "time": 1, "x": 0, "y": 0 }
				]
			},
			"hand_L": {
				"rotate": [
					{ "time": 0, "angle": 0 },
					{
						"time": 0.5,
						"angle": -54.38,
						"curve": [ 0.816, 0, 0.045, 0.99 ]
					},
					{ "time": 1, "angle": 43.28 }
				],
				"translate": [
					{ "time": 0, "x": 0, "y": 0, "curve": "stepped" },
					{ "time": 1, "x": 0, "y": 0 }
				]
			},
			"body": {
				"rotate": [
					{ "time": 0, "angle": 0 },
					{
						"time": 0.5,
						"angle": -3.89,
						"curve": [ 0.816, 0, 0.045, 0.99 ]
					},
					{ "time": 1, "angle": 5.44 }
				],
				"translate": [
					{ "time": 0, "x": 0, "y": 0 },
					{ "time": 1, "x": -3.82, "y": -2.12 }
				]
			},
			"TX": {
				"rotate": [
					{ "time": 0, "angle": 0, "curve": "stepped" },
					{ "time": 1, "angle": 0 }
				],
				"translate": [
					{ "time": 0, "x": 0, "y": 0, "curve": "stepped" },
					{ "time": 1, "x": 0, "y": 0 }
				]
			}
		}
	},
	"stand": {
		"slots": {
			"eye_light": {
				"color": [
					{ "time": 0, "color": "ffffffff" },
					{ "time": 0.5, "color": "ffffffbe" },
					{ "time": 1, "color": "ffffffff" },
					{ "time": 1.5, "color": "ffffffb5" },
					{ "time": 2, "color": "ffffffff" }
				]
			}
		},
		"bones": {
			"BOXMAN": {
				"rotate": [
					{ "time": 0, "angle": 0, "curve": "stepped" },
					{ "time": 2, "angle": 0 }
				],
				"translate": [
					{ "time": 0, "x": 0, "y": 0, "curve": "stepped" },
					{ "time": 2, "x": 0, "y": 0 }
				]
			},
			"leg_R": {
				"rotate": [
					{ "time": 0, "angle": 0, "curve": "stepped" },
					{ "time": 2, "angle": 0 }
				],
				"translate": [
					{ "time": 0, "x": 0, "y": 0, "curve": "stepped" },
					{ "time": 2, "x": 0, "y": 0 }
				]
			},
			"leg_L": {
				"rotate": [
					{ "time": 0, "angle": 0, "curve": "stepped" },
					{ "time": 2, "angle": 0 }
				],
				"translate": [
					{ "time": 0, "x": 0, "y": 0, "curve": "stepped" },
					{ "time": 2, "x": 0, "y": 0 }
				]
			},
			"head": {
				"rotate": [
					{ "time": 0, "angle": 0 },
					{
						"time": 0.5,
						"angle": 6.08,
						"curve": [ 0.802, 0, 0.116, 0.99 ]
					},
					{ "time": 1, "angle": 0 },
					{
						"time": 1.5,
						"angle": -7.09,
						"curve": [ 0.869, 0, 0.073, 1 ]
					},
					{ "time": 2, "angle": 0 }
				],
				"translate": [
					{ "time": 0, "x": 0, "y": 0, "curve": "stepped" },
					{ "time": 1, "x": 0, "y": 0, "curve": "stepped" },
					{ "time": 2, "x": 0, "y": 0 }
				]
			},
			"hand_R": {
				"rotate": [
					{ "time": 0, "angle": 0 },
					{
						"time": 0.5,
						"angle": 21.92,
						"curve": [ 0.821, 0, 0.078, 0.99 ]
					},
					{ "time": 1, "angle": 0 },
					{
						"time": 1.5,
						"angle": -24.86,
						"curve": [ 0.75, 0, 0.121, 0.99 ]
					},
					{ "time": 2, "angle": 0 }
				],
				"translate": [
					{ "time": 0, "x": 0, "y": 0, "curve": "stepped" },
					{ "time": 1, "x": 0, "y": 0, "curve": "stepped" },
					{ "time": 2, "x": 0, "y": 0 }
				]
			},
			"hand_L": {
				"rotate": [
					{ "time": 0, "angle": 0 },
					{
						"time": 0.5,
						"angle": -24.86,
						"curve": [ 0.821, 0, 0.078, 0.99 ]
					},
					{ "time": 1, "angle": 0 },
					{
						"time": 1.5,
						"angle": 21.92,
						"curve": [ 0.75, 0, 0.121, 0.99 ]
					},
					{ "time": 2, "angle": 0 }
				],
				"translate": [
					{ "time": 0, "x": 0, "y": 0, "curve": "stepped" },
					{ "time": 1, "x": 0, "y": 0, "curve": "stepped" },
					{ "time": 2, "x": 0, "y": 0 }
				]
			},
			"body": {
				"rotate": [
					{ "time": 0, "angle": 0, "curve": "stepped" },
					{ "time": 2, "angle": 0 }
				],
				"translate": [
					{ "time": 0, "x": 0, "y": 0, "curve": "stepped" },
					{ "time": 2, "x": 0, "y": 0 }
				]
			}
		}
	},
	"start": {
		"slots": {
			"1": {
				"color": [
					{ "time": 0, "color": "ffffff00" },
					{ "time": 0.1666, "color": "ffffffbf" },
					{ "time": 0.2333, "color": "ffffffec" },
					{ "time": 0.5, "color": "ffffff97" },
					{ "time": 0.8333, "color": "ffffff5d" },
					{ "time": 1, "color": "ffffff00" }
				],
				"attachment": [
					{ "time": 0, "name": "1" }
				]
			},
			"2": {
				"color": [
					{ "time": 0, "color": "ffffffff" },
					{ "time": 0.8333, "color": "ffffffb7" },
					{ "time": 1, "color": "ffffff00" }
				],
				"attachment": [
					{ "time": 0, "name": "2" },
					{ "time": 0.1, "name": "3" },
					{ "time": 0.2, "name": "4" },
					{ "time": 0.3, "name": "2" },
					{ "time": 0.4, "name": "3" },
					{ "time": 0.5, "name": "4" },
					{ "time": 0.6, "name": "2" },
					{ "time": 0.7, "name": "3" },
					{ "time": 0.8, "name": "4" },
					{ "time": 0.9, "name": "2" },
					{ "time": 1, "name": "3" }
				]
			},
			"body": {
				"color": [
					{ "time": 0, "color": "ffffff00" },
					{ "time": 0.5, "color": "0000007f" },
					{ "time": 1, "color": "ffffffff" }
				]
			},
			"eye_light": {
				"color": [
					{ "time": 0, "color": "ffffff00" },
					{ "time": 0.5, "color": "0000007f" },
					{ "time": 1, "color": "ffffff00", "curve": "stepped" },
					{ "time": 1.3333, "color": "ffffff00" },
					{ "time": 1.4, "color": "ffffffff" }
				]
			},
			"hand_l": {
				"color": [
					{ "time": 0, "color": "ffffff00" },
					{ "time": 0.5, "color": "0000007f" },
					{ "time": 1, "color": "ffffffff" }
				]
			},
			"hand_r": {
				"color": [
					{ "time": 0, "color": "ffffff00" },
					{ "time": 0.5, "color": "0000007f" },
					{ "time": 1, "color": "ffffffff" }
				]
			},
			"head": {
				"color": [
					{ "time": 0, "color": "ffffff00" },
					{ "time": 0.5, "color": "0000007f" },
					{ "time": 1, "color": "ffffffff" }
				]
			},
			"leg_l": {
				"color": [
					{ "time": 0, "color": "ffffff00" },
					{ "time": 0.5, "color": "0000007f" },
					{ "time": 1, "color": "ffffffff" }
				]
			},
			"leg_r": {
				"color": [
					{ "time": 0, "color": "ffffff00" },
					{ "time": 0.5, "color": "0000007f" },
					{ "time": 1, "color": "ffffffff" }
				]
			},
			"saber_light": {
				"color": [
					{ "time": 0, "color": "ffffff00" },
					{ "time": 0.5, "color": "0000007f" },
					{ "time": 1, "color": "ffffffff" }
				]
			},
			"saber_off": {
				"color": [
					{ "time": 0, "color": "ffffff00" },
					{ "time": 0.5, "color": "0000007f" },
					{ "time": 1, "color": "ffffffff" }
				]
			},
			"saber_on": {
				"color": [
					{ "time": 0, "color": "ffffff00" },
					{ "time": 0.5, "color": "0000007f" },
					{ "time": 1, "color": "ffffffff" }
				]
			}
		},
		"bones": {
			"BOXMAN": {
				"rotate": [
					{ "time": 0, "angle": 0, "curve": "stepped" },
					{ "time": 1, "angle": 0 }
				],
				"translate": [
					{ "time": 0, "x": 0, "y": 114.59 },
					{ "time": 0.1666, "x": 0, "y": -9.06 },
					{ "time": 1, "x": 0, "y": 0 }
				],
				"scale": [
					{ "time": 0, "x": 0.807, "y": 0.143 },
					{ "time": 0.1666, "x": 0.759, "y": 0.759 },
					{ "time": 1, "x": 1, "y": 1 }
				]
			},
			"leg_R": {
				"rotate": [
					{ "time": 0, "angle": 0 },
					{ "time": 0.3333, "angle": -21.86, "curve": "stepped" },
					{ "time": 0.6666, "angle": -21.86 },
					{ "time": 1, "angle": 0 }
				],
				"translate": [
					{ "time": 0, "x": 0, "y": 0, "curve": "stepped" },
					{ "time": 1, "x": 0, "y": 0 }
				]
			},
			"leg_L": {
				"rotate": [
					{ "time": 0, "angle": 0 },
					{ "time": 0.3333, "angle": 12.07, "curve": "stepped" },
					{ "time": 0.6666, "angle": 12.07 },
					{ "time": 1, "angle": 0 }
				],
				"translate": [
					{ "time": 0, "x": 0, "y": 0, "curve": "stepped" },
					{ "time": 1, "x": 0, "y": 0 }
				]
			},
			"head": {
				"rotate": [
					{ "time": 0, "angle": 0 },
					{ "time": 0.3333, "angle": 8.52 },
					{ "time": 0.6666, "angle": 6.72 },
					{ "time": 1, "angle": 0 }
				],
				"translate": [
					{ "time": 0, "x": 0, "y": 0, "curve": "stepped" },
					{ "time": 1, "x": 0, "y": 0 }
				]
			},
			"hand_R": {
				"rotate": [
					{ "time": 0, "angle": 0 },
					{ "time": 0.3333, "angle": 116.72, "curve": "stepped" },
					{ "time": 0.6666, "angle": 116.72 },
					{ "time": 1, "angle": 0 }
				],
				"translate": [
					{ "time": 0, "x": 0, "y": 0, "curve": "stepped" },
					{ "time": 1, "x": 0, "y": 0 }
				]
			},
			"hand_L": {
				"rotate": [
					{ "time": 0, "angle": 0 },
					{ "time": 0.3333, "angle": 249.83, "curve": "stepped" },
					{ "time": 0.6666, "angle": 249.83 },
					{ "time": 1, "angle": 0 }
				],
				"translate": [
					{ "time": 0, "x": 0, "y": 0, "curve": "stepped" },
					{ "time": 1, "x": 0, "y": 0 }
				]
			},
			"body": {
				"rotate": [
					{ "time": 0, "angle": 0, "curve": "stepped" },
					{ "time": 1, "angle": 0 }
				],
				"translate": [
					{ "time": 0, "x": 0, "y": 0, "curve": "stepped" },
					{ "time": 1, "x": 0, "y": 0 }
				]
			},
			"TX": {
				"rotate": [
					{ "time": 0, "angle": 0, "curve": "stepped" },
					{ "time": 1, "angle": 0 }
				],
				"translate": [
					{ "time": 0, "x": 0, "y": 0, "curve": "stepped" },
					{ "time": 1, "x": 0, "y": 0 }
				],
				"scale": [
					{ "time": 0, "x": 0.034, "y": 1 },
					{ "time": 0.1666, "x": 1.115, "y": 1.536 },
					{ "time": 0.2333, "x": 0.963, "y": 0.922 },
					{ "time": 0.5, "x": 0.963, "y": 1.007 },
					{ "time": 0.8333, "x": 0.963, "y": 0.914 },
					{ "time": 1, "x": 0.963, "y": 0.99 }
				]
			},
			"LZ": {
				"rotate": [
					{ "time": 0, "angle": 0, "curve": "stepped" },
					{ "time": 1, "angle": 0 }
				],
				"translate": [
					{ "time": 0, "x": 0, "y": 0, "curve": "stepped" },
					{ "time": 1, "x": 0, "y": 0 }
				],
				"scale": [
					{ "time": 0, "x": 0.594, "y": 0.594 },
					{ "time": 0.1666, "x": 1.334, "y": 1.098 },
					{ "time": 0.3333, "x": 1.15, "y": 0.946 },
					{ "time": 0.6666, "x": 1.302, "y": 1.071 },
					{ "time": 1, "x": 1.194, "y": 0.982 }
				]
			}
		}
	},
	"walk_quick": {
		"slots": {
			"P1": {
				"color": [
					{ "time": 0, "color": "ffffffff" },
					{ "time": 0.2, "color": "ffffffa3" },
					{ "time": 0.4333, "color": "fffffff2" },
					{ "time": 0.6666, "color": "ffffff99" },
					{ "time": 0.8666, "color": "ffffffff", "curve": "stepped" },
					{ "time": 1, "color": "ffffffff" }
				],
				"attachment": [
					{ "time": 0, "name": "P1" },
					{ "time": 0.1, "name": "P2" },
					{ "time": 0.2, "name": "P3" },
					{ "time": 0.3, "name": "P1" },
					{ "time": 0.4, "name": "P2" },
					{ "time": 0.5, "name": "P3" },
					{ "time": 0.6, "name": "P1" },
					{ "time": 0.7, "name": "P2" },
					{ "time": 0.8, "name": "P3" },
					{ "time": 0.9, "name": "P2" },
					{ "time": 1, "name": "P1" }
				]
			},
			"eye_light": {
				"color": [
					{ "time": 0, "color": "ffffffff" },
					{ "time": 0.2, "color": "ffffffae" },
					{ "time": 0.5, "color": "ffffffea" },
					{ "time": 0.8, "color": "ffffffa8" },
					{ "time": 1, "color": "ffffffff" }
				]
			}
		},
		"bones": {
			"BOXMAN": {
				"rotate": [
					{ "time": 0, "angle": 14.28, "curve": "stepped" },
					{ "time": 1, "angle": 14.28 }
				],
				"translate": [
					{ "time": 0, "x": -8.77, "y": 25.07 },
					{ "time": 0.1333, "x": -11.9, "y": 25.07 },
					{ "time": 0.2666, "x": -8.29, "y": 25.07 },
					{ "time": 0.4, "x": -11.9, "y": 25.07 },
					{ "time": 0.5333, "x": -8.29, "y": 25.07 },
					{ "time": 0.6666, "x": -11.9, "y": 25.07 },
					{ "time": 0.8, "x": -8.29, "y": 25.07 },
					{ "time": 0.9, "x": -11.9, "y": 25.07 },
					{ "time": 1, "x": -8.77, "y": 25.07 }
				]
			},
			"hand_L": {
				"rotate": [
					{ "time": 0, "angle": 65.32 },
					{ "time": 0.1333, "angle": 92.53 },
					{ "time": 0.2666, "angle": 29.73 },
					{ "time": 0.4, "angle": 92.53 },
					{ "time": 0.5333, "angle": 29.73 },
					{ "time": 0.6666, "angle": 92.53 },
					{ "time": 0.8, "angle": 29.73 },
					{ "time": 0.9333, "angle": 92.53 },
					{ "time": 1, "angle": 65.32 }
				],
				"translate": [
					{ "time": 0, "x": 0, "y": 0, "curve": "stepped" },
					{ "time": 1, "x": 0, "y": 0 }
				]
			},
			"leg_L": {
				"rotate": [
					{ "time": 0, "angle": 14.77 },
					{ "time": 0.1333, "angle": 38.91 },
					{ "time": 0.2666, "angle": 20.96 },
					{ "time": 0.4, "angle": 42.58 },
					{ "time": 0.5333, "angle": 21.74 },
					{ "time": 0.6666, "angle": 39.76 },
					{ "time": 0.8, "angle": 12.48 },
					{ "time": 0.9333, "angle": 30.32 },
					{ "time": 1, "angle": 14.77 }
				],
				"translate": [
					{ "time": 0, "x": 0, "y": 0, "curve": "stepped" },
					{ "time": 1, "x": 0, "y": 0 }
				]
			},
			"leg_R": {
				"rotate": [
					{ "time": 0, "angle": 14.77 },
					{ "time": 0.1333, "angle": 38.91 },
					{ "time": 0.2666, "angle": 20.96 },
					{ "time": 0.4, "angle": 42.58 },
					{ "time": 0.5333, "angle": 21.74 },
					{ "time": 0.6666, "angle": 39.76 },
					{ "time": 0.8, "angle": 12.48 },
					{ "time": 0.9333, "angle": 30.32 },
					{ "time": 1, "angle": 14.77 }
				],
				"translate": [
					{ "time": 0, "x": 0, "y": 0, "curve": "stepped" },
					{ "time": 1, "x": 0, "y": 0 }
				]
			},
			"p": {
				"rotate": [
					{ "time": 0, "angle": 0 },
					{ "time": 0.2, "angle": 17.23 },
					{ "time": 0.3333, "angle": 1.49 },
					{ "time": 0.5, "angle": 10.77 },
					{ "time": 0.6666, "angle": -1.19 },
					{ "time": 0.8333, "angle": 6.22 },
					{ "time": 1, "angle": 0 }
				],
				"translate": [
					{ "time": 0, "x": 0, "y": 0, "curve": "stepped" },
					{ "time": 1, "x": 0, "y": 0 }
				],
				"scale": [
					{ "time": 0, "x": 1.336, "y": 1.336 },
					{ "time": 0.2, "x": 1.183, "y": 1.183 },
					{ "time": 0.3333, "x": 1.479, "y": 1.479 },
					{ "time": 0.5, "x": 1.324, "y": 1.324 },
					{ "time": 0.6666, "x": 1.507, "y": 1.507 },
					{ "time": 0.8333, "x": 1.329, "y": 1.329 },
					{ "time": 1, "x": 1.336, "y": 1.336 }
				]
			},
			"body": {
				"rotate": [
					{ "time": 0, "angle": 7.2, "curve": "stepped" },
					{ "time": 1, "angle": 7.2 }
				],
				"translate": [
					{ "time": 0, "x": 0, "y": 0, "curve": "stepped" },
					{ "time": 1, "x": 0, "y": 0 }
				]
			},
			"head": {
				"rotate": [
					{
						"time": 0,
						"angle": -8.97,
						"curve": [ 0.74, 0, 0.097, 1 ]
					},
					{
						"time": 0.2,
						"angle": -15.25,
						"curve": [ 0.788, 0, 0, 0.99 ]
					},
					{
						"time": 0.4,
						"angle": -6.66,
						"curve": [ 0.788, 0, 0, 0.99 ]
					},
					{
						"time": 0.6,
						"angle": -13.31,
						"curve": [ 0.788, 0, 0, 0.99 ]
					},
					{
						"time": 0.8,
						"angle": -2.77,
						"curve": [ 0.788, 0, 0, 0.99 ]
					},
					{ "time": 1, "angle": -8.97 }
				],
				"translate": [
					{ "time": 0, "x": 0, "y": 0 },
					{ "time": 0.2, "x": -1.21, "y": 0.3 },
					{ "time": 0.3333, "x": 2.63, "y": -0.67 },
					{ "time": 0.4666, "x": -0.93, "y": 0.23 },
					{ "time": 0.6, "x": 0.51, "y": -0.13 },
					{ "time": 0.7333, "x": -1.47, "y": 0.37 },
					{ "time": 0.9, "x": 0.66, "y": -0.16 },
					{ "time": 1, "x": 0, "y": 0 }
				]
			},
			"hand_R": {
				"rotate": [
					{ "time": 0, "angle": 75.93 },
					{ "time": 0.1333, "angle": 103.15 },
					{ "time": 0.2666, "angle": 40.35 },
					{ "time": 0.4, "angle": 103.15 },
					{ "time": 0.5333, "angle": 40.35 },
					{ "time": 0.6666, "angle": 103.15 },
					{ "time": 0.8, "angle": 40.35 },
					{ "time": 0.9333, "angle": 103.15 },
					{ "time": 1, "angle": 75.93 }
				],
				"translate": [
					{ "time": 0, "x": 0, "y": 0, "curve": "stepped" },
					{ "time": 1, "x": 0, "y": 0 }
				]
			}
		}
	},
	"walk_quick_stop": {
		"slots": {
			"P1": {
				"color": [
					{ "time": 0, "color": "ffffffff" },
					{ "time": 0.2, "color": "ffffffa3" },
					{ "time": 0.3, "color": "ffffffbb" },
					{ "time": 0.3333, "color": "ffffff00" },
					{ "time": 0.4, "color": "ffffffff", "curve": "stepped" },
					{ "time": 0.4666, "color": "ffffffff" },
					{ "time": 0.5, "color": "ffffff00" },
					{ "time": 0.6666, "color": "ffffffc8" },
					{ "time": 0.7333, "color": "ffffff75" },
					{ "time": 0.8333, "color": "ffffff12" },
					{ "time": 0.9, "color": "ffffff65" },
					{ "time": 1, "color": "ffffff00" }
				],
				"attachment": [
					{ "time": 0, "name": "P1" },
					{ "time": 0.1, "name": "P2" },
					{ "time": 0.2, "name": "P3" },
					{ "time": 0.3, "name": "P1" },
					{ "time": 0.4, "name": "P2" },
					{ "time": 0.5, "name": "P3" },
					{ "time": 0.6, "name": "P1" },
					{ "time": 0.7, "name": "P2" },
					{ "time": 0.8, "name": "P3" },
					{ "time": 0.9, "name": "P2" },
					{ "time": 1, "name": "P1" }
				]
			},
			"eye_light": {
				"color": [
					{ "time": 0, "color": "ffffffff" },
					{ "time": 0.2, "color": "ffffffae" },
					{ "time": 0.5, "color": "ffffffea" },
					{ "time": 0.8, "color": "ffffffa8" },
					{ "time": 0.9, "color": "ffffff00", "curve": "stepped" },
					{ "time": 1, "color": "ffffff00", "curve": "stepped" },
					{ "time": 1.3333, "color": "ffffff00" },
					{ "time": 1.4, "color": "ffffff8e" },
					{ "time": 1.4666, "color": "ffffff2c" },
					{ "time": 1.5333, "color": "ffffffff" }
				]
			}
		},
		"bones": {
			"BOXMAN": {
				"rotate": [
					{ "time": 0, "angle": 14.28, "curve": "stepped" },
					{ "time": 1, "angle": 14.28 },
					{ "time": 1.1, "angle": 83.37, "curve": "stepped" },
					{ "time": 1.6, "angle": 83.37 },
					{ "time": 1.8, "angle": -2.83 },
					{ "time": 2.3333, "angle": 0 }
				],
				"translate": [
					{ "time": 0, "x": -8.77, "y": 25.07 },
					{ "time": 0.1333, "x": -21.31, "y": 30.08 },
					{ "time": 0.2666, "x": -3.9, "y": 15.04 },
					{ "time": 0.4, "x": -20.68, "y": 31.34 },
					{ "time": 0.5333, "x": 5.49, "y": 4.38 },
					{ "time": 0.6666, "x": -19.43, "y": 30.08 },
					{ "time": 0.8, "x": -7.66, "y": 6.89 },
					{ "time": 0.9, "x": -17.55, "y": 28.83 },
					{ "time": 1, "x": -0.62, "y": 16.29 },
					{ "time": 1.1, "x": 30.21, "y": -25.82, "curve": "stepped" },
					{ "time": 1.6, "x": 30.21, "y": -25.82 },
					{ "time": 1.8, "x": 21.97, "y": -21.91 },
					{ "time": 2, "x": 13.73, "y": -21.84 },
					{ "time": 2.3333, "x": 0, "y": 0 }
				],
				"scale": [
					{ "time": 2.3333, "x": 1, "y": 1 }
				]
			},
			"p": {
				"rotate": [
					{ "time": 0, "angle": 0 },
					{ "time": 0.2, "angle": 17.23 },
					{ "time": 0.3333, "angle": 1.49 },
					{ "time": 0.5, "angle": 10.77 },
					{ "time": 0.6666, "angle": -1.19 },
					{ "time": 0.8333, "angle": 6.22 },
					{ "time": 1, "angle": 0, "curve": "stepped" },
					{ "time": 2.3333, "angle": 0 }
				],
				"translate": [
					{ "time": 0, "x": 0, "y": 0, "curve": "stepped" },
					{ "time": 1, "x": 0, "y": 0, "curve": "stepped" },
					{ "time": 2.3333, "x": 0, "y": 0 }
				],
				"scale": [
					{ "time": 0, "x": 1.336, "y": 1.336 },
					{ "time": 0.2, "x": 1.183, "y": 1.183 },
					{ "time": 0.3333, "x": 1.479, "y": 1.479 },
					{ "time": 0.5, "x": 1.324, "y": 1.324 },
					{ "time": 0.6666, "x": 0.809, "y": 0.499, "curve": "stepped" },
					{ "time": 0.8333, "x": 0.809, "y": 0.499, "curve": "stepped" },
					{ "time": 0.9, "x": 0.809, "y": 0.499, "curve": "stepped" },
					{ "time": 1, "x": 0.809, "y": 0.499 },
					{ "time": 2.3333, "x": 1, "y": 1 }
				]
			},
			"leg_R": {
				"rotate": [
					{ "time": 0, "angle": 14.77 },
					{ "time": 0.1333, "angle": 38.91 },
					{ "time": 0.2666, "angle": 20.96 },
					{ "time": 0.4, "angle": 42.58 },
					{ "time": 0.5333, "angle": 21.74 },
					{ "time": 0.6666, "angle": 39.76 },
					{ "time": 0.8, "angle": 12.48 },
					{ "time": 0.9333, "angle": 30.32 },
					{ "time": 1, "angle": 14.77 },
					{ "time": 1.1333, "angle": 68.25 },
					{ "time": 1.2666, "angle": -30.83 },
					{ "time": 1.4666, "angle": -19.93 },
					{ "time": 1.6, "angle": -12.67 },
					{ "time": 2, "angle": -19.38 },
					{ "time": 2.3333, "angle": 0 }
				],
				"translate": [
					{ "time": 0, "x": 0, "y": 0, "curve": "stepped" },
					{ "time": 1, "x": 0, "y": 0, "curve": "stepped" },
					{ "time": 1.4666, "x": 0, "y": 0 },
					{ "time": 1.6, "x": -3.9, "y": 33.62 },
					{ "time": 2, "x": -2.04, "y": 24.05 },
					{ "time": 2.3333, "x": 0, "y": 0 }
				],
				"scale": [
					{ "time": 2.3333, "x": 1, "y": 1 }
				]
			},
			"leg_L": {
				"rotate": [
					{ "time": 0, "angle": 14.77 },
					{ "time": 0.1333, "angle": 38.91 },
					{ "time": 0.2666, "angle": 20.96 },
					{ "time": 0.4, "angle": 42.58 },
					{ "time": 0.5333, "angle": 21.74 },
					{ "time": 0.6666, "angle": 39.76 },
					{ "time": 0.8, "angle": 12.48 },
					{ "time": 0.9333, "angle": 30.32 },
					{ "time": 1, "angle": 14.77 },
					{ "time": 1.1333, "angle": 59.62 },
					{ "time": 1.2666, "angle": 29.31 },
					{ "time": 1.4666, "angle": 22.22 },
					{ "time": 1.6, "angle": 17.5 },
					{ "time": 1.8, "angle": 15.12 },
					{ "time": 2, "angle": 9.91 },
					{ "time": 2.3333, "angle": 0 }
				],
				"translate": [
					{ "time": 0, "x": 0, "y": 0, "curve": "stepped" },
					{ "time": 1, "x": 0, "y": 0, "curve": "stepped" },
					{ "time": 1.4666, "x": 0, "y": 0 },
					{ "time": 1.6, "x": -3.9, "y": 33.62 },
					{ "time": 2, "x": -2.04, "y": 24.05 },
					{ "time": 2.3333, "x": 0, "y": 0 }
				],
				"scale": [
					{ "time": 2.3333, "x": 1, "y": 1 }
				]
			},
			"head": {
				"rotate": [
					{
						"time": 0,
						"angle": -8.97,
						"curve": [ 0.74, 0, 0.097, 1 ]
					},
					{
						"time": 0.2,
						"angle": -15.25,
						"curve": [ 0.788, 0, 0, 0.99 ]
					},
					{
						"time": 0.4,
						"angle": -6.66,
						"curve": [ 0.788, 0, 0, 0.99 ]
					},
					{
						"time": 0.6,
						"angle": -13.31,
						"curve": [ 0.788, 0, 0, 0.99 ]
					},
					{
						"time": 0.8,
						"angle": -2.77,
						"curve": [ 0.788, 0, 0, 0.99 ]
					},
					{ "time": 1, "angle": -8.97 },
					{ "time": 1.1333, "angle": -23.99 },
					{ "time": 1.6666, "angle": 2.78 },
					{ "time": 1.8, "angle": -8.12 },
					{ "time": 1.9333, "angle": 3.05 },
					{ "time": 2.3333, "angle": 0 }
				],
				"translate": [
					{ "time": 0, "x": 0, "y": 0 },
					{ "time": 0.2, "x": -1.21, "y": 0.3 },
					{ "time": 0.3333, "x": 2.63, "y": -0.67 },
					{ "time": 0.4666, "x": -0.93, "y": 0.23 },
					{ "time": 0.6, "x": 0.51, "y": -0.13 },
					{ "time": 0.7333, "x": -1.47, "y": 0.37 },
					{ "time": 0.9, "x": 0.66, "y": -0.16 },
					{ "time": 1, "x": 0, "y": 0, "curve": "stepped" },
					{ "time": 2.3333, "x": 0, "y": 0 }
				],
				"scale": [
					{ "time": 2.3333, "x": 1, "y": 1 }
				]
			},
			"hand_R": {
				"rotate": [
					{ "time": 0, "angle": 75.93 },
					{ "time": 0.1333, "angle": 103.15 },
					{ "time": 0.2666, "angle": 40.35 },
					{ "time": 0.4, "angle": 103.15 },
					{ "time": 0.5333, "angle": 40.35 },
					{ "time": 0.6666, "angle": 103.15 },
					{ "time": 0.8, "angle": 40.35 },
					{ "time": 0.9333, "angle": 103.15 },
					{ "time": 1, "angle": 75.93 },
					{ "time": 1.1333, "angle": 234 },
					{ "time": 1.6666, "angle": -96.55 },
					{ "time": 1.8, "angle": -6.01 },
					{ "time": 2.3333, "angle": 0 }
				],
				"translate": [
					{ "time": 0, "x": 0, "y": 0, "curve": "stepped" },
					{ "time": 1, "x": 0, "y": 0 },
					{ "time": 1.1333, "x": -6.26, "y": -4.25 },
					{ "time": 2.3333, "x": 0, "y": 0 }
				],
				"scale": [
					{ "time": 2.3333, "x": 1, "y": 1 }
				]
			},
			"hand_L": {
				"rotate": [
					{ "time": 0, "angle": 65.32 },
					{ "time": 0.1333, "angle": 92.53 },
					{ "time": 0.2666, "angle": 29.73 },
					{ "time": 0.4, "angle": 92.53 },
					{ "time": 0.5333, "angle": 29.73 },
					{ "time": 0.6666, "angle": 92.53 },
					{ "time": 0.8, "angle": 29.73 },
					{ "time": 0.9333, "angle": 230.51 },
					{ "time": 1, "angle": 273.82 },
					{ "time": 1.1333, "angle": 244.88 },
					{ "time": 1.6666, "angle": 302.84 },
					{ "time": 1.8, "angle": 22.85 },
					{ "time": 2.3333, "angle": 0 }
				],
				"translate": [
					{ "time": 0, "x": 0, "y": 0, "curve": "stepped" },
					{ "time": 1, "x": 0, "y": 0, "curve": "stepped" },
					{ "time": 2.3333, "x": 0, "y": 0 }
				],
				"scale": [
					{ "time": 2.3333, "x": 1, "y": 1 }
				]
			},
			"body": {
				"rotate": [
					{ "time": 0, "angle": 7.2, "curve": "stepped" },
					{ "time": 1, "angle": 7.2 },
					{ "time": 2.3333, "angle": 0 }
				],
				"translate": [
					{ "time": 0, "x": 0, "y": 0, "curve": "stepped" },
					{ "time": 1, "x": 0, "y": 0, "curve": "stepped" },
					{ "time": 2.3333, "x": 0, "y": 0 }
				],
				"scale": [
					{ "time": 2.3333, "x": 1, "y": 1 }
				]
			}
		}
	},
	"walk_slow": {
		"slots": {
			"eye_light": {
				"color": [
					{ "time": 0, "color": "ffffffff" },
					{ "time": 0.5, "color": "ffffffb2" },
					{ "time": 1, "color": "ffffffff" },
					{ "time": 1.5, "color": "ffffffd3" },
					{ "time": 2, "color": "ffffffff" }
				]
			}
		},
		"bones": {
			"root": {
				"rotate": [
					{ "time": 0, "angle": 0, "curve": "stepped" },
					{ "time": 2, "angle": 0 }
				],
				"translate": [
					{ "time": 0, "x": 0, "y": 0, "curve": "stepped" },
					{ "time": 2, "x": 0, "y": 0 }
				]
			},
			"leg_R": {
				"rotate": [
					{ "time": 0, "angle": -58.81 },
					{
						"time": 0.5,
						"angle": 12.17,
						"curve": [ 0.816, 0, 0.045, 0.99 ]
					},
					{
						"time": 1,
						"angle": -74.29,
						"curve": [ 0.778, 0, 0.078, 1 ]
					},
					{
						"time": 1.5,
						"angle": 12.17,
						"curve": [ 0.764, 0, 0.073, 0.99 ]
					},
					{ "time": 2, "angle": -58.81 }
				],
				"translate": [
					{ "time": 0, "x": -2.75, "y": -1.35 },
					{
						"time": 0.5,
						"x": -2.25,
						"y": -3.04,
						"curve": [ 0.816, 0, 0.045, 0.99 ]
					},
					{ "time": 0.7666, "x": -2.15, "y": 1.93 },
					{
						"time": 1,
						"x": -5.69,
						"y": -2.58,
						"curve": [ 0.778, 0, 0.078, 1 ]
					},
					{ "time": 1.7666, "x": -2.15, "y": 1.93 },
					{ "time": 2, "x": -2.75, "y": -1.35 }
				]
			},
			"leg_L": {
				"rotate": [
					{ "time": 0, "angle": 48.01 },
					{
						"time": 0.5,
						"angle": -32.72,
						"curve": [ 0.816, 0, 0.045, 0.99 ]
					},
					{
						"time": 1,
						"angle": 47.66,
						"curve": [ 0.778, 0, 0.078, 1 ]
					},
					{
						"time": 1.5,
						"angle": -32.72,
						"curve": [ 0.764, 0, 0.073, 0.99 ]
					},
					{ "time": 2, "angle": 48.01 }
				],
				"translate": [
					{ "time": 0, "x": 1.52, "y": -1.48 },
					{ "time": 0.2666, "x": -3.82, "y": 2.33 },
					{
						"time": 0.5,
						"x": -7.54,
						"y": -4.46,
						"curve": [ 1.085, 0, 0.794, 0.58 ]
					},
					{
						"time": 1,
						"x": 0.92,
						"y": 2.16,
						"curve": [ 0.105, 0.56, 0.347, 0.99 ]
					},
					{ "time": 1.2666, "x": 1.68, "y": 2.76 },
					{
						"time": 1.5,
						"x": -7.54,
						"y": -4.46,
						"curve": [ 0.764, 0, 0.073, 0.99 ]
					},
					{ "time": 2, "x": 1.52, "y": -1.48 }
				]
			},
			"hand_R": {
				"rotate": [
					{
						"time": 0,
						"angle": -74.29,
						"curve": [ 0.778, 0, 0.078, 1 ]
					},
					{
						"time": 0.5,
						"angle": 40.64,
						"curve": [ 0.816, 0, 0.045, 0.99 ]
					},
					{
						"time": 1,
						"angle": -74.29,
						"curve": [ 0.778, 0, 0.078, 1 ]
					},
					{
						"time": 1.5,
						"angle": 40.64,
						"curve": [ 0.816, 0, 0.045, 0.99 ]
					},
					{ "time": 2, "angle": -74.29 }
				],
				"translate": [
					{ "time": 0, "x": 0, "y": 0 },
					{ "time": 0.5, "x": -2.45, "y": -5.91 },
					{ "time": 1, "x": 0, "y": 0 },
					{ "time": 1.5, "x": -2.45, "y": -5.91 },
					{ "time": 2, "x": 0, "y": 0 }
				]
			},
			"J": {
				"rotate": [
					{ "time": 0, "angle": 0, "curve": "stepped" },
					{ "time": 2, "angle": 0 }
				],
				"translate": [
					{ "time": 0, "x": 0, "y": 0, "curve": "stepped" },
					{ "time": 2, "x": 0, "y": 0 }
				]
			},
			"hand_L": {
				"rotate": [
					{ "time": 0, "angle": 43.63 },
					{
						"time": 0.5,
						"angle": -54.38,
						"curve": [ 0.816, 0, 0.045, 0.99 ]
					},
					{
						"time": 1,
						"angle": 43.28,
						"curve": [ 0.778, 0, 0.078, 1 ]
					},
					{
						"time": 1.5,
						"angle": -54.38,
						"curve": [ 0.764, 0, 0.073, 0.99 ]
					},
					{ "time": 2, "angle": 43.63 }
				],
				"translate": [
					{ "time": 1, "x": 0, "y": 0 }
				]
			},
			"body": {
				"rotate": [
					{ "time": 0, "angle": 7.39 },
					{
						"time": 0.5,
						"angle": -3.89,
						"curve": [ 0.816, 0, 0.045, 0.99 ]
					},
					{
						"time": 1,
						"angle": 5.44,
						"curve": [ 0.778, 0, 0.078, 1 ]
					},
					{
						"time": 1.5,
						"angle": -3.89,
						"curve": [ 0.764, 0, 0.073, 0.99 ]
					},
					{ "time": 2, "angle": 7.39 }
				],
				"translate": [
					{ "time": 0, "x": -3.82, "y": -2.12, "curve": "stepped" },
					{ "time": 1, "x": -3.82, "y": -2.12, "curve": "stepped" },
					{ "time": 2, "x": -3.82, "y": -2.12 }
				]
			},
			"TX": {
				"rotate": [
					{ "time": 0, "angle": 0, "curve": "stepped" },
					{ "time": 1, "angle": 0, "curve": "stepped" },
					{ "time": 2, "angle": 0 }
				],
				"translate": [
					{ "time": 0, "x": 0, "y": 0, "curve": "stepped" },
					{ "time": 1, "x": 0, "y": 0, "curve": "stepped" },
					{ "time": 2, "x": 0, "y": 0 }
				]
			},
			"BOXMAN": {
				"rotate": [
					{ "time": 0, "angle": 0 },
					{ "time": 0.5, "angle": -8.39 },
					{ "time": 1, "angle": 0 },
					{ "time": 1.5, "angle": -8.39 },
					{ "time": 2, "angle": 0 }
				],
				"translate": [
					{ "time": 0, "x": 0, "y": 0 },
					{ "time": 0.5, "x": -3.82, "y": 1.27 },
					{ "time": 1, "x": 0, "y": -3.4 },
					{ "time": 1.5, "x": -3.82, "y": 1.27 },
					{ "time": 2, "x": 0, "y": 0 }
				]
			},
			"bone": {
				"rotate": [
					{ "time": 0, "angle": 0, "curve": "stepped" },
					{ "time": 2, "angle": 0 }
				],
				"translate": [
					{ "time": 0, "x": 0, "y": 0, "curve": "stepped" },
					{ "time": 2, "x": 0, "y": 0 }
				]
			},
			"head": {
				"rotate": [
					{ "time": 0, "angle": 4.77 },
					{
						"time": 0.1,
						"angle": 11.08,
						"curve": [ 0.501, 0.21, -0.05, 1 ]
					},
					{
						"time": 0.5,
						"angle": -15.49,
						"curve": [ 0.501, 0, 0.807, 0.38 ]
					},
					{
						"time": 0.6,
						"angle": -22.13,
						"curve": [ 0.372, 0.28, -0.133, 0.99 ]
					},
					{
						"time": 1,
						"angle": 4.77,
						"curve": [ 0.432, 0, 0.755, 0.36 ]
					},
					{
						"time": 1.1,
						"angle": 11.08,
						"curve": [ 0.501, 0.21, -0.05, 1 ]
					},
					{
						"time": 1.5,
						"angle": -15.49,
						"curve": [ 0.764, 0, 0.073, 0.99 ]
					},
					{
						"time": 1.6,
						"angle": -22.13,
						"curve": [ 0.372, 0.28, -0.133, 0.99 ]
					},
					{ "time": 2, "angle": 4.77 }
				],
				"translate": [
					{ "time": 0, "x": -2.97, "y": -0.85 },
					{
						"time": 0.5,
						"x": -3.39,
						"y": -0.91,
						"curve": [ 0.816, 0, 0.045, 0.99 ]
					},
					{
						"time": 1,
						"x": -2.97,
						"y": -0.85,
						"curve": [ 0.778, 0, 0.078, 1 ]
					},
					{
						"time": 1.5,
						"x": -3.39,
						"y": -0.91,
						"curve": [ 0.764, 0, 0.073, 0.99 ]
					},
					{ "time": 2, "x": -2.97, "y": -0.85 }
				]
			}
		}
	}
}
}