{
"skeleton": { "hash": "Mpo8jkcie4v7mnwoPHX2b2b3Jw4", "spine": "3.2.01", "width": 262.5, "height": 262.5, "images": "" },
"bones": [
	{ "name": "Root_All", "y": 80, "scaleX": 0.7, "scaleY": 0.7 },
	{ "name": "Ship_All", "parent": "Root_All" },
	{ "name": "Body", "parent": "Ship_All", "length": 126.21, "rotation": 90, "scaleX": 1.25, "scaleY": 1.25 },
	{ "name": "Attack_Point", "parent": "Body", "length": 25.69, "rotation": -88.64, "x": 5.64, "y": -58.17 },
	{ "name": "Damage_Point", "parent": "Body", "length": 22.56, "rotation": -90, "x": 11.09, "y": -16.91 },
	{ "name": "Enemy_tail_00", "parent": "Body", "x": 17.85, "y": 15.87, "scaleX": 0.79, "scaleY": 0.69 },
	{ "name": "Enemy_tail_root_00", "parent": "Enemy_tail_00", "length": 27.05, "rotation": 90.43, "x": 0.71, "y": -0.51 },
	{ "name": "Enemy_tail_root_01", "parent": "Enemy_tail_root_00", "length": 26.96, "rotation": -56.5, "x": 27.05 },
	{ "name": "Enemy_tail_root_02", "parent": "Enemy_tail_root_01", "length": 17.86, "rotation": 41.55, "x": 26.96 },
	{ "name": "Enemy_tail_root_03", "parent": "Enemy_tail_root_02", "length": 31.33, "rotation": 103.02, "x": 17.86 },
	{ "name": "Enemy_tail_root_04", "parent": "Enemy_tail_root_03", "length": 19.11, "rotation": -60.58, "x": 31.33 },
	{ "name": "Enemy_tail_root_05", "parent": "Enemy_tail_root_04", "length": 19.82, "rotation": -66.68, "x": 19.11 },
	{ "name": "Enemy_tail_root_06", "parent": "Enemy_tail_root_05", "length": 27.21, "rotation": -32.94, "x": 19.82 },
	{ "name": "Enemy_tail_root_07", "parent": "Enemy_tail_root_06", "length": 14.5, "rotation": 57.07, "x": 27.21 },
	{ "name": "Enemy_tail_root_08", "parent": "Enemy_tail_root_07", "length": 26.29, "rotation": 47.94, "x": 14.5 },
	{ "name": "Enemy_tail_root_09", "parent": "Enemy_tail_root_08", "length": 22.13, "rotation": 20.65, "x": 26.29 },
	{ "name": "Enemy_tail_root_10", "parent": "Enemy_tail_root_09", "length": 17.93, "rotation": 60.84, "x": 22.01, "y": 0.16 },
	{ "name": "Enemy_tail_root_11", "parent": "Enemy_tail_root_10", "length": 14.44, "rotation": 63.56, "x": 17.83, "y": 0.27 },
	{ "name": "Enemy_tail_root_12", "parent": "Enemy_tail_root_11", "length": 9.08, "rotation": 35.65, "x": 14.44 },
	{ "name": "Enemy_tail_root_13", "parent": "Enemy_tail_root_12", "length": 10.22, "rotation": -92.88, "x": 9.08 },
	{ "name": "Enemy_tail_root_14", "parent": "Enemy_tail_root_13", "length": 17.95, "rotation": -101.28, "x": 10.22 },
	{ "name": "Enemy_tail_root_15", "parent": "Enemy_tail_root_14", "length": 11.38, "rotation": 41.27, "x": 17.95 },
	{ "name": "Fire_move", "parent": "Body", "x": 19.49, "y": 18.92 },
	{ "name": "Light_line_new", "parent": "Body", "rotation": -18.71, "x": 45, "y": -14.05, "scaleX": 0.89, "scaleY": 1.146 },
	{ "name": "Throw_Point", "parent": "Body", "length": 24.71, "rotation": -142.06, "x": -8.05, "y": -23.79 }
],
"slots": [
	{ "name": "Fire", "bone": "Fire_move", "attachment": "Fire_change", "blend": "additive" },
	{ "name": "29_tail", "bone": "Enemy_tail_00", "attachment": "29_tail" },
	{ "name": "light_line_29_00", "bone": "Light_line_new", "attachment": "light_line_29_00", "blend": "additive" },
	{ "name": "light_line_29_01", "bone": "Light_line_new", "attachment": "light_line_29_01", "blend": "additive" },
	{ "name": "light_line_29_02", "bone": "Light_line_new", "attachment": "light_line_29_02", "blend": "additive" },
	{ "name": "light_line_29_03", "bone": "Light_line_new", "attachment": "light_line_29_03", "blend": "additive" },
	{ "name": "light_line_29_05", "bone": "Light_line_new", "attachment": "light_line_29_05", "blend": "additive" },
	{ "name": "light_line_29_06", "bone": "Light_line_new", "attachment": "light_line_29_06", "blend": "additive" },
	{ "name": "light_line_29_07", "bone": "Light_line_new", "attachment": "light_line_29_07", "blend": "additive" },
	{ "name": "light_line_29_08", "bone": "Light_line_new", "attachment": "light_line_29_08", "blend": "additive" },
	{ "name": "light_line_29_09", "bone": "Light_line_new", "attachment": "light_line_29_09", "blend": "additive" },
	{ "name": "light_line_29_10", "bone": "Light_line_new", "attachment": "light_line_29_10", "blend": "additive" },
	{ "name": "Rodney_body_normal", "bone": "Body", "attachment": "Body_change" },
	{ "name": "Rodney_body_normal_light", "bone": "Body", "attachment": "Light_change", "blend": "additive" },
	{ "name": "Light", "bone": "Body", "attachment": "Light_change", "blend": "additive" }
],
"skins": {
	"default": {},
	"1001": {
		"Light": {
			"Light_change": { "name": "Light_fire_00", "rotation": -90, "width": 300, "height": 300 }
		},
		"Rodney_body_normal": {
			"Body_change": { "name": "17_Enemy_bomber", "rotation": -90, "width": 300, "height": 300 }
		},
		"Rodney_body_normal_light": {
			"Light_change": { "name": "17_light", "rotation": -90, "width": 300, "height": 300 }
		}
	},
	"1002": {
		"Light": {
			"Light_change": { "name": "Light_fire_01", "rotation": -90, "width": 300, "height": 300 }
		},
		"Rodney_body_normal": {
			"Body_change": { "name": "18_Enemy_torpedo", "rotation": -90, "width": 300, "height": 300 }
		},
		"Rodney_body_normal_light": {
			"Light_change": { "name": "18_light", "rotation": -90, "width": 300, "height": 300 }
		}
	},
	"1003": {
		"Light": {
			"Light_change": { "name": "Light_fire_02", "rotation": -90, "width": 300, "height": 300 }
		},
		"Rodney_body_normal": {
			"Body_change": { "name": "19_Enemy_fighter", "rotation": -90, "width": 300, "height": 300 }
		},
		"Rodney_body_normal_light": {
			"Light_change": { "name": "19_light", "rotation": -90, "width": 300, "height": 300 }
		}
	},
	"1004": {
		"Light": {
			"Light_change": { "name": "Light_fire_03", "rotation": -90, "width": 300, "height": 300 }
		},
		"Rodney_body_normal": {
			"Body_change": { "name": "20_Enemy_bomber_elite", "rotation": -90, "width": 300, "height": 300 }
		},
		"Rodney_body_normal_light": {
			"Light_change": { "name": "17_light2", "path": "17_light", "rotation": -90, "width": 300, "height": 300 }
		}
	},
	"1005": {
		"Light": {
			"Light_change": { "name": "Light_fire_04", "rotation": -90, "width": 300, "height": 300 }
		},
		"Rodney_body_normal": {
			"Body_change": { "name": "21_Enemy_torpedo_elite", "rotation": -90, "width": 300, "height": 300 }
		},
		"Rodney_body_normal_light": {
			"Light_change": { "name": "18_light2", "path": "18_light", "rotation": -90, "width": 300, "height": 300 }
		}
	},
	"1006": {
		"Light": {
			"Light_change": { "name": "Light_fire_05", "rotation": -90, "width": 300, "height": 300 }
		},
		"Rodney_body_normal": {
			"Body_change": { "name": "22_Enemy_fighter_elite", "rotation": -90, "width": 300, "height": 300 }
		},
		"Rodney_body_normal_light": {
			"Light_change": { "name": "19_light2", "path": "19_light", "rotation": -90, "width": 300, "height": 300 }
		}
	},
	"1007": {
		"Fire": {
			"Fire_change": { "name": "Fire_00", "x": -19.39, "y": -18.92, "rotation": -90, "width": 300, "height": 300 }
		},
		"Light": {
			"Light_change": { "name": "Light_fire_06", "x": 0.1, "rotation": -90, "width": 300, "height": 300 }
		},
		"Rodney_body_normal": {
			"Body_change": { "name": "24_Enemy_Akagi", "x": 0.09, "rotation": -90, "width": 300, "height": 300 }
		},
		"Rodney_body_normal_light": {
			"Light_change": { "name": "24_light", "x": 0.09, "rotation": -90, "width": 300, "height": 300 }
		}
	},
	"1008": {
		"Fire": {
			"Fire_change": { "name": "Fire_01", "x": -19.39, "y": -18.92, "rotation": -90, "width": 300, "height": 300 }
		},
		"Light": {
			"Light_change": { "name": "Light_fire_07", "x": 0.1, "rotation": -90, "width": 300, "height": 300 }
		},
		"Rodney_body_normal": {
			"Body_change": { "name": "25_Enemy_Kaga", "x": 0.09, "rotation": -90, "width": 300, "height": 300 }
		},
		"Rodney_body_normal_light": {
			"Light_change": { "name": "25_light", "x": 0.09, "rotation": -90, "width": 300, "height": 300 }
		}
	},
	"1009": {
		"Fire": {
			"Fire_change": { "name": "Fire_02", "x": -19.39, "y": -18.92, "rotation": -90, "width": 300, "height": 300 }
		},
		"Light": {
			"Light_change": { "name": "Light_fire_08", "x": 0.1, "rotation": -90, "width": 300, "height": 300 }
		},
		"Rodney_body_normal": {
			"Body_change": { "name": "26_Enemy_Sisters", "x": 0.09, "rotation": -90, "width": 300, "height": 300 }
		},
		"Rodney_body_normal_light": {
			"Light_change": { "name": "26_light", "x": 0.09, "rotation": -90, "width": 300, "height": 300 }
		}
	},
	"1010": {
		"Rodney_body_normal": {
			"Body_change": { "name": "27_Paper_fighter", "x": 11.08, "rotation": -90, "width": 300, "height": 300 }
		},
		"Rodney_body_normal_light": {
			"Light_change": { "name": "27_Paper_fighter_light", "x": 11.08, "rotation": -90, "width": 300, "height": 300 }
		}
	},
	"1011": {
		"Fire": {
			"Fire_change": { "name": "Fire_03", "x": -19.39, "y": -18.92, "rotation": -90, "width": 300, "height": 300 }
		},
		"Light": {
			"Light_change": { "name": "Light_fire_09", "x": 0.1, "rotation": -90, "width": 300, "height": 300 }
		},
		"Rodney_body_normal": {
			"Body_change": { "name": "28_Enemy_Shokaku", "x": 0.1, "rotation": -90, "width": 300, "height": 300 }
		},
		"Rodney_body_normal_light": {
			"Light_change": { "name": "28_Enemy_Shokaku_light", "x": 0.1, "rotation": -90, "width": 300, "height": 300 }
		}
	},
	"1012": {
		"29_tail": {
			"29_tail": {
				"name": "29_Enemy_Shinano_tail",
				"type": "weightedmesh",
				"uvs": [ 1, 0.63792, 1, 1, 0.84238, 1, 0.73604, 1, 0.5957, 1, 0.44659, 1, 0.30077, 1, 0.14408, 1, 0, 1, 0, 0.79527, 0, 0.57454, 0, 0.49077, 0, 0, 0.21011, 0, 0.31807, 0, 0.42255, 0, 0.53939, 0, 0.74804, 0, 1, 0, 0.89685, 0.62227, 0.80461, 0.57143, 0.67844, 0.26832, 0.57984, 0.64965, 0.46428, 0.6653, 0.3996, 0.50885, 0.34553, 0.30547, 0.25011, 0.26441, 0.16423, 0.34654, 0.07835, 0.50885, 0.08895, 0.69854, 0.27767, 0.81196, 0.17589, 0.8765, 0.72844, 0.78841, 0.83768, 0.87108, 0.89891, 0.15985, 0.82492, 0.22136, 0.64511, 0.43498, 0.59812, 0.83998, 0.44902, 0.81665, 0.33336, 0.62832, 0.48427, 0.48165, 0.52312, 0.43665, 0.53035, 0.32998, 0.53487, 0.16832, 0.22937, 0.70402, 0.17002, 0.76711, 0.42237, 0.11377, 0.31755, 0.05093, 0.22605, 0.10534, 0.11988, 0.25296, 0.53185, 0.27615, 0.47432, 0.35097, 0.448, 0.43417, 0.15576, 0.56161, 0.20623, 0.45747, 0.26013, 0.44485, 0.29691, 0.50954, 0.16517, 0.65154, 0.20367, 0.52059, 0.31915, 0.66101, 0.35935, 0.79354, 0.30717, 0.86454, 0.14892, 0.60894, 0.08183, 0.85485, 0.17016, 0.82195 ],
				"triangles": [ 7, 31, 61, 8, 63, 7, 7, 63, 31, 63, 64, 31, 5, 6, 38, 38, 61, 60, 38, 6, 61, 6, 7, 61, 31, 30, 61, 31, 64, 30, 61, 30, 60, 60, 30, 59, 30, 44, 59, 38, 60, 59, 39, 38, 59, 59, 44, 58, 59, 58, 39, 39, 58, 56, 58, 44, 57, 57, 62, 58, 63, 45, 64, 64, 45, 30, 45, 44, 30, 29, 57, 45, 45, 57, 44, 8, 9, 63, 63, 29, 45, 63, 9, 29, 9, 10, 29, 29, 62, 57, 29, 10, 28, 62, 29, 28, 58, 62, 53, 62, 28, 53, 10, 11, 28, 54, 53, 28, 28, 11, 27, 11, 12, 49, 58, 53, 54, 58, 54, 55, 54, 28, 27, 11, 49, 27, 54, 27, 55, 27, 26, 55, 55, 26, 25, 27, 49, 26, 49, 48, 26, 48, 47, 26, 26, 47, 25, 48, 12, 13, 48, 49, 12, 48, 13, 47, 47, 13, 14, 47, 46, 25, 16, 46, 15, 46, 47, 15, 15, 47, 14, 58, 55, 56, 24, 56, 25, 24, 52, 40, 52, 24, 25, 40, 52, 41, 25, 56, 55, 52, 51, 41, 52, 25, 51, 50, 25, 46, 39, 23, 38, 39, 24, 23, 23, 40, 22, 23, 24, 40, 39, 56, 24, 4, 37, 3, 37, 32, 3, 4, 5, 37, 5, 38, 37, 37, 38, 22, 38, 23, 22, 37, 22, 32, 36, 22, 41, 32, 22, 36, 41, 22, 40, 41, 42, 36, 41, 51, 42, 42, 51, 50, 50, 51, 25, 50, 46, 43, 43, 46, 16, 35, 20, 21, 21, 20, 36, 36, 42, 21, 21, 42, 50, 50, 43, 21, 21, 43, 17, 21, 17, 35, 17, 43, 16, 35, 17, 34, 20, 32, 36, 34, 17, 18, 1, 33, 0, 3, 33, 2, 1, 2, 33, 3, 32, 33, 33, 19, 0, 33, 32, 19, 32, 20, 19, 19, 34, 0, 34, 18, 0, 20, 35, 19, 19, 35, 34 ],
				"vertices": [ 5, 6, -5.19999, 9.75, 0.96262, 9, 34.66999, 65.6, 1.3E-4, 10, -55.5, 35.13, 0.03723, 17, 147.12, 14.56, 0, 19, 60.02, 110.36, 0, 5, 6, -4.96, 42.34, 0.86278, 7, -52.98, -3.32, 0.01546, 10, -40.24, 63.92, 0.12174, 17, 148.04, -18, 0, 19, 87.91, 93.5, 0, 7, 6, 21.2, 42.14, 0.69068, 7, -38.37, 18.37999, 0.06891, 9, 67.93, 40.29, 3.0E-5, 10, -17.12, 51.66, 0.24009, 17, 121.88, -18.74, 0, 19, 74.37, 71.11, 0, 20, -82.3, 48.99, 2.6E-4, 7, 6, 38.84999, 42.01, 0.43474, 7, -28.52, 33.02, 0.08994, 9, 68.39, 22.64, 0.00283, 10, -1.52, 43.39, 0.46167, 11, -48.02, -1.77, 0.00296, 17, 104.24, -19.24, 0, 20, -65.69, 42.99, 0.00782, 7, 6, 62.14, 41.84, 0.12154, 7, -15.52, 52.35, 0.03482, 10, 19.04999, 32.48, 0.67448, 11, -29.85, 12.8, 0.09619, 17, 80.94999, -19.89, 0, 19, 53.18, 36.07, 0.00665, 20, -43.78, 35.07, 0.06629, 7, 6, 86.9, 41.65, 0.00958, 7, -1.7, 72.89, 0.0012, 10, 40.91999, 20.89, 0.32193, 11, -10.55, 28.3, 0.27146, 17, 56.21, -20.59, 0, 19, 40.38, 14.89, 0.07391, 20, -20.51, 26.65, 0.32189, 6, 10, 62.31, 9.55, 0.0394, 11, 8.32, 43.45, 0.08085, 17, 32.00999, -21.27, 0, 19, 27.85, -5.81, 0.05082, 20, 2.25, 18.43, 0.76697, 21, 0.35, 24.2, 0.06194, 3, 10, 85.29, -2.61999, 2.0E-5, 20, 26.71, 9.58, 0.02849, 21, 12.91, 1.42, 0.97148, 3, 16, 30.17, -25.84, 0.41583, 17, -17.89, -22.68, 0.01777, 21, 24.45, -19.52, 0.56638, 3, 16, 13.45, -18.11, 0.7158, 17, -18.41, -4.26, 0.03088, 21, 8.31, -28.41, 0.2533, 4, 14, 55.82, 1.94, 0.00112, 15, 28.32, -8.59, 0.44867, 16, -4.57, -9.77, 0.54215, 21, -9.08, -38, 0.00804, 9, 11, 75.94999, 38.96, 0, 12, 25.9, 63.22, 0, 14, 51.68, -4.35, 0.03148, 15, 22.22, -13.03, 0.79225, 16, -11.42, -6.61, 0.17577, 17, -19.18, 23.13, 0, 18, -13.84, 38.4, 1.0E-5, 19, -37.18999, -24.82, 0, 21, -15.68, -41.63, 4.5E-4, 8, 11, 103.59, 4.51, 3.0E-5, 12, 67.83999, 49.35, 4.5E-4, 13, 63.51, -7.28, 0, 14, 27.42, -41.25999, 0.57755, 15, -13.49, -39, 0.42004, 17, -20.42, 67.28, 1.9E-4, 18, 10.88, 74.99, 0.0012, 19, -74.99, -1.97, 5.1E-4, 8, 8, 87.45, -3.72, 2.2E-4, 11, 76.39, -17.31, 9.0E-5, 13, 29.76, -16.08, 0, 14, -1.72, -22.1, 0.89022, 15, -34.00999, -10.8, 0.10915, 17, 14.43, 68.26, 3.0E-5, 18, 39.78, 55.47, 1.9E-4, 19, -56.94, 27.87, 8.0E-5, 10, 8, 70.1, -8.21, 0.03599, 9, -19.77, -49.04, 0.07092, 11, 62.42, -28.53, 0, 12, 51.26, -0.77, 0.06987, 13, 12.42, -20.61, 0.46731, 14, -16.69, -12.25, 0.34059, 15, -44.55, 3.69, 0.01526, 17, 32.34999, 68.76999, 0, 18, 54.63, 45.43, 1.0E-5, 19, -47.67, 43.2, 0, 5, 8, 53.31, -12.56, 0.09856, 9, -20.21999, -31.71, 0.19415, 12, 45.81, -17.24, 0.19129, 13, -4.36, -24.98, 0.50576, 14, -31.19, -2.73, 0.01021, 8, 8, 34.53, -17.42, 0.38963, 9, -20.73, -12.32, 0.32278, 12, 39.72, -35.65, 0.11077, 13, -23.12, -29.88, 0.17457, 15, -66.16, 33.4, 0.00221, 17, 69.07, 69.8, 0, 18, 85.07, 24.87, 0, 19, -28.66, 74.64, 0, 8, 6, 36.18, -47.96, 0.03259, 7, 45.03, -18.86, 0.26378, 8, 1, -26.09, 0.70346, 11, 6.75, -73.19999, 0, 15, -86.53, 61.41, 1.5E-4, 17, 103.7, 70.76999, 0, 18, 113.77, 5.47, 0, 19, -10.74, 104.28, 0, 4, 6, -5.63, -47.65, 0.27028, 7, 21.69, -53.56, 0.51244, 8, -39.48, -36.57, 0.21727, 11, -25.86, -99.38, 0, 5, 6, 11.9, 8.22, 0.93199, 9, 33.71, 48.45, 0.00204, 10, -41.03, 25.86, 0.06595, 17, 129.96, 15.49, 0, 19, 49.96, 96.44, 0, 2, 6, 27.18, 3.53, 0.5, 7, -2.87, 2.05, 0.5, 1, 8, 6.14, 0.17, 1, 1, 10, 6.61, 3.39, 1, 1, 11, 6.01, 2.97, 1, 2, 11, 23.19, -1.28, 0.5, 12, 3.53, 0.75, 0.5, 2, 12, 23.72, 3.53, 0.5, 13, 1.07, 4.84, 0.5, 1, 14, 5.8, 1.42, 1, 1, 14, 21.77, -0.22, 1, 1, 15, 15.89, -1.55, 1, 1, 16, 11.74, -1.04999, 1, 2, 19, 11.38, -0.34, 0.5, 20, 0.1, 1.21, 0.5, 2, 20, 17.96999, 0.93, 0.5, 21, 0.62, 0.68, 0.5, 7, 6, 39.97, 22.96, 0.3152, 7, -12.02, 23.44, 0.10606, 9, 49.38, 20.89, 0.01474, 10, -9.33, 25.98, 0.55161, 11, -35.12, -15.83, 0.00244, 17, 102.44, -0.24, 0, 20, -70.98, 24.65, 0.00992, 6, 6, 21.89, 30.54, 0.644, 7, -28.31, 12.55, 0.10424, 9, 56.35, 39.21, 0.00567, 10, -21.87, 41.05, 0.24593, 17, 120.78, -7.16, 0, 20, -85.51, 37.81, 1.3E-4, 8, 6, 11.24, -33.39, 0.29826, 7, 19.12, -31.61, 0.4886, 8, -26.84, -18.44, 0.21311, 11, -21.77, -77.66, 0, 15, -89.62, 90.13, 0, 17, 129.13, 57.1, 0, 18, 126.47, -20.45999, 0, 19, 14.52, 118.27, 0, 7, 6, 23.57, -27.94, 0.07574, 7, 21.38, -18.32, 0.51013, 8, -16.33, -10, 0.41408, 15, -77.92, 83.44999, 2.0E-5, 17, 117.01, 51.22, 0, 18, 113.19, -18.17, 0, 19, 12.9, 104.89, 0, 3, 7, 22.09, 17.16, 0.29413, 8, 7.73, 16.08, 0.20667, 9, 17.94, 6.23, 0.49918, 8, 6, 61.63, 27.44, 0.09518, 7, -3.79, 43.98, 0.03091, 9, 54.58, -0.61, 7.4E-4, 10, 11.95, 19.95, 0.71265, 11, -21.15, 1.32, 0.09745, 17, 80.94999, -5.48, 0, 19, 41.07, 43.87, 0.00485, 20, -49.06, 21.66, 0.05818, 7, 6, 86.37, 25.15, 0.01183, 7, 11.75, 63.34, 0.00172, 10, 32.83, 6.5, 0.40954, 11, -0.52999, 15.18, 0.32711, 17, 56.15, -4.08, 0, 19, 26.46, 23.77, 0.06176, 20, -26.49, 11.27, 0.18801, 8, 10, 41.86, -17.45999, 0.00997, 11, 25.04, 13.98, 0.39294, 12, -3.22, 14.57, 0.10531, 13, -4.3, 33.46, 0.00126, 14, 12.24, 36.38, 0.00581, 15, -0.31, 39, 3.0E-4, 19, 2.02, 16.12, 0.42578, 20, -14.2, -11.18, 0.05857, 4, 9, 22.84, -20.34, 0.17435, 10, 13.54, -17.39, 0.12514, 11, 13.77, -11.99, 0.54657, 12, 1.44, -13.35, 0.15391, 6, 9, 18.62, -14, 0.51507, 10, 5.95, -17.95, 0.01603, 11, 11.27, -19.18, 0.0925, 12, 3.26, -20.75, 0.35268, 13, -30.43, 8.82, 0.02342, 15, -32.79, 54.33, 2.6E-4, 6, 9, 8.99, -13.05, 0.51507, 10, 0.39, -25.87, 0.01603, 11, 16.34, -27.42, 0.0925, 12, 12, -24.9, 0.35268, 13, -29.17, -0.76, 0.02342, 15, -41.25, 49.65, 2.6E-4, 9, 8, 31.46, -2.56, 0.15347, 9, -5.56, -12.67, 0.59978, 11, 24.87, -39.24, 0.01961, 12, 25.57, -30.18, 0.16146, 13, -26.22, -15.03, 0.06498, 15, -53.46, 41.7, 6.6E-4, 17, 68.75, 54.64, 0, 18, 75.97, 12.73, 0, 19, -16.09, 66.16, 0, 2, 18, 6.96, 1.17999, 0.5, 19, -1.07, -2.17, 0.5, 1, 17, 9.72999, -0.93, 1, 6, 8, 50.77, -2.64, 0.06296, 9, -9.99, -31.47, 0.24846, 11, 42.5, -31.38, 0.00386, 12, 36.09999, -13.99, 0.34729, 13, -6.91, -15.07, 0.33583, 15, -46.45, 23.71, 0.00157, 7, 8, 69.03, -3.75, 0.02733, 9, -15.19, -49.01, 0.05403, 11, 59.61, -24.9, 0, 12, 46.93, 0.74, 0.05201, 13, 11.34, -16.15, 0.5438, 14, -14.1, -8.47, 0.31426, 15, -40.79, 6.31, 0.00853, 4, 8, 82.51, 4.79, 2.0E-4, 13, 24.8, -7.57, 0.02909, 14, 1.27, -12.72, 0.89481, 15, -27.89, -3.08, 0.07588, 2, 14, 23.29, -11.3, 0.58297, 15, -6.78, -9.52, 0.41702, 9, 8, 29.52, 6.95, 0.15347, 9, 4.14, -12.92, 0.59978, 11, 19.18, -31.36, 0.01961, 12, 16.52, -26.66, 0.16146, 13, -28.19, -5.51, 0.06498, 15, -45.32, 47.01, 6.6E-4, 17, 68.51999, 44.92, 0, 18, 70.12, 4.96999, 0, 19, -8.04, 60.71, 0, 6, 9, 11.12, -22.3, 0.51507, 10, 9.49, -28.55, 0.01603, 11, 22.42, -20.12999, 0.0925, 12, 13.12, -15.48, 0.35268, 13, -20.64, 3.4, 0.02342, 15, -34.25999, 43.24, 2.6E-4, 4, 9, 18.71999, -26.47, 0.12752, 10, 16.86, -23.98, 0.01288, 11, 21.14, -11.55, 0.15132, 12, 7.39, -8.97999, 0.70824, 7, 12, 11.73, 40.66999, 0.00707, 13, 25.73, 35.09, 2.8E-4, 15, 12.17, 11.63, 0.38196, 16, 5.21, 14.18, 0.27883, 17, 6.84, 17.48, 0.14314, 18, 4.01, 18.64, 0.18502, 19, -18.36, -6, 0.00366, 9, 11, 51.12, 15.19, 4.5E-4, 12, 18, 29.77, 0.06973, 13, 19.99, 23.91, 0.01727, 14, 21.43, 11.94, 0.64382, 15, -0.33, 12.89, 0.1365, 16, 0.23, 25.72, 0.00129, 17, 14.95, 27.09, 0.01352, 18, 16.2, 21.71, 0.08226, 19, -22.04, 6.01, 0.0351, 8, 11, 44.86, 8.71, 0.01046, 12, 16.27, 20.92, 0.2813, 13, 11.62, 20.54999, 0.10405, 14, 13.33, 15.91, 0.41415, 15, -6.51, 19.45999, 0.02126, 17, 23.86, 28.47, 0.00813, 18, 24.25, 17.64, 0.08088, 19, -18.39, 14.26, 0.07972, 8, 11, 36.45, 9.43, 0.1428, 12, 8.82, 16.95, 0.32378, 13, 4.23999, 24.65, 0.02056, 14, 11.42, 24.13, 0.07396, 15, -5.39, 27.82, 0.0185, 17, 30.13, 22.83, 0.00275, 18, 26.05, 9.39999, 0.0987, 19, -10.24, 16.46999, 0.31889, 7, 12, 3.55, 41.73, 0.00567, 13, 22.17, 42.53, 6.2E-4, 14, 36.72, 22.79, 0.01073, 15, 17.79, 17.65, 0.05441, 16, 13.22, 12.2, 0.05535, 17, 8.63, 9.43, 0.29461, 18, 0.77, 11.06, 0.57858, 9, 11, 47.9, 19.89, 0.00823, 12, 12.74, 31.96, 0.0828, 13, 18.95999, 29.51, 0.01103, 14, 24.9, 16.45999, 0.13753, 15, 4.5, 15.89, 0.18833, 16, 5.19999, 22.95, 0.01939, 17, 14.68, 21.4, 0.07605, 18, 12.67, 17.24, 0.34849, 19, -17.4, 2.71, 0.12809, 7, 10, 45.32, -15.96, 3.9E-4, 11, 25.04, 17.75, 0.13294, 12, -5.27, 17.73, 0.05089, 13, -2.76, 36.9, 0.00103, 14, 15.83, 37.55, 0.00328, 19, 3.32, 12.57, 0.76148, 20, -10.98, -9.22, 0.04994, 5, 10, 45.01, -2.3, 0.07247, 11, 12.37, 22.87, 0.27704, 12, -18.69, 15.14, 0.00101, 19, 16.98, 12.11, 0.24043, 20, -13.2, 4.26, 0.40902, 6, 10, 55.66, -0.71, 0.03086, 11, 15.12, 33.28, 0.07799, 17, 32.73, -9.05, 0, 19, 17.96999, 1.39, 0.08151, 20, -2.88, 7.32, 0.76774, 21, -10.83, 19.25, 0.04187, 7, 12, 8.04, 43.09, 0.00707, 13, 25.75, 39.5, 2.8E-4, 15, 16.28, 13.21, 0.38196, 16, 8.6, 11.36, 0.27883, 17, 5.82, 13.19, 0.14314, 18, 0.68, 15.74, 0.18502, 19, -15.3, -9.17, 0.00366, 3, 16, 24.02, -8.03, 0.28522, 17, -4.67999, -9.24, 0.12509, 21, 6.45, -13.92, 0.58968, 4, 17, 9.89, -5.86, 0.42391, 18, -7.12, -2.10999, 0.13078, 20, 17.19, -4, 0.33407, 21, -3.21, -2.51, 0.11121 ],
				"hull": 19,
				"edges": [ 2, 0, 14, 16, 38, 0, 40, 38, 34, 36, 34, 42, 40, 64, 64, 66, 66, 38, 66, 2, 36, 0, 36, 68, 68, 38, 68, 70, 70, 40, 40, 42, 70, 34, 64, 72, 42, 72, 72, 44, 44, 74, 74, 64, 44, 46, 46, 76, 76, 74, 46, 48, 48, 78, 78, 76, 46, 80, 80, 82, 82, 44, 82, 84, 84, 72, 86, 42, 32, 34, 86, 32, 48, 50, 50, 52, 52, 54, 54, 56, 56, 58, 60, 62, 62, 14, 58, 90, 90, 88, 88, 60, 56, 20, 16, 18, 18, 20, 58, 18, 24, 26, 50, 92, 92, 94, 26, 96, 96, 52, 94, 96, 24, 98, 98, 54, 96, 98, 20, 22, 22, 24, 98, 22, 94, 50, 84, 100, 100, 86, 92, 100, 100, 102, 102, 104, 104, 80, 102, 82, 102, 50, 104, 48, 30, 32, 92, 30, 26, 28, 28, 30, 94, 28, 56, 106, 106, 108, 108, 54, 108, 110, 110, 52, 112, 50, 112, 78, 114, 90, 114, 116, 116, 88, 116, 118, 118, 60, 118, 120, 120, 122, 122, 60, 114, 124, 124, 58, 124, 106, 106, 116, 116, 108, 118, 78, 110, 112, 112, 116, 18, 126, 126, 128, 128, 90, 128, 60, 128, 62, 126, 14, 126, 16, 14, 122, 120, 76, 12, 14, 122, 12, 76, 12, 10, 12, 76, 10, 8, 10, 74, 8, 6, 8, 64, 6, 2, 4, 4, 6, 66, 4 ],
				"width": 166,
				"height": 90
			}
		},
		"Light": {
			"Light_change": { "name": "Light_fire_10", "x": 0.1, "scaleX": 0.8, "scaleY": 0.8, "rotation": -90, "width": 300, "height": 300 }
		},
		"Rodney_body_normal": {
			"Body_change": { "name": "29_Enemy_Shinano", "x": 0.1, "scaleX": 0.8, "scaleY": 0.8, "rotation": -90, "width": 300, "height": 300 }
		},
		"Rodney_body_normal_light": {
			"Light_change": { "name": "29_Enemy_Shinano_light", "x": 0.1, "scaleX": 0.8, "scaleY": 0.8, "rotation": -90, "width": 300, "height": 300 }
		},
		"light_line_29_00": {
			"light_line_29_00": { "name": "Small_01", "x": -4.2, "y": 45.04, "scaleX": 0.53, "scaleY": 0.612, "rotation": -76.11, "width": 300, "height": 150 }
		},
		"light_line_29_01": {
			"light_line_29_01": { "name": "Small_02", "x": -4.2, "y": 45.04, "scaleX": 0.53, "scaleY": 0.612, "rotation": -76.11, "width": 300, "height": 150 }
		},
		"light_line_29_02": {
			"light_line_29_02": { "name": "Small_03", "x": -4.2, "y": 45.04, "scaleX": 0.53, "scaleY": 0.612, "rotation": -76.11, "width": 300, "height": 150 }
		},
		"light_line_29_03": {
			"light_line_29_03": { "name": "Small_04", "x": -4.2, "y": 45.04, "scaleX": 0.53, "scaleY": 0.612, "rotation": -76.11, "width": 300, "height": 150 }
		},
		"light_line_29_05": {
			"light_line_29_05": { "name": "Small_05", "x": -4.2, "y": 45.04, "scaleX": 0.53, "scaleY": 0.612, "rotation": -76.11, "width": 300, "height": 150 }
		},
		"light_line_29_06": {
			"light_line_29_06": { "name": "Small_06", "x": -4.2, "y": 45.04, "scaleX": 0.53, "scaleY": 0.612, "rotation": -76.11, "width": 300, "height": 150 }
		},
		"light_line_29_07": {
			"light_line_29_07": { "name": "Small_07", "x": -4.2, "y": 45.04, "scaleX": 0.53, "scaleY": 0.612, "rotation": -76.11, "width": 300, "height": 150 }
		},
		"light_line_29_08": {
			"light_line_29_08": { "name": "Small_08", "x": -4.2, "y": 45.04, "scaleX": 0.53, "scaleY": 0.612, "rotation": -76.11, "width": 300, "height": 150 }
		},
		"light_line_29_09": {
			"light_line_29_09": { "name": "Small_09", "x": -4.2, "y": 45.04, "scaleX": 0.53, "scaleY": 0.612, "rotation": -76.11, "width": 300, "height": 150 }
		},
		"light_line_29_10": {
			"light_line_29_10": { "name": "Small_10", "x": -4.2, "y": 45.04, "scaleX": 0.53, "scaleY": 0.612, "rotation": -76.11, "width": 300, "height": 150 }
		}
	},
	"1013": {
		"Fire": {
			"Fire_change": { "name": "Fire_04", "x": -19.39, "y": -18.92, "rotation": -90, "width": 300, "height": 300 }
		},
		"Rodney_body_normal": {
			"Body_change": { "name": "30_Enemy_fighters", "x": 0.1, "rotation": -90, "width": 300, "height": 300 }
		},
		"Rodney_body_normal_light": {
			"Light_change": { "name": "30_Enemy_fighters_light", "x": 0.1, "rotation": -90, "width": 300, "height": 300 }
		}
	}
},
"events": {
	"attack_point": {},
	"crash_point": {},
	"damage_point": {}
},
"animations": {
	"attack": {
		"slots": {
			"Light": {
				"color": [
					{
						"time": 0,
						"color": "ffffffff",
						"curve": [ 0.13, 0.39, 0.716, 0.99 ]
					},
					{
						"time": 0.4333,
						"color": "ffffff7e",
						"curve": [ 0.154, 0.4, 0.735, 0.97 ]
					},
					{
						"time": 0.8333,
						"color": "ffffffff",
						"curve": [ 0.13, 0.39, 0.716, 0.99 ]
					},
					{
						"time": 1.2666,
						"color": "ffffff7e",
						"curve": [ 0.154, 0.4, 0.735, 0.97 ]
					},
					{ "time": 1.6666, "color": "ffffffff" }
				]
			},
			"Rodney_body_normal_light": {
				"color": [
					{ "time": 0.0333, "color": "fffffffb" },
					{ "time": 0.1, "color": "ffffff00" },
					{ "time": 0.1333, "color": "fffffffd" },
					{ "time": 0.2, "color": "ffffff00" },
					{ "time": 0.2666, "color": "ffffffff" },
					{ "time": 0.3, "color": "ffffff00" },
					{ "time": 0.3333, "color": "ffffffff" },
					{ "time": 0.3666, "color": "ffffff00" },
					{ "time": 0.4, "color": "ffffffff" },
					{ "time": 0.4666, "color": "ffffff00" },
					{ "time": 0.5, "color": "ffffffff" },
					{ "time": 0.5666, "color": "ffffff00" },
					{ "time": 0.6333, "color": "ffffffff" },
					{ "time": 0.6666, "color": "ffffff00" },
					{ "time": 0.7, "color": "ffffffff" },
					{ "time": 0.7333, "color": "ffffff00" },
					{ "time": 0.7666, "color": "ffffffff" },
					{ "time": 0.8, "color": "ffffff00" },
					{ "time": 0.8666, "color": "fffffffb" },
					{ "time": 0.9333, "color": "ffffff00" },
					{ "time": 0.9666, "color": "fffffffd" },
					{ "time": 1.0333, "color": "ffffff00" },
					{ "time": 1.1, "color": "ffffffff" },
					{ "time": 1.1333, "color": "ffffff00" },
					{ "time": 1.1666, "color": "ffffffff" },
					{ "time": 1.2, "color": "ffffff00" },
					{ "time": 1.2333, "color": "ffffffff" },
					{ "time": 1.3, "color": "ffffff00" },
					{ "time": 1.3333, "color": "ffffffff" },
					{ "time": 1.4, "color": "ffffff00" },
					{ "time": 1.4666, "color": "ffffffff" },
					{ "time": 1.5, "color": "ffffff00" },
					{ "time": 1.5333, "color": "ffffffff" },
					{ "time": 1.5666, "color": "ffffff00" },
					{ "time": 1.6, "color": "ffffffff" },
					{ "time": 1.6333, "color": "ffffff00" }
				],
				"attachment": [
					{ "time": 0, "name": "Light_change" },
					{ "time": 0.8333, "name": "Light_change" },
					{ "time": 1.6666, "name": null }
				]
			},
			"light_line_29_00": {
				"attachment": [
					{ "time": 0, "name": "light_line_29_00" },
					{ "time": 0.0666, "name": null },
					{ "time": 0.6666, "name": "light_line_29_00" },
					{ "time": 0.7333, "name": null },
					{ "time": 1.3333, "name": "light_line_29_00" },
					{ "time": 1.4, "name": null },
					{ "time": 1.6666, "name": "light_line_29_00" }
				]
			},
			"light_line_29_01": {
				"attachment": [
					{ "time": 0, "name": null },
					{ "time": 0.0666, "name": "light_line_29_01" },
					{ "time": 0.1333, "name": null },
					{ "time": 0.7333, "name": "light_line_29_01" },
					{ "time": 0.8, "name": null },
					{ "time": 1.6666, "name": null }
				]
			},
			"light_line_29_02": {
				"attachment": [
					{ "time": 0, "name": null },
					{ "time": 0.1333, "name": "light_line_29_02" },
					{ "time": 0.2, "name": null },
					{ "time": 0.8, "name": "light_line_29_02" },
					{ "time": 0.8666, "name": null },
					{ "time": 1.4, "name": "light_line_29_02" },
					{ "time": 1.4666, "name": null },
					{ "time": 1.6666, "name": null }
				]
			},
			"light_line_29_03": {
				"attachment": [
					{ "time": 0, "name": null },
					{ "time": 0.2, "name": "light_line_29_03" },
					{ "time": 0.2666, "name": null },
					{ "time": 0.8666, "name": "light_line_29_03" },
					{ "time": 0.9333, "name": null },
					{ "time": 1.6666, "name": null }
				]
			},
			"light_line_29_05": {
				"attachment": [
					{ "time": 0, "name": null },
					{ "time": 0.2666, "name": "light_line_29_05" },
					{ "time": 0.3333, "name": null },
					{ "time": 0.9333, "name": "light_line_29_05" },
					{ "time": 1, "name": null },
					{ "time": 1.4666, "name": "light_line_29_05" },
					{ "time": 1.5333, "name": null },
					{ "time": 1.6666, "name": null }
				]
			},
			"light_line_29_06": {
				"attachment": [
					{ "time": 0, "name": null },
					{ "time": 0.3333, "name": "light_line_29_06" },
					{ "time": 0.4, "name": null },
					{ "time": 0.6666, "name": null },
					{ "time": 1, "name": "light_line_29_06" },
					{ "time": 1.0666, "name": null },
					{ "time": 1.3333, "name": null }
				]
			},
			"light_line_29_07": {
				"attachment": [
					{ "time": 0, "name": null },
					{ "time": 0.4, "name": "light_line_29_07" },
					{ "time": 0.4666, "name": null },
					{ "time": 1.0666, "name": "light_line_29_07" },
					{ "time": 1.1333, "name": null },
					{ "time": 1.5333, "name": "light_line_29_07" },
					{ "time": 1.6, "name": null },
					{ "time": 1.6666, "name": null }
				]
			},
			"light_line_29_08": {
				"attachment": [
					{ "time": 0, "name": null },
					{ "time": 0.4666, "name": "light_line_29_08" },
					{ "time": 0.5333, "name": null },
					{ "time": 1.1333, "name": "light_line_29_08" },
					{ "time": 1.2, "name": null },
					{ "time": 1.6666, "name": null }
				]
			},
			"light_line_29_09": {
				"attachment": [
					{ "time": 0, "name": null },
					{ "time": 0.5333, "name": "light_line_29_09" },
					{ "time": 0.6, "name": null },
					{ "time": 1.2, "name": "light_line_29_09" },
					{ "time": 1.2666, "name": null },
					{ "time": 1.6, "name": "light_line_29_09" },
					{ "time": 1.6666, "name": null }
				]
			},
			"light_line_29_10": {
				"attachment": [
					{ "time": 0, "name": null },
					{ "time": 0.6, "name": "light_line_29_10" },
					{ "time": 0.6666, "name": null },
					{ "time": 1.2666, "name": "light_line_29_10" },
					{ "time": 1.3333, "name": null },
					{ "time": 1.6666, "name": null }
				]
			}
		},
		"bones": {
			"Root_All": {
				"rotate": [
					{ "time": 0, "angle": 0, "curve": "stepped" },
					{ "time": 0.8333, "angle": 0 }
				],
				"translate": [
					{ "time": 0, "x": 0, "y": 0, "curve": "stepped" },
					{ "time": 0.8333, "x": 0, "y": 0 }
				]
			},
			"Body": {
				"rotate": [
					{ "time": 0, "angle": 0, "curve": "stepped" },
					{ "time": 0.8333, "angle": 0, "curve": "stepped" },
					{ "time": 1.6666, "angle": 0 }
				],
				"translate": [
					{
						"time": 0,
						"x": 0,
						"y": -126.57,
						"curve": [ 0.167, 0.49, 0.75, 1 ]
					},
					{
						"time": 0.4333,
						"x": 0,
						"y": -133.47,
						"curve": [ 0.332, 0.56, 0.56, 0.74 ]
					},
					{
						"time": 0.8333,
						"x": 0,
						"y": -126.57,
						"curve": [ 0.167, 0.49, 0.75, 1 ]
					},
					{
						"time": 1.2666,
						"x": 0,
						"y": -133.47,
						"curve": [ 0.332, 0.56, 0.56, 0.74 ]
					},
					{ "time": 1.6666, "x": 0, "y": -126.57 }
				]
			},
			"Ship_All": {
				"rotate": [
					{ "time": 0, "angle": 0, "curve": "stepped" },
					{ "time": 0.8333, "angle": 0 }
				],
				"translate": [
					{ "time": 0, "x": 0, "y": 0, "curve": "stepped" },
					{ "time": 0.8333, "x": 0, "y": 0 }
				]
			},
			"Attack_Point": {
				"rotate": [
					{ "time": 0.0333, "angle": 0, "curve": "stepped" },
					{ "time": 0.8666, "angle": 0 }
				],
				"translate": [
					{ "time": 0.0333, "x": 0, "y": 0, "curve": "stepped" },
					{ "time": 0.8666, "x": 0, "y": 0 }
				]
			},
			"Fire_move": {
				"translate": [
					{ "time": 0, "x": 0, "y": 0, "curve": "stepped" },
					{ "time": 0.0333, "x": 0, "y": -3.44, "curve": "stepped" },
					{ "time": 0.0666, "x": 0, "y": 0, "curve": "stepped" },
					{ "time": 0.1, "x": 0, "y": -3.44, "curve": "stepped" },
					{ "time": 0.1333, "x": 0, "y": 0, "curve": "stepped" },
					{ "time": 0.1666, "x": 0, "y": -3.44, "curve": "stepped" },
					{ "time": 0.2, "x": 0, "y": 0, "curve": "stepped" },
					{ "time": 0.2333, "x": 0, "y": -3.44, "curve": "stepped" },
					{ "time": 0.2666, "x": 0, "y": 0, "curve": "stepped" },
					{ "time": 0.3, "x": 0, "y": -3.44, "curve": "stepped" },
					{ "time": 0.3333, "x": 0, "y": 0, "curve": "stepped" },
					{ "time": 0.3666, "x": 0, "y": -3.44, "curve": "stepped" },
					{ "time": 0.4, "x": 0, "y": 0, "curve": "stepped" },
					{ "time": 0.4333, "x": 0, "y": -3.44, "curve": "stepped" },
					{ "time": 0.4666, "x": 0, "y": 0, "curve": "stepped" },
					{ "time": 0.5, "x": 0, "y": -3.44, "curve": "stepped" },
					{ "time": 0.5333, "x": 0, "y": 0, "curve": "stepped" },
					{ "time": 0.5666, "x": 0, "y": -3.44, "curve": "stepped" },
					{ "time": 0.6, "x": 0, "y": 0, "curve": "stepped" },
					{ "time": 0.6333, "x": 0, "y": -3.44, "curve": "stepped" },
					{ "time": 0.6666, "x": 0, "y": 0, "curve": "stepped" },
					{ "time": 0.7, "x": 0, "y": -3.44, "curve": "stepped" },
					{ "time": 0.7333, "x": 0, "y": 0, "curve": "stepped" },
					{ "time": 0.7666, "x": 0, "y": -3.44, "curve": "stepped" },
					{ "time": 0.8, "x": 0, "y": 0, "curve": "stepped" },
					{ "time": 0.8333, "x": 0, "y": 0, "curve": "stepped" },
					{ "time": 0.8666, "x": 0, "y": -3.44, "curve": "stepped" },
					{ "time": 0.9, "x": 0, "y": 0, "curve": "stepped" },
					{ "time": 0.9333, "x": 0, "y": -3.44, "curve": "stepped" },
					{ "time": 0.9666, "x": 0, "y": 0, "curve": "stepped" },
					{ "time": 1, "x": 0, "y": -3.44, "curve": "stepped" },
					{ "time": 1.0333, "x": 0, "y": 0, "curve": "stepped" },
					{ "time": 1.0666, "x": 0, "y": -3.44, "curve": "stepped" },
					{ "time": 1.1, "x": 0, "y": 0, "curve": "stepped" },
					{ "time": 1.1333, "x": 0, "y": -3.44, "curve": "stepped" },
					{ "time": 1.1666, "x": 0, "y": 0, "curve": "stepped" },
					{ "time": 1.2, "x": 0, "y": -3.44, "curve": "stepped" },
					{ "time": 1.2333, "x": 0, "y": 0, "curve": "stepped" },
					{ "time": 1.2666, "x": 0, "y": -3.44, "curve": "stepped" },
					{ "time": 1.3, "x": 0, "y": 0, "curve": "stepped" },
					{ "time": 1.3333, "x": 0, "y": -3.44, "curve": "stepped" },
					{ "time": 1.3666, "x": 0, "y": 0, "curve": "stepped" },
					{ "time": 1.4, "x": 0, "y": -3.44, "curve": "stepped" },
					{ "time": 1.4333, "x": 0, "y": 0, "curve": "stepped" },
					{ "time": 1.4666, "x": 0, "y": -3.44, "curve": "stepped" },
					{ "time": 1.5, "x": 0, "y": 0, "curve": "stepped" },
					{ "time": 1.5333, "x": 0, "y": -3.44, "curve": "stepped" },
					{ "time": 1.5666, "x": 0, "y": 0, "curve": "stepped" },
					{ "time": 1.6, "x": 0, "y": -3.44, "curve": "stepped" },
					{ "time": 1.6333, "x": 0, "y": 0, "curve": "stepped" },
					{ "time": 1.6666, "x": 0, "y": -3.44 }
				],
				"scale": [
					{ "time": 0, "x": 1, "y": 1, "curve": "stepped" },
					{ "time": 0.0333, "x": 1, "y": 1.223, "curve": "stepped" },
					{ "time": 0.0666, "x": 1, "y": 1, "curve": "stepped" },
					{ "time": 0.1, "x": 1, "y": 1.223, "curve": "stepped" },
					{ "time": 0.1333, "x": 1, "y": 1, "curve": "stepped" },
					{ "time": 0.1666, "x": 1, "y": 1.223, "curve": "stepped" },
					{ "time": 0.2, "x": 1, "y": 1, "curve": "stepped" },
					{ "time": 0.2333, "x": 1, "y": 1.223, "curve": "stepped" },
					{ "time": 0.2666, "x": 1, "y": 1, "curve": "stepped" },
					{ "time": 0.3, "x": 1, "y": 1.223, "curve": "stepped" },
					{ "time": 0.3333, "x": 1, "y": 1, "curve": "stepped" },
					{ "time": 0.3666, "x": 1, "y": 1.223, "curve": "stepped" },
					{ "time": 0.4, "x": 1, "y": 1, "curve": "stepped" },
					{ "time": 0.4333, "x": 1, "y": 1.223, "curve": "stepped" },
					{ "time": 0.4666, "x": 1, "y": 1, "curve": "stepped" },
					{ "time": 0.5, "x": 1, "y": 1.223, "curve": "stepped" },
					{ "time": 0.5333, "x": 1, "y": 1, "curve": "stepped" },
					{ "time": 0.5666, "x": 1, "y": 1.223, "curve": "stepped" },
					{ "time": 0.6, "x": 1, "y": 1, "curve": "stepped" },
					{ "time": 0.6333, "x": 1, "y": 1.223, "curve": "stepped" },
					{ "time": 0.6666, "x": 1, "y": 1, "curve": "stepped" },
					{ "time": 0.7, "x": 1, "y": 1.223, "curve": "stepped" },
					{ "time": 0.7333, "x": 1, "y": 1, "curve": "stepped" },
					{ "time": 0.7666, "x": 1, "y": 1.223, "curve": "stepped" },
					{ "time": 0.8, "x": 1, "y": 1, "curve": "stepped" },
					{ "time": 0.8333, "x": 1, "y": 1, "curve": "stepped" },
					{ "time": 0.8666, "x": 1, "y": 1.223, "curve": "stepped" },
					{ "time": 0.9, "x": 1, "y": 1, "curve": "stepped" },
					{ "time": 0.9333, "x": 1, "y": 1.223, "curve": "stepped" },
					{ "time": 0.9666, "x": 1, "y": 1, "curve": "stepped" },
					{ "time": 1, "x": 1, "y": 1.223, "curve": "stepped" },
					{ "time": 1.0333, "x": 1, "y": 1, "curve": "stepped" },
					{ "time": 1.0666, "x": 1, "y": 1.223, "curve": "stepped" },
					{ "time": 1.1, "x": 1, "y": 1, "curve": "stepped" },
					{ "time": 1.1333, "x": 1, "y": 1.223, "curve": "stepped" },
					{ "time": 1.1666, "x": 1, "y": 1, "curve": "stepped" },
					{ "time": 1.2, "x": 1, "y": 1.223, "curve": "stepped" },
					{ "time": 1.2333, "x": 1, "y": 1, "curve": "stepped" },
					{ "time": 1.2666, "x": 1, "y": 1.223, "curve": "stepped" },
					{ "time": 1.3, "x": 1, "y": 1, "curve": "stepped" },
					{ "time": 1.3333, "x": 1, "y": 1.223, "curve": "stepped" },
					{ "time": 1.3666, "x": 1, "y": 1, "curve": "stepped" },
					{ "time": 1.4, "x": 1, "y": 1.223, "curve": "stepped" },
					{ "time": 1.4333, "x": 1, "y": 1, "curve": "stepped" },
					{ "time": 1.4666, "x": 1, "y": 1.223, "curve": "stepped" },
					{ "time": 1.5, "x": 1, "y": 1, "curve": "stepped" },
					{ "time": 1.5333, "x": 1, "y": 1.223, "curve": "stepped" },
					{ "time": 1.5666, "x": 1, "y": 1, "curve": "stepped" },
					{ "time": 1.6, "x": 1, "y": 1.223, "curve": "stepped" },
					{ "time": 1.6333, "x": 1, "y": 1, "curve": "stepped" },
					{ "time": 1.6666, "x": 1, "y": 1.223 }
				]
			},
			"Enemy_tail_root_08": {
				"rotate": [
					{ "time": 0, "angle": 0 },
					{ "time": 0.4333, "angle": -1.17 },
					{ "time": 0.8333, "angle": -4.12 },
					{ "time": 1.2666, "angle": 5.28 },
					{ "time": 1.6666, "angle": 0 }
				]
			},
			"Enemy_tail_root_06": {
				"rotate": [
					{ "time": 0, "angle": 0 },
					{ "time": 0.4333, "angle": 9.4 },
					{ "time": 0.8333, "angle": 5.36 },
					{ "time": 1.2666, "angle": -28.77 },
					{ "time": 1.6666, "angle": 0 }
				]
			},
			"Enemy_tail_root_15": {
				"rotate": [
					{ "time": 0, "angle": 0 },
					{ "time": 0.4333, "angle": -22.36 },
					{ "time": 0.8333, "angle": -4.87 },
					{ "time": 1.2666, "angle": -18.78 },
					{ "time": 1.6666, "angle": 0 }
				]
			},
			"Enemy_tail_root_13": {
				"rotate": [
					{ "time": 0, "angle": 0 },
					{ "time": 0.4333, "angle": 17.65 },
					{ "time": 0.8333, "angle": 5.81 },
					{ "time": 1.2666, "angle": 8.42 },
					{ "time": 1.6666, "angle": 0 }
				]
			},
			"Enemy_tail_root_09": {
				"rotate": [
					{ "time": 0, "angle": 0 },
					{ "time": 0.4333, "angle": 13.17 },
					{ "time": 0.8333, "angle": 3.25 },
					{ "time": 1.2666, "angle": 0.45 },
					{ "time": 1.6666, "angle": 0 }
				]
			},
			"Enemy_tail_root_07": {
				"rotate": [
					{ "time": 0, "angle": 0 },
					{ "time": 0.4333, "angle": -5.33 },
					{ "time": 0.8333, "angle": -2.63 },
					{ "time": 1.2666, "angle": -7.69 },
					{ "time": 1.6666, "angle": 0 }
				]
			},
			"Enemy_tail_root_12": {
				"rotate": [
					{ "time": 0, "angle": 0 },
					{ "time": 0.4333, "angle": 11.9 },
					{ "time": 0.8333, "angle": 1.51 },
					{ "time": 1.2666, "angle": 9.86 },
					{ "time": 1.6666, "angle": 0 }
				]
			},
			"Enemy_tail_root_03": {
				"rotate": [
					{ "time": 0, "angle": 0 },
					{ "time": 0.4333, "angle": -12.34 },
					{ "time": 0.8333, "angle": -28.24 },
					{ "time": 1.2666, "angle": -11.85 },
					{ "time": 1.6666, "angle": 0 }
				]
			},
			"Enemy_tail_root_00": {
				"rotate": [
					{ "time": 0, "angle": 0 },
					{ "time": 0.4333, "angle": -10.28 },
					{ "time": 0.8333, "angle": 16.82 },
					{ "time": 1.2666, "angle": 7.12 },
					{ "time": 1.6666, "angle": 0 }
				]
			},
			"Enemy_tail_root_02": {
				"rotate": [
					{ "time": 0, "angle": 0 },
					{ "time": 0.4333, "angle": -9.64 },
					{ "time": 0.8333, "angle": -10.78 },
					{ "time": 1.2666, "angle": 0.78 },
					{ "time": 1.6666, "angle": 0 }
				]
			},
			"Enemy_tail_root_11": {
				"rotate": [
					{ "time": 0, "angle": 0 },
					{ "time": 0.4333, "angle": -5.6 },
					{ "time": 0.8333, "angle": -5.9 },
					{ "time": 1.2666, "angle": -2.03 },
					{ "time": 1.6666, "angle": 0 }
				]
			},
			"Enemy_tail_root_14": {
				"rotate": [
					{ "time": 0, "angle": 0 },
					{ "time": 0.4333, "angle": 15.88 },
					{ "time": 0.8333, "angle": 8.58 },
					{ "time": 1.2666, "angle": 11.16 },
					{ "time": 1.6666, "angle": 0 }
				]
			},
			"Enemy_tail_root_05": {
				"rotate": [
					{ "time": 0, "angle": 0 },
					{ "time": 0.4333, "angle": 13.05 },
					{ "time": 0.8333, "angle": 4.44 },
					{ "time": 1.2666, "angle": 12.36 },
					{ "time": 1.6666, "angle": 0 }
				]
			},
			"Enemy_tail_root_10": {
				"rotate": [
					{ "time": 0, "angle": 0 },
					{ "time": 0.4333, "angle": -17.74 },
					{ "time": 0.8333, "angle": -3.14 },
					{ "time": 1.2666, "angle": -2.61 },
					{ "time": 1.6666, "angle": 0 }
				]
			},
			"Enemy_tail_root_01": {
				"rotate": [
					{ "time": 0, "angle": 0 },
					{ "time": 0.4333, "angle": 5.19 },
					{ "time": 0.8333, "angle": -8.29 },
					{ "time": 1.2666, "angle": 10.43 },
					{ "time": 1.6666, "angle": 0 }
				]
			},
			"Enemy_tail_root_04": {
				"rotate": [
					{ "time": 0, "angle": 0 },
					{ "time": 0.4333, "angle": 4.12 },
					{ "time": 0.8333, "angle": 18.48 },
					{ "time": 1.2666, "angle": -4.19 },
					{ "time": 1.6666, "angle": 0 }
				]
			}
		},
		"events": [
			{ "time": 0.0333, "name": "attack_point" }
		]
	},
	"normal": {
		"slots": {
			"Fire": {
				"attachment": [
					{ "time": 0, "name": "Fire_change" }
				]
			},
			"Light": {
				"color": [
					{
						"time": 0,
						"color": "ffffffff",
						"curve": [ 0.13, 0.39, 0.716, 0.99 ]
					},
					{
						"time": 0.4333,
						"color": "ffffff7e",
						"curve": [ 0.154, 0.4, 0.735, 0.97 ]
					},
					{ "time": 0.8333, "color": "ffffffff" },
					{
						"time": 1.2666,
						"color": "ffffff7e",
						"curve": [ 0.154, 0.4, 0.735, 0.97 ]
					},
					{ "time": 1.6666, "color": "ffffffff" }
				]
			},
			"Rodney_body_normal_light": {
				"attachment": [
					{ "time": 0, "name": null }
				]
			},
			"light_line_29_00": {
				"attachment": [
					{ "time": 0, "name": "light_line_29_00" },
					{ "time": 0.0666, "name": null },
					{ "time": 0.6666, "name": "light_line_29_00" },
					{ "time": 0.7333, "name": null },
					{ "time": 1.3333, "name": "light_line_29_00" },
					{ "time": 1.4, "name": null },
					{ "time": 1.6666, "name": "light_line_29_00" }
				]
			},
			"light_line_29_01": {
				"attachment": [
					{ "time": 0, "name": null },
					{ "time": 0.0666, "name": "light_line_29_01" },
					{ "time": 0.1333, "name": null },
					{ "time": 0.7333, "name": "light_line_29_01" },
					{ "time": 0.8, "name": null },
					{ "time": 1.6666, "name": null }
				]
			},
			"light_line_29_02": {
				"attachment": [
					{ "time": 0, "name": null },
					{ "time": 0.1333, "name": "light_line_29_02" },
					{ "time": 0.2, "name": null },
					{ "time": 0.8, "name": "light_line_29_02" },
					{ "time": 0.8666, "name": null },
					{ "time": 1.4, "name": "light_line_29_02" },
					{ "time": 1.4666, "name": null },
					{ "time": 1.6666, "name": null }
				]
			},
			"light_line_29_03": {
				"attachment": [
					{ "time": 0, "name": null },
					{ "time": 0.2, "name": "light_line_29_03" },
					{ "time": 0.2666, "name": null },
					{ "time": 0.8666, "name": "light_line_29_03" },
					{ "time": 0.9333, "name": null },
					{ "time": 1.6666, "name": null }
				]
			},
			"light_line_29_05": {
				"attachment": [
					{ "time": 0, "name": null },
					{ "time": 0.2666, "name": "light_line_29_05" },
					{ "time": 0.3333, "name": null },
					{ "time": 0.9333, "name": "light_line_29_05" },
					{ "time": 1, "name": null },
					{ "time": 1.4666, "name": "light_line_29_05" },
					{ "time": 1.5333, "name": null },
					{ "time": 1.6666, "name": null }
				]
			},
			"light_line_29_06": {
				"attachment": [
					{ "time": 0, "name": null },
					{ "time": 0.3333, "name": "light_line_29_06" },
					{ "time": 0.4, "name": null },
					{ "time": 0.6666, "name": null },
					{ "time": 1, "name": "light_line_29_06" },
					{ "time": 1.0666, "name": null },
					{ "time": 1.3333, "name": null }
				]
			},
			"light_line_29_07": {
				"attachment": [
					{ "time": 0, "name": null },
					{ "time": 0.4, "name": "light_line_29_07" },
					{ "time": 0.4666, "name": null },
					{ "time": 1.0666, "name": "light_line_29_07" },
					{ "time": 1.1333, "name": null },
					{ "time": 1.5333, "name": "light_line_29_07" },
					{ "time": 1.6, "name": null },
					{ "time": 1.6666, "name": null }
				]
			},
			"light_line_29_08": {
				"attachment": [
					{ "time": 0, "name": null },
					{ "time": 0.4666, "name": "light_line_29_08" },
					{ "time": 0.5333, "name": null },
					{ "time": 1.1333, "name": "light_line_29_08" },
					{ "time": 1.2, "name": null },
					{ "time": 1.6666, "name": null }
				]
			},
			"light_line_29_09": {
				"attachment": [
					{ "time": 0, "name": null },
					{ "time": 0.5333, "name": "light_line_29_09" },
					{ "time": 0.6, "name": null },
					{ "time": 1.2, "name": "light_line_29_09" },
					{ "time": 1.2666, "name": null },
					{ "time": 1.6, "name": "light_line_29_09" },
					{ "time": 1.6666, "name": null }
				]
			},
			"light_line_29_10": {
				"attachment": [
					{ "time": 0, "name": null },
					{ "time": 0.6, "name": "light_line_29_10" },
					{ "time": 0.6666, "name": null },
					{ "time": 1.2666, "name": "light_line_29_10" },
					{ "time": 1.3333, "name": null },
					{ "time": 1.6666, "name": null }
				]
			}
		},
		"bones": {
			"Root_All": {
				"rotate": [
					{ "time": 0, "angle": 0, "curve": "stepped" },
					{ "time": 0.8333, "angle": 0 }
				],
				"translate": [
					{ "time": 0, "x": 0, "y": 0, "curve": "stepped" },
					{ "time": 0.8333, "x": 0, "y": 0 }
				]
			},
			"Ship_All": {
				"rotate": [
					{ "time": 0, "angle": 0, "curve": "stepped" },
					{ "time": 0.8333, "angle": 0 }
				],
				"translate": [
					{ "time": 0, "x": 0, "y": 0, "curve": "stepped" },
					{ "time": 0.8333, "x": 0, "y": 0 }
				]
			},
			"Body": {
				"rotate": [
					{ "time": 0, "angle": 0, "curve": "stepped" },
					{ "time": 0.8333, "angle": 0, "curve": "stepped" },
					{ "time": 1.6666, "angle": 0 }
				],
				"translate": [
					{
						"time": 0,
						"x": 0,
						"y": -126.57,
						"curve": [ 0.167, 0.49, 0.75, 1 ]
					},
					{
						"time": 0.4333,
						"x": 0,
						"y": -133.47,
						"curve": [ 0.332, 0.56, 0.56, 0.74 ]
					},
					{
						"time": 0.8333,
						"x": 0,
						"y": -126.57,
						"curve": [ 0.167, 0.49, 0.75, 1 ]
					},
					{
						"time": 1.2666,
						"x": 0,
						"y": -133.47,
						"curve": [ 0.332, 0.56, 0.56, 0.74 ]
					},
					{ "time": 1.6666, "x": 0, "y": -126.57 }
				]
			},
			"Fire_move": {
				"translate": [
					{ "time": 0, "x": 0, "y": 0, "curve": "stepped" },
					{ "time": 0.0333, "x": 0, "y": -3.44, "curve": "stepped" },
					{ "time": 0.0666, "x": 0, "y": 0, "curve": "stepped" },
					{ "time": 0.1, "x": 0, "y": -3.44, "curve": "stepped" },
					{ "time": 0.1333, "x": 0, "y": 0, "curve": "stepped" },
					{ "time": 0.1666, "x": 0, "y": -3.44, "curve": "stepped" },
					{ "time": 0.2, "x": 0, "y": 0, "curve": "stepped" },
					{ "time": 0.2333, "x": 0, "y": -3.44, "curve": "stepped" },
					{ "time": 0.2666, "x": 0, "y": 0, "curve": "stepped" },
					{ "time": 0.3, "x": 0, "y": -3.44, "curve": "stepped" },
					{ "time": 0.3333, "x": 0, "y": 0, "curve": "stepped" },
					{ "time": 0.3666, "x": 0, "y": -3.44, "curve": "stepped" },
					{ "time": 0.4, "x": 0, "y": 0, "curve": "stepped" },
					{ "time": 0.4333, "x": 0, "y": -3.44, "curve": "stepped" },
					{ "time": 0.4666, "x": 0, "y": 0, "curve": "stepped" },
					{ "time": 0.5, "x": 0, "y": -3.44, "curve": "stepped" },
					{ "time": 0.5333, "x": 0, "y": 0, "curve": "stepped" },
					{ "time": 0.5666, "x": 0, "y": -3.44, "curve": "stepped" },
					{ "time": 0.6, "x": 0, "y": 0, "curve": "stepped" },
					{ "time": 0.6333, "x": 0, "y": -3.44, "curve": "stepped" },
					{ "time": 0.6666, "x": 0, "y": 0, "curve": "stepped" },
					{ "time": 0.7, "x": 0, "y": -3.44, "curve": "stepped" },
					{ "time": 0.7333, "x": 0, "y": 0, "curve": "stepped" },
					{ "time": 0.7666, "x": 0, "y": -3.44, "curve": "stepped" },
					{ "time": 0.8, "x": 0, "y": 0, "curve": "stepped" },
					{ "time": 0.8333, "x": 0, "y": -3.44, "curve": "stepped" },
					{ "time": 0.8666, "x": 0, "y": -3.44, "curve": "stepped" },
					{ "time": 0.9, "x": 0, "y": 0, "curve": "stepped" },
					{ "time": 0.9333, "x": 0, "y": -3.44, "curve": "stepped" },
					{ "time": 0.9666, "x": 0, "y": 0, "curve": "stepped" },
					{ "time": 1, "x": 0, "y": -3.44, "curve": "stepped" },
					{ "time": 1.0333, "x": 0, "y": 0, "curve": "stepped" },
					{ "time": 1.0666, "x": 0, "y": -3.44, "curve": "stepped" },
					{ "time": 1.1, "x": 0, "y": 0, "curve": "stepped" },
					{ "time": 1.1333, "x": 0, "y": -3.44, "curve": "stepped" },
					{ "time": 1.1666, "x": 0, "y": 0, "curve": "stepped" },
					{ "time": 1.2, "x": 0, "y": -3.44, "curve": "stepped" },
					{ "time": 1.2333, "x": 0, "y": 0, "curve": "stepped" },
					{ "time": 1.2666, "x": 0, "y": -3.44, "curve": "stepped" },
					{ "time": 1.3, "x": 0, "y": 0, "curve": "stepped" },
					{ "time": 1.3333, "x": 0, "y": -3.44, "curve": "stepped" },
					{ "time": 1.3666, "x": 0, "y": 0, "curve": "stepped" },
					{ "time": 1.4, "x": 0, "y": -3.44, "curve": "stepped" },
					{ "time": 1.4333, "x": 0, "y": 0, "curve": "stepped" },
					{ "time": 1.4666, "x": 0, "y": -3.44, "curve": "stepped" },
					{ "time": 1.5, "x": 0, "y": 0, "curve": "stepped" },
					{ "time": 1.5333, "x": 0, "y": -3.44, "curve": "stepped" },
					{ "time": 1.5666, "x": 0, "y": 0, "curve": "stepped" },
					{ "time": 1.6, "x": 0, "y": -3.44, "curve": "stepped" },
					{ "time": 1.6333, "x": 0, "y": 0, "curve": "stepped" },
					{ "time": 1.6666, "x": 0, "y": -3.44 }
				],
				"scale": [
					{ "time": 0, "x": 1, "y": 1, "curve": "stepped" },
					{ "time": 0.0333, "x": 1, "y": 1.223, "curve": "stepped" },
					{ "time": 0.0666, "x": 1, "y": 1, "curve": "stepped" },
					{ "time": 0.1, "x": 1, "y": 1.223, "curve": "stepped" },
					{ "time": 0.1333, "x": 1, "y": 1, "curve": "stepped" },
					{ "time": 0.1666, "x": 1, "y": 1.223, "curve": "stepped" },
					{ "time": 0.2, "x": 1, "y": 1, "curve": "stepped" },
					{ "time": 0.2333, "x": 1, "y": 1.223, "curve": "stepped" },
					{ "time": 0.2666, "x": 1, "y": 1, "curve": "stepped" },
					{ "time": 0.3, "x": 1, "y": 1.223, "curve": "stepped" },
					{ "time": 0.3333, "x": 1, "y": 1, "curve": "stepped" },
					{ "time": 0.3666, "x": 1, "y": 1.223, "curve": "stepped" },
					{ "time": 0.4, "x": 1, "y": 1, "curve": "stepped" },
					{ "time": 0.4333, "x": 1, "y": 1.223, "curve": "stepped" },
					{ "time": 0.4666, "x": 1, "y": 1, "curve": "stepped" },
					{ "time": 0.5, "x": 1, "y": 1.223, "curve": "stepped" },
					{ "time": 0.5333, "x": 1, "y": 1, "curve": "stepped" },
					{ "time": 0.5666, "x": 1, "y": 1.223, "curve": "stepped" },
					{ "time": 0.6, "x": 1, "y": 1, "curve": "stepped" },
					{ "time": 0.6333, "x": 1, "y": 1.223, "curve": "stepped" },
					{ "time": 0.6666, "x": 1, "y": 1, "curve": "stepped" },
					{ "time": 0.7, "x": 1, "y": 1.223, "curve": "stepped" },
					{ "time": 0.7333, "x": 1, "y": 1, "curve": "stepped" },
					{ "time": 0.7666, "x": 1, "y": 1.223, "curve": "stepped" },
					{ "time": 0.8, "x": 1, "y": 1, "curve": "stepped" },
					{ "time": 0.8333, "x": 1, "y": 1.223, "curve": "stepped" },
					{ "time": 0.8666, "x": 1, "y": 1.223, "curve": "stepped" },
					{ "time": 0.9, "x": 1, "y": 1, "curve": "stepped" },
					{ "time": 0.9333, "x": 1, "y": 1.223, "curve": "stepped" },
					{ "time": 0.9666, "x": 1, "y": 1, "curve": "stepped" },
					{ "time": 1, "x": 1, "y": 1.223, "curve": "stepped" },
					{ "time": 1.0333, "x": 1, "y": 1, "curve": "stepped" },
					{ "time": 1.0666, "x": 1, "y": 1.223, "curve": "stepped" },
					{ "time": 1.1, "x": 1, "y": 1, "curve": "stepped" },
					{ "time": 1.1333, "x": 1, "y": 1.223, "curve": "stepped" },
					{ "time": 1.1666, "x": 1, "y": 1, "curve": "stepped" },
					{ "time": 1.2, "x": 1, "y": 1.223, "curve": "stepped" },
					{ "time": 1.2333, "x": 1, "y": 1, "curve": "stepped" },
					{ "time": 1.2666, "x": 1, "y": 1.223, "curve": "stepped" },
					{ "time": 1.3, "x": 1, "y": 1, "curve": "stepped" },
					{ "time": 1.3333, "x": 1, "y": 1.223, "curve": "stepped" },
					{ "time": 1.3666, "x": 1, "y": 1, "curve": "stepped" },
					{ "time": 1.4, "x": 1, "y": 1.223, "curve": "stepped" },
					{ "time": 1.4333, "x": 1, "y": 1, "curve": "stepped" },
					{ "time": 1.4666, "x": 1, "y": 1.223, "curve": "stepped" },
					{ "time": 1.5, "x": 1, "y": 1, "curve": "stepped" },
					{ "time": 1.5333, "x": 1, "y": 1.223, "curve": "stepped" },
					{ "time": 1.5666, "x": 1, "y": 1, "curve": "stepped" },
					{ "time": 1.6, "x": 1, "y": 1.223, "curve": "stepped" },
					{ "time": 1.6333, "x": 1, "y": 1, "curve": "stepped" },
					{ "time": 1.6666, "x": 1, "y": 1.223 }
				]
			},
			"Enemy_tail_root_00": {
				"rotate": [
					{ "time": 0, "angle": 0 },
					{ "time": 0.4333, "angle": -10.28 },
					{ "time": 0.8333, "angle": 16.82 },
					{ "time": 1.2666, "angle": 7.12 },
					{ "time": 1.6666, "angle": 0 }
				]
			},
			"Enemy_tail_root_15": {
				"rotate": [
					{ "time": 0, "angle": 0 },
					{ "time": 0.4333, "angle": -22.36 },
					{ "time": 0.8333, "angle": -4.87 },
					{ "time": 1.2666, "angle": -18.78 },
					{ "time": 1.6666, "angle": 0 }
				]
			},
			"Enemy_tail_root_14": {
				"rotate": [
					{ "time": 0, "angle": 0 },
					{ "time": 0.4333, "angle": 15.88 },
					{ "time": 0.8333, "angle": 8.58 },
					{ "time": 1.2666, "angle": 11.16 },
					{ "time": 1.6666, "angle": 0 }
				]
			},
			"Enemy_tail_root_13": {
				"rotate": [
					{ "time": 0, "angle": 0 },
					{ "time": 0.4333, "angle": 17.65 },
					{ "time": 0.8333, "angle": 5.81 },
					{ "time": 1.2666, "angle": 8.42 },
					{ "time": 1.6666, "angle": 0 }
				]
			},
			"Enemy_tail_root_12": {
				"rotate": [
					{ "time": 0, "angle": 0 },
					{ "time": 0.4333, "angle": 11.9 },
					{ "time": 0.8333, "angle": 1.51 },
					{ "time": 1.2666, "angle": 9.86 },
					{ "time": 1.6666, "angle": 0 }
				]
			},
			"Enemy_tail_root_11": {
				"rotate": [
					{ "time": 0, "angle": 0 },
					{ "time": 0.4333, "angle": -5.6 },
					{ "time": 0.8333, "angle": -5.9 },
					{ "time": 1.2666, "angle": -2.03 },
					{ "time": 1.6666, "angle": 0 }
				]
			},
			"Enemy_tail_root_10": {
				"rotate": [
					{ "time": 0, "angle": 0 },
					{ "time": 0.4333, "angle": -17.74 },
					{ "time": 0.8333, "angle": -3.14 },
					{ "time": 1.2666, "angle": -2.61 },
					{ "time": 1.6666, "angle": 0 }
				]
			},
			"Enemy_tail_root_09": {
				"rotate": [
					{ "time": 0, "angle": 0 },
					{ "time": 0.4333, "angle": 13.17 },
					{ "time": 0.8333, "angle": 3.25 },
					{ "time": 1.2666, "angle": 0.45 },
					{ "time": 1.6666, "angle": 0 }
				]
			},
			"Enemy_tail_root_08": {
				"rotate": [
					{ "time": 0, "angle": 0 },
					{ "time": 0.4333, "angle": -1.17 },
					{ "time": 0.8333, "angle": -4.12 },
					{ "time": 1.2666, "angle": 5.28 },
					{ "time": 1.6666, "angle": 0 }
				]
			},
			"Enemy_tail_root_07": {
				"rotate": [
					{ "time": 0, "angle": 0 },
					{ "time": 0.4333, "angle": -5.33 },
					{ "time": 0.8333, "angle": -2.63 },
					{ "time": 1.2666, "angle": -7.69 },
					{ "time": 1.6666, "angle": 0 }
				]
			},
			"Enemy_tail_root_06": {
				"rotate": [
					{ "time": 0, "angle": 0 },
					{ "time": 0.4333, "angle": 9.4 },
					{ "time": 0.8333, "angle": 5.36 },
					{ "time": 1.2666, "angle": -28.77 },
					{ "time": 1.6666, "angle": 0 }
				]
			},
			"Enemy_tail_root_05": {
				"rotate": [
					{ "time": 0, "angle": 0 },
					{ "time": 0.4333, "angle": 13.05 },
					{ "time": 0.8333, "angle": 4.44 },
					{ "time": 1.2666, "angle": 12.36 },
					{ "time": 1.6666, "angle": 0 }
				]
			},
			"Enemy_tail_root_04": {
				"rotate": [
					{ "time": 0, "angle": 0 },
					{ "time": 0.4333, "angle": 4.12 },
					{ "time": 0.8333, "angle": 18.48 },
					{ "time": 1.2666, "angle": -4.19 },
					{ "time": 1.6666, "angle": 0 }
				]
			},
			"Enemy_tail_root_03": {
				"rotate": [
					{ "time": 0, "angle": 0 },
					{ "time": 0.4333, "angle": -12.34 },
					{ "time": 0.8333, "angle": -28.24 },
					{ "time": 1.2666, "angle": -11.85 },
					{ "time": 1.6666, "angle": 0 }
				]
			},
			"Enemy_tail_root_02": {
				"rotate": [
					{ "time": 0, "angle": 0 },
					{ "time": 0.4333, "angle": -9.64 },
					{ "time": 0.8333, "angle": -10.78 },
					{ "time": 1.2666, "angle": 0.78 },
					{ "time": 1.6666, "angle": 0 }
				]
			},
			"Enemy_tail_root_01": {
				"rotate": [
					{ "time": 0, "angle": 0 },
					{ "time": 0.4333, "angle": 5.19 },
					{ "time": 0.8333, "angle": -8.29 },
					{ "time": 1.2666, "angle": 10.43 },
					{ "time": 1.6666, "angle": 0 }
				]
			}
		}
	}
}
}