{
"skeleton": { "hash": "EyJUEJt3nef9bQ1URA+kpH63yyA", "spine": "3.2.01", "width": 400, "height": 402, "images": "" },
"bones": [
	{ "name": "root" },
	{ "name": "bone2", "parent": "root" },
	{ "name": "star", "parent": "bone2" },
	{ "name": "black", "parent": "star", "x": 144.51, "y": 79.84, "scaleX": 2, "scaleY": 2 },
	{ "name": "light", "parent": "star", "x": 144.51, "y": 79.84, "scaleX": 2, "scaleY": 2 }
],
"slots": [
	{ "name": "black", "bone": "black", "attachment": "black" },
	{ "name": "A", "bone": "light", "attachment": "A" },
	{ "name": "1", "bone": "light", "attachment": "1" }
],
"skins": {
	"default": {
		"1": {
			"1": { "width": 196, "height": 198 },
			"2": { "width": 196, "height": 198 },
			"3": { "width": 196, "height": 198 },
			"4": { "width": 196, "height": 198 },
			"5": { "width": 196, "height": 198 },
			"6": { "width": 196, "height": 198 },
			"7": { "width": 196, "height": 198 },
			"8": { "width": 196, "height": 198 },
			"9": { "width": 196, "height": 198 },
			"10": { "width": 196, "height": 198 }
		},
		"A": {
			"A": { "width": 196, "height": 198 }
		},
		"black": {
			"black": { "width": 200, "height": 201 }
		}
	}
},
"animations": {
	"normal": {
		"slots": {
			"1": {
				"attachment": [
					{ "time": 0, "name": "1" },
					{ "time": 0.1333, "name": "2" },
					{ "time": 0.2666, "name": "3" },
					{ "time": 0.4, "name": "4" },
					{ "time": 0.5333, "name": "5" },
					{ "time": 0.6666, "name": "6" },
					{ "time": 0.8, "name": "7" },
					{ "time": 0.9333, "name": "8" },
					{ "time": 1.0666, "name": "9" },
					{ "time": 1.2, "name": "10" },
					{ "time": 1.3333, "name": "1" },
					{ "time": 1.4666, "name": "2" },
					{ "time": 1.6, "name": "3" },
					{ "time": 1.7333, "name": "4" },
					{ "time": 1.8666, "name": "5" },
					{ "time": 2, "name": "6" },
					{ "time": 2.1333, "name": "7" },
					{ "time": 2.2666, "name": "8" },
					{ "time": 2.4, "name": "9" },
					{ "time": 2.5333, "name": "10" }
				]
			}
		},
		"bones": {
			"light": {
				"rotate": [
					{ "time": 0, "angle": 0, "curve": "stepped" },
					{ "time": 2.5333, "angle": 0 }
				],
				"scale": [
					{ "time": 0, "x": 1, "y": 1 },
					{ "time": 1.2, "x": 0.99, "y": 0.99 },
					{ "time": 2.5333, "x": 1, "y": 1 }
				]
			}
		}
	}
}
}