{
"skeleton": { "hash": "HGF5ZRPi231zt+TpUzVA5UKv+vU", "spine": "3.2.01", "width": 278.05, "height": 262.5, "images": "" },
"bones": [
	{ "name": "Root_All", "y": 80, "scaleX": 0.7, "scaleY": 0.7 },
	{ "name": "Ship_All", "parent": "Root_All" },
	{ "name": "Missile", "parent": "Ship_All", "length": 126.21, "rotation": 90, "scaleX": 1.25, "scaleY": 1.25 },
	{ "name": "Attack_Point", "parent": "Missile", "length": 25.69, "rotation": -88.64, "x": 5.64, "y": -58.17 },
	{ "name": "Booster", "parent": "Ship_All", "x": -43.94, "y": -18.21, "scaleX": 1.2, "scaleY": 1.196 },
	{ "name": "Damage_Point", "parent": "Missile", "length": 22.56, "rotation": -90, "x": 11.09, "y": -16.91 },
	{ "name": "Fire", "parent": "Missile", "x": -53.6, "y": 108.45 },
	{ "name": "Fire2", "parent": "Missile", "x": -53.6, "y": 108.45 },
	{ "name": "Fire3", "parent": "Missile", "x": -53.6, "y": 108.45 },
	{ "name": "Fire4", "parent": "Missile", "x": -53.6, "y": 108.45 },
	{ "name": "Throw_Point", "parent": "Missile", "length": 24.71, "rotation": -142.06, "x": -8.05, "y": -23.79 }
],
"slots": [
	{ "name": "Fire_picture", "bone": "Fire", "attachment": "Fire_change_1" },
	{ "name": "Fire_picture3", "bone": "Fire3", "attachment": "Fire_change_1" },
	{ "name": "Fire_picture2", "bone": "Fire2", "attachment": "Fire_change_7", "blend": "additive" },
	{ "name": "Fire_picture4", "bone": "Fire4", "attachment": "Fire_change_6", "blend": "additive" },
	{ "name": "Booster_picture", "bone": "Booster", "attachment": "Booster_change" },
	{ "name": "Missile_picture", "bone": "Missile", "attachment": "Missile_change" }
],
"skins": {
	"default": {},
	"2000": {
		"Booster_picture": {
			"Booster_change": { "name": "Booster_00", "x": 26.41, "y": 14.08, "width": 300, "height": 300 }
		},
		"Fire_picture3": {
			"Fire_change_1": { "name": "Fire_line_0001", "x": 58.15, "y": -5.67, "rotation": -90, "width": 130, "height": 60 },
			"Fire_change_2": { "name": "Fire_line_0002", "x": 58.15, "y": -5.67, "rotation": -90, "width": 130, "height": 60 },
			"Fire_change_3": { "name": "Fire_line_0003", "x": 58.15, "y": -5.67, "rotation": -90, "width": 130, "height": 60 },
			"Fire_change_4": { "name": "Fire_line_0004", "x": 58.15, "y": -5.67, "rotation": -90, "width": 130, "height": 60 },
			"Fire_change_5": { "name": "Fire_line_0005", "x": 58.15, "y": -5.67, "rotation": -90, "width": 130, "height": 60 },
			"Fire_change_6": { "name": "Fire_line_0006", "x": 58.15, "y": -5.67, "rotation": -90, "width": 130, "height": 60 },
			"Fire_change_7": { "name": "Fire_line_0007", "x": 58.15, "y": -5.67, "rotation": -90, "width": 130, "height": 60 }
		},
		"Fire_picture4": {
			"Fire_change_1": { "name": "Fire_line_0001", "x": 58.15, "y": -5.67, "scaleY": 0.52, "rotation": -90, "width": 130, "height": 60 },
			"Fire_change_2": { "name": "Fire_line_0002", "x": 58.15, "y": -5.67, "scaleY": 0.52, "rotation": -90, "width": 130, "height": 60 },
			"Fire_change_3": { "name": "Fire_line_0003", "x": 58.15, "y": -5.67, "scaleY": 0.52, "rotation": -90, "width": 130, "height": 60 },
			"Fire_change_4": { "name": "Fire_line_0004", "x": 58.15, "y": -5.67, "scaleY": 0.52, "rotation": -90, "width": 130, "height": 60 },
			"Fire_change_5": { "name": "Fire_line_0005", "x": 58.15, "y": -5.67, "scaleY": 0.52, "rotation": -90, "width": 130, "height": 60 },
			"Fire_change_6": { "name": "Fire_line_0006", "x": 58.15, "y": -5.67, "scaleY": 0.52, "rotation": -90, "width": 130, "height": 60 },
			"Fire_change_7": { "name": "Fire_line_0007", "x": 58.15, "y": -5.67, "scaleY": 0.52, "rotation": -90, "width": 130, "height": 60 }
		},
		"Missile_picture": {
			"Missile_change": { "name": "Missile_00", "rotation": -90, "width": 300, "height": 300 }
		}
	},
	"2001": {
		"Fire_picture": {
			"Fire_change_1": { "name": "Fire_line_0001", "x": 58.15, "y": -5.67, "rotation": -90, "width": 130, "height": 60 },
			"Fire_change_2": { "name": "Fire_line_0002", "x": 58.15, "y": -5.67, "rotation": -90, "width": 130, "height": 60 },
			"Fire_change_3": { "name": "Fire_line_0003", "x": 58.15, "y": -5.67, "rotation": -90, "width": 130, "height": 60 },
			"Fire_change_4": { "name": "Fire_line_0004", "x": 58.15, "y": -5.67, "rotation": -90, "width": 130, "height": 60 },
			"Fire_change_5": { "name": "Fire_line_0005", "x": 58.15, "y": -5.67, "rotation": -90, "width": 130, "height": 60 },
			"Fire_change_6": { "name": "Fire_line_0006", "x": 58.15, "y": -5.67, "rotation": -90, "width": 130, "height": 60 },
			"Fire_change_7": { "name": "Fire_line_0007", "x": 58.15, "y": -5.67, "rotation": -90, "width": 130, "height": 60 }
		},
		"Fire_picture2": {
			"Fire_change_1": { "name": "Fire_line_0001", "x": 58.15, "y": -5.67, "scaleY": 0.516, "rotation": -90, "width": 130, "height": 60 },
			"Fire_change_2": { "name": "Fire_line_0002", "x": 58.15, "y": -5.67, "scaleY": 0.52, "rotation": -90, "width": 130, "height": 60 },
			"Fire_change_3": { "name": "Fire_line_0003", "x": 58.15, "y": -5.67, "scaleY": 0.52, "rotation": -90, "width": 130, "height": 60 },
			"Fire_change_4": { "name": "Fire_line_0004", "x": 58.15, "y": -5.67, "scaleY": 0.52, "rotation": -90, "width": 130, "height": 60 },
			"Fire_change_5": { "name": "Fire_line_0005", "x": 58.15, "y": -5.67, "scaleY": 0.52, "rotation": -90, "width": 130, "height": 60 },
			"Fire_change_6": { "name": "Fire_line_0006", "x": 58.15, "y": -5.67, "scaleY": 0.52, "rotation": -90, "width": 130, "height": 60 },
			"Fire_change_7": { "name": "Fire_line_0007", "x": 58.15, "y": -5.67, "scaleY": 0.52, "rotation": -90, "width": 130, "height": 60 }
		},
		"Missile_picture": {
			"Missile_change": { "name": "Missile_01", "rotation": -90, "width": 300, "height": 300 }
		}
	}
},
"events": {
	"attack_point": {},
	"crash_point": {},
	"damage_point": {}
},
"animations": {
	"attack": {
		"slots": {
			"Booster_picture": {
				"attachment": [
					{ "time": 0, "name": null },
					{ "time": 0.9333, "name": null }
				]
			},
			"Fire_picture": {
				"attachment": [
					{ "time": 0, "name": "Fire_change_1" },
					{ "time": 0.0333, "name": "Fire_change_2" },
					{ "time": 0.0666, "name": "Fire_change_3" },
					{ "time": 0.1, "name": "Fire_change_4" },
					{ "time": 0.1333, "name": "Fire_change_5" },
					{ "time": 0.1666, "name": "Fire_change_6" },
					{ "time": 0.2, "name": "Fire_change_7" },
					{ "time": 0.2333, "name": "Fire_change_1" },
					{ "time": 0.2666, "name": "Fire_change_2" },
					{ "time": 0.3, "name": "Fire_change_3" },
					{ "time": 0.3333, "name": "Fire_change_4" },
					{ "time": 0.3666, "name": "Fire_change_5" },
					{ "time": 0.4, "name": "Fire_change_6" },
					{ "time": 0.4333, "name": "Fire_change_7" },
					{ "time": 0.4666, "name": "Fire_change_1" },
					{ "time": 0.5, "name": "Fire_change_2" },
					{ "time": 0.5333, "name": "Fire_change_3" },
					{ "time": 0.5666, "name": "Fire_change_4" },
					{ "time": 0.6, "name": "Fire_change_5" },
					{ "time": 0.6333, "name": "Fire_change_6" },
					{ "time": 0.6666, "name": "Fire_change_7" },
					{ "time": 0.7, "name": "Fire_change_1" },
					{ "time": 0.7333, "name": "Fire_change_2" },
					{ "time": 0.7666, "name": "Fire_change_3" },
					{ "time": 0.8, "name": "Fire_change_4" },
					{ "time": 0.8333, "name": "Fire_change_5" },
					{ "time": 0.8666, "name": "Fire_change_6" },
					{ "time": 0.9, "name": "Fire_change_7" },
					{ "time": 0.9333, "name": "Fire_change_1" }
				]
			},
			"Fire_picture2": {
				"attachment": [
					{ "time": 0, "name": "Fire_change_1" },
					{ "time": 0.0333, "name": "Fire_change_2" },
					{ "time": 0.0666, "name": "Fire_change_3" },
					{ "time": 0.1, "name": "Fire_change_4" },
					{ "time": 0.1333, "name": "Fire_change_5" },
					{ "time": 0.1666, "name": "Fire_change_6" },
					{ "time": 0.2, "name": "Fire_change_7" },
					{ "time": 0.2333, "name": "Fire_change_1" },
					{ "time": 0.2666, "name": "Fire_change_2" },
					{ "time": 0.3, "name": "Fire_change_3" },
					{ "time": 0.3333, "name": "Fire_change_4" },
					{ "time": 0.3666, "name": "Fire_change_5" },
					{ "time": 0.4, "name": "Fire_change_6" },
					{ "time": 0.4333, "name": "Fire_change_7" },
					{ "time": 0.4666, "name": "Fire_change_1" },
					{ "time": 0.5, "name": "Fire_change_2" },
					{ "time": 0.5333, "name": "Fire_change_3" },
					{ "time": 0.5666, "name": "Fire_change_4" },
					{ "time": 0.6, "name": "Fire_change_5" },
					{ "time": 0.6333, "name": "Fire_change_6" },
					{ "time": 0.6666, "name": "Fire_change_7" },
					{ "time": 0.7, "name": "Fire_change_1" },
					{ "time": 0.7333, "name": "Fire_change_2" },
					{ "time": 0.7666, "name": "Fire_change_3" },
					{ "time": 0.8, "name": "Fire_change_4" },
					{ "time": 0.8333, "name": "Fire_change_5" },
					{ "time": 0.8666, "name": "Fire_change_6" },
					{ "time": 0.9, "name": "Fire_change_7" },
					{ "time": 0.9333, "name": "Fire_change_1" }
				]
			},
			"Fire_picture3": {
				"attachment": [
					{ "time": 0, "name": "Fire_change_1" },
					{ "time": 0.0333, "name": "Fire_change_2" },
					{ "time": 0.0666, "name": "Fire_change_3" },
					{ "time": 0.1, "name": "Fire_change_4" },
					{ "time": 0.1333, "name": "Fire_change_5" },
					{ "time": 0.1666, "name": "Fire_change_6" },
					{ "time": 0.2, "name": "Fire_change_7" },
					{ "time": 0.2333, "name": "Fire_change_1" },
					{ "time": 0.2666, "name": "Fire_change_2" },
					{ "time": 0.3, "name": "Fire_change_3" },
					{ "time": 0.3333, "name": "Fire_change_4" },
					{ "time": 0.3666, "name": "Fire_change_5" },
					{ "time": 0.4, "name": "Fire_change_6" },
					{ "time": 0.4333, "name": "Fire_change_7" },
					{ "time": 0.4666, "name": "Fire_change_1" },
					{ "time": 0.5, "name": "Fire_change_2" },
					{ "time": 0.5333, "name": "Fire_change_3" },
					{ "time": 0.5666, "name": "Fire_change_4" },
					{ "time": 0.6, "name": "Fire_change_5" },
					{ "time": 0.6333, "name": "Fire_change_6" },
					{ "time": 0.6666, "name": "Fire_change_7" },
					{ "time": 0.7, "name": "Fire_change_1" },
					{ "time": 0.7333, "name": "Fire_change_2" },
					{ "time": 0.7666, "name": "Fire_change_3" },
					{ "time": 0.8, "name": "Fire_change_4" },
					{ "time": 0.8333, "name": "Fire_change_5" },
					{ "time": 0.8666, "name": "Fire_change_6" },
					{ "time": 0.9, "name": "Fire_change_7" },
					{ "time": 0.9333, "name": "Fire_change_1" }
				]
			},
			"Fire_picture4": {
				"attachment": [
					{ "time": 0, "name": "Fire_change_1" },
					{ "time": 0.0333, "name": "Fire_change_2" },
					{ "time": 0.0666, "name": "Fire_change_3" },
					{ "time": 0.1, "name": "Fire_change_4" },
					{ "time": 0.1333, "name": "Fire_change_5" },
					{ "time": 0.1666, "name": "Fire_change_6" },
					{ "time": 0.2, "name": "Fire_change_7" },
					{ "time": 0.2333, "name": "Fire_change_1" },
					{ "time": 0.2666, "name": "Fire_change_2" },
					{ "time": 0.3, "name": "Fire_change_3" },
					{ "time": 0.3333, "name": "Fire_change_4" },
					{ "time": 0.3666, "name": "Fire_change_5" },
					{ "time": 0.4, "name": "Fire_change_6" },
					{ "time": 0.4333, "name": "Fire_change_7" },
					{ "time": 0.4666, "name": "Fire_change_1" },
					{ "time": 0.5, "name": "Fire_change_2" },
					{ "time": 0.5333, "name": "Fire_change_3" },
					{ "time": 0.5666, "name": "Fire_change_4" },
					{ "time": 0.6, "name": "Fire_change_5" },
					{ "time": 0.6333, "name": "Fire_change_6" },
					{ "time": 0.6666, "name": "Fire_change_7" },
					{ "time": 0.7, "name": "Fire_change_1" },
					{ "time": 0.7333, "name": "Fire_change_2" },
					{ "time": 0.7666, "name": "Fire_change_3" },
					{ "time": 0.8, "name": "Fire_change_4" },
					{ "time": 0.8333, "name": "Fire_change_5" },
					{ "time": 0.8666, "name": "Fire_change_6" },
					{ "time": 0.9, "name": "Fire_change_7" },
					{ "time": 0.9333, "name": "Fire_change_1" }
				]
			}
		},
		"bones": {
			"Root_All": {
				"rotate": [
					{ "time": 0, "angle": 0, "curve": "stepped" },
					{ "time": 0.9333, "angle": 0 }
				],
				"translate": [
					{ "time": 0, "x": 0, "y": 0, "curve": "stepped" },
					{ "time": 0.9333, "x": 0, "y": 0 }
				]
			},
			"Missile": {
				"rotate": [
					{ "time": 0, "angle": 0, "curve": "stepped" },
					{ "time": 0.9333, "angle": 0 }
				],
				"translate": [
					{
						"time": 0,
						"x": 0,
						"y": -126.57,
						"curve": [ 0.167, 0.49, 0.75, 1 ]
					},
					{
						"time": 0.4333,
						"x": 0,
						"y": -133.47,
						"curve": [ 0.332, 0.56, 0.56, 0.74 ]
					},
					{ "time": 0.9333, "x": 0, "y": -126.57 }
				]
			},
			"Ship_All": {
				"rotate": [
					{ "time": 0, "angle": 0, "curve": "stepped" },
					{ "time": 0.9333, "angle": 0 }
				],
				"translate": [
					{ "time": 0, "x": 0, "y": 0, "curve": "stepped" },
					{ "time": 0.9333, "x": 0, "y": 0 }
				]
			}
		},
		"events": [
			{ "time": 0, "name": "attack_point" }
		]
	},
	"booster": {
		"slots": {
			"Booster_picture": {
				"attachment": [
					{ "time": 0, "name": "Booster_change" }
				]
			},
			"Fire_picture": {
				"attachment": [
					{ "time": 0, "name": null }
				]
			},
			"Fire_picture2": {
				"attachment": [
					{ "time": 0, "name": null }
				]
			},
			"Fire_picture3": {
				"attachment": [
					{ "time": 0, "name": null }
				]
			},
			"Missile_picture": {
				"attachment": [
					{ "time": 0, "name": null }
				]
			}
		},
		"bones": {
			"Booster": {
				"translate": [
					{ "time": 0, "x": 2.48, "y": -100.88 }
				]
			}
		}
	},
	"normal": {
		"slots": {
			"Fire_picture": {
				"attachment": [
					{ "time": 0, "name": "Fire_change_1" },
					{ "time": 0.0333, "name": "Fire_change_2" },
					{ "time": 0.0666, "name": "Fire_change_3" },
					{ "time": 0.1, "name": "Fire_change_4" },
					{ "time": 0.1333, "name": "Fire_change_5" },
					{ "time": 0.1666, "name": "Fire_change_6" },
					{ "time": 0.2, "name": "Fire_change_7" },
					{ "time": 0.2333, "name": "Fire_change_1" },
					{ "time": 0.2666, "name": "Fire_change_2" },
					{ "time": 0.3, "name": "Fire_change_3" },
					{ "time": 0.3333, "name": "Fire_change_4" },
					{ "time": 0.3666, "name": "Fire_change_5" },
					{ "time": 0.4, "name": "Fire_change_6" },
					{ "time": 0.4333, "name": "Fire_change_7" },
					{ "time": 0.4666, "name": "Fire_change_1" },
					{ "time": 0.5, "name": "Fire_change_2" },
					{ "time": 0.5333, "name": "Fire_change_3" },
					{ "time": 0.5666, "name": "Fire_change_4" },
					{ "time": 0.6, "name": "Fire_change_5" },
					{ "time": 0.6333, "name": "Fire_change_6" },
					{ "time": 0.6666, "name": "Fire_change_7" },
					{ "time": 0.7, "name": "Fire_change_1" },
					{ "time": 0.7333, "name": "Fire_change_2" },
					{ "time": 0.7666, "name": "Fire_change_3" },
					{ "time": 0.8, "name": "Fire_change_4" },
					{ "time": 0.8333, "name": "Fire_change_5" },
					{ "time": 0.8666, "name": "Fire_change_6" },
					{ "time": 0.9, "name": "Fire_change_7" },
					{ "time": 0.9333, "name": "Fire_change_1" }
				]
			},
			"Fire_picture2": {
				"attachment": [
					{ "time": 0, "name": "Fire_change_1" },
					{ "time": 0.0333, "name": "Fire_change_2" },
					{ "time": 0.0666, "name": "Fire_change_3" },
					{ "time": 0.1, "name": "Fire_change_4" },
					{ "time": 0.1333, "name": "Fire_change_5" },
					{ "time": 0.1666, "name": "Fire_change_6" },
					{ "time": 0.2, "name": "Fire_change_7" },
					{ "time": 0.2333, "name": "Fire_change_1" },
					{ "time": 0.2666, "name": "Fire_change_2" },
					{ "time": 0.3, "name": "Fire_change_3" },
					{ "time": 0.3333, "name": "Fire_change_4" },
					{ "time": 0.3666, "name": "Fire_change_5" },
					{ "time": 0.4, "name": "Fire_change_6" },
					{ "time": 0.4333, "name": "Fire_change_7" },
					{ "time": 0.4666, "name": "Fire_change_1" },
					{ "time": 0.5, "name": "Fire_change_2" },
					{ "time": 0.5333, "name": "Fire_change_3" },
					{ "time": 0.5666, "name": "Fire_change_4" },
					{ "time": 0.6, "name": "Fire_change_5" },
					{ "time": 0.6333, "name": "Fire_change_6" },
					{ "time": 0.6666, "name": "Fire_change_7" },
					{ "time": 0.7, "name": "Fire_change_1" },
					{ "time": 0.7333, "name": "Fire_change_2" },
					{ "time": 0.7666, "name": "Fire_change_3" },
					{ "time": 0.8, "name": "Fire_change_4" },
					{ "time": 0.8333, "name": "Fire_change_5" },
					{ "time": 0.8666, "name": "Fire_change_6" },
					{ "time": 0.9, "name": "Fire_change_7" },
					{ "time": 0.9333, "name": "Fire_change_1" }
				]
			},
			"Fire_picture3": {
				"attachment": [
					{ "time": 0, "name": "Fire_change_1" },
					{ "time": 0.0333, "name": "Fire_change_2" },
					{ "time": 0.0666, "name": "Fire_change_3" },
					{ "time": 0.1, "name": "Fire_change_4" },
					{ "time": 0.1333, "name": "Fire_change_5" },
					{ "time": 0.1666, "name": "Fire_change_6" },
					{ "time": 0.2, "name": "Fire_change_7" },
					{ "time": 0.2333, "name": "Fire_change_1" },
					{ "time": 0.2666, "name": "Fire_change_2" },
					{ "time": 0.3, "name": "Fire_change_3" },
					{ "time": 0.3333, "name": "Fire_change_4" },
					{ "time": 0.3666, "name": "Fire_change_5" },
					{ "time": 0.4, "name": "Fire_change_6" },
					{ "time": 0.4333, "name": "Fire_change_7" },
					{ "time": 0.4666, "name": "Fire_change_1" },
					{ "time": 0.5, "name": "Fire_change_2" },
					{ "time": 0.5333, "name": "Fire_change_3" },
					{ "time": 0.5666, "name": "Fire_change_4" },
					{ "time": 0.6, "name": "Fire_change_5" },
					{ "time": 0.6333, "name": "Fire_change_6" },
					{ "time": 0.6666, "name": "Fire_change_7" },
					{ "time": 0.7, "name": "Fire_change_1" },
					{ "time": 0.7333, "name": "Fire_change_2" },
					{ "time": 0.7666, "name": "Fire_change_3" },
					{ "time": 0.8, "name": "Fire_change_4" },
					{ "time": 0.8333, "name": "Fire_change_5" },
					{ "time": 0.8666, "name": "Fire_change_6" },
					{ "time": 0.9, "name": "Fire_change_7" },
					{ "time": 0.9333, "name": "Fire_change_1" }
				]
			},
			"Fire_picture4": {
				"attachment": [
					{ "time": 0, "name": "Fire_change_1" },
					{ "time": 0.0333, "name": "Fire_change_2" },
					{ "time": 0.0666, "name": "Fire_change_3" },
					{ "time": 0.1, "name": "Fire_change_4" },
					{ "time": 0.1333, "name": "Fire_change_5" },
					{ "time": 0.1666, "name": "Fire_change_6" },
					{ "time": 0.2, "name": "Fire_change_7" },
					{ "time": 0.2333, "name": "Fire_change_1" },
					{ "time": 0.2666, "name": "Fire_change_2" },
					{ "time": 0.3, "name": "Fire_change_3" },
					{ "time": 0.3333, "name": "Fire_change_4" },
					{ "time": 0.3666, "name": "Fire_change_5" },
					{ "time": 0.4, "name": "Fire_change_6" },
					{ "time": 0.4333, "name": "Fire_change_7" },
					{ "time": 0.4666, "name": "Fire_change_1" },
					{ "time": 0.5, "name": "Fire_change_2" },
					{ "time": 0.5333, "name": "Fire_change_3" },
					{ "time": 0.5666, "name": "Fire_change_4" },
					{ "time": 0.6, "name": "Fire_change_5" },
					{ "time": 0.6333, "name": "Fire_change_6" },
					{ "time": 0.6666, "name": "Fire_change_7" },
					{ "time": 0.7, "name": "Fire_change_1" },
					{ "time": 0.7333, "name": "Fire_change_2" },
					{ "time": 0.7666, "name": "Fire_change_3" },
					{ "time": 0.8, "name": "Fire_change_4" },
					{ "time": 0.8333, "name": "Fire_change_5" },
					{ "time": 0.8666, "name": "Fire_change_6" },
					{ "time": 0.9, "name": "Fire_change_7" },
					{ "time": 0.9333, "name": "Fire_change_1" }
				]
			}
		},
		"bones": {
			"Root_All": {
				"rotate": [
					{ "time": 0, "angle": 0, "curve": "stepped" },
					{ "time": 0.9333, "angle": 0 }
				],
				"translate": [
					{ "time": 0, "x": 0, "y": 0, "curve": "stepped" },
					{ "time": 0.9333, "x": 0, "y": 0 }
				]
			},
			"Ship_All": {
				"rotate": [
					{ "time": 0, "angle": 0, "curve": "stepped" },
					{ "time": 0.9333, "angle": 0 }
				],
				"translate": [
					{ "time": 0, "x": 0, "y": 0, "curve": "stepped" },
					{ "time": 0.9333, "x": 0, "y": 0 }
				]
			},
			"Missile": {
				"rotate": [
					{ "time": 0, "angle": 0, "curve": "stepped" },
					{ "time": 0.9333, "angle": 0 }
				],
				"translate": [
					{
						"time": 0,
						"x": 0,
						"y": -126.57,
						"curve": [ 0.167, 0.49, 0.75, 1 ]
					},
					{
						"time": 0.4333,
						"x": 0,
						"y": -133.47,
						"curve": [ 0.332, 0.56, 0.56, 0.74 ]
					},
					{ "time": 0.9333, "x": 0, "y": -126.57 }
				]
			},
			"Booster": {
				"translate": [
					{
						"time": 0,
						"x": 0,
						"y": -125.65,
						"curve": [ 0.192, 0.47, 0.573, 0.96 ]
					},
					{
						"time": 0.4333,
						"x": 0,
						"y": -132.47,
						"curve": [ 0.14, 0.45, 0.611, 1 ]
					},
					{ "time": 0.9333, "x": 0, "y": -125.65 }
				]
			},
			"Fire4": {
				"translate": [
					{ "time": 0, "x": -23.42, "y": 0 }
				]
			},
			"Fire3": {
				"translate": [
					{ "time": 0, "x": -23.42, "y": 0 }
				]
			}
		}
	}
}
}