{
"skeleton": { "hash": "UeX8D4n1VyX40xUcq4J2BZ6hujg", "spine": "2.1.27", "width": 210, "height": 210, "images": "" },
"bones": [
	{ "name": "Root_All", "y": 80, "scaleX": 0.7, "scaleY": 0.7 },
	{ "name": "Ship_All", "parent": "Root_All" },
	{ "name": "Body", "parent": "Ship_All", "length": 126.21, "rotation": 90 },
	{ "name": "Attack_Point", "parent": "Body", "length": 25.69, "x": -9.53, "y": -85, "rotation": -88.64 },
	{ "name": "Damage_Point", "parent": "Body", "length": 22.56, "x": 8.45, "y": -20.99, "rotation": -90 },
	{ "name": "Throw_Point", "parent": "Body", "length": 24.71, "x": -9.96, "y": -8.81, "rotation": -142.06 }
],
"slots": [
	{ "name": "Body_other", "bone": "Body", "attachment": "Body_other" },
	{ "name": "Rodney_body_normal", "bone": "Body", "attachment": "Body_change" },
	{ "name": "Rodney_body_normal_light", "bone": "Body", "attachment": "Light_change", "blend": "additive" },
	{ "name": "Other", "bone": "Body", "attachment": "Item_01" }
],
"skins": {
	"default": {
		"Other": {
			"Item_00": { "x": -1.23, "y": -80.22, "rotation": -90, "width": 98, "height": 112 },
			"Item_01": { "x": -1.23, "y": -79.61, "rotation": -90, "width": 99, "height": 106 }
		}
	},
	"3": {
		"Body_other": {
			"Body_other": { "name": "03_b25_b", "rotation": -90, "width": 300, "height": 300 }
		},
		"Rodney_body_normal": {
			"Body_change": { "name": "03_b25_a", "rotation": -90, "width": 300, "height": 300 }
		},
		"Rodney_body_normal_light": {
			"Light_change": { "name": "03_light", "rotation": -90, "width": 300, "height": 300 }
		}
	}
},
"events": {
	"attack_point": {},
	"crash_point": {},
	"damage_point": {}
},
"animations": {
	"attack": {
		"slots": {
			"Other": {
				"attachment": [
					{ "time": 0, "name": "Item_00" },
					{ "time": 0.0333, "name": "Item_01" },
					{ "time": 0.0666, "name": "Item_00" },
					{ "time": 0.1, "name": "Item_01" },
					{ "time": 0.1333, "name": "Item_00" },
					{ "time": 0.1666, "name": "Item_01" },
					{ "time": 0.2, "name": "Item_00" },
					{ "time": 0.2333, "name": "Item_01" },
					{ "time": 0.2666, "name": "Item_00" },
					{ "time": 0.3, "name": "Item_01" },
					{ "time": 0.3333, "name": "Item_00" },
					{ "time": 0.3666, "name": "Item_01" },
					{ "time": 0.4, "name": "Item_00" },
					{ "time": 0.4333, "name": "Item_01" },
					{ "time": 0.4666, "name": "Item_00" },
					{ "time": 0.5, "name": "Item_01" },
					{ "time": 0.5333, "name": "Item_00" },
					{ "time": 0.5666, "name": "Item_01" },
					{ "time": 0.6, "name": "Item_00" },
					{ "time": 0.6333, "name": "Item_01" },
					{ "time": 0.6666, "name": "Item_00" },
					{ "time": 0.7, "name": "Item_01" },
					{ "time": 0.7333, "name": "Item_00" },
					{ "time": 0.7666, "name": "Item_01" },
					{ "time": 0.8, "name": "Item_01" }
				]
			},
			"Rodney_body_normal_light": {
				"attachment": [
					{ "time": 0, "name": "Light_change" },
					{ "time": 0.8, "name": null }
				],
				"color": [
					{ "time": 0.0333, "color": "fffffffb" },
					{ "time": 0.1, "color": "ffffff00" },
					{ "time": 0.1333, "color": "fffffffd" },
					{ "time": 0.2, "color": "ffffff00" },
					{ "time": 0.2666, "color": "ffffffff" },
					{ "time": 0.3, "color": "ffffff00" },
					{ "time": 0.3333, "color": "ffffffff" },
					{ "time": 0.3666, "color": "ffffff00" },
					{ "time": 0.4, "color": "ffffffff" },
					{ "time": 0.4666, "color": "ffffff00" },
					{ "time": 0.5, "color": "ffffffff" },
					{ "time": 0.5666, "color": "ffffff00" },
					{ "time": 0.6333, "color": "ffffffff" },
					{ "time": 0.6666, "color": "ffffff00" },
					{ "time": 0.7, "color": "ffffffff" },
					{ "time": 0.7333, "color": "ffffff00" },
					{ "time": 0.7666, "color": "ffffffff" },
					{ "time": 0.8, "color": "ffffff00" }
				]
			}
		},
		"bones": {
			"Root_All": {
				"rotate": [
					{ "time": 0, "angle": 0 }
				],
				"translate": [
					{ "time": 0, "x": 0, "y": 0 }
				]
			},
			"Body": {
				"rotate": [
					{ "time": 0, "angle": 0, "curve": "stepped" },
					{ "time": 0.8, "angle": 0 }
				],
				"translate": [
					{
						"time": 0,
						"x": 0,
						"y": -126.57,
						"curve": [ 0.167, 0.49, 0.75, 1 ]
					},
					{
						"time": 0.4333,
						"x": 0,
						"y": -133.47,
						"curve": [ 0.332, 0.56, 0.56, 0.74 ]
					},
					{ "time": 0.8, "x": 0, "y": -126.57 }
				]
			},
			"Ship_All": {
				"rotate": [
					{ "time": 0, "angle": 0 }
				],
				"translate": [
					{ "time": 0, "x": 0, "y": 0 }
				]
			},
			"Attack_Point": {
				"rotate": [
					{ "time": 0.0333, "angle": 0 }
				],
				"translate": [
					{ "time": 0.0333, "x": 0, "y": 0 }
				]
			}
		},
		"events": [
			{ "time": 0.0333, "name": "attack_point" }
		]
	},
	"normal": {
		"slots": {
			"Other": {
				"attachment": [
					{ "time": 0, "name": "Item_00" },
					{ "time": 0.0333, "name": "Item_01" },
					{ "time": 0.0666, "name": "Item_00" },
					{ "time": 0.1, "name": "Item_01" },
					{ "time": 0.1333, "name": "Item_00" },
					{ "time": 0.1666, "name": "Item_01" },
					{ "time": 0.2, "name": "Item_00" },
					{ "time": 0.2333, "name": "Item_01" },
					{ "time": 0.2666, "name": "Item_00" },
					{ "time": 0.3, "name": "Item_01" },
					{ "time": 0.3333, "name": "Item_00" },
					{ "time": 0.3666, "name": "Item_01" },
					{ "time": 0.4, "name": "Item_00" },
					{ "time": 0.4333, "name": "Item_01" },
					{ "time": 0.4666, "name": "Item_00" },
					{ "time": 0.5, "name": "Item_01" },
					{ "time": 0.5333, "name": "Item_00" },
					{ "time": 0.5666, "name": "Item_01" },
					{ "time": 0.6, "name": "Item_00" },
					{ "time": 0.6333, "name": "Item_01" },
					{ "time": 0.6666, "name": "Item_00" },
					{ "time": 0.7, "name": "Item_01" },
					{ "time": 0.7333, "name": "Item_00" },
					{ "time": 0.7666, "name": "Item_01" },
					{ "time": 0.8, "name": "Item_01" }
				]
			},
			"Rodney_body_normal_light": {
				"attachment": [
					{ "time": 0, "name": null }
				]
			}
		},
		"bones": {
			"Root_All": {
				"rotate": [
					{ "time": 0, "angle": 0 }
				],
				"translate": [
					{ "time": 0, "x": 0, "y": 0 }
				]
			},
			"Ship_All": {
				"rotate": [
					{ "time": 0, "angle": 0 }
				],
				"translate": [
					{ "time": 0, "x": 0, "y": 0 }
				]
			},
			"Body": {
				"rotate": [
					{ "time": 0, "angle": 0, "curve": "stepped" },
					{ "time": 0.8, "angle": 0 }
				],
				"translate": [
					{
						"time": 0,
						"x": 0,
						"y": -126.57,
						"curve": [ 0.167, 0.49, 0.75, 1 ]
					},
					{
						"time": 0.4333,
						"x": 0,
						"y": -133.47,
						"curve": [ 0.332, 0.56, 0.56, 0.74 ]
					},
					{ "time": 0.8, "x": 0, "y": -126.57 }
				]
			}
		}
	}
}
}