{
"skeleton": { "hash": "6eqbsE8dK4is2gt3PDI9LGoIeb8", "spine": "3.2.01", "width": 372, "height": 305, "images": "" },
"bones": [
	{ "name": "root" },
	{ "name": "bone", "parent": "root" },
	{ "name": "bone2", "parent": "bone" },
	{ "name": "D", "parent": "bone2" },
	{ "name": "T1", "parent": "D", "x": -25, "y": 33.99, "scaleX": 0.618, "scaleY": 0.618 },
	{ "name": "T2", "parent": "D", "x": 31.36, "y": 32.99, "scaleX": 0.608, "scaleY": 0.608, "shearX": 180 },
	{ "name": "ex1", "parent": "T1", "x": 25, "y": -33.99 },
	{ "name": "ex2", "parent": "T2", "x": 25, "y": -33.99 }
],
"slots": [
	{ "name": "D", "bone": "D", "attachment": "D" },
	{ "name": "2", "bone": "T2", "attachment": "1" },
	{ "name": "ex2", "bone": "ex2", "attachment": "ex1", "blend": "additive" },
	{ "name": "1", "bone": "T1", "attachment": "1" },
	{ "name": "ex1", "bone": "ex1", "attachment": "ex1", "blend": "additive" }
],
"skins": {
	"default": {
		"1": {
			"1": { "x": -9.99, "y": 43.99, "width": 372, "height": 305 },
			"2": { "x": -9.99, "y": 43.99, "width": 372, "height": 305 },
			"3": { "x": -9.99, "y": 43.99, "width": 372, "height": 305 },
			"4": { "x": -9.99, "y": 43.99, "width": 372, "height": 305 }
		},
		"2": {
			"1": { "x": -9.99, "y": 43.99, "width": 372, "height": 305 },
			"2": { "x": -9.99, "y": 43.99, "width": 372, "height": 305 },
			"3": { "x": -9.99, "y": 43.99, "width": 372, "height": 305 },
			"4": { "x": -9.99, "y": 43.99, "width": 372, "height": 305 }
		},
		"D": {
			"D": { "x": 2, "y": 81.99, "width": 372, "height": 305 }
		},
		"ex1": {
			"ex1": { "x": -34.99, "y": 82.99, "width": 372, "height": 305 },
			"ex2": { "x": -34.99, "y": 77.99, "width": 372, "height": 305 },
			"ex3": { "x": -34.99, "y": 77.99, "width": 372, "height": 305 }
		},
		"ex2": {
			"ex1": { "x": -34.99, "y": 82.99, "width": 372, "height": 305 },
			"ex2": { "x": -34.99, "y": 77.99, "width": 372, "height": 305 },
			"ex3": { "x": -34.99, "y": 77.99, "width": 372, "height": 305 }
		}
	}
},
"animations": {
	"T1": {
		"slots": {
			"1": {
				"attachment": [
					{ "time": 0, "name": "1" },
					{ "time": 0.0333, "name": "2" },
					{ "time": 0.0666, "name": "3" },
					{ "time": 0.1, "name": "4" },
					{ "time": 0.1333, "name": "1" },
					{ "time": 0.1666, "name": "2" },
					{ "time": 0.2, "name": "3" },
					{ "time": 0.2333, "name": "4" },
					{ "time": 0.2666, "name": "1" },
					{ "time": 0.3, "name": "2" },
					{ "time": 0.3333, "name": "3" },
					{ "time": 0.3666, "name": "4" },
					{ "time": 0.4, "name": "1" },
					{ "time": 0.4333, "name": "2" },
					{ "time": 0.4666, "name": "3" },
					{ "time": 0.5, "name": "4" },
					{ "time": 0.5333, "name": "1" },
					{ "time": 0.5666, "name": "2" },
					{ "time": 0.6, "name": "3" },
					{ "time": 0.6333, "name": "4" },
					{ "time": 0.6666, "name": "1" },
					{ "time": 0.7, "name": "2" },
					{ "time": 0.7333, "name": "3" },
					{ "time": 0.7666, "name": "4" },
					{ "time": 0.8, "name": "1" },
					{ "time": 0.8333, "name": "2" },
					{ "time": 0.8666, "name": "3" },
					{ "time": 0.9, "name": "4" },
					{ "time": 0.9333, "name": "1" },
					{ "time": 0.9666, "name": "2" },
					{ "time": 1, "name": "3" },
					{ "time": 1.0333, "name": "4" },
					{ "time": 1.0666, "name": "1" },
					{ "time": 1.1, "name": "2" },
					{ "time": 1.1333, "name": "3" },
					{ "time": 1.1666, "name": "4" },
					{ "time": 1.2, "name": "1" },
					{ "time": 1.2333, "name": "2" },
					{ "time": 1.2666, "name": "3" },
					{ "time": 1.3, "name": "4" },
					{ "time": 1.3333, "name": "1" },
					{ "time": 1.3666, "name": "2" },
					{ "time": 1.4, "name": "3" },
					{ "time": 1.4333, "name": "4" },
					{ "time": 1.4666, "name": "1" },
					{ "time": 1.5, "name": "2" },
					{ "time": 1.5333, "name": "3" },
					{ "time": 1.5666, "name": "4" },
					{ "time": 1.6, "name": "1" },
					{ "time": 1.6333, "name": "2" },
					{ "time": 1.6666, "name": "3" },
					{ "time": 1.7, "name": "4" },
					{ "time": 1.7333, "name": "1" },
					{ "time": 1.7666, "name": "2" },
					{ "time": 1.8, "name": "3" },
					{ "time": 1.8333, "name": "4" },
					{ "time": 1.8666, "name": "1" },
					{ "time": 1.9, "name": "2" },
					{ "time": 1.9333, "name": "3" },
					{ "time": 1.9666, "name": "4" },
					{ "time": 2, "name": "1" }
				]
			},
			"2": {
				"attachment": [
					{ "time": 0, "name": null }
				]
			},
			"ex1": {
				"attachment": [
					{ "time": 0, "name": "ex1" },
					{ "time": 0.0666, "name": "ex2" },
					{ "time": 0.1333, "name": "ex1" },
					{ "time": 0.2, "name": "ex2" },
					{ "time": 0.2666, "name": "ex1" },
					{ "time": 0.3333, "name": "ex2" },
					{ "time": 0.4, "name": "ex1" },
					{ "time": 0.4666, "name": "ex2" },
					{ "time": 0.5333, "name": "ex1" },
					{ "time": 0.6, "name": "ex2" },
					{ "time": 0.6666, "name": "ex1" },
					{ "time": 0.7333, "name": "ex2" },
					{ "time": 0.8, "name": "ex1" },
					{ "time": 0.8666, "name": "ex2" },
					{ "time": 0.9333, "name": "ex1" },
					{ "time": 1, "name": "ex2" },
					{ "time": 1.0666, "name": "ex1" },
					{ "time": 1.1333, "name": "ex2" },
					{ "time": 1.2, "name": "ex1" },
					{ "time": 1.2666, "name": "ex2" },
					{ "time": 1.3333, "name": "ex1" },
					{ "time": 1.4, "name": "ex2" },
					{ "time": 1.4666, "name": "ex1" },
					{ "time": 1.5333, "name": "ex2" },
					{ "time": 1.6, "name": "ex1" },
					{ "time": 1.6666, "name": "ex2" },
					{ "time": 1.7333, "name": "ex1" },
					{ "time": 1.8, "name": "ex2" },
					{ "time": 1.8666, "name": "ex1" },
					{ "time": 1.9333, "name": "ex2" },
					{ "time": 2, "name": "ex1" }
				]
			},
			"ex2": {
				"attachment": [
					{ "time": 0, "name": null }
				]
			}
		},
		"bones": {
			"D": {
				"rotate": [
					{ "time": 0, "angle": 0, "curve": "stepped" },
					{ "time": 2, "angle": 0 }
				],
				"translate": [
					{ "time": 0, "x": 0, "y": 0 },
					{ "time": 0.1666, "x": 0, "y": 1 },
					{ "time": 0.3333, "x": 0, "y": -1.09 },
					{ "time": 0.5, "x": 0, "y": 1 },
					{ "time": 0.6666, "x": 0, "y": -1.09 },
					{ "time": 0.8333, "x": 0, "y": 1 },
					{ "time": 1, "x": 0, "y": -1.09 },
					{ "time": 1.1666, "x": 0, "y": 1 },
					{ "time": 1.3333, "x": 0, "y": -1.09 },
					{ "time": 1.5, "x": 0, "y": 1 },
					{ "time": 1.6666, "x": 0, "y": -1.09 },
					{ "time": 1.8333, "x": 0, "y": 1 },
					{ "time": 2, "x": 0, "y": 0 }
				],
				"scale": [
					{ "time": 0, "x": 1, "y": 1, "curve": "stepped" },
					{ "time": 2, "x": 1, "y": 1 }
				]
			},
			"T1": {
				"rotate": [
					{ "time": 0, "angle": -18.78 },
					{ "time": 0.5, "angle": -9.24 },
					{ "time": 1, "angle": 9 },
					{ "time": 1.5, "angle": -5.99 },
					{ "time": 2, "angle": -18.78 }
				],
				"translate": [
					{ "time": 0, "x": -12, "y": 1 },
					{ "time": 0.5, "x": 23, "y": 13 },
					{ "time": 1, "x": 61.39, "y": 0.4 },
					{ "time": 1.5, "x": 28.04, "y": -8.69 },
					{ "time": 2, "x": -12, "y": 1 }
				],
				"scale": [
					{ "time": 0, "x": 1, "y": 1, "curve": "stepped" },
					{ "time": 2, "x": 1, "y": 1 }
				]
			},
			"ex1": {
				"translate": [
					{ "time": 0, "x": -6.38, "y": 9.44 },
					{ "time": 1, "x": -8.71, "y": 13.86 },
					{ "time": 2, "x": -6.38, "y": 9.44 }
				],
				"scale": [
					{ "time": 0, "x": 0.777, "y": 0.777 },
					{ "time": 1, "x": 0.622, "y": 0.622 },
					{ "time": 2, "x": 0.777, "y": 0.777 }
				]
			}
		}
	},
	"T1_end": {
		"slots": {
			"1": {
				"attachment": [
					{ "time": 0, "name": "1" },
					{ "time": 0.0333, "name": "2" },
					{ "time": 0.0666, "name": "3" },
					{ "time": 0.1, "name": "4" },
					{ "time": 0.1333, "name": "1" },
					{ "time": 0.1666, "name": "2" },
					{ "time": 0.2, "name": "3" },
					{ "time": 0.2333, "name": "4" },
					{ "time": 0.2666, "name": "1" },
					{ "time": 0.3, "name": "2" },
					{ "time": 0.3333, "name": "3" },
					{ "time": 0.3666, "name": "4" },
					{ "time": 0.4, "name": "1" },
					{ "time": 0.4333, "name": "2" },
					{ "time": 0.4666, "name": "3" },
					{ "time": 0.5, "name": "4" },
					{ "time": 0.5333, "name": "1" },
					{ "time": 0.5666, "name": "2" },
					{ "time": 0.6, "name": "3" },
					{ "time": 0.6333, "name": "4" },
					{ "time": 0.6666, "name": "1" },
					{ "time": 0.7, "name": "2" },
					{ "time": 0.7333, "name": "3" },
					{ "time": 0.7666, "name": "4" },
					{ "time": 0.8, "name": "1" },
					{ "time": 0.8333, "name": "2" },
					{ "time": 0.8666, "name": "3" },
					{ "time": 0.9, "name": "4" },
					{ "time": 0.9333, "name": "1" },
					{ "time": 0.9666, "name": "2" },
					{ "time": 1, "name": "3" },
					{ "time": 1.0333, "name": "4" },
					{ "time": 1.1666, "name": "1" },
					{ "time": 1.3333, "name": "2" },
					{ "time": 1.5, "name": "3" },
					{ "time": 1.6666, "name": "4" },
					{ "time": 1.8333, "name": "1" }
				]
			},
			"2": {
				"attachment": [
					{ "time": 0, "name": null }
				]
			},
			"ex1": {
				"attachment": [
					{ "time": 0, "name": "ex1" },
					{ "time": 0.0666, "name": "ex2" },
					{ "time": 0.1333, "name": "ex1" },
					{ "time": 0.2, "name": "ex2" },
					{ "time": 0.2666, "name": "ex1" },
					{ "time": 0.3333, "name": "ex2" },
					{ "time": 0.4, "name": "ex1" },
					{ "time": 0.4666, "name": "ex2" },
					{ "time": 0.5333, "name": "ex1" },
					{ "time": 0.6, "name": "ex2" },
					{ "time": 0.6666, "name": "ex1" },
					{ "time": 0.7333, "name": "ex2" },
					{ "time": 0.8, "name": "ex1" },
					{ "time": 0.8666, "name": "ex2" },
					{ "time": 0.9333, "name": "ex1" },
					{ "time": 1, "name": null },
					{ "time": 2, "name": null }
				]
			},
			"ex2": {
				"attachment": [
					{ "time": 0, "name": null }
				]
			}
		},
		"bones": {
			"T1": {
				"rotate": [
					{ "time": 0, "angle": -18.78 },
					{ "time": 0.3333, "angle": -14.9 },
					{ "time": 0.5, "angle": -1.58 },
					{ "time": 0.6666, "angle": -4.64 },
					{ "time": 0.8333, "angle": 0.38 },
					{ "time": 1.0333, "angle": -1.87 },
					{ "time": 1.8333, "angle": -3.74 }
				],
				"translate": [
					{ "time": 0, "x": -12, "y": 1 },
					{ "time": 0.3333, "x": 31.46, "y": -1.76 },
					{ "time": 0.5, "x": 25.09, "y": -4.72 },
					{ "time": 0.6666, "x": 25.76, "y": -2.64 },
					{ "time": 0.8333, "x": 27.28, "y": -2.07 },
					{ "time": 1.0333, "x": 27.65, "y": -4.56 },
					{ "time": 1.8333, "x": 24.99, "y": 53 }
				],
				"scale": [
					{ "time": 0, "x": 1, "y": 1, "curve": "stepped" },
					{ "time": 1.8333, "x": 1, "y": 1 }
				]
			},
			"D": {
				"rotate": [
					{ "time": 0, "angle": 0, "curve": "stepped" },
					{ "time": 1.8333, "angle": 0 }
				],
				"translate": [
					{ "time": 0, "x": 0, "y": 0 },
					{ "time": 0.1333, "x": 0, "y": 0.59 },
					{ "time": 0.1666, "x": 0, "y": -3 },
					{ "time": 0.2, "x": 0, "y": -0.94 },
					{ "time": 0.2666, "x": 0, "y": -2.91 },
					{ "time": 0.3333, "x": 0, "y": -0.79 },
					{ "time": 0.5, "x": 0, "y": 3.28 },
					{ "time": 0.6666, "x": 0, "y": -1.08 },
					{ "time": 0.8333, "x": 0, "y": 3.28 },
					{ "time": 1, "x": 0, "y": -1.08 },
					{ "time": 1.1666, "x": 0, "y": 3.28 },
					{ "time": 1.8333, "x": 0, "y": 0 }
				]
			},
			"ex1": {
				"translate": [
					{ "time": 0, "x": -6.38, "y": 9.44 },
					{ "time": 1, "x": -8.71, "y": 13.86 },
					{ "time": 2, "x": -6.38, "y": 9.44 }
				],
				"scale": [
					{ "time": 0, "x": 0.777, "y": 0.777 },
					{ "time": 1, "x": 0.622, "y": 0.622 },
					{ "time": 2, "x": 0.777, "y": 0.777 }
				]
			}
		}
	},
	"T1_start": {
		"slots": {
			"1": {
				"attachment": [
					{ "time": 0, "name": "1" },
					{ "time": 0.0333, "name": "2" },
					{ "time": 0.0666, "name": "3" },
					{ "time": 0.1, "name": "4" },
					{ "time": 0.1333, "name": "1" },
					{ "time": 0.1666, "name": "2" },
					{ "time": 0.2, "name": "3" },
					{ "time": 0.2333, "name": "4" },
					{ "time": 0.2666, "name": "1" },
					{ "time": 0.3, "name": "2" },
					{ "time": 0.3333, "name": "3" },
					{ "time": 0.3666, "name": "4" },
					{ "time": 0.4, "name": "1" },
					{ "time": 0.4333, "name": "2" },
					{ "time": 0.4666, "name": "3" },
					{ "time": 0.5, "name": "4" },
					{ "time": 0.5333, "name": "1" },
					{ "time": 0.5666, "name": "2" },
					{ "time": 0.6, "name": "3" },
					{ "time": 0.6333, "name": "4" },
					{ "time": 0.6666, "name": "1" },
					{ "time": 0.7, "name": "2" },
					{ "time": 0.7333, "name": "3" },
					{ "time": 0.7666, "name": "4" },
					{ "time": 0.8, "name": "1" },
					{ "time": 0.8333, "name": "2" },
					{ "time": 0.8666, "name": "3" },
					{ "time": 0.9, "name": "4" },
					{ "time": 0.9333, "name": "1" },
					{ "time": 0.9666, "name": "2" },
					{ "time": 1, "name": "3" },
					{ "time": 1.0333, "name": "4" },
					{ "time": 1.0666, "name": "1" },
					{ "time": 1.1, "name": "2" },
					{ "time": 1.1333, "name": "3" },
					{ "time": 1.1666, "name": "4" },
					{ "time": 1.2, "name": "1" },
					{ "time": 1.2333, "name": "2" },
					{ "time": 1.2666, "name": "3" },
					{ "time": 1.3, "name": "4" },
					{ "time": 1.3333, "name": "1" },
					{ "time": 1.3666, "name": "2" },
					{ "time": 1.4, "name": "3" },
					{ "time": 1.4333, "name": "4" },
					{ "time": 1.4666, "name": "1" },
					{ "time": 1.5, "name": "2" },
					{ "time": 1.5333, "name": "3" },
					{ "time": 1.5666, "name": "4" },
					{ "time": 1.6, "name": "1" },
					{ "time": 1.6333, "name": "2" },
					{ "time": 1.6666, "name": "3" },
					{ "time": 1.7, "name": "4" },
					{ "time": 1.7333, "name": "1" },
					{ "time": 1.7666, "name": "2" },
					{ "time": 1.8, "name": "3" },
					{ "time": 1.8333, "name": "4" },
					{ "time": 1.8666, "name": "1" },
					{ "time": 1.9, "name": "2" },
					{ "time": 1.9333, "name": "3" },
					{ "time": 1.9666, "name": "4" },
					{ "time": 2, "name": "1" }
				]
			},
			"2": {
				"attachment": [
					{ "time": 0, "name": null }
				]
			},
			"ex1": {
				"attachment": [
					{ "time": 0, "name": null },
					{ "time": 0.0666, "name": "ex2" },
					{ "time": 0.1333, "name": "ex1" },
					{ "time": 0.2, "name": "ex2" },
					{ "time": 0.2666, "name": "ex1" },
					{ "time": 0.3333, "name": "ex2" },
					{ "time": 0.4, "name": "ex1" },
					{ "time": 0.4666, "name": "ex2" },
					{ "time": 0.5333, "name": "ex1" },
					{ "time": 0.6, "name": "ex2" },
					{ "time": 0.6666, "name": "ex1" },
					{ "time": 0.7333, "name": "ex2" },
					{ "time": 0.8, "name": "ex1" },
					{ "time": 0.8666, "name": "ex2" },
					{ "time": 0.9333, "name": "ex1" },
					{ "time": 1, "name": "ex2" },
					{ "time": 1.0666, "name": "ex1" },
					{ "time": 1.1333, "name": "ex2" },
					{ "time": 1.2, "name": "ex1" },
					{ "time": 1.2666, "name": "ex2" },
					{ "time": 1.3333, "name": "ex1" },
					{ "time": 1.4, "name": "ex2" },
					{ "time": 1.4666, "name": "ex1" },
					{ "time": 1.5333, "name": "ex2" },
					{ "time": 1.6, "name": "ex1" },
					{ "time": 1.6666, "name": "ex2" },
					{ "time": 1.7333, "name": "ex1" },
					{ "time": 1.8, "name": "ex2" },
					{ "time": 1.8666, "name": "ex1" },
					{ "time": 1.9333, "name": "ex2" },
					{ "time": 2, "name": "ex1" }
				]
			},
			"ex2": {
				"attachment": [
					{ "time": 0, "name": null }
				]
			}
		},
		"bones": {
			"T1": {
				"rotate": [
					{ "time": 0, "angle": 3.56 },
					{ "time": 0.1666, "angle": -7.25 },
					{ "time": 2, "angle": -18.78 }
				],
				"translate": [
					{ "time": 0, "x": 57.99, "y": 37.99 },
					{ "time": 0.1666, "x": 58.16, "y": -0.08 },
					{ "time": 0.2333, "x": 59.61, "y": 6.95 },
					{ "time": 0.3, "x": 60.91, "y": 0.73 },
					{ "time": 0.3666, "x": 55.05, "y": 6.74 },
					{ "time": 0.4333, "x": 46.31, "y": -6.49 },
					{ "time": 2, "x": -12, "y": 1 }
				],
				"scale": [
					{ "time": 0, "x": 1, "y": 1, "curve": "stepped" },
					{ "time": 2, "x": 1, "y": 1 }
				]
			},
			"D": {
				"rotate": [
					{ "time": 0, "angle": 0, "curve": "stepped" },
					{ "time": 2, "angle": 0 }
				],
				"translate": [
					{ "time": 0, "x": 0, "y": 0 },
					{ "time": 0.1333, "x": 0, "y": 0.59 },
					{ "time": 0.1666, "x": 0, "y": -3 },
					{ "time": 0.2, "x": 0, "y": -0.94 },
					{ "time": 0.2666, "x": 0, "y": -2.91 },
					{ "time": 0.3333, "x": 0, "y": -0.79 },
					{ "time": 0.5, "x": 0, "y": 3.28 },
					{ "time": 0.6666, "x": 0, "y": -1.08 },
					{ "time": 0.8333, "x": 0, "y": 3.28 },
					{ "time": 1, "x": 0, "y": -1.08 },
					{ "time": 1.1666, "x": 0, "y": 3.28 },
					{ "time": 1.3333, "x": 0, "y": -1.08 },
					{ "time": 1.5, "x": 0, "y": 3.28 },
					{ "time": 1.6666, "x": 0, "y": -1.08 },
					{ "time": 1.8333, "x": 0, "y": 3.28 },
					{ "time": 2, "x": 0, "y": 0 }
				]
			},
			"ex1": {
				"translate": [
					{ "time": 0, "x": -6.38, "y": 9.44 },
					{ "time": 1, "x": -8.71, "y": 13.86 },
					{ "time": 2, "x": -6.38, "y": 9.44 }
				],
				"scale": [
					{ "time": 0, "x": 0.777, "y": 0.777 },
					{ "time": 1, "x": 0.622, "y": 0.622 },
					{ "time": 2, "x": 0.777, "y": 0.777 }
				]
			}
		}
	},
	"close": {
		"slots": {
			"1": {
				"attachment": [
					{ "time": 0, "name": "1" },
					{ "time": 0.1333, "name": "2" },
					{ "time": 0.2666, "name": "3" },
					{ "time": 0.4, "name": "4" },
					{ "time": 0.5, "name": "1" },
					{ "time": 0.6333, "name": "2" },
					{ "time": 0.7666, "name": "3" },
					{ "time": 0.9, "name": "4" },
					{ "time": 1, "name": "1" }
				]
			},
			"2": {
				"attachment": [
					{ "time": 0, "name": null }
				]
			},
			"ex1": {
				"attachment": [
					{ "time": 0, "name": null }
				]
			},
			"ex2": {
				"attachment": [
					{ "time": 0, "name": null }
				]
			}
		},
		"bones": {
			"D": {
				"rotate": [
					{ "time": 0, "angle": 0, "curve": "stepped" },
					{ "time": 1, "angle": 0 }
				],
				"translate": [
					{ "time": 0, "x": 0, "y": 0, "curve": "stepped" },
					{ "time": 1, "x": 0, "y": 0 }
				]
			},
			"ex1": {
				"rotate": [
					{ "time": 0, "angle": 0, "curve": "stepped" },
					{ "time": 1, "angle": 0 }
				],
				"translate": [
					{ "time": 0, "x": 0, "y": 0, "curve": "stepped" },
					{ "time": 1, "x": 0, "y": 0 }
				]
			},
			"T1": {
				"rotate": [
					{ "time": 0, "angle": -3.74, "curve": "stepped" },
					{ "time": 1, "angle": -3.74 }
				],
				"translate": [
					{ "time": 0, "x": 24.99, "y": 53 },
					{ "time": 0.5, "x": 24.99, "y": 47 },
					{ "time": 1, "x": 24.99, "y": 53 }
				]
			}
		}
	},
	"vs_1": {
		"slots": {
			"1": {
				"attachment": [
					{ "time": 0, "name": "1" },
					{ "time": 0.0333, "name": "2" },
					{ "time": 0.0666, "name": "3" },
					{ "time": 0.1, "name": "4" },
					{ "time": 0.1333, "name": "1" },
					{ "time": 0.1666, "name": "2" },
					{ "time": 0.2, "name": "3" },
					{ "time": 0.2333, "name": "4" },
					{ "time": 0.2666, "name": "1" },
					{ "time": 0.3, "name": "2" },
					{ "time": 0.3333, "name": "3" },
					{ "time": 0.3666, "name": "4" },
					{ "time": 0.4, "name": "1" },
					{ "time": 0.4333, "name": "2" },
					{ "time": 0.4666, "name": "3" },
					{ "time": 0.5, "name": "4" },
					{ "time": 0.5333, "name": "1" },
					{ "time": 0.5666, "name": "2" },
					{ "time": 0.6, "name": "3" },
					{ "time": 0.6333, "name": "4" },
					{ "time": 0.6666, "name": "1" },
					{ "time": 0.7, "name": "2" },
					{ "time": 0.7333, "name": "3" },
					{ "time": 0.7666, "name": "4" },
					{ "time": 0.8, "name": "1" },
					{ "time": 0.8333, "name": "2" },
					{ "time": 0.8666, "name": "3" },
					{ "time": 0.9, "name": "4" },
					{ "time": 0.9333, "name": "1" },
					{ "time": 0.9666, "name": "2" },
					{ "time": 1, "name": "3" },
					{ "time": 1.0333, "name": "4" },
					{ "time": 1.0666, "name": "1" },
					{ "time": 1.1, "name": "2" },
					{ "time": 1.1333, "name": "3" },
					{ "time": 1.1666, "name": "4" },
					{ "time": 1.2, "name": "1" },
					{ "time": 1.2333, "name": "2" },
					{ "time": 1.2666, "name": "3" },
					{ "time": 1.3, "name": "4" },
					{ "time": 1.3333, "name": "1" },
					{ "time": 1.3666, "name": "2" },
					{ "time": 1.4, "name": "3" },
					{ "time": 1.4333, "name": "4" },
					{ "time": 1.4666, "name": "1" },
					{ "time": 1.5, "name": "2" },
					{ "time": 1.5333, "name": "3" },
					{ "time": 1.5666, "name": "4" },
					{ "time": 1.6, "name": "1" },
					{ "time": 1.6333, "name": "2" },
					{ "time": 1.6666, "name": "3" },
					{ "time": 1.7, "name": "4" },
					{ "time": 1.7333, "name": "1" },
					{ "time": 1.7666, "name": "2" },
					{ "time": 1.8, "name": "3" },
					{ "time": 1.8333, "name": "4" },
					{ "time": 1.8666, "name": "1" },
					{ "time": 1.9, "name": "2" },
					{ "time": 1.9333, "name": "3" },
					{ "time": 1.9666, "name": "4" },
					{ "time": 2, "name": "1" }
				]
			},
			"2": {
				"attachment": [
					{ "time": 0, "name": "1" },
					{ "time": 0.0333, "name": "2" },
					{ "time": 0.0666, "name": "3" },
					{ "time": 0.1, "name": "4" },
					{ "time": 0.1333, "name": "1" },
					{ "time": 0.1666, "name": "2" },
					{ "time": 0.2, "name": "3" },
					{ "time": 0.2333, "name": "4" },
					{ "time": 0.2666, "name": "1" },
					{ "time": 0.3, "name": "2" },
					{ "time": 0.3333, "name": "3" },
					{ "time": 0.3666, "name": "4" },
					{ "time": 0.4, "name": "1" },
					{ "time": 0.4333, "name": "2" },
					{ "time": 0.4666, "name": "3" },
					{ "time": 0.5, "name": "4" },
					{ "time": 0.5333, "name": "1" },
					{ "time": 0.5666, "name": "2" },
					{ "time": 0.6, "name": "3" },
					{ "time": 0.6333, "name": "4" },
					{ "time": 0.6666, "name": "1" },
					{ "time": 0.7, "name": "2" },
					{ "time": 0.7333, "name": "3" },
					{ "time": 0.7666, "name": "4" },
					{ "time": 0.8, "name": "1" },
					{ "time": 0.8333, "name": "2" },
					{ "time": 0.8666, "name": "3" },
					{ "time": 0.9, "name": "4" },
					{ "time": 0.9333, "name": "1" },
					{ "time": 0.9666, "name": "2" },
					{ "time": 1, "name": "3" },
					{ "time": 1.0333, "name": "4" },
					{ "time": 1.0666, "name": "1" },
					{ "time": 1.1, "name": "2" },
					{ "time": 1.1333, "name": "3" },
					{ "time": 1.1666, "name": "4" },
					{ "time": 1.2, "name": "1" },
					{ "time": 1.2333, "name": "2" },
					{ "time": 1.2666, "name": "3" },
					{ "time": 1.3, "name": "4" },
					{ "time": 1.3333, "name": "1" },
					{ "time": 1.3666, "name": "2" },
					{ "time": 1.4, "name": "3" },
					{ "time": 1.4333, "name": "4" },
					{ "time": 1.4666, "name": "1" },
					{ "time": 1.5, "name": "2" },
					{ "time": 1.5333, "name": "3" },
					{ "time": 1.5666, "name": "4" },
					{ "time": 1.6, "name": "1" },
					{ "time": 1.6333, "name": "2" },
					{ "time": 1.6666, "name": "3" },
					{ "time": 1.7, "name": "4" },
					{ "time": 1.7333, "name": "1" },
					{ "time": 1.7666, "name": "2" },
					{ "time": 1.8, "name": "3" },
					{ "time": 1.8333, "name": "4" },
					{ "time": 1.8666, "name": "1" },
					{ "time": 1.9, "name": "2" },
					{ "time": 1.9333, "name": "3" },
					{ "time": 1.9666, "name": "4" },
					{ "time": 2, "name": "1" }
				]
			},
			"ex1": {
				"attachment": [
					{ "time": 0, "name": null },
					{ "time": 0.0666, "name": "ex2" },
					{ "time": 0.1333, "name": "ex1" },
					{ "time": 0.2, "name": "ex2" },
					{ "time": 0.2666, "name": "ex1" },
					{ "time": 0.3333, "name": "ex2" },
					{ "time": 0.4, "name": "ex1" },
					{ "time": 0.4666, "name": "ex2" },
					{ "time": 0.5333, "name": "ex1" },
					{ "time": 0.6, "name": "ex2" },
					{ "time": 0.6666, "name": "ex1" },
					{ "time": 0.7333, "name": "ex2" },
					{ "time": 0.8, "name": "ex1" },
					{ "time": 0.8666, "name": "ex2" },
					{ "time": 0.9333, "name": "ex1" },
					{ "time": 1, "name": "ex2" },
					{ "time": 1.0666, "name": "ex1" },
					{ "time": 1.1333, "name": "ex2" },
					{ "time": 1.2, "name": "ex1" },
					{ "time": 1.2666, "name": "ex2" },
					{ "time": 1.3333, "name": "ex1" },
					{ "time": 1.4, "name": "ex2" },
					{ "time": 1.4666, "name": "ex1" },
					{ "time": 1.5333, "name": "ex2" },
					{ "time": 1.6, "name": "ex1" },
					{ "time": 1.6666, "name": "ex2" },
					{ "time": 1.7333, "name": "ex1" },
					{ "time": 1.8, "name": "ex2" },
					{ "time": 1.8666, "name": "ex1" },
					{ "time": 1.9333, "name": "ex2" },
					{ "time": 2, "name": "ex1" }
				]
			},
			"ex2": {
				"attachment": [
					{ "time": 0, "name": null },
					{ "time": 0.0666, "name": "ex2" },
					{ "time": 0.1333, "name": "ex3" },
					{ "time": 0.2, "name": "ex1" },
					{ "time": 0.2666, "name": "ex2" },
					{ "time": 0.3333, "name": "ex3" },
					{ "time": 0.4, "name": "ex1" },
					{ "time": 0.4666, "name": "ex2" },
					{ "time": 0.5333, "name": "ex3" },
					{ "time": 0.6, "name": "ex1" },
					{ "time": 0.6666, "name": "ex2" },
					{ "time": 0.7333, "name": "ex3" },
					{ "time": 0.8, "name": "ex1" },
					{ "time": 0.8666, "name": "ex2" },
					{ "time": 0.9333, "name": "ex3" },
					{ "time": 1, "name": "ex1" },
					{ "time": 1.0666, "name": "ex2" },
					{ "time": 1.1333, "name": "ex3" },
					{ "time": 1.2, "name": "ex1" },
					{ "time": 1.2666, "name": "ex2" },
					{ "time": 1.3333, "name": "ex3" },
					{ "time": 1.4, "name": "ex1" },
					{ "time": 1.4666, "name": "ex2" },
					{ "time": 1.5333, "name": "ex3" },
					{ "time": 1.6, "name": "ex1" },
					{ "time": 1.6666, "name": "ex2" },
					{ "time": 1.7333, "name": "ex3" },
					{ "time": 1.8, "name": "ex1" },
					{ "time": 1.8666, "name": "ex2" },
					{ "time": 1.9333, "name": "ex3" },
					{ "time": 2, "name": "ex1" }
				]
			}
		},
		"bones": {
			"ex1": {
				"translate": [
					{ "time": 0, "x": -6.38, "y": 9.44 },
					{ "time": 1, "x": -8.71, "y": 13.86 },
					{ "time": 2, "x": -6.38, "y": 9.44 }
				],
				"scale": [
					{ "time": 0, "x": 0.777, "y": 0.777 },
					{ "time": 1, "x": 0.622, "y": 0.622 },
					{ "time": 2, "x": 0.777, "y": 0.777 }
				]
			},
			"T1": {
				"rotate": [
					{ "time": 0, "angle": -18.78 },
					{ "time": 0.5, "angle": -1.37 },
					{ "time": 1, "angle": 24.61 },
					{ "time": 1.5, "angle": -8.21 },
					{ "time": 2, "angle": -18.78 }
				],
				"translate": [
					{ "time": 0, "x": -12, "y": 1 },
					{ "time": 0.5, "x": 33.29, "y": 13.07 },
					{ "time": 1, "x": 74.56, "y": -1.01 },
					{ "time": 1.5, "x": 30.27, "y": -13.09 },
					{ "time": 2, "x": -12, "y": 1 }
				],
				"scale": [
					{ "time": 0, "x": 1, "y": 1, "curve": "stepped" },
					{ "time": 2, "x": 1, "y": 1 }
				]
			},
			"D": {
				"rotate": [
					{ "time": 0, "angle": 0, "curve": "stepped" },
					{ "time": 2, "angle": 0 }
				],
				"translate": [
					{ "time": 0, "x": 0, "y": 0 },
					{ "time": 0.3333, "x": 0, "y": 2.27 },
					{ "time": 0.6666, "x": 0, "y": -0.79 },
					{ "time": 1, "x": 0, "y": 2.27 },
					{ "time": 1.3333, "x": 0, "y": -0.79 },
					{ "time": 1.6666, "x": 0, "y": 2.27 },
					{ "time": 2, "x": 0, "y": 0 }
				]
			},
			"T2": {
				"rotate": [
					{ "time": 0, "angle": 17.35 },
					{ "time": 1, "angle": -24.61 },
					{ "time": 1.5, "angle": 8.72 },
					{ "time": 2, "angle": 17.35 }
				],
				"translate": [
					{ "time": 0, "x": 5.03, "y": 2.01 },
					{ "time": 0.5, "x": -29.19, "y": -11.07 },
					{ "time": 1, "x": -75.15, "y": 1.34 },
					{ "time": 1.5, "x": -34.05, "y": 12.75 },
					{ "time": 2, "x": 5.03, "y": 2.01 }
				]
			},
			"ex2": {
				"rotate": [
					{ "time": 0, "angle": 0, "curve": "stepped" },
					{ "time": 2, "angle": 0 }
				],
				"translate": [
					{ "time": 0, "x": -5.76, "y": 15.07, "curve": "stepped" },
					{ "time": 2, "x": -5.76, "y": 15.07 }
				],
				"scale": [
					{ "time": 0, "x": 0.662, "y": 0.662 },
					{ "time": 1, "x": 0.749, "y": 0.662 },
					{ "time": 2, "x": 0.662, "y": 0.662 }
				]
			}
		},
		"drawOrder": [
			{
				"time": 0,
				"offsets": [
					{ "slot": "2", "offset": 2 },
					{ "slot": "ex2", "offset": 2 }
				]
			},
			{ "time": 1 },
			{
				"time": 2,
				"offsets": [
					{ "slot": "2", "offset": 2 },
					{ "slot": "ex2", "offset": 2 }
				]
			}
		]
	},
	"vs_end": {
		"slots": {
			"1": {
				"attachment": [
					{ "time": 0, "name": "1" },
					{ "time": 0.0333, "name": "2" },
					{ "time": 0.0666, "name": "3" },
					{ "time": 0.1, "name": "4" },
					{ "time": 0.1333, "name": "1" },
					{ "time": 0.1666, "name": "2" },
					{ "time": 0.2, "name": "3" },
					{ "time": 0.2333, "name": "4" },
					{ "time": 0.2666, "name": "1" },
					{ "time": 0.3, "name": "2" },
					{ "time": 0.3333, "name": "3" },
					{ "time": 0.3666, "name": "4" },
					{ "time": 0.4, "name": "1" },
					{ "time": 0.4333, "name": "2" },
					{ "time": 0.4666, "name": "3" },
					{ "time": 0.5, "name": "4" },
					{ "time": 0.5333, "name": "1" },
					{ "time": 0.5666, "name": "2" },
					{ "time": 0.6, "name": "3" },
					{ "time": 0.6333, "name": "4" },
					{ "time": 0.6666, "name": "1" },
					{ "time": 0.7, "name": "2" },
					{ "time": 0.7333, "name": "3" },
					{ "time": 0.7666, "name": "4" },
					{ "time": 0.8, "name": "1" },
					{ "time": 0.8333, "name": "2" },
					{ "time": 0.8666, "name": "3" },
					{ "time": 0.9, "name": "4" },
					{ "time": 0.9333, "name": "1" },
					{ "time": 0.9666, "name": "2" },
					{ "time": 1, "name": "3" },
					{ "time": 1.0333, "name": "4" },
					{ "time": 1.0666, "name": "1" },
					{ "time": 1.1, "name": "2" },
					{ "time": 1.1333, "name": "3" },
					{ "time": 1.1666, "name": "4" },
					{ "time": 1.2, "name": "1" },
					{ "time": 1.2333, "name": "2" },
					{ "time": 1.2666, "name": "3" },
					{ "time": 1.3, "name": "4" },
					{ "time": 1.3333, "name": "1" },
					{ "time": 1.3666, "name": "2" },
					{ "time": 1.4, "name": "3" },
					{ "time": 1.4333, "name": "4" },
					{ "time": 1.4666, "name": "1" },
					{ "time": 1.5, "name": "2" },
					{ "time": 1.5333, "name": "3" },
					{ "time": 1.5666, "name": "4" },
					{ "time": 1.6, "name": "1" },
					{ "time": 1.6333, "name": "2" },
					{ "time": 1.6666, "name": "3" },
					{ "time": 1.7, "name": "4" },
					{ "time": 1.7333, "name": "1" },
					{ "time": 1.8, "name": "2" },
					{ "time": 1.8666, "name": "3" },
					{ "time": 1.9333, "name": "4" },
					{ "time": 2, "name": "1" },
					{ "time": 2.1666, "name": "2" },
					{ "time": 2.3333, "name": "3" },
					{ "time": 2.5, "name": "4" },
					{ "time": 2.6666, "name": "1" }
				]
			},
			"2": {
				"color": [
					{ "time": 0.8, "color": "ffffffff" },
					{ "time": 1.3333, "color": "ffffff00" }
				],
				"attachment": [
					{ "time": 0, "name": "1" },
					{ "time": 0.0333, "name": "2" },
					{ "time": 0.0666, "name": "3" },
					{ "time": 0.1, "name": "4" },
					{ "time": 0.1333, "name": "1" },
					{ "time": 0.1666, "name": "2" },
					{ "time": 0.2, "name": "3" },
					{ "time": 0.2333, "name": "4" },
					{ "time": 0.2666, "name": "1" },
					{ "time": 0.3, "name": "2" },
					{ "time": 0.3333, "name": "3" },
					{ "time": 0.3666, "name": "4" },
					{ "time": 0.4, "name": "1" },
					{ "time": 0.4333, "name": "2" },
					{ "time": 0.4666, "name": "3" },
					{ "time": 0.5, "name": "4" },
					{ "time": 0.5333, "name": "1" },
					{ "time": 0.5666, "name": "2" },
					{ "time": 0.6, "name": "3" },
					{ "time": 0.6333, "name": "4" },
					{ "time": 0.6666, "name": "1" },
					{ "time": 0.7, "name": "2" },
					{ "time": 0.7333, "name": "3" },
					{ "time": 0.7666, "name": "4" },
					{ "time": 0.8, "name": "1" },
					{ "time": 0.8333, "name": "2" },
					{ "time": 0.8666, "name": "3" },
					{ "time": 0.9, "name": "4" },
					{ "time": 0.9333, "name": "1" },
					{ "time": 0.9666, "name": "2" },
					{ "time": 1, "name": "3" },
					{ "time": 1.0333, "name": "4" },
					{ "time": 1.0666, "name": "1" },
					{ "time": 1.1, "name": "2" },
					{ "time": 1.1333, "name": "3" },
					{ "time": 1.1666, "name": "4" },
					{ "time": 1.2, "name": "1" },
					{ "time": 1.2333, "name": "2" },
					{ "time": 1.2666, "name": "3" },
					{ "time": 1.3, "name": "4" },
					{ "time": 1.3333, "name": null }
				]
			},
			"ex1": {
				"attachment": [
					{ "time": 0, "name": null },
					{ "time": 0.0666, "name": "ex2" },
					{ "time": 0.1333, "name": "ex1" },
					{ "time": 0.2, "name": "ex2" },
					{ "time": 0.2666, "name": "ex1" },
					{ "time": 0.3333, "name": "ex2" },
					{ "time": 0.4, "name": "ex1" },
					{ "time": 0.4333, "name": "ex3" },
					{ "time": 0.4666, "name": "ex2" },
					{ "time": 0.5333, "name": "ex3" },
					{ "time": 0.5666, "name": "ex3" },
					{ "time": 0.6, "name": "ex2" },
					{ "time": 0.6666, "name": "ex1" },
					{ "time": 0.7333, "name": "ex2" },
					{ "time": 0.8, "name": "ex1" },
					{ "time": 0.8666, "name": "ex2" },
					{ "time": 0.9333, "name": "ex1" },
					{ "time": 1, "name": null }
				]
			},
			"ex2": {
				"attachment": [
					{ "time": 0, "name": null },
					{ "time": 0.0666, "name": "ex2" },
					{ "time": 0.1333, "name": "ex3" },
					{ "time": 0.2, "name": "ex1" },
					{ "time": 0.2666, "name": "ex2" },
					{ "time": 0.3333, "name": "ex3" },
					{ "time": 0.4, "name": "ex1" },
					{ "time": 0.4333, "name": "ex3" },
					{ "time": 0.4666, "name": "ex3" },
					{ "time": 0.5333, "name": "ex1" },
					{ "time": 0.6, "name": "ex1" },
					{ "time": 0.6333, "name": "ex3" },
					{ "time": 0.6666, "name": "ex2" },
					{ "time": 0.7333, "name": "ex3" },
					{ "time": 0.8, "name": "ex1" },
					{ "time": 0.8666, "name": "ex2" },
					{ "time": 0.9333, "name": "ex3" },
					{ "time": 1, "name": "ex1" },
					{ "time": 1.0666, "name": null }
				]
			}
		},
		"bones": {
			"ex1": {
				"translate": [
					{ "time": 0, "x": -6.38, "y": 9.44, "curve": "stepped" },
					{ "time": 0.4, "x": -6.38, "y": 9.44 },
					{ "time": 0.4333, "x": 13.61, "y": -0.64 },
					{ "time": 0.5, "x": -5.77, "y": 12.2 },
					{ "time": 1, "x": -8.71, "y": 13.86 },
					{ "time": 2, "x": -6.38, "y": 9.44 }
				],
				"scale": [
					{ "time": 0, "x": 0.777, "y": 0.777 },
					{ "time": 0.4, "x": 0.715, "y": 0.715 },
					{ "time": 0.4333, "x": 1.179, "y": 1.179 },
					{ "time": 0.5, "x": 0.744, "y": 0.744 },
					{ "time": 1, "x": 0.622, "y": 0.622 },
					{ "time": 2, "x": 0.777, "y": 0.777 }
				]
			},
			"T1": {
				"rotate": [
					{ "time": 0, "angle": -18.78 },
					{ "time": 0.4333, "angle": -15.25 },
					{ "time": 0.5, "angle": -19.51 },
					{ "time": 0.5666, "angle": -14.96 },
					{ "time": 0.6333, "angle": -10.74 },
					{ "time": 0.7, "angle": 8.78 },
					{ "time": 0.7333, "angle": -15.65 },
					{ "time": 0.9, "angle": 26.98 },
					{ "time": 1.3333, "angle": -16.98 },
					{ "time": 1.6666, "angle": 9.34 },
					{ "time": 2, "angle": -1.87 },
					{ "time": 2.6666, "angle": -3.74 }
				],
				"translate": [
					{ "time": 0, "x": -12, "y": 1 },
					{ "time": 0.4333, "x": 7.12, "y": -0.61 },
					{ "time": 0.5, "x": 1.97, "y": -0.65 },
					{ "time": 0.5666, "x": 9.84, "y": -1.71 },
					{ "time": 0.6333, "x": 21.81, "y": -4.62 },
					{ "time": 0.7, "x": 46.5, "y": 1.06 },
					{ "time": 0.7333, "x": 56.33, "y": 4.07 },
					{ "time": 0.9, "x": 68.94, "y": -0.96 },
					{ "time": 1.3333, "x": 18.22, "y": -3.32 },
					{ "time": 1.6666, "x": 35.52, "y": -2.43 },
					{ "time": 2, "x": 27.65, "y": -4.56 },
					{ "time": 2.6666, "x": 24.99, "y": 53 }
				],
				"scale": [
					{ "time": 0, "x": 1, "y": 1, "curve": "stepped" },
					{ "time": 2.6666, "x": 1, "y": 1 }
				]
			},
			"D": {
				"rotate": [
					{ "time": 0, "angle": 0, "curve": "stepped" },
					{ "time": 2.6666, "angle": 0 }
				],
				"translate": [
					{ "time": 0, "x": 0, "y": 0 },
					{ "time": 0.3333, "x": 0, "y": 2.27 },
					{ "time": 0.6666, "x": 0, "y": -0.79 },
					{ "time": 1, "x": 0, "y": 0.26 },
					{ "time": 1.3333, "x": 0, "y": 3.22 },
					{ "time": 2.6666, "x": 0, "y": 0 }
				]
			},
			"T2": {
				"rotate": [
					{ "time": 0, "angle": 17.35 },
					{ "time": 0.4333, "angle": 16.25 },
					{ "time": 0.5, "angle": 4.72 },
					{ "time": 0.5666, "angle": 15 },
					{ "time": 0.6333, "angle": 16.97 },
					{ "time": 0.7, "angle": -6.89 },
					{ "time": 0.7333, "angle": -2.75 },
					{ "time": 1, "angle": -20.11 },
					{ "time": 1.3, "angle": 18.86 },
					{ "time": 1.3333, "angle": 18.12 },
					{ "time": 2, "angle": 17.35 }
				],
				"translate": [
					{ "time": 0, "x": 5.03, "y": 2.01 },
					{ "time": 0.4333, "x": -5.03, "y": 1 },
					{ "time": 0.5, "x": -2.21, "y": 0.03 },
					{ "time": 0.5666, "x": -14.28, "y": -5.82 },
					{ "time": 0.6333, "x": -31.7, "y": -3.71 },
					{ "time": 0.7, "x": -36.58, "y": -9.84 },
					{ "time": 0.7333, "x": -39.86, "y": -4.57 },
					{ "time": 0.8, "x": -241.95, "y": 40.18 },
					{ "time": 1, "x": -293.58, "y": -26.84 },
					{ "time": 1.3, "x": -279.59, "y": -21.7 },
					{ "time": 1.3333, "x": -275.8, "y": -21.13 },
					{ "time": 2, "x": 5.03, "y": 2.01 }
				]
			},
			"ex2": {
				"rotate": [
					{ "time": 0, "angle": 0, "curve": "stepped" },
					{ "time": 2.6666, "angle": 0 }
				],
				"translate": [
					{ "time": 0, "x": -5.76, "y": 15.07, "curve": "stepped" },
					{ "time": 0.4, "x": -5.76, "y": 15.07 },
					{ "time": 0.4333, "x": -1.09, "y": -4.53 },
					{ "time": 0.4666, "x": -5.04, "y": 16.66 },
					{ "time": 1.4333, "x": -9.51, "y": 20.59 },
					{ "time": 2.6666, "x": -5.76, "y": 15.07 }
				],
				"scale": [
					{ "time": 0, "x": 0.662, "y": 0.662 },
					{ "time": 0.4, "x": 0.697, "y": 0.662 },
					{ "time": 0.4333, "x": 1.316, "y": 1.245 },
					{ "time": 0.4666, "x": 0.835, "y": 0.788 },
					{ "time": 1, "x": 0.749, "y": 0.662 },
					{ "time": 1.4333, "x": 0.466, "y": 0.434 },
					{ "time": 2.6666, "x": 0.662, "y": 0.662 }
				]
			}
		},
		"drawOrder": [
			{
				"time": 0,
				"offsets": [
					{ "slot": "2", "offset": 2 },
					{ "slot": "ex2", "offset": 2 }
				]
			},
			{ "time": 1.1666 }
		]
	},
	"vs_ex": {
		"slots": {
			"1": {
				"attachment": [
					{ "time": 0, "name": "1" },
					{ "time": 0.0333, "name": "2" },
					{ "time": 0.0666, "name": "3" },
					{ "time": 0.1, "name": "4" },
					{ "time": 0.1333, "name": "1" },
					{ "time": 0.1666, "name": "2" },
					{ "time": 0.2, "name": "3" },
					{ "time": 0.2333, "name": "4" },
					{ "time": 0.2666, "name": "1" },
					{ "time": 0.3, "name": "2" },
					{ "time": 0.3333, "name": "3" },
					{ "time": 0.3666, "name": "4" },
					{ "time": 0.4, "name": "1" },
					{ "time": 0.4333, "name": "2" },
					{ "time": 0.4666, "name": "3" },
					{ "time": 0.5, "name": "4" },
					{ "time": 0.5333, "name": "1" },
					{ "time": 0.5666, "name": "2" },
					{ "time": 0.6, "name": "3" },
					{ "time": 0.6333, "name": "4" },
					{ "time": 0.6666, "name": "1" },
					{ "time": 0.7, "name": "2" },
					{ "time": 0.7333, "name": "3" },
					{ "time": 0.7666, "name": "4" },
					{ "time": 0.8, "name": "1" },
					{ "time": 0.8333, "name": "2" },
					{ "time": 0.8666, "name": "3" },
					{ "time": 0.9, "name": "4" },
					{ "time": 0.9333, "name": "1" },
					{ "time": 0.9666, "name": "2" },
					{ "time": 1, "name": "3" },
					{ "time": 1.0333, "name": "4" },
					{ "time": 1.0666, "name": "1" },
					{ "time": 1.1, "name": "2" },
					{ "time": 1.1333, "name": "3" },
					{ "time": 1.1666, "name": "4" },
					{ "time": 1.2, "name": "1" },
					{ "time": 1.2333, "name": "2" },
					{ "time": 1.2666, "name": "3" },
					{ "time": 1.3, "name": "4" },
					{ "time": 1.3333, "name": "1" },
					{ "time": 1.3666, "name": "2" },
					{ "time": 1.4, "name": "3" },
					{ "time": 1.4333, "name": "4" },
					{ "time": 1.4666, "name": "1" },
					{ "time": 1.5, "name": "2" },
					{ "time": 1.5333, "name": "3" },
					{ "time": 1.5666, "name": "4" },
					{ "time": 1.6, "name": "1" },
					{ "time": 1.6333, "name": "2" },
					{ "time": 1.6666, "name": "3" },
					{ "time": 1.7, "name": "4" },
					{ "time": 1.7333, "name": "1" },
					{ "time": 1.7666, "name": "2" },
					{ "time": 1.8, "name": "3" },
					{ "time": 1.8333, "name": "4" },
					{ "time": 1.8666, "name": "1" },
					{ "time": 1.9, "name": "2" },
					{ "time": 1.9333, "name": "3" },
					{ "time": 1.9666, "name": "4" },
					{ "time": 2, "name": "1" }
				]
			},
			"2": {
				"attachment": [
					{ "time": 0, "name": "1" },
					{ "time": 0.0333, "name": "2" },
					{ "time": 0.0666, "name": "3" },
					{ "time": 0.1, "name": "4" },
					{ "time": 0.1333, "name": "1" },
					{ "time": 0.1666, "name": "2" },
					{ "time": 0.2, "name": "3" },
					{ "time": 0.2333, "name": "4" },
					{ "time": 0.2666, "name": "1" },
					{ "time": 0.3, "name": "2" },
					{ "time": 0.3333, "name": "3" },
					{ "time": 0.3666, "name": "4" },
					{ "time": 0.4, "name": "1" },
					{ "time": 0.4333, "name": "2" },
					{ "time": 0.4666, "name": "3" },
					{ "time": 0.5, "name": "4" },
					{ "time": 0.5333, "name": "1" },
					{ "time": 0.5666, "name": "2" },
					{ "time": 0.6, "name": "3" },
					{ "time": 0.6333, "name": "4" },
					{ "time": 0.6666, "name": "1" },
					{ "time": 0.7, "name": "2" },
					{ "time": 0.7333, "name": "3" },
					{ "time": 0.7666, "name": "4" },
					{ "time": 0.8, "name": "1" },
					{ "time": 0.8333, "name": "2" },
					{ "time": 0.8666, "name": "3" },
					{ "time": 0.9, "name": "4" },
					{ "time": 0.9333, "name": "1" },
					{ "time": 0.9666, "name": "2" },
					{ "time": 1, "name": "3" },
					{ "time": 1.0333, "name": "4" },
					{ "time": 1.0666, "name": "1" },
					{ "time": 1.1, "name": "2" },
					{ "time": 1.1333, "name": "3" },
					{ "time": 1.1666, "name": "4" },
					{ "time": 1.2, "name": "1" },
					{ "time": 1.2333, "name": "2" },
					{ "time": 1.2666, "name": "3" },
					{ "time": 1.3, "name": "4" },
					{ "time": 1.3333, "name": "1" },
					{ "time": 1.3666, "name": "2" },
					{ "time": 1.4, "name": "3" },
					{ "time": 1.4333, "name": "4" },
					{ "time": 1.4666, "name": "1" },
					{ "time": 1.5, "name": "2" },
					{ "time": 1.5333, "name": "3" },
					{ "time": 1.5666, "name": "4" },
					{ "time": 1.6, "name": "1" },
					{ "time": 1.6333, "name": "2" },
					{ "time": 1.6666, "name": "3" },
					{ "time": 1.7, "name": "4" },
					{ "time": 1.7333, "name": "1" },
					{ "time": 1.7666, "name": "2" },
					{ "time": 1.8, "name": "3" },
					{ "time": 1.8333, "name": "4" },
					{ "time": 1.8666, "name": "1" },
					{ "time": 1.9, "name": "2" },
					{ "time": 1.9333, "name": "3" },
					{ "time": 1.9666, "name": "4" },
					{ "time": 2, "name": "1" }
				]
			},
			"ex1": {
				"attachment": [
					{ "time": 0, "name": null },
					{ "time": 0.0666, "name": "ex2" },
					{ "time": 0.1333, "name": "ex1" },
					{ "time": 0.2, "name": "ex2" },
					{ "time": 0.2666, "name": "ex1" },
					{ "time": 0.3333, "name": "ex2" },
					{ "time": 0.4, "name": "ex1" },
					{ "time": 0.4333, "name": "ex3" },
					{ "time": 0.4666, "name": "ex2" },
					{ "time": 0.5333, "name": "ex3" },
					{ "time": 0.5666, "name": "ex3" },
					{ "time": 0.6, "name": "ex2" },
					{ "time": 0.6666, "name": "ex1" },
					{ "time": 0.7333, "name": "ex2" },
					{ "time": 0.8, "name": "ex1" },
					{ "time": 0.8666, "name": "ex2" },
					{ "time": 0.9333, "name": "ex1" },
					{ "time": 1, "name": "ex2" },
					{ "time": 1.0666, "name": "ex1" },
					{ "time": 1.1333, "name": "ex2" },
					{ "time": 1.2, "name": "ex1" },
					{ "time": 1.2666, "name": "ex2" },
					{ "time": 1.3333, "name": "ex1" },
					{ "time": 1.4, "name": "ex3" },
					{ "time": 1.4333, "name": "ex2" },
					{ "time": 1.4666, "name": "ex3" },
					{ "time": 1.5333, "name": "ex2" },
					{ "time": 1.6, "name": "ex1" },
					{ "time": 1.6666, "name": "ex2" },
					{ "time": 1.7333, "name": "ex1" },
					{ "time": 1.8, "name": "ex2" },
					{ "time": 1.8666, "name": "ex1" },
					{ "time": 1.9333, "name": "ex2" },
					{ "time": 2, "name": "ex1" }
				]
			},
			"ex2": {
				"attachment": [
					{ "time": 0, "name": null },
					{ "time": 0.0666, "name": "ex2" },
					{ "time": 0.1333, "name": "ex3" },
					{ "time": 0.2, "name": "ex1" },
					{ "time": 0.2666, "name": "ex2" },
					{ "time": 0.3333, "name": "ex3" },
					{ "time": 0.4, "name": "ex1" },
					{ "time": 0.4333, "name": "ex3" },
					{ "time": 0.4666, "name": "ex3" },
					{ "time": 0.5333, "name": "ex1" },
					{ "time": 0.6, "name": "ex1" },
					{ "time": 0.6333, "name": "ex3" },
					{ "time": 0.6666, "name": "ex2" },
					{ "time": 0.7333, "name": "ex3" },
					{ "time": 0.8, "name": "ex1" },
					{ "time": 0.8666, "name": "ex2" },
					{ "time": 0.9333, "name": "ex3" },
					{ "time": 1, "name": "ex1" },
					{ "time": 1.0666, "name": "ex2" },
					{ "time": 1.1333, "name": "ex3" },
					{ "time": 1.2, "name": "ex1" },
					{ "time": 1.2666, "name": "ex2" },
					{ "time": 1.3333, "name": "ex3" },
					{ "time": 1.4, "name": "ex3" },
					{ "time": 1.4333, "name": "ex1" },
					{ "time": 1.4666, "name": "ex3" },
					{ "time": 1.5333, "name": "ex3" },
					{ "time": 1.6, "name": "ex1" },
					{ "time": 1.6666, "name": "ex2" },
					{ "time": 1.7333, "name": "ex3" },
					{ "time": 1.8, "name": "ex1" },
					{ "time": 1.8666, "name": "ex2" },
					{ "time": 1.9333, "name": "ex3" },
					{ "time": 2, "name": "ex1" }
				]
			}
		},
		"bones": {
			"ex1": {
				"translate": [
					{ "time": 0, "x": -6.38, "y": 9.44, "curve": "stepped" },
					{ "time": 0.4, "x": -6.38, "y": 9.44 },
					{ "time": 0.4333, "x": 13.61, "y": -0.64 },
					{ "time": 0.5, "x": -5.77, "y": 12.2 },
					{ "time": 1, "x": -8.71, "y": 13.86 },
					{ "time": 1.4333, "x": -6.03, "y": 14.85 },
					{ "time": 1.4666, "x": -4.18, "y": -4.98 },
					{ "time": 1.6, "x": -6.09, "y": 16.14 },
					{ "time": 2, "x": -6.38, "y": 9.44 }
				],
				"scale": [
					{ "time": 0, "x": 0.777, "y": 0.777 },
					{ "time": 0.4, "x": 0.715, "y": 0.715 },
					{ "time": 0.4333, "x": 1.179, "y": 1.179 },
					{ "time": 0.5, "x": 0.744, "y": 0.744 },
					{ "time": 1, "x": 0.622, "y": 0.622 },
					{ "time": 1.4333, "x": 0.688, "y": 0.688 },
					{ "time": 1.4666, "x": 1.172, "y": 1.172 },
					{ "time": 1.6, "x": 0.611, "y": 0.611 },
					{ "time": 2, "x": 0.777, "y": 0.777 }
				]
			},
			"T1": {
				"rotate": [
					{ "time": 0, "angle": -18.78 },
					{ "time": 0.4333, "angle": -15.25 },
					{ "time": 0.5, "angle": -19.51 },
					{ "time": 0.5666, "angle": -14.96 },
					{ "time": 0.6333, "angle": -10.74 },
					{ "time": 0.7, "angle": 8.78 },
					{ "time": 0.7333, "angle": -15.65 },
					{ "time": 0.9, "angle": 26.98 },
					{ "time": 1.3333, "angle": -15.25 },
					{ "time": 1.4, "angle": -19.51 },
					{ "time": 1.4666, "angle": -14.96 },
					{ "time": 1.5333, "angle": -10.74 },
					{ "time": 1.6, "angle": -8.11 },
					{ "time": 1.7666, "angle": 14.69 },
					{ "time": 2, "angle": -18.78 }
				],
				"translate": [
					{ "time": 0, "x": -12, "y": 1 },
					{ "time": 0.4333, "x": 7.12, "y": -0.61 },
					{ "time": 0.5, "x": 1.97, "y": -0.65 },
					{ "time": 0.5666, "x": 9.84, "y": -1.71 },
					{ "time": 0.6333, "x": 21.81, "y": -4.62 },
					{ "time": 0.7, "x": 46.5, "y": 1.06 },
					{ "time": 0.7333, "x": 56.33, "y": 4.07 },
					{ "time": 0.9, "x": 68.94, "y": -0.96 },
					{ "time": 1.3333, "x": 7.12, "y": -0.61 },
					{ "time": 1.4, "x": -20.17, "y": 2.36 },
					{ "time": 1.4666, "x": 9.84, "y": -1.71 },
					{ "time": 1.5333, "x": 21.81, "y": -4.62 },
					{ "time": 1.6, "x": 54.55, "y": -5.98 },
					{ "time": 1.7666, "x": -1.04, "y": -2.96 },
					{ "time": 2, "x": -12, "y": 1 }
				],
				"scale": [
					{ "time": 0, "x": 1, "y": 1, "curve": "stepped" },
					{ "time": 2, "x": 1, "y": 1 }
				]
			},
			"D": {
				"rotate": [
					{ "time": 0, "angle": 0, "curve": "stepped" },
					{ "time": 2, "angle": 0 }
				],
				"translate": [
					{ "time": 0, "x": 0, "y": 0 },
					{ "time": 0.3333, "x": 0, "y": 2.27 },
					{ "time": 0.6666, "x": 0, "y": -0.79 },
					{ "time": 1, "x": 0, "y": 2.27 },
					{ "time": 1.3333, "x": 0, "y": -0.79 },
					{ "time": 1.6666, "x": 0, "y": 2.27 },
					{ "time": 2, "x": 0, "y": 0 }
				]
			},
			"T2": {
				"rotate": [
					{ "time": 0, "angle": 17.35 },
					{ "time": 0.4333, "angle": 16.25 },
					{ "time": 0.5, "angle": 4.72 },
					{ "time": 0.5666, "angle": 15 },
					{ "time": 0.6333, "angle": 16.97 },
					{ "time": 0.7, "angle": -6.89 },
					{ "time": 0.7333, "angle": -2.75 },
					{ "time": 1, "angle": -24.61 },
					{ "time": 1.3333, "angle": 16.25 },
					{ "time": 1.4, "angle": 26.39 },
					{ "time": 1.4666, "angle": 15 },
					{ "time": 1.5333, "angle": 16.97 },
					{ "time": 1.6, "angle": 22.4 },
					{ "time": 1.7666, "angle": -8.36 },
					{ "time": 2, "angle": 17.35 }
				],
				"translate": [
					{ "time": 0, "x": 5.03, "y": 2.01 },
					{ "time": 0.4333, "x": -5.03, "y": 1 },
					{ "time": 0.5, "x": -2.21, "y": 0.03 },
					{ "time": 0.5666, "x": -14.28, "y": -5.82 },
					{ "time": 0.6333, "x": -31.7, "y": -3.71 },
					{ "time": 0.7, "x": -36.58, "y": -9.84 },
					{ "time": 0.7333, "x": -39.86, "y": -4.57 },
					{ "time": 0.8, "x": -55.73, "y": -6.11 },
					{ "time": 1, "x": -75.15, "y": 1.34 },
					{ "time": 1.3333, "x": -5.03, "y": 1 },
					{ "time": 1.4, "x": 15.9, "y": 2.05 },
					{ "time": 1.4666, "x": -14.28, "y": -5.82 },
					{ "time": 1.5333, "x": -31.7, "y": -3.71 },
					{ "time": 1.6, "x": -52.68, "y": -3.8 },
					{ "time": 1.7666, "x": 3.41, "y": -4.57 },
					{ "time": 2, "x": 5.03, "y": 2.01 }
				]
			},
			"ex2": {
				"rotate": [
					{ "time": 0, "angle": 0, "curve": "stepped" },
					{ "time": 2, "angle": 0 }
				],
				"translate": [
					{ "time": 0, "x": -5.76, "y": 15.07, "curve": "stepped" },
					{ "time": 0.4, "x": -5.76, "y": 15.07 },
					{ "time": 0.4333, "x": -1.09, "y": -4.53 },
					{ "time": 0.4666, "x": -5.04, "y": 16.66 },
					{ "time": 1.4333, "x": -9.51, "y": 20.59 },
					{ "time": 2, "x": -5.76, "y": 15.07 }
				],
				"scale": [
					{ "time": 0, "x": 0.662, "y": 0.662 },
					{ "time": 0.4, "x": 0.697, "y": 0.662 },
					{ "time": 0.4333, "x": 1.316, "y": 1.245 },
					{ "time": 0.4666, "x": 0.835, "y": 0.788 },
					{ "time": 1, "x": 0.749, "y": 0.662 },
					{ "time": 1.4333, "x": 0.466, "y": 0.434 },
					{ "time": 2, "x": 0.662, "y": 0.662 }
				]
			}
		},
		"drawOrder": [
			{
				"time": 0,
				"offsets": [
					{ "slot": "2", "offset": 2 },
					{ "slot": "ex2", "offset": 2 }
				]
			},
			{ "time": 1 },
			{
				"time": 2,
				"offsets": [
					{ "slot": "2", "offset": 2 },
					{ "slot": "ex2", "offset": 2 }
				]
			}
		]
	},
	"vs_start": {
		"slots": {
			"1": {
				"attachment": [
					{ "time": 0, "name": "1" },
					{ "time": 0.0333, "name": "2" },
					{ "time": 0.0666, "name": "3" },
					{ "time": 0.1, "name": "4" },
					{ "time": 0.1333, "name": "1" },
					{ "time": 0.1666, "name": "2" },
					{ "time": 0.2, "name": "3" },
					{ "time": 0.2333, "name": "4" },
					{ "time": 0.2666, "name": "1" },
					{ "time": 0.3, "name": "2" },
					{ "time": 0.3333, "name": "3" },
					{ "time": 0.3666, "name": "4" },
					{ "time": 0.4, "name": "1" },
					{ "time": 0.4333, "name": "2" },
					{ "time": 0.4666, "name": "3" },
					{ "time": 0.5, "name": "4" },
					{ "time": 0.5333, "name": "1" },
					{ "time": 0.5666, "name": "2" },
					{ "time": 0.6, "name": "3" },
					{ "time": 0.6333, "name": "4" },
					{ "time": 0.6666, "name": "1" },
					{ "time": 0.7, "name": "2" },
					{ "time": 0.7333, "name": "3" },
					{ "time": 0.7666, "name": "4" },
					{ "time": 0.8, "name": "1" },
					{ "time": 0.8333, "name": "2" },
					{ "time": 0.8666, "name": "3" },
					{ "time": 0.9, "name": "4" },
					{ "time": 0.9333, "name": "1" },
					{ "time": 0.9666, "name": "2" },
					{ "time": 1, "name": "3" },
					{ "time": 1.0333, "name": "4" },
					{ "time": 1.0666, "name": "1" },
					{ "time": 1.1, "name": "2" },
					{ "time": 1.1333, "name": "3" },
					{ "time": 1.1666, "name": "4" },
					{ "time": 1.2, "name": "1" },
					{ "time": 1.2333, "name": "2" },
					{ "time": 1.2666, "name": "3" },
					{ "time": 1.3, "name": "4" },
					{ "time": 1.3333, "name": "1" },
					{ "time": 1.3666, "name": "2" },
					{ "time": 1.4, "name": "3" },
					{ "time": 1.4333, "name": "4" },
					{ "time": 1.4666, "name": "1" },
					{ "time": 1.5, "name": "2" },
					{ "time": 1.5333, "name": "3" },
					{ "time": 1.5666, "name": "4" },
					{ "time": 1.6, "name": "1" },
					{ "time": 1.6333, "name": "2" },
					{ "time": 1.6666, "name": "3" },
					{ "time": 1.7, "name": "4" },
					{ "time": 1.7333, "name": "1" },
					{ "time": 1.7666, "name": "2" },
					{ "time": 1.8, "name": "3" },
					{ "time": 1.8333, "name": "4" },
					{ "time": 1.8666, "name": "1" },
					{ "time": 1.9, "name": "2" },
					{ "time": 1.9333, "name": "3" },
					{ "time": 1.9666, "name": "4" },
					{ "time": 2, "name": "1" }
				]
			},
			"2": {
				"attachment": [
					{ "time": 0, "name": "1" },
					{ "time": 0.0333, "name": "2" },
					{ "time": 0.0666, "name": "3" },
					{ "time": 0.1, "name": "4" },
					{ "time": 0.1333, "name": "1" },
					{ "time": 0.1666, "name": "2" },
					{ "time": 0.2, "name": "3" },
					{ "time": 0.2333, "name": "4" },
					{ "time": 0.2666, "name": "1" },
					{ "time": 0.3, "name": "2" },
					{ "time": 0.3333, "name": "3" },
					{ "time": 0.3666, "name": "4" },
					{ "time": 0.4, "name": "1" },
					{ "time": 0.4333, "name": "2" },
					{ "time": 0.4666, "name": "3" },
					{ "time": 0.5, "name": "4" },
					{ "time": 0.5333, "name": "1" },
					{ "time": 0.5666, "name": "2" },
					{ "time": 0.6, "name": "3" },
					{ "time": 0.6333, "name": "4" },
					{ "time": 0.6666, "name": "1" },
					{ "time": 0.7, "name": "2" },
					{ "time": 0.7333, "name": "3" },
					{ "time": 0.7666, "name": "4" },
					{ "time": 0.8, "name": "1" },
					{ "time": 0.8333, "name": "2" },
					{ "time": 0.8666, "name": "3" },
					{ "time": 0.9, "name": "4" },
					{ "time": 0.9333, "name": "1" },
					{ "time": 0.9666, "name": "2" },
					{ "time": 1, "name": "3" },
					{ "time": 1.0333, "name": "4" },
					{ "time": 1.0666, "name": "1" },
					{ "time": 1.1, "name": "2" },
					{ "time": 1.1333, "name": "3" },
					{ "time": 1.1666, "name": "4" },
					{ "time": 1.2, "name": "1" },
					{ "time": 1.2333, "name": "2" },
					{ "time": 1.2666, "name": "3" },
					{ "time": 1.3, "name": "4" },
					{ "time": 1.3333, "name": "1" },
					{ "time": 1.3666, "name": "2" },
					{ "time": 1.4, "name": "3" },
					{ "time": 1.4333, "name": "4" },
					{ "time": 1.4666, "name": "1" },
					{ "time": 1.5, "name": "2" },
					{ "time": 1.5333, "name": "3" },
					{ "time": 1.5666, "name": "4" },
					{ "time": 1.6, "name": "1" },
					{ "time": 1.6333, "name": "2" },
					{ "time": 1.6666, "name": "3" },
					{ "time": 1.7, "name": "4" },
					{ "time": 1.7333, "name": "1" },
					{ "time": 1.7666, "name": "2" },
					{ "time": 1.8, "name": "3" },
					{ "time": 1.8333, "name": "4" },
					{ "time": 1.8666, "name": "1" },
					{ "time": 1.9, "name": "2" },
					{ "time": 1.9333, "name": "3" },
					{ "time": 1.9666, "name": "4" },
					{ "time": 2, "name": "1" }
				]
			},
			"ex1": {
				"attachment": [
					{ "time": 0, "name": null },
					{ "time": 0.0666, "name": "ex2" },
					{ "time": 0.1333, "name": "ex1" },
					{ "time": 0.2, "name": "ex2" },
					{ "time": 0.2666, "name": "ex1" },
					{ "time": 0.3333, "name": "ex2" },
					{ "time": 0.4, "name": "ex1" },
					{ "time": 0.4666, "name": "ex2" },
					{ "time": 0.5333, "name": "ex1" },
					{ "time": 0.6, "name": "ex2" },
					{ "time": 0.6666, "name": "ex1" },
					{ "time": 0.7333, "name": "ex2" },
					{ "time": 0.8, "name": "ex1" },
					{ "time": 0.8666, "name": "ex2" },
					{ "time": 0.9333, "name": "ex1" },
					{ "time": 1, "name": "ex2" },
					{ "time": 1.0666, "name": "ex1" },
					{ "time": 1.1333, "name": "ex2" },
					{ "time": 1.2, "name": "ex1" },
					{ "time": 1.2666, "name": "ex2" },
					{ "time": 1.3333, "name": "ex1" },
					{ "time": 1.4, "name": "ex2" },
					{ "time": 1.4666, "name": "ex1" },
					{ "time": 1.5333, "name": "ex2" },
					{ "time": 1.6, "name": "ex1" },
					{ "time": 1.6666, "name": "ex2" },
					{ "time": 1.7333, "name": "ex1" },
					{ "time": 1.8, "name": "ex2" },
					{ "time": 1.8666, "name": "ex1" },
					{ "time": 1.9333, "name": "ex2" },
					{ "time": 2, "name": "ex1" }
				]
			},
			"ex2": {
				"attachment": [
					{ "time": 0, "name": null },
					{ "time": 0.0666, "name": "ex2" },
					{ "time": 0.1333, "name": "ex3" },
					{ "time": 0.2, "name": "ex1" },
					{ "time": 0.2666, "name": "ex2" },
					{ "time": 0.3333, "name": "ex3" },
					{ "time": 0.4, "name": "ex1" },
					{ "time": 0.4666, "name": "ex2" },
					{ "time": 0.5333, "name": "ex3" },
					{ "time": 0.6, "name": "ex1" },
					{ "time": 0.6666, "name": "ex2" },
					{ "time": 0.7333, "name": "ex3" },
					{ "time": 0.8, "name": "ex1" },
					{ "time": 0.8666, "name": "ex2" },
					{ "time": 0.9333, "name": "ex3" },
					{ "time": 1, "name": "ex1" },
					{ "time": 1.0666, "name": "ex2" },
					{ "time": 1.1333, "name": "ex3" },
					{ "time": 1.2, "name": "ex1" },
					{ "time": 1.2666, "name": "ex2" },
					{ "time": 1.3333, "name": "ex3" },
					{ "time": 1.4, "name": "ex1" },
					{ "time": 1.4666, "name": "ex2" },
					{ "time": 1.5333, "name": "ex3" },
					{ "time": 1.6, "name": "ex1" },
					{ "time": 1.6666, "name": "ex2" },
					{ "time": 1.7333, "name": "ex3" },
					{ "time": 1.8, "name": "ex1" },
					{ "time": 1.8666, "name": "ex2" },
					{ "time": 1.9333, "name": "ex3" },
					{ "time": 2, "name": "ex1" }
				]
			}
		},
		"bones": {
			"ex1": {
				"translate": [
					{ "time": 0, "x": -6.38, "y": 9.44 },
					{ "time": 1, "x": -8.71, "y": 13.86 },
					{ "time": 2, "x": -6.38, "y": 9.44 }
				],
				"scale": [
					{ "time": 0, "x": 0.777, "y": 0.777 },
					{ "time": 1, "x": 0.622, "y": 0.622 },
					{ "time": 2, "x": 0.777, "y": 0.777 }
				]
			},
			"T1": {
				"rotate": [
					{ "time": 0, "angle": 3.56 },
					{ "time": 0.1666, "angle": -7.25 },
					{ "time": 2, "angle": -18.78 }
				],
				"translate": [
					{ "time": 0, "x": 57.99, "y": 37.99 },
					{ "time": 0.1666, "x": 58.16, "y": -0.08 },
					{ "time": 0.2333, "x": 59.61, "y": 6.95 },
					{ "time": 0.3, "x": 60.91, "y": 0.73 },
					{ "time": 0.3666, "x": 55.05, "y": 6.74 },
					{ "time": 0.4333, "x": 46.31, "y": -6.49 },
					{ "time": 0.8333, "x": 31.42, "y": -13.63 },
					{ "time": 2, "x": -12, "y": 1 }
				],
				"scale": [
					{ "time": 0, "x": 1, "y": 1, "curve": "stepped" },
					{ "time": 2, "x": 1, "y": 1 }
				]
			},
			"D": {
				"rotate": [
					{ "time": 0, "angle": 0, "curve": "stepped" },
					{ "time": 2, "angle": 0 }
				],
				"translate": [
					{ "time": 0, "x": 0, "y": 0 },
					{ "time": 0.1333, "x": 0, "y": 0.59 },
					{ "time": 0.1666, "x": 0, "y": -3 },
					{ "time": 0.2, "x": 0, "y": -0.94 },
					{ "time": 0.2666, "x": 0, "y": -2.91 },
					{ "time": 0.3333, "x": 0, "y": -0.79 },
					{ "time": 0.5, "x": 0, "y": 3.28 },
					{ "time": 0.6666, "x": 0, "y": -1.08 },
					{ "time": 0.8333, "x": 0, "y": 3.28 },
					{ "time": 1, "x": 0, "y": -1.08 },
					{ "time": 1.1666, "x": 0, "y": 3.28 },
					{ "time": 1.3333, "x": 0, "y": -1.08 },
					{ "time": 1.5, "x": 0, "y": 3.28 },
					{ "time": 1.6666, "x": 0, "y": -1.08 },
					{ "time": 1.8333, "x": 0, "y": 3.28 },
					{ "time": 2, "x": 0, "y": 0 }
				]
			},
			"T2": {
				"rotate": [
					{ "time": 0, "angle": 0 },
					{ "time": 0.1666, "angle": 10.77 },
					{ "time": 0.2, "angle": 7.7 },
					{ "time": 0.8333, "angle": -6.05 },
					{ "time": 2, "angle": 17.35 }
				],
				"translate": [
					{ "time": 0, "x": -64.42, "y": 39.25 },
					{ "time": 0.1666, "x": -64.08, "y": -0.25 },
					{ "time": 0.2, "x": -62.92, "y": 5.79 },
					{ "time": 0.2666, "x": -60.59, "y": 1.55 },
					{ "time": 0.3, "x": -59.42, "y": -3.51 },
					{ "time": 0.3333, "x": -58.26, "y": -6.46 },
					{ "time": 0.8333, "x": -24.67, "y": 11.58 },
					{ "time": 2, "x": 5.03, "y": 2.01 }
				]
			},
			"ex2": {
				"rotate": [
					{ "time": 0, "angle": 0, "curve": "stepped" },
					{ "time": 2, "angle": 0 }
				],
				"translate": [
					{ "time": 0, "x": -5.76, "y": 15.07, "curve": "stepped" },
					{ "time": 2, "x": -5.76, "y": 15.07 }
				],
				"scale": [
					{ "time": 0, "x": 0.662, "y": 0.662 },
					{ "time": 1, "x": 0.749, "y": 0.662 },
					{ "time": 2, "x": 0.662, "y": 0.662 }
				]
			}
		},
		"drawOrder": [
			{ "time": 0 },
			{ "time": 2 }
		]
	}
}
}