{
"skeleton": { "hash": "xbmf7Pln0nY9yFRasZTtirZKZ3k", "spine": "3.2.01", "width": 576.87, "height": 616.9, "images": "" },
"bones": [
	{ "name": "root" },
	{ "name": "bone", "parent": "root" },
	{ "name": "bone2", "parent": "bone" },
	{ "name": "TS", "parent": "bone2", "y": -96.85, "scaleX": 0.8, "scaleY": 0.8 },
	{ "name": "1", "parent": "TS", "x": 105.79, "y": -150.48 },
	{ "name": "H1", "parent": "1", "x": -33.46, "y": 688.82 },
	{ "name": "H3", "parent": "1", "x": 116.97, "y": 595.95 },
	{ "name": "T2", "parent": "TS", "x": 115.1, "y": 40.47 },
	{ "name": "TTTTT2222", "parent": "T2", "x": -9.31, "y": -190.96 },
	{ "name": "HH", "parent": "TTTTT2222", "x": -170.85, "y": 612.19 },
	{ "name": "P1", "parent": "T2", "x": -361.7, "y": -31.14 },
	{ "name": "PG", "parent": "P1", "x": 34.57, "y": 158.47 },
	{ "name": "T1", "parent": "1", "x": -156.21, "y": 645.49 },
	{ "name": "TX", "parent": "TS", "x": -223.54, "y": 208.14 },
	{ "name": "TX2", "parent": "TS", "x": 104.93, "y": 159.16 }
],
"slots": [
	{ "name": "T2", "bone": "TTTTT2222", "attachment": "T2" },
	{ "name": "H1", "bone": "H1", "attachment": "H1" },
	{ "name": "T1", "bone": "T1", "attachment": "T1" },
	{ "name": "H3", "bone": "H3", "attachment": "H3" },
	{ "name": "HH", "bone": "HH", "attachment": "HH" },
	{ "name": "P1", "bone": "P1", "attachment": "P1" },
	{ "name": "PG", "bone": "PG", "attachment": "PG" },
	{ "name": "TX", "bone": "TX", "attachment": "TX" },
	{ "name": "TX2", "bone": "TX2", "attachment": "TX2" }
],
"skins": {
	"default": {
		"H1": {
			"H1": { "x": 24.86, "y": -139.67, "width": 600, "height": 600 }
		},
		"H3": {
			"H3": { "x": -125.57, "y": -46.81, "width": 600, "height": 600 }
		},
		"HH": {
			"HH": { "x": 42.35, "y": -231.73, "width": 600, "height": 600 }
		},
		"P1": {
			"P1": { "x": 223.88, "y": 220.64, "width": 600, "height": 600 },
			"P2": { "x": 223.88, "y": 220.64, "width": 600, "height": 600 },
			"P3": { "x": 223.88, "y": 220.64, "width": 600, "height": 600 }
		},
		"PG": {
			"PG": { "x": 189.3, "y": 62.16, "width": 600, "height": 600 }
		},
		"T1": {
			"T1": { "x": 147.61, "y": -96.34, "width": 600, "height": 600 }
		},
		"T2": {
			"T2": { "x": -129.7, "y": 378, "width": 600, "height": 600 },
			"T3": { "x": -129.7, "y": 378, "width": 600, "height": 600 }
		},
		"TX": {
			"TX": { "x": 200.83, "y": 21.82, "width": 600, "height": 600 }
		},
		"TX2": {
			"TX2": { "x": -127.64, "y": 70.81, "width": 600, "height": 600 }
		}
	}
},
"animations": {
	"eat": {
		"slots": {
			"H1": {
				"color": [
					{ "time": 0, "color": "ffffff00" }
				]
			},
			"H3": {
				"color": [
					{ "time": 0, "color": "ffffff00" }
				]
			},
			"P1": {
				"color": [
					{ "time": 0, "color": "ffffffff", "curve": "stepped" },
					{ "time": 0.1666, "color": "ffffffff" },
					{ "time": 0.5, "color": "ffffffc4" },
					{ "time": 0.8333, "color": "ffffffe4" },
					{ "time": 1.1666, "color": "ffffffb2" },
					{ "time": 1.5, "color": "ffffffee" },
					{ "time": 1.8333, "color": "ffffffbf" },
					{ "time": 2.6333, "color": "ffffffff" }
				],
				"attachment": [
					{ "time": 0, "name": "P2" },
					{ "time": 0.5, "name": "P2" },
					{ "time": 0.6666, "name": "P3" }
				]
			},
			"T1": {
				"color": [
					{ "time": 0, "color": "ffffff00" }
				]
			},
			"T2": {
				"color": [
					{ "time": 0.1666, "color": "ffffffff" },
					{ "time": 0.5, "color": "ffffffa4" },
					{ "time": 0.8333, "color": "ffffffe4" },
					{ "time": 1.1666, "color": "ffffffb1" },
					{ "time": 1.5, "color": "ffffffe9" },
					{ "time": 1.8333, "color": "ffffffb1" },
					{ "time": 2.1666, "color": "ffffffff" },
					{ "time": 2.5, "color": "ffffffbf" },
					{ "time": 2.8333, "color": "fffffff7" },
					{ "time": 3.1666, "color": "ffffffa5" },
					{ "time": 3.5, "color": "fffffff2" }
				],
				"attachment": [
					{ "time": 0, "name": "T2" },
					{ "time": 2.8333, "name": "T3" }
				]
			},
			"TX": {
				"color": [
					{ "time": 0, "color": "ffffff00", "curve": "stepped" },
					{ "time": 0.6333, "color": "ffffff00" },
					{ "time": 0.6666, "color": "ffffffff" },
					{ "time": 0.8, "color": "ffffffcb" },
					{ "time": 0.9, "color": "ffffffff" },
					{ "time": 1, "color": "ffffff00" }
				]
			},
			"TX2": {
				"color": [
					{ "time": 0, "color": "ffffff00", "curve": "stepped" },
					{ "time": 0.7666, "color": "ffffff00" },
					{ "time": 0.8333, "color": "ffffff98" },
					{ "time": 1, "color": "ffffff00", "curve": "stepped" },
					{ "time": 1.1666, "color": "ffffff00", "curve": "stepped" },
					{ "time": 1.2666, "color": "ffffff00" },
					{ "time": 1.3333, "color": "ffffff93" },
					{ "time": 1.5, "color": "ffffff00", "curve": "stepped" },
					{ "time": 1.6666, "color": "ffffff00", "curve": "stepped" },
					{ "time": 1.7666, "color": "ffffff00", "curve": "stepped" },
					{ "time": 1.8333, "color": "ffffff00" }
				]
			}
		},
		"bones": {
			"TS": {
				"rotate": [
					{ "time": 0, "angle": 0, "curve": "stepped" },
					{ "time": 3.6666, "angle": 0 }
				],
				"translate": [
					{ "time": 0, "x": 0, "y": 0 }
				],
				"scale": [
					{ "time": 0, "x": 1, "y": 1 }
				]
			},
			"T2": {
				"rotate": [
					{ "time": 0, "angle": 0, "curve": "stepped" },
					{ "time": 3.6666, "angle": 0 }
				],
				"scale": [
					{ "time": 0, "x": 1, "y": 1 },
					{ "time": 1.7666, "x": 0.959, "y": 0.959 },
					{ "time": 1.8333, "x": 1, "y": 1 },
					{ "time": 3.1, "x": 0.959, "y": 0.959 },
					{ "time": 3.1666, "x": 1, "y": 1 },
					{ "time": 3.3333, "x": 1.04, "y": 1.04 },
					{ "time": 3.5, "x": 1, "y": 1 }
				]
			},
			"TX": {
				"translate": [
					{ "time": 0, "x": 198.81, "y": 423.56, "curve": "stepped" },
					{ "time": 0.5, "x": 198.81, "y": 423.56 }
				]
			},
			"P1": {
				"rotate": [
					{ "time": 0, "angle": 0 },
					{ "time": 0.5, "angle": -55.78 },
					{ "time": 0.6666, "angle": -100.13, "curve": "stepped" },
					{ "time": 2, "angle": -100.13 },
					{ "time": 2.3333, "angle": -89.93 },
					{ "time": 2.4333, "angle": -99.25 },
					{ "time": 2.5333, "angle": -86.8 }
				],
				"translate": [
					{ "time": 0, "x": 0, "y": 0 },
					{ "time": 0.5, "x": 29.14, "y": 501.29 },
					{ "time": 0.6666, "x": 64.25, "y": 603.69 },
					{ "time": 2, "x": 29.49, "y": 603.69 },
					{ "time": 2.3333, "x": 50.39, "y": -96.15 },
					{ "time": 2.4333, "x": 35.7, "y": -72.65 },
					{ "time": 2.5333, "x": 12.13, "y": -87.38 }
				]
			},
			"PG": {
				"rotate": [
					{ "time": 0, "angle": 0, "curve": "stepped" },
					{ "time": 0.6666, "angle": 0 },
					{ "time": 0.8333, "angle": 36.64, "curve": "stepped" },
					{ "time": 1.6666, "angle": 36.64 },
					{ "time": 2, "angle": 0, "curve": "stepped" },
					{ "time": 2.5, "angle": 0 },
					{ "time": 2.5666, "angle": -29.73 },
					{ "time": 2.6333, "angle": -26.96 }
				],
				"translate": [
					{ "time": 0, "x": 0, "y": 0, "curve": "stepped" },
					{ "time": 0.6666, "x": 0, "y": 0 },
					{ "time": 0.8333, "x": -23.2, "y": 48.69, "curve": "stepped" },
					{ "time": 1.6666, "x": -23.2, "y": 48.69 },
					{ "time": 2, "x": 0, "y": 0, "curve": "stepped" },
					{ "time": 2.5, "x": 0, "y": 0 },
					{ "time": 2.5666, "x": 43.7, "y": 41.87 },
					{ "time": 2.6333, "x": 48.13, "y": 68.27 }
				]
			},
			"HH": {
				"rotate": [
					{ "time": 0, "angle": 0 },
					{ "time": 0.6666, "angle": -0.21 },
					{ "time": 0.8333, "angle": 2.61 },
					{ "time": 1.3333, "angle": -0.9 },
					{ "time": 2, "angle": 5.2 },
					{ "time": 2.8333, "angle": 1.82 },
					{ "time": 3.6666, "angle": 0 }
				],
				"translate": [
					{ "time": 0.8333, "x": 2.93, "y": -0.09 },
					{ "time": 1.3333, "x": 8.91, "y": -0.04 },
					{ "time": 2, "x": 0.26, "y": -3.05 }
				]
			},
			"TTTTT2222": {
				"rotate": [
					{ "time": 0, "angle": 0 },
					{ "time": 0.8333, "angle": 1.8 },
					{ "time": 1.1666, "angle": -2.27 },
					{ "time": 1.5, "angle": 2.86 },
					{ "time": 1.8333, "angle": -1.27 },
					{ "time": 2.1666, "angle": -0.25 },
					{ "time": 3.6666, "angle": 0 }
				]
			}
		}
	},
	"normal": {
		"slots": {
			"H1": {
				"color": [
					{ "time": 0, "color": "ffffff00" }
				]
			},
			"H3": {
				"color": [
					{ "time": 0, "color": "ffffff00" }
				]
			},
			"P1": {
				"attachment": [
					{ "time": 0, "name": "P2" }
				]
			},
			"T1": {
				"color": [
					{ "time": 0, "color": "ffffff00" }
				]
			},
			"TX": {
				"color": [
					{ "time": 0, "color": "ffffff00" }
				]
			},
			"TX2": {
				"color": [
					{ "time": 0, "color": "ffffff00" }
				]
			}
		},
		"bones": {
			"TS": {
				"rotate": [
					{ "time": 0, "angle": 0, "curve": "stepped" },
					{ "time": 2, "angle": 0 }
				],
				"translate": [
					{ "time": 0, "x": 0, "y": 0, "curve": "stepped" },
					{ "time": 2, "x": 0, "y": 0 }
				],
				"scale": [
					{ "time": 0, "x": 1, "y": 1 },
					{ "time": 1, "x": 0.99, "y": 0.99 },
					{ "time": 2, "x": 1, "y": 1 }
				]
			},
			"HH": {
				"rotate": [
					{ "time": 0, "angle": 0 },
					{ "time": 1, "angle": 3.57 },
					{ "time": 2, "angle": 0 }
				]
			}
		}
	},
	"normal2": {
		"slots": {
			"H1": {
				"color": [
					{ "time": 0, "color": "ffffff00" }
				]
			},
			"H3": {
				"color": [
					{ "time": 0, "color": "ffffff00" }
				]
			},
			"P1": {
				"color": [
					{ "time": 0, "color": "ffffffff" }
				],
				"attachment": [
					{ "time": 0, "name": "P3" }
				]
			},
			"T1": {
				"color": [
					{ "time": 0, "color": "ffffff00" }
				]
			},
			"T2": {
				"attachment": [
					{ "time": 0, "name": "T3" }
				]
			},
			"TX": {
				"color": [
					{ "time": 0, "color": "ffffff00" }
				]
			},
			"TX2": {
				"color": [
					{ "time": 0, "color": "ffffff00" }
				]
			}
		},
		"bones": {
			"TS": {
				"rotate": [
					{ "time": 0, "angle": 0, "curve": "stepped" },
					{ "time": 2, "angle": 0 }
				],
				"translate": [
					{ "time": 0, "x": 0, "y": 0, "curve": "stepped" },
					{ "time": 2, "x": 0, "y": 0 }
				],
				"scale": [
					{ "time": 0, "x": 1, "y": 1 },
					{ "time": 1, "x": 0.99, "y": 0.99 },
					{ "time": 2, "x": 1, "y": 1 }
				]
			},
			"PG": {
				"rotate": [
					{ "time": 0, "angle": -26.96 }
				],
				"translate": [
					{ "time": 0, "x": 48.13, "y": 68.27 }
				]
			},
			"P1": {
				"rotate": [
					{ "time": 0, "angle": -86.8 }
				],
				"translate": [
					{ "time": 0, "x": 12.13, "y": -87.38 }
				]
			},
			"HH": {
				"rotate": [
					{ "time": 0, "angle": 0 },
					{ "time": 1, "angle": 2.73 },
					{ "time": 2, "angle": 0 }
				]
			}
		}
	},
	"start": {
		"slots": {
			"H1": {
				"color": [
					{ "time": 0, "color": "ffffff00", "curve": "stepped" },
					{ "time": 0.3333, "color": "ffffff00" },
					{ "time": 0.5, "color": "ffffffff", "curve": "stepped" },
					{ "time": 1, "color": "ffffffff" },
					{ "time": 1.1666, "color": "ffffff00" }
				]
			},
			"H3": {
				"color": [
					{ "time": 0, "color": "ffffff00", "curve": "stepped" },
					{ "time": 0.3333, "color": "ffffff00" },
					{ "time": 0.5, "color": "ffffffff", "curve": "stepped" },
					{ "time": 1, "color": "ffffffff" },
					{ "time": 1.1666, "color": "ffffff00" }
				]
			},
			"HH": {
				"color": [
					{ "time": 0, "color": "ffffff00", "curve": "stepped" },
					{ "time": 0.8, "color": "ffffff00" },
					{ "time": 1, "color": "ffffffff" }
				]
			},
			"P1": {
				"color": [
					{ "time": 0, "color": "ffffff00", "curve": "stepped" },
					{ "time": 0.3333, "color": "ffffff00" },
					{ "time": 0.6666, "color": "ffffffff" }
				],
				"attachment": [
					{ "time": 0.6666, "name": "P1" },
					{ "time": 0.7666, "name": "P2" }
				]
			},
			"PG": {
				"color": [
					{ "time": 0, "color": "ffffff00" }
				]
			},
			"T1": {
				"color": [
					{ "time": 0, "color": "ffffff00", "curve": "stepped" },
					{ "time": 0.1666, "color": "ffffff00" },
					{ "time": 0.3333, "color": "ffffffff", "curve": "stepped" },
					{ "time": 0.8333, "color": "ffffffff" },
					{ "time": 1, "color": "ffffff00" }
				]
			},
			"T2": {
				"color": [
					{ "time": 0, "color": "ffffff00", "curve": "stepped" },
					{ "time": 0.8, "color": "ffffff00" },
					{ "time": 0.8666, "color": "ffffff24" },
					{ "time": 1, "color": "ffffffff" }
				]
			},
			"TX": {
				"color": [
					{ "time": 0, "color": "ffffff00" }
				]
			},
			"TX2": {
				"color": [
					{ "time": 0, "color": "ffffff00" }
				]
			}
		},
		"bones": {
			"TS": {
				"rotate": [
					{ "time": 1.5, "angle": 0 }
				],
				"translate": [
					{ "time": 1.5, "x": 0, "y": 0 }
				],
				"scale": [
					{ "time": 1.5, "x": 1, "y": 1 }
				]
			},
			"T2": {
				"scale": [
					{ "time": 0.8666, "x": 0.959, "y": 0.959 },
					{ "time": 1.4333, "x": 1, "y": 1 }
				]
			},
			"H1": {
				"rotate": [
					{ "time": 0.3333, "angle": 0.81 },
					{ "time": 0.5666, "angle": -80.01 },
					{ "time": 0.8333, "angle": -177.97 },
					{ "time": 1.1, "angle": 39.03 }
				],
				"translate": [
					{ "time": 0.3333, "x": 0, "y": 103.29 },
					{ "time": 1.1, "x": 0, "y": -387.24 }
				]
			},
			"T1": {
				"rotate": [
					{ "time": 0.1666, "angle": 3.47 },
					{ "time": 0.9333, "angle": -3.79 }
				],
				"translate": [
					{ "time": 0.1666, "x": 0, "y": 5.53 },
					{ "time": 0.9333, "x": 0, "y": -296.95 }
				],
				"scale": [
					{ "time": 0.1666, "x": 0.879, "y": 0.879 },
					{ "time": 0.9333, "x": 1.003, "y": 1.003 }
				]
			},
			"H3": {
				"rotate": [
					{ "time": 0.3333, "angle": 2.06 },
					{ "time": 1.1, "angle": -26.1 }
				],
				"translate": [
					{ "time": 0.3333, "x": 0, "y": 258.32 },
					{ "time": 1.1, "x": 0, "y": -361.16 }
				]
			},
			"HH": {
				"rotate": [
					{ "time": 1, "angle": 2.81 },
					{ "time": 1.5, "angle": 0 }
				]
			},
			"P1": {
				"rotate": [
					{ "time": 0.6666, "angle": -0.79 }
				],
				"translate": [
					{ "time": 0.3333, "x": 0, "y": 345.76 },
					{ "time": 0.6666, "x": 0, "y": 5.76 },
					{ "time": 0.7666, "x": 0, "y": 20.17 }
				]
			}
		}
	}
}
}