{
"skeleton": { "hash": "k6xF5ml1pUkiZH0QsCn5kbrcXIM", "spine": "2.1.27", "width": 599.17, "height": 379.67, "images": "" },
"bones": [
	{ "name": "Root_All", "x": 42.66, "y": -5.9, "scaleX": 1.01, "scaleY": 1.01 },
	{ "name": "Ship_All", "parent": "Root_All" },
	{ "name": "Body", "parent": "Ship_All", "length": 255.84, "x": -8.39, "y": 3.52, "rotation": 90 },
	{ "name": "Antiaircraft", "parent": "Body", "length": 44.62, "x": 163.09, "y": -39.13, "rotation": -90 },
	{ "name": "Attack_Point", "parent": "Body", "length": 25.69, "x": 130.79, "y": -70.04, "rotation": -88.64 },
	{ "name": "Damage_Point", "parent": "Body", "length": 22.56, "x": 126.96, "y": 20.56, "rotation": -90 },
	{ "name": "Dialogue", "parent": "Body", "length": 57.85, "x": 191.9, "y": -55.01, "rotation": -90 },
	{ "name": "Expression", "parent": "Body", "length": 46.33, "x": 204.04, "y": -37.17, "rotation": -42.65 },
	{ "name": "Obai_all", "parent": "Body", "length": 6.88, "x": 122.91, "y": 14.57, "rotation": -158.51 },
	{ "name": "Ship", "parent": "Body", "length": 127.17, "x": 100, "y": 60, "rotation": 270 },
	{ "name": "Smoke_L1", "parent": "Body", "length": 51.75, "x": 131.72, "y": -43, "rotation": -34.35 },
	{ "name": "Smoke_R2", "parent": "Body", "length": 51.75, "x": 134.76, "y": 61.82, "rotation": 37.5 },
	{ "name": "Tail_F_1", "parent": "Body", "length": 15.45, "x": 79.3, "y": 50.66, "rotation": 94.08 },
	{ "name": "Throw_Point", "parent": "Body", "length": 24.91, "x": 79.14, "y": 6.11, "rotation": -88.64 },
	{ "name": "Bomb_in", "parent": "Ship", "length": 72.5, "x": 54.01, "y": -8.69, "rotation": -8.5 },
	{ "name": "Obai_L", "parent": "Obai_all", "length": 5.78, "x": 18.65, "y": 6.21, "rotation": 159.08 },
	{ "name": "Obai_R", "parent": "Obai_all", "length": 6.31, "x": 12.22, "y": -10.09, "rotation": 157.73 },
	{ "name": "Ship_down", "parent": "Ship", "length": 47.52, "x": 79.89, "y": -9.21, "rotation": -40.63 },
	{ "name": "Ship_other", "parent": "Ship", "length": 59.32, "x": 16.75, "y": 9.93, "rotation": -95.84 },
	{ "name": "Tail_F_2", "parent": "Tail_F_1", "length": 13.73, "x": -10.46, "y": -9.72, "rotation": -2.72 },
	{ "name": "Tail_F_3", "parent": "Tail_F_2", "length": 12.91, "x": 13.73, "y": -0.04, "rotation": 2.25 },
	{ "name": "Tail_F_4", "parent": "Tail_F_3", "length": 13.17, "x": 12.91, "y": 0.02, "rotation": -4.5 },
	{ "name": "Tail_F_5", "parent": "Tail_F_4", "length": 14.02, "x": 13.17, "y": -0.07, "rotation": 3.15 },
	{ "name": "Tail_F_6", "parent": "Tail_F_5", "length": 13.75, "x": 14.02, "rotation": -5.44 },
	{ "name": "Tail_F_7", "parent": "Tail_F_6", "length": 14.03, "x": 13.75, "y": -0.07 }
],
"slots": [
	{ "name": "Body_tail_path_1", "bone": "Tail_F_7", "attachment": "Rodney_tail_path_1" },
	{ "name": "Rodney_ship_normal", "bone": "Tail_F_7", "attachment": "Rodney_ship_normal" },
	{ "name": "Rodney_fornt_normal", "bone": "Ship_other", "attachment": "Rodney_fornt_normal" },
	{
		"name": "Rodney_fornt_normal_light_fluorescence",
		"bone": "Ship_other",
		"attachment": "Rodney_fornt_normal_light_fluorescence",
		"blend": "additive"
	},
	{ "name": "Rodney_ship_armor_down", "bone": "Ship_down", "attachment": "Rodney_ship_armor_down" },
	{
		"name": "Rodney_ship_armor_down_fluorescence",
		"bone": "Ship_down",
		"attachment": "Rodney_ship_armor_down_fluorescence",
		"blend": "additive"
	},
	{ "name": "Rodney_ship_armor_down_light", "bone": "Ship_down", "attachment": "Rodney_ship_armor_down_light", "blend": "additive" },
	{ "name": "Rodney_ship_armor_gun", "bone": "Bomb_in", "attachment": "Rodney_ship_armor_gun" },
	{ "name": "Bomb_in", "bone": "Bomb_in", "attachment": "Rodney_ship_armor_gun_light_fluorescence", "blend": "additive" },
	{ "name": "Rodney_ship_armor_gun_light", "bone": "Bomb_in", "attachment": "Rodney_ship_armor_gun_light", "blend": "additive" },
	{ "name": "Rodney_ship_armor_normal", "bone": "Ship", "attachment": "Rodney_ship_armor_normal" },
	{
		"name": "Rodney_ship_armor_normal_fluorescence",
		"bone": "Ship",
		"attachment": "Rodney_ship_armor_normal_fluorescence",
		"blend": "additive"
	},
	{ "name": "Rodney_ship_armor_normal_light", "bone": "Ship", "attachment": "Rodney_ship_armor_normal_light", "blend": "additive" },
	{ "name": "Rodney_body_normal", "bone": "Body", "attachment": "Rodney_body_normal" },
	{ "name": "Rodney_body_normal_fluorescence", "bone": "Body", "attachment": "Rodney_body_normal_fluorescence", "blend": "additive" },
	{ "name": "Body", "bone": "Obai_all", "attachment": "Rodney_body_obai" },
	{ "name": "Light_Body", "bone": "Body", "blend": "additive" }
],
"skins": {
	"default": {
		"Body": {
			"Rodney_body_obai": {
				"type": "skinnedmesh",
				"uvs": [ 1, 0.46723, 1, 0.67556, 1, 1, 0.81895, 1, 0.68526, 1, 0.42631, 1, 0.30737, 1, 0, 1, 0, 0.66723, 0, 0.48056, 0, 0, 0.16, 0, 0.22526, 0, 0.3021, 0, 0.38737, 0, 0.47263, 0, 0.56631, 0, 0.65579, 0, 0.76, 0, 1, 0, 0.11684, 0.11056, 0.06842, 0.22057, 0.03474, 0.3439, 0.02421, 0.7939, 0.09368, 0.8839, 0.18, 0.97056, 0.5, 0.96223, 0.56947, 0.88056, 0.62947, 0.9589, 0.86947, 0.95723, 0.92842, 0.87723, 0.97895, 0.78223, 0.97789, 0.34223, 0.91789, 0.21723, 0.86947, 0.1239, 0.80842, 0.03723, 0.498, 0.11233, 0.538, 0.22899, 0.56537, 0.36233, 0.59274, 0.51899, 0.59485, 0.69233, 0.58221, 0.79899, 0.04537, 0.51233, 0.10222, 0.63066, 0.17695, 0.69566, 0.27379, 0.74066, 0.38748, 0.75233, 0.48011, 0.73733, 0.54853, 0.70733, 0.66537, 0.71399, 0.73169, 0.71733, 0.7959, 0.69733, 0.878, 0.64233, 0.92643, 0.56733, 0.95695, 0.44233, 0.15906, 0.12899, 0.14643, 0.26233, 0.17064, 0.35233, 0.21485, 0.44733, 0.278, 0.51066, 0.33906, 0.56566, 0.41169, 0.59399, 0.48748, 0.59399, 0.558, 0.54733, 0.65906, 0.58066, 0.72011, 0.58733, 0.79906, 0.54066, 0.85379, 0.46399, 0.87485, 0.37233, 0.86748, 0.27233, 0.8359, 0.13399, 0.31379, 0.12066, 0.36853, 0.24566, 0.40748, 0.33233, 0.47064, 0.44399, 0.50221, 0.51899, 0.698, 0.10233, 0.71906, 0.23399, 0.72011, 0.32899, 0.69906, 0.44399, 0.6559, 0.51066, 0.02327, 0.60399, 0.04011, 0.68899, 0.06327, 0.75399, 0.10327, 0.82399, 0.14748, 0.86566, 0.20327, 0.92399, 0.2559, 0.94066, 0.32643, 0.95733, 0.41274, 0.96233, 0.47485, 0.92066, 0.54221, 0.84399, 0.61274, 0.87399, 0.65064, 0.91733, 0.7159, 0.95399, 0.79169, 0.95899, 0.84432, 0.92566, 0.89379, 0.87399, 0.93379, 0.80733, 0.95485, 0.75066, 0.96853, 0.67566, 0.98116, 0.54899 ],
				"triangles": [ 4, 5, 26, 6, 88, 5, 88, 89, 5, 5, 89, 26, 7, 25, 6, 6, 25, 87, 25, 86, 87, 6, 87, 88, 7, 24, 25, 7, 23, 24, 7, 8, 23, 24, 85, 25, 25, 85, 86, 89, 90, 26, 90, 89, 46, 26, 90, 27, 46, 89, 88, 46, 88, 45, 88, 87, 45, 87, 86, 45, 86, 85, 45, 90, 91, 27, 91, 46, 47, 91, 90, 46, 24, 84, 85, 24, 23, 84, 85, 44, 45, 85, 84, 44, 91, 47, 41, 23, 83, 84, 84, 83, 44, 47, 48, 41, 23, 82, 83, 23, 8, 82, 44, 82, 43, 44, 83, 82, 47, 46, 61, 61, 46, 60, 46, 45, 60, 45, 44, 60, 47, 62, 48, 47, 61, 62, 44, 59, 60, 44, 43, 59, 8, 81, 82, 82, 81, 43, 8, 9, 81, 81, 42, 43, 43, 58, 59, 43, 42, 58, 81, 9, 42, 62, 61, 75, 62, 75, 63, 74, 75, 61, 61, 60, 74, 60, 59, 74, 9, 22, 42, 42, 57, 58, 42, 22, 57, 74, 59, 73, 39, 75, 74, 22, 9, 10, 59, 58, 73, 58, 57, 73, 22, 56, 57, 57, 56, 72, 57, 72, 73, 71, 56, 55, 56, 71, 72, 22, 21, 56, 22, 10, 21, 71, 55, 12, 55, 11, 12, 12, 13, 71, 56, 21, 55, 21, 20, 55, 21, 10, 20, 55, 20, 11, 71, 13, 14, 20, 10, 11, 3, 29, 2, 29, 30, 2, 2, 30, 31, 30, 98, 31, 31, 1, 2, 3, 4, 95, 4, 94, 95, 29, 95, 96, 29, 3, 95, 4, 26, 28, 26, 27, 28, 27, 92, 28, 4, 28, 94, 95, 94, 96, 28, 93, 94, 28, 92, 93, 29, 97, 30, 29, 96, 97, 96, 94, 50, 94, 93, 50, 96, 50, 97, 97, 50, 51, 93, 92, 50, 92, 27, 41, 30, 97, 98, 92, 49, 50, 27, 91, 41, 92, 41, 49, 97, 51, 98, 98, 51, 99, 98, 99, 31, 99, 51, 52, 41, 40, 49, 41, 48, 40, 31, 99, 1, 1, 99, 100, 99, 52, 100, 51, 50, 65, 40, 64, 49, 50, 49, 65, 49, 64, 65, 48, 62, 40, 51, 66, 52, 51, 65, 66, 62, 63, 40, 40, 63, 64, 64, 63, 39, 101, 1, 100, 100, 52, 53, 100, 53, 101, 101, 0, 1, 52, 66, 53, 66, 65, 80, 39, 80, 64, 65, 64, 80, 66, 67, 53, 53, 54, 101, 53, 67, 54, 101, 54, 0, 80, 79, 66, 66, 79, 67, 79, 80, 39, 54, 32, 0, 19, 0, 32, 67, 68, 54, 68, 67, 78, 67, 79, 78, 54, 68, 32, 78, 69, 68, 68, 69, 32, 69, 33, 32, 32, 33, 19, 78, 77, 69, 77, 70, 69, 33, 70, 34, 33, 69, 70, 77, 76, 70, 33, 34, 19, 76, 35, 70, 70, 35, 34, 34, 35, 19, 76, 18, 35, 35, 18, 19, 63, 75, 39, 74, 38, 39, 79, 39, 38, 79, 38, 78, 74, 73, 38, 73, 37, 38, 38, 77, 78, 38, 37, 77, 37, 76, 77, 76, 36, 16, 16, 17, 76, 37, 72, 36, 37, 73, 72, 36, 71, 14, 14, 15, 36, 36, 72, 71, 76, 37, 36, 36, 15, 16, 76, 17, 18 ],
				"vertices": [ 1, 15, 3.68, -8.02, 1, 2, 8, 22.72, 13.19, 0, 15, -1.30999, -7.97, 0.99999, 2, 8, 29.97, 10.34, 0, 15, -9.09, -7.89, 0.99999, 2, 15, -9.02, -1.01, 0.97433, 16, -8.76, -18.75, 0.02566, 3, 8, 25.58, -0.78, 0.01245, 15, -8.97, 4.06, 0.82629, 16, -8.83, -13.67, 0.16124, 3, 8, 21.98, -9.93999, 0.01097, 15, -8.87, 13.9, 0.18185, 16, -8.96, -3.83, 0.80717, 2, 15, -8.83, 18.42, 0.03734, 16, -9.02, 0.68, 0.96265, 1, 16, -9.18, 12.35, 1, 1, 16, -1.2, 12.46, 1, 1, 16, 3.27, 12.52, 1, 1, 16, 14.8, 12.68, 1, 2, 8, -4.05, -10.56, 0.03623, 16, 14.88, 6.6, 0.96376, 2, 8, -3.14, -8.25, 0.10721, 16, 14.92, 4.12, 0.89278, 2, 8, -2.07, -5.53, 0.28454, 16, 14.96, 1.2, 0.71545, 2, 8, -0.89, -2.52, 0.61824, 16, 15, -2.03, 0.38175, 3, 8, 0.29, 0.49, 0.92213, 15, 15.09, 11.89, 0.00574, 16, 15.05, -5.26, 0.0721, 2, 8, 1.6, 3.8, 0.90362, 15, 15.06, 8.33, 0.09637, 2, 8, 2.84, 6.96, 0.68829, 15, 15.02, 4.92999, 0.31169, 2, 8, 4.29, 10.65, 0.37539, 15, 14.98, 0.98, 0.6246, 2, 8, 7.64, 19.12999, 0.03734, 15, 14.89, -8.13, 0.96265, 2, 8, -2.19, -13.05, 0.0086, 16, 12.21, 8.21, 0.99139, 2, 8, -0.4, -15.73, 6.0E-5, 16, 9.54, 10.01, 0.99993, 1, 16, 6.57, 11.25, 1, 1, 16, -4.23, 11.5, 1, 1, 16, -6.35, 8.83, 1, 2, 15, -8.07, 23.25, 0.00211, 16, -8.38, 5.52, 0.99788, 3, 8, 22.16, -7, 0.02643, 15, -8, 11.09, 0.38308, 16, -8.02, -6.62, 0.59047, 3, 8, 21.3, -3.82, 0.03878, 15, -6.06, 8.43, 0.52378, 16, -6.02, -9.22999, 0.43742, 3, 8, 23.89, -2.39, 0.02689, 15, -7.97, 6.17, 0.70032, 16, -7.87, -11.54, 0.27278, 2, 15, -8.02, -2.94, 0.99147, 16, -7.71, -20.66, 0.00851, 2, 15, -6.12, -5.19999, 0.99894, 16, -5.76, -22.87, 0.00105, 2, 8, 24.81, 11.51, 0, 15, -3.86, -7.14, 0.99999, 1, 15, 6.69, -7.21, 1, 2, 8, 11.34, 14.32, 0.03433, 15, 9.71, -4.96, 0.96566, 2, 8, 8.58, 13.43, 0.12131, 15, 11.97, -3.14, 0.87868, 2, 8, 5.8, 12.03, 0.17716, 15, 14.07, -0.85, 0.82283, 1, 8, 3.15, 0.4, 1, 2, 8, 6.31, 0.79, 0.92431, 15, 9.57, 9.47, 0.07568, 3, 8, 9.67, 0.58, 0.8418, 15, 6.36, 8.46, 0.12385, 16, 6.4, -8.91, 0.03434, 3, 8, 13.55, 0.17, 0.28461, 15, 2.58999, 7.46, 0.58084, 16, 2.66, -10, 0.13452, 3, 8, 17.45, -1.27, 0.12929, 15, -1.56, 7.42, 0.60386, 16, -1.49, -10.13, 0.26683, 3, 8, 19.66, -2.66, 0.07817, 15, -4.11, 7.92, 0.56177, 16, -4.06, -9.68999, 0.36004, 1, 16, 2.53, 10.79, 1, 1, 16, -0.27, 8.59, 1, 1, 16, -1.79, 5.73, 1, 2, 15, -2.58999, 19.62999, 0.00148, 16, -2.82, 2.04, 0.99851, 3, 8, 15.9, -9.13, 0.01055, 15, -2.92, 15.31, 0.06386, 16, -3.04, -2.28, 0.92558, 3, 8, 16.86, -5.72, 0.08945, 15, -2.58999, 11.79, 0.2036, 16, -2.63, -5.79, 0.70693, 3, 8, 17.14, -3.04, 0.13943, 15, -1.9, 9.18, 0.41064, 16, -1.88, -8.38, 0.44992, 3, 8, 18.92, 1.02, 0.10293, 15, -2.09999, 4.73999, 0.74107, 16, -1.98, -12.82, 0.15598, 3, 8, 19.92, 3.34, 0.0422, 15, -2.21, 2.23, 0.88637, 16, -2.02, -15.34, 0.07141, 3, 8, 20.36, 5.78, 6.5E-4, 15, -1.75, -0.21, 0.98817, 16, -1.51, -17.77, 0.01117, 1, 15, -0.46, -3.34, 1, 1, 15, 1.30999, -5.19999, 1, 1, 15, 4.29, -6.39, 1, 2, 8, -1.19, -11.72, 0.04233, 16, 11.79, 6.6, 0.95766, 2, 8, 1.61, -13.34, 0.00744, 16, 8.58, 7.03, 0.99255, 1, 16, 6.43, 6.08, 1, 1, 16, 4.17999, 4.37, 1, 1, 16, 2.69, 1.95, 1, 3, 8, 11.06, -9.2, 0.0378, 15, 1.57, 17.11, 0.0148, 16, 1.4, -0.38, 0.94739, 3, 8, 12.71, -6.88, 0.14552, 15, 0.86, 14.35, 0.0703, 16, 0.76, -3.14, 0.78416, 3, 8, 13.76, -4.19999, 0.22838, 15, 0.84, 11.47, 0.26912, 16, 0.8, -6.02, 0.50249, 3, 8, 13.7, -1.29999, 0.43451, 15, 1.93, 8.78, 0.29007, 16, 1.96, -8.68999, 0.27541, 3, 8, 15.85, 1.97, 0.28461, 15, 1.09, 4.94999, 0.58084, 16, 1.21, -12.54, 0.13452, 3, 8, 16.85, 4.07, 0.07718, 15, 0.91, 2.63, 0.86661, 16, 1.08, -14.86, 0.0562, 1, 15, 2, -0.37, 1, 1, 15, 3.81, -2.47, 1, 2, 8, 14.21, 11.43, 0.00434, 15, 6.01, -3.29, 0.99565, 2, 8, 11.87, 12.05, 0.03433, 15, 8.41, -3.03, 0.96566, 2, 8, 8.34, 12.15, 0.12131, 15, 11.74, -1.87, 0.87868, 2, 8, 0.77, -6.18, 0.22318, 16, 12.07, 0.72, 0.77681, 2, 8, 4.33, -5.34, 0.30104, 16, 9.1, -1.39, 0.69895, 2, 8, 6.8, -4.73, 0.42249, 16, 7.04, -2.9, 0.5775, 3, 8, 10.18, -3.48, 0.39705, 15, 4.44, 12.08, 0.06655, 16, 4.39, -5.33, 0.53639, 3, 8, 12.29, -3.02, 0.3164, 15, 2.63, 10.9, 0.12557, 16, 2.60999, -6.56, 0.55801, 2, 8, 5.71, 7.56, 0.51743, 15, 12.55, 3.36, 0.48256, 2, 8, 8.95, 7.14, 0.39418, 15, 9.38, 2.58999, 0.60581, 2, 8, 11.08, 6.34, 0.34209, 15, 7.1, 2.57, 0.6579, 3, 8, 13.36, 4.59, 0.30177, 15, 4.35, 3.4, 0.68104, 16, 4.51, -14.01, 0.01718, 3, 8, 14.25, 2.48, 0.31353, 15, 2.77, 5.05, 0.62705, 16, 2.89, -12.39, 0.0594, 1, 16, 0.32, 11.6, 1, 1, 16, -1.7, 10.93, 1, 1, 16, -3.25, 10.03, 1, 1, 16, -4.91, 8.49, 1, 1, 16, -5.88, 6.79, 1, 2, 15, -6.96, 22.35, 0.00211, 16, -7.25, 4.66, 0.99788, 2, 15, -7.38, 20.36, 0.01923, 16, -7.63, 2.65, 0.98075, 3, 8, 19.62999, -13.09, 0.0011, 15, -7.81, 17.68, 0.04849, 16, -7.99, -0.02, 0.95039, 3, 8, 20.95, -10.08, 0.01097, 15, -7.96, 14.4, 0.18185, 16, -8.07, -3.3, 0.80717, 3, 8, 20.87999, -7.52, 0.03018, 15, -6.99, 12.03, 0.32356, 16, -7.03, -5.65, 0.64624, 3, 8, 20.11, -4.46999, 0.06454, 15, -5.17, 9.45, 0.36609, 16, -5.16, -8.18999, 0.56935, 3, 8, 21.76, -2.24, 0.04334, 15, -5.92, 6.78, 0.67605, 16, -5.84, -10.87, 0.2806, 3, 8, 23.25, -1.28, 0.02689, 15, -6.98, 5.35, 0.70032, 16, -6.86, -12.33, 0.27278, 3, 8, 24.98, 0.7, 0.00811, 15, -7.88, 2.88, 0.88835, 16, -7.71, -14.82, 0.10353, 3, 8, 26.15, 3.33, 0.00206, 15, -8.03, 0, 0.94707, 16, -7.79, -17.7, 0.05086, 3, 8, 26.14, 5.49, 2.0E-5, 15, -7.25, -1.99, 0.97935, 16, -6.96, -19.69, 0.02061, 2, 15, -6.03, -3.89, 0.99436, 16, -5.7, -21.55, 0.00563, 2, 15, -4.44999, -5.42, 0.99963, 16, -4.08, -23.05, 3.6E-4, 2, 8, 23.77, 10.93, 0, 15, -3.09, -6.24, 0.99999, 2, 8, 22.28, 12.08, 0, 15, -1.29999, -6.77, 0.99999, 2, 8, 19.62999, 13.64, 0, 15, 1.73, -7.28, 0.99999 ],
				"hull": 20,
				"edges": [ 20, 22, 18, 20, 14, 16, 16, 18, 12, 14, 10, 12, 8, 10, 4, 6, 6, 8, 4, 2, 2, 0, 0, 38, 36, 38, 34, 36, 32, 34, 30, 32, 28, 30, 26, 28, 22, 24, 24, 26 ],
				"width": 38,
				"height": 24
			}
		},
		"Body_tail_path_1": {
			"Rodney_tail_path_1": {
				"type": "skinnedmesh",
				"uvs": [ 1, 0.6049, 1, 1, 0.93889, 1, 0.85848, 1, 0.77051, 1, 0.67781, 1, 0.58416, 1, 0.49473, 1, 0.40486, 1, 0.29702, 1, 0.21189, 1, 0.10027, 1, 0.02365, 1, 0, 1, 0, 0.42234, 0, 0, 0.04502, 0, 0.14812, 0, 0.23231, 0, 0.30042, 0, 0.39407, 0, 0.48583, 0, 0.58889, 0, 0.67497, 0, 0.76672, 0, 0.86132, 0, 0.93605, 0, 1, 0, 0.02126, 0.43268, 0.12347, 0.51534, 0.21312, 0.57045, 0.3078, 0.60145, 0.39242, 0.60834, 0.48793, 0.60834, 0.58512, 0.60834, 0.67309, 0.60145, 0.76441, 0.61179, 0.85071, 0.60834, 0.92779, 0.62212 ],
				"triangles": [ 29, 12, 28, 12, 13, 28, 13, 14, 28, 17, 28, 16, 28, 14, 16, 14, 15, 16, 30, 31, 10, 30, 10, 11, 29, 30, 11, 29, 11, 12, 30, 18, 19, 30, 29, 18, 18, 29, 17, 29, 28, 17, 9, 32, 8, 8, 32, 33, 32, 9, 31, 31, 9, 10, 32, 20, 21, 32, 31, 20, 19, 20, 31, 19, 31, 30, 34, 35, 6, 8, 33, 7, 7, 33, 34, 6, 7, 34, 34, 33, 21, 21, 33, 32, 34, 22, 35, 34, 21, 22, 4, 36, 3, 5, 36, 4, 36, 5, 35, 35, 5, 6, 37, 36, 24, 35, 23, 24, 24, 36, 35, 35, 22, 23, 1, 38, 0, 3, 38, 2, 1, 2, 38, 38, 3, 37, 36, 37, 3, 0, 38, 26, 37, 26, 38, 37, 24, 25, 37, 25, 26, 26, 27, 0 ],
				"vertices": [ 2, 19, -1.85, 1.03, 0.99999, 20, -15.53, 1.69, 0, 1, 19, -1.81, 8.14, 1, 1, 19, 2.7, 8.10999, 1, 2, 19, 8.64999, 8.07, 0.86261, 20, -4.73999, 8.31, 0.13738, 2, 19, 15.16, 8.03, 0.32836, 20, 1.75, 8.01, 0.67163, 3, 19, 22.02, 7.99, 0.00865, 20, 8.6, 7.7, 0.84295, 21, -4.89, 7.31, 0.14838, 3, 20, 15.52, 7.38, 0.32182, 21, 2.02, 7.54, 0.67422, 22, -10.7, 8.22, 0.00394, 3, 20, 22.14, 7.08, 5.6E-4, 21, 8.64, 7.75, 0.81103, 22, -4.09, 8.07, 0.1884, 2, 21, 15.28, 7.97, 0.35037, 22, 2.55, 7.92, 0.64962, 3, 21, 23.26, 8.22999, 0.0037, 22, 10.53, 7.74, 0.79665, 23, -4.19999, 7.37, 0.19964, 2, 22, 16.83, 7.6, 0.26334, 23, 2.07, 7.83, 0.73665, 2, 23, 10.31, 8.43, 0.81011, 24, -3.43, 8.51, 0.18988, 3, 22, 30.75, 7.29, 2.0E-5, 23, 15.97, 8.84, 0.42018, 24, 2.21, 8.92, 0.57978, 3, 22, 32.5, 7.25, 2.0E-5, 23, 17.70999, 8.96, 0.37423, 24, 3.96, 9.04, 0.62572, 2, 22, 32.27, -3.14, 7.7E-4, 24, 4.71, -1.32, 0.99922, 2, 23, 19.02, -8.97999, 0.26657, 24, 5.26, -8.89999, 0.73342, 3, 22, 28.77, -10.66, 0.01884, 23, 15.7, -9.22, 0.40974, 24, 1.94, -9.14, 0.57141, 3, 22, 21.14, -10.49, 0.06604, 23, 8.09, -9.77, 0.76844, 24, -5.66, -9.68999, 0.16551, 3, 22, 14.91, -10.35, 0.4062, 23, 1.87, -10.22999, 0.58315, 24, -11.87, -10.14999, 0.01064, 3, 21, 23.6, -9.76, 0.01274, 22, 9.87, -10.24, 0.74609, 23, -3.14, -10.59, 0.24116, 3, 21, 16.67, -9.97999, 0.23773, 22, 2.95, -10.09, 0.74216, 23, -10.06, -11.09, 0.02009, 3, 20, 21.97, -10.92, 0.04718, 21, 9.88, -10.21, 0.64691, 22, -3.83, -9.93, 0.3059, 3, 20, 14.35, -10.57, 0.37696, 21, 2.26, -10.46, 0.59618, 22, -11.46, -9.76, 0.02684, 3, 19, 22.12, -10, 0.04889, 20, 7.99, -10.28, 0.76483, 21, -4.09, -10.66, 0.18627, 3, 19, 15.33, -9.96, 0.34731, 20, 1.2, -9.97, 0.63893, 21, -10.88, -10.89, 0.01374, 2, 19, 8.33, -9.92, 0.83562, 20, -5.78, -9.64999, 0.16437, 2, 19, 2.8, -9.88, 0.9812, 20, -11.3, -9.39999, 0.01878, 1, 19, -1.92, -9.85, 1, 1, 24, 3.13, -1.25, 1, 1, 23, 9.22999, -0.39, 1, 1, 23, 2.54, 0.11, 1, 1, 22, 9.57, 0.58999, 1, 1, 22, 3.31, 0.85, 1, 1, 21, 9.37, 0.72, 1, 1, 21, 2.18, 0.49, 1, 1, 20, 8.62, 0.52, 1, 1, 20, 1.88, 1.01, 1, 1, 19, 9.18, 1.02, 1, 1, 19, 3.48, 1.29999, 1 ],
				"hull": 28,
				"edges": [ 2, 0, 0, 54, 26, 28, 28, 30, 28, 56, 56, 58, 58, 60, 60, 62, 62, 64, 64, 66, 66, 68, 68, 70, 70, 72, 72, 74, 74, 76, 76, 0, 30, 32, 32, 34, 34, 36, 36, 38, 38, 40, 40, 42, 42, 44, 44, 46, 46, 48, 48, 50, 50, 52, 52, 54, 2, 4, 4, 6, 6, 8, 8, 10, 10, 12, 12, 14, 14, 16, 16, 18, 18, 20, 20, 22, 22, 24, 24, 26, 56, 24, 56, 32, 34, 58, 60, 36, 38, 62, 40, 64, 42, 66, 44, 68, 46, 70, 48, 72, 50, 74, 52, 76, 76, 4, 74, 6, 72, 8, 70, 10, 68, 12, 66, 14, 64, 16, 62, 18, 60, 20, 58, 22 ],
				"width": 74,
				"height": 18
			}
		},
		"Bomb_in": {
			"Rodney_ship_armor_gun_light_fluorescence": { "x": -10.3, "y": 39.45, "rotation": 8.5, "width": 300, "height": 300 }
		},
		"Light_Body": {
			"Rodney_ship_body_normal_light": { "x": 131.84, "y": 10.33, "rotation": -90, "width": 300, "height": 300 }
		},
		"Rodney_body_normal": {
			"Rodney_body_normal": { "x": 131.83, "y": 10.33, "rotation": -90, "width": 300, "height": 300 }
		},
		"Rodney_body_normal_fluorescence": {
			"Rodney_body_normal_fluorescence": { "x": 131.84, "y": 10.33, "rotation": -89.99, "width": 300, "height": 300 }
		},
		"Rodney_fornt_normal": {
			"Rodney_fornt_normal": { "x": -25.13, "y": 30.52, "rotation": 95.84, "width": 300, "height": 300 }
		},
		"Rodney_fornt_normal_light_fluorescence": {
			"Rodney_fornt_normal_light_fluorescence": { "x": -25.13, "y": 30.52, "rotation": 95.84, "width": 300, "height": 300 }
		},
		"Rodney_ship_armor_down": {
			"Rodney_ship_armor_down": { "x": -49.67, "y": 11.47, "rotation": 40.63, "width": 300, "height": 300 }
		},
		"Rodney_ship_armor_down_fluorescence": {
			"Rodney_ship_armor_down_fluorescence": { "x": -49.67, "y": 11.47, "rotation": 40.63, "width": 300, "height": 300 }
		},
		"Rodney_ship_armor_down_light": {
			"Rodney_ship_armor_down_light": { "x": -49.67, "y": 11.47, "rotation": 40.63, "width": 300, "height": 300 }
		},
		"Rodney_ship_armor_gun": {
			"Rodney_ship_armor_gun": { "x": -10.29, "y": 39.44, "rotation": 8.5, "width": 300, "height": 300 }
		},
		"Rodney_ship_armor_gun_light": {
			"Rodney_ship_armor_gun_light": { "x": -10.29, "y": 39.44, "rotation": 8.5, "width": 300, "height": 300 }
		},
		"Rodney_ship_armor_normal": {
			"Rodney_ship_armor_normal": { "x": 49.66, "y": 31.83, "width": 300, "height": 300 }
		},
		"Rodney_ship_armor_normal_fluorescence": {
			"Rodney_ship_armor_normal_fluorescence": { "x": 49.67, "y": 31.84, "width": 300, "height": 300 }
		},
		"Rodney_ship_armor_normal_light": {
			"Rodney_ship_armor_normal_light": { "x": 49.67, "y": 31.84, "width": 300, "height": 300 }
		},
		"Rodney_ship_normal": {
			"Rodney_ship_normal": { "x": 161.7, "y": -72.05, "rotation": -159.64, "width": 300, "height": 300 }
		}
	}
},
"events": {
	"Antiaircraft": {},
	"attack_point": {},
	"damage_point": {},
	"throw_point": {}
},
"animations": {
	"Antiaircraft": {
		"slots": {
			"Bomb_in": {
				"color": [
					{ "time": 0, "color": "ffffff83" },
					{ "time": 0.5, "color": "ffffffff" },
					{ "time": 1, "color": "ffffff83" },
					{ "time": 1.5, "color": "ffffffff" },
					{ "time": 2, "color": "ffffff83" }
				]
			},
			"Light_Body": {
				"attachment": [
					{ "time": 0, "name": null },
					{ "time": 0.0666, "name": "Rodney_ship_body_normal_light" },
					{ "time": 0.5, "name": null },
					{ "time": 0.6, "name": "Rodney_ship_body_normal_light" },
					{ "time": 1.2666, "name": null },
					{ "time": 1.3666, "name": "Rodney_ship_body_normal_light" },
					{ "time": 2, "name": null }
				],
				"color": [
					{ "time": 0.0666, "color": "ffffffff" },
					{ "time": 0.1666, "color": "ffffff00" },
					{ "time": 0.2, "color": "ffffffff" },
					{ "time": 0.3333, "color": "ffffff00" },
					{ "time": 0.3666, "color": "ffffffff" },
					{ "time": 0.4666, "color": "ffffff00" },
					{ "time": 0.6, "color": "ffffffff" },
					{ "time": 0.7333, "color": "ffffff00" },
					{ "time": 0.8, "color": "ffffffff" },
					{ "time": 0.9, "color": "ffffff00" },
					{ "time": 0.9666, "color": "ffffffff" },
					{ "time": 1.1, "color": "ffffff00" },
					{ "time": 1.1333, "color": "ffffffff" },
					{ "time": 1.2333, "color": "ffffff00" },
					{ "time": 1.3666, "color": "ffffffff" },
					{ "time": 1.4666, "color": "ffffff00" },
					{ "time": 1.5333, "color": "ffffffff" },
					{ "time": 1.6333, "color": "ffffff00" },
					{ "time": 1.7, "color": "ffffffff" },
					{ "time": 1.8333, "color": "ffffff00" },
					{ "time": 1.8666, "color": "ffffffff" },
					{ "time": 1.9666, "color": "ffffff00" }
				]
			},
			"Rodney_body_normal_fluorescence": {
				"color": [
					{ "time": 0, "color": "ffffff84" },
					{ "time": 0.5, "color": "ffffffff" },
					{ "time": 1, "color": "ffffff84" },
					{ "time": 1.5, "color": "ffffffff" },
					{ "time": 2, "color": "ffffff84" }
				]
			},
			"Rodney_fornt_normal_light_fluorescence": {
				"color": [
					{ "time": 0, "color": "ffffff85" },
					{ "time": 0.5, "color": "ffffffff" },
					{ "time": 1, "color": "ffffff85" },
					{ "time": 1.5, "color": "ffffffff" },
					{ "time": 2, "color": "ffffff85" }
				]
			},
			"Rodney_ship_armor_down_fluorescence": {
				"color": [
					{ "time": 0, "color": "ffffff83" },
					{ "time": 0.5, "color": "ffffffff" },
					{ "time": 1, "color": "ffffff83" },
					{ "time": 1.5, "color": "ffffffff" },
					{ "time": 2, "color": "ffffff83" }
				]
			},
			"Rodney_ship_armor_down_light": {
				"attachment": [
					{ "time": 0, "name": null },
					{ "time": 0.0666, "name": "Rodney_ship_armor_down_light" },
					{ "time": 0.5, "name": null },
					{ "time": 0.6, "name": "Rodney_ship_armor_down_light" },
					{ "time": 1.2666, "name": null },
					{ "time": 1.3666, "name": "Rodney_ship_armor_down_light" },
					{ "time": 2, "name": null }
				],
				"color": [
					{ "time": 0.0666, "color": "ffffffff" },
					{ "time": 0.1666, "color": "ffffff00" },
					{ "time": 0.2, "color": "ffffffff" },
					{ "time": 0.3333, "color": "ffffff00" },
					{ "time": 0.3666, "color": "ffffffff" },
					{ "time": 0.4666, "color": "ffffff00" },
					{ "time": 0.6, "color": "ffffffff" },
					{ "time": 0.7333, "color": "ffffff00" },
					{ "time": 0.8, "color": "ffffffff" },
					{ "time": 0.9, "color": "ffffff00" },
					{ "time": 0.9666, "color": "ffffffff" },
					{ "time": 1.1, "color": "ffffff00" },
					{ "time": 1.1333, "color": "ffffffff" },
					{ "time": 1.2333, "color": "ffffff00" },
					{ "time": 1.3666, "color": "ffffffff" },
					{ "time": 1.4666, "color": "ffffff00" },
					{ "time": 1.5333, "color": "ffffffff" },
					{ "time": 1.6333, "color": "ffffff00" },
					{ "time": 1.7, "color": "ffffffff" },
					{ "time": 1.8333, "color": "ffffff00" },
					{ "time": 1.8666, "color": "ffffffff" },
					{ "time": 1.9666, "color": "ffffff00" }
				]
			},
			"Rodney_ship_armor_gun_light": {
				"attachment": [
					{ "time": 0, "name": null },
					{ "time": 0.0666, "name": "Rodney_ship_armor_gun_light" },
					{ "time": 0.5, "name": null },
					{ "time": 0.6, "name": "Rodney_ship_armor_gun_light" },
					{ "time": 1.2666, "name": null },
					{ "time": 1.3666, "name": "Rodney_ship_armor_gun_light" },
					{ "time": 2, "name": null }
				],
				"color": [
					{ "time": 0.0666, "color": "ffffffff" },
					{ "time": 0.1666, "color": "ffffff00" },
					{ "time": 0.2, "color": "ffffffff" },
					{ "time": 0.3333, "color": "ffffff00" },
					{ "time": 0.3666, "color": "ffffffff" },
					{ "time": 0.4666, "color": "ffffff00" },
					{ "time": 0.6, "color": "ffffffff" },
					{ "time": 0.7333, "color": "ffffff00" },
					{ "time": 0.8, "color": "ffffffff" },
					{ "time": 0.9, "color": "ffffff00" },
					{ "time": 0.9666, "color": "ffffffff" },
					{ "time": 1.1, "color": "ffffff00" },
					{ "time": 1.1333, "color": "ffffffff" },
					{ "time": 1.2333, "color": "ffffff00" },
					{ "time": 1.3666, "color": "ffffffff" },
					{ "time": 1.4666, "color": "ffffff00" },
					{ "time": 1.5333, "color": "ffffffff" },
					{ "time": 1.6333, "color": "ffffff00" },
					{ "time": 1.7, "color": "ffffffff" },
					{ "time": 1.8333, "color": "ffffff00" },
					{ "time": 1.8666, "color": "ffffffff" },
					{ "time": 1.9666, "color": "ffffff00" }
				]
			},
			"Rodney_ship_armor_normal_fluorescence": {
				"color": [
					{ "time": 0, "color": "ffffff83" },
					{ "time": 0.5, "color": "ffffffff" },
					{ "time": 1, "color": "ffffff83" },
					{ "time": 1.5, "color": "ffffffff" },
					{ "time": 2, "color": "ffffff83" }
				]
			},
			"Rodney_ship_armor_normal_light": {
				"attachment": [
					{ "time": 0, "name": null },
					{ "time": 0.0666, "name": "Rodney_ship_armor_normal_light" },
					{ "time": 0.5, "name": null },
					{ "time": 0.6, "name": "Rodney_ship_armor_normal_light" },
					{ "time": 1.2666, "name": null },
					{ "time": 1.3666, "name": "Rodney_ship_armor_normal_light" },
					{ "time": 2, "name": null }
				],
				"color": [
					{ "time": 0.0666, "color": "ffffffff" },
					{ "time": 0.1666, "color": "ffffff00" },
					{ "time": 0.2, "color": "ffffffff" },
					{ "time": 0.3333, "color": "ffffff00" },
					{ "time": 0.3666, "color": "ffffffff" },
					{ "time": 0.4666, "color": "ffffff00" },
					{ "time": 0.6, "color": "ffffffff" },
					{ "time": 0.7333, "color": "ffffff00" },
					{ "time": 0.8, "color": "ffffffff" },
					{ "time": 0.9, "color": "ffffff00" },
					{ "time": 0.9666, "color": "ffffffff" },
					{ "time": 1.1, "color": "ffffff00" },
					{ "time": 1.1333, "color": "ffffffff" },
					{ "time": 1.2333, "color": "ffffff00" },
					{ "time": 1.3666, "color": "ffffffff" },
					{ "time": 1.4666, "color": "ffffff00" },
					{ "time": 1.5333, "color": "ffffffff" },
					{ "time": 1.6333, "color": "ffffff00" },
					{ "time": 1.7, "color": "ffffffff" },
					{ "time": 1.8333, "color": "ffffff00" },
					{ "time": 1.8666, "color": "ffffffff" },
					{ "time": 1.9666, "color": "ffffff00" }
				]
			}
		},
		"bones": {
			"Body": {
				"rotate": [
					{ "time": 0, "angle": 0, "curve": "stepped" },
					{ "time": 2, "angle": 0 }
				],
				"translate": [
					{ "time": 0, "x": 0, "y": 0, "curve": "stepped" },
					{ "time": 2, "x": 0, "y": 0 }
				]
			},
			"Ship": {
				"rotate": [
					{ "time": 0, "angle": 0, "curve": "stepped" },
					{ "time": 2, "angle": 0 }
				],
				"translate": [
					{
						"time": 0,
						"x": 0,
						"y": 0,
						"curve": [ 0.319, 0.33, 0.653, 0.66 ]
					},
					{
						"time": 0.5,
						"x": 1.79,
						"y": 0,
						"curve": [ 0.289, 0.43, 0.622, 0.73 ]
					},
					{
						"time": 1.5,
						"x": -2.75,
						"y": 0,
						"curve": [ 0.487, 0.33, 0.657, 0.5 ]
					},
					{ "time": 2, "x": 0, "y": 0 }
				]
			},
			"Tail_F_3": {
				"rotate": [
					{ "time": 0, "angle": -12.47 },
					{ "time": 0.6666, "angle": -12.97 },
					{ "time": 1.3333, "angle": -20.31 },
					{ "time": 2, "angle": -12.47 }
				],
				"translate": [
					{ "time": 0, "x": 0, "y": 0, "curve": "stepped" },
					{ "time": 2, "x": 0, "y": 0 }
				]
			},
			"Tail_F_6": {
				"rotate": [
					{ "time": 0, "angle": -16.21 },
					{ "time": 0.6666, "angle": 34.32 },
					{ "time": 1.3333, "angle": -20.94 },
					{ "time": 2, "angle": -16.21 }
				],
				"translate": [
					{ "time": 0, "x": 0, "y": 0, "curve": "stepped" },
					{ "time": 2, "x": 0, "y": 0 }
				]
			},
			"Tail_F_5": {
				"rotate": [
					{ "time": 0, "angle": -23.5 },
					{ "time": 0.6666, "angle": 29.35 },
					{ "time": 1.3333, "angle": -32.17 },
					{ "time": 2, "angle": -23.5 }
				],
				"translate": [
					{ "time": 0, "x": 0, "y": 0, "curve": "stepped" },
					{ "time": 2, "x": 0, "y": 0 }
				]
			},
			"Bomb_in": {
				"rotate": [
					{ "time": 0, "angle": 0 },
					{ "time": 0.5, "angle": 3.59 },
					{ "time": 1.5, "angle": -1 },
					{ "time": 2, "angle": 0 }
				],
				"translate": [
					{ "time": 0, "x": 0, "y": 0, "curve": "stepped" },
					{ "time": 2, "x": 0, "y": 0 }
				]
			},
			"Tail_F_2": {
				"rotate": [
					{ "time": 0, "angle": 73.17 },
					{ "time": 0.6666, "angle": 0.09 },
					{ "time": 1.3333, "angle": 33.04 },
					{ "time": 2, "angle": 73.17 }
				],
				"translate": [
					{ "time": 0, "x": 0, "y": 0, "curve": "stepped" },
					{ "time": 2, "x": 0, "y": 0 }
				]
			},
			"Ship_All": {
				"rotate": [
					{ "time": 0, "angle": 0, "curve": "stepped" },
					{ "time": 2, "angle": 0 }
				],
				"translate": [
					{ "time": 0, "x": 0, "y": 0, "curve": "stepped" },
					{ "time": 2, "x": 0, "y": 0 }
				]
			},
			"Tail_F_7": {
				"rotate": [
					{ "time": 0, "angle": -22.36 },
					{ "time": 0.6666, "angle": 40.07 },
					{ "time": 1.3333, "angle": -5.34 },
					{ "time": 2, "angle": -22.36 }
				],
				"translate": [
					{ "time": 0, "x": 0, "y": 0, "curve": "stepped" },
					{ "time": 2, "x": 0, "y": 0 }
				]
			},
			"Ship_down": {
				"rotate": [
					{ "time": 0, "angle": 0 },
					{ "time": 0.5, "angle": 12.32 },
					{ "time": 1.5, "angle": -8.42 },
					{ "time": 2, "angle": 0 }
				],
				"translate": [
					{ "time": 0, "x": 0, "y": 0 },
					{ "time": 0.5, "x": -3.66, "y": 4.88 },
					{ "time": 1.5, "x": 0.13, "y": 1.22 },
					{ "time": 2, "x": 0, "y": 0 }
				]
			},
			"Root_All": {
				"rotate": [
					{ "time": 0, "angle": 0, "curve": "stepped" },
					{ "time": 2, "angle": 0 }
				],
				"translate": [
					{
						"time": 0,
						"x": 0,
						"y": 0,
						"curve": [ 0.255, 0.35, 0.6, 0.7 ]
					},
					{
						"time": 0.5,
						"x": 0,
						"y": -9.82,
						"curve": [ 0.3, 0.39, 0.641, 0.74 ]
					},
					{
						"time": 1,
						"x": 0,
						"y": -15.66,
						"curve": [ 0.322, 0.37, 0.652, 0.7 ]
					},
					{
						"time": 1.5,
						"x": 0,
						"y": -7.79,
						"curve": [ 0.314, 0.36, 0.644, 0.68 ]
					},
					{ "time": 2, "x": 0, "y": 0 }
				]
			},
			"Ship_other": {
				"rotate": [
					{ "time": 0, "angle": 0 },
					{ "time": 0.5, "angle": -2.65 },
					{ "time": 1.5, "angle": 3.4 },
					{ "time": 2, "angle": 0 }
				],
				"translate": [
					{ "time": 0, "x": 0, "y": 0, "curve": "stepped" },
					{ "time": 2, "x": 0, "y": 0 }
				]
			},
			"Tail_F_4": {
				"rotate": [
					{ "time": 0, "angle": -14.94 },
					{ "time": 0.6666, "angle": -13.04 },
					{ "time": 2, "angle": -14.94 }
				],
				"translate": [
					{ "time": 0, "x": 0, "y": 0, "curve": "stepped" },
					{ "time": 2, "x": 0, "y": 0 }
				]
			},
			"Obai_R": {
				"rotate": [
					{ "time": 0, "angle": 0 },
					{ "time": 0.5, "angle": 0.45 },
					{ "time": 1.5, "angle": 4.75 },
					{ "time": 2, "angle": 0 }
				],
				"translate": [
					{ "time": 0, "x": 0, "y": 0 },
					{ "time": 0.5, "x": -2.45, "y": -0.08 },
					{ "time": 1.5, "x": 0.18, "y": 0.13 },
					{ "time": 2, "x": 0, "y": 0 }
				]
			},
			"Obai_L": {
				"rotate": [
					{ "time": 0, "angle": 0 },
					{ "time": 0.5, "angle": 4.69 },
					{ "time": 1.5, "angle": 8.17 },
					{ "time": 2, "angle": 0 }
				],
				"translate": [
					{ "time": 0, "x": 0, "y": 0 },
					{ "time": 0.5, "x": -1.49, "y": 0.47 },
					{ "time": 1.5, "x": -0.27, "y": 0.59 },
					{ "time": 2, "x": 0, "y": 0 }
				]
			},
			"Obai_all": {
				"rotate": [
					{ "time": 0, "angle": 0 },
					{ "time": 0.5, "angle": 4.14 },
					{ "time": 1.5, "angle": -2.38 },
					{ "time": 2, "angle": 0 }
				],
				"translate": [
					{ "time": 0, "x": 0, "y": 0 },
					{ "time": 0.5, "x": -0.17, "y": -0.24 },
					{ "time": 1.5, "x": -0.49, "y": -0.59 },
					{ "time": 2, "x": 0, "y": 0 }
				]
			}
		},
		"events": [
			{ "time": 0.0666, "name": "Antiaircraft" }
		]
	},
	"attack": {
		"slots": {
			"Bomb_in": {
				"color": [
					{ "time": 0, "color": "ffffff84" },
					{ "time": 0.4333, "color": "ffffffff" },
					{ "time": 0.8333, "color": "ffffff84" },
					{ "time": 1.2666, "color": "ffffffff" },
					{ "time": 1.6666, "color": "ffffff84" }
				]
			},
			"Light_Body": {
				"attachment": [
					{ "time": 0, "name": null },
					{ "time": 0.0666, "name": null },
					{ "time": 0.1, "name": "Rodney_ship_body_normal_light" },
					{ "time": 1.6666, "name": null }
				],
				"color": [
					{ "time": 0.1, "color": "ffffffff" },
					{ "time": 0.5333, "color": "fffffffb" },
					{ "time": 0.8333, "color": "ffffff00" }
				]
			},
			"Rodney_body_normal_fluorescence": {
				"color": [
					{ "time": 0, "color": "ffffff83" },
					{ "time": 0.4333, "color": "ffffffff" },
					{ "time": 0.8333, "color": "ffffff83" },
					{ "time": 1.2666, "color": "ffffffff" },
					{ "time": 1.6666, "color": "ffffff83" }
				]
			},
			"Rodney_fornt_normal_light_fluorescence": {
				"color": [
					{ "time": 0, "color": "ffffff83" },
					{ "time": 0.4333, "color": "ffffffff" },
					{ "time": 0.8333, "color": "ffffff83" },
					{ "time": 1.2666, "color": "ffffffff" },
					{ "time": 1.6666, "color": "ffffff83" }
				]
			},
			"Rodney_ship_armor_down_fluorescence": {
				"color": [
					{ "time": 0, "color": "ffffff84" },
					{ "time": 0.4333, "color": "ffffffff" },
					{ "time": 0.8333, "color": "ffffff84" },
					{ "time": 1.2666, "color": "ffffffff" },
					{ "time": 1.6666, "color": "ffffff84" }
				]
			},
			"Rodney_ship_armor_down_light": {
				"attachment": [
					{ "time": 0, "name": null },
					{ "time": 0.1, "name": "Rodney_ship_armor_down_light" }
				],
				"color": [
					{ "time": 0.1, "color": "ffffffff", "curve": "stepped" },
					{ "time": 0.5333, "color": "ffffffff" },
					{ "time": 0.8333, "color": "ffffff00" }
				]
			},
			"Rodney_ship_armor_gun_light": {
				"attachment": [
					{ "time": 0, "name": null },
					{ "time": 0.1, "name": "Rodney_ship_armor_gun_light" }
				],
				"color": [
					{ "time": 0.1, "color": "ffffffff", "curve": "stepped" },
					{ "time": 0.5333, "color": "ffffffff" },
					{ "time": 0.8333, "color": "ffffff00" }
				]
			},
			"Rodney_ship_armor_normal_fluorescence": {
				"color": [
					{ "time": 0, "color": "ffffff83" },
					{ "time": 0.4333, "color": "ffffffff" },
					{ "time": 0.8333, "color": "ffffff83" },
					{ "time": 1.2666, "color": "ffffffff" },
					{ "time": 1.6666, "color": "ffffff83" }
				]
			},
			"Rodney_ship_armor_normal_light": {
				"attachment": [
					{ "time": 0, "name": null },
					{ "time": 0.1, "name": "Rodney_ship_armor_normal_light" }
				],
				"color": [
					{ "time": 0.1, "color": "ffffffff", "curve": "stepped" },
					{ "time": 0.5333, "color": "ffffffff" },
					{ "time": 0.8333, "color": "ffffff00" }
				]
			}
		},
		"bones": {
			"Root_All": {
				"rotate": [
					{ "time": 0, "angle": 0, "curve": "stepped" },
					{ "time": 1.6666, "angle": 0 }
				],
				"translate": [
					{
						"time": 0,
						"x": 0,
						"y": 0,
						"curve": [ 0.255, 0.35, 0.6, 0.7 ]
					},
					{ "time": 0.0666, "x": 8.69, "y": 0 },
					{ "time": 0.1666, "x": -87.44, "y": 0 },
					{ "time": 0.3333, "x": -61.04, "y": 0 },
					{ "time": 0.5333, "x": -69.84, "y": 0 },
					{ "time": 1, "x": -85.6, "y": 0 },
					{ "time": 1.4, "x": 15.07, "y": 0 },
					{ "time": 1.6666, "x": 0, "y": 0 }
				]
			},
			"Ship": {
				"rotate": [
					{
						"time": 0,
						"angle": 0,
						"curve": [ 0.219, 0.41, 0.591, 0.77 ]
					},
					{ "time": 0.0666, "angle": -357.51 },
					{ "time": 0.1666, "angle": -363.25 },
					{ "time": 0.3333, "angle": -362.08 },
					{ "time": 1.4, "angle": -358.29 },
					{ "time": 1.6666, "angle": 0 }
				],
				"translate": [
					{
						"time": 0,
						"x": 0,
						"y": 0,
						"curve": [ 0.319, 0.33, 0.653, 0.66 ]
					},
					{ "time": 0.0666, "x": 0.81, "y": 0.6 },
					{ "time": 0.1666, "x": 6.07, "y": -0.21 },
					{ "time": 0.3333, "x": 4.52, "y": -2.2 },
					{ "time": 1, "x": 2.26, "y": -1.7 },
					{ "time": 1.4, "x": -0.3, "y": -1.89 },
					{ "time": 1.6666, "x": 0, "y": 0 }
				]
			},
			"Ship_All": {
				"rotate": [
					{ "time": 0, "angle": 0, "curve": "stepped" },
					{ "time": 1.6666, "angle": 0 }
				],
				"translate": [
					{ "time": 0, "x": 0, "y": 0, "curve": "stepped" },
					{ "time": 1.6666, "x": 0, "y": 0 }
				]
			},
			"Body": {
				"rotate": [
					{ "time": 0, "angle": 0, "curve": "stepped" },
					{ "time": 1.6666, "angle": 0 }
				],
				"translate": [
					{ "time": 0, "x": 0, "y": 0, "curve": "stepped" },
					{ "time": 1.6666, "x": 0, "y": 0 }
				]
			},
			"Attack_Point": {
				"rotate": [
					{ "time": 0.0666, "angle": 0 }
				],
				"translate": [
					{ "time": 0.0666, "x": 0, "y": 0 }
				]
			},
			"Tail_F_3": {
				"rotate": [
					{ "time": 0, "angle": -12.47 },
					{ "time": 0.0666, "angle": -15.59 },
					{ "time": 0.1666, "angle": -9.11 },
					{ "time": 0.5, "angle": -19.54 },
					{ "time": 1, "angle": -8.66 },
					{ "time": 1.3333, "angle": -13.77 },
					{ "time": 1.6666, "angle": -12.47 }
				],
				"translate": [
					{ "time": 0, "x": 0, "y": 0, "curve": "stepped" },
					{ "time": 1.6666, "x": 0, "y": 0 }
				]
			},
			"Tail_F_6": {
				"rotate": [
					{ "time": 0, "angle": -16.21 },
					{ "time": 0.0666, "angle": -19.33 },
					{ "time": 0.1666, "angle": -12.85 },
					{ "time": 0.5, "angle": -23.28 },
					{ "time": 1, "angle": -12.4 },
					{ "time": 1.3333, "angle": -17.51 },
					{ "time": 1.6666, "angle": -16.21 }
				],
				"translate": [
					{ "time": 0, "x": 0, "y": 0, "curve": "stepped" },
					{ "time": 1.6666, "x": 0, "y": 0 }
				]
			},
			"Tail_F_7": {
				"rotate": [
					{ "time": 0, "angle": -22.36 },
					{ "time": 0.0666, "angle": -25.49 },
					{ "time": 0.1666, "angle": -19.01 },
					{ "time": 0.5, "angle": -29.44 },
					{ "time": 1, "angle": -18.55 },
					{ "time": 1.3333, "angle": -23.67 },
					{ "time": 1.6666, "angle": -22.36 }
				],
				"translate": [
					{ "time": 0, "x": 0, "y": 0, "curve": "stepped" },
					{ "time": 1.6666, "x": 0, "y": 0 }
				]
			},
			"Tail_F_4": {
				"rotate": [
					{ "time": 0, "angle": -14.94 },
					{ "time": 0.0666, "angle": -18.06 },
					{ "time": 0.1666, "angle": -11.58 },
					{ "time": 0.5, "angle": -22.01 },
					{ "time": 1, "angle": -11.13 },
					{ "time": 1.3333, "angle": -16.24 },
					{ "time": 1.6666, "angle": -14.94 }
				],
				"translate": [
					{ "time": 0, "x": 0, "y": 0, "curve": "stepped" },
					{ "time": 1.6666, "x": 0, "y": 0 }
				]
			},
			"Tail_F_2": {
				"rotate": [
					{ "time": 0, "angle": 73.17 },
					{ "time": 0.0666, "angle": 70.04 },
					{ "time": 0.1666, "angle": 76.52 },
					{ "time": 0.5, "angle": 66.1 },
					{ "time": 1, "angle": 76.98 },
					{ "time": 1.3333, "angle": 71.87 },
					{ "time": 1.6666, "angle": 73.17 }
				],
				"translate": [
					{ "time": 0, "x": 0, "y": 0, "curve": "stepped" },
					{ "time": 1.6666, "x": 0, "y": 0 }
				]
			},
			"Tail_F_5": {
				"rotate": [
					{ "time": 0, "angle": -23.5 },
					{ "time": 0.0666, "angle": -26.63 },
					{ "time": 0.1666, "angle": -20.14 },
					{ "time": 0.5, "angle": -30.57 },
					{ "time": 1, "angle": -19.69 },
					{ "time": 1.3333, "angle": -24.8 },
					{ "time": 1.6666, "angle": -23.5 }
				],
				"translate": [
					{ "time": 0, "x": 0, "y": 0, "curve": "stepped" },
					{ "time": 1.6666, "x": 0, "y": 0 }
				]
			},
			"Ship_other": {
				"rotate": [
					{ "time": 0, "angle": 0 },
					{ "time": 0.0666, "angle": -11.31 },
					{ "time": 0.1666, "angle": 14.64 },
					{ "time": 0.4333, "angle": 3.18 },
					{ "time": 0.8, "angle": 9.7 },
					{ "time": 1.1666, "angle": 2.51 },
					{ "time": 1.6666, "angle": 0 }
				],
				"translate": [
					{ "time": 0, "x": 0, "y": 0 },
					{ "time": 0.0666, "x": -2.62, "y": 0 },
					{ "time": 0.1666, "x": 3.27, "y": 0 },
					{ "time": 0.4333, "x": 1.64, "y": 0 },
					{ "time": 0.8, "x": 2.72, "y": 0 },
					{ "time": 1.1666, "x": 0.53, "y": 0 },
					{ "time": 1.6666, "x": 0, "y": 0 }
				]
			},
			"Ship_down": {
				"rotate": [
					{ "time": 0, "angle": 0 },
					{ "time": 0.0666, "angle": 25.68 },
					{ "time": 0.1666, "angle": -5.35 },
					{ "time": 0.4333, "angle": 12.02 },
					{ "time": 0.8333, "angle": -0.13 },
					{ "time": 1.2666, "angle": 17.29 },
					{ "time": 1.6666, "angle": 0 }
				],
				"translate": [
					{ "time": 0, "x": 0, "y": 0 },
					{ "time": 0.0666, "x": -7.86, "y": 7.5 },
					{ "time": 0.1666, "x": -0.08, "y": -4.57 },
					{ "time": 0.4333, "x": -4.12, "y": 4.07 },
					{ "time": 0.8333, "x": -2.57, "y": -3.51 },
					{ "time": 1.2666, "x": -6.17, "y": 5.52 },
					{ "time": 1.6666, "x": 0, "y": 0 }
				]
			},
			"Bomb_in": {
				"rotate": [
					{ "time": 0, "angle": 0 },
					{ "time": 0.0666, "angle": 2.45 },
					{ "time": 0.1333, "angle": -0.63 },
					{ "time": 0.5333, "angle": 1.24 },
					{ "time": 1, "angle": -0.59 },
					{ "time": 1.3333, "angle": 2.19 },
					{ "time": 1.6666, "angle": 0 }
				],
				"translate": [
					{ "time": 0, "x": 0, "y": 0 },
					{ "time": 0.0666, "x": 0, "y": -0.94 },
					{ "time": 0.1333, "x": 0.97, "y": -5.73 },
					{ "time": 0.5333, "x": -0.72, "y": -3.75 },
					{ "time": 1, "x": -1.87, "y": -3.65 },
					{ "time": 1.3333, "x": -1.92, "y": 0.09 },
					{ "time": 1.6666, "x": 0, "y": 0 }
				]
			},
			"Obai_all": {
				"rotate": [
					{ "time": 0, "angle": 0 },
					{ "time": 0.0666, "angle": 2.63 },
					{ "time": 0.1666, "angle": -5.23 },
					{ "time": 0.3333, "angle": 2.63 },
					{ "time": 0.6, "angle": -5.23 },
					{ "time": 0.8333, "angle": 4.14 },
					{ "time": 1, "angle": -2.38 },
					{ "time": 1.3333, "angle": 4.14 },
					{ "time": 1.6666, "angle": 0 }
				],
				"translate": [
					{ "time": 0, "x": 0, "y": 0 },
					{ "time": 0.0666, "x": 1.63, "y": -0.56 },
					{ "time": 0.1666, "x": 0.07, "y": 0.35 },
					{ "time": 0.3333, "x": 1.63, "y": -0.56 },
					{ "time": 0.6, "x": 0.07, "y": 0.35 },
					{ "time": 0.8333, "x": -0.17, "y": -0.24 },
					{ "time": 1, "x": -0.49, "y": -0.59 },
					{ "time": 1.3333, "x": -0.17, "y": -0.24 },
					{ "time": 1.6666, "x": 0, "y": 0 }
				]
			},
			"Obai_R": {
				"rotate": [
					{ "time": 0, "angle": 0 },
					{ "time": 0.0666, "angle": 2.63 },
					{ "time": 0.1666, "angle": 5.11 },
					{ "time": 0.4, "angle": 2.63 },
					{ "time": 0.6666, "angle": 5.11 },
					{ "time": 0.8333, "angle": 0.45 },
					{ "time": 1, "angle": 4.75 },
					{ "time": 1.3333, "angle": 0.45 },
					{ "time": 1.6666, "angle": 0 }
				],
				"translate": [
					{ "time": 0, "x": 0, "y": 0 },
					{ "time": 0.0666, "x": 1.47, "y": 0.24 },
					{ "time": 0.1666, "x": 1.35, "y": 0.33 },
					{ "time": 0.4, "x": -0.18, "y": 1.18 },
					{ "time": 0.6666, "x": 0.43, "y": 0.53 },
					{ "time": 0.8333, "x": -2.45, "y": -0.08 },
					{ "time": 1, "x": 0.18, "y": 0.13 },
					{ "time": 1.3333, "x": -2.45, "y": -0.08 },
					{ "time": 1.6666, "x": 0, "y": 0 }
				]
			},
			"Obai_L": {
				"rotate": [
					{ "time": 0, "angle": 0 },
					{ "time": 0.1, "angle": 2.63 },
					{ "time": 0.2, "angle": 18.13 },
					{ "time": 0.3333, "angle": 2.63 },
					{ "time": 0.6, "angle": 4.56 },
					{ "time": 0.9, "angle": 4.69 },
					{ "time": 1.0666, "angle": 8.17 },
					{ "time": 1.4, "angle": 4.69 },
					{ "time": 1.6666, "angle": 0 }
				],
				"translate": [
					{ "time": 0, "x": 0, "y": 0 },
					{ "time": 0.1, "x": -1.09, "y": 0.89 },
					{ "time": 0.2, "x": 1.4, "y": 3.98 },
					{ "time": 0.3333, "x": -0.54, "y": 0.17 },
					{ "time": 0.6, "x": 0.36, "y": 1.56 },
					{ "time": 0.9, "x": -1.49, "y": 0.47 },
					{ "time": 1.0666, "x": -0.27, "y": 0.59 },
					{ "time": 1.4, "x": -1.49, "y": 0.47 },
					{ "time": 1.6666, "x": 0, "y": 0 }
				]
			}
		},
		"events": [
			{ "time": 0.0666, "name": "attack_point" }
		]
	},
	"damage": {
		"slots": {
			"Body": {
				"color": [
					{ "time": 0.0666, "color": "8c4c51ff", "curve": "stepped" },
					{ "time": 0.7666, "color": "8c4c51ff" },
					{ "time": 1.1333, "color": "ffffffff" }
				]
			},
			"Body_tail_path_1": {
				"color": [
					{ "time": 0.0666, "color": "8c4c51ff", "curve": "stepped" },
					{ "time": 0.7666, "color": "8c4c51ff" },
					{ "time": 1.1333, "color": "ffffffff" }
				]
			},
			"Bomb_in": {
				"color": [
					{ "time": 0, "color": "ffffff78" },
					{ "time": 0.3, "color": "ffffffff" },
					{ "time": 0.5666, "color": "ffffff78" },
					{ "time": 0.9, "color": "ffffffff" },
					{ "time": 1.1666, "color": "ffffff78" }
				]
			},
			"Light_Body": {
				"attachment": [
					{ "time": 0, "name": null },
					{ "time": 0.0666, "name": "Rodney_ship_body_normal_light" },
					{ "time": 0.7666, "name": null },
					{ "time": 1.1666, "name": null }
				],
				"color": [
					{ "time": 0.5333, "color": "fffffffc" },
					{ "time": 0.7666, "color": "ffffff00" }
				]
			},
			"Rodney_body_normal": {
				"color": [
					{ "time": 0.0666, "color": "8c4c51ff", "curve": "stepped" },
					{ "time": 0.7666, "color": "8c4c51ff" },
					{ "time": 1.1333, "color": "ffffffff" }
				]
			},
			"Rodney_body_normal_fluorescence": {
				"color": [
					{ "time": 0, "color": "ffffff83" },
					{ "time": 0.3, "color": "ffffffff" },
					{ "time": 0.6, "color": "ffffff83" },
					{ "time": 0.9, "color": "ffffffff" },
					{ "time": 1.1666, "color": "ffffff83" }
				]
			},
			"Rodney_fornt_normal": {
				"color": [
					{ "time": 0.0666, "color": "8c4c51ff", "curve": "stepped" },
					{ "time": 0.7666, "color": "8c4c51ff" },
					{ "time": 1.1333, "color": "ffffffff" }
				]
			},
			"Rodney_fornt_normal_light_fluorescence": {
				"color": [
					{ "time": 0, "color": "ffffff84" },
					{ "time": 0.3, "color": "ffffffff" },
					{ "time": 0.6, "color": "ffffff84" },
					{ "time": 0.9, "color": "ffffffff" },
					{ "time": 1.1666, "color": "ffffff84" }
				]
			},
			"Rodney_ship_armor_down": {
				"color": [
					{ "time": 0.0666, "color": "8c4c51ff", "curve": "stepped" },
					{ "time": 0.7666, "color": "8c4c51ff" },
					{ "time": 1.1333, "color": "ffffffff" }
				]
			},
			"Rodney_ship_armor_down_fluorescence": {
				"color": [
					{ "time": 0, "color": "ffffff84" },
					{ "time": 0.3, "color": "ffffffff" },
					{ "time": 0.6, "color": "ffffff84" },
					{ "time": 0.9, "color": "ffffffff" },
					{ "time": 1.1666, "color": "ffffff84" }
				]
			},
			"Rodney_ship_armor_down_light": {
				"attachment": [
					{ "time": 0, "name": null },
					{ "time": 0.0666, "name": "Rodney_ship_armor_down_light" }
				],
				"color": [
					{ "time": 0.0666, "color": "ffffffff", "curve": "stepped" },
					{ "time": 0.5333, "color": "ffffffff" },
					{ "time": 0.7666, "color": "ffffff00" }
				]
			},
			"Rodney_ship_armor_gun": {
				"color": [
					{ "time": 0.0666, "color": "8c4c51ff", "curve": "stepped" },
					{ "time": 0.7666, "color": "8c4c51ff" },
					{ "time": 1.1333, "color": "ffffffff" }
				]
			},
			"Rodney_ship_armor_gun_light": {
				"attachment": [
					{ "time": 0, "name": null },
					{ "time": 0.0666, "name": "Rodney_ship_armor_gun_light" }
				],
				"color": [
					{ "time": 0.0666, "color": "ffffffff", "curve": "stepped" },
					{ "time": 0.5333, "color": "ffffffff" },
					{ "time": 0.7666, "color": "ffffff00" }
				]
			},
			"Rodney_ship_armor_normal": {
				"color": [
					{ "time": 0.0666, "color": "8c4c51ff", "curve": "stepped" },
					{ "time": 0.7666, "color": "8c4c51ff" },
					{ "time": 1.1333, "color": "ffffffff" }
				]
			},
			"Rodney_ship_armor_normal_fluorescence": {
				"color": [
					{ "time": 0, "color": "ffffff83" },
					{ "time": 0.3, "color": "ffffffff" },
					{ "time": 0.6, "color": "ffffff83" },
					{ "time": 0.9, "color": "ffffffff" },
					{ "time": 1.1666, "color": "ffffff83" }
				]
			},
			"Rodney_ship_armor_normal_light": {
				"attachment": [
					{ "time": 0, "name": null },
					{ "time": 0.0666, "name": "Rodney_ship_armor_normal_light" }
				],
				"color": [
					{ "time": 0.0666, "color": "ffffffff", "curve": "stepped" },
					{ "time": 0.5333, "color": "ffffffff" },
					{ "time": 0.7666, "color": "ffffff00" }
				]
			},
			"Rodney_ship_normal": {
				"color": [
					{ "time": 0.0666, "color": "8c4c51ff", "curve": "stepped" },
					{ "time": 0.7666, "color": "8c4c51ff" },
					{ "time": 1.1333, "color": "ffffffff" }
				]
			}
		},
		"bones": {
			"Root_All": {
				"rotate": [
					{ "time": 0, "angle": 0, "curve": "stepped" },
					{ "time": 1.1666, "angle": 0 }
				],
				"translate": [
					{
						"time": 0,
						"x": 0,
						"y": 0,
						"curve": [ 0.255, 0.35, 0.6, 0.7 ]
					},
					{ "time": 0.0666, "x": -27.67, "y": -23.16 },
					{ "time": 0.1333, "x": 20.98, "y": 15.35 },
					{ "time": 0.2333, "x": -19.78, "y": -15.62 },
					{ "time": 0.3666, "x": 14.36, "y": 8.59 },
					{ "time": 0.5666, "x": -3.37, "y": -4.5 },
					{ "time": 0.8666, "x": 5.63, "y": 2.25 },
					{ "time": 1.1666, "x": 0, "y": 0 }
				]
			},
			"Ship": {
				"rotate": [
					{
						"time": 0,
						"angle": 0,
						"curve": [ 0.219, 0.41, 0.591, 0.77 ]
					},
					{ "time": 0.0666, "angle": -354.41 },
					{ "time": 0.1333, "angle": -364.42 },
					{ "time": 0.2333, "angle": -358.04 },
					{ "time": 0.3666, "angle": -361.36 },
					{ "time": 1.1666, "angle": 0 }
				],
				"translate": [
					{
						"time": 0,
						"x": 0,
						"y": 0,
						"curve": [ 0.319, 0.33, 0.653, 0.66 ]
					},
					{ "time": 0.0666, "x": -3.15, "y": -2.52 },
					{ "time": 0.1333, "x": 5.59, "y": 0.55 },
					{ "time": 0.2333, "x": -3.77, "y": -1.39 },
					{ "time": 0.3666, "x": 1.18, "y": 0.69 },
					{ "time": 1.1666, "x": 0, "y": 0 }
				]
			},
			"Ship_All": {
				"rotate": [
					{ "time": 0, "angle": 0, "curve": "stepped" },
					{ "time": 1.1666, "angle": 0 }
				],
				"translate": [
					{ "time": 0, "x": 0, "y": 0, "curve": "stepped" },
					{ "time": 1.1666, "x": 0, "y": 0 }
				]
			},
			"Body": {
				"rotate": [
					{ "time": 0, "angle": 0, "curve": "stepped" },
					{ "time": 1.1666, "angle": 0 }
				],
				"translate": [
					{ "time": 0, "x": 0, "y": 0, "curve": "stepped" },
					{ "time": 1.1666, "x": 0, "y": 0 }
				]
			},
			"Damage_Point": {
				"rotate": [
					{ "time": 0.0666, "angle": 0 }
				],
				"translate": [
					{ "time": 0.0666, "x": 0, "y": 0 }
				]
			},
			"Tail_F_7": {
				"rotate": [
					{ "time": 0, "angle": -22.36 },
					{ "time": 0.0666, "angle": -44.39 },
					{ "time": 0.3333, "angle": -37.29 },
					{ "time": 1.1666, "angle": -22.36 }
				],
				"translate": [
					{ "time": 0, "x": 0, "y": 0, "curve": "stepped" },
					{ "time": 1.1666, "x": 0, "y": 0 }
				]
			},
			"Tail_F_3": {
				"rotate": [
					{ "time": 0, "angle": -12.47 },
					{ "time": 0.0666, "angle": -11.88 },
					{ "time": 0.6666, "angle": -13.17 },
					{ "time": 1.1666, "angle": -12.47 }
				],
				"translate": [
					{ "time": 0, "x": 0, "y": 0, "curve": "stepped" },
					{ "time": 1.1666, "x": 0, "y": 0 }
				]
			},
			"Tail_F_2": {
				"rotate": [
					{ "time": 0, "angle": 73.17 },
					{ "time": 0.0666, "angle": 48.15 },
					{ "time": 0.3333, "angle": 81.14 },
					{ "time": 0.6666, "angle": 56.09 },
					{ "time": 1.1666, "angle": 73.17 }
				],
				"translate": [
					{ "time": 0, "x": 0, "y": 0, "curve": "stepped" },
					{ "time": 1.1666, "x": 0, "y": 0 }
				]
			},
			"Tail_F_5": {
				"rotate": [
					{ "time": 0, "angle": -23.5 },
					{ "time": 0.0666, "angle": -44.47 },
					{ "time": 0.3333, "angle": -32.53 },
					{ "time": 0.6666, "angle": -20.75 },
					{ "time": 1.1666, "angle": -23.5 }
				],
				"translate": [
					{ "time": 0, "x": 0, "y": 0, "curve": "stepped" },
					{ "time": 1.1666, "x": 0, "y": 0 }
				]
			},
			"Tail_F_4": {
				"rotate": [
					{ "time": 0, "angle": -14.94 },
					{ "time": 0.0666, "angle": -20.06 },
					{ "time": 0.6666, "angle": -15.08 },
					{ "time": 1.1666, "angle": -14.94 }
				],
				"translate": [
					{ "time": 0, "x": 0, "y": 0, "curve": "stepped" },
					{ "time": 1.1666, "x": 0, "y": 0 }
				]
			},
			"Tail_F_6": {
				"rotate": [
					{ "time": 0, "angle": -16.21 },
					{ "time": 0.0666, "angle": -37.17 },
					{ "time": 0.3333, "angle": -17.55 },
					{ "time": 0.6666, "angle": -3.59 },
					{ "time": 1.1666, "angle": -16.21 }
				],
				"translate": [
					{ "time": 0, "x": 0, "y": 0, "curve": "stepped" },
					{ "time": 1.1666, "x": 0, "y": 0 }
				]
			},
			"Bomb_in": {
				"rotate": [
					{ "time": 0, "angle": 0 },
					{ "time": 0.0666, "angle": 3.55 },
					{ "time": 0.1666, "angle": -0.28 },
					{ "time": 0.3, "angle": 3.84 },
					{ "time": 0.5, "angle": -0.21 },
					{ "time": 0.7666, "angle": 0.77 },
					{ "time": 1.1666, "angle": 0 }
				],
				"translate": [
					{ "time": 0, "x": 0, "y": 0 },
					{ "time": 0.0666, "x": -4.27, "y": 2.39 },
					{ "time": 0.1666, "x": 0.45, "y": -2.65 },
					{ "time": 0.3, "x": -1.53, "y": 2.99 },
					{ "time": 0.5, "x": 1.71, "y": -1.04 },
					{ "time": 0.7666, "x": 0.53, "y": -0.62 },
					{ "time": 1.1666, "x": 0, "y": 0 }
				]
			},
			"Ship_down": {
				"rotate": [
					{ "time": 0, "angle": 0 },
					{ "time": 0.0666, "angle": 18.29 },
					{ "time": 0.1666, "angle": -0.06 },
					{ "time": 0.3, "angle": 17.35 },
					{ "time": 0.5, "angle": 0.88 },
					{ "time": 0.7666, "angle": 7.45 },
					{ "time": 1.1666, "angle": 0 }
				],
				"translate": [
					{ "time": 0, "x": 0, "y": 0 },
					{ "time": 0.0666, "x": -10.54, "y": 11.85 },
					{ "time": 0.1666, "x": -0.52, "y": 0.96 },
					{ "time": 0.3, "x": -6.21, "y": 11.55 },
					{ "time": 0.5, "x": -0.52, "y": 3.5 },
					{ "time": 0.7666, "x": -1.8, "y": 3.01 },
					{ "time": 1.1666, "x": 0, "y": 0 }
				]
			},
			"Ship_other": {
				"rotate": [
					{ "time": 0, "angle": 0 },
					{ "time": 0.0666, "angle": 3.24 },
					{ "time": 0.1333, "angle": -2.53 },
					{ "time": 0.2333, "angle": 12.79 },
					{ "time": 0.4, "angle": -2.09 },
					{ "time": 0.6666, "angle": 10.11 },
					{ "time": 1, "angle": -3.24 },
					{ "time": 1.1666, "angle": 0 }
				],
				"translate": [
					{ "time": 0, "x": 0, "y": 0 },
					{ "time": 0.0666, "x": 1.64, "y": 1.68 },
					{ "time": 0.1333, "x": 0.3, "y": 1.58 },
					{ "time": 0.2333, "x": -0.9, "y": 1.42 },
					{ "time": 0.4, "x": -2.32, "y": 1.17 },
					{ "time": 0.6666, "x": -0.42, "y": 0.61 },
					{ "time": 1, "x": -0.98, "y": 0.2 },
					{ "time": 1.1666, "x": 0, "y": 0 }
				]
			},
			"Obai_all": {
				"rotate": [
					{ "time": 0, "angle": 0 },
					{ "time": 0.0666, "angle": 2.63 },
					{ "time": 0.1666, "angle": -5.23 },
					{ "time": 0.3333, "angle": 2.63 },
					{ "time": 0.6, "angle": -5.23 },
					{ "time": 0.8333, "angle": 4.14 },
					{ "time": 1, "angle": -2.38 },
					{ "time": 1.1666, "angle": 0 }
				],
				"translate": [
					{ "time": 0, "x": 0, "y": 0 },
					{ "time": 0.0666, "x": 1.63, "y": -0.56 },
					{ "time": 0.1666, "x": 0.07, "y": 0.35 },
					{ "time": 0.3333, "x": 1.63, "y": -0.56 },
					{ "time": 0.6, "x": 0.07, "y": 0.35 },
					{ "time": 0.8333, "x": -0.17, "y": -0.24 },
					{ "time": 1, "x": -0.49, "y": -0.59 },
					{ "time": 1.1666, "x": 0, "y": 0 }
				]
			},
			"Obai_R": {
				"rotate": [
					{ "time": 0, "angle": 0 },
					{ "time": 0.0666, "angle": 2.63 },
					{ "time": 0.1666, "angle": 5.11 },
					{ "time": 0.3333, "angle": 2.63 },
					{ "time": 0.6, "angle": 5.11 },
					{ "time": 0.8333, "angle": 0.45 },
					{ "time": 1, "angle": 4.75 },
					{ "time": 1.1666, "angle": 0 }
				],
				"translate": [
					{ "time": 0, "x": 0, "y": 0 },
					{ "time": 0.0666, "x": -0.18, "y": 1.18 },
					{ "time": 0.1666, "x": 2.39, "y": 1.03 },
					{ "time": 0.3333, "x": -0.18, "y": 1.18 },
					{ "time": 0.6, "x": 2.39, "y": 1.03 },
					{ "time": 0.8333, "x": -2.45, "y": -0.08 },
					{ "time": 1, "x": 0.18, "y": 0.13 },
					{ "time": 1.1666, "x": 0, "y": 0 }
				]
			},
			"Obai_L": {
				"rotate": [
					{ "time": 0, "angle": 0 },
					{ "time": 0.0666, "angle": 2.63 },
					{ "time": 0.1666, "angle": 4.56 },
					{ "time": 0.3333, "angle": 2.63 },
					{ "time": 0.6, "angle": 4.56 },
					{ "time": 0.8333, "angle": 4.69 },
					{ "time": 1, "angle": 8.17 },
					{ "time": 1.1666, "angle": 0 }
				],
				"translate": [
					{ "time": 0, "x": 0, "y": 0 },
					{ "time": 0.0666, "x": -0.54, "y": 0.17 },
					{ "time": 0.1666, "x": 0.36, "y": 1.56 },
					{ "time": 0.3333, "x": -0.54, "y": 0.17 },
					{ "time": 0.6, "x": 0.36, "y": 1.56 },
					{ "time": 0.8333, "x": -1.49, "y": 0.47 },
					{ "time": 1, "x": -0.27, "y": 0.59 },
					{ "time": 1.1666, "x": 0, "y": 0 }
				]
			}
		},
		"events": [
			{ "time": 0.0666, "name": "damage_point" }
		]
	},
	"normal": {
		"slots": {
			"Bomb_in": {
				"color": [
					{ "time": 0, "color": "ffffff83" },
					{ "time": 0.5, "color": "ffffffff" },
					{ "time": 1, "color": "ffffff83" },
					{ "time": 1.5, "color": "ffffffff" },
					{ "time": 2, "color": "ffffff83" }
				]
			},
			"Light_Body": {
				"attachment": [
					{ "time": 0, "name": null },
					{ "time": 2, "name": null }
				]
			},
			"Rodney_body_normal_fluorescence": {
				"color": [
					{ "time": 0, "color": "ffffff84" },
					{ "time": 0.5, "color": "ffffffff" },
					{ "time": 1, "color": "ffffff84" },
					{ "time": 1.5, "color": "ffffffff" },
					{ "time": 2, "color": "ffffff84" }
				]
			},
			"Rodney_fornt_normal_light_fluorescence": {
				"color": [
					{ "time": 0, "color": "ffffff85" },
					{ "time": 0.5, "color": "ffffffff" },
					{ "time": 1, "color": "ffffff85" },
					{ "time": 1.5, "color": "ffffffff" },
					{ "time": 2, "color": "ffffff85" }
				]
			},
			"Rodney_ship_armor_down_fluorescence": {
				"color": [
					{ "time": 0, "color": "ffffff83" },
					{ "time": 0.5, "color": "ffffffff" },
					{ "time": 1, "color": "ffffff83" },
					{ "time": 1.5, "color": "ffffffff" },
					{ "time": 2, "color": "ffffff83" }
				]
			},
			"Rodney_ship_armor_down_light": {
				"attachment": [
					{ "time": 0, "name": null },
					{ "time": 2, "name": null }
				]
			},
			"Rodney_ship_armor_gun_light": {
				"attachment": [
					{ "time": 0, "name": null },
					{ "time": 2, "name": null }
				]
			},
			"Rodney_ship_armor_normal_fluorescence": {
				"color": [
					{ "time": 0, "color": "ffffff83" },
					{ "time": 0.5, "color": "ffffffff" },
					{ "time": 1, "color": "ffffff83" },
					{ "time": 1.5, "color": "ffffffff" },
					{ "time": 2, "color": "ffffff83" }
				]
			},
			"Rodney_ship_armor_normal_light": {
				"attachment": [
					{ "time": 0, "name": null },
					{ "time": 2, "name": null }
				]
			}
		},
		"bones": {
			"Bomb_in": {
				"rotate": [
					{ "time": 0, "angle": 0 },
					{ "time": 0.5, "angle": 3.59 },
					{ "time": 1.5, "angle": -1 },
					{ "time": 2, "angle": 0 }
				],
				"translate": [
					{ "time": 0, "x": 0, "y": 0, "curve": "stepped" },
					{ "time": 2, "x": 0, "y": 0 }
				]
			},
			"Body": {
				"rotate": [
					{ "time": 0, "angle": 0, "curve": "stepped" },
					{ "time": 2, "angle": 0 }
				],
				"translate": [
					{ "time": 0, "x": 0, "y": 0, "curve": "stepped" },
					{ "time": 2, "x": 0, "y": 0 }
				]
			},
			"Tail_F_5": {
				"rotate": [
					{ "time": 0, "angle": -23.5 },
					{ "time": 0.6666, "angle": 29.35 },
					{ "time": 1.3333, "angle": -32.17 },
					{ "time": 2, "angle": -23.5 }
				],
				"translate": [
					{ "time": 0, "x": 0, "y": 0, "curve": "stepped" },
					{ "time": 2, "x": 0, "y": 0 }
				]
			},
			"Ship": {
				"rotate": [
					{ "time": 0, "angle": 0, "curve": "stepped" },
					{ "time": 2, "angle": 0 }
				],
				"translate": [
					{
						"time": 0,
						"x": 0,
						"y": 0,
						"curve": [ 0.319, 0.33, 0.653, 0.66 ]
					},
					{
						"time": 0.5,
						"x": 1.79,
						"y": 0,
						"curve": [ 0.289, 0.43, 0.622, 0.73 ]
					},
					{
						"time": 1.5,
						"x": -2.75,
						"y": 0,
						"curve": [ 0.487, 0.33, 0.657, 0.5 ]
					},
					{ "time": 2, "x": 0, "y": 0 }
				]
			},
			"Tail_F_2": {
				"rotate": [
					{ "time": 0, "angle": 73.17 },
					{ "time": 0.6666, "angle": 0.09 },
					{ "time": 1.3333, "angle": 33.04 },
					{ "time": 2, "angle": 73.17 }
				],
				"translate": [
					{ "time": 0, "x": 0, "y": 0, "curve": "stepped" },
					{ "time": 2, "x": 0, "y": 0 }
				]
			},
			"Root_All": {
				"rotate": [
					{ "time": 0, "angle": 0, "curve": "stepped" },
					{ "time": 2, "angle": 0 }
				],
				"translate": [
					{
						"time": 0,
						"x": 0,
						"y": 0,
						"curve": [ 0.255, 0.35, 0.6, 0.7 ]
					},
					{
						"time": 0.5,
						"x": 0,
						"y": -9.82,
						"curve": [ 0.3, 0.39, 0.641, 0.74 ]
					},
					{
						"time": 1,
						"x": 0,
						"y": -15.66,
						"curve": [ 0.322, 0.37, 0.652, 0.7 ]
					},
					{
						"time": 1.5,
						"x": 0,
						"y": -7.79,
						"curve": [ 0.314, 0.36, 0.644, 0.68 ]
					},
					{ "time": 2, "x": 0, "y": 0 }
				]
			},
			"Ship_down": {
				"rotate": [
					{ "time": 0, "angle": 0 },
					{ "time": 0.5, "angle": 12.32 },
					{ "time": 1.5, "angle": -8.42 },
					{ "time": 2, "angle": 0 }
				],
				"translate": [
					{ "time": 0, "x": 0, "y": 0 },
					{ "time": 0.5, "x": -3.66, "y": 4.88 },
					{ "time": 1.5, "x": 0.13, "y": 1.22 },
					{ "time": 2, "x": 0, "y": 0 }
				]
			},
			"Tail_F_6": {
				"rotate": [
					{ "time": 0, "angle": -16.21 },
					{ "time": 0.6666, "angle": 34.32 },
					{ "time": 1.3333, "angle": -20.94 },
					{ "time": 2, "angle": -16.21 }
				],
				"translate": [
					{ "time": 0, "x": 0, "y": 0, "curve": "stepped" },
					{ "time": 2, "x": 0, "y": 0 }
				]
			},
			"Tail_F_3": {
				"rotate": [
					{ "time": 0, "angle": -12.47 },
					{ "time": 0.6666, "angle": -12.97 },
					{ "time": 1.3333, "angle": -20.31 },
					{ "time": 2, "angle": -12.47 }
				],
				"translate": [
					{ "time": 0, "x": 0, "y": 0, "curve": "stepped" },
					{ "time": 2, "x": 0, "y": 0 }
				]
			},
			"Tail_F_4": {
				"rotate": [
					{ "time": 0, "angle": -14.94 },
					{ "time": 0.6666, "angle": -13.04 },
					{ "time": 2, "angle": -14.94 }
				],
				"translate": [
					{ "time": 0, "x": 0, "y": 0, "curve": "stepped" },
					{ "time": 2, "x": 0, "y": 0 }
				]
			},
			"Ship_other": {
				"rotate": [
					{ "time": 0, "angle": 0 },
					{ "time": 0.5, "angle": -2.65 },
					{ "time": 1.5, "angle": 3.4 },
					{ "time": 2, "angle": 0 }
				],
				"translate": [
					{ "time": 0, "x": 0, "y": 0, "curve": "stepped" },
					{ "time": 2, "x": 0, "y": 0 }
				]
			},
			"Tail_F_7": {
				"rotate": [
					{ "time": 0, "angle": -22.36 },
					{ "time": 0.6666, "angle": 40.07 },
					{ "time": 1.3333, "angle": -5.34 },
					{ "time": 2, "angle": -22.36 }
				],
				"translate": [
					{ "time": 0, "x": 0, "y": 0, "curve": "stepped" },
					{ "time": 2, "x": 0, "y": 0 }
				]
			},
			"Ship_All": {
				"rotate": [
					{ "time": 0, "angle": 0, "curve": "stepped" },
					{ "time": 2, "angle": 0 }
				],
				"translate": [
					{ "time": 0, "x": 0, "y": 0, "curve": "stepped" },
					{ "time": 2, "x": 0, "y": 0 }
				]
			},
			"Obai_all": {
				"rotate": [
					{ "time": 0, "angle": 0 },
					{ "time": 0.5, "angle": 4.14 },
					{ "time": 1.5, "angle": -2.38 },
					{ "time": 2, "angle": 0 }
				],
				"translate": [
					{ "time": 0, "x": 0, "y": 0 },
					{ "time": 0.5, "x": -0.17, "y": -0.24 },
					{ "time": 1.5, "x": -0.49, "y": -0.59 },
					{ "time": 2, "x": 0, "y": 0 }
				]
			},
			"Obai_R": {
				"rotate": [
					{ "time": 0, "angle": 0 },
					{ "time": 0.5, "angle": 0.45 },
					{ "time": 1.5, "angle": 4.75 },
					{ "time": 2, "angle": 0 }
				],
				"translate": [
					{ "time": 0, "x": 0, "y": 0 },
					{ "time": 0.5, "x": -2.45, "y": -0.08 },
					{ "time": 1.5, "x": 0.18, "y": 0.13 },
					{ "time": 2, "x": 0, "y": 0 }
				]
			},
			"Obai_L": {
				"rotate": [
					{ "time": 0, "angle": 0 },
					{ "time": 0.5, "angle": 4.69 },
					{ "time": 1.5, "angle": 8.17 },
					{ "time": 2, "angle": 0 }
				],
				"translate": [
					{ "time": 0, "x": 0, "y": 0 },
					{ "time": 0.5, "x": -1.49, "y": 0.47 },
					{ "time": 1.5, "x": -0.27, "y": 0.59 },
					{ "time": 2, "x": 0, "y": 0 }
				]
			}
		}
	},
	"throw": {
		"slots": {
			"Bomb_in": {
				"color": [
					{ "time": 0, "color": "ffffff84" },
					{ "time": 0.3333, "color": "ffffffff" },
					{ "time": 0.6666, "color": "ffffff84" },
					{ "time": 1, "color": "ffffffff" },
					{ "time": 1.3333, "color": "ffffff84" }
				]
			},
			"Light_Body": {
				"attachment": [
					{ "time": 0, "name": null },
					{ "time": 1.3333, "name": null }
				]
			},
			"Rodney_body_normal_fluorescence": {
				"color": [
					{ "time": 0, "color": "ffffff83" },
					{ "time": 0.3333, "color": "ffffffff" },
					{ "time": 0.6666, "color": "ffffff83" },
					{ "time": 1, "color": "ffffffff" },
					{ "time": 1.3333, "color": "ffffff83" }
				]
			},
			"Rodney_fornt_normal_light_fluorescence": {
				"color": [
					{ "time": 0, "color": "ffffff83" },
					{ "time": 0.3333, "color": "ffffffff" },
					{ "time": 0.6666, "color": "ffffff83" },
					{ "time": 1, "color": "ffffffff" },
					{ "time": 1.3333, "color": "ffffff83" }
				]
			},
			"Rodney_ship_armor_down_fluorescence": {
				"color": [
					{ "time": 0, "color": "ffffff84" },
					{ "time": 0.3333, "color": "ffffffff" },
					{ "time": 0.6666, "color": "ffffff84" },
					{ "time": 1, "color": "ffffffff" },
					{ "time": 1.3333, "color": "ffffff84" }
				]
			},
			"Rodney_ship_armor_down_light": {
				"attachment": [
					{ "time": 0, "name": null }
				]
			},
			"Rodney_ship_armor_gun_light": {
				"attachment": [
					{ "time": 0, "name": null }
				]
			},
			"Rodney_ship_armor_normal_fluorescence": {
				"color": [
					{ "time": 0, "color": "ffffff84" },
					{ "time": 0.3333, "color": "ffffffff" },
					{ "time": 0.6666, "color": "ffffff84" },
					{ "time": 1, "color": "ffffffff" },
					{ "time": 1.3333, "color": "ffffff84" }
				]
			},
			"Rodney_ship_armor_normal_light": {
				"attachment": [
					{ "time": 0, "name": null }
				]
			}
		},
		"bones": {
			"Root_All": {
				"rotate": [
					{ "time": 0, "angle": 0, "curve": "stepped" },
					{ "time": 1.3333, "angle": 0 }
				],
				"translate": [
					{
						"time": 0,
						"x": 0,
						"y": 0,
						"curve": [ 0.255, 0.35, 0.6, 0.7 ]
					},
					{ "time": 0.6333, "x": -66.66, "y": 0 },
					{ "time": 0.9666, "x": -10.42, "y": -12.42 },
					{ "time": 1.3333, "x": 0, "y": 0 }
				]
			},
			"Ship": {
				"rotate": [
					{
						"time": 0,
						"angle": 0,
						"curve": [ 0.219, 0.41, 0.591, 0.77 ]
					},
					{ "time": 0.3333, "angle": -358.17 },
					{ "time": 0.5666, "angle": -359.21 },
					{ "time": 0.6333, "angle": -363.41 },
					{ "time": 0.7333, "angle": -366.44 },
					{ "time": 0.9666, "angle": -356.42 },
					{ "time": 1.1666, "angle": -361.45 },
					{ "time": 1.3333, "angle": 0 }
				],
				"translate": [
					{
						"time": 0,
						"x": 0,
						"y": 0,
						"curve": [ 0.319, 0.33, 0.653, 0.66 ]
					},
					{ "time": 0.3333, "x": -0.7, "y": -1.37 },
					{ "time": 0.5666, "x": 0, "y": 0.77 },
					{ "time": 0.6333, "x": 1.43, "y": 1.35 },
					{ "time": 0.7333, "x": -0.38, "y": 0.95 },
					{ "time": 0.9666, "x": -0.19, "y": -2.63 },
					{ "time": 1.3333, "x": 0, "y": 0 }
				]
			},
			"Body": {
				"rotate": [
					{
						"time": 0,
						"angle": 0,
						"curve": [ 0.219, 0.41, 0.591, 0.77 ]
					},
					{
						"time": 0.6333,
						"angle": -3.17,
						"curve": [ 0.32, 0.36, 0.653, 0.69 ]
					},
					{
						"time": 0.7333,
						"angle": 0.61,
						"curve": [ 0.319, 0.37, 0.652, 0.7 ]
					},
					{
						"time": 0.9666,
						"angle": -1.72,
						"curve": [ 0.32, 0.38, 0.654, 0.71 ]
					},
					{ "time": 1.3333, "angle": 0 }
				],
				"translate": [
					{
						"time": 0,
						"x": 0,
						"y": 0,
						"curve": [ 0.219, 0.41, 0.591, 0.77 ]
					},
					{
						"time": 0.3333,
						"x": -15.86,
						"y": 0,
						"curve": [ 0.193, 0.39, 0.58, 0.9 ]
					},
					{
						"time": 0.5666,
						"x": -19.36,
						"y": 0,
						"curve": [ 0.142, 0.42, 0.647, 0.94 ]
					},
					{ "time": 0.6333, "x": 92.18, "y": -6.3 },
					{ "time": 0.7333, "x": 111.33, "y": 0 },
					{ "time": 1.3333, "x": 0, "y": 0 }
				]
			},
			"Ship_All": {
				"rotate": [
					{ "time": 0, "angle": 0, "curve": "stepped" },
					{ "time": 1.3333, "angle": 0 }
				],
				"translate": [
					{ "time": 0, "x": 0, "y": 0, "curve": "stepped" },
					{ "time": 1.3333, "x": 0, "y": 0 }
				]
			},
			"Throw_Point": {
				"rotate": [
					{ "time": 0.6333, "angle": 0 }
				],
				"translate": [
					{ "time": 0.6333, "x": 0, "y": 0 }
				]
			},
			"Tail_F_3": {
				"rotate": [
					{ "time": 0, "angle": -12.47 },
					{ "time": 0.3333, "angle": -27.51 },
					{ "time": 0.6333, "angle": -23.65 },
					{ "time": 1, "angle": -11.09 },
					{ "time": 1.3333, "angle": -12.47 }
				],
				"translate": [
					{ "time": 0, "x": 0, "y": 0, "curve": "stepped" },
					{ "time": 1.3333, "x": 0, "y": 0 }
				]
			},
			"Tail_F_6": {
				"rotate": [
					{ "time": 0, "angle": -16.21 },
					{ "time": 0.3333, "angle": 44.72 },
					{ "time": 0.6333, "angle": 8.97 },
					{ "time": 1, "angle": -34.71 },
					{ "time": 1.3333, "angle": -16.21 }
				],
				"translate": [
					{ "time": 0, "x": 0, "y": 0, "curve": "stepped" },
					{ "time": 1.3333, "x": 0, "y": 0 }
				]
			},
			"Tail_F_7": {
				"rotate": [
					{ "time": 0, "angle": -22.36 },
					{ "time": 0.3333, "angle": 10.14 },
					{ "time": 0.6333, "angle": 16.51 },
					{ "time": 0.8333, "angle": -28.39 },
					{ "time": 1, "angle": -14.11 },
					{ "time": 1.3333, "angle": -22.36 }
				],
				"translate": [
					{ "time": 0, "x": 0, "y": 0, "curve": "stepped" },
					{ "time": 1.3333, "x": 0, "y": 0 }
				]
			},
			"Tail_F_4": {
				"rotate": [
					{ "time": 0, "angle": -14.94 },
					{ "time": 0.3333, "angle": -19.52 },
					{ "time": 1, "angle": -22.63 },
					{ "time": 1.3333, "angle": -14.94 }
				],
				"translate": [
					{ "time": 0, "x": 0, "y": 0, "curve": "stepped" },
					{ "time": 1.3333, "x": 0, "y": 0 }
				]
			},
			"Tail_F_2": {
				"rotate": [
					{ "time": 0, "angle": 73.17 },
					{ "time": 0.3333, "angle": 58.13 },
					{ "time": 0.6333, "angle": 21.05 },
					{ "time": 1, "angle": 56.45 },
					{ "time": 1.3333, "angle": 73.17 }
				],
				"translate": [
					{ "time": 0, "x": 0, "y": 0, "curve": "stepped" },
					{ "time": 1.3333, "x": 0, "y": 0 }
				]
			},
			"Tail_F_5": {
				"rotate": [
					{ "time": 0, "angle": -23.5 },
					{ "time": 0.3333, "angle": 41.51 },
					{ "time": 0.6333, "angle": -13.49 },
					{ "time": 1, "angle": -31.82 },
					{ "time": 1.3333, "angle": -23.5 }
				],
				"translate": [
					{ "time": 0, "x": 0, "y": 0, "curve": "stepped" },
					{ "time": 1.3333, "x": 0, "y": 0 }
				]
			},
			"Ship_other": {
				"rotate": [
					{ "time": 0, "angle": 0 },
					{ "time": 0.3333, "angle": 12.24 },
					{ "time": 0.5666, "angle": 16.94 },
					{ "time": 0.6666, "angle": -8.72 },
					{ "time": 0.9, "angle": 12.14 },
					{ "time": 1.1666, "angle": -8.51 },
					{ "time": 1.3333, "angle": 0 }
				],
				"translate": [
					{ "time": 0, "x": 0, "y": 0 },
					{ "time": 0.3333, "x": -0.7, "y": 0 },
					{ "time": 0.5666, "x": -1.25, "y": 0 },
					{ "time": 0.6666, "x": -2.22, "y": 0 },
					{ "time": 0.9, "x": 0.66, "y": 0 },
					{ "time": 1.1666, "x": -1.86, "y": 0 },
					{ "time": 1.3333, "x": 0, "y": 0 }
				]
			},
			"Ship_down": {
				"rotate": [
					{ "time": 0, "angle": 0 },
					{ "time": 0.3333, "angle": 13.71 },
					{ "time": 0.5666, "angle": 20.75 },
					{ "time": 0.6666, "angle": -17.2 },
					{ "time": 0.9333, "angle": 16.03 },
					{ "time": 1.2333, "angle": -13.01 },
					{ "time": 1.3333, "angle": 0 }
				],
				"translate": [
					{ "time": 0, "x": 0, "y": 0 },
					{ "time": 0.3333, "x": -5.17, "y": 6.53 },
					{ "time": 0.5666, "x": -4.39, "y": 8.59 },
					{ "time": 0.6666, "x": 1.99, "y": -2.66 },
					{ "time": 0.9333, "x": -7.51, "y": 7.51 },
					{ "time": 1.2333, "x": 0.88, "y": -7.1 },
					{ "time": 1.3333, "x": 0, "y": 0 }
				]
			},
			"Bomb_in": {
				"rotate": [
					{ "time": 0, "angle": 0 },
					{ "time": 0.3333, "angle": 3.12 },
					{ "time": 0.5666, "angle": 5.37 },
					{ "time": 0.6666, "angle": -4 },
					{ "time": 0.9333, "angle": 3.81 },
					{ "time": 1.2333, "angle": -7.05 },
					{ "time": 1.3333, "angle": 0 }
				],
				"translate": [
					{ "time": 0, "x": 0, "y": 0 },
					{ "time": 0.3333, "x": -1.2, "y": 0 },
					{ "time": 0.5666, "x": 1.84, "y": 1.42 },
					{ "time": 0.6666, "x": 2.23, "y": -2.79 },
					{ "time": 0.9333, "x": -2, "y": 0 },
					{ "time": 1.2333, "x": 1.56, "y": -3.53 },
					{ "time": 1.3333, "x": 0, "y": 0 }
				]
			},
			"Obai_all": {
				"rotate": [
					{ "time": 0, "angle": 0 },
					{ "time": 0.2666, "angle": -2.1 },
					{ "time": 0.5666, "angle": 0.23 },
					{ "time": 0.7333, "angle": 332.35 },
					{ "time": 1.0666, "angle": -3.4 },
					{ "time": 1.3333, "angle": 0 }
				],
				"translate": [
					{ "time": 0, "x": 0, "y": 0 },
					{ "time": 0.2666, "x": -2.18, "y": 0.09 },
					{ "time": 0.5666, "x": -0.17, "y": -0.24 },
					{ "time": 0.7333, "x": -1.7, "y": -0.81 },
					{ "time": 1.0666, "x": -2.02, "y": -2.12 },
					{ "time": 1.3333, "x": 0, "y": 0 }
				]
			},
			"Obai_R": {
				"rotate": [
					{ "time": 0, "angle": 0 },
					{ "time": 0.2666, "angle": -1.38 },
					{ "time": 0.5666, "angle": 1.52 },
					{ "time": 0.7333, "angle": -3.47 },
					{ "time": 1.0666, "angle": 9.12 },
					{ "time": 1.3333, "angle": 0 }
				],
				"translate": [
					{ "time": 0, "x": 0, "y": 0 },
					{ "time": 0.2666, "x": 0.36, "y": -1.07 },
					{ "time": 0.5666, "x": 1.79, "y": -1.26 },
					{ "time": 0.7333, "x": 1.97, "y": -0.01 },
					{ "time": 1.0666, "x": -0.33, "y": -1.5 },
					{ "time": 1.3333, "x": 0, "y": 0 }
				]
			},
			"Obai_L": {
				"rotate": [
					{ "time": 0, "angle": 0 },
					{ "time": 0.3333, "angle": 1.26 },
					{ "time": 0.6333, "angle": 16.78 },
					{ "time": 0.7666, "angle": 9.65 },
					{ "time": 1.1333, "angle": 18.17 },
					{ "time": 1.3333, "angle": 0 }
				],
				"translate": [
					{ "time": 0, "x": 0, "y": 0 },
					{ "time": 0.3333, "x": 0.05, "y": 1.02 },
					{ "time": 0.6333, "x": 0.53, "y": 1.39 },
					{ "time": 0.7666, "x": -3.58, "y": 3.6 },
					{ "time": 1.1333, "x": -2.93, "y": 1.95 },
					{ "time": 1.3333, "x": 0, "y": 0 }
				]
			}
		},
		"events": [
			{ "time": 0.6333, "name": "throw_point" }
		]
	},
	"wreck": {
		"slots": {
			"Bomb_in": {
				"attachment": [
					{ "time": 0, "name": null }
				],
				"color": [
					{ "time": 0, "color": "ffffff83" },
					{ "time": 0.5, "color": "ffffffff" },
					{ "time": 1, "color": "ffffff83" },
					{ "time": 1.5, "color": "ffffffff" },
					{ "time": 2, "color": "ffffff83" }
				]
			},
			"Light_Body": {
				"attachment": [
					{ "time": 0, "name": null },
					{ "time": 2, "name": null }
				]
			},
			"Rodney_body_normal_fluorescence": {
				"attachment": [
					{ "time": 0, "name": null }
				],
				"color": [
					{ "time": 0, "color": "ffffff84" },
					{ "time": 0.5, "color": "ffffffff" },
					{ "time": 1, "color": "ffffff84" },
					{ "time": 1.5, "color": "ffffffff" },
					{ "time": 2, "color": "ffffff84" }
				]
			},
			"Rodney_fornt_normal_light_fluorescence": {
				"attachment": [
					{ "time": 0, "name": null }
				],
				"color": [
					{ "time": 0, "color": "ffffff85" },
					{ "time": 0.5, "color": "ffffffff" },
					{ "time": 1, "color": "ffffff85" },
					{ "time": 1.5, "color": "ffffffff" },
					{ "time": 2, "color": "ffffff85" }
				]
			},
			"Rodney_ship_armor_down_fluorescence": {
				"attachment": [
					{ "time": 0, "name": null }
				],
				"color": [
					{ "time": 0, "color": "ffffff83" },
					{ "time": 0.5, "color": "ffffffff" },
					{ "time": 1, "color": "ffffff83" },
					{ "time": 1.5, "color": "ffffffff" },
					{ "time": 2, "color": "ffffff83" }
				]
			},
			"Rodney_ship_armor_down_light": {
				"attachment": [
					{ "time": 0, "name": null },
					{ "time": 2, "name": null }
				]
			},
			"Rodney_ship_armor_gun_light": {
				"attachment": [
					{ "time": 0, "name": null },
					{ "time": 2, "name": null }
				]
			},
			"Rodney_ship_armor_normal_fluorescence": {
				"attachment": [
					{ "time": 0, "name": null }
				],
				"color": [
					{ "time": 0, "color": "ffffff83" },
					{ "time": 0.5, "color": "ffffffff" },
					{ "time": 1, "color": "ffffff83" },
					{ "time": 1.5, "color": "ffffffff" },
					{ "time": 2, "color": "ffffff83" }
				]
			},
			"Rodney_ship_armor_normal_light": {
				"attachment": [
					{ "time": 0, "name": null },
					{ "time": 2, "name": null }
				]
			}
		},
		"bones": {
			"Tail_F_6": {
				"rotate": [
					{ "time": 0, "angle": -16.21 },
					{ "time": 0.6666, "angle": 34.32 },
					{ "time": 1.3333, "angle": -20.94 },
					{ "time": 2, "angle": -16.21 }
				],
				"translate": [
					{ "time": 0, "x": 0, "y": 0, "curve": "stepped" },
					{ "time": 2, "x": 0, "y": 0 }
				]
			},
			"Ship_other": {
				"rotate": [
					{ "time": 0, "angle": 0 },
					{ "time": 0.5, "angle": -2.65 },
					{ "time": 1.5, "angle": 3.4 },
					{ "time": 2, "angle": 0 }
				],
				"translate": [
					{ "time": 0, "x": 0, "y": 0, "curve": "stepped" },
					{ "time": 2, "x": 0, "y": 0 }
				]
			},
			"Tail_F_3": {
				"rotate": [
					{ "time": 0, "angle": -12.47 },
					{ "time": 0.6666, "angle": -12.97 },
					{ "time": 1.3333, "angle": -20.31 },
					{ "time": 2, "angle": -12.47 }
				],
				"translate": [
					{ "time": 0, "x": 0, "y": 0, "curve": "stepped" },
					{ "time": 2, "x": 0, "y": 0 }
				]
			},
			"Ship": {
				"rotate": [
					{ "time": 0, "angle": 0, "curve": "stepped" },
					{ "time": 2, "angle": 0 }
				],
				"translate": [
					{
						"time": 0,
						"x": 0,
						"y": 0,
						"curve": [ 0.319, 0.33, 0.653, 0.66 ]
					},
					{
						"time": 0.5,
						"x": 1.79,
						"y": 0,
						"curve": [ 0.289, 0.43, 0.622, 0.73 ]
					},
					{
						"time": 1.5,
						"x": -2.75,
						"y": 0,
						"curve": [ 0.487, 0.33, 0.657, 0.5 ]
					},
					{ "time": 2, "x": 0, "y": 0 }
				]
			},
			"Tail_F_7": {
				"rotate": [
					{ "time": 0, "angle": -22.36 },
					{ "time": 0.6666, "angle": 40.07 },
					{ "time": 1.3333, "angle": -5.34 },
					{ "time": 2, "angle": -22.36 }
				],
				"translate": [
					{ "time": 0, "x": 0, "y": 0, "curve": "stepped" },
					{ "time": 2, "x": 0, "y": 0 }
				]
			},
			"Body": {
				"rotate": [
					{ "time": 0, "angle": 0, "curve": "stepped" },
					{ "time": 2, "angle": 0 }
				],
				"translate": [
					{ "time": 0, "x": 0, "y": 0, "curve": "stepped" },
					{ "time": 2, "x": 0, "y": 0 }
				]
			},
			"Tail_F_4": {
				"rotate": [
					{ "time": 0, "angle": -14.94 },
					{ "time": 0.6666, "angle": -13.04 },
					{ "time": 2, "angle": -14.94 }
				],
				"translate": [
					{ "time": 0, "x": 0, "y": 0, "curve": "stepped" },
					{ "time": 2, "x": 0, "y": 0 }
				]
			},
			"Tail_F_5": {
				"rotate": [
					{ "time": 0, "angle": -23.5 },
					{ "time": 0.6666, "angle": 29.35 },
					{ "time": 1.3333, "angle": -32.17 },
					{ "time": 2, "angle": -23.5 }
				],
				"translate": [
					{ "time": 0, "x": 0, "y": 0, "curve": "stepped" },
					{ "time": 2, "x": 0, "y": 0 }
				]
			},
			"Ship_down": {
				"rotate": [
					{ "time": 0, "angle": 0 },
					{ "time": 0.5, "angle": 12.32 },
					{ "time": 1.5, "angle": -8.42 },
					{ "time": 2, "angle": 0 }
				],
				"translate": [
					{ "time": 0, "x": 0, "y": 0 },
					{ "time": 0.5, "x": -3.66, "y": 4.88 },
					{ "time": 1.5, "x": 0.13, "y": 1.22 },
					{ "time": 2, "x": 0, "y": 0 }
				]
			},
			"Root_All": {
				"rotate": [
					{ "time": 0, "angle": 0, "curve": "stepped" },
					{ "time": 2, "angle": 0 }
				],
				"translate": [
					{
						"time": 0,
						"x": 0,
						"y": 0,
						"curve": [ 0.255, 0.35, 0.6, 0.7 ]
					},
					{
						"time": 0.5,
						"x": 0,
						"y": -9.82,
						"curve": [ 0.3, 0.39, 0.641, 0.74 ]
					},
					{
						"time": 1,
						"x": 0,
						"y": -15.66,
						"curve": [ 0.322, 0.37, 0.652, 0.7 ]
					},
					{
						"time": 1.5,
						"x": 0,
						"y": -7.79,
						"curve": [ 0.314, 0.36, 0.644, 0.68 ]
					},
					{ "time": 2, "x": 0, "y": 0 }
				]
			},
			"Bomb_in": {
				"rotate": [
					{ "time": 0, "angle": 0 },
					{ "time": 0.5, "angle": 3.59 },
					{ "time": 1.5, "angle": -1 },
					{ "time": 2, "angle": 0 }
				],
				"translate": [
					{ "time": 0, "x": 0, "y": 0, "curve": "stepped" },
					{ "time": 2, "x": 0, "y": 0 }
				]
			},
			"Tail_F_2": {
				"rotate": [
					{ "time": 0, "angle": 73.17 },
					{ "time": 0.6666, "angle": 0.09 },
					{ "time": 1.3333, "angle": 33.04 },
					{ "time": 2, "angle": 73.17 }
				],
				"translate": [
					{ "time": 0, "x": 0, "y": 0, "curve": "stepped" },
					{ "time": 2, "x": 0, "y": 0 }
				]
			},
			"Ship_All": {
				"rotate": [
					{ "time": 0, "angle": 0, "curve": "stepped" },
					{ "time": 2, "angle": 0 }
				],
				"translate": [
					{ "time": 0, "x": 0, "y": 0, "curve": "stepped" },
					{ "time": 2, "x": 0, "y": 0 }
				]
			},
			"Obai_R": {
				"rotate": [
					{ "time": 0, "angle": 0 },
					{ "time": 0.5, "angle": 0.45 },
					{ "time": 1.5, "angle": 4.75 },
					{ "time": 2, "angle": 0 }
				],
				"translate": [
					{ "time": 0, "x": 0, "y": 0 },
					{ "time": 0.5, "x": -2.45, "y": -0.08 },
					{ "time": 1.5, "x": 0.18, "y": 0.13 },
					{ "time": 2, "x": 0, "y": 0 }
				]
			},
			"Obai_L": {
				"rotate": [
					{ "time": 0, "angle": 0 },
					{ "time": 0.5, "angle": 4.69 },
					{ "time": 1.5, "angle": 8.17 },
					{ "time": 2, "angle": 0 }
				],
				"translate": [
					{ "time": 0, "x": 0, "y": 0 },
					{ "time": 0.5, "x": -1.49, "y": 0.47 },
					{ "time": 1.5, "x": -0.27, "y": 0.59 },
					{ "time": 2, "x": 0, "y": 0 }
				]
			},
			"Obai_all": {
				"rotate": [
					{ "time": 0, "angle": 0 },
					{ "time": 0.5, "angle": 4.14 },
					{ "time": 1.5, "angle": -2.38 },
					{ "time": 2, "angle": 0 }
				],
				"translate": [
					{ "time": 0, "x": 0, "y": 0 },
					{ "time": 0.5, "x": -0.17, "y": -0.24 },
					{ "time": 1.5, "x": -0.49, "y": -0.59 },
					{ "time": 2, "x": 0, "y": 0 }
				]
			}
		}
	}
}
}