{
"skeleton": { "hash": "psm5gG8yCvE+6yD+Kft96ZlG4NM", "spine": "3.2.01", "width": 0, "height": 0, "images": "" },
"bones": [
	{ "name": "root" },
	{ "name": "bone", "parent": "root" },
	{ "name": "bone2", "parent": "bone", "y": 106.99 },
	{ "name": "kkkkkk", "parent": "bone2" },
	{ "name": "L1", "parent": "kkkkkk", "y": 80 },
	{ "name": "TXL", "parent": "bone2", "x": -104.99, "y": 50 },
	{ "name": "TXR", "parent": "bone2", "x": 100.99, "y": 56.99 },
	{ "name": "k1", "parent": "kkkkkk", "y": 4 },
	{ "name": "kl1", "parent": "kkkkkk", "y": -5.99 },
	{ "name": "shadow", "parent": "bone2", "y": -106.99 }
],
"slots": [
	{ "name": "shadow", "bone": "shadow" },
	{ "name": "K1", "bone": "k1" },
	{ "name": "KL1", "bone": "kl1" },
	{ "name": "L1", "bone": "L1" },
	{ "name": "TXL", "bone": "TXL" },
	{ "name": "TXR", "bone": "TXR" }
],
"skins": {
	"default": {
		"K1": {
			"K1": { "y": -4, "width": 190, "height": 243 },
			"K2": { "y": -4, "width": 190, "height": 243 },
			"K3": { "y": -4, "width": 190, "height": 243 }
		},
		"KL1": {
			"KL1": { "y": 5.99, "width": 190, "height": 243 },
			"KL2": { "y": 5.99, "width": 201, "height": 242 },
			"KL3": { "y": 5.99, "width": 201, "height": 242 }
		},
		"L1": {
			"L1": { "y": -80, "width": 190, "height": 243 },
			"L2": { "y": -80, "width": 190, "height": 243 },
			"L3": { "y": -80, "width": 190, "height": 243 },
			"L4": { "y": -80, "width": 190, "height": 243 },
			"L5": { "y": -80, "width": 190, "height": 243 },
			"L6": { "y": -80, "width": 190, "height": 243 }
		},
		"TXL": {
			"TXL": { "x": -37, "y": 26.99, "width": 102, "height": 142 }
		},
		"TXR": {
			"TXR": { "x": 19.99, "y": 40, "width": 105, "height": 141 }
		},
		"shadow": {
			"shadow": { "y": 6.83, "width": 190, "height": 65 }
		}
	}
},
"animations": {
	"normal": {
		"slots": {
			"K1": {
				"attachment": [
					{ "time": 0, "name": "K1" },
					{ "time": 0.0666, "name": "K2" },
					{ "time": 0.1666, "name": "K3" },
					{ "time": 0.3666, "name": null },
					{ "time": 1.4, "name": "K3" },
					{ "time": 1.8333, "name": "K3" },
					{ "time": 1.9, "name": "K2" },
					{ "time": 1.9666, "name": "K1" },
					{ "time": 2, "name": null },
					{ "time": 2.0333, "name": null }
				]
			},
			"KL1": {
				"attachment": [
					{ "time": 0, "name": null },
					{ "time": 0.3666, "name": "KL1" },
					{ "time": 0.4333, "name": "KL2" },
					{ "time": 0.5, "name": "KL3" },
					{ "time": 0.6, "name": "KL1" },
					{ "time": 0.6666, "name": "KL2" },
					{ "time": 0.7333, "name": "KL3" },
					{ "time": 0.8666, "name": "KL1" },
					{ "time": 0.9333, "name": "KL2" },
					{ "time": 1, "name": "KL3" },
					{ "time": 1.1, "name": "KL1" },
					{ "time": 1.1666, "name": "KL2" },
					{ "time": 1.2333, "name": "KL3" },
					{ "time": 1.4, "name": null }
				]
			},
			"L1": {
				"attachment": [
					{ "time": 0, "name": null },
					{ "time": 0.1666, "name": "L1" },
					{ "time": 0.2, "name": "L2" },
					{ "time": 0.2333, "name": "L3" },
					{ "time": 0.2666, "name": "L4" },
					{ "time": 0.3, "name": "L5" },
					{ "time": 0.3333, "name": "L6" },
					{ "time": 0.3666, "name": null },
					{ "time": 0.7, "name": null },
					{ "time": 1.4, "name": "L6" },
					{ "time": 1.4666, "name": "L5" },
					{ "time": 1.5333, "name": "L4" },
					{ "time": 1.6, "name": "L3" },
					{ "time": 1.6666, "name": "L2" },
					{ "time": 1.7333, "name": "L1" },
					{ "time": 1.8, "name": null },
					{ "time": 2.0333, "name": null }
				]
			},
			"TXL": {
				"attachment": [
					{ "time": 0, "name": null },
					{ "time": 0.3666, "name": "TXL" },
					{ "time": 0.5666, "name": null },
					{ "time": 0.7333, "name": "TXL" },
					{ "time": 0.9, "name": null },
					{ "time": 1.0666, "name": "TXL" },
					{ "time": 1.2333, "name": null }
				]
			},
			"TXR": {
				"attachment": [
					{ "time": 0, "name": null },
					{ "time": 0.5, "name": "TXR" },
					{ "time": 0.6666, "name": null },
					{ "time": 0.8333, "name": "TXR" },
					{ "time": 1.0333, "name": null },
					{ "time": 1.2333, "name": "TXR" },
					{ "time": 1.4, "name": null }
				]
			},
			"shadow": {
				"color": [
					{ "time": 0, "color": "ffffff00" },
					{ "time": 0.1666, "color": "ffffff32" },
					{ "time": 0.6666, "color": "ffffff71", "curve": "stepped" },
					{ "time": 1.5, "color": "ffffff71" },
					{ "time": 2, "color": "ffffff32" },
					{ "time": 2.1666, "color": "ffffff00" }
				],
				"attachment": [
					{ "time": 0, "name": "shadow" }
				]
			}
		},
		"bones": {
			"bone2": {
				"rotate": [
					{ "time": 0, "angle": 0, "curve": "stepped" },
					{ "time": 2, "angle": 0 }
				],
				"translate": [
					{ "time": 0, "x": 0, "y": 0, "curve": "stepped" },
					{ "time": 2, "x": 0, "y": 0 }
				],
				"scale": [
					{ "time": 0, "x": 1, "y": 1, "curve": "stepped" },
					{ "time": 2, "x": 1, "y": 1 }
				]
			},
			"kl1": {
				"rotate": [
					{ "time": 0, "angle": 0, "curve": "stepped" },
					{ "time": 0.3666, "angle": 0, "curve": "stepped" },
					{ "time": 1.2333, "angle": 0, "curve": "stepped" },
					{ "time": 1.3666, "angle": 0 }
				],
				"translate": [
					{ "time": 0, "x": 0, "y": 0, "curve": "stepped" },
					{ "time": 0.3666, "x": 0, "y": 0, "curve": "stepped" },
					{ "time": 1.2333, "x": 0, "y": 0, "curve": "stepped" },
					{ "time": 1.3666, "x": 0, "y": 0 }
				],
				"scale": [
					{ "time": 0, "x": 1, "y": 1, "curve": "stepped" },
					{ "time": 0.3666, "x": 1, "y": 1, "curve": "stepped" },
					{ "time": 1.2333, "x": 1, "y": 1, "curve": "stepped" },
					{ "time": 1.3666, "x": 1, "y": 1 }
				]
			},
			"k1": {
				"rotate": [
					{ "time": 0, "angle": 0, "curve": "stepped" },
					{ "time": 0.1666, "angle": 0, "curve": "stepped" },
					{ "time": 1.8, "angle": 0 }
				],
				"translate": [
					{ "time": 0, "x": 0, "y": 0, "curve": "stepped" },
					{ "time": 0.1666, "x": 0, "y": 0, "curve": "stepped" },
					{ "time": 1.8, "x": 0, "y": 0 }
				],
				"scale": [
					{ "time": 0, "x": 1, "y": 1, "curve": "stepped" },
					{ "time": 0.1666, "x": 1, "y": 1, "curve": "stepped" },
					{ "time": 1.8, "x": 1, "y": 1 }
				]
			},
			"L1": {
				"rotate": [
					{ "time": 0, "angle": 0, "curve": "stepped" },
					{ "time": 0.3333, "angle": 0, "curve": "stepped" },
					{ "time": 1.3666, "angle": 0 }
				],
				"translate": [
					{ "time": 0, "x": 0, "y": 0, "curve": "stepped" },
					{ "time": 0.3333, "x": 0, "y": 0, "curve": "stepped" },
					{ "time": 1.3666, "x": 0, "y": 0 }
				],
				"scale": [
					{ "time": 0, "x": 1, "y": 1, "curve": "stepped" },
					{ "time": 0.3333, "x": 1, "y": 1, "curve": "stepped" },
					{ "time": 1.3666, "x": 1, "y": 1 }
				]
			},
			"kkkkkk": {
				"rotate": [
					{ "time": 0, "angle": 10.12 },
					{ "time": 0.1666, "angle": 0, "curve": "stepped" },
					{ "time": 1.8333, "angle": 0 },
					{ "time": 2.1666, "angle": 10.12 }
				],
				"translate": [
					{ "time": 0, "x": 0, "y": 14.35 },
					{ "time": 0.1666, "x": 0, "y": 0, "curve": "stepped" },
					{ "time": 1.8333, "x": 0, "y": 0 },
					{ "time": 2.1666, "x": 0, "y": 14.35 }
				],
				"scale": [
					{ "time": 0, "x": 0.726, "y": 0.726 },
					{ "time": 0.1666, "x": 1, "y": 1, "curve": "stepped" },
					{ "time": 1.8333, "x": 1, "y": 1 },
					{ "time": 2.1666, "x": 0.726, "y": 0.726 }
				]
			},
			"TXL": {
				"rotate": [
					{ "time": 0.3666, "angle": -14.09 }
				],
				"translate": [
					{ "time": 0.3666, "x": 1.16, "y": 24.54 }
				],
				"scale": [
					{ "time": 0.3666, "x": 1, "y": 1, "curve": "stepped" },
					{ "time": 0.5666, "x": 1, "y": 1 },
					{ "time": 0.7333, "x": 0.636, "y": 0.636, "curve": "stepped" },
					{ "time": 0.9, "x": 0.636, "y": 0.636 },
					{ "time": 1.0666, "x": 1.183, "y": 1.183 }
				]
			},
			"TXR": {
				"rotate": [
					{ "time": 0.5, "angle": -1.16 }
				],
				"translate": [
					{ "time": 0.5, "x": 9.34, "y": 11.68 }
				],
				"scale": [
					{ "time": 0.5, "x": 1, "y": 1, "curve": "stepped" },
					{ "time": 0.6666, "x": 1, "y": 1 },
					{ "time": 0.8333, "x": 1.144, "y": 1.144, "curve": "stepped" },
					{ "time": 1.0333, "x": 1.144, "y": 1.144 },
					{ "time": 1.2333, "x": 0.622, "y": 0.622, "curve": "stepped" },
					{ "time": 1.4, "x": 0.622, "y": 0.622 }
				]
			},
			"shadow": {
				"rotate": [
					{ "time": 0, "angle": 0 }
				],
				"translate": [
					{ "time": 0, "x": 0, "y": 0 }
				],
				"scale": [
					{ "time": 0, "x": 1, "y": 1 },
					{ "time": 0.1666, "x": 0.633, "y": 1 },
					{ "time": 0.6666, "x": 0.926, "y": 1, "curve": "stepped" },
					{ "time": 1.5, "x": 0.926, "y": 1 },
					{ "time": 2, "x": 0.633, "y": 1 },
					{ "time": 2.1666, "x": 1, "y": 1 }
				]
			}
		}
	}
}
}