{
"skeleton": { "hash": "YsOzGmSEm1IPdBdmwPdIV9JBppQ", "spine": "2.1.27", "width": 303.06, "height": 303.06, "images": "" },
"bones": [
	{ "name": "Root_All", "x": 42.66, "y": -5.9, "scaleX": 1.01, "scaleY": 1.01 },
	{ "name": "Ship_All", "parent": "Root_All" },
	{ "name": "Body", "parent": "Ship_All", "length": 255.84, "x": -32.4, "y": 1.36, "rotation": 90 },
	{ "name": "Antiaircraft", "parent": "Body", "length": 44.62, "x": 180.25, "y": -53.27, "rotation": -90 },
	{ "name": "Attack_Point", "parent": "Body", "length": 25.69, "x": 148.37, "y": -43.28, "rotation": -88.64 },
	{ "name": "Damage_Point", "parent": "Body", "length": 22.56, "x": 114.94, "y": 5.75, "rotation": -90 },
	{ "name": "Dialogue", "parent": "Body", "length": 57.85, "x": 196.19, "y": -48.56, "rotation": -90 },
	{ "name": "Expression", "parent": "Body", "length": 46.33, "x": 214.88, "y": -35.56, "rotation": -42.65 },
	{ "name": "Face", "parent": "Body", "length": 66.94, "x": 180, "y": 30, "rotation": 270 },
	{ "name": "Obai_all", "parent": "Body", "length": 6.89, "x": 119.02, "y": 6.99, "rotation": -161.97 },
	{ "name": "Ship", "parent": "Body", "length": 127.17, "x": 100, "y": 60, "rotation": 270 },
	{ "name": "Smoke_L1", "parent": "Body", "length": 51.75, "x": 85.07, "y": -60.86, "rotation": -34.35 },
	{ "name": "Smoke_R2", "parent": "Body", "length": 51.75, "x": 109.9, "y": 42.57, "rotation": 37.5 },
	{ "name": "Tail_F_1", "parent": "Body", "length": 15.45, "x": 67.09, "y": 26.53, "rotation": 94.08 },
	{ "name": "Throw_Point", "parent": "Body", "length": 24.91, "x": 86.85, "y": -34.18, "rotation": -88.64 },
	{ "name": "Bomb_in", "parent": "Ship", "length": 72.5, "x": 54.01, "y": -8.69, "rotation": -8.5 },
	{ "name": "Ear_L", "parent": "Face", "length": 52.66, "x": 58.78, "y": 8.94, "rotation": 19.91 },
	{ "name": "Ear_R", "parent": "Face", "length": 32.26, "x": -31.35, "y": 29.08, "rotation": 32.2 },
	{ "name": "Obai_L", "parent": "Obai_all", "length": 5.6, "x": 13.17, "y": 8.43, "rotation": -176.73 },
	{ "name": "Obai_R", "parent": "Obai_all", "length": 5.38, "x": 8.1, "y": -9.2, "rotation": 155.45 },
	{ "name": "Ship_down", "parent": "Ship", "length": 47.52, "x": 79.89, "y": -9.21, "rotation": -40.63 },
	{ "name": "Ship_other", "parent": "Ship", "length": 59.32, "x": 16.75, "y": 9.93, "rotation": -95.84 },
	{ "name": "Tail_F_2", "parent": "Tail_F_1", "length": 13.73, "x": -10.46, "y": -9.72, "rotation": -2.72 },
	{ "name": "Tail_F_3", "parent": "Tail_F_2", "length": 12.91, "x": 13.73, "y": -0.04, "rotation": 2.25 },
	{ "name": "Tail_F_4", "parent": "Tail_F_3", "length": 13.17, "x": 12.91, "y": 0.02, "rotation": -4.5 },
	{ "name": "Tail_F_5", "parent": "Tail_F_4", "length": 14.02, "x": 13.17, "y": -0.07, "rotation": 3.15 },
	{ "name": "Tail_F_6", "parent": "Tail_F_5", "length": 13.75, "x": 14.02, "rotation": -5.44 },
	{ "name": "Tail_F_7", "parent": "Tail_F_6", "length": 14.03, "x": 13.75, "y": -0.07 }
],
"slots": [
	{ "name": "Body_tail_path_1", "bone": "Tail_F_7", "attachment": "Rodney_tail_path_1" },
	{ "name": "Rodney_ship_armor_gun", "bone": "Bomb_in", "attachment": "Rodney_ship_armor_gun" },
	{ "name": "Rodney_ship_armor_gun_light", "bone": "Bomb_in" },
	{ "name": "Rodney_ship_armor_down", "bone": "Ship_down", "attachment": "Rodney_ship_armor_down" },
	{
		"name": "Rodney_ship_armor_down_fluorescence",
		"bone": "Ship_down",
		"attachment": "Rodney_ship_armor_down_fluorescence",
		"blend": "additive"
	},
	{ "name": "Rodney_ship_armor_down_light", "bone": "Ship_down" },
	{ "name": "Rodney_ship_armor_normal", "bone": "Ship", "attachment": "Rodney_ship_armor_normal" },
	{
		"name": "Rodney_ship_armor_normal_fluorescence",
		"bone": "Ship",
		"attachment": "Rodney_ship_armor_normal_fluorescence",
		"blend": "additive"
	},
	{ "name": "Rodney_ship_armor_normal_light", "bone": "Ship" },
	{ "name": "Body_head_L", "bone": "Ear_L", "attachment": "Rodney_head_L" },
	{ "name": "Rodney_head_L_fluorescence", "bone": "Ear_L", "attachment": "Rodney_head_L_fluorescence", "blend": "additive" },
	{ "name": "Rodney_head_L_light", "bone": "Ear_L", "attachment": "Rodney_head_L_light" },
	{ "name": "Rodney_body_normal", "bone": "Body", "attachment": "Rodney_body_normal" },
	{ "name": "Rodney_body_normal_fluorescence", "bone": "Body", "attachment": "Rodney_body_normal_fluorescence", "blend": "additive" },
	{ "name": "Light_Body", "bone": "Body", "blend": "additive" },
	{ "name": "Body_head_R", "bone": "Ear_R", "attachment": "Rodney_head_R" },
	{ "name": "Rodney_head_R_fluorescence", "bone": "Ear_R", "attachment": "Rodney_head_R_fluorescence", "blend": "additive" },
	{ "name": "Rodney_fornt_normal", "bone": "Ship_other", "attachment": "Rodney_fornt_normal" },
	{
		"name": "Rodney_fornt_normal_light_fluorescence",
		"bone": "Ship_other",
		"attachment": "Rodney_fornt_normal_light_fluorescence",
		"blend": "additive"
	},
	{ "name": "Rodney_fornt_normal_light", "bone": "Ship_other" },
	{ "name": "Rodney_body_obai", "bone": "Obai_all", "attachment": "Rodney_body_obai" }
],
"skins": {
	"default": {
		"Body_head_L": {
			"Rodney_head_L": { "x": -56.22, "y": -40.36, "rotation": -19.91, "width": 300, "height": 300 }
		},
		"Body_head_R": {
			"Rodney_head_R": { "x": 2, "y": -92.55, "rotation": -32.2, "width": 300, "height": 300 }
		},
		"Body_tail_path_1": {
			"Rodney_tail_path_1": {
				"type": "skinnedmesh",
				"uvs": [ 1, 0.6049, 1, 1, 0.93889, 1, 0.85848, 1, 0.77051, 1, 0.67781, 1, 0.58416, 1, 0.49473, 1, 0.40486, 1, 0.29702, 1, 0.21189, 1, 0.10027, 1, 0.02365, 1, 0, 1, 0, 0.42234, 0, 0, 0.04502, 0, 0.14812, 0, 0.23231, 0, 0.30042, 0, 0.39407, 0, 0.48583, 0, 0.58889, 0, 0.67497, 0, 0.76672, 0, 0.86132, 0, 0.93605, 0, 1, 0, 0.02126, 0.43268, 0.12347, 0.51534, 0.21312, 0.57045, 0.3078, 0.60145, 0.39242, 0.60834, 0.48793, 0.60834, 0.58512, 0.60834, 0.67309, 0.60145, 0.76441, 0.61179, 0.85071, 0.60834, 0.92779, 0.62212 ],
				"triangles": [ 14, 15, 16, 28, 14, 16, 17, 28, 16, 13, 14, 28, 12, 13, 28, 29, 12, 28, 29, 28, 17, 18, 29, 17, 30, 29, 18, 30, 18, 19, 29, 11, 12, 29, 30, 11, 30, 10, 11, 30, 31, 10, 19, 31, 30, 19, 20, 31, 32, 31, 20, 32, 20, 21, 31, 9, 10, 32, 9, 31, 8, 32, 33, 9, 32, 8, 34, 21, 22, 34, 22, 35, 21, 33, 32, 34, 33, 21, 6, 7, 34, 7, 33, 34, 8, 33, 7, 34, 35, 6, 35, 22, 23, 24, 36, 35, 35, 23, 24, 37, 36, 24, 35, 5, 6, 36, 5, 35, 5, 36, 4, 4, 36, 3, 26, 27, 0, 37, 25, 26, 37, 24, 25, 37, 26, 38, 0, 38, 26, 36, 37, 3, 38, 3, 37, 1, 2, 38, 3, 38, 2, 1, 38, 0 ],
				"vertices": [ 2, 22, -1.85, 1.03, 0.99999, 23, -15.53, 1.69, 0, 1, 22, -1.81, 8.14, 1, 1, 22, 2.7, 8.10999, 1, 2, 22, 8.64999, 8.07, 0.86261, 23, -4.73999, 8.31, 0.13738, 2, 22, 15.16, 8.03, 0.32836, 23, 1.75, 8.01, 0.67163, 3, 22, 22.02, 7.99, 0.00865, 23, 8.6, 7.7, 0.84295, 24, -4.89, 7.31, 0.14838, 3, 23, 15.52, 7.38, 0.32182, 24, 2.02, 7.54, 0.67422, 25, -10.7, 8.22, 0.00394, 3, 23, 22.14, 7.08, 5.6E-4, 24, 8.64, 7.75, 0.81103, 25, -4.09, 8.07, 0.1884, 2, 24, 15.28, 7.97, 0.35037, 25, 2.55, 7.92, 0.64962, 3, 24, 23.26, 8.22999, 0.0037, 25, 10.53, 7.74, 0.79665, 26, -4.19999, 7.37, 0.19964, 2, 25, 16.83, 7.6, 0.26334, 26, 2.07, 7.83, 0.73665, 2, 26, 10.31, 8.43, 0.81011, 27, -3.43, 8.51, 0.18988, 3, 25, 30.75, 7.29, 2.0E-5, 26, 15.97, 8.84, 0.42018, 27, 2.21, 8.92, 0.57978, 3, 25, 32.5, 7.25, 2.0E-5, 26, 17.70999, 8.96, 0.37423, 27, 3.96, 9.04, 0.62572, 2, 25, 32.27, -3.14, 7.7E-4, 27, 4.71, -1.32, 0.99922, 2, 26, 19.02, -8.97999, 0.26657, 27, 5.26, -8.89999, 0.73342, 3, 25, 28.77, -10.66, 0.01884, 26, 15.7, -9.22, 0.40974, 27, 1.94, -9.14, 0.57141, 3, 25, 21.14, -10.49, 0.06604, 26, 8.09, -9.77, 0.76844, 27, -5.66, -9.68999, 0.16551, 3, 25, 14.91, -10.35, 0.4062, 26, 1.87, -10.22999, 0.58315, 27, -11.87, -10.14999, 0.01064, 3, 24, 23.6, -9.76, 0.01274, 25, 9.87, -10.24, 0.74609, 26, -3.14, -10.59, 0.24116, 3, 24, 16.67, -9.97999, 0.23773, 25, 2.95, -10.09, 0.74216, 26, -10.06, -11.09, 0.02009, 3, 23, 21.97, -10.92, 0.04718, 24, 9.88, -10.21, 0.64691, 25, -3.83, -9.93, 0.3059, 3, 23, 14.35, -10.57, 0.37696, 24, 2.26, -10.46, 0.59618, 25, -11.46, -9.76, 0.02684, 3, 22, 22.12, -10, 0.04889, 23, 7.99, -10.28, 0.76483, 24, -4.09, -10.66, 0.18627, 3, 22, 15.33, -9.96, 0.34731, 23, 1.2, -9.97, 0.63893, 24, -10.88, -10.89, 0.01374, 2, 22, 8.33, -9.92, 0.83562, 23, -5.78, -9.64999, 0.16437, 2, 22, 2.8, -9.88, 0.9812, 23, -11.3, -9.39999, 0.01878, 1, 22, -1.92, -9.85, 1, 1, 27, 3.13, -1.25, 1, 1, 26, 9.22999, -0.39, 1, 1, 26, 2.54, 0.11, 1, 1, 25, 9.57, 0.58999, 1, 1, 25, 3.31, 0.85, 1, 1, 24, 9.37, 0.72, 1, 1, 24, 2.18, 0.49, 1, 1, 23, 8.62, 0.52, 1, 1, 23, 1.88, 1.01, 1, 1, 22, 9.18, 1.02, 1, 1, 22, 3.48, 1.29999, 1 ],
				"hull": 28,
				"edges": [ 2, 0, 0, 54, 26, 28, 28, 30, 28, 56, 56, 58, 58, 60, 60, 62, 62, 64, 64, 66, 66, 68, 68, 70, 70, 72, 72, 74, 74, 76, 76, 0, 30, 32, 32, 34, 34, 36, 36, 38, 38, 40, 40, 42, 42, 44, 44, 46, 46, 48, 48, 50, 50, 52, 52, 54, 2, 4, 4, 6, 6, 8, 8, 10, 10, 12, 12, 14, 14, 16, 16, 18, 18, 20, 20, 22, 22, 24, 24, 26, 56, 24, 56, 32, 34, 58, 60, 36, 38, 62, 40, 64, 42, 66, 44, 68, 46, 70, 48, 72, 50, 74, 52, 76, 76, 4, 74, 6, 72, 8, 70, 10, 68, 12, 66, 14, 64, 16, 62, 18, 60, 20, 58, 22 ],
				"width": 74,
				"height": 18
			}
		},
		"Light_Body": {
			"Rodney_ship_body_normal_light": { "x": 131.84, "y": 10.33, "rotation": -90, "width": 300, "height": 300 }
		},
		"Rodney_body_normal": {
			"Rodney_body_normal": { "x": 131.83, "y": 10.33, "rotation": -90, "width": 300, "height": 300 }
		},
		"Rodney_body_normal_fluorescence": {
			"Rodney_body_normal_fluorescence": { "x": 131.84, "y": 10.33, "rotation": -89.99, "width": 300, "height": 300 }
		},
		"Rodney_body_obai": {
			"Rodney_body_obai": {
				"type": "skinnedmesh",
				"uvs": [ 1, 0.59529, 1, 0.72189, 1, 1, 0.73466, 1, 0.67008, 1, 0.3979, 1, 0.30564, 1, 0.22145, 1, 0, 1, 0, 0.58612, 0, 0.4687, 0, 0.35127, 0, 0, 0.10843, 0, 0.18455, 0, 0.27104, 0, 0.361, 0, 0.42443, 0, 0.47171, 0, 0.54437, 0, 0.63663, 0, 0.71852, 0, 1, 0, 0.06807, 0.0834, 0.03808, 0.19348, 0.02194, 0.71272, 0.05538, 0.80262, 0.09459, 0.86867, 0.16264, 0.95491, 0.45787, 0.96592, 0.52131, 0.89253, 0.54898, 0.8118, 0.5709, 0.64116, 0.56513, 0.51824, 0.54552, 0.35678, 0.52592, 0.24302, 0.50401, 0.12193, 0.5709, 0.89069, 0.61357, 0.94757, 0.82116, 0.96959, 0.89266, 0.91271, 0.94225, 0.84666, 0.97108, 0.41732, 0.92726, 0.30907, 0.85114, 0.21733, 0.78771, 0.10725, 0.03693, 0.59529, 0.06691, 0.69804, 0.1142, 0.7751, 0.17878, 0.83932, 0.24337, 0.86867, 0.32409, 0.87785, 0.39444, 0.865, 0.44865, 0.83014, 0.50285, 0.77877, 0.54437, 0.67786, 0.59281, 0.72556, 0.61818, 0.79712, 0.66316, 0.84299, 0.73005, 0.86133, 0.80616, 0.85033, 0.86152, 0.79528, 0.90765, 0.73657, 0.93879, 0.66869, 0.97454, 0.54025, 0.02886, 0.39714, 0.0796, 0.47787, 0.12688, 0.53108, 0.18224, 0.56961, 0.25144, 0.6008, 0.31948, 0.61181, 0.39675, 0.60997, 0.47979, 0.56777, 0.52476, 0.54025, 0.62395, 0.53291, 0.6793, 0.55677, 0.72659, 0.57328, 0.78425, 0.55493, 0.84422, 0.53108, 0.88689, 0.49071, 0.94225, 0.40998, 0.08191, 0.16413, 0.14188, 0.13661, 0.23529, 0.13477, 0.30795, 0.15128, 0.4152, 0.19532, 0.47402, 0.27054, 0.56398, 0.24119, 0.60895, 0.15495, 0.66777, 0.11092, 0.73466, 0.1256, 0.81078, 0.17697, 0.03347, 0.28339, 0.11305, 0.31641, 0.20185, 0.34026, 0.28258, 0.37329, 0.37023, 0.39898, 0.44173, 0.42283, 0.51669, 0.44668, 0.57782, 0.41916, 0.63317, 0.38063, 0.69084, 0.3421, 0.75542, 0.32375, 0.84884, 0.31641, 0.88689, 0.31274, 0.03808, 0.49622, 0.08767, 0.59529, 0.13265, 0.67052, 0.20069, 0.72006, 0.25951, 0.74024, 0.34485, 0.76409, 0.41866, 0.73474, 0.47517, 0.70538, 0.53976, 0.62282, 0.6251, 0.65768, 0.68161, 0.69621, 0.74273, 0.71272, 0.79348, 0.69621, 0.85576, 0.65584, 0.92726, 0.59163, 0.48325, 0.05404 ],
				"triangles": [ 4, 5, 29, 6, 51, 5, 51, 52, 5, 5, 52, 29, 51, 6, 50, 8, 28, 7, 6, 7, 50, 7, 28, 50, 8, 27, 28, 8, 26, 27, 8, 25, 26, 8, 9, 25, 29, 52, 30, 30, 52, 53, 28, 49, 50, 28, 27, 49, 52, 51, 110, 51, 50, 110, 50, 109, 110, 50, 49, 109, 27, 48, 49, 27, 26, 48, 52, 110, 53, 49, 108, 109, 49, 48, 108, 110, 111, 53, 53, 111, 54, 26, 47, 48, 26, 25, 47, 111, 112, 54, 48, 107, 108, 48, 47, 107, 109, 70, 110, 111, 70, 71, 111, 110, 70, 108, 69, 109, 109, 69, 70, 111, 71, 112, 108, 107, 69, 69, 107, 68, 25, 46, 47, 25, 9, 46, 47, 106, 107, 47, 46, 106, 107, 106, 68, 71, 70, 96, 70, 69, 96, 71, 96, 97, 69, 95, 96, 69, 68, 95, 46, 105, 106, 106, 105, 67, 106, 67, 68, 67, 105, 66, 46, 9, 105, 9, 10, 105, 68, 67, 95, 67, 94, 95, 67, 66, 94, 105, 10, 66, 10, 65, 66, 66, 93, 94, 66, 65, 93, 10, 11, 65, 93, 11, 92, 93, 65, 11, 96, 95, 85, 95, 84, 85, 95, 94, 84, 92, 11, 24, 93, 82, 94, 94, 83, 84, 94, 82, 83, 92, 24, 93, 24, 81, 93, 93, 81, 82, 24, 11, 12, 24, 23, 81, 24, 12, 23, 81, 23, 82, 83, 15, 84, 84, 15, 16, 23, 13, 82, 82, 14, 83, 82, 13, 14, 83, 14, 15, 23, 12, 13, 3, 39, 2, 39, 40, 2, 40, 41, 2, 41, 1, 2, 39, 3, 59, 4, 29, 38, 4, 38, 59, 3, 4, 59, 59, 38, 58, 59, 60, 39, 39, 60, 40, 38, 37, 58, 60, 61, 40, 40, 61, 41, 37, 57, 58, 60, 59, 116, 59, 58, 116, 60, 116, 61, 61, 116, 117, 61, 62, 41, 41, 62, 1, 58, 115, 116, 58, 57, 115, 61, 117, 62, 117, 118, 62, 62, 63, 1, 62, 118, 63, 63, 0, 1, 117, 116, 76, 116, 115, 76, 76, 77, 117, 117, 77, 118, 115, 114, 76, 76, 114, 75, 118, 119, 63, 63, 119, 0, 77, 78, 118, 118, 78, 119, 119, 64, 0, 22, 0, 42, 78, 79, 119, 64, 79, 42, 42, 79, 80, 79, 64, 119, 76, 75, 77, 101, 77, 75, 75, 100, 101, 101, 102, 77, 77, 102, 78, 0, 64, 42, 79, 102, 103, 79, 78, 102, 80, 104, 43, 79, 103, 80, 104, 80, 103, 22, 42, 43, 42, 80, 43, 101, 88, 90, 101, 90, 102, 90, 88, 89, 103, 102, 44, 102, 90, 91, 103, 44, 104, 44, 102, 91, 104, 44, 43, 43, 44, 22, 44, 91, 22, 90, 45, 91, 91, 45, 22, 45, 90, 21, 90, 89, 21, 89, 20, 21, 45, 21, 22, 29, 30, 38, 30, 37, 38, 30, 53, 31, 30, 31, 37, 31, 53, 54, 37, 31, 57, 57, 31, 56, 31, 54, 56, 57, 56, 115, 54, 55, 56, 54, 112, 55, 56, 55, 114, 56, 114, 115, 114, 55, 32, 112, 113, 55, 112, 72, 113, 112, 71, 72, 55, 113, 32, 32, 74, 114, 114, 74, 75, 32, 113, 74, 72, 73, 113, 113, 33, 74, 113, 73, 33, 71, 97, 72, 72, 98, 73, 72, 97, 98, 75, 74, 100, 73, 98, 33, 33, 99, 74, 74, 99, 100, 33, 98, 99, 99, 98, 34, 98, 97, 34, 34, 97, 86, 99, 34, 100, 97, 96, 86, 86, 96, 85, 101, 100, 87, 86, 35, 34, 100, 34, 87, 34, 35, 87, 87, 88, 101, 35, 85, 36, 36, 85, 120, 85, 35, 86, 35, 36, 87, 87, 36, 88, 17, 120, 16, 17, 18, 120, 120, 85, 84, 16, 120, 84, 36, 19, 88, 88, 20, 89, 88, 19, 20, 36, 120, 19, 120, 18, 19 ],
				"vertices": [ 2, 18, -2.18, -5.99, 0.99999, 19, 3.58, -24.47, 0, 1, 18, -4.78, -4.98, 1, 2, 9, 23.47, 11.79, 2.8E-4, 18, -10.47999, -2.75, 0.99971, 3, 9, 20.6, 2.96, 0.20647, 18, -7.1, 5.89, 0.7621, 19, -6.31, -16.25, 0.03141, 3, 9, 19.9, 0.81, 0.32044, 18, -6.28, 7.99, 0.59753, 19, -6.57, -14.01, 0.08201, 3, 9, 16.95, -8.24, 0.23449, 18, -2.82, 16.86, 0.04576, 19, -7.65, -4.55, 0.71973, 3, 9, 15.95, -11.31, 0.08451, 18, -1.64, 19.87, 0.00656, 19, -8.01, -1.34, 0.90891, 2, 9, 15.04, -14.11, 0.01705, 19, -8.35, 1.58, 0.98294, 1, 19, -9.22999, 9.28, 1, 1, 19, -0.18, 10.31, 1, 1, 19, 2.36999, 10.61, 1, 1, 19, 4.94, 10.9, 1, 2, 9, -8.27, -14.67, 8.6E-4, 19, 12.62, 11.78, 0.99913, 2, 9, -7.09, -11.06, 0.02047, 19, 13.05, 8.01, 0.97952, 2, 9, -6.27, -8.53, 0.07786, 19, 13.35, 5.36, 0.92213, 2, 9, -5.33, -5.65, 0.25399, 19, 13.69, 2.34999, 0.746, 2, 9, -4.36, -2.66, 0.59385, 19, 14.05, -0.77, 0.40613, 2, 9, -3.67, -0.55, 0.84632, 19, 14.3, -2.97, 0.15367, 3, 9, -3.16, 1.02, 0.94154, 18, 16.73, 6.46, 0.02176, 19, 14.49, -4.62, 0.03668, 2, 9, -2.36999, 3.44, 0.86928, 18, 15.8, 4.09, 0.13071, 3, 9, -1.37, 6.51, 0.61264, 18, 14.63, 1.08, 0.3871, 19, 15.15, -10.35, 2.5E-4, 3, 9, -0.49, 9.22999, 0.33352, 18, 13.59, -1.58, 0.66624, 19, 15.47, -13.2, 2.3E-4, 2, 18, 10, -10.75, 0.99988, 19, 16.59, -22.98, 1.1E-4, 2, 9, -5.79, -12.97, 0.01154, 19, 11.07, 9.2, 0.98845, 2, 9, -3.81, -14.72, 0.00127, 19, 8.54, 9.97, 0.99872, 1, 19, -2.86, 9.22999, 1, 1, 19, -4.69, 7.85, 1, 2, 9, 10.92, -17.44, 1.0E-5, 19, -5.98, 6.32, 0.99998, 2, 9, 13.46, -15.76, 0.00179, 19, -7.6, 3.74, 0.9982, 3, 9, 16.89, -6.01, 0.34611, 18, -2.88, 14.64, 0.09519, 19, -6.66, -6.55, 0.55869, 3, 9, 16.04, -3.4, 0.44498, 18, -2.18, 11.98, 0.20101, 19, -4.81, -8.57, 0.35399, 3, 9, 14.65, -1.93, 0.51389, 18, -0.88, 10.43, 0.27153, 19, -2.93, -9.33, 0.21456, 3, 9, 11.32, -0.04, 0.6883, 18, 2.33, 8.35, 0.20736, 19, 0.87, -9.66, 0.10433, 3, 9, 8.68, 0.6, 0.94073, 18, 4.92, 7.56, 0.03668, 19, 3.54, -9.16, 0.02258, 2, 9, 5.09, 1.04, 0.90497, 18, 8.47999, 6.91, 0.09502, 2, 9, 2.5, 1.16999, 0.95688, 18, 11.06, 6.64, 0.04311, 2, 9, -0.26, 1.26, 0.95003, 18, 13.82, 6.38, 0.04996, 3, 9, 16.54, -1.74, 0.44892, 18, -2.78, 10.35, 0.35219, 19, -4.57, -10.29, 0.19888, 3, 9, 18.19, -0.7, 0.37612, 18, -4.48999, 9.41, 0.50919, 19, -5.64, -11.91, 0.11467, 3, 9, 20.9, 6.05, 0.07873, 18, -7.58, 2.82, 0.91737, 19, -5.3, -19.19, 0.00389, 2, 9, 20.49, 8.81, 0.01504, 18, -7.32, 0.04, 0.98495, 2, 9, 19.64, 10.91, 0.00718, 18, -6.6, -2.09999, 0.99281, 2, 18, 1.82, -6.47, 0.99997, 19, 7.35, -23.02, 2.0E-5, 2, 18, 4.6, -5.91, 0.99995, 19, 9.55, -21.23, 4.0E-5, 3, 9, 5.49, 12.17, 0.02251, 18, 7.44, -4.16, 0.97738, 19, 11.25, -18.35, 1.0E-4, 3, 9, 2.5, 10.8, 0.07989, 18, 10.51, -2.97, 0.91995, 19, 13.4, -15.87, 1.5E-4, 1, 19, -0.24, 9.01, 1, 1, 19, -2.35999, 7.71, 1, 1, 19, -3.86, 5.87, 1, 2, 9, 11.22, -14.44, 0.0047, 19, -5.01, 3.46, 0.99529, 3, 9, 12.53, -12.49, 0.01998, 18, 1.83, 20.85, 1.6E-4, 19, -5.39, 1.15, 0.97984, 3, 9, 13.6, -9.85999, 0.08897, 18, 0.62, 18.29, 0.0072, 19, -5.27, -1.67, 0.90381, 3, 9, 14.09, -7.43, 0.23608, 18, -0.01, 15.9, 0.03598, 19, -4.71, -4.09, 0.72793, 3, 9, 13.95, -5.39, 0.40333, 18, 0.01, 13.85, 0.09105, 19, -3.73, -5.89, 0.50561, 3, 9, 13.46, -3.24, 0.50814, 18, 0.37, 11.67, 0.15586, 19, -2.4, -7.64, 0.33598, 3, 9, 11.8, -1.16999, 0.60539, 18, 1.91, 9.51, 0.17617, 19, -0.02, -8.83, 0.21842, 3, 9, 13.32, 0.11, 0.55507, 18, 0.32, 8.32, 0.33528, 19, -0.88, -10.64, 0.10964, 3, 9, 15.09, 0.46, 0.44249, 18, -1.46, 8.06, 0.44524, 19, -2.33999, -11.7, 0.11226, 3, 9, 16.54, 1.65, 0.30948, 18, -2.97, 6.96, 0.6375, 19, -3.16, -13.38, 0.053, 3, 9, 17.65, 3.75, 0.19187, 18, -4.19999, 4.92999, 0.784, 19, -3.3, -15.75, 0.02411, 3, 9, 18.24, 6.36, 0.08874, 18, -4.94, 2.35999, 0.90659, 19, -2.75, -18.37, 0.00465, 2, 9, 17.69, 8.58, 0.02322, 18, -4.52, 0.11, 0.97677, 2, 9, 16.95999, 10.51, 0.0023, 18, -3.9, -1.85, 0.99769, 1, 18, -2.91, -3.41, 1, 2, 18, -0.73, -5.6, 0.99999, 19, 4.67999, -23.45, 0, 1, 19, 4.05, 9.78, 1, 1, 19, 2.49, 7.82, 1, 1, 19, 1.51, 6.04, 1, 1, 19, 0.89, 4.02, 1, 1, 19, 0.49, 1.53, 1, 1, 19, 0.52, -0.85, 1, 3, 9, 8.78, -5.62, 0.48185, 18, 5.17999, 13.78, 0.00623, 19, 0.86, -3.53, 0.51191, 3, 9, 8.8, -2.57, 0.81179, 18, 4.98999, 10.74, 0.01846, 19, 2.10999, -6.31, 0.16973, 3, 9, 8.71, -0.89, 0.81179, 18, 4.98, 9.05, 0.01846, 19, 2.89, -7.81, 0.16973, 3, 9, 9.63, 2.46, 0.72355, 18, 3.87, 5.76, 0.25557, 19, 3.45, -11.24, 0.02087, 3, 9, 10.73, 4.14, 0.3853, 18, 2.68, 4.15, 0.60875, 19, 3.15, -13.22, 0.00594, 2, 9, 11.59, 5.6, 0.10176, 18, 1.74, 2.74, 0.89823, 2, 9, 11.83, 7.64, 0.10176, 18, 1.38, 0.71, 0.89823, 1, 18, 1.1, -1.43, 1, 2, 18, 1.39, -3.14, 0.99998, 19, 5.42, -20.28, 1.0E-5, 2, 18, 2.33999, -5.59, 0.99997, 19, 7.4, -22, 2.0E-5, 2, 9, -3.95, -13.06, 0.01154, 19, 9.35999, 8.52, 0.98845, 2, 9, -3.87, -10.88, 0.04438, 19, 10.2, 6.5, 0.95561, 2, 9, -2.9, -7.76, 0.10971, 19, 10.61, 3.26, 0.89028, 2, 9, -1.77, -5.45, 0.24271, 19, 10.53, 0.69, 0.75728, 2, 9, 0.31, -2.18, 0.83624, 19, 10, -3.14, 0.16374, 1, 9, 2.52, -0.74, 1, 2, 9, 2.88, 2.45, 0.858, 18, 10.61, 5.38, 0.14199, 3, 9, 1.56, 4.53, 0.67819, 18, 11.8, 3.22, 0.32177, 19, 11.65, -9.77, 2.0E-5, 3, 9, 1.28, 6.79, 0.44875, 18, 11.96, 0.95, 0.55104, 19, 12.85, -11.71, 2.0E-4, 3, 9, 2.31, 8.91, 0.23389, 18, 10.81, -1.1, 0.76593, 19, 12.79, -14.07, 1.7E-4, 3, 9, 4.21, 11.1, 0.08531, 18, 8.79, -3.17, 0.91457, 19, 11.97, -16.85, 1.1E-4, 1, 19, 6.56, 9.89999, 1, 1, 19, 6.15, 7.06, 1, 2, 9, 1.03, -10.27, 0.00891, 19, 5.98, 3.91, 0.99108, 2, 9, 2.58999, -7.81, 0.00574, 19, 5.58, 1.02, 0.99425, 2, 9, 4.08, -5.07, 0.12257, 19, 5.37, -2.08, 0.87742, 2, 9, 5.35, -2.85, 0.61648, 19, 5.13, -4.63, 0.38351, 1, 9, 6.66, -0.52, 1, 2, 9, 6.75, 1.69, 0.79829, 18, 6.79, 6.35, 0.2017, 2, 9, 6.54, 3.8, 0.48848, 18, 6.87, 4.23999, 0.51151, 2, 9, 6.36, 5.98, 0.25582, 18, 6.93, 2.05, 0.74416, 3, 9, 6.68, 8.26, 0.07415, 18, 6.48, -0.19, 0.92582, 19, 8.54, -15.29, 2.0E-5, 2, 18, 5.44, -3.29, 0.99994, 19, 9.07, -18.52, 5.0E-5, 2, 18, 5.03, -4.56, 0.99994, 19, 9.31, -19.83, 5.0E-5, 1, 19, 1.92, 9.21, 1, 1, 19, -0.03, 7.24, 1, 1, 19, -1.5, 5.49, 1, 1, 19, -2.31, 3, 1, 2, 9, 10.02, -11.08, 0.00803, 19, -2.52, 0.9, 0.99196, 3, 9, 11.44, -8.39999, 0.1485, 18, 2.68, 16.70999, 0.00966, 19, -2.7, -2.10999, 0.84181, 3, 9, 11.63, -5.74, 0.33161, 18, 2.34999, 14.07, 0.0376, 19, -1.77, -4.61, 0.63078, 3, 9, 11.63, -3.66, 0.52391, 18, 2.23, 11.99, 0.07197, 19, -0.9, -6.5, 0.40411, 3, 9, 10.6, -0.95, 0.80899, 18, 3.1, 9.22, 0.08802, 19, 1.15, -8.54, 0.10297, 3, 9, 12.25, 1.64, 0.56822, 18, 1.29999, 6.72, 0.38737, 19, 0.73, -11.59, 0.04438, 3, 9, 13.67, 3.26, 0.38156, 18, -0.2, 5.19, 0.58171, 19, 0.11, -13.65, 0.03671, 3, 9, 14.68, 5.17999, 0.15457, 18, -1.32, 3.32, 0.84134, 19, 0, -15.82, 0.00408, 3, 9, 14.88, 6.99, 0.05271, 18, -1.62, 1.54, 0.94626, 19, 0.55, -17.54, 0.00102, 2, 9, 14.71, 9.33, 0.00297, 18, -1.59, -0.8, 0.99702, 1, 18, -1.17999, -3.65, 1, 2, 9, -1.9, 1.03, 0.95003, 18, 15.47, 6.52, 0.04996 ],
				"hull": 23,
				"edges": [ 24, 26, 22, 24, 20, 22, 16, 18, 18, 20, 14, 16, 12, 14, 10, 12, 8, 10, 4, 6, 6, 8, 4, 2, 2, 0, 0, 44, 42, 44, 26, 28, 28, 30, 30, 32, 32, 34, 34, 36, 36, 38, 38, 40, 40, 42 ],
				"width": 35,
				"height": 22
			}
		},
		"Rodney_fornt_normal": {
			"Rodney_fornt_normal": { "x": -25.13, "y": 30.52, "rotation": 95.84, "width": 300, "height": 300 }
		},
		"Rodney_fornt_normal_light": {
			"Rodney_fornt_normal_light": { "x": -25.13, "y": 30.52, "rotation": 95.84, "width": 300, "height": 300 }
		},
		"Rodney_fornt_normal_light_fluorescence": {
			"Rodney_fornt_normal_light_fluorescence": { "x": -25.13, "y": 30.52, "rotation": 95.84, "width": 300, "height": 300 }
		},
		"Rodney_head_L_fluorescence": {
			"Rodney_head_L_fluorescence": { "x": -56.22, "y": -40.36, "rotation": -19.91, "width": 300, "height": 300 }
		},
		"Rodney_head_L_light": {
			"Rodney_head_L_light": { "x": -56.22, "y": -40.36, "rotation": -19.91, "width": 300, "height": 300 }
		},
		"Rodney_head_R_fluorescence": {
			"Rodney_head_R_fluorescence": { "x": 2.01, "y": -92.55, "rotation": -32.2, "width": 300, "height": 300 }
		},
		"Rodney_ship_armor_down": {
			"Rodney_ship_armor_down": { "x": -49.67, "y": 11.47, "rotation": 40.63, "width": 300, "height": 300 }
		},
		"Rodney_ship_armor_down_fluorescence": {
			"Rodney_ship_armor_down_fluorescence": { "x": -49.67, "y": 11.47, "rotation": 40.63, "width": 300, "height": 300 }
		},
		"Rodney_ship_armor_down_light": {
			"Rodney_ship_armor_down_light": { "x": -49.67, "y": 11.47, "rotation": 40.63, "width": 300, "height": 300 }
		},
		"Rodney_ship_armor_gun": {
			"Rodney_ship_armor_gun": { "x": -10.29, "y": 39.44, "rotation": 8.5, "width": 300, "height": 300 }
		},
		"Rodney_ship_armor_gun_light": {
			"Rodney_ship_armor_gun_light": { "x": -10.29, "y": 39.44, "rotation": 8.5, "width": 300, "height": 300 }
		},
		"Rodney_ship_armor_normal": {
			"Rodney_ship_armor_normal": { "x": 49.66, "y": 31.83, "width": 300, "height": 300 }
		},
		"Rodney_ship_armor_normal_fluorescence": {
			"Rodney_ship_armor_normal_fluorescence": { "x": 49.67, "y": 31.84, "width": 300, "height": 300 }
		},
		"Rodney_ship_armor_normal_light": {
			"Rodney_ship_armor_normal_light": { "x": 49.67, "y": 31.84, "width": 300, "height": 300 }
		}
	}
},
"events": {
	"Antiaircraft": {},
	"attack_point": {},
	"damage_point": {},
	"throw_point": {}
},
"animations": {
	"Antiaircraft": {
		"slots": {
			"Body_head_L": {
				"color": [
					{ "time": 0, "color": "ffffffff" },
					{ "time": 0.5, "color": "ffffff96" },
					{ "time": 1, "color": "ffffffff" },
					{ "time": 1.5, "color": "ffffff90" },
					{ "time": 2, "color": "ffffffff" }
				]
			},
			"Body_head_R": {
				"color": [
					{ "time": 0, "color": "ffffffff" },
					{ "time": 0.5, "color": "ffffff8f" },
					{ "time": 1, "color": "ffffffff" },
					{ "time": 1.5, "color": "ffffff8f" },
					{ "time": 2, "color": "ffffffff" }
				]
			},
			"Light_Body": {
				"attachment": [
					{ "time": 0, "name": null },
					{ "time": 0.0666, "name": "Rodney_ship_body_normal_light" },
					{ "time": 0.5, "name": null },
					{ "time": 0.6, "name": "Rodney_ship_body_normal_light" },
					{ "time": 1.2666, "name": null },
					{ "time": 1.3666, "name": "Rodney_ship_body_normal_light" },
					{ "time": 2, "name": null }
				],
				"color": [
					{ "time": 0.0666, "color": "ffffffff" },
					{ "time": 0.1666, "color": "ffffff00" },
					{ "time": 0.2, "color": "ffffffff" },
					{ "time": 0.3333, "color": "ffffff00" },
					{ "time": 0.3666, "color": "ffffffff" },
					{ "time": 0.4666, "color": "ffffff00" },
					{ "time": 0.6, "color": "ffffffff" },
					{ "time": 0.7333, "color": "ffffff00" },
					{ "time": 0.8, "color": "ffffffff" },
					{ "time": 0.9, "color": "ffffff00" },
					{ "time": 0.9666, "color": "ffffffff" },
					{ "time": 1.1, "color": "ffffff00" },
					{ "time": 1.1333, "color": "ffffffff" },
					{ "time": 1.2333, "color": "ffffff00" },
					{ "time": 1.3666, "color": "ffffffff" },
					{ "time": 1.4666, "color": "ffffff00" },
					{ "time": 1.5333, "color": "ffffffff" },
					{ "time": 1.6333, "color": "ffffff00" },
					{ "time": 1.7, "color": "ffffffff" },
					{ "time": 1.8333, "color": "ffffff00" },
					{ "time": 1.8666, "color": "ffffffff" },
					{ "time": 1.9666, "color": "ffffff00" }
				]
			},
			"Rodney_body_normal_fluorescence": {
				"color": [
					{ "time": 0, "color": "ffffff84" },
					{ "time": 0.5, "color": "ffffffff" },
					{ "time": 1, "color": "ffffff84" },
					{ "time": 1.5, "color": "ffffffff" },
					{ "time": 2, "color": "ffffff84" }
				]
			},
			"Rodney_fornt_normal_light": {
				"attachment": [
					{ "time": 0.0666, "name": "Rodney_fornt_normal_light" },
					{ "time": 0.5, "name": null },
					{ "time": 0.6, "name": "Rodney_fornt_normal_light" },
					{ "time": 1.2666, "name": null },
					{ "time": 1.3666, "name": "Rodney_fornt_normal_light" },
					{ "time": 2, "name": null }
				],
				"color": [
					{ "time": 0.0666, "color": "ffffffff" },
					{ "time": 0.1666, "color": "ffffff00" },
					{ "time": 0.2, "color": "ffffffff" },
					{ "time": 0.3333, "color": "ffffff00" },
					{ "time": 0.3666, "color": "ffffffff" },
					{ "time": 0.4666, "color": "ffffff00" },
					{ "time": 0.6, "color": "ffffffff" },
					{ "time": 0.7333, "color": "ffffff00" },
					{ "time": 0.8, "color": "ffffffff" },
					{ "time": 0.9, "color": "ffffff00" },
					{ "time": 0.9666, "color": "ffffffff" },
					{ "time": 1.1, "color": "ffffff00" },
					{ "time": 1.1333, "color": "ffffffff" },
					{ "time": 1.2333, "color": "ffffff00" },
					{ "time": 1.3666, "color": "ffffffff" },
					{ "time": 1.4666, "color": "ffffff00" },
					{ "time": 1.5333, "color": "ffffffff" },
					{ "time": 1.6333, "color": "ffffff00" },
					{ "time": 1.7, "color": "ffffffff" },
					{ "time": 1.8333, "color": "ffffff00" },
					{ "time": 1.8666, "color": "ffffffff" },
					{ "time": 1.9666, "color": "ffffff00" }
				]
			},
			"Rodney_fornt_normal_light_fluorescence": {
				"color": [
					{ "time": 0, "color": "ffffff85" },
					{ "time": 0.5, "color": "ffffffff" },
					{ "time": 1, "color": "ffffff85" },
					{ "time": 1.5, "color": "ffffffff" },
					{ "time": 2, "color": "ffffff85" }
				]
			},
			"Rodney_head_L_fluorescence": {
				"color": [
					{ "time": 0, "color": "ffffff84" },
					{ "time": 0.5, "color": "ffffffff" },
					{ "time": 1, "color": "ffffff84" },
					{ "time": 1.5, "color": "ffffffff" },
					{ "time": 2, "color": "ffffff84" }
				]
			},
			"Rodney_head_L_light": {
				"attachment": [
					{ "time": 0, "name": null },
					{ "time": 0.0666, "name": "Rodney_head_L_light" },
					{ "time": 0.5, "name": null },
					{ "time": 0.6, "name": "Rodney_head_L_light" },
					{ "time": 1.2666, "name": null },
					{ "time": 1.3666, "name": "Rodney_head_L_light" },
					{ "time": 2, "name": null }
				],
				"color": [
					{ "time": 0.0666, "color": "ffffffff" },
					{ "time": 0.1666, "color": "ffffff00" },
					{ "time": 0.2, "color": "ffffffff" },
					{ "time": 0.3333, "color": "ffffff00" },
					{ "time": 0.3666, "color": "ffffffff" },
					{ "time": 0.4666, "color": "ffffff00" },
					{ "time": 0.6, "color": "ffffffff" },
					{ "time": 0.7333, "color": "ffffff00" },
					{ "time": 0.8, "color": "ffffffff" },
					{ "time": 0.9, "color": "ffffff00" },
					{ "time": 0.9666, "color": "ffffffff" },
					{ "time": 1.1, "color": "ffffff00" },
					{ "time": 1.1333, "color": "ffffffff" },
					{ "time": 1.2333, "color": "ffffff00" },
					{ "time": 1.3666, "color": "ffffffff" },
					{ "time": 1.4666, "color": "ffffff00" },
					{ "time": 1.5333, "color": "ffffffff" },
					{ "time": 1.6333, "color": "ffffff00" },
					{ "time": 1.7, "color": "ffffffff" },
					{ "time": 1.8333, "color": "ffffff00" },
					{ "time": 1.8666, "color": "ffffffff" },
					{ "time": 1.9666, "color": "ffffff00" }
				]
			},
			"Rodney_head_R_fluorescence": {
				"color": [
					{ "time": 0, "color": "ffffff83" },
					{ "time": 0.5, "color": "ffffffff" },
					{ "time": 1, "color": "ffffff83" },
					{ "time": 1.5, "color": "ffffffff" },
					{ "time": 2, "color": "ffffff83" }
				]
			},
			"Rodney_ship_armor_down_fluorescence": {
				"color": [
					{ "time": 0, "color": "ffffff83" },
					{ "time": 0.5, "color": "ffffffff" },
					{ "time": 1, "color": "ffffff83" },
					{ "time": 1.5, "color": "ffffffff" },
					{ "time": 2, "color": "ffffff83" }
				]
			},
			"Rodney_ship_armor_down_light": {
				"attachment": [
					{ "time": 0.0666, "name": "Rodney_ship_armor_down_light" },
					{ "time": 0.5, "name": null },
					{ "time": 0.6, "name": "Rodney_ship_armor_down_light" },
					{ "time": 1.2666, "name": null },
					{ "time": 1.3666, "name": "Rodney_ship_armor_down_light" },
					{ "time": 2, "name": null }
				],
				"color": [
					{ "time": 0.0666, "color": "ffffffff" },
					{ "time": 0.1666, "color": "ffffff00" },
					{ "time": 0.2, "color": "ffffffff" },
					{ "time": 0.3333, "color": "ffffff00" },
					{ "time": 0.3666, "color": "ffffffff" },
					{ "time": 0.4666, "color": "ffffff00" },
					{ "time": 0.6, "color": "ffffffff" },
					{ "time": 0.7333, "color": "ffffff00" },
					{ "time": 0.8, "color": "ffffffff" },
					{ "time": 0.9, "color": "ffffff00" },
					{ "time": 0.9666, "color": "ffffffff" },
					{ "time": 1.1, "color": "ffffff00" },
					{ "time": 1.1333, "color": "ffffffff" },
					{ "time": 1.2333, "color": "ffffff00" },
					{ "time": 1.3666, "color": "ffffffff" },
					{ "time": 1.4666, "color": "ffffff00" },
					{ "time": 1.5333, "color": "ffffffff" },
					{ "time": 1.6333, "color": "ffffff00" },
					{ "time": 1.7, "color": "ffffffff" },
					{ "time": 1.8333, "color": "ffffff00" },
					{ "time": 1.8666, "color": "ffffffff" },
					{ "time": 1.9666, "color": "ffffff00" }
				]
			},
			"Rodney_ship_armor_gun_light": {
				"attachment": [
					{ "time": 0.0666, "name": "Rodney_ship_armor_gun_light" },
					{ "time": 0.5, "name": null },
					{ "time": 0.6, "name": "Rodney_ship_armor_gun_light" },
					{ "time": 1.2666, "name": null },
					{ "time": 1.3666, "name": "Rodney_ship_armor_gun_light" },
					{ "time": 2, "name": null }
				],
				"color": [
					{ "time": 0.0666, "color": "ffffffff" },
					{ "time": 0.1666, "color": "ffffff00" },
					{ "time": 0.2, "color": "ffffffff" },
					{ "time": 0.3333, "color": "ffffff00" },
					{ "time": 0.3666, "color": "ffffffff" },
					{ "time": 0.4666, "color": "ffffff00" },
					{ "time": 0.6, "color": "ffffffff" },
					{ "time": 0.7333, "color": "ffffff00" },
					{ "time": 0.8, "color": "ffffffff" },
					{ "time": 0.9, "color": "ffffff00" },
					{ "time": 0.9666, "color": "ffffffff" },
					{ "time": 1.1, "color": "ffffff00" },
					{ "time": 1.1333, "color": "ffffffff" },
					{ "time": 1.2333, "color": "ffffff00" },
					{ "time": 1.3666, "color": "ffffffff" },
					{ "time": 1.4666, "color": "ffffff00" },
					{ "time": 1.5333, "color": "ffffffff" },
					{ "time": 1.6333, "color": "ffffff00" },
					{ "time": 1.7, "color": "ffffffff" },
					{ "time": 1.8333, "color": "ffffff00" },
					{ "time": 1.8666, "color": "ffffffff" },
					{ "time": 1.9666, "color": "ffffff00" }
				]
			},
			"Rodney_ship_armor_normal_fluorescence": {
				"color": [
					{ "time": 0, "color": "ffffff83" },
					{ "time": 0.5, "color": "ffffffff" },
					{ "time": 1, "color": "ffffff83" },
					{ "time": 1.5, "color": "ffffffff" },
					{ "time": 2, "color": "ffffff83" }
				]
			},
			"Rodney_ship_armor_normal_light": {
				"attachment": [
					{ "time": 0.0666, "name": "Rodney_ship_armor_normal_light" },
					{ "time": 0.5, "name": null },
					{ "time": 0.6, "name": "Rodney_ship_armor_normal_light" },
					{ "time": 1.2666, "name": null },
					{ "time": 1.3666, "name": "Rodney_ship_armor_normal_light" },
					{ "time": 2, "name": null }
				],
				"color": [
					{ "time": 0.0666, "color": "ffffffff" },
					{ "time": 0.1666, "color": "ffffff00" },
					{ "time": 0.2, "color": "ffffffff" },
					{ "time": 0.3333, "color": "ffffff00" },
					{ "time": 0.3666, "color": "ffffffff" },
					{ "time": 0.4666, "color": "ffffff00" },
					{ "time": 0.6, "color": "ffffffff" },
					{ "time": 0.7333, "color": "ffffff00" },
					{ "time": 0.8, "color": "ffffffff" },
					{ "time": 0.9, "color": "ffffff00" },
					{ "time": 0.9666, "color": "ffffffff" },
					{ "time": 1.1, "color": "ffffff00" },
					{ "time": 1.1333, "color": "ffffffff" },
					{ "time": 1.2333, "color": "ffffff00" },
					{ "time": 1.3666, "color": "ffffffff" },
					{ "time": 1.4666, "color": "ffffff00" },
					{ "time": 1.5333, "color": "ffffffff" },
					{ "time": 1.6333, "color": "ffffff00" },
					{ "time": 1.7, "color": "ffffffff" },
					{ "time": 1.8333, "color": "ffffff00" },
					{ "time": 1.8666, "color": "ffffffff" },
					{ "time": 1.9666, "color": "ffffff00" }
				]
			}
		},
		"bones": {
			"Body": {
				"rotate": [
					{ "time": 0, "angle": 0, "curve": "stepped" },
					{ "time": 2, "angle": 0 }
				],
				"translate": [
					{ "time": 0, "x": 0, "y": 0, "curve": "stepped" },
					{ "time": 2, "x": 0, "y": 0 }
				]
			},
			"Ear_L": {
				"rotate": [
					{ "time": 0, "angle": 0 },
					{ "time": 0.5, "angle": 7.56 },
					{ "time": 1, "angle": 12.97 },
					{ "time": 1.5, "angle": -6.38 },
					{ "time": 2, "angle": 0 }
				]
			},
			"Ear_R": {
				"rotate": [
					{ "time": 0, "angle": 0 },
					{ "time": 0.5, "angle": 6.97 },
					{ "time": 1, "angle": 13.29 },
					{ "time": 1.5, "angle": -2.12 },
					{ "time": 2, "angle": 0 }
				]
			},
			"Ship": {
				"rotate": [
					{ "time": 0, "angle": 0, "curve": "stepped" },
					{ "time": 2, "angle": 0 }
				],
				"translate": [
					{
						"time": 0,
						"x": 0,
						"y": 0,
						"curve": [ 0.319, 0.33, 0.653, 0.66 ]
					},
					{
						"time": 0.5,
						"x": 1.79,
						"y": 0,
						"curve": [ 0.289, 0.43, 0.622, 0.73 ]
					},
					{
						"time": 1.5,
						"x": -2.75,
						"y": 0,
						"curve": [ 0.487, 0.33, 0.657, 0.5 ]
					},
					{ "time": 2, "x": 0, "y": 0 }
				]
			},
			"Tail_F_3": {
				"rotate": [
					{ "time": 0, "angle": -12.47 },
					{ "time": 0.6666, "angle": -12.97 },
					{ "time": 1.3333, "angle": -20.31 },
					{ "time": 2, "angle": -12.47 }
				],
				"translate": [
					{ "time": 0, "x": 0, "y": 0, "curve": "stepped" },
					{ "time": 2, "x": 0, "y": 0 }
				]
			},
			"Tail_F_6": {
				"rotate": [
					{ "time": 0, "angle": -16.21 },
					{ "time": 0.6666, "angle": 34.32 },
					{ "time": 1.3333, "angle": -20.94 },
					{ "time": 2, "angle": -16.21 }
				],
				"translate": [
					{ "time": 0, "x": 0, "y": 0, "curve": "stepped" },
					{ "time": 2, "x": 0, "y": 0 }
				]
			},
			"Tail_F_5": {
				"rotate": [
					{ "time": 0, "angle": -23.5 },
					{ "time": 0.6666, "angle": 29.35 },
					{ "time": 1.3333, "angle": -32.17 },
					{ "time": 2, "angle": -23.5 }
				],
				"translate": [
					{ "time": 0, "x": 0, "y": 0, "curve": "stepped" },
					{ "time": 2, "x": 0, "y": 0 }
				]
			},
			"Bomb_in": {
				"rotate": [
					{ "time": 0, "angle": 0 },
					{ "time": 0.5, "angle": 3.59 },
					{ "time": 1.5, "angle": -1 },
					{ "time": 2, "angle": 0 }
				],
				"translate": [
					{ "time": 0, "x": 0, "y": 0, "curve": "stepped" },
					{ "time": 2, "x": 0, "y": 0 }
				]
			},
			"Tail_F_2": {
				"rotate": [
					{ "time": 0, "angle": 73.17 },
					{ "time": 0.6666, "angle": 0.09 },
					{ "time": 1.3333, "angle": 33.04 },
					{ "time": 2, "angle": 73.17 }
				],
				"translate": [
					{ "time": 0, "x": 0, "y": 0, "curve": "stepped" },
					{ "time": 2, "x": 0, "y": 0 }
				]
			},
			"Ship_All": {
				"rotate": [
					{ "time": 0, "angle": 0, "curve": "stepped" },
					{ "time": 2, "angle": 0 }
				],
				"translate": [
					{ "time": 0, "x": 0, "y": 0, "curve": "stepped" },
					{ "time": 2, "x": 0, "y": 0 }
				]
			},
			"Tail_F_7": {
				"rotate": [
					{ "time": 0, "angle": -22.36 },
					{ "time": 0.6666, "angle": 40.07 },
					{ "time": 1.3333, "angle": -5.34 },
					{ "time": 2, "angle": -22.36 }
				],
				"translate": [
					{ "time": 0, "x": 0, "y": 0, "curve": "stepped" },
					{ "time": 2, "x": 0, "y": 0 }
				]
			},
			"Ship_down": {
				"rotate": [
					{ "time": 0, "angle": 0 },
					{ "time": 0.5, "angle": 12.32 },
					{ "time": 1.5, "angle": -8.42 },
					{ "time": 2, "angle": 0 }
				],
				"translate": [
					{ "time": 0, "x": 0, "y": 0, "curve": "stepped" },
					{ "time": 2, "x": 0, "y": 0 }
				]
			},
			"Root_All": {
				"rotate": [
					{ "time": 0, "angle": 0, "curve": "stepped" },
					{ "time": 2, "angle": 0 }
				],
				"translate": [
					{
						"time": 0,
						"x": 0,
						"y": 0,
						"curve": [ 0.255, 0.35, 0.6, 0.7 ]
					},
					{
						"time": 0.5,
						"x": 0,
						"y": -9.82,
						"curve": [ 0.3, 0.39, 0.641, 0.74 ]
					},
					{
						"time": 1,
						"x": 0,
						"y": -15.66,
						"curve": [ 0.322, 0.37, 0.652, 0.7 ]
					},
					{
						"time": 1.5,
						"x": 0,
						"y": -7.79,
						"curve": [ 0.314, 0.36, 0.644, 0.68 ]
					},
					{ "time": 2, "x": 0, "y": 0 }
				]
			},
			"Ship_other": {
				"rotate": [
					{ "time": 0, "angle": 0 },
					{ "time": 0.5, "angle": -2.65 },
					{ "time": 1.5, "angle": 3.4 },
					{ "time": 2, "angle": 0 }
				],
				"translate": [
					{ "time": 0, "x": 0, "y": 0, "curve": "stepped" },
					{ "time": 2, "x": 0, "y": 0 }
				]
			},
			"Face": {
				"rotate": [
					{ "time": 0, "angle": 0, "curve": "stepped" },
					{ "time": 2, "angle": 0 }
				],
				"translate": [
					{
						"time": 0,
						"x": 0,
						"y": 0,
						"curve": [ 0.286, 0.34, 0.623, 0.67 ]
					},
					{
						"time": 0.5,
						"x": 0.64,
						"y": 0,
						"curve": [ 0.282, 0.37, 0.624, 0.71 ]
					},
					{
						"time": 1.5,
						"x": -1.28,
						"y": 0,
						"curve": [ 0.321, 0.37, 0.656, 0.71 ]
					},
					{ "time": 2, "x": 0, "y": 0 }
				]
			},
			"Tail_F_4": {
				"rotate": [
					{ "time": 0, "angle": -14.94 },
					{ "time": 0.6666, "angle": -13.04 },
					{ "time": 2, "angle": -14.94 }
				],
				"translate": [
					{ "time": 0, "x": 0, "y": 0, "curve": "stepped" },
					{ "time": 2, "x": 0, "y": 0 }
				]
			},
			"Obai_L": {
				"rotate": [
					{ "time": 0, "angle": 0 },
					{ "time": 0.5, "angle": 2.23 },
					{ "time": 1.5, "angle": -3.07 },
					{ "time": 2, "angle": 0 }
				],
				"translate": [
					{ "time": 0, "x": 0, "y": 0 },
					{ "time": 0.5, "x": -2.77, "y": 1.15 },
					{ "time": 1.5, "x": -0.23, "y": -0.03 },
					{ "time": 2, "x": 0, "y": 0 }
				]
			},
			"Obai_all": {
				"rotate": [
					{ "time": 0, "angle": 0 },
					{ "time": 0.5, "angle": 0.46 },
					{ "time": 1.5, "angle": -1.19 },
					{ "time": 2, "angle": 0 }
				],
				"translate": [
					{ "time": 0, "x": 0, "y": 0 },
					{ "time": 0.5, "x": 0.21, "y": -0.25 },
					{ "time": 1.5, "x": -1.2, "y": -0.49 },
					{ "time": 2, "x": 0, "y": 0 }
				]
			},
			"Obai_R": {
				"rotate": [
					{ "time": 0, "angle": 0 },
					{ "time": 0.5, "angle": -5.76 },
					{ "time": 1.5, "angle": -1.21 },
					{ "time": 2, "angle": 0 }
				],
				"translate": [
					{ "time": 0, "x": 0, "y": 0 },
					{ "time": 0.5, "x": -1.38, "y": -0.26 },
					{ "time": 1.5, "x": 0.15, "y": -0.78 },
					{ "time": 2, "x": 0, "y": 0 }
				]
			}
		},
		"events": [
			{ "time": 0.0666, "name": "Antiaircraft" }
		]
	},
	"attack": {
		"slots": {
			"Light_Body": {
				"attachment": [
					{ "time": 0, "name": null },
					{ "time": 0.0666, "name": null },
					{ "time": 0.1, "name": "Rodney_ship_body_normal_light" },
					{ "time": 1.6666, "name": null }
				],
				"color": [
					{ "time": 0.1, "color": "ffffffff" },
					{ "time": 0.5333, "color": "fffffffb" },
					{ "time": 0.8333, "color": "ffffff00" }
				]
			},
			"Rodney_body_normal_fluorescence": {
				"color": [
					{ "time": 0, "color": "ffffff83" },
					{ "time": 0.4333, "color": "ffffffff" },
					{ "time": 0.8333, "color": "ffffff83" },
					{ "time": 1.2666, "color": "ffffffff" },
					{ "time": 1.6666, "color": "ffffff83" }
				]
			},
			"Rodney_fornt_normal_light": {
				"attachment": [
					{ "time": 0.1, "name": "Rodney_fornt_normal_light" }
				],
				"color": [
					{ "time": 0.1, "color": "ffffffff", "curve": "stepped" },
					{ "time": 0.5333, "color": "ffffffff" },
					{ "time": 0.8333, "color": "ffffff00" }
				]
			},
			"Rodney_fornt_normal_light_fluorescence": {
				"color": [
					{ "time": 0, "color": "ffffff83" },
					{ "time": 0.4333, "color": "ffffffff" },
					{ "time": 0.8333, "color": "ffffff83" },
					{ "time": 1.2666, "color": "ffffffff" },
					{ "time": 1.6666, "color": "ffffff83" }
				]
			},
			"Rodney_head_L_fluorescence": {
				"color": [
					{ "time": 0, "color": "ffffff84" },
					{ "time": 0.4333, "color": "ffffffff" },
					{ "time": 0.8333, "color": "ffffff84" },
					{ "time": 1.2666, "color": "ffffffff" },
					{ "time": 1.6666, "color": "ffffff84" }
				]
			},
			"Rodney_head_L_light": {
				"attachment": [
					{ "time": 0, "name": null },
					{ "time": 0.1, "name": "Rodney_head_L_light" }
				],
				"color": [
					{ "time": 0.1, "color": "ffffffff", "curve": "stepped" },
					{ "time": 0.5333, "color": "ffffffff" },
					{ "time": 0.8333, "color": "ffffff00" }
				]
			},
			"Rodney_head_R_fluorescence": {
				"color": [
					{ "time": 0, "color": "ffffff83" },
					{ "time": 0.4333, "color": "ffffffff" },
					{ "time": 0.8333, "color": "ffffff83" },
					{ "time": 1.2666, "color": "ffffffff" },
					{ "time": 1.6666, "color": "ffffff83" }
				]
			},
			"Rodney_ship_armor_down_fluorescence": {
				"color": [
					{ "time": 0, "color": "ffffff84" },
					{ "time": 0.4333, "color": "ffffffff" },
					{ "time": 0.8333, "color": "ffffff84" },
					{ "time": 1.2666, "color": "ffffffff" },
					{ "time": 1.6666, "color": "ffffff84" }
				]
			},
			"Rodney_ship_armor_down_light": {
				"attachment": [
					{ "time": 0.1, "name": "Rodney_ship_armor_down_light" }
				],
				"color": [
					{ "time": 0.1, "color": "ffffffff", "curve": "stepped" },
					{ "time": 0.5333, "color": "ffffffff" },
					{ "time": 0.8333, "color": "ffffff00" }
				]
			},
			"Rodney_ship_armor_gun_light": {
				"attachment": [
					{ "time": 0.1, "name": "Rodney_ship_armor_gun_light" }
				],
				"color": [
					{ "time": 0.1, "color": "ffffffff", "curve": "stepped" },
					{ "time": 0.5333, "color": "ffffffff" },
					{ "time": 0.8333, "color": "ffffff00" }
				]
			},
			"Rodney_ship_armor_normal_fluorescence": {
				"color": [
					{ "time": 0, "color": "ffffff83" },
					{ "time": 0.4333, "color": "ffffffff" },
					{ "time": 0.8333, "color": "ffffff83" },
					{ "time": 1.2666, "color": "ffffffff" },
					{ "time": 1.6666, "color": "ffffff83" }
				]
			},
			"Rodney_ship_armor_normal_light": {
				"attachment": [
					{ "time": 0.1, "name": "Rodney_ship_armor_normal_light" }
				],
				"color": [
					{ "time": 0.1, "color": "ffffffff", "curve": "stepped" },
					{ "time": 0.5333, "color": "ffffffff" },
					{ "time": 0.8333, "color": "ffffff00" }
				]
			}
		},
		"bones": {
			"Root_All": {
				"rotate": [
					{ "time": 0, "angle": 0, "curve": "stepped" },
					{ "time": 1.6666, "angle": 0 }
				],
				"translate": [
					{
						"time": 0,
						"x": 0,
						"y": 0,
						"curve": [ 0.255, 0.35, 0.6, 0.7 ]
					},
					{ "time": 0.0666, "x": 8.69, "y": 0 },
					{ "time": 0.1666, "x": -87.44, "y": 0 },
					{ "time": 0.3333, "x": -61.04, "y": 0 },
					{ "time": 0.5333, "x": -69.84, "y": 0 },
					{ "time": 1, "x": -85.6, "y": 0 },
					{ "time": 1.4, "x": 15.07, "y": 0 },
					{ "time": 1.6666, "x": 0, "y": 0 }
				]
			},
			"Ship": {
				"rotate": [
					{
						"time": 0,
						"angle": 0,
						"curve": [ 0.219, 0.41, 0.591, 0.77 ]
					},
					{ "time": 0.0666, "angle": -357.51 },
					{ "time": 0.1666, "angle": -363.25 },
					{ "time": 0.3333, "angle": -362.08 },
					{ "time": 1.4, "angle": -358.29 },
					{ "time": 1.6666, "angle": 0 }
				],
				"translate": [
					{
						"time": 0,
						"x": 0,
						"y": 0,
						"curve": [ 0.319, 0.33, 0.653, 0.66 ]
					},
					{ "time": 0.0666, "x": 0.81, "y": 0.6 },
					{ "time": 0.1666, "x": 6.07, "y": -0.21 },
					{ "time": 0.3333, "x": 4.52, "y": -2.2 },
					{ "time": 1, "x": 2.26, "y": -1.7 },
					{ "time": 1.4, "x": -0.3, "y": -1.89 },
					{ "time": 1.6666, "x": 0, "y": 0 }
				]
			},
			"Face": {
				"rotate": [
					{ "time": 0, "angle": 0, "curve": "stepped" },
					{ "time": 1.6666, "angle": 0 }
				],
				"translate": [
					{
						"time": 0,
						"x": 0,
						"y": 0,
						"curve": [ 0.286, 0.34, 0.623, 0.67 ]
					},
					{ "time": 0.1666, "x": 0, "y": 3.4 },
					{ "time": 0.3333, "x": 0, "y": -0.66 },
					{ "time": 0.9, "x": 0, "y": -1.2 },
					{ "time": 1, "x": 0, "y": -0.44 },
					{ "time": 1.4, "x": 0, "y": -5.01 },
					{ "time": 1.6666, "x": 0, "y": 0 }
				]
			},
			"Ship_All": {
				"rotate": [
					{ "time": 0, "angle": 0, "curve": "stepped" },
					{ "time": 1.6666, "angle": 0 }
				],
				"translate": [
					{ "time": 0, "x": 0, "y": 0, "curve": "stepped" },
					{ "time": 1.6666, "x": 0, "y": 0 }
				]
			},
			"Body": {
				"rotate": [
					{ "time": 0, "angle": 0, "curve": "stepped" },
					{ "time": 1.6666, "angle": 0 }
				],
				"translate": [
					{ "time": 0, "x": 0, "y": 0, "curve": "stepped" },
					{ "time": 1.6666, "x": 0, "y": 0 }
				]
			},
			"Attack_Point": {
				"rotate": [
					{ "time": 0.0666, "angle": 0 }
				],
				"translate": [
					{ "time": 0.0666, "x": 0, "y": 0 }
				]
			},
			"Tail_F_3": {
				"rotate": [
					{ "time": 0, "angle": -12.47 },
					{ "time": 0.0666, "angle": -15.59 },
					{ "time": 0.1666, "angle": -9.11 },
					{ "time": 0.5, "angle": -19.54 },
					{ "time": 1, "angle": -8.66 },
					{ "time": 1.3333, "angle": -13.77 },
					{ "time": 1.6666, "angle": -12.47 }
				],
				"translate": [
					{ "time": 0, "x": 0, "y": 0, "curve": "stepped" },
					{ "time": 1.6666, "x": 0, "y": 0 }
				]
			},
			"Tail_F_6": {
				"rotate": [
					{ "time": 0, "angle": -16.21 },
					{ "time": 0.0666, "angle": -19.33 },
					{ "time": 0.1666, "angle": -12.85 },
					{ "time": 0.5, "angle": -23.28 },
					{ "time": 1, "angle": -12.4 },
					{ "time": 1.3333, "angle": -17.51 },
					{ "time": 1.6666, "angle": -16.21 }
				],
				"translate": [
					{ "time": 0, "x": 0, "y": 0, "curve": "stepped" },
					{ "time": 1.6666, "x": 0, "y": 0 }
				]
			},
			"Tail_F_7": {
				"rotate": [
					{ "time": 0, "angle": -22.36 },
					{ "time": 0.0666, "angle": -25.49 },
					{ "time": 0.1666, "angle": -19.01 },
					{ "time": 0.5, "angle": -29.44 },
					{ "time": 1, "angle": -18.55 },
					{ "time": 1.3333, "angle": -23.67 },
					{ "time": 1.6666, "angle": -22.36 }
				],
				"translate": [
					{ "time": 0, "x": 0, "y": 0, "curve": "stepped" },
					{ "time": 1.6666, "x": 0, "y": 0 }
				]
			},
			"Tail_F_4": {
				"rotate": [
					{ "time": 0, "angle": -14.94 },
					{ "time": 0.0666, "angle": -18.06 },
					{ "time": 0.1666, "angle": -11.58 },
					{ "time": 0.5, "angle": -22.01 },
					{ "time": 1, "angle": -11.13 },
					{ "time": 1.3333, "angle": -16.24 },
					{ "time": 1.6666, "angle": -14.94 }
				],
				"translate": [
					{ "time": 0, "x": 0, "y": 0, "curve": "stepped" },
					{ "time": 1.6666, "x": 0, "y": 0 }
				]
			},
			"Tail_F_2": {
				"rotate": [
					{ "time": 0, "angle": 73.17 },
					{ "time": 0.0666, "angle": 70.04 },
					{ "time": 0.1666, "angle": 76.52 },
					{ "time": 0.5, "angle": 66.1 },
					{ "time": 1, "angle": 76.98 },
					{ "time": 1.3333, "angle": 71.87 },
					{ "time": 1.6666, "angle": 73.17 }
				],
				"translate": [
					{ "time": 0, "x": 0, "y": 0, "curve": "stepped" },
					{ "time": 1.6666, "x": 0, "y": 0 }
				]
			},
			"Tail_F_5": {
				"rotate": [
					{ "time": 0, "angle": -23.5 },
					{ "time": 0.0666, "angle": -26.63 },
					{ "time": 0.1666, "angle": -20.14 },
					{ "time": 0.5, "angle": -30.57 },
					{ "time": 1, "angle": -19.69 },
					{ "time": 1.3333, "angle": -24.8 },
					{ "time": 1.6666, "angle": -23.5 }
				],
				"translate": [
					{ "time": 0, "x": 0, "y": 0, "curve": "stepped" },
					{ "time": 1.6666, "x": 0, "y": 0 }
				]
			},
			"Ear_R": {
				"rotate": [
					{ "time": 0, "angle": 0 },
					{ "time": 0.0666, "angle": -17.82 },
					{ "time": 0.1666, "angle": 38.31 },
					{ "time": 0.3333, "angle": -16.35 },
					{ "time": 0.5, "angle": -2.01 },
					{ "time": 0.7666, "angle": -7.28 },
					{ "time": 1.1333, "angle": -0.06 },
					{ "time": 1.6666, "angle": 0 }
				]
			},
			"Ear_L": {
				"rotate": [
					{ "time": 0, "angle": 0 },
					{ "time": 0.0666, "angle": -17.82 },
					{ "time": 0.1666, "angle": 38.31 },
					{ "time": 0.3333, "angle": -16.35 },
					{ "time": 0.5, "angle": -2.01 },
					{ "time": 0.7666, "angle": -7.28 },
					{ "time": 1.1333, "angle": -0.06 },
					{ "time": 1.6666, "angle": 0 }
				]
			},
			"Ship_other": {
				"rotate": [
					{ "time": 0, "angle": 0 },
					{ "time": 0.0666, "angle": -11.31 },
					{ "time": 0.1666, "angle": 14.64 },
					{ "time": 0.4333, "angle": 3.18 },
					{ "time": 0.8, "angle": 9.7 },
					{ "time": 1.1666, "angle": 2.51 },
					{ "time": 1.6666, "angle": 0 }
				],
				"translate": [
					{ "time": 0, "x": 0, "y": 0 },
					{ "time": 0.0666, "x": -2.62, "y": 0 },
					{ "time": 0.1666, "x": 3.27, "y": 0 },
					{ "time": 0.4333, "x": 1.64, "y": 0 },
					{ "time": 0.8, "x": 2.72, "y": 0 },
					{ "time": 1.1666, "x": 0.53, "y": 0 },
					{ "time": 1.6666, "x": 0, "y": 0 }
				]
			},
			"Ship_down": {
				"rotate": [
					{ "time": 0, "angle": 0 },
					{ "time": 0.0666, "angle": 25.68 },
					{ "time": 0.1666, "angle": -5.35 },
					{ "time": 0.4333, "angle": 12.02 },
					{ "time": 0.8333, "angle": -0.13 },
					{ "time": 1.2666, "angle": 17.29 },
					{ "time": 1.6666, "angle": 0 }
				],
				"translate": [
					{ "time": 0, "x": 0, "y": 0 },
					{ "time": 0.0666, "x": 1.75, "y": 0 },
					{ "time": 0.1666, "x": -2.79, "y": 0 },
					{ "time": 0.4333, "x": 0.38, "y": 0 },
					{ "time": 0.8333, "x": 1.43, "y": 0 },
					{ "time": 1.2666, "x": -0.63, "y": 0 },
					{ "time": 1.6666, "x": 0, "y": 0 }
				]
			},
			"Bomb_in": {
				"rotate": [
					{ "time": 0, "angle": 0 },
					{ "time": 0.0666, "angle": 2.45 },
					{ "time": 0.1333, "angle": -0.63 },
					{ "time": 0.5333, "angle": 1.24 },
					{ "time": 1, "angle": -0.59 },
					{ "time": 1.3333, "angle": 2.19 },
					{ "time": 1.6666, "angle": 0 }
				],
				"translate": [
					{ "time": 0, "x": 0, "y": 0, "curve": "stepped" },
					{ "time": 1.6666, "x": 0, "y": 0 }
				]
			},
			"Obai_all": {
				"rotate": [
					{ "time": 0, "angle": 0 },
					{ "time": 0.0666, "angle": 341.07 },
					{ "time": 0.1666, "angle": 4.74 },
					{ "time": 0.3333, "angle": 2.13 },
					{ "time": 0.5, "angle": 0.82 },
					{ "time": 0.7, "angle": 2.13 },
					{ "time": 0.9666, "angle": 0.82 },
					{ "time": 1.1333, "angle": 2.13 },
					{ "time": 1.4, "angle": 0.82 },
					{ "time": 1.6666, "angle": 0 }
				],
				"translate": [
					{ "time": 0, "x": 0, "y": 0 },
					{ "time": 0.0666, "x": -2.54, "y": -0.73 },
					{ "time": 0.1666, "x": 0.99, "y": -1.51 },
					{ "time": 0.3333, "x": -0.05, "y": -0.01 },
					{ "time": 0.5, "x": -2.55, "y": -0.03 },
					{ "time": 0.7, "x": -0.05, "y": -0.01 },
					{ "time": 0.9666, "x": -2.55, "y": -0.03 },
					{ "time": 1.1333, "x": -0.05, "y": -0.01 },
					{ "time": 1.4, "x": -2.55, "y": -0.03 },
					{ "time": 1.6666, "x": 0, "y": 0 }
				]
			},
			"Obai_R": {
				"rotate": [
					{ "time": 0, "angle": 0 },
					{ "time": 0.1, "angle": -8.16 },
					{ "time": 0.2, "angle": -8.91 },
					{ "time": 0.3666, "angle": -10.23 },
					{ "time": 0.5333, "angle": -4.73 },
					{ "time": 0.7333, "angle": -10.23 },
					{ "time": 1, "angle": -4.73 },
					{ "time": 1.1666, "angle": -10.23 },
					{ "time": 1.4333, "angle": -4.73 },
					{ "time": 1.6666, "angle": 0 }
				],
				"translate": [
					{ "time": 0, "x": 0, "y": 0 },
					{ "time": 0.1, "x": 1.78, "y": -2.78 },
					{ "time": 0.2, "x": -0.38, "y": -2.82 },
					{ "time": 0.3666, "x": -2.37, "y": 0.07 },
					{ "time": 0.5333, "x": -1.1, "y": -1.86 },
					{ "time": 0.7333, "x": -2.37, "y": 0.07 },
					{ "time": 1, "x": -1.1, "y": -1.86 },
					{ "time": 1.1666, "x": -2.37, "y": 0.07 },
					{ "time": 1.4333, "x": -1.1, "y": -1.86 },
					{ "time": 1.6666, "x": 0, "y": 0 }
				]
			},
			"Obai_L": {
				"rotate": [
					{ "time": 0, "angle": 0 },
					{ "time": 0.0666, "angle": 355.62 },
					{ "time": 0.1666, "angle": 0.94 },
					{ "time": 0.3333, "angle": 7.68 },
					{ "time": 0.5, "angle": 0.65 },
					{ "time": 0.7, "angle": 7.68 },
					{ "time": 0.9666, "angle": 0.65 },
					{ "time": 1.1333, "angle": 7.68 },
					{ "time": 1.4, "angle": 0.65 },
					{ "time": 1.6666, "angle": 0 }
				],
				"translate": [
					{ "time": 0, "x": 0, "y": 0 },
					{ "time": 0.0666, "x": -2.6, "y": 1.64 },
					{ "time": 0.1666, "x": 0.75, "y": 1.07 },
					{ "time": 0.3333, "x": -2.53, "y": 1.78 },
					{ "time": 0.5, "x": -1.99, "y": 2.82 },
					{ "time": 0.7, "x": -2.53, "y": 1.78 },
					{ "time": 0.9666, "x": -1.99, "y": 2.82 },
					{ "time": 1.1333, "x": -2.53, "y": 1.78 },
					{ "time": 1.4, "x": -1.99, "y": 2.82 },
					{ "time": 1.6666, "x": 0, "y": 0 }
				]
			}
		},
		"events": [
			{ "time": 0.0666, "name": "attack_point" }
		]
	},
	"damage": {
		"slots": {
			"Body_head_L": {
				"color": [
					{ "time": 0.0666, "color": "8c4c51ff", "curve": "stepped" },
					{ "time": 0.7666, "color": "8c4c51ff" },
					{ "time": 1.1333, "color": "ffffffff" }
				]
			},
			"Body_head_R": {
				"color": [
					{ "time": 0.0666, "color": "8c4c51ff", "curve": "stepped" },
					{ "time": 0.7666, "color": "8c4c51ff" },
					{ "time": 1.1333, "color": "ffffffff" }
				]
			},
			"Body_tail_path_1": {
				"color": [
					{ "time": 0.0666, "color": "8c4c51ff", "curve": "stepped" },
					{ "time": 0.7666, "color": "8c4c51ff" },
					{ "time": 1.1333, "color": "ffffffff" }
				]
			},
			"Light_Body": {
				"attachment": [
					{ "time": 0, "name": null },
					{ "time": 0.0666, "name": "Rodney_ship_body_normal_light" },
					{ "time": 0.7666, "name": null },
					{ "time": 1.1666, "name": null }
				],
				"color": [
					{ "time": 0.5333, "color": "fffffffc" },
					{ "time": 0.7666, "color": "ffffff00" }
				]
			},
			"Rodney_body_normal": {
				"color": [
					{ "time": 0.0666, "color": "8c4c51ff", "curve": "stepped" },
					{ "time": 0.7666, "color": "8c4c51ff" },
					{ "time": 1.1333, "color": "ffffffff" }
				]
			},
			"Rodney_body_normal_fluorescence": {
				"color": [
					{ "time": 0, "color": "ffffff83" },
					{ "time": 0.3, "color": "ffffffff" },
					{ "time": 0.6, "color": "ffffff83" },
					{ "time": 0.9, "color": "ffffffff" },
					{ "time": 1.1666, "color": "ffffff83" }
				]
			},
			"Rodney_body_obai": {
				"color": [
					{ "time": 0.0666, "color": "8c4c51ff", "curve": "stepped" },
					{ "time": 0.7666, "color": "8c4c51ff" },
					{ "time": 1.1333, "color": "ffffffff" }
				]
			},
			"Rodney_fornt_normal": {
				"color": [
					{ "time": 0.0666, "color": "8c4c51ff", "curve": "stepped" },
					{ "time": 0.7666, "color": "8c4c51ff" },
					{ "time": 1.1333, "color": "ffffffff" }
				]
			},
			"Rodney_fornt_normal_light": {
				"attachment": [
					{ "time": 0.0666, "name": "Rodney_fornt_normal_light" }
				],
				"color": [
					{ "time": 0.0666, "color": "ffffffff", "curve": "stepped" },
					{ "time": 0.5333, "color": "ffffffff" },
					{ "time": 0.7666, "color": "ffffff00" }
				]
			},
			"Rodney_fornt_normal_light_fluorescence": {
				"color": [
					{ "time": 0, "color": "ffffff84" },
					{ "time": 0.3, "color": "ffffffff" },
					{ "time": 0.6, "color": "ffffff84" },
					{ "time": 0.9, "color": "ffffffff" },
					{ "time": 1.1666, "color": "ffffff84" }
				]
			},
			"Rodney_head_L_fluorescence": {
				"color": [
					{ "time": 0, "color": "ffffff84" },
					{ "time": 0.3, "color": "ffffffff" },
					{ "time": 0.6, "color": "ffffff84" },
					{ "time": 0.9, "color": "ffffffff" },
					{ "time": 1.1666, "color": "ffffff84" }
				]
			},
			"Rodney_head_L_light": {
				"color": [
					{ "time": 0.0666, "color": "ffffffff", "curve": "stepped" },
					{ "time": 0.5333, "color": "ffffffff" },
					{ "time": 0.7666, "color": "ffffff00" }
				]
			},
			"Rodney_head_R_fluorescence": {
				"color": [
					{ "time": 0, "color": "ffffff84" },
					{ "time": 0.3, "color": "ffffffff" },
					{ "time": 0.6, "color": "ffffff84" },
					{ "time": 0.9, "color": "ffffffff" },
					{ "time": 1.1666, "color": "ffffff84" }
				]
			},
			"Rodney_ship_armor_down": {
				"color": [
					{ "time": 0.0666, "color": "8c4c51ff", "curve": "stepped" },
					{ "time": 0.7666, "color": "8c4c51ff" },
					{ "time": 1.1333, "color": "ffffffff" }
				]
			},
			"Rodney_ship_armor_down_fluorescence": {
				"color": [
					{ "time": 0, "color": "ffffff84" },
					{ "time": 0.3, "color": "ffffffff" },
					{ "time": 0.6, "color": "ffffff84" },
					{ "time": 0.9, "color": "ffffffff" },
					{ "time": 1.1666, "color": "ffffff84" }
				]
			},
			"Rodney_ship_armor_down_light": {
				"attachment": [
					{ "time": 0.0666, "name": "Rodney_ship_armor_down_light" }
				],
				"color": [
					{ "time": 0.0666, "color": "ffffffff", "curve": "stepped" },
					{ "time": 0.5333, "color": "ffffffff" },
					{ "time": 0.7666, "color": "ffffff00" }
				]
			},
			"Rodney_ship_armor_gun": {
				"color": [
					{ "time": 0.0666, "color": "8c4c51ff", "curve": "stepped" },
					{ "time": 0.7666, "color": "8c4c51ff" },
					{ "time": 1.1333, "color": "ffffffff" }
				]
			},
			"Rodney_ship_armor_gun_light": {
				"attachment": [
					{ "time": 0.0666, "name": "Rodney_ship_armor_gun_light" }
				],
				"color": [
					{ "time": 0.0666, "color": "ffffffff", "curve": "stepped" },
					{ "time": 0.5333, "color": "ffffffff" },
					{ "time": 0.7666, "color": "ffffff00" }
				]
			},
			"Rodney_ship_armor_normal": {
				"color": [
					{ "time": 0.0666, "color": "8c4c51ff", "curve": "stepped" },
					{ "time": 0.7666, "color": "8c4c51ff" },
					{ "time": 1.1333, "color": "ffffffff" }
				]
			},
			"Rodney_ship_armor_normal_fluorescence": {
				"color": [
					{ "time": 0, "color": "ffffff83" },
					{ "time": 0.3, "color": "ffffffff" },
					{ "time": 0.6, "color": "ffffff83" },
					{ "time": 0.9, "color": "ffffffff" },
					{ "time": 1.1666, "color": "ffffff83" }
				]
			},
			"Rodney_ship_armor_normal_light": {
				"attachment": [
					{ "time": 0.0666, "name": "Rodney_ship_armor_normal_light" }
				],
				"color": [
					{ "time": 0.0666, "color": "ffffffff", "curve": "stepped" },
					{ "time": 0.5333, "color": "ffffffff" },
					{ "time": 0.7666, "color": "ffffff00" }
				]
			}
		},
		"bones": {
			"Root_All": {
				"rotate": [
					{ "time": 0, "angle": 0, "curve": "stepped" },
					{ "time": 1.1666, "angle": 0 }
				],
				"translate": [
					{
						"time": 0,
						"x": 0,
						"y": 0,
						"curve": [ 0.255, 0.35, 0.6, 0.7 ]
					},
					{ "time": 0.0666, "x": -27.67, "y": -23.16 },
					{ "time": 0.1333, "x": 20.98, "y": 15.35 },
					{ "time": 0.2333, "x": -19.78, "y": -15.62 },
					{ "time": 0.3666, "x": 14.36, "y": 8.59 },
					{ "time": 0.5666, "x": -3.37, "y": -4.5 },
					{ "time": 0.8666, "x": 5.63, "y": 2.25 },
					{ "time": 1.1666, "x": 0, "y": 0 }
				]
			},
			"Ship": {
				"rotate": [
					{
						"time": 0,
						"angle": 0,
						"curve": [ 0.219, 0.41, 0.591, 0.77 ]
					},
					{ "time": 0.0666, "angle": -354.41 },
					{ "time": 0.1333, "angle": -364.42 },
					{ "time": 0.2333, "angle": -358.04 },
					{ "time": 0.3666, "angle": -361.36 },
					{ "time": 1.1666, "angle": 0 }
				],
				"translate": [
					{
						"time": 0,
						"x": 0,
						"y": 0,
						"curve": [ 0.319, 0.33, 0.653, 0.66 ]
					},
					{ "time": 0.0666, "x": -3.15, "y": -2.52 },
					{ "time": 0.1333, "x": 5.59, "y": 0.55 },
					{ "time": 0.2333, "x": -3.77, "y": -1.39 },
					{ "time": 0.3666, "x": 1.18, "y": 0.69 },
					{ "time": 1.1666, "x": 0, "y": 0 }
				]
			},
			"Face": {
				"rotate": [
					{ "time": 0, "angle": 0, "curve": "stepped" },
					{ "time": 1.1666, "angle": 0 }
				],
				"translate": [
					{
						"time": 0,
						"x": 0,
						"y": 0,
						"curve": [ 0.286, 0.34, 0.623, 0.67 ]
					},
					{ "time": 0.0666, "x": -5.44, "y": 0 },
					{ "time": 0.1333, "x": -0.44, "y": 0 },
					{ "time": 0.2333, "x": -5.06, "y": 0 },
					{ "time": 0.3666, "x": -2.01, "y": 0 },
					{ "time": 1.1666, "x": 0, "y": 0 }
				]
			},
			"Ship_All": {
				"rotate": [
					{ "time": 0, "angle": 0, "curve": "stepped" },
					{ "time": 1.1666, "angle": 0 }
				],
				"translate": [
					{ "time": 0, "x": 0, "y": 0, "curve": "stepped" },
					{ "time": 1.1666, "x": 0, "y": 0 }
				]
			},
			"Body": {
				"rotate": [
					{ "time": 0, "angle": 0, "curve": "stepped" },
					{ "time": 1.1666, "angle": 0 }
				],
				"translate": [
					{ "time": 0, "x": 0, "y": 0, "curve": "stepped" },
					{ "time": 1.1666, "x": 0, "y": 0 }
				]
			},
			"Damage_Point": {
				"rotate": [
					{ "time": 0.0666, "angle": 0 }
				],
				"translate": [
					{ "time": 0.0666, "x": 0, "y": 0 }
				]
			},
			"Tail_F_7": {
				"rotate": [
					{ "time": 0, "angle": -22.36 },
					{ "time": 0.0666, "angle": -44.39 },
					{ "time": 0.3333, "angle": -37.29 },
					{ "time": 1.1666, "angle": -22.36 }
				],
				"translate": [
					{ "time": 0, "x": 0, "y": 0, "curve": "stepped" },
					{ "time": 1.1666, "x": 0, "y": 0 }
				]
			},
			"Tail_F_3": {
				"rotate": [
					{ "time": 0, "angle": -12.47 },
					{ "time": 0.0666, "angle": -11.88 },
					{ "time": 0.6666, "angle": -13.17 },
					{ "time": 1.1666, "angle": -12.47 }
				],
				"translate": [
					{ "time": 0, "x": 0, "y": 0, "curve": "stepped" },
					{ "time": 1.1666, "x": 0, "y": 0 }
				]
			},
			"Tail_F_2": {
				"rotate": [
					{ "time": 0, "angle": 73.17 },
					{ "time": 0.0666, "angle": 48.15 },
					{ "time": 0.3333, "angle": 81.14 },
					{ "time": 0.6666, "angle": 56.09 },
					{ "time": 1.1666, "angle": 73.17 }
				],
				"translate": [
					{ "time": 0, "x": 0, "y": 0, "curve": "stepped" },
					{ "time": 1.1666, "x": 0, "y": 0 }
				]
			},
			"Tail_F_5": {
				"rotate": [
					{ "time": 0, "angle": -23.5 },
					{ "time": 0.0666, "angle": -44.47 },
					{ "time": 0.3333, "angle": -32.53 },
					{ "time": 0.6666, "angle": -20.75 },
					{ "time": 1.1666, "angle": -23.5 }
				],
				"translate": [
					{ "time": 0, "x": 0, "y": 0, "curve": "stepped" },
					{ "time": 1.1666, "x": 0, "y": 0 }
				]
			},
			"Tail_F_4": {
				"rotate": [
					{ "time": 0, "angle": -14.94 },
					{ "time": 0.0666, "angle": -20.06 },
					{ "time": 0.6666, "angle": -15.08 },
					{ "time": 1.1666, "angle": -14.94 }
				],
				"translate": [
					{ "time": 0, "x": 0, "y": 0, "curve": "stepped" },
					{ "time": 1.1666, "x": 0, "y": 0 }
				]
			},
			"Tail_F_6": {
				"rotate": [
					{ "time": 0, "angle": -16.21 },
					{ "time": 0.0666, "angle": -37.17 },
					{ "time": 0.3333, "angle": -17.55 },
					{ "time": 0.6666, "angle": -3.59 },
					{ "time": 1.1666, "angle": -16.21 }
				],
				"translate": [
					{ "time": 0, "x": 0, "y": 0, "curve": "stepped" },
					{ "time": 1.1666, "x": 0, "y": 0 }
				]
			},
			"Ear_R": {
				"rotate": [
					{ "time": 0, "angle": 0 },
					{ "time": 0.0666, "angle": 41.44 },
					{ "time": 0.1666, "angle": -23.02 },
					{ "time": 0.2666, "angle": 23.79 },
					{ "time": 0.4333, "angle": 15.32 },
					{ "time": 0.6666, "angle": -6.07 },
					{ "time": 1.1666, "angle": 0 }
				]
			},
			"Ear_L": {
				"rotate": [
					{ "time": 0, "angle": 0 },
					{ "time": 0.0666, "angle": 44.83 },
					{ "time": 0.1666, "angle": -24.83 },
					{ "time": 0.2666, "angle": 21.78 },
					{ "time": 0.4333, "angle": 14.29 },
					{ "time": 0.6666, "angle": -5.27 },
					{ "time": 1.1666, "angle": 0 }
				]
			},
			"Bomb_in": {
				"rotate": [
					{ "time": 0, "angle": 0 },
					{ "time": 0.0666, "angle": 3.55 },
					{ "time": 0.1666, "angle": -0.28 },
					{ "time": 0.3, "angle": 3.84 },
					{ "time": 0.5, "angle": -0.21 },
					{ "time": 0.7666, "angle": 0.77 },
					{ "time": 1.1666, "angle": 0 }
				],
				"translate": [
					{ "time": 0, "x": 0, "y": 0, "curve": "stepped" },
					{ "time": 1.1666, "x": 0, "y": 0 }
				]
			},
			"Ship_down": {
				"rotate": [
					{ "time": 0, "angle": 0 },
					{ "time": 0.0666, "angle": 18.29 },
					{ "time": 0.1666, "angle": -0.06 },
					{ "time": 0.3, "angle": 17.35 },
					{ "time": 0.5, "angle": 0.88 },
					{ "time": 0.7666, "angle": 7.45 },
					{ "time": 1.1666, "angle": 0 }
				],
				"translate": [
					{ "time": 0, "x": 0, "y": 0 },
					{ "time": 0.0666, "x": 0.55, "y": 0 },
					{ "time": 0.1666, "x": -0.52, "y": 0 },
					{ "time": 0.3, "x": 0.31, "y": 0 },
					{ "time": 0.5, "x": -0.52, "y": 0 },
					{ "time": 0.7666, "x": 0.2, "y": 0 },
					{ "time": 1.1666, "x": 0, "y": 0 }
				]
			},
			"Ship_other": {
				"rotate": [
					{ "time": 0, "angle": 0 },
					{ "time": 0.0666, "angle": 3.24 },
					{ "time": 0.1333, "angle": -2.53 },
					{ "time": 0.2333, "angle": 12.79 },
					{ "time": 0.4, "angle": -2.09 },
					{ "time": 0.6666, "angle": 10.11 },
					{ "time": 1, "angle": -3.24 },
					{ "time": 1.1666, "angle": 0 }
				],
				"translate": [
					{ "time": 0, "x": 0, "y": 0 },
					{ "time": 0.0666, "x": 1.64, "y": 1.68 },
					{ "time": 0.1333, "x": 0.3, "y": 1.58 },
					{ "time": 0.2333, "x": -0.9, "y": 1.42 },
					{ "time": 0.4, "x": -2.32, "y": 1.17 },
					{ "time": 0.6666, "x": -0.42, "y": 0.61 },
					{ "time": 1, "x": -0.98, "y": 0.2 },
					{ "time": 1.1666, "x": 0, "y": 0 }
				]
			},
			"Obai_all": {
				"rotate": [
					{ "time": 0, "angle": 0 },
					{ "time": 0.1, "angle": 2.13 },
					{ "time": 0.2, "angle": -0.49 },
					{ "time": 0.3333, "angle": 2.13 },
					{ "time": 0.5, "angle": 0.82 },
					{ "time": 0.7, "angle": 2.13 },
					{ "time": 0.9666, "angle": 0.82 },
					{ "time": 1.1666, "angle": 0 }
				],
				"translate": [
					{ "time": 0, "x": 0, "y": 0 },
					{ "time": 0.1, "x": 0.05, "y": -0.45 },
					{ "time": 0.2, "x": -3.32, "y": -0.34 },
					{ "time": 0.3333, "x": -0.05, "y": -0.01 },
					{ "time": 0.5, "x": -2.55, "y": -0.03 },
					{ "time": 0.7, "x": -0.05, "y": -0.01 },
					{ "time": 0.9666, "x": -2.55, "y": -0.03 },
					{ "time": 1.1666, "x": 0, "y": 0 }
				]
			},
			"Obai_R": {
				"rotate": [
					{ "time": 0, "angle": 0 },
					{ "time": 0.1333, "angle": -10.23 },
					{ "time": 0.2333, "angle": -4.73 },
					{ "time": 0.3666, "angle": -10.23 },
					{ "time": 0.5333, "angle": -4.73 },
					{ "time": 0.7333, "angle": -10.23 },
					{ "time": 0.9666, "angle": -4.73 },
					{ "time": 1.1666, "angle": 0 }
				],
				"translate": [
					{ "time": 0, "x": 0, "y": 0 },
					{ "time": 0.1333, "x": -2.37, "y": 0.07 },
					{ "time": 0.2333, "x": -1.1, "y": -1.86 },
					{ "time": 0.3666, "x": -2.37, "y": 0.07 },
					{ "time": 0.5333, "x": -1.1, "y": -1.86 },
					{ "time": 0.7333, "x": -2.37, "y": 0.07 },
					{ "time": 0.9666, "x": -1.1, "y": -1.86 },
					{ "time": 1.1666, "x": 0, "y": 0 }
				]
			},
			"Obai_L": {
				"rotate": [
					{ "time": 0, "angle": 0 },
					{ "time": 0.1, "angle": 7.68 },
					{ "time": 0.2, "angle": 0.65 },
					{ "time": 0.3333, "angle": 7.68 },
					{ "time": 0.5, "angle": 0.65 },
					{ "time": 0.7, "angle": 7.68 },
					{ "time": 0.9666, "angle": 0.65 },
					{ "time": 1.1666, "angle": 0 }
				],
				"translate": [
					{ "time": 0, "x": 0, "y": 0 },
					{ "time": 0.1, "x": -2.53, "y": 1.78 },
					{ "time": 0.2, "x": -1.99, "y": 2.82 },
					{ "time": 0.3333, "x": -2.53, "y": 1.78 },
					{ "time": 0.5, "x": -1.99, "y": 2.82 },
					{ "time": 0.7, "x": -2.53, "y": 1.78 },
					{ "time": 0.9666, "x": -1.99, "y": 2.82 },
					{ "time": 1.1666, "x": 0, "y": 0 }
				]
			}
		},
		"events": [
			{ "time": 0.1, "name": "damage_point" }
		]
	},
	"normal": {
		"slots": {
			"Body_head_L": {
				"color": [
					{ "time": 0, "color": "ffffffff" },
					{ "time": 0.5, "color": "ffffff96" },
					{ "time": 1, "color": "ffffffff" },
					{ "time": 1.5, "color": "ffffff90" },
					{ "time": 2, "color": "ffffffff" }
				]
			},
			"Body_head_R": {
				"color": [
					{ "time": 0, "color": "ffffffff" },
					{ "time": 0.5, "color": "ffffff8f" },
					{ "time": 1, "color": "ffffffff" },
					{ "time": 1.5, "color": "ffffff8f" },
					{ "time": 2, "color": "ffffffff" }
				]
			},
			"Light_Body": {
				"attachment": [
					{ "time": 0, "name": null },
					{ "time": 0.8, "name": null },
					{ "time": 2, "name": null }
				]
			},
			"Rodney_body_normal_fluorescence": {
				"color": [
					{ "time": 0, "color": "ffffff84" },
					{ "time": 0.5, "color": "ffffffff" },
					{ "time": 1, "color": "ffffff84" },
					{ "time": 1.5, "color": "ffffffff" },
					{ "time": 2, "color": "ffffff84" }
				]
			},
			"Rodney_fornt_normal_light_fluorescence": {
				"color": [
					{ "time": 0, "color": "ffffff85" },
					{ "time": 0.5, "color": "ffffffff" },
					{ "time": 1, "color": "ffffff85" },
					{ "time": 1.5, "color": "ffffffff" },
					{ "time": 2, "color": "ffffff85" }
				]
			},
			"Rodney_head_L_fluorescence": {
				"color": [
					{ "time": 0, "color": "ffffff84" },
					{ "time": 0.5, "color": "ffffffff" },
					{ "time": 1, "color": "ffffff84" },
					{ "time": 1.5, "color": "ffffffff" },
					{ "time": 2, "color": "ffffff84" }
				]
			},
			"Rodney_head_L_light": {
				"attachment": [
					{ "time": 0, "name": null }
				]
			},
			"Rodney_head_R_fluorescence": {
				"color": [
					{ "time": 0, "color": "ffffff83" },
					{ "time": 0.5, "color": "ffffffff" },
					{ "time": 1, "color": "ffffff83" },
					{ "time": 1.5, "color": "ffffffff" },
					{ "time": 2, "color": "ffffff83" }
				]
			},
			"Rodney_ship_armor_down_fluorescence": {
				"color": [
					{ "time": 0, "color": "ffffff83" },
					{ "time": 0.5, "color": "ffffffff" },
					{ "time": 1, "color": "ffffff83" },
					{ "time": 1.5, "color": "ffffffff" },
					{ "time": 2, "color": "ffffff83" }
				]
			},
			"Rodney_ship_armor_normal_fluorescence": {
				"color": [
					{ "time": 0, "color": "ffffff83" },
					{ "time": 0.5, "color": "ffffffff" },
					{ "time": 1, "color": "ffffff83" },
					{ "time": 1.5, "color": "ffffffff" },
					{ "time": 2, "color": "ffffff83" }
				]
			}
		},
		"bones": {
			"Root_All": {
				"rotate": [
					{ "time": 0, "angle": 0, "curve": "stepped" },
					{ "time": 2, "angle": 0 }
				],
				"translate": [
					{
						"time": 0,
						"x": 0,
						"y": 0,
						"curve": [ 0.255, 0.35, 0.6, 0.7 ]
					},
					{
						"time": 0.5,
						"x": 0,
						"y": -9.82,
						"curve": [ 0.3, 0.39, 0.641, 0.74 ]
					},
					{
						"time": 1,
						"x": 0,
						"y": -15.66,
						"curve": [ 0.322, 0.37, 0.652, 0.7 ]
					},
					{
						"time": 1.5,
						"x": 0,
						"y": -7.79,
						"curve": [ 0.314, 0.36, 0.644, 0.68 ]
					},
					{ "time": 2, "x": 0, "y": 0 }
				]
			},
			"Ship_All": {
				"rotate": [
					{ "time": 0, "angle": 0, "curve": "stepped" },
					{ "time": 2, "angle": 0 }
				],
				"translate": [
					{ "time": 0, "x": 0, "y": 0, "curve": "stepped" },
					{ "time": 2, "x": 0, "y": 0 }
				]
			},
			"Body": {
				"rotate": [
					{ "time": 0, "angle": 0, "curve": "stepped" },
					{ "time": 2, "angle": 0 }
				],
				"translate": [
					{ "time": 0, "x": 0, "y": 0, "curve": "stepped" },
					{ "time": 2, "x": 0, "y": 0 }
				]
			},
			"Face": {
				"rotate": [
					{ "time": 0, "angle": 0, "curve": "stepped" },
					{ "time": 2, "angle": 0 }
				],
				"translate": [
					{
						"time": 0,
						"x": 0,
						"y": 0,
						"curve": [ 0.286, 0.34, 0.623, 0.67 ]
					},
					{
						"time": 0.5,
						"x": 0.64,
						"y": 0,
						"curve": [ 0.282, 0.37, 0.624, 0.71 ]
					},
					{
						"time": 1.5,
						"x": -1.28,
						"y": 0,
						"curve": [ 0.321, 0.37, 0.656, 0.71 ]
					},
					{ "time": 2, "x": 0, "y": 0 }
				]
			},
			"Ship": {
				"rotate": [
					{ "time": 0, "angle": 0, "curve": "stepped" },
					{ "time": 2, "angle": 0 }
				],
				"translate": [
					{
						"time": 0,
						"x": 0,
						"y": 0,
						"curve": [ 0.319, 0.33, 0.653, 0.66 ]
					},
					{
						"time": 0.5,
						"x": 1.79,
						"y": 0,
						"curve": [ 0.289, 0.43, 0.622, 0.73 ]
					},
					{
						"time": 1.5,
						"x": -2.75,
						"y": 0,
						"curve": [ 0.487, 0.33, 0.657, 0.5 ]
					},
					{ "time": 2, "x": 0, "y": 0 }
				]
			},
			"Tail_F_2": {
				"rotate": [
					{ "time": 0, "angle": 73.17 },
					{ "time": 0.6666, "angle": 0.09 },
					{ "time": 1.3333, "angle": 33.04 },
					{ "time": 2, "angle": 73.17 }
				],
				"translate": [
					{ "time": 0, "x": 0, "y": 0, "curve": "stepped" },
					{ "time": 2, "x": 0, "y": 0 }
				]
			},
			"Tail_F_3": {
				"rotate": [
					{ "time": 0, "angle": -12.47 },
					{ "time": 0.6666, "angle": -12.97 },
					{ "time": 1.3333, "angle": -20.31 },
					{ "time": 2, "angle": -12.47 }
				],
				"translate": [
					{ "time": 0, "x": 0, "y": 0, "curve": "stepped" },
					{ "time": 2, "x": 0, "y": 0 }
				]
			},
			"Tail_F_4": {
				"rotate": [
					{ "time": 0, "angle": -14.94 },
					{ "time": 0.6666, "angle": -13.04 },
					{ "time": 2, "angle": -14.94 }
				],
				"translate": [
					{ "time": 0, "x": 0, "y": 0, "curve": "stepped" },
					{ "time": 2, "x": 0, "y": 0 }
				]
			},
			"Tail_F_5": {
				"rotate": [
					{ "time": 0, "angle": -23.5 },
					{ "time": 0.6666, "angle": 29.35 },
					{ "time": 1.3333, "angle": -32.17 },
					{ "time": 2, "angle": -23.5 }
				],
				"translate": [
					{ "time": 0, "x": 0, "y": 0, "curve": "stepped" },
					{ "time": 2, "x": 0, "y": 0 }
				]
			},
			"Tail_F_6": {
				"rotate": [
					{ "time": 0, "angle": -16.21 },
					{ "time": 0.6666, "angle": 34.32 },
					{ "time": 1.3333, "angle": -20.94 },
					{ "time": 2, "angle": -16.21 }
				],
				"translate": [
					{ "time": 0, "x": 0, "y": 0, "curve": "stepped" },
					{ "time": 2, "x": 0, "y": 0 }
				]
			},
			"Tail_F_7": {
				"rotate": [
					{ "time": 0, "angle": -22.36 },
					{ "time": 0.6666, "angle": 40.07 },
					{ "time": 1.3333, "angle": -5.34 },
					{ "time": 2, "angle": -22.36 }
				],
				"translate": [
					{ "time": 0, "x": 0, "y": 0, "curve": "stepped" },
					{ "time": 2, "x": 0, "y": 0 }
				]
			},
			"Ear_L": {
				"rotate": [
					{ "time": 0, "angle": 0 },
					{ "time": 0.5, "angle": 7.56 },
					{ "time": 1, "angle": 12.97 },
					{ "time": 1.5, "angle": -6.38 },
					{ "time": 2, "angle": 0 }
				]
			},
			"Ear_R": {
				"rotate": [
					{ "time": 0, "angle": 0 },
					{ "time": 0.5, "angle": 6.97 },
					{ "time": 1, "angle": 13.29 },
					{ "time": 1.5, "angle": -2.12 },
					{ "time": 2, "angle": 0 }
				]
			},
			"Ship_down": {
				"rotate": [
					{ "time": 0, "angle": 0 },
					{ "time": 0.5, "angle": 12.32 },
					{ "time": 1.5, "angle": -8.42 },
					{ "time": 2, "angle": 0 }
				],
				"translate": [
					{ "time": 0, "x": 0, "y": 0, "curve": "stepped" },
					{ "time": 2, "x": 0, "y": 0 }
				]
			},
			"Bomb_in": {
				"rotate": [
					{ "time": 0, "angle": 0 },
					{ "time": 0.5, "angle": 3.59 },
					{ "time": 1.5, "angle": -1 },
					{ "time": 2, "angle": 0 }
				],
				"translate": [
					{ "time": 0, "x": 0, "y": 0, "curve": "stepped" },
					{ "time": 2, "x": 0, "y": 0 }
				]
			},
			"Ship_other": {
				"rotate": [
					{ "time": 0, "angle": 0 },
					{ "time": 0.5, "angle": -2.65 },
					{ "time": 1.5, "angle": 3.4 },
					{ "time": 2, "angle": 0 }
				],
				"translate": [
					{ "time": 0, "x": 0, "y": 0, "curve": "stepped" },
					{ "time": 2, "x": 0, "y": 0 }
				]
			},
			"Obai_all": {
				"rotate": [
					{ "time": 0, "angle": 0 },
					{ "time": 0.5, "angle": 0.46 },
					{ "time": 1.5, "angle": -1.19 },
					{ "time": 2, "angle": 0 }
				],
				"translate": [
					{ "time": 0, "x": 0, "y": 0 },
					{ "time": 0.5, "x": 0.21, "y": -0.25 },
					{ "time": 1.5, "x": -1.2, "y": -0.49 },
					{ "time": 2, "x": 0, "y": 0 }
				]
			},
			"Obai_R": {
				"rotate": [
					{ "time": 0, "angle": 0 },
					{ "time": 0.5, "angle": -5.76 },
					{ "time": 1.5, "angle": -1.21 },
					{ "time": 2, "angle": 0 }
				],
				"translate": [
					{ "time": 0, "x": 0, "y": 0 },
					{ "time": 0.5, "x": -1.38, "y": -0.26 },
					{ "time": 1.5, "x": 0.15, "y": -0.78 },
					{ "time": 2, "x": 0, "y": 0 }
				]
			},
			"Obai_L": {
				"rotate": [
					{ "time": 0, "angle": 0 },
					{ "time": 0.5, "angle": 2.23 },
					{ "time": 1.5, "angle": -3.07 },
					{ "time": 2, "angle": 0 }
				],
				"translate": [
					{ "time": 0, "x": 0, "y": 0 },
					{ "time": 0.5, "x": -2.77, "y": 1.15 },
					{ "time": 1.5, "x": -0.23, "y": -0.03 },
					{ "time": 2, "x": 0, "y": 0 }
				]
			}
		}
	},
	"throw": {
		"slots": {
			"Light_Body": {
				"attachment": [
					{ "time": 0, "name": null },
					{ "time": 1.3333, "name": null }
				]
			},
			"Rodney_body_normal_fluorescence": {
				"color": [
					{ "time": 0, "color": "ffffff83" },
					{ "time": 0.3333, "color": "ffffffff" },
					{ "time": 0.6666, "color": "ffffff83" },
					{ "time": 1, "color": "ffffffff" },
					{ "time": 1.3333, "color": "ffffff83" }
				]
			},
			"Rodney_fornt_normal_light_fluorescence": {
				"color": [
					{ "time": 0, "color": "ffffff83" },
					{ "time": 0.3333, "color": "ffffffff" },
					{ "time": 0.6666, "color": "ffffff83" },
					{ "time": 1, "color": "ffffffff" },
					{ "time": 1.3333, "color": "ffffff83" }
				]
			},
			"Rodney_head_L_fluorescence": {
				"color": [
					{ "time": 0, "color": "ffffff83" },
					{ "time": 0.3333, "color": "ffffffff" },
					{ "time": 0.6666, "color": "ffffff83" },
					{ "time": 1, "color": "ffffffff" },
					{ "time": 1.3333, "color": "ffffff83" }
				]
			},
			"Rodney_head_L_light": {
				"attachment": [
					{ "time": 0, "name": null }
				]
			},
			"Rodney_ship_armor_down_fluorescence": {
				"color": [
					{ "time": 0, "color": "ffffff84" },
					{ "time": 0.3333, "color": "ffffffff" },
					{ "time": 0.6666, "color": "ffffff84" },
					{ "time": 1, "color": "ffffffff" },
					{ "time": 1.3333, "color": "ffffff84" }
				]
			},
			"Rodney_ship_armor_normal_fluorescence": {
				"color": [
					{ "time": 0, "color": "ffffff84" },
					{ "time": 0.3333, "color": "ffffffff" },
					{ "time": 0.6666, "color": "ffffff84" },
					{ "time": 1, "color": "ffffffff" },
					{ "time": 1.3333, "color": "ffffff84" }
				]
			}
		},
		"bones": {
			"Face": {
				"rotate": [
					{ "time": 0, "angle": 0, "curve": "stepped" },
					{ "time": 1.3333, "angle": 0 }
				],
				"translate": [
					{
						"time": 0,
						"x": 0,
						"y": 0,
						"curve": [ 0.286, 0.34, 0.623, 0.67 ]
					},
					{ "time": 0.3333, "x": 0, "y": -0.7 },
					{ "time": 0.5666, "x": 0, "y": 0.14 },
					{ "time": 1.3333, "x": 0, "y": 0 }
				]
			},
			"Root_All": {
				"rotate": [
					{ "time": 0, "angle": 0, "curve": "stepped" },
					{ "time": 1.3333, "angle": 0 }
				],
				"translate": [
					{
						"time": 0,
						"x": 0,
						"y": 0,
						"curve": [ 0.255, 0.35, 0.6, 0.7 ]
					},
					{ "time": 0.6333, "x": -66.66, "y": 0 },
					{ "time": 0.9666, "x": -10.42, "y": -12.42 },
					{ "time": 1.3333, "x": 0, "y": 0 }
				]
			},
			"Ship": {
				"rotate": [
					{
						"time": 0,
						"angle": 0,
						"curve": [ 0.219, 0.41, 0.591, 0.77 ]
					},
					{ "time": 0.3333, "angle": -358.17 },
					{ "time": 0.5666, "angle": -359.21 },
					{ "time": 0.6333, "angle": -363.41 },
					{ "time": 0.7333, "angle": -366.44 },
					{ "time": 0.9666, "angle": -356.42 },
					{ "time": 1.1666, "angle": -361.45 },
					{ "time": 1.3333, "angle": 0 }
				],
				"translate": [
					{
						"time": 0,
						"x": 0,
						"y": 0,
						"curve": [ 0.319, 0.33, 0.653, 0.66 ]
					},
					{ "time": 0.3333, "x": -0.7, "y": -1.37 },
					{ "time": 0.5666, "x": 0, "y": 0.77 },
					{ "time": 0.6333, "x": 1.43, "y": 1.35 },
					{ "time": 0.7333, "x": -0.38, "y": 0.95 },
					{ "time": 0.9666, "x": -0.19, "y": -2.63 },
					{ "time": 1.3333, "x": 0, "y": 0 }
				]
			},
			"Body": {
				"rotate": [
					{
						"time": 0,
						"angle": 0,
						"curve": [ 0.219, 0.41, 0.591, 0.77 ]
					},
					{
						"time": 0.6333,
						"angle": -3.17,
						"curve": [ 0.32, 0.36, 0.653, 0.69 ]
					},
					{
						"time": 0.7333,
						"angle": 0.61,
						"curve": [ 0.319, 0.37, 0.652, 0.7 ]
					},
					{
						"time": 0.9666,
						"angle": -1.72,
						"curve": [ 0.32, 0.38, 0.654, 0.71 ]
					},
					{ "time": 1.3333, "angle": 0 }
				],
				"translate": [
					{
						"time": 0,
						"x": 0,
						"y": 0,
						"curve": [ 0.219, 0.41, 0.591, 0.77 ]
					},
					{
						"time": 0.3333,
						"x": -15.86,
						"y": 0,
						"curve": [ 0.193, 0.39, 0.58, 0.9 ]
					},
					{
						"time": 0.5666,
						"x": -19.36,
						"y": 0,
						"curve": [ 0.142, 0.42, 0.647, 0.94 ]
					},
					{ "time": 0.6333, "x": 92.18, "y": -6.3 },
					{ "time": 0.7333, "x": 111.33, "y": 0 },
					{ "time": 1.3333, "x": 0, "y": 0 }
				]
			},
			"Ship_All": {
				"rotate": [
					{ "time": 0, "angle": 0, "curve": "stepped" },
					{ "time": 1.3333, "angle": 0 }
				],
				"translate": [
					{ "time": 0, "x": 0, "y": 0, "curve": "stepped" },
					{ "time": 1.3333, "x": 0, "y": 0 }
				]
			},
			"Throw_Point": {
				"rotate": [
					{ "time": 0.6333, "angle": 0 }
				],
				"translate": [
					{ "time": 0.6333, "x": 0, "y": 0 }
				]
			},
			"Tail_F_3": {
				"rotate": [
					{ "time": 0, "angle": -12.47 },
					{ "time": 0.3333, "angle": -27.51 },
					{ "time": 0.6333, "angle": -23.65 },
					{ "time": 1, "angle": -11.09 },
					{ "time": 1.3333, "angle": -12.47 }
				],
				"translate": [
					{ "time": 0, "x": 0, "y": 0, "curve": "stepped" },
					{ "time": 1.3333, "x": 0, "y": 0 }
				]
			},
			"Tail_F_6": {
				"rotate": [
					{ "time": 0, "angle": -16.21 },
					{ "time": 0.3333, "angle": 44.72 },
					{ "time": 0.6333, "angle": 8.97 },
					{ "time": 1, "angle": -34.71 },
					{ "time": 1.3333, "angle": -16.21 }
				],
				"translate": [
					{ "time": 0, "x": 0, "y": 0, "curve": "stepped" },
					{ "time": 1.3333, "x": 0, "y": 0 }
				]
			},
			"Tail_F_7": {
				"rotate": [
					{ "time": 0, "angle": -22.36 },
					{ "time": 0.3333, "angle": 10.14 },
					{ "time": 0.6333, "angle": 16.51 },
					{ "time": 0.8333, "angle": -28.39 },
					{ "time": 1, "angle": -14.11 },
					{ "time": 1.3333, "angle": -22.36 }
				],
				"translate": [
					{ "time": 0, "x": 0, "y": 0, "curve": "stepped" },
					{ "time": 1.3333, "x": 0, "y": 0 }
				]
			},
			"Tail_F_4": {
				"rotate": [
					{ "time": 0, "angle": -14.94 },
					{ "time": 0.3333, "angle": -19.52 },
					{ "time": 1, "angle": -22.63 },
					{ "time": 1.3333, "angle": -14.94 }
				],
				"translate": [
					{ "time": 0, "x": 0, "y": 0, "curve": "stepped" },
					{ "time": 1.3333, "x": 0, "y": 0 }
				]
			},
			"Tail_F_2": {
				"rotate": [
					{ "time": 0, "angle": 73.17 },
					{ "time": 0.3333, "angle": 58.13 },
					{ "time": 0.6333, "angle": 21.05 },
					{ "time": 1, "angle": 56.45 },
					{ "time": 1.3333, "angle": 73.17 }
				],
				"translate": [
					{ "time": 0, "x": 0, "y": 0, "curve": "stepped" },
					{ "time": 1.3333, "x": 0, "y": 0 }
				]
			},
			"Tail_F_5": {
				"rotate": [
					{ "time": 0, "angle": -23.5 },
					{ "time": 0.3333, "angle": 41.51 },
					{ "time": 0.6333, "angle": -13.49 },
					{ "time": 1, "angle": -31.82 },
					{ "time": 1.3333, "angle": -23.5 }
				],
				"translate": [
					{ "time": 0, "x": 0, "y": 0, "curve": "stepped" },
					{ "time": 1.3333, "x": 0, "y": 0 }
				]
			},
			"Ear_R": {
				"rotate": [
					{ "time": 0, "angle": 0 },
					{ "time": 0.5666, "angle": -10.57 },
					{ "time": 0.6333, "angle": 22.71 },
					{ "time": 1, "angle": -12.08 },
					{ "time": 1.3333, "angle": 0 }
				]
			},
			"Ear_L": {
				"rotate": [
					{ "time": 0, "angle": 0 },
					{ "time": 0.5666, "angle": -10.57 },
					{ "time": 0.6333, "angle": 22.71 },
					{ "time": 1, "angle": -12.08 },
					{ "time": 1.3333, "angle": 0 }
				]
			},
			"Ship_other": {
				"rotate": [
					{ "time": 0, "angle": 0 },
					{ "time": 0.3333, "angle": 12.24 },
					{ "time": 0.5666, "angle": 16.94 },
					{ "time": 0.6666, "angle": -8.72 },
					{ "time": 0.9, "angle": 12.14 },
					{ "time": 1.1666, "angle": -8.51 },
					{ "time": 1.3333, "angle": 0 }
				],
				"translate": [
					{ "time": 0, "x": 0, "y": 0 },
					{ "time": 0.3333, "x": -0.7, "y": 0 },
					{ "time": 0.5666, "x": -1.25, "y": 0 },
					{ "time": 0.6666, "x": -2.22, "y": 0 },
					{ "time": 0.9, "x": 0.66, "y": 0 },
					{ "time": 1.1666, "x": -1.86, "y": 0 },
					{ "time": 1.3333, "x": 0, "y": 0 }
				]
			},
			"Ship_down": {
				"rotate": [
					{ "time": 0, "angle": 0 },
					{ "time": 0.3333, "angle": 13.71 },
					{ "time": 0.5666, "angle": 20.75 },
					{ "time": 0.6666, "angle": -17.2 },
					{ "time": 0.9333, "angle": 16.03 },
					{ "time": 1.2333, "angle": -13.01 },
					{ "time": 1.3333, "angle": 0 }
				],
				"translate": [
					{ "time": 0, "x": 0, "y": 0 },
					{ "time": 0.3333, "x": 0.34, "y": 0 },
					{ "time": 0.5666, "x": 0.6, "y": 0 },
					{ "time": 0.6666, "x": 1.88, "y": 0 },
					{ "time": 0.9333, "x": 2.53, "y": 0 },
					{ "time": 1.2333, "x": 1.34, "y": 0 },
					{ "time": 1.3333, "x": 0, "y": 0 }
				]
			},
			"Bomb_in": {
				"rotate": [
					{ "time": 0, "angle": 0 },
					{ "time": 0.3333, "angle": 3.12 },
					{ "time": 0.5666, "angle": 5.37 },
					{ "time": 0.6666, "angle": -4 },
					{ "time": 0.9333, "angle": 3.81 },
					{ "time": 1.2333, "angle": -7.05 },
					{ "time": 1.3333, "angle": 0 }
				]
			},
			"Obai_all": {
				"rotate": [
					{ "time": 0, "angle": 0 },
					{ "time": 0.1, "angle": 4.74 },
					{ "time": 0.2666, "angle": 2.13 },
					{ "time": 0.4333, "angle": 0.82 },
					{ "time": 0.6333, "angle": 2.13 },
					{ "time": 0.9, "angle": 0.82 },
					{ "time": 1.1666, "angle": 2.13 },
					{ "time": 1.3333, "angle": 0 }
				],
				"translate": [
					{ "time": 0, "x": 0, "y": 0 },
					{ "time": 0.1, "x": 0.99, "y": -1.51 },
					{ "time": 0.2666, "x": -0.05, "y": -0.01 },
					{ "time": 0.4333, "x": -2.55, "y": -0.03 },
					{ "time": 0.6333, "x": -0.05, "y": -0.01 },
					{ "time": 0.9, "x": -2.55, "y": -0.03 },
					{ "time": 1.1666, "x": -0.05, "y": -0.01 },
					{ "time": 1.3333, "x": 0, "y": 0 }
				]
			},
			"Obai_R": {
				"rotate": [
					{ "time": 0, "angle": 0 },
					{ "time": 0.1333, "angle": -8.91 },
					{ "time": 0.3, "angle": -10.23 },
					{ "time": 0.4666, "angle": -4.73 },
					{ "time": 0.6666, "angle": -10.23 },
					{ "time": 0.9333, "angle": -4.73 },
					{ "time": 1.2, "angle": -10.23 },
					{ "time": 1.3333, "angle": 0 }
				],
				"translate": [
					{ "time": 0, "x": 0, "y": 0 },
					{ "time": 0.1333, "x": -0.38, "y": -2.82 },
					{ "time": 0.3, "x": -2.37, "y": 0.07 },
					{ "time": 0.4666, "x": -1.1, "y": -1.86 },
					{ "time": 0.6666, "x": -2.37, "y": 0.07 },
					{ "time": 0.9333, "x": -1.1, "y": -1.86 },
					{ "time": 1.2, "x": -2.37, "y": 0.07 },
					{ "time": 1.3333, "x": 0, "y": 0 }
				]
			},
			"Obai_L": {
				"rotate": [
					{ "time": 0, "angle": 0 },
					{ "time": 0.1, "angle": 8.08 },
					{ "time": 0.2666, "angle": 7.68 },
					{ "time": 0.4333, "angle": 0.65 },
					{ "time": 0.6333, "angle": 7.68 },
					{ "time": 0.9, "angle": 0.65 },
					{ "time": 1.1666, "angle": 7.68 },
					{ "time": 1.3333, "angle": 0 }
				],
				"translate": [
					{ "time": 0, "x": 0, "y": 0 },
					{ "time": 0.1, "x": 0.75, "y": 1.07 },
					{ "time": 0.2666, "x": -2.53, "y": 1.78 },
					{ "time": 0.4333, "x": -1.99, "y": 2.82 },
					{ "time": 0.6333, "x": -2.53, "y": 1.78 },
					{ "time": 0.9, "x": -1.99, "y": 2.82 },
					{ "time": 1.1666, "x": -2.53, "y": 1.78 },
					{ "time": 1.3333, "x": 0, "y": 0 }
				]
			}
		},
		"events": [
			{ "time": 0.6333, "name": "throw_point" }
		]
	},
	"wreck": {
		"slots": {
			"Body_head_L": {
				"color": [
					{ "time": 0, "color": "ffffffff" },
					{ "time": 0.5, "color": "ffffff96" },
					{ "time": 1, "color": "ffffffff" },
					{ "time": 1.5, "color": "ffffff90" },
					{ "time": 2, "color": "ffffffff" }
				]
			},
			"Body_head_R": {
				"color": [
					{ "time": 0, "color": "ffffffff" },
					{ "time": 0.5, "color": "ffffff8f" },
					{ "time": 1, "color": "ffffffff" },
					{ "time": 1.5, "color": "ffffff8f" },
					{ "time": 2, "color": "ffffffff" }
				]
			},
			"Light_Body": {
				"attachment": [
					{ "time": 0, "name": null },
					{ "time": 0.8, "name": null },
					{ "time": 2, "name": null }
				]
			},
			"Rodney_body_normal_fluorescence": {
				"attachment": [
					{ "time": 0, "name": null }
				],
				"color": [
					{ "time": 0, "color": "ffffff84" },
					{ "time": 0.5, "color": "ffffffff" },
					{ "time": 1, "color": "ffffff84" },
					{ "time": 1.5, "color": "ffffffff" },
					{ "time": 2, "color": "ffffff84" }
				]
			},
			"Rodney_fornt_normal_light_fluorescence": {
				"attachment": [
					{ "time": 0, "name": null }
				],
				"color": [
					{ "time": 0, "color": "ffffff85" },
					{ "time": 0.5, "color": "ffffffff" },
					{ "time": 1, "color": "ffffff85" },
					{ "time": 1.5, "color": "ffffffff" },
					{ "time": 2, "color": "ffffff85" }
				]
			},
			"Rodney_head_L_fluorescence": {
				"attachment": [
					{ "time": 0, "name": null }
				],
				"color": [
					{ "time": 0, "color": "ffffff84" },
					{ "time": 0.5, "color": "ffffffff" },
					{ "time": 1, "color": "ffffff84" },
					{ "time": 1.5, "color": "ffffffff" },
					{ "time": 2, "color": "ffffff84" }
				]
			},
			"Rodney_head_L_light": {
				"attachment": [
					{ "time": 0, "name": null }
				]
			},
			"Rodney_head_R_fluorescence": {
				"attachment": [
					{ "time": 0, "name": null }
				],
				"color": [
					{ "time": 0, "color": "ffffff83" },
					{ "time": 0.5, "color": "ffffffff" },
					{ "time": 1, "color": "ffffff83" },
					{ "time": 1.5, "color": "ffffffff" },
					{ "time": 2, "color": "ffffff83" }
				]
			},
			"Rodney_ship_armor_down_fluorescence": {
				"attachment": [
					{ "time": 0, "name": null }
				],
				"color": [
					{ "time": 0, "color": "ffffff83" },
					{ "time": 0.5, "color": "ffffffff" },
					{ "time": 1, "color": "ffffff83" },
					{ "time": 1.5, "color": "ffffffff" },
					{ "time": 2, "color": "ffffff83" }
				]
			},
			"Rodney_ship_armor_normal_fluorescence": {
				"attachment": [
					{ "time": 0, "name": null }
				],
				"color": [
					{ "time": 0, "color": "ffffff83" },
					{ "time": 0.5, "color": "ffffffff" },
					{ "time": 1, "color": "ffffff83" },
					{ "time": 1.5, "color": "ffffffff" },
					{ "time": 2, "color": "ffffff83" }
				]
			}
		},
		"bones": {
			"Ship": {
				"rotate": [
					{ "time": 0, "angle": 0, "curve": "stepped" },
					{ "time": 2, "angle": 0 }
				],
				"translate": [
					{
						"time": 0,
						"x": 0,
						"y": 0,
						"curve": [ 0.319, 0.33, 0.653, 0.66 ]
					},
					{
						"time": 0.5,
						"x": 1.79,
						"y": 0,
						"curve": [ 0.289, 0.43, 0.622, 0.73 ]
					},
					{
						"time": 1.5,
						"x": -2.75,
						"y": 0,
						"curve": [ 0.487, 0.33, 0.657, 0.5 ]
					},
					{ "time": 2, "x": 0, "y": 0 }
				]
			},
			"Tail_F_3": {
				"rotate": [
					{ "time": 0, "angle": -12.47 },
					{ "time": 0.6666, "angle": -12.97 },
					{ "time": 1.3333, "angle": -20.31 },
					{ "time": 2, "angle": -12.47 }
				],
				"translate": [
					{ "time": 0, "x": 0, "y": 0, "curve": "stepped" },
					{ "time": 2, "x": 0, "y": 0 }
				]
			},
			"Tail_F_6": {
				"rotate": [
					{ "time": 0, "angle": -16.21 },
					{ "time": 0.6666, "angle": 34.32 },
					{ "time": 1.3333, "angle": -20.94 },
					{ "time": 2, "angle": -16.21 }
				],
				"translate": [
					{ "time": 0, "x": 0, "y": 0, "curve": "stepped" },
					{ "time": 2, "x": 0, "y": 0 }
				]
			},
			"Tail_F_5": {
				"rotate": [
					{ "time": 0, "angle": -23.5 },
					{ "time": 0.6666, "angle": 29.35 },
					{ "time": 1.3333, "angle": -32.17 },
					{ "time": 2, "angle": -23.5 }
				],
				"translate": [
					{ "time": 0, "x": 0, "y": 0, "curve": "stepped" },
					{ "time": 2, "x": 0, "y": 0 }
				]
			},
			"Bomb_in": {
				"rotate": [
					{ "time": 0, "angle": 0 },
					{ "time": 0.5, "angle": 3.59 },
					{ "time": 1.5, "angle": -1 },
					{ "time": 2, "angle": 0 }
				],
				"translate": [
					{ "time": 0, "x": 0, "y": 0, "curve": "stepped" },
					{ "time": 2, "x": 0, "y": 0 }
				]
			},
			"Ear_L": {
				"rotate": [
					{ "time": 0, "angle": 0 },
					{ "time": 0.5, "angle": 7.56 },
					{ "time": 1, "angle": 12.97 },
					{ "time": 1.5, "angle": -6.38 },
					{ "time": 2, "angle": 0 }
				]
			},
			"Tail_F_2": {
				"rotate": [
					{ "time": 0, "angle": 73.17 },
					{ "time": 0.6666, "angle": 0.09 },
					{ "time": 1.3333, "angle": 33.04 },
					{ "time": 2, "angle": 73.17 }
				],
				"translate": [
					{ "time": 0, "x": 0, "y": 0, "curve": "stepped" },
					{ "time": 2, "x": 0, "y": 0 }
				]
			},
			"Ship_All": {
				"rotate": [
					{ "time": 0, "angle": 0, "curve": "stepped" },
					{ "time": 2, "angle": 0 }
				],
				"translate": [
					{ "time": 0, "x": 0, "y": 0, "curve": "stepped" },
					{ "time": 2, "x": 0, "y": 0 }
				]
			},
			"Ear_R": {
				"rotate": [
					{ "time": 0, "angle": 0 },
					{ "time": 0.5, "angle": 6.97 },
					{ "time": 1, "angle": 13.29 },
					{ "time": 1.5, "angle": -2.12 },
					{ "time": 2, "angle": 0 }
				]
			},
			"Tail_F_7": {
				"rotate": [
					{ "time": 0, "angle": -22.36 },
					{ "time": 0.6666, "angle": 40.07 },
					{ "time": 1.3333, "angle": -5.34 },
					{ "time": 2, "angle": -22.36 }
				],
				"translate": [
					{ "time": 0, "x": 0, "y": 0, "curve": "stepped" },
					{ "time": 2, "x": 0, "y": 0 }
				]
			},
			"Body": {
				"rotate": [
					{ "time": 0, "angle": 0, "curve": "stepped" },
					{ "time": 2, "angle": 0 }
				],
				"translate": [
					{ "time": 0, "x": 0, "y": 0, "curve": "stepped" },
					{ "time": 2, "x": 0, "y": 0 }
				]
			},
			"Ship_down": {
				"rotate": [
					{ "time": 0, "angle": 0 },
					{ "time": 0.5, "angle": 12.32 },
					{ "time": 1.5, "angle": -8.42 },
					{ "time": 2, "angle": 0 }
				],
				"translate": [
					{ "time": 0, "x": 0, "y": 0, "curve": "stepped" },
					{ "time": 2, "x": 0, "y": 0 }
				]
			},
			"Root_All": {
				"rotate": [
					{ "time": 0, "angle": 0, "curve": "stepped" },
					{ "time": 2, "angle": 0 }
				],
				"translate": [
					{
						"time": 0,
						"x": 0,
						"y": 0,
						"curve": [ 0.255, 0.35, 0.6, 0.7 ]
					},
					{
						"time": 0.5,
						"x": 0,
						"y": -9.82,
						"curve": [ 0.3, 0.39, 0.641, 0.74 ]
					},
					{
						"time": 1,
						"x": 0,
						"y": -15.66,
						"curve": [ 0.322, 0.37, 0.652, 0.7 ]
					},
					{
						"time": 1.5,
						"x": 0,
						"y": -7.79,
						"curve": [ 0.314, 0.36, 0.644, 0.68 ]
					},
					{ "time": 2, "x": 0, "y": 0 }
				]
			},
			"Ship_other": {
				"rotate": [
					{ "time": 0, "angle": 0 },
					{ "time": 0.5, "angle": -2.65 },
					{ "time": 1.5, "angle": 3.4 },
					{ "time": 2, "angle": 0 }
				],
				"translate": [
					{ "time": 0, "x": 0, "y": 0, "curve": "stepped" },
					{ "time": 2, "x": 0, "y": 0 }
				]
			},
			"Face": {
				"rotate": [
					{ "time": 0, "angle": 0, "curve": "stepped" },
					{ "time": 2, "angle": 0 }
				],
				"translate": [
					{
						"time": 0,
						"x": 0,
						"y": 0,
						"curve": [ 0.286, 0.34, 0.623, 0.67 ]
					},
					{
						"time": 0.5,
						"x": 0.64,
						"y": 0,
						"curve": [ 0.282, 0.37, 0.624, 0.71 ]
					},
					{
						"time": 1.5,
						"x": -1.28,
						"y": 0,
						"curve": [ 0.321, 0.37, 0.656, 0.71 ]
					},
					{ "time": 2, "x": 0, "y": 0 }
				]
			},
			"Tail_F_4": {
				"rotate": [
					{ "time": 0, "angle": -14.94 },
					{ "time": 0.6666, "angle": -13.04 },
					{ "time": 2, "angle": -14.94 }
				],
				"translate": [
					{ "time": 0, "x": 0, "y": 0, "curve": "stepped" },
					{ "time": 2, "x": 0, "y": 0 }
				]
			},
			"Obai_L": {
				"rotate": [
					{ "time": 0, "angle": 0 },
					{ "time": 0.5, "angle": 2.23 },
					{ "time": 1.5, "angle": -3.07 },
					{ "time": 2, "angle": 0 }
				],
				"translate": [
					{ "time": 0, "x": 0, "y": 0 },
					{ "time": 0.5, "x": -2.77, "y": 1.15 },
					{ "time": 1.5, "x": -0.23, "y": -0.03 },
					{ "time": 2, "x": 0, "y": 0 }
				]
			},
			"Obai_all": {
				"rotate": [
					{ "time": 0, "angle": 0 },
					{ "time": 0.5, "angle": 0.46 },
					{ "time": 1.5, "angle": -1.19 },
					{ "time": 2, "angle": 0 }
				],
				"translate": [
					{ "time": 0, "x": 0, "y": 0 },
					{ "time": 0.5, "x": 0.21, "y": -0.25 },
					{ "time": 1.5, "x": -1.2, "y": -0.49 },
					{ "time": 2, "x": 0, "y": 0 }
				]
			},
			"Obai_R": {
				"rotate": [
					{ "time": 0, "angle": 0 },
					{ "time": 0.5, "angle": -5.76 },
					{ "time": 1.5, "angle": -1.21 },
					{ "time": 2, "angle": 0 }
				],
				"translate": [
					{ "time": 0, "x": 0, "y": 0 },
					{ "time": 0.5, "x": -1.38, "y": -0.26 },
					{ "time": 1.5, "x": 0.15, "y": -0.78 },
					{ "time": 2, "x": 0, "y": 0 }
				]
			}
		}
	}
}
}