{
"skeleton": { "hash": "4oBBsTT03rPxYPTUio4YdR0F7/M", "spine": "2.1.27", "width": 304.57, "height": 310.62, "images": "" },
"bones": [
	{ "name": "Root_All", "x": 9.22, "y": 11.06, "scaleX": 1.01, "scaleY": 1.01 },
	{ "name": "Ship_All", "parent": "Root_All" },
	{ "name": "Body", "parent": "Ship_All", "length": 255.84, "x": 20.13, "y": 3.9, "rotation": 90 },
	{ "name": "Antiaircraft", "parent": "Body", "length": 44.62, "x": 188.98, "y": -46.24, "rotation": -90 },
	{ "name": "Attack_Point", "parent": "Body", "length": 25.69, "x": 77.37, "y": -51.5, "rotation": -88.64 },
	{ "name": "Damage_Point", "parent": "Body", "length": 22.56, "x": 108.91, "y": 18.56, "rotation": -90 },
	{ "name": "Dialogue", "parent": "Body", "length": 57.85, "x": 188.95, "y": -45.7, "rotation": -90 },
	{ "name": "Expression", "parent": "Body", "length": 46.33, "x": 181.99, "y": -42.49, "rotation": -42.65 },
	{ "name": "Face", "parent": "Body", "length": 66.94, "x": 180, "y": 30, "rotation": 270 },
	{ "name": "Fish_L", "parent": "Body", "length": 67.7, "x": 97.64, "y": 94.92, "rotation": -177.29 },
	{ "name": "Fish_R", "parent": "Body", "length": 71.2, "x": 92.25, "y": -27.09, "rotation": -124.62 },
	{ "name": "Hair_L1", "parent": "Body", "length": 32.5, "x": 219.95, "y": 36.15, "rotation": 70.48 },
	{ "name": "Hair_L2", "parent": "Body", "length": 39.3, "x": 208.09, "y": 33.68, "rotation": 104.14 },
	{ "name": "Hair_R1", "parent": "Body", "length": 47.55, "x": 208.58, "y": -35.97, "rotation": -94.08 },
	{ "name": "Hair_R2", "parent": "Body", "length": 29.66, "x": 196.23, "y": -32.02, "rotation": -91.8 },
	{ "name": "Leg_L", "parent": "Body", "length": 52.75, "x": 73.71, "y": 43.38, "rotation": -178.64 },
	{ "name": "Leg_R", "parent": "Body", "length": 66.04, "x": 61.75, "y": 17.29, "rotation": 175.04 },
	{ "name": "Smoke_L1", "parent": "Body", "length": 36.01, "x": 86.52, "y": -60.79, "rotation": -22.4 },
	{ "name": "Smoke_R1", "parent": "Body", "length": 36.01, "x": 72.34, "y": 54.99, "rotation": 40.67 },
	{ "name": "Smoke_R2", "parent": "Body", "length": 36.01, "x": 110.02, "y": 79.26, "rotation": 40.67 },
	{ "name": "Throw_Point", "parent": "Body", "length": 24.91, "x": 55.48, "y": -63.62, "rotation": -88.64 },
	{ "name": "back", "parent": "Body", "length": 38.96, "x": 121.75, "y": 46.47, "rotation": -179.09 },
	{ "name": "hand", "parent": "Body", "length": 32.41, "x": 96.36, "y": 44.68, "rotation": 20.7 },
	{ "name": "hair_L1_2", "parent": "Hair_L1", "length": 25, "x": 34.83, "y": 0.8, "rotation": -18.02 },
	{ "name": "hair_L2_2", "parent": "Hair_L2", "length": 32.65, "x": 43.01, "y": 0.88, "rotation": -24.54 },
	{ "name": "hair_R1_2", "parent": "Hair_R1", "length": 16.6, "x": 48.47, "y": 0.95, "rotation": 57.58 },
	{ "name": "hair_R2_2", "parent": "Hair_R2", "length": 30.07, "x": 29.66, "y": -0.06, "rotation": -40.37 },
	{ "name": "hair_L1_3", "parent": "hair_L1_2", "length": 29.16, "x": 27.17, "y": 0.31, "rotation": 11.22 },
	{ "name": "hair_L2_3", "parent": "hair_L2_2", "length": 20.96, "x": 32.65, "y": -0.03, "rotation": -34.62 },
	{ "name": "hair_R1_3", "parent": "hair_R1_2", "length": 70.48, "x": 16.21, "y": 2.17, "rotation": 100.26 },
	{ "name": "hair_R2_3", "parent": "hair_R2_2", "length": 20.12, "x": 30.74, "y": -0.82, "rotation": 66.96 },
	{ "name": "hair_L1_4", "parent": "hair_L1_3", "length": 24.46, "x": 32.27, "y": 2.73, "rotation": 69.69 },
	{ "name": "hair_L2_4", "parent": "hair_L2_3", "length": 54.4, "x": 19.56, "y": -3.48, "rotation": -79.29 },
	{ "name": "hair_R1_4", "parent": "hair_R1_3", "length": 40.03, "x": 70.7, "y": -0.42, "rotation": -129.58 },
	{ "name": "hair_R2_4", "parent": "hair_R2_3", "length": 45.29, "x": 20.97, "y": 0.65, "rotation": 79.29 },
	{ "name": "hair_R1_5", "parent": "hair_R1_4", "length": 38.58, "x": 41.38, "y": -0.7, "rotation": -74.47 }
],
"slots": [
	{ "name": "back", "bone": "back", "attachment": "Rodney_1_normal" },
	{ "name": "hair_L1", "bone": "Hair_L1", "attachment": "hair_L1" },
	{ "name": "hair_R1", "bone": "Hair_R1", "attachment": "hair_R1" },
	{ "name": "hair_R2", "bone": "Hair_R2", "attachment": "hair_R2" },
	{ "name": "hair_L2", "bone": "Hair_L2", "attachment": "hair_L2" },
	{ "name": "leg_R", "bone": "Leg_R", "attachment": "leg_R" },
	{ "name": "leg_R_light", "bone": "Leg_R", "attachment": "leg_R_light", "blend": "additive" },
	{ "name": "V", "bone": "Body", "attachment": "panty" },
	{ "name": "leg_L", "bone": "Leg_L", "attachment": "leg_L" },
	{ "name": "leg_L_light", "bone": "Leg_L", "attachment": "leg_L_light", "blend": "additive" },
	{ "name": "Rodney_body_normal", "bone": "Body", "attachment": "Body_Change" },
	{ "name": "Rodney_eyes_normal", "bone": "Face", "attachment": "Rodney_eyes_normal" },
	{ "name": "Light_Body", "bone": "Body", "attachment": "Light_Body_Change", "blend": "additive" },
	{ "name": "hand", "bone": "hand", "attachment": "hand" },
	{ "name": "fish_L", "bone": "Fish_L", "attachment": "change" },
	{ "name": "fish_R", "bone": "Fish_R", "attachment": "change" },
	{ "name": "fish_R_light", "bone": "Fish_R", "attachment": "change", "blend": "additive" }
],
"skins": {
	"default": {
		"Rodney_eyes_normal": {
			"Rodney_eyes_damage": { "x": 20.12, "y": -51.11, "width": 300, "height": 300 },
			"Rodney_eyes_normal": { "x": 20.12, "y": -51.11, "width": 300, "height": 300 }
		},
		"V": {
			"panty": { "x": 130.35, "y": 10.24, "rotation": -90, "width": 300, "height": 300 }
		},
		"back": {
			"Rodney_1_normal": { "x": -6.16, "y": 35.36, "rotation": 89.09, "width": 300, "height": 300 }
		},
		"hair_L1": {
			"hair_L1": {
				"type": "skinnedmesh",
				"uvs": [ 1, 0.20828, 1, 0.4884, 1, 0.77727, 1, 1, 0.92949, 1, 0.71836, 1, 0.48317, 1, 0.22928, 1, 0, 1, 0, 0.75538, 0, 0.38335, 0, 0.21704, 0, 0, 0.10367, 0, 0.28807, 0, 0.53128, 0, 0.77181, 0, 1, 0, 0.06754, 0.65133, 0.1244, 0.34455, 0.29166, 0.14733, 0.49237, 0.44864, 0.6061, 0.73898, 0.79008, 0.81568, 0.95621, 0.88231, 0.14375, 0.16014, 0.46713, 0.17764, 0.56335, 0.54967, 0.76379, 0.57593, 0.91613, 0.69848, 0.74776, 0.9217, 0.61413, 0.92608, 0.48584, 0.67222, 0.37894, 0.33959, 0.2079, 0.51028, 0.08763, 0.72475 ],
				"triangles": [ 25, 11, 12, 25, 12, 13, 19, 11, 25, 10, 11, 19, 20, 19, 25, 34, 19, 33, 34, 18, 10, 34, 10, 19, 35, 18, 34, 9, 10, 18, 9, 18, 35, 8, 9, 35, 8, 35, 7, 26, 20, 14, 25, 13, 14, 25, 14, 20, 15, 26, 14, 33, 20, 26, 33, 26, 21, 19, 20, 33, 15, 16, 26, 21, 34, 33, 16, 21, 26, 0, 21, 16, 21, 28, 27, 32, 21, 27, 32, 34, 21, 35, 34, 32, 22, 27, 28, 32, 27, 22, 23, 31, 22, 7, 35, 32, 6, 7, 32, 6, 32, 22, 6, 22, 31, 6, 31, 5, 16, 17, 0, 21, 0, 28, 1, 28, 0, 29, 28, 1, 29, 1, 2, 23, 28, 29, 22, 28, 23, 24, 29, 2, 23, 29, 24, 30, 23, 24, 30, 31, 23, 5, 31, 30, 4, 30, 24, 5, 30, 4, 24, 2, 3, 4, 24, 3 ],
				"vertices": [ 3, 11, 6.81, -43.19, 0.77309, 23, -13.01, -50.5, 0.15285, 27, -49.31, -42.02, 0.07404, 3, 11, 0.35, -24.97, 0.90852, 23, -24.79, -35.18, 0.0633, 27, -57.88, -24.7, 0.02817, 2, 11, -6.3, -6.18, 0.99924, 27, -66.72, -6.84, 7.5E-4, 1, 11, -11.43, 8.29, 1, 1, 11, -3.92, 10.95, 1, 2, 11, 18.54999, 18.93, 0.6388, 23, -21.08, 12.19, 0.36119, 3, 11, 43.6, 27.81, 9.9E-4, 23, -0.02, 28.39, 0.96822, 31, 9.68, 60.6, 0.03078, 4, 11, 70.64, 37.4, 0, 23, 22.72, 45.88, 0.64808, 27, 4.5, 45.56, 0.00215, 31, 30.54, 40.9, 0.34975, 3, 11, 95.06, 46.05, 0, 23, 43.25, 61.68, 0.29916, 31, 49.37, 23.11, 0.70082, 3, 11, 100.7, 30.15, 0, 23, 53.54, 48.3, 0.18039, 31, 37.78, 10.84, 0.8196, 1, 31, 20.16, -7.82, 1, 1, 31, 12.28, -16.16, 1, 2, 27, 58.33, -4.78, 0.03939, 31, 2, -27.05, 0.9606, 2, 27, 47.83, -9.97, 0.21797, 31, -6.51, -19, 0.78202, 4, 11, 87.44, -29.85, 0.00744, 23, 59.51, -12.85, 0.00378, 27, 29.16, -19.21999, 0.96526, 31, -21.66, -4.69999, 0.0235, 3, 11, 61.54, -39.03, 0.15631, 23, 37.73, -29.61, 0.20242, 27, 4.53, -31.41, 0.64125, 3, 11, 35.91999, -48.11, 0.55078, 23, 16.18, -46.18, 0.25222, 27, -19.82, -43.46, 0.19697, 3, 11, 11.62, -56.73, 0.73711, 23, -4.25, -61.89, 0.17446, 27, -42.93, -54.9, 0.08841, 4, 11, 95.91, 20.83, 0, 23, 51.87, 37.96, 0.10438, 27, 31.56, 32.11, 8.0E-5, 31, 27.3, 10.86, 0.89552, 1, 31, 8.1, -0.11, 1, 4, 11, 83.66, -20.4, 0.00447, 23, 52.99, -5.04, 7.0E-4, 27, 24.28, -10.28, 0.96611, 31, -14.98, 2.96, 0.0287, 2, 11, 55.33, -8.39, 0.03577, 23, 22.34, -2.39, 0.96422, 3, 11, 36.53, 6.19, 0.07351, 23, -0.05, 5.65, 0.92449, 31, -12.78, 57.04, 0.00198, 2, 11, 15.16, 4.23, 0.97825, 23, -19.75, -2.82, 0.02174, 1, 11, -4.06, 2.29, 1, 2, 27, 38.87, -2.08, 0.3444, 31, -2.22, -7.86, 0.65559, 3, 11, 64.26999, -25.06, 0.05985, 23, 36, -15.47, 0.10129, 27, 5.59, -17.20999, 0.83885, 1, 23, 11.73, -1.75, 1, 3, 11, 23.49, -10.35999, 0.95439, 23, -7.31, -14.12, 0.03244, 27, -36.64, -7.45, 0.01316, 3, 11, 4.44, -8.14, 0.99774, 23, -26.12, -17.91, 3.9E-4, 27, -55.82, -7.5, 0.00185, 2, 11, 17.23, 12.73, 0.7977, 23, -20.42, 5.89, 0.20229, 3, 11, 31.36, 18.06, 0.1201, 23, -8.64, 15.33, 0.87549, 31, -4.57, 67.05, 0.00439, 2, 23, 13.52, 10.28, 0.99356, 31, -6.06, 44.36, 0.00643, 1, 27, 9.56, -2.77, 1, 4, 11, 84.21, 6.36, 0, 23, 45.23, 20.57, 0.20366, 27, 21.66, 16.35, 0.28082, 31, 9.09, 14.67, 0.5155, 4, 11, 92.07, 24.85, 0, 23, 46.98, 40.59, 0.17998, 27, 27.27, 35.64, 0.00151, 31, 29.13, 16.1, 0.8185 ],
				"hull": 18,
				"edges": [ 6, 4, 6, 8, 24, 26, 26, 28, 28, 30, 30, 32, 32, 34, 0, 34, 0, 2, 2, 4, 8, 10, 10, 12, 12, 14, 14, 16, 16, 18, 18, 20, 20, 22, 22, 24 ],
				"width": 113,
				"height": 69
			}
		},
		"hair_L2": {
			"hair_L2": {
				"type": "skinnedmesh",
				"uvs": [ 1, 0.12769, 1, 0.40819, 1, 0.59944, 1, 0.85443, 1, 1, 0.83942, 1, 0.66288, 1, 0.33782, 1, 0, 1, 0, 0.84168, 0, 0.56884, 0, 0.29089, 0, 0, 0.15008, 0, 0.45271, 0, 0.71332, 0, 1, 0, 0.95711, 0.67848, 0.78057, 0.81618, 0.562, 0.90288, 0.3042, 0.82638, 0.13046, 0.65299, 0.23695, 0.46174, 0.42189, 0.29599, 0.41909, 0.04354, 0.9403, 0.63259, 0.74414, 0.74733, 0.55079, 0.82893, 0.36865, 0.69123, 0.22013, 0.59179, 0.45552, 0.36484, 0.49755, 0.15574, 0.39667, 0.18124, 0.29579, 0.38779, 0.11645, 0.54589, 0.08283, 0.72438, 0.33782, 0.88503 ],
				"triangles": [ 24, 13, 14, 15, 16, 0, 31, 14, 15, 24, 14, 31, 32, 13, 24, 32, 24, 31, 11, 12, 13, 11, 13, 32, 23, 32, 31, 33, 11, 32, 30, 23, 31, 23, 33, 32, 33, 23, 30, 15, 0, 1, 31, 15, 1, 30, 31, 1, 22, 11, 33, 34, 11, 22, 10, 11, 34, 29, 34, 22, 21, 34, 29, 10, 34, 21, 28, 33, 30, 26, 28, 30, 22, 33, 28, 29, 22, 28, 20, 29, 28, 21, 29, 20, 35, 10, 21, 9, 10, 35, 20, 8, 9, 20, 9, 35, 35, 21, 20, 27, 28, 26, 36, 20, 28, 27, 36, 28, 18, 19, 27, 36, 27, 19, 7, 20, 36, 7, 36, 19, 8, 20, 7, 6, 19, 18, 7, 19, 6, 25, 30, 1, 2, 25, 1, 17, 25, 2, 25, 26, 30, 26, 25, 17, 18, 26, 17, 17, 2, 3, 18, 17, 3, 18, 27, 26, 5, 18, 3, 6, 18, 5, 5, 3, 4 ],
				"vertices": [ 2, 12, -9.92, -61.79, 0.26885, 32, 87.35, -36.62, 0.73114, 2, 12, -3.07, -34.59, 0.56728, 32, 64.18, -52.44, 0.43271, 2, 12, 1.59, -16.04, 0.83553, 32, 48.39, -63.22, 0.16446, 1, 12, 7.82, 8.67, 1, 1, 12, 11.38, 22.79, 1, 2, 12, 25.55, 19.21999, 0.94416, 24, -23.5, 9.42, 0.05583, 2, 12, 41.13, 15.29, 0.41194, 24, -7.7, 12.33, 0.58805, 2, 24, 21.38, 17.67, 0.8225, 28, -19.33, 8.16, 0.17749, 2, 24, 51.62, 23.22, 0.13471, 28, 2.39, 29.91, 0.86528, 2, 24, 54.48, 7.65, 0.05668, 28, 13.59, 18.71999, 0.94331, 2, 28, 32.89, -0.55, 0.69263, 32, -0.4, 13.64, 0.30736, 2, 28, 52.56, -20.19, 0.00441, 32, 22.55, 29.31, 0.99558, 1, 32, 46.57, 45.72, 1, 1, 32, 54.27, 34.43999, 1, 2, 12, 35.24, -86.34, 0.00649, 32, 69.8, 11.7, 0.9935, 2, 12, 12.25, -80.55, 0.12752, 32, 83.18, -7.87, 0.87246, 2, 12, -13.04, -74.17, 0.23099, 32, 97.89, -29.42, 0.769, 2, 12, 7.31, -9.33, 0.90288, 32, 39.66, -64.46, 0.09711, 2, 12, 26.25, 0.09, 0.99849, 24, -14.91, -7.68, 0.0015, 1, 24, 3.07, 4.42999, 1, 1, 24, 27.53, 1.14, 1, 1, 32, -0.64999, -0.9, 1, 1, 32, 20.6, 1.87, 1, 3, 12, 45.2, -58.32, 0.01329, 24, 26.57, -52.95, 1.7E-4, 32, 43.78, -2.67, 0.98652, 2, 12, 39.28, -82.86, 0.00107, 32, 64.48, 11.77, 0.99891, 2, 12, 7.67, -14.16, 0.90288, 32, 42.59, -60.61, 0.09711, 2, 12, 27.78, -7.39, 0.92106, 32, 23.05, -52.34, 0.07893, 3, 12, 46.84, -3.78, 0.15934, 24, 5.41, -2.65, 0.82606, 32, 6.38, -42.41, 0.01457, 4, 12, 59.55, -21.18, 0.1182, 24, 24.2, -13.2, 0.41755, 28, 0.52, -15.63, 0.00136, 32, 8.41, -20.95999, 0.46286, 1, 32, 9, -4.19, 1, 3, 12, 43.91, -50.9, 0.07707, 24, 22.32, -46.73, 0.00777, 32, 39.82, -9.08, 0.91514, 2, 12, 35.09, -70.24, 0.03515, 32, 59.24, -0.44, 0.96484, 1, 32, 51.96, 5.69, 1, 1, 32, 29.73, 1.62, 1, 2, 28, 27.03, -9.67, 0.22239, 32, 7.47, 6.18, 0.7776, 1, 28, 16.56, 5.1, 1, 2, 24, 23.46, 6.36, 0.79476, 28, -11.19, 0.04, 0.20523 ],
				"hull": 17,
				"edges": [ 16, 18, 24, 26, 26, 28, 28, 30, 30, 32, 0, 32, 0, 2, 2, 4, 4, 6, 6, 8, 8, 10, 10, 12, 12, 14, 14, 16, 18, 20, 20, 22, 22, 24 ],
				"width": 91,
				"height": 100
			}
		},
		"hair_R1": {
			"hair_R1": {
				"type": "skinnedmesh",
				"uvs": [ 1, 0.12078, 1, 0.36485, 1, 0.52757, 1, 0.77165, 1, 1, 0.81385, 1, 0.60565, 1, 0.42997, 1, 0.23911, 1, 0, 1, 0, 0.89368, 0, 0.71812, 0, 0.48475, 0, 0.34133, 0, 0.12934, 0, 0, 0.13718, 0, 0.34105, 0, 0.47985, 0, 0.6577, 0, 0.85506, 0, 1, 0, 0.15105, 0.81537, 0.38949, 0.87748, 0.618, 0.8644, 0.79352, 0.77941, 0.88293, 0.67479, 0.5915, 0.53748, 0.3365, 0.44268, 0.14112, 0.33806, 0.1378, 0.16152, 0.32326, 0.09287, 0.55508, 0.06672, 0.7604, 0.19421, 0.84319, 0.34133, 0.80345, 0.50806, 0.21066, 0.76306, 0.40605, 0.7696, 0.54845, 0.76633, 0.68754, 0.66498, 0.5054, 0.58979, 0.30339, 0.56037, 0.11793, 0.48191, 0.06163, 0.1321, 0.26731, 0.0437, 0.71626, 0.06939, 0.87024, 0.18715, 0.90278, 0.37556, 0.7618, 0.41195, 0.70324, 0.26422, 0.60565, 0.14861, 0.4625, 0.11435, 0.29334, 0.18501, 0.22827, 0.26851, 0.48419, 0.28778, 0.4625, 0.41195, 0.61649, 0.49545, 0.76614, 0.55969, 0.95483, 0.6753, 0.8941, 0.81018, 0.79, 0.90225, 0.21743, 0.91724 ],
				"triangles": [ 35, 47, 2, 47, 1, 2, 47, 48, 34, 47, 35, 48, 56, 49, 48, 56, 54, 49, 48, 49, 34, 1, 47, 46, 47, 34, 46, 46, 0, 1, 49, 33, 34, 34, 33, 46, 54, 50, 49, 50, 51, 32, 50, 54, 51, 49, 50, 33, 50, 45, 33, 33, 45, 46, 45, 20, 46, 46, 20, 0, 50, 19, 45, 50, 32, 19, 20, 21, 0, 45, 19, 20, 32, 18, 19, 54, 53, 52, 51, 54, 52, 51, 52, 31, 13, 43, 30, 13, 14, 43, 53, 30, 52, 30, 44, 52, 52, 44, 31, 43, 16, 30, 30, 16, 44, 16, 43, 15, 43, 14, 15, 31, 17, 51, 51, 18, 32, 51, 17, 18, 31, 44, 17, 44, 16, 17, 37, 41, 40, 39, 40, 27, 39, 38, 40, 36, 42, 41, 11, 12, 42, 39, 57, 26, 57, 35, 26, 39, 27, 57, 57, 27, 56, 41, 28, 40, 28, 55, 40, 40, 55, 27, 41, 42, 28, 35, 57, 48, 27, 55, 56, 57, 56, 48, 55, 54, 56, 12, 13, 42, 42, 29, 28, 42, 13, 29, 29, 53, 28, 55, 28, 54, 54, 28, 53, 13, 30, 29, 29, 30, 53, 5, 59, 4, 59, 3, 4, 5, 60, 59, 60, 25, 59, 24, 39, 25, 25, 26, 59, 59, 58, 3, 59, 26, 58, 25, 39, 26, 58, 2, 3, 58, 26, 2, 26, 35, 2, 6, 60, 5, 6, 24, 60, 6, 7, 24, 8, 23, 7, 24, 7, 23, 24, 23, 38, 38, 23, 37, 9, 61, 8, 8, 61, 23, 61, 10, 22, 61, 9, 10, 22, 36, 61, 61, 36, 23, 60, 24, 25, 10, 11, 22, 23, 36, 37, 24, 38, 39, 22, 11, 36, 36, 41, 37, 37, 40, 38, 11, 42, 36 ],
				"vertices": [ 4, 13, 63.33, 58.2, 0.00932, 25, 56.27, 18.17, 0.11651, 29, 8.59, -42.27, 0.01213, 35, 27.88, 23.85, 0.86202, 4, 13, 64.68, 39.21, 0.00328, 25, 40.97, 6.84, 0.49642, 29, 0.17, -25.19, 0.01851, 35, 42.53, 11.69, 0.48177, 3, 25, 30.78, -0.71, 0.52262, 29, -5.43, -13.81, 0.24041, 35, 52.3, 3.58, 0.23695, 3, 13, 66.94, 7.56, 0.02935, 25, 15.48, -12.04, 0.93918, 35, 66.94999, -8.58, 0.03145, 4, 13, 68.19999, -10.2, 0.28009, 25, 1.16999, -22.64, 0.71223, 29, -21.72, 19.23, 1.3E-4, 35, 80.66, -19.95999, 0.00752, 4, 13, 53.91, -11.22, 0.67916, 25, -7.35, -11.12, 0.31829, 29, -8.87, 25.57, 3.0E-5, 35, 71.5, -30.99, 0.00251, 1, 13, 37.91999, -12.36, 1, 1, 13, 24.42, -13.32, 1, 1, 13, 9.76, -14.36, 1, 1, 13, -8.59, -15.67, 1, 2, 13, -9.18, -7.4, 0.99514, 29, 50.99, 45.84, 0.00485, 2, 13, -10.14999, 6.25, 0.71835, 29, 57.05, 33.56, 0.28164, 2, 13, -11.45, 24.41, 0.15753, 29, 65.1, 17.24, 0.84245, 2, 13, -12.24, 35.56, 0.03577, 29, 70.04, 7.2, 0.96422, 2, 29, 77.36, -7.62, 0.01926, 33, 1.29999, 9.72, 0.98073, 1, 33, 5.43, 18.92, 1, 2, 29, 72.33999, -21.34, 4.0E-4, 33, 15.07, 14.6, 0.99959, 2, 29, 58.27, -28.28, 6.0E-5, 33, 29.39, 8.17, 0.99993, 1, 33, 39.14, 3.8, 1, 4, 13, 36.37, 65.72, 7.1E-4, 25, 48.15, 44.96, 0.00973, 29, 36.4, -39.06, 1.0E-5, 35, 3.8, 9.59, 0.98952, 4, 13, 51.53, 66.8, 0.00553, 25, 57.2, 32.75, 0.07974, 29, 22.77, -45.78, 0.00157, 35, 13.5, 21.28, 0.91314, 3, 13, 62.66, 67.58999, 0.01027, 25, 63.84, 23.78, 0.16698, 35, 20.62999, 29.87, 0.82274, 1, 13, 1.98, -0.48, 1, 1, 13, 20.64, -4.01, 1, 1, 13, 38.11, -1.74, 1, 1, 25, 5.53, 0.37, 1, 1, 25, 16.18, -0.3, 1, 1, 29, 22.43, 0.78, 1, 1, 29, 43.31, 2.83, 1, 1, 29, 60.41, 2.17, 1, 1, 33, 9.95, 3.08, 1, 1, 33, 25.17, 2.11999, 1, 1, 35, 2.75, 0.18, 1, 3, 13, 45.33, 51.17, 0.00301, 25, 40.68999, 29.59, 0.04548, 35, 20.5, 5.99, 0.9515, 3, 13, 52.51, 40.18, 0.00121, 25, 35.25999, 17.62999, 0.12512, 35, 33.41, 3.57, 0.87365, 3, 13, 50.38, 26.99, 0, 29, 8.81, -8.47999, 0.62541, 35, 41.46, -7.09, 0.37459, 2, 13, 6.27, 3.91, 0.75906, 29, 40.95, 29.53, 0.24093, 1, 13, 21.31, 4.46999, 1, 3, 13, 32.23, 5.5, 0.49195, 25, -4.87, 16.14, 0.08296, 29, 17.51, 18.26, 0.42507, 3, 13, 42.35, 14.15, 0.05925, 25, 7.84, 12.24, 0.07609, 29, 11.4, 6.43, 0.86464, 3, 13, 27.94, 19, 0.09693, 25, 4.21, 27, 0.01461, 29, 26.57, 7.38, 0.88844, 2, 13, 12.26, 20.18, 0.29475, 29, 41.54, 12.2, 0.70523, 2, 13, -2.4, 25.27, 0.15087, 29, 57.05, 13.02, 0.84912, 1, 33, 5.54, 7.58, 1, 1, 33, 22.81, 7.39, 1, 3, 13, 41.25, 60.64, 9.5E-4, 25, 46.49, 38.11, 0.01311, 35, 10.84, 9.6, 0.98593, 4, 13, 53.73, 52.32, 0.0081, 25, 46.17, 23.12, 0.12178, 29, 15.26, -33.21, 0.00412, 35, 25.48, 12.85, 0.86597, 3, 13, 57.28, 37.84, 0.00121, 25, 35.84999, 12.36, 0.12512, 35, 38.39, 5.39, 0.87365, 3, 29, 15, -13.79, 0.16103, 33, 45.8, -34.39, 4.7E-4, 35, 33.64, -4.77, 0.83848, 1, 35, 21.9, -0.87, 1, 1, 35, 10.14999, -0.89, 1, 3, 29, 45.93, -24.41, 0.03297, 33, 34.27, -3.78, 0.80911, 35, 1.05999, -7.67, 0.15791, 1, 33, 20.12999, -3.48, 1, 2, 29, 56.79, -5.65, 0.51865, 33, 12.89, -7.37, 0.48134, 3, 29, 38.45, -13.02, 0.43312, 33, 30.26, -16.81, 0.08804, 35, 12.53, -15.03, 0.47882, 3, 29, 35.66999, -3.59, 0.88639, 33, 24.77, -24.96, 0.0175, 35, 18.92, -22.5, 0.0961, 1, 29, 22.15, -3, 1, 2, 29, 9.6, -3.6, 0.79088, 35, 42.72, -11.87, 0.20911, 3, 25, 19.45, -4.77, 0.82415, 29, -7.41, -1.94, 0.05847, 35, 58.95, -6.45, 0.11737, 2, 25, 8.21, -7.27, 0.99571, 35, 64.05, -16.77, 0.00428, 3, 13, 51.53, -3.74, 0.68317, 25, -2.32, -5.11, 0.31487, 35, 64.46, -27.53, 0.00194, 1, 13, 7.64, -8.04, 1 ],
				"hull": 22,
				"edges": [ 12, 14, 30, 32, 32, 34, 34, 36, 36, 38, 38, 40, 40, 42, 2, 0, 0, 42, 2, 4, 4, 6, 6, 8, 8, 10, 10, 12, 14, 16, 16, 18, 18, 20, 20, 22, 22, 24, 24, 26, 26, 28, 28, 30 ],
				"width": 77,
				"height": 78
			}
		},
		"hair_R2": {
			"hair_R2": {
				"type": "skinnedmesh",
				"uvs": [ 1, 0.19352, 1, 0.43365, 1, 0.67379, 1, 0.85389, 1, 1, 0.78693, 1, 0.53031, 1, 0.30261, 1, 0, 1, 0, 0.82387, 0, 0.54086, 0, 0.24498, 0, 0, 0.16888, 0, 0.53031, 0, 0.92065, 0, 1, 0, 0.1725, 0.56659, 0.33876, 0.69523, 0.50501, 0.84103, 0.73633, 0.93536, 0.91704, 0.86247, 0.91343, 0.60518, 0.80861, 0.42508, 0.75801, 0.17208, 0.85921, 0.06488, 0.07491, 0.42937, 0.28816, 0.45938, 0.43634, 0.5966, 0.59537, 0.78957, 0.79054, 0.87533, 0.89174, 0.73382, 0.79777, 0.5237, 0.73271, 0.3436, 0.73994, 0.08632, 0.8303, 0.18065, 0.80861, 0.34789, 0.91704, 0.48511, 0.56646, 0.93108, 0.36044, 0.82387, 0.19418, 0.69952, 0.0713, 0.62662 ],
				"triangles": [ 15, 34, 14, 25, 34, 15, 35, 24, 34, 25, 35, 34, 15, 16, 0, 25, 15, 0, 35, 25, 0, 24, 33, 14, 24, 14, 34, 36, 24, 35, 33, 24, 36, 23, 36, 37, 0, 36, 35, 1, 36, 0, 27, 14, 33, 1, 37, 36, 23, 32, 33, 23, 33, 36, 32, 23, 37, 28, 33, 32, 22, 32, 37, 22, 37, 1, 2, 22, 1, 31, 32, 22, 31, 22, 2, 29, 32, 31, 31, 2, 3, 21, 31, 3, 30, 29, 31, 30, 31, 21, 30, 20, 29, 5, 20, 30, 5, 6, 20, 21, 3, 4, 5, 30, 21, 4, 5, 21, 28, 27, 33, 18, 27, 28, 29, 28, 32, 19, 18, 28, 19, 39, 18, 28, 29, 19, 38, 19, 29, 20, 38, 29, 39, 7, 40, 39, 40, 18, 6, 19, 38, 39, 19, 6, 7, 39, 6, 6, 38, 20, 11, 12, 13, 27, 26, 11, 27, 13, 14, 27, 11, 13, 10, 11, 26, 17, 26, 27, 10, 26, 17, 41, 10, 17, 17, 27, 18, 40, 17, 18, 41, 17, 40, 9, 10, 41, 9, 41, 40, 7, 8, 9, 7, 9, 40 ],
				"vertices": [ 3, 14, 73.99, 26.1, 2.8E-4, 26, 16.82, 48.65, 0, 34, 34.52, -12.9, 0.99971, 1, 34, 20.77, -9.46, 1, 2, 14, 74.87999, -2.21, 0, 34, 7.03, -6.02, 1, 3, 14, 75.22, -12.83, 0, 30, 23.75, -3.2, 0.56333, 34, -3.27, -3.44, 0.43666, 3, 14, 75.49, -21.45, 0, 30, 20.14, -11.02, 0.90399, 34, -11.63, -1.35, 0.096, 2, 14, 60.59, -21.92, 0, 30, 6.6, -4.78, 0.99999, 4, 14, 42.63, -22.49, 0.0215, 26, 24.42, -8.68, 0.96586, 30, -9.71, 2.73, 0.01262, 34, -3.65, 30.54, 0, 3, 14, 26.7, -22.99, 0.35197, 26, 12.61, -19.39, 0.648, 34, 0.21, 46, 2.0E-5, 3, 14, 5.53, -23.66, 0.81029, 26, -3.08, -33.62, 0.18957, 34, 5.35, 66.55, 1.2E-4, 3, 14, 5.19999, -13.28, 0.87913, 26, -10.06, -25.91, 0.12072, 34, 15.43, 64.03, 1.3E-4, 2, 14, 4.67, 3.4, 0.99918, 34, 31.63, 59.97, 8.1E-4, 2, 14, 4.12, 20.85, 0.96649, 34, 48.57, 55.73, 0.0335, 2, 14, 3.66, 35.3, 0.94623, 34, 62.59, 52.22, 0.05376, 3, 14, 15.48, 35.66999, 0.89618, 26, -33.95, 18.04, 0.00639, 34, 59.72, 40.75999, 0.09741, 3, 14, 40.77, 36.47, 0.31308, 26, -15.2, 35.03, 0.05754, 34, 53.58, 16.20999, 0.62936, 3, 14, 68.08, 37.33, 0.00141, 26, 5.04, 53.39, 2.0E-5, 34, 46.94, -10.28, 0.99856, 3, 14, 73.62999, 37.50999, 0.00145, 26, 9.14999, 57.12, 2.0E-5, 34, 45.59, -15.67, 0.99851, 2, 14, 16.79, 2.27, 0.99884, 34, 27.23, 48.63, 0.00115, 2, 14, 28.66, -4.94, 0.37689, 26, 2.4, -4.36, 0.6231, 2, 14, 40.56, -13.17, 0.04543, 26, 16.81, -2.92, 0.95456, 2, 26, 32.54, 3.82, 0.06294, 30, 4.98, 0.16, 0.93705, 2, 30, 18.27, -1.22, 0.5, 34, -2.34999, 2.31, 0.5, 1, 34, 12.43, -1.12, 1, 2, 26, 16.07, 29.53, 0.00341, 34, 24.52, 3.41, 0.99658, 3, 14, 57.02, 26.83, 0.01882, 26, 3.42, 38.21, 0.01821, 34, 39.86, 3.22, 0.96296, 2, 14, 63.9, 33.37, 3.9E-4, 34, 44.27, -5.17999, 0.9996, 2, 14, 9.7, 10.14, 0.98372, 34, 36.74, 53.29, 0.01627, 3, 14, 24.68, 8.84, 0.79101, 26, -9.56, 3.56, 0.16178, 34, 31.4, 39.24, 0.04719, 3, 14, 35.3, 1.08, 0.15493, 26, 3.56, 4.53, 0.74632, 34, 21.03, 31.14, 0.09873, 3, 26, 19.45, 3.57, 0.89535, 30, -0.37, 12.1, 0.05141, 34, 7.28, 23.11, 0.05322, 3, 26, 32.98, 8.99, 0.02934, 30, 9.91, 1.78, 0.90498, 34, -0.94, 11.08, 0.06566, 1, 34, 5.43, 2.18, 1, 4, 14, 60.46, 6.18, 1.3E-4, 26, 19.42, 24.71, 0.04336, 30, 19.04999, 20.41, 3.9E-4, 34, 19.06, 5.55, 0.9561, 3, 14, 55.57, 16.66, 0.02378, 26, 8.91, 29.52, 0.11988, 34, 30.47, 7.39, 0.85633, 3, 14, 55.59, 31.84, 0.03719, 26, -0.91, 41.11, 0.01348, 34, 45.07, 3.22, 0.94931, 1, 34, 38.14, -1.56, 1, 3, 14, 60.89, 16.57, 0.00289, 26, 13.01, 32.91, 0.02458, 34, 28.93, 2.3, 0.97252, 1, 34, 19.24, -3.09, 1, 2, 14, 45.03, -18.35, 0.00875, 26, 23.56, -3.97, 0.99123, 3, 14, 30.42, -12.48, 0.1932, 26, 8.63, -8.97, 0.80678, 34, 9.31, 39.55, 0, 2, 14, 18.54999, -5.52, 0.84563, 26, -4.92, -11.35, 0.15436, 2, 14, 9.82, -1.49, 0.98441, 26, -14.18, -13.94, 0.01558 ],
				"hull": 17,
				"edges": [ 30, 32, 8, 10, 24, 26, 26, 28, 28, 30, 0, 32, 0, 2, 2, 4, 4, 6, 6, 8, 10, 12, 12, 14, 14, 16, 16, 18, 18, 20, 20, 22, 22, 24 ],
				"width": 70,
				"height": 59
			}
		},
		"hand": {
			"hand": { "x": 18.93, "y": -43.01, "rotation": -110.7, "width": 300, "height": 300 }
		},
		"leg_L": {
			"leg_L": { "x": -51.18, "y": 33.16, "rotation": 88.64, "width": 300, "height": 300 }
		},
		"leg_L_light": {
			"leg_L_light": { "x": -51.18, "y": 33.16, "rotation": 88.64, "width": 300, "height": 300 }
		},
		"leg_R": {
			"leg_R": { "x": -64.17, "y": 0.31, "rotation": 94.95, "width": 300, "height": 300 }
		},
		"leg_R_light": {
			"leg_R_light": { "x": -64.17, "y": 0.31, "rotation": 94.95, "width": 300, "height": 300 }
		}
	},
	"damage": {
		"Light_Body": {
			"Light_Body_Change": { "name": "Rodney_ship_body_damage_light", "x": 128.88, "y": 9.87, "rotation": -90, "width": 300, "height": 300 }
		},
		"Rodney_body_normal": {
			"Body_Change": { "name": "Rodney_body_damage", "x": 128.88, "y": 9.87, "rotation": -90, "width": 300, "height": 300 }
		},
		"fish_L": {
			"change": { "name": "fish_L_damage", "x": -29.1, "y": 85.65, "rotation": 87.29, "width": 300, "height": 300 }
		},
		"fish_R": {
			"change": { "name": "fish_R_damage", "x": -51.51, "y": 8.06, "rotation": 34.62, "width": 300, "height": 300 }
		},
		"fish_R_light": {
			"change": { "name": "fish_R_damage_light", "x": -51.51, "y": 8.06, "rotation": 34.62, "width": 300, "height": 300 }
		}
	},
	"normal": {
		"Light_Body": {
			"Light_Body_Change": { "name": "Rodney_ship_body_normal_light", "x": 128.88, "y": 9.87, "rotation": -90, "width": 300, "height": 300 }
		},
		"Rodney_body_normal": {
			"Body_Change": { "name": "Rodney_body_normal", "x": 128.88, "y": 9.87, "rotation": -90, "width": 300, "height": 300 }
		},
		"fish_L": {
			"change": { "name": "fish_L", "x": -29.1, "y": 85.65, "rotation": 87.29, "width": 300, "height": 300 }
		},
		"fish_R": {
			"change": { "name": "fish_R", "x": -51.51, "y": 8.07, "rotation": 34.62, "width": 300, "height": 300 }
		},
		"fish_R_light": {
			"change": { "name": "fish_R_light", "x": -51.51, "y": 8.07, "rotation": 34.62, "width": 300, "height": 300 }
		}
	}
},
"events": {
	"Antiaircraft": {},
	"attack_point": {},
	"damage_point": {},
	"throw_point": {}
},
"animations": {
	"Antiaircraft": {
		"slots": {
			"Light_Body": {
				"attachment": [
					{ "time": 0, "name": null },
					{ "time": 0.0666, "name": "Light_Body_Change" },
					{ "time": 0.5, "name": null },
					{ "time": 0.6, "name": "Light_Body_Change" },
					{ "time": 0.8, "name": "Light_Body_Change" },
					{ "time": 1.2666, "name": null },
					{ "time": 1.3666, "name": "Light_Body_Change" },
					{ "time": 2, "name": null }
				],
				"color": [
					{ "time": 0.0666, "color": "fffffffd" },
					{ "time": 0.1666, "color": "ffffff00" },
					{ "time": 0.2, "color": "ffffffff" },
					{ "time": 0.3333, "color": "ffffff00" },
					{ "time": 0.3666, "color": "ffffffff" },
					{ "time": 0.4666, "color": "ffffff00" },
					{ "time": 0.6, "color": "ffffffff" },
					{ "time": 0.7333, "color": "ffffff00" },
					{ "time": 0.8, "color": "ffffffff" },
					{ "time": 0.9, "color": "ffffff00" },
					{ "time": 0.9666, "color": "ffffffff" },
					{ "time": 1.1, "color": "ffffff00" },
					{ "time": 1.1333, "color": "ffffffff" },
					{ "time": 1.2333, "color": "ffffff00" },
					{ "time": 1.3666, "color": "ffffffff" },
					{ "time": 1.4666, "color": "ffffff00" },
					{ "time": 1.5333, "color": "ffffffff" },
					{ "time": 1.6333, "color": "ffffff00" },
					{ "time": 1.7, "color": "ffffffff" },
					{ "time": 1.8333, "color": "ffffff00" },
					{ "time": 1.8666, "color": "ffffffff" },
					{ "time": 1.9666, "color": "ffffff00" }
				]
			},
			"Rodney_body_normal": {
				"attachment": [
					{ "time": 0, "name": "Body_Change" }
				]
			},
			"fish_R_light": {
				"color": [
					{ "time": 0.0666, "color": "fffffffd" },
					{ "time": 0.1666, "color": "ffffff00" },
					{ "time": 0.2, "color": "ffffffff" },
					{ "time": 0.3333, "color": "ffffff00" },
					{ "time": 0.3666, "color": "ffffffff" },
					{ "time": 0.4666, "color": "ffffff00" },
					{ "time": 0.6, "color": "ffffffff" },
					{ "time": 0.7333, "color": "ffffff00" },
					{ "time": 0.8, "color": "ffffffff" },
					{ "time": 0.9, "color": "ffffff00" },
					{ "time": 0.9666, "color": "ffffffff" },
					{ "time": 1.1, "color": "ffffff00" },
					{ "time": 1.1333, "color": "ffffffff" },
					{ "time": 1.2333, "color": "ffffff00" },
					{ "time": 1.3666, "color": "ffffffff" },
					{ "time": 1.4666, "color": "ffffff00" },
					{ "time": 1.5333, "color": "ffffffff" },
					{ "time": 1.6333, "color": "ffffff00" },
					{ "time": 1.7, "color": "ffffffff" },
					{ "time": 1.8333, "color": "ffffff00" },
					{ "time": 1.8666, "color": "ffffffff" },
					{ "time": 1.9666, "color": "ffffff00" }
				]
			},
			"leg_L_light": {
				"color": [
					{ "time": 0.0666, "color": "fffffffd" },
					{ "time": 0.1666, "color": "ffffff00" },
					{ "time": 0.2, "color": "ffffffff" },
					{ "time": 0.3333, "color": "ffffff00" },
					{ "time": 0.3666, "color": "ffffffff" },
					{ "time": 0.4666, "color": "ffffff00" },
					{ "time": 0.6, "color": "ffffffff" },
					{ "time": 0.7333, "color": "ffffff00" },
					{ "time": 0.8, "color": "ffffffff" },
					{ "time": 0.9, "color": "ffffff00" },
					{ "time": 0.9666, "color": "ffffffff" },
					{ "time": 1.1, "color": "ffffff00" },
					{ "time": 1.1333, "color": "ffffffff" },
					{ "time": 1.2333, "color": "ffffff00" },
					{ "time": 1.3666, "color": "ffffffff" },
					{ "time": 1.4666, "color": "ffffff00" },
					{ "time": 1.5333, "color": "ffffffff" },
					{ "time": 1.6333, "color": "ffffff00" },
					{ "time": 1.7, "color": "ffffffff" },
					{ "time": 1.8333, "color": "ffffff00" },
					{ "time": 1.8666, "color": "ffffffff" },
					{ "time": 1.9666, "color": "ffffff00" }
				]
			},
			"leg_R_light": {
				"color": [
					{ "time": 0.0666, "color": "fffffffd" },
					{ "time": 0.1666, "color": "ffffff00" },
					{ "time": 0.2, "color": "ffffffff" },
					{ "time": 0.3333, "color": "ffffff00" },
					{ "time": 0.3666, "color": "ffffffff" },
					{ "time": 0.4666, "color": "ffffff00" },
					{ "time": 0.6, "color": "ffffffff" },
					{ "time": 0.7333, "color": "ffffff00" },
					{ "time": 0.8, "color": "ffffffff" },
					{ "time": 0.9, "color": "ffffff00" },
					{ "time": 0.9666, "color": "ffffffff" },
					{ "time": 1.1, "color": "ffffff00" },
					{ "time": 1.1333, "color": "ffffffff" },
					{ "time": 1.2333, "color": "ffffff00" },
					{ "time": 1.3666, "color": "ffffffff" },
					{ "time": 1.4666, "color": "ffffff00" },
					{ "time": 1.5333, "color": "ffffffff" },
					{ "time": 1.6333, "color": "ffffff00" },
					{ "time": 1.7, "color": "ffffffff" },
					{ "time": 1.8333, "color": "ffffff00" },
					{ "time": 1.8666, "color": "ffffffff" },
					{ "time": 1.9666, "color": "ffffff00" }
				]
			}
		},
		"bones": {
			"Body": {
				"rotate": [
					{ "time": 0, "angle": 0, "curve": "stepped" },
					{ "time": 2, "angle": 0 }
				],
				"translate": [
					{ "time": 0, "x": 0, "y": 0, "curve": "stepped" },
					{ "time": 2, "x": 0, "y": 0 }
				]
			},
			"Root_All": {
				"rotate": [
					{ "time": 0, "angle": 0, "curve": "stepped" },
					{ "time": 2, "angle": 0 }
				],
				"translate": [
					{
						"time": 0,
						"x": 0,
						"y": 0,
						"curve": [ 0.255, 0.35, 0.6, 0.7 ]
					},
					{
						"time": 0.5,
						"x": 0,
						"y": -9.82,
						"curve": [ 0.3, 0.39, 0.641, 0.74 ]
					},
					{
						"time": 1,
						"x": 0,
						"y": -15.66,
						"curve": [ 0.322, 0.37, 0.652, 0.7 ]
					},
					{
						"time": 1.5,
						"x": 0,
						"y": -7.79,
						"curve": [ 0.314, 0.36, 0.644, 0.68 ]
					},
					{ "time": 2, "x": 0, "y": 0 }
				]
			},
			"Ship_All": {
				"rotate": [
					{ "time": 0, "angle": 0, "curve": "stepped" },
					{ "time": 2, "angle": 0 }
				],
				"translate": [
					{ "time": 0, "x": 0, "y": 0, "curve": "stepped" },
					{ "time": 2, "x": 0, "y": 0 }
				]
			},
			"Face": {
				"rotate": [
					{ "time": 0, "angle": 0, "curve": "stepped" },
					{ "time": 2, "angle": 0 }
				],
				"translate": [
					{
						"time": 0,
						"x": 0,
						"y": 0,
						"curve": [ 0.286, 0.34, 0.623, 0.67 ]
					},
					{
						"time": 0.5,
						"x": 0.64,
						"y": 0,
						"curve": [ 0.282, 0.37, 0.624, 0.71 ]
					},
					{
						"time": 1.5,
						"x": -1.28,
						"y": 0,
						"curve": [ 0.321, 0.37, 0.656, 0.71 ]
					},
					{ "time": 2, "x": 0, "y": 0 }
				]
			},
			"back": {
				"rotate": [
					{ "time": 0, "angle": 0 },
					{ "time": 1, "angle": 4.05 },
					{ "time": 2, "angle": 0 }
				],
				"translate": [
					{ "time": 0, "x": 0, "y": 0 },
					{ "time": 1, "x": -7.25, "y": -2.52 },
					{ "time": 2, "x": 0, "y": 0 }
				]
			},
			"Leg_L": {
				"rotate": [
					{ "time": 0, "angle": 0 },
					{ "time": 1, "angle": 13.89 },
					{ "time": 2, "angle": 0 }
				],
				"translate": [
					{ "time": 0, "x": 0, "y": 0, "curve": "stepped" },
					{ "time": 2, "x": 0, "y": 0 }
				]
			},
			"Leg_R": {
				"rotate": [
					{ "time": 0, "angle": 0 },
					{ "time": 1, "angle": -6.69 },
					{ "time": 2, "angle": 0 }
				],
				"translate": [
					{ "time": 0, "x": 0, "y": 0, "curve": "stepped" },
					{ "time": 2, "x": 0, "y": 0 }
				]
			},
			"Fish_R": {
				"rotate": [
					{ "time": 0, "angle": 0 },
					{ "time": 0.5, "angle": 7.53 },
					{ "time": 1.5, "angle": -10.44 },
					{ "time": 2, "angle": 0 }
				],
				"translate": [
					{ "time": 0, "x": 0, "y": 0 },
					{ "time": 0.5, "x": -10.48, "y": 0 },
					{ "time": 1.5, "x": 4.52, "y": 0 },
					{ "time": 2, "x": 0, "y": 0 }
				]
			},
			"hand": {
				"rotate": [
					{ "time": 0, "angle": 0 },
					{ "time": 0.5, "angle": -4.26 },
					{ "time": 1.5, "angle": 2.08 },
					{ "time": 2, "angle": 0 }
				],
				"translate": [
					{ "time": 0, "x": 0, "y": 0, "curve": "stepped" },
					{ "time": 2, "x": 0, "y": 0 }
				]
			},
			"Hair_R2": {
				"rotate": [
					{ "time": 0, "angle": 0 },
					{ "time": 0.6666, "angle": 12.07 },
					{ "time": 1.4333, "angle": 2.96 },
					{ "time": 2, "angle": 0 }
				],
				"translate": [
					{ "time": 0, "x": 0, "y": 0, "curve": "stepped" },
					{ "time": 2, "x": 0, "y": 0 }
				]
			},
			"hair_R2_4": {
				"rotate": [
					{ "time": 0, "angle": 0 },
					{ "time": 0.6666, "angle": 14.4 },
					{ "time": 1.4333, "angle": 15.1 },
					{ "time": 2, "angle": 0 }
				],
				"translate": [
					{ "time": 0, "x": 0, "y": 0, "curve": "stepped" },
					{ "time": 2, "x": 0, "y": 0 }
				]
			},
			"hair_R2_3": {
				"rotate": [
					{ "time": 0, "angle": 0 },
					{ "time": 0.6666, "angle": -18.99 },
					{ "time": 1.4333, "angle": -25.45 },
					{ "time": 2, "angle": 0 }
				],
				"translate": [
					{ "time": 0, "x": 0, "y": 0, "curve": "stepped" },
					{ "time": 2, "x": 0, "y": 0 }
				]
			},
			"hair_R2_2": {
				"rotate": [
					{ "time": 0, "angle": 0 },
					{ "time": 0.6666, "angle": -6.22 },
					{ "time": 1.4333, "angle": 6.1 },
					{ "time": 2, "angle": 0 }
				],
				"translate": [
					{ "time": 0, "x": 0, "y": 0, "curve": "stepped" },
					{ "time": 2, "x": 0, "y": 0 }
				]
			},
			"hair_R1_5": {
				"rotate": [
					{ "time": 0, "angle": 0, "curve": "stepped" },
					{ "time": 2, "angle": 0 }
				],
				"translate": [
					{ "time": 0, "x": 0, "y": 0, "curve": "stepped" },
					{ "time": 2, "x": 0, "y": 0 }
				]
			},
			"hair_R1_4": {
				"rotate": [
					{ "time": 0, "angle": 0 },
					{ "time": 0.6666, "angle": 15.75 },
					{ "time": 1.3333, "angle": -7.05 },
					{ "time": 2, "angle": 0 }
				],
				"translate": [
					{ "time": 0, "x": 0, "y": 0, "curve": "stepped" },
					{ "time": 2, "x": 0, "y": 0 }
				]
			},
			"hair_R1_3": {
				"rotate": [
					{ "time": 0, "angle": 0 },
					{ "time": 0.6666, "angle": 2 },
					{ "time": 1.3333, "angle": -10.84 },
					{ "time": 2, "angle": 0 }
				],
				"translate": [
					{ "time": 0, "x": 0, "y": 0, "curve": "stepped" },
					{ "time": 2, "x": 0, "y": 0 }
				]
			},
			"hair_R1_2": {
				"rotate": [
					{ "time": 0, "angle": 0 },
					{ "time": 0.6666, "angle": -0.1 },
					{ "time": 1.3333, "angle": -11.7 },
					{ "time": 2, "angle": 0 }
				],
				"translate": [
					{ "time": 0, "x": 0, "y": 0, "curve": "stepped" },
					{ "time": 2, "x": 0, "y": 0 }
				]
			},
			"Hair_R1": {
				"rotate": [
					{ "time": 0, "angle": 0 },
					{ "time": 0.6666, "angle": -24.59 },
					{ "time": 1.3333, "angle": -16.04 },
					{ "time": 2, "angle": 0 }
				],
				"translate": [
					{ "time": 0, "x": 0, "y": 0, "curve": "stepped" },
					{ "time": 2, "x": 0, "y": 0 }
				]
			},
			"hair_L2_4": {
				"rotate": [
					{ "time": 0, "angle": 0 },
					{ "time": 0.8333, "angle": -13.47 },
					{ "time": 1.6666, "angle": -18.91 },
					{ "time": 2, "angle": 0 }
				],
				"translate": [
					{ "time": 0, "x": 0, "y": 0, "curve": "stepped" },
					{ "time": 2, "x": 0, "y": 0 }
				]
			},
			"hair_L2_3": {
				"rotate": [
					{ "time": 0, "angle": 0 },
					{ "time": 0.8333, "angle": -2.99 },
					{ "time": 1.6666, "angle": 12.48 },
					{ "time": 2, "angle": 0 }
				],
				"translate": [
					{ "time": 0, "x": 0, "y": 0, "curve": "stepped" },
					{ "time": 2, "x": 0, "y": 0 }
				]
			},
			"hair_L2_2": {
				"rotate": [
					{ "time": 0, "angle": 0 },
					{ "time": 0.8333, "angle": -2.59 },
					{ "time": 1.6666, "angle": 12.95 },
					{ "time": 2, "angle": 0 }
				],
				"translate": [
					{ "time": 0, "x": 0, "y": 0, "curve": "stepped" },
					{ "time": 2, "x": 0, "y": 0 }
				]
			},
			"Hair_L2": {
				"rotate": [
					{ "time": 0, "angle": 0 },
					{ "time": 0.8333, "angle": -2.34 },
					{ "time": 1.6666, "angle": -2.84 },
					{ "time": 2, "angle": 0 }
				],
				"translate": [
					{ "time": 0, "x": 0, "y": 0, "curve": "stepped" },
					{ "time": 2, "x": 0, "y": 0 }
				]
			},
			"hair_L1_4": {
				"rotate": [
					{ "time": 0, "angle": 0 },
					{ "time": 0.6666, "angle": -0.52 },
					{ "time": 1.3333, "angle": -7.9 },
					{ "time": 2, "angle": 0 }
				],
				"translate": [
					{ "time": 0, "x": 0, "y": 0, "curve": "stepped" },
					{ "time": 2, "x": 0, "y": 0 }
				]
			},
			"hair_L1_3": {
				"rotate": [
					{ "time": 0, "angle": 0 },
					{ "time": 0.6666, "angle": -16.35 },
					{ "time": 1.3333, "angle": -12.23 },
					{ "time": 2, "angle": 0 }
				],
				"translate": [
					{ "time": 0, "x": 0, "y": 0, "curve": "stepped" },
					{ "time": 2, "x": 0, "y": 0 }
				]
			},
			"hair_L1_2": {
				"rotate": [
					{ "time": 0, "angle": 0 },
					{ "time": 0.6666, "angle": -15.99 },
					{ "time": 1.3333, "angle": 1.27 },
					{ "time": 2, "angle": 0 }
				],
				"translate": [
					{ "time": 0, "x": 0, "y": 0, "curve": "stepped" },
					{ "time": 2, "x": 0, "y": 0 }
				]
			},
			"Hair_L1": {
				"rotate": [
					{ "time": 0, "angle": 0 },
					{ "time": 0.6666, "angle": 3.26 },
					{ "time": 1.3333, "angle": 16.1 },
					{ "time": 2, "angle": 0 }
				],
				"translate": [
					{ "time": 0, "x": 0, "y": 0, "curve": "stepped" },
					{ "time": 2, "x": 0, "y": 0 }
				]
			},
			"Fish_L": {
				"rotate": [
					{ "time": 0, "angle": 0 },
					{ "time": 0.5, "angle": 352.06 },
					{ "time": 1.5, "angle": 11.86 },
					{ "time": 2, "angle": 0 }
				],
				"translate": [
					{ "time": 0, "x": 0, "y": 0 },
					{ "time": 0.5, "x": 11.1, "y": 0 },
					{ "time": 1.5, "x": -7.4, "y": 0 },
					{ "time": 2, "x": 0, "y": 0 }
				]
			}
		},
		"events": [
			{ "time": 0.0666, "name": "Antiaircraft" }
		]
	},
	"attack": {
		"slots": {
			"Light_Body": {
				"attachment": [
					{ "time": 0, "name": null },
					{ "time": 0.0666, "name": null },
					{ "time": 0.1, "name": "Light_Body_Change" },
					{ "time": 0.5, "name": "Light_Body_Change" }
				],
				"color": [
					{ "time": 0.5333, "color": "fffffffb" },
					{ "time": 0.8333, "color": "ffffff00" }
				]
			},
			"Rodney_body_normal": {
				"attachment": [
					{ "time": 0, "name": "Body_Change" },
					{ "time": 0.9, "name": "Body_Change" }
				]
			}
		},
		"bones": {
			"Root_All": {
				"rotate": [
					{ "time": 0, "angle": 0, "curve": "stepped" },
					{ "time": 1.6666, "angle": 0 }
				],
				"translate": [
					{
						"time": 0,
						"x": 0,
						"y": 0,
						"curve": [ 0.255, 0.35, 0.6, 0.7 ]
					},
					{ "time": 0.0666, "x": 8.69, "y": 0 },
					{ "time": 0.1666, "x": -87.44, "y": 0 },
					{ "time": 0.3333, "x": -61.04, "y": 0 },
					{ "time": 0.5333, "x": -69.84, "y": 0 },
					{ "time": 1, "x": -85.6, "y": 0 },
					{ "time": 1.4, "x": 15.07, "y": 0 },
					{ "time": 1.6666, "x": 0, "y": 0 }
				]
			},
			"Face": {
				"rotate": [
					{ "time": 0, "angle": 0, "curve": "stepped" },
					{ "time": 1.6666, "angle": 0 }
				],
				"translate": [
					{
						"time": 0,
						"x": 0,
						"y": 0,
						"curve": [ 0.286, 0.34, 0.623, 0.67 ]
					},
					{ "time": 0.1666, "x": 0, "y": 3.4 },
					{ "time": 0.3333, "x": 0, "y": -0.66 },
					{ "time": 0.9, "x": 0, "y": -1.2 },
					{ "time": 1, "x": 0, "y": -0.44 },
					{ "time": 1.4, "x": 0, "y": -5.01 },
					{ "time": 1.6666, "x": 0, "y": 0 }
				]
			},
			"Ship_All": {
				"rotate": [
					{ "time": 0, "angle": 0, "curve": "stepped" },
					{ "time": 1.6666, "angle": 0 }
				],
				"translate": [
					{ "time": 0, "x": 0, "y": 0, "curve": "stepped" },
					{ "time": 1.6666, "x": 0, "y": 0 }
				]
			},
			"Body": {
				"rotate": [
					{ "time": 0, "angle": 0, "curve": "stepped" },
					{ "time": 1.6666, "angle": 0 }
				],
				"translate": [
					{ "time": 0, "x": 0, "y": 0, "curve": "stepped" },
					{ "time": 1.6666, "x": 0, "y": 0 }
				]
			},
			"Attack_Point": {
				"rotate": [
					{ "time": 0.0666, "angle": 0 }
				],
				"translate": [
					{ "time": 0.0666, "x": 0, "y": 0 }
				]
			},
			"back": {
				"rotate": [
					{ "time": 0, "angle": 0 },
					{ "time": 0.8333, "angle": 4.39 },
					{ "time": 1.6666, "angle": 0 }
				],
				"translate": [
					{ "time": 0, "x": 0, "y": 0 },
					{ "time": 0.8333, "x": -5.1, "y": 5.1 },
					{ "time": 1.6666, "x": 0, "y": 0 }
				]
			}
		},
		"events": [
			{ "time": 0.0666, "name": "attack_point" }
		]
	},
	"damage": {
		"slots": {
			"Light_Body": {
				"attachment": [
					{ "time": 0, "name": null },
					{ "time": 0.0666, "name": "Light_Body_Change" },
					{ "time": 0.7666, "name": null }
				],
				"color": [
					{ "time": 0.5333, "color": "fffffffc" },
					{ "time": 0.7666, "color": "ffffff00" }
				]
			},
			"Rodney_body_normal": {
				"attachment": [
					{ "time": 0, "name": "Body_Change" },
					{ "time": 0.8666, "name": "Body_Change" }
				],
				"color": [
					{ "time": 0.0666, "color": "8c4c51ff", "curve": "stepped" },
					{ "time": 0.7666, "color": "8c4c51ff" },
					{ "time": 1.1333, "color": "ffffffff" }
				]
			},
			"Rodney_eyes_normal": {
				"attachment": [
					{ "time": 0.0666, "name": "Rodney_eyes_damage" },
					{ "time": 1.1333, "name": "Rodney_eyes_normal" }
				],
				"color": [
					{ "time": 0.0666, "color": "8c4c51ff", "curve": "stepped" },
					{ "time": 0.7666, "color": "8c4c51ff" },
					{ "time": 1.1333, "color": "ffffffff" }
				]
			},
			"back": {
				"color": [
					{ "time": 0, "color": "ffffffff" },
					{ "time": 0.0666, "color": "8c4c51ff", "curve": "stepped" },
					{ "time": 0.8666, "color": "8c4c51ff" },
					{ "time": 1.1666, "color": "ffffffff" }
				]
			},
			"fish_L": {
				"color": [
					{ "time": 0.0666, "color": "8c4c51ff", "curve": "stepped" },
					{ "time": 0.7666, "color": "8c4c51ff" },
					{ "time": 1.1333, "color": "ffffffff" }
				]
			},
			"fish_R": {
				"color": [
					{ "time": 0.0666, "color": "8c4c51ff", "curve": "stepped" },
					{ "time": 0.7666, "color": "8c4c51ff" },
					{ "time": 1.1333, "color": "ffffffff" }
				]
			},
			"fish_R_light": {
				"color": [
					{ "time": 0.5333, "color": "fffffffc" },
					{ "time": 0.7666, "color": "ffffff00" }
				]
			},
			"hair_L1": {
				"color": [
					{ "time": 0.0666, "color": "8c4c51ff", "curve": "stepped" },
					{ "time": 0.7666, "color": "8c4c51ff" },
					{ "time": 1.1333, "color": "ffffffff" }
				]
			},
			"hair_L2": {
				"color": [
					{ "time": 0.0666, "color": "8c4c51ff", "curve": "stepped" },
					{ "time": 0.7666, "color": "8c4c51ff" },
					{ "time": 1.1333, "color": "ffffffff" }
				]
			},
			"hair_R1": {
				"color": [
					{ "time": 0.0666, "color": "8c4c51ff", "curve": "stepped" },
					{ "time": 0.7666, "color": "8c4c51ff" },
					{ "time": 1.1333, "color": "ffffffff" }
				]
			},
			"hair_R2": {
				"color": [
					{ "time": 0.0666, "color": "8c4c51ff", "curve": "stepped" },
					{ "time": 0.7666, "color": "8c4c51ff" },
					{ "time": 1.1333, "color": "ffffffff" }
				]
			},
			"hand": {
				"color": [
					{ "time": 0.0666, "color": "8c4c51ff", "curve": "stepped" },
					{ "time": 0.7666, "color": "8c4c51ff" },
					{ "time": 1.1333, "color": "ffffffff" }
				]
			},
			"leg_L": {
				"color": [
					{ "time": 0.0666, "color": "8c4c51ff", "curve": "stepped" },
					{ "time": 0.7666, "color": "8c4c51ff" },
					{ "time": 1.1333, "color": "ffffffff" }
				]
			},
			"leg_L_light": {
				"color": [
					{ "time": 0.5333, "color": "fffffffc" },
					{ "time": 0.7666, "color": "ffffff00" }
				]
			},
			"leg_R": {
				"color": [
					{ "time": 0.0666, "color": "8c4c51ff", "curve": "stepped" },
					{ "time": 0.7666, "color": "8c4c51ff" },
					{ "time": 1.1333, "color": "ffffffff" }
				]
			},
			"leg_R_light": {
				"color": [
					{ "time": 0.5333, "color": "fffffffc" },
					{ "time": 0.7666, "color": "ffffff00" }
				]
			}
		},
		"bones": {
			"Root_All": {
				"rotate": [
					{ "time": 0, "angle": 0, "curve": "stepped" },
					{ "time": 1.1666, "angle": 0 }
				],
				"translate": [
					{
						"time": 0,
						"x": 0,
						"y": 0,
						"curve": [ 0.255, 0.35, 0.6, 0.7 ]
					},
					{ "time": 0.0666, "x": -27.67, "y": -23.16 },
					{ "time": 0.1333, "x": 20.98, "y": 15.35 },
					{ "time": 0.2333, "x": -19.78, "y": -15.62 },
					{ "time": 0.3666, "x": 14.36, "y": 8.59 },
					{ "time": 0.5666, "x": -3.37, "y": -4.5 },
					{ "time": 0.8666, "x": 5.63, "y": 2.25 },
					{ "time": 1.1666, "x": 0, "y": 0 }
				]
			},
			"Face": {
				"rotate": [
					{ "time": 0, "angle": 0, "curve": "stepped" },
					{ "time": 1.1666, "angle": 0 }
				],
				"translate": [
					{
						"time": 0,
						"x": 0,
						"y": 0,
						"curve": [ 0.286, 0.34, 0.623, 0.67 ]
					},
					{ "time": 0.0666, "x": -5.44, "y": 0 },
					{ "time": 0.1333, "x": -0.44, "y": 0 },
					{ "time": 0.2333, "x": -5.06, "y": 0 },
					{ "time": 0.3666, "x": -2.01, "y": 0 },
					{ "time": 1.1666, "x": 0, "y": 0 }
				]
			},
			"Ship_All": {
				"rotate": [
					{ "time": 0, "angle": 0, "curve": "stepped" },
					{ "time": 1.1666, "angle": 0 }
				],
				"translate": [
					{ "time": 0, "x": 0, "y": 0, "curve": "stepped" },
					{ "time": 1.1666, "x": 0, "y": 0 }
				]
			},
			"Body": {
				"rotate": [
					{ "time": 0, "angle": 0, "curve": "stepped" },
					{ "time": 1.1666, "angle": 0 }
				],
				"translate": [
					{ "time": 0, "x": 0, "y": 0, "curve": "stepped" },
					{ "time": 1.1666, "x": 0, "y": 0 }
				]
			},
			"Damage_Point": {
				"rotate": [
					{ "time": 0.0666, "angle": 0 }
				],
				"translate": [
					{ "time": 0.0666, "x": 0, "y": 0 }
				]
			},
			"back": {
				"rotate": [
					{ "time": 0, "angle": 0 },
					{ "time": 0.6, "angle": 6.87 },
					{ "time": 1.1666, "angle": 0 }
				],
				"translate": [
					{ "time": 0, "x": 0, "y": 0 },
					{ "time": 0.3333, "x": -7.21, "y": 7.92 },
					{ "time": 0.6, "x": -3.83, "y": 5.1 },
					{ "time": 0.9, "x": -0.95, "y": 4.94 },
					{ "time": 1.1666, "x": 0, "y": 0 }
				]
			},
			"hand": {
				"rotate": [
					{ "time": 0, "angle": 0 },
					{ "time": 0.6, "angle": -4.23 },
					{ "time": 1.1666, "angle": 0 }
				],
				"translate": [
					{ "time": 0, "x": 0, "y": 0, "curve": "stepped" },
					{ "time": 1.1666, "x": 0, "y": 0 }
				]
			},
			"Leg_L": {
				"rotate": [
					{ "time": 0, "angle": 0 },
					{ "time": 0.3, "angle": 7.96 },
					{ "time": 1.1666, "angle": 0 }
				],
				"translate": [
					{ "time": 0, "x": 0, "y": 0, "curve": "stepped" },
					{ "time": 1.1666, "x": 0, "y": 0 }
				]
			},
			"Leg_R": {
				"rotate": [
					{ "time": 0, "angle": 0 },
					{ "time": 0.2666, "angle": -7.4 },
					{ "time": 1.1666, "angle": 0 }
				],
				"translate": [
					{ "time": 0, "x": 0, "y": 0, "curve": "stepped" },
					{ "time": 1.1666, "x": 0, "y": 0 }
				]
			},
			"Hair_R2": {
				"rotate": [
					{ "time": 0, "angle": 0 },
					{ "time": 0.3333, "angle": -7.67 },
					{ "time": 0.7, "angle": 6.11 },
					{ "time": 1.1666, "angle": 0 }
				],
				"translate": [
					{ "time": 0, "x": 0, "y": 0, "curve": "stepped" },
					{ "time": 1.1666, "x": 0, "y": 0 }
				]
			},
			"Hair_R1": {
				"rotate": [
					{ "time": 0, "angle": 0 },
					{ "time": 0.3333, "angle": -18.86 },
					{ "time": 0.7, "angle": 2.67 },
					{ "time": 1.1666, "angle": 0 }
				],
				"translate": [
					{ "time": 0, "x": 0, "y": 0, "curve": "stepped" },
					{ "time": 1.1666, "x": 0, "y": 0 }
				]
			},
			"Hair_L2": {
				"rotate": [
					{ "time": 0, "angle": 0 },
					{ "time": 0.3, "angle": 10.83 },
					{ "time": 0.6666, "angle": -2.28 },
					{ "time": 1.1666, "angle": 0 }
				],
				"translate": [
					{ "time": 0, "x": 0, "y": 0, "curve": "stepped" },
					{ "time": 1.1666, "x": 0, "y": 0 }
				]
			},
			"Hair_L1": {
				"rotate": [
					{ "time": 0, "angle": 0 },
					{ "time": 0.4, "angle": 15.32 },
					{ "time": 0.7, "angle": -6.29 },
					{ "time": 1.1666, "angle": 0 }
				],
				"translate": [
					{ "time": 0, "x": 0, "y": 0, "curve": "stepped" },
					{ "time": 1.1666, "x": 0, "y": 0 }
				]
			},
			"Fish_R": {
				"rotate": [
					{ "time": 0, "angle": 0 },
					{ "time": 0.1666, "angle": 15.02 },
					{ "time": 0.2666, "angle": -9.66 },
					{ "time": 0.3666, "angle": 3.27 },
					{ "time": 0.7, "angle": -15.44 },
					{ "time": 1.1666, "angle": 0 }
				],
				"translate": [
					{ "time": 0, "x": 0, "y": 0, "curve": "stepped" },
					{ "time": 1.1666, "x": 0, "y": 0 }
				]
			},
			"Fish_L": {
				"rotate": [
					{ "time": 0, "angle": 0 },
					{ "time": 0.1666, "angle": 343.85 },
					{ "time": 0.2333, "angle": 1.71 },
					{ "time": 0.3, "angle": 344.72 },
					{ "time": 0.6666, "angle": 3.67 },
					{ "time": 1.1666, "angle": 0 }
				],
				"translate": [
					{ "time": 0, "x": 0, "y": 0, "curve": "stepped" },
					{ "time": 1.1666, "x": 0, "y": 0 }
				]
			},
			"hair_R2_4": {
				"rotate": [
					{ "time": 0, "angle": 0 },
					{ "time": 0.3333, "angle": 14.4 },
					{ "time": 0.7, "angle": -3.45 },
					{ "time": 1.1666, "angle": 0 }
				],
				"translate": [
					{ "time": 0, "x": 0, "y": 0, "curve": "stepped" },
					{ "time": 1.1666, "x": 0, "y": 0 }
				]
			},
			"hair_R2_3": {
				"rotate": [
					{ "time": 0, "angle": 0 },
					{ "time": 0.3333, "angle": -4.73 },
					{ "time": 0.7, "angle": -18.01 },
					{ "time": 1.1666, "angle": 0 }
				],
				"translate": [
					{ "time": 0, "x": 0, "y": 0, "curve": "stepped" },
					{ "time": 1.1666, "x": 0, "y": 0 }
				]
			},
			"hair_R2_2": {
				"rotate": [
					{ "time": 0, "angle": 0 },
					{ "time": 0.3333, "angle": -7.77 },
					{ "time": 0.7, "angle": -9.41 },
					{ "time": 1.1666, "angle": 0 }
				],
				"translate": [
					{ "time": 0, "x": 0, "y": 0, "curve": "stepped" },
					{ "time": 1.1666, "x": 0, "y": 0 }
				]
			},
			"hair_R1_5": {
				"rotate": [
					{ "time": 0, "angle": 0 },
					{ "time": 0.3333, "angle": -3.95 },
					{ "time": 0.7, "angle": 1.12 },
					{ "time": 1.1666, "angle": 0 }
				],
				"translate": [
					{ "time": 0, "x": 0, "y": 0, "curve": "stepped" },
					{ "time": 1.1666, "x": 0, "y": 0 }
				]
			},
			"hair_R1_4": {
				"rotate": [
					{ "time": 0, "angle": 0 },
					{ "time": 0.3333, "angle": -3.53 },
					{ "time": 0.7, "angle": 10.69 },
					{ "time": 1.1666, "angle": 0 }
				],
				"translate": [
					{ "time": 0, "x": 0, "y": 0, "curve": "stepped" },
					{ "time": 1.1666, "x": 0, "y": 0 }
				]
			},
			"hair_R1_3": {
				"rotate": [
					{ "time": 0, "angle": 0 },
					{ "time": 0.3333, "angle": -3.21 },
					{ "time": 0.7, "angle": 8.11 },
					{ "time": 1.1666, "angle": 0 }
				],
				"translate": [
					{ "time": 0, "x": 0, "y": 0, "curve": "stepped" },
					{ "time": 1.1666, "x": 0, "y": 0 }
				]
			},
			"hair_R1_2": {
				"rotate": [
					{ "time": 0, "angle": 0 },
					{ "time": 0.3333, "angle": 0.04 },
					{ "time": 0.7, "angle": -2.23 },
					{ "time": 1.1666, "angle": 0 }
				],
				"translate": [
					{ "time": 0, "x": 0, "y": 0, "curve": "stepped" },
					{ "time": 1.1666, "x": 0, "y": 0 }
				]
			},
			"hair_L2_4": {
				"rotate": [
					{ "time": 0, "angle": 0 },
					{ "time": 0.3, "angle": 1.94 },
					{ "time": 0.6666, "angle": -9.51 },
					{ "time": 1.1666, "angle": 0 }
				],
				"translate": [
					{ "time": 0, "x": 0, "y": 0, "curve": "stepped" },
					{ "time": 1.1666, "x": 0, "y": 0 }
				]
			},
			"hair_L2_3": {
				"rotate": [
					{ "time": 0, "angle": 0 },
					{ "time": 0.3, "angle": -2 },
					{ "time": 0.6666, "angle": -7.41 },
					{ "time": 1.1666, "angle": 0 }
				],
				"translate": [
					{ "time": 0, "x": 0, "y": 0, "curve": "stepped" },
					{ "time": 1.1666, "x": 0, "y": 0 }
				]
			},
			"hair_L2_2": {
				"rotate": [
					{ "time": 0, "angle": 0 },
					{ "time": 0.3, "angle": 10.83 },
					{ "time": 0.6666, "angle": -2.28 },
					{ "time": 1.1666, "angle": 0 }
				],
				"translate": [
					{ "time": 0, "x": 0, "y": 0, "curve": "stepped" },
					{ "time": 1.1666, "x": 0, "y": 0 }
				]
			},
			"hair_L1_4": {
				"rotate": [
					{ "time": 0, "angle": 0 },
					{ "time": 0.4, "angle": 34.08 },
					{ "time": 0.7, "angle": -10.26 },
					{ "time": 1.1666, "angle": 0 }
				],
				"translate": [
					{ "time": 0, "x": 0, "y": 0, "curve": "stepped" },
					{ "time": 1.1666, "x": 0, "y": 0 }
				]
			},
			"hair_L1_3": {
				"rotate": [
					{ "time": 0, "angle": 0 },
					{ "time": 0.4, "angle": 11.63 },
					{ "time": 0.7, "angle": -17.16 },
					{ "time": 1.1666, "angle": 0 }
				],
				"translate": [
					{ "time": 0, "x": 0, "y": 0, "curve": "stepped" },
					{ "time": 1.1666, "x": 0, "y": 0 }
				]
			},
			"hair_L1_2": {
				"rotate": [
					{ "time": 0, "angle": 0 },
					{ "time": 0.4, "angle": 17.91 },
					{ "time": 0.7, "angle": -3.1 },
					{ "time": 1.1666, "angle": 0 }
				],
				"translate": [
					{ "time": 0, "x": 0, "y": 0, "curve": "stepped" },
					{ "time": 1.1666, "x": 0, "y": 0 }
				]
			}
		},
		"events": [
			{ "time": 0.0666, "name": "damage_point" }
		]
	},
	"normal": {
		"slots": {
			"Light_Body": {
				"attachment": [
					{ "time": 0, "name": null },
					{ "time": 0.0666, "name": null },
					{ "time": 0.5, "name": null },
					{ "time": 0.6, "name": null },
					{ "time": 0.8, "name": null },
					{ "time": 1.2666, "name": null },
					{ "time": 1.3666, "name": null },
					{ "time": 2, "name": null }
				]
			},
			"Rodney_body_normal": {
				"attachment": [
					{ "time": 0, "name": "Body_Change" }
				]
			},
			"fish_R_light": {
				"attachment": [
					{ "time": 0, "name": null }
				]
			},
			"leg_L_light": {
				"attachment": [
					{ "time": 0, "name": null }
				]
			},
			"leg_R_light": {
				"attachment": [
					{ "time": 0, "name": null }
				]
			}
		},
		"bones": {
			"hair_R1_4": {
				"rotate": [
					{ "time": 0, "angle": 0 },
					{ "time": 0.6666, "angle": 15.75 },
					{ "time": 1.3333, "angle": -7.05 },
					{ "time": 2, "angle": 0 }
				],
				"translate": [
					{ "time": 0, "x": 0, "y": 0, "curve": "stepped" },
					{ "time": 2, "x": 0, "y": 0 }
				]
			},
			"hair_R2_3": {
				"rotate": [
					{ "time": 0, "angle": 0 },
					{ "time": 0.6666, "angle": -18.99 },
					{ "time": 1.4333, "angle": -25.45 },
					{ "time": 2, "angle": 0 }
				],
				"translate": [
					{ "time": 0, "x": 0, "y": 0, "curve": "stepped" },
					{ "time": 2, "x": 0, "y": 0 }
				]
			},
			"Leg_L": {
				"rotate": [
					{ "time": 0, "angle": 0 },
					{ "time": 1, "angle": 13.89 },
					{ "time": 2, "angle": 0 }
				],
				"translate": [
					{ "time": 0, "x": 0, "y": 0, "curve": "stepped" },
					{ "time": 2, "x": 0, "y": 0 }
				]
			},
			"Fish_L": {
				"rotate": [
					{ "time": 0, "angle": 0 },
					{ "time": 0.5, "angle": 352.06 },
					{ "time": 1.5, "angle": 11.86 },
					{ "time": 2, "angle": 0 }
				],
				"translate": [
					{ "time": 0, "x": 0, "y": 0 },
					{ "time": 0.5, "x": 11.1, "y": 0 },
					{ "time": 1.5, "x": -7.4, "y": 0 },
					{ "time": 2, "x": 0, "y": 0 }
				]
			},
			"hair_R1_2": {
				"rotate": [
					{ "time": 0, "angle": 0 },
					{ "time": 0.6666, "angle": -0.1 },
					{ "time": 1.3333, "angle": -11.7 },
					{ "time": 2, "angle": 0 }
				],
				"translate": [
					{ "time": 0, "x": 0, "y": 0, "curve": "stepped" },
					{ "time": 2, "x": 0, "y": 0 }
				]
			},
			"Body": {
				"rotate": [
					{ "time": 0, "angle": 0, "curve": "stepped" },
					{ "time": 2, "angle": 0 }
				],
				"translate": [
					{ "time": 0, "x": 0, "y": 0, "curve": "stepped" },
					{ "time": 2, "x": 0, "y": 0 }
				]
			},
			"hair_L2_4": {
				"rotate": [
					{ "time": 0, "angle": 0 },
					{ "time": 0.8333, "angle": -13.47 },
					{ "time": 1.6666, "angle": -18.91 },
					{ "time": 2, "angle": 0 }
				],
				"translate": [
					{ "time": 0, "x": 0, "y": 0, "curve": "stepped" },
					{ "time": 2, "x": 0, "y": 0 }
				]
			},
			"hair_L1_2": {
				"rotate": [
					{ "time": 0, "angle": 0 },
					{ "time": 0.6666, "angle": -15.99 },
					{ "time": 1.3333, "angle": 1.27 },
					{ "time": 2, "angle": 0 }
				],
				"translate": [
					{ "time": 0, "x": 0, "y": 0, "curve": "stepped" },
					{ "time": 2, "x": 0, "y": 0 }
				]
			},
			"Leg_R": {
				"rotate": [
					{ "time": 0, "angle": 0 },
					{ "time": 1, "angle": -6.69 },
					{ "time": 2, "angle": 0 }
				],
				"translate": [
					{ "time": 0, "x": 0, "y": 0, "curve": "stepped" },
					{ "time": 2, "x": 0, "y": 0 }
				]
			},
			"back": {
				"rotate": [
					{ "time": 0, "angle": 0 },
					{ "time": 1, "angle": 4.05 },
					{ "time": 2, "angle": 0 }
				],
				"translate": [
					{ "time": 0, "x": 0, "y": 0 },
					{ "time": 1, "x": -7.25, "y": -2.52 },
					{ "time": 2, "x": 0, "y": 0 }
				]
			},
			"hair_L2_3": {
				"rotate": [
					{ "time": 0, "angle": 0 },
					{ "time": 0.8333, "angle": -2.99 },
					{ "time": 1.6666, "angle": 12.48 },
					{ "time": 2, "angle": 0 }
				],
				"translate": [
					{ "time": 0, "x": 0, "y": 0, "curve": "stepped" },
					{ "time": 2, "x": 0, "y": 0 }
				]
			},
			"hair_R2_2": {
				"rotate": [
					{ "time": 0, "angle": 0 },
					{ "time": 0.6666, "angle": -6.22 },
					{ "time": 1.4333, "angle": 6.1 },
					{ "time": 2, "angle": 0 }
				],
				"translate": [
					{ "time": 0, "x": 0, "y": 0, "curve": "stepped" },
					{ "time": 2, "x": 0, "y": 0 }
				]
			},
			"hair_R1_3": {
				"rotate": [
					{ "time": 0, "angle": 0 },
					{ "time": 0.6666, "angle": 2 },
					{ "time": 1.3333, "angle": -10.84 },
					{ "time": 2, "angle": 0 }
				],
				"translate": [
					{ "time": 0, "x": 0, "y": 0, "curve": "stepped" },
					{ "time": 2, "x": 0, "y": 0 }
				]
			},
			"hair_R2_4": {
				"rotate": [
					{ "time": 0, "angle": 0 },
					{ "time": 0.6666, "angle": 14.4 },
					{ "time": 1.4333, "angle": 15.1 },
					{ "time": 2, "angle": 0 }
				],
				"translate": [
					{ "time": 0, "x": 0, "y": 0, "curve": "stepped" },
					{ "time": 2, "x": 0, "y": 0 }
				]
			},
			"hair_L1_3": {
				"rotate": [
					{ "time": 0, "angle": 0 },
					{ "time": 0.6666, "angle": -16.35 },
					{ "time": 1.3333, "angle": -12.23 },
					{ "time": 2, "angle": 0 }
				],
				"translate": [
					{ "time": 0, "x": 0, "y": 0, "curve": "stepped" },
					{ "time": 2, "x": 0, "y": 0 }
				]
			},
			"Face": {
				"rotate": [
					{ "time": 0, "angle": 0, "curve": "stepped" },
					{ "time": 2, "angle": 0 }
				],
				"translate": [
					{
						"time": 0,
						"x": 0,
						"y": 0,
						"curve": [ 0.286, 0.34, 0.623, 0.67 ]
					},
					{
						"time": 0.5,
						"x": 0.64,
						"y": 0,
						"curve": [ 0.282, 0.37, 0.624, 0.71 ]
					},
					{
						"time": 1.5,
						"x": -1.28,
						"y": 0,
						"curve": [ 0.321, 0.37, 0.656, 0.71 ]
					},
					{ "time": 2, "x": 0, "y": 0 }
				]
			},
			"Fish_R": {
				"rotate": [
					{ "time": 0, "angle": 0 },
					{ "time": 0.5, "angle": 7.53 },
					{ "time": 1.5, "angle": -10.44 },
					{ "time": 2, "angle": 0 }
				],
				"translate": [
					{ "time": 0, "x": 0, "y": 0 },
					{ "time": 0.5, "x": -10.48, "y": 0 },
					{ "time": 1.5, "x": 4.52, "y": 0 },
					{ "time": 2, "x": 0, "y": 0 }
				]
			},
			"Ship_All": {
				"rotate": [
					{ "time": 0, "angle": 0, "curve": "stepped" },
					{ "time": 2, "angle": 0 }
				],
				"translate": [
					{ "time": 0, "x": 0, "y": 0, "curve": "stepped" },
					{ "time": 2, "x": 0, "y": 0 }
				]
			},
			"Hair_R1": {
				"rotate": [
					{ "time": 0, "angle": 0 },
					{ "time": 0.6666, "angle": -24.59 },
					{ "time": 1.3333, "angle": -16.04 },
					{ "time": 2, "angle": 0 }
				],
				"translate": [
					{ "time": 0, "x": 0, "y": 0, "curve": "stepped" },
					{ "time": 2, "x": 0, "y": 0 }
				]
			},
			"Hair_R2": {
				"rotate": [
					{ "time": 0, "angle": 0 },
					{ "time": 0.6666, "angle": 12.07 },
					{ "time": 1.4333, "angle": 2.96 },
					{ "time": 2, "angle": 0 }
				],
				"translate": [
					{ "time": 0, "x": 0, "y": 0, "curve": "stepped" },
					{ "time": 2, "x": 0, "y": 0 }
				]
			},
			"hair_L1_4": {
				"rotate": [
					{ "time": 0, "angle": 0 },
					{ "time": 0.6666, "angle": -0.52 },
					{ "time": 1.3333, "angle": -7.9 },
					{ "time": 2, "angle": 0 }
				],
				"translate": [
					{ "time": 0, "x": 0, "y": 0, "curve": "stepped" },
					{ "time": 2, "x": 0, "y": 0 }
				]
			},
			"hair_R1_5": {
				"rotate": [
					{ "time": 0, "angle": 0, "curve": "stepped" },
					{ "time": 2, "angle": 0 }
				],
				"translate": [
					{ "time": 0, "x": 0, "y": 0, "curve": "stepped" },
					{ "time": 2, "x": 0, "y": 0 }
				]
			},
			"Hair_L1": {
				"rotate": [
					{ "time": 0, "angle": 0 },
					{ "time": 0.6666, "angle": 3.26 },
					{ "time": 1.3333, "angle": 16.1 },
					{ "time": 2, "angle": 0 }
				],
				"translate": [
					{ "time": 0, "x": 0, "y": 0, "curve": "stepped" },
					{ "time": 2, "x": 0, "y": 0 }
				]
			},
			"Hair_L2": {
				"rotate": [
					{ "time": 0, "angle": 0 },
					{ "time": 0.8333, "angle": -2.34 },
					{ "time": 1.6666, "angle": -2.84 },
					{ "time": 2, "angle": 0 }
				],
				"translate": [
					{ "time": 0, "x": 0, "y": 0, "curve": "stepped" },
					{ "time": 2, "x": 0, "y": 0 }
				]
			},
			"hand": {
				"rotate": [
					{ "time": 0, "angle": 0 },
					{ "time": 0.5, "angle": -4.26 },
					{ "time": 1.5, "angle": 2.08 },
					{ "time": 2, "angle": 0 }
				],
				"translate": [
					{ "time": 0, "x": 0, "y": 0, "curve": "stepped" },
					{ "time": 2, "x": 0, "y": 0 }
				]
			},
			"hair_L2_2": {
				"rotate": [
					{ "time": 0, "angle": 0 },
					{ "time": 0.8333, "angle": -2.59 },
					{ "time": 1.6666, "angle": 12.95 },
					{ "time": 2, "angle": 0 }
				],
				"translate": [
					{ "time": 0, "x": 0, "y": 0, "curve": "stepped" },
					{ "time": 2, "x": 0, "y": 0 }
				]
			},
			"Root_All": {
				"rotate": [
					{ "time": 0, "angle": 0, "curve": "stepped" },
					{ "time": 2, "angle": 0 }
				],
				"translate": [
					{
						"time": 0,
						"x": 0,
						"y": 0,
						"curve": [ 0.255, 0.35, 0.6, 0.7 ]
					},
					{
						"time": 0.5,
						"x": 0,
						"y": -9.82,
						"curve": [ 0.3, 0.39, 0.641, 0.74 ]
					},
					{
						"time": 1,
						"x": 0,
						"y": -15.66,
						"curve": [ 0.322, 0.37, 0.652, 0.7 ]
					},
					{
						"time": 1.5,
						"x": 0,
						"y": -7.79,
						"curve": [ 0.314, 0.36, 0.644, 0.68 ]
					},
					{ "time": 2, "x": 0, "y": 0 }
				]
			}
		}
	},
	"throw": {
		"slots": {
			"Light_Body": {
				"attachment": [
					{ "time": 0, "name": null }
				]
			},
			"Rodney_body_normal": {
				"attachment": [
					{ "time": 0, "name": "Body_Change" }
				]
			},
			"Rodney_eyes_normal": {
				"attachment": [
					{ "time": 0.0333, "name": "Rodney_eyes_normal" },
					{ "time": 0.0666, "name": "Rodney_eyes_damage" },
					{ "time": 0.6, "name": "Rodney_eyes_normal" }
				]
			},
			"fish_R_light": {
				"color": [
					{ "time": 0, "color": "ffffff00" }
				]
			},
			"leg_L_light": {
				"color": [
					{ "time": 0, "color": "ffffff00" }
				]
			},
			"leg_R_light": {
				"color": [
					{ "time": 0, "color": "ffffff00" }
				]
			}
		},
		"bones": {
			"Face": {
				"rotate": [
					{ "time": 0, "angle": 0, "curve": "stepped" },
					{ "time": 1.3333, "angle": 0 }
				],
				"translate": [
					{
						"time": 0,
						"x": 0,
						"y": 0,
						"curve": [ 0.286, 0.34, 0.623, 0.67 ]
					},
					{ "time": 0.3333, "x": 0, "y": -0.7 },
					{ "time": 0.5666, "x": 0, "y": 0.14 },
					{ "time": 1.3333, "x": 0, "y": 0 }
				]
			},
			"Root_All": {
				"rotate": [
					{ "time": 0, "angle": 0, "curve": "stepped" },
					{ "time": 1.3333, "angle": 0 }
				],
				"translate": [
					{
						"time": 0,
						"x": 0,
						"y": 0,
						"curve": [ 0.255, 0.35, 0.6, 0.7 ]
					},
					{ "time": 0.6333, "x": -66.66, "y": 0 },
					{ "time": 0.9666, "x": -10.42, "y": -12.42 },
					{ "time": 1.3333, "x": 0, "y": 0 }
				]
			},
			"Body": {
				"rotate": [
					{
						"time": 0,
						"angle": 0,
						"curve": [ 0.219, 0.41, 0.591, 0.77 ]
					},
					{
						"time": 0.6333,
						"angle": -3.17,
						"curve": [ 0.32, 0.36, 0.653, 0.69 ]
					},
					{
						"time": 0.7333,
						"angle": 0.61,
						"curve": [ 0.319, 0.37, 0.652, 0.7 ]
					},
					{
						"time": 0.9666,
						"angle": -1.72,
						"curve": [ 0.32, 0.38, 0.654, 0.71 ]
					},
					{ "time": 1.3333, "angle": 0 }
				],
				"translate": [
					{
						"time": 0,
						"x": 0,
						"y": 0,
						"curve": [ 0.219, 0.41, 0.591, 0.77 ]
					},
					{
						"time": 0.3333,
						"x": -15.86,
						"y": 0,
						"curve": [ 0.193, 0.39, 0.58, 0.9 ]
					},
					{
						"time": 0.5666,
						"x": -19.36,
						"y": 0,
						"curve": [ 0.142, 0.42, 0.647, 0.94 ]
					},
					{ "time": 0.6333, "x": 92.18, "y": -6.3 },
					{ "time": 0.7333, "x": 111.33, "y": 0 },
					{ "time": 1.3333, "x": 0, "y": 0 }
				]
			},
			"Ship_All": {
				"rotate": [
					{ "time": 0, "angle": 0, "curve": "stepped" },
					{ "time": 1.3333, "angle": 0 }
				],
				"translate": [
					{ "time": 0, "x": 0, "y": 0, "curve": "stepped" },
					{ "time": 1.3333, "x": 0, "y": 0 }
				]
			},
			"Throw_Point": {
				"rotate": [
					{ "time": 0.6333, "angle": 0 }
				],
				"translate": [
					{ "time": 0.6333, "x": 0, "y": 0 }
				]
			},
			"back": {
				"rotate": [
					{ "time": 0, "angle": 0 },
					{ "time": 0.8333, "angle": 6.07 },
					{ "time": 1.3333, "angle": 0 }
				],
				"translate": [
					{ "time": 0, "x": 0, "y": 0 },
					{ "time": 0.8333, "x": -4.06, "y": 7.53 },
					{ "time": 1.3333, "x": 0, "y": 0 }
				]
			},
			"hand": {
				"rotate": [
					{ "time": 0, "angle": 0 },
					{ "time": 0.1666, "angle": -9.25 },
					{ "time": 0.5, "angle": -4.11 },
					{ "time": 0.8333, "angle": 2.52 },
					{ "time": 1.3333, "angle": 0 }
				],
				"translate": [
					{ "time": 0, "x": 0, "y": 0, "curve": "stepped" },
					{ "time": 1.3333, "x": 0, "y": 0 }
				]
			},
			"Leg_R": {
				"rotate": [
					{ "time": 0, "angle": 0 },
					{ "time": 0.6666, "angle": -10.06 },
					{ "time": 1.1666, "angle": -0.64 },
					{ "time": 1.3333, "angle": 0 }
				],
				"translate": [
					{ "time": 0, "x": 0, "y": 0 },
					{ "time": 0.6666, "x": 1.92, "y": 0.06 },
					{ "time": 1.3333, "x": 0, "y": 0 }
				]
			},
			"Leg_L": {
				"rotate": [
					{ "time": 0, "angle": 0 },
					{ "time": 0.6666, "angle": 345.7 },
					{ "time": 1, "angle": 3.7 },
					{ "time": 1.3333, "angle": 0 }
				],
				"translate": [
					{ "time": 0, "x": 0, "y": 0 },
					{ "time": 0.6666, "x": 2.98, "y": -2.8 },
					{ "time": 1.3333, "x": 0, "y": 0 }
				]
			},
			"Hair_R2": {
				"rotate": [
					{ "time": 0, "angle": 0 },
					{ "time": 0.5, "angle": -12.14 },
					{ "time": 1, "angle": 3.33 },
					{ "time": 1.3333, "angle": 0 }
				],
				"translate": [
					{ "time": 0, "x": 0, "y": 0, "curve": "stepped" },
					{ "time": 1.3333, "x": 0, "y": 0 }
				]
			},
			"hair_R2_4": {
				"rotate": [
					{ "time": 0, "angle": 0 },
					{ "time": 1, "angle": -4.75 },
					{ "time": 1.3333, "angle": 0 }
				],
				"translate": [
					{ "time": 0, "x": 0, "y": 0, "curve": "stepped" },
					{ "time": 1.3333, "x": 0, "y": 0 }
				]
			},
			"hair_R2_3": {
				"rotate": [
					{ "time": 0, "angle": 0 },
					{ "time": 0.5, "angle": 7.79 },
					{ "time": 1, "angle": -7.86 },
					{ "time": 1.3333, "angle": 0 }
				],
				"translate": [
					{ "time": 0, "x": 0, "y": 0, "curve": "stepped" },
					{ "time": 1.3333, "x": 0, "y": 0 }
				]
			},
			"hair_R2_2": {
				"rotate": [
					{ "time": 0, "angle": 0 },
					{ "time": 0.5, "angle": 6.28 },
					{ "time": 1, "angle": 9.07 },
					{ "time": 1.3333, "angle": 0 }
				],
				"translate": [
					{ "time": 0, "x": 0, "y": 0, "curve": "stepped" },
					{ "time": 1.3333, "x": 0, "y": 0 }
				]
			},
			"Hair_R1": {
				"rotate": [
					{ "time": 0, "angle": 0 },
					{ "time": 0.5, "angle": -17.78 },
					{ "time": 1, "angle": 7.01 },
					{ "time": 1.3333, "angle": 0 }
				],
				"translate": [
					{ "time": 0, "x": 0, "y": 0, "curve": "stepped" },
					{ "time": 1.3333, "x": 0, "y": 0 }
				]
			},
			"hair_R1_5": {
				"rotate": [
					{ "time": 0, "angle": 0 },
					{ "time": 0.5, "angle": -2.45 },
					{ "time": 1, "angle": 3.54 },
					{ "time": 1.3333, "angle": 0 }
				],
				"translate": [
					{ "time": 0, "x": 0, "y": 0, "curve": "stepped" },
					{ "time": 1.3333, "x": 0, "y": 0 }
				]
			},
			"hair_R1_4": {
				"rotate": [
					{ "time": 0, "angle": 0 },
					{ "time": 0.5, "angle": -2.45 },
					{ "time": 1, "angle": 8.02 },
					{ "time": 1.3333, "angle": 0 }
				],
				"translate": [
					{ "time": 0, "x": 0, "y": 0, "curve": "stepped" },
					{ "time": 1.3333, "x": 0, "y": 0 }
				]
			},
			"hair_R1_3": {
				"rotate": [
					{ "time": 0, "angle": 0 },
					{ "time": 0.5, "angle": -2.45 },
					{ "time": 1, "angle": -11.17 },
					{ "time": 1.3333, "angle": 0 }
				],
				"translate": [
					{ "time": 0, "x": 0, "y": 0, "curve": "stepped" },
					{ "time": 1.3333, "x": 0, "y": 0 }
				]
			},
			"hair_R1_2": {
				"rotate": [
					{ "time": 0, "angle": 0 },
					{ "time": 0.5, "angle": -2.45 },
					{ "time": 1, "angle": -0.13 },
					{ "time": 1.3333, "angle": 0 }
				],
				"translate": [
					{ "time": 0, "x": 0, "y": 0, "curve": "stepped" },
					{ "time": 1.3333, "x": 0, "y": 0 }
				]
			},
			"Hair_L2": {
				"rotate": [
					{ "time": 0, "angle": 0 },
					{ "time": 0.5, "angle": 9.2 },
					{ "time": 1, "angle": -3.66 },
					{ "time": 1.3333, "angle": 0 }
				],
				"translate": [
					{ "time": 0, "x": 0, "y": 0, "curve": "stepped" },
					{ "time": 1.3333, "x": 0, "y": 0 }
				]
			},
			"hair_L2_4": {
				"rotate": [
					{ "time": 0, "angle": 0 },
					{ "time": 0.5, "angle": -15.66 },
					{ "time": 1, "angle": 11.93 },
					{ "time": 1.3333, "angle": 0 }
				],
				"translate": [
					{ "time": 0, "x": 0, "y": 0, "curve": "stepped" },
					{ "time": 1.3333, "x": 0, "y": 0 }
				]
			},
			"hair_L2_3": {
				"rotate": [
					{ "time": 0, "angle": 0 },
					{ "time": 0.5, "angle": 9.2 },
					{ "time": 1, "angle": -3.66 },
					{ "time": 1.3333, "angle": 0 }
				],
				"translate": [
					{ "time": 0, "x": 0, "y": 0, "curve": "stepped" },
					{ "time": 1.3333, "x": 0, "y": 0 }
				]
			},
			"hair_L2_2": {
				"rotate": [
					{ "time": 0, "angle": 0 },
					{ "time": 0.5, "angle": 9.2 },
					{ "time": 1, "angle": -3.66 },
					{ "time": 1.3333, "angle": 0 }
				],
				"translate": [
					{ "time": 0, "x": 0, "y": 0, "curve": "stepped" },
					{ "time": 1.3333, "x": 0, "y": 0 }
				]
			},
			"Hair_L1": {
				"rotate": [
					{ "time": 0, "angle": 0 },
					{ "time": 0.5, "angle": 7.14 },
					{ "time": 1.1, "angle": -7.74 },
					{ "time": 1.3333, "angle": 0 }
				],
				"translate": [
					{ "time": 0, "x": 0, "y": 0, "curve": "stepped" },
					{ "time": 1.3333, "x": 0, "y": 0 }
				]
			},
			"hair_L1_4": {
				"rotate": [
					{ "time": 0, "angle": 0 },
					{ "time": 0.5, "angle": -7.43 },
					{ "time": 1.1, "angle": 12.94 },
					{ "time": 1.3333, "angle": 0 }
				],
				"translate": [
					{ "time": 0, "x": 0, "y": 0, "curve": "stepped" },
					{ "time": 1.3333, "x": 0, "y": 0 }
				]
			},
			"hair_L1_3": {
				"rotate": [
					{ "time": 0, "angle": 0 },
					{ "time": 0.5, "angle": -6.29 },
					{ "time": 1.1, "angle": 11.51 },
					{ "time": 1.3333, "angle": 0 }
				],
				"translate": [
					{ "time": 0, "x": 0, "y": 0, "curve": "stepped" },
					{ "time": 1.3333, "x": 0, "y": 0 }
				]
			},
			"hair_L1_2": {
				"rotate": [
					{ "time": 0, "angle": 0 },
					{ "time": 0.5, "angle": 4.89 },
					{ "time": 1.1, "angle": -10.47 },
					{ "time": 1.3333, "angle": 0 }
				],
				"translate": [
					{ "time": 0, "x": 0, "y": 0, "curve": "stepped" },
					{ "time": 1.3333, "x": 0, "y": 0 }
				]
			},
			"Fish_R": {
				"rotate": [
					{ "time": 0, "angle": 0 },
					{ "time": 0.3333, "angle": 7.76 },
					{ "time": 0.5, "angle": 13.94 },
					{ "time": 0.8333, "angle": 18.01 },
					{ "time": 1.3333, "angle": 0 }
				],
				"translate": [
					{ "time": 0, "x": 0, "y": 0 },
					{ "time": 0.3333, "x": -1.89, "y": 19.23 },
					{ "time": 0.5, "x": -10.33, "y": -2.75 },
					{ "time": 0.8333, "x": -5.99, "y": -26.74 },
					{ "time": 1.3333, "x": 0, "y": 0 }
				]
			},
			"Fish_L": {
				"rotate": [
					{ "time": 0, "angle": 0 },
					{ "time": 0.6666, "angle": 18.88 },
					{ "time": 1.3333, "angle": 0 }
				],
				"translate": [
					{ "time": 0, "x": 0, "y": 0, "curve": "stepped" },
					{ "time": 1.3333, "x": 0, "y": 0 }
				]
			}
		},
		"events": [
			{ "time": 0.5666, "name": "throw_point" }
		]
	},
	"wreck": {
		"slots": {
			"Light_Body": {
				"attachment": [
					{ "time": 0, "name": null },
					{ "time": 0.0666, "name": null },
					{ "time": 0.5, "name": null },
					{ "time": 0.6, "name": null },
					{ "time": 0.8, "name": null },
					{ "time": 1.2666, "name": null },
					{ "time": 1.3666, "name": null },
					{ "time": 2, "name": null }
				]
			},
			"Rodney_body_normal": {
				"attachment": [
					{ "time": 0, "name": "Body_Change" }
				]
			},
			"Rodney_eyes_normal": {
				"attachment": [
					{ "time": 0, "name": "Rodney_eyes_damage" }
				]
			},
			"fish_R_light": {
				"attachment": [
					{ "time": 0, "name": null }
				]
			},
			"leg_L_light": {
				"attachment": [
					{ "time": 0, "name": null }
				]
			},
			"leg_R_light": {
				"attachment": [
					{ "time": 0, "name": null }
				]
			}
		},
		"bones": {
			"hair_L1_2": {
				"rotate": [
					{ "time": 0, "angle": 0 },
					{ "time": 0.6666, "angle": -15.99 },
					{ "time": 1.3333, "angle": 1.27 },
					{ "time": 2, "angle": 0 }
				],
				"translate": [
					{ "time": 0, "x": 0, "y": 0, "curve": "stepped" },
					{ "time": 2, "x": 0, "y": 0 }
				]
			},
			"hair_L2_3": {
				"rotate": [
					{ "time": 0, "angle": 0 },
					{ "time": 0.8333, "angle": -2.99 },
					{ "time": 1.6666, "angle": 12.48 },
					{ "time": 2, "angle": 0 }
				],
				"translate": [
					{ "time": 0, "x": 0, "y": 0, "curve": "stepped" },
					{ "time": 2, "x": 0, "y": 0 }
				]
			},
			"Body": {
				"rotate": [
					{ "time": 0, "angle": 0, "curve": "stepped" },
					{ "time": 2, "angle": 0 }
				],
				"translate": [
					{ "time": 0, "x": 0, "y": 0, "curve": "stepped" },
					{ "time": 2, "x": 0, "y": 0 }
				]
			},
			"Hair_L1": {
				"rotate": [
					{ "time": 0, "angle": 0 },
					{ "time": 0.6666, "angle": 3.26 },
					{ "time": 1.3333, "angle": 16.1 },
					{ "time": 2, "angle": 0 }
				],
				"translate": [
					{ "time": 0, "x": 0, "y": 0, "curve": "stepped" },
					{ "time": 2, "x": 0, "y": 0 }
				]
			},
			"hair_L2_2": {
				"rotate": [
					{ "time": 0, "angle": 0 },
					{ "time": 0.8333, "angle": -2.59 },
					{ "time": 1.6666, "angle": 12.95 },
					{ "time": 2, "angle": 0 }
				],
				"translate": [
					{ "time": 0, "x": 0, "y": 0, "curve": "stepped" },
					{ "time": 2, "x": 0, "y": 0 }
				]
			},
			"hair_R2_3": {
				"rotate": [
					{ "time": 0, "angle": 0 },
					{ "time": 0.6666, "angle": -18.99 },
					{ "time": 1.4333, "angle": -25.45 },
					{ "time": 2, "angle": 0 }
				],
				"translate": [
					{ "time": 0, "x": 0, "y": 0, "curve": "stepped" },
					{ "time": 2, "x": 0, "y": 0 }
				]
			},
			"Fish_L": {
				"rotate": [
					{ "time": 0, "angle": 0 },
					{ "time": 0.5, "angle": 352.06 },
					{ "time": 1.5, "angle": 11.86 },
					{ "time": 2, "angle": 0 }
				],
				"translate": [
					{ "time": 0, "x": 0, "y": 0 },
					{ "time": 0.5, "x": 11.1, "y": 0 },
					{ "time": 1.5, "x": -7.4, "y": 0 },
					{ "time": 2, "x": 0, "y": 0 }
				]
			},
			"hair_L2_4": {
				"rotate": [
					{ "time": 0, "angle": 0 },
					{ "time": 0.8333, "angle": -13.47 },
					{ "time": 1.6666, "angle": -18.91 },
					{ "time": 2, "angle": 0 }
				],
				"translate": [
					{ "time": 0, "x": 0, "y": 0, "curve": "stepped" },
					{ "time": 2, "x": 0, "y": 0 }
				]
			},
			"hand": {
				"rotate": [
					{ "time": 0, "angle": 0 },
					{ "time": 0.5, "angle": -4.26 },
					{ "time": 1.5, "angle": 2.08 },
					{ "time": 2, "angle": 0 }
				],
				"translate": [
					{ "time": 0, "x": 0, "y": 0, "curve": "stepped" },
					{ "time": 2, "x": 0, "y": 0 }
				]
			},
			"Hair_R1": {
				"rotate": [
					{ "time": 0, "angle": 0 },
					{ "time": 0.6666, "angle": -24.59 },
					{ "time": 1.3333, "angle": -16.04 },
					{ "time": 2, "angle": 0 }
				],
				"translate": [
					{ "time": 0, "x": 0, "y": 0, "curve": "stepped" },
					{ "time": 2, "x": 0, "y": 0 }
				]
			},
			"hair_R2_2": {
				"rotate": [
					{ "time": 0, "angle": 0 },
					{ "time": 0.6666, "angle": -6.22 },
					{ "time": 1.4333, "angle": 6.1 },
					{ "time": 2, "angle": 0 }
				],
				"translate": [
					{ "time": 0, "x": 0, "y": 0, "curve": "stepped" },
					{ "time": 2, "x": 0, "y": 0 }
				]
			},
			"hair_L1_3": {
				"rotate": [
					{ "time": 0, "angle": 0 },
					{ "time": 0.6666, "angle": -16.35 },
					{ "time": 1.3333, "angle": -12.23 },
					{ "time": 2, "angle": 0 }
				],
				"translate": [
					{ "time": 0, "x": 0, "y": 0, "curve": "stepped" },
					{ "time": 2, "x": 0, "y": 0 }
				]
			},
			"hair_L1_4": {
				"rotate": [
					{ "time": 0, "angle": 0 },
					{ "time": 0.6666, "angle": -0.52 },
					{ "time": 1.3333, "angle": -7.9 },
					{ "time": 2, "angle": 0 }
				],
				"translate": [
					{ "time": 0, "x": 0, "y": 0, "curve": "stepped" },
					{ "time": 2, "x": 0, "y": 0 }
				]
			},
			"Leg_L": {
				"rotate": [
					{ "time": 0, "angle": 0 },
					{ "time": 1, "angle": 13.89 },
					{ "time": 2, "angle": 0 }
				],
				"translate": [
					{ "time": 0, "x": 0, "y": 0, "curve": "stepped" },
					{ "time": 2, "x": 0, "y": 0 }
				]
			},
			"hair_R1_4": {
				"rotate": [
					{ "time": 0, "angle": 0 },
					{ "time": 0.6666, "angle": 15.75 },
					{ "time": 1.3333, "angle": -7.05 },
					{ "time": 2, "angle": 0 }
				],
				"translate": [
					{ "time": 0, "x": 0, "y": 0, "curve": "stepped" },
					{ "time": 2, "x": 0, "y": 0 }
				]
			},
			"hair_R2_4": {
				"rotate": [
					{ "time": 0, "angle": 0 },
					{ "time": 0.6666, "angle": 14.4 },
					{ "time": 1.4333, "angle": 15.1 },
					{ "time": 2, "angle": 0 }
				],
				"translate": [
					{ "time": 0, "x": 0, "y": 0, "curve": "stepped" },
					{ "time": 2, "x": 0, "y": 0 }
				]
			},
			"Face": {
				"rotate": [
					{ "time": 0, "angle": 0, "curve": "stepped" },
					{ "time": 2, "angle": 0 }
				],
				"translate": [
					{
						"time": 0,
						"x": 0,
						"y": 0,
						"curve": [ 0.286, 0.34, 0.623, 0.67 ]
					},
					{
						"time": 0.5,
						"x": 0.64,
						"y": 0,
						"curve": [ 0.282, 0.37, 0.624, 0.71 ]
					},
					{
						"time": 1.5,
						"x": -1.28,
						"y": 0,
						"curve": [ 0.321, 0.37, 0.656, 0.71 ]
					},
					{ "time": 2, "x": 0, "y": 0 }
				]
			},
			"Hair_R2": {
				"rotate": [
					{ "time": 0, "angle": 0 },
					{ "time": 0.6666, "angle": 12.07 },
					{ "time": 1.4333, "angle": 2.96 },
					{ "time": 2, "angle": 0 }
				],
				"translate": [
					{ "time": 0, "x": 0, "y": 0, "curve": "stepped" },
					{ "time": 2, "x": 0, "y": 0 }
				]
			},
			"Root_All": {
				"rotate": [
					{ "time": 0, "angle": 0, "curve": "stepped" },
					{ "time": 2, "angle": 0 }
				],
				"translate": [
					{
						"time": 0,
						"x": 0,
						"y": 0,
						"curve": [ 0.255, 0.35, 0.6, 0.7 ]
					},
					{
						"time": 0.5,
						"x": 0,
						"y": -9.82,
						"curve": [ 0.3, 0.39, 0.641, 0.74 ]
					},
					{
						"time": 1,
						"x": 0,
						"y": -15.66,
						"curve": [ 0.322, 0.37, 0.652, 0.7 ]
					},
					{
						"time": 1.5,
						"x": 0,
						"y": -7.79,
						"curve": [ 0.314, 0.36, 0.644, 0.68 ]
					},
					{ "time": 2, "x": 0, "y": 0 }
				]
			},
			"Ship_All": {
				"rotate": [
					{ "time": 0, "angle": 0, "curve": "stepped" },
					{ "time": 2, "angle": 0 }
				],
				"translate": [
					{ "time": 0, "x": 0, "y": 0, "curve": "stepped" },
					{ "time": 2, "x": 0, "y": 0 }
				]
			},
			"hair_R1_5": {
				"rotate": [
					{ "time": 0, "angle": 0, "curve": "stepped" },
					{ "time": 2, "angle": 0 }
				],
				"translate": [
					{ "time": 0, "x": 0, "y": 0, "curve": "stepped" },
					{ "time": 2, "x": 0, "y": 0 }
				]
			},
			"Hair_L2": {
				"rotate": [
					{ "time": 0, "angle": 0 },
					{ "time": 0.8333, "angle": -2.34 },
					{ "time": 1.6666, "angle": -2.84 },
					{ "time": 2, "angle": 0 }
				],
				"translate": [
					{ "time": 0, "x": 0, "y": 0, "curve": "stepped" },
					{ "time": 2, "x": 0, "y": 0 }
				]
			},
			"back": {
				"rotate": [
					{ "time": 0, "angle": 0 },
					{ "time": 1, "angle": 4.05 },
					{ "time": 2, "angle": 0 }
				],
				"translate": [
					{ "time": 0, "x": 0, "y": 0 },
					{ "time": 1, "x": -7.25, "y": -2.52 },
					{ "time": 2, "x": 0, "y": 0 }
				]
			},
			"hair_R1_2": {
				"rotate": [
					{ "time": 0, "angle": 0 },
					{ "time": 0.6666, "angle": -0.1 },
					{ "time": 1.3333, "angle": -11.7 },
					{ "time": 2, "angle": 0 }
				],
				"translate": [
					{ "time": 0, "x": 0, "y": 0, "curve": "stepped" },
					{ "time": 2, "x": 0, "y": 0 }
				]
			},
			"Leg_R": {
				"rotate": [
					{ "time": 0, "angle": 0 },
					{ "time": 1, "angle": -6.69 },
					{ "time": 2, "angle": 0 }
				],
				"translate": [
					{ "time": 0, "x": 0, "y": 0, "curve": "stepped" },
					{ "time": 2, "x": 0, "y": 0 }
				]
			},
			"hair_R1_3": {
				"rotate": [
					{ "time": 0, "angle": 0 },
					{ "time": 0.6666, "angle": 2 },
					{ "time": 1.3333, "angle": -10.84 },
					{ "time": 2, "angle": 0 }
				],
				"translate": [
					{ "time": 0, "x": 0, "y": 0, "curve": "stepped" },
					{ "time": 2, "x": 0, "y": 0 }
				]
			},
			"Fish_R": {
				"rotate": [
					{ "time": 0, "angle": 0 },
					{ "time": 0.5, "angle": 7.53 },
					{ "time": 1.5, "angle": -10.44 },
					{ "time": 2, "angle": 0 }
				],
				"translate": [
					{ "time": 0, "x": 0, "y": 0 },
					{ "time": 0.5, "x": -10.48, "y": 0 },
					{ "time": 1.5, "x": 4.52, "y": 0 },
					{ "time": 2, "x": 0, "y": 0 }
				]
			}
		}
	}
}
}