{
"skeleton": { "hash": "y36Zf8x8isJD9Q45PDXlmRecG4M", "spine": "2.1.27", "width": 29, "height": 27, "images": "" },
"bones": [
	{ "name": "Music_box_effect_picture" },
	{ "name": "BG", "parent": "Music_box_effect_picture" },
	{ "name": "Box_move_line_000", "parent": "BG", "x": -12 },
	{ "name": "Box_move_line_001", "parent": "BG", "x": -6 },
	{ "name": "Box_move_line_002", "parent": "BG" },
	{ "name": "Box_move_line_003", "parent": "BG", "x": 6 },
	{ "name": "Box_move_line_004", "parent": "BG", "x": 12 },
	{ "name": "Box_move_000", "parent": "Box_move_line_000", "y": -12 },
	{ "name": "Box_move_001", "parent": "Box_move_line_000", "y": -8 },
	{ "name": "Box_move_002", "parent": "Box_move_line_000", "y": -4 },
	{ "name": "Box_move_003", "parent": "Box_move_line_000" },
	{ "name": "Box_move_004", "parent": "Box_move_line_000", "y": 4 },
	{ "name": "Box_move_005", "parent": "Box_move_line_000", "y": 8 },
	{ "name": "Box_move_006", "parent": "Box_move_line_000", "y": 12 },
	{ "name": "Box_move_007", "parent": "Box_move_line_001", "y": -12 },
	{ "name": "Box_move_008", "parent": "Box_move_line_001", "y": -8 },
	{ "name": "Box_move_009", "parent": "Box_move_line_001", "y": -4 },
	{ "name": "Box_move_010", "parent": "Box_move_line_001" },
	{ "name": "Box_move_011", "parent": "Box_move_line_001", "y": 4 },
	{ "name": "Box_move_012", "parent": "Box_move_line_001", "y": 8 },
	{ "name": "Box_move_013", "parent": "Box_move_line_001", "y": 12 },
	{ "name": "Box_move_014", "parent": "Box_move_line_002", "y": -12 },
	{ "name": "Box_move_015", "parent": "Box_move_line_002", "y": -8 },
	{ "name": "Box_move_016", "parent": "Box_move_line_002", "y": -4 },
	{ "name": "Box_move_017", "parent": "Box_move_line_002" },
	{ "name": "Box_move_018", "parent": "Box_move_line_002", "y": 4 },
	{ "name": "Box_move_019", "parent": "Box_move_line_002", "y": 8 },
	{ "name": "Box_move_020", "parent": "Box_move_line_002", "y": 12 },
	{ "name": "Box_move_021", "parent": "Box_move_line_003", "y": -12 },
	{ "name": "Box_move_022", "parent": "Box_move_line_003", "y": -8 },
	{ "name": "Box_move_023", "parent": "Box_move_line_003", "y": -4 },
	{ "name": "Box_move_024", "parent": "Box_move_line_003" },
	{ "name": "Box_move_025", "parent": "Box_move_line_003", "y": 4 },
	{ "name": "Box_move_026", "parent": "Box_move_line_003", "y": 8 },
	{ "name": "Box_move_027", "parent": "Box_move_line_003", "y": 12 },
	{ "name": "Box_move_028", "parent": "Box_move_line_004", "y": -12 },
	{ "name": "Box_move_029", "parent": "Box_move_line_004", "y": -8 },
	{ "name": "Box_move_030", "parent": "Box_move_line_004", "y": -4 },
	{ "name": "Box_move_031", "parent": "Box_move_line_004" },
	{ "name": "Box_move_032", "parent": "Box_move_line_004", "y": 4 },
	{ "name": "Box_move_033", "parent": "Box_move_line_004", "y": 8 },
	{ "name": "Box_move_034", "parent": "Box_move_line_004", "y": 12 }
],
"slots": [
	{ "name": "Box_0", "bone": "Box_move_017", "attachment": "Box_02" },
	{ "name": "Box_7", "bone": "Box_move_024", "attachment": "Box_02" },
	{ "name": "Box_18", "bone": "Box_move_031", "attachment": "Box_02" },
	{ "name": "Box_25", "bone": "Box_move_010", "attachment": "Box_02" },
	{ "name": "Box_32", "bone": "Box_move_003", "attachment": "Box_02" },
	{ "name": "Box_1", "bone": "Box_move_016", "attachment": "Box_02" },
	{ "name": "Box_8", "bone": "Box_move_023", "attachment": "Box_02" },
	{ "name": "Box_19", "bone": "Box_move_030", "attachment": "Box_02" },
	{ "name": "Box_26", "bone": "Box_move_009", "attachment": "Box_02" },
	{ "name": "Box_33", "bone": "Box_move_002", "attachment": "Box_02" },
	{ "name": "Box_2", "bone": "Box_move_015", "attachment": "Box_02" },
	{ "name": "Box_9", "bone": "Box_move_022", "attachment": "Box_02" },
	{ "name": "Box_20", "bone": "Box_move_029", "attachment": "Box_02" },
	{ "name": "Box_27", "bone": "Box_move_008", "attachment": "Box_02" },
	{ "name": "Box_34", "bone": "Box_move_001", "attachment": "Box_02" },
	{ "name": "Box_3", "bone": "Box_move_014", "attachment": "Box_02" },
	{ "name": "Box_10", "bone": "Box_move_021", "attachment": "Box_02" },
	{ "name": "Box_14", "bone": "Box_move_028", "attachment": "Box_02" },
	{ "name": "Box_21", "bone": "Box_move_007", "attachment": "Box_02" },
	{ "name": "Box_28", "bone": "Box_move_000", "attachment": "Box_02" },
	{ "name": "Box_4", "bone": "Box_move_018", "attachment": "Box_02" },
	{ "name": "Box_11", "bone": "Box_move_025", "attachment": "Box_02" },
	{ "name": "Box_15", "bone": "Box_move_032", "attachment": "Box_02" },
	{ "name": "Box_22", "bone": "Box_move_011", "attachment": "Box_02" },
	{ "name": "Box_29", "bone": "Box_move_004", "attachment": "Box_02" },
	{ "name": "Box_5", "bone": "Box_move_019", "attachment": "Box_02" },
	{ "name": "Box_12", "bone": "Box_move_026", "attachment": "Box_02" },
	{ "name": "Box_16", "bone": "Box_move_033", "attachment": "Box_02" },
	{ "name": "Box_23", "bone": "Box_move_012", "attachment": "Box_02" },
	{ "name": "Box_30", "bone": "Box_move_005", "attachment": "Box_02" },
	{ "name": "Box_6", "bone": "Box_move_020", "attachment": "Box_02" },
	{ "name": "Box_13", "bone": "Box_move_027", "attachment": "Box_02" },
	{ "name": "Box_17", "bone": "Box_move_034", "attachment": "Box_02" },
	{ "name": "Box_24", "bone": "Box_move_013", "attachment": "Box_02" },
	{ "name": "Box_31", "bone": "Box_move_006", "attachment": "Box_02" }
],
"skins": {
	"default": {
		"Box_0": {
			"Box_02": { "width": 5, "height": 3 }
		},
		"Box_1": {
			"Box_02": { "width": 5, "height": 3 }
		},
		"Box_10": {
			"Box_02": { "width": 5, "height": 3 }
		},
		"Box_11": {
			"Box_02": { "width": 5, "height": 3 }
		},
		"Box_12": {
			"Box_02": { "width": 5, "height": 3 }
		},
		"Box_13": {
			"Box_02": { "width": 5, "height": 3 }
		},
		"Box_14": {
			"Box_02": { "width": 5, "height": 3 }
		},
		"Box_15": {
			"Box_02": { "width": 5, "height": 3 }
		},
		"Box_16": {
			"Box_02": { "width": 5, "height": 3 }
		},
		"Box_17": {
			"Box_02": { "width": 5, "height": 3 }
		},
		"Box_18": {
			"Box_02": { "width": 5, "height": 3 }
		},
		"Box_19": {
			"Box_02": { "width": 5, "height": 3 }
		},
		"Box_2": {
			"Box_02": { "width": 5, "height": 3 }
		},
		"Box_20": {
			"Box_02": { "width": 5, "height": 3 }
		},
		"Box_21": {
			"Box_02": { "width": 5, "height": 3 }
		},
		"Box_22": {
			"Box_02": { "width": 5, "height": 3 }
		},
		"Box_23": {
			"Box_02": { "width": 5, "height": 3 }
		},
		"Box_24": {
			"Box_02": { "width": 5, "height": 3 }
		},
		"Box_25": {
			"Box_02": { "width": 5, "height": 3 }
		},
		"Box_26": {
			"Box_02": { "width": 5, "height": 3 }
		},
		"Box_27": {
			"Box_02": { "width": 5, "height": 3 }
		},
		"Box_28": {
			"Box_02": { "width": 5, "height": 3 }
		},
		"Box_29": {
			"Box_02": { "width": 5, "height": 3 }
		},
		"Box_3": {
			"Box_02": { "width": 5, "height": 3 }
		},
		"Box_30": {
			"Box_02": { "width": 5, "height": 3 }
		},
		"Box_31": {
			"Box_02": { "width": 5, "height": 3 }
		},
		"Box_32": {
			"Box_02": { "width": 5, "height": 3 }
		},
		"Box_33": {
			"Box_02": { "width": 5, "height": 3 }
		},
		"Box_34": {
			"Box_02": { "width": 5, "height": 3 }
		},
		"Box_4": {
			"Box_02": { "width": 5, "height": 3 }
		},
		"Box_5": {
			"Box_02": { "width": 5, "height": 3 }
		},
		"Box_6": {
			"Box_02": { "width": 5, "height": 3 }
		},
		"Box_7": {
			"Box_02": { "width": 5, "height": 3 }
		},
		"Box_8": {
			"Box_02": { "width": 5, "height": 3 }
		},
		"Box_9": {
			"Box_02": { "width": 5, "height": 3 }
		}
	}
},
"animations": {
	"music_box_effect": {
		"slots": {
			"Box_0": {
				"attachment": [
					{ "time": 0, "name": "Box_02" },
					{ "time": 0.0666, "name": "Box_02" },
					{ "time": 0.1333, "name": "Box_02" },
					{ "time": 0.2, "name": "Box_02" },
					{ "time": 0.2666, "name": "Box_02" },
					{ "time": 0.3333, "name": "Box_02" },
					{ "time": 0.4, "name": "Box_02" },
					{ "time": 0.4666, "name": "Box_02" },
					{ "time": 0.5333, "name": "Box_02" },
					{ "time": 0.6, "name": "Box_02" },
					{ "time": 0.6666, "name": "Box_02" },
					{ "time": 0.7333, "name": "Box_02" },
					{ "time": 0.8, "name": "Box_02" },
					{ "time": 0.8666, "name": null },
					{ "time": 0.9333, "name": "Box_02" },
					{ "time": 1, "name": null },
					{ "time": 1.0666, "name": "Box_02" },
					{ "time": 1.1333, "name": null },
					{ "time": 1.2, "name": null },
					{ "time": 1.2666, "name": "Box_02" },
					{ "time": 1.3333, "name": "Box_02" },
					{ "time": 1.4, "name": "Box_02" },
					{ "time": 1.4666, "name": "Box_02" },
					{ "time": 1.5333, "name": "Box_02" },
					{ "time": 1.6, "name": "Box_02" },
					{ "time": 1.6666, "name": "Box_02" },
					{ "time": 1.7333, "name": "Box_02" },
					{ "time": 1.8, "name": "Box_02" },
					{ "time": 1.8666, "name": null },
					{ "time": 1.9333, "name": null },
					{ "time": 2, "name": "Box_02" }
				]
			},
			"Box_1": {
				"attachment": [
					{ "time": 0, "name": "Box_02" },
					{ "time": 0.0666, "name": "Box_02" },
					{ "time": 0.1333, "name": "Box_02" },
					{ "time": 0.2, "name": "Box_02" },
					{ "time": 0.2666, "name": "Box_02" },
					{ "time": 0.3333, "name": "Box_02" },
					{ "time": 0.4, "name": "Box_02" },
					{ "time": 0.4666, "name": "Box_02" },
					{ "time": 0.5333, "name": "Box_02" },
					{ "time": 0.6, "name": "Box_02" },
					{ "time": 0.6666, "name": "Box_02" },
					{ "time": 0.7333, "name": "Box_02" },
					{ "time": 0.8, "name": "Box_02" },
					{ "time": 0.8666, "name": "Box_02" },
					{ "time": 0.9333, "name": "Box_02" },
					{ "time": 1, "name": null },
					{ "time": 1.0666, "name": "Box_02" },
					{ "time": 1.1333, "name": "Box_02" },
					{ "time": 1.2, "name": null },
					{ "time": 1.2666, "name": "Box_02" },
					{ "time": 1.3333, "name": "Box_02" },
					{ "time": 1.4, "name": "Box_02" },
					{ "time": 1.4666, "name": "Box_02" },
					{ "time": 1.5333, "name": "Box_02" },
					{ "time": 1.6, "name": "Box_02" },
					{ "time": 1.6666, "name": "Box_02" },
					{ "time": 1.7333, "name": "Box_02" },
					{ "time": 1.8, "name": "Box_02" },
					{ "time": 1.8666, "name": "Box_02" },
					{ "time": 1.9333, "name": null },
					{ "time": 2, "name": "Box_02" }
				]
			},
			"Box_2": {
				"attachment": [
					{ "time": 0, "name": "Box_02" },
					{ "time": 0.0666, "name": "Box_02" },
					{ "time": 0.1333, "name": "Box_02" },
					{ "time": 0.2, "name": "Box_02" },
					{ "time": 0.2666, "name": "Box_02" },
					{ "time": 0.3333, "name": "Box_02" },
					{ "time": 0.4, "name": "Box_02" },
					{ "time": 0.4666, "name": "Box_02" },
					{ "time": 0.5333, "name": "Box_02" },
					{ "time": 0.6, "name": "Box_02" },
					{ "time": 0.6666, "name": "Box_02" },
					{ "time": 0.7333, "name": "Box_02" },
					{ "time": 0.8, "name": "Box_02" },
					{ "time": 0.8666, "name": "Box_02" },
					{ "time": 0.9333, "name": "Box_02" },
					{ "time": 1, "name": "Box_02" },
					{ "time": 1.0666, "name": "Box_02" },
					{ "time": 1.1333, "name": "Box_02" },
					{ "time": 1.2, "name": "Box_02" },
					{ "time": 1.2666, "name": "Box_02" },
					{ "time": 1.3333, "name": "Box_02" },
					{ "time": 1.4, "name": "Box_02" },
					{ "time": 1.4666, "name": "Box_02" },
					{ "time": 1.5333, "name": "Box_02" },
					{ "time": 1.6, "name": "Box_02" },
					{ "time": 1.6666, "name": "Box_02" },
					{ "time": 1.7333, "name": "Box_02" },
					{ "time": 1.8, "name": "Box_02" },
					{ "time": 1.8666, "name": "Box_02" },
					{ "time": 1.9333, "name": "Box_02" },
					{ "time": 2, "name": "Box_02" }
				]
			},
			"Box_3": {
				"attachment": [
					{ "time": 0, "name": "Box_02" },
					{ "time": 0.0666, "name": "Box_02" },
					{ "time": 0.1333, "name": "Box_02" },
					{ "time": 0.2, "name": "Box_02" },
					{ "time": 0.2666, "name": "Box_02" },
					{ "time": 0.3333, "name": "Box_02" },
					{ "time": 0.4, "name": "Box_02" },
					{ "time": 0.4666, "name": "Box_02" },
					{ "time": 0.5333, "name": "Box_02" },
					{ "time": 0.6, "name": "Box_02" },
					{ "time": 0.6666, "name": "Box_02" },
					{ "time": 0.7333, "name": "Box_02" },
					{ "time": 0.8, "name": "Box_02" },
					{ "time": 0.8666, "name": "Box_02" },
					{ "time": 0.9333, "name": "Box_02" },
					{ "time": 1, "name": "Box_02" },
					{ "time": 1.0666, "name": "Box_02" },
					{ "time": 1.1333, "name": "Box_02" },
					{ "time": 1.2, "name": "Box_02" },
					{ "time": 1.2666, "name": "Box_02" },
					{ "time": 1.3333, "name": "Box_02" },
					{ "time": 1.4, "name": "Box_02" },
					{ "time": 1.4666, "name": "Box_02" },
					{ "time": 1.5333, "name": "Box_02" },
					{ "time": 1.6, "name": "Box_02" },
					{ "time": 1.6666, "name": "Box_02" },
					{ "time": 1.7333, "name": "Box_02" },
					{ "time": 1.8, "name": "Box_02" },
					{ "time": 1.8666, "name": "Box_02" },
					{ "time": 1.9333, "name": "Box_02" },
					{ "time": 2, "name": "Box_02" }
				]
			},
			"Box_4": {
				"attachment": [
					{ "time": 0, "name": null },
					{ "time": 0.0666, "name": "Box_02" },
					{ "time": 0.1333, "name": "Box_02" },
					{ "time": 0.2, "name": "Box_02" },
					{ "time": 0.2666, "name": "Box_02" },
					{ "time": 0.3333, "name": null },
					{ "time": 0.4, "name": "Box_02" },
					{ "time": 0.4666, "name": null },
					{ "time": 0.5333, "name": "Box_02" },
					{ "time": 0.6, "name": "Box_02" },
					{ "time": 0.6666, "name": "Box_02" },
					{ "time": 0.7333, "name": null },
					{ "time": 0.8, "name": "Box_02" },
					{ "time": 0.8666, "name": null },
					{ "time": 0.9333, "name": null },
					{ "time": 1, "name": null },
					{ "time": 1.0666, "name": null },
					{ "time": 1.1333, "name": null },
					{ "time": 1.2, "name": null },
					{ "time": 1.2666, "name": null },
					{ "time": 1.3333, "name": "Box_02" },
					{ "time": 1.4, "name": null },
					{ "time": 1.4666, "name": "Box_02" },
					{ "time": 1.5333, "name": null },
					{ "time": 1.6, "name": "Box_02" },
					{ "time": 1.6666, "name": "Box_02" },
					{ "time": 1.7333, "name": null },
					{ "time": 1.8, "name": "Box_02" },
					{ "time": 1.8666, "name": null },
					{ "time": 1.9333, "name": null },
					{ "time": 2, "name": null }
				]
			},
			"Box_5": {
				"attachment": [
					{ "time": 0, "name": null },
					{ "time": 0.0666, "name": "Box_02" },
					{ "time": 0.1333, "name": "Box_02" },
					{ "time": 0.2, "name": "Box_02" },
					{ "time": 0.2666, "name": null },
					{ "time": 0.3333, "name": null },
					{ "time": 0.4, "name": null },
					{ "time": 0.4666, "name": null },
					{ "time": 0.5333, "name": null },
					{ "time": 0.6, "name": "Box_02" },
					{ "time": 0.6666, "name": "Box_02" },
					{ "time": 0.7333, "name": null },
					{ "time": 0.8, "name": null },
					{ "time": 0.8666, "name": null },
					{ "time": 0.9333, "name": null },
					{ "time": 1, "name": null },
					{ "time": 1.0666, "name": null },
					{ "time": 1.1333, "name": null },
					{ "time": 1.2, "name": null },
					{ "time": 1.2666, "name": null },
					{ "time": 1.3333, "name": null },
					{ "time": 1.4, "name": null },
					{ "time": 1.4666, "name": null },
					{ "time": 1.5333, "name": null },
					{ "time": 1.6, "name": "Box_02" },
					{ "time": 1.6666, "name": null },
					{ "time": 1.7333, "name": null },
					{ "time": 1.8, "name": null },
					{ "time": 1.8666, "name": null },
					{ "time": 1.9333, "name": null },
					{ "time": 2, "name": null }
				]
			},
			"Box_6": {
				"attachment": [
					{ "time": 0, "name": null },
					{ "time": 0.0666, "name": null },
					{ "time": 0.1333, "name": "Box_02" },
					{ "time": 0.2, "name": null },
					{ "time": 0.2666, "name": null },
					{ "time": 0.3333, "name": null },
					{ "time": 0.4, "name": null },
					{ "time": 0.4666, "name": null },
					{ "time": 0.5333, "name": null },
					{ "time": 0.6, "name": "Box_02" },
					{ "time": 0.6666, "name": null },
					{ "time": 0.7333, "name": null },
					{ "time": 0.8, "name": null },
					{ "time": 0.8666, "name": null },
					{ "time": 0.9333, "name": null },
					{ "time": 1, "name": null },
					{ "time": 1.0666, "name": null },
					{ "time": 1.1333, "name": null },
					{ "time": 1.2, "name": null },
					{ "time": 1.2666, "name": null },
					{ "time": 1.3333, "name": null },
					{ "time": 1.4, "name": null },
					{ "time": 1.4666, "name": null },
					{ "time": 1.5333, "name": null },
					{ "time": 1.6, "name": null },
					{ "time": 1.6666, "name": null },
					{ "time": 1.7333, "name": null },
					{ "time": 1.8, "name": null },
					{ "time": 1.8666, "name": null },
					{ "time": 1.9333, "name": null },
					{ "time": 2, "name": null }
				]
			},
			"Box_7": {
				"attachment": [
					{ "time": 0, "name": null },
					{ "time": 0.0666, "name": null },
					{ "time": 0.1333, "name": "Box_02" },
					{ "time": 0.2, "name": "Box_02" },
					{ "time": 0.2666, "name": "Box_02" },
					{ "time": 0.3333, "name": null },
					{ "time": 0.4, "name": null },
					{ "time": 0.4666, "name": null },
					{ "time": 0.5333, "name": "Box_02" },
					{ "time": 0.6, "name": null },
					{ "time": 0.6666, "name": null },
					{ "time": 0.7333, "name": "Box_02" },
					{ "time": 0.8, "name": "Box_02" },
					{ "time": 0.8666, "name": "Box_02" },
					{ "time": 0.9333, "name": null },
					{ "time": 1, "name": "Box_02" },
					{ "time": 1.0666, "name": "Box_02" },
					{ "time": 1.1333, "name": "Box_02" },
					{ "time": 1.2, "name": "Box_02" },
					{ "time": 1.2666, "name": "Box_02" },
					{ "time": 1.3333, "name": "Box_02" },
					{ "time": 1.4, "name": "Box_02" },
					{ "time": 1.4666, "name": "Box_02" },
					{ "time": 1.5333, "name": "Box_02" },
					{ "time": 1.6, "name": null },
					{ "time": 1.6666, "name": "Box_02" },
					{ "time": 1.7333, "name": "Box_02" },
					{ "time": 1.8, "name": null },
					{ "time": 1.8666, "name": "Box_02" },
					{ "time": 1.9333, "name": null },
					{ "time": 2, "name": null }
				]
			},
			"Box_8": {
				"attachment": [
					{ "time": 0, "name": null },
					{ "time": 0.0666, "name": "Box_02" },
					{ "time": 0.1333, "name": "Box_02" },
					{ "time": 0.2, "name": "Box_02" },
					{ "time": 0.2666, "name": "Box_02" },
					{ "time": 0.3333, "name": "Box_02" },
					{ "time": 0.4, "name": null },
					{ "time": 0.4666, "name": "Box_02" },
					{ "time": 0.5333, "name": "Box_02" },
					{ "time": 0.6, "name": "Box_02" },
					{ "time": 0.6666, "name": null },
					{ "time": 0.7333, "name": "Box_02" },
					{ "time": 0.8, "name": "Box_02" },
					{ "time": 0.8666, "name": "Box_02" },
					{ "time": 0.9333, "name": "Box_02" },
					{ "time": 1, "name": "Box_02" },
					{ "time": 1.0666, "name": "Box_02" },
					{ "time": 1.1333, "name": "Box_02" },
					{ "time": 1.2, "name": "Box_02" },
					{ "time": 1.2666, "name": "Box_02" },
					{ "time": 1.3333, "name": "Box_02" },
					{ "time": 1.4, "name": "Box_02" },
					{ "time": 1.4666, "name": "Box_02" },
					{ "time": 1.5333, "name": "Box_02" },
					{ "time": 1.6, "name": "Box_02" },
					{ "time": 1.6666, "name": "Box_02" },
					{ "time": 1.7333, "name": "Box_02" },
					{ "time": 1.8, "name": "Box_02" },
					{ "time": 1.8666, "name": "Box_02" },
					{ "time": 1.9333, "name": "Box_02" },
					{ "time": 2, "name": null }
				]
			},
			"Box_9": {
				"attachment": [
					{ "time": 0, "name": "Box_02" },
					{ "time": 0.0666, "name": "Box_02" },
					{ "time": 0.1333, "name": "Box_02" },
					{ "time": 0.2, "name": "Box_02" },
					{ "time": 0.2666, "name": "Box_02" },
					{ "time": 0.3333, "name": "Box_02" },
					{ "time": 0.4, "name": "Box_02" },
					{ "time": 0.4666, "name": "Box_02" },
					{ "time": 0.5333, "name": "Box_02" },
					{ "time": 0.6, "name": "Box_02" },
					{ "time": 0.6666, "name": "Box_02" },
					{ "time": 0.7333, "name": "Box_02" },
					{ "time": 0.8, "name": "Box_02" },
					{ "time": 0.8666, "name": "Box_02" },
					{ "time": 0.9333, "name": "Box_02" },
					{ "time": 1, "name": "Box_02" },
					{ "time": 1.0666, "name": "Box_02" },
					{ "time": 1.1333, "name": "Box_02" },
					{ "time": 1.2, "name": "Box_02" },
					{ "time": 1.2666, "name": "Box_02" },
					{ "time": 1.3333, "name": "Box_02" },
					{ "time": 1.4, "name": "Box_02" },
					{ "time": 1.4666, "name": "Box_02" },
					{ "time": 1.5333, "name": "Box_02" },
					{ "time": 1.6, "name": "Box_02" },
					{ "time": 1.6666, "name": "Box_02" },
					{ "time": 1.7333, "name": "Box_02" },
					{ "time": 1.8, "name": "Box_02" },
					{ "time": 1.8666, "name": "Box_02" },
					{ "time": 1.9333, "name": "Box_02" },
					{ "time": 2, "name": "Box_02" }
				]
			},
			"Box_10": {
				"attachment": [
					{ "time": 0, "name": "Box_02" },
					{ "time": 0.0666, "name": "Box_02" },
					{ "time": 0.1333, "name": "Box_02" },
					{ "time": 0.2, "name": "Box_02" },
					{ "time": 0.2666, "name": "Box_02" },
					{ "time": 0.3333, "name": "Box_02" },
					{ "time": 0.4, "name": "Box_02" },
					{ "time": 0.4666, "name": "Box_02" },
					{ "time": 0.5333, "name": "Box_02" },
					{ "time": 0.6, "name": "Box_02" },
					{ "time": 0.6666, "name": "Box_02" },
					{ "time": 0.7333, "name": "Box_02" },
					{ "time": 0.8, "name": "Box_02" },
					{ "time": 0.8666, "name": "Box_02" },
					{ "time": 0.9333, "name": "Box_02" },
					{ "time": 1, "name": "Box_02" },
					{ "time": 1.0666, "name": "Box_02" },
					{ "time": 1.1333, "name": "Box_02" },
					{ "time": 1.2, "name": "Box_02" },
					{ "time": 1.2666, "name": "Box_02" },
					{ "time": 1.3333, "name": "Box_02" },
					{ "time": 1.4, "name": "Box_02" },
					{ "time": 1.4666, "name": "Box_02" },
					{ "time": 1.5333, "name": "Box_02" },
					{ "time": 1.6, "name": "Box_02" },
					{ "time": 1.6666, "name": "Box_02" },
					{ "time": 1.7333, "name": "Box_02" },
					{ "time": 1.8, "name": "Box_02" },
					{ "time": 1.8666, "name": "Box_02" },
					{ "time": 1.9333, "name": "Box_02" },
					{ "time": 2, "name": "Box_02" }
				]
			},
			"Box_11": {
				"attachment": [
					{ "time": 0, "name": null },
					{ "time": 0.0666, "name": null },
					{ "time": 0.1333, "name": null },
					{ "time": 0.2, "name": "Box_02" },
					{ "time": 0.2666, "name": null },
					{ "time": 0.3333, "name": null },
					{ "time": 0.4, "name": null },
					{ "time": 0.4666, "name": null },
					{ "time": 0.5333, "name": null },
					{ "time": 0.6, "name": null },
					{ "time": 0.6666, "name": null },
					{ "time": 0.7333, "name": "Box_02" },
					{ "time": 0.8, "name": "Box_02" },
					{ "time": 0.8666, "name": null },
					{ "time": 0.9333, "name": null },
					{ "time": 1, "name": "Box_02" },
					{ "time": 1.0666, "name": "Box_02" },
					{ "time": 1.1333, "name": "Box_02" },
					{ "time": 1.2, "name": "Box_02" },
					{ "time": 1.2666, "name": null },
					{ "time": 1.3333, "name": "Box_02" },
					{ "time": 1.4, "name": "Box_02" },
					{ "time": 1.4666, "name": "Box_02" },
					{ "time": 1.5333, "name": null },
					{ "time": 1.6, "name": null },
					{ "time": 1.6666, "name": null },
					{ "time": 1.7333, "name": "Box_02" },
					{ "time": 1.8, "name": null },
					{ "time": 1.8666, "name": null },
					{ "time": 1.9333, "name": null },
					{ "time": 2, "name": null }
				]
			},
			"Box_12": {
				"attachment": [
					{ "time": 0, "name": null },
					{ "time": 0.0666, "name": null },
					{ "time": 0.1333, "name": null },
					{ "time": 0.2, "name": null },
					{ "time": 0.2666, "name": null },
					{ "time": 0.3333, "name": null },
					{ "time": 0.4, "name": null },
					{ "time": 0.4666, "name": null },
					{ "time": 0.5333, "name": null },
					{ "time": 0.6, "name": null },
					{ "time": 0.6666, "name": null },
					{ "time": 0.7333, "name": null },
					{ "time": 0.8, "name": "Box_02" },
					{ "time": 0.8666, "name": null },
					{ "time": 0.9333, "name": null },
					{ "time": 1, "name": null },
					{ "time": 1.0666, "name": "Box_02" },
					{ "time": 1.1333, "name": null },
					{ "time": 1.2, "name": null },
					{ "time": 1.2666, "name": null },
					{ "time": 1.3333, "name": null },
					{ "time": 1.4, "name": "Box_02" },
					{ "time": 1.4666, "name": null },
					{ "time": 1.5333, "name": null },
					{ "time": 1.6, "name": null },
					{ "time": 1.6666, "name": null },
					{ "time": 1.7333, "name": null },
					{ "time": 1.8, "name": null },
					{ "time": 1.8666, "name": null },
					{ "time": 1.9333, "name": null },
					{ "time": 2, "name": null }
				]
			},
			"Box_13": {
				"attachment": [
					{ "time": 0, "name": null },
					{ "time": 0.0666, "name": null },
					{ "time": 0.1333, "name": null },
					{ "time": 0.2, "name": null },
					{ "time": 0.2666, "name": null },
					{ "time": 0.3333, "name": null },
					{ "time": 0.4, "name": null },
					{ "time": 0.4666, "name": null },
					{ "time": 0.5333, "name": null },
					{ "time": 0.6, "name": null },
					{ "time": 0.6666, "name": null },
					{ "time": 0.7333, "name": null },
					{ "time": 0.8, "name": null },
					{ "time": 0.8666, "name": null },
					{ "time": 0.9333, "name": null },
					{ "time": 1, "name": null },
					{ "time": 1.0666, "name": null },
					{ "time": 1.1333, "name": null },
					{ "time": 1.2, "name": null },
					{ "time": 1.2666, "name": null },
					{ "time": 1.3333, "name": null },
					{ "time": 1.4, "name": null },
					{ "time": 1.4666, "name": null },
					{ "time": 1.5333, "name": null },
					{ "time": 1.6, "name": null },
					{ "time": 1.6666, "name": null },
					{ "time": 1.7333, "name": null },
					{ "time": 1.8, "name": null },
					{ "time": 1.8666, "name": null },
					{ "time": 1.9333, "name": null },
					{ "time": 2, "name": null }
				]
			},
			"Box_14": {
				"attachment": [
					{ "time": 0, "name": "Box_02" },
					{ "time": 0.0666, "name": "Box_02" },
					{ "time": 0.1333, "name": "Box_02" },
					{ "time": 0.2, "name": "Box_02" },
					{ "time": 0.2666, "name": "Box_02" },
					{ "time": 0.3333, "name": "Box_02" },
					{ "time": 0.4, "name": "Box_02" },
					{ "time": 0.4666, "name": "Box_02" },
					{ "time": 0.5333, "name": "Box_02" },
					{ "time": 0.6, "name": "Box_02" },
					{ "time": 0.6666, "name": "Box_02" },
					{ "time": 0.7333, "name": "Box_02" },
					{ "time": 0.8, "name": "Box_02" },
					{ "time": 0.8666, "name": "Box_02" },
					{ "time": 0.9333, "name": "Box_02" },
					{ "time": 1, "name": "Box_02" },
					{ "time": 1.0666, "name": "Box_02" },
					{ "time": 1.1333, "name": "Box_02" },
					{ "time": 1.2, "name": "Box_02" },
					{ "time": 1.2666, "name": "Box_02" },
					{ "time": 1.3333, "name": "Box_02" },
					{ "time": 1.4, "name": "Box_02" },
					{ "time": 1.4666, "name": "Box_02" },
					{ "time": 1.5333, "name": "Box_02" },
					{ "time": 1.6, "name": "Box_02" },
					{ "time": 1.6666, "name": "Box_02" },
					{ "time": 1.7333, "name": "Box_02" },
					{ "time": 1.8, "name": "Box_02" },
					{ "time": 1.8666, "name": "Box_02" },
					{ "time": 1.9333, "name": "Box_02" },
					{ "time": 2, "name": "Box_02" }
				]
			},
			"Box_15": {
				"attachment": [
					{ "time": 0, "name": "Box_02" },
					{ "time": 0.0666, "name": "Box_02" },
					{ "time": 0.1333, "name": "Box_02" },
					{ "time": 0.2, "name": null },
					{ "time": 0.2666, "name": null },
					{ "time": 0.3333, "name": null },
					{ "time": 0.4, "name": null },
					{ "time": 0.4666, "name": "Box_02" },
					{ "time": 0.5333, "name": "Box_02" },
					{ "time": 0.6, "name": "Box_02" },
					{ "time": 0.6666, "name": "Box_02" },
					{ "time": 0.7333, "name": "Box_02" },
					{ "time": 0.8, "name": "Box_02" },
					{ "time": 0.8666, "name": null },
					{ "time": 0.9333, "name": "Box_02" },
					{ "time": 1, "name": null },
					{ "time": 1.0666, "name": null },
					{ "time": 1.1333, "name": null },
					{ "time": 1.2, "name": null },
					{ "time": 1.2666, "name": "Box_02" },
					{ "time": 1.3333, "name": null },
					{ "time": 1.4, "name": null },
					{ "time": 1.4666, "name": null },
					{ "time": 1.5333, "name": "Box_02" },
					{ "time": 1.6, "name": null },
					{ "time": 1.6666, "name": "Box_02" },
					{ "time": 1.7333, "name": "Box_02" },
					{ "time": 1.8, "name": "Box_02" },
					{ "time": 1.8666, "name": "Box_02" },
					{ "time": 1.9333, "name": null },
					{ "time": 2, "name": "Box_02" }
				]
			},
			"Box_16": {
				"attachment": [
					{ "time": 0, "name": null },
					{ "time": 0.0666, "name": "Box_02" },
					{ "time": 0.1333, "name": "Box_02" },
					{ "time": 0.2, "name": null },
					{ "time": 0.2666, "name": null },
					{ "time": 0.3333, "name": null },
					{ "time": 0.4, "name": null },
					{ "time": 0.4666, "name": null },
					{ "time": 0.5333, "name": "Box_02" },
					{ "time": 0.6, "name": "Box_02" },
					{ "time": 0.6666, "name": null },
					{ "time": 0.7333, "name": "Box_02" },
					{ "time": 0.8, "name": null },
					{ "time": 0.8666, "name": null },
					{ "time": 0.9333, "name": null },
					{ "time": 1, "name": null },
					{ "time": 1.0666, "name": null },
					{ "time": 1.1333, "name": null },
					{ "time": 1.2, "name": null },
					{ "time": 1.2666, "name": null },
					{ "time": 1.3333, "name": null },
					{ "time": 1.4, "name": null },
					{ "time": 1.4666, "name": null },
					{ "time": 1.5333, "name": null },
					{ "time": 1.6, "name": null },
					{ "time": 1.6666, "name": null },
					{ "time": 1.7333, "name": "Box_02" },
					{ "time": 1.8, "name": null },
					{ "time": 1.8666, "name": "Box_02" },
					{ "time": 1.9333, "name": null },
					{ "time": 2, "name": null }
				]
			},
			"Box_17": {
				"attachment": [
					{ "time": 0, "name": null },
					{ "time": 0.0666, "name": "Box_02" },
					{ "time": 0.1333, "name": null },
					{ "time": 0.2, "name": null },
					{ "time": 0.2666, "name": null },
					{ "time": 0.3333, "name": null },
					{ "time": 0.4, "name": null },
					{ "time": 0.4666, "name": null },
					{ "time": 0.5333, "name": null },
					{ "time": 0.6, "name": "Box_02" },
					{ "time": 0.6666, "name": null },
					{ "time": 0.7333, "name": null },
					{ "time": 0.8, "name": null },
					{ "time": 0.8666, "name": null },
					{ "time": 0.9333, "name": null },
					{ "time": 1, "name": null },
					{ "time": 1.0666, "name": null },
					{ "time": 1.1333, "name": null },
					{ "time": 1.2, "name": null },
					{ "time": 1.2666, "name": null },
					{ "time": 1.3333, "name": null },
					{ "time": 1.4, "name": null },
					{ "time": 1.4666, "name": null },
					{ "time": 1.5333, "name": null },
					{ "time": 1.6, "name": null },
					{ "time": 1.6666, "name": null },
					{ "time": 1.7333, "name": null },
					{ "time": 1.8, "name": null },
					{ "time": 1.8666, "name": null },
					{ "time": 1.9333, "name": null },
					{ "time": 2, "name": null }
				]
			},
			"Box_18": {
				"attachment": [
					{ "time": 0, "name": "Box_02" },
					{ "time": 0.0666, "name": "Box_02" },
					{ "time": 0.1333, "name": "Box_02" },
					{ "time": 0.2, "name": "Box_02" },
					{ "time": 0.2666, "name": null },
					{ "time": 0.3333, "name": null },
					{ "time": 0.4, "name": "Box_02" },
					{ "time": 0.4666, "name": "Box_02" },
					{ "time": 0.5333, "name": "Box_02" },
					{ "time": 0.6, "name": "Box_02" },
					{ "time": 0.6666, "name": "Box_02" },
					{ "time": 0.7333, "name": "Box_02" },
					{ "time": 0.8, "name": "Box_02" },
					{ "time": 0.8666, "name": null },
					{ "time": 0.9333, "name": "Box_02" },
					{ "time": 1, "name": "Box_02" },
					{ "time": 1.0666, "name": null },
					{ "time": 1.1333, "name": null },
					{ "time": 1.2, "name": "Box_02" },
					{ "time": 1.2666, "name": "Box_02" },
					{ "time": 1.3333, "name": "Box_02" },
					{ "time": 1.4, "name": null },
					{ "time": 1.4666, "name": "Box_02" },
					{ "time": 1.5333, "name": "Box_02" },
					{ "time": 1.6, "name": "Box_02" },
					{ "time": 1.6666, "name": "Box_02" },
					{ "time": 1.7333, "name": "Box_02" },
					{ "time": 1.8, "name": "Box_02" },
					{ "time": 1.8666, "name": "Box_02" },
					{ "time": 1.9333, "name": "Box_02" },
					{ "time": 2, "name": "Box_02" }
				]
			},
			"Box_19": {
				"attachment": [
					{ "time": 0, "name": "Box_02" },
					{ "time": 0.0666, "name": "Box_02" },
					{ "time": 0.1333, "name": "Box_02" },
					{ "time": 0.2, "name": "Box_02" },
					{ "time": 0.2666, "name": "Box_02" },
					{ "time": 0.3333, "name": null },
					{ "time": 0.4, "name": "Box_02" },
					{ "time": 0.4666, "name": "Box_02" },
					{ "time": 0.5333, "name": "Box_02" },
					{ "time": 0.6, "name": "Box_02" },
					{ "time": 0.6666, "name": "Box_02" },
					{ "time": 0.7333, "name": "Box_02" },
					{ "time": 0.8, "name": "Box_02" },
					{ "time": 0.8666, "name": "Box_02" },
					{ "time": 0.9333, "name": "Box_02" },
					{ "time": 1, "name": "Box_02" },
					{ "time": 1.0666, "name": null },
					{ "time": 1.1333, "name": "Box_02" },
					{ "time": 1.2, "name": "Box_02" },
					{ "time": 1.2666, "name": "Box_02" },
					{ "time": 1.3333, "name": "Box_02" },
					{ "time": 1.4, "name": "Box_02" },
					{ "time": 1.4666, "name": "Box_02" },
					{ "time": 1.5333, "name": "Box_02" },
					{ "time": 1.6, "name": "Box_02" },
					{ "time": 1.6666, "name": "Box_02" },
					{ "time": 1.7333, "name": "Box_02" },
					{ "time": 1.8, "name": "Box_02" },
					{ "time": 1.8666, "name": "Box_02" },
					{ "time": 1.9333, "name": "Box_02" },
					{ "time": 2, "name": "Box_02" }
				]
			},
			"Box_20": {
				"attachment": [
					{ "time": 0, "name": "Box_02" },
					{ "time": 0.0666, "name": "Box_02" },
					{ "time": 0.1333, "name": "Box_02" },
					{ "time": 0.2, "name": "Box_02" },
					{ "time": 0.2666, "name": "Box_02" },
					{ "time": 0.3333, "name": "Box_02" },
					{ "time": 0.4, "name": "Box_02" },
					{ "time": 0.4666, "name": "Box_02" },
					{ "time": 0.5333, "name": "Box_02" },
					{ "time": 0.6, "name": "Box_02" },
					{ "time": 0.6666, "name": "Box_02" },
					{ "time": 0.7333, "name": "Box_02" },
					{ "time": 0.8, "name": "Box_02" },
					{ "time": 0.8666, "name": "Box_02" },
					{ "time": 0.9333, "name": "Box_02" },
					{ "time": 1, "name": "Box_02" },
					{ "time": 1.0666, "name": "Box_02" },
					{ "time": 1.1333, "name": "Box_02" },
					{ "time": 1.2, "name": "Box_02" },
					{ "time": 1.2666, "name": "Box_02" },
					{ "time": 1.3333, "name": "Box_02" },
					{ "time": 1.4, "name": "Box_02" },
					{ "time": 1.4666, "name": "Box_02" },
					{ "time": 1.5333, "name": "Box_02" },
					{ "time": 1.6, "name": "Box_02" },
					{ "time": 1.6666, "name": "Box_02" },
					{ "time": 1.7333, "name": "Box_02" },
					{ "time": 1.8, "name": "Box_02" },
					{ "time": 1.8666, "name": "Box_02" },
					{ "time": 1.9333, "name": "Box_02" },
					{ "time": 2, "name": "Box_02" }
				]
			},
			"Box_21": {
				"attachment": [
					{ "time": 0, "name": "Box_02" },
					{ "time": 0.0666, "name": "Box_02" },
					{ "time": 0.1333, "name": "Box_02" },
					{ "time": 0.2, "name": "Box_02" },
					{ "time": 0.2666, "name": "Box_02" },
					{ "time": 0.3333, "name": "Box_02" },
					{ "time": 0.4, "name": "Box_02" },
					{ "time": 0.4666, "name": "Box_02" },
					{ "time": 0.5333, "name": "Box_02" },
					{ "time": 0.6, "name": "Box_02" },
					{ "time": 0.6666, "name": "Box_02" },
					{ "time": 0.7333, "name": "Box_02" },
					{ "time": 0.8, "name": "Box_02" },
					{ "time": 0.8666, "name": "Box_02" },
					{ "time": 0.9333, "name": "Box_02" },
					{ "time": 1, "name": "Box_02" },
					{ "time": 1.0666, "name": "Box_02" },
					{ "time": 1.1333, "name": "Box_02" },
					{ "time": 1.2, "name": "Box_02" },
					{ "time": 1.2666, "name": "Box_02" },
					{ "time": 1.3333, "name": "Box_02" },
					{ "time": 1.4, "name": "Box_02" },
					{ "time": 1.4666, "name": "Box_02" },
					{ "time": 1.5333, "name": "Box_02" },
					{ "time": 1.6, "name": "Box_02" },
					{ "time": 1.6666, "name": "Box_02" },
					{ "time": 1.7333, "name": "Box_02" },
					{ "time": 1.8, "name": "Box_02" },
					{ "time": 1.8666, "name": "Box_02" },
					{ "time": 1.9333, "name": "Box_02" },
					{ "time": 2, "name": "Box_02" }
				]
			},
			"Box_22": {
				"attachment": [
					{ "time": 0, "name": null },
					{ "time": 0.0666, "name": null },
					{ "time": 0.1333, "name": "Box_02" },
					{ "time": 0.2, "name": null },
					{ "time": 0.2666, "name": null },
					{ "time": 0.3333, "name": "Box_02" },
					{ "time": 0.4, "name": null },
					{ "time": 0.4666, "name": null },
					{ "time": 0.5333, "name": null },
					{ "time": 0.6, "name": "Box_02" },
					{ "time": 0.6666, "name": "Box_02" },
					{ "time": 0.7333, "name": null },
					{ "time": 0.8, "name": null },
					{ "time": 0.8666, "name": null },
					{ "time": 0.9333, "name": null },
					{ "time": 1, "name": null },
					{ "time": 1.0666, "name": null },
					{ "time": 1.1333, "name": "Box_02" },
					{ "time": 1.2, "name": "Box_02" },
					{ "time": 1.2666, "name": "Box_02" },
					{ "time": 1.3333, "name": "Box_02" },
					{ "time": 1.4, "name": null },
					{ "time": 1.4666, "name": null },
					{ "time": 1.5333, "name": null },
					{ "time": 1.6, "name": null },
					{ "time": 1.6666, "name": null },
					{ "time": 1.7333, "name": null },
					{ "time": 1.8, "name": null },
					{ "time": 1.8666, "name": null },
					{ "time": 1.9333, "name": null },
					{ "time": 2, "name": null }
				]
			},
			"Box_23": {
				"attachment": [
					{ "time": 0, "name": null },
					{ "time": 0.0666, "name": null },
					{ "time": 0.1333, "name": null },
					{ "time": 0.2, "name": null },
					{ "time": 0.2666, "name": null },
					{ "time": 0.3333, "name": null },
					{ "time": 0.4, "name": null },
					{ "time": 0.4666, "name": null },
					{ "time": 0.5333, "name": null },
					{ "time": 0.6, "name": "Box_02" },
					{ "time": 0.6666, "name": null },
					{ "time": 0.7333, "name": null },
					{ "time": 0.8, "name": null },
					{ "time": 0.8666, "name": null },
					{ "time": 0.9333, "name": null },
					{ "time": 1, "name": null },
					{ "time": 1.0666, "name": null },
					{ "time": 1.1333, "name": null },
					{ "time": 1.2, "name": "Box_02" },
					{ "time": 1.2666, "name": null },
					{ "time": 1.3333, "name": null },
					{ "time": 1.4, "name": null },
					{ "time": 1.4666, "name": null },
					{ "time": 1.5333, "name": null },
					{ "time": 1.6, "name": null },
					{ "time": 1.6666, "name": null },
					{ "time": 1.7333, "name": null },
					{ "time": 1.8, "name": null },
					{ "time": 1.8666, "name": null },
					{ "time": 1.9333, "name": null },
					{ "time": 2, "name": null }
				]
			},
			"Box_24": {
				"attachment": [
					{ "time": 0, "name": null },
					{ "time": 0.0666, "name": null },
					{ "time": 0.1333, "name": null },
					{ "time": 0.2, "name": null },
					{ "time": 0.2666, "name": null },
					{ "time": 0.3333, "name": null },
					{ "time": 0.4, "name": null },
					{ "time": 0.4666, "name": null },
					{ "time": 0.5333, "name": null },
					{ "time": 0.6, "name": null },
					{ "time": 0.6666, "name": null },
					{ "time": 0.7333, "name": null },
					{ "time": 0.8, "name": null },
					{ "time": 0.8666, "name": null },
					{ "time": 0.9333, "name": null },
					{ "time": 1, "name": null },
					{ "time": 1.0666, "name": null },
					{ "time": 1.1333, "name": null },
					{ "time": 1.2, "name": null },
					{ "time": 1.2666, "name": null },
					{ "time": 1.3333, "name": null },
					{ "time": 1.4, "name": null },
					{ "time": 1.4666, "name": null },
					{ "time": 1.5333, "name": null },
					{ "time": 1.6, "name": null },
					{ "time": 1.6666, "name": null },
					{ "time": 1.7333, "name": null },
					{ "time": 1.8, "name": null },
					{ "time": 1.8666, "name": null },
					{ "time": 1.9333, "name": null },
					{ "time": 2, "name": null }
				]
			},
			"Box_25": {
				"attachment": [
					{ "time": 0, "name": null },
					{ "time": 0.0666, "name": "Box_02" },
					{ "time": 0.1333, "name": "Box_02" },
					{ "time": 0.2, "name": "Box_02" },
					{ "time": 0.2666, "name": null },
					{ "time": 0.3333, "name": "Box_02" },
					{ "time": 0.4, "name": null },
					{ "time": 0.4666, "name": null },
					{ "time": 0.5333, "name": null },
					{ "time": 0.6, "name": "Box_02" },
					{ "time": 0.6666, "name": "Box_02" },
					{ "time": 0.7333, "name": "Box_02" },
					{ "time": 0.8, "name": null },
					{ "time": 0.8666, "name": null },
					{ "time": 0.9333, "name": null },
					{ "time": 1, "name": null },
					{ "time": 1.0666, "name": "Box_02" },
					{ "time": 1.1333, "name": "Box_02" },
					{ "time": 1.2, "name": "Box_02" },
					{ "time": 1.2666, "name": "Box_02" },
					{ "time": 1.3333, "name": "Box_02" },
					{ "time": 1.4, "name": null },
					{ "time": 1.4666, "name": "Box_02" },
					{ "time": 1.5333, "name": null },
					{ "time": 1.6, "name": null },
					{ "time": 1.6666, "name": null },
					{ "time": 1.7333, "name": null },
					{ "time": 1.8, "name": null },
					{ "time": 1.8666, "name": null },
					{ "time": 1.9333, "name": null },
					{ "time": 2, "name": null }
				]
			},
			"Box_26": {
				"attachment": [
					{ "time": 0, "name": "Box_02" },
					{ "time": 0.0666, "name": "Box_02" },
					{ "time": 0.1333, "name": "Box_02" },
					{ "time": 0.2, "name": "Box_02" },
					{ "time": 0.2666, "name": null },
					{ "time": 0.3333, "name": "Box_02" },
					{ "time": 0.4, "name": "Box_02" },
					{ "time": 0.4666, "name": null },
					{ "time": 0.5333, "name": null },
					{ "time": 0.6, "name": "Box_02" },
					{ "time": 0.6666, "name": "Box_02" },
					{ "time": 0.7333, "name": "Box_02" },
					{ "time": 0.8, "name": "Box_02" },
					{ "time": 0.8666, "name": null },
					{ "time": 0.9333, "name": null },
					{ "time": 1, "name": "Box_02" },
					{ "time": 1.0666, "name": "Box_02" },
					{ "time": 1.1333, "name": "Box_02" },
					{ "time": 1.2, "name": "Box_02" },
					{ "time": 1.2666, "name": "Box_02" },
					{ "time": 1.3333, "name": "Box_02" },
					{ "time": 1.4, "name": "Box_02" },
					{ "time": 1.4666, "name": "Box_02" },
					{ "time": 1.5333, "name": null },
					{ "time": 1.6, "name": null },
					{ "time": 1.6666, "name": "Box_02" },
					{ "time": 1.7333, "name": null },
					{ "time": 1.8, "name": null },
					{ "time": 1.8666, "name": null },
					{ "time": 1.9333, "name": null },
					{ "time": 2, "name": "Box_02" }
				]
			},
			"Box_27": {
				"attachment": [
					{ "time": 0, "name": "Box_02" },
					{ "time": 0.0666, "name": "Box_02" },
					{ "time": 0.1333, "name": "Box_02" },
					{ "time": 0.2, "name": "Box_02" },
					{ "time": 0.2666, "name": "Box_02" },
					{ "time": 0.3333, "name": "Box_02" },
					{ "time": 0.4, "name": "Box_02" },
					{ "time": 0.4666, "name": null },
					{ "time": 0.5333, "name": "Box_02" },
					{ "time": 0.6, "name": "Box_02" },
					{ "time": 0.6666, "name": "Box_02" },
					{ "time": 0.7333, "name": "Box_02" },
					{ "time": 0.8, "name": "Box_02" },
					{ "time": 0.8666, "name": null },
					{ "time": 0.9333, "name": "Box_02" },
					{ "time": 1, "name": "Box_02" },
					{ "time": 1.0666, "name": "Box_02" },
					{ "time": 1.1333, "name": "Box_02" },
					{ "time": 1.2, "name": "Box_02" },
					{ "time": 1.2666, "name": "Box_02" },
					{ "time": 1.3333, "name": "Box_02" },
					{ "time": 1.4, "name": "Box_02" },
					{ "time": 1.4666, "name": "Box_02" },
					{ "time": 1.5333, "name": "Box_02" },
					{ "time": 1.6, "name": null },
					{ "time": 1.6666, "name": "Box_02" },
					{ "time": 1.7333, "name": null },
					{ "time": 1.8, "name": "Box_02" },
					{ "time": 1.8666, "name": null },
					{ "time": 1.9333, "name": "Box_02" },
					{ "time": 2, "name": "Box_02" }
				]
			},
			"Box_28": {
				"attachment": [
					{ "time": 0, "name": "Box_02" },
					{ "time": 0.0666, "name": "Box_02" },
					{ "time": 0.1333, "name": "Box_02" },
					{ "time": 0.2, "name": "Box_02" },
					{ "time": 0.2666, "name": "Box_02" },
					{ "time": 0.3333, "name": "Box_02" },
					{ "time": 0.4, "name": "Box_02" },
					{ "time": 0.4666, "name": "Box_02" },
					{ "time": 0.5333, "name": "Box_02" },
					{ "time": 0.6, "name": "Box_02" },
					{ "time": 0.6666, "name": "Box_02" },
					{ "time": 0.7333, "name": "Box_02" },
					{ "time": 0.8, "name": "Box_02" },
					{ "time": 0.8666, "name": "Box_02" },
					{ "time": 0.9333, "name": "Box_02" },
					{ "time": 1, "name": "Box_02" },
					{ "time": 1.0666, "name": "Box_02" },
					{ "time": 1.1333, "name": "Box_02" },
					{ "time": 1.2, "name": "Box_02" },
					{ "time": 1.2666, "name": "Box_02" },
					{ "time": 1.3333, "name": "Box_02" },
					{ "time": 1.4, "name": "Box_02" },
					{ "time": 1.4666, "name": "Box_02" },
					{ "time": 1.5333, "name": "Box_02" },
					{ "time": 1.6, "name": "Box_02" },
					{ "time": 1.6666, "name": "Box_02" },
					{ "time": 1.7333, "name": "Box_02" },
					{ "time": 1.8, "name": "Box_02" },
					{ "time": 1.8666, "name": "Box_02" },
					{ "time": 1.9333, "name": "Box_02" },
					{ "time": 2, "name": "Box_02" }
				]
			},
			"Box_29": {
				"attachment": [
					{ "time": 0, "name": "Box_02" },
					{ "time": 0.0666, "name": "Box_02" },
					{ "time": 0.1333, "name": "Box_02" },
					{ "time": 0.2, "name": "Box_02" },
					{ "time": 0.2666, "name": "Box_02" },
					{ "time": 0.3333, "name": "Box_02" },
					{ "time": 0.4, "name": "Box_02" },
					{ "time": 0.4666, "name": "Box_02" },
					{ "time": 0.5333, "name": "Box_02" },
					{ "time": 0.6, "name": null },
					{ "time": 0.6666, "name": "Box_02" },
					{ "time": 0.7333, "name": "Box_02" },
					{ "time": 0.8, "name": "Box_02" },
					{ "time": 0.8666, "name": "Box_02" },
					{ "time": 0.9333, "name": "Box_02" },
					{ "time": 1, "name": "Box_02" },
					{ "time": 1.0666, "name": "Box_02" },
					{ "time": 1.1333, "name": null },
					{ "time": 1.2, "name": "Box_02" },
					{ "time": 1.2666, "name": null },
					{ "time": 1.3333, "name": "Box_02" },
					{ "time": 1.4, "name": "Box_02" },
					{ "time": 1.4666, "name": "Box_02" },
					{ "time": 1.5333, "name": "Box_02" },
					{ "time": 1.6, "name": "Box_02" },
					{ "time": 1.6666, "name": "Box_02" },
					{ "time": 1.7333, "name": null },
					{ "time": 1.8, "name": null },
					{ "time": 1.8666, "name": null },
					{ "time": 1.9333, "name": "Box_02" },
					{ "time": 2, "name": "Box_02" }
				]
			},
			"Box_30": {
				"attachment": [
					{ "time": 0, "name": "Box_02" },
					{ "time": 0.0666, "name": null },
					{ "time": 0.1333, "name": "Box_02" },
					{ "time": 0.2, "name": "Box_02" },
					{ "time": 0.2666, "name": "Box_02" },
					{ "time": 0.3333, "name": null },
					{ "time": 0.4, "name": "Box_02" },
					{ "time": 0.4666, "name": "Box_02" },
					{ "time": 0.5333, "name": null },
					{ "time": 0.6, "name": null },
					{ "time": 0.6666, "name": null },
					{ "time": 0.7333, "name": "Box_02" },
					{ "time": 0.8, "name": "Box_02" },
					{ "time": 0.8666, "name": null },
					{ "time": 0.9333, "name": "Box_02" },
					{ "time": 1, "name": "Box_02" },
					{ "time": 1.0666, "name": null },
					{ "time": 1.1333, "name": null },
					{ "time": 1.2, "name": null },
					{ "time": 1.2666, "name": null },
					{ "time": 1.3333, "name": null },
					{ "time": 1.4, "name": "Box_02" },
					{ "time": 1.4666, "name": "Box_02" },
					{ "time": 1.5333, "name": "Box_02" },
					{ "time": 1.6, "name": null },
					{ "time": 1.6666, "name": "Box_02" },
					{ "time": 1.7333, "name": null },
					{ "time": 1.8, "name": null },
					{ "time": 1.8666, "name": null },
					{ "time": 1.9333, "name": null },
					{ "time": 2, "name": "Box_02" }
				]
			},
			"Box_31": {
				"attachment": [
					{ "time": 0, "name": null },
					{ "time": 0.0666, "name": null },
					{ "time": 0.1333, "name": null },
					{ "time": 0.2, "name": "Box_02" },
					{ "time": 0.2666, "name": null },
					{ "time": 0.3333, "name": null },
					{ "time": 0.4, "name": null },
					{ "time": 0.4666, "name": "Box_02" },
					{ "time": 0.5333, "name": null },
					{ "time": 0.6, "name": null },
					{ "time": 0.6666, "name": null },
					{ "time": 0.7333, "name": "Box_02" },
					{ "time": 0.8, "name": null },
					{ "time": 0.8666, "name": null },
					{ "time": 0.9333, "name": null },
					{ "time": 1, "name": "Box_02" },
					{ "time": 1.0666, "name": null },
					{ "time": 1.1333, "name": null },
					{ "time": 1.2, "name": null },
					{ "time": 1.2666, "name": null },
					{ "time": 1.3333, "name": null },
					{ "time": 1.4, "name": null },
					{ "time": 1.4666, "name": "Box_02" },
					{ "time": 1.5333, "name": null },
					{ "time": 1.6, "name": null },
					{ "time": 1.6666, "name": null },
					{ "time": 1.7333, "name": null },
					{ "time": 1.8, "name": null },
					{ "time": 1.8666, "name": null },
					{ "time": 1.9333, "name": null },
					{ "time": 2, "name": null }
				]
			},
			"Box_32": {
				"attachment": [
					{ "time": 0, "name": "Box_02" },
					{ "time": 0.0666, "name": "Box_02" },
					{ "time": 0.1333, "name": "Box_02" },
					{ "time": 0.2, "name": "Box_02" },
					{ "time": 0.2666, "name": "Box_02" },
					{ "time": 0.3333, "name": "Box_02" },
					{ "time": 0.4, "name": "Box_02" },
					{ "time": 0.4666, "name": "Box_02" },
					{ "time": 0.5333, "name": "Box_02" },
					{ "time": 0.6, "name": "Box_02" },
					{ "time": 0.6666, "name": "Box_02" },
					{ "time": 0.7333, "name": "Box_02" },
					{ "time": 0.8, "name": "Box_02" },
					{ "time": 0.8666, "name": "Box_02" },
					{ "time": 0.9333, "name": "Box_02" },
					{ "time": 1, "name": "Box_02" },
					{ "time": 1.0666, "name": "Box_02" },
					{ "time": 1.1333, "name": "Box_02" },
					{ "time": 1.2, "name": "Box_02" },
					{ "time": 1.2666, "name": "Box_02" },
					{ "time": 1.3333, "name": "Box_02" },
					{ "time": 1.4, "name": "Box_02" },
					{ "time": 1.4666, "name": "Box_02" },
					{ "time": 1.5333, "name": "Box_02" },
					{ "time": 1.6, "name": "Box_02" },
					{ "time": 1.6666, "name": "Box_02" },
					{ "time": 1.7333, "name": "Box_02" },
					{ "time": 1.8, "name": null },
					{ "time": 1.8666, "name": "Box_02" },
					{ "time": 1.9333, "name": "Box_02" },
					{ "time": 2, "name": "Box_02" }
				]
			},
			"Box_33": {
				"attachment": [
					{ "time": 0, "name": "Box_02" },
					{ "time": 0.0666, "name": "Box_02" },
					{ "time": 0.1333, "name": "Box_02" },
					{ "time": 0.2, "name": "Box_02" },
					{ "time": 0.2666, "name": "Box_02" },
					{ "time": 0.3333, "name": "Box_02" },
					{ "time": 0.4, "name": "Box_02" },
					{ "time": 0.4666, "name": "Box_02" },
					{ "time": 0.5333, "name": "Box_02" },
					{ "time": 0.6, "name": "Box_02" },
					{ "time": 0.6666, "name": "Box_02" },
					{ "time": 0.7333, "name": "Box_02" },
					{ "time": 0.8, "name": "Box_02" },
					{ "time": 0.8666, "name": "Box_02" },
					{ "time": 0.9333, "name": "Box_02" },
					{ "time": 1, "name": "Box_02" },
					{ "time": 1.0666, "name": "Box_02" },
					{ "time": 1.1333, "name": "Box_02" },
					{ "time": 1.2, "name": "Box_02" },
					{ "time": 1.2666, "name": "Box_02" },
					{ "time": 1.3333, "name": "Box_02" },
					{ "time": 1.4, "name": "Box_02" },
					{ "time": 1.4666, "name": "Box_02" },
					{ "time": 1.5333, "name": "Box_02" },
					{ "time": 1.6, "name": "Box_02" },
					{ "time": 1.6666, "name": "Box_02" },
					{ "time": 1.7333, "name": "Box_02" },
					{ "time": 1.8, "name": "Box_02" },
					{ "time": 1.8666, "name": "Box_02" },
					{ "time": 1.9333, "name": "Box_02" },
					{ "time": 2, "name": "Box_02" }
				]
			},
			"Box_34": {
				"attachment": [
					{ "time": 0, "name": "Box_02" },
					{ "time": 0.0666, "name": "Box_02" },
					{ "time": 0.1333, "name": "Box_02" },
					{ "time": 0.2, "name": "Box_02" },
					{ "time": 0.2666, "name": "Box_02" },
					{ "time": 0.3333, "name": "Box_02" },
					{ "time": 0.4, "name": "Box_02" },
					{ "time": 0.4666, "name": "Box_02" },
					{ "time": 0.5333, "name": "Box_02" },
					{ "time": 0.6, "name": "Box_02" },
					{ "time": 0.6666, "name": "Box_02" },
					{ "time": 0.7333, "name": "Box_02" },
					{ "time": 0.8, "name": "Box_02" },
					{ "time": 0.8666, "name": "Box_02" },
					{ "time": 0.9333, "name": "Box_02" },
					{ "time": 1, "name": "Box_02" },
					{ "time": 1.0666, "name": "Box_02" },
					{ "time": 1.1333, "name": "Box_02" },
					{ "time": 1.2, "name": "Box_02" },
					{ "time": 1.2666, "name": "Box_02" },
					{ "time": 1.3333, "name": "Box_02" },
					{ "time": 1.4, "name": "Box_02" },
					{ "time": 1.4666, "name": "Box_02" },
					{ "time": 1.5333, "name": "Box_02" },
					{ "time": 1.6, "name": "Box_02" },
					{ "time": 1.6666, "name": "Box_02" },
					{ "time": 1.7333, "name": "Box_02" },
					{ "time": 1.8, "name": "Box_02" },
					{ "time": 1.8666, "name": "Box_02" },
					{ "time": 1.9333, "name": "Box_02" },
					{ "time": 2, "name": "Box_02" }
				]
			}
		}
	}
}
}