{
"skeleton": { "hash": "d2o/QlvnZRh2Wx+xMjCC04ZLql8", "spine": "3.2.01", "width": 167, "height": 130.5, "images": "" },
"bones": [
	{ "name": "root" },
	{ "name": "骨骼", "parent": "root", "scaleX": 0.5, "scaleY": 0.5 },
	{ "name": "A", "parent": "骨骼" },
	{ "name": "L1", "parent": "A", "y": 85 },
	{ "name": "L2", "parent": "A", "x": 6, "y": 84 },
	{ "name": "L3", "parent": "A", "x": 4, "y": 81.99 }
],
"slots": [
	{ "name": "L1", "bone": "L1", "attachment": "L1", "blend": "additive" },
	{ "name": "L2", "bone": "L2", "attachment": "L2", "blend": "additive" },
	{ "name": "L3", "bone": "L3", "attachment": "L3", "blend": "additive" }
],
"skins": {
	"default": {
		"L1": {
			"L1": { "x": 23.99, "y": 33.99, "width": 334, "height": 261 }
		},
		"L2": {
			"L2": { "x": 17.99, "y": 34.99, "width": 334, "height": 261 }
		},
		"L3": {
			"L3": { "x": 19.99, "y": 37, "width": 334, "height": 261 }
		}
	}
},
"animations": {
	"close": {
		"slots": {
			"L1": {
				"color": [
					{ "time": 0, "color": "ffffffff", "curve": "stepped" },
					{ "time": 0.3333, "color": "ffffffff" },
					{ "time": 0.6666, "color": "ffffff00" }
				]
			},
			"L2": {
				"color": [
					{ "time": 0, "color": "ffffffff", "curve": "stepped" },
					{ "time": 0.3333, "color": "ffffffff" },
					{ "time": 0.6666, "color": "ffffff00" }
				]
			},
			"L3": {
				"color": [
					{ "time": 0, "color": "ffffffff", "curve": "stepped" },
					{ "time": 0.3333, "color": "ffffffff" },
					{ "time": 0.6666, "color": "ffffff00" }
				]
			}
		},
		"bones": {
			"L3": {
				"rotate": [
					{ "time": 0, "angle": 0 },
					{ "time": 0.6666, "angle": -20.1 }
				],
				"translate": [
					{ "time": 0, "x": 0, "y": 0 }
				],
				"scale": [
					{ "time": 0, "x": 1, "y": 1, "curve": "stepped" },
					{ "time": 0.3333, "x": 1, "y": 1 },
					{ "time": 0.6666, "x": 0.104, "y": 0.104 }
				]
			},
			"L2": {
				"rotate": [
					{ "time": 0, "angle": 0 },
					{ "time": 0.6666, "angle": -14.34 }
				],
				"translate": [
					{ "time": 0, "x": 0, "y": 0 }
				],
				"scale": [
					{ "time": 0, "x": 1, "y": 1, "curve": "stepped" },
					{ "time": 0.3333, "x": 1, "y": 1 },
					{ "time": 0.6666, "x": 0.104, "y": 0.104 }
				]
			},
			"L1": {
				"rotate": [
					{ "time": 0, "angle": 0 },
					{ "time": 0.6666, "angle": 15.1 }
				],
				"translate": [
					{ "time": 0, "x": 0, "y": 0 }
				],
				"scale": [
					{ "time": 0, "x": 1, "y": 1, "curve": "stepped" },
					{ "time": 0.3333, "x": 1, "y": 1 },
					{ "time": 0.6666, "x": 0.104, "y": 0.104 }
				]
			}
		}
	},
	"normal": {
		"slots": {
			"L1": {
				"attachment": [
					{ "time": 0, "name": null }
				]
			},
			"L2": {
				"attachment": [
					{ "time": 0, "name": null }
				]
			},
			"L3": {
				"attachment": [
					{ "time": 0, "name": null }
				]
			}
		},
		"bones": {
			"L3": {
				"rotate": [
					{ "time": 0, "angle": 0, "curve": "stepped" },
					{ "time": 2, "angle": 0 }
				],
				"translate": [
					{ "time": 0, "x": 0, "y": 0, "curve": "stepped" },
					{ "time": 2, "x": 0, "y": 0 }
				],
				"scale": [
					{ "time": 0, "x": 1, "y": 1, "curve": "stepped" },
					{ "time": 2, "x": 1, "y": 1 }
				]
			},
			"L2": {
				"rotate": [
					{ "time": 0, "angle": 0, "curve": "stepped" },
					{ "time": 2, "angle": 0 }
				],
				"translate": [
					{ "time": 0, "x": 0, "y": 0, "curve": "stepped" },
					{ "time": 2, "x": 0, "y": 0 }
				],
				"scale": [
					{ "time": 0, "x": 1, "y": 1, "curve": "stepped" },
					{ "time": 2, "x": 1, "y": 1 }
				]
			},
			"L1": {
				"rotate": [
					{ "time": 0, "angle": 0, "curve": "stepped" },
					{ "time": 2, "angle": 0 }
				],
				"translate": [
					{ "time": 0, "x": 0, "y": 0, "curve": "stepped" },
					{ "time": 2, "x": 0, "y": 0 }
				],
				"scale": [
					{ "time": 0, "x": 1, "y": 1, "curve": "stepped" },
					{ "time": 2, "x": 1, "y": 1 }
				]
			},
			"A": {
				"rotate": [
					{ "time": 0, "angle": 0, "curve": "stepped" },
					{ "time": 2, "angle": 0 }
				],
				"translate": [
					{ "time": 0, "x": 0, "y": 0, "curve": "stepped" },
					{ "time": 2, "x": 0, "y": 0 }
				],
				"scale": [
					{ "time": 0, "x": 1, "y": 1, "curve": "stepped" },
					{ "time": 2, "x": 1, "y": 1 }
				]
			}
		}
	},
	"normal2": {
		"slots": {
			"L1": {
				"color": [
					{ "time": 0, "color": "ffffffff", "curve": "stepped" },
					{ "time": 0.1, "color": "ffffffff" },
					{ "time": 0.1333, "color": "ffffff6d" },
					{ "time": 0.1666, "color": "ffffff84" },
					{ "time": 0.4, "color": "ffffffff" },
					{ "time": 0.4333, "color": "ffffff49" },
					{ "time": 0.5, "color": "ffffffff", "curve": "stepped" },
					{ "time": 0.7333, "color": "ffffffff" },
					{ "time": 0.7666, "color": "ffffff2e" },
					{ "time": 0.8333, "color": "ffffff8f" },
					{ "time": 1, "color": "ffffffff" },
					{ "time": 1.1, "color": "ffffff20" },
					{ "time": 1.1666, "color": "ffffffff", "curve": "stepped" },
					{ "time": 1.3333, "color": "ffffffff" },
					{ "time": 1.4333, "color": "ffffff29" },
					{ "time": 1.5, "color": "ffffff86" },
					{ "time": 1.6666, "color": "ffffffff" },
					{ "time": 1.7666, "color": "ffffff3b" },
					{ "time": 1.8333, "color": "ffffffff", "curve": "stepped" },
					{ "time": 2, "color": "ffffffff" }
				],
				"attachment": [
					{ "time": 0, "name": "L1" }
				]
			},
			"L2": {
				"color": [
					{ "time": 0, "color": "ffffffff", "curve": "stepped" },
					{ "time": 0.1, "color": "ffffffff" },
					{ "time": 0.1333, "color": "ffffff6d" },
					{ "time": 0.1666, "color": "ffffff84" },
					{ "time": 0.4, "color": "ffffffff" },
					{ "time": 0.4333, "color": "ffffff49" },
					{ "time": 0.5, "color": "ffffffff", "curve": "stepped" },
					{ "time": 0.7333, "color": "ffffffff" },
					{ "time": 0.7666, "color": "ffffff2e" },
					{ "time": 0.8333, "color": "ffffff8f" },
					{ "time": 1, "color": "ffffffff" },
					{ "time": 1.1, "color": "ffffff20" },
					{ "time": 1.1666, "color": "ffffffff", "curve": "stepped" },
					{ "time": 1.3333, "color": "ffffffff" },
					{ "time": 1.4333, "color": "ffffff29" },
					{ "time": 1.5, "color": "ffffff86" },
					{ "time": 1.6666, "color": "ffffffff" },
					{ "time": 1.7666, "color": "ffffff3b" },
					{ "time": 1.8333, "color": "ffffffff", "curve": "stepped" },
					{ "time": 2, "color": "ffffffff" }
				],
				"attachment": [
					{ "time": 0, "name": "L2" }
				]
			},
			"L3": {
				"color": [
					{ "time": 0, "color": "ffffffff", "curve": "stepped" },
					{ "time": 0.1, "color": "ffffffff" },
					{ "time": 0.1333, "color": "ffffff6d" },
					{ "time": 0.1666, "color": "ffffff84" },
					{ "time": 0.4, "color": "ffffffff" },
					{ "time": 0.4333, "color": "ffffff49" },
					{ "time": 0.5, "color": "ffffffff", "curve": "stepped" },
					{ "time": 0.7333, "color": "ffffffff" },
					{ "time": 0.7666, "color": "ffffff2e" },
					{ "time": 0.8333, "color": "ffffff8f" },
					{ "time": 1, "color": "ffffffff" },
					{ "time": 1.1, "color": "ffffff20" },
					{ "time": 1.1666, "color": "ffffffff", "curve": "stepped" },
					{ "time": 1.3333, "color": "ffffffff" },
					{ "time": 1.4333, "color": "ffffff29" },
					{ "time": 1.5, "color": "ffffff86" },
					{ "time": 1.6666, "color": "ffffffff" },
					{ "time": 1.7666, "color": "ffffff3b" },
					{ "time": 1.8333, "color": "ffffffff", "curve": "stepped" },
					{ "time": 2, "color": "ffffffff" }
				],
				"attachment": [
					{ "time": 0, "name": "L3" }
				]
			}
		},
		"bones": {
			"L3": {
				"rotate": [
					{ "time": 0, "angle": 0 },
					{ "time": 1, "angle": 92.66 },
					{ "time": 2, "angle": 0 }
				],
				"translate": [
					{ "time": 0, "x": 0, "y": 0, "curve": "stepped" },
					{ "time": 2, "x": 0, "y": 0 }
				],
				"scale": [
					{ "time": 0, "x": 1, "y": 1 },
					{ "time": 0.0333, "x": 1.016, "y": 1.016 },
					{ "time": 0.1, "x": 0.934, "y": 0.934 },
					{ "time": 0.1666, "x": 1.094, "y": 1.094 },
					{ "time": 0.2, "x": 0.973, "y": 0.973 },
					{ "time": 0.3666, "x": 1.016, "y": 1.016 },
					{ "time": 0.4333, "x": 0.934, "y": 0.934 },
					{ "time": 0.5, "x": 1.094, "y": 1.094 },
					{ "time": 0.5333, "x": 0.973, "y": 0.973 },
					{ "time": 0.7, "x": 1.016, "y": 1.016 },
					{ "time": 0.7666, "x": 0.934, "y": 0.934 },
					{ "time": 0.8333, "x": 1.094, "y": 1.094 },
					{ "time": 0.8666, "x": 0.973, "y": 0.973 },
					{ "time": 1.0333, "x": 1.016, "y": 1.016 },
					{ "time": 1.1, "x": 0.934, "y": 0.934 },
					{ "time": 1.1666, "x": 1.094, "y": 1.094 },
					{ "time": 1.2, "x": 0.973, "y": 0.973 },
					{ "time": 1.3666, "x": 1.016, "y": 1.016 },
					{ "time": 1.4333, "x": 0.934, "y": 0.934 },
					{ "time": 1.5, "x": 1.094, "y": 1.094 },
					{ "time": 1.5333, "x": 0.973, "y": 0.973 },
					{ "time": 1.7, "x": 1.016, "y": 1.016 },
					{ "time": 1.7666, "x": 0.934, "y": 0.934 },
					{ "time": 1.8333, "x": 1.094, "y": 1.094 },
					{ "time": 1.8666, "x": 0.973, "y": 0.973 },
					{ "time": 2, "x": 1, "y": 1 }
				]
			},
			"L2": {
				"rotate": [
					{ "time": 0, "angle": 0 },
					{ "time": 0.5, "angle": 96.44 },
					{ "time": 1.3333, "angle": -69.67 },
					{ "time": 2, "angle": 0 }
				],
				"translate": [
					{ "time": 0, "x": 0, "y": 0, "curve": "stepped" },
					{ "time": 2, "x": 0, "y": 0 }
				],
				"scale": [
					{ "time": 0, "x": 1, "y": 1 },
					{ "time": 0.0333, "x": 1.016, "y": 1.016 },
					{ "time": 0.1, "x": 0.934, "y": 0.934 },
					{ "time": 0.1666, "x": 1.094, "y": 1.094 },
					{ "time": 0.2, "x": 0.973, "y": 0.973 },
					{ "time": 0.3666, "x": 1.016, "y": 1.016 },
					{ "time": 0.4333, "x": 0.934, "y": 0.934 },
					{ "time": 0.5, "x": 1.094, "y": 1.094 },
					{ "time": 0.5333, "x": 0.973, "y": 0.973 },
					{ "time": 0.7, "x": 1.016, "y": 1.016 },
					{ "time": 0.7666, "x": 0.934, "y": 0.934 },
					{ "time": 0.8333, "x": 1.094, "y": 1.094 },
					{ "time": 0.8666, "x": 0.973, "y": 0.973 },
					{ "time": 1.0333, "x": 1.016, "y": 1.016 },
					{ "time": 1.1, "x": 0.934, "y": 0.934 },
					{ "time": 1.1666, "x": 1.094, "y": 1.094 },
					{ "time": 1.2, "x": 0.973, "y": 0.973 },
					{ "time": 1.3666, "x": 1.016, "y": 1.016 },
					{ "time": 1.4333, "x": 0.934, "y": 0.934 },
					{ "time": 1.5, "x": 1.094, "y": 1.094 },
					{ "time": 1.5333, "x": 0.973, "y": 0.973 },
					{ "time": 1.7, "x": 1.016, "y": 1.016 },
					{ "time": 1.7666, "x": 0.934, "y": 0.934 },
					{ "time": 1.8333, "x": 1.094, "y": 1.094 },
					{ "time": 1.8666, "x": 0.973, "y": 0.973 },
					{ "time": 2, "x": 1, "y": 1 }
				]
			},
			"L1": {
				"rotate": [
					{ "time": 0, "angle": 0 },
					{ "time": 1, "angle": -117.19 },
					{ "time": 2, "angle": 0 }
				],
				"translate": [
					{ "time": 0, "x": 0, "y": 0, "curve": "stepped" },
					{ "time": 2, "x": 0, "y": 0 }
				],
				"scale": [
					{ "time": 0, "x": 1, "y": 1 },
					{ "time": 0.0333, "x": 1.016, "y": 1.016 },
					{ "time": 0.1, "x": 0.934, "y": 0.934 },
					{ "time": 0.1666, "x": 1.094, "y": 1.094 },
					{ "time": 0.2, "x": 0.973, "y": 0.973 },
					{ "time": 0.3666, "x": 1.016, "y": 1.016 },
					{ "time": 0.4333, "x": 0.934, "y": 0.934 },
					{ "time": 0.5, "x": 1.094, "y": 1.094 },
					{ "time": 0.5333, "x": 0.973, "y": 0.973 },
					{ "time": 0.7, "x": 1.016, "y": 1.016 },
					{ "time": 0.7666, "x": 0.934, "y": 0.934 },
					{ "time": 0.8333, "x": 1.094, "y": 1.094 },
					{ "time": 0.8666, "x": 0.973, "y": 0.973 },
					{ "time": 1.0333, "x": 1.016, "y": 1.016 },
					{ "time": 1.1, "x": 0.934, "y": 0.934 },
					{ "time": 1.1666, "x": 1.094, "y": 1.094 },
					{ "time": 1.2, "x": 0.973, "y": 0.973 },
					{ "time": 1.3666, "x": 1.016, "y": 1.016 },
					{ "time": 1.4333, "x": 0.934, "y": 0.934 },
					{ "time": 1.5, "x": 1.094, "y": 1.094 },
					{ "time": 1.5333, "x": 0.973, "y": 0.973 },
					{ "time": 1.7, "x": 1.016, "y": 1.016 },
					{ "time": 1.7666, "x": 0.934, "y": 0.934 },
					{ "time": 1.8333, "x": 1.094, "y": 1.094 },
					{ "time": 1.8666, "x": 0.973, "y": 0.973 },
					{ "time": 2, "x": 1, "y": 1 }
				]
			},
			"A": {
				"rotate": [
					{ "time": 0, "angle": 0, "curve": "stepped" },
					{ "time": 2, "angle": 0 }
				],
				"translate": [
					{ "time": 0, "x": 0, "y": 0, "curve": "stepped" },
					{ "time": 2, "x": 0, "y": 0 }
				],
				"scale": [
					{ "time": 0, "x": 1, "y": 1, "curve": "stepped" },
					{ "time": 2, "x": 1, "y": 1 }
				]
			}
		}
	},
	"open": {
		"slots": {
			"L1": {
				"color": [
					{ "time": 0, "color": "ffffff00" },
					{ "time": 0.3333, "color": "ffffffff", "curve": "stepped" },
					{ "time": 0.6666, "color": "ffffffff" }
				]
			},
			"L2": {
				"color": [
					{ "time": 0, "color": "ffffff00" },
					{ "time": 0.3333, "color": "ffffffff", "curve": "stepped" },
					{ "time": 0.6666, "color": "ffffffff" }
				]
			},
			"L3": {
				"color": [
					{ "time": 0, "color": "ffffff00" },
					{ "time": 0.3333, "color": "ffffffff", "curve": "stepped" },
					{ "time": 0.6666, "color": "ffffffff" }
				]
			}
		},
		"bones": {
			"L3": {
				"rotate": [
					{ "time": 0, "angle": -20.1 },
					{ "time": 0.6666, "angle": 0 }
				],
				"translate": [
					{ "time": 0.6666, "x": 0, "y": 0 }
				],
				"scale": [
					{ "time": 0, "x": 0.104, "y": 0.104 },
					{ "time": 0.3333, "x": 1, "y": 1, "curve": "stepped" },
					{ "time": 0.6666, "x": 1, "y": 1 }
				]
			},
			"L2": {
				"rotate": [
					{ "time": 0, "angle": -14.34 },
					{ "time": 0.6666, "angle": 0 }
				],
				"translate": [
					{ "time": 0.6666, "x": 0, "y": 0 }
				],
				"scale": [
					{ "time": 0, "x": 0.104, "y": 0.104 },
					{ "time": 0.3333, "x": 1, "y": 1, "curve": "stepped" },
					{ "time": 0.6666, "x": 1, "y": 1 }
				]
			},
			"L1": {
				"rotate": [
					{ "time": 0, "angle": 15.1 },
					{ "time": 0.6666, "angle": 0 }
				],
				"translate": [
					{ "time": 0.6666, "x": 0, "y": 0 }
				],
				"scale": [
					{ "time": 0, "x": 0.104, "y": 0.104 },
					{ "time": 0.3333, "x": 1, "y": 1, "curve": "stepped" },
					{ "time": 0.6666, "x": 1, "y": 1 }
				]
			}
		}
	}
}
}