{
"skeleton": { "hash": "uSIhzXZE5iNwvb1X2lbilkgNiQE", "spine": "3.2.01", "width": 608.39, "height": 606.52, "images": "" },
"bones": [
	{ "name": "root" },
	{ "name": "bone", "parent": "root" },
	{ "name": "bone2", "parent": "bone" },
	{ "name": "TS", "parent": "bone2" },
	{ "name": "D1", "parent": "TS", "y": 344.3 },
	{ "name": "D2", "parent": "TS", "x": 33.72, "y": 285.27 },
	{ "name": "D3", "parent": "TS", "y": 185.5 },
	{ "name": "F1", "parent": "TS", "y": 376.62 },
	{ "name": "F1A", "parent": "TS", "x": -51.99, "y": 84.31 },
	{ "name": "P1", "parent": "TS", "x": -125.07, "y": 282.46 },
	{ "name": "P1A", "parent": "TS", "x": -119.45, "y": 49.18 },
	{ "name": "PZ", "parent": "TS", "x": 23.39, "y": 7.89 },
	{ "name": "Z1", "parent": "TS", "x": -89.68, "y": 288.09 },
	{ "name": "Z1A", "parent": "TS" },
	{ "name": "shadow", "parent": "TS" }
],
"slots": [
	{ "name": "PZ", "bone": "PZ", "attachment": "PZ" },
	{ "name": "Z1A", "bone": "Z1A", "attachment": "Z1A" },
	{ "name": "shadow2", "bone": "shadow", "attachment": "shadow2" },
	{ "name": "D3", "bone": "D3", "attachment": "D3" },
	{ "name": "D2", "bone": "D2", "attachment": "D2" },
	{ "name": "F1", "bone": "F1", "attachment": "F1" },
	{ "name": "F1B", "bone": "F1A" },
	{ "name": "F1A", "bone": "F1A", "attachment": "F1A" },
	{ "name": "P1A", "bone": "P1A", "attachment": "P1A" },
	{ "name": "D1", "bone": "D1", "attachment": "D1" },
	{ "name": "Z1", "bone": "Z1", "attachment": "Z1" },
	{ "name": "Z1A2", "bone": "Z1A", "attachment": "Z1A2" },
	{ "name": "P1", "bone": "P1", "attachment": "P1" }
],
"skins": {
	"default": {
		"D1": {
			"D1": { "y": -163.99, "width": 600, "height": 600 }
		},
		"D2": {
			"D2": { "x": -33.72, "y": -104.97, "width": 600, "height": 600 }
		},
		"D3": {
			"D3": { "y": -5.19, "width": 600, "height": 600 }
		},
		"F1": {
			"F1": { "y": -196.32, "width": 600, "height": 600 }
		},
		"F1A": {
			"F1A": { "x": 51.99, "y": 95.98, "width": 600, "height": 600 },
			"F1B": { "x": 51.99, "y": 95.98, "width": 600, "height": 600 }
		},
		"P1": {
			"P1": { "x": 125.07, "y": -102.16, "width": 600, "height": 600 }
		},
		"P1A": {
			"P1A": { "x": 119.45, "y": 131.11, "width": 600, "height": 600 }
		},
		"PZ": {
			"PZ": { "x": -14.99, "y": 165.88, "width": 600, "height": 600 }
		},
		"Z1": {
			"Z1": { "y": -46.04, "width": 283, "height": 408 }
		},
		"Z1A": {
			"Z1A": { "y": 180.3, "width": 600, "height": 600 },
			"Z1B": { "y": 180.3, "width": 600, "height": 600 },
			"Z1C": { "y": 180.3, "width": 600, "height": 600 }
		},
		"Z1A2": {
			"Z1A2": { "y": 180.3, "width": 600, "height": 600 }
		},
		"shadow2": {
			"shadow2": { "y": 180.3, "width": 600, "height": 600 }
		}
	}
},
"animations": {
	"eat": {
		"slots": {
			"D1": {
				"attachment": [
					{ "time": 0, "name": null }
				]
			},
			"D2": {
				"attachment": [
					{ "time": 0, "name": null }
				]
			},
			"D3": {
				"attachment": [
					{ "time": 0, "name": null }
				]
			},
			"F1": {
				"attachment": [
					{ "time": 0, "name": null }
				]
			},
			"F1A": {
				"color": [
					{ "time": 0.3333, "color": "ffffffff" },
					{ "time": 0.5, "color": "ffffff96" },
					{ "time": 0.6666, "color": "ffffffe2" },
					{ "time": 0.8333, "color": "ffffff74" },
					{ "time": 1, "color": "ffffffd7" },
					{ "time": 1.3333, "color": "ffffffff" },
					{ "time": 1.5, "color": "ffffffb5" },
					{ "time": 1.6666, "color": "ffffffec" },
					{ "time": 1.8333, "color": "ffffffb4" },
					{ "time": 2, "color": "ffffff00" }
				],
				"attachment": [
					{ "time": 0, "name": "F1A" },
					{ "time": 1.1666, "name": "F1B" }
				]
			},
			"P1": {
				"attachment": [
					{ "time": 0, "name": null }
				]
			},
			"P1A": {
				"color": [
					{ "time": 1, "color": "ffffffff" },
					{ "time": 1.1666, "color": "ffffffb5" },
					{ "time": 1.3333, "color": "ffffffe6" },
					{ "time": 1.5, "color": "ffffff9a" },
					{ "time": 1.6666, "color": "ffffffd5" },
					{ "time": 1.8333, "color": "ffffff97" },
					{ "time": 2, "color": "ffffff00" }
				]
			},
			"Z1": {
				"attachment": [
					{ "time": 0, "name": null }
				]
			},
			"Z1A": {
				"color": [
					{ "time": 1.6666, "color": "ffffffff" },
					{ "time": 2, "color": "ffffffbc" },
					{ "time": 2.3333, "color": "fffffff3" },
					{ "time": 2.5, "color": "ffffff9a" },
					{ "time": 2.6666, "color": "ffffffff" },
					{ "time": 2.8333, "color": "ffffffbe" },
					{ "time": 3.1, "color": "fffffff0" },
					{ "time": 3.2666, "color": "ffffffa0" },
					{ "time": 3.4333, "color": "ffffffff" },
					{ "time": 3.6666, "color": "ffffffe5" }
				],
				"attachment": [
					{ "time": 2.6666, "name": "Z1B" },
					{ "time": 3.4333, "name": "Z1C" }
				]
			},
			"Z1A2": {
				"color": [
					{ "time": 1.3333, "color": "ffffffff" },
					{ "time": 1.6666, "color": "ffffff6b" },
					{ "time": 2, "color": "ffffff26" },
					{ "time": 2.5, "color": "ffffff33" },
					{ "time": 2.8333, "color": "ffffff00" }
				]
			},
			"shadow2": {
				"color": [
					{ "time": 0, "color": "ffffffff" },
					{ "time": 1.1666, "color": "ffffffe9" },
					{ "time": 1.8333, "color": "ffffff3c" },
					{ "time": 2, "color": "ffffff00" }
				]
			}
		},
		"bones": {
			"PZ": {
				"rotate": [
					{ "time": 0, "angle": 0 }
				],
				"translate": [
					{ "time": 0, "x": 0, "y": 0 }
				],
				"scale": [
					{ "time": 0, "x": 1, "y": 1 }
				]
			},
			"TS": {
				"rotate": [
					{ "time": 0, "angle": 0, "curve": "stepped" },
					{ "time": 3.6666, "angle": 0 }
				],
				"translate": [
					{ "time": 0, "x": 0, "y": 0 }
				],
				"scale": [
					{ "time": 0, "x": 1, "y": 1 }
				]
			},
			"F1A": {
				"rotate": [
					{ "time": 1, "angle": 0.06 }
				],
				"translate": [
					{ "time": 1, "x": -4.77, "y": 0 },
					{ "time": 1.1666, "x": 3.18, "y": -1.59 }
				]
			}
		}
	},
	"normal": {
		"slots": {
			"D1": {
				"attachment": [
					{ "time": 0, "name": null }
				]
			},
			"D2": {
				"attachment": [
					{ "time": 0, "name": null }
				]
			},
			"D3": {
				"attachment": [
					{ "time": 0, "name": null }
				]
			},
			"F1": {
				"attachment": [
					{ "time": 0, "name": null }
				]
			},
			"P1": {
				"attachment": [
					{ "time": 0, "name": null }
				]
			},
			"Z1": {
				"attachment": [
					{ "time": 0, "name": null }
				]
			}
		},
		"bones": {
			"PZ": {
				"rotate": [
					{ "time": 0, "angle": 0, "curve": "stepped" },
					{ "time": 1, "angle": 0 }
				],
				"translate": [
					{ "time": 0, "x": 0, "y": 0, "curve": "stepped" },
					{ "time": 1, "x": 0, "y": 0 }
				],
				"scale": [
					{ "time": 0, "x": 1, "y": 1, "curve": "stepped" },
					{ "time": 1, "x": 1, "y": 1 }
				]
			},
			"TS": {
				"rotate": [
					{ "time": 0, "angle": 0, "curve": "stepped" },
					{ "time": 2, "angle": 0 }
				],
				"translate": [
					{ "time": 0, "x": 0, "y": 0, "curve": "stepped" },
					{ "time": 2, "x": 0, "y": 0 }
				],
				"scale": [
					{ "time": 0, "x": 1, "y": 1 },
					{ "time": 1, "x": 0.99, "y": 0.99 },
					{ "time": 2, "x": 1, "y": 1 }
				]
			},
			"Z1A": {
				"rotate": [
					{ "time": 0, "angle": 0, "curve": "stepped" },
					{ "time": 2, "angle": 0 }
				],
				"translate": [
					{ "time": 0, "x": 0, "y": 0, "curve": "stepped" },
					{ "time": 2, "x": 0, "y": 0 }
				]
			},
			"P1A": {
				"rotate": [
					{ "time": 0, "angle": 0, "curve": "stepped" },
					{ "time": 2, "angle": 0 }
				],
				"translate": [
					{ "time": 0, "x": 0, "y": 0, "curve": "stepped" },
					{ "time": 1, "x": 0, "y": 0, "curve": "stepped" },
					{ "time": 2, "x": 0, "y": 0 }
				]
			},
			"F1A": {
				"rotate": [
					{ "time": 0, "angle": 0, "curve": "stepped" },
					{ "time": 2, "angle": 0 }
				],
				"translate": [
					{ "time": 0, "x": 0, "y": 0, "curve": "stepped" },
					{ "time": 2, "x": 0, "y": 0 }
				]
			}
		}
	},
	"normal2": {
		"slots": {
			"D1": {
				"attachment": [
					{ "time": 0, "name": null }
				]
			},
			"D2": {
				"attachment": [
					{ "time": 0, "name": null }
				]
			},
			"D3": {
				"attachment": [
					{ "time": 0, "name": null }
				]
			},
			"F1": {
				"attachment": [
					{ "time": 0, "name": null }
				]
			},
			"F1A": {
				"attachment": [
					{ "time": 0, "name": null }
				]
			},
			"P1": {
				"attachment": [
					{ "time": 0, "name": null }
				]
			},
			"P1A": {
				"attachment": [
					{ "time": 0, "name": null }
				]
			},
			"PZ": {
				"attachment": [
					{ "time": 0, "name": "PZ" }
				]
			},
			"Z1": {
				"attachment": [
					{ "time": 0, "name": null }
				]
			},
			"Z1A": {
				"attachment": [
					{ "time": 0, "name": "Z1C" }
				]
			},
			"shadow2": {
				"attachment": [
					{ "time": 0, "name": null }
				]
			}
		},
		"bones": {
			"PZ": {
				"rotate": [
					{ "time": 0, "angle": 0, "curve": "stepped" },
					{ "time": 1, "angle": 0 }
				],
				"translate": [
					{ "time": 0, "x": 0, "y": 0, "curve": "stepped" },
					{ "time": 1, "x": 0, "y": 0 }
				],
				"scale": [
					{ "time": 0, "x": 1, "y": 1, "curve": "stepped" },
					{ "time": 1, "x": 1, "y": 1 }
				]
			},
			"TS": {
				"rotate": [
					{ "time": 0, "angle": 0, "curve": "stepped" },
					{ "time": 2, "angle": 0 }
				],
				"translate": [
					{ "time": 0, "x": 0, "y": 0, "curve": "stepped" },
					{ "time": 2, "x": 0, "y": 0 }
				],
				"scale": [
					{ "time": 0, "x": 1, "y": 1 },
					{ "time": 1, "x": 0.99, "y": 0.99 },
					{ "time": 2, "x": 1, "y": 1 }
				]
			}
		}
	},
	"start": {
		"slots": {
			"D1": {
				"color": [
					{ "time": 0, "color": "ffffff00", "curve": "stepped" },
					{ "time": 0.3, "color": "ffffff00" },
					{ "time": 0.3333, "color": "ffffffff", "curve": "stepped" },
					{ "time": 0.5, "color": "ffffffff", "curve": "stepped" },
					{ "time": 1, "color": "ffffffff" },
					{ "time": 1.1666, "color": "ffffff00" }
				]
			},
			"D2": {
				"color": [
					{ "time": 0, "color": "ffffff00", "curve": "stepped" },
					{ "time": 0.4333, "color": "ffffff00" },
					{ "time": 0.6, "color": "ffffffff", "curve": "stepped" },
					{ "time": 0.8333, "color": "ffffffff" },
					{ "time": 1.1666, "color": "ffffff00" }
				]
			},
			"D3": {
				"color": [
					{ "time": 0, "color": "ffffff00", "curve": "stepped" },
					{ "time": 0.4666, "color": "ffffff00" },
					{ "time": 0.6333, "color": "ffffffff", "curve": "stepped" },
					{ "time": 0.8333, "color": "ffffffff" },
					{ "time": 1.1666, "color": "ffffff00" }
				]
			},
			"F1": {
				"color": [
					{ "time": 0, "color": "ffffff00", "curve": "stepped" },
					{ "time": 0.3, "color": "ffffff00" },
					{ "time": 0.4333, "color": "ffffffff", "curve": "stepped" },
					{ "time": 1.0666, "color": "ffffffff" },
					{ "time": 1.1666, "color": "ffffff00" }
				]
			},
			"F1A": {
				"color": [
					{ "time": 0, "color": "ffffff00", "curve": "stepped" },
					{ "time": 1.0666, "color": "ffffff00" },
					{ "time": 1.1666, "color": "ffffffff" }
				]
			},
			"F1B": {
				"color": [
					{ "time": 0, "color": "ffffff00" }
				]
			},
			"P1": {
				"color": [
					{ "time": 0, "color": "ffffff00", "curve": "stepped" },
					{ "time": 0.3, "color": "ffffff00" },
					{ "time": 0.4333, "color": "ffffffff", "curve": "stepped" },
					{ "time": 1, "color": "ffffffff" },
					{ "time": 1.1666, "color": "ffffff00" }
				]
			},
			"P1A": {
				"color": [
					{ "time": 0, "color": "ffffff00", "curve": "stepped" },
					{ "time": 1, "color": "ffffff00" },
					{ "time": 1.1666, "color": "ffffffff" }
				]
			},
			"PZ": {
				"color": [
					{ "time": 0, "color": "ffffff00" },
					{ "time": 0.2666, "color": "ffffffff" }
				]
			},
			"Z1": {
				"color": [
					{ "time": 0, "color": "ffffff00", "curve": "stepped" },
					{ "time": 0.3, "color": "ffffff00" },
					{ "time": 0.4, "color": "ffffffff", "curve": "stepped" },
					{ "time": 0.7333, "color": "ffffffff" },
					{ "time": 0.8666, "color": "ffffff00" }
				]
			},
			"Z1A": {
				"color": [
					{ "time": 0, "color": "ffffff00", "curve": "stepped" },
					{ "time": 0.7333, "color": "ffffff00" },
					{ "time": 0.8666, "color": "ffffffff" }
				]
			},
			"Z1A2": {
				"color": [
					{ "time": 0, "color": "ffffff00", "curve": "stepped" },
					{ "time": 0.7333, "color": "ffffff00" },
					{ "time": 0.8666, "color": "ffffffff" }
				]
			},
			"shadow2": {
				"color": [
					{ "time": 0, "color": "ffffff00", "curve": "stepped" },
					{ "time": 0.3333, "color": "ffffff00" },
					{ "time": 0.6666, "color": "ffffff62" },
					{ "time": 1.1666, "color": "ffffffb4" },
					{ "time": 1.5, "color": "ffffffff" }
				]
			}
		},
		"bones": {
			"PZ": {
				"rotate": [
					{ "time": 1.5, "angle": 0 }
				],
				"translate": [
					{ "time": 0, "x": 0, "y": 59.49 },
					{ "time": 0.2666, "x": 0, "y": 0, "curve": "stepped" },
					{ "time": 1.5, "x": 0, "y": 0 }
				],
				"scale": [
					{ "time": 0, "x": 0.527, "y": 0.527 },
					{ "time": 0.2666, "x": 1, "y": 1, "curve": "stepped" },
					{ "time": 1.5, "x": 1, "y": 1 }
				]
			},
			"TS": {
				"rotate": [
					{ "time": 1.5, "angle": 0 }
				],
				"translate": [
					{ "time": 1.5, "x": 0, "y": 0 }
				],
				"scale": [
					{ "time": 1.5, "x": 1, "y": 1 }
				]
			},
			"shadow": {
				"scale": [
					{ "time": 0.6666, "x": 0.957, "y": 0.957 },
					{ "time": 1.1666, "x": 1.021, "y": 1.021 },
					{ "time": 1.5, "x": 1, "y": 1 }
				]
			},
			"D3": {
				"translate": [
					{ "time": 0.4666, "x": 1.68, "y": 183.61 },
					{ "time": 1.1666, "x": 1.68, "y": -15.16 }
				]
			},
			"D2": {
				"translate": [
					{ "time": 0.4333, "x": 0, "y": 156.66 },
					{ "time": 1.1666, "x": 0, "y": -117.91 }
				]
			},
			"F1": {
				"rotate": [
					{ "time": 0.3333, "angle": -33.61 },
					{ "time": 1.1666, "angle": -84.85 }
				],
				"translate": [
					{ "time": 0.3333, "x": 0, "y": 148.14 },
					{ "time": 1.1666, "x": 0, "y": -323.79 }
				]
			},
			"F1A": {
				"translate": [
					{ "time": 1.0666, "x": 0, "y": 8.46 },
					{ "time": 1.5, "x": 0, "y": 0 }
				],
				"scale": [
					{ "time": 1.0666, "x": 0.915, "y": 0.915 },
					{ "time": 1.3333, "x": 1, "y": 1 }
				]
			},
			"P1A": {
				"rotate": [
					{ "time": 1.5, "angle": 0 }
				],
				"translate": [
					{ "time": 1, "x": 6.34, "y": 10.58 },
					{ "time": 1.5, "x": 0, "y": 0 }
				],
				"scale": [
					{ "time": 1, "x": 0.936, "y": 0.936 },
					{ "time": 1.1666, "x": 1, "y": 1 }
				]
			},
			"D1": {
				"translate": [
					{ "time": 0.3333, "x": 0, "y": 151.09 },
					{ "time": 1.1666, "x": 0, "y": -110 }
				]
			},
			"Z1": {
				"rotate": [
					{ "time": 0.3, "angle": 13.34 },
					{ "time": 0.8333, "angle": 31.01 }
				],
				"translate": [
					{ "time": 0.3, "x": 0, "y": 235.87 },
					{ "time": 0.8333, "x": 52.46, "y": -75.67 },
					{ "time": 0.8666, "x": 0, "y": -171.54 }
				],
				"scale": [
					{ "time": 0.3, "x": 0.642, "y": 0.642 },
					{ "time": 0.8, "x": 1.565, "y": 0.628 }
				]
			},
			"Z1A": {
				"scale": [
					{ "time": 0, "x": 1, "y": 1 },
					{ "time": 0.6666, "x": 0.973, "y": 0.915 },
					{ "time": 1.5, "x": 1, "y": 1 }
				]
			},
			"P1": {
				"rotate": [
					{ "time": 0.3333, "angle": 3.93 }
				],
				"translate": [
					{ "time": 0.3333, "x": 0, "y": 217.98 },
					{ "time": 1.1666, "x": 0, "y": -209.51 }
				]
			}
		}
	}
}
}