{
"skeleton": { "hash": "cVVxv/b1up9ueuRKSc0HkiXoYz4", "spine": "3.2.01", "width": 361.09, "height": 356.14, "images": "" },
"bones": [
	{ "name": "Root_All", "x": 25.09, "y": -5.9, "scaleX": 1.01, "scaleY": 1.01 },
	{ "name": "Ship_All", "parent": "Root_All" },
	{ "name": "Body", "parent": "Ship_All", "length": 255.84, "rotation": 90, "x": -29.16, "y": 1.42 },
	{ "name": "Antiaircraft", "parent": "Body", "length": 44.62, "rotation": -60.46, "x": 208.23, "y": -53.04 },
	{ "name": "Attack_Point", "parent": "Body", "length": 25.69, "rotation": -66.6, "x": 120.8, "y": -83.03 },
	{ "name": "Head", "parent": "Body", "length": 89.11, "rotation": -2.25, "x": 128.66, "y": 7.35 },
	{ "name": "Cap", "parent": "Head", "length": 33.5, "rotation": 50.34, "x": 74.53, "y": 22.99 },
	{ "name": "Damage_Point", "parent": "Body", "length": 22.56, "rotation": -90, "x": 117.59, "y": 12.28 },
	{ "name": "Dialogue", "parent": "Body", "length": 57.85, "rotation": -90, "x": 188.52, "y": -40.49 },
	{ "name": "Expression", "parent": "Body", "length": 46.33, "rotation": -42.65, "x": 199.6, "y": -36.27 },
	{ "name": "Face", "parent": "Head", "length": 66.94, "rotation": -87.74, "x": 50.79, "y": 23.43 },
	{ "name": "hand_R", "parent": "Body", "length": 38.47, "rotation": -44.67, "x": 116.87, "y": -7.9 },
	{ "name": "GZ", "parent": "hand_R", "length": 88.47, "rotation": -123.19, "x": 37.82, "y": 1.39 },
	{ "name": "JZ", "parent": "Body", "length": 34.54, "rotation": -179.09, "x": 131.86, "y": 20.94 },
	{ "name": "JZ_L", "parent": "JZ", "length": 61.55, "rotation": 48.14, "x": 54.87, "y": -28.98 },
	{ "name": "JZ_R", "parent": "JZ", "length": 53.61, "rotation": 114.55, "x": 45.32, "y": 37.69 },
	{ "name": "hand_L", "parent": "Body", "length": 30.01, "rotation": -122, "x": 125.3, "y": 20.05 },
	{ "name": "L2", "parent": "hand_L", "length": 23.29, "rotation": 52.56, "x": 30.54, "y": 0.86 },
	{ "name": "PF", "parent": "JZ", "length": 48.61, "rotation": -36.39, "x": 10.42, "y": 13.8 },
	{ "name": "SZ", "parent": "PF", "length": 49.4, "rotation": -12.36, "x": -11, "y": 10.59 },
	{ "name": "Smoke_L1", "parent": "Body", "length": 51.75, "rotation": -16.57, "x": 105.97, "y": -39.9 },
	{ "name": "Smoke_L2", "parent": "Body", "length": 51.75, "rotation": 30.92, "x": 101.18, "y": 71.44 },
	{ "name": "Throw_Point", "parent": "Body", "length": 24.91, "rotation": -113.17, "x": 42.87, "y": -7.16 },
	{ "name": "XZ", "parent": "PF", "length": 43.62, "rotation": -19.51, "x": -0.01, "y": -14.48 },
	{ "name": "bg", "parent": "PF", "length": 30.06, "rotation": -36.49, "x": 14.77, "y": -24.13 },
	{ "name": "cap2", "parent": "Cap", "length": 47.47, "rotation": 150.34, "x": -60.49, "y": -46.13 }
],
"slots": [
	{ "name": "bg", "bone": "bg", "attachment": "BG" },
	{ "name": "GZ", "bone": "GZ", "attachment": "GZ" },
	{ "name": "GZ_light", "bone": "GZ", "attachment": "GZ_light", "blend": "additive" },
	{ "name": "JZ_R", "bone": "JZ_R", "attachment": "change" },
	{ "name": "JZ_R_light", "bone": "JZ_R", "attachment": "JZ_R_light", "blend": "additive" },
	{ "name": "JZ_L", "bone": "PF", "attachment": "change" },
	{ "name": "hand_R", "bone": "hand_R", "attachment": "hand_R" },
	{ "name": "Rodney_body_normal", "bone": "Body", "attachment": "Body_Change" },
	{ "name": "head", "bone": "Head", "attachment": "head" },
	{ "name": "head_light", "bone": "Head", "attachment": "head_light", "blend": "additive" },
	{ "name": "Rodney_eyes_normal", "bone": "Face", "attachment": "Rodney_eyes_normal" },
	{ "name": "Light_Body", "bone": "Body", "attachment": "Rodney_ship_body_normal_light", "blend": "additive" },
	{ "name": "cap2", "bone": "cap2", "attachment": "change" },
	{ "name": "cap2_light", "bone": "cap2", "attachment": "cap2_light", "blend": "additive" },
	{ "name": "cap", "bone": "Cap", "attachment": "change" },
	{ "name": "cap_light", "bone": "Cap", "attachment": "cap_light", "blend": "additive" },
	{ "name": "sz", "bone": "SZ", "attachment": "SZ" },
	{ "name": "hand_L", "bone": "hand_L", "attachment": "change" },
	{ "name": "xz", "bone": "XZ", "attachment": "change" },
	{ "name": "hand_L2", "bone": "L2", "attachment": "hand_L2" },
	{ "name": "hand_L2_light", "bone": "L2", "attachment": "hand_L2_light", "blend": "additive" },
	{ "name": "QQ", "bone": "JZ_L", "attachment": "change" }
],
"skins": {
	"default": {
		"GZ": {
			"GZ": { "x": 13.05, "y": -36.79, "rotation": 77.87, "width": 300, "height": 300 }
		},
		"GZ_light": {
			"GZ_light": { "x": 13.05, "y": -36.79, "rotation": 77.87, "width": 300, "height": 300 }
		},
		"JZ_R_light": {
			"JZ_R_light": { "x": -1.13, "y": 54.1, "rotation": -25.46, "width": 300, "height": 300 }
		},
		"Light_Body": {
			"Rodney_ship_body_normal_light": { "x": 130.63, "y": 9.19, "rotation": -90, "width": 300, "height": 300 }
		},
		"Rodney_eyes_normal": {
			"Rodney_eyes_damage": { "x": 20.8, "y": -49.36, "width": 300, "height": 300 },
			"Rodney_eyes_normal": { "x": 20.8, "y": -49.36, "width": 300, "height": 300 }
		},
		"bg": {
			"BG": { "x": -28.28, "y": -0.08, "rotation": 162.04, "width": 300, "height": 300 }
		},
		"cap2_light": {
			"cap2_light": { "x": 38.5, "y": -75.84, "rotation": 71.56, "width": 300, "height": 300 }
		},
		"cap_light": {
			"cap_light": { "x": -66.76, "y": 45.52, "rotation": -137.44, "width": 300, "height": 300 }
		},
		"hand_L2": {
			"hand_L2": { "x": -7.83, "y": 27.05, "rotation": -20.55, "width": 300, "height": 300 }
		},
		"hand_L2_light": {
			"hand_L2_light": { "x": -7.83, "y": 27.05, "rotation": -20.55, "width": 300, "height": 300 }
		},
		"hand_R": {
			"hand_R": { "x": 0.65, "y": 15.24, "rotation": -54.83, "width": 300, "height": 300 }
		},
		"head": {
			"head": { "x": 1.15, "y": 2.63, "rotation": -87.74, "width": 300, "height": 300 }
		},
		"head_light": {
			"head_light": { "x": 2.69, "y": 4.29, "rotation": -87.74, "width": 300, "height": 300 }
		},
		"sz": {
			"SZ": { "x": 10.61, "y": -12.66, "rotation": 137.86, "width": 300, "height": 300 }
		}
	},
	"damage": {
		"JZ_L": {
			"change": { "name": "JZ_L_damage", "x": -6.5, "y": -13.1, "rotation": 135.32, "width": 300, "height": 300 }
		},
		"JZ_R": {
			"change": { "name": "JZ_R_damge", "x": -1.35, "y": 54.36, "rotation": -25.46, "width": 300, "height": 300 }
		},
		"QQ": {
			"change": { "name": "BJ_damage", "x": -5.39, "y": 67.65, "rotation": 40.94, "width": 300, "height": 300 }
		},
		"Rodney_body_normal": {
			"Body_Change": { "name": "Rodney_body_damage", "x": 130.63, "y": 9.19, "rotation": -90, "width": 300, "height": 300 }
		},
		"cap": {
			"change": { "name": "cap_damage", "x": -65.21, "y": 45.89, "rotation": -138.08, "width": 300, "height": 300 }
		},
		"cap2": {
			"change": { "name": "cap2_damage", "x": 38.5, "y": -75.84, "rotation": 71.56, "width": 300, "height": 300 }
		},
		"hand_L": {
			"change": { "name": "hand_L", "x": 4.29, "y": 11.08, "rotation": 32, "width": 300, "height": 300 }
		},
		"xz": {
			"change": { "name": "XZ_damage", "x": -10.32, "y": 3.44, "rotation": 145, "width": 300, "height": 300 }
		}
	},
	"normal": {
		"JZ_L": {
			"change": { "name": "JZ_L", "x": -6.51, "y": -13.1, "rotation": 135.32, "width": 300, "height": 300 }
		},
		"JZ_R": {
			"change": { "name": "JZ_R", "x": -1.35, "y": 54.37, "rotation": -25.46, "width": 300, "height": 300 }
		},
		"QQ": {
			"change": { "name": "BJ", "x": -5.39, "y": 67.64, "rotation": 40.94, "width": 300, "height": 300 }
		},
		"Rodney_body_normal": {
			"Body_Change": { "name": "Rodney_body_normal", "x": 130.63, "y": 9.19, "rotation": -90, "width": 300, "height": 300 }
		},
		"cap": {
			"change": { "name": "cap", "x": -65.21, "y": 45.89, "rotation": -138.08, "width": 300, "height": 300 }
		},
		"cap2": {
			"change": { "name": "cap2", "x": 38.5, "y": -75.84, "rotation": 71.56, "width": 300, "height": 300 }
		},
		"hand_L": {
			"change": { "name": "hand_L_damage", "x": 4.29, "y": 11.08, "rotation": 32, "width": 300, "height": 300 }
		},
		"xz": {
			"change": { "name": "XZ", "x": -10.32, "y": 3.44, "rotation": 145, "width": 300, "height": 300 }
		}
	}
},
"events": {
	"Antiaircraft": {},
	"attack_point": {},
	"damage_point": {},
	"throw_point": {}
},
"animations": {
	"Antiaircraft": {
		"slots": {
			"GZ_light": {
				"color": [
					{ "time": 0.0666, "color": "fffffffd" },
					{ "time": 0.1666, "color": "ffffff00" },
					{ "time": 0.2, "color": "ffffffff" },
					{ "time": 0.3333, "color": "ffffff00" },
					{ "time": 0.3666, "color": "ffffffff" },
					{ "time": 0.4666, "color": "ffffff00" },
					{ "time": 0.6, "color": "ffffffff" },
					{ "time": 0.7333, "color": "ffffff00" },
					{ "time": 0.8, "color": "ffffffff" },
					{ "time": 0.9, "color": "ffffff00" },
					{ "time": 0.9666, "color": "ffffffff" },
					{ "time": 1.1, "color": "ffffff00" },
					{ "time": 1.1333, "color": "ffffffff" },
					{ "time": 1.2333, "color": "ffffff00" },
					{ "time": 1.3666, "color": "ffffffff" },
					{ "time": 1.4666, "color": "ffffff00" },
					{ "time": 1.5333, "color": "ffffffff" },
					{ "time": 1.6333, "color": "ffffff00" },
					{ "time": 1.7, "color": "ffffffff" },
					{ "time": 1.8333, "color": "ffffff00" },
					{ "time": 1.8666, "color": "ffffffff" },
					{ "time": 1.9666, "color": "ffffff00" }
				],
				"attachment": [
					{ "time": 0, "name": null },
					{ "time": 0.0666, "name": "GZ_light" }
				]
			},
			"JZ_R_light": {
				"color": [
					{ "time": 0.0666, "color": "fffffffd" },
					{ "time": 0.1666, "color": "ffffff00" },
					{ "time": 0.2, "color": "ffffffff" },
					{ "time": 0.3333, "color": "ffffff00" },
					{ "time": 0.3666, "color": "ffffffff" },
					{ "time": 0.4666, "color": "ffffff00" },
					{ "time": 0.6, "color": "ffffffff" },
					{ "time": 0.7333, "color": "ffffff00" },
					{ "time": 0.8, "color": "ffffffff" },
					{ "time": 0.9, "color": "ffffff00" },
					{ "time": 0.9666, "color": "ffffffff" },
					{ "time": 1.1, "color": "ffffff00" },
					{ "time": 1.1333, "color": "ffffffff" },
					{ "time": 1.2333, "color": "ffffff00" },
					{ "time": 1.3666, "color": "ffffffff" },
					{ "time": 1.4666, "color": "ffffff00" },
					{ "time": 1.5333, "color": "ffffffff" },
					{ "time": 1.6333, "color": "ffffff00" },
					{ "time": 1.7, "color": "ffffffff" },
					{ "time": 1.8333, "color": "ffffff00" },
					{ "time": 1.8666, "color": "ffffffff" },
					{ "time": 1.9666, "color": "ffffff00" }
				],
				"attachment": [
					{ "time": 0, "name": null },
					{ "time": 0.0666, "name": "JZ_R_light" }
				]
			},
			"Light_Body": {
				"color": [
					{ "time": 0.0666, "color": "fffffffd" },
					{ "time": 0.1666, "color": "ffffff00" },
					{ "time": 0.2, "color": "ffffffff" },
					{ "time": 0.3333, "color": "ffffff00" },
					{ "time": 0.3666, "color": "ffffffff" },
					{ "time": 0.4666, "color": "ffffff00" },
					{ "time": 0.6, "color": "ffffffff" },
					{ "time": 0.7333, "color": "ffffff00" },
					{ "time": 0.8, "color": "ffffffff" },
					{ "time": 0.9, "color": "ffffff00" },
					{ "time": 0.9666, "color": "ffffffff" },
					{ "time": 1.1, "color": "ffffff00" },
					{ "time": 1.1333, "color": "ffffffff" },
					{ "time": 1.2333, "color": "ffffff00" },
					{ "time": 1.3666, "color": "ffffffff" },
					{ "time": 1.4666, "color": "ffffff00" },
					{ "time": 1.5333, "color": "ffffffff" },
					{ "time": 1.6333, "color": "ffffff00" },
					{ "time": 1.7, "color": "ffffffff" },
					{ "time": 1.8333, "color": "ffffff00" },
					{ "time": 1.8666, "color": "ffffffff" },
					{ "time": 1.9666, "color": "ffffff00" }
				],
				"attachment": [
					{ "time": 0, "name": null },
					{ "time": 0.0666, "name": "Rodney_ship_body_normal_light" },
					{ "time": 0.5, "name": "Rodney_ship_body_normal_light" },
					{ "time": 1.2666, "name": "Rodney_ship_body_normal_light" },
					{ "time": 2, "name": null }
				]
			},
			"Rodney_body_normal": {
				"attachment": [
					{ "time": 0, "name": "Body_Change" }
				]
			},
			"cap2_light": {
				"color": [
					{ "time": 0.0666, "color": "fffffffd" },
					{ "time": 0.1666, "color": "ffffff00" },
					{ "time": 0.2, "color": "ffffffff" },
					{ "time": 0.3333, "color": "ffffff00" },
					{ "time": 0.3666, "color": "ffffffff" },
					{ "time": 0.4666, "color": "ffffff00" },
					{ "time": 0.6, "color": "ffffffff" },
					{ "time": 0.7333, "color": "ffffff00" },
					{ "time": 0.8, "color": "ffffffff" },
					{ "time": 0.9, "color": "ffffff00" },
					{ "time": 0.9666, "color": "ffffffff" },
					{ "time": 1.1, "color": "ffffff00" },
					{ "time": 1.1333, "color": "ffffffff" },
					{ "time": 1.2333, "color": "ffffff00" },
					{ "time": 1.3666, "color": "ffffffff" },
					{ "time": 1.4666, "color": "ffffff00" },
					{ "time": 1.5333, "color": "ffffffff" },
					{ "time": 1.6333, "color": "ffffff00" },
					{ "time": 1.7, "color": "ffffffff" },
					{ "time": 1.8333, "color": "ffffff00" },
					{ "time": 1.8666, "color": "ffffffff" },
					{ "time": 1.9666, "color": "ffffff00" }
				],
				"attachment": [
					{ "time": 0, "name": null },
					{ "time": 0.0666, "name": "cap2_light" }
				]
			},
			"cap_light": {
				"color": [
					{ "time": 0.0666, "color": "fffffffd" },
					{ "time": 0.1666, "color": "ffffff00" },
					{ "time": 0.2, "color": "ffffffff" },
					{ "time": 0.3333, "color": "ffffff00" },
					{ "time": 0.3666, "color": "ffffffff" },
					{ "time": 0.4666, "color": "ffffff00" },
					{ "time": 0.6, "color": "ffffffff" },
					{ "time": 0.7333, "color": "ffffff00" },
					{ "time": 0.8, "color": "ffffffff" },
					{ "time": 0.9, "color": "ffffff00" },
					{ "time": 0.9666, "color": "ffffffff" },
					{ "time": 1.1, "color": "ffffff00" },
					{ "time": 1.1333, "color": "ffffffff" },
					{ "time": 1.2333, "color": "ffffff00" },
					{ "time": 1.3666, "color": "ffffffff" },
					{ "time": 1.4666, "color": "ffffff00" },
					{ "time": 1.5333, "color": "ffffffff" },
					{ "time": 1.6333, "color": "ffffff00" },
					{ "time": 1.7, "color": "ffffffff" },
					{ "time": 1.8333, "color": "ffffff00" },
					{ "time": 1.8666, "color": "ffffffff" },
					{ "time": 1.9666, "color": "ffffff00" }
				],
				"attachment": [
					{ "time": 0, "name": null },
					{ "time": 0.0666, "name": "cap_light" }
				]
			},
			"hand_L2_light": {
				"color": [
					{ "time": 0.0666, "color": "fffffffd" },
					{ "time": 0.1666, "color": "ffffff00" },
					{ "time": 0.2, "color": "ffffffff" },
					{ "time": 0.3333, "color": "ffffff00" },
					{ "time": 0.3666, "color": "ffffffff" },
					{ "time": 0.4666, "color": "ffffff00" },
					{ "time": 0.6, "color": "ffffffff" },
					{ "time": 0.7333, "color": "ffffff00" },
					{ "time": 0.8, "color": "ffffffff" },
					{ "time": 0.9, "color": "ffffff00" },
					{ "time": 0.9666, "color": "ffffffff" },
					{ "time": 1.1, "color": "ffffff00" },
					{ "time": 1.1333, "color": "ffffffff" },
					{ "time": 1.2333, "color": "ffffff00" },
					{ "time": 1.3666, "color": "ffffffff" },
					{ "time": 1.4666, "color": "ffffff00" },
					{ "time": 1.5333, "color": "ffffffff" },
					{ "time": 1.6333, "color": "ffffff00" },
					{ "time": 1.7, "color": "ffffffff" },
					{ "time": 1.8333, "color": "ffffff00" },
					{ "time": 1.8666, "color": "ffffffff" },
					{ "time": 1.9666, "color": "ffffff00" }
				],
				"attachment": [
					{ "time": 0, "name": null },
					{ "time": 0.0666, "name": "hand_L2_light" }
				]
			},
			"head_light": {
				"color": [
					{ "time": 0.0666, "color": "fffffffd" },
					{ "time": 0.1666, "color": "ffffff00" },
					{ "time": 0.2, "color": "ffffffff" },
					{ "time": 0.3333, "color": "ffffff00" },
					{ "time": 0.3666, "color": "ffffffff" },
					{ "time": 0.4666, "color": "ffffff00" },
					{ "time": 0.6, "color": "ffffffff" },
					{ "time": 0.7333, "color": "ffffff00" },
					{ "time": 0.8, "color": "ffffffff" },
					{ "time": 0.9, "color": "ffffff00" },
					{ "time": 0.9666, "color": "ffffffff" },
					{ "time": 1.1, "color": "ffffff00" },
					{ "time": 1.1333, "color": "ffffffff" },
					{ "time": 1.2333, "color": "ffffff00" },
					{ "time": 1.3666, "color": "ffffffff" },
					{ "time": 1.4666, "color": "ffffff00" },
					{ "time": 1.5333, "color": "ffffffff" },
					{ "time": 1.6333, "color": "ffffff00" },
					{ "time": 1.7, "color": "ffffffff" },
					{ "time": 1.8333, "color": "ffffff00" },
					{ "time": 1.8666, "color": "ffffffff" },
					{ "time": 1.9666, "color": "ffffff00" }
				],
				"attachment": [
					{ "time": 0, "name": null },
					{ "time": 0.0666, "name": "head_light" },
					{ "time": 0.5, "name": null },
					{ "time": 0.6, "name": "head_light" },
					{ "time": 0.8, "name": "head_light" },
					{ "time": 1.2666, "name": null },
					{ "time": 1.3666, "name": "head_light" },
					{ "time": 2, "name": null }
				]
			}
		},
		"bones": {
			"Body": {
				"rotate": [
					{ "time": 0, "angle": 0, "curve": "stepped" },
					{ "time": 2, "angle": 0 }
				],
				"translate": [
					{ "time": 0, "x": 0, "y": 0, "curve": "stepped" },
					{ "time": 2, "x": 0, "y": 0 }
				]
			},
			"Root_All": {
				"rotate": [
					{ "time": 0, "angle": 0, "curve": "stepped" },
					{ "time": 2, "angle": 0 }
				],
				"translate": [
					{
						"time": 0,
						"x": 0,
						"y": 0,
						"curve": [ 0.255, 0.35, 0.6, 0.7 ]
					},
					{
						"time": 0.5,
						"x": 0,
						"y": -9.82,
						"curve": [ 0.3, 0.39, 0.641, 0.74 ]
					},
					{
						"time": 1,
						"x": 0,
						"y": -15.66,
						"curve": [ 0.322, 0.37, 0.652, 0.7 ]
					},
					{
						"time": 1.5,
						"x": 0,
						"y": -7.79,
						"curve": [ 0.314, 0.36, 0.644, 0.68 ]
					},
					{ "time": 2, "x": 0, "y": 0 }
				]
			},
			"Ship_All": {
				"rotate": [
					{ "time": 0, "angle": 0, "curve": "stepped" },
					{ "time": 2, "angle": 0 }
				],
				"translate": [
					{ "time": 0, "x": 0, "y": 0, "curve": "stepped" },
					{ "time": 2, "x": 0, "y": 0 }
				]
			},
			"Face": {
				"rotate": [
					{ "time": 0, "angle": 0, "curve": "stepped" },
					{ "time": 2, "angle": 0 }
				],
				"translate": [
					{
						"time": 0,
						"x": 0,
						"y": 0,
						"curve": [ 0.286, 0.34, 0.623, 0.67 ]
					},
					{
						"time": 0.5,
						"x": 0.64,
						"y": 0,
						"curve": [ 0.282, 0.37, 0.624, 0.71 ]
					},
					{
						"time": 1.5,
						"x": -1.28,
						"y": 0,
						"curve": [ 0.321, 0.37, 0.656, 0.71 ]
					},
					{ "time": 2, "x": 0, "y": 0 }
				]
			},
			"Head": {
				"rotate": [
					{ "time": 0, "angle": 0 },
					{ "time": 1, "angle": -4.44 },
					{ "time": 2, "angle": 0 }
				],
				"translate": [
					{ "time": 0, "x": 0, "y": 0, "curve": "stepped" },
					{ "time": 2, "x": 0, "y": 0 }
				]
			},
			"Cap": {
				"rotate": [
					{ "time": 0, "angle": 0 },
					{ "time": 1, "angle": 7.02 },
					{ "time": 2, "angle": 0 }
				],
				"translate": [
					{ "time": 0, "x": 0, "y": 0 },
					{ "time": 1, "x": -2.07, "y": 4.26 },
					{ "time": 2, "x": 0, "y": 0 }
				]
			},
			"JZ_R": {
				"rotate": [
					{ "time": 0, "angle": 0 },
					{ "time": 1, "angle": 9.49 },
					{ "time": 2, "angle": 0 }
				],
				"translate": [
					{ "time": 0, "x": 0, "y": 0, "curve": "stepped" },
					{ "time": 2, "x": 0, "y": 0 }
				]
			},
			"JZ": {
				"rotate": [
					{ "time": 0, "angle": 0, "curve": "stepped" },
					{ "time": 2, "angle": 0 }
				],
				"translate": [
					{ "time": 0, "x": 0, "y": 0, "curve": "stepped" },
					{ "time": 2, "x": 0, "y": 0 }
				]
			},
			"PF": {
				"rotate": [
					{ "time": 0, "angle": 0 },
					{ "time": 1, "angle": -9.84 },
					{ "time": 2, "angle": 0 }
				],
				"translate": [
					{ "time": 0, "x": 0, "y": 0, "curve": "stepped" },
					{ "time": 2, "x": 0, "y": 0 }
				]
			},
			"JZ_L": {
				"rotate": [
					{ "time": 0, "angle": 0 },
					{ "time": 1, "angle": -9.31 },
					{ "time": 2, "angle": 0 }
				],
				"translate": [
					{ "time": 0, "x": 0, "y": 0 },
					{ "time": 1, "x": -12.29, "y": -5.04 },
					{ "time": 2, "x": 0, "y": 0 }
				]
			},
			"GZ": {
				"rotate": [
					{ "time": 0, "angle": 0 },
					{ "time": 1, "angle": 9.88 },
					{ "time": 2, "angle": 0 }
				],
				"translate": [
					{ "time": 0, "x": 0, "y": 0, "curve": "stepped" },
					{ "time": 2, "x": 0, "y": 0 }
				]
			},
			"hand_R": {
				"rotate": [
					{ "time": 0, "angle": 0 },
					{ "time": 1, "angle": -18.65 },
					{ "time": 2, "angle": 0 }
				],
				"translate": [
					{ "time": 0, "x": 0, "y": 0, "curve": "stepped" },
					{ "time": 2, "x": 0, "y": 0 }
				]
			},
			"L2": {
				"rotate": [
					{ "time": 0, "angle": 0 },
					{ "time": 1, "angle": 10.27 },
					{ "time": 2, "angle": 0 }
				],
				"translate": [
					{ "time": 0, "x": 0, "y": 0, "curve": "stepped" },
					{ "time": 2, "x": 0, "y": 0 }
				]
			},
			"hand_L": {
				"rotate": [
					{ "time": 0, "angle": 0 },
					{ "time": 0.5, "angle": -14.17 },
					{ "time": 1, "angle": -12.65 },
					{ "time": 2, "angle": 0 }
				],
				"translate": [
					{ "time": 0, "x": 0, "y": 0, "curve": "stepped" },
					{ "time": 2, "x": 0, "y": 0 }
				]
			},
			"Throw_Point": {
				"rotate": [
					{ "time": 0, "angle": 0, "curve": "stepped" },
					{ "time": 2, "angle": 0 }
				],
				"translate": [
					{ "time": 0, "x": 0, "y": 0, "curve": "stepped" },
					{ "time": 2, "x": 0, "y": 0 }
				]
			},
			"Smoke_L2": {
				"rotate": [
					{ "time": 0, "angle": 0, "curve": "stepped" },
					{ "time": 2, "angle": 0 }
				],
				"translate": [
					{ "time": 0, "x": 0, "y": 0, "curve": "stepped" },
					{ "time": 2, "x": 0, "y": 0 }
				]
			},
			"Smoke_L1": {
				"rotate": [
					{ "time": 0, "angle": 0, "curve": "stepped" },
					{ "time": 2, "angle": 0 }
				],
				"translate": [
					{ "time": 0, "x": 0, "y": 0, "curve": "stepped" },
					{ "time": 2, "x": 0, "y": 0 }
				]
			},
			"bg": {
				"rotate": [
					{ "time": 0, "angle": 0 },
					{ "time": 1, "angle": -12.49 },
					{ "time": 2, "angle": 0 }
				],
				"translate": [
					{ "time": 0, "x": 0, "y": 0, "curve": "stepped" },
					{ "time": 2, "x": 0, "y": 0 }
				]
			},
			"XZ": {
				"rotate": [
					{ "time": 0, "angle": 0 },
					{ "time": 0.6666, "angle": -10.06 },
					{ "time": 1.3333, "angle": 6.08 },
					{ "time": 2, "angle": 0 }
				],
				"translate": [
					{ "time": 0, "x": 0, "y": 0, "curve": "stepped" },
					{ "time": 2, "x": 0, "y": 0 }
				]
			},
			"cap2": {
				"rotate": [
					{ "time": 0, "angle": 0 },
					{ "time": 1, "angle": -6.95 },
					{ "time": 2, "angle": 0 }
				],
				"translate": [
					{ "time": 0, "x": 0, "y": 0, "curve": "stepped" },
					{ "time": 2, "x": 0, "y": 0 }
				]
			},
			"Expression": {
				"rotate": [
					{ "time": 0, "angle": 0, "curve": "stepped" },
					{ "time": 2, "angle": 0 }
				],
				"translate": [
					{ "time": 0, "x": 0, "y": 0, "curve": "stepped" },
					{ "time": 2, "x": 0, "y": 0 }
				]
			},
			"Dialogue": {
				"rotate": [
					{ "time": 0, "angle": 0, "curve": "stepped" },
					{ "time": 2, "angle": 0 }
				],
				"translate": [
					{ "time": 0, "x": 0, "y": 0, "curve": "stepped" },
					{ "time": 2, "x": 0, "y": 0 }
				]
			},
			"Damage_Point": {
				"rotate": [
					{ "time": 0, "angle": 0, "curve": "stepped" },
					{ "time": 2, "angle": 0 }
				],
				"translate": [
					{ "time": 0, "x": 0, "y": 0, "curve": "stepped" },
					{ "time": 2, "x": 0, "y": 0 }
				]
			},
			"Attack_Point": {
				"rotate": [
					{ "time": 0, "angle": 0, "curve": "stepped" },
					{ "time": 2, "angle": 0 }
				],
				"translate": [
					{ "time": 0, "x": 0, "y": 0, "curve": "stepped" },
					{ "time": 2, "x": 0, "y": 0 }
				]
			},
			"Antiaircraft": {
				"rotate": [
					{ "time": 0, "angle": 0, "curve": "stepped" },
					{ "time": 2, "angle": 0 }
				],
				"translate": [
					{ "time": 0, "x": 0, "y": 0, "curve": "stepped" },
					{ "time": 2, "x": 0, "y": 0 }
				]
			}
		},
		"events": [
			{ "time": 0.0666, "name": "Antiaircraft" }
		]
	},
	"attack": {
		"slots": {
			"GZ_light": {
				"color": [
					{ "time": 0.5333, "color": "fffffffb" },
					{ "time": 0.8333, "color": "ffffff00" }
				],
				"attachment": [
					{ "time": 0, "name": null },
					{ "time": 0.0666, "name": "GZ_light" }
				]
			},
			"JZ_R_light": {
				"color": [
					{ "time": 0.5333, "color": "fffffffb" },
					{ "time": 0.8333, "color": "ffffff00" }
				],
				"attachment": [
					{ "time": 0, "name": null },
					{ "time": 0.0666, "name": "JZ_R_light" }
				]
			},
			"Light_Body": {
				"color": [
					{ "time": 0.5333, "color": "fffffffb" },
					{ "time": 0.8333, "color": "ffffff00" }
				],
				"attachment": [
					{ "time": 0, "name": null },
					{ "time": 0.0666, "name": "Rodney_ship_body_normal_light" }
				]
			},
			"Rodney_body_normal": {
				"attachment": [
					{ "time": 0, "name": "Body_Change" },
					{ "time": 0.9, "name": "Body_Change" }
				]
			},
			"cap2_light": {
				"color": [
					{ "time": 0.5333, "color": "fffffffb" },
					{ "time": 0.8333, "color": "ffffff00" }
				],
				"attachment": [
					{ "time": 0, "name": null },
					{ "time": 0.0666, "name": "cap2_light" }
				]
			},
			"cap_light": {
				"color": [
					{ "time": 0.5333, "color": "fffffffb" },
					{ "time": 0.8333, "color": "ffffff00" }
				],
				"attachment": [
					{ "time": 0, "name": null },
					{ "time": 0.0666, "name": "cap_light" },
					{ "time": 0.1, "name": "cap_light" },
					{ "time": 0.5, "name": "cap_light" }
				]
			},
			"hand_L2_light": {
				"color": [
					{ "time": 0.5333, "color": "fffffffb" },
					{ "time": 0.8333, "color": "ffffff00" }
				],
				"attachment": [
					{ "time": 0, "name": null },
					{ "time": 0.0666, "name": "hand_L2_light" }
				]
			},
			"head_light": {
				"color": [
					{ "time": 0.5333, "color": "fffffffb" },
					{ "time": 0.8333, "color": "ffffff00" }
				],
				"attachment": [
					{ "time": 0, "name": null },
					{ "time": 0.0666, "name": "head_light" },
					{ "time": 0.1, "name": "head_light" },
					{ "time": 0.5, "name": "head_light" }
				]
			}
		},
		"bones": {
			"Root_All": {
				"rotate": [
					{ "time": 0, "angle": 0, "curve": "stepped" },
					{ "time": 1.6666, "angle": 0 }
				],
				"translate": [
					{
						"time": 0,
						"x": 0,
						"y": 0,
						"curve": [ 0.255, 0.35, 0.6, 0.7 ]
					},
					{ "time": 0.0666, "x": 8.69, "y": 0 },
					{ "time": 0.1666, "x": -87.44, "y": 0 },
					{ "time": 0.3333, "x": -61.04, "y": 0 },
					{ "time": 0.5333, "x": -69.84, "y": 0 },
					{ "time": 1, "x": -85.6, "y": 0 },
					{ "time": 1.4, "x": 15.07, "y": 0 },
					{ "time": 1.6666, "x": 0, "y": 0 }
				]
			},
			"Face": {
				"rotate": [
					{ "time": 0, "angle": 0, "curve": "stepped" },
					{ "time": 1.6666, "angle": 0 }
				],
				"translate": [
					{
						"time": 0,
						"x": 0,
						"y": 0,
						"curve": [ 0.286, 0.34, 0.623, 0.67 ]
					},
					{ "time": 0.1666, "x": 0, "y": 3.4 },
					{ "time": 0.3333, "x": -0.2, "y": 1.71 },
					{ "time": 0.9, "x": -0.34, "y": 1.96 },
					{ "time": 1, "x": -0.15, "y": 1.13 },
					{ "time": 1.4, "x": -0.35, "y": 0.55 },
					{ "time": 1.6666, "x": 0, "y": 0 }
				]
			},
			"Ship_All": {
				"rotate": [
					{ "time": 0, "angle": 0, "curve": "stepped" },
					{ "time": 1.6666, "angle": 0 }
				],
				"translate": [
					{ "time": 0, "x": 0, "y": 0, "curve": "stepped" },
					{ "time": 1.6666, "x": 0, "y": 0 }
				]
			},
			"Body": {
				"rotate": [
					{ "time": 0, "angle": 0, "curve": "stepped" },
					{ "time": 1.6666, "angle": 0 }
				],
				"translate": [
					{ "time": 0, "x": 0, "y": 0, "curve": "stepped" },
					{ "time": 1.6666, "x": 0, "y": 0 }
				]
			},
			"Attack_Point": {
				"rotate": [
					{ "time": 0, "angle": 0, "curve": "stepped" },
					{ "time": 0.0666, "angle": 0, "curve": "stepped" },
					{ "time": 1.6666, "angle": 0 }
				],
				"translate": [
					{ "time": 0, "x": 0, "y": 0, "curve": "stepped" },
					{ "time": 0.0666, "x": 0, "y": 0, "curve": "stepped" },
					{ "time": 1.6666, "x": 0, "y": 0 }
				]
			},
			"Cap": {
				"rotate": [
					{ "time": 0, "angle": 0 },
					{ "time": 0.3333, "angle": 9.21 },
					{ "time": 0.8333, "angle": 0.7 },
					{ "time": 1.6666, "angle": 0 }
				],
				"translate": [
					{ "time": 0, "x": 0, "y": 0 },
					{ "time": 0.8333, "x": -0.05, "y": 1.49 },
					{ "time": 1.6666, "x": 0, "y": 0 }
				]
			},
			"Head": {
				"rotate": [
					{ "time": 0, "angle": 0 },
					{ "time": 0.1666, "angle": -7.89 },
					{ "time": 0.6666, "angle": -7.45 },
					{ "time": 1.6666, "angle": 0 }
				],
				"translate": [
					{ "time": 0, "x": 0, "y": 0, "curve": "stepped" },
					{ "time": 1.6666, "x": 0, "y": 0 }
				]
			},
			"JZ_R": {
				"rotate": [
					{ "time": 0, "angle": 0 },
					{ "time": 0.0666, "angle": -39.45 },
					{ "time": 0.1666, "angle": 10.11 },
					{ "time": 0.3333, "angle": -324.57 },
					{ "time": 0.8333, "angle": 10.42 },
					{ "time": 1.6666, "angle": 0 }
				],
				"translate": [
					{ "time": 0, "x": 0, "y": 0, "curve": "stepped" },
					{ "time": 1.6666, "x": 0, "y": 0 }
				]
			},
			"PF": {
				"rotate": [
					{ "time": 0, "angle": 0 },
					{ "time": 0.1666, "angle": -11.22 },
					{ "time": 0.5, "angle": -10.03 },
					{ "time": 1, "angle": 9.9 },
					{ "time": 1.6666, "angle": 0 }
				],
				"translate": [
					{ "time": 0, "x": 0, "y": 0, "curve": "stepped" },
					{ "time": 1.6666, "x": 0, "y": 0 }
				]
			},
			"JZ": {
				"rotate": [
					{ "time": 0, "angle": 0, "curve": "stepped" },
					{ "time": 1.6666, "angle": 0 }
				],
				"translate": [
					{ "time": 0, "x": 0, "y": 0, "curve": "stepped" },
					{ "time": 1.6666, "x": 0, "y": 0 }
				]
			},
			"JZ_L": {
				"rotate": [
					{ "time": 0, "angle": 0 },
					{ "time": 0.1666, "angle": -12.57 },
					{ "time": 0.5, "angle": 11.2 },
					{ "time": 1.6666, "angle": 0 }
				],
				"translate": [
					{ "time": 0, "x": 0, "y": 0, "curve": "stepped" },
					{ "time": 1.6666, "x": 0, "y": 0 }
				]
			},
			"GZ": {
				"rotate": [
					{ "time": 0, "angle": 0 },
					{ "time": 0.5, "angle": -25.31 },
					{ "time": 1.6666, "angle": 0 }
				],
				"translate": [
					{ "time": 0, "x": 0, "y": 0, "curve": "stepped" },
					{ "time": 1.6666, "x": 0, "y": 0 }
				]
			},
			"hand_R": {
				"rotate": [
					{ "time": 0, "angle": 0 },
					{ "time": 0.5, "angle": 22.22 },
					{ "time": 1.6666, "angle": 0 }
				],
				"translate": [
					{ "time": 0, "x": 0, "y": 0, "curve": "stepped" },
					{ "time": 1.6666, "x": 0, "y": 0 }
				]
			},
			"L2": {
				"rotate": [
					{ "time": 0, "angle": 0 },
					{ "time": 0.1666, "angle": 15.66 },
					{ "time": 0.5, "angle": 34.55 },
					{ "time": 1.6666, "angle": 0 }
				],
				"translate": [
					{ "time": 0, "x": 0, "y": 0, "curve": "stepped" },
					{ "time": 1.6666, "x": 0, "y": 0 }
				]
			},
			"hand_L": {
				"rotate": [
					{ "time": 0, "angle": 0 },
					{ "time": 0.1666, "angle": -41.86 },
					{ "time": 0.5, "angle": -3.24 },
					{ "time": 1.6666, "angle": 0 }
				],
				"translate": [
					{ "time": 0, "x": 0, "y": 0, "curve": "stepped" },
					{ "time": 1.6666, "x": 0, "y": 0 }
				]
			},
			"Throw_Point": {
				"rotate": [
					{ "time": 0, "angle": 0, "curve": "stepped" },
					{ "time": 1.6666, "angle": 0 }
				],
				"translate": [
					{ "time": 0, "x": 0, "y": 0, "curve": "stepped" },
					{ "time": 1.6666, "x": 0, "y": 0 }
				]
			},
			"Smoke_L2": {
				"rotate": [
					{ "time": 0, "angle": 0, "curve": "stepped" },
					{ "time": 1.6666, "angle": 0 }
				],
				"translate": [
					{ "time": 0, "x": 0, "y": 0, "curve": "stepped" },
					{ "time": 1.6666, "x": 0, "y": 0 }
				]
			},
			"Smoke_L1": {
				"rotate": [
					{ "time": 0, "angle": 0, "curve": "stepped" },
					{ "time": 1.6666, "angle": 0 }
				],
				"translate": [
					{ "time": 0, "x": 0, "y": 0, "curve": "stepped" },
					{ "time": 1.6666, "x": 0, "y": 0 }
				]
			},
			"bg": {
				"rotate": [
					{ "time": 0, "angle": 0 },
					{ "time": 0.5, "angle": 17.65 },
					{ "time": 1, "angle": -18.17 },
					{ "time": 1.6666, "angle": 0 }
				],
				"translate": [
					{ "time": 0, "x": 0, "y": 0, "curve": "stepped" },
					{ "time": 1.6666, "x": 0, "y": 0 }
				]
			},
			"XZ": {
				"rotate": [
					{ "time": 0, "angle": 0 },
					{ "time": 0.5, "angle": -17.96 },
					{ "time": 0.8333, "angle": -22.87 },
					{ "time": 1.1666, "angle": 1.2 },
					{ "time": 1.6666, "angle": 0 }
				],
				"translate": [
					{ "time": 0, "x": 0, "y": 0, "curve": "stepped" },
					{ "time": 1.6666, "x": 0, "y": 0 }
				]
			},
			"cap2": {
				"rotate": [
					{ "time": 0, "angle": 0 },
					{ "time": 0.5, "angle": 26.35 },
					{ "time": 0.7666, "angle": 4.24 },
					{ "time": 1.6666, "angle": 0 }
				],
				"translate": [
					{ "time": 0, "x": 0, "y": 0, "curve": "stepped" },
					{ "time": 1.6666, "x": 0, "y": 0 }
				]
			},
			"Expression": {
				"rotate": [
					{ "time": 0, "angle": 0, "curve": "stepped" },
					{ "time": 1.6666, "angle": 0 }
				],
				"translate": [
					{ "time": 0, "x": 0, "y": 0, "curve": "stepped" },
					{ "time": 1.6666, "x": 0, "y": 0 }
				]
			},
			"Dialogue": {
				"rotate": [
					{ "time": 0, "angle": 0, "curve": "stepped" },
					{ "time": 1.6666, "angle": 0 }
				],
				"translate": [
					{ "time": 0, "x": 0, "y": 0, "curve": "stepped" },
					{ "time": 1.6666, "x": 0, "y": 0 }
				]
			},
			"Damage_Point": {
				"rotate": [
					{ "time": 0, "angle": 0, "curve": "stepped" },
					{ "time": 1.6666, "angle": 0 }
				],
				"translate": [
					{ "time": 0, "x": 0, "y": 0, "curve": "stepped" },
					{ "time": 1.6666, "x": 0, "y": 0 }
				]
			},
			"Antiaircraft": {
				"rotate": [
					{ "time": 0, "angle": 0, "curve": "stepped" },
					{ "time": 1.6666, "angle": 0 }
				],
				"translate": [
					{ "time": 0, "x": 0, "y": 0, "curve": "stepped" },
					{ "time": 1.6666, "x": 0, "y": 0 }
				]
			}
		},
		"events": [
			{ "time": 0.0666, "name": "attack_point" }
		]
	},
	"damage": {
		"slots": {
			"GZ": {
				"color": [
					{ "time": 0.0666, "color": "8c4c51ff", "curve": "stepped" },
					{ "time": 0.7666, "color": "8c4c51ff" },
					{ "time": 1.1333, "color": "ffffffff" }
				]
			},
			"GZ_light": {
				"color": [
					{ "time": 0.5333, "color": "fffffffc" },
					{ "time": 0.7666, "color": "ffffff00" }
				],
				"attachment": [
					{ "time": 0, "name": null },
					{ "time": 0.0666, "name": "GZ_light" },
					{ "time": 0.7666, "name": null }
				]
			},
			"JZ_L": {
				"color": [
					{ "time": 0.0666, "color": "8c4c51ff", "curve": "stepped" },
					{ "time": 0.7666, "color": "8c4c51ff" },
					{ "time": 1.1333, "color": "ffffffff" }
				]
			},
			"JZ_R": {
				"color": [
					{ "time": 0.0666, "color": "8c4c51ff", "curve": "stepped" },
					{ "time": 0.7666, "color": "8c4c51ff" },
					{ "time": 1.1333, "color": "ffffffff" }
				]
			},
			"JZ_R_light": {
				"color": [
					{ "time": 0.5333, "color": "fffffffc" },
					{ "time": 0.7666, "color": "ffffff00" }
				],
				"attachment": [
					{ "time": 0, "name": null },
					{ "time": 0.0666, "name": "JZ_R_light" },
					{ "time": 0.7666, "name": null }
				]
			},
			"Light_Body": {
				"color": [
					{ "time": 0.5333, "color": "fffffffc" },
					{ "time": 0.7666, "color": "ffffff00" }
				],
				"attachment": [
					{ "time": 0, "name": null },
					{ "time": 0.0666, "name": "Rodney_ship_body_normal_light" },
					{ "time": 0.7666, "name": null }
				]
			},
			"QQ": {
				"color": [
					{ "time": 0.0666, "color": "8c4c51ff", "curve": "stepped" },
					{ "time": 0.7666, "color": "8c4c51ff" },
					{ "time": 1.1333, "color": "ffffffff" }
				]
			},
			"Rodney_body_normal": {
				"color": [
					{ "time": 0.0666, "color": "8c4c51ff", "curve": "stepped" },
					{ "time": 0.7666, "color": "8c4c51ff" },
					{ "time": 1.1333, "color": "ffffffff" }
				],
				"attachment": [
					{ "time": 0, "name": "Body_Change" },
					{ "time": 0.8666, "name": "Body_Change" }
				]
			},
			"Rodney_eyes_normal": {
				"color": [
					{ "time": 0.0666, "color": "8c4c51ff", "curve": "stepped" },
					{ "time": 0.7666, "color": "8c4c51ff" },
					{ "time": 1.1333, "color": "ffffffff" }
				],
				"attachment": [
					{ "time": 0.0666, "name": "Rodney_eyes_damage" },
					{ "time": 1.1333, "name": "Rodney_eyes_normal" }
				]
			},
			"bg": {
				"color": [
					{ "time": 0.0666, "color": "8c4c51ff", "curve": "stepped" },
					{ "time": 0.7666, "color": "8c4c51ff" },
					{ "time": 1.1333, "color": "ffffffff" }
				]
			},
			"cap": {
				"color": [
					{ "time": 0.0666, "color": "8c4c51ff", "curve": "stepped" },
					{ "time": 0.7666, "color": "8c4c51ff" },
					{ "time": 1.1333, "color": "ffffffff" }
				]
			},
			"cap2": {
				"color": [
					{ "time": 0.0666, "color": "8c4c51ff", "curve": "stepped" },
					{ "time": 0.7666, "color": "8c4c51ff" },
					{ "time": 1.1333, "color": "ffffffff" }
				]
			},
			"cap2_light": {
				"color": [
					{ "time": 0.5333, "color": "fffffffc" },
					{ "time": 0.7666, "color": "ffffff00" }
				],
				"attachment": [
					{ "time": 0, "name": null },
					{ "time": 0.0666, "name": "cap2_light" }
				]
			},
			"cap_light": {
				"color": [
					{ "time": 0.5333, "color": "fffffffc" },
					{ "time": 0.7666, "color": "ffffff00" }
				],
				"attachment": [
					{ "time": 0, "name": null },
					{ "time": 0.0666, "name": "cap_light" }
				]
			},
			"hand_L": {
				"color": [
					{ "time": 0.0666, "color": "8c4c51ff", "curve": "stepped" },
					{ "time": 0.7666, "color": "8c4c51ff" },
					{ "time": 1.1333, "color": "ffffffff" }
				]
			},
			"hand_L2": {
				"color": [
					{ "time": 0.0666, "color": "8c4c51ff", "curve": "stepped" },
					{ "time": 0.7666, "color": "8c4c51ff" },
					{ "time": 1.1333, "color": "ffffffff" }
				]
			},
			"hand_L2_light": {
				"color": [
					{ "time": 0.5333, "color": "fffffffc" },
					{ "time": 0.7666, "color": "ffffff00" }
				],
				"attachment": [
					{ "time": 0, "name": null },
					{ "time": 0.0666, "name": "hand_L2_light" }
				]
			},
			"hand_R": {
				"color": [
					{ "time": 0.0666, "color": "8c4c51ff", "curve": "stepped" },
					{ "time": 0.7666, "color": "8c4c51ff" },
					{ "time": 1.1333, "color": "ffffffff" }
				]
			},
			"head": {
				"color": [
					{ "time": 0.0666, "color": "8c4c51ff", "curve": "stepped" },
					{ "time": 0.7666, "color": "8c4c51ff" },
					{ "time": 1.1333, "color": "ffffffff" }
				]
			},
			"head_light": {
				"color": [
					{ "time": 0.5333, "color": "fffffffc" },
					{ "time": 0.7666, "color": "ffffff00" }
				],
				"attachment": [
					{ "time": 0, "name": null },
					{ "time": 0.0666, "name": "head_light" },
					{ "time": 0.7666, "name": null }
				]
			},
			"sz": {
				"color": [
					{ "time": 0.0666, "color": "8c4c51ff", "curve": "stepped" },
					{ "time": 0.7666, "color": "8c4c51ff" },
					{ "time": 1.1333, "color": "ffffffff" }
				]
			},
			"xz": {
				"color": [
					{ "time": 0.0666, "color": "8c4c51ff", "curve": "stepped" },
					{ "time": 0.7666, "color": "8c4c51ff" },
					{ "time": 1.1333, "color": "ffffffff" }
				]
			}
		},
		"bones": {
			"Root_All": {
				"rotate": [
					{ "time": 0, "angle": 0, "curve": "stepped" },
					{ "time": 1.1666, "angle": 0 }
				],
				"translate": [
					{
						"time": 0,
						"x": 0,
						"y": 0,
						"curve": [ 0.255, 0.35, 0.6, 0.7 ]
					},
					{ "time": 0.0666, "x": -27.67, "y": -23.16 },
					{ "time": 0.1333, "x": 20.98, "y": 15.35 },
					{ "time": 0.2333, "x": -19.78, "y": -15.62 },
					{ "time": 0.3666, "x": 14.36, "y": 8.59 },
					{ "time": 0.5666, "x": -3.37, "y": -4.5 },
					{ "time": 0.8666, "x": 5.63, "y": 2.25 },
					{ "time": 1.1666, "x": 0, "y": 0 }
				]
			},
			"Face": {
				"rotate": [
					{ "time": 0, "angle": 0, "curve": "stepped" },
					{ "time": 1.1666, "angle": 0 }
				],
				"translate": [
					{
						"time": 0,
						"x": 0,
						"y": 0,
						"curve": [ 0.286, 0.34, 0.623, 0.67 ]
					},
					{ "time": 0.0666, "x": -5.44, "y": 0 },
					{ "time": 0.1333, "x": -0.44, "y": 0 },
					{ "time": 0.2333, "x": -5.06, "y": 0 },
					{ "time": 0.3666, "x": -2.01, "y": 0 },
					{ "time": 1.1666, "x": 0, "y": 0 }
				]
			},
			"Ship_All": {
				"rotate": [
					{ "time": 0, "angle": 0, "curve": "stepped" },
					{ "time": 1.1666, "angle": 0 }
				],
				"translate": [
					{ "time": 0, "x": 0, "y": 0, "curve": "stepped" },
					{ "time": 1.1666, "x": 0, "y": 0 }
				]
			},
			"Body": {
				"rotate": [
					{ "time": 0, "angle": 0, "curve": "stepped" },
					{ "time": 1.1666, "angle": 0 }
				],
				"translate": [
					{ "time": 0, "x": 0, "y": 0, "curve": "stepped" },
					{ "time": 1.1666, "x": 0, "y": 0 }
				]
			},
			"Damage_Point": {
				"rotate": [
					{ "time": 0, "angle": 0, "curve": "stepped" },
					{ "time": 0.0666, "angle": 0, "curve": "stepped" },
					{ "time": 1.1666, "angle": 0 }
				],
				"translate": [
					{ "time": 0, "x": 0, "y": 0, "curve": "stepped" },
					{ "time": 0.0666, "x": 0, "y": 0, "curve": "stepped" },
					{ "time": 1.1666, "x": 0, "y": 0 }
				]
			},
			"Head": {
				"rotate": [
					{ "time": 0, "angle": 0 },
					{ "time": 0.6666, "angle": -6.17 },
					{ "time": 1.1666, "angle": 0 }
				],
				"translate": [
					{ "time": 0, "x": 0, "y": 0, "curve": "stepped" },
					{ "time": 1.1666, "x": 0, "y": 0 }
				]
			},
			"Cap": {
				"rotate": [
					{ "time": 0, "angle": 0 },
					{ "time": 0.3333, "angle": -7.3 },
					{ "time": 1.1666, "angle": 0 }
				],
				"translate": [
					{ "time": 0, "x": 0, "y": 0 },
					{ "time": 0.3333, "x": -5.63, "y": 5.21 },
					{ "time": 1.1666, "x": 0, "y": 0 }
				]
			},
			"PF": {
				"rotate": [
					{ "time": 0, "angle": 0 },
					{ "time": 0.5, "angle": -11.68 },
					{ "time": 0.8333, "angle": 12.34 },
					{ "time": 1.1666, "angle": 0 }
				],
				"translate": [
					{ "time": 0, "x": 0, "y": 0, "curve": "stepped" },
					{ "time": 1.1666, "x": 0, "y": 0 }
				]
			},
			"JZ_R": {
				"rotate": [
					{ "time": 0, "angle": 0 },
					{ "time": 0.5, "angle": 8.73 },
					{ "time": 0.8333, "angle": -10.43 },
					{ "time": 1.1666, "angle": 0 }
				],
				"translate": [
					{ "time": 0, "x": 0, "y": 0, "curve": "stepped" },
					{ "time": 1.1666, "x": 0, "y": 0 }
				]
			},
			"JZ": {
				"rotate": [
					{ "time": 0, "angle": 0 },
					{ "time": 0.5, "angle": 358.81 },
					{ "time": 0.8333, "angle": 2.63 },
					{ "time": 1.1666, "angle": 0 }
				],
				"translate": [
					{ "time": 0, "x": 0, "y": 0, "curve": "stepped" },
					{ "time": 1.1666, "x": 0, "y": 0 }
				]
			},
			"JZ_L": {
				"rotate": [
					{ "time": 0, "angle": 0 },
					{ "time": 0.3333, "angle": -5.08 },
					{ "time": 0.6666, "angle": 9.87 },
					{ "time": 1.1666, "angle": 0 }
				],
				"translate": [
					{ "time": 0, "x": 0, "y": 0, "curve": "stepped" },
					{ "time": 1.1666, "x": 0, "y": 0 }
				]
			},
			"GZ": {
				"rotate": [
					{ "time": 0, "angle": 0, "curve": "stepped" },
					{ "time": 1.1666, "angle": 0 }
				],
				"translate": [
					{ "time": 0, "x": 0, "y": 0, "curve": "stepped" },
					{ "time": 1.1666, "x": 0, "y": 0 }
				]
			},
			"hand_R": {
				"rotate": [
					{ "time": 0, "angle": 0 },
					{ "time": 0.1666, "angle": 25.42 },
					{ "time": 0.3333, "angle": -24.49 },
					{ "time": 0.5, "angle": 8.01 },
					{ "time": 0.6666, "angle": -16.75 },
					{ "time": 1.1666, "angle": 0 }
				],
				"translate": [
					{ "time": 0, "x": 0, "y": 0, "curve": "stepped" },
					{ "time": 1.1666, "x": 0, "y": 0 }
				]
			},
			"L2": {
				"rotate": [
					{ "time": 0, "angle": 0 },
					{ "time": 0.1333, "angle": 108.37 },
					{ "time": 0.3333, "angle": 111.51 },
					{ "time": 0.9666, "angle": 104.98 },
					{ "time": 1.1666, "angle": 0 }
				],
				"translate": [
					{ "time": 0, "x": 0, "y": 0, "curve": "stepped" },
					{ "time": 1.1666, "x": 0, "y": 0 }
				]
			},
			"hand_L": {
				"rotate": [
					{ "time": 0, "angle": 0 },
					{ "time": 0.1333, "angle": -15.96 },
					{ "time": 0.9666, "angle": -24.49 },
					{ "time": 1.1666, "angle": 0 }
				],
				"translate": [
					{ "time": 0, "x": 0, "y": 0, "curve": "stepped" },
					{ "time": 1.1666, "x": 0, "y": 0 }
				]
			},
			"Throw_Point": {
				"rotate": [
					{ "time": 0, "angle": 0, "curve": "stepped" },
					{ "time": 1.1666, "angle": 0 }
				],
				"translate": [
					{ "time": 0, "x": 0, "y": 0, "curve": "stepped" },
					{ "time": 1.1666, "x": 0, "y": 0 }
				]
			},
			"Smoke_L2": {
				"rotate": [
					{ "time": 0, "angle": 0, "curve": "stepped" },
					{ "time": 1.1666, "angle": 0 }
				],
				"translate": [
					{ "time": 0, "x": 0, "y": 0, "curve": "stepped" },
					{ "time": 1.1666, "x": 0, "y": 0 }
				]
			},
			"Smoke_L1": {
				"rotate": [
					{ "time": 0, "angle": 0, "curve": "stepped" },
					{ "time": 1.1666, "angle": 0 }
				],
				"translate": [
					{ "time": 0, "x": 0, "y": 0, "curve": "stepped" },
					{ "time": 1.1666, "x": 0, "y": 0 }
				]
			},
			"bg": {
				"rotate": [
					{ "time": 0, "angle": 0 },
					{ "time": 0.3333, "angle": -15.22 },
					{ "time": 0.6666, "angle": -11 },
					{ "time": 1.1666, "angle": 0 }
				],
				"translate": [
					{ "time": 0, "x": 0, "y": 0 },
					{ "time": 0.3333, "x": -6.26, "y": -6.06 },
					{ "time": 0.6666, "x": -3.16, "y": 6.28 },
					{ "time": 1.1666, "x": 0, "y": 0 }
				]
			},
			"XZ": {
				"rotate": [
					{ "time": 0, "angle": 0 },
					{ "time": 0.3333, "angle": -0.63 },
					{ "time": 0.6, "angle": 9.1 },
					{ "time": 0.8333, "angle": -0.86 },
					{ "time": 1.1666, "angle": 0 }
				],
				"translate": [
					{ "time": 0, "x": 0, "y": 0, "curve": "stepped" },
					{ "time": 1.1666, "x": 0, "y": 0 }
				]
			},
			"cap2": {
				"rotate": [
					{ "time": 0, "angle": 0 },
					{ "time": 0.3333, "angle": 14.74 },
					{ "time": 1.1666, "angle": 0 }
				],
				"translate": [
					{ "time": 0, "x": 0, "y": 0, "curve": "stepped" },
					{ "time": 1.1666, "x": 0, "y": 0 }
				]
			},
			"Expression": {
				"rotate": [
					{ "time": 0, "angle": 0, "curve": "stepped" },
					{ "time": 1.1666, "angle": 0 }
				],
				"translate": [
					{ "time": 0, "x": 0, "y": 0, "curve": "stepped" },
					{ "time": 1.1666, "x": 0, "y": 0 }
				]
			},
			"Dialogue": {
				"rotate": [
					{ "time": 0, "angle": 0, "curve": "stepped" },
					{ "time": 1.1666, "angle": 0 }
				],
				"translate": [
					{ "time": 0, "x": 0, "y": 0, "curve": "stepped" },
					{ "time": 1.1666, "x": 0, "y": 0 }
				]
			},
			"Attack_Point": {
				"rotate": [
					{ "time": 0, "angle": 0, "curve": "stepped" },
					{ "time": 1.1666, "angle": 0 }
				],
				"translate": [
					{ "time": 0, "x": 0, "y": 0, "curve": "stepped" },
					{ "time": 1.1666, "x": 0, "y": 0 }
				]
			},
			"Antiaircraft": {
				"rotate": [
					{ "time": 0, "angle": 0, "curve": "stepped" },
					{ "time": 1.1666, "angle": 0 }
				],
				"translate": [
					{ "time": 0, "x": 0, "y": 0, "curve": "stepped" },
					{ "time": 1.1666, "x": 0, "y": 0 }
				]
			}
		},
		"events": [
			{ "time": 0.0666, "name": "damage_point" }
		]
	},
	"normal": {
		"slots": {
			"GZ_light": {
				"attachment": [
					{ "time": 0, "name": null }
				]
			},
			"JZ_R_light": {
				"attachment": [
					{ "time": 0, "name": null }
				]
			},
			"Light_Body": {
				"attachment": [
					{ "time": 0, "name": null }
				]
			},
			"Rodney_body_normal": {
				"attachment": [
					{ "time": 0, "name": "Body_Change" }
				]
			},
			"cap2_light": {
				"attachment": [
					{ "time": 0, "name": null }
				]
			},
			"cap_light": {
				"attachment": [
					{ "time": 0, "name": null }
				]
			},
			"hand_L2_light": {
				"attachment": [
					{ "time": 0, "name": null }
				]
			},
			"head_light": {
				"attachment": [
					{ "time": 0, "name": null }
				]
			}
		},
		"bones": {
			"hand_L": {
				"rotate": [
					{ "time": 0, "angle": 0 },
					{ "time": 0.5, "angle": -14.17 },
					{ "time": 1, "angle": -12.65 },
					{ "time": 2, "angle": 0 }
				],
				"translate": [
					{ "time": 0, "x": 0, "y": 0, "curve": "stepped" },
					{ "time": 2, "x": 0, "y": 0 }
				]
			},
			"Head": {
				"rotate": [
					{ "time": 0, "angle": 0 },
					{ "time": 1, "angle": -4.44 },
					{ "time": 2, "angle": 0 }
				],
				"translate": [
					{ "time": 0, "x": 0, "y": 0, "curve": "stepped" },
					{ "time": 2, "x": 0, "y": 0 }
				]
			},
			"Throw_Point": {
				"rotate": [
					{ "time": 0, "angle": 0, "curve": "stepped" },
					{ "time": 2, "angle": 0 }
				],
				"translate": [
					{ "time": 0, "x": 0, "y": 0, "curve": "stepped" },
					{ "time": 2, "x": 0, "y": 0 }
				]
			},
			"bg": {
				"rotate": [
					{ "time": 0, "angle": 0 },
					{ "time": 1, "angle": -12.49 },
					{ "time": 2, "angle": 0 }
				],
				"translate": [
					{ "time": 0, "x": 0, "y": 0, "curve": "stepped" },
					{ "time": 2, "x": 0, "y": 0 }
				]
			},
			"Smoke_L2": {
				"rotate": [
					{ "time": 0, "angle": 0, "curve": "stepped" },
					{ "time": 2, "angle": 0 }
				],
				"translate": [
					{ "time": 0, "x": 0, "y": 0, "curve": "stepped" },
					{ "time": 2, "x": 0, "y": 0 }
				]
			},
			"Cap": {
				"rotate": [
					{ "time": 0, "angle": 0 },
					{ "time": 1, "angle": 7.02 },
					{ "time": 2, "angle": 0 }
				],
				"translate": [
					{ "time": 0, "x": 0, "y": 0 },
					{ "time": 1, "x": -2.07, "y": 4.26 },
					{ "time": 2, "x": 0, "y": 0 }
				]
			},
			"XZ": {
				"rotate": [
					{ "time": 0, "angle": 0 },
					{ "time": 0.6666, "angle": -10.06 },
					{ "time": 1.3333, "angle": 6.08 },
					{ "time": 2, "angle": 0 }
				],
				"translate": [
					{ "time": 0, "x": 0, "y": 0, "curve": "stepped" },
					{ "time": 2, "x": 0, "y": 0 }
				]
			},
			"JZ_R": {
				"rotate": [
					{ "time": 0, "angle": 0 },
					{ "time": 1, "angle": 9.49 },
					{ "time": 2, "angle": 0 }
				],
				"translate": [
					{ "time": 0, "x": 0, "y": 0, "curve": "stepped" },
					{ "time": 2, "x": 0, "y": 0 }
				]
			},
			"GZ": {
				"rotate": [
					{ "time": 0, "angle": 0 },
					{ "time": 1, "angle": 9.88 },
					{ "time": 2, "angle": 0 }
				],
				"translate": [
					{ "time": 0, "x": 0, "y": 0, "curve": "stepped" },
					{ "time": 2, "x": 0, "y": 0 }
				]
			},
			"Damage_Point": {
				"rotate": [
					{ "time": 0, "angle": 0, "curve": "stepped" },
					{ "time": 2, "angle": 0 }
				],
				"translate": [
					{ "time": 0, "x": 0, "y": 0, "curve": "stepped" },
					{ "time": 2, "x": 0, "y": 0 }
				]
			},
			"Body": {
				"rotate": [
					{ "time": 0, "angle": 0, "curve": "stepped" },
					{ "time": 2, "angle": 0 }
				],
				"translate": [
					{ "time": 0, "x": 0, "y": 0, "curve": "stepped" },
					{ "time": 2, "x": 0, "y": 0 }
				]
			},
			"Expression": {
				"rotate": [
					{ "time": 0, "angle": 0, "curve": "stepped" },
					{ "time": 2, "angle": 0 }
				],
				"translate": [
					{ "time": 0, "x": 0, "y": 0, "curve": "stepped" },
					{ "time": 2, "x": 0, "y": 0 }
				]
			},
			"cap2": {
				"rotate": [
					{ "time": 0, "angle": 0 },
					{ "time": 1, "angle": -6.95 },
					{ "time": 2, "angle": 0 }
				],
				"translate": [
					{ "time": 0, "x": 0, "y": 0, "curve": "stepped" },
					{ "time": 2, "x": 0, "y": 0 }
				]
			},
			"PF": {
				"rotate": [
					{ "time": 0, "angle": 0 },
					{ "time": 1, "angle": -9.84 },
					{ "time": 2, "angle": 0 }
				],
				"translate": [
					{ "time": 0, "x": 0, "y": 0, "curve": "stepped" },
					{ "time": 2, "x": 0, "y": 0 }
				]
			},
			"Root_All": {
				"rotate": [
					{ "time": 0, "angle": 0, "curve": "stepped" },
					{ "time": 2, "angle": 0 }
				],
				"translate": [
					{
						"time": 0,
						"x": 0,
						"y": 0,
						"curve": [ 0.255, 0.35, 0.6, 0.7 ]
					},
					{
						"time": 0.5,
						"x": 0,
						"y": -9.82,
						"curve": [ 0.3, 0.39, 0.641, 0.74 ]
					},
					{
						"time": 1,
						"x": 0,
						"y": -15.66,
						"curve": [ 0.322, 0.37, 0.652, 0.7 ]
					},
					{
						"time": 1.5,
						"x": 0,
						"y": -7.79,
						"curve": [ 0.314, 0.36, 0.644, 0.68 ]
					},
					{ "time": 2, "x": 0, "y": 0 }
				]
			},
			"L2": {
				"rotate": [
					{ "time": 0, "angle": 0 },
					{ "time": 1, "angle": 10.27 },
					{ "time": 2, "angle": 0 }
				],
				"translate": [
					{ "time": 0, "x": 0, "y": 0, "curve": "stepped" },
					{ "time": 2, "x": 0, "y": 0 }
				]
			},
			"JZ": {
				"rotate": [
					{ "time": 0, "angle": 0, "curve": "stepped" },
					{ "time": 2, "angle": 0 }
				],
				"translate": [
					{ "time": 0, "x": 0, "y": 0, "curve": "stepped" },
					{ "time": 2, "x": 0, "y": 0 }
				]
			},
			"JZ_L": {
				"rotate": [
					{ "time": 0, "angle": 0 },
					{ "time": 1, "angle": -9.31 },
					{ "time": 2, "angle": 0 }
				],
				"translate": [
					{ "time": 0, "x": 0, "y": 0 },
					{ "time": 1, "x": -12.29, "y": -5.04 },
					{ "time": 2, "x": 0, "y": 0 }
				]
			},
			"Face": {
				"rotate": [
					{ "time": 0, "angle": 0, "curve": "stepped" },
					{ "time": 2, "angle": 0 }
				],
				"translate": [
					{
						"time": 0,
						"x": 0,
						"y": 0,
						"curve": [ 0.286, 0.34, 0.623, 0.67 ]
					},
					{
						"time": 0.5,
						"x": 0.64,
						"y": 0,
						"curve": [ 0.282, 0.37, 0.624, 0.71 ]
					},
					{
						"time": 1.5,
						"x": -1.28,
						"y": 0,
						"curve": [ 0.321, 0.37, 0.656, 0.71 ]
					},
					{ "time": 2, "x": 0, "y": 0 }
				]
			},
			"Attack_Point": {
				"rotate": [
					{ "time": 0, "angle": 0, "curve": "stepped" },
					{ "time": 2, "angle": 0 }
				],
				"translate": [
					{ "time": 0, "x": 0, "y": 0, "curve": "stepped" },
					{ "time": 2, "x": 0, "y": 0 }
				]
			},
			"Dialogue": {
				"rotate": [
					{ "time": 0, "angle": 0, "curve": "stepped" },
					{ "time": 2, "angle": 0 }
				],
				"translate": [
					{ "time": 0, "x": 0, "y": 0, "curve": "stepped" },
					{ "time": 2, "x": 0, "y": 0 }
				]
			},
			"Ship_All": {
				"rotate": [
					{ "time": 0, "angle": 0, "curve": "stepped" },
					{ "time": 2, "angle": 0 }
				],
				"translate": [
					{ "time": 0, "x": 0, "y": 0, "curve": "stepped" },
					{ "time": 2, "x": 0, "y": 0 }
				]
			},
			"hand_R": {
				"rotate": [
					{ "time": 0, "angle": 0 },
					{ "time": 1, "angle": -18.65 },
					{ "time": 2, "angle": 0 }
				],
				"translate": [
					{ "time": 0, "x": 0, "y": 0, "curve": "stepped" },
					{ "time": 2, "x": 0, "y": 0 }
				]
			},
			"Antiaircraft": {
				"rotate": [
					{ "time": 0, "angle": 0, "curve": "stepped" },
					{ "time": 2, "angle": 0 }
				],
				"translate": [
					{ "time": 0, "x": 0, "y": 0, "curve": "stepped" },
					{ "time": 2, "x": 0, "y": 0 }
				]
			},
			"Smoke_L1": {
				"rotate": [
					{ "time": 0, "angle": 0, "curve": "stepped" },
					{ "time": 2, "angle": 0 }
				],
				"translate": [
					{ "time": 0, "x": 0, "y": 0, "curve": "stepped" },
					{ "time": 2, "x": 0, "y": 0 }
				]
			}
		}
	},
	"throw": {
		"slots": {
			"GZ_light": {
				"attachment": [
					{ "time": 0, "name": null }
				]
			},
			"JZ_R_light": {
				"attachment": [
					{ "time": 0, "name": null }
				]
			},
			"Light_Body": {
				"attachment": [
					{ "time": 0, "name": null }
				]
			},
			"Rodney_body_normal": {
				"attachment": [
					{ "time": 0, "name": "Body_Change" }
				]
			},
			"cap2_light": {
				"attachment": [
					{ "time": 0, "name": null }
				]
			},
			"cap_light": {
				"attachment": [
					{ "time": 0, "name": null }
				]
			},
			"hand_L2_light": {
				"attachment": [
					{ "time": 0, "name": null }
				]
			},
			"head_light": {
				"attachment": [
					{ "time": 0, "name": null }
				]
			}
		},
		"bones": {
			"Face": {
				"rotate": [
					{ "time": 0, "angle": 0, "curve": "stepped" },
					{ "time": 1.3333, "angle": 0 }
				],
				"translate": [
					{
						"time": 0,
						"x": 0,
						"y": 0,
						"curve": [ 0.286, 0.34, 0.623, 0.67 ]
					},
					{ "time": 0.3333, "x": 0, "y": -0.7 },
					{ "time": 0.5666, "x": 0, "y": 0.14 },
					{ "time": 1.3333, "x": 0, "y": 0 }
				]
			},
			"Root_All": {
				"rotate": [
					{ "time": 0, "angle": 0, "curve": "stepped" },
					{ "time": 1.3333, "angle": 0 }
				],
				"translate": [
					{
						"time": 0,
						"x": 0,
						"y": 0,
						"curve": [ 0.255, 0.35, 0.6, 0.7 ]
					},
					{ "time": 0.6333, "x": -66.66, "y": 0 },
					{ "time": 0.9666, "x": -10.42, "y": -12.42 },
					{ "time": 1.3333, "x": 0, "y": 0 }
				]
			},
			"Body": {
				"rotate": [
					{
						"time": 0,
						"angle": 0,
						"curve": [ 0.219, 0.41, 0.591, 0.77 ]
					},
					{
						"time": 0.6333,
						"angle": -3.17,
						"curve": [ 0.32, 0.36, 0.653, 0.69 ]
					},
					{
						"time": 0.7333,
						"angle": 0.61,
						"curve": [ 0.319, 0.37, 0.652, 0.7 ]
					},
					{
						"time": 0.9666,
						"angle": -1.72,
						"curve": [ 0.32, 0.38, 0.654, 0.71 ]
					},
					{ "time": 1.3333, "angle": 0 }
				],
				"translate": [
					{
						"time": 0,
						"x": 0,
						"y": 0,
						"curve": [ 0.219, 0.41, 0.591, 0.77 ]
					},
					{
						"time": 0.3333,
						"x": -15.86,
						"y": 0,
						"curve": [ 0.193, 0.39, 0.58, 0.9 ]
					},
					{
						"time": 0.5666,
						"x": -19.36,
						"y": 0,
						"curve": [ 0.142, 0.42, 0.647, 0.94 ]
					},
					{ "time": 0.6333, "x": 92.18, "y": -6.3 },
					{ "time": 0.7333, "x": 111.33, "y": 0 },
					{ "time": 1.3333, "x": 0, "y": 0 }
				]
			},
			"Ship_All": {
				"rotate": [
					{ "time": 0, "angle": 0, "curve": "stepped" },
					{ "time": 1.3333, "angle": 0 }
				],
				"translate": [
					{ "time": 0, "x": 0, "y": 0, "curve": "stepped" },
					{ "time": 1.3333, "x": 0, "y": 0 }
				]
			},
			"Throw_Point": {
				"rotate": [
					{ "time": 0, "angle": 0, "curve": "stepped" },
					{ "time": 0.6333, "angle": 0, "curve": "stepped" },
					{ "time": 1.3333, "angle": 0 }
				],
				"translate": [
					{ "time": 0, "x": 0, "y": 0, "curve": "stepped" },
					{ "time": 0.6333, "x": 0, "y": 0, "curve": "stepped" },
					{ "time": 1.3333, "x": 0, "y": 0 }
				]
			},
			"Head": {
				"rotate": [
					{ "time": 0, "angle": 0 },
					{ "time": 0.1666, "angle": 6.86 },
					{ "time": 0.6666, "angle": -6.51 },
					{ "time": 1.3333, "angle": 0 }
				],
				"translate": [
					{ "time": 0, "x": 0, "y": 0, "curve": "stepped" },
					{ "time": 1.3333, "x": 0, "y": 0 }
				]
			},
			"Cap": {
				"rotate": [
					{ "time": 0, "angle": 0 },
					{ "time": 0.3333, "angle": 10.44 },
					{ "time": 0.8333, "angle": 3.92 },
					{ "time": 1.3333, "angle": 0 }
				],
				"translate": [
					{ "time": 0, "x": 0, "y": 0 },
					{ "time": 0.3333, "x": -1.34, "y": 4.55 },
					{ "time": 0.8333, "x": -3.05, "y": 2.33 },
					{ "time": 1.3333, "x": 0, "y": 0 }
				]
			},
			"JZ_R": {
				"rotate": [
					{ "time": 0, "angle": 0 },
					{ "time": 0.5, "angle": -10.74 },
					{ "time": 0.8333, "angle": 0.42 },
					{ "time": 1, "angle": -3.22 },
					{ "time": 1.3333, "angle": 0 }
				],
				"translate": [
					{ "time": 0, "x": 0, "y": 0, "curve": "stepped" },
					{ "time": 1.3333, "x": 0, "y": 0 }
				]
			},
			"PF": {
				"rotate": [
					{ "time": 0, "angle": 0 },
					{ "time": 0.5, "angle": -10.81 },
					{ "time": 0.8333, "angle": 4.52 },
					{ "time": 1, "angle": -2.11 },
					{ "time": 1.3333, "angle": 0 }
				],
				"translate": [
					{ "time": 0, "x": 0, "y": 0, "curve": "stepped" },
					{ "time": 1.3333, "x": 0, "y": 0 }
				]
			},
			"JZ": {
				"rotate": [
					{ "time": 0, "angle": 0 },
					{ "time": 0.5, "angle": 354.91 },
					{ "time": 0.8333, "angle": 6.12 },
					{ "time": 1.3333, "angle": 0 }
				],
				"translate": [
					{ "time": 0, "x": 0, "y": 0, "curve": "stepped" },
					{ "time": 1.3333, "x": 0, "y": 0 }
				]
			},
			"JZ_L": {
				"rotate": [
					{ "time": 0, "angle": 0 },
					{ "time": 0.3333, "angle": -4.47 },
					{ "time": 0.5, "angle": -8.68 },
					{ "time": 1.3333, "angle": 0 }
				],
				"translate": [
					{ "time": 0, "x": 0, "y": 0 },
					{ "time": 0.3333, "x": -9.42, "y": -2.5 },
					{ "time": 0.5, "x": -8.36, "y": 2.9 },
					{ "time": 0.6666, "x": -6.68, "y": 1.45 },
					{ "time": 1.3333, "x": 0, "y": 0 }
				]
			},
			"GZ": {
				"rotate": [
					{ "time": 0, "angle": 0 },
					{ "time": 0.1666, "angle": 130.67, "curve": "stepped" },
					{ "time": 0.6666, "angle": 130.67 },
					{ "time": 0.7333, "angle": 143.04 },
					{ "time": 0.8333, "angle": 124.9 },
					{ "time": 0.9333, "angle": 170.85 },
					{ "time": 1.0333, "angle": 238.76 },
					{ "time": 1.1333, "angle": 16.67 },
					{ "time": 1.3333, "angle": 0 }
				],
				"translate": [
					{ "time": 0, "x": 0, "y": 0 },
					{ "time": 0.1666, "x": -4.5, "y": -4.21, "curve": "stepped" },
					{ "time": 0.6666, "x": -4.5, "y": -4.21 },
					{ "time": 0.7333, "x": -20.53, "y": -13.41 },
					{ "time": 0.8333, "x": -17.81, "y": -31.43 },
					{ "time": 0.9333, "x": 18.02, "y": -36.28 },
					{ "time": 1.0333, "x": 56.72, "y": -31.58 },
					{ "time": 1.1333, "x": 15.48, "y": 24.69 },
					{ "time": 1.3333, "x": 0, "y": 0 }
				]
			},
			"hand_R": {
				"rotate": [
					{ "time": 0, "angle": 0 },
					{ "time": 0.1666, "angle": -40.61 },
					{ "time": 0.3333, "angle": 2.68 },
					{ "time": 0.6666, "angle": -74.67 },
					{ "time": 0.8333, "angle": -1.85 },
					{ "time": 1.3333, "angle": 0 }
				],
				"translate": [
					{ "time": 0, "x": 0, "y": 0 },
					{ "time": 0.6666, "x": 4.35, "y": 0.13 },
					{ "time": 1.3333, "x": 0, "y": 0 }
				]
			},
			"L2": {
				"rotate": [
					{ "time": 0, "angle": 0, "curve": "stepped" },
					{ "time": 1.3333, "angle": 0 }
				],
				"translate": [
					{ "time": 0, "x": 0, "y": 0, "curve": "stepped" },
					{ "time": 1.3333, "x": 0, "y": 0 }
				]
			},
			"hand_L": {
				"rotate": [
					{ "time": 0, "angle": 0 },
					{ "time": 0.3333, "angle": -33.07 },
					{ "time": 0.6666, "angle": -0.12 },
					{ "time": 1.3333, "angle": 0 }
				],
				"translate": [
					{ "time": 0, "x": 0, "y": 0, "curve": "stepped" },
					{ "time": 1.3333, "x": 0, "y": 0 }
				]
			},
			"Smoke_L2": {
				"rotate": [
					{ "time": 0, "angle": 0, "curve": "stepped" },
					{ "time": 1.3333, "angle": 0 }
				],
				"translate": [
					{ "time": 0, "x": 0, "y": 0, "curve": "stepped" },
					{ "time": 1.3333, "x": 0, "y": 0 }
				]
			},
			"Smoke_L1": {
				"rotate": [
					{ "time": 0, "angle": 0, "curve": "stepped" },
					{ "time": 1.3333, "angle": 0 }
				],
				"translate": [
					{ "time": 0, "x": 0, "y": 0, "curve": "stepped" },
					{ "time": 1.3333, "x": 0, "y": 0 }
				]
			},
			"bg": {
				"rotate": [
					{ "time": 0, "angle": 0 },
					{ "time": 0.3333, "angle": -14.43 },
					{ "time": 0.8333, "angle": -27.36 },
					{ "time": 1.3333, "angle": 0 }
				],
				"translate": [
					{ "time": 0, "x": 0, "y": 0 },
					{ "time": 0.8333, "x": -2.73, "y": 18 },
					{ "time": 1.3333, "x": 0, "y": 0 }
				]
			},
			"XZ": {
				"rotate": [
					{ "time": 0, "angle": 0 },
					{ "time": 0.3333, "angle": -17.54 },
					{ "time": 0.8333, "angle": 12.79 },
					{ "time": 1.3333, "angle": 0 }
				],
				"translate": [
					{ "time": 0, "x": 0, "y": 0, "curve": "stepped" },
					{ "time": 1.3333, "x": 0, "y": 0 }
				]
			},
			"cap2": {
				"rotate": [
					{ "time": 0, "angle": 0 },
					{ "time": 0.5, "angle": -12.03 },
					{ "time": 1, "angle": 6.18 },
					{ "time": 1.3333, "angle": 0 }
				],
				"translate": [
					{ "time": 0, "x": 0, "y": 0, "curve": "stepped" },
					{ "time": 1.3333, "x": 0, "y": 0 }
				]
			},
			"Expression": {
				"rotate": [
					{ "time": 0, "angle": 0, "curve": "stepped" },
					{ "time": 1.3333, "angle": 0 }
				],
				"translate": [
					{ "time": 0, "x": 0, "y": 0, "curve": "stepped" },
					{ "time": 1.3333, "x": 0, "y": 0 }
				]
			},
			"Dialogue": {
				"rotate": [
					{ "time": 0, "angle": 0, "curve": "stepped" },
					{ "time": 1.3333, "angle": 0 }
				],
				"translate": [
					{ "time": 0, "x": 0, "y": 0, "curve": "stepped" },
					{ "time": 1.3333, "x": 0, "y": 0 }
				]
			},
			"Damage_Point": {
				"rotate": [
					{ "time": 0, "angle": 0, "curve": "stepped" },
					{ "time": 1.3333, "angle": 0 }
				],
				"translate": [
					{ "time": 0, "x": 0, "y": 0, "curve": "stepped" },
					{ "time": 1.3333, "x": 0, "y": 0 }
				]
			},
			"Attack_Point": {
				"rotate": [
					{ "time": 0, "angle": 0, "curve": "stepped" },
					{ "time": 1.3333, "angle": 0 }
				],
				"translate": [
					{ "time": 0, "x": 0, "y": 0, "curve": "stepped" },
					{ "time": 1.3333, "x": 0, "y": 0 }
				]
			},
			"Antiaircraft": {
				"rotate": [
					{ "time": 0, "angle": 0, "curve": "stepped" },
					{ "time": 1.3333, "angle": 0 }
				],
				"translate": [
					{ "time": 0, "x": 0, "y": 0, "curve": "stepped" },
					{ "time": 1.3333, "x": 0, "y": 0 }
				]
			},
			"SZ": {
				"rotate": [
					{ "time": 0, "angle": 0 },
					{ "time": 0.5, "angle": 14.78 },
					{ "time": 1.3333, "angle": 0 }
				],
				"translate": [
					{ "time": 0, "x": 0, "y": 0 },
					{ "time": 0.5, "x": -4.47, "y": -3.22 },
					{ "time": 1.3333, "x": 0, "y": 0 }
				]
			}
		},
		"events": [
			{ "time": 0.6333, "name": "throw_point" }
		]
	},
	"wreck": {
		"slots": {
			"GZ_light": {
				"attachment": [
					{ "time": 0, "name": null }
				]
			},
			"JZ_R_light": {
				"attachment": [
					{ "time": 0, "name": null }
				]
			},
			"Light_Body": {
				"attachment": [
					{ "time": 0, "name": null }
				]
			},
			"Rodney_body_normal": {
				"attachment": [
					{ "time": 0, "name": "Body_Change" }
				]
			},
			"Rodney_eyes_normal": {
				"attachment": [
					{ "time": 0, "name": "Rodney_eyes_damage" }
				]
			},
			"cap2_light": {
				"attachment": [
					{ "time": 0, "name": null }
				]
			},
			"cap_light": {
				"attachment": [
					{ "time": 0, "name": null }
				]
			},
			"hand_L2_light": {
				"attachment": [
					{ "time": 0, "name": null }
				]
			},
			"head_light": {
				"attachment": [
					{ "time": 0, "name": null }
				]
			}
		},
		"bones": {
			"hand_L": {
				"rotate": [
					{ "time": 0, "angle": 0 },
					{ "time": 0.5, "angle": -14.17 },
					{ "time": 1, "angle": -12.65 },
					{ "time": 2, "angle": 0 }
				],
				"translate": [
					{ "time": 0, "x": 0, "y": 0, "curve": "stepped" },
					{ "time": 2, "x": 0, "y": 0 }
				]
			},
			"Throw_Point": {
				"rotate": [
					{ "time": 0, "angle": 0, "curve": "stepped" },
					{ "time": 2, "angle": 0 }
				],
				"translate": [
					{ "time": 0, "x": 0, "y": 0, "curve": "stepped" },
					{ "time": 2, "x": 0, "y": 0 }
				]
			},
			"PF": {
				"rotate": [
					{ "time": 0, "angle": 0 },
					{ "time": 1, "angle": -9.84 },
					{ "time": 2, "angle": 0 }
				],
				"translate": [
					{ "time": 0, "x": 0, "y": 0, "curve": "stepped" },
					{ "time": 2, "x": 0, "y": 0 }
				]
			},
			"GZ": {
				"rotate": [
					{ "time": 0, "angle": 0 },
					{ "time": 1, "angle": 9.88 },
					{ "time": 2, "angle": 0 }
				],
				"translate": [
					{ "time": 0, "x": 0, "y": 0, "curve": "stepped" },
					{ "time": 2, "x": 0, "y": 0 }
				]
			},
			"Head": {
				"rotate": [
					{ "time": 0, "angle": 0 },
					{ "time": 1, "angle": -4.44 },
					{ "time": 2, "angle": 0 }
				],
				"translate": [
					{ "time": 0, "x": 0, "y": 0, "curve": "stepped" },
					{ "time": 2, "x": 0, "y": 0 }
				]
			},
			"bg": {
				"rotate": [
					{ "time": 0, "angle": 0 },
					{ "time": 1, "angle": -12.49 },
					{ "time": 2, "angle": 0 }
				],
				"translate": [
					{ "time": 0, "x": 0, "y": 0, "curve": "stepped" },
					{ "time": 2, "x": 0, "y": 0 }
				]
			},
			"Root_All": {
				"rotate": [
					{ "time": 0, "angle": 0, "curve": "stepped" },
					{ "time": 2, "angle": 0 }
				],
				"translate": [
					{
						"time": 0,
						"x": 0,
						"y": 0,
						"curve": [ 0.255, 0.35, 0.6, 0.7 ]
					},
					{
						"time": 0.5,
						"x": 0,
						"y": -9.82,
						"curve": [ 0.3, 0.39, 0.641, 0.74 ]
					},
					{
						"time": 1,
						"x": 0,
						"y": -15.66,
						"curve": [ 0.322, 0.37, 0.652, 0.7 ]
					},
					{
						"time": 1.5,
						"x": 0,
						"y": -7.79,
						"curve": [ 0.314, 0.36, 0.644, 0.68 ]
					},
					{ "time": 2, "x": 0, "y": 0 }
				]
			},
			"Expression": {
				"rotate": [
					{ "time": 0, "angle": 0, "curve": "stepped" },
					{ "time": 2, "angle": 0 }
				],
				"translate": [
					{ "time": 0, "x": 0, "y": 0, "curve": "stepped" },
					{ "time": 2, "x": 0, "y": 0 }
				]
			},
			"XZ": {
				"rotate": [
					{ "time": 0, "angle": 0 },
					{ "time": 0.6666, "angle": -10.06 },
					{ "time": 1.3333, "angle": 6.08 },
					{ "time": 2, "angle": 0 }
				],
				"translate": [
					{ "time": 0, "x": 0, "y": 0, "curve": "stepped" },
					{ "time": 2, "x": 0, "y": 0 }
				]
			},
			"hand_R": {
				"rotate": [
					{ "time": 0, "angle": 0 },
					{ "time": 1, "angle": -18.65 },
					{ "time": 2, "angle": 0 }
				],
				"translate": [
					{ "time": 0, "x": 0, "y": 0, "curve": "stepped" },
					{ "time": 2, "x": 0, "y": 0 }
				]
			},
			"Body": {
				"rotate": [
					{ "time": 0, "angle": 0, "curve": "stepped" },
					{ "time": 2, "angle": 0 }
				],
				"translate": [
					{ "time": 0, "x": 0, "y": 0, "curve": "stepped" },
					{ "time": 2, "x": 0, "y": 0 }
				]
			},
			"L2": {
				"rotate": [
					{ "time": 0, "angle": 0 },
					{ "time": 1, "angle": 10.27 },
					{ "time": 2, "angle": 0 }
				],
				"translate": [
					{ "time": 0, "x": 0, "y": 0, "curve": "stepped" },
					{ "time": 2, "x": 0, "y": 0 }
				]
			},
			"cap2": {
				"rotate": [
					{ "time": 0, "angle": 0 },
					{ "time": 1, "angle": -6.95 },
					{ "time": 2, "angle": 0 }
				],
				"translate": [
					{ "time": 0, "x": 0, "y": 0, "curve": "stepped" },
					{ "time": 2, "x": 0, "y": 0 }
				]
			},
			"Dialogue": {
				"rotate": [
					{ "time": 0, "angle": 0, "curve": "stepped" },
					{ "time": 2, "angle": 0 }
				],
				"translate": [
					{ "time": 0, "x": 0, "y": 0, "curve": "stepped" },
					{ "time": 2, "x": 0, "y": 0 }
				]
			},
			"Antiaircraft": {
				"rotate": [
					{ "time": 0, "angle": 0, "curve": "stepped" },
					{ "time": 2, "angle": 0 }
				],
				"translate": [
					{ "time": 0, "x": 0, "y": 0, "curve": "stepped" },
					{ "time": 2, "x": 0, "y": 0 }
				]
			},
			"Smoke_L1": {
				"rotate": [
					{ "time": 0, "angle": 0, "curve": "stepped" },
					{ "time": 2, "angle": 0 }
				],
				"translate": [
					{ "time": 0, "x": 0, "y": 0, "curve": "stepped" },
					{ "time": 2, "x": 0, "y": 0 }
				]
			},
			"Attack_Point": {
				"rotate": [
					{ "time": 0, "angle": 0, "curve": "stepped" },
					{ "time": 2, "angle": 0 }
				],
				"translate": [
					{ "time": 0, "x": 0, "y": 0, "curve": "stepped" },
					{ "time": 2, "x": 0, "y": 0 }
				]
			},
			"Cap": {
				"rotate": [
					{ "time": 0, "angle": 0 },
					{ "time": 1, "angle": 7.02 },
					{ "time": 2, "angle": 0 }
				],
				"translate": [
					{ "time": 0, "x": 0, "y": 0 },
					{ "time": 1, "x": -2.07, "y": 4.26 },
					{ "time": 2, "x": 0, "y": 0 }
				]
			},
			"Damage_Point": {
				"rotate": [
					{ "time": 0, "angle": 0, "curve": "stepped" },
					{ "time": 2, "angle": 0 }
				],
				"translate": [
					{ "time": 0, "x": 0, "y": 0, "curve": "stepped" },
					{ "time": 2, "x": 0, "y": 0 }
				]
			},
			"JZ_L": {
				"rotate": [
					{ "time": 0, "angle": 0 },
					{ "time": 1, "angle": -9.31 },
					{ "time": 2, "angle": 0 }
				],
				"translate": [
					{ "time": 0, "x": 0, "y": 0 },
					{ "time": 1, "x": -12.29, "y": -5.04 },
					{ "time": 2, "x": 0, "y": 0 }
				]
			},
			"JZ": {
				"rotate": [
					{ "time": 0, "angle": 0, "curve": "stepped" },
					{ "time": 2, "angle": 0 }
				],
				"translate": [
					{ "time": 0, "x": 0, "y": 0, "curve": "stepped" },
					{ "time": 2, "x": 0, "y": 0 }
				]
			},
			"JZ_R": {
				"rotate": [
					{ "time": 0, "angle": 0 },
					{ "time": 1, "angle": 9.49 },
					{ "time": 2, "angle": 0 }
				],
				"translate": [
					{ "time": 0, "x": 0, "y": 0, "curve": "stepped" },
					{ "time": 2, "x": 0, "y": 0 }
				]
			},
			"Ship_All": {
				"rotate": [
					{ "time": 0, "angle": 0, "curve": "stepped" },
					{ "time": 2, "angle": 0 }
				],
				"translate": [
					{ "time": 0, "x": 0, "y": 0, "curve": "stepped" },
					{ "time": 2, "x": 0, "y": 0 }
				]
			},
			"Smoke_L2": {
				"rotate": [
					{ "time": 0, "angle": 0, "curve": "stepped" },
					{ "time": 2, "angle": 0 }
				],
				"translate": [
					{ "time": 0, "x": 0, "y": 0, "curve": "stepped" },
					{ "time": 2, "x": 0, "y": 0 }
				]
			},
			"Face": {
				"rotate": [
					{ "time": 0, "angle": 0, "curve": "stepped" },
					{ "time": 2, "angle": 0 }
				],
				"translate": [
					{
						"time": 0,
						"x": 0,
						"y": 0,
						"curve": [ 0.286, 0.34, 0.623, 0.67 ]
					},
					{
						"time": 0.5,
						"x": 0.64,
						"y": 0,
						"curve": [ 0.282, 0.37, 0.624, 0.71 ]
					},
					{
						"time": 1.5,
						"x": -1.28,
						"y": 0,
						"curve": [ 0.321, 0.37, 0.656, 0.71 ]
					},
					{ "time": 2, "x": 0, "y": 0 }
				]
			}
		}
	}
}
}