{
"skeleton": { "hash": "iSwS+nPiRDkl/ccEodl4N1feGAo", "spine": "3.2.01", "width": 5507.06, "height": 230, "images": "" },
"bones": [
	{ "name": "BG_picture" },
	{ "name": "Sky", "parent": "BG_picture" },
	{ "name": "Cloud_Other_picture", "parent": "Sky", "y": -50.58 },
	{ "name": "Item_1", "parent": "BG_picture", "x": -315.6, "y": -125.5 },
	{ "name": "Picture_2", "parent": "Sky" },
	{ "name": "Sky_picture", "parent": "Sky" }
],
"slots": [
	{ "name": "Sky", "bone": "Sky_picture", "attachment": "Sky" },
	{ "name": "Mountain", "bone": "Picture_2", "attachment": "Mountain" },
	{ "name": "Item_00", "bone": "Item_1", "attachment": "Item_00" },
	{ "name": "Cloud_U", "bone": "Cloud_Other_picture", "color": "132240c7", "attachment": "Cloud_Day_U" },
	{ "name": "Cloud_U2", "bone": "Cloud_Other_picture", "color": "132240c7", "attachment": "Cloud_Day_U" }
],
"skins": {
	"default": {
		"Cloud_U": {
			"Cloud_Day_U": { "x": -3720.06, "y": -48, "scaleX": 5, "scaleY": 5, "width": 470, "height": 46 }
		},
		"Cloud_U2": {
			"Cloud_Day_U": { "x": -1178, "y": -48, "scaleX": 5, "scaleY": 5, "width": 470, "height": 46 }
		},
		"Item_00": {
			"Item_00": { "width": 33, "height": 38 }
		},
		"Mountain": {
			"Mountain": { "y": -83.5, "scaleX": 2, "scaleY": 2, "width": 612, "height": 84 }
		},
		"Sky": {
			"Sky": { "y": -83.5, "scaleX": 2, "scaleY": 2, "width": 612, "height": 84 }
		}
	}
},
"events": {
	"loop": {}
},
"animations": {
	"BG_Mediterranean_rain_day": {
		"bones": {
			"Cloud_Other_picture": {
				"translate": [
					{ "time": 0, "x": 629.17, "y": 2.87 },
					{ "time": 62, "x": 3171.04, "y": 2.87 }
				]
			},
			"Item_1": {
				"translate": [
					{ "time": 0, "x": 0, "y": 0 },
					{ "time": 0.8333, "x": 0, "y": -5.8 },
					{ "time": 1.8333, "x": 0, "y": 0 },
					{ "time": 2.6666, "x": 0, "y": -5.8 },
					{ "time": 3.6666, "x": 0, "y": 0 },
					{ "time": 4.5, "x": 0, "y": -5.8 },
					{ "time": 5.5, "x": 0, "y": 0 },
					{ "time": 6.3333, "x": 0, "y": -5.8 },
					{ "time": 7.3333, "x": 0, "y": 0 },
					{ "time": 8.1666, "x": 0, "y": -5.8 },
					{ "time": 9.1666, "x": 0, "y": 0 },
					{ "time": 10, "x": 0, "y": -5.8 },
					{ "time": 11, "x": 0, "y": 0 },
					{ "time": 11.8333, "x": 0, "y": -5.8 },
					{ "time": 12.8333, "x": 0, "y": 0 },
					{ "time": 13.6666, "x": 0, "y": -5.8 },
					{ "time": 14.6666, "x": 0, "y": 0 },
					{ "time": 15.5, "x": 0, "y": -5.8 },
					{ "time": 16.5, "x": 0, "y": 0 },
					{ "time": 17.3333, "x": 0, "y": -5.8 },
					{ "time": 18.3333, "x": 0, "y": 0 },
					{ "time": 19.1666, "x": 0, "y": -5.8 },
					{ "time": 20.1666, "x": 0, "y": 0 },
					{ "time": 21, "x": 0, "y": -5.8 },
					{ "time": 22, "x": 0, "y": 0 },
					{ "time": 22.8333, "x": 0, "y": -5.8 },
					{ "time": 23.8333, "x": 0, "y": 0 },
					{ "time": 24.6666, "x": 0, "y": -5.8 },
					{ "time": 25.6666, "x": 0, "y": 0 },
					{ "time": 26.5, "x": 0, "y": -5.8 },
					{ "time": 27.5, "x": 0, "y": 0 },
					{ "time": 28.3333, "x": 0, "y": -5.8 },
					{ "time": 29.3333, "x": 0, "y": 0 },
					{ "time": 30.1666, "x": 0, "y": -5.8 },
					{ "time": 31.1666, "x": 0, "y": 0 },
					{ "time": 32, "x": 0, "y": -5.8 },
					{ "time": 33, "x": 0, "y": 0 },
					{ "time": 33.8333, "x": 0, "y": -5.8 },
					{ "time": 34.8333, "x": 0, "y": 0 },
					{ "time": 35.6666, "x": 0, "y": -5.8 },
					{ "time": 36.6666, "x": 0, "y": 0 },
					{ "time": 37.5, "x": 0, "y": -5.8 },
					{ "time": 38.5, "x": 0, "y": 0 },
					{ "time": 39.3333, "x": 0, "y": -5.8 },
					{ "time": 40.3333, "x": 0, "y": 0 },
					{ "time": 41.1666, "x": 0, "y": -5.8 },
					{ "time": 42.1666, "x": 0, "y": 0 },
					{ "time": 43, "x": 0, "y": -5.8 },
					{ "time": 44, "x": 0, "y": 0 },
					{ "time": 44.8333, "x": 0, "y": -5.8 },
					{ "time": 45.8333, "x": 0, "y": 0 },
					{ "time": 46.6666, "x": 0, "y": -5.8 },
					{ "time": 47.6666, "x": 0, "y": 0 },
					{ "time": 48.5, "x": 0, "y": -5.8 },
					{ "time": 49.5, "x": 0, "y": 0 },
					{ "time": 50.3333, "x": 0, "y": -5.8 },
					{ "time": 51.3333, "x": 0, "y": 0 },
					{ "time": 52.1666, "x": 0, "y": -5.8 },
					{ "time": 53.1666, "x": 0, "y": 0 },
					{ "time": 54, "x": 0, "y": -5.8 },
					{ "time": 55, "x": 0, "y": 0 },
					{ "time": 55.8333, "x": 0, "y": -5.8 },
					{ "time": 56.8333, "x": 0, "y": 0 },
					{ "time": 57.6666, "x": 0, "y": -5.8 },
					{ "time": 58.6666, "x": 0, "y": 0 },
					{ "time": 59.5, "x": 0, "y": -5.8 },
					{ "time": 60.5, "x": 0, "y": 0 },
					{ "time": 61.1666, "x": 0, "y": -5.8 },
					{ "time": 62, "x": 0, "y": 0 }
				]
			}
		},
		"events": [
			{ "time": 62, "name": "loop" }
		]
	}
}
}