{
"skeleton": { "hash": "+2aPNHZRwPNBGTBZZYRq9Gno2AM", "spine": "3.2.01", "width": 600.3, "height": 1045.79, "images": "" },
"bones": [
	{ "name": "root" },
	{ "name": "bone", "parent": "root" },
	{ "name": "bone2", "parent": "bone" },
	{ "name": "TS", "parent": "bone2", "x": 23.26, "y": 107.4 },
	{ "name": "1", "parent": "TS", "y": -65.19 },
	{ "name": "H1", "parent": "1", "x": -80.15, "y": 655.97 },
	{ "name": "H2", "parent": "1", "x": 24.7, "y": 511.89 },
	{ "name": "H3", "parent": "1", "x": -91.63, "y": 495.52 },
	{ "name": "PZ", "parent": "TS", "x": -25.06, "y": -82.33 },
	{ "name": "T1", "parent": "1", "x": -19.55, "y": 455.84 },
	{ "name": "T2", "parent": "TS", "x": -21.47, "y": -76.96 },
	{ "name": "TDH1", "parent": "1", "x": 32.73, "y": 715.47 },
	{ "name": "TDQ", "parent": "1", "x": -180.96, "y": 540.6 },
	{ "name": "shadow", "parent": "TS" }
],
"slots": [
	{ "name": "PZ", "bone": "PZ", "attachment": "PZ" },
	{ "name": "shadow2", "bone": "shadow", "attachment": "shadow3" },
	{ "name": "T2", "bone": "T2", "attachment": "T2" },
	{ "name": "H1", "bone": "H1", "attachment": "H1" },
	{ "name": "T1", "bone": "T1", "attachment": "T1" },
	{ "name": "H2", "bone": "H2", "attachment": "H2" },
	{ "name": "TDH1", "bone": "TDH1", "attachment": "TDH1" },
	{ "name": "H3", "bone": "H3", "attachment": "H3" },
	{ "name": "TDQ", "bone": "TDQ", "attachment": "TDQ" }
],
"skins": {
	"default": {
		"H1": {
			"H1": { "x": 71.55, "y": -106.82, "width": 600, "height": 600 }
		},
		"H2": {
			"H2": { "x": -33.31, "y": 37.25, "width": 600, "height": 600 }
		},
		"H3": {
			"H3": { "x": 83.03, "y": 53.61, "width": 600, "height": 600 }
		},
		"PZ": {
			"PZ": { "x": 16.63, "y": 133.62, "width": 600, "height": 600 }
		},
		"T1": {
			"T1": { "x": 10.95, "y": 98.28, "width": 600, "height": 600 }
		},
		"T2": {
			"T2": { "x": 12.87, "y": 124.28, "width": 600, "height": 600 },
			"T3": { "x": 12.87, "y": 124.28, "width": 600, "height": 600 },
			"T4": { "x": 12.87, "y": 124.28, "width": 600, "height": 600 }
		},
		"TDH1": {
			"TDH1": { "x": -41.33, "y": -166.33, "width": 600, "height": 600 }
		},
		"TDQ": {
			"TDQ": { "x": 172.35, "y": 8.54, "width": 600, "height": 600 }
		},
		"shadow2": {
			"shadow3": { "x": -8.29, "y": 43.13, "width": 600, "height": 600 },
			"shadow4": { "x": -8.29, "y": 43.13, "width": 600, "height": 600 }
		}
	}
},
"animations": {
	"eat": {
		"slots": {
			"H1": {
				"color": [
					{ "time": 0, "color": "ffffff00" }
				]
			},
			"H2": {
				"color": [
					{ "time": 0, "color": "ffffff00" }
				]
			},
			"H3": {
				"color": [
					{ "time": 0, "color": "ffffff00" }
				]
			},
			"T1": {
				"color": [
					{ "time": 0, "color": "ffffff00" }
				]
			},
			"T2": {
				"color": [
					{ "time": 0.1666, "color": "ffffffff" },
					{ "time": 0.5, "color": "ffffffa4" },
					{ "time": 0.8333, "color": "ffffffe4" },
					{ "time": 1.1666, "color": "ffffffb1", "curve": "stepped" },
					{ "time": 1.5, "color": "ffffffb1" },
					{ "time": 1.8333, "color": "ffffffff" },
					{ "time": 2.1666, "color": "ffffffbf" },
					{ "time": 2.5, "color": "fffffff7" },
					{ "time": 2.8333, "color": "ffffffa5" },
					{ "time": 3.1666, "color": "ffffffd0" },
					{ "time": 3.5, "color": "ffffffee" },
					{ "time": 3.8333, "color": "ffffffc2" },
					{ "time": 4, "color": "ffffff00" }
				],
				"attachment": [
					{ "time": 0, "name": "T2" },
					{ "time": 1.5, "name": "T3" },
					{ "time": 2.8333, "name": "T4" }
				]
			},
			"TDH1": {
				"color": [
					{ "time": 0, "color": "ffffff00" }
				]
			},
			"TDQ": {
				"color": [
					{ "time": 0, "color": "ffffff00" }
				]
			},
			"shadow2": {
				"color": [
					{ "time": 0, "color": "ffffffff" },
					{ "time": 0.3333, "color": "ffffffb5" },
					{ "time": 0.8333, "color": "ffffffff" },
					{ "time": 1.5, "color": "ffffffcb" },
					{ "time": 4, "color": "ffffff12" }
				],
				"attachment": [
					{ "time": 1.5, "name": "shadow3" },
					{ "time": 2.8333, "name": "shadow4" },
					{ "time": 4, "name": null }
				]
			}
		},
		"bones": {
			"PZ": {
				"rotate": [
					{ "time": 0, "angle": 0 }
				],
				"translate": [
					{ "time": 0, "x": 0, "y": 0 }
				],
				"scale": [
					{ "time": 0, "x": 1, "y": 1 }
				]
			},
			"TS": {
				"rotate": [
					{ "time": 0, "angle": 0, "curve": "stepped" },
					{ "time": 3.6666, "angle": 0 }
				],
				"translate": [
					{ "time": 0, "x": 0, "y": 0 }
				],
				"scale": [
					{ "time": 0, "x": 1, "y": 1 }
				]
			},
			"T2": {
				"scale": [
					{ "time": 0, "x": 1, "y": 1 },
					{ "time": 1.4333, "x": 0.959, "y": 0.959 },
					{ "time": 1.5, "x": 1, "y": 1 },
					{ "time": 2.7666, "x": 0.959, "y": 0.959 },
					{ "time": 2.8333, "x": 1, "y": 1 },
					{ "time": 3, "x": 1.04, "y": 1.04 },
					{ "time": 3.1666, "x": 1, "y": 1 }
				]
			}
		}
	},
	"normal": {
		"slots": {
			"H1": {
				"color": [
					{ "time": 0, "color": "ffffff00" }
				]
			},
			"H2": {
				"color": [
					{ "time": 0, "color": "ffffff00" }
				]
			},
			"H3": {
				"color": [
					{ "time": 0, "color": "ffffff00" }
				]
			},
			"T1": {
				"color": [
					{ "time": 0, "color": "ffffff00" }
				]
			},
			"TDH1": {
				"color": [
					{ "time": 0, "color": "ffffff00" }
				]
			},
			"TDQ": {
				"color": [
					{ "time": 0, "color": "ffffff00" }
				]
			}
		},
		"bones": {
			"PZ": {
				"rotate": [
					{ "time": 0, "angle": 0, "curve": "stepped" },
					{ "time": 1, "angle": 0 }
				],
				"translate": [
					{ "time": 0, "x": 0, "y": 0, "curve": "stepped" },
					{ "time": 1, "x": 0, "y": 0 }
				],
				"scale": [
					{ "time": 0, "x": 1, "y": 1, "curve": "stepped" },
					{ "time": 1, "x": 1, "y": 1 }
				]
			},
			"TS": {
				"rotate": [
					{ "time": 0, "angle": 0, "curve": "stepped" },
					{ "time": 2, "angle": 0 }
				],
				"translate": [
					{ "time": 0, "x": 0, "y": 0, "curve": "stepped" },
					{ "time": 2, "x": 0, "y": 0 }
				],
				"scale": [
					{ "time": 0, "x": 1, "y": 1 },
					{ "time": 1, "x": 0.99, "y": 0.99 },
					{ "time": 2, "x": 1, "y": 1 }
				]
			}
		}
	},
	"normal2": {
		"slots": {
			"H1": {
				"color": [
					{ "time": 0, "color": "ffffff00" }
				]
			},
			"H2": {
				"color": [
					{ "time": 0, "color": "ffffff00" }
				]
			},
			"H3": {
				"color": [
					{ "time": 0, "color": "ffffff00" }
				]
			},
			"PZ": {
				"attachment": [
					{ "time": 0, "name": "PZ" }
				]
			},
			"T1": {
				"color": [
					{ "time": 0, "color": "ffffff00" }
				]
			},
			"T2": {
				"color": [
					{ "time": 0, "color": "ffffff00" }
				],
				"attachment": [
					{ "time": 0, "name": "T4" }
				]
			},
			"TDH1": {
				"color": [
					{ "time": 0, "color": "ffffff00" }
				]
			},
			"TDQ": {
				"color": [
					{ "time": 0, "color": "ffffff00" }
				]
			},
			"shadow2": {
				"color": [
					{ "time": 0, "color": "ffffff00" }
				],
				"attachment": [
					{ "time": 0, "name": "shadow4" }
				]
			}
		},
		"bones": {
			"PZ": {
				"rotate": [
					{ "time": 0, "angle": 0, "curve": "stepped" },
					{ "time": 1, "angle": 0 }
				],
				"translate": [
					{ "time": 0, "x": 0, "y": 0, "curve": "stepped" },
					{ "time": 1, "x": 0, "y": 0 }
				],
				"scale": [
					{ "time": 0, "x": 1, "y": 1, "curve": "stepped" },
					{ "time": 1, "x": 1, "y": 1 }
				]
			},
			"TS": {
				"rotate": [
					{ "time": 0, "angle": 0, "curve": "stepped" },
					{ "time": 2, "angle": 0 }
				],
				"translate": [
					{ "time": 0, "x": 0, "y": 0, "curve": "stepped" },
					{ "time": 2, "x": 0, "y": 0 }
				],
				"scale": [
					{ "time": 0, "x": 1, "y": 1 },
					{ "time": 1, "x": 0.99, "y": 0.99 },
					{ "time": 2, "x": 1, "y": 1 }
				]
			}
		}
	},
	"start": {
		"slots": {
			"H1": {
				"color": [
					{ "time": 0, "color": "ffffff00", "curve": "stepped" },
					{ "time": 0.3333, "color": "ffffff00" },
					{ "time": 0.5, "color": "ffffffff", "curve": "stepped" },
					{ "time": 1, "color": "ffffffff" },
					{ "time": 1.1666, "color": "ffffff00" }
				]
			},
			"H2": {
				"color": [
					{ "time": 0, "color": "ffffff00", "curve": "stepped" },
					{ "time": 0.3333, "color": "ffffff00" },
					{ "time": 0.5, "color": "ffffffff", "curve": "stepped" },
					{ "time": 1, "color": "ffffffff" },
					{ "time": 1.1666, "color": "ffffff00" }
				]
			},
			"H3": {
				"color": [
					{ "time": 0, "color": "ffffff00", "curve": "stepped" },
					{ "time": 0.3333, "color": "ffffff00" },
					{ "time": 0.5, "color": "ffffffff", "curve": "stepped" },
					{ "time": 1, "color": "ffffffff" },
					{ "time": 1.1666, "color": "ffffff00" }
				]
			},
			"PZ": {
				"color": [
					{ "time": 0, "color": "ffffff00" },
					{ "time": 0.2666, "color": "ffffffff" }
				]
			},
			"T1": {
				"color": [
					{ "time": 0, "color": "ffffff00", "curve": "stepped" },
					{ "time": 0.1666, "color": "ffffff00" },
					{ "time": 0.3333, "color": "ffffffff", "curve": "stepped" },
					{ "time": 0.8333, "color": "ffffffff" },
					{ "time": 1, "color": "ffffff00" }
				]
			},
			"T2": {
				"color": [
					{ "time": 0, "color": "ffffff00", "curve": "stepped" },
					{ "time": 0.8, "color": "ffffff00" },
					{ "time": 0.8666, "color": "ffffff24" },
					{ "time": 1, "color": "ffffffff" }
				]
			},
			"TDH1": {
				"color": [
					{ "time": 0, "color": "ffffff00", "curve": "stepped" },
					{ "time": 0.3333, "color": "ffffff00" },
					{ "time": 0.5, "color": "ffffffff", "curve": "stepped" },
					{ "time": 1, "color": "ffffffff" },
					{ "time": 1.1666, "color": "ffffff00" }
				]
			},
			"TDQ": {
				"color": [
					{ "time": 0, "color": "ffffff00", "curve": "stepped" },
					{ "time": 0.3333, "color": "ffffff00" },
					{ "time": 0.5, "color": "ffffffff", "curve": "stepped" },
					{ "time": 1, "color": "ffffffff" },
					{ "time": 1.1666, "color": "ffffff00" }
				]
			},
			"shadow2": {
				"color": [
					{ "time": 0, "color": "ffffff00", "curve": "stepped" },
					{ "time": 0.3333, "color": "ffffff00", "curve": "stepped" },
					{ "time": 0.8333, "color": "ffffff00" },
					{ "time": 0.9, "color": "ffffff56" },
					{ "time": 1.5, "color": "ffffffff" }
				]
			}
		},
		"bones": {
			"PZ": {
				"rotate": [
					{ "time": 1.5, "angle": 0 }
				],
				"translate": [
					{ "time": 0, "x": 0, "y": 59.49 },
					{ "time": 0.2666, "x": 0, "y": 0, "curve": "stepped" },
					{ "time": 1.5, "x": 0, "y": 0 }
				],
				"scale": [
					{ "time": 0, "x": 0.527, "y": 0.527 },
					{ "time": 0.2666, "x": 1, "y": 1, "curve": "stepped" },
					{ "time": 1.5, "x": 1, "y": 1 }
				]
			},
			"TS": {
				"rotate": [
					{ "time": 1.5, "angle": 0 }
				],
				"translate": [
					{ "time": 1.5, "x": 0, "y": 0 }
				],
				"scale": [
					{ "time": 1.5, "x": 1, "y": 1 }
				]
			},
			"T2": {
				"scale": [
					{ "time": 0.8666, "x": 0.959, "y": 0.959 },
					{ "time": 1.4333, "x": 1, "y": 1 }
				]
			},
			"H1": {
				"rotate": [
					{ "time": 0.3333, "angle": 0.81 },
					{ "time": 1.1, "angle": 39.03 }
				],
				"translate": [
					{ "time": 0.3333, "x": 0, "y": 103.29 },
					{ "time": 1.1, "x": 0, "y": -565.05 }
				]
			},
			"TDH1": {
				"rotate": [
					{ "time": 0.3333, "angle": 2.94 },
					{ "time": 1.1, "angle": -28.69 }
				],
				"translate": [
					{ "time": 0.3333, "x": 0, "y": 109.85 },
					{ "time": 1.1, "x": 0, "y": -687.93 }
				]
			},
			"H2": {
				"rotate": [
					{ "time": 0.3333, "angle": 8.78 },
					{ "time": 1.1, "angle": 74.41 }
				],
				"translate": [
					{ "time": 0.3333, "x": 0, "y": 156 },
					{ "time": 1.1, "x": 0, "y": -508.88 }
				]
			},
			"T1": {
				"rotate": [
					{ "time": 0.1666, "angle": 3.47 },
					{ "time": 0.9333, "angle": -3.79 }
				],
				"translate": [
					{ "time": 0.1666, "x": 0, "y": 5.53 },
					{ "time": 0.9333, "x": 0, "y": -476.72 },
					{ "time": 1.1, "x": 0, "y": -474.77 }
				],
				"scale": [
					{ "time": 0.1666, "x": 0.879, "y": 0.879 },
					{ "time": 0.9333, "x": 1.003, "y": 1.003 }
				]
			},
			"H3": {
				"rotate": [
					{ "time": 0.3333, "angle": 2.06 },
					{ "time": 1.1, "angle": -47.47 }
				],
				"translate": [
					{ "time": 0.3333, "x": 0, "y": 258.32 },
					{ "time": 1.1, "x": 0, "y": -522.03 }
				],
				"scale": [
					{ "time": 0.3333, "x": 0.79, "y": 0.79 },
					{ "time": 1.1, "x": 1, "y": 1 }
				]
			},
			"TDQ": {
				"rotate": [
					{ "time": 0.3333, "angle": 2.94 },
					{ "time": 1.1, "angle": -28.69 }
				],
				"translate": [
					{ "time": 0.3333, "x": 0, "y": 39.63 },
					{ "time": 1.1, "x": 0, "y": -511.98 }
				]
			},
			"shadow": {
				"scale": [
					{ "time": 0.3333, "x": 0.79, "y": 0.79 },
					{ "time": 1.1, "x": 1, "y": 1 }
				]
			}
		}
	}
}
}