{
"skeleton": { "hash": "7nDWAvRWWVDXKU/FD2J+cfT2kHg", "spine": "3.2.01", "width": 310.78, "height": 307.66, "images": "" },
"bones": [
	{ "name": "Root_All", "x": 25.09, "y": -5.9, "scaleX": 1.01, "scaleY": 1.01 },
	{ "name": "Ship_All", "parent": "Root_All" },
	{ "name": "Body", "parent": "Ship_All", "length": 255.84, "rotation": 90, "x": -23.41, "y": 4.84 },
	{ "name": "Antiaircraft", "parent": "Body", "length": 44.62, "rotation": -90, "x": 202.58, "y": -74.13 },
	{ "name": "Attack_Point", "parent": "Body", "length": 25.69, "rotation": -88.64, "x": 132.32, "y": -87.24 },
	{ "name": "Damage_Point", "parent": "Body", "length": 22.56, "rotation": -90, "x": 128.05, "y": 0.2 },
	{ "name": "Dialogue", "parent": "Body", "length": 57.85, "rotation": -90, "x": 188.52, "y": -40.49 },
	{ "name": "Expression", "parent": "Body", "length": 46.33, "rotation": -42.65, "x": 199.6, "y": -36.27 },
	{ "name": "Head", "parent": "Body", "length": 89.11, "rotation": -2.25, "x": 128.66, "y": 7.35 },
	{ "name": "Face", "parent": "Head", "length": 66.94, "rotation": -87.74, "x": 50.79, "y": 23.43 },
	{ "name": "H", "parent": "Head", "length": 25.27, "rotation": 2.25, "x": 132.66, "y": 4.34 },
	{ "name": "JZ", "parent": "Body", "length": 34.54, "rotation": -179.09, "x": 131.86, "y": 20.94 },
	{ "name": "JZ_DOWN", "parent": "JZ", "length": 61.55, "rotation": -179, "x": 48.67, "y": 1.26 },
	{ "name": "JZ_L", "parent": "JZ", "length": 48.61, "rotation": -95.21, "x": -26.19, "y": -21.96 },
	{ "name": "JZ_R", "parent": "JZ", "length": 53.61, "rotation": 84.65, "x": -21.75, "y": 38.94 },
	{ "name": "Smoke_L1", "parent": "Body", "length": 51.75, "rotation": -16.57, "x": 105.97, "y": -39.9 },
	{ "name": "Smoke_L2", "parent": "Body", "length": 51.75, "rotation": 30.92, "x": 101.18, "y": 71.44 },
	{ "name": "Throw_Point", "parent": "Body", "length": 24.91, "rotation": -88.64, "x": 52.89, "y": -54.53 },
	{ "name": "hand_L", "parent": "Body", "length": 30.14, "rotation": 27.75, "x": 99.95, "y": 30.34 },
	{ "name": "arm", "parent": "hand_L", "length": 20.64, "rotation": -9.93, "x": 12.22, "y": 14.18 },
	{ "name": "hair", "parent": "Head", "length": 35.27, "rotation": -178.69, "x": 94.6, "y": 3.12 }
],
"slots": [
	{ "name": "JZ_L", "bone": "JZ_L", "attachment": "change" },
	{ "name": "JZ_R", "bone": "JZ_R", "attachment": "change" },
	{ "name": "QQ", "bone": "JZ_DOWN", "attachment": "change" },
	{ "name": "BJ_light", "bone": "JZ_DOWN", "attachment": "BJ_light", "blend": "additive" },
	{ "name": "hair", "bone": "hair", "attachment": "hair" },
	{ "name": "Rodney_body_normal", "bone": "Body", "attachment": "Body_Change" },
	{ "name": "head", "bone": "Head", "attachment": "head" },
	{ "name": "head_light", "bone": "Head", "attachment": "head_light", "blend": "additive" },
	{ "name": "Rodney_eyes_normal", "bone": "Face", "attachment": "Rodney_eyes_normal" },
	{ "name": "Light_Body", "bone": "Body", "attachment": "Rodney_ship_body_normal_light", "blend": "additive" },
	{ "name": "JZ_light", "bone": "JZ_R", "attachment": "change", "blend": "additive" },
	{ "name": "H", "bone": "H", "attachment": "H", "blend": "additive" },
	{ "name": "arm", "bone": "arm", "attachment": "change" },
	{ "name": "hand_L", "bone": "hand_L", "attachment": "hand_L" }
],
"skins": {
	"default": {
		"BJ_light": {
			"BJ_light": { "x": 48.58, "y": -11.5, "rotation": -91.89, "width": 300, "height": 300 }
		},
		"H": {
			"H": { "x": -126.86, "y": 4.46, "rotation": -89.99, "width": 300, "height": 300 }
		},
		"Light_Body": {
			"Rodney_ship_body_normal_light": { "x": 130.63, "y": 9.19, "rotation": -90, "width": 300, "height": 300 }
		},
		"Rodney_eyes_normal": {
			"Rodney_eyes_damage": { "x": 20.8, "y": -49.36, "width": 300, "height": 300 },
			"Rodney_eyes_normal": { "x": 20.8, "y": -49.36, "width": 300, "height": 300 }
		},
		"hair": {
			"hair": { "x": 89.25, "y": 4.39, "rotation": 90.94, "width": 300, "height": 300 }
		},
		"hand_L": {
			"hand_L": { "x": 17.19, "y": -32.55, "rotation": -117.75, "width": 300, "height": 300 }
		},
		"head": {
			"head": { "x": 1.15, "y": 2.63, "rotation": -87.74, "width": 300, "height": 300 }
		},
		"head_light": {
			"head_light": { "x": 2.69, "y": 4.29, "rotation": -87.74, "width": 300, "height": 300 }
		}
	},
	"damage": {
		"JZ_L": {
			"change": { "name": "JZ_L_damage", "x": -36.87, "y": 22.73, "rotation": -175.69, "width": 300, "height": 300 }
		},
		"JZ_R": {
			"change": { "name": "JZ_R_damge", "x": -24.12, "y": -23.89, "rotation": 4.44, "width": 300, "height": 300 }
		},
		"JZ_light": {
			"change": { "name": "JZ_R_damage_light", "x": -26.32, "y": -24.1, "rotation": 4.44, "width": 300, "height": 300 }
		},
		"QQ": {
			"change": { "name": "BJ_damage", "x": 47.25, "y": -10.27, "rotation": -91.89, "width": 300, "height": 300 }
		},
		"Rodney_body_normal": {
			"Body_Change": { "name": "Rodney_body_damage", "x": 130.63, "y": 9.19, "rotation": -90, "width": 300, "height": 300 }
		},
		"arm": {
			"change": { "name": "arm_damage", "x": 12.95, "y": -45.19, "rotation": -107.81, "width": 300, "height": 300 }
		}
	},
	"normal": {
		"JZ_L": {
			"change": { "name": "JZ_L", "x": -36.87, "y": 22.73, "rotation": -175.69, "width": 300, "height": 300 }
		},
		"JZ_R": {
			"change": { "name": "JZ_R", "x": -24.12, "y": -23.89, "rotation": 4.44, "width": 300, "height": 300 }
		},
		"JZ_light": {
			"change": { "name": "JZ_R_light", "x": -25.17, "y": -23.94, "rotation": 4.44, "width": 300, "height": 300 }
		},
		"QQ": {
			"change": { "name": "BJ", "x": 47.59, "y": -11.69, "rotation": -91.89, "width": 300, "height": 300 }
		},
		"Rodney_body_normal": {
			"Body_Change": { "name": "Rodney_body_normal", "x": 130.63, "y": 9.19, "rotation": -90, "width": 300, "height": 300 }
		},
		"arm": {
			"change": { "name": "arm", "x": 12.95, "y": -45.19, "rotation": -107.81, "width": 300, "height": 300 }
		}
	}
},
"events": {
	"Antiaircraft": {},
	"attack_point": {},
	"damage_point": {},
	"throw_point": {}
},
"animations": {
	"Antiaircraft": {
		"slots": {
			"BJ_light": {
				"color": [
					{ "time": 0.0666, "color": "fffffffd" },
					{ "time": 0.1666, "color": "ffffff00" },
					{ "time": 0.2, "color": "ffffffff" },
					{ "time": 0.3333, "color": "ffffff00" },
					{ "time": 0.3666, "color": "ffffffff" },
					{ "time": 0.4666, "color": "ffffff00" },
					{ "time": 0.6, "color": "ffffffff" },
					{ "time": 0.7333, "color": "ffffff00" },
					{ "time": 0.8, "color": "ffffffff" },
					{ "time": 0.9, "color": "ffffff00" },
					{ "time": 0.9666, "color": "ffffffff" },
					{ "time": 1.1, "color": "ffffff00" },
					{ "time": 1.1333, "color": "ffffffff" },
					{ "time": 1.2333, "color": "ffffff00" },
					{ "time": 1.3666, "color": "ffffffff" },
					{ "time": 1.4666, "color": "ffffff00" },
					{ "time": 1.5333, "color": "ffffffff" },
					{ "time": 1.6333, "color": "ffffff00" },
					{ "time": 1.7, "color": "ffffffff" },
					{ "time": 1.8333, "color": "ffffff00" },
					{ "time": 1.8666, "color": "ffffffff" },
					{ "time": 1.9666, "color": "ffffff00" }
				],
				"attachment": [
					{ "time": 0, "name": null },
					{ "time": 0.0666, "name": "BJ_light" }
				]
			},
			"H": {
				"color": [
					{ "time": 0, "color": "ffffffff" },
					{ "time": 1, "color": "ffffff3f" },
					{ "time": 2, "color": "ffffffff" }
				]
			},
			"JZ_light": {
				"color": [
					{ "time": 0.0666, "color": "fffffffd" },
					{ "time": 0.1666, "color": "ffffff00" },
					{ "time": 0.2, "color": "ffffffff" },
					{ "time": 0.3333, "color": "ffffff00" },
					{ "time": 0.3666, "color": "ffffffff" },
					{ "time": 0.4666, "color": "ffffff00" },
					{ "time": 0.6, "color": "ffffffff" },
					{ "time": 0.7333, "color": "ffffff00" },
					{ "time": 0.8, "color": "ffffffff" },
					{ "time": 0.9, "color": "ffffff00" },
					{ "time": 0.9666, "color": "ffffffff" },
					{ "time": 1.1, "color": "ffffff00" },
					{ "time": 1.1333, "color": "ffffffff" },
					{ "time": 1.2333, "color": "ffffff00" },
					{ "time": 1.3666, "color": "ffffffff" },
					{ "time": 1.4666, "color": "ffffff00" },
					{ "time": 1.5333, "color": "ffffffff" },
					{ "time": 1.6333, "color": "ffffff00" },
					{ "time": 1.7, "color": "ffffffff" },
					{ "time": 1.8333, "color": "ffffff00" },
					{ "time": 1.8666, "color": "ffffffff" },
					{ "time": 1.9666, "color": "ffffff00" }
				],
				"attachment": [
					{ "time": 0, "name": null },
					{ "time": 0.0666, "name": "change" }
				]
			},
			"Light_Body": {
				"color": [
					{ "time": 0.0666, "color": "fffffffd" },
					{ "time": 0.1666, "color": "ffffff00" },
					{ "time": 0.2, "color": "ffffffff" },
					{ "time": 0.3333, "color": "ffffff00" },
					{ "time": 0.3666, "color": "ffffffff" },
					{ "time": 0.4666, "color": "ffffff00" },
					{ "time": 0.6, "color": "ffffffff" },
					{ "time": 0.7333, "color": "ffffff00" },
					{ "time": 0.8, "color": "ffffffff" },
					{ "time": 0.9, "color": "ffffff00" },
					{ "time": 0.9666, "color": "ffffffff" },
					{ "time": 1.1, "color": "ffffff00" },
					{ "time": 1.1333, "color": "ffffffff" },
					{ "time": 1.2333, "color": "ffffff00" },
					{ "time": 1.3666, "color": "ffffffff" },
					{ "time": 1.4666, "color": "ffffff00" },
					{ "time": 1.5333, "color": "ffffffff" },
					{ "time": 1.6333, "color": "ffffff00" },
					{ "time": 1.7, "color": "ffffffff" },
					{ "time": 1.8333, "color": "ffffff00" },
					{ "time": 1.8666, "color": "ffffffff" },
					{ "time": 1.9666, "color": "ffffff00" }
				],
				"attachment": [
					{ "time": 0, "name": null },
					{ "time": 0.0666, "name": "Rodney_ship_body_normal_light" },
					{ "time": 0.5, "name": "Rodney_ship_body_normal_light" },
					{ "time": 1.2666, "name": "Rodney_ship_body_normal_light" },
					{ "time": 2, "name": null }
				]
			},
			"Rodney_body_normal": {
				"attachment": [
					{ "time": 0, "name": "Body_Change" }
				]
			},
			"head_light": {
				"color": [
					{ "time": 0.0666, "color": "fffffffd" },
					{ "time": 0.1666, "color": "ffffff00" },
					{ "time": 0.2, "color": "ffffffff" },
					{ "time": 0.3333, "color": "ffffff00" },
					{ "time": 0.3666, "color": "ffffffff" },
					{ "time": 0.4666, "color": "ffffff00" },
					{ "time": 0.6, "color": "ffffffff" },
					{ "time": 0.7333, "color": "ffffff00" },
					{ "time": 0.8, "color": "ffffffff" },
					{ "time": 0.9, "color": "ffffff00" },
					{ "time": 0.9666, "color": "ffffffff" },
					{ "time": 1.1, "color": "ffffff00" },
					{ "time": 1.1333, "color": "ffffffff" },
					{ "time": 1.2333, "color": "ffffff00" },
					{ "time": 1.3666, "color": "ffffffff" },
					{ "time": 1.4666, "color": "ffffff00" },
					{ "time": 1.5333, "color": "ffffffff" },
					{ "time": 1.6333, "color": "ffffff00" },
					{ "time": 1.7, "color": "ffffffff" },
					{ "time": 1.8333, "color": "ffffff00" },
					{ "time": 1.8666, "color": "ffffffff" },
					{ "time": 1.9666, "color": "ffffff00" }
				],
				"attachment": [
					{ "time": 0, "name": null },
					{ "time": 0.0666, "name": "head_light" },
					{ "time": 0.5, "name": null },
					{ "time": 0.6, "name": "head_light" },
					{ "time": 0.8, "name": "head_light" },
					{ "time": 1.2666, "name": null },
					{ "time": 1.3666, "name": "head_light" },
					{ "time": 2, "name": null }
				]
			}
		},
		"bones": {
			"Body": {
				"rotate": [
					{ "time": 0, "angle": 0, "curve": "stepped" },
					{ "time": 2, "angle": 0 }
				],
				"translate": [
					{ "time": 0, "x": 0, "y": 0, "curve": "stepped" },
					{ "time": 2, "x": 0, "y": 0 }
				]
			},
			"Root_All": {
				"rotate": [
					{ "time": 0, "angle": 0, "curve": "stepped" },
					{ "time": 2, "angle": 0 }
				],
				"translate": [
					{
						"time": 0,
						"x": 0,
						"y": 0,
						"curve": [ 0.255, 0.35, 0.6, 0.7 ]
					},
					{
						"time": 0.5,
						"x": 0,
						"y": -9.82,
						"curve": [ 0.3, 0.39, 0.641, 0.74 ]
					},
					{
						"time": 1,
						"x": 0,
						"y": -15.66,
						"curve": [ 0.322, 0.37, 0.652, 0.7 ]
					},
					{
						"time": 1.5,
						"x": 0,
						"y": -7.79,
						"curve": [ 0.314, 0.36, 0.644, 0.68 ]
					},
					{ "time": 2, "x": 0, "y": 0 }
				]
			},
			"Ship_All": {
				"rotate": [
					{ "time": 0, "angle": 0, "curve": "stepped" },
					{ "time": 2, "angle": 0 }
				],
				"translate": [
					{ "time": 0, "x": 0, "y": 0, "curve": "stepped" },
					{ "time": 2, "x": 0, "y": 0 }
				]
			},
			"Face": {
				"rotate": [
					{ "time": 0, "angle": 0, "curve": "stepped" },
					{ "time": 2, "angle": 0 }
				],
				"translate": [
					{
						"time": 0,
						"x": 0,
						"y": 0,
						"curve": [ 0.286, 0.34, 0.623, 0.67 ]
					},
					{
						"time": 0.5,
						"x": 0.64,
						"y": 0,
						"curve": [ 0.282, 0.37, 0.624, 0.71 ]
					},
					{
						"time": 1.5,
						"x": -1.28,
						"y": 0,
						"curve": [ 0.321, 0.37, 0.656, 0.71 ]
					},
					{ "time": 2, "x": 0, "y": 0 }
				]
			},
			"Head": {
				"rotate": [
					{ "time": 0, "angle": 0 },
					{ "time": 1, "angle": -4.44 },
					{ "time": 2, "angle": 0 }
				],
				"translate": [
					{ "time": 0, "x": 0, "y": 0, "curve": "stepped" },
					{ "time": 2, "x": 0, "y": 0 }
				]
			},
			"JZ_R": {
				"rotate": [
					{ "time": 0, "angle": 0 },
					{ "time": 1, "angle": 9.49 },
					{ "time": 2, "angle": 0 }
				],
				"translate": [
					{ "time": 0, "x": 0, "y": 0, "curve": "stepped" },
					{ "time": 2, "x": 0, "y": 0 }
				]
			},
			"JZ": {
				"rotate": [
					{ "time": 0, "angle": 0, "curve": "stepped" },
					{ "time": 2, "angle": 0 }
				],
				"translate": [
					{ "time": 0, "x": 0, "y": 0, "curve": "stepped" },
					{ "time": 2, "x": 0, "y": 0 }
				]
			},
			"JZ_L": {
				"rotate": [
					{ "time": 0, "angle": 0 },
					{ "time": 1, "angle": -11.08 },
					{ "time": 2, "angle": 0 }
				],
				"translate": [
					{ "time": 0, "x": 0, "y": 0, "curve": "stepped" },
					{ "time": 2, "x": 0, "y": 0 }
				]
			},
			"JZ_DOWN": {
				"rotate": [
					{ "time": 0, "angle": 0 },
					{ "time": 1, "angle": 356.14 },
					{ "time": 2, "angle": 0 }
				],
				"translate": [
					{ "time": 0, "x": 0, "y": 0 },
					{ "time": 1, "x": 6.16, "y": -0.09 },
					{ "time": 2, "x": 0, "y": 0 }
				]
			},
			"Throw_Point": {
				"rotate": [
					{ "time": 0, "angle": 0, "curve": "stepped" },
					{ "time": 2, "angle": 0 }
				],
				"translate": [
					{ "time": 0, "x": 0, "y": 0, "curve": "stepped" },
					{ "time": 2, "x": 0, "y": 0 }
				]
			},
			"Smoke_L2": {
				"rotate": [
					{ "time": 0, "angle": 0, "curve": "stepped" },
					{ "time": 2, "angle": 0 }
				],
				"translate": [
					{ "time": 0, "x": 0, "y": 0, "curve": "stepped" },
					{ "time": 2, "x": 0, "y": 0 }
				]
			},
			"Smoke_L1": {
				"rotate": [
					{ "time": 0, "angle": 0, "curve": "stepped" },
					{ "time": 2, "angle": 0 }
				],
				"translate": [
					{ "time": 0, "x": 0, "y": 0, "curve": "stepped" },
					{ "time": 2, "x": 0, "y": 0 }
				]
			},
			"Expression": {
				"rotate": [
					{ "time": 0, "angle": 0, "curve": "stepped" },
					{ "time": 2, "angle": 0 }
				],
				"translate": [
					{ "time": 0, "x": 0, "y": 0, "curve": "stepped" },
					{ "time": 2, "x": 0, "y": 0 }
				]
			},
			"Dialogue": {
				"rotate": [
					{ "time": 0, "angle": 0, "curve": "stepped" },
					{ "time": 2, "angle": 0 }
				],
				"translate": [
					{ "time": 0, "x": 0, "y": 0, "curve": "stepped" },
					{ "time": 2, "x": 0, "y": 0 }
				]
			},
			"Damage_Point": {
				"rotate": [
					{ "time": 0, "angle": 0, "curve": "stepped" },
					{ "time": 2, "angle": 0 }
				],
				"translate": [
					{ "time": 0, "x": 0, "y": 0, "curve": "stepped" },
					{ "time": 2, "x": 0, "y": 0 }
				]
			},
			"Attack_Point": {
				"rotate": [
					{ "time": 0, "angle": 0, "curve": "stepped" },
					{ "time": 2, "angle": 0 }
				],
				"translate": [
					{ "time": 0, "x": 0, "y": 0, "curve": "stepped" },
					{ "time": 2, "x": 0, "y": 0 }
				]
			},
			"Antiaircraft": {
				"rotate": [
					{ "time": 0, "angle": 0, "curve": "stepped" },
					{ "time": 2, "angle": 0 }
				],
				"translate": [
					{ "time": 0, "x": 0, "y": 0, "curve": "stepped" },
					{ "time": 2, "x": 0, "y": 0 }
				]
			},
			"hair": {
				"rotate": [
					{ "time": 0, "angle": 0 },
					{ "time": 1, "angle": -4.02 },
					{ "time": 2, "angle": 0 }
				],
				"translate": [
					{ "time": 0, "x": 0, "y": 0, "curve": "stepped" },
					{ "time": 2, "x": 0, "y": 0 }
				]
			},
			"arm": {
				"rotate": [
					{ "time": 0, "angle": 0, "curve": "stepped" },
					{ "time": 2, "angle": 0 }
				],
				"translate": [
					{ "time": 0, "x": 0, "y": 0, "curve": "stepped" },
					{ "time": 2, "x": 0, "y": 0 }
				]
			},
			"hand_L": {
				"rotate": [
					{ "time": 0, "angle": 0 },
					{ "time": 1, "angle": 10.19 },
					{ "time": 2, "angle": 0 }
				],
				"translate": [
					{ "time": 0, "x": 0, "y": 0, "curve": "stepped" },
					{ "time": 2, "x": 0, "y": 0 }
				]
			},
			"H": {
				"rotate": [
					{ "time": 0, "angle": 0, "curve": "stepped" },
					{ "time": 2, "angle": 0 }
				],
				"translate": [
					{ "time": 0, "x": 0, "y": 0, "curve": "stepped" },
					{ "time": 2, "x": 0, "y": 0 }
				]
			}
		},
		"events": [
			{ "time": 0.0666, "name": "Antiaircraft" }
		]
	},
	"attack": {
		"slots": {
			"BJ_light": {
				"color": [
					{ "time": 0.5333, "color": "fffffffb" },
					{ "time": 0.8333, "color": "ffffff00" }
				],
				"attachment": [
					{ "time": 0, "name": null },
					{ "time": 0.0666, "name": "BJ_light" }
				]
			},
			"H": {
				"color": [
					{ "time": 0, "color": "ffffffff" },
					{ "time": 0.3333, "color": "ffffff46" },
					{ "time": 1, "color": "ffffffce" },
					{ "time": 1.6666, "color": "ffffffff" }
				]
			},
			"JZ_light": {
				"color": [
					{ "time": 0.5333, "color": "fffffffb" },
					{ "time": 0.8333, "color": "ffffff00" }
				],
				"attachment": [
					{ "time": 0, "name": null },
					{ "time": 0.0666, "name": "change" }
				]
			},
			"Light_Body": {
				"color": [
					{ "time": 0.5333, "color": "fffffffb" },
					{ "time": 0.8333, "color": "ffffff00" }
				],
				"attachment": [
					{ "time": 0, "name": null },
					{ "time": 0.0666, "name": "Rodney_ship_body_normal_light" }
				]
			},
			"Rodney_body_normal": {
				"attachment": [
					{ "time": 0, "name": "Body_Change" },
					{ "time": 0.9, "name": "Body_Change" }
				]
			},
			"head_light": {
				"color": [
					{ "time": 0.5333, "color": "fffffffb" },
					{ "time": 0.8333, "color": "ffffff00" }
				],
				"attachment": [
					{ "time": 0, "name": null },
					{ "time": 0.0666, "name": "head_light" },
					{ "time": 0.1, "name": "head_light" },
					{ "time": 0.5, "name": "head_light" }
				]
			}
		},
		"bones": {
			"Root_All": {
				"rotate": [
					{ "time": 0, "angle": 0, "curve": "stepped" },
					{ "time": 1.6666, "angle": 0 }
				],
				"translate": [
					{
						"time": 0,
						"x": 0,
						"y": 0,
						"curve": [ 0.255, 0.35, 0.6, 0.7 ]
					},
					{ "time": 0.0666, "x": 8.69, "y": 0 },
					{ "time": 0.1666, "x": -87.44, "y": 0 },
					{ "time": 0.3333, "x": -61.04, "y": 0 },
					{ "time": 0.5333, "x": -69.84, "y": 0 },
					{ "time": 1, "x": -85.6, "y": 0 },
					{ "time": 1.4, "x": 15.07, "y": 0 },
					{ "time": 1.6666, "x": 0, "y": 0 }
				]
			},
			"Face": {
				"rotate": [
					{ "time": 0, "angle": 0, "curve": "stepped" },
					{ "time": 1.6666, "angle": 0 }
				],
				"translate": [
					{
						"time": 0,
						"x": 0,
						"y": 0,
						"curve": [ 0.286, 0.34, 0.623, 0.67 ]
					},
					{ "time": 0.1666, "x": 0, "y": 3.4 },
					{ "time": 0.3333, "x": -0.2, "y": 1.71 },
					{ "time": 0.9, "x": -0.34, "y": 1.96 },
					{ "time": 1, "x": -0.15, "y": 1.13 },
					{ "time": 1.4, "x": -0.35, "y": 0.55 },
					{ "time": 1.6666, "x": 0, "y": 0 }
				]
			},
			"Ship_All": {
				"rotate": [
					{ "time": 0, "angle": 0, "curve": "stepped" },
					{ "time": 1.6666, "angle": 0 }
				],
				"translate": [
					{ "time": 0, "x": 0, "y": 0, "curve": "stepped" },
					{ "time": 1.6666, "x": 0, "y": 0 }
				]
			},
			"Body": {
				"rotate": [
					{ "time": 0, "angle": 0, "curve": "stepped" },
					{ "time": 1.6666, "angle": 0 }
				],
				"translate": [
					{ "time": 0, "x": 0, "y": 0, "curve": "stepped" },
					{ "time": 1.6666, "x": 0, "y": 0 }
				]
			},
			"Attack_Point": {
				"rotate": [
					{ "time": 0, "angle": 0, "curve": "stepped" },
					{ "time": 0.0666, "angle": 0, "curve": "stepped" },
					{ "time": 1.6666, "angle": 0 }
				],
				"translate": [
					{ "time": 0, "x": 0, "y": 0, "curve": "stepped" },
					{ "time": 0.0666, "x": 0, "y": 0, "curve": "stepped" },
					{ "time": 1.6666, "x": 0, "y": 0 }
				]
			},
			"Head": {
				"rotate": [
					{ "time": 0, "angle": 0 },
					{ "time": 0.1666, "angle": -7.89 },
					{ "time": 0.6666, "angle": -7.45 },
					{ "time": 1.6666, "angle": 0 }
				],
				"translate": [
					{ "time": 0, "x": 0, "y": 0, "curve": "stepped" },
					{ "time": 1.6666, "x": 0, "y": 0 }
				]
			},
			"JZ_R": {
				"rotate": [
					{ "time": 0, "angle": 0 },
					{ "time": 0.6666, "angle": 9.23 },
					{ "time": 1.6666, "angle": 0 }
				],
				"translate": [
					{ "time": 0, "x": 0, "y": 0, "curve": "stepped" },
					{ "time": 1.6666, "x": 0, "y": 0 }
				]
			},
			"JZ_L": {
				"rotate": [
					{ "time": 0, "angle": 0 },
					{ "time": 0.1666, "angle": -7.44 },
					{ "time": 0.3333, "angle": -18.74 },
					{ "time": 0.6666, "angle": -14.65 },
					{ "time": 0.8333, "angle": -8.87 },
					{ "time": 1.1666, "angle": -4.42 },
					{ "time": 1.6666, "angle": 0 }
				],
				"translate": [
					{ "time": 0, "x": 0, "y": 0 },
					{ "time": 0.1666, "x": 0.21, "y": 7 },
					{ "time": 0.5, "x": -1.09, "y": 15.04 },
					{ "time": 0.6666, "x": -0.94, "y": 13.22 },
					{ "time": 1.6666, "x": 0, "y": 0 }
				]
			},
			"JZ": {
				"rotate": [
					{ "time": 0, "angle": 0 },
					{ "time": 0.5, "angle": 2.5 },
					{ "time": 1.6666, "angle": 0 }
				],
				"translate": [
					{ "time": 0, "x": 0, "y": 0 },
					{ "time": 0.5, "x": 0, "y": 7.35 },
					{ "time": 1.6666, "x": 0, "y": 0 }
				]
			},
			"JZ_DOWN": {
				"rotate": [
					{ "time": 0, "angle": 0 },
					{ "time": 0.3333, "angle": 6.07 },
					{ "time": 0.6666, "angle": 357.49 },
					{ "time": 1.1666, "angle": 3.33 },
					{ "time": 1.6666, "angle": 0 }
				],
				"translate": [
					{ "time": 0, "x": 0, "y": 0 },
					{ "time": 0.3333, "x": 0.54, "y": 5.5 },
					{ "time": 0.6666, "x": 3.77, "y": 5.71 },
					{ "time": 1.1666, "x": 0.07, "y": 1.1 },
					{ "time": 1.6666, "x": 0, "y": 0 }
				]
			},
			"Throw_Point": {
				"rotate": [
					{ "time": 0, "angle": 0, "curve": "stepped" },
					{ "time": 1.6666, "angle": 0 }
				],
				"translate": [
					{ "time": 0, "x": 0, "y": 0, "curve": "stepped" },
					{ "time": 1.6666, "x": 0, "y": 0 }
				]
			},
			"Smoke_L2": {
				"rotate": [
					{ "time": 0, "angle": 0, "curve": "stepped" },
					{ "time": 1.6666, "angle": 0 }
				],
				"translate": [
					{ "time": 0, "x": 0, "y": 0, "curve": "stepped" },
					{ "time": 1.6666, "x": 0, "y": 0 }
				]
			},
			"Smoke_L1": {
				"rotate": [
					{ "time": 0, "angle": 0, "curve": "stepped" },
					{ "time": 1.6666, "angle": 0 }
				],
				"translate": [
					{ "time": 0, "x": 0, "y": 0, "curve": "stepped" },
					{ "time": 1.6666, "x": 0, "y": 0 }
				]
			},
			"Expression": {
				"rotate": [
					{ "time": 0, "angle": 0, "curve": "stepped" },
					{ "time": 1.6666, "angle": 0 }
				],
				"translate": [
					{ "time": 0, "x": 0, "y": 0, "curve": "stepped" },
					{ "time": 1.6666, "x": 0, "y": 0 }
				]
			},
			"Dialogue": {
				"rotate": [
					{ "time": 0, "angle": 0, "curve": "stepped" },
					{ "time": 1.6666, "angle": 0 }
				],
				"translate": [
					{ "time": 0, "x": 0, "y": 0, "curve": "stepped" },
					{ "time": 1.6666, "x": 0, "y": 0 }
				]
			},
			"Damage_Point": {
				"rotate": [
					{ "time": 0, "angle": 0, "curve": "stepped" },
					{ "time": 1.6666, "angle": 0 }
				],
				"translate": [
					{ "time": 0, "x": 0, "y": 0, "curve": "stepped" },
					{ "time": 1.6666, "x": 0, "y": 0 }
				]
			},
			"Antiaircraft": {
				"rotate": [
					{ "time": 0, "angle": 0, "curve": "stepped" },
					{ "time": 1.6666, "angle": 0 }
				],
				"translate": [
					{ "time": 0, "x": 0, "y": 0, "curve": "stepped" },
					{ "time": 1.6666, "x": 0, "y": 0 }
				]
			},
			"hair": {
				"rotate": [
					{ "time": 0, "angle": 0 },
					{ "time": 0.5, "angle": 1.59 },
					{ "time": 1.1666, "angle": -4.14 },
					{ "time": 1.6666, "angle": 0 }
				],
				"translate": [
					{ "time": 0, "x": 0, "y": 0, "curve": "stepped" },
					{ "time": 1.6666, "x": 0, "y": 0 }
				]
			},
			"arm": {
				"rotate": [
					{ "time": 0, "angle": 0, "curve": "stepped" },
					{ "time": 1.6666, "angle": 0 }
				],
				"translate": [
					{ "time": 0, "x": 0, "y": 0, "curve": "stepped" },
					{ "time": 1.6666, "x": 0, "y": 0 }
				]
			},
			"hand_L": {
				"rotate": [
					{ "time": 0, "angle": 0 },
					{ "time": 0.2333, "angle": 16.36 },
					{ "time": 0.8333, "angle": -1.82 },
					{ "time": 1.6666, "angle": 0 }
				],
				"translate": [
					{ "time": 0, "x": 0, "y": 0, "curve": "stepped" },
					{ "time": 1.6666, "x": 0, "y": 0 }
				]
			},
			"H": {
				"rotate": [
					{ "time": 0, "angle": 0, "curve": "stepped" },
					{ "time": 1.6666, "angle": 0 }
				],
				"translate": [
					{ "time": 0, "x": 0, "y": 0, "curve": "stepped" },
					{ "time": 1.6666, "x": 0, "y": 0 }
				]
			}
		},
		"drawOrder": [
			{ "time": 0.2333 }
		],
		"events": [
			{ "time": 0.0666, "name": "attack_point" }
		]
	},
	"damage": {
		"slots": {
			"BJ_light": {
				"color": [
					{ "time": 0.5333, "color": "fffffffc" },
					{ "time": 0.7666, "color": "ffffff00" }
				],
				"attachment": [
					{ "time": 0, "name": null },
					{ "time": 0.0666, "name": "BJ_light" },
					{ "time": 0.7666, "name": null }
				]
			},
			"H": {
				"color": [
					{ "time": 0, "color": "ffffffff" },
					{ "time": 0.5, "color": "ffffff92" },
					{ "time": 0.8333, "color": "ffffff49" },
					{ "time": 1.1666, "color": "ffffffff" }
				]
			},
			"JZ_L": {
				"color": [
					{ "time": 0.0666, "color": "8c4c51ff", "curve": "stepped" },
					{ "time": 0.7666, "color": "8c4c51ff" },
					{ "time": 1.1333, "color": "ffffffff" }
				]
			},
			"JZ_R": {
				"color": [
					{ "time": 0.0666, "color": "8c4c51ff", "curve": "stepped" },
					{ "time": 0.7666, "color": "8c4c51ff" },
					{ "time": 1.1333, "color": "ffffffff" }
				]
			},
			"JZ_light": {
				"color": [
					{ "time": 0.5333, "color": "fffffffc" },
					{ "time": 0.7666, "color": "ffffff00" }
				],
				"attachment": [
					{ "time": 0, "name": null },
					{ "time": 0.0666, "name": "change" },
					{ "time": 0.7666, "name": null }
				]
			},
			"Light_Body": {
				"color": [
					{ "time": 0.5333, "color": "fffffffc" },
					{ "time": 0.7666, "color": "ffffff00" }
				],
				"attachment": [
					{ "time": 0, "name": null },
					{ "time": 0.0666, "name": "Rodney_ship_body_normal_light" },
					{ "time": 0.7666, "name": null }
				]
			},
			"QQ": {
				"color": [
					{ "time": 0.0666, "color": "8c4c51ff", "curve": "stepped" },
					{ "time": 0.7666, "color": "8c4c51ff" },
					{ "time": 1.1333, "color": "ffffffff" }
				]
			},
			"Rodney_body_normal": {
				"color": [
					{ "time": 0.0666, "color": "8c4c51ff", "curve": "stepped" },
					{ "time": 0.7666, "color": "8c4c51ff" },
					{ "time": 1.1333, "color": "ffffffff" }
				],
				"attachment": [
					{ "time": 0, "name": "Body_Change" },
					{ "time": 0.8666, "name": "Body_Change" }
				]
			},
			"Rodney_eyes_normal": {
				"color": [
					{ "time": 0.0666, "color": "8c4c51ff", "curve": "stepped" },
					{ "time": 0.7666, "color": "8c4c51ff" },
					{ "time": 1.1333, "color": "ffffffff" }
				],
				"attachment": [
					{ "time": 0.0666, "name": "Rodney_eyes_damage" },
					{ "time": 1.1333, "name": "Rodney_eyes_normal" }
				]
			},
			"arm": {
				"color": [
					{ "time": 0.0666, "color": "8c4c51ff", "curve": "stepped" },
					{ "time": 0.7666, "color": "8c4c51ff" },
					{ "time": 1.1333, "color": "ffffffff" }
				]
			},
			"hair": {
				"color": [
					{ "time": 0.0666, "color": "8c4c51ff", "curve": "stepped" },
					{ "time": 0.7666, "color": "8c4c51ff" },
					{ "time": 1.1333, "color": "ffffffff" }
				]
			},
			"hand_L": {
				"color": [
					{ "time": 0.0666, "color": "8c4c51ff", "curve": "stepped" },
					{ "time": 0.7666, "color": "8c4c51ff" },
					{ "time": 1.1333, "color": "ffffffff" }
				]
			},
			"head": {
				"color": [
					{ "time": 0.0666, "color": "8c4c51ff", "curve": "stepped" },
					{ "time": 0.7666, "color": "8c4c51ff" },
					{ "time": 1.1333, "color": "ffffffff" }
				]
			},
			"head_light": {
				"color": [
					{ "time": 0.5333, "color": "fffffffc" },
					{ "time": 0.7666, "color": "ffffff00" }
				],
				"attachment": [
					{ "time": 0, "name": null },
					{ "time": 0.0666, "name": "head_light" },
					{ "time": 0.7666, "name": null }
				]
			}
		},
		"bones": {
			"Root_All": {
				"rotate": [
					{ "time": 0, "angle": 0, "curve": "stepped" },
					{ "time": 1.1666, "angle": 0 }
				],
				"translate": [
					{
						"time": 0,
						"x": 0,
						"y": 0,
						"curve": [ 0.255, 0.35, 0.6, 0.7 ]
					},
					{ "time": 0.0666, "x": -27.67, "y": -23.16 },
					{ "time": 0.1333, "x": 20.98, "y": 15.35 },
					{ "time": 0.2333, "x": -19.78, "y": -15.62 },
					{ "time": 0.3666, "x": 14.36, "y": 8.59 },
					{ "time": 0.5666, "x": -3.37, "y": -4.5 },
					{ "time": 0.8666, "x": 5.63, "y": 2.25 },
					{ "time": 1.1666, "x": 0, "y": 0 }
				]
			},
			"Face": {
				"rotate": [
					{ "time": 0, "angle": 0, "curve": "stepped" },
					{ "time": 1.1666, "angle": 0 }
				],
				"translate": [
					{
						"time": 0,
						"x": 0,
						"y": 0,
						"curve": [ 0.286, 0.34, 0.623, 0.67 ]
					},
					{ "time": 0.0666, "x": -5.44, "y": 0 },
					{ "time": 0.1333, "x": -0.44, "y": 0 },
					{ "time": 0.2333, "x": -5.06, "y": 0 },
					{ "time": 0.3666, "x": -2.01, "y": 0 },
					{ "time": 1.1666, "x": 0, "y": 0 }
				]
			},
			"Ship_All": {
				"rotate": [
					{ "time": 0, "angle": 0, "curve": "stepped" },
					{ "time": 1.1666, "angle": 0 }
				],
				"translate": [
					{ "time": 0, "x": 0, "y": 0, "curve": "stepped" },
					{ "time": 1.1666, "x": 0, "y": 0 }
				]
			},
			"Body": {
				"rotate": [
					{ "time": 0, "angle": 0, "curve": "stepped" },
					{ "time": 1.1666, "angle": 0 }
				],
				"translate": [
					{ "time": 0, "x": 0, "y": 0, "curve": "stepped" },
					{ "time": 1.1666, "x": 0, "y": 0 }
				]
			},
			"Damage_Point": {
				"rotate": [
					{ "time": 0, "angle": 0, "curve": "stepped" },
					{ "time": 0.0666, "angle": 0, "curve": "stepped" },
					{ "time": 1.1666, "angle": 0 }
				],
				"translate": [
					{ "time": 0, "x": 0, "y": 0, "curve": "stepped" },
					{ "time": 0.0666, "x": 0, "y": 0, "curve": "stepped" },
					{ "time": 1.1666, "x": 0, "y": 0 }
				]
			},
			"Head": {
				"rotate": [
					{ "time": 0, "angle": 0 },
					{ "time": 0.6666, "angle": -6.17 },
					{ "time": 1.1666, "angle": 0 }
				],
				"translate": [
					{ "time": 0, "x": 0, "y": 0, "curve": "stepped" },
					{ "time": 1.1666, "x": 0, "y": 0 }
				]
			},
			"JZ_L": {
				"rotate": [
					{ "time": 0, "angle": 0 },
					{ "time": 0.5, "angle": -11.68 },
					{ "time": 0.8333, "angle": 12.34 },
					{ "time": 1.1666, "angle": 0 }
				],
				"translate": [
					{ "time": 0, "x": 0, "y": 0, "curve": "stepped" },
					{ "time": 1.1666, "x": 0, "y": 0 }
				]
			},
			"JZ_R": {
				"rotate": [
					{ "time": 0, "angle": 0 },
					{ "time": 0.5, "angle": 24.05 },
					{ "time": 0.8333, "angle": -10.43 },
					{ "time": 1.1666, "angle": 0 }
				],
				"translate": [
					{ "time": 0, "x": 0, "y": 0, "curve": "stepped" },
					{ "time": 1.1666, "x": 0, "y": 0 }
				]
			},
			"JZ": {
				"rotate": [
					{ "time": 0, "angle": 0 },
					{ "time": 0.5, "angle": 358.81 },
					{ "time": 0.8333, "angle": 2.63 },
					{ "time": 1.1666, "angle": 0 }
				],
				"translate": [
					{ "time": 0, "x": 0, "y": 0, "curve": "stepped" },
					{ "time": 1.1666, "x": 0, "y": 0 }
				]
			},
			"JZ_DOWN": {
				"rotate": [
					{ "time": 0, "angle": 0 },
					{ "time": 0.3333, "angle": 9.92 },
					{ "time": 0.6666, "angle": -0.2 },
					{ "time": 1.1666, "angle": 0 }
				],
				"translate": [
					{ "time": 0, "x": 0, "y": 0, "curve": "stepped" },
					{ "time": 1.1666, "x": 0, "y": 0 }
				]
			},
			"Throw_Point": {
				"rotate": [
					{ "time": 0, "angle": 0, "curve": "stepped" },
					{ "time": 1.1666, "angle": 0 }
				],
				"translate": [
					{ "time": 0, "x": 0, "y": 0, "curve": "stepped" },
					{ "time": 1.1666, "x": 0, "y": 0 }
				]
			},
			"Smoke_L2": {
				"rotate": [
					{ "time": 0, "angle": 0, "curve": "stepped" },
					{ "time": 1.1666, "angle": 0 }
				],
				"translate": [
					{ "time": 0, "x": 0, "y": 0, "curve": "stepped" },
					{ "time": 1.1666, "x": 0, "y": 0 }
				]
			},
			"Smoke_L1": {
				"rotate": [
					{ "time": 0, "angle": 0, "curve": "stepped" },
					{ "time": 1.1666, "angle": 0 }
				],
				"translate": [
					{ "time": 0, "x": 0, "y": 0, "curve": "stepped" },
					{ "time": 1.1666, "x": 0, "y": 0 }
				]
			},
			"Expression": {
				"rotate": [
					{ "time": 0, "angle": 0, "curve": "stepped" },
					{ "time": 1.1666, "angle": 0 }
				],
				"translate": [
					{ "time": 0, "x": 0, "y": 0, "curve": "stepped" },
					{ "time": 1.1666, "x": 0, "y": 0 }
				]
			},
			"Dialogue": {
				"rotate": [
					{ "time": 0, "angle": 0, "curve": "stepped" },
					{ "time": 1.1666, "angle": 0 }
				],
				"translate": [
					{ "time": 0, "x": 0, "y": 0, "curve": "stepped" },
					{ "time": 1.1666, "x": 0, "y": 0 }
				]
			},
			"Attack_Point": {
				"rotate": [
					{ "time": 0, "angle": 0, "curve": "stepped" },
					{ "time": 1.1666, "angle": 0 }
				],
				"translate": [
					{ "time": 0, "x": 0, "y": 0, "curve": "stepped" },
					{ "time": 1.1666, "x": 0, "y": 0 }
				]
			},
			"Antiaircraft": {
				"rotate": [
					{ "time": 0, "angle": 0, "curve": "stepped" },
					{ "time": 1.1666, "angle": 0 }
				],
				"translate": [
					{ "time": 0, "x": 0, "y": 0, "curve": "stepped" },
					{ "time": 1.1666, "x": 0, "y": 0 }
				]
			},
			"hair": {
				"rotate": [
					{ "time": 0, "angle": 0 },
					{ "time": 0.3333, "angle": -2.88 },
					{ "time": 0.8333, "angle": 1.68 },
					{ "time": 1.1666, "angle": 0 }
				],
				"translate": [
					{ "time": 0, "x": 0, "y": 0, "curve": "stepped" },
					{ "time": 1.1666, "x": 0, "y": 0 }
				]
			},
			"arm": {
				"rotate": [
					{ "time": 0, "angle": 0, "curve": "stepped" },
					{ "time": 1.1666, "angle": 0 }
				],
				"translate": [
					{ "time": 0, "x": 0, "y": 0, "curve": "stepped" },
					{ "time": 1.1666, "x": 0, "y": 0 }
				]
			},
			"hand_L": {
				"rotate": [
					{ "time": 0, "angle": 0 },
					{ "time": 0.3333, "angle": -9.27 },
					{ "time": 0.8333, "angle": 7.87 },
					{ "time": 1.1666, "angle": 0 }
				],
				"translate": [
					{ "time": 0, "x": 0, "y": 0, "curve": "stepped" },
					{ "time": 1.1666, "x": 0, "y": 0 }
				]
			},
			"H": {
				"rotate": [
					{ "time": 0, "angle": 0, "curve": "stepped" },
					{ "time": 1.1666, "angle": 0 }
				],
				"translate": [
					{ "time": 0, "x": 0, "y": 0, "curve": "stepped" },
					{ "time": 1.1666, "x": 0, "y": 0 }
				]
			}
		},
		"events": [
			{ "time": 0.0666, "name": "damage_point" }
		]
	},
	"normal": {
		"slots": {
			"BJ_light": {
				"attachment": [
					{ "time": 0, "name": null }
				]
			},
			"H": {
				"color": [
					{ "time": 0, "color": "ffffffff" },
					{ "time": 1, "color": "ffffff44" },
					{ "time": 2, "color": "ffffffff" }
				]
			},
			"JZ_light": {
				"attachment": [
					{ "time": 0, "name": null }
				]
			},
			"Light_Body": {
				"attachment": [
					{ "time": 0, "name": null }
				]
			},
			"Rodney_body_normal": {
				"attachment": [
					{ "time": 0, "name": "Body_Change" }
				]
			},
			"head_light": {
				"attachment": [
					{ "time": 0, "name": null }
				]
			}
		},
		"bones": {
			"Dialogue": {
				"rotate": [
					{ "time": 0, "angle": 0, "curve": "stepped" },
					{ "time": 2, "angle": 0 }
				],
				"translate": [
					{ "time": 0, "x": 0, "y": 0, "curve": "stepped" },
					{ "time": 2, "x": 0, "y": 0 }
				]
			},
			"Head": {
				"rotate": [
					{ "time": 0, "angle": 0 },
					{ "time": 1, "angle": -4.44 },
					{ "time": 2, "angle": 0 }
				],
				"translate": [
					{ "time": 0, "x": 0, "y": 0, "curve": "stepped" },
					{ "time": 2, "x": 0, "y": 0 }
				]
			},
			"Root_All": {
				"rotate": [
					{ "time": 0, "angle": 0, "curve": "stepped" },
					{ "time": 2, "angle": 0 }
				],
				"translate": [
					{
						"time": 0,
						"x": 0,
						"y": 0,
						"curve": [ 0.255, 0.35, 0.6, 0.7 ]
					},
					{
						"time": 0.5,
						"x": 0,
						"y": -9.82,
						"curve": [ 0.3, 0.39, 0.641, 0.74 ]
					},
					{
						"time": 1,
						"x": 0,
						"y": -15.66,
						"curve": [ 0.322, 0.37, 0.652, 0.7 ]
					},
					{
						"time": 1.5,
						"x": 0,
						"y": -7.79,
						"curve": [ 0.314, 0.36, 0.644, 0.68 ]
					},
					{ "time": 2, "x": 0, "y": 0 }
				]
			},
			"Body": {
				"rotate": [
					{ "time": 0, "angle": 0, "curve": "stepped" },
					{ "time": 2, "angle": 0 }
				],
				"translate": [
					{ "time": 0, "x": 0, "y": 0, "curve": "stepped" },
					{ "time": 2, "x": 0, "y": 0 }
				]
			},
			"Attack_Point": {
				"rotate": [
					{ "time": 0, "angle": 0, "curve": "stepped" },
					{ "time": 2, "angle": 0 }
				],
				"translate": [
					{ "time": 0, "x": 0, "y": 0, "curve": "stepped" },
					{ "time": 2, "x": 0, "y": 0 }
				]
			},
			"Antiaircraft": {
				"rotate": [
					{ "time": 0, "angle": 0, "curve": "stepped" },
					{ "time": 2, "angle": 0 }
				],
				"translate": [
					{ "time": 0, "x": 0, "y": 0, "curve": "stepped" },
					{ "time": 2, "x": 0, "y": 0 }
				]
			},
			"hair": {
				"rotate": [
					{ "time": 0, "angle": 0 },
					{ "time": 1, "angle": -3.08 },
					{ "time": 2, "angle": 0 }
				],
				"translate": [
					{ "time": 0, "x": 0, "y": 0, "curve": "stepped" },
					{ "time": 2, "x": 0, "y": 0 }
				]
			},
			"JZ_DOWN": {
				"rotate": [
					{ "time": 0, "angle": 0 },
					{ "time": 1, "angle": 356.14 },
					{ "time": 2, "angle": 0 }
				],
				"translate": [
					{ "time": 0, "x": 0, "y": 0 },
					{ "time": 1, "x": 6.16, "y": -0.09 },
					{ "time": 2, "x": 0, "y": 0 }
				]
			},
			"Throw_Point": {
				"rotate": [
					{ "time": 0, "angle": 0, "curve": "stepped" },
					{ "time": 2, "angle": 0 }
				],
				"translate": [
					{ "time": 0, "x": 0, "y": 0, "curve": "stepped" },
					{ "time": 2, "x": 0, "y": 0 }
				]
			},
			"JZ": {
				"rotate": [
					{ "time": 0, "angle": 0, "curve": "stepped" },
					{ "time": 2, "angle": 0 }
				],
				"translate": [
					{ "time": 0, "x": 0, "y": 0, "curve": "stepped" },
					{ "time": 2, "x": 0, "y": 0 }
				]
			},
			"Smoke_L2": {
				"rotate": [
					{ "time": 0, "angle": 0, "curve": "stepped" },
					{ "time": 2, "angle": 0 }
				],
				"translate": [
					{ "time": 0, "x": 0, "y": 0, "curve": "stepped" },
					{ "time": 2, "x": 0, "y": 0 }
				]
			},
			"JZ_R": {
				"rotate": [
					{ "time": 0, "angle": 0 },
					{ "time": 1, "angle": 9.49 },
					{ "time": 2, "angle": 0 }
				],
				"translate": [
					{ "time": 0, "x": 0, "y": 0, "curve": "stepped" },
					{ "time": 2, "x": 0, "y": 0 }
				]
			},
			"Damage_Point": {
				"rotate": [
					{ "time": 0, "angle": 0, "curve": "stepped" },
					{ "time": 2, "angle": 0 }
				],
				"translate": [
					{ "time": 0, "x": 0, "y": 0, "curve": "stepped" },
					{ "time": 2, "x": 0, "y": 0 }
				]
			},
			"Face": {
				"rotate": [
					{ "time": 0, "angle": 0, "curve": "stepped" },
					{ "time": 2, "angle": 0 }
				],
				"translate": [
					{
						"time": 0,
						"x": 0,
						"y": 0,
						"curve": [ 0.286, 0.34, 0.623, 0.67 ]
					},
					{
						"time": 0.5,
						"x": 0.64,
						"y": 0,
						"curve": [ 0.282, 0.37, 0.624, 0.71 ]
					},
					{
						"time": 1.5,
						"x": -1.28,
						"y": 0,
						"curve": [ 0.321, 0.37, 0.656, 0.71 ]
					},
					{ "time": 2, "x": 0, "y": 0 }
				]
			},
			"Smoke_L1": {
				"rotate": [
					{ "time": 0, "angle": 0, "curve": "stepped" },
					{ "time": 2, "angle": 0 }
				],
				"translate": [
					{ "time": 0, "x": 0, "y": 0, "curve": "stepped" },
					{ "time": 2, "x": 0, "y": 0 }
				]
			},
			"Expression": {
				"rotate": [
					{ "time": 0, "angle": 0, "curve": "stepped" },
					{ "time": 2, "angle": 0 }
				],
				"translate": [
					{ "time": 0, "x": 0, "y": 0, "curve": "stepped" },
					{ "time": 2, "x": 0, "y": 0 }
				]
			},
			"JZ_L": {
				"rotate": [
					{ "time": 0, "angle": 0 },
					{ "time": 1, "angle": -11.08 },
					{ "time": 2, "angle": 0 }
				],
				"translate": [
					{ "time": 0, "x": 0, "y": 0, "curve": "stepped" },
					{ "time": 2, "x": 0, "y": 0 }
				]
			},
			"Ship_All": {
				"rotate": [
					{ "time": 0, "angle": 0, "curve": "stepped" },
					{ "time": 2, "angle": 0 }
				],
				"translate": [
					{ "time": 0, "x": 0, "y": 0, "curve": "stepped" },
					{ "time": 2, "x": 0, "y": 0 }
				]
			},
			"hand_L": {
				"rotate": [
					{ "time": 0, "angle": 0 },
					{ "time": 1, "angle": 7.82 },
					{ "time": 2, "angle": 0 }
				],
				"translate": [
					{ "time": 0, "x": 0, "y": 0, "curve": "stepped" },
					{ "time": 2, "x": 0, "y": 0 }
				]
			},
			"H": {
				"rotate": [
					{ "time": 0, "angle": 0, "curve": "stepped" },
					{ "time": 2, "angle": 0 }
				],
				"translate": [
					{ "time": 0, "x": 0, "y": 0 },
					{ "time": 1, "x": -4.76, "y": -0.56 },
					{ "time": 2, "x": 0, "y": 0 }
				]
			}
		}
	},
	"throw": {
		"slots": {
			"JZ_light": {
				"attachment": [
					{ "time": 0, "name": null }
				]
			},
			"Light_Body": {
				"attachment": [
					{ "time": 0, "name": null }
				]
			},
			"Rodney_body_normal": {
				"attachment": [
					{ "time": 0, "name": "Body_Change" }
				]
			},
			"head_light": {
				"attachment": [
					{ "time": 0, "name": null }
				]
			}
		},
		"bones": {
			"Face": {
				"rotate": [
					{ "time": 0, "angle": 0, "curve": "stepped" },
					{ "time": 1.3333, "angle": 0 }
				],
				"translate": [
					{
						"time": 0,
						"x": 0,
						"y": 0,
						"curve": [ 0.286, 0.34, 0.623, 0.67 ]
					},
					{ "time": 0.3333, "x": 0, "y": -0.7 },
					{ "time": 0.5666, "x": 0, "y": 0.14 },
					{ "time": 1.3333, "x": 0, "y": 0 }
				]
			},
			"Root_All": {
				"rotate": [
					{ "time": 0, "angle": 0, "curve": "stepped" },
					{ "time": 1.3333, "angle": 0 }
				],
				"translate": [
					{
						"time": 0,
						"x": 0,
						"y": 0,
						"curve": [ 0.255, 0.35, 0.6, 0.7 ]
					},
					{ "time": 0.6333, "x": -66.66, "y": 0 },
					{ "time": 0.9666, "x": -10.42, "y": -12.42 },
					{ "time": 1.3333, "x": 0, "y": 0 }
				]
			},
			"Body": {
				"rotate": [
					{
						"time": 0,
						"angle": 0,
						"curve": [ 0.219, 0.41, 0.591, 0.77 ]
					},
					{
						"time": 0.6333,
						"angle": -3.17,
						"curve": [ 0.32, 0.36, 0.653, 0.69 ]
					},
					{
						"time": 0.7333,
						"angle": 0.61,
						"curve": [ 0.319, 0.37, 0.652, 0.7 ]
					},
					{
						"time": 0.9666,
						"angle": -1.72,
						"curve": [ 0.32, 0.38, 0.654, 0.71 ]
					},
					{ "time": 1.3333, "angle": 0 }
				],
				"translate": [
					{
						"time": 0,
						"x": 0,
						"y": 0,
						"curve": [ 0.219, 0.41, 0.591, 0.77 ]
					},
					{
						"time": 0.3333,
						"x": -15.86,
						"y": 0,
						"curve": [ 0.193, 0.39, 0.58, 0.9 ]
					},
					{
						"time": 0.5666,
						"x": -19.36,
						"y": 0,
						"curve": [ 0.142, 0.42, 0.647, 0.94 ]
					},
					{ "time": 0.6333, "x": 92.18, "y": -6.3 },
					{ "time": 0.7333, "x": 111.33, "y": 0 },
					{ "time": 1.3333, "x": 0, "y": 0 }
				]
			},
			"Ship_All": {
				"rotate": [
					{ "time": 0, "angle": 0, "curve": "stepped" },
					{ "time": 1.3333, "angle": 0 }
				],
				"translate": [
					{ "time": 0, "x": 0, "y": 0, "curve": "stepped" },
					{ "time": 1.3333, "x": 0, "y": 0 }
				]
			},
			"Throw_Point": {
				"rotate": [
					{ "time": 0, "angle": 0, "curve": "stepped" },
					{ "time": 0.6333, "angle": 0, "curve": "stepped" },
					{ "time": 1.3333, "angle": 0 }
				],
				"translate": [
					{ "time": 0, "x": 0, "y": 0, "curve": "stepped" },
					{ "time": 0.6333, "x": 0, "y": 0, "curve": "stepped" },
					{ "time": 1.3333, "x": 0, "y": 0 }
				]
			},
			"Head": {
				"rotate": [
					{ "time": 0, "angle": 0 },
					{ "time": 0.1666, "angle": 6.86 },
					{ "time": 0.6666, "angle": -6.51 },
					{ "time": 1.3333, "angle": 0 }
				],
				"translate": [
					{ "time": 0, "x": 0, "y": 0, "curve": "stepped" },
					{ "time": 1.3333, "x": 0, "y": 0 }
				]
			},
			"JZ_R": {
				"rotate": [
					{ "time": 0, "angle": 0 },
					{ "time": 0.3333, "angle": -12.18 },
					{ "time": 0.5, "angle": -14.68 },
					{ "time": 0.7666, "angle": -22.9 },
					{ "time": 1, "angle": -3.22 },
					{ "time": 1.3333, "angle": 0 }
				],
				"translate": [
					{ "time": 0, "x": 0, "y": 0 },
					{ "time": 0.5, "x": -3.2, "y": -12.77 },
					{ "time": 0.7666, "x": 3.27, "y": -0.62 },
					{ "time": 1, "x": 1.3, "y": -10.75 },
					{ "time": 1.3333, "x": 0, "y": 0 }
				]
			},
			"JZ_L": {
				"rotate": [
					{ "time": 0, "angle": 0 },
					{ "time": 0.5, "angle": -10.81 },
					{ "time": 0.8333, "angle": 4.52 },
					{ "time": 1, "angle": -2.11 },
					{ "time": 1.3333, "angle": 0 }
				],
				"translate": [
					{ "time": 0, "x": 0, "y": 0, "curve": "stepped" },
					{ "time": 1.3333, "x": 0, "y": 0 }
				]
			},
			"JZ": {
				"rotate": [
					{ "time": 0, "angle": 0 },
					{ "time": 0.5, "angle": 354.91 },
					{ "time": 0.8333, "angle": 6.12 },
					{ "time": 1.3333, "angle": 0 }
				],
				"translate": [
					{ "time": 0, "x": 0, "y": 0, "curve": "stepped" },
					{ "time": 1.3333, "x": 0, "y": 0 }
				]
			},
			"JZ_DOWN": {
				"rotate": [
					{ "time": 0, "angle": 0 },
					{ "time": 0.5, "angle": 2.7 },
					{ "time": 1.3333, "angle": 0 }
				],
				"translate": [
					{ "time": 0, "x": 0, "y": 0, "curve": "stepped" },
					{ "time": 1.3333, "x": 0, "y": 0 }
				]
			},
			"Smoke_L2": {
				"rotate": [
					{ "time": 0, "angle": 0, "curve": "stepped" },
					{ "time": 1.3333, "angle": 0 }
				],
				"translate": [
					{ "time": 0, "x": 0, "y": 0, "curve": "stepped" },
					{ "time": 1.3333, "x": 0, "y": 0 }
				]
			},
			"Smoke_L1": {
				"rotate": [
					{ "time": 0, "angle": 0, "curve": "stepped" },
					{ "time": 1.3333, "angle": 0 }
				],
				"translate": [
					{ "time": 0, "x": 0, "y": 0, "curve": "stepped" },
					{ "time": 1.3333, "x": 0, "y": 0 }
				]
			},
			"Expression": {
				"rotate": [
					{ "time": 0, "angle": 0, "curve": "stepped" },
					{ "time": 1.3333, "angle": 0 }
				],
				"translate": [
					{ "time": 0, "x": 0, "y": 0, "curve": "stepped" },
					{ "time": 1.3333, "x": 0, "y": 0 }
				]
			},
			"Dialogue": {
				"rotate": [
					{ "time": 0, "angle": 0, "curve": "stepped" },
					{ "time": 1.3333, "angle": 0 }
				],
				"translate": [
					{ "time": 0, "x": 0, "y": 0, "curve": "stepped" },
					{ "time": 1.3333, "x": 0, "y": 0 }
				]
			},
			"Damage_Point": {
				"rotate": [
					{ "time": 0, "angle": 0, "curve": "stepped" },
					{ "time": 1.3333, "angle": 0 }
				],
				"translate": [
					{ "time": 0, "x": 0, "y": 0, "curve": "stepped" },
					{ "time": 1.3333, "x": 0, "y": 0 }
				]
			},
			"Attack_Point": {
				"rotate": [
					{ "time": 0, "angle": 0, "curve": "stepped" },
					{ "time": 1.3333, "angle": 0 }
				],
				"translate": [
					{ "time": 0, "x": 0, "y": 0, "curve": "stepped" },
					{ "time": 1.3333, "x": 0, "y": 0 }
				]
			},
			"Antiaircraft": {
				"rotate": [
					{ "time": 0, "angle": 0, "curve": "stepped" },
					{ "time": 1.3333, "angle": 0 }
				],
				"translate": [
					{ "time": 0, "x": 0, "y": 0, "curve": "stepped" },
					{ "time": 1.3333, "x": 0, "y": 0 }
				]
			},
			"hair": {
				"rotate": [
					{ "time": 0, "angle": 0 },
					{ "time": 0.5, "angle": -3.45 },
					{ "time": 1, "angle": 1.08 },
					{ "time": 1.3333, "angle": 0 }
				],
				"translate": [
					{ "time": 0, "x": 0, "y": 0, "curve": "stepped" },
					{ "time": 1.3333, "x": 0, "y": 0 }
				]
			},
			"arm": {
				"rotate": [
					{ "time": 0, "angle": 0, "curve": "stepped" },
					{ "time": 1.3333, "angle": 0 }
				],
				"translate": [
					{ "time": 0, "x": 0, "y": 0, "curve": "stepped" },
					{ "time": 1.3333, "x": 0, "y": 0 }
				]
			},
			"hand_L": {
				"rotate": [
					{ "time": 0, "angle": 0, "curve": "stepped" },
					{ "time": 1.3333, "angle": 0 }
				],
				"translate": [
					{ "time": 0, "x": 0, "y": 0, "curve": "stepped" },
					{ "time": 1.3333, "x": 0, "y": 0 }
				]
			},
			"H": {
				"rotate": [
					{ "time": 0, "angle": 0, "curve": "stepped" },
					{ "time": 1.3333, "angle": 0 }
				],
				"translate": [
					{ "time": 0, "x": 0, "y": 0, "curve": "stepped" },
					{ "time": 1.3333, "x": 0, "y": 0 }
				]
			}
		},
		"events": [
			{ "time": 0.6333, "name": "throw_point" }
		]
	},
	"wreck": {
		"slots": {
			"BJ_light": {
				"attachment": [
					{ "time": 0, "name": null }
				]
			},
			"JZ_light": {
				"attachment": [
					{ "time": 0, "name": null }
				]
			},
			"Light_Body": {
				"attachment": [
					{ "time": 0, "name": null }
				]
			},
			"Rodney_body_normal": {
				"attachment": [
					{ "time": 0, "name": "Body_Change" }
				]
			},
			"Rodney_eyes_normal": {
				"attachment": [
					{ "time": 0, "name": "Rodney_eyes_damage" }
				]
			},
			"head_light": {
				"attachment": [
					{ "time": 0, "name": null }
				]
			}
		},
		"bones": {
			"Damage_Point": {
				"rotate": [
					{ "time": 0, "angle": 0, "curve": "stepped" },
					{ "time": 2, "angle": 0 }
				],
				"translate": [
					{ "time": 0, "x": 0, "y": 0, "curve": "stepped" },
					{ "time": 2, "x": 0, "y": 0 }
				]
			},
			"Face": {
				"rotate": [
					{ "time": 0, "angle": 0, "curve": "stepped" },
					{ "time": 2, "angle": 0 }
				],
				"translate": [
					{
						"time": 0,
						"x": 0,
						"y": 0,
						"curve": [ 0.286, 0.34, 0.623, 0.67 ]
					},
					{
						"time": 0.5,
						"x": 0.64,
						"y": 0,
						"curve": [ 0.282, 0.37, 0.624, 0.71 ]
					},
					{
						"time": 1.5,
						"x": -1.28,
						"y": 0,
						"curve": [ 0.321, 0.37, 0.656, 0.71 ]
					},
					{ "time": 2, "x": 0, "y": 0 }
				]
			},
			"Throw_Point": {
				"rotate": [
					{ "time": 0, "angle": 0, "curve": "stepped" },
					{ "time": 2, "angle": 0 }
				],
				"translate": [
					{ "time": 0, "x": 0, "y": 0, "curve": "stepped" },
					{ "time": 2, "x": 0, "y": 0 }
				]
			},
			"JZ_DOWN": {
				"rotate": [
					{ "time": 0, "angle": 0 },
					{ "time": 1, "angle": 356.14 },
					{ "time": 2, "angle": 0 }
				],
				"translate": [
					{ "time": 0, "x": 0, "y": 0 },
					{ "time": 1, "x": 6.16, "y": -0.09 },
					{ "time": 2, "x": 0, "y": 0 }
				]
			},
			"Root_All": {
				"rotate": [
					{ "time": 0, "angle": 0, "curve": "stepped" },
					{ "time": 2, "angle": 0 }
				],
				"translate": [
					{
						"time": 0,
						"x": 0,
						"y": 0,
						"curve": [ 0.255, 0.35, 0.6, 0.7 ]
					},
					{
						"time": 0.5,
						"x": 0,
						"y": -9.82,
						"curve": [ 0.3, 0.39, 0.641, 0.74 ]
					},
					{
						"time": 1,
						"x": 0,
						"y": -15.66,
						"curve": [ 0.322, 0.37, 0.652, 0.7 ]
					},
					{
						"time": 1.5,
						"x": 0,
						"y": -7.79,
						"curve": [ 0.314, 0.36, 0.644, 0.68 ]
					},
					{ "time": 2, "x": 0, "y": 0 }
				]
			},
			"hair": {
				"rotate": [
					{ "time": 0, "angle": 0 },
					{ "time": 1, "angle": -3.08 },
					{ "time": 2, "angle": 0 }
				],
				"translate": [
					{ "time": 0, "x": 0, "y": 0, "curve": "stepped" },
					{ "time": 2, "x": 0, "y": 0 }
				]
			},
			"Smoke_L1": {
				"rotate": [
					{ "time": 0, "angle": 0, "curve": "stepped" },
					{ "time": 2, "angle": 0 }
				],
				"translate": [
					{ "time": 0, "x": 0, "y": 0, "curve": "stepped" },
					{ "time": 2, "x": 0, "y": 0 }
				]
			},
			"Dialogue": {
				"rotate": [
					{ "time": 0, "angle": 0, "curve": "stepped" },
					{ "time": 2, "angle": 0 }
				],
				"translate": [
					{ "time": 0, "x": 0, "y": 0, "curve": "stepped" },
					{ "time": 2, "x": 0, "y": 0 }
				]
			},
			"Head": {
				"rotate": [
					{ "time": 0, "angle": 0 },
					{ "time": 1, "angle": -4.44 },
					{ "time": 2, "angle": 0 }
				],
				"translate": [
					{ "time": 0, "x": 0, "y": 0, "curve": "stepped" },
					{ "time": 2, "x": 0, "y": 0 }
				]
			},
			"JZ": {
				"rotate": [
					{ "time": 0, "angle": 0, "curve": "stepped" },
					{ "time": 2, "angle": 0 }
				],
				"translate": [
					{ "time": 0, "x": 0, "y": 0, "curve": "stepped" },
					{ "time": 2, "x": 0, "y": 0 }
				]
			},
			"Ship_All": {
				"rotate": [
					{ "time": 0, "angle": 0, "curve": "stepped" },
					{ "time": 2, "angle": 0 }
				],
				"translate": [
					{ "time": 0, "x": 0, "y": 0, "curve": "stepped" },
					{ "time": 2, "x": 0, "y": 0 }
				]
			},
			"Body": {
				"rotate": [
					{ "time": 0, "angle": 0, "curve": "stepped" },
					{ "time": 2, "angle": 0 }
				],
				"translate": [
					{ "time": 0, "x": 0, "y": 0, "curve": "stepped" },
					{ "time": 2, "x": 0, "y": 0 }
				]
			},
			"Attack_Point": {
				"rotate": [
					{ "time": 0, "angle": 0, "curve": "stepped" },
					{ "time": 2, "angle": 0 }
				],
				"translate": [
					{ "time": 0, "x": 0, "y": 0, "curve": "stepped" },
					{ "time": 2, "x": 0, "y": 0 }
				]
			},
			"JZ_R": {
				"rotate": [
					{ "time": 0, "angle": 0 },
					{ "time": 1, "angle": 9.49 },
					{ "time": 2, "angle": 0 }
				],
				"translate": [
					{ "time": 0, "x": 0, "y": 0, "curve": "stepped" },
					{ "time": 2, "x": 0, "y": 0 }
				]
			},
			"Smoke_L2": {
				"rotate": [
					{ "time": 0, "angle": 0, "curve": "stepped" },
					{ "time": 2, "angle": 0 }
				],
				"translate": [
					{ "time": 0, "x": 0, "y": 0, "curve": "stepped" },
					{ "time": 2, "x": 0, "y": 0 }
				]
			},
			"Expression": {
				"rotate": [
					{ "time": 0, "angle": 0, "curve": "stepped" },
					{ "time": 2, "angle": 0 }
				],
				"translate": [
					{ "time": 0, "x": 0, "y": 0, "curve": "stepped" },
					{ "time": 2, "x": 0, "y": 0 }
				]
			},
			"JZ_L": {
				"rotate": [
					{ "time": 0, "angle": 0 },
					{ "time": 1, "angle": -11.08 },
					{ "time": 2, "angle": 0 }
				],
				"translate": [
					{ "time": 0, "x": 0, "y": 0, "curve": "stepped" },
					{ "time": 2, "x": 0, "y": 0 }
				]
			},
			"Antiaircraft": {
				"rotate": [
					{ "time": 0, "angle": 0, "curve": "stepped" },
					{ "time": 2, "angle": 0 }
				],
				"translate": [
					{ "time": 0, "x": 0, "y": 0, "curve": "stepped" },
					{ "time": 2, "x": 0, "y": 0 }
				]
			}
		}
	}
}
}