{
"skeleton": { "hash": "UedZSkakzziWJuYhzu7Ljr2UvVc", "spine": "3.2.01", "width": 793.88, "height": 1101.83, "images": "" },
"bones": [
	{ "name": "root" },
	{ "name": "bone", "parent": "root" },
	{ "name": "bone2", "parent": "bone" },
	{ "name": "TS", "parent": "bone2" },
	{ "name": "1", "parent": "TS" },
	{ "name": "D1", "parent": "1", "x": 26.93, "y": 400.32 },
	{ "name": "D2", "parent": "1", "x": -141.57, "y": 516.55 },
	{ "name": "D1A", "parent": "TS", "x": 1.74, "y": -63.05 },
	{ "name": "F1", "parent": "1", "x": 75.76, "y": 567.82 },
	{ "name": "F1A", "parent": "TS", "x": 38.79, "y": -6.37 },
	{ "name": "P1", "parent": "1", "x": -131.49, "y": 544.49 },
	{ "name": "P1A", "parent": "TS", "x": -112.43, "y": -8.7 },
	{ "name": "PZ", "parent": "TS" },
	{ "name": "Z1", "parent": "1", "x": 67.13, "y": 508.05 },
	{ "name": "Z1A", "parent": "TS", "x": -3.31 }
],
"slots": [
	{ "name": "PZ", "bone": "PZ", "attachment": "PZ" },
	{ "name": "P1A", "bone": "P1A", "attachment": "P1A" },
	{ "name": "Z1A", "bone": "Z1A", "attachment": "Z1A" },
	{ "name": "D1", "bone": "D1", "attachment": "D1" },
	{ "name": "F1A", "bone": "F1A", "attachment": "F1A" },
	{ "name": "D1A", "bone": "D1A", "attachment": "D1A" },
	{ "name": "Z1", "bone": "Z1", "attachment": "Z1" },
	{ "name": "P1", "bone": "P1", "attachment": "P1" },
	{ "name": "F1", "bone": "F1", "attachment": "F1" },
	{ "name": "D2", "bone": "D2", "attachment": "D2" }
],
"skins": {
	"default": {
		"D1": {
			"D1": { "x": -35.54, "y": 148.82, "width": 600, "height": 600 }
		},
		"D1A": {
			"D1A": { "x": -1.74, "y": 126.26, "width": 600, "height": 600 },
			"D1B": { "x": -1.74, "y": 104.46, "width": 600, "height": 600 }
		},
		"D2": {
			"D2": { "x": 132.96, "y": 32.59, "width": 600, "height": 600 }
		},
		"F1": {
			"F1": { "x": -84.36, "y": -18.68, "width": 600, "height": 600 }
		},
		"F1A": {
			"F1A": { "x": -38.79, "y": 69.59, "width": 600, "height": 600 }
		},
		"P1": {
			"P1": { "x": 48.77, "y": 4.64, "width": 600, "height": 600 }
		},
		"P1A": {
			"P1A": { "x": 106.63, "y": 59.3, "width": 600, "height": 600 },
			"P1B": { "x": 106.63, "y": 98.54, "width": 600, "height": 600 }
		},
		"PZ": {
			"PZ": { "x": 6.5, "y": 73.08, "width": 600, "height": 600 }
		},
		"Z1": {
			"Z1": { "x": 44.03, "y": -152.75, "width": 600, "height": 600 }
		},
		"Z1A": {
			"SS": { "x": 11.3, "y": 47.31, "width": 600, "height": 600 },
			"Z1A": { "x": 11.3, "y": 47.31, "width": 600, "height": 600 },
			"Z1B": { "x": 11.3, "y": 47.31, "width": 600, "height": 600 }
		}
	}
},
"animations": {
	"eat": {
		"slots": {
			"D1": {
				"color": [
					{ "time": 0, "color": "ffffff00" }
				]
			},
			"D2": {
				"color": [
					{ "time": 0, "color": "ffffff00" }
				]
			},
			"D1A": {
				"color": [
					{ "time": 0.1666, "color": "ffffffff" },
					{ "time": 0.5, "color": "ffffffbf" },
					{ "time": 0.8333, "color": "ffffffff" },
					{ "time": 1.1666, "color": "ffffffbf" },
					{ "time": 1.5, "color": "ffffffff" },
					{ "time": 1.8333, "color": "ffffffbf" },
					{ "time": 2.1666, "color": "ffffffff" },
					{ "time": 2.5, "color": "ffffffbf" },
					{ "time": 2.8333, "color": "ffffffff" },
					{ "time": 3.1666, "color": "ffffffbf" }
				],
				"attachment": [
					{ "time": 0.1666, "name": "D1A" },
					{ "time": 1.1666, "name": "D1B" },
					{ "time": 2.8333, "name": null }
				]
			},
			"F1": {
				"color": [
					{ "time": 0, "color": "ffffff00" }
				]
			},
			"F1A": {
				"color": [
					{ "time": 0.1666, "color": "ffffffff" },
					{ "time": 0.5, "color": "ffffffbf" },
					{ "time": 0.8333, "color": "ffffffff" },
					{ "time": 1.1666, "color": "ffffffba" },
					{ "time": 1.5, "color": "fffffff1" },
					{ "time": 1.8333, "color": "ffffffb9" }
				],
				"attachment": [
					{ "time": 0.5, "name": null }
				]
			},
			"P1": {
				"color": [
					{ "time": 0, "color": "ffffff00" }
				]
			},
			"P1A": {
				"color": [
					{ "time": 0.1666, "color": "ffffffff" },
					{ "time": 0.5, "color": "ffffffbf" },
					{ "time": 0.8333, "color": "fffffff6" },
					{ "time": 1.1666, "color": "ffffffb3" },
					{ "time": 1.5, "color": "fffffffb" },
					{ "time": 1.8333, "color": "ffffffb6" },
					{ "time": 2.1666, "color": "fffffff4" },
					{ "time": 2.5, "color": "ffffffb6" },
					{ "time": 2.8333, "color": "ffffffee" },
					{ "time": 3.1666, "color": "ffffffb2" },
					{ "time": 3.5, "color": "ffffffff" }
				],
				"attachment": [
					{ "time": 1.1666, "name": "P1B" },
					{ "time": 2.8333, "name": null }
				]
			},
			"Z1": {
				"attachment": [
					{ "time": 0, "name": null }
				]
			},
			"Z1A": {
				"color": [
					{ "time": 0.1666, "color": "ffffffff" },
					{ "time": 0.5, "color": "ffffffa4" },
					{ "time": 0.8333, "color": "ffffffe4" },
					{ "time": 1.1666, "color": "ffffffb1" },
					{ "time": 1.5, "color": "ffffffe9" },
					{ "time": 1.8333, "color": "ffffffb1" },
					{ "time": 2.1666, "color": "ffffffff" },
					{ "time": 2.5, "color": "ffffffbf" },
					{ "time": 2.8333, "color": "fffffff7" },
					{ "time": 3.1666, "color": "ffffffa5" },
					{ "time": 3.5, "color": "fffffff2" }
				],
				"attachment": [
					{ "time": 0, "name": "Z1A" },
					{ "time": 1.8333, "name": "Z1B" },
					{ "time": 3.1666, "name": "SS" }
				]
			}
		},
		"bones": {
			"PZ": {
				"rotate": [
					{ "time": 0, "angle": 0 }
				],
				"translate": [
					{ "time": 0, "x": 0, "y": 0 }
				],
				"scale": [
					{ "time": 0, "x": 1, "y": 1 }
				]
			},
			"TS": {
				"rotate": [
					{ "time": 0, "angle": 0, "curve": "stepped" },
					{ "time": 3.6666, "angle": 0 }
				],
				"translate": [
					{ "time": 0, "x": 0, "y": 0 }
				],
				"scale": [
					{ "time": 0, "x": 1, "y": 1 }
				]
			},
			"Z1A": {
				"scale": [
					{ "time": 0, "x": 1, "y": 1 },
					{ "time": 1.7666, "x": 0.959, "y": 0.959 },
					{ "time": 1.8333, "x": 1, "y": 1 },
					{ "time": 3.1, "x": 0.959, "y": 0.959 },
					{ "time": 3.1666, "x": 1, "y": 1 },
					{ "time": 3.3333, "x": 1.04, "y": 1.04 },
					{ "time": 3.5, "x": 1, "y": 1 }
				]
			},
			"P1A": {
				"rotate": [
					{ "time": 1.1333, "angle": 0 },
					{ "time": 1.1666, "angle": 13.3 }
				],
				"translate": [
					{ "time": 1.1333, "x": 0, "y": 0 },
					{ "time": 1.1666, "x": 17.43, "y": -21.8 }
				]
			},
			"D1A": {
				"rotate": [
					{ "time": 0, "angle": 0 }
				],
				"translate": [
					{ "time": 0, "x": 0, "y": 0 }
				]
			},
			"F1A": {
				"rotate": [
					{ "time": 0, "angle": 0 },
					{ "time": 0.1666, "angle": 2.22 },
					{ "time": 0.3333, "angle": -1.37 }
				],
				"translate": [
					{ "time": 0, "x": 0, "y": 0 }
				]
			}
		}
	},
	"normal": {
		"slots": {
			"D1": {
				"color": [
					{ "time": 0, "color": "ffffff00" }
				]
			},
			"D2": {
				"color": [
					{ "time": 0, "color": "ffffff00" }
				]
			},
			"F1": {
				"color": [
					{ "time": 0, "color": "ffffff00" }
				]
			},
			"P1": {
				"color": [
					{ "time": 0, "color": "ffffff00" }
				]
			},
			"Z1": {
				"attachment": [
					{ "time": 0, "name": null }
				]
			}
		},
		"bones": {
			"PZ": {
				"rotate": [
					{ "time": 0, "angle": 0, "curve": "stepped" },
					{ "time": 1, "angle": 0 }
				],
				"translate": [
					{ "time": 0, "x": 0, "y": 0, "curve": "stepped" },
					{ "time": 1, "x": 0, "y": 0 }
				],
				"scale": [
					{ "time": 0, "x": 1, "y": 1, "curve": "stepped" },
					{ "time": 1, "x": 1, "y": 1 }
				]
			},
			"TS": {
				"rotate": [
					{ "time": 0, "angle": 0, "curve": "stepped" },
					{ "time": 2, "angle": 0 }
				],
				"translate": [
					{ "time": 0, "x": 0, "y": 0, "curve": "stepped" },
					{ "time": 2, "x": 0, "y": 0 }
				],
				"scale": [
					{ "time": 0, "x": 1, "y": 1 },
					{ "time": 1, "x": 0.99, "y": 0.99 },
					{ "time": 2, "x": 1, "y": 1 }
				]
			},
			"P1A": {
				"rotate": [
					{ "time": 0, "angle": 0 },
					{ "time": 1, "angle": 3.6 },
					{ "time": 2, "angle": 0 }
				],
				"translate": [
					{ "time": 0, "x": 0, "y": 0, "curve": "stepped" },
					{ "time": 2, "x": 0, "y": 0 }
				]
			}
		}
	},
	"normal2": {
		"slots": {
			"D1": {
				"color": [
					{ "time": 0, "color": "ffffff00" }
				]
			},
			"D2": {
				"color": [
					{ "time": 0, "color": "ffffff00" }
				]
			},
			"D1A": {
				"attachment": [
					{ "time": 0, "name": null }
				]
			},
			"F1": {
				"color": [
					{ "time": 0, "color": "ffffff00" }
				]
			},
			"F1A": {
				"attachment": [
					{ "time": 0, "name": null }
				]
			},
			"P1": {
				"color": [
					{ "time": 0, "color": "ffffff00" }
				]
			},
			"P1A": {
				"attachment": [
					{ "time": 0, "name": null }
				]
			},
			"PZ": {
				"attachment": [
					{ "time": 0, "name": "PZ" }
				]
			},
			"Z1": {
				"attachment": [
					{ "time": 0, "name": null }
				]
			},
			"Z1A": {
				"attachment": [
					{ "time": 0, "name": "SS" }
				]
			}
		},
		"bones": {
			"PZ": {
				"rotate": [
					{ "time": 0, "angle": 0, "curve": "stepped" },
					{ "time": 1, "angle": 0 }
				],
				"translate": [
					{ "time": 0, "x": 0, "y": 0, "curve": "stepped" },
					{ "time": 1, "x": 0, "y": 0 }
				],
				"scale": [
					{ "time": 0, "x": 1, "y": 1, "curve": "stepped" },
					{ "time": 1, "x": 1, "y": 1 }
				]
			},
			"TS": {
				"rotate": [
					{ "time": 0, "angle": 0, "curve": "stepped" },
					{ "time": 2, "angle": 0 }
				],
				"translate": [
					{ "time": 0, "x": 0, "y": 0, "curve": "stepped" },
					{ "time": 2, "x": 0, "y": 0 }
				],
				"scale": [
					{ "time": 0, "x": 1, "y": 1 },
					{ "time": 1, "x": 0.99, "y": 0.99 },
					{ "time": 2, "x": 1, "y": 1 }
				]
			}
		}
	},
	"start": {
		"slots": {
			"D1": {
				"color": [
					{ "time": 0, "color": "ffffff00", "curve": "stepped" },
					{ "time": 0.3333, "color": "ffffff00" },
					{ "time": 0.5, "color": "ffffffff", "curve": "stepped" },
					{ "time": 1, "color": "ffffffff" },
					{ "time": 1.1666, "color": "ffffff00" }
				]
			},
			"D2": {
				"color": [
					{ "time": 0, "color": "ffffff00", "curve": "stepped" },
					{ "time": 0.3333, "color": "ffffff00" },
					{ "time": 0.5, "color": "ffffffff", "curve": "stepped" },
					{ "time": 1, "color": "ffffffff" },
					{ "time": 1.1666, "color": "ffffff00" }
				]
			},
			"D1A": {
				"color": [
					{ "time": 0, "color": "ffffff00", "curve": "stepped" },
					{ "time": 0.9333, "color": "ffffff00" },
					{ "time": 1, "color": "ffffff32" },
					{ "time": 1.1666, "color": "ffffffff" }
				]
			},
			"F1": {
				"color": [
					{ "time": 0, "color": "ffffff00", "curve": "stepped" },
					{ "time": 0.3333, "color": "ffffff00" },
					{ "time": 0.5, "color": "ffffffff", "curve": "stepped" },
					{ "time": 1.1666, "color": "ffffffff" },
					{ "time": 1.3333, "color": "ffffff00" }
				]
			},
			"F1A": {
				"color": [
					{ "time": 0, "color": "ffffff00", "curve": "stepped" },
					{ "time": 1, "color": "ffffff00" },
					{ "time": 1.1666, "color": "ffffffff" }
				]
			},
			"P1": {
				"color": [
					{ "time": 0, "color": "ffffff00", "curve": "stepped" },
					{ "time": 0.2, "color": "ffffff00", "curve": "stepped" },
					{ "time": 0.3333, "color": "ffffff00" },
					{ "time": 0.3666, "color": "ffffffff", "curve": "stepped" },
					{ "time": 0.5, "color": "ffffffff", "curve": "stepped" },
					{ "time": 0.8666, "color": "ffffffff", "curve": "stepped" },
					{ "time": 1, "color": "ffffffff" },
					{ "time": 1.0333, "color": "ffffff00", "curve": "stepped" },
					{ "time": 1.1666, "color": "ffffff00" }
				]
			},
			"P1A": {
				"color": [
					{ "time": 0, "color": "ffffff00", "curve": "stepped" },
					{ "time": 1, "color": "ffffff00" },
					{ "time": 1.3333, "color": "fffffffd" }
				]
			},
			"PZ": {
				"color": [
					{ "time": 0, "color": "ffffff00" },
					{ "time": 0.2666, "color": "ffffffff" }
				]
			},
			"Z1": {
				"color": [
					{ "time": 0, "color": "ffffff00", "curve": "stepped" },
					{ "time": 0.3, "color": "ffffff00" },
					{ "time": 0.5, "color": "ffffffff", "curve": "stepped" },
					{ "time": 1, "color": "ffffffff" },
					{ "time": 1.1666, "color": "ffffff00" }
				]
			},
			"Z1A": {
				"color": [
					{ "time": 0, "color": "ffffff00", "curve": "stepped" },
					{ "time": 0.8, "color": "ffffff00" },
					{ "time": 0.8666, "color": "ffffff24" },
					{ "time": 1, "color": "ffffffff" }
				]
			}
		},
		"bones": {
			"PZ": {
				"rotate": [
					{ "time": 1.5, "angle": 0 }
				],
				"translate": [
					{ "time": 0, "x": 0, "y": 59.49 },
					{ "time": 0.2666, "x": 0, "y": 0, "curve": "stepped" },
					{ "time": 1.5, "x": 0, "y": 0 }
				],
				"scale": [
					{ "time": 0, "x": 0.527, "y": 0.527 },
					{ "time": 0.2666, "x": 1, "y": 1, "curve": "stepped" },
					{ "time": 1.5, "x": 1, "y": 1 }
				]
			},
			"TS": {
				"rotate": [
					{ "time": 1.5, "angle": 0 }
				],
				"translate": [
					{ "time": 1.5, "x": 0, "y": 0 }
				],
				"scale": [
					{ "time": 1.5, "x": 1, "y": 1 }
				]
			},
			"Z1A": {
				"scale": [
					{ "time": 0.8666, "x": 0.959, "y": 0.959 },
					{ "time": 1.4333, "x": 1, "y": 1 }
				]
			},
			"D1": {
				"rotate": [
					{ "time": 0, "angle": 0 },
					{ "time": 0.8333, "angle": -11.62 },
					{ "time": 1.1, "angle": -43.09 }
				],
				"translate": [
					{ "time": 0, "x": 0, "y": 0 },
					{ "time": 0.3333, "x": 0, "y": -167.1 },
					{ "time": 1.1, "x": 4.35, "y": -485.91 }
				]
			},
			"F1": {
				"rotate": [
					{ "time": 0.3333, "angle": 2.94 },
					{ "time": 1.2666, "angle": -28.69 }
				],
				"translate": [
					{ "time": 0.3, "x": 0, "y": 67.01 },
					{ "time": 0.3333, "x": 0, "y": 109.85 },
					{ "time": 1.2666, "x": 0, "y": -550.55 }
				]
			},
			"P1": {
				"rotate": [
					{ "time": 0.3333, "angle": 3.47 },
					{ "time": 1.1, "angle": -3.79 }
				],
				"translate": [
					{ "time": 0.3333, "x": 0, "y": 14.2 },
					{ "time": 1.1, "x": 0, "y": -526.33 }
				],
				"scale": [
					{ "time": 0.3333, "x": 0.879, "y": 0.879 },
					{ "time": 1.1, "x": 1.003, "y": 1.003 }
				]
			},
			"D2": {
				"rotate": [
					{ "time": 0.3333, "angle": 2.06 },
					{ "time": 1.1, "angle": -104.84 }
				],
				"translate": [
					{ "time": 0.3333, "x": 0, "y": -12.06 },
					{ "time": 1.1, "x": 93.73, "y": -529.71 }
				]
			},
			"F1A": {
				"rotate": [
					{ "time": 0.8333, "angle": 0 },
					{ "time": 1.1666, "angle": -4.96 },
					{ "time": 1.3333, "angle": -2.15 }
				],
				"translate": [
					{ "time": 0.8333, "x": 0, "y": 0 }
				]
			},
			"Z1": {
				"rotate": [
					{ "time": 0.3333, "angle": 3.47 },
					{ "time": 0.6666, "angle": -66.74 },
					{ "time": 1, "angle": -156.75 },
					{ "time": 1.1666, "angle": -110.93 }
				],
				"translate": [
					{ "time": 0.3333, "x": 0, "y": 14.2 },
					{ "time": 1.1666, "x": 0, "y": -526.33 }
				],
				"scale": [
					{ "time": 0.3333, "x": 0.879, "y": 0.879 },
					{ "time": 1.1666, "x": 1.003, "y": 1.003 }
				]
			}
		}
	}
}
}