{
"skeleton": { "hash": "Z9S7N1m8L2/OdyM3Tdv6h1DQeqE", "spine": "3.2.01", "width": 273.16, "height": 247.59, "images": "" },
"bones": [
	{ "name": "root" },
	{ "name": "bone", "parent": "root" },
	{ "name": "BOX", "parent": "bone", "rotation": -0.17, "y": -11.52, "scaleX": 0.5, "scaleY": 0.5 },
	{ "name": "DDDDD", "parent": "BOX" },
	{ "name": "ball", "parent": "DDDDD", "rotation": -0.11, "x": -1.42, "y": 165.41 },
	{ "name": "B_light", "parent": "ball" },
	{ "name": "B_light2", "parent": "ball" },
	{ "name": "B_light3", "parent": "ball" },
	{ "name": "B_light4", "parent": "ball" },
	{ "name": "D1", "parent": "DDDDD", "x": -1.42, "y": 72.01 },
	{ "name": "DL", "parent": "DDDDD", "x": -45.63, "y": 111.22 },
	{ "name": "DR", "parent": "DDDDD", "x": 42.06, "y": 130.47 },
	{ "name": "DZ", "parent": "ball", "rotation": 0.11, "x": -2.7, "y": -72.73 },
	{ "name": "DZ2", "parent": "BOX" },
	{ "name": "QQ", "parent": "ball", "rotation": 0.11, "x": -2.85 },
	{ "name": "TX", "parent": "BOX", "x": -1.42, "y": 165.41 },
	{ "name": "TX_light", "parent": "BOX", "x": 1.42, "y": 163.27 },
	{ "name": "fish", "parent": "ball", "rotation": 73.79, "x": 2.57, "y": 3.93 },
	{ "name": "fish_L", "parent": "fish", "x": -24.04, "y": 3.1 },
	{ "name": "fish_L2", "parent": "fish", "x": -18.27, "y": -7.85 },
	{ "name": "fish_R", "parent": "fish", "x": 9.79, "y": -0.77 },
	{ "name": "fish_body", "parent": "fish", "x": -6.46, "y": -5.72 },
	{ "name": "fish_head", "parent": "fish", "rotation": 10.45, "x": -5.71, "y": 6.21 },
	{ "name": "fish_tail", "parent": "fish_body", "rotation": -26.01, "x": 11.31, "y": -22.54 },
	{ "name": "light", "parent": "BOX", "x": 1.42, "y": 168.98 },
	{ "name": "shadow", "parent": "BOX", "x": -2.13, "y": 82.7, "scaleX": 1.508, "scaleY": 1.074 }
],
"slots": [
	{ "name": "TX", "bone": "TX" },
	{ "name": "DZ2", "bone": "DZ2", "attachment": "DZ2" },
	{ "name": "shadow", "bone": "shadow", "color": "ffffff9d", "attachment": "shadow" },
	{ "name": "DL", "bone": "DL", "attachment": "DL" },
	{ "name": "DR", "bone": "DR", "attachment": "DR" },
	{ "name": "B_light2", "bone": "B_light2", "attachment": "B_light2" },
	{ "name": "B_light3", "bone": "B_light3", "attachment": "B_light3" },
	{ "name": "B_light4", "bone": "B_light4", "attachment": "B_light4" },
	{ "name": "B_light", "bone": "B_light", "attachment": "B_light", "blend": "additive" },
	{ "name": "QL", "bone": "DL", "attachment": "QL", "blend": "additive" },
	{ "name": "QR", "bone": "DR", "attachment": "QR", "blend": "additive" },
	{ "name": "DZ", "bone": "DZ", "attachment": "DZ" },
	{ "name": "QD", "bone": "DZ", "attachment": "QD", "blend": "additive" },
	{ "name": "QQ", "bone": "QQ", "attachment": "QQ", "blend": "additive" },
	{ "name": "fish_L", "bone": "fish_L", "attachment": "fish_L" },
	{ "name": "fish_tail", "bone": "fish_tail", "attachment": "fish_tail" },
	{ "name": "fish_R", "bone": "fish_R", "attachment": "fish_R" },
	{ "name": "fish_body", "bone": "fish_body", "attachment": "fish_body" },
	{ "name": "fish_L2", "bone": "fish_L2", "attachment": "fish_L2" },
	{ "name": "fish_head", "bone": "fish_head", "attachment": "fish_head" },
	{ "name": "fish_light", "bone": "fish_head", "attachment": "fish_light", "blend": "additive" },
	{ "name": "blue", "bone": "ball", "attachment": "blue" },
	{ "name": "B", "bone": "ball", "attachment": "B" },
	{ "name": "D1", "bone": "D1", "attachment": "D1" },
	{ "name": "Q1", "bone": "D1", "attachment": "Q1", "blend": "additive" },
	{ "name": "1", "bone": "TX_light", "attachment": "1", "blend": "additive" },
	{ "name": "light", "bone": "light", "attachment": "light", "blend": "additive" }
],
"skins": {
	"default": {
		"1": {
			"1": { "x": -3.42, "y": -12.27, "width": 350, "height": 351 },
			"2": { "x": -3.42, "y": -12.27, "width": 350, "height": 351 },
			"3": { "x": -3.42, "y": -12.27, "width": 350, "height": 351 },
			"4": { "x": -3.42, "y": -12.27, "width": 350, "height": 351 },
			"5": { "x": -3.42, "y": -12.27, "width": 350, "height": 351 }
		},
		"B": {
			"B": { "x": -0.57, "y": -14.41, "width": 350, "height": 351 }
		},
		"B_light": {
			"B_light": { "x": -0.57, "y": -14.41, "width": 350, "height": 351 }
		},
		"B_light2": {
			"B_light2": { "x": -0.57, "y": -14.41, "width": 350, "height": 351 }
		},
		"B_light3": {
			"B_light3": { "x": -0.57, "y": -14.41, "width": 350, "height": 351 }
		},
		"B_light4": {
			"B_light4": { "x": -0.57, "y": -14.41, "width": 350, "height": 351 }
		},
		"D1": {
			"D1": { "x": -0.57, "y": 78.98, "width": 350, "height": 351 }
		},
		"DL": {
			"DL": { "x": 43.63, "y": 39.77, "width": 350, "height": 351 }
		},
		"DR": {
			"DR": { "x": -44.06, "y": 20.52, "width": 350, "height": 351 }
		},
		"DZ": {
			"DZ": { "x": 2.27, "y": 58.31, "width": 350, "height": 351 }
		},
		"DZ2": {
			"DZ2": { "x": -2, "y": 151, "width": 350, "height": 351 }
		},
		"Q1": {
			"Q1": { "x": -0.57, "y": 78.98, "width": 350, "height": 351 }
		},
		"QD": {
			"QD": { "x": 2.27, "y": 58.31, "width": 350, "height": 351 }
		},
		"QL": {
			"QL": { "x": 43.63, "y": 39.77, "width": 350, "height": 351 }
		},
		"QQ": {
			"QQ": { "x": 2.27, "y": -14.41, "width": 350, "height": 351 }
		},
		"QR": {
			"QR": { "x": -44.06, "y": 20.52, "width": 350, "height": 351 }
		},
		"TX": {
			"TX": { "x": -0.57, "y": -14.41, "width": 350, "height": 351 }
		},
		"blue": {
			"blue": { "x": -0.54, "y": -14.41, "rotation": 0.11, "width": 350, "height": 351 }
		},
		"fish_L": {
			"fish_L": { "x": 44.81, "y": -21.09, "width": 350, "height": 351 }
		},
		"fish_L2": {
			"fish_L2": { "x": 39.04, "y": -10.14, "width": 350, "height": 351 }
		},
		"fish_R": {
			"fish_R": { "x": 10.96, "y": -17.22, "width": 350, "height": 351 }
		},
		"fish_body": {
			"fish_body": { "x": 27.23, "y": -12.27, "width": 350, "height": 351 }
		},
		"fish_head": {
			"fish_head": { "x": 27.26, "y": -23.87, "rotation": -0.46, "width": 350, "height": 351 }
		},
		"fish_light": {
			"fish_light": { "x": 23.19, "y": -27.15, "width": 350, "height": 351 }
		},
		"fish_tail": {
			"fish_tail": { "x": 14.39, "y": 9.82, "width": 350, "height": 351 }
		},
		"light": {
			"light": { "y": -22.1, "width": 350, "height": 351 }
		},
		"shadow": {
			"shadow": { "x": 0.13, "y": 68.29, "width": 350, "height": 351 }
		}
	}
},
"animations": {
	"normal": {
		"slots": {
			"1": {
				"color": [
					{ "time": 0, "color": "ffffffe2" },
					{ "time": 1, "color": "ffffff61" },
					{ "time": 2, "color": "ffffffe2" },
					{ "time": 3, "color": "ffffff6f" },
					{ "time": 4, "color": "ffffffe2" }
				],
				"attachment": [
					{ "time": 0, "name": "1" },
					{ "time": 0.2666, "name": "2" },
					{ "time": 0.5333, "name": "3" },
					{ "time": 0.8, "name": "4" },
					{ "time": 1.0666, "name": "5" },
					{ "time": 1.3333, "name": "1" },
					{ "time": 1.6, "name": "2" },
					{ "time": 1.8666, "name": "3" },
					{ "time": 2.1333, "name": "4" },
					{ "time": 2.4, "name": "5" },
					{ "time": 2.6666, "name": "1" },
					{ "time": 2.9333, "name": "2" },
					{ "time": 3.2, "name": "3" },
					{ "time": 3.4666, "name": "4" },
					{ "time": 3.7333, "name": "5" },
					{ "time": 4, "name": "1" }
				]
			},
			"B_light": {
				"color": [
					{ "time": 2, "color": "ffffffc2" },
					{ "time": 2.0666, "color": "ffffffff" },
					{ "time": 2.3333, "color": "ffffff9e" }
				]
			},
			"B_light2": {
				"color": [
					{ "time": 0, "color": "ffffffff" },
					{ "time": 2, "color": "ffffffad" },
					{ "time": 4, "color": "ffffffff" }
				]
			},
			"B_light3": {
				"color": [
					{ "time": 0, "color": "ffffffff" },
					{ "time": 1, "color": "ffffff29" },
					{ "time": 2, "color": "ffffff84" },
					{ "time": 3, "color": "ffffff3f" },
					{ "time": 4, "color": "ffffffff" }
				]
			},
			"B_light4": {
				"color": [
					{ "time": 0, "color": "ffffffff" },
					{ "time": 1, "color": "ffffff44" },
					{ "time": 2, "color": "ffffffd0" },
					{ "time": 3, "color": "ffffffdf" },
					{ "time": 4, "color": "ffffffff" }
				]
			},
			"Q1": {
				"color": [
					{ "time": 0, "color": "ffffffce" },
					{ "time": 1, "color": "ffffff67" },
					{ "time": 2, "color": "ffffffba" },
					{ "time": 3, "color": "ffffff67" },
					{ "time": 4, "color": "ffffffce" }
				]
			},
			"QD": {
				"color": [
					{ "time": 0, "color": "ffffffd1" },
					{ "time": 1, "color": "ffffffdf" },
					{ "time": 2, "color": "ffffff2a" },
					{ "time": 3, "color": "ffffffe8" },
					{ "time": 4, "color": "ffffffd1" }
				]
			},
			"QL": {
				"color": [
					{ "time": 0, "color": "ffffffce" },
					{ "time": 1, "color": "ffffff67" },
					{ "time": 2, "color": "ffffffba" },
					{ "time": 3, "color": "ffffff67" },
					{ "time": 4, "color": "ffffffce" }
				]
			},
			"QR": {
				"color": [
					{ "time": 0, "color": "ffffffce" },
					{ "time": 1, "color": "ffffff67" },
					{ "time": 2, "color": "ffffffba" },
					{ "time": 3, "color": "ffffff67" },
					{ "time": 4, "color": "ffffffce" }
				]
			},
			"fish_light": {
				"color": [
					{ "time": 0, "color": "ffffffff" },
					{ "time": 1.3333, "color": "ffffff65" },
					{ "time": 2, "color": "ffffffbd" },
					{ "time": 3, "color": "ffffffff", "curve": "stepped" },
					{ "time": 4, "color": "ffffffff" }
				]
			},
			"light": {
				"color": [
					{ "time": 0, "color": "ffffffc9" },
					{ "time": 1, "color": "ffffff7b" },
					{ "time": 2, "color": "ffffffc8" },
					{ "time": 3, "color": "ffffff5c" },
					{ "time": 4, "color": "ffffffc9" }
				]
			}
		},
		"bones": {
			"root": {
				"rotate": [
					{ "time": 0, "angle": 0, "curve": "stepped" },
					{ "time": 4, "angle": 0 }
				],
				"translate": [
					{ "time": 0, "x": 0, "y": 0, "curve": "stepped" },
					{ "time": 4, "x": 0, "y": 0 }
				],
				"scale": [
					{ "time": 0, "x": 1, "y": 1, "curve": "stepped" },
					{ "time": 4, "x": 1, "y": 1 }
				]
			},
			"shadow": {
				"rotate": [
					{ "time": 0, "angle": 0, "curve": "stepped" },
					{ "time": 4, "angle": 0 }
				],
				"translate": [
					{ "time": 0, "x": 0, "y": 0 },
					{ "time": 2, "x": 1.05, "y": -8.7 },
					{ "time": 4, "x": 0, "y": 0 }
				],
				"scale": [
					{ "time": 0, "x": 1, "y": 1 },
					{ "time": 2, "x": 0.861, "y": 0.575 },
					{ "time": 4, "x": 1, "y": 1 }
				]
			},
			"light": {
				"rotate": [
					{ "time": 0, "angle": 0 },
					{ "time": 1, "angle": -7.38 },
					{ "time": 3, "angle": 35.58 },
					{ "time": 4, "angle": 0 }
				],
				"translate": [
					{ "time": 0, "x": 0, "y": 0, "curve": "stepped" },
					{ "time": 4, "x": 0, "y": 0 }
				],
				"scale": [
					{ "time": 0, "x": 1, "y": 1 },
					{ "time": 2, "x": 0.975, "y": 0.975 },
					{ "time": 4, "x": 1, "y": 1 }
				]
			},
			"fish_tail": {
				"rotate": [
					{ "time": 0, "angle": -1.04 },
					{ "time": 0.6666, "angle": 20.76 },
					{ "time": 1.3333, "angle": -1.04 },
					{ "time": 2, "angle": 20.76 },
					{ "time": 2.6666, "angle": -1.04 },
					{ "time": 3.3333, "angle": 20.76 },
					{ "time": 4, "angle": -1.04 }
				],
				"translate": [
					{ "time": 0, "x": 0, "y": 0, "curve": "stepped" },
					{ "time": 4, "x": 0, "y": 0 }
				],
				"scale": [
					{ "time": 0, "x": 1, "y": 1, "curve": "stepped" },
					{ "time": 4, "x": 1, "y": 1 }
				]
			},
			"fish_head": {
				"rotate": [
					{ "time": 0, "angle": 0 },
					{ "time": 0.6666, "angle": -11.74 },
					{ "time": 1.3333, "angle": 0 },
					{ "time": 2, "angle": -11.82 },
					{ "time": 2.6666, "angle": 0 },
					{ "time": 3.3333, "angle": -3.89 },
					{ "time": 4, "angle": 0 }
				],
				"translate": [
					{ "time": 0, "x": 0, "y": 0, "curve": "stepped" },
					{ "time": 4, "x": 0, "y": 0 }
				],
				"scale": [
					{ "time": 0, "x": 1, "y": 1, "curve": "stepped" },
					{ "time": 4, "x": 1, "y": 1 }
				]
			},
			"fish_body": {
				"rotate": [
					{ "time": 0, "angle": 0 },
					{ "time": 0.6666, "angle": 12.23 },
					{ "time": 1.3333, "angle": 0 },
					{ "time": 2, "angle": 12.23 },
					{ "time": 2.6666, "angle": 0 },
					{ "time": 3.3333, "angle": 12.23 },
					{ "time": 4, "angle": 0 }
				],
				"translate": [
					{ "time": 0, "x": 0, "y": 0, "curve": "stepped" },
					{ "time": 4, "x": 0, "y": 0 }
				],
				"scale": [
					{ "time": 0, "x": 1, "y": 1, "curve": "stepped" },
					{ "time": 4, "x": 1, "y": 1 }
				]
			},
			"fish_R": {
				"rotate": [
					{ "time": 0, "angle": -10.73 },
					{ "time": 0.6666, "angle": 32.46 },
					{ "time": 1.3333, "angle": -10.73 },
					{ "time": 2, "angle": 17.44 },
					{ "time": 2.6666, "angle": -10.73 },
					{ "time": 3.3333, "angle": 18.12 },
					{ "time": 4, "angle": -10.73 }
				],
				"translate": [
					{ "time": 0, "x": 0, "y": 0, "curve": "stepped" },
					{ "time": 4, "x": 0, "y": 0 }
				],
				"scale": [
					{ "time": 0, "x": 1, "y": 1, "curve": "stepped" },
					{ "time": 4, "x": 1, "y": 1 }
				]
			},
			"fish_L2": {
				"rotate": [
					{ "time": 0, "angle": -13.54 },
					{ "time": 0.6666, "angle": 3.56 },
					{ "time": 1.3333, "angle": -13.54 },
					{ "time": 2, "angle": 3.56 },
					{ "time": 2.6666, "angle": -13.54 },
					{ "time": 3.3333, "angle": 3.56 },
					{ "time": 4, "angle": -13.54 }
				],
				"translate": [
					{ "time": 0, "x": 0, "y": 0, "curve": "stepped" },
					{ "time": 4, "x": 0, "y": 0 }
				],
				"scale": [
					{ "time": 0, "x": 1, "y": 1, "curve": "stepped" },
					{ "time": 4, "x": 1, "y": 1 }
				]
			},
			"fish_L": {
				"rotate": [
					{ "time": 0, "angle": -4.86 },
					{ "time": 0.6666, "angle": -33.62 },
					{ "time": 1.3333, "angle": -4.86 },
					{ "time": 2, "angle": -33.62 },
					{ "time": 2.6666, "angle": -4.86 },
					{ "time": 3.3333, "angle": -33.62 },
					{ "time": 4, "angle": -4.86 }
				],
				"translate": [
					{ "time": 0, "x": 0, "y": 0, "curve": "stepped" },
					{ "time": 4, "x": 0, "y": 0 }
				],
				"scale": [
					{ "time": 0, "x": 1, "y": 1, "curve": "stepped" },
					{ "time": 4, "x": 1, "y": 1 }
				]
			},
			"fish": {
				"rotate": [
					{ "time": 0, "angle": 0 },
					{ "time": 1.3333, "angle": 4.23 },
					{ "time": 1.3666, "angle": 18.79 },
					{ "time": 2.6666, "angle": 29.27 },
					{ "time": 3.3333, "angle": 23.86 },
					{ "time": 3.3666, "angle": -6.46 },
					{ "time": 4, "angle": 0 }
				],
				"translate": [
					{ "time": 0, "x": 0, "y": 0 },
					{ "time": 1.3333, "x": -23.82, "y": -10.63 },
					{ "time": 1.3666, "x": -36.76, "y": -10.65 },
					{ "time": 3.3333, "x": 21.03, "y": -10.54 },
					{ "time": 3.3666, "x": 23.63, "y": -10.27 },
					{ "time": 4, "x": 0, "y": 0 }
				],
				"scale": [
					{ "time": 0, "x": 1, "y": 1, "curve": "stepped" },
					{ "time": 1.3333, "x": 1, "y": 1 },
					{ "time": 1.3666, "x": 1, "y": -0.972, "curve": "stepped" },
					{ "time": 3.3333, "x": 1, "y": -0.972 },
					{ "time": 3.3666, "x": 1, "y": 1, "curve": "stepped" },
					{ "time": 4, "x": 1, "y": 1 }
				]
			},
			"QQ": {
				"rotate": [
					{ "time": 0, "angle": 0, "curve": "stepped" },
					{ "time": 4, "angle": 0 }
				],
				"translate": [
					{ "time": 0, "x": 0, "y": 0, "curve": "stepped" },
					{ "time": 4, "x": 0, "y": 0 }
				],
				"scale": [
					{ "time": 0, "x": 1, "y": 1 },
					{ "time": 2, "x": 1.381, "y": 1.381 },
					{ "time": 4, "x": 1, "y": 1 }
				]
			},
			"DZ": {
				"rotate": [
					{ "time": 0, "angle": 0, "curve": "stepped" },
					{ "time": 4, "angle": 0 }
				],
				"translate": [
					{ "time": 0, "x": 0, "y": 0 },
					{ "time": 2, "x": -0.01, "y": 5.3 },
					{ "time": 4, "x": 0, "y": 0 }
				],
				"scale": [
					{ "time": 0, "x": 1, "y": 1, "curve": "stepped" },
					{ "time": 4, "x": 1, "y": 1 }
				]
			},
			"B_light4": {
				"rotate": [
					{ "time": 0, "angle": 0 },
					{ "time": 1, "angle": -77.54 },
					{ "time": 2, "angle": -137.21 },
					{ "time": 3, "angle": 105.37 },
					{ "time": 4, "angle": 0 }
				],
				"translate": [
					{ "time": 0, "x": 0, "y": 0, "curve": "stepped" },
					{ "time": 4, "x": 0, "y": 0 }
				],
				"scale": [
					{ "time": 0, "x": 1, "y": 1, "curve": "stepped" },
					{ "time": 4, "x": 1, "y": 1 }
				]
			},
			"B_light3": {
				"rotate": [
					{ "time": 0, "angle": 0 },
					{ "time": 1, "angle": 72.6 },
					{ "time": 2, "angle": 162.37 },
					{ "time": 3, "angle": -99.83 },
					{ "time": 4, "angle": 0 }
				],
				"translate": [
					{ "time": 0, "x": 0, "y": 0, "curve": "stepped" },
					{ "time": 4, "x": 0, "y": 0 }
				],
				"scale": [
					{ "time": 0, "x": 1, "y": 1, "curve": "stepped" },
					{ "time": 4, "x": 1, "y": 1 }
				]
			},
			"B_light2": {
				"rotate": [
					{ "time": 0, "angle": 0 },
					{ "time": 1, "angle": -19.81 },
					{ "time": 2, "angle": -14.6 },
					{ "time": 3, "angle": 6.67 },
					{ "time": 4, "angle": 0 }
				],
				"translate": [
					{ "time": 0, "x": 0, "y": 0, "curve": "stepped" },
					{ "time": 4, "x": 0, "y": 0 }
				],
				"scale": [
					{ "time": 0, "x": 1, "y": 1, "curve": "stepped" },
					{ "time": 4, "x": 1, "y": 1 }
				]
			},
			"B_light": {
				"rotate": [
					{ "time": 0, "angle": 0 },
					{ "time": 2, "angle": 2.24 },
					{ "time": 2.3333, "angle": 0 },
					{ "time": 4, "angle": 0 }
				],
				"translate": [
					{ "time": 0, "x": 0, "y": 0 },
					{ "time": 2, "x": 4.24, "y": -3.17 },
					{ "time": 4, "x": 0, "y": 0 }
				],
				"scale": [
					{ "time": 0, "x": 1, "y": 1 },
					{ "time": 2, "x": 1.121, "y": 1.121 },
					{ "time": 4, "x": 1, "y": 1 }
				]
			},
			"ball": {
				"rotate": [
					{ "time": 0, "angle": 0, "curve": "stepped" },
					{ "time": 4, "angle": 0 }
				],
				"translate": [
					{ "time": 0, "x": 0, "y": 0, "curve": "stepped" },
					{ "time": 4, "x": 0, "y": 0 }
				],
				"scale": [
					{ "time": 0, "x": 1, "y": 1, "curve": "stepped" },
					{ "time": 4, "x": 1, "y": 1 }
				]
			},
			"TX_light": {
				"rotate": [
					{ "time": 0, "angle": 0, "curve": "stepped" },
					{ "time": 4, "angle": 0 }
				],
				"translate": [
					{ "time": 0, "x": 0, "y": 0 },
					{ "time": 2, "x": 0, "y": 7.43 },
					{ "time": 4, "x": 0, "y": 0 }
				],
				"scale": [
					{ "time": 0, "x": 1, "y": 1 },
					{ "time": 2, "x": 0.934, "y": 0.934 },
					{ "time": 4, "x": 1, "y": 1 }
				]
			},
			"TX": {
				"rotate": [
					{ "time": 0, "angle": 0, "curve": "stepped" },
					{ "time": 4, "angle": 0 }
				],
				"translate": [
					{ "time": 0, "x": 0, "y": 0, "curve": "stepped" },
					{ "time": 4, "x": 0, "y": 0 }
				],
				"scale": [
					{ "time": 0, "x": 1, "y": 1, "curve": "stepped" },
					{ "time": 4, "x": 1, "y": 1 }
				]
			},
			"DZ2": {
				"rotate": [
					{ "time": 0, "angle": 0, "curve": "stepped" },
					{ "time": 4, "angle": 0 }
				],
				"translate": [
					{ "time": 0, "x": 0, "y": 0, "curve": "stepped" },
					{ "time": 4, "x": 0, "y": 0 }
				],
				"scale": [
					{ "time": 0, "x": 1, "y": 1, "curve": "stepped" },
					{ "time": 4, "x": 1, "y": 1 }
				]
			},
			"DR": {
				"rotate": [
					{ "time": 0, "angle": 0 },
					{ "time": 2, "angle": -1.77 },
					{ "time": 4, "angle": 0 }
				],
				"translate": [
					{ "time": 0, "x": 0, "y": 0 },
					{ "time": 2, "x": 2.12, "y": 2.59 },
					{ "time": 4, "x": 0, "y": 0 }
				],
				"scale": [
					{ "time": 0, "x": 1, "y": 1 },
					{ "time": 2, "x": 1.021, "y": 1.021 },
					{ "time": 4, "x": 1, "y": 1 }
				]
			},
			"DL": {
				"rotate": [
					{ "time": 0, "angle": 0 },
					{ "time": 2, "angle": 2.46 },
					{ "time": 4, "angle": 0 }
				],
				"translate": [
					{ "time": 0, "x": 0, "y": 0 },
					{ "time": 2, "x": -4.23, "y": 0.47 },
					{ "time": 4, "x": 0, "y": 0 }
				],
				"scale": [
					{ "time": 0, "x": 1, "y": 1 },
					{ "time": 2, "x": 1.03, "y": 1.03 },
					{ "time": 4, "x": 1, "y": 1 }
				]
			},
			"D1": {
				"rotate": [
					{ "time": 0, "angle": 0 },
					{ "time": 2, "angle": 2.07 },
					{ "time": 4, "angle": 0 }
				],
				"translate": [
					{ "time": 0, "x": 0, "y": 0 },
					{ "time": 2, "x": 0, "y": 2.59 },
					{ "time": 4, "x": 0, "y": 0 }
				],
				"scale": [
					{ "time": 0, "x": 1, "y": 1 },
					{ "time": 2, "x": 1.063, "y": 1.063 },
					{ "time": 4, "x": 1, "y": 1 }
				]
			},
			"DDDDD": {
				"rotate": [
					{ "time": 0, "angle": 0, "curve": "stepped" },
					{ "time": 4, "angle": 0 }
				],
				"translate": [
					{ "time": 0, "x": 0, "y": 0 },
					{ "time": 2, "x": 0, "y": 14.81 },
					{ "time": 4, "x": 0, "y": 0 }
				],
				"scale": [
					{ "time": 0, "x": 1, "y": 1, "curve": "stepped" },
					{ "time": 4, "x": 1, "y": 1 }
				]
			},
			"BOX": {
				"rotate": [
					{ "time": 0, "angle": 0, "curve": "stepped" },
					{ "time": 4, "angle": 0 }
				],
				"translate": [
					{ "time": 0, "x": 0, "y": 0, "curve": "stepped" },
					{ "time": 4, "x": 0, "y": 0 }
				],
				"scale": [
					{ "time": 0, "x": 1, "y": 1, "curve": "stepped" },
					{ "time": 4, "x": 1, "y": 1 }
				]
			},
			"bone": {
				"rotate": [
					{ "time": 0, "angle": 0, "curve": "stepped" },
					{ "time": 4, "angle": 0 }
				],
				"translate": [
					{ "time": 0, "x": 0, "y": 0, "curve": "stepped" },
					{ "time": 4, "x": 0, "y": 0 }
				],
				"scale": [
					{ "time": 0, "x": 1, "y": 1, "curve": "stepped" },
					{ "time": 4, "x": 1, "y": 1 }
				]
			}
		}
	},
	"touch": {
		"slots": {
			"1": {
				"color": [
					{ "time": 0, "color": "ffffffe2" },
					{ "time": 1, "color": "ffffff61" },
					{ "time": 2, "color": "ffffffe2" },
					{ "time": 3, "color": "ffffff6f" },
					{ "time": 4, "color": "ffffffe2" }
				],
				"attachment": [
					{ "time": 0, "name": "1" },
					{ "time": 0.2666, "name": "2" },
					{ "time": 0.5333, "name": "3" },
					{ "time": 0.8, "name": "4" },
					{ "time": 1.0666, "name": "5" },
					{ "time": 1.3333, "name": "1" },
					{ "time": 1.6, "name": "2" },
					{ "time": 1.8666, "name": "3" },
					{ "time": 2.1333, "name": "4" },
					{ "time": 2.4, "name": "5" },
					{ "time": 2.6666, "name": "1" },
					{ "time": 2.9333, "name": "2" },
					{ "time": 3.2, "name": "3" },
					{ "time": 3.4666, "name": "4" },
					{ "time": 3.7333, "name": "5" },
					{ "time": 4, "name": "1" }
				]
			},
			"B_light": {
				"color": [
					{ "time": 2, "color": "ffffffc2" },
					{ "time": 2.0666, "color": "ffffffff" },
					{ "time": 2.3333, "color": "ffffff9e" }
				]
			},
			"B_light2": {
				"color": [
					{ "time": 0, "color": "ffffffff" },
					{ "time": 2, "color": "ffffffad" },
					{ "time": 4, "color": "ffffffff" }
				]
			},
			"B_light3": {
				"color": [
					{ "time": 0, "color": "ffffffff" },
					{ "time": 1, "color": "ffffff29" },
					{ "time": 2, "color": "ffffff84" },
					{ "time": 3, "color": "ffffff3f" },
					{ "time": 4, "color": "ffffffff" }
				]
			},
			"B_light4": {
				"color": [
					{ "time": 0, "color": "ffffffff" },
					{ "time": 1, "color": "ffffff44" },
					{ "time": 2, "color": "ffffffd0" },
					{ "time": 3, "color": "ffffffdf" },
					{ "time": 4, "color": "ffffffff" }
				]
			},
			"Q1": {
				"color": [
					{ "time": 0, "color": "ffffffce" },
					{ "time": 0.1333, "color": "ffffffff" },
					{ "time": 1, "color": "ffffff67" },
					{ "time": 2, "color": "ffffffba" },
					{ "time": 3, "color": "ffffff67" },
					{ "time": 4, "color": "ffffffce" }
				]
			},
			"QD": {
				"color": [
					{ "time": 0, "color": "ffffffd1" },
					{ "time": 1, "color": "ffffffdf" },
					{ "time": 2, "color": "ffffff2a" },
					{ "time": 3, "color": "ffffffe8" },
					{ "time": 4, "color": "ffffffd1" }
				]
			},
			"QL": {
				"color": [
					{ "time": 0, "color": "ffffffce" },
					{ "time": 0.1333, "color": "ffffffff" },
					{ "time": 1, "color": "ffffff67" },
					{ "time": 2, "color": "ffffffba" },
					{ "time": 3, "color": "ffffff67" },
					{ "time": 4, "color": "ffffffce" }
				]
			},
			"QR": {
				"color": [
					{ "time": 0, "color": "ffffffce" },
					{ "time": 0.1333, "color": "ffffffff" },
					{ "time": 1, "color": "ffffff67" },
					{ "time": 2, "color": "ffffffba" },
					{ "time": 3, "color": "ffffff67" },
					{ "time": 4, "color": "ffffffce" }
				]
			},
			"TX": {
				"attachment": [
					{ "time": 0.0666, "name": "TX" },
					{ "time": 0.6666, "name": null }
				]
			},
			"fish_light": {
				"color": [
					{ "time": 0, "color": "ffffffff" },
					{ "time": 1.3333, "color": "ffffff65" },
					{ "time": 2, "color": "ffffffbd" },
					{ "time": 3, "color": "ffffffff", "curve": "stepped" },
					{ "time": 4, "color": "ffffffff" }
				]
			},
			"light": {
				"color": [
					{ "time": 0, "color": "ffffffc9" },
					{ "time": 1, "color": "ffffff7b" },
					{ "time": 2, "color": "ffffffc8" },
					{ "time": 3, "color": "ffffff5c" },
					{ "time": 4, "color": "ffffffc9" }
				]
			}
		},
		"bones": {
			"root": {
				"rotate": [
					{ "time": 0, "angle": 0, "curve": "stepped" },
					{ "time": 4, "angle": 0 }
				],
				"translate": [
					{ "time": 0, "x": 0, "y": 0, "curve": "stepped" },
					{ "time": 4, "x": 0, "y": 0 }
				],
				"scale": [
					{ "time": 0, "x": 1, "y": 1, "curve": "stepped" },
					{ "time": 4, "x": 1, "y": 1 }
				]
			},
			"shadow": {
				"rotate": [
					{ "time": 0, "angle": 0, "curve": "stepped" },
					{ "time": 4, "angle": 0 }
				],
				"translate": [
					{ "time": 0, "x": 0, "y": 0 },
					{ "time": 2, "x": 1.05, "y": -8.7 },
					{ "time": 4, "x": 0, "y": 0 }
				],
				"scale": [
					{ "time": 0, "x": 1, "y": 1 },
					{ "time": 2, "x": 0.861, "y": 0.575 },
					{ "time": 4, "x": 1, "y": 1 }
				]
			},
			"light": {
				"rotate": [
					{ "time": 0, "angle": 0 },
					{ "time": 1, "angle": -7.38 },
					{ "time": 3, "angle": 35.58 },
					{ "time": 4, "angle": 0 }
				],
				"translate": [
					{ "time": 0, "x": 0, "y": 0, "curve": "stepped" },
					{ "time": 4, "x": 0, "y": 0 }
				],
				"scale": [
					{ "time": 0, "x": 1, "y": 1 },
					{ "time": 2, "x": 0.975, "y": 0.975 },
					{ "time": 4, "x": 1, "y": 1 }
				]
			},
			"fish_tail": {
				"rotate": [
					{ "time": 0, "angle": -1.04 },
					{ "time": 0.6666, "angle": 20.76 },
					{ "time": 1.3333, "angle": -1.04 },
					{ "time": 2, "angle": 20.76 },
					{ "time": 2.6666, "angle": -1.04 },
					{ "time": 3.3333, "angle": 20.76 },
					{ "time": 4, "angle": -1.04 }
				],
				"translate": [
					{ "time": 0, "x": 0, "y": 0, "curve": "stepped" },
					{ "time": 4, "x": 0, "y": 0 }
				],
				"scale": [
					{ "time": 0, "x": 1, "y": 1, "curve": "stepped" },
					{ "time": 4, "x": 1, "y": 1 }
				]
			},
			"fish_head": {
				"rotate": [
					{ "time": 0, "angle": 0 },
					{ "time": 0.6666, "angle": -11.74 },
					{ "time": 1.3333, "angle": 0 },
					{ "time": 2, "angle": -11.82 },
					{ "time": 2.6666, "angle": 0 },
					{ "time": 3.3333, "angle": -3.89 },
					{ "time": 4, "angle": 0 }
				],
				"translate": [
					{ "time": 0, "x": 0, "y": 0, "curve": "stepped" },
					{ "time": 4, "x": 0, "y": 0 }
				],
				"scale": [
					{ "time": 0, "x": 1, "y": 1, "curve": "stepped" },
					{ "time": 4, "x": 1, "y": 1 }
				]
			},
			"fish_body": {
				"rotate": [
					{ "time": 0, "angle": 0 },
					{ "time": 0.6666, "angle": 12.23 },
					{ "time": 1.3333, "angle": 0 },
					{ "time": 2, "angle": 12.23 },
					{ "time": 2.6666, "angle": 0 },
					{ "time": 3.3333, "angle": 12.23 },
					{ "time": 4, "angle": 0 }
				],
				"translate": [
					{ "time": 0, "x": 0, "y": 0, "curve": "stepped" },
					{ "time": 4, "x": 0, "y": 0 }
				],
				"scale": [
					{ "time": 0, "x": 1, "y": 1, "curve": "stepped" },
					{ "time": 4, "x": 1, "y": 1 }
				]
			},
			"fish_R": {
				"rotate": [
					{ "time": 0, "angle": -10.73 },
					{ "time": 0.6666, "angle": 32.46 },
					{ "time": 1.3333, "angle": -10.73 },
					{ "time": 2, "angle": 17.44 },
					{ "time": 2.6666, "angle": -10.73 },
					{ "time": 3.3333, "angle": 18.12 },
					{ "time": 4, "angle": -10.73 }
				],
				"translate": [
					{ "time": 0, "x": 0, "y": 0, "curve": "stepped" },
					{ "time": 4, "x": 0, "y": 0 }
				],
				"scale": [
					{ "time": 0, "x": 1, "y": 1, "curve": "stepped" },
					{ "time": 4, "x": 1, "y": 1 }
				]
			},
			"fish_L2": {
				"rotate": [
					{ "time": 0, "angle": -13.54 },
					{ "time": 0.6666, "angle": 3.56 },
					{ "time": 1.3333, "angle": -13.54 },
					{ "time": 2, "angle": 3.56 },
					{ "time": 2.6666, "angle": -13.54 },
					{ "time": 3.3333, "angle": 3.56 },
					{ "time": 4, "angle": -13.54 }
				],
				"translate": [
					{ "time": 0, "x": 0, "y": 0, "curve": "stepped" },
					{ "time": 4, "x": 0, "y": 0 }
				],
				"scale": [
					{ "time": 0, "x": 1, "y": 1, "curve": "stepped" },
					{ "time": 4, "x": 1, "y": 1 }
				]
			},
			"fish_L": {
				"rotate": [
					{ "time": 0, "angle": -4.86 },
					{ "time": 0.6666, "angle": -33.62 },
					{ "time": 1.3333, "angle": -4.86 },
					{ "time": 2, "angle": -33.62 },
					{ "time": 2.6666, "angle": -4.86 },
					{ "time": 3.3333, "angle": -33.62 },
					{ "time": 4, "angle": -4.86 }
				],
				"translate": [
					{ "time": 0, "x": 0, "y": 0, "curve": "stepped" },
					{ "time": 4, "x": 0, "y": 0 }
				],
				"scale": [
					{ "time": 0, "x": 1, "y": 1, "curve": "stepped" },
					{ "time": 4, "x": 1, "y": 1 }
				]
			},
			"fish": {
				"rotate": [
					{ "time": 0, "angle": 0 },
					{ "time": 1.3333, "angle": 4.23 },
					{ "time": 1.3666, "angle": 18.79 },
					{ "time": 2.6666, "angle": 29.27 },
					{ "time": 3.3333, "angle": 23.86 },
					{ "time": 3.3666, "angle": -6.46 },
					{ "time": 4, "angle": 0 }
				],
				"translate": [
					{ "time": 0, "x": 0, "y": 0 },
					{ "time": 1.3333, "x": -23.82, "y": -10.63 },
					{ "time": 1.3666, "x": -36.76, "y": -10.65 },
					{ "time": 3.3333, "x": 21.03, "y": -10.54 },
					{ "time": 3.3666, "x": 23.63, "y": -10.27 },
					{ "time": 4, "x": 0, "y": 0 }
				],
				"scale": [
					{ "time": 0, "x": 1, "y": 1, "curve": "stepped" },
					{ "time": 1.3333, "x": 1, "y": 1 },
					{ "time": 1.3666, "x": 1, "y": -0.972, "curve": "stepped" },
					{ "time": 3.3333, "x": 1, "y": -0.972 },
					{ "time": 3.3666, "x": 1, "y": 1, "curve": "stepped" },
					{ "time": 4, "x": 1, "y": 1 }
				]
			},
			"QQ": {
				"rotate": [
					{ "time": 0, "angle": 0, "curve": "stepped" },
					{ "time": 4, "angle": 0 }
				],
				"translate": [
					{ "time": 0, "x": 0, "y": 0, "curve": "stepped" },
					{ "time": 4, "x": 0, "y": 0 }
				],
				"scale": [
					{ "time": 0, "x": 1, "y": 1 },
					{ "time": 2, "x": 1.381, "y": 1.381 },
					{ "time": 4, "x": 1, "y": 1 }
				]
			},
			"DZ": {
				"rotate": [
					{ "time": 0, "angle": 0, "curve": "stepped" },
					{ "time": 4, "angle": 0 }
				],
				"translate": [
					{ "time": 0, "x": 0, "y": 0 },
					{ "time": 2, "x": -0.01, "y": 5.3 },
					{ "time": 4, "x": 0, "y": 0 }
				],
				"scale": [
					{ "time": 0, "x": 1, "y": 1, "curve": "stepped" },
					{ "time": 4, "x": 1, "y": 1 }
				]
			},
			"B_light4": {
				"rotate": [
					{ "time": 0, "angle": 0 },
					{ "time": 1, "angle": -77.54 },
					{ "time": 2, "angle": -137.21 },
					{ "time": 3, "angle": 105.37 },
					{ "time": 4, "angle": 0 }
				],
				"translate": [
					{ "time": 0, "x": 0, "y": 0, "curve": "stepped" },
					{ "time": 4, "x": 0, "y": 0 }
				],
				"scale": [
					{ "time": 0, "x": 1, "y": 1, "curve": "stepped" },
					{ "time": 4, "x": 1, "y": 1 }
				]
			},
			"B_light3": {
				"rotate": [
					{ "time": 0, "angle": 0 },
					{ "time": 1, "angle": 72.6 },
					{ "time": 2, "angle": 162.37 },
					{ "time": 3, "angle": -99.83 },
					{ "time": 4, "angle": 0 }
				],
				"translate": [
					{ "time": 0, "x": 0, "y": 0, "curve": "stepped" },
					{ "time": 4, "x": 0, "y": 0 }
				],
				"scale": [
					{ "time": 0, "x": 1, "y": 1, "curve": "stepped" },
					{ "time": 4, "x": 1, "y": 1 }
				]
			},
			"B_light2": {
				"rotate": [
					{ "time": 0, "angle": 0 },
					{ "time": 1, "angle": -19.81 },
					{ "time": 2, "angle": -14.6 },
					{ "time": 3, "angle": 6.67 },
					{ "time": 4, "angle": 0 }
				],
				"translate": [
					{ "time": 0, "x": 0, "y": 0, "curve": "stepped" },
					{ "time": 4, "x": 0, "y": 0 }
				],
				"scale": [
					{ "time": 0, "x": 1, "y": 1, "curve": "stepped" },
					{ "time": 4, "x": 1, "y": 1 }
				]
			},
			"B_light": {
				"rotate": [
					{ "time": 0, "angle": 0 },
					{ "time": 2, "angle": 2.24 },
					{ "time": 2.3333, "angle": 0 },
					{ "time": 4, "angle": 0 }
				],
				"translate": [
					{ "time": 0, "x": 0, "y": 0 },
					{ "time": 2, "x": 4.24, "y": -3.17 },
					{ "time": 4, "x": 0, "y": 0 }
				],
				"scale": [
					{ "time": 0, "x": 1, "y": 1 },
					{ "time": 2, "x": 1.121, "y": 1.121 },
					{ "time": 4, "x": 1, "y": 1 }
				]
			},
			"ball": {
				"rotate": [
					{ "time": 0, "angle": 0, "curve": "stepped" },
					{ "time": 4, "angle": 0 }
				],
				"translate": [
					{ "time": 0, "x": 0, "y": 0, "curve": "stepped" },
					{ "time": 4, "x": 0, "y": 0 }
				],
				"scale": [
					{ "time": 0, "x": 1, "y": 1, "curve": "stepped" },
					{ "time": 4, "x": 1, "y": 1 }
				]
			},
			"TX_light": {
				"rotate": [
					{ "time": 0, "angle": 0, "curve": "stepped" },
					{ "time": 4, "angle": 0 }
				],
				"translate": [
					{ "time": 0, "x": 0, "y": 0 },
					{ "time": 2, "x": 0, "y": 7.43 },
					{ "time": 4, "x": 0, "y": 0 }
				],
				"scale": [
					{ "time": 0, "x": 1, "y": 1 },
					{ "time": 0.0666, "x": 1.823, "y": 1.823 },
					{ "time": 0.2, "x": 0.826, "y": 0.826 },
					{ "time": 0.4, "x": 1.191, "y": 1.191 },
					{ "time": 0.6, "x": 0.942, "y": 0.942 },
					{ "time": 2, "x": 0.934, "y": 0.934 },
					{ "time": 4, "x": 1, "y": 1 }
				]
			},
			"TX": {
				"rotate": [
					{ "time": 0, "angle": 0, "curve": "stepped" },
					{ "time": 4, "angle": 0 }
				],
				"translate": [
					{ "time": 0, "x": 0, "y": 0, "curve": "stepped" },
					{ "time": 4, "x": 0, "y": 0 }
				],
				"scale": [
					{ "time": 0, "x": 1, "y": 1 },
					{ "time": 0.0666, "x": 1.855, "y": 1.855 },
					{ "time": 0.3333, "x": 0.439, "y": 0.439 },
					{ "time": 0.4666, "x": 1.12, "y": 1.12 },
					{ "time": 0.6, "x": 0.313, "y": 0.313 },
					{ "time": 4, "x": 1, "y": 1 }
				]
			},
			"DZ2": {
				"rotate": [
					{ "time": 0, "angle": 0, "curve": "stepped" },
					{ "time": 4, "angle": 0 }
				],
				"translate": [
					{ "time": 0, "x": 0, "y": 0, "curve": "stepped" },
					{ "time": 4, "x": 0, "y": 0 }
				],
				"scale": [
					{ "time": 0, "x": 1, "y": 1, "curve": "stepped" },
					{ "time": 4, "x": 1, "y": 1 }
				]
			},
			"DR": {
				"rotate": [
					{ "time": 0, "angle": 0 },
					{ "time": 2, "angle": -1.77 },
					{ "time": 4, "angle": 0 }
				],
				"translate": [
					{ "time": 0, "x": 0, "y": 0 },
					{ "time": 2, "x": 2.12, "y": 2.59 },
					{ "time": 4, "x": 0, "y": 0 }
				],
				"scale": [
					{ "time": 0, "x": 1, "y": 1 },
					{ "time": 2, "x": 1.021, "y": 1.021 },
					{ "time": 4, "x": 1, "y": 1 }
				]
			},
			"DL": {
				"rotate": [
					{ "time": 0, "angle": 0 },
					{ "time": 2, "angle": 2.46 },
					{ "time": 4, "angle": 0 }
				],
				"translate": [
					{ "time": 0, "x": 0, "y": 0 },
					{ "time": 2, "x": -4.23, "y": 0.47 },
					{ "time": 4, "x": 0, "y": 0 }
				],
				"scale": [
					{ "time": 0, "x": 1, "y": 1 },
					{ "time": 2, "x": 1.03, "y": 1.03 },
					{ "time": 4, "x": 1, "y": 1 }
				]
			},
			"D1": {
				"rotate": [
					{ "time": 0, "angle": 0 },
					{ "time": 2, "angle": 2.07 },
					{ "time": 4, "angle": 0 }
				],
				"translate": [
					{ "time": 0, "x": 0, "y": 0 },
					{ "time": 2, "x": 0, "y": 2.59 },
					{ "time": 4, "x": 0, "y": 0 }
				],
				"scale": [
					{ "time": 0, "x": 1, "y": 1 },
					{ "time": 2, "x": 1.063, "y": 1.063 },
					{ "time": 4, "x": 1, "y": 1 }
				]
			},
			"DDDDD": {
				"rotate": [
					{ "time": 0, "angle": 0, "curve": "stepped" },
					{ "time": 0.3333, "angle": 0, "curve": "stepped" },
					{ "time": 4, "angle": 0 }
				],
				"translate": [
					{ "time": 0, "x": 0, "y": 0 },
					{ "time": 0.1333, "x": 1.56, "y": -19.32 },
					{ "time": 0.2333, "x": -1.67, "y": 25.29 },
					{ "time": 0.3333, "x": 0, "y": 0 },
					{ "time": 2, "x": 0, "y": 14.81 },
					{ "time": 4, "x": 0, "y": 0 }
				],
				"scale": [
					{ "time": 0, "x": 1, "y": 1 },
					{ "time": 0.1333, "x": 1.171, "y": 1.171 },
					{ "time": 0.2333, "x": 0.838, "y": 0.838 },
					{ "time": 0.3333, "x": 1, "y": 1, "curve": "stepped" },
					{ "time": 4, "x": 1, "y": 1 }
				]
			},
			"BOX": {
				"rotate": [
					{ "time": 0, "angle": 0, "curve": "stepped" },
					{ "time": 4, "angle": 0 }
				],
				"translate": [
					{ "time": 0, "x": 0, "y": 0, "curve": "stepped" },
					{ "time": 4, "x": 0, "y": 0 }
				],
				"scale": [
					{ "time": 0, "x": 1, "y": 1, "curve": "stepped" },
					{ "time": 4, "x": 1, "y": 1 }
				]
			},
			"bone": {
				"rotate": [
					{ "time": 0, "angle": 0, "curve": "stepped" },
					{ "time": 4, "angle": 0 }
				],
				"translate": [
					{ "time": 0, "x": 0, "y": 0, "curve": "stepped" },
					{ "time": 4, "x": 0, "y": 0 }
				],
				"scale": [
					{ "time": 0, "x": 1, "y": 1, "curve": "stepped" },
					{ "time": 4, "x": 1, "y": 1 }
				]
			}
		}
	}
}
}