{
"skeleton": { "hash": "0DhzkX0K7DlEyxsFdxKTMTpKldA", "spine": "2.1.27", "width": 441.24, "height": 469.79, "images": "" },
"bones": [
	{ "name": "Root_All", "x": 5.76, "y": 9.39, "scaleX": 1.01, "scaleY": 1.01 },
	{ "name": "Ship_All", "parent": "Root_All" },
	{ "name": "Body", "parent": "Ship_All", "length": 255.84, "x": -1.57, "y": -15.86, "rotation": 90 },
	{ "name": "ARM", "parent": "Body", "length": 22.39, "x": 33.94, "y": 20.87, "scaleX": 1.384, "scaleY": 1.384, "rotation": -155.54 },
	{
		"name": "ARM2",
		"parent": "Body",
		"length": 22.39,
		"x": 84.07,
		"y": 41.28,
		"scaleX": 1.384,
		"scaleY": 1.384,
		"rotation": -166.42
	},
	{ "name": "Antiaircraft", "parent": "Body", "length": 44.62, "x": 194.31, "y": -53.43, "rotation": -90 },
	{ "name": "Attack_Point", "parent": "Body", "length": 25.69, "x": 94.02, "y": -57.27, "rotation": -88.64 },
	{ "name": "BB", "parent": "Body", "length": 8.47, "x": 121.35, "y": 9.48, "rotation": -1.8 },
	{ "name": "Behand", "parent": "Body", "length": 56.75, "x": 114.39, "y": 18.9, "rotation": -0.9 },
	{ "name": "DL", "parent": "Body", "length": 15.92, "x": 121.06, "y": 6.48, "rotation": -171.93 },
	{ "name": "Damage_Point", "parent": "Body", "length": 22.56, "x": 107.06, "y": -3.68, "rotation": -90 },
	{ "name": "Dialogue", "parent": "Body", "length": 57.85, "x": 196.89, "y": -52.07, "rotation": -90 },
	{ "name": "Expression", "parent": "Body", "length": 46.33, "x": 208.88, "y": -46.37, "rotation": -42.65 },
	{ "name": "Head", "parent": "Body", "length": 66.72, "x": 128.4, "y": 11.39, "rotation": -0.9 },
	{ "name": "Smoke_L1", "parent": "Body", "length": 51.75, "x": 95.72, "y": -18.74, "rotation": -54.55 },
	{ "name": "Smoke_R1", "parent": "Body", "length": 79.5, "x": 99.73, "y": 53.73, "rotation": 21.87 },
	{ "name": "Throw_Point", "parent": "Body", "length": 24.91, "x": 64.66, "y": -37.9, "rotation": -88.64 },
	{ "name": "hand_R", "parent": "Body", "length": 31.3, "x": 123.67, "y": 4.67, "rotation": -143.81 },
	{ "name": "Face", "parent": "Head", "length": 66.94, "x": 47.91, "y": 21, "rotation": -89.09 },
	{ "name": "JZ_R", "parent": "Behand", "length": 48.52, "x": -10.75, "y": -37.31, "rotation": -135.25 },
	{ "name": "L", "parent": "BB", "length": 4.49, "x": -1.27, "y": 13.74, "rotation": 5.84 },
	{ "name": "R", "parent": "BB", "length": 4.99, "x": 2.07, "y": -10.44, "rotation": 3.6 },
	{ "name": "hair_1", "parent": "Head", "length": 31.46, "x": 104.95, "y": -22.76, "rotation": -176.63 },
	{ "name": "L2", "parent": "L", "length": 5.85, "x": -5.36, "y": -2.55, "rotation": -5.39 },
	{ "name": "R2", "parent": "R", "length": 6.21, "x": -7.66, "y": -2.51, "rotation": 1.35 }
],
"slots": [
	{ "name": "JZ_R", "bone": "JZ_R", "attachment": "change" },
	{ "name": "hair", "bone": "hair_1", "attachment": "hair" },
	{ "name": "hand_R", "bone": "hand_R", "attachment": "hand_R" },
	{ "name": "hand_R_light", "bone": "hand_R", "attachment": "hand_R_light", "blend": "additive" },
	{ "name": "Rodney_body_normal", "bone": "Body", "attachment": "change" },
	{ "name": "Light_Body", "bone": "Body", "attachment": "Rodney_ship_body_normal_light", "blend": "additive" },
	{ "name": "head", "bone": "Head", "attachment": "head" },
	{ "name": "Rodney_eyes_normal", "bone": "Face", "attachment": "Rodney_eyes_normal" },
	{ "name": "head_light", "bone": "Head", "attachment": "head_light", "blend": "additive" },
	{ "name": "arm", "bone": "ARM", "attachment": "arm" },
	{ "name": "arm2", "bone": "ARM2", "attachment": "arm" },
	{ "name": "BB", "bone": "BB", "attachment": "BB" },
	{ "name": "DL", "bone": "DL", "attachment": "DL" }
],
"skins": {
	"default": {
		"BB": {
			"BB": {
				"type": "skinnedmesh",
				"uvs": [ 1, 0.1066, 1, 0.29038, 1, 0.46907, 1, 0.64775, 1, 0.82133, 1, 1, 0.93348, 1, 0.86269, 1, 0.7657, 1, 0.67656, 1, 0.59005, 1, 0.5114, 1, 0.39867, 1, 0.32002, 1, 0.23351, 1, 0.16797, 1, 0.10243, 1, 0, 1, 0, 0.85196, 0, 0.72433, 0, 0.52522, 0, 0.38228, 0, 0.23423, 0, 0.12702, 0, 0, 0.06835, 0, 0.16535, 0, 0.27283, 0, 0.36197, 0, 0.46159, 0, 0.55859, 0, 0.66083, 0, 0.75783, 0, 0.86532, 0, 0.94134, 0, 1, 0, 0.04476, 0.4027, 0.1103, 0.27507, 0.22565, 0.22402, 0.34886, 0.22402, 0.44062, 0.26486, 0.48781, 0.32102, 0.5481, 0.38738, 0.59529, 0.32612, 0.66083, 0.22912, 0.71064, 0.12191, 0.79453, 0.08617, 0.87318, 0.17807, 0.92561, 0.30059, 0.95969, 0.43333, 0.95445, 0.61712, 0.93348, 0.72943, 0.87842, 0.83154, 0.80764, 0.91322, 0.72637, 0.8979, 0.65034, 0.8979, 0.60053, 0.83664, 0.55859, 0.7958, 0.51403, 0.85195, 0.46422, 0.90811, 0.13389, 0.8928, 0.07621, 0.7907, 0.04738, 0.67328, 0.04213, 0.55586, 0.1103, 0.50991, 0.17059, 0.61712, 0.25973, 0.67838, 0.341, 0.65285, 0.41964, 0.59159, 0.48518, 0.57628, 0.55072, 0.57117, 0.64772, 0.63243, 0.74472, 0.67328, 0.82337, 0.5967, 0.86532, 0.47928, 0.88629, 0.38228 ],
				"triangles": [ 46, 32, 33, 34, 35, 0, 45, 31, 32, 45, 32, 46, 23, 24, 25, 47, 33, 34, 47, 34, 0, 46, 33, 47, 39, 27, 28, 38, 26, 27, 38, 27, 39, 45, 44, 30, 45, 30, 31, 23, 37, 22, 23, 25, 26, 26, 38, 23, 29, 39, 28, 40, 39, 29, 40, 29, 30, 44, 40, 30, 38, 37, 23, 47, 0, 1, 48, 47, 1, 43, 41, 40, 44, 43, 40, 21, 22, 37, 75, 47, 48, 42, 41, 43, 45, 46, 47, 36, 21, 37, 49, 48, 1, 75, 48, 49, 49, 1, 2, 44, 47, 75, 47, 44, 45, 74, 75, 49, 75, 43, 44, 74, 43, 75, 64, 36, 37, 20, 21, 36, 20, 36, 64, 63, 20, 64, 42, 71, 70, 74, 42, 43, 40, 41, 39, 42, 68, 41, 69, 42, 70, 41, 68, 39, 42, 69, 68, 42, 74, 71, 38, 64, 37, 68, 65, 64, 63, 64, 65, 64, 38, 39, 39, 68, 64, 2, 50, 74, 2, 74, 49, 73, 74, 50, 73, 71, 74, 50, 2, 3, 67, 65, 68, 72, 71, 73, 62, 63, 65, 66, 65, 67, 62, 19, 20, 62, 20, 63, 51, 73, 50, 51, 50, 3, 72, 73, 51, 61, 62, 65, 61, 65, 66, 19, 62, 61, 57, 70, 71, 69, 70, 57, 51, 3, 4, 52, 72, 51, 52, 51, 4, 56, 57, 71, 56, 71, 72, 54, 55, 56, 57, 68, 69, 58, 57, 56, 57, 67, 68, 58, 67, 57, 18, 19, 61, 60, 61, 66, 18, 61, 60, 56, 72, 54, 52, 54, 72, 59, 67, 58, 53, 54, 52, 17, 18, 60, 16, 17, 60, 60, 14, 15, 16, 60, 15, 66, 67, 59, 60, 13, 14, 13, 60, 66, 59, 13, 66, 12, 13, 59, 11, 59, 58, 12, 59, 11, 58, 56, 55, 10, 11, 58, 55, 10, 58, 9, 55, 54, 10, 55, 9, 8, 54, 53, 9, 54, 8, 7, 53, 52, 8, 53, 7, 6, 52, 4, 7, 52, 6, 6, 4, 5 ],
				"vertices": [ 3, 20, 2, -32.02, 0, 21, 1.43, -7.56, 0.05512, 24, 8.97, -5.26, 0.94487, 2, 20, -1.47, -31.78, 0, 24, 5.48, -5.07, 1, 2, 21, -5.44, -7.35, 3.7E-4, 24, 2.08999, -4.88, 0.99962, 1, 24, -1.29, -4.69, 1, 2, 20, -11.53, -31.07, 0, 24, -4.58, -4.51, 1, 3, 7, -12.98, -18.44, 1.0E-4, 20, -14.92, -30.83, 0, 24, -7.97, -4.32, 0.99989, 4, 7, -13.06, -15.98, 0.01031, 20, -14.75, -28.38, 0, 23, -6.92, -26.58, 0.00451, 24, -7.83, -1.87, 0.98517, 5, 7, -13.14, -13.36, 0.05046, 20, -14.56, -25.76, 0, 23, -6.98, -23.97, 0.02306, 21, -15.37, -1.95, 3.1E-4, 24, -7.69, 0.74, 0.92614, 5, 7, -13.26, -9.78, 0.17017, 20, -14.31, -22.18, 0, 23, -7.07, -20.37999, 0.08884, 21, -15.26, 1.62, 0.01218, 24, -7.49, 4.32, 0.72879, 5, 7, -13.36, -6.48, 0.30158, 20, -14.08, -18.89, 0, 23, -7.15, -17.08, 0.19701, 21, -15.15, 4.92, 0.02338, 24, -7.31, 7.61, 0.47801, 5, 7, -13.46, -3.28, 0.36956, 20, -13.85, -15.7, 0, 23, -7.22, -13.88, 0.34261, 21, -15.05, 8.12, 0.01765, 24, -7.13, 10.81, 0.27015, 5, 7, -13.55, -0.37, 0.35119, 20, -13.65, -12.8, 0, 23, -7.29, -10.97, 0.49568, 21, -14.96, 11.03, 0.00695, 24, -6.97, 13.72, 0.14616, 4, 7, -13.68, 3.79, 0.23886, 23, -7.39, -6.8, 0.7098, 21, -14.83, 15.2, 7.0E-5, 24, -6.75, 17.87999, 0.05125, 4, 7, -13.78, 6.7, 0.14165, 20, -13.15, -5.73, 1.9E-4, 23, -7.46, -3.89, 0.8375, 24, -6.59, 20.79, 0.02065, 5, 7, -13.88, 9.89, 0.05459, 20, -12.93, -2.54, 0.02418, 23, -7.53, -0.69, 0.91549, 21, -14.64, 21.3, 0, 24, -6.41, 23.98, 0.00571, 5, 7, -13.95, 12.32, 0.01545, 20, -12.76, -0.12, 0.08572, 23, -7.59, 1.72, 0.89772, 21, -14.56, 23.73, 0, 24, -6.28, 26.4, 0.0011, 5, 7, -14.03, 14.74, 0.00194, 20, -12.58, 2.29, 0.1726, 23, -7.65, 4.14, 0.82544, 21, -14.49, 26.15, 0, 24, -6.14, 28.82, 0, 3, 20, -12.32, 6.07, 0.24132, 23, -7.74, 7.93, 0.75867, 21, -14.37, 29.94, 0, 3, 20, -9.51, 5.87, 0.30954, 23, -4.92, 8, 0.69044, 21, -11.56, 29.85, 0, 3, 20, -7.09, 5.7, 0.45962, 23, -2.5, 8.06, 0.54037, 21, -9.13, 29.78, 0, 3, 20, -3.32, 5.43, 0.80634, 23, 1.27, 8.14999, 0.19365, 21, -5.35, 29.66, 0, 3, 20, -0.61, 5.23999, 0.9826, 23, 3.99, 8.21, 0.01739, 21, -2.64, 29.57, 0, 2, 20, 2.19, 5.04, 1, 21, 0.16, 29.49, 0, 2, 20, 4.21999, 4.9, 1, 21, 2.2, 29.42, 0, 2, 20, 6.62, 4.73, 1, 21, 4.61, 29.35, 0, 2, 20, 6.45, 2.21, 1, 21, 4.53, 26.82, 0, 4, 7, 5.02, 13.02, 0.02448, 20, 6.19, -1.36, 0.78568, 23, 11.39, 2.27, 0.18982, 21, 4.42, 23.23, 0, 4, 7, 5.15, 9.04, 0.22589, 20, 5.91, -5.33, 0.1139, 23, 11.49, -1.7, 0.6602, 21, 4.3, 19.26, 0, 3, 7, 5.25, 5.75, 0.49826, 23, 11.56, -5, 0.50173, 21, 4.19, 15.96, 0, 2, 7, 5.37, 2.06, 0.84964, 23, 11.65, -8.68, 0.15035, 2, 7, 5.48, -1.52, 0.8269, 21, 3.96, 8.68999, 0.17309, 2, 7, 5.6, -5.3, 0.39035, 21, 3.85, 4.91, 0.60964, 2, 7, 5.72, -8.88, 0.07167, 21, 3.73, 1.32, 0.92832, 3, 20, 4.37, -27.2, 0, 21, 3.61, -2.64, 0.54887, 24, 11.27, -0.39, 0.45112, 3, 20, 4.17999, -30, 0, 21, 3.52, -5.46, 0.14202, 24, 11.11, -3.2, 0.85797, 3, 20, 4.02, -32.16999, 0, 21, 3.45, -7.62, 0.07609, 24, 10.99, -5.37, 0.9239, 3, 20, -1.11, 3.62, 0.89727, 23, 3.64, 6.55, 0.10272, 21, -3.08, 27.93, 0, 2, 20, 1.12, 1.03, 1, 21, -0.73, 25.43, 0, 4, 7, 0.84, 10.65, 0.06682, 20, 1.79, -3.29, 0.04025, 23, 7.19, -0.06, 0.89292, 21, 0.1, 21.13, 0, 3, 7, 0.98, 6.1, 0.42603, 23, 7.3, -4.61, 0.57396, 21, -0.04, 16.58, 0, 2, 7, 0.31, 2.68, 0.65163, 23, 6.6, -8.02, 0.34836, 4, 7, -0.69, 0.9, 0.81627, 20, -0.72, -12.83, 0, 23, 5.58, -9.8, 0.18199, 24, 5.94, 13.88, 0.00172, 5, 7, -1.88, -1.36, 0.86847, 20, -2.13, -14.97, 0, 23, 4.37, -12.06, 0.0785, 21, -3.37, 9.31, 0.03455, 24, 4.56, 11.72, 0.01845, 4, 7, -0.66, -3.07, 0.83964, 20, -1.1, -16.79, 0, 21, -2.26, 7.53, 0.14711, 24, 5.63, 9.91, 0.01324, 4, 7, 1.25, -5.43, 0.40347, 20, 0.56, -19.34, 0, 21, -0.49, 5.04, 0.59463, 24, 7.34, 7.39, 0.00189, 3, 7, 3.35, -7.21, 0.21708, 20, 2.47, -21.32, 0, 21, 1.47, 3.14, 0.78291, 1, 21, 2.06, 0.01, 1, 2, 21, 0.22, -2.83, 0.19267, 24, 7.87, -0.5, 0.80732, 1, 24, 5.44, -2.31, 1, 1, 24, 2.85, -3.43, 1, 1, 24, -0.61, -3.04, 1, 4, 7, -7.92, -15.82, 4.0E-5, 20, -9.62, -28.74, 0, 23, -1.78, -26.46, 2.1E-4, 24, -2.7, -2.15, 0.99974, 5, 7, -9.92, -13.84, 0.02302, 20, -11.41, -26.57, 0, 23, -3.77, -24.47, 0.00929, 21, -12.19, -2.64, 8.0E-4, 24, -4.53, -0.01, 0.96688, 5, 7, -11.56, -11.28, 0.13293, 20, -12.77, -23.85, 0, 23, -5.38, -21.89, 0.06351, 21, -13.66, 0.02, 0.01138, 24, -5.93, 2.68, 0.79215, 5, 7, -11.36, -8.26, 0.20821, 20, -12.27, -20.87, 0, 23, -5.16, -18.87999, 0.10489, 21, -13.27, 3.02, 0.02623, 24, -5.48, 5.67, 0.66066, 5, 7, -11.45, -5.45, 0.33847, 20, -12.08, -18.06, 0, 23, -5.23, -16.07, 0.24066, 21, -13.18, 5.83, 0.02688, 24, -5.32, 8.47999, 0.39396, 5, 7, -10.35, -3.57, 0.3797, 20, -10.78, -16.31, 0, 23, -4.11, -14.2, 0.3307, 21, -11.96, 7.63, 0.0236, 24, -4.06, 10.25, 0.26598, 5, 7, -9.62, -1.99, 0.42119, 20, -9.89999, -14.81, 0, 23, -3.37, -12.63, 0.30105, 21, -11.14, 9.16, 0.03972, 24, -3.2, 11.76, 0.23802, 5, 7, -10.74, -0.38, 0.38416, 20, -10.85, -13.09, 0, 23, -4.48, -11, 0.4354, 21, -12.15, 10.84, 0.01439, 24, -4.17, 13.46, 0.16603, 5, 7, -11.86, 1.42, 0.33809, 20, -11.78, -11.18, 0, 23, -5.59, -9.18999, 0.54834, 21, -13.16, 12.72, 0.0048, 24, -5.14, 15.36, 0.10874, 5, 7, -11.96, 13.64, 0.00643, 20, -10.63, 0.98, 0.13485, 23, -5.58, 3.03, 0.85836, 21, -12.49, 24.93, 0, 24, -4.17, 27.55, 3.3E-4, 3, 20, -8.55, 2.97, 0.3381, 23, -3.69, 5.21, 0.66189, 21, -10.47999, 27, 0, 3, 20, -6.25, 3.88, 0.50743, 23, -1.49, 6.33, 0.49256, 21, -8.22, 27.99, 0, 3, 20, -4.01, 3.92, 0.72926, 23, 0.73, 6.57, 0.27072, 21, -5.98, 28.12, 0, 3, 20, -3.32, 1.34, 0.49367, 23, 1.66, 4.07, 0.50632, 21, -5.19, 25.57, 0, 3, 20, -5.51, -0.73, 0.16637, 23, -0.31, 1.8, 0.83362, 21, -7.3, 23.4, 0, 3, 7, -7.74, 9.12, 0.05279, 23, -1.4, -1.52, 0.94443, 24, -0.36, 22.68, 0.00277, 3, 7, -7.16, 6.13, 0.14156, 23, -0.84, -4.51, 0.84929, 24, -0.04, 19.65, 0.00913, 5, 7, -5.9, 3.26, 0.38172, 20, -5.67, -9.96, 0, 23, 0.38, -7.4, 0.58933, 21, -7.1, 14.18, 0.00162, 24, 0.95, 16.68, 0.0273, 5, 7, -5.54, 0.84, 0.55456, 20, -5.55, -12.4, 0, 23, 0.73, -9.81, 0.38958, 21, -6.88, 11.75, 0.01372, 24, 1.11, 14.24, 0.04211, 5, 7, -5.36, -1.57, 0.55769, 20, -5.62, -14.82, 0, 23, 0.88, -12.24, 0.30058, 21, -6.86, 9.32, 0.04402, 24, 1.07, 11.82, 0.09768, 5, 7, -6.41, -5.19, 0.4588, 20, -7.04, -18.32, 0, 23, -0.19, -15.85, 0.11655, 21, -8.14, 5.77, 0.16331, 24, -0.28, 8.3, 0.26132, 5, 7, -7.08, -8.8, 0.1689, 20, -8.06, -21.85, 0, 23, -0.88, -19.45999, 0.04496, 21, -9.03, 2.21, 0.08703, 24, -1.25, 4.75, 0.69909, 5, 7, -5.53, -11.67, 0.09513, 20, -6.82, -24.85, 0, 23, 0.63, -22.33, 0.01524, 21, -7.66, -0.74, 0.09301, 24, 0.03, 1.77, 0.7966, 1, 24, 2.17, 0.1, 1, 1, 24, 3.97, -0.77, 1 ],
				"hull": 36,
				"edges": [ 24, 26, 26, 28, 28, 30, 48, 50, 50, 52, 52, 54, 54, 56, 56, 58, 58, 60, 60, 62, 62, 64, 64, 66, 66, 68, 68, 70, 0, 70, 0, 2, 2, 4, 4, 6, 6, 8, 8, 10, 10, 12, 12, 14, 14, 16, 16, 18, 18, 20, 20, 22, 22, 24, 30, 32, 32, 34, 34, 36, 36, 38, 38, 40, 40, 42, 42, 44, 44, 46, 46, 48 ],
				"width": 37,
				"height": 19
			}
		},
		"DL": {
			"DL": { "x": -11.75, "y": -2.65, "rotation": 81.93, "width": 300, "height": 300 }
		},
		"Light_Body": {
			"Rodney_ship_body_normal_light": { "x": 131.3, "y": 10.78, "rotation": -90, "width": 300, "height": 300 }
		},
		"Rodney_eyes_normal": {
			"Rodney_eyes_damage": { "x": 19.21, "y": -48.69, "width": 300, "height": 300 },
			"Rodney_eyes_normal": { "x": 19.21, "y": -48.69, "width": 300, "height": 300 }
		},
		"arm": {
			"arm": { "x": -83.31, "y": 52, "rotation": 65.54, "width": 300, "height": 300 }
		},
		"arm2": {
			"arm": { "x": -91.63, "y": 34.43, "rotation": 76.42, "width": 300, "height": 300 }
		},
		"hair": {
			"hair": { "x": 101.53, "y": -32.77, "rotation": 84.39, "width": 300, "height": 300 }
		},
		"hand_R": {
			"hand_R": { "x": -9.99, "y": 0.43, "rotation": 53.81, "width": 300, "height": 300 }
		},
		"hand_R_light": {
			"hand_R_light": { "x": -9.99, "y": 0.43, "rotation": 53.81, "width": 300, "height": 300 }
		},
		"head": {
			"head": { "x": -0.98, "y": 0.85, "rotation": -89.09, "width": 300, "height": 300 }
		},
		"head_light": {
			"head_light": { "x": 2.56, "y": 0.91, "rotation": -89.09, "width": 300, "height": 300 }
		}
	},
	"damage": {
		"JZ_R": {
			"change": { "name": "JZ_R_damage", "x": -44.73, "y": 5.37, "rotation": 46.15, "width": 300, "height": 300 }
		},
		"Rodney_body_normal": {
			"change": { "name": "Rodney_body_damage", "x": 131.3, "y": 10.78, "rotation": -90, "width": 300, "height": 300 }
		}
	},
	"normal": {
		"JZ_R": {
			"change": { "name": "JZ_R", "x": -44.73, "y": 5.37, "rotation": 46.15, "width": 300, "height": 300 }
		},
		"Rodney_body_normal": {
			"change": { "name": "Rodney_body_normal", "x": 131.3, "y": 10.78, "rotation": -90, "width": 300, "height": 300 }
		}
	}
},
"events": {
	"Antiaircraft": {},
	"attack_point": {},
	"damage_point": {},
	"throw_point": {}
},
"animations": {
	"Antiaircraft": {
		"slots": {
			"Light_Body": {
				"attachment": [
					{ "time": 0, "name": null },
					{ "time": 0.0666, "name": "Rodney_ship_body_normal_light" },
					{ "time": 0.5, "name": "Rodney_ship_body_normal_light" },
					{ "time": 1.2666, "name": null },
					{ "time": 1.3666, "name": "Rodney_ship_body_normal_light" },
					{ "time": 2, "name": null }
				],
				"color": [
					{ "time": 0.0666, "color": "fffffffd" },
					{ "time": 0.1666, "color": "ffffff00" },
					{ "time": 0.2, "color": "ffffffff" },
					{ "time": 0.3333, "color": "ffffff00" },
					{ "time": 0.3666, "color": "ffffffff" },
					{ "time": 0.4666, "color": "ffffff00" },
					{ "time": 0.6, "color": "ffffffff" },
					{ "time": 0.7333, "color": "ffffff00" },
					{ "time": 0.8, "color": "ffffffff" },
					{ "time": 0.9, "color": "ffffff00" },
					{ "time": 0.9666, "color": "ffffffff" },
					{ "time": 1.1, "color": "ffffff00" },
					{ "time": 1.1333, "color": "ffffffff" },
					{ "time": 1.2333, "color": "ffffff00" },
					{ "time": 1.3666, "color": "ffffffff" },
					{ "time": 1.4666, "color": "ffffff00" },
					{ "time": 1.5333, "color": "ffffffff" },
					{ "time": 1.6333, "color": "ffffff00" },
					{ "time": 1.7, "color": "ffffffff" },
					{ "time": 1.8333, "color": "ffffff00" },
					{ "time": 1.8666, "color": "ffffffff" },
					{ "time": 1.9666, "color": "ffffff00" }
				]
			},
			"Rodney_eyes_normal": {
				"attachment": [
					{ "time": 0, "name": "Rodney_eyes_normal" }
				]
			},
			"hand_R_light": {
				"attachment": [
					{ "time": 0, "name": null },
					{ "time": 0.0666, "name": "hand_R_light" },
					{ "time": 0.5, "name": "hand_R_light" },
					{ "time": 1.2666, "name": null },
					{ "time": 1.3666, "name": "hand_R_light" },
					{ "time": 2, "name": null }
				],
				"color": [
					{ "time": 0.0666, "color": "fffffffd" },
					{ "time": 0.1666, "color": "ffffff00" },
					{ "time": 0.2, "color": "ffffffff" },
					{ "time": 0.3333, "color": "ffffff00" },
					{ "time": 0.3666, "color": "ffffffff" },
					{ "time": 0.4666, "color": "ffffff00" },
					{ "time": 0.6, "color": "ffffffff" },
					{ "time": 0.7333, "color": "ffffff00" },
					{ "time": 0.8, "color": "ffffffff" },
					{ "time": 0.9, "color": "ffffff00" },
					{ "time": 0.9666, "color": "ffffffff" },
					{ "time": 1.1, "color": "ffffff00" },
					{ "time": 1.1333, "color": "ffffffff" },
					{ "time": 1.2333, "color": "ffffff00" },
					{ "time": 1.3666, "color": "ffffffff" },
					{ "time": 1.4666, "color": "ffffff00" },
					{ "time": 1.5333, "color": "ffffffff" },
					{ "time": 1.6333, "color": "ffffff00" },
					{ "time": 1.7, "color": "ffffffff" },
					{ "time": 1.8333, "color": "ffffff00" },
					{ "time": 1.8666, "color": "ffffffff" },
					{ "time": 1.9666, "color": "ffffff00" }
				]
			},
			"head_light": {
				"attachment": [
					{ "time": 0, "name": null },
					{ "time": 0.0666, "name": "head_light" }
				],
				"color": [
					{ "time": 0.0666, "color": "fffffffd" },
					{ "time": 0.1666, "color": "ffffff00" },
					{ "time": 0.2, "color": "ffffffff" },
					{ "time": 0.3333, "color": "ffffff00" },
					{ "time": 0.3666, "color": "ffffffff" },
					{ "time": 0.4666, "color": "ffffff00" },
					{ "time": 0.6, "color": "ffffffff" },
					{ "time": 0.7333, "color": "ffffff00" },
					{ "time": 0.8, "color": "ffffffff" },
					{ "time": 0.9, "color": "ffffff00" },
					{ "time": 0.9666, "color": "ffffffff" },
					{ "time": 1.1, "color": "ffffff00" },
					{ "time": 1.1333, "color": "ffffffff" },
					{ "time": 1.2333, "color": "ffffff00" },
					{ "time": 1.3666, "color": "ffffffff" },
					{ "time": 1.4666, "color": "ffffff00" },
					{ "time": 1.5333, "color": "ffffffff" },
					{ "time": 1.6333, "color": "ffffff00" },
					{ "time": 1.7, "color": "ffffffff" },
					{ "time": 1.8333, "color": "ffffff00" },
					{ "time": 1.8666, "color": "ffffffff" },
					{ "time": 1.9666, "color": "ffffff00" }
				]
			}
		},
		"bones": {
			"Body": {
				"rotate": [
					{ "time": 0, "angle": 0, "curve": "stepped" },
					{ "time": 2, "angle": 0 }
				],
				"translate": [
					{ "time": 0, "x": 0, "y": 0, "curve": "stepped" },
					{ "time": 2, "x": 0, "y": 0 }
				]
			},
			"Root_All": {
				"rotate": [
					{ "time": 0, "angle": 0, "curve": "stepped" },
					{ "time": 2, "angle": 0 }
				],
				"translate": [
					{
						"time": 0,
						"x": 0,
						"y": 0,
						"curve": [ 0.255, 0.35, 0.6, 0.7 ]
					},
					{
						"time": 0.5,
						"x": 0,
						"y": -9.82,
						"curve": [ 0.3, 0.39, 0.641, 0.74 ]
					},
					{
						"time": 1,
						"x": 0,
						"y": -15.66,
						"curve": [ 0.322, 0.37, 0.652, 0.7 ]
					},
					{
						"time": 1.5,
						"x": 0,
						"y": -7.79,
						"curve": [ 0.314, 0.36, 0.644, 0.68 ]
					},
					{ "time": 2, "x": 0, "y": 0 }
				]
			},
			"Ship_All": {
				"rotate": [
					{ "time": 0, "angle": 0, "curve": "stepped" },
					{ "time": 2, "angle": 0 }
				],
				"translate": [
					{ "time": 0, "x": 0, "y": 0, "curve": "stepped" },
					{ "time": 2, "x": 0, "y": 0 }
				]
			},
			"Face": {
				"rotate": [
					{ "time": 0, "angle": 0, "curve": "stepped" },
					{ "time": 2, "angle": 0 }
				],
				"translate": [
					{
						"time": 0,
						"x": 0,
						"y": 0,
						"curve": [ 0.286, 0.34, 0.623, 0.67 ]
					},
					{
						"time": 0.5,
						"x": 0.64,
						"y": 0,
						"curve": [ 0.282, 0.37, 0.624, 0.71 ]
					},
					{
						"time": 1.5,
						"x": -1.28,
						"y": 0,
						"curve": [ 0.321, 0.37, 0.656, 0.71 ]
					},
					{ "time": 2, "x": 0, "y": 0 }
				]
			},
			"Head": {
				"rotate": [
					{ "time": 0, "angle": 0 },
					{ "time": 0.5, "angle": -3.17 },
					{ "time": 1, "angle": 0 },
					{ "time": 1.5, "angle": 0.89 },
					{ "time": 2, "angle": 0 }
				],
				"translate": [
					{ "time": 0, "x": 0, "y": 0, "curve": "stepped" },
					{ "time": 1, "x": 0, "y": 0, "curve": "stepped" },
					{ "time": 2, "x": 0, "y": 0 }
				]
			},
			"JZ_R": {
				"rotate": [
					{ "time": 0, "angle": 0 },
					{ "time": 1, "angle": 8.76 },
					{ "time": 2, "angle": 0 }
				],
				"translate": [
					{ "time": 0, "x": 0, "y": 0 },
					{ "time": 1, "x": 1.57, "y": 0.02 },
					{ "time": 2, "x": 0, "y": 0 }
				]
			},
			"Behand": {
				"rotate": [
					{ "time": 0, "angle": 0 },
					{ "time": 1, "angle": -2.55 },
					{ "time": 2, "angle": 0 }
				],
				"translate": [
					{ "time": 0, "x": 0, "y": 0 },
					{ "time": 1, "x": 4.71, "y": -1.57 },
					{ "time": 2, "x": 0, "y": 0 }
				]
			},
			"hand_R": {
				"rotate": [
					{ "time": 0, "angle": 0 },
					{ "time": 1, "angle": 9.47 },
					{ "time": 2, "angle": 0 }
				],
				"translate": [
					{ "time": 0, "x": 0, "y": 0, "curve": "stepped" },
					{ "time": 2, "x": 0, "y": 0 }
				]
			},
			"hair_1": {
				"rotate": [
					{ "time": 0, "angle": 0 },
					{ "time": 0.9666, "angle": 5.51 },
					{ "time": 2, "angle": 0 }
				],
				"translate": [
					{ "time": 0, "x": 0, "y": 0, "curve": "stepped" },
					{ "time": 2, "x": 0, "y": 0 }
				]
			},
			"DL": {
				"rotate": [
					{ "time": 0, "angle": 0 },
					{ "time": 0.6666, "angle": 20.97 },
					{ "time": 1.3333, "angle": 341.91 },
					{ "time": 2, "angle": 0 }
				],
				"translate": [
					{ "time": 0, "x": 0, "y": 0, "curve": "stepped" },
					{ "time": 2, "x": 0, "y": 0 }
				]
			},
			"ARM": {
				"rotate": [
					{ "time": 0, "angle": 0 },
					{ "time": 1, "angle": 5.37 },
					{ "time": 2, "angle": 0 }
				],
				"translate": [
					{ "time": 0, "x": 0, "y": 0, "curve": "stepped" },
					{ "time": 2, "x": 0, "y": 0 }
				]
			},
			"BB": {
				"rotate": [
					{ "time": 0, "angle": 0, "curve": "stepped" },
					{ "time": 2, "angle": 0 }
				],
				"translate": [
					{ "time": 0, "x": 0, "y": 0 },
					{ "time": 0.6666, "x": -1.07, "y": 0 },
					{ "time": 1.3333, "x": -0.51, "y": 0 },
					{ "time": 2, "x": 0, "y": 0 }
				]
			},
			"R2": {
				"rotate": [
					{ "time": 0, "angle": 0 },
					{ "time": 0.6666, "angle": -8.87 },
					{ "time": 1.3333, "angle": 10.06 },
					{ "time": 2, "angle": 0 }
				],
				"translate": [
					{ "time": 0, "x": 0, "y": 0 },
					{ "time": 0.6666, "x": 1.05, "y": -0.55 },
					{ "time": 1.3333, "x": 0.8, "y": -2.94 },
					{ "time": 2, "x": 0, "y": 0 }
				]
			},
			"R": {
				"rotate": [
					{ "time": 0, "angle": 0 },
					{ "time": 1.3333, "angle": -6.16 },
					{ "time": 2, "angle": 0 }
				],
				"translate": [
					{ "time": 0, "x": 0, "y": 0 },
					{ "time": 0.6666, "x": 0.52, "y": -0.24 },
					{ "time": 1.3333, "x": -2.31, "y": 0.05 },
					{ "time": 2, "x": 0, "y": 0 }
				]
			},
			"L2": {
				"rotate": [
					{ "time": 0, "angle": 0 },
					{ "time": 0.6666, "angle": 6.91 },
					{ "time": 1.3333, "angle": 2.25 },
					{ "time": 2, "angle": 0 }
				],
				"translate": [
					{ "time": 0, "x": 0, "y": 0 },
					{ "time": 0.6666, "x": 0.43, "y": -1.05 },
					{ "time": 1.3333, "x": -2.68, "y": 2.01 },
					{ "time": 2, "x": 0, "y": 0 }
				]
			},
			"L": {
				"rotate": [
					{ "time": 0, "angle": 0 },
					{ "time": 1.3333, "angle": -6.41 },
					{ "time": 2, "angle": 0 }
				],
				"translate": [
					{ "time": 0, "x": 0, "y": 0 },
					{ "time": 0.6666, "x": 1.79, "y": 0.05 },
					{ "time": 1.3333, "x": 2.18, "y": -0.18 },
					{ "time": 2, "x": 0, "y": 0 }
				]
			},
			"ARM2": {
				"rotate": [
					{ "time": 0, "angle": 0 },
					{ "time": 1, "angle": 8.78 },
					{ "time": 2, "angle": 0 }
				],
				"translate": [
					{ "time": 0, "x": 0, "y": 0, "curve": "stepped" },
					{ "time": 2, "x": 0, "y": 0 }
				]
			}
		},
		"events": [
			{ "time": 0.0666, "name": "Antiaircraft" }
		]
	},
	"attack": {
		"slots": {
			"Light_Body": {
				"attachment": [
					{ "time": 0, "name": null },
					{ "time": 0.0666, "name": "Rodney_ship_body_normal_light" }
				],
				"color": [
					{ "time": 0.5333, "color": "fffffffb" },
					{ "time": 0.8333, "color": "ffffff00" }
				]
			},
			"hand_R_light": {
				"attachment": [
					{ "time": 0, "name": null },
					{ "time": 0.0666, "name": "hand_R_light" }
				],
				"color": [
					{ "time": 0.5333, "color": "fffffffb" },
					{ "time": 0.8333, "color": "ffffff00" }
				]
			},
			"head_light": {
				"attachment": [
					{ "time": 0, "name": null },
					{ "time": 0.0666, "name": "head_light" }
				],
				"color": [
					{ "time": 0.5333, "color": "fffffffb" },
					{ "time": 0.8333, "color": "ffffff00" }
				]
			}
		},
		"bones": {
			"Root_All": {
				"rotate": [
					{ "time": 0, "angle": 0, "curve": "stepped" },
					{ "time": 1.6666, "angle": 0 }
				],
				"translate": [
					{
						"time": 0,
						"x": 0,
						"y": 0,
						"curve": [ 0.255, 0.35, 0.6, 0.7 ]
					},
					{ "time": 0.0666, "x": 8.69, "y": 0 },
					{ "time": 0.1666, "x": -87.44, "y": 0 },
					{ "time": 0.3333, "x": -61.04, "y": 0 },
					{ "time": 0.5333, "x": -69.84, "y": 0 },
					{ "time": 1, "x": -85.6, "y": 0 },
					{ "time": 1.4, "x": 15.07, "y": 0 },
					{ "time": 1.6666, "x": 0, "y": 0 }
				]
			},
			"Face": {
				"rotate": [
					{ "time": 0, "angle": 0, "curve": "stepped" },
					{ "time": 1.6666, "angle": 0 }
				],
				"translate": [
					{
						"time": 0,
						"x": 0,
						"y": 0,
						"curve": [ 0.286, 0.34, 0.623, 0.67 ]
					},
					{ "time": 0.1666, "x": 0, "y": 3.4 },
					{ "time": 0.3333, "x": 0, "y": -0.66 },
					{ "time": 0.9, "x": 0, "y": -1.2 },
					{ "time": 1, "x": 0, "y": -0.44 },
					{ "time": 1.6666, "x": 0, "y": 0 }
				]
			},
			"Ship_All": {
				"rotate": [
					{ "time": 0, "angle": 0, "curve": "stepped" },
					{ "time": 1.6666, "angle": 0 }
				],
				"translate": [
					{ "time": 0, "x": 0, "y": 0, "curve": "stepped" },
					{ "time": 1.6666, "x": 0, "y": 0 }
				]
			},
			"Body": {
				"rotate": [
					{
						"time": 0,
						"angle": 0,
						"curve": [ 0.312, 0.33, 0.646, 0.67 ]
					},
					{
						"time": 0.1666,
						"angle": 3.1,
						"curve": [ 0.288, 0.34, 0.625, 0.68 ]
					},
					{
						"time": 0.6666,
						"angle": -3.74,
						"curve": [ 0.288, 0.4, 0.634, 0.75 ]
					},
					{ "time": 1.6666, "angle": 0 }
				],
				"translate": [
					{
						"time": 0,
						"x": 0,
						"y": 0,
						"curve": [ 0.312, 0.33, 0.646, 0.67 ]
					},
					{
						"time": 0.1666,
						"x": -24.76,
						"y": 17.26,
						"curve": [ 0.288, 0.34, 0.625, 0.68 ]
					},
					{
						"time": 0.6666,
						"x": 3,
						"y": 4.9,
						"curve": [ 0.288, 0.4, 0.634, 0.75 ]
					},
					{ "time": 1.6666, "x": 0, "y": 0 }
				]
			},
			"Attack_Point": {
				"rotate": [
					{ "time": 0.0666, "angle": 0 }
				],
				"translate": [
					{ "time": 0.0666, "x": 0, "y": 0 }
				]
			},
			"Head": {
				"rotate": [
					{ "time": 0, "angle": 0 },
					{ "time": 0.1666, "angle": -5.14 },
					{ "time": 0.5, "angle": -1.89 },
					{ "time": 0.8333, "angle": -0.08 },
					{ "time": 1.3333, "angle": 1.69 },
					{ "time": 1.6666, "angle": 0 }
				],
				"translate": [
					{ "time": 0, "x": 0, "y": 0, "curve": "stepped" },
					{ "time": 1.6666, "x": 0, "y": 0 }
				]
			},
			"JZ_R": {
				"rotate": [
					{ "time": 0, "angle": 0, "curve": "stepped" },
					{ "time": 1.6666, "angle": 0 }
				],
				"translate": [
					{ "time": 0, "x": 0, "y": 0 },
					{ "time": 1, "x": 0.44, "y": 0 },
					{ "time": 1.6666, "x": 0, "y": 0 }
				]
			},
			"Behand": {
				"rotate": [
					{ "time": 0, "angle": 0 },
					{ "time": 0.3333, "angle": 8.44 },
					{ "time": 0.6666, "angle": 4.51 },
					{ "time": 1.6666, "angle": 0 }
				],
				"translate": [
					{ "time": 0, "x": 0, "y": 0 },
					{ "time": 0.1666, "x": 0, "y": 0.52 },
					{ "time": 0.3333, "x": 0, "y": 6.28 },
					{ "time": 0.6666, "x": 0, "y": -2.09 },
					{ "time": 1.6666, "x": 0, "y": 0 }
				]
			},
			"hand_R": {
				"rotate": [
					{ "time": 0, "angle": 0 },
					{ "time": 0.0333, "angle": 1.92 },
					{ "time": 0.3333, "angle": 42.96 },
					{ "time": 0.8333, "angle": 9.79 },
					{ "time": 1.6666, "angle": 0 }
				],
				"translate": [
					{ "time": 0, "x": 0, "y": 0 },
					{ "time": 0.3333, "x": -1.21, "y": 2.73 },
					{ "time": 0.5, "x": 0.77, "y": 4.07 },
					{ "time": 0.8333, "x": -1.07, "y": -0.32 },
					{ "time": 1.6666, "x": 0, "y": 0 }
				]
			},
			"hair_1": {
				"rotate": [
					{ "time": 0, "angle": 0 },
					{ "time": 0.5, "angle": 7.64 },
					{ "time": 1.3333, "angle": -0.62 },
					{ "time": 1.6666, "angle": 0 }
				],
				"translate": [
					{ "time": 0, "x": 0, "y": 0, "curve": "stepped" },
					{ "time": 1.6666, "x": 0, "y": 0 }
				]
			},
			"ARM": {
				"rotate": [
					{ "time": 0, "angle": 0 },
					{ "time": 0.8333, "angle": 27.28 },
					{ "time": 1.6666, "angle": 0 }
				],
				"translate": [
					{ "time": 0, "x": 0, "y": 0, "curve": "stepped" },
					{ "time": 1.6666, "x": 0, "y": 0 }
				]
			},
			"ARM2": {
				"rotate": [
					{ "time": 0, "angle": 0 },
					{ "time": 0.8333, "angle": 23.52 },
					{ "time": 1.6666, "angle": 0 }
				],
				"translate": [
					{ "time": 0, "x": 0, "y": 0, "curve": "stepped" },
					{ "time": 1.6666, "x": 0, "y": 0 }
				]
			},
			"BB": {
				"rotate": [
					{ "time": 0, "angle": 0, "curve": "stepped" },
					{ "time": 1.6666, "angle": 0 }
				],
				"translate": [
					{ "time": 0, "x": 0, "y": 0 },
					{ "time": 0.3333, "x": -0.51, "y": -0.02 },
					{ "time": 0.8333, "x": -3.26, "y": -0.13 },
					{ "time": 1.1666, "x": -0.51, "y": -0.02 },
					{ "time": 1.6666, "x": 0, "y": 0 }
				]
			},
			"R2": {
				"rotate": [
					{ "time": 0, "angle": 0 },
					{ "time": 0.3333, "angle": 0.8 },
					{ "time": 0.8333, "angle": 12.86 },
					{ "time": 1.1666, "angle": 0.8 },
					{ "time": 1.6666, "angle": 0 }
				],
				"translate": [
					{ "time": 0, "x": 0, "y": 0 },
					{ "time": 0.8333, "x": 0.09, "y": -2.06 },
					{ "time": 1.6666, "x": 0, "y": 0 }
				]
			},
			"R": {
				"rotate": [
					{ "time": 0, "angle": 0 },
					{ "time": 0.3333, "angle": 6.89 },
					{ "time": 0.8333, "angle": 6.99 },
					{ "time": 1.1666, "angle": 6.89 },
					{ "time": 1.6666, "angle": 0 }
				],
				"translate": [
					{ "time": 0, "x": 0, "y": 0 },
					{ "time": 0.3333, "x": 1.78, "y": 0.14 },
					{ "time": 0.8333, "x": 1.34, "y": -0.15 },
					{ "time": 1.1666, "x": 1.78, "y": 0.14 },
					{ "time": 1.6666, "x": 0, "y": 0 }
				]
			},
			"L2": {
				"rotate": [
					{ "time": 0, "angle": 0 },
					{ "time": 0.3333, "angle": 3.21 },
					{ "time": 0.8333, "angle": -9.27 },
					{ "time": 1.1666, "angle": 3.21 },
					{ "time": 1.6666, "angle": 0 }
				],
				"translate": [
					{ "time": 0, "x": 0, "y": 0, "curve": "stepped" },
					{ "time": 1.6666, "x": 0, "y": 0 }
				]
			},
			"L": {
				"rotate": [
					{ "time": 0, "angle": 0 },
					{ "time": 0.3333, "angle": 2.1 },
					{ "time": 0.8333, "angle": -1.64 },
					{ "time": 1.1666, "angle": 2.1 },
					{ "time": 1.6666, "angle": 0 }
				],
				"translate": [
					{ "time": 0, "x": 0, "y": 0 },
					{ "time": 0.3333, "x": 1.25, "y": 0.36, "curve": "stepped" },
					{ "time": 1.1666, "x": 1.25, "y": 0.36 },
					{ "time": 1.6666, "x": 0, "y": 0 }
				]
			}
		},
		"events": [
			{ "time": 0.0666, "name": "attack_point" }
		]
	},
	"damage": {
		"slots": {
			"BB": {
				"color": [
					{ "time": 0.0666, "color": "8c4c51ff", "curve": "stepped" },
					{ "time": 0.7666, "color": "8c4c51ff" },
					{ "time": 1.1333, "color": "ffffffff" }
				]
			},
			"DL": {
				"color": [
					{ "time": 0.0666, "color": "8c4c51ff", "curve": "stepped" },
					{ "time": 0.7666, "color": "8c4c51ff" },
					{ "time": 1.1333, "color": "ffffffff" }
				]
			},
			"JZ_R": {
				"color": [
					{ "time": 0.0666, "color": "8c4c51ff", "curve": "stepped" },
					{ "time": 0.7666, "color": "8c4c51ff" },
					{ "time": 1.1333, "color": "ffffffff" }
				]
			},
			"Light_Body": {
				"attachment": [
					{ "time": 0, "name": null },
					{ "time": 0.0666, "name": "Rodney_ship_body_normal_light" },
					{ "time": 0.7666, "name": null }
				],
				"color": [
					{ "time": 0.5333, "color": "fffffffc" },
					{ "time": 0.7666, "color": "ffffff00" }
				]
			},
			"Rodney_body_normal": {
				"color": [
					{ "time": 0.0666, "color": "8c4c51ff", "curve": "stepped" },
					{ "time": 0.7666, "color": "8c4c51ff" },
					{ "time": 1.1333, "color": "ffffffff" }
				]
			},
			"Rodney_eyes_normal": {
				"attachment": [
					{ "time": 0.0666, "name": "Rodney_eyes_damage" },
					{ "time": 1.1333, "name": "Rodney_eyes_normal" }
				],
				"color": [
					{ "time": 0.0666, "color": "8c4c51ff", "curve": "stepped" },
					{ "time": 0.7666, "color": "8c4c51ff" },
					{ "time": 1.1333, "color": "ffffffff" }
				]
			},
			"arm": {
				"color": [
					{ "time": 0.0666, "color": "8c4c51ff", "curve": "stepped" },
					{ "time": 0.7666, "color": "8c4c51ff" },
					{ "time": 1.1333, "color": "ffffffff" }
				]
			},
			"arm2": {
				"color": [
					{ "time": 0.0666, "color": "8c4c51ff", "curve": "stepped" },
					{ "time": 0.7666, "color": "8c4c51ff" },
					{ "time": 1.1333, "color": "ffffffff" }
				]
			},
			"hair": {
				"color": [
					{ "time": 0.0666, "color": "8c4c51ff", "curve": "stepped" },
					{ "time": 0.7666, "color": "8c4c51ff" },
					{ "time": 1.1333, "color": "ffffffff" }
				]
			},
			"hand_R": {
				"color": [
					{ "time": 0.0666, "color": "8c4c51ff", "curve": "stepped" },
					{ "time": 0.7666, "color": "8c4c51ff" },
					{ "time": 1.1333, "color": "ffffffff" }
				]
			},
			"hand_R_light": {
				"attachment": [
					{ "time": 0, "name": null },
					{ "time": 0.0666, "name": "hand_R_light" },
					{ "time": 0.7666, "name": null }
				],
				"color": [
					{ "time": 0.5333, "color": "fffffffc" },
					{ "time": 0.7666, "color": "ffffff00" }
				]
			},
			"head": {
				"color": [
					{ "time": 0.0666, "color": "8c4c51ff", "curve": "stepped" },
					{ "time": 0.7666, "color": "8c4c51ff" },
					{ "time": 1.1333, "color": "ffffffff" }
				]
			},
			"head_light": {
				"attachment": [
					{ "time": 0, "name": null },
					{ "time": 0.0666, "name": "head_light" }
				],
				"color": [
					{ "time": 0.5333, "color": "fffffffc" },
					{ "time": 0.7666, "color": "ffffff00" }
				]
			}
		},
		"bones": {
			"Root_All": {
				"rotate": [
					{ "time": 0, "angle": 0, "curve": "stepped" },
					{ "time": 1.1666, "angle": 0 }
				],
				"translate": [
					{
						"time": 0,
						"x": 0,
						"y": 0,
						"curve": [ 0.255, 0.35, 0.6, 0.7 ]
					},
					{ "time": 0.0666, "x": -27.67, "y": -23.16 },
					{ "time": 0.1333, "x": 20.98, "y": 15.35 },
					{ "time": 0.2333, "x": -19.78, "y": -15.62 },
					{ "time": 0.3666, "x": 14.36, "y": 8.59 },
					{ "time": 0.5666, "x": -3.37, "y": -4.5 },
					{ "time": 0.8666, "x": 5.63, "y": 2.25 },
					{ "time": 1.1666, "x": 0, "y": 0 }
				]
			},
			"Face": {
				"rotate": [
					{ "time": 0, "angle": 0, "curve": "stepped" },
					{ "time": 1.1666, "angle": 0 }
				],
				"translate": [
					{
						"time": 0,
						"x": 0,
						"y": 0,
						"curve": [ 0.286, 0.34, 0.623, 0.67 ]
					},
					{ "time": 0.0666, "x": -5.44, "y": 0 },
					{ "time": 0.1333, "x": -0.44, "y": 0 },
					{ "time": 0.2333, "x": -5.06, "y": 0 },
					{ "time": 0.3666, "x": -2.01, "y": 0 },
					{ "time": 1.1666, "x": 0, "y": 0 }
				]
			},
			"Ship_All": {
				"rotate": [
					{ "time": 0, "angle": 0, "curve": "stepped" },
					{ "time": 1.1666, "angle": 0 }
				],
				"translate": [
					{ "time": 0, "x": 0, "y": 0, "curve": "stepped" },
					{ "time": 1.1666, "x": 0, "y": 0 }
				]
			},
			"Body": {
				"rotate": [
					{ "time": 0, "angle": 0, "curve": "stepped" },
					{ "time": 1.1666, "angle": 0 }
				],
				"translate": [
					{ "time": 0, "x": 0, "y": 0, "curve": "stepped" },
					{ "time": 1.1666, "x": 0, "y": 0 }
				]
			},
			"Damage_Point": {
				"rotate": [
					{ "time": 0.0666, "angle": 0 }
				],
				"translate": [
					{ "time": 0.0666, "x": 0, "y": 0 }
				]
			},
			"Head": {
				"rotate": [
					{ "time": 0, "angle": 0 },
					{ "time": 0.1666, "angle": 6.68 },
					{ "time": 0.4, "angle": -5.58 },
					{ "time": 0.9333, "angle": -3.55 },
					{ "time": 1.1666, "angle": 0 }
				],
				"translate": [
					{ "time": 0, "x": 0, "y": 0, "curve": "stepped" },
					{ "time": 1.1666, "x": 0, "y": 0 }
				]
			},
			"JZ_R": {
				"rotate": [
					{ "time": 0, "angle": 0, "curve": "stepped" },
					{ "time": 1.1666, "angle": 0 }
				],
				"translate": [
					{ "time": 0, "x": 0, "y": 0, "curve": "stepped" },
					{ "time": 1.1666, "x": 0, "y": 0 }
				]
			},
			"Behand": {
				"rotate": [
					{ "time": 0, "angle": 0 },
					{ "time": 0.1666, "angle": 8.88 },
					{ "time": 0.3333, "angle": 1.84 },
					{ "time": 0.6666, "angle": -4.77 },
					{ "time": 1.1666, "angle": 0 }
				],
				"translate": [
					{ "time": 0, "x": 0, "y": 0 },
					{ "time": 0.3333, "x": -12.61, "y": 3.94 },
					{ "time": 1.1666, "x": 0, "y": 0 }
				]
			},
			"hand_R": {
				"rotate": [
					{ "time": 0, "angle": 0 },
					{ "time": 0.3333, "angle": 13.08 },
					{ "time": 0.6666, "angle": -1.73 },
					{ "time": 1.1666, "angle": 0 }
				],
				"translate": [
					{ "time": 0, "x": 0, "y": 0, "curve": "stepped" },
					{ "time": 1.1666, "x": 0, "y": 0 }
				]
			},
			"hair_1": {
				"rotate": [
					{ "time": 0, "angle": 0 },
					{ "time": 0.3333, "angle": 8.03 },
					{ "time": 0.8333, "angle": 351.89 },
					{ "time": 1.1666, "angle": 0 }
				],
				"translate": [
					{ "time": 0, "x": 0, "y": 0, "curve": "stepped" },
					{ "time": 1.1666, "x": 0, "y": 0 }
				]
			},
			"ARM": {
				"rotate": [
					{ "time": 0, "angle": 0 },
					{ "time": 0.3333, "angle": 12.85 },
					{ "time": 0.8333, "angle": -10.36 },
					{ "time": 1.1666, "angle": 0 }
				],
				"translate": [
					{ "time": 0, "x": 0, "y": 0, "curve": "stepped" },
					{ "time": 1.1666, "x": 0, "y": 0 }
				]
			},
			"DL": {
				"rotate": [
					{ "time": 0, "angle": 0 },
					{ "time": 0.3333, "angle": 26.98 },
					{ "time": 0.8333, "angle": 338.28 },
					{ "time": 1.1666, "angle": 0 }
				],
				"translate": [
					{ "time": 0, "x": 0, "y": 0, "curve": "stepped" },
					{ "time": 1.1666, "x": 0, "y": 0 }
				]
			},
			"BB": {
				"rotate": [
					{ "time": 0, "angle": 0, "curve": "stepped" },
					{ "time": 1.1666, "angle": 0 }
				],
				"translate": [
					{ "time": 0, "x": 0, "y": 0 },
					{ "time": 0.3333, "x": 2.84, "y": 0 },
					{ "time": 0.6666, "x": -2.4, "y": 0 },
					{ "time": 0.8666, "x": 2.03, "y": 0 },
					{ "time": 1.1666, "x": 0, "y": 0 }
				]
			},
			"ARM2": {
				"rotate": [
					{ "time": 0, "angle": 0 },
					{ "time": 0.5, "angle": 343.97 },
					{ "time": 0.9333, "angle": 14.22 },
					{ "time": 1.1666, "angle": 0 }
				],
				"translate": [
					{ "time": 0, "x": 0, "y": 0, "curve": "stepped" },
					{ "time": 1.1666, "x": 0, "y": 0 }
				]
			},
			"R2": {
				"rotate": [
					{ "time": 0, "angle": 0 },
					{ "time": 0.3333, "angle": -10.13 },
					{ "time": 0.6666, "angle": 12.1 },
					{ "time": 1.1666, "angle": 0 }
				],
				"translate": [
					{ "time": 0, "x": 0, "y": 0 },
					{ "time": 0.3333, "x": 0.04, "y": 1.57 },
					{ "time": 0.6666, "x": -0.04, "y": -1.57 },
					{ "time": 1.1666, "x": 0, "y": 0 }
				]
			},
			"R": {
				"rotate": [
					{ "time": 0, "angle": 0, "curve": "stepped" },
					{ "time": 1.1666, "angle": 0 }
				],
				"translate": [
					{ "time": 0, "x": 0, "y": 0, "curve": "stepped" },
					{ "time": 1.1666, "x": 0, "y": 0 }
				]
			},
			"L2": {
				"rotate": [
					{ "time": 0, "angle": 0 },
					{ "time": 0.3333, "angle": 10.45 },
					{ "time": 0.6666, "angle": -6.88 },
					{ "time": 1.1666, "angle": 0 }
				],
				"translate": [
					{ "time": 0, "x": 0, "y": 0 },
					{ "time": 0.3333, "x": -0.13, "y": -1.89 },
					{ "time": 0.6666, "x": 0.09, "y": 1.38 },
					{ "time": 1.1666, "x": 0, "y": 0 }
				]
			},
			"L": {
				"rotate": [
					{ "time": 0, "angle": 0, "curve": "stepped" },
					{ "time": 1.1666, "angle": 0 }
				],
				"translate": [
					{ "time": 0, "x": 0, "y": 0, "curve": "stepped" },
					{ "time": 1.1666, "x": 0, "y": 0 }
				]
			}
		},
		"events": [
			{ "time": 0.0666, "name": "damage_point" }
		]
	},
	"normal": {
		"slots": {
			"Light_Body": {
				"attachment": [
					{ "time": 0, "name": null }
				]
			},
			"Rodney_eyes_normal": {
				"attachment": [
					{ "time": 0, "name": "Rodney_eyes_normal" }
				]
			},
			"hand_R_light": {
				"attachment": [
					{ "time": 0, "name": null }
				]
			},
			"head_light": {
				"attachment": [
					{ "time": 0, "name": null }
				]
			}
		},
		"bones": {
			"L2": {
				"rotate": [
					{ "time": 0, "angle": 0 },
					{ "time": 0.6666, "angle": 6.91 },
					{ "time": 1.3333, "angle": 2.25 },
					{ "time": 2, "angle": 0 }
				],
				"translate": [
					{ "time": 0, "x": 0, "y": 0 },
					{ "time": 0.6666, "x": 0.43, "y": -1.05 },
					{ "time": 1.3333, "x": -2.68, "y": 2.01 },
					{ "time": 2, "x": 0, "y": 0 }
				]
			},
			"Body": {
				"rotate": [
					{ "time": 0, "angle": 0, "curve": "stepped" },
					{ "time": 2, "angle": 0 }
				],
				"translate": [
					{ "time": 0, "x": 0, "y": 0, "curve": "stepped" },
					{ "time": 2, "x": 0, "y": 0 }
				]
			},
			"Face": {
				"rotate": [
					{ "time": 0, "angle": 0, "curve": "stepped" },
					{ "time": 2, "angle": 0 }
				],
				"translate": [
					{
						"time": 0,
						"x": 0,
						"y": 0,
						"curve": [ 0.286, 0.34, 0.623, 0.67 ]
					},
					{
						"time": 0.5,
						"x": 0.64,
						"y": 0,
						"curve": [ 0.282, 0.37, 0.624, 0.71 ]
					},
					{
						"time": 1.5,
						"x": -1.28,
						"y": 0,
						"curve": [ 0.321, 0.37, 0.656, 0.71 ]
					},
					{ "time": 2, "x": 0, "y": 0 }
				]
			},
			"Head": {
				"rotate": [
					{ "time": 0, "angle": 0 },
					{ "time": 0.5, "angle": -3.17 },
					{ "time": 1, "angle": 0 },
					{ "time": 1.5, "angle": 0.89 },
					{ "time": 2, "angle": 0 }
				],
				"translate": [
					{ "time": 0, "x": 0, "y": 0, "curve": "stepped" },
					{ "time": 1, "x": 0, "y": 0, "curve": "stepped" },
					{ "time": 2, "x": 0, "y": 0 }
				]
			},
			"BB": {
				"rotate": [
					{ "time": 0, "angle": 0, "curve": "stepped" },
					{ "time": 2, "angle": 0 }
				],
				"translate": [
					{ "time": 0, "x": 0, "y": 0 },
					{ "time": 0.6666, "x": -1.07, "y": 0 },
					{ "time": 1.3333, "x": -0.51, "y": 0 },
					{ "time": 2, "x": 0, "y": 0 }
				]
			},
			"R2": {
				"rotate": [
					{ "time": 0, "angle": 0 },
					{ "time": 0.6666, "angle": -8.87 },
					{ "time": 1.3333, "angle": 10.06 },
					{ "time": 2, "angle": 0 }
				],
				"translate": [
					{ "time": 0, "x": 0, "y": 0 },
					{ "time": 0.6666, "x": 1.05, "y": -0.55 },
					{ "time": 1.3333, "x": 0.8, "y": -2.94 },
					{ "time": 2, "x": 0, "y": 0 }
				]
			},
			"R": {
				"rotate": [
					{ "time": 0, "angle": 0 },
					{ "time": 1.3333, "angle": -6.16 },
					{ "time": 2, "angle": 0 }
				],
				"translate": [
					{ "time": 0, "x": 0, "y": 0 },
					{ "time": 0.6666, "x": 0.52, "y": -0.24 },
					{ "time": 1.3333, "x": -2.31, "y": 0.05 },
					{ "time": 2, "x": 0, "y": 0 }
				]
			},
			"hair_1": {
				"rotate": [
					{ "time": 0, "angle": 0 },
					{ "time": 0.9666, "angle": 5.51 },
					{ "time": 2, "angle": 0 }
				],
				"translate": [
					{ "time": 0, "x": 0, "y": 0, "curve": "stepped" },
					{ "time": 2, "x": 0, "y": 0 }
				]
			},
			"Root_All": {
				"rotate": [
					{ "time": 0, "angle": 0, "curve": "stepped" },
					{ "time": 2, "angle": 0 }
				],
				"translate": [
					{
						"time": 0,
						"x": 0,
						"y": 0,
						"curve": [ 0.255, 0.35, 0.6, 0.7 ]
					},
					{
						"time": 0.5,
						"x": 0,
						"y": -9.82,
						"curve": [ 0.3, 0.39, 0.641, 0.74 ]
					},
					{
						"time": 1,
						"x": 0,
						"y": -15.66,
						"curve": [ 0.322, 0.37, 0.652, 0.7 ]
					},
					{
						"time": 1.5,
						"x": 0,
						"y": -7.79,
						"curve": [ 0.314, 0.36, 0.644, 0.68 ]
					},
					{ "time": 2, "x": 0, "y": 0 }
				]
			},
			"hand_R": {
				"rotate": [
					{ "time": 0, "angle": 0 },
					{ "time": 1, "angle": 9.47 },
					{ "time": 2, "angle": 0 }
				],
				"translate": [
					{ "time": 0, "x": 0, "y": 0, "curve": "stepped" },
					{ "time": 2, "x": 0, "y": 0 }
				]
			},
			"ARM2": {
				"rotate": [
					{ "time": 0, "angle": 0 },
					{ "time": 1, "angle": 8.78 },
					{ "time": 2, "angle": 0 }
				],
				"translate": [
					{ "time": 0, "x": 0, "y": 0, "curve": "stepped" },
					{ "time": 2, "x": 0, "y": 0 }
				]
			},
			"L": {
				"rotate": [
					{ "time": 0, "angle": 0 },
					{ "time": 1.3333, "angle": -6.41 },
					{ "time": 2, "angle": 0 }
				],
				"translate": [
					{ "time": 0, "x": 0, "y": 0 },
					{ "time": 0.6666, "x": 1.79, "y": 0.05 },
					{ "time": 1.3333, "x": 2.18, "y": -0.18 },
					{ "time": 2, "x": 0, "y": 0 }
				]
			},
			"DL": {
				"rotate": [
					{ "time": 0, "angle": 0 },
					{ "time": 0.6666, "angle": 20.97 },
					{ "time": 1.3333, "angle": 341.91 },
					{ "time": 2, "angle": 0 }
				],
				"translate": [
					{ "time": 0, "x": 0, "y": 0, "curve": "stepped" },
					{ "time": 2, "x": 0, "y": 0 }
				]
			},
			"JZ_R": {
				"rotate": [
					{ "time": 0, "angle": 0 },
					{ "time": 1, "angle": 8.76 },
					{ "time": 2, "angle": 0 }
				],
				"translate": [
					{ "time": 0, "x": 0, "y": 0 },
					{ "time": 1, "x": 1.57, "y": 0.02 },
					{ "time": 2, "x": 0, "y": 0 }
				]
			},
			"ARM": {
				"rotate": [
					{ "time": 0, "angle": 0 },
					{ "time": 1, "angle": 5.37 },
					{ "time": 2, "angle": 0 }
				],
				"translate": [
					{ "time": 0, "x": 0, "y": 0, "curve": "stepped" },
					{ "time": 2, "x": 0, "y": 0 }
				]
			},
			"Ship_All": {
				"rotate": [
					{ "time": 0, "angle": 0, "curve": "stepped" },
					{ "time": 2, "angle": 0 }
				],
				"translate": [
					{ "time": 0, "x": 0, "y": 0, "curve": "stepped" },
					{ "time": 2, "x": 0, "y": 0 }
				]
			},
			"Behand": {
				"rotate": [
					{ "time": 0, "angle": 0 },
					{ "time": 1, "angle": -2.55 },
					{ "time": 2, "angle": 0 }
				],
				"translate": [
					{ "time": 0, "x": 0, "y": 0 },
					{ "time": 1, "x": 4.71, "y": -1.57 },
					{ "time": 2, "x": 0, "y": 0 }
				]
			}
		}
	},
	"throw": {
		"slots": {
			"Light_Body": {
				"attachment": [
					{ "time": 0, "name": null }
				]
			},
			"hand_R_light": {
				"attachment": [
					{ "time": 0, "name": null }
				]
			},
			"head_light": {
				"attachment": [
					{ "time": 0, "name": null }
				]
			}
		},
		"bones": {
			"Face": {
				"rotate": [
					{ "time": 0, "angle": 0, "curve": "stepped" },
					{ "time": 1.3333, "angle": 0 }
				],
				"translate": [
					{
						"time": 0,
						"x": 0,
						"y": 0,
						"curve": [ 0.286, 0.34, 0.623, 0.67 ]
					},
					{ "time": 0.3333, "x": 0, "y": -0.7 },
					{ "time": 0.5666, "x": 0, "y": 0.14 },
					{ "time": 1.3333, "x": 0, "y": 0 }
				]
			},
			"Root_All": {
				"rotate": [
					{ "time": 0, "angle": 0, "curve": "stepped" },
					{ "time": 1.3333, "angle": 0 }
				],
				"translate": [
					{
						"time": 0,
						"x": 0,
						"y": 0,
						"curve": [ 0.255, 0.35, 0.6, 0.7 ]
					},
					{ "time": 0.6333, "x": -66.66, "y": 0 },
					{ "time": 0.9666, "x": -10.42, "y": -12.42 },
					{ "time": 1.3333, "x": 0, "y": 0 }
				]
			},
			"Body": {
				"rotate": [
					{
						"time": 0,
						"angle": 0,
						"curve": [ 0.219, 0.41, 0.591, 0.77 ]
					},
					{
						"time": 0.6333,
						"angle": -3.17,
						"curve": [ 0.32, 0.36, 0.653, 0.69 ]
					},
					{
						"time": 0.7333,
						"angle": 0.61,
						"curve": [ 0.319, 0.37, 0.652, 0.7 ]
					},
					{
						"time": 0.9666,
						"angle": -1.72,
						"curve": [ 0.32, 0.38, 0.654, 0.71 ]
					},
					{ "time": 1.3333, "angle": 0 }
				],
				"translate": [
					{
						"time": 0,
						"x": 0,
						"y": 0,
						"curve": [ 0.219, 0.41, 0.591, 0.77 ]
					},
					{
						"time": 0.3333,
						"x": -15.86,
						"y": 0,
						"curve": [ 0.193, 0.39, 0.58, 0.9 ]
					},
					{
						"time": 0.5666,
						"x": -19.36,
						"y": 0,
						"curve": [ 0.142, 0.42, 0.647, 0.94 ]
					},
					{ "time": 0.6333, "x": 92.18, "y": -6.3 },
					{ "time": 0.7333, "x": 111.33, "y": 0 },
					{ "time": 1.3333, "x": 0, "y": 0 }
				]
			},
			"Ship_All": {
				"rotate": [
					{ "time": 0, "angle": 0, "curve": "stepped" },
					{ "time": 1.3333, "angle": 0 }
				],
				"translate": [
					{ "time": 0, "x": 0, "y": 0, "curve": "stepped" },
					{ "time": 1.3333, "x": 0, "y": 0 }
				]
			},
			"Throw_Point": {
				"rotate": [
					{ "time": 0.6333, "angle": 0 }
				],
				"translate": [
					{ "time": 0.6333, "x": 0, "y": 0 }
				]
			},
			"Head": {
				"rotate": [
					{ "time": 0, "angle": 0 },
					{ "time": 0.3333, "angle": 0.25 },
					{ "time": 0.8333, "angle": -5.25 },
					{ "time": 1.3333, "angle": 0 }
				],
				"translate": [
					{ "time": 0, "x": 0, "y": 0, "curve": "stepped" },
					{ "time": 1.3333, "x": 0, "y": 0 }
				]
			},
			"hand_R": {
				"rotate": [
					{ "time": 0, "angle": 0 },
					{ "time": 0.5, "angle": -9.32 },
					{ "time": 0.8333, "angle": 30.62 },
					{ "time": 1.3333, "angle": 0 }
				],
				"translate": [
					{ "time": 0, "x": 0, "y": 0, "curve": "stepped" },
					{ "time": 1.3333, "x": 0, "y": 0 }
				]
			},
			"JZ_R": {
				"rotate": [
					{ "time": 0, "angle": 0 },
					{ "time": 0.5, "angle": -7.48 },
					{ "time": 0.8333, "angle": 5.71 },
					{ "time": 1.3333, "angle": 0 }
				],
				"translate": [
					{ "time": 0, "x": 0, "y": 0 },
					{ "time": 0.5, "x": -12.51, "y": 5.29 },
					{ "time": 0.8333, "x": -2.75, "y": -14.08 },
					{ "time": 1.3333, "x": 0, "y": 0 }
				]
			},
			"hair_1": {
				"rotate": [
					{ "time": 0, "angle": 0 },
					{ "time": 0.5, "angle": 358.29 },
					{ "time": 0.8333, "angle": 4.02 },
					{ "time": 1.3333, "angle": 0 }
				],
				"translate": [
					{ "time": 0, "x": 0, "y": 0, "curve": "stepped" },
					{ "time": 1.3333, "x": 0, "y": 0 }
				]
			},
			"ARM": {
				"rotate": [
					{ "time": 0, "angle": 0 },
					{ "time": 0.1666, "angle": 137.15 },
					{ "time": 0.3333, "angle": 290.61 },
					{ "time": 0.5, "angle": 7.29 },
					{ "time": 0.8333, "angle": 14.15 },
					{ "time": 1.3333, "angle": 0 }
				],
				"translate": [
					{ "time": 0, "x": 0, "y": 0 },
					{ "time": 0.5333, "x": 5.67, "y": 8.1 },
					{ "time": 0.8333, "x": -1.61, "y": -0.18 },
					{ "time": 1.3333, "x": 0, "y": 0 }
				],
				"scale": [
					{ "time": 0, "x": 1, "y": 1, "curve": "stepped" },
					{ "time": 0.4666, "x": 1, "y": 1 },
					{ "time": 0.5, "x": 0.645, "y": 0.645 },
					{ "time": 0.6, "x": 1.185, "y": 1.185 },
					{ "time": 0.7, "x": 0.892, "y": 0.892 },
					{ "time": 1.3333, "x": 1, "y": 1 }
				]
			},
			"DL": {
				"rotate": [
					{ "time": 0, "angle": 0 },
					{ "time": 0.5, "angle": 25.48 },
					{ "time": 0.8333, "angle": 318.94 },
					{ "time": 1.3333, "angle": 0 }
				],
				"translate": [
					{ "time": 0, "x": 0, "y": 0, "curve": "stepped" },
					{ "time": 1.3333, "x": 0, "y": 0 }
				]
			},
			"ARM2": {
				"rotate": [
					{ "time": 0, "angle": 0 },
					{ "time": 0.1666, "angle": 137.15 },
					{ "time": 0.3333, "angle": 290.61 },
					{ "time": 0.5, "angle": 7.29 },
					{ "time": 0.8333, "angle": 14.15 },
					{ "time": 1.3333, "angle": 0 }
				],
				"translate": [
					{ "time": 0, "x": 0, "y": 0 },
					{ "time": 0.5333, "x": 5.67, "y": 8.1 },
					{ "time": 0.8333, "x": -1.61, "y": -0.18 },
					{ "time": 1.3333, "x": 0, "y": 0 }
				],
				"scale": [
					{ "time": 0, "x": 1, "y": 1, "curve": "stepped" },
					{ "time": 0.4666, "x": 1, "y": 1 },
					{ "time": 0.5, "x": 0.645, "y": 0.645 },
					{ "time": 0.6, "x": 1.185, "y": 1.185 },
					{ "time": 0.7, "x": 0.892, "y": 0.892 },
					{ "time": 1.3333, "x": 1, "y": 1 }
				]
			},
			"BB": {
				"rotate": [
					{ "time": 0, "angle": 0, "curve": "stepped" },
					{ "time": 1.3333, "angle": 0 }
				],
				"translate": [
					{ "time": 0, "x": 0, "y": 0 },
					{ "time": 0.2333, "x": -0.92, "y": -0.01 },
					{ "time": 0.5, "x": 0.9, "y": 0.04 },
					{ "time": 0.9666, "x": -0.92, "y": -0.01 },
					{ "time": 1.1666, "x": 0.9, "y": 0.04 },
					{ "time": 1.3333, "x": 0, "y": 0 }
				]
			},
			"R2": {
				"rotate": [
					{ "time": 0, "angle": 0 },
					{ "time": 0.2333, "angle": 12.27 },
					{ "time": 0.5, "angle": 7.53 },
					{ "time": 0.9666, "angle": 12.27 },
					{ "time": 1.1666, "angle": 7.53 },
					{ "time": 1.3333, "angle": 0 }
				],
				"translate": [
					{ "time": 0, "x": 0, "y": 0 },
					{ "time": 0.2333, "x": -0.56, "y": -2.33 },
					{ "time": 0.5, "x": 0.26, "y": -2.03 },
					{ "time": 0.9666, "x": -0.56, "y": -2.33 },
					{ "time": 1.1666, "x": 0.26, "y": -2.03 },
					{ "time": 1.3333, "x": 0, "y": 0 }
				]
			},
			"R": {
				"rotate": [
					{ "time": 0, "angle": 0, "curve": "stepped" },
					{ "time": 1.3333, "angle": 0 }
				],
				"translate": [
					{ "time": 0, "x": 0, "y": 0, "curve": "stepped" },
					{ "time": 1.3333, "x": 0, "y": 0 }
				]
			},
			"L2": {
				"rotate": [
					{ "time": 0, "angle": 0 },
					{ "time": 0.2333, "angle": -7.87 },
					{ "time": 0.5, "angle": 6.5 },
					{ "time": 0.9666, "angle": -7.87 },
					{ "time": 1.1666, "angle": 6.5 },
					{ "time": 1.3333, "angle": 0 }
				],
				"translate": [
					{ "time": 0, "x": 0, "y": 0 },
					{ "time": 0.2333, "x": -1.29, "y": 0.89 },
					{ "time": 0.5, "x": -0.04, "y": -2.04 },
					{ "time": 0.9666, "x": -1.29, "y": 0.89 },
					{ "time": 1.1666, "x": -0.04, "y": -2.04 },
					{ "time": 1.3333, "x": 0, "y": 0 }
				]
			},
			"L": {
				"rotate": [
					{ "time": 0, "angle": 0, "curve": "stepped" },
					{ "time": 1.3333, "angle": 0 }
				],
				"translate": [
					{ "time": 0, "x": 0, "y": 0 },
					{ "time": 0.5, "x": -0.01, "y": 0.22, "curve": "stepped" },
					{ "time": 1.1666, "x": -0.01, "y": 0.22 },
					{ "time": 1.3333, "x": 0, "y": 0 }
				]
			}
		},
		"events": [
			{ "time": 0.5666, "name": "throw_point" }
		]
	},
	"wreck": {
		"slots": {
			"Light_Body": {
				"attachment": [
					{ "time": 0, "name": null }
				]
			},
			"Rodney_eyes_normal": {
				"attachment": [
					{ "time": 0, "name": "Rodney_eyes_normal" }
				]
			},
			"hand_R_light": {
				"attachment": [
					{ "time": 0, "name": null }
				]
			},
			"head_light": {
				"attachment": [
					{ "time": 0, "name": null }
				]
			}
		},
		"bones": {
			"hair_1": {
				"rotate": [
					{ "time": 0, "angle": 0 },
					{ "time": 0.9666, "angle": 5.51 },
					{ "time": 2, "angle": 0 }
				],
				"translate": [
					{ "time": 0, "x": 0, "y": 0, "curve": "stepped" },
					{ "time": 2, "x": 0, "y": 0 }
				]
			},
			"hand_R": {
				"rotate": [
					{ "time": 0, "angle": 0 },
					{ "time": 1, "angle": 9.47 },
					{ "time": 2, "angle": 0 }
				],
				"translate": [
					{ "time": 0, "x": 0, "y": 0, "curve": "stepped" },
					{ "time": 2, "x": 0, "y": 0 }
				]
			},
			"Root_All": {
				"rotate": [
					{ "time": 0, "angle": 0, "curve": "stepped" },
					{ "time": 2, "angle": 0 }
				],
				"translate": [
					{
						"time": 0,
						"x": 0,
						"y": 0,
						"curve": [ 0.255, 0.35, 0.6, 0.7 ]
					},
					{
						"time": 0.5,
						"x": 0,
						"y": -9.82,
						"curve": [ 0.3, 0.39, 0.641, 0.74 ]
					},
					{
						"time": 1,
						"x": 0,
						"y": -15.66,
						"curve": [ 0.322, 0.37, 0.652, 0.7 ]
					},
					{
						"time": 1.5,
						"x": 0,
						"y": -7.79,
						"curve": [ 0.314, 0.36, 0.644, 0.68 ]
					},
					{ "time": 2, "x": 0, "y": 0 }
				]
			},
			"Face": {
				"rotate": [
					{ "time": 0, "angle": 0, "curve": "stepped" },
					{ "time": 2, "angle": 0 }
				],
				"translate": [
					{
						"time": 0,
						"x": 0,
						"y": 0,
						"curve": [ 0.286, 0.34, 0.623, 0.67 ]
					},
					{
						"time": 0.5,
						"x": 0.64,
						"y": 0,
						"curve": [ 0.282, 0.37, 0.624, 0.71 ]
					},
					{
						"time": 1.5,
						"x": -1.28,
						"y": 0,
						"curve": [ 0.321, 0.37, 0.656, 0.71 ]
					},
					{ "time": 2, "x": 0, "y": 0 }
				]
			},
			"JZ_R": {
				"rotate": [
					{ "time": 0, "angle": 0 },
					{ "time": 1, "angle": 8.76 },
					{ "time": 2, "angle": 0 }
				],
				"translate": [
					{ "time": 0, "x": 0, "y": 0 },
					{ "time": 1, "x": 1.57, "y": 0.02 },
					{ "time": 2, "x": 0, "y": 0 }
				]
			},
			"ARM2": {
				"rotate": [
					{ "time": 0, "angle": 0 },
					{ "time": 1, "angle": 8.78 },
					{ "time": 2, "angle": 0 }
				],
				"translate": [
					{ "time": 0, "x": 0, "y": 0, "curve": "stepped" },
					{ "time": 2, "x": 0, "y": 0 }
				]
			},
			"Behand": {
				"rotate": [
					{ "time": 0, "angle": 0 },
					{ "time": 1, "angle": -2.55 },
					{ "time": 2, "angle": 0 }
				],
				"translate": [
					{ "time": 0, "x": 0, "y": 0 },
					{ "time": 1, "x": 4.71, "y": -1.57 },
					{ "time": 2, "x": 0, "y": 0 }
				]
			},
			"ARM": {
				"rotate": [
					{ "time": 0, "angle": 0 },
					{ "time": 1, "angle": 5.37 },
					{ "time": 2, "angle": 0 }
				],
				"translate": [
					{ "time": 0, "x": 0, "y": 0, "curve": "stepped" },
					{ "time": 2, "x": 0, "y": 0 }
				]
			},
			"Head": {
				"rotate": [
					{ "time": 0, "angle": 0 },
					{ "time": 0.5, "angle": -3.17 },
					{ "time": 1, "angle": 0 },
					{ "time": 1.5, "angle": 0.89 },
					{ "time": 2, "angle": 0 }
				],
				"translate": [
					{ "time": 0, "x": 0, "y": 0, "curve": "stepped" },
					{ "time": 1, "x": 0, "y": 0, "curve": "stepped" },
					{ "time": 2, "x": 0, "y": 0 }
				]
			},
			"Body": {
				"rotate": [
					{ "time": 0, "angle": 0, "curve": "stepped" },
					{ "time": 2, "angle": 0 }
				],
				"translate": [
					{ "time": 0, "x": 0, "y": 0, "curve": "stepped" },
					{ "time": 2, "x": 0, "y": 0 }
				]
			},
			"DL": {
				"rotate": [
					{ "time": 0, "angle": 0 },
					{ "time": 0.6666, "angle": 20.97 },
					{ "time": 1.3333, "angle": 341.91 },
					{ "time": 2, "angle": 0 }
				],
				"translate": [
					{ "time": 0, "x": 0, "y": 0, "curve": "stepped" },
					{ "time": 2, "x": 0, "y": 0 }
				]
			},
			"BB": {
				"rotate": [
					{ "time": 0, "angle": 0, "curve": "stepped" },
					{ "time": 2, "angle": 0 }
				],
				"translate": [
					{ "time": 0, "x": 0, "y": 0 },
					{ "time": 0.6666, "x": -1.07, "y": 0 },
					{ "time": 1.3333, "x": -0.51, "y": 0 },
					{ "time": 2, "x": 0, "y": 0 }
				]
			},
			"Ship_All": {
				"rotate": [
					{ "time": 0, "angle": 0, "curve": "stepped" },
					{ "time": 2, "angle": 0 }
				],
				"translate": [
					{ "time": 0, "x": 0, "y": 0, "curve": "stepped" },
					{ "time": 2, "x": 0, "y": 0 }
				]
			}
		}
	}
}
}