{
"skeleton": { "hash": "4Sf+5VONMTeS1ZSLTuJNh1uvj7Y", "spine": "2.1.27", "width": 307.97, "height": 307.6, "images": "" },
"bones": [
	{ "name": "Root_All", "x": 9.22, "y": 11.06, "scaleX": 1.01, "scaleY": 1.01 },
	{ "name": "Ship_All", "parent": "Root_All" },
	{ "name": "Body", "parent": "Ship_All", "length": 255.84, "x": -9.99, "y": -10.48, "rotation": 90 },
	{ "name": "Antiaircraft", "parent": "Body", "length": 44.62, "x": 225.11, "y": -58.15, "rotation": -60.05 },
	{ "name": "Attack_Point", "parent": "Body", "length": 25.69, "x": 77.86, "y": -56.73, "rotation": -88.64 },
	{ "name": "Behand", "parent": "Body", "length": 34.92, "x": 75.42, "y": 19.87, "rotation": 95.39 },
	{ "name": "D", "parent": "Body", "length": 19, "x": 76.27, "y": 17.62, "rotation": 160.08 },
	{ "name": "Damage_Point", "parent": "Body", "length": 22.56, "x": 103.37, "y": 2.86, "rotation": -90 },
	{ "name": "Dialogue", "parent": "Body", "length": 57.85, "x": 198.57, "y": -55.68, "rotation": -90 },
	{ "name": "Expression", "parent": "Body", "length": 46.33, "x": 207.25, "y": -51.79, "rotation": -42.65 },
	{ "name": "Head", "parent": "Body", "length": 66.72, "x": 133.38, "y": 11.39, "rotation": -0.9 },
	{ "name": "Smoke_L1", "parent": "Body", "length": 51.75, "x": 95.72, "y": -18.74, "rotation": -54.55 },
	{ "name": "Smoke_R1", "parent": "Body", "length": 79.5, "x": 99.73, "y": 53.73, "rotation": 21.87 },
	{ "name": "Throw_Point", "parent": "Body", "length": 24.91, "x": 51.91, "y": -77.91, "rotation": -100.89 },
	{ "name": "arm", "parent": "Body", "length": 26.98, "x": 64.09, "y": -45.68, "rotation": -98.66 },
	{ "name": "urber", "parent": "Body", "length": 129.88, "x": 99, "y": 17.62, "rotation": 17.89 },
	{ "name": "Face", "parent": "Head", "length": 66.94, "x": 47.91, "y": 21, "rotation": -89.09 },
	{ "name": "hair_L", "parent": "Head", "length": 39.79, "x": 57.75, "y": 23.55, "rotation": 165.03 },
	{ "name": "hair_R", "parent": "Head", "length": 39.37, "x": 62.96, "y": -20.66, "rotation": -149.26 },
	{ "name": "hair_L2", "parent": "hair_L", "length": 39.76, "x": 45.49, "y": 0.38, "rotation": 4.5 },
	{ "name": "hair_R2", "parent": "hair_R", "length": 38.56, "x": 46.4, "y": -0.63, "rotation": 6.73 },
	{ "name": "hair_L3", "parent": "hair_L2", "length": 39.66, "x": 43.1, "y": 0.26, "rotation": 0.9 },
	{ "name": "hair_R3", "parent": "hair_R2", "length": 37.91, "x": 43.88, "y": 1.48, "rotation": 19.65 }
],
"slots": [
	{ "name": "urber_B", "bone": "urber", "attachment": "change" },
	{ "name": "hair_L", "bone": "hair_L", "attachment": "hair_L" },
	{ "name": "hair_R", "bone": "hair_R", "attachment": "hair_R" },
	{ "name": "behand", "bone": "Behand", "attachment": "change" },
	{ "name": "Rodney_body_normal", "bone": "Body", "attachment": "Body_Change" },
	{ "name": "Light_Body", "bone": "Body", "attachment": "change", "blend": "additive" },
	{ "name": "head", "bone": "Head", "attachment": "head" },
	{ "name": "head_light", "bone": "Head", "attachment": "head_light", "blend": "additive" },
	{ "name": "Rodney_eyes_normal", "bone": "Face", "attachment": "Rodney_eyes_normal" },
	{ "name": "urber", "bone": "urber", "attachment": "urber" },
	{ "name": "urber_light", "bone": "urber", "attachment": "urber_light", "blend": "additive" },
	{ "name": "D", "bone": "D", "attachment": "D" },
	{ "name": "arm", "bone": "arm", "attachment": "arm" }
],
"skins": {
	"default": {
		"D": {
			"D": { "x": -53.46, "y": -13.37, "rotation": 109.91, "width": 300, "height": 300 }
		},
		"Rodney_eyes_normal": {
			"Rodney_eyes_damage": { "x": 19.21, "y": -48.69, "width": 300, "height": 300 },
			"Rodney_eyes_normal": { "x": 19.21, "y": -48.69, "width": 300, "height": 300 }
		},
		"arm": {
			"arm": { "x": -67.09, "y": 57.56, "rotation": 8.66, "width": 300, "height": 300 }
		},
		"hair_L": {
			"hair_L": {
				"type": "skinnedmesh",
				"uvs": [ 1, 0.11758, 1, 0.26125, 1, 0.40805, 1, 0.59546, 1, 0.79535, 1, 1, 0.70144, 1, 0.44202, 1, 0.23124, 1, 0, 1, 0, 0.88905, 0, 0.74538, 0, 0.58921, 0, 0.39868, 0, 0.19566, 0, 0, 0.23665, 0, 0.45283, 0, 0.70684, 0, 1, 0, 0.3015, 0.07073, 0.16099, 0.1738, 0.13396, 0.33309, 0.08532, 0.49238, 0.15558, 0.73288, 0.23124, 0.84533, 0.64199, 0.88905, 0.79872, 0.72976, 0.89059, 0.57672, 0.9014, 0.24876, 0.75548, 0.11758, 0.63118, 0.05511, 0.40419, 0.08322, 0.33393, 0.25501, 0.3015, 0.49551, 0.35014, 0.73288, 0.40959, 0.91092, 0.63118, 0.20503, 0.63658, 0.46427, 0.57173, 0.75475 ],
				"triangles": [ 31, 17, 18, 20, 16, 17, 32, 20, 17, 30, 18, 19, 0, 30, 19, 31, 18, 30, 21, 15, 16, 21, 16, 20, 14, 15, 21, 37, 31, 30, 29, 30, 0, 33, 20, 32, 21, 20, 33, 29, 0, 1, 22, 14, 21, 22, 21, 33, 13, 14, 22, 29, 1, 2, 29, 38, 37, 29, 37, 30, 28, 38, 29, 23, 13, 22, 34, 22, 33, 23, 22, 34, 32, 17, 31, 32, 31, 37, 33, 32, 37, 2, 28, 29, 12, 13, 23, 28, 2, 3, 27, 38, 28, 33, 38, 34, 38, 33, 37, 38, 39, 34, 39, 35, 34, 24, 23, 34, 24, 34, 35, 12, 23, 24, 11, 12, 24, 27, 39, 38, 28, 3, 4, 27, 28, 4, 25, 24, 35, 26, 39, 27, 10, 11, 24, 10, 24, 25, 36, 35, 39, 36, 39, 26, 25, 35, 36, 8, 9, 10, 8, 25, 36, 8, 10, 25, 7, 36, 26, 8, 36, 7, 6, 26, 27, 7, 26, 6, 27, 4, 5, 6, 27, 5 ],
				"vertices": [ 2, 17, -2.76, 30.26, 0.99948, 21, -88.35, 34.68, 5.1E-4, 3, 17, 18.51, 36.3, 0.9651, 19, -24.09, 37.91, 0.00161, 21, -66.58999, 38.7, 0.03328, 3, 17, 40.25999, 42.48, 0.61567, 19, -1.92, 42.37, 0.11222, 21, -44.36, 42.81, 0.27208, 3, 17, 68.01999, 50.36, 0.06528, 19, 26.36, 48.06, 0.04915, 21, -15.98, 48.05, 0.88554, 1, 21, 14.28, 53.65, 1, 2, 19, 87.44, 60.34, 0, 21, 45.27, 59.38, 0.99999, 2, 19, 92.68, 34.29, 0, 21, 50.1, 33.25, 0.99999, 1, 21, 54.29, 10.54, 1, 2, 19, 100.93, -6.72, 0.00387, 21, 57.7, -7.89, 0.99612, 2, 19, 104.98, -26.9, 0.02318, 21, 61.44, -28.13, 0.97681, 2, 19, 88.23, -30.27, 0.09768, 21, 44.64, -31.24, 0.90231, 2, 19, 66.54, -34.63, 0.35546, 21, 22.88, -35.25999, 0.64453, 3, 17, 91.41, -35.50999, 0.00997, 19, 42.96, -39.37, 0.70127, 21, -0.76, -39.63, 0.28874, 3, 17, 63.19, -43.52, 0.17615, 19, 14.2, -45.16, 0.78849, 21, -29.61, -44.96, 0.03534, 2, 17, 33.11, -52.06, 0.6111, 19, -16.44, -51.32, 0.38889, 2, 17, 4.12, -60.29, 0.80855, 19, -45.98, -57.26, 0.19144, 2, 17, -1.62, -40.03, 0.86187, 19, -50.14, -36.62, 0.13812, 2, 17, -6.88, -21.52, 0.95615, 19, -53.93, -17.75, 0.04384, 1, 17, -13.05, 0.21, 1, 1, 17, -20.18, 25.31, 1, 2, 17, 7.27, -31.5, 0.8474, 19, -40.59, -28.81, 0.15259, 2, 17, 25.96, -39.2, 0.6705, 19, -22.57, -37.93999, 0.32949, 3, 17, 50.21, -34.81, 0.38971, 19, 1.95, -35.46, 0.60702, 21, -41.71, -35.07, 0.00325, 3, 17, 74.99, -32.27, 0.05258, 19, 26.85, -34.87, 0.83595, 21, -16.79999, -34.87, 0.11146, 2, 19, 61.93, -21.44, 0.31616, 21, 18.48, -21.99, 0.68383, 2, 19, 77.57, -11.42, 0.08443, 21, 34.28, -12.22, 0.91556, 2, 19, 76.97, 25.74, 0, 21, 34.25999, 24.94, 0.99999, 2, 17, 92.81, 38.78, 5.6E-4, 21, 7.6, 34.2, 0.99942, 3, 17, 67.91, 40.21, 0.10302, 19, 25.45, 37.93999, 0.10615, 21, -17.04999, 37.96, 0.79081, 2, 17, 19.06, 27.34, 0.9865, 21, -66.89, 29.72, 0.01349, 1, 17, 3.17, 9.32, 1, 1, 17, -3.05, -3.94, 1, 2, 17, 6.63, -22.19, 0.9246, 19, -40.50999, -19.46999, 0.07539, 2, 17, 33.78, -20.98, 0.60486, 19, -13.34, -20.37999, 0.39513, 3, 17, 70.19999, -13.63, 0.01028, 19, 23.53, -15.91, 0.92057, 21, -19.82, -15.86, 0.06914, 1, 21, 15.33, -4.96, 1, 1, 21, 41.33, 5.21, 1, 2, 17, 19.15, 2.35999, 0.99909, 21, -69.14, 4.85, 9.0E-4, 3, 17, 57.42, 13.73, 0.21209, 19, 12.93, 12.37, 0.61345, 21, -29.97, 12.58, 0.17445, 1, 21, 15.06, 15.03, 1 ],
				"hull": 20,
				"edges": [ 16, 18, 14, 16, 30, 32, 32, 34, 34, 36, 36, 38, 0, 38, 0, 2, 2, 4, 4, 6, 6, 8, 8, 10, 10, 12, 12, 14, 18, 20, 20, 22, 22, 24, 24, 26, 26, 28, 28, 30 ],
				"width": 89,
				"height": 154
			}
		},
		"hair_R": {
			"hair_R": {
				"type": "skinnedmesh",
				"uvs": [ 1, 0.12537, 1, 0.35928, 1, 0.5306, 1, 0.73156, 1, 1, 0.88069, 1, 0.71926, 1, 0.51829, 1, 0.35357, 1, 0.18884, 1, 0, 1, 0, 0.89299, 0, 0.68214, 0, 0.47459, 0, 0.25715, 0, 0.13855, 0, 0, 0.25803, 0, 0.44581, 0, 0.62042, 0, 0.82798, 0, 1, 0, 0.4524, 0.05619, 0.10648, 0.11219, 0.11636, 0.65249, 0.28438, 0.78757, 0.47876, 0.86005, 0.57759, 0.92264, 0.84116, 0.90617, 0.9367, 0.81722, 0.92022, 0.67556, 0.84445, 0.5273, 0.71267, 0.43506, 0.6369, 0.3461, 0.57101, 0.19785, 0.2119, 0.14184, 0.17896, 0.33293, 0.23496, 0.57013, 0.44581, 0.7085, 0.38322, 0.14514, 0.46887, 0.37246, 0.66655, 0.59319, 0.77527, 0.74145, 0.65996, 0.82051 ],
				"triangles": [ 22, 18, 19, 23, 16, 17, 20, 21, 0, 15, 16, 23, 35, 23, 17, 22, 39, 17, 22, 17, 18, 35, 17, 39, 34, 22, 19, 39, 22, 34, 14, 15, 23, 36, 23, 35, 14, 23, 36, 20, 34, 19, 33, 20, 0, 33, 34, 20, 33, 0, 1, 40, 39, 34, 40, 34, 33, 32, 33, 1, 13, 14, 36, 31, 32, 1, 31, 1, 2, 36, 39, 40, 39, 36, 35, 37, 36, 40, 13, 36, 37, 32, 40, 33, 41, 32, 31, 41, 40, 32, 24, 13, 37, 30, 31, 2, 12, 13, 24, 38, 37, 40, 38, 40, 41, 30, 2, 3, 42, 41, 31, 42, 31, 30, 25, 37, 38, 24, 37, 25, 29, 30, 3, 42, 30, 29, 43, 38, 41, 43, 41, 42, 26, 38, 43, 25, 38, 26, 11, 12, 24, 11, 24, 25, 28, 42, 29, 43, 42, 28, 27, 26, 43, 9, 10, 11, 25, 9, 11, 8, 25, 26, 9, 25, 8, 7, 26, 27, 8, 26, 7, 6, 43, 28, 27, 43, 6, 7, 27, 6, 4, 5, 28, 6, 28, 5, 29, 3, 4, 4, 28, 29 ],
				"vertices": [ 3, 18, 46.54, 98.08, 0.47032, 20, 11.73, 98.02, 0.17066, 22, 2.18, 101.72, 0.359, 3, 18, 76.16, 81.08999, 0.28356, 20, 39.15, 77.66, 0.20937, 22, 21.17, 73.33, 0.50706, 3, 18, 97.86, 68.65, 0.13043, 20, 59.24, 62.76, 0.17406, 22, 35.07, 52.54, 0.69549, 3, 18, 123.31, 54.05, 0.026, 20, 82.8, 45.28, 0.04847, 22, 51.38, 28.15, 0.92552, 1, 22, 73.17, -4.42, 1, 1, 22, 58.69, -14.1, 1, 2, 20, 89.85, -10.98, 0.00828, 22, 39.09999, -27.2, 0.99171, 2, 20, 72.37, -34.55, 0.31076, 22, 14.71, -43.51, 0.68923, 2, 20, 58.04, -53.86, 0.69087, 22, -5.27, -56.88, 0.30912, 3, 18, 98.41, -68.17, 0.01111, 20, 43.71, -73.18, 0.87509, 22, -25.26, -70.25, 0.11378, 3, 18, 84.69, -92.09, 0.02167, 20, 27.28, -95.32, 0.92442, 22, -48.18, -85.58, 0.05389, 3, 18, 71.14, -84.32, 0.03737, 20, 14.73, -86.01, 0.9168, 22, -56.87, -72.58999, 0.0458, 3, 18, 44.44, -69.01, 0.17872, 20, -9.97999, -67.66, 0.81196, 22, -73.98, -47, 0.0093, 2, 18, 18.15, -53.93, 0.52815, 20, -34.32, -49.61, 0.47184, 2, 18, -9.38, -38.14, 0.90613, 20, -59.81, -30.69, 0.09386, 2, 18, -24.41, -29.53, 0.98525, 20, -73.72, -20.37, 0.01474, 1, 18, -41.95, -19.46999, 1, 2, 18, -23.22, 13.2, 0.99555, 22, -98.03, 56.72, 0.00443, 3, 18, -9.58, 36.99, 0.93159, 20, -51.18, 43.95, 0.00914, 22, -75.24, 71.96, 0.05926, 3, 18, 3.09, 59.1, 0.75893, 20, -35.99, 64.42, 0.0721, 22, -54.05, 86.13, 0.16895, 3, 18, 18.16, 85.39, 0.5659, 20, -17.93, 88.75, 0.141, 22, -28.86, 102.98, 0.29308, 3, 18, 30.66, 107.18, 0.51441, 20, -2.96, 108.92, 0.15626, 22, -7.98, 116.94, 0.32931, 3, 18, -1.98, 33.74, 0.88799, 20, -44.01, 39.83, 0.02554, 22, -69.87999, 65.67, 0.08646, 2, 18, -20.01, -14.13, 0.99701, 20, -67.54, -5.59, 0.00298, 3, 18, 49.13, -52.11, 0.16769, 20, -3.33, -51.44, 0.81996, 22, -62.27, -33.96, 0.01233, 3, 18, 78.44, -40.64, 0.02283, 20, 27.11, -43.49, 0.8604, 22, -30.91, -36.72, 0.11675, 2, 20, 52.52, -27.01, 0.63356, 22, -1.44, -29.74, 0.36643, 2, 20, 68.46, -20.86, 0.19951, 22, 15.63, -29.31, 0.80048, 1, 22, 46.28, -5.92, 1, 3, 18, 129.57, 39.82, 0.00472, 20, 87.34, 30.4, 0.00921, 22, 50.65, 12.62, 0.98605, 3, 18, 110.43, 48.02, 0.03726, 20, 69.3, 40.8, 0.07184, 22, 37.16, 28.47, 0.89088, 3, 18, 86.15, 49.19, 0.12148, 20, 45.32, 44.81, 0.20334, 22, 15.93, 40.32, 0.67517, 3, 18, 64.89, 39.18999, 0.26282, 20, 23.04, 37.38, 0.35466, 22, -7.54, 40.82, 0.38249, 3, 18, 48.12, 36.06, 0.35641, 20, 6.02, 36.24, 0.39007, 22, -23.96, 45.46, 0.2535, 3, 18, 24.56, 38.48, 0.74374, 20, -17.09, 41.41, 0.11367, 22, -43.99, 58.11, 0.14257, 2, 18, -8.6, -2.93, 0.99958, 22, -92.12, 35.75999, 4.1E-4, 2, 18, 13.2, -20.98, 0.81047, 20, -35.36, -16.29999, 0.18952, 3, 18, 47.31, -31.11, 0.25604, 20, -2.67, -30.37, 0.74133, 22, -54.56, -14.34, 0.00261, 3, 18, 80.15, -14.45, 0.00189, 20, 31.89, -17.69, 0.96134, 22, -17.74, -14.02, 0.03675, 2, 18, 4.25, 18.52, 0.97916, 22, -71.06, 49.26, 0.02083, 3, 18, 39.25999, 12.86, 0.90343, 20, -5.5, 14.24, 0.06669, 22, -42.21, 28.63, 0.02986, 3, 18, 81.57, 21.87, 0.0787, 20, 37.57, 18.21999, 0.51257, 22, -0.31, 17.87999, 0.40872, 3, 18, 108.25, 24.87, 0.01101, 20, 64.41, 18.07, 0.02817, 22, 24.91, 8.71, 0.96081, 1, 22, 17.33, -10.22999, 1 ],
				"hull": 22,
				"edges": [ 32, 34, 26, 28, 8, 6, 34, 36, 36, 38, 38, 40, 40, 42, 0, 42, 0, 2, 2, 4, 4, 6, 8, 10, 10, 12, 12, 14, 14, 16, 16, 18, 18, 20, 20, 22, 22, 24, 24, 26, 28, 30, 30, 32 ],
				"width": 146,
				"height": 146
			}
		},
		"head": {
			"head": { "x": -0.98, "y": 0.85, "rotation": -89.09, "width": 300, "height": 300 }
		},
		"head_light": {
			"head_light": { "x": -0.98, "y": 0.85, "rotation": -89.09, "width": 300, "height": 300 }
		},
		"urber": {
			"urber": { "x": 28.8, "y": -15.23, "rotation": -107.89, "width": 300, "height": 300 }
		},
		"urber_light": {
			"urber_light": { "x": 28.8, "y": -15.23, "rotation": -107.89, "width": 300, "height": 300 }
		}
	},
	"damage": {
		"Light_Body": {
			"change": { "name": "Rodney_ship_body_damage_light", "x": 132.71, "y": 10.36, "rotation": -90, "width": 300, "height": 300 }
		},
		"Rodney_body_normal": {
			"Body_Change": { "name": "Rodney_body_damage", "x": 131.3, "y": 10.78, "rotation": -90, "width": 300, "height": 300 }
		},
		"behand": {
			"change": { "name": "behand_damage", "x": -20.22, "y": -51.52, "rotation": 174.6, "width": 300, "height": 300 }
		},
		"urber_B": {
			"change": { "name": "urber_B_damage", "x": 28.8, "y": -15.23, "rotation": -107.89, "width": 300, "height": 300 }
		}
	},
	"normal": {
		"Light_Body": {
			"change": { "name": "Rodney_ship_body_normal_light", "x": 131.3, "y": 10.78, "rotation": -90, "width": 300, "height": 300 }
		},
		"Rodney_body_normal": {
			"Body_Change": { "name": "Rodney_body_normal", "x": 131.3, "y": 10.78, "rotation": -90, "width": 300, "height": 300 }
		},
		"behand": {
			"change": { "name": "behand", "x": -17.3, "y": -51.54, "rotation": 174.6, "width": 300, "height": 300 }
		},
		"urber_B": {
			"change": { "name": "ueber_B", "x": 28.8, "y": -15.23, "rotation": -107.89, "width": 300, "height": 300 }
		}
	}
},
"events": {
	"Antiaircraft": {},
	"attack_point": {},
	"damage_point": {},
	"throw_point": {}
},
"animations": {
	"Antiaircraft": {
		"slots": {
			"Light_Body": {
				"attachment": [
					{ "time": 0, "name": null },
					{ "time": 0.0666, "name": "change" },
					{ "time": 0.5, "name": "change" },
					{ "time": 1.2666, "name": "change" },
					{ "time": 2, "name": null }
				],
				"color": [
					{ "time": 0.0666, "color": "fffffffd" },
					{ "time": 0.1666, "color": "ffffff00" },
					{ "time": 0.2, "color": "ffffffff" },
					{ "time": 0.3333, "color": "ffffff00" },
					{ "time": 0.3666, "color": "ffffffff" },
					{ "time": 0.4666, "color": "ffffff00" },
					{ "time": 0.6, "color": "ffffffff" },
					{ "time": 0.7333, "color": "ffffff00" },
					{ "time": 0.8, "color": "ffffffff" },
					{ "time": 0.9, "color": "ffffff00" },
					{ "time": 0.9666, "color": "ffffffff" },
					{ "time": 1.1, "color": "ffffff00" },
					{ "time": 1.1333, "color": "ffffffff" },
					{ "time": 1.2333, "color": "ffffff00" },
					{ "time": 1.3666, "color": "ffffffff" },
					{ "time": 1.4666, "color": "ffffff00" },
					{ "time": 1.5333, "color": "ffffffff" },
					{ "time": 1.6333, "color": "ffffff00" },
					{ "time": 1.7, "color": "ffffffff" },
					{ "time": 1.8333, "color": "ffffff00" },
					{ "time": 1.8666, "color": "ffffffff" },
					{ "time": 1.9666, "color": "ffffff00" }
				]
			},
			"Rodney_body_normal": {
				"attachment": [
					{ "time": 0, "name": "Body_Change" }
				]
			},
			"arm": {
				"attachment": [
					{ "time": 0, "name": null }
				]
			},
			"head_light": {
				"attachment": [
					{ "time": 0, "name": null },
					{ "time": 0.0666, "name": "head_light" }
				],
				"color": [
					{ "time": 0.0666, "color": "fffffffd" },
					{ "time": 0.1666, "color": "ffffff00" },
					{ "time": 0.2, "color": "ffffffff" },
					{ "time": 0.3333, "color": "ffffff00" },
					{ "time": 0.3666, "color": "ffffffff" },
					{ "time": 0.4666, "color": "ffffff00" },
					{ "time": 0.6, "color": "ffffffff" },
					{ "time": 0.7333, "color": "ffffff00" },
					{ "time": 0.8, "color": "ffffffff" },
					{ "time": 0.9, "color": "ffffff00" },
					{ "time": 0.9666, "color": "ffffffff" },
					{ "time": 1.1, "color": "ffffff00" },
					{ "time": 1.1333, "color": "ffffffff" },
					{ "time": 1.2333, "color": "ffffff00" },
					{ "time": 1.3666, "color": "ffffffff" },
					{ "time": 1.4666, "color": "ffffff00" },
					{ "time": 1.5333, "color": "ffffffff" },
					{ "time": 1.6333, "color": "ffffff00" },
					{ "time": 1.7, "color": "ffffffff" },
					{ "time": 1.8333, "color": "ffffff00" },
					{ "time": 1.8666, "color": "ffffffff" },
					{ "time": 1.9666, "color": "ffffff00" }
				]
			},
			"urber_light": {
				"attachment": [
					{ "time": 0, "name": null },
					{ "time": 0.0666, "name": "urber_light" },
					{ "time": 0.5, "name": "urber_light" },
					{ "time": 1.2666, "name": "urber_light" },
					{ "time": 2, "name": null }
				],
				"color": [
					{ "time": 0.0666, "color": "fffffffd" },
					{ "time": 0.1666, "color": "ffffff00" },
					{ "time": 0.2, "color": "ffffffff" },
					{ "time": 0.3333, "color": "ffffff00" },
					{ "time": 0.3666, "color": "ffffffff" },
					{ "time": 0.4666, "color": "ffffff00" },
					{ "time": 0.6, "color": "ffffffff" },
					{ "time": 0.7333, "color": "ffffff00" },
					{ "time": 0.8, "color": "ffffffff" },
					{ "time": 0.9, "color": "ffffff00" },
					{ "time": 0.9666, "color": "ffffffff" },
					{ "time": 1.1, "color": "ffffff00" },
					{ "time": 1.1333, "color": "ffffffff" },
					{ "time": 1.2333, "color": "ffffff00" },
					{ "time": 1.3666, "color": "ffffffff" },
					{ "time": 1.4666, "color": "ffffff00" },
					{ "time": 1.5333, "color": "ffffffff" },
					{ "time": 1.6333, "color": "ffffff00" },
					{ "time": 1.7, "color": "ffffffff" },
					{ "time": 1.8333, "color": "ffffff00" },
					{ "time": 1.8666, "color": "ffffffff" },
					{ "time": 1.9666, "color": "ffffff00" }
				]
			}
		},
		"bones": {
			"Body": {
				"rotate": [
					{
						"time": 0,
						"angle": 0,
						"curve": [ 0.255, 0.35, 0.6, 0.7 ]
					},
					{
						"time": 1,
						"angle": -5.27,
						"curve": [ 0.3, 0.39, 0.641, 0.74 ]
					},
					{ "time": 2, "angle": 0 }
				],
				"translate": [
					{ "time": 0, "x": 0, "y": 0, "curve": "stepped" },
					{ "time": 2, "x": 0, "y": 0 }
				]
			},
			"Root_All": {
				"rotate": [
					{ "time": 0, "angle": 0, "curve": "stepped" },
					{ "time": 2, "angle": 0 }
				],
				"translate": [
					{
						"time": 0,
						"x": 0,
						"y": 0,
						"curve": [ 0.255, 0.35, 0.6, 0.7 ]
					},
					{
						"time": 0.5,
						"x": 0,
						"y": -9.82,
						"curve": [ 0.3, 0.39, 0.641, 0.74 ]
					},
					{
						"time": 1,
						"x": 0,
						"y": -15.66,
						"curve": [ 0.322, 0.37, 0.652, 0.7 ]
					},
					{
						"time": 1.5,
						"x": 0,
						"y": -7.79,
						"curve": [ 0.314, 0.36, 0.644, 0.68 ]
					},
					{ "time": 2, "x": 0, "y": 0 }
				]
			},
			"Ship_All": {
				"rotate": [
					{ "time": 0, "angle": 0, "curve": "stepped" },
					{ "time": 2, "angle": 0 }
				],
				"translate": [
					{ "time": 0, "x": 0, "y": 0, "curve": "stepped" },
					{ "time": 2, "x": 0, "y": 0 }
				]
			},
			"Face": {
				"rotate": [
					{ "time": 0, "angle": 0, "curve": "stepped" },
					{ "time": 2, "angle": 0 }
				],
				"translate": [
					{
						"time": 0,
						"x": 0,
						"y": 0,
						"curve": [ 0.286, 0.34, 0.623, 0.67 ]
					},
					{
						"time": 0.5,
						"x": 0.64,
						"y": 0,
						"curve": [ 0.282, 0.37, 0.624, 0.71 ]
					},
					{
						"time": 1.5,
						"x": -1.28,
						"y": 0,
						"curve": [ 0.321, 0.37, 0.656, 0.71 ]
					},
					{ "time": 2, "x": 0, "y": 0 }
				]
			},
			"Head": {
				"rotate": [
					{ "time": 0, "angle": 0 },
					{ "time": 0.5, "angle": -3.17 },
					{ "time": 1, "angle": 0 },
					{ "time": 1.5, "angle": 0.89 },
					{ "time": 2, "angle": 0 }
				],
				"translate": [
					{ "time": 0, "x": 0, "y": 0, "curve": "stepped" },
					{ "time": 1, "x": 0, "y": 0, "curve": "stepped" },
					{ "time": 2, "x": 0, "y": 0 }
				]
			},
			"Behand": {
				"rotate": [
					{ "time": 0, "angle": 0 },
					{ "time": 1, "angle": -5.06 },
					{ "time": 2, "angle": 0 }
				],
				"translate": [
					{ "time": 0, "x": 0, "y": 0, "curve": "stepped" },
					{ "time": 2, "x": 0, "y": 0 }
				]
			},
			"urber": {
				"rotate": [
					{ "time": 0, "angle": 0 },
					{ "time": 0.0666, "angle": -21.52 },
					{ "time": 1, "angle": -18.3 },
					{ "time": 1.6666, "angle": -21.09 },
					{ "time": 2, "angle": 0 }
				],
				"translate": [
					{ "time": 0, "x": 0, "y": 0, "curve": "stepped" },
					{ "time": 2, "x": 0, "y": 0 }
				]
			},
			"arm": {
				"rotate": [
					{ "time": 0, "angle": 0, "curve": "stepped" },
					{ "time": 2, "angle": 0 }
				],
				"translate": [
					{ "time": 0, "x": 0, "y": 0, "curve": "stepped" },
					{ "time": 2, "x": 0, "y": 0 }
				]
			},
			"D": {
				"rotate": [
					{ "time": 0, "angle": 0 },
					{ "time": 1, "angle": -10.46 },
					{ "time": 2, "angle": 0 }
				],
				"translate": [
					{ "time": 0, "x": 0, "y": 0, "curve": "stepped" },
					{ "time": 2, "x": 0, "y": 0 }
				]
			},
			"hair_R": {
				"rotate": [
					{ "time": 0, "angle": 0 },
					{ "time": 0.6666, "angle": -6.36 },
					{ "time": 1.3333, "angle": 1.68 },
					{ "time": 2, "angle": 0 }
				],
				"translate": [
					{ "time": 0, "x": 0, "y": 0, "curve": "stepped" },
					{ "time": 2, "x": 0, "y": 0 }
				]
			},
			"hair_L": {
				"rotate": [
					{ "time": 0, "angle": 0 },
					{ "time": 0.6666, "angle": -8.18 },
					{ "time": 1.3333, "angle": 2.33 },
					{ "time": 2, "angle": 0 }
				],
				"translate": [
					{ "time": 0, "x": 0, "y": 0, "curve": "stepped" },
					{ "time": 2, "x": 0, "y": 0 }
				]
			},
			"hair_L2": {
				"rotate": [
					{ "time": 0, "angle": 0 },
					{ "time": 0.6666, "angle": -2.78 },
					{ "time": 1.3333, "angle": -9.35 },
					{ "time": 2, "angle": 0 }
				],
				"translate": [
					{ "time": 0, "x": 0, "y": 0, "curve": "stepped" },
					{ "time": 2, "x": 0, "y": 0 }
				]
			},
			"hair_L3": {
				"rotate": [
					{ "time": 0, "angle": 0 },
					{ "time": 0.6666, "angle": -25.66 },
					{ "time": 1.3333, "angle": 13.62 },
					{ "time": 2, "angle": 0 }
				],
				"translate": [
					{ "time": 0, "x": 0, "y": 0, "curve": "stepped" },
					{ "time": 2, "x": 0, "y": 0 }
				]
			},
			"hair_R2": {
				"rotate": [
					{ "time": 0, "angle": 0 },
					{ "time": 0.6666, "angle": -10.97 },
					{ "time": 1.3333, "angle": 13.41 },
					{ "time": 2, "angle": 0 }
				],
				"translate": [
					{ "time": 0, "x": 0, "y": 0, "curve": "stepped" },
					{ "time": 2, "x": 0, "y": 0 }
				]
			},
			"hair_R3": {
				"rotate": [
					{ "time": 0, "angle": 0 },
					{ "time": 0.6666, "angle": 6.1 },
					{ "time": 1.3333, "angle": -13.29 },
					{ "time": 2, "angle": 0 }
				],
				"translate": [
					{ "time": 0, "x": 0, "y": 0, "curve": "stepped" },
					{ "time": 2, "x": 0, "y": 0 }
				]
			}
		},
		"events": [
			{ "time": 0.0666, "name": "Antiaircraft" }
		]
	},
	"attack": {
		"slots": {
			"Light_Body": {
				"attachment": [
					{ "time": 0, "name": null },
					{ "time": 0.0666, "name": "change" }
				],
				"color": [
					{ "time": 0.5333, "color": "fffffffb" },
					{ "time": 0.8333, "color": "ffffff00" }
				]
			},
			"Rodney_body_normal": {
				"attachment": [
					{ "time": 0, "name": "Body_Change" },
					{ "time": 0.9, "name": "Body_Change" }
				]
			},
			"arm": {
				"attachment": [
					{ "time": 0, "name": null }
				]
			},
			"head_light": {
				"attachment": [
					{ "time": 0, "name": null },
					{ "time": 0.0666, "name": "head_light" }
				],
				"color": [
					{ "time": 0.5333, "color": "fffffffb" },
					{ "time": 0.8333, "color": "ffffff00" }
				]
			},
			"urber_light": {
				"attachment": [
					{ "time": 0, "name": null },
					{ "time": 0.0666, "name": "urber_light" }
				],
				"color": [
					{ "time": 0.5333, "color": "fffffffb" },
					{ "time": 0.8333, "color": "ffffff00" }
				]
			}
		},
		"bones": {
			"Root_All": {
				"rotate": [
					{ "time": 0, "angle": 0, "curve": "stepped" },
					{ "time": 1.6666, "angle": 0 }
				],
				"translate": [
					{
						"time": 0,
						"x": 0,
						"y": 0,
						"curve": [ 0.255, 0.35, 0.6, 0.7 ]
					},
					{ "time": 0.0666, "x": 8.69, "y": 0 },
					{ "time": 0.1666, "x": -87.44, "y": 0 },
					{ "time": 0.3333, "x": -61.04, "y": 0 },
					{ "time": 0.5333, "x": -69.84, "y": 0 },
					{ "time": 1, "x": -85.6, "y": 0 },
					{ "time": 1.4, "x": 15.07, "y": 0 },
					{ "time": 1.6666, "x": 0, "y": 0 }
				]
			},
			"Face": {
				"rotate": [
					{ "time": 0, "angle": 0, "curve": "stepped" },
					{ "time": 1.6666, "angle": 0 }
				],
				"translate": [
					{
						"time": 0,
						"x": 0,
						"y": 0,
						"curve": [ 0.286, 0.34, 0.623, 0.67 ]
					},
					{ "time": 0.1666, "x": 0, "y": 3.4 },
					{ "time": 0.3333, "x": 0, "y": -0.66 },
					{ "time": 0.9, "x": 0, "y": -1.2 },
					{ "time": 1, "x": 0, "y": -0.44 },
					{ "time": 1.6666, "x": 0, "y": 0 }
				]
			},
			"Ship_All": {
				"rotate": [
					{ "time": 0, "angle": 0, "curve": "stepped" },
					{ "time": 1.6666, "angle": 0 }
				],
				"translate": [
					{ "time": 0, "x": 0, "y": 0, "curve": "stepped" },
					{ "time": 1.6666, "x": 0, "y": 0 }
				]
			},
			"Body": {
				"rotate": [
					{
						"time": 0,
						"angle": 0,
						"curve": [ 0.294, 0.34, 0.629, 0.67 ]
					},
					{
						"time": 0.1666,
						"angle": 14.82,
						"curve": [ 0.308, 0.34, 0.643, 0.67 ]
					},
					{
						"time": 0.5,
						"angle": 2.23,
						"curve": [ 0.285, 0.4, 0.632, 0.75 ]
					},
					{ "time": 1.6666, "angle": 0 }
				],
				"translate": [
					{
						"time": 0,
						"x": 0,
						"y": 0,
						"curve": [ 0.294, 0.34, 0.629, 0.67 ]
					},
					{
						"time": 0.1666,
						"x": -3.43,
						"y": 0,
						"curve": [ 0.259, 0.41, 0.615, 0.76 ]
					},
					{ "time": 1.6666, "x": 0, "y": 0 }
				]
			},
			"Attack_Point": {
				"rotate": [
					{ "time": 0.0666, "angle": 0 }
				],
				"translate": [
					{ "time": 0.0666, "x": 0, "y": 0 }
				]
			},
			"Head": {
				"rotate": [
					{ "time": 0, "angle": 0 },
					{ "time": 0.8333, "angle": -5.02 },
					{ "time": 1.3333, "angle": 1.69 },
					{ "time": 1.6666, "angle": 0 }
				],
				"translate": [
					{ "time": 0, "x": 0, "y": 0, "curve": "stepped" },
					{ "time": 1.6666, "x": 0, "y": 0 }
				]
			},
			"Behand": {
				"rotate": [
					{ "time": 0, "angle": 0 },
					{ "time": 0.0333, "angle": -169.08 },
					{ "time": 0.1666, "angle": -148.41 },
					{ "time": 0.4333, "angle": -186.19 },
					{ "time": 0.8333, "angle": -14.47 },
					{ "time": 1.6666, "angle": 0 }
				],
				"translate": [
					{ "time": 0, "x": 0, "y": 0 },
					{ "time": 0.0333, "x": 2.74, "y": -51.18 },
					{ "time": 0.1666, "x": 7.54, "y": -34.99 },
					{ "time": 0.4333, "x": -0.76, "y": -53.97 },
					{ "time": 0.8333, "x": -1.79, "y": -7.51 },
					{ "time": 1.6666, "x": 0, "y": 0 }
				]
			},
			"urber": {
				"rotate": [
					{ "time": 0, "angle": 0 },
					{ "time": 0.1666, "angle": 12.22 },
					{ "time": 0.5, "angle": 14.01 },
					{ "time": 1, "angle": -19.18 },
					{ "time": 1.6666, "angle": 0 }
				],
				"translate": [
					{ "time": 0, "x": 0, "y": 0, "curve": "stepped" },
					{ "time": 1.6666, "x": 0, "y": 0 }
				]
			},
			"D": {
				"rotate": [
					{ "time": 0, "angle": 0 },
					{ "time": 0.3333, "angle": -334.34 },
					{ "time": 1.1666, "angle": -9.76 },
					{ "time": 1.6666, "angle": 0 }
				],
				"translate": [
					{ "time": 0, "x": 0, "y": 0, "curve": "stepped" },
					{ "time": 1.6666, "x": 0, "y": 0 }
				]
			},
			"hair_L": {
				"rotate": [
					{ "time": 0, "angle": 0 },
					{ "time": 0.6666, "angle": 9.93 },
					{ "time": 1.1666, "angle": -7.55 },
					{ "time": 1.6666, "angle": 0 }
				],
				"translate": [
					{ "time": 0, "x": 0, "y": 0, "curve": "stepped" },
					{ "time": 1.6666, "x": 0, "y": 0 }
				]
			},
			"hair_L3": {
				"rotate": [
					{ "time": 0, "angle": 0 },
					{ "time": 0.6666, "angle": 24.8 },
					{ "time": 1.1666, "angle": -11.79 },
					{ "time": 1.6666, "angle": 0 }
				],
				"translate": [
					{ "time": 0, "x": 0, "y": 0, "curve": "stepped" },
					{ "time": 1.6666, "x": 0, "y": 0 }
				]
			},
			"hair_L2": {
				"rotate": [
					{ "time": 0, "angle": 0 },
					{ "time": 0.6666, "angle": 15.78 },
					{ "time": 1.1666, "angle": -16.39 },
					{ "time": 1.6666, "angle": 0 }
				],
				"translate": [
					{ "time": 0, "x": 0, "y": 0, "curve": "stepped" },
					{ "time": 1.6666, "x": 0, "y": 0 }
				]
			},
			"hair_R": {
				"rotate": [
					{ "time": 0, "angle": 0 },
					{ "time": 0.6666, "angle": 11.44 },
					{ "time": 1.1666, "angle": -20.7 },
					{ "time": 1.6666, "angle": 0 }
				],
				"translate": [
					{ "time": 0, "x": 0, "y": 0, "curve": "stepped" },
					{ "time": 1.6666, "x": 0, "y": 0 }
				]
			},
			"hair_R3": {
				"rotate": [
					{ "time": 0, "angle": 0 },
					{ "time": 0.6666, "angle": 19.86 },
					{ "time": 1.1666, "angle": 20.81 },
					{ "time": 1.6666, "angle": 0 }
				],
				"translate": [
					{ "time": 0, "x": 0, "y": 0, "curve": "stepped" },
					{ "time": 1.6666, "x": 0, "y": 0 }
				]
			},
			"hair_R2": {
				"rotate": [
					{ "time": 0, "angle": 0 },
					{ "time": 0.6666, "angle": 14.87 },
					{ "time": 1.1666, "angle": -4.47 },
					{ "time": 1.6666, "angle": 0 }
				],
				"translate": [
					{ "time": 0, "x": 0, "y": 0, "curve": "stepped" },
					{ "time": 1.6666, "x": 0, "y": 0 }
				]
			}
		},
		"events": [
			{ "time": 0.0666, "name": "attack_point" }
		]
	},
	"damage": {
		"slots": {
			"D": {
				"color": [
					{ "time": 0.0666, "color": "8c4c51ff", "curve": "stepped" },
					{ "time": 0.7666, "color": "8c4c51ff" },
					{ "time": 1.1333, "color": "ffffffff" }
				]
			},
			"Light_Body": {
				"attachment": [
					{ "time": 0, "name": null },
					{ "time": 0.0666, "name": "change" },
					{ "time": 0.7666, "name": null }
				],
				"color": [
					{ "time": 0.5333, "color": "fffffffc" },
					{ "time": 0.7666, "color": "ffffff00" }
				]
			},
			"Rodney_body_normal": {
				"attachment": [
					{ "time": 0, "name": "Body_Change" },
					{ "time": 0.8666, "name": "Body_Change" }
				],
				"color": [
					{ "time": 0.0666, "color": "8c4c51ff", "curve": "stepped" },
					{ "time": 0.7666, "color": "8c4c51ff" },
					{ "time": 1.1333, "color": "ffffffff" }
				]
			},
			"Rodney_eyes_normal": {
				"attachment": [
					{ "time": 0.0666, "name": "Rodney_eyes_damage" },
					{ "time": 1.1333, "name": "Rodney_eyes_normal" }
				],
				"color": [
					{ "time": 0.0666, "color": "8c4c51ff", "curve": "stepped" },
					{ "time": 0.7666, "color": "8c4c51ff" },
					{ "time": 1.1333, "color": "ffffffff" }
				]
			},
			"arm": {
				"attachment": [
					{ "time": 0, "name": null },
					{ "time": 1.1666, "name": null }
				]
			},
			"behand": {
				"color": [
					{ "time": 0.0666, "color": "8c4c51ff", "curve": "stepped" },
					{ "time": 0.7666, "color": "8c4c51ff" },
					{ "time": 1.1333, "color": "ffffffff" }
				]
			},
			"hair_L": {
				"color": [
					{ "time": 0.0666, "color": "8c4c51ff", "curve": "stepped" },
					{ "time": 0.7666, "color": "8c4c51ff" },
					{ "time": 1.1333, "color": "ffffffff" }
				]
			},
			"hair_R": {
				"color": [
					{ "time": 0.0666, "color": "8c4c51ff", "curve": "stepped" },
					{ "time": 0.7666, "color": "8c4c51ff" },
					{ "time": 1.1333, "color": "ffffffff" }
				]
			},
			"head": {
				"color": [
					{ "time": 0.0666, "color": "8c4c51ff", "curve": "stepped" },
					{ "time": 0.7666, "color": "8c4c51ff" },
					{ "time": 1.1333, "color": "ffffffff" }
				]
			},
			"head_light": {
				"attachment": [
					{ "time": 0, "name": null },
					{ "time": 0.0666, "name": "head_light" }
				],
				"color": [
					{ "time": 0.5333, "color": "fffffffc" },
					{ "time": 0.7666, "color": "ffffff00" }
				]
			},
			"urber": {
				"color": [
					{ "time": 0.0666, "color": "8c4c51ff", "curve": "stepped" },
					{ "time": 0.7666, "color": "8c4c51ff" },
					{ "time": 1.1333, "color": "ffffffff" }
				]
			},
			"urber_B": {
				"color": [
					{ "time": 0.0666, "color": "8c4c51ff", "curve": "stepped" },
					{ "time": 0.7666, "color": "8c4c51ff" },
					{ "time": 1.1333, "color": "ffffffff" }
				]
			},
			"urber_light": {
				"attachment": [
					{ "time": 0, "name": null },
					{ "time": 0.0666, "name": "urber_light" },
					{ "time": 0.7666, "name": null }
				],
				"color": [
					{ "time": 0.5333, "color": "fffffffc" },
					{ "time": 0.7666, "color": "ffffff00" }
				]
			}
		},
		"bones": {
			"Root_All": {
				"rotate": [
					{ "time": 0, "angle": 0, "curve": "stepped" },
					{ "time": 1.1666, "angle": 0 }
				],
				"translate": [
					{
						"time": 0,
						"x": 0,
						"y": 0,
						"curve": [ 0.255, 0.35, 0.6, 0.7 ]
					},
					{ "time": 0.0666, "x": -27.67, "y": -23.16 },
					{ "time": 0.1333, "x": 20.98, "y": 15.35 },
					{ "time": 0.2333, "x": -19.78, "y": -15.62 },
					{ "time": 0.3666, "x": 14.36, "y": 8.59 },
					{ "time": 0.5666, "x": -3.37, "y": -4.5 },
					{ "time": 0.8666, "x": 5.63, "y": 2.25 },
					{ "time": 1.1666, "x": 0, "y": 0 }
				]
			},
			"Face": {
				"rotate": [
					{ "time": 0, "angle": 0, "curve": "stepped" },
					{ "time": 1.1666, "angle": 0 }
				],
				"translate": [
					{
						"time": 0,
						"x": 0,
						"y": 0,
						"curve": [ 0.286, 0.34, 0.623, 0.67 ]
					},
					{ "time": 0.0666, "x": -5.44, "y": 0 },
					{ "time": 0.1333, "x": -0.44, "y": 0 },
					{ "time": 0.2333, "x": -5.06, "y": 0 },
					{ "time": 0.3666, "x": -2.01, "y": 0 },
					{ "time": 1.1666, "x": 0, "y": 0 }
				]
			},
			"Ship_All": {
				"rotate": [
					{ "time": 0, "angle": 0, "curve": "stepped" },
					{ "time": 1.1666, "angle": 0 }
				],
				"translate": [
					{ "time": 0, "x": 0, "y": 0, "curve": "stepped" },
					{ "time": 1.1666, "x": 0, "y": 0 }
				]
			},
			"Body": {
				"rotate": [
					{ "time": 0, "angle": 0, "curve": "stepped" },
					{ "time": 1.1666, "angle": 0 }
				],
				"translate": [
					{ "time": 0, "x": 0, "y": 0, "curve": "stepped" },
					{ "time": 1.1666, "x": 0, "y": 0 }
				]
			},
			"Damage_Point": {
				"rotate": [
					{ "time": 0.0666, "angle": 0 }
				],
				"translate": [
					{ "time": 0.0666, "x": 0, "y": 0 }
				]
			},
			"Head": {
				"rotate": [
					{ "time": 0, "angle": 0 },
					{ "time": 0.1666, "angle": 6.68 },
					{ "time": 0.4, "angle": -5.58 },
					{ "time": 0.9333, "angle": -3.55 },
					{ "time": 1.1666, "angle": 0 }
				],
				"translate": [
					{ "time": 0, "x": 0, "y": 0, "curve": "stepped" },
					{ "time": 1.1666, "x": 0, "y": 0 }
				]
			},
			"Behand": {
				"rotate": [
					{ "time": 0, "angle": 0 },
					{ "time": 0.3333, "angle": -17.17 },
					{ "time": 0.6666, "angle": 13.96 },
					{ "time": 1, "angle": -16.14 },
					{ "time": 1.1666, "angle": 0 }
				],
				"translate": [
					{ "time": 0, "x": 0, "y": 0 },
					{ "time": 0.6666, "x": 0, "y": -7.54 },
					{ "time": 1, "x": 2.74, "y": 4.34 },
					{ "time": 1.1666, "x": 0, "y": 0 }
				]
			},
			"urber": {
				"rotate": [
					{ "time": 0, "angle": 0 },
					{ "time": 0.0666, "angle": -18.79 },
					{ "time": 0.3333, "angle": -15.61 },
					{ "time": 0.6666, "angle": -23.76 },
					{ "time": 1.1666, "angle": 0 }
				],
				"translate": [
					{ "time": 0, "x": 0, "y": 0, "curve": "stepped" },
					{ "time": 1.1666, "x": 0, "y": 0 }
				]
			},
			"hair_R": {
				"rotate": [
					{ "time": 0, "angle": 0 },
					{ "time": 0.3333, "angle": 12.51 },
					{ "time": 0.6666, "angle": -12.13 },
					{ "time": 1.1666, "angle": 0 }
				],
				"translate": [
					{ "time": 0, "x": 0, "y": 0, "curve": "stepped" },
					{ "time": 1.1666, "x": 0, "y": 0 }
				]
			},
			"hair_L": {
				"rotate": [
					{ "time": 0, "angle": 0 },
					{ "time": 0.3333, "angle": 12.04 },
					{ "time": 0.6666, "angle": -7.11 },
					{ "time": 1.1666, "angle": 0 }
				],
				"translate": [
					{ "time": 0, "x": 0, "y": 0, "curve": "stepped" },
					{ "time": 1.1666, "x": 0, "y": 0 }
				]
			},
			"arm": {
				"rotate": [
					{ "time": 0, "angle": 0, "curve": "stepped" },
					{ "time": 1.1666, "angle": 0 }
				],
				"translate": [
					{ "time": 0, "x": 0, "y": 0, "curve": "stepped" },
					{ "time": 1.1666, "x": 0, "y": 0 }
				]
			},
			"D": {
				"rotate": [
					{ "time": 0, "angle": 0 },
					{ "time": 0.3333, "angle": 14.95 },
					{ "time": 0.6666, "angle": -2.06 },
					{ "time": 1, "angle": 10.63 },
					{ "time": 1.1666, "angle": 0 }
				],
				"translate": [
					{ "time": 0, "x": 0, "y": 0, "curve": "stepped" },
					{ "time": 1.1666, "x": 0, "y": 0 }
				]
			},
			"hair_L3": {
				"rotate": [
					{ "time": 0, "angle": 0 },
					{ "time": 0.3333, "angle": -3.3 },
					{ "time": 0.6666, "angle": 18.45 },
					{ "time": 1.1666, "angle": 0 }
				],
				"translate": [
					{ "time": 0, "x": 0, "y": 0, "curve": "stepped" },
					{ "time": 1.1666, "x": 0, "y": 0 }
				]
			},
			"hair_L2": {
				"rotate": [
					{ "time": 0, "angle": 0 },
					{ "time": 0.3333, "angle": 15.22 },
					{ "time": 0.6666, "angle": -23.92 },
					{ "time": 1.1666, "angle": 0 }
				],
				"translate": [
					{ "time": 0, "x": 0, "y": 0, "curve": "stepped" },
					{ "time": 1.1666, "x": 0, "y": 0 }
				]
			},
			"hair_R3": {
				"rotate": [
					{ "time": 0, "angle": 0 },
					{ "time": 0.3333, "angle": 12.51 },
					{ "time": 0.6666, "angle": 26.22 },
					{ "time": 1.1666, "angle": 0 }
				],
				"translate": [
					{ "time": 0, "x": 0, "y": 0, "curve": "stepped" },
					{ "time": 1.1666, "x": 0, "y": 0 }
				]
			},
			"hair_R2": {
				"rotate": [
					{ "time": 0, "angle": 0 },
					{ "time": 0.3333, "angle": 13.47 },
					{ "time": 0.6666, "angle": -2.03 },
					{ "time": 1.1666, "angle": 0 }
				],
				"translate": [
					{ "time": 0, "x": 0, "y": 0, "curve": "stepped" },
					{ "time": 1.1666, "x": 0, "y": 0 }
				]
			}
		},
		"events": [
			{ "time": 0.0666, "name": "damage_point" }
		]
	},
	"normal": {
		"slots": {
			"Light_Body": {
				"attachment": [
					{ "time": 0, "name": null }
				]
			},
			"Rodney_body_normal": {
				"attachment": [
					{ "time": 0, "name": "Body_Change" }
				]
			},
			"arm": {
				"attachment": [
					{ "time": 0, "name": null }
				]
			},
			"head_light": {
				"attachment": [
					{ "time": 0, "name": null }
				]
			},
			"urber_light": {
				"attachment": [
					{ "time": 0, "name": null }
				]
			}
		},
		"bones": {
			"Body": {
				"rotate": [
					{
						"time": 0,
						"angle": 0,
						"curve": [ 0.286, 0.34, 0.623, 0.67 ]
					},
					{
						"time": 1,
						"angle": -2.94,
						"curve": [ 0.303, 0.35, 0.639, 0.68 ]
					},
					{ "time": 2, "angle": 0 }
				],
				"translate": [
					{ "time": 0, "x": 0, "y": 0, "curve": "stepped" },
					{ "time": 2, "x": 0, "y": 0 }
				]
			},
			"Head": {
				"rotate": [
					{ "time": 0, "angle": 0 },
					{ "time": 0.5, "angle": -3.17 },
					{ "time": 1, "angle": 0 },
					{ "time": 1.5, "angle": 0.89 },
					{ "time": 2, "angle": 0 }
				],
				"translate": [
					{ "time": 0, "x": 0, "y": 0, "curve": "stepped" },
					{ "time": 1, "x": 0, "y": 0, "curve": "stepped" },
					{ "time": 2, "x": 0, "y": 0 }
				]
			},
			"D": {
				"rotate": [
					{ "time": 0, "angle": 0 },
					{ "time": 1, "angle": -10.46 },
					{ "time": 2, "angle": 0 }
				],
				"translate": [
					{ "time": 0, "x": 0, "y": 0, "curve": "stepped" },
					{ "time": 2, "x": 0, "y": 0 }
				]
			},
			"urber": {
				"rotate": [
					{ "time": 0, "angle": 0 },
					{ "time": 1, "angle": 10.86 },
					{ "time": 2, "angle": 0 }
				],
				"translate": [
					{ "time": 0, "x": 0, "y": 0, "curve": "stepped" },
					{ "time": 2, "x": 0, "y": 0 }
				]
			},
			"hair_L2": {
				"rotate": [
					{ "time": 0, "angle": 0 },
					{ "time": 0.6666, "angle": -2.78 },
					{ "time": 1.3333, "angle": -9.35 },
					{ "time": 2, "angle": 0 }
				],
				"translate": [
					{ "time": 0, "x": 0, "y": 0, "curve": "stepped" },
					{ "time": 2, "x": 0, "y": 0 }
				]
			},
			"hair_R3": {
				"rotate": [
					{ "time": 0, "angle": 0 },
					{ "time": 0.6666, "angle": 6.1 },
					{ "time": 1.3333, "angle": -13.29 },
					{ "time": 2, "angle": 0 }
				],
				"translate": [
					{ "time": 0, "x": 0, "y": 0, "curve": "stepped" },
					{ "time": 2, "x": 0, "y": 0 }
				]
			},
			"Root_All": {
				"rotate": [
					{ "time": 0, "angle": 0, "curve": "stepped" },
					{ "time": 2, "angle": 0 }
				],
				"translate": [
					{
						"time": 0,
						"x": 0,
						"y": 0,
						"curve": [ 0.255, 0.35, 0.6, 0.7 ]
					},
					{
						"time": 0.5,
						"x": 0,
						"y": -9.82,
						"curve": [ 0.3, 0.39, 0.641, 0.74 ]
					},
					{
						"time": 1,
						"x": 0,
						"y": -15.66,
						"curve": [ 0.322, 0.37, 0.652, 0.7 ]
					},
					{
						"time": 1.5,
						"x": 0,
						"y": -7.79,
						"curve": [ 0.314, 0.36, 0.644, 0.68 ]
					},
					{ "time": 2, "x": 0, "y": 0 }
				]
			},
			"Behand": {
				"rotate": [
					{ "time": 0, "angle": 0 },
					{ "time": 1, "angle": -5.06 },
					{ "time": 2, "angle": 0 }
				],
				"translate": [
					{ "time": 0, "x": 0, "y": 0, "curve": "stepped" },
					{ "time": 2, "x": 0, "y": 0 }
				]
			},
			"hair_L": {
				"rotate": [
					{ "time": 0, "angle": 0 },
					{ "time": 0.6666, "angle": -8.18 },
					{ "time": 1.3333, "angle": 2.33 },
					{ "time": 2, "angle": 0 }
				],
				"translate": [
					{ "time": 0, "x": 0, "y": 0, "curve": "stepped" },
					{ "time": 2, "x": 0, "y": 0 }
				]
			},
			"hair_R2": {
				"rotate": [
					{ "time": 0, "angle": 0 },
					{ "time": 0.6666, "angle": -10.97 },
					{ "time": 1.3333, "angle": 13.41 },
					{ "time": 2, "angle": 0 }
				],
				"translate": [
					{ "time": 0, "x": 0, "y": 0, "curve": "stepped" },
					{ "time": 2, "x": 0, "y": 0 }
				]
			},
			"hair_R": {
				"rotate": [
					{ "time": 0, "angle": 0 },
					{ "time": 0.6666, "angle": -6.36 },
					{ "time": 1.3333, "angle": 1.68 },
					{ "time": 2, "angle": 0 }
				],
				"translate": [
					{ "time": 0, "x": 0, "y": 0, "curve": "stepped" },
					{ "time": 2, "x": 0, "y": 0 }
				]
			},
			"arm": {
				"rotate": [
					{ "time": 0, "angle": 0, "curve": "stepped" },
					{ "time": 2, "angle": 0 }
				],
				"translate": [
					{ "time": 0, "x": 0, "y": 0, "curve": "stepped" },
					{ "time": 2, "x": 0, "y": 0 }
				]
			},
			"Face": {
				"rotate": [
					{ "time": 0, "angle": 0, "curve": "stepped" },
					{ "time": 2, "angle": 0 }
				],
				"translate": [
					{
						"time": 0,
						"x": 0,
						"y": 0,
						"curve": [ 0.286, 0.34, 0.623, 0.67 ]
					},
					{
						"time": 0.5,
						"x": 0.64,
						"y": 0,
						"curve": [ 0.282, 0.37, 0.624, 0.71 ]
					},
					{
						"time": 1.5,
						"x": -1.28,
						"y": 0,
						"curve": [ 0.321, 0.37, 0.656, 0.71 ]
					},
					{ "time": 2, "x": 0, "y": 0 }
				]
			},
			"Ship_All": {
				"rotate": [
					{ "time": 0, "angle": 0, "curve": "stepped" },
					{ "time": 2, "angle": 0 }
				],
				"translate": [
					{ "time": 0, "x": 0, "y": 0, "curve": "stepped" },
					{ "time": 2, "x": 0, "y": 0 }
				]
			},
			"hair_L3": {
				"rotate": [
					{ "time": 0, "angle": 0 },
					{ "time": 0.6666, "angle": -25.66 },
					{ "time": 1.3333, "angle": 13.62 },
					{ "time": 2, "angle": 0 }
				],
				"translate": [
					{ "time": 0, "x": 0, "y": 0, "curve": "stepped" },
					{ "time": 2, "x": 0, "y": 0 }
				]
			}
		}
	},
	"throw": {
		"slots": {
			"Light_Body": {
				"attachment": [
					{ "time": 0, "name": null }
				]
			},
			"Rodney_body_normal": {
				"attachment": [
					{ "time": 0, "name": "Body_Change" }
				]
			},
			"arm": {
				"attachment": [
					{ "time": 0, "name": null },
					{ "time": 0.3666, "name": null },
					{ "time": 0.4, "name": "arm" },
					{ "time": 0.8666, "name": "arm" },
					{ "time": 0.9, "name": null }
				]
			},
			"head_light": {
				"attachment": [
					{ "time": 0, "name": null }
				]
			},
			"urber_light": {
				"attachment": [
					{ "time": 0, "name": null }
				]
			}
		},
		"bones": {
			"Face": {
				"rotate": [
					{ "time": 0, "angle": 0, "curve": "stepped" },
					{ "time": 1.3333, "angle": 0 }
				],
				"translate": [
					{
						"time": 0,
						"x": 0,
						"y": 0,
						"curve": [ 0.286, 0.34, 0.623, 0.67 ]
					},
					{ "time": 0.3333, "x": 0, "y": -0.7 },
					{ "time": 0.5666, "x": 0, "y": 0.14 },
					{ "time": 1.3333, "x": 0, "y": 0 }
				]
			},
			"Root_All": {
				"rotate": [
					{ "time": 0, "angle": 0, "curve": "stepped" },
					{ "time": 1.3333, "angle": 0 }
				],
				"translate": [
					{
						"time": 0,
						"x": 0,
						"y": 0,
						"curve": [ 0.255, 0.35, 0.6, 0.7 ]
					},
					{ "time": 0.6333, "x": -66.66, "y": 0 },
					{ "time": 0.9666, "x": -10.42, "y": -12.42 },
					{ "time": 1.3333, "x": 0, "y": 0 }
				]
			},
			"Body": {
				"rotate": [
					{
						"time": 0,
						"angle": 0,
						"curve": [ 0.231, 0.38, 0.59, 0.73 ]
					},
					{
						"time": 0.5,
						"angle": 8.01,
						"curve": [ 0.328, 0.35, 0.661, 0.68 ]
					},
					{
						"time": 0.5666,
						"angle": -2.44,
						"curve": [ 0.329, 0.35, 0.663, 0.68 ]
					},
					{
						"time": 0.6333,
						"angle": -3.17,
						"curve": [ 0.32, 0.36, 0.653, 0.69 ]
					},
					{
						"time": 0.7333,
						"angle": 0.61,
						"curve": [ 0.319, 0.37, 0.652, 0.7 ]
					},
					{
						"time": 0.9666,
						"angle": -1.72,
						"curve": [ 0.32, 0.38, 0.654, 0.71 ]
					},
					{ "time": 1.3333, "angle": 0 }
				],
				"translate": [
					{
						"time": 0,
						"x": 0,
						"y": 0,
						"curve": [ 0.219, 0.41, 0.591, 0.77 ]
					},
					{
						"time": 0.3333,
						"x": -15.86,
						"y": 0,
						"curve": [ 0.193, 0.39, 0.58, 0.9 ]
					},
					{
						"time": 0.5666,
						"x": -19.36,
						"y": 0,
						"curve": [ 0.142, 0.42, 0.647, 0.94 ]
					},
					{ "time": 0.6333, "x": 92.18, "y": -6.3 },
					{ "time": 0.7333, "x": 111.33, "y": 0 },
					{ "time": 1.3333, "x": 0, "y": 0 }
				]
			},
			"Ship_All": {
				"rotate": [
					{ "time": 0, "angle": 0, "curve": "stepped" },
					{ "time": 1.3333, "angle": 0 }
				],
				"translate": [
					{ "time": 0, "x": 0, "y": 0, "curve": "stepped" },
					{ "time": 1.3333, "x": 0, "y": 0 }
				]
			},
			"Throw_Point": {
				"rotate": [
					{ "time": 0.6333, "angle": 0 }
				],
				"translate": [
					{ "time": 0.6333, "x": 0, "y": 0 }
				]
			},
			"Head": {
				"rotate": [
					{ "time": 0, "angle": 0 },
					{ "time": 0.3333, "angle": 0.25 },
					{ "time": 0.8333, "angle": -5.25 },
					{ "time": 1.3333, "angle": 0 }
				],
				"translate": [
					{ "time": 0, "x": 0, "y": 0, "curve": "stepped" },
					{ "time": 1.3333, "x": 0, "y": 0 }
				]
			},
			"Behand": {
				"rotate": [
					{ "time": 0, "angle": 0 },
					{ "time": 0.1666, "angle": -27.76 },
					{ "time": 0.3333, "angle": -4.5 },
					{ "time": 0.5, "angle": 43.42 },
					{ "time": 1.3333, "angle": 0 }
				],
				"translate": [
					{ "time": 0, "x": 0, "y": 0 },
					{ "time": 0.3333, "x": -0.05, "y": -3.86 },
					{ "time": 0.5, "x": -9.62, "y": -5.1 },
					{ "time": 1.3333, "x": 0, "y": 0 }
				]
			},
			"urber": {
				"rotate": [
					{ "time": 0, "angle": 0 },
					{ "time": 0.5, "angle": 3.31 },
					{ "time": 1, "angle": -4.12 },
					{ "time": 1.3333, "angle": 0 }
				],
				"translate": [
					{ "time": 0, "x": 0, "y": 0, "curve": "stepped" },
					{ "time": 1.3333, "x": 0, "y": 0 }
				]
			},
			"arm": {
				"rotate": [
					{ "time": 0, "angle": 0 },
					{ "time": 0.5, "angle": -9.13 },
					{ "time": 0.6666, "angle": -1.87 },
					{ "time": 0.8333, "angle": -6.01 },
					{ "time": 1.3333, "angle": 0 }
				],
				"translate": [
					{ "time": 0, "x": 0, "y": 0 },
					{ "time": 0.1666, "x": 4.59, "y": 9.7 },
					{ "time": 0.4, "x": -9.03, "y": 11.29 },
					{ "time": 0.5, "x": -9.9, "y": 0.81 },
					{ "time": 0.6666, "x": -16.02, "y": -40.19 },
					{ "time": 0.8333, "x": -22.21, "y": -42.58 },
					{ "time": 1.3333, "x": 0, "y": 0 }
				],
				"scale": [
					{ "time": 0, "x": 1, "y": 1, "curve": "stepped" },
					{ "time": 0.1666, "x": 1, "y": 1, "curve": "stepped" },
					{ "time": 0.4, "x": 1, "y": 1 },
					{ "time": 0.4333, "x": 0.834, "y": 0.834 },
					{ "time": 0.5, "x": 1.355, "y": 1.355 },
					{ "time": 0.5333, "x": 1, "y": 1, "curve": "stepped" },
					{ "time": 1.3333, "x": 1, "y": 1 }
				]
			},
			"hair_L": {
				"rotate": [
					{ "time": 0, "angle": 0 },
					{ "time": 0.5, "angle": -10.59 },
					{ "time": 0.8333, "angle": 9.8 },
					{ "time": 1.3333, "angle": 0 }
				],
				"translate": [
					{ "time": 0, "x": 0, "y": 0, "curve": "stepped" },
					{ "time": 1.3333, "x": 0, "y": 0 }
				]
			},
			"hair_L3": {
				"rotate": [
					{ "time": 0, "angle": 0 },
					{ "time": 0.5, "angle": -18.34 },
					{ "time": 0.8333, "angle": 27.97 },
					{ "time": 1.3333, "angle": 0 }
				],
				"translate": [
					{ "time": 0, "x": 0, "y": 0, "curve": "stepped" },
					{ "time": 1.3333, "x": 0, "y": 0 }
				]
			},
			"hair_L2": {
				"rotate": [
					{ "time": 0, "angle": 0 },
					{ "time": 0.5, "angle": -15.5 },
					{ "time": 0.8333, "angle": 12.02 },
					{ "time": 1.3333, "angle": 0 }
				],
				"translate": [
					{ "time": 0, "x": 0, "y": 0, "curve": "stepped" },
					{ "time": 1.3333, "x": 0, "y": 0 }
				]
			},
			"hair_R": {
				"rotate": [
					{ "time": 0, "angle": 0 },
					{ "time": 0.5, "angle": -16.58 },
					{ "time": 0.8333, "angle": 6.75 },
					{ "time": 1.3333, "angle": 0 }
				],
				"translate": [
					{ "time": 0, "x": 0, "y": 0, "curve": "stepped" },
					{ "time": 1.3333, "x": 0, "y": 0 }
				]
			},
			"hair_R3": {
				"rotate": [
					{ "time": 0, "angle": 0 },
					{ "time": 0.5, "angle": -25.24 },
					{ "time": 0.8333, "angle": -12.38 },
					{ "time": 1.3333, "angle": 0 }
				],
				"translate": [
					{ "time": 0, "x": 0, "y": 0, "curve": "stepped" },
					{ "time": 1.3333, "x": 0, "y": 0 }
				]
			},
			"hair_R2": {
				"rotate": [
					{ "time": 0, "angle": 0 },
					{ "time": 0.5, "angle": -16.58 },
					{ "time": 0.8333, "angle": 15.44 },
					{ "time": 1.3333, "angle": 0 }
				],
				"translate": [
					{ "time": 0, "x": 0, "y": 0, "curve": "stepped" },
					{ "time": 1.3333, "x": 0, "y": 0 }
				]
			},
			"D": {
				"rotate": [
					{ "time": 0, "angle": 0 },
					{ "time": 0.5, "angle": -27.9 },
					{ "time": 1, "angle": 14.44 },
					{ "time": 1.3333, "angle": 0 }
				],
				"translate": [
					{ "time": 0, "x": 0, "y": 0, "curve": "stepped" },
					{ "time": 1.3333, "x": 0, "y": 0 }
				]
			}
		},
		"events": [
			{ "time": 0.5666, "name": "throw_point" }
		]
	},
	"wreck": {
		"slots": {
			"Light_Body": {
				"attachment": [
					{ "time": 0, "name": null }
				]
			},
			"Rodney_body_normal": {
				"attachment": [
					{ "time": 0, "name": "Body_Change" }
				]
			},
			"Rodney_eyes_normal": {
				"attachment": [
					{ "time": 0, "name": "Rodney_eyes_damage" }
				]
			},
			"arm": {
				"attachment": [
					{ "time": 0, "name": null }
				]
			},
			"head_light": {
				"attachment": [
					{ "time": 0, "name": null }
				]
			},
			"urber_light": {
				"attachment": [
					{ "time": 0, "name": null }
				]
			}
		},
		"bones": {
			"hair_R2": {
				"rotate": [
					{ "time": 0, "angle": 0 },
					{ "time": 0.6666, "angle": -10.97 },
					{ "time": 1.3333, "angle": 13.41 },
					{ "time": 2, "angle": 0 }
				],
				"translate": [
					{ "time": 0, "x": 0, "y": 0, "curve": "stepped" },
					{ "time": 2, "x": 0, "y": 0 }
				]
			},
			"D": {
				"rotate": [
					{ "time": 0, "angle": 0 },
					{ "time": 1, "angle": -10.46 },
					{ "time": 2, "angle": 0 }
				],
				"translate": [
					{ "time": 0, "x": 0, "y": 0, "curve": "stepped" },
					{ "time": 2, "x": 0, "y": 0 }
				]
			},
			"Behand": {
				"rotate": [
					{ "time": 0, "angle": 0 },
					{ "time": 1, "angle": -5.06 },
					{ "time": 2, "angle": 0 }
				],
				"translate": [
					{ "time": 0, "x": 0, "y": 0, "curve": "stepped" },
					{ "time": 2, "x": 0, "y": 0 }
				]
			},
			"hair_L2": {
				"rotate": [
					{ "time": 0, "angle": 0 },
					{ "time": 0.6666, "angle": -2.78 },
					{ "time": 1.3333, "angle": -9.35 },
					{ "time": 2, "angle": 0 }
				],
				"translate": [
					{ "time": 0, "x": 0, "y": 0, "curve": "stepped" },
					{ "time": 2, "x": 0, "y": 0 }
				]
			},
			"hair_R3": {
				"rotate": [
					{ "time": 0, "angle": 0 },
					{ "time": 0.6666, "angle": 6.1 },
					{ "time": 1.3333, "angle": -13.29 },
					{ "time": 2, "angle": 0 }
				],
				"translate": [
					{ "time": 0, "x": 0, "y": 0, "curve": "stepped" },
					{ "time": 2, "x": 0, "y": 0 }
				]
			},
			"hair_L3": {
				"rotate": [
					{ "time": 0, "angle": 0 },
					{ "time": 0.6666, "angle": -25.66 },
					{ "time": 1.3333, "angle": 13.62 },
					{ "time": 2, "angle": 0 }
				],
				"translate": [
					{ "time": 0, "x": 0, "y": 0, "curve": "stepped" },
					{ "time": 2, "x": 0, "y": 0 }
				]
			},
			"hair_R": {
				"rotate": [
					{ "time": 0, "angle": 0 },
					{ "time": 0.6666, "angle": -6.36 },
					{ "time": 1.3333, "angle": 1.68 },
					{ "time": 2, "angle": 0 }
				],
				"translate": [
					{ "time": 0, "x": 0, "y": 0, "curve": "stepped" },
					{ "time": 2, "x": 0, "y": 0 }
				]
			},
			"arm": {
				"rotate": [
					{ "time": 0, "angle": 0, "curve": "stepped" },
					{ "time": 2, "angle": 0 }
				],
				"translate": [
					{ "time": 0, "x": 0, "y": 0, "curve": "stepped" },
					{ "time": 2, "x": 0, "y": 0 }
				]
			},
			"Root_All": {
				"rotate": [
					{ "time": 0, "angle": 0, "curve": "stepped" },
					{ "time": 2, "angle": 0 }
				],
				"translate": [
					{
						"time": 0,
						"x": 0,
						"y": 0,
						"curve": [ 0.255, 0.35, 0.6, 0.7 ]
					},
					{
						"time": 0.5,
						"x": 0,
						"y": -9.82,
						"curve": [ 0.3, 0.39, 0.641, 0.74 ]
					},
					{
						"time": 1,
						"x": 0,
						"y": -15.66,
						"curve": [ 0.322, 0.37, 0.652, 0.7 ]
					},
					{
						"time": 1.5,
						"x": 0,
						"y": -7.79,
						"curve": [ 0.314, 0.36, 0.644, 0.68 ]
					},
					{ "time": 2, "x": 0, "y": 0 }
				]
			},
			"Ship_All": {
				"rotate": [
					{ "time": 0, "angle": 0, "curve": "stepped" },
					{ "time": 2, "angle": 0 }
				],
				"translate": [
					{ "time": 0, "x": 0, "y": 0, "curve": "stepped" },
					{ "time": 2, "x": 0, "y": 0 }
				]
			},
			"Head": {
				"rotate": [
					{ "time": 0, "angle": 0 },
					{ "time": 0.5, "angle": -3.17 },
					{ "time": 1, "angle": 0 },
					{ "time": 1.5, "angle": 0.89 },
					{ "time": 2, "angle": 0 }
				],
				"translate": [
					{ "time": 0, "x": 0, "y": 0, "curve": "stepped" },
					{ "time": 1, "x": 0, "y": 0, "curve": "stepped" },
					{ "time": 2, "x": 0, "y": 0 }
				]
			},
			"Face": {
				"rotate": [
					{ "time": 0, "angle": 0, "curve": "stepped" },
					{ "time": 2, "angle": 0 }
				],
				"translate": [
					{
						"time": 0,
						"x": 0,
						"y": 0,
						"curve": [ 0.286, 0.34, 0.623, 0.67 ]
					},
					{
						"time": 0.5,
						"x": 0.64,
						"y": 0,
						"curve": [ 0.282, 0.37, 0.624, 0.71 ]
					},
					{
						"time": 1.5,
						"x": -1.28,
						"y": 0,
						"curve": [ 0.321, 0.37, 0.656, 0.71 ]
					},
					{ "time": 2, "x": 0, "y": 0 }
				]
			},
			"Body": {
				"rotate": [
					{
						"time": 0,
						"angle": 0,
						"curve": [ 0.286, 0.34, 0.623, 0.67 ]
					},
					{
						"time": 1,
						"angle": -2.94,
						"curve": [ 0.303, 0.35, 0.639, 0.68 ]
					},
					{ "time": 2, "angle": 0 }
				],
				"translate": [
					{ "time": 0, "x": 0, "y": 0, "curve": "stepped" },
					{ "time": 2, "x": 0, "y": 0 }
				]
			},
			"urber": {
				"rotate": [
					{ "time": 0, "angle": 0 },
					{ "time": 1, "angle": 10.86 },
					{ "time": 2, "angle": 0 }
				],
				"translate": [
					{ "time": 0, "x": 0, "y": 0, "curve": "stepped" },
					{ "time": 2, "x": 0, "y": 0 }
				]
			},
			"hair_L": {
				"rotate": [
					{ "time": 0, "angle": 0 },
					{ "time": 0.6666, "angle": -8.18 },
					{ "time": 1.3333, "angle": 2.33 },
					{ "time": 2, "angle": 0 }
				],
				"translate": [
					{ "time": 0, "x": 0, "y": 0, "curve": "stepped" },
					{ "time": 2, "x": 0, "y": 0 }
				]
			}
		}
	}
}
}