{
"skeleton": { "hash": "nDmsDTYEb48tSEPBcnArFaemT34", "spine": "3.2.01", "width": 167, "height": 130.5, "images": "" },
"bones": [
	{ "name": "root" },
	{ "name": "骨骼", "parent": "root", "scaleX": 0.5, "scaleY": 0.5 },
	{ "name": "A", "parent": "骨骼" },
	{ "name": "B", "parent": "A", "x": 71.99, "y": 95 },
	{ "name": "C", "parent": "A", "x": 1.99, "y": 74.99 },
	{ "name": "D", "parent": "A", "x": 2, "y": 25 }
],
"slots": [
	{ "name": "A", "bone": "A", "attachment": "A" },
	{ "name": "B", "bone": "B", "attachment": "B" },
	{ "name": "C", "bone": "C", "attachment": "C" },
	{ "name": "D", "bone": "D", "attachment": "D" }
],
"skins": {
	"default": {
		"A": {
			"A": { "x": 23.99, "y": 118.99, "width": 334, "height": 261 }
		},
		"B": {
			"B": { "x": -47.99, "y": 23.99, "width": 334, "height": 261 }
		},
		"C": {
			"C": { "x": 22, "y": 44, "width": 334, "height": 261 }
		},
		"D": {
			"D": { "x": 21.99, "y": 93.99, "width": 334, "height": 261 }
		}
	}
},
"animations": {
	"close": {
		"slots": {
			"D": {
				"color": [
					{ "time": 0.2333, "color": "ffffffff" },
					{ "time": 0.3, "color": "ffffff20" },
					{ "time": 0.3666, "color": "ffffffff" },
					{ "time": 0.4333, "color": "ffffff9b" },
					{ "time": 0.5, "color": "ffffffff" },
					{ "time": 0.6666, "color": "ffffff00" }
				],
				"attachment": [
					{ "time": 0.6666, "name": "D" }
				]
			}
		},
		"bones": {
			"B": {
				"rotate": [
					{ "time": 0, "angle": 0 },
					{ "time": 0.3333, "angle": -3.96 },
					{ "time": 0.6666, "angle": 0 }
				],
				"translate": [
					{ "time": 0, "x": 0, "y": 0 },
					{ "time": 0.3333, "x": 2.04, "y": 5.11 },
					{ "time": 0.6666, "x": 0, "y": 0 }
				],
				"scale": [
					{ "time": 0, "x": 1, "y": 1 },
					{ "time": 0.2333, "x": 0.99, "y": 0.99 },
					{ "time": 0.3, "x": 1.046, "y": 1.046 },
					{ "time": 0.3666, "x": 0.934, "y": 0.934 },
					{ "time": 0.6666, "x": 1, "y": 1 }
				]
			},
			"C": {
				"rotate": [
					{ "time": 0, "angle": 0, "curve": "stepped" },
					{ "time": 0.6666, "angle": 0 }
				],
				"translate": [
					{ "time": 0, "x": 0, "y": 0, "curve": "stepped" },
					{ "time": 0.6666, "x": 0, "y": 0 }
				],
				"scale": [
					{ "time": 0, "x": 1, "y": 1 },
					{ "time": 0.2666, "x": 0.985, "y": 0.985 },
					{ "time": 0.3333, "x": 1.034, "y": 1.034 },
					{ "time": 0.4, "x": 0.969, "y": 0.969 },
					{ "time": 0.6666, "x": 1, "y": 1 }
				]
			}
		}
	},
	"normal": {
		"slots": {
			"D": {
				"attachment": [
					{ "time": 0, "name": null }
				]
			}
		},
		"bones": {
			"A": {
				"rotate": [
					{ "time": 0, "angle": 0, "curve": "stepped" },
					{ "time": 2, "angle": 0 }
				],
				"translate": [
					{ "time": 0, "x": 0, "y": 0, "curve": "stepped" },
					{ "time": 2, "x": 0, "y": 0 }
				],
				"scale": [
					{ "time": 0, "x": 1, "y": 1, "curve": "stepped" },
					{ "time": 2, "x": 1, "y": 1 }
				]
			},
			"D": {
				"rotate": [
					{ "time": 0, "angle": 0, "curve": "stepped" },
					{ "time": 2, "angle": 0 }
				],
				"translate": [
					{ "time": 0, "x": 0, "y": 0, "curve": "stepped" },
					{ "time": 2, "x": 0, "y": 0 }
				],
				"scale": [
					{ "time": 0, "x": 1, "y": 1, "curve": "stepped" },
					{ "time": 2, "x": 1, "y": 1 }
				]
			},
			"C": {
				"rotate": [
					{ "time": 0, "angle": 0, "curve": "stepped" },
					{ "time": 2, "angle": 0 }
				],
				"translate": [
					{ "time": 0, "x": 0, "y": 0, "curve": "stepped" },
					{ "time": 2, "x": 0, "y": 0 }
				],
				"scale": [
					{ "time": 0, "x": 1, "y": 1, "curve": "stepped" },
					{ "time": 2, "x": 1, "y": 1 }
				]
			},
			"B": {
				"rotate": [
					{ "time": 0, "angle": 0 },
					{ "time": 1, "angle": 1.89 },
					{ "time": 2, "angle": 0 }
				],
				"translate": [
					{ "time": 0, "x": 0, "y": 0, "curve": "stepped" },
					{ "time": 2, "x": 0, "y": 0 }
				],
				"scale": [
					{ "time": 0, "x": 1, "y": 1, "curve": "stepped" },
					{ "time": 2, "x": 1, "y": 1 }
				]
			}
		}
	},
	"normal2": {
		"slots": {
			"D": {
				"color": [
					{ "time": 0, "color": "ffffffff" },
					{ "time": 0.0666, "color": "ffffff28" },
					{ "time": 0.1333, "color": "ffffffff" },
					{ "time": 0.2, "color": "ffffff29" },
					{ "time": 0.2666, "color": "ffffffff" },
					{ "time": 0.5, "color": "ffffff28" },
					{ "time": 0.5666, "color": "ffffffff" },
					{ "time": 0.6333, "color": "ffffff29" },
					{ "time": 0.7, "color": "ffffffff" },
					{ "time": 1, "color": "ffffff28" },
					{ "time": 1.0666, "color": "ffffffff" },
					{ "time": 1.1333, "color": "ffffff29" },
					{ "time": 1.2, "color": "ffffffff" },
					{ "time": 1.5, "color": "ffffff28" },
					{ "time": 1.5666, "color": "ffffffff" },
					{ "time": 1.6333, "color": "ffffff29" },
					{ "time": 1.7, "color": "ffffffff" }
				],
				"attachment": [
					{ "time": 0, "name": "D" }
				]
			}
		},
		"bones": {
			"A": {
				"rotate": [
					{ "time": 0, "angle": 0, "curve": "stepped" },
					{ "time": 2, "angle": 0 }
				],
				"translate": [
					{ "time": 0, "x": 0, "y": 0, "curve": "stepped" },
					{ "time": 2, "x": 0, "y": 0 }
				],
				"scale": [
					{ "time": 0, "x": 1, "y": 1, "curve": "stepped" },
					{ "time": 2, "x": 1, "y": 1 }
				]
			},
			"D": {
				"rotate": [
					{ "time": 0, "angle": 0, "curve": "stepped" },
					{ "time": 2, "angle": 0 }
				],
				"translate": [
					{ "time": 0, "x": 0, "y": 0, "curve": "stepped" },
					{ "time": 2, "x": 0, "y": 0 }
				],
				"scale": [
					{ "time": 0, "x": 1, "y": 1, "curve": "stepped" },
					{ "time": 2, "x": 1, "y": 1 }
				]
			},
			"C": {
				"rotate": [
					{ "time": 0, "angle": 0, "curve": "stepped" },
					{ "time": 2, "angle": 0 }
				],
				"translate": [
					{ "time": 0, "x": 0, "y": 0, "curve": "stepped" },
					{ "time": 2, "x": 0, "y": 0 }
				],
				"scale": [
					{ "time": 0, "x": 1, "y": 1 },
					{ "time": 0.0333, "x": 1.016, "y": 1.016 },
					{ "time": 0.1, "x": 0.934, "y": 0.934 },
					{ "time": 0.1666, "x": 1.094, "y": 1.094 },
					{ "time": 0.2, "x": 0.973, "y": 0.973 },
					{ "time": 0.3666, "x": 1.016, "y": 1.016 },
					{ "time": 0.4333, "x": 0.934, "y": 0.934 },
					{ "time": 0.5, "x": 1.094, "y": 1.094 },
					{ "time": 0.5333, "x": 0.973, "y": 0.973 },
					{ "time": 0.7, "x": 1.016, "y": 1.016 },
					{ "time": 0.7666, "x": 0.934, "y": 0.934 },
					{ "time": 0.8333, "x": 1.094, "y": 1.094 },
					{ "time": 0.8666, "x": 0.973, "y": 0.973 },
					{ "time": 1.0333, "x": 1.016, "y": 1.016 },
					{ "time": 1.1, "x": 0.934, "y": 0.934 },
					{ "time": 1.1666, "x": 1.094, "y": 1.094 },
					{ "time": 1.2, "x": 0.973, "y": 0.973 },
					{ "time": 1.3666, "x": 1.016, "y": 1.016 },
					{ "time": 1.4333, "x": 0.934, "y": 0.934 },
					{ "time": 1.5, "x": 1.094, "y": 1.094 },
					{ "time": 1.5333, "x": 0.973, "y": 0.973 },
					{ "time": 1.7, "x": 1.016, "y": 1.016 },
					{ "time": 1.7666, "x": 0.934, "y": 0.934 },
					{ "time": 1.8333, "x": 1.094, "y": 1.094 },
					{ "time": 1.8666, "x": 0.973, "y": 0.973 },
					{ "time": 2, "x": 1, "y": 1 }
				]
			},
			"B": {
				"rotate": [
					{ "time": 0, "angle": 0 },
					{ "time": 0.3333, "angle": 6.59 },
					{ "time": 0.6666, "angle": -0.7 },
					{ "time": 1, "angle": 6.59 },
					{ "time": 1.3333, "angle": -0.7 },
					{ "time": 1.6666, "angle": 6.59 },
					{ "time": 2, "angle": 0 }
				],
				"translate": [
					{ "time": 0, "x": 0, "y": 0 },
					{ "time": 0.3333, "x": 0, "y": 3.07 },
					{ "time": 0.6666, "x": -1.02, "y": -3.68 },
					{ "time": 1, "x": 0, "y": 3.07 },
					{ "time": 1.3333, "x": -1.02, "y": -3.68 },
					{ "time": 1.6666, "x": 0, "y": 3.07 },
					{ "time": 2, "x": 0, "y": 0 }
				],
				"scale": [
					{ "time": 0, "x": 1, "y": 1 },
					{ "time": 0.0333, "x": 1.016, "y": 1.016 },
					{ "time": 0.1, "x": 0.934, "y": 0.934 },
					{ "time": 0.1666, "x": 1.094, "y": 1.094 },
					{ "time": 0.2, "x": 0.973, "y": 0.973 },
					{ "time": 0.3666, "x": 1.016, "y": 1.016 },
					{ "time": 0.4333, "x": 0.934, "y": 0.934 },
					{ "time": 0.5, "x": 1.094, "y": 1.094 },
					{ "time": 0.5333, "x": 0.973, "y": 0.973 },
					{ "time": 0.7, "x": 1.016, "y": 1.016 },
					{ "time": 0.7666, "x": 0.934, "y": 0.934 },
					{ "time": 0.8333, "x": 1.094, "y": 1.094 },
					{ "time": 0.8666, "x": 0.973, "y": 0.973 },
					{ "time": 1.0333, "x": 1.016, "y": 1.016 },
					{ "time": 1.1, "x": 0.934, "y": 0.934 },
					{ "time": 1.1666, "x": 1.094, "y": 1.094 },
					{ "time": 1.2, "x": 0.973, "y": 0.973 },
					{ "time": 1.3666, "x": 1.016, "y": 1.016 },
					{ "time": 1.4333, "x": 0.934, "y": 0.934 },
					{ "time": 1.5, "x": 1.094, "y": 1.094 },
					{ "time": 1.5333, "x": 0.973, "y": 0.973 },
					{ "time": 1.7, "x": 1.016, "y": 1.016 },
					{ "time": 1.7666, "x": 0.934, "y": 0.934 },
					{ "time": 1.8333, "x": 1.094, "y": 1.094 },
					{ "time": 1.8666, "x": 0.973, "y": 0.973 },
					{ "time": 2, "x": 1, "y": 1 }
				]
			}
		}
	},
	"open": {
		"slots": {
			"D": {
				"color": [
					{ "time": 0, "color": "ffffff00" },
					{ "time": 0.1666, "color": "ffffffff" },
					{ "time": 0.2333, "color": "ffffff9b" },
					{ "time": 0.3, "color": "ffffffff" },
					{ "time": 0.3666, "color": "ffffff20" },
					{ "time": 0.4333, "color": "ffffffff" }
				],
				"attachment": [
					{ "time": 0, "name": "D" }
				]
			}
		},
		"bones": {
			"B": {
				"rotate": [
					{ "time": 0, "angle": 0 },
					{ "time": 0.3333, "angle": -3.96 },
					{ "time": 0.6666, "angle": 0 }
				],
				"translate": [
					{ "time": 0, "x": 0, "y": 0 },
					{ "time": 0.3333, "x": 2.04, "y": 5.11 },
					{ "time": 0.6666, "x": 0, "y": 0 }
				],
				"scale": [
					{ "time": 0, "x": 1, "y": 1 },
					{ "time": 0.3, "x": 0.934, "y": 0.934 },
					{ "time": 0.3666, "x": 1.046, "y": 1.046 },
					{ "time": 0.4333, "x": 0.99, "y": 0.99 },
					{ "time": 0.6666, "x": 1, "y": 1 }
				]
			},
			"C": {
				"rotate": [
					{ "time": 0, "angle": 0, "curve": "stepped" },
					{ "time": 0.6666, "angle": 0 }
				],
				"translate": [
					{ "time": 0, "x": 0, "y": 0, "curve": "stepped" },
					{ "time": 0.6666, "x": 0, "y": 0 }
				],
				"scale": [
					{ "time": 0, "x": 1, "y": 1 },
					{ "time": 0.2666, "x": 0.969, "y": 0.969 },
					{ "time": 0.3333, "x": 1.034, "y": 1.034 },
					{ "time": 0.4, "x": 0.985, "y": 0.985 },
					{ "time": 0.6666, "x": 1, "y": 1 }
				]
			}
		}
	}
}
}