{
"skeleton": { "hash": "I5IdCzjrOg2kO4x93ipSd/AW3ac", "spine": "3.2.01", "width": 5507.06, "height": 230, "images": "" },
"bones": [
	{ "name": "BG_picture" },
	{ "name": "Sky", "parent": "BG_picture" },
	{ "name": "Cloud_Other_picture", "parent": "Sky", "y": -50.58 },
	{ "name": "Sky_picture", "parent": "Sky" }
],
"slots": [
	{ "name": "Sky", "bone": "Sky_picture", "attachment": "Sky" },
	{ "name": "Sky_picture", "bone": "Sky_picture", "attachment": "Mountain" },
	{ "name": "Cloud_U", "bone": "Cloud_Other_picture", "color": "132240c7", "attachment": "Cloud_Day_U_1" },
	{ "name": "Cloud_U2", "bone": "Cloud_Other_picture", "color": "132240c7", "attachment": "Cloud_Day_U_1" }
],
"skins": {
	"default": {
		"Cloud_U": {
			"Cloud_Day_U_1": { "x": -3720.06, "y": -48, "scaleX": 5, "scaleY": 5, "width": 470, "height": 46 }
		},
		"Cloud_U2": {
			"Cloud_Day_U_1": { "x": -1178, "y": -48, "scaleX": 5, "scaleY": 5, "width": 470, "height": 46 }
		},
		"Sky": {
			"Sky": { "y": -83.5, "scaleX": 2, "scaleY": 2, "width": 612, "height": 84 }
		},
		"Sky_picture": {
			"Mountain": { "y": -83.5, "scaleX": 2, "scaleY": 2, "width": 612, "height": 84 }
		}
	}
},
"events": {
	"loop": {}
},
"animations": {
	"BG_Arabian_Sea_rain_night": {
		"bones": {
			"Cloud_Other_picture": {
				"translate": [
					{ "time": 0, "x": 629.17, "y": 2.87 },
					{ "time": 62, "x": 3171.04, "y": 2.87 }
				]
			}
		},
		"events": [
			{ "time": 62, "name": "loop" }
		]
	}
}
}