{
"skeleton": { "hash": "mnYMYDDvk9De2BCqhdrQtnlHk64", "spine": "3.2.01", "width": 170, "height": 170, "images": "" },
"bones": [
	{ "name": "root" },
	{ "name": "bone", "parent": "root" },
	{ "name": "1", "parent": "bone" },
	{ "name": "AAAA", "parent": "bone" },
	{ "name": "3", "parent": "AAAA" },
	{ "name": "4", "parent": "AAAA" },
	{ "name": "5", "parent": "AAAA" },
	{ "name": "6", "parent": "AAAA" }
],
"slots": [
	{ "name": "1", "bone": "1", "attachment": "1" },
	{ "name": "3", "bone": "3", "attachment": "3" },
	{ "name": "4", "bone": "4", "attachment": "4" },
	{ "name": "5", "bone": "5", "attachment": "5" },
	{ "name": "6", "bone": "6", "attachment": "6" }
],
"skins": {
	"default": {
		"1": {
			"1": { "width": 170, "height": 170 },
			"2": { "width": 170, "height": 170 }
		},
		"3": {
			"3": { "width": 170, "height": 170 }
		},
		"4": {
			"4": { "width": 170, "height": 170 }
		},
		"5": {
			"5": { "width": 170, "height": 170 }
		},
		"6": {
			"6": { "width": 170, "height": 170 }
		}
	}
},
"animations": {
	"end": {
		"slots": {
			"1": {
				"color": [
					{ "time": 0, "color": "ffffffff" },
					{ "time": 0.2666, "color": "ffffff00" }
				],
				"attachment": [
					{ "time": 0, "name": "1" },
					{ "time": 0.1333, "name": "2" },
					{ "time": 0.2666, "name": "1" }
				]
			},
			"3": {
				"color": [
					{ "time": 0, "color": "ffffff00" }
				]
			},
			"4": {
				"color": [
					{ "time": 0, "color": "ffffff00" }
				]
			},
			"5": {
				"color": [
					{ "time": 0, "color": "ffffff00" }
				]
			},
			"6": {
				"color": [
					{ "time": 0, "color": "ffffff00" }
				]
			}
		},
		"bones": {
			"AAAA": {
				"rotate": [
					{ "time": 0, "angle": 0, "curve": "stepped" },
					{ "time": 0.2666, "angle": 0 }
				],
				"translate": [
					{ "time": 0, "x": 0, "y": 0, "curve": "stepped" },
					{ "time": 0.2666, "x": 0, "y": 0 }
				],
				"scale": [
					{ "time": 0, "x": 1, "y": 1 },
					{ "time": 0.0666, "x": 1.119, "y": 1.119 },
					{ "time": 0.2666, "x": 0.152, "y": 0.152 }
				]
			},
			"1": {
				"rotate": [
					{ "time": 0, "angle": 0, "curve": "stepped" },
					{ "time": 0.2666, "angle": 0 }
				],
				"translate": [
					{ "time": 0, "x": 0, "y": 0, "curve": "stepped" },
					{ "time": 0.2666, "x": 0, "y": 0 }
				],
				"scale": [
					{ "time": 0, "x": 1.119, "y": 1.119 },
					{ "time": 0.1333, "x": 1, "y": 1 },
					{ "time": 0.2666, "x": 0.152, "y": 0.152 }
				]
			}
		}
	},
	"normal": {
		"slots": {
			"1": {
				"attachment": [
					{ "time": 0, "name": "1" },
					{ "time": 0.1333, "name": "2" },
					{ "time": 0.2666, "name": "1" },
					{ "time": 0.4, "name": "2" },
					{ "time": 0.5333, "name": "1" },
					{ "time": 0.6666, "name": "2" },
					{ "time": 0.8, "name": "1" },
					{ "time": 0.9333, "name": "2" },
					{ "time": 1.0666, "name": "1" },
					{ "time": 1.2, "name": "2" },
					{ "time": 1.3333, "name": "1" },
					{ "time": 1.4666, "name": "2" },
					{ "time": 1.6, "name": "1" },
					{ "time": 1.7333, "name": "2" },
					{ "time": 1.8666, "name": "1" },
					{ "time": 2, "name": "2" },
					{ "time": 2.1333, "name": "1" },
					{ "time": 2.2666, "name": "2" },
					{ "time": 2.4, "name": "1" },
					{ "time": 2.5333, "name": "2" },
					{ "time": 2.6666, "name": "1" },
					{ "time": 2.8, "name": "2" },
					{ "time": 2.9333, "name": "1" }
				]
			},
			"3": {
				"color": [
					{ "time": 0, "color": "ffffff00", "curve": "stepped" },
					{ "time": 0.1, "color": "ffffff00" },
					{ "time": 0.5333, "color": "ffffffff" }
				]
			},
			"4": {
				"color": [
					{ "time": 0, "color": "ffffff00", "curve": "stepped" },
					{ "time": 0.6666, "color": "ffffff00" },
					{ "time": 1, "color": "ffffffff" }
				]
			},
			"5": {
				"color": [
					{ "time": 0, "color": "ffffff00", "curve": "stepped" },
					{ "time": 1, "color": "ffffff00" },
					{ "time": 1.3333, "color": "ffffffff" }
				]
			},
			"6": {
				"color": [
					{ "time": 0, "color": "ffffff00", "curve": "stepped" },
					{ "time": 1.6666, "color": "ffffff00" },
					{ "time": 2, "color": "ffffffff" }
				]
			}
		},
		"bones": {
			"AAAA": {
				"rotate": [
					{ "time": 0, "angle": 0 },
					{ "time": 1, "angle": 3.48 },
					{ "time": 2, "angle": -1.76 },
					{ "time": 2.9333, "angle": 0 }
				],
				"translate": [
					{ "time": 0, "x": 0, "y": 0, "curve": "stepped" },
					{ "time": 2.9333, "x": 0, "y": 0 }
				],
				"scale": [
					{ "time": 0, "x": 1, "y": 1, "curve": "stepped" },
					{ "time": 2.9333, "x": 1, "y": 1 }
				]
			},
			"6": {
				"rotate": [
					{ "time": 0, "angle": 0, "curve": "stepped" },
					{ "time": 2, "angle": 0, "curve": "stepped" },
					{ "time": 2.3333, "angle": 0 }
				],
				"translate": [
					{ "time": 0, "x": 0, "y": 0 },
					{ "time": 1.6666, "x": -16, "y": -15 },
					{ "time": 2, "x": 0, "y": 0, "curve": "stepped" },
					{ "time": 2.3333, "x": 0, "y": 0 }
				],
				"scale": [
					{ "time": 0, "x": 1, "y": 1, "curve": "stepped" },
					{ "time": 2.3333, "x": 1, "y": 1 }
				]
			},
			"5": {
				"rotate": [
					{ "time": 0, "angle": 0, "curve": "stepped" },
					{ "time": 1.3333, "angle": 0, "curve": "stepped" },
					{ "time": 1.6666, "angle": 0 }
				],
				"translate": [
					{ "time": 0, "x": 0, "y": 0 },
					{ "time": 1, "x": 0, "y": 19.99 },
					{ "time": 1.3333, "x": 0, "y": 0, "curve": "stepped" },
					{ "time": 1.6666, "x": 0, "y": 0 }
				],
				"scale": [
					{ "time": 0, "x": 1, "y": 1, "curve": "stepped" },
					{ "time": 1.6666, "x": 1, "y": 1 }
				]
			},
			"4": {
				"rotate": [
					{ "time": 0, "angle": 0, "curve": "stepped" },
					{ "time": 1, "angle": 0, "curve": "stepped" },
					{ "time": 2.9333, "angle": 0 }
				],
				"translate": [
					{ "time": 0, "x": 0, "y": 0 },
					{ "time": 0.6666, "x": 0, "y": 10.99 },
					{ "time": 1, "x": 0, "y": 0, "curve": "stepped" },
					{ "time": 2.9333, "x": 0, "y": 0 }
				],
				"scale": [
					{ "time": 0, "x": 1, "y": 1, "curve": "stepped" },
					{ "time": 2.9333, "x": 1, "y": 1 }
				]
			},
			"3": {
				"rotate": [
					{ "time": 0, "angle": 0 },
					{ "time": 0.1, "angle": 5.49 },
					{ "time": 0.6666, "angle": 0, "curve": "stepped" },
					{ "time": 1.0666, "angle": 0 }
				],
				"translate": [
					{ "time": 0, "x": 0, "y": 0 },
					{ "time": 0.1, "x": 0, "y": -17 },
					{ "time": 0.6666, "x": 0, "y": 0, "curve": "stepped" },
					{ "time": 1.0666, "x": 0, "y": 0 }
				],
				"scale": [
					{ "time": 0, "x": 1, "y": 1, "curve": "stepped" },
					{ "time": 1.0666, "x": 1, "y": 1 }
				]
			},
			"1": {
				"rotate": [
					{ "time": 0, "angle": 0, "curve": "stepped" },
					{ "time": 2.9333, "angle": 0 }
				],
				"translate": [
					{ "time": 0, "x": 0, "y": 0, "curve": "stepped" },
					{ "time": 2.9333, "x": 0, "y": 0 }
				],
				"scale": [
					{ "time": 0, "x": 1, "y": 1, "curve": "stepped" },
					{ "time": 2.9333, "x": 1, "y": 1 }
				]
			}
		}
	},
	"start": {
		"slots": {
			"1": {
				"color": [
					{ "time": 0, "color": "ffffff00" },
					{ "time": 0.2666, "color": "ffffffff" }
				],
				"attachment": [
					{ "time": 0, "name": "1" },
					{ "time": 0.1333, "name": "2" },
					{ "time": 0.2666, "name": "1" }
				]
			},
			"3": {
				"color": [
					{ "time": 0, "color": "ffffff00", "curve": "stepped" },
					{ "time": 0.2666, "color": "ffffff00" }
				]
			},
			"4": {
				"color": [
					{ "time": 0, "color": "ffffff00", "curve": "stepped" },
					{ "time": 0.2666, "color": "ffffff00" }
				]
			},
			"5": {
				"color": [
					{ "time": 0, "color": "ffffff00", "curve": "stepped" },
					{ "time": 0.2666, "color": "ffffff00" }
				]
			},
			"6": {
				"color": [
					{ "time": 0, "color": "ffffff00", "curve": "stepped" },
					{ "time": 0.2666, "color": "ffffff00" }
				]
			}
		},
		"bones": {
			"AAAA": {
				"rotate": [
					{ "time": 0, "angle": 0, "curve": "stepped" },
					{ "time": 0.2666, "angle": 0 }
				],
				"translate": [
					{ "time": 0, "x": 0, "y": 0, "curve": "stepped" },
					{ "time": 0.2666, "x": 0, "y": 0 }
				],
				"scale": [
					{ "time": 0, "x": 0.152, "y": 0.152 },
					{ "time": 0.2, "x": 1.119, "y": 1.119 },
					{ "time": 0.2666, "x": 1, "y": 1 }
				]
			},
			"1": {
				"rotate": [
					{ "time": 0, "angle": 0, "curve": "stepped" },
					{ "time": 0.2666, "angle": 0 }
				],
				"translate": [
					{ "time": 0, "x": 0, "y": 0, "curve": "stepped" },
					{ "time": 0.2666, "x": 0, "y": 0 }
				],
				"scale": [
					{ "time": 0, "x": 0.152, "y": 0.152 },
					{ "time": 0.2, "x": 1.119, "y": 1.119 },
					{ "time": 0.2666, "x": 1, "y": 1 }
				]
			}
		}
	}
}
}