{
"skeleton": { "hash": "kNNn65GA/WEjTbM2yJMGbyZ/0t8", "spine": "2.1.27", "width": 303, "height": 303, "images": "" },
"bones": [
	{ "name": "Root_All", "x": 9.22, "y": 11.06, "scaleX": 1.01, "scaleY": 1.01 },
	{ "name": "Ship_All", "parent": "Root_All" },
	{ "name": "Body", "parent": "Ship_All", "length": 255.84, "x": -3.99, "y": -17.1, "rotation": 90 },
	{ "name": "Antiaircraft", "parent": "Body", "length": 44.62, "x": 186.94, "y": -33.33, "rotation": -90 },
	{ "name": "Attack_Point", "parent": "Body", "length": 25.69, "x": 103.18, "y": -30.44, "rotation": -88.64 },
	{ "name": "BB", "parent": "Body", "length": 5.78, "x": 120.47, "y": 9.13, "rotation": -157.34 },
	{ "name": "DL", "parent": "Body", "length": 11.52, "x": 108.46, "y": 32.2, "rotation": 75.43 },
	{ "name": "Damage_Point", "parent": "Body", "length": 22.56, "x": 115.04, "y": 14.51, "rotation": -90 },
	{ "name": "Dialogue", "parent": "Body", "length": 57.85, "x": 188.95, "y": -45.7, "rotation": -90 },
	{ "name": "Expression", "parent": "Body", "length": 46.33, "x": 181.99, "y": -42.49, "rotation": -42.65 },
	{ "name": "Face", "parent": "Body", "length": 66.94, "x": 180, "y": 30, "rotation": 270 },
	{ "name": "Light", "parent": "Body", "length": 5.15, "x": 86.59, "y": 44, "rotation": 176.82 },
	{ "name": "Qun", "parent": "Body", "length": 14.98, "x": 89.06, "y": 12.2, "rotation": -154.34 },
	{ "name": "Ship", "parent": "Body", "length": 127.17, "x": 100, "y": 60, "rotation": 270 },
	{ "name": "Smoke_L1", "parent": "Body", "length": 36.01, "x": 86.52, "y": -60.79, "rotation": -22.4 },
	{ "name": "Smoke_R1", "parent": "Body", "length": 36.01, "x": 72.34, "y": 54.99, "rotation": 40.67 },
	{ "name": "Smoke_R2", "parent": "Body", "length": 36.01, "x": 110.02, "y": 79.26, "rotation": 40.67 },
	{ "name": "Throw_Point", "parent": "Body", "length": 24.91, "x": 66.46, "y": -28.47, "rotation": -88.64 },
	{ "name": "leg", "parent": "Body", "length": 71.28, "x": 90.46, "y": 14.54, "rotation": -170.61 },
	{ "name": "BB_L1", "parent": "BB", "length": 4.05, "x": 0.2, "y": -10.75, "rotation": 155.45 },
	{ "name": "BB_L2", "parent": "BB", "length": 6.35, "x": 7.62, "y": -12.06, "rotation": 157.73 },
	{ "name": "BB_R1", "parent": "BB", "length": 4.2, "x": 3.08, "y": 7.4, "rotation": 172.81 },
	{ "name": "BB_R2", "parent": "BB", "length": 6.57, "x": 14.85, "y": 8.46, "rotation": 161.29 },
	{ "name": "DL_2", "parent": "DL", "length": 14.28, "x": 11.11, "y": 1.53, "rotation": 68.12 },
	{ "name": "light_2", "parent": "Light", "length": 5.15, "x": 5.72, "y": 0.03, "rotation": 3.15 },
	{ "name": "qun_2", "parent": "Qun", "length": 15.26, "x": 17.75, "y": -0.4, "rotation": 21.25 },
	{ "name": "DL_3", "parent": "DL_2", "length": 11.61, "x": 15.92, "y": -0.05, "rotation": 19.91 },
	{ "name": "light_3", "parent": "light_2", "length": 2.87, "x": 6.29, "rotation": 5.39 },
	{ "name": "qun_3", "parent": "qun_2", "length": 16.23, "x": 15.79, "y": -0.52, "rotation": 20.7 },
	{ "name": "DL_4", "parent": "DL_3", "length": 10.85, "x": 12.74, "y": -0.31, "rotation": 11.13 },
	{ "name": "light_4", "parent": "light_3", "length": 6.03, "x": 3.13, "y": -0.29 },
	{ "name": "light_5", "parent": "light_4", "length": 2.57, "x": 5.98, "y": -0.56, "rotation": -4.95 },
	{ "name": "light_6", "parent": "light_5", "length": 8.01, "x": 2.86, "y": -0.02 }
],
"slots": [
	{ "name": "Rodney_ship_armor_normal", "bone": "Ship", "attachment": "Ship_armor_normal" },
	{ "name": "leg", "bone": "leg", "attachment": "change" },
	{ "name": "leg_light", "bone": "leg", "attachment": "leg_light", "blend": "additive" },
	{ "name": "qun", "bone": "Qun", "attachment": "change" },
	{ "name": "Rodney_body_normal", "bone": "Body", "attachment": "Body_Change" },
	{ "name": "Rodney_eyes_normal", "bone": "Face", "attachment": "Rodney_eyes_normal" },
	{ "name": "DL", "bone": "DL", "attachment": "DL" },
	{ "name": "gan", "bone": "Body", "attachment": "gan" },
	{ "name": "BB", "bone": "BB", "attachment": "change" },
	{ "name": "Light_Body", "bone": "Body", "attachment": "Rodney_ship_body_normal_light", "blend": "additive" },
	{ "name": "Light", "bone": "Light", "attachment": "light" }
],
"skins": {
	"default": {
		"DL": {
			"DL": {
				"type": "skinnedmesh",
				"uvs": [ 1, 0.2758, 1, 0.54976, 1, 0.8393, 1, 1, 0.81443, 1, 0.4747, 1, 0.16764, 1, 0, 1, 0, 0.8883, 0, 0.69007, 0, 0.51635, 0, 0.28917, 0, 0.09985, 0, 0, 0.19704, 0, 0.4355, 0, 0.71317, 0, 1, 0, 0.2199, 0.96403, 0.0827, 0.52303, 0.16764, 0.35598, 0.26564, 0.24462, 0.3767, 0.14217, 0.48124, 0.06644, 0.6707, 0.04194, 0.86343, 0.07758, 0.9451, 0.16221, 0.82097, 0.11989, 0.6413, 0.11321, 0.5531, 0.18226, 0.46817, 0.26244, 0.37017, 0.38271, 0.30484, 0.51857, 0.23297, 0.70566, 0.1023, 0.91725, 0.12844, 0.69675, 0.1905, 0.52748, 0.27544, 0.36935, 0.37997, 0.24462, 0.46817, 0.14885, 0.5727, 0.09762 ],
				"triangles": [ 6, 18, 5, 7, 34, 6, 6, 34, 18, 7, 8, 34, 18, 34, 33, 34, 35, 33, 34, 8, 35, 8, 9, 35, 9, 19, 35, 4, 2, 3, 2, 4, 1, 18, 33, 5, 33, 32, 5, 4, 5, 32, 1, 32, 31, 32, 1, 4, 35, 36, 33, 33, 36, 32, 35, 19, 36, 9, 10, 19, 19, 20, 36, 36, 37, 32, 36, 20, 37, 20, 19, 11, 19, 10, 11, 20, 11, 21, 30, 1, 31, 1, 30, 29, 29, 28, 27, 29, 40, 28, 1, 29, 0, 32, 37, 31, 31, 38, 30, 31, 37, 38, 20, 21, 37, 37, 21, 38, 11, 12, 21, 38, 39, 30, 30, 39, 29, 12, 14, 21, 21, 22, 38, 21, 14, 22, 38, 22, 39, 29, 39, 40, 39, 23, 40, 39, 22, 23, 28, 40, 24, 0, 29, 27, 0, 27, 26, 26, 17, 0, 27, 25, 26, 26, 25, 17, 22, 15, 23, 22, 14, 15, 28, 24, 27, 24, 16, 27, 27, 16, 25, 12, 13, 14, 40, 23, 24, 25, 16, 17, 23, 15, 24, 24, 15, 16 ],
				"vertices": [ 3, 6, -3.5, 5.59, 0.46277, 23, -1.67, 15.07, 0.38256, 26, -11.4, 20.21999, 0.15465, 4, 6, -6.53, 17.26, 0.02317, 23, 8.01, 22.24, 0.41666, 26, 0.15, 23.65, 0.55894, 29, -7.72, 25.95, 0.00121, 3, 23, 18.26, 29.81, 0.22726, 26, 12.36, 27.28, 0.73751, 29, 4.96, 27.15, 0.0352, 3, 23, 23.94, 34.00999, 0.20036, 26, 19.14, 29.3, 0.75224, 29, 12, 27.82, 0.04738, 3, 23, 27.25, 29.53, 0.1876, 26, 20.71999, 23.96, 0.74419, 29, 12.52, 22.28, 0.0682, 3, 23, 33.31, 21.34, 0.11014, 26, 23.63, 14.19, 0.61776, 29, 13.48, 12.13, 0.27208, 3, 23, 38.78, 13.93, 0.01598, 26, 26.25, 5.36, 0.13936, 29, 14.35, 2.96, 0.84464, 2, 26, 27.69, 0.54, 0.00187, 29, 14.83, -2.03, 0.99812, 1, 29, 9.93999, -2.5, 1, 1, 29, 1.25, -3.32, 1, 2, 26, 7.29, -5.51, 0.91686, 29, -6.35, -4.04, 0.08313, 3, 6, 25.38, 13.71, 0.07746, 23, 16.62, -8.68999, 0.19566, 26, -2.28, -8.35999, 0.72686, 3, 6, 27.48, 5.65, 0.4024, 23, 9.92, -13.64, 0.43608, 26, -10.27, -10.74, 0.16151, 3, 6, 28.58, 1.4, 0.49924, 23, 6.39, -16.26, 0.40536, 26, -14.48, -11.99, 0.09538, 3, 6, 22.86, -0.08, 0.5831, 23, 2.87, -11.5, 0.36979, 26, -16.16, -6.32, 0.0471, 2, 6, 15.94, -1.88, 0.99785, 23, -1.37, -5.75, 0.00214, 1, 6, 7.87, -3.98, 1, 3, 6, -0.44, -6.14, 0.99996, 23, -11.43, 7.86, 2.0E-5, 26, -23.03, 16.76, 0, 3, 23, 36.58, 14.25, 0.03055, 26, 24.29, 6.41, 0.25104, 29, 12.63, 4.37, 0.7184, 2, 26, 6.86, -3.05, 0.93705, 29, -6.29, -1.55, 0.06294, 3, 6, 19.77, 15.29, 0.01492, 23, 16, -2.9, 0.13733, 26, -0.9, -2.7, 0.84772, 3, 6, 18.16, 9.81, 0.11887, 23, 10.31, -3.45, 0.75024, 26, -6.43, -1.28, 0.13087, 3, 6, 16.07, 4.61, 0.30052, 23, 4.69999, -3.45, 0.69614, 26, -11.7, 0.62, 0.00333, 1, 6, 13.87, 0.58999, 1, 1, 6, 8.64, -1.87, 1, 1, 6, 2.65, -1.81, 1, 1, 6, -0.64999, 1.16999, 1, 1, 6, 3.42, 0.3, 1, 3, 6, 8.71, 1.38, 0.37517, 23, -1.03, 2.17, 0.62376, 26, -15.19, 7.86, 0.00105, 2, 23, 2.98, 1.85, 0.99663, 26, -11.52, 6.19, 0.00336, 1, 23, 7.33, 1.89, 1, 2, 23, 13.33, 2.67, 0.57168, 26, -1.5, 3.45, 0.42831, 2, 23, 19.29999, 4.65, 0.05025, 26, 4.78, 3.27, 0.94974, 3, 23, 27.2, 7.81, 0.02677, 26, 13.28, 3.55, 0.58752, 29, 1.28, 3.69, 0.3857, 1, 29, 10.91, 0.67, 1, 2, 23, 28.75, 5.05, 0.00121, 29, 1.17999, 0.52999, 0.99878, 2, 23, 21.66, 2.11999, 0.00172, 26, 6.13, 0.09, 0.99827, 1, 23, 14.55, 0.04, 1, 1, 23, 8.27, -0.69, 1, 2, 6, 13.34, 4.19999, 0.09206, 23, 3.31, -1.07, 0.90793, 1, 23, -0.36, 0.1, 1 ],
				"hull": 18,
				"edges": [ 14, 16, 16, 18, 12, 14, 10, 12, 6, 8, 8, 10, 6, 4, 4, 2, 2, 0, 0, 34, 32, 34, 30, 32, 26, 28, 28, 30, 24, 26, 22, 24, 18, 20, 20, 22 ],
				"width": 30,
				"height": 44
			}
		},
		"Light": {
			"light": {
				"type": "skinnedmesh",
				"uvs": [ 1, 0.07321, 1, 0.19696, 1, 0.29571, 1, 0.41946, 1, 0.53696, 1, 0.67946, 1, 0.78196, 1, 0.91571, 1, 1, 0.82738, 1, 0.51938, 1, 0.18738, 1, 0, 1, 0, 0.91446, 0, 0.83571, 0, 0.72696, 0, 0.62946, 0, 0.50946, 0, 0.39446, 0, 0.28321, 0, 0.17821, 0, 0.06696, 0, 0, 0.20738, 0, 0.55538, 0, 0.79138, 0, 1, 0, 0.41938, 0.04482, 0.67138, 0.04357, 0.67138, 0.13107, 0.88738, 0.19357, 0.89538, 0.25357, 0.82338, 0.32358, 0.56338, 0.33357, 0.55138, 0.41607, 0.79938, 0.49232, 0.79538, 0.54982, 0.59138, 0.61233, 0.58338, 0.69982, 0.83538, 0.75232, 0.83938, 0.84232, 0.64738, 0.88857, 0.66738, 0.96357, 0.37138, 0.97668, 0.35138, 0.89418, 0.11538, 0.86418, 0.11538, 0.76793, 0.27938, 0.71293, 0.27938, 0.60793, 0.11138, 0.56668, 0.12338, 0.48418, 0.33138, 0.42293, 0.34338, 0.32918, 0.13938, 0.30945, 0.06738, 0.23695, 0.13938, 0.16445, 0.39138, 0.1332, 0.53138, 0.13445, 0.47538, 0.32695, 0.43538, 0.41695, 0.43138, 0.5132, 0.43138, 0.6107, 0.42338, 0.7107, 0.45538, 0.7982, 0.49938, 0.8932, 0.51138, 0.9732 ],
				"triangles": [ 9, 7, 8, 10, 42, 9, 9, 40, 7, 9, 42, 40, 11, 43, 10, 43, 65, 10, 10, 65, 42, 12, 45, 11, 11, 44, 43, 11, 45, 44, 12, 13, 45, 43, 64, 65, 43, 44, 64, 65, 41, 42, 65, 64, 41, 42, 41, 40, 40, 6, 7, 13, 14, 45, 45, 47, 44, 44, 63, 64, 63, 47, 62, 63, 44, 47, 41, 64, 38, 64, 63, 38, 41, 39, 40, 41, 38, 39, 14, 46, 45, 45, 46, 47, 40, 39, 6, 14, 15, 46, 63, 62, 38, 46, 16, 49, 47, 49, 48, 47, 46, 49, 46, 15, 16, 47, 48, 62, 62, 48, 61, 16, 17, 49, 49, 50, 48, 48, 50, 51, 49, 17, 50, 17, 18, 50, 38, 62, 61, 39, 5, 6, 39, 38, 36, 38, 37, 36, 39, 36, 5, 38, 61, 37, 37, 61, 60, 34, 37, 60, 36, 4, 5, 36, 37, 35, 61, 48, 60, 48, 51, 60, 36, 35, 4, 35, 37, 34, 35, 3, 4, 35, 32, 3, 35, 33, 32, 34, 60, 59, 60, 51, 59, 34, 33, 35, 50, 53, 51, 50, 18, 53, 51, 52, 59, 3, 32, 2, 32, 31, 2, 59, 58, 34, 34, 58, 33, 33, 29, 32, 51, 53, 52, 59, 52, 58, 53, 19, 54, 53, 18, 19, 58, 57, 33, 58, 52, 56, 32, 30, 31, 54, 55, 53, 52, 53, 55, 31, 1, 2, 19, 20, 54, 31, 30, 1, 54, 20, 55, 20, 21, 55, 33, 57, 29, 56, 52, 55, 58, 56, 57, 32, 29, 30, 30, 0, 1, 29, 25, 30, 30, 25, 0, 55, 23, 56, 55, 21, 23, 56, 27, 57, 29, 57, 28, 57, 27, 24, 56, 23, 27, 57, 24, 28, 29, 28, 25, 25, 26, 0, 21, 22, 23, 27, 23, 24, 28, 24, 25 ],
				"vertices": [ 1, 11, 2.88, 5.34, 1, 4, 11, 6.84, 5.56, 0.30983, 24, 1.41, 5.46, 0.4913, 27, -4.34, 5.89, 0.16787, 30, -7.47, 6.19, 0.03098, 3, 24, 4.57, 5.46, 0.33869, 27, -1.19, 5.6, 0.44196, 30, -4.33, 5.89, 0.21934, 3, 24, 8.53, 5.46, 0.0174, 27, 2.74, 5.23, 0.31501, 30, -0.38, 5.52, 0.66757, 3, 27, 6.48, 4.87, 0.04788, 30, 3.35, 5.17, 0.94984, 32, -5.97, 5.5, 0.00226, 2, 30, 7.89, 4.73999, 0.86571, 32, -1.41, 5.47, 0.13428, 2, 30, 11.15, 4.42999, 0.48596, 32, 1.86, 5.45, 0.51402, 3, 30, 15.42, 4.03, 0.07208, 31, 9, 5.39, 0, 32, 6.14, 5.41, 0.92791, 4, 27, 21.24, 3.49, 0, 30, 18.1, 3.78, 0.01278, 31, 11.7, 5.37, 0, 32, 8.84, 5.39, 0.98721, 4, 27, 21.07, 1.77, 0, 30, 17.94, 2.06, 0.00837, 31, 11.69, 3.65, 0, 32, 8.82, 3.67, 0.99161, 1, 32, 8.8, 0.58999, 1, 3, 27, 20.46999, -4.59, 0, 30, 17.34, -4.3, 0, 32, 8.78, -2.72, 0.99999, 4, 27, 20.29999, -6.46, 0, 30, 17.17, -6.17, 0, 31, 11.62, -4.62, 0.00233, 32, 8.76, -4.6, 0.99766, 4, 27, 17.57, -6.2, 0, 30, 14.44, -5.91, 0, 31, 8.89, -4.6, 0.06312, 32, 6.03, -4.58, 0.93687, 4, 27, 15.06, -5.97, 0, 30, 11.93, -5.67, 0, 31, 6.37, -4.58, 0.26411, 32, 3.51, -4.56, 0.73587, 2, 31, 2.89, -4.55, 0.70688, 32, 0.03, -4.53, 0.29311, 4, 27, 8.49, -5.35, 0.00767, 30, 5.36, -5.06, 0.01364, 31, -0.22, -4.53, 0.92257, 32, -3.08, -4.51, 0.05609, 4, 24, 11.42, -4.52, 0.0086, 27, 4.67, -4.98999, 0.21159, 30, 1.54, -4.69999, 0.16698, 31, -4.06, -4.5, 0.61281, 4, 24, 7.74, -4.53, 0.29583, 27, 1.01, -4.65, 0.54749, 30, -2.11999, -4.35, 0.05275, 31, -7.74, -4.46999, 0.10391, 4, 11, 10.14999, -4.26, 0.06233, 24, 4.17999, -4.53, 0.79981, 27, -2.53, -4.31, 0.13471, 31, -11.3, -4.44999, 0.00313, 3, 11, 6.79, -4.44999, 0.33287, 24, 0.82, -4.53, 0.66455, 27, -5.87, -4, 0.00256, 2, 11, 3.24, -4.64, 0.72364, 24, -2.73, -4.53, 0.27635, 2, 11, 1.1, -4.76, 0.79799, 24, -4.88, -4.53, 0.202, 2, 11, 0.98, -2.69, 0.83849, 24, -4.88, -2.46, 0.1615, 1, 11, 0.79, 0.77, 1, 1, 11, 0.66, 3.13, 1, 1, 11, 0.54, 5.21, 1, 1, 11, 2.3, -0.5, 1, 1, 11, 2.11999, 2.01, 1, 2, 11, 4.91, 2.16, 0.99979, 27, -6.75, 2.82, 2.0E-4, 4, 11, 6.79, 4.42999, 0.18365, 24, 1.29999, 4.33, 0.67588, 27, -4.55, 4.78, 0.11805, 30, -7.69, 5.08, 0.02241, 4, 11, 8.7, 4.62, 0.0136, 24, 3.22, 4.41, 0.52151, 27, -2.63, 4.67999, 0.34318, 30, -5.77, 4.98, 0.12169, 3, 24, 5.46, 3.7, 0.19804, 27, -0.47, 3.75, 0.50088, 30, -3.6, 4.05, 0.30106, 3, 24, 5.78, 1.1, 0.30888, 27, -0.4, 1.14, 0.65095, 30, -3.53, 1.43, 0.04015, 2, 27, 2.21, 0.77, 0.75154, 30, -0.91, 1.05999, 0.24845, 2, 27, 4.87, 3.01, 0.07769, 30, 1.74, 3.3, 0.9223, 3, 27, 6.7, 2.8, 0.02678, 30, 3.57, 3.09, 0.97242, 32, -5.57, 3.45, 7.8E-4, 3, 27, 8.5, 0.58, 6.0E-5, 30, 5.37, 0.87, 0.99647, 32, -3.59, 1.4, 0.00346, 3, 30, 8.14999, 0.52999, 0.33708, 31, 2.06, 1.28, 0.31553, 32, -0.79, 1.29999, 0.34736, 2, 30, 10.06, 2.88, 0.67673, 32, 0.9, 3.81, 0.32326, 3, 30, 12.93, 2.65, 0.15254, 31, 6.64, 3.8, 0, 32, 3.78, 3.82, 0.84745, 3, 30, 14.22, 0.6, 0.07287, 31, 8.10999, 1.87, 0, 32, 5.25, 1.89, 0.92712, 2, 30, 16.62999, 0.58, 0.0028, 32, 7.65, 2.08, 0.99719, 3, 27, 19.9, -2.69, 0, 31, 10.91, -0.9, 3.0E-5, 32, 8.04, -0.88, 0.99996, 3, 27, 17.26, -2.64, 0, 31, 8.26, -1.08, 0.01167, 32, 5.4, -1.05999, 0.98832, 4, 27, 16.08, -4.9, 0, 30, 12.95, -4.61, 0, 31, 7.29, -3.43, 0.11031, 32, 4.42999, -3.41, 0.88968, 4, 27, 13.01, -4.62, 0, 30, 9.88, -4.32, 0, 31, 4.21, -3.41, 0.46454, 32, 1.35, -3.39, 0.53545, 2, 31, 2.46, -1.76, 0.73505, 32, -0.39, -1.73, 0.26494, 4, 27, 8.07, -2.5, 0.00388, 30, 4.94, -2.21, 0.09061, 31, -0.89, -1.73, 0.90158, 32, -3.75, -1.71, 0.0039, 4, 27, 6.6, -4.05, 0.0781, 30, 3.46, -3.76, 0.17307, 31, -2.22, -3.4, 0.7477, 32, -5.08, -3.38, 0.0011, 4, 24, 10.61, -3.29, 0.03328, 27, 3.98, -3.69, 0.34791, 30, 0.85, -3.39, 0.2069, 31, -4.86, -3.26, 0.41188, 4, 24, 8.64, -1.21, 0.03104, 27, 2.22, -1.43, 0.60485, 30, -0.9, -1.14, 0.25533, 31, -6.81, -1.16999, 0.10876, 4, 11, 11.43, -0.75, 3.0E-5, 24, 5.64, -1.09, 0.55535, 27, -0.74, -1.03, 0.44213, 31, -9.81, -1.02, 0.00248, 4, 11, 10.91, -2.82, 0.03863, 24, 5.01, -3.13, 0.75433, 27, -1.56, -3, 0.20004, 31, -10.45, -3.06, 0.00698, 4, 11, 8.63, -3.67, 0.13941, 24, 2.69, -3.86, 0.83014, 27, -3.94, -3.5, 0.03038, 31, -12.78, -3.76, 5.0E-5, 2, 11, 6.28, -3.08, 0.40398, 24, 0.37, -3.14, 0.59601, 1, 11, 5.14, -0.62, 1, 2, 11, 5.1, 0.77, 0.89467, 24, -0.58, 0.77, 0.10532, 1, 24, 5.57, 0.22, 1, 4, 24, 8.45, -0.17, 0.00884, 27, 2.13, -0.38, 0.70735, 30, -0.99, -0.08, 0.24921, 31, -6.99, -0.12, 0.03458, 3, 27, 5.19, -0.71, 0.02457, 30, 2.06, -0.41, 0.83003, 31, -3.91, -0.19, 0.14538, 2, 30, 5.17, -0.7, 0.771, 31, -0.79, -0.21, 0.22899, 2, 31, 2.4, -0.32, 0.5, 32, -0.45, -0.29, 0.5, 1, 32, 2.33999, 0, 1, 2, 30, 14.23, -0.87, 0.01266, 32, 5.38, 0.41, 0.98733, 1, 32, 7.94, 0.51, 1 ],
				"hull": 27,
				"edges": [ 44, 46, 46, 48, 48, 50, 50, 52, 0, 52, 0, 2, 2, 4, 4, 6, 6, 8, 8, 10, 10, 12, 12, 14, 14, 16, 16, 18, 18, 20, 20, 22, 22, 24, 24, 26, 26, 28, 28, 30, 30, 32, 32, 34, 34, 36, 36, 38, 38, 40, 40, 42, 42, 44 ],
				"width": 10,
				"height": 32
			}
		},
		"Light_Body": {
			"Rodney_ship_body_normal_light": { "x": 128.88, "y": 9.87, "rotation": -90, "width": 300, "height": 300 }
		},
		"Rodney_eyes_normal": {
			"Rodney_eyes_damage": { "x": 20.12, "y": -51.11, "width": 300, "height": 300 },
			"Rodney_eyes_normal": { "x": 20.12, "y": -51.11, "width": 300, "height": 300 }
		},
		"gan": {
			"gan": { "x": 91.01, "y": 20.15, "rotation": -90, "width": 72, "height": 26 }
		},
		"leg_light": {
			"leg_light": { "x": -37.14, "y": 10.88, "rotation": 80.61, "width": 300, "height": 300 }
		}
	},
	"damage": {
		"BB": {
			"change": {
				"name": "BB_damage",
				"type": "skinnedmesh",
				"uvs": [ 1, 0.16984, 1, 0.47475, 1, 0.80311, 1, 1, 0.80524, 1, 0.54724, 1, 0.31959, 1, 0.10712, 1, 0, 1, 0, 0.75034, 0, 0.36334, 0, 0, 0.17162, 0, 0.34236, 0, 0.54656, 0, 0.70659, 0, 0.86595, 0, 1, 0, 0.10609, 0.44278, 0.23597, 0.2246, 0.42232, 0.18969, 0.7555, 0.20714, 0.91362, 0.33805, 0.93803, 0.72102, 0.85077, 0.89693, 0.65727, 0.87934, 0.58139, 0.86761, 0.4524, 0.90865, 0.13368, 0.86761, 0.0616, 0.6917, 0.21715, 0.6272, 0.48654, 0.56857, 0.69521, 0.57443, 0.93803, 0.5627 ],
				"triangles": [ 4, 24, 3, 24, 2, 3, 4, 5, 25, 4, 25, 24, 24, 23, 2, 24, 25, 23, 23, 25, 32, 25, 26, 32, 2, 33, 1, 32, 33, 23, 2, 23, 33, 32, 22, 33, 32, 21, 22, 33, 22, 1, 22, 0, 1, 22, 21, 0, 16, 17, 0, 21, 16, 0, 21, 15, 16, 14, 15, 21, 6, 27, 5, 7, 28, 6, 6, 28, 27, 7, 8, 28, 8, 9, 28, 28, 30, 27, 27, 30, 31, 9, 29, 28, 28, 29, 30, 29, 18, 30, 30, 18, 31, 9, 10, 29, 29, 10, 18, 18, 19, 31, 18, 10, 19, 19, 11, 12, 19, 10, 11, 19, 12, 13, 5, 26, 25, 5, 27, 26, 27, 31, 26, 26, 31, 32, 32, 31, 21, 21, 20, 14, 19, 20, 31, 21, 31, 20, 19, 13, 20, 20, 13, 14 ],
				"vertices": [ 3, 19, 6.57, -27.84, 1.0E-5, 21, -1.44, -10.16, 0.31741, 22, 11.42, -5.47, 0.68257, 3, 19, -0.13, -28.06, 0, 21, -7.91, -8.37, 0.00373, 22, 4.71999, -5.01, 0.99626, 1, 22, -2.47, -4.51, 1, 2, 5, 22.64, 10.27, 4.0E-5, 22, -6.79, -4.21, 0.99995, 3, 5, 20.1, 4.16, 0.13333, 20, -5.39, -19.74, 0.03627, 22, -6.34, 2.38, 0.83038, 3, 5, 16.71999, -3.93, 0.43817, 20, -5.33, -10.97, 0.34203, 22, -5.73, 11.13, 0.21978, 3, 5, 13.74, -11.07, 0.16079, 20, -5.28, -3.23, 0.81831, 22, -5.19999, 18.85, 0.02087, 2, 19, -12.68, 1.88, 0.05856, 20, -5.23, 3.98, 0.94143, 2, 19, -12.8, 5.52, 0.0989, 20, -5.21, 7.62, 0.90109, 2, 19, -7.31, 5.7, 0.31967, 20, 0.27, 7.59, 0.68032, 2, 19, 1.17999, 5.98, 0.98254, 20, 8.79, 7.53, 0.01744, 1, 19, 9.17, 6.25, 1, 3, 5, -8.49, -7.24, 0.07717, 19, 9.37, 0.42, 0.9228, 22, 17.08, 22.36, 1.0E-5, 5, 5, -6.26, -1.88, 0.65324, 19, 9.56, -5.37, 0.33094, 20, 16.7, -4.15, 0.00846, 21, 8.10999, 10.38, 0.00718, 22, 16.68, 16.57, 1.5E-4, 4, 5, -3.59, 4.51, 0.50659, 19, 9.79, -12.31, 0.00375, 21, 6.26, 3.69, 0.48885, 22, 16.2, 9.64, 7.9E-4, 3, 19, 9.97, -17.75, 2.0E-5, 21, 4.81, -1.54, 0.96756, 22, 15.83, 4.21999, 0.03241, 4, 5, 0.58999, 14.54, 6.2E-4, 19, 10.14999, -23.16, 1.0E-5, 21, 3.36, -6.76, 0.60195, 22, 15.46, -1.17999, 0.39739, 3, 19, 10.3, -27.72, 1.0E-5, 21, 2.15, -11.15, 0.41979, 22, 15.14, -5.73, 0.58019, 2, 19, -0.43, 2.32, 0.87604, 20, 7.02, 3.94, 0.12395, 4, 5, -3.09, -7.13, 0.15854, 19, 4.5, -1.92, 0.78713, 20, 11.79, -0.5, 0.05429, 22, 12, 20.52, 1.0E-5, 4, 5, -1.36, -0.98, 0.87046, 19, 5.48, -8.22999, 0.05875, 20, 12.51, -6.84, 0.07075, 22, 12.33, 14.14, 3.0E-5, 3, 19, 5.47, -19.56, 0, 21, -0.02, -1.93, 0.73161, 22, 11.17, 2.87, 0.26837, 3, 19, 2.77, -25.03, 0, 21, -4.23, -6.34, 0.11774, 22, 7.93, -2.28, 0.88225, 1, 22, -0.52999, -2.53, 1, 3, 5, 18.6, 6.46, 0.07836, 20, -3.13, -21.3, 0.01882, 22, -4.17999, 0.68, 0.9028, 3, 5, 15.71, 0.54, 0.3869, 20, -2.7, -14.73, 0.14981, 22, -3.34, 7.22, 0.46328, 3, 5, 14.48, -1.73, 0.46167, 20, -2.43, -12.15, 0.2177, 22, -2.91, 9.77, 0.3206, 3, 5, 13.62, -6.13, 0.35258, 20, -3.3, -7.76, 0.56369, 22, -3.51, 14.21, 0.08372, 2, 19, -9.74, 1.07, 0.06116, 20, -2.33, 3.06, 0.93883, 2, 19, -5.96, 3.65, 0.39895, 20, 1.55, 5.49, 0.60104, 1, 20, 2.93, 0.19, 1, 3, 5, 7.16, -2.18, 0.66386, 20, 4.16, -8.97, 0.31904, 22, 3.86, 12.54, 0.01708, 4, 5, 10.01, 4.31, 0.37914, 20, 3.99, -16.06, 0.0055, 21, -7.25, 2.19, 0.1345, 22, 3.25, 5.47, 0.48084, 1, 22, 2.94, -2.77, 1 ],
				"hull": 18,
				"edges": [ 22, 24, 24, 26, 26, 28, 28, 30, 30, 32, 32, 34, 0, 34, 0, 2, 2, 4, 4, 6, 6, 8, 8, 10, 10, 12, 12, 14, 14, 16, 16, 18, 18, 20, 20, 22 ],
				"width": 34,
				"height": 22
			}
		},
		"Rodney_body_normal": {
			"Body_Change": { "name": "Rodney_body_damage", "x": 128.88, "y": 9.87, "rotation": -90, "width": 300, "height": 300 }
		},
		"Rodney_ship_armor_normal": {
			"Ship_armor_normal": { "name": "Rodney_ship_armor_damage", "x": 50.12, "y": 28.88, "width": 300, "height": 300 }
		},
		"leg": {
			"change": { "name": "leg_damage", "x": -37.14, "y": 10.88, "rotation": 80.61, "width": 300, "height": 300 }
		},
		"qun": {
			"change": {
				"name": "qun_damage",
				"type": "skinnedmesh",
				"uvs": [ 1, 0.17457, 1, 0.40509, 1, 0.63335, 1, 0.85257, 1, 1, 0.82274, 1, 0.62597, 1, 0.37854, 1, 0.15643, 1, 0, 1, 0, 0.81415, 0, 0.60171, 0, 0.39153, 0, 0.17909, 0, 0, 0.15449, 0, 0.4175, 0, 0.67467, 0, 0.85781, 0, 1, 0, 0.21728, 0.06097, 0.344, 0.24647, 0.45866, 0.43197, 0.58236, 0.63847, 0.71512, 0.75397, 0.83883, 0.83096, 0.95047, 0.91146, 0.41555, 0.03897, 0.58311, 0.11807, 0.66104, 0.31243, 0.7039, 0.49097, 0.75066, 0.68985, 0.90457, 0.68985, 0.96692, 0.72601, 0.05902, 0.12937, 0.03369, 0.30565, 0.14864, 0.50227, 0.26749, 0.64465, 0.39412, 0.75765, 0.56947, 0.80285, 0.57142, 0.90455, 0.7565, 0.93393 ],
				"triangles": [ 30, 1, 2, 32, 30, 2, 32, 31, 30, 33, 32, 2, 24, 23, 31, 25, 31, 32, 25, 32, 33, 24, 31, 25, 33, 2, 3, 25, 33, 3, 40, 39, 24, 26, 25, 3, 41, 24, 25, 40, 24, 41, 6, 40, 41, 5, 41, 25, 5, 25, 26, 6, 41, 5, 26, 3, 4, 5, 26, 4, 37, 22, 23, 31, 23, 30, 38, 37, 23, 39, 38, 23, 39, 23, 24, 37, 10, 11, 37, 11, 36, 10, 8, 9, 37, 8, 10, 37, 38, 8, 7, 8, 38, 40, 7, 38, 40, 38, 39, 7, 40, 6, 16, 20, 15, 27, 20, 16, 28, 16, 17, 27, 16, 28, 34, 14, 15, 34, 15, 20, 18, 19, 0, 13, 14, 34, 21, 20, 27, 21, 27, 28, 35, 13, 34, 29, 28, 17, 21, 28, 29, 12, 13, 35, 29, 17, 18, 22, 21, 29, 18, 0, 29, 1, 29, 0, 30, 29, 1, 22, 29, 30, 34, 21, 35, 21, 34, 20, 36, 21, 22, 36, 35, 21, 12, 35, 36, 11, 12, 36, 23, 22, 30, 37, 36, 22 ],
				"vertices": [ 3, 12, 15.43, 35.68999, 0.80823, 25, 10.93, 34.48, 5.8E-4, 28, 7.84, 34.46, 0.19118, 3, 12, 25.82, 30.7, 0.60595, 25, 18.79999, 26.06, 0.00827, 28, 12.23, 23.8, 0.38577, 3, 12, 36.11, 25.76, 0.22457, 25, 26.6, 17.73, 0, 28, 16.57, 13.24, 0.77542, 2, 12, 45.99, 21.01, 0.00411, 28, 20.74, 3.11, 0.99588, 1, 28, 23.55, -3.7, 1, 2, 25, 31.62, -2.67, 0.00539, 28, 14.04, -7.61, 0.9946, 2, 25, 23.28, -10.47, 0.3923, 28, 3.48, -11.95, 0.60768, 3, 12, 37.03, -14.66, 0.00273, 25, 12.8, -20.28, 0.91853, 28, -9.78, -17.41, 0.07873, 3, 12, 31.46, -26.27, 0.04269, 25, 3.39, -29.08, 0.95382, 28, -21.69, -22.31, 0.00348, 2, 12, 27.53, -34.45, 0.0596, 25, -3.22, -35.28, 0.94039, 2, 12, 19.15, -30.43, 0.11213, 25, -9.57, -28.49, 0.88786, 2, 12, 9.58, -25.83, 0.32308, 25, -16.83, -20.73, 0.6769, 2, 12, 0.1, -21.28, 0.67191, 25, -24.01, -13.06, 0.32808, 2, 12, -9.46, -16.68, 0.9379, 25, -31.27, -5.3, 0.06209, 2, 12, -17.53, -12.81, 0.99956, 25, -37.38, 1.23, 4.3E-4, 1, 12, -13.65, -4.73, 1, 2, 12, -7.05, 9.01, 0.99409, 28, -26.71, 29.68, 0.0059, 2, 12, -0.58999, 22.46, 0.93345, 28, -12.92, 35.34999, 0.06654, 2, 12, 4, 32.03, 0.87191, 28, -3.1, 39.39, 0.12808, 2, 12, 7.57, 39.47, 0.86683, 28, 4.52, 42.53, 0.13315, 2, 12, -9.33, -2.77, 0.99689, 25, -26.1, 7.61, 0.0031, 1, 12, 2.2, -0.16, 1, 2, 12, 13.44, 1.81, 0.99584, 28, -16.29, 10.61, 0.00415, 1, 25, 9.08, 0.99, 1, 1, 28, 3.59, 1.38, 1, 1, 28, 11.69, 0.55, 1, 1, 28, 19.2, -0.7, 1, 2, 12, -5.34, 8.07, 0.99409, 28, -26.08, 27.83, 0.0059, 2, 12, 2.42, 15.11, 0.97055, 28, -15.58, 27.87, 0.02944, 3, 12, 13.14, 14.98, 0.86833, 25, 1.28, 16.01, 0.03424, 28, -7.71, 20.6, 0.0974, 3, 12, 22.26, 13.36, 0.4225, 25, 9.18999, 11.19, 0.29886, 28, -2.01, 13.29, 0.27862, 3, 12, 32.4, 11.5, 0.09234, 25, 17.96999, 5.78, 0.07282, 28, 4.27, 5.13, 0.83483, 3, 12, 36.25999, 19.54, 0.16986, 25, 24.49, 11.88, 0.00292, 28, 12.53, 8.53, 0.8272, 2, 12, 39.46, 22.02, 0.116, 28, 16.56, 8.22999, 0.88399, 2, 12, -10.22, -12.52, 0.96447, 25, -30.46, -1.15, 0.03551, 2, 12, -2.91, -17.66, 0.82788, 25, -25.52, -8.59, 0.17211, 2, 12, 8.83, -15.91, 0.56655, 25, -13.93, -11.21, 0.43343, 2, 12, 18.23, -12.78, 0.18626, 25, -4.03, -11.7, 0.81373, 3, 12, 26.5, -8.6, 9.4E-4, 25, 5.17999, -10.81, 0.9564, 28, -13.55, -5.86, 0.04264, 2, 25, 14.15, -5.51, 0.77199, 28, -3.29, -4.08, 0.228, 2, 25, 17.70999, -9.14999, 0.59087, 28, -1.25, -8.74, 0.40912, 2, 25, 26.55, -2.89, 0.04447, 28, 9.22999, -6.02, 0.95552 ],
				"hull": 20,
				"edges": [ 28, 30, 30, 32, 32, 34, 34, 36, 36, 38, 0, 38, 0, 2, 2, 4, 4, 6, 6, 8, 8, 10, 10, 12, 12, 14, 14, 16, 16, 18, 18, 20, 20, 22, 22, 24, 24, 26, 26, 28 ],
				"width": 58,
				"height": 50
			}
		}
	},
	"normal": {
		"BB": {
			"change": {
				"name": "BB",
				"type": "skinnedmesh",
				"uvs": [ 1, 0.2635, 1, 0.55081, 1, 0.79709, 1, 1, 0.79385, 1, 0.55482, 1, 0.29303, 1, 0.14506, 1, 0, 1, 0, 0.75604, 0, 0.3749, 0, 0, 0.16024, 0, 0.39547, 0, 0.53965, 0, 0.699, 0, 0.87353, 0, 1, 0, 0.0578, 0.6329, 0.09194, 0.40422, 0.16024, 0.26936, 0.29682, 0.19313, 0.41824, 0.21072, 0.67244, 0.11104, 0.828, 0.22245, 0.92665, 0.38077, 0.91147, 0.76777, 0.80524, 0.89677, 0.65347, 0.8909, 0.56621, 0.86159, 0.42582, 0.90263, 0.14127, 0.88504, 0.2475, 0.62118, 0.43341, 0.60945, 0.62312, 0.60359, 0.81282, 0.50977 ],
				"triangles": [ 0, 24, 17, 25, 24, 0, 35, 24, 25, 35, 22, 24, 25, 0, 1, 35, 25, 1, 26, 35, 1, 34, 35, 26, 26, 1, 2, 34, 27, 28, 26, 27, 34, 4, 28, 27, 27, 26, 2, 5, 28, 4, 27, 2, 3, 4, 27, 3, 23, 14, 15, 22, 14, 23, 24, 22, 23, 16, 23, 15, 24, 23, 16, 24, 16, 17, 30, 33, 29, 20, 33, 32, 18, 19, 32, 31, 18, 32, 9, 18, 31, 30, 32, 33, 31, 32, 30, 8, 9, 31, 6, 7, 31, 8, 31, 7, 30, 6, 31, 6, 30, 5, 21, 12, 13, 20, 12, 21, 11, 12, 20, 10, 11, 20, 19, 10, 20, 22, 20, 21, 19, 20, 32, 18, 10, 19, 9, 10, 18, 22, 13, 14, 21, 13, 22, 34, 22, 35, 33, 22, 34, 29, 33, 34, 28, 29, 34, 5, 30, 29, 5, 29, 28, 33, 20, 22 ],
				"vertices": [ 5, 5, 7.69, 16.51, 2.0E-5, 19, 4.5, -27.91, 0, 20, 10.75, -26.47, 0, 21, -3.43, -9.60999, 0.19879, 22, 9.35999, -5.33, 0.80116, 3, 5, 13.53, 14.08, 0, 19, -1.8, -28.12, 0, 22, 3.05, -4.89, 0.99999, 1, 22, -2.33999, -4.52, 1, 2, 19, -11.68, -28.45, 0, 22, -6.8, -4.21, 1, 3, 5, 19.95, 3.8, 0.13383, 20, -5.39, -19.35, 0.04368, 22, -6.31, 2.77, 0.82246, 3, 5, 16.82, -3.69, 0.4189, 20, -5.34, -11.23, 0.34706, 22, -5.76, 10.87, 0.23402, 3, 5, 13.39, -11.9, 0.11742, 20, -5.28, -2.33, 0.86876, 22, -5.14, 19.75, 0.0138, 4, 5, 11.46, -16.54999, 0.003, 19, -12.64, 0.58999, 0.03616, 20, -5.23999, 2.69, 0.96078, 22, -4.8, 24.77, 5.0E-5, 4, 5, 9.56, -21.1, 0, 19, -12.81, 5.52, 0.09985, 20, -5.21, 7.62, 0.90014, 22, -4.46, 29.69, 0, 4, 5, 4.6, -19.03, 0, 19, -7.44, 5.7, 0.32471, 20, 0.15, 7.59, 0.67528, 22, 0.88, 29.32, 0, 4, 5, -3.12, -15.8, 0, 19, 0.93, 5.98, 0.99413, 20, 8.53, 7.53, 0.00586, 22, 9.25, 28.75, 0, 2, 19, 9.17, 6.25, 0.99999, 20, 16.78, 7.48, 0, 3, 5, -8.64, -7.6, 0.05936, 19, 9.35, 0.8, 0.94063, 22, 17.1, 22.75, 0, 5, 5, -5.56, -0.22, 0.77432, 19, 9.60999, -7.18, 0.16596, 20, 16.69, -5.96, 0.01845, 21, 7.63, 8.64, 0.04122, 22, 16.54999, 14.77, 3.0E-5, 4, 5, -3.67, 4.29, 0.53746, 19, 9.78, -12.08, 0.00423, 21, 6.32, 3.92, 0.45817, 22, 16.20999, 9.88, 1.2E-4, 3, 19, 9.96, -17.49, 1.0E-5, 21, 4.87, -1.29, 0.98032, 22, 15.84, 4.46999, 0.01966, 5, 5, 0.69, 14.77, 4.5E-4, 19, 10.14999, -23.42, 0, 20, 16.58, -22.21, 0, 21, 3.29, -7.01, 0.58157, 22, 15.43, -1.44, 0.41796, 5, 5, 2.33999, 18.74, 2.6E-4, 19, 10.3, -27.72, 0, 20, 16.54999, -26.51, 0, 21, 2.14, -11.15, 0.44029, 22, 15.14, -5.73, 0.55942, 4, 5, 2.86, -16.18, 0, 19, -4.67, 3.82, 0.37529, 20, 2.84, 5.61, 0.6247, 22, 3.45, 27.18, 0, 1, 19, 0.38, 2.83, 1, 1, 19, 3.43, 0.61, 1, 4, 5, -2.93, -4.94999, 0.46986, 19, 5.26, -3.97, 0.42273, 20, 12.46, -2.57, 0.10739, 22, 12.54, 18.4, 0, 4, 5, -0.98, -1.29, 0.82815, 19, 5.01, -8.10999, 0.05688, 20, 12.05, -6.7, 0.11494, 22, 11.87, 14.31, 0, 1, 21, 2.76, 0.22, 1, 4, 19, 5.21, -22.04, 0, 20, 11.69, -20.62999, 0, 21, -1, -4.21, 0.49721, 22, 10.66, 0.43, 0.50278, 4, 19, 1.84, -25.5, 0, 20, 8.18999, -23.96, 0, 21, -5.25, -6.51, 0.04607, 22, 6.95, -2.66, 0.95392, 2, 19, -6.67, -25.27, 0, 22, -1.49, -1.56, 1, 3, 5, 18, 5.03, 0.09732, 20, -3.12, -19.75, 0.0285, 22, -4.08, 2.23, 0.87416, 3, 5, 15.9, 0.32, 0.34222, 20, -2.96, -14.6, 0.15587, 22, -3.59, 7.36, 0.5019, 3, 5, 14.16, -2.16, 0.48549, 20, -2.29, -11.63, 0.31302, 22, -2.75, 10.28, 0.20148, 3, 5, 13.16, -6.91, 0.34987, 20, -3.17, -6.86, 0.56166, 22, -3.32, 15.1, 0.08846, 2, 19, -10.12, 0.8, 0.07748, 20, -2.71, 2.81, 0.92251, 2, 5, 5.11, -10.12, 0.02249, 20, 3.06, -0.83, 0.9775, 3, 5, 7.3, -4.19, 0.47712, 20, 3.27, -7.16, 0.51334, 22, 3.09, 14.4, 0.00953, 4, 5, 9.67, 1.8, 0.55014, 20, 3.36, -13.61, 0.03109, 21, -7.22, 4.73, 0.08553, 22, 2.77, 7.96, 0.33321, 3, 5, 10.24, 8.55, 0.05459, 21, -6.95, -2.03, 0.08121, 22, 4.39, 1.38, 0.86419 ],
				"hull": 18,
				"edges": [ 22, 24, 24, 26, 26, 28, 28, 30, 30, 32, 32, 34, 2, 0, 0, 34, 2, 4, 4, 6, 6, 8, 8, 10, 10, 12, 12, 14, 14, 16, 16, 18, 18, 20, 20, 22 ],
				"width": 34,
				"height": 22
			}
		},
		"Rodney_body_normal": {
			"Body_Change": { "name": "Rodney_body_normal", "x": 128.88, "y": 9.87, "rotation": -90, "width": 300, "height": 300 }
		},
		"Rodney_ship_armor_normal": {
			"Ship_armor_normal": { "name": "Rodney_ship_armor_normal", "x": 50.12, "y": 28.88, "width": 300, "height": 300 }
		},
		"leg": {
			"change": { "name": "leg", "x": -37.14, "y": 10.88, "rotation": 80.61, "width": 300, "height": 300 }
		},
		"qun": {
			"change": {
				"name": "qun",
				"type": "skinnedmesh",
				"uvs": [ 1, 0.16257, 1, 0.35507, 1, 0.51606, 1, 0.77856, 1, 1, 0.83884, 1, 0.61255, 1, 0.41643, 1, 0.16299, 1, 0, 1, 0, 0.82406, 0, 0.57906, 0, 0.33057, 0, 0, 0.10264, 0, 0.23166, 0, 0.48885, 0, 0.74531, 0, 0.89919, 0, 1, 0, 0.31814, 0.22194, 0.45014, 0.47538, 0.6049, 0.6813, 0.78697, 0.80802, 0.92807, 0.90306, 0.40625, 0.03284, 0.60018, 0.1616, 0.691, 0.42157, 0.75436, 0.69806, 0.92936, 0.69806, 0.04531, 0.14507, 0.09057, 0.40057, 0.21126, 0.59306, 0.36514, 0.74356, 0.516, 0.84156, 0.77548, 0.90806 ],
				"triangles": [ 11, 31, 32, 33, 32, 21, 10, 11, 32, 10, 32, 33, 34, 33, 22, 3, 24, 23, 3, 23, 29, 35, 23, 24, 8, 9, 10, 33, 8, 10, 7, 33, 34, 8, 33, 7, 22, 23, 34, 35, 6, 23, 6, 34, 23, 7, 34, 6, 5, 35, 24, 6, 35, 5, 24, 3, 4, 5, 24, 4, 18, 19, 0, 17, 18, 0, 0, 27, 26, 17, 0, 26, 1, 27, 0, 27, 1, 2, 22, 21, 27, 2, 28, 27, 28, 22, 27, 2, 29, 28, 33, 21, 22, 29, 2, 3, 23, 28, 29, 28, 23, 22, 25, 15, 16, 30, 13, 14, 26, 16, 17, 20, 15, 25, 12, 13, 30, 30, 14, 15, 20, 30, 15, 31, 30, 20, 12, 30, 31, 25, 26, 20, 26, 25, 16, 21, 26, 27, 21, 20, 26, 31, 20, 21, 11, 12, 31, 32, 31, 21 ],
				"vertices": [ 2, 12, 14.89, 35.95, 0.33927, 25, 10.51, 34.91999, 0.66072, 2, 12, 23.56, 31.78, 0.26924, 25, 17.09, 27.89, 0.73075, 3, 12, 30.82, 28.3, 0.19856, 25, 22.59, 22.01, 0.79848, 28, 14.34, 18.67, 0.00294, 3, 12, 42.65, 22.61, 0.05754, 25, 31.56, 12.43, 0.41207, 28, 19.33, 6.53, 0.53038, 1, 28, 23.54, -3.69, 1, 1, 28, 14.9, -7.25, 1, 1, 28, 2.76, -12.24, 1, 3, 12, 37.98, -12.68, 1.2E-4, 25, 14.4, -18.77, 0.00547, 28, -7.75, -16.57, 0.9944, 3, 12, 31.62, -25.93, 0.02786, 25, 3.67, -28.81, 0.01552, 28, -21.34, -22.17, 0.9566, 3, 12, 27.52, -34.45, 0.04279, 25, -3.23, -35.27, 0.01078, 28, -30.08, -25.76, 0.94641, 3, 12, 19.59, -30.64, 0.0809, 25, -9.24, -28.85, 0.01616, 28, -33.43, -17.62999, 0.90292, 3, 12, 8.55, -25.34, 0.32292, 25, -17.61, -19.9, 0.01804, 28, -38.09, -6.3, 0.65902, 3, 12, -2.64, -19.95999, 0.76613, 25, -26.1, -10.83, 1.6E-4, 28, -42.82, 5.17999, 0.2337, 2, 12, -17.54, -12.81, 0.99868, 28, -49.11, 20.46999, 0.00131, 2, 12, -14.96, -7.44, 0.99988, 28, -43.6, 22.73, 1.1E-4, 2, 12, -11.72, -0.69, 0.99665, 25, -27.57, 10.41, 0.00334, 2, 12, -5.26, 12.74, 0.75111, 25, -16.68, 20.6, 0.24888, 2, 12, 1.16999, 26.15, 0.45024, 25, -5.82, 30.76, 0.54974, 2, 12, 5.03, 34.2, 0.37509, 25, 0.69, 36.86, 0.6249, 2, 12, 7.56, 39.47, 0.36167, 25, 4.96, 40.86, 0.63832, 1, 12, 0.44, -0.98, 1, 1, 12, 15.18, 0.43, 1, 1, 25, 11.5, 0.32, 1, 1, 28, 8.46, 0.47, 1, 1, 28, 17.84, -0.8, 1, 2, 12, -5.86, 7.71, 0.897, 25, -19.06, 16.12999, 0.10299, 2, 12, 4.81, 15.07, 0.61198, 25, -6.44, 19.11, 0.38801, 2, 12, 18.79999, 14.19, 0.27692, 25, 6.27, 13.22, 0.72307, 3, 12, 32.86, 11.51, 0.05134, 25, 18.4, 5.63, 0.83884, 28, 4.62, 4.84, 0.10981, 3, 12, 37.25, 20.66, 0.08298, 25, 25.81, 12.57, 0.60069, 28, 14.01, 8.7, 0.3163, 2, 12, -9.85999, -13.58, 0.94422, 28, -43.92, 14.76, 0.05577, 3, 12, 2.78, -16.74, 0.65724, 25, -19.87, -9.8, 0.00353, 28, -36.63, 3.94, 0.33922, 3, 12, 14.49, -14.6, 0.32461, 25, -8.18, -12.04, 0.09343, 28, -26.49, -2.28, 0.58195, 3, 12, 25.13, -9.81, 0.00842, 25, 3.47, -11.44, 0.10504, 28, -15.38, -5.85, 0.88652, 2, 25, 13.21, -9.04, 0.002, 28, -5.42, -7.05, 0.99799, 1, 28, 9.75, -4.4, 1 ],
				"hull": 20,
				"edges": [ 26, 28, 28, 30, 30, 32, 32, 34, 34, 36, 36, 38, 0, 38, 0, 2, 2, 4, 4, 6, 6, 8, 8, 10, 10, 12, 12, 14, 14, 16, 16, 18, 18, 20, 20, 22, 22, 24, 24, 26 ],
				"width": 58,
				"height": 50
			}
		}
	}
},
"events": {
	"Antiaircraft": {},
	"attack_point": {},
	"damage_point": {},
	"throw_point": {}
},
"animations": {
	"Antiaircraft": {
		"slots": {
			"Light_Body": {
				"attachment": [
					{ "time": 0, "name": "Rodney_ship_body_normal_light" },
					{ "time": 0.5, "name": "Rodney_ship_body_normal_light" },
					{ "time": 1.2666, "name": "Rodney_ship_body_normal_light" },
					{ "time": 2, "name": null }
				],
				"color": [
					{ "time": 0.0666, "color": "fffffffd" },
					{ "time": 0.1666, "color": "ffffff00" },
					{ "time": 0.2, "color": "ffffffff" },
					{ "time": 0.3333, "color": "ffffff00" },
					{ "time": 0.3666, "color": "ffffffff" },
					{ "time": 0.4666, "color": "ffffff00" },
					{ "time": 0.6, "color": "ffffffff" },
					{ "time": 0.7333, "color": "ffffff00" },
					{ "time": 0.8, "color": "ffffffff" },
					{ "time": 0.9, "color": "ffffff00" },
					{ "time": 0.9666, "color": "ffffffff" },
					{ "time": 1.1, "color": "ffffff00" },
					{ "time": 1.1333, "color": "ffffffff" },
					{ "time": 1.2333, "color": "ffffff00" },
					{ "time": 1.3666, "color": "ffffffff" },
					{ "time": 1.4666, "color": "ffffff00" },
					{ "time": 1.5333, "color": "ffffffff" },
					{ "time": 1.6333, "color": "ffffff00" },
					{ "time": 1.7, "color": "ffffffff" },
					{ "time": 1.8333, "color": "ffffff00" },
					{ "time": 1.8666, "color": "ffffffff" },
					{ "time": 1.9666, "color": "ffffff00" }
				]
			},
			"Rodney_body_normal": {
				"attachment": [
					{ "time": 0, "name": "Body_Change" }
				]
			},
			"Rodney_ship_armor_normal": {
				"attachment": [
					{ "time": 0, "name": "Ship_armor_normal" }
				]
			},
			"leg_light": {
				"color": [
					{ "time": 0.0666, "color": "fffffffd" },
					{ "time": 0.1666, "color": "ffffff00" },
					{ "time": 0.2, "color": "ffffffff" },
					{ "time": 0.3333, "color": "ffffff00" },
					{ "time": 0.3666, "color": "ffffffff" },
					{ "time": 0.4666, "color": "ffffff00" },
					{ "time": 0.6, "color": "ffffffff" },
					{ "time": 0.7333, "color": "ffffff00" },
					{ "time": 0.8, "color": "ffffffff" },
					{ "time": 0.9, "color": "ffffff00" },
					{ "time": 0.9666, "color": "ffffffff" },
					{ "time": 1.1, "color": "ffffff00" },
					{ "time": 1.1333, "color": "ffffffff" },
					{ "time": 1.2333, "color": "ffffff00" },
					{ "time": 1.3666, "color": "ffffffff" },
					{ "time": 1.4666, "color": "ffffff00" },
					{ "time": 1.5333, "color": "ffffffff" },
					{ "time": 1.6333, "color": "ffffff00" },
					{ "time": 1.7, "color": "ffffffff" },
					{ "time": 1.8333, "color": "ffffff00" },
					{ "time": 1.8666, "color": "ffffffff" },
					{ "time": 1.9666, "color": "ffffff00" }
				]
			}
		},
		"bones": {
			"Body": {
				"rotate": [
					{ "time": 0, "angle": 0, "curve": "stepped" },
					{ "time": 2, "angle": 0 }
				],
				"translate": [
					{ "time": 0, "x": 0, "y": 0, "curve": "stepped" },
					{ "time": 2, "x": 0, "y": 0 }
				]
			},
			"Ship": {
				"rotate": [
					{ "time": 0, "angle": 0, "curve": "stepped" },
					{ "time": 2, "angle": 0 }
				],
				"translate": [
					{
						"time": 0,
						"x": 0,
						"y": 0,
						"curve": [ 0.319, 0.33, 0.653, 0.66 ]
					},
					{
						"time": 0.5,
						"x": 1.79,
						"y": 0,
						"curve": [ 0.289, 0.43, 0.622, 0.73 ]
					},
					{
						"time": 1.5,
						"x": -2.75,
						"y": 0,
						"curve": [ 0.487, 0.33, 0.657, 0.5 ]
					},
					{ "time": 2, "x": 0, "y": 0 }
				]
			},
			"Root_All": {
				"rotate": [
					{ "time": 0, "angle": 0, "curve": "stepped" },
					{ "time": 2, "angle": 0 }
				],
				"translate": [
					{
						"time": 0,
						"x": 0,
						"y": 0,
						"curve": [ 0.255, 0.35, 0.6, 0.7 ]
					},
					{
						"time": 0.5,
						"x": 0,
						"y": -9.82,
						"curve": [ 0.3, 0.39, 0.641, 0.74 ]
					},
					{
						"time": 1,
						"x": 0,
						"y": -15.66,
						"curve": [ 0.322, 0.37, 0.652, 0.7 ]
					},
					{
						"time": 1.5,
						"x": 0,
						"y": -7.79,
						"curve": [ 0.314, 0.36, 0.644, 0.68 ]
					},
					{ "time": 2, "x": 0, "y": 0 }
				]
			},
			"Ship_All": {
				"rotate": [
					{ "time": 0, "angle": 0, "curve": "stepped" },
					{ "time": 2, "angle": 0 }
				],
				"translate": [
					{ "time": 0, "x": 0, "y": 0, "curve": "stepped" },
					{ "time": 2, "x": 0, "y": 0 }
				]
			},
			"Face": {
				"rotate": [
					{ "time": 0, "angle": 0, "curve": "stepped" },
					{ "time": 2, "angle": 0 }
				],
				"translate": [
					{
						"time": 0,
						"x": 0,
						"y": 0,
						"curve": [ 0.286, 0.34, 0.623, 0.67 ]
					},
					{
						"time": 0.5,
						"x": 0.64,
						"y": 0,
						"curve": [ 0.282, 0.37, 0.624, 0.71 ]
					},
					{
						"time": 1.5,
						"x": -1.28,
						"y": 0,
						"curve": [ 0.321, 0.37, 0.656, 0.71 ]
					},
					{ "time": 2, "x": 0, "y": 0 }
				]
			},
			"leg": {
				"rotate": [
					{ "time": 0, "angle": 0 },
					{ "time": 1, "angle": 2.33 },
					{ "time": 2, "angle": 0 }
				],
				"translate": [
					{ "time": 0, "x": 0, "y": 0 },
					{ "time": 1, "x": 2.55, "y": 0 },
					{ "time": 2, "x": 0, "y": 0 }
				]
			},
			"Qun": {
				"rotate": [
					{ "time": 0, "angle": 0 },
					{ "time": 0.5, "angle": 2.85 },
					{ "time": 1, "angle": 11.55 },
					{ "time": 2, "angle": 0 }
				],
				"translate": [
					{ "time": 0, "x": 0, "y": 0, "curve": "stepped" },
					{ "time": 2, "x": 0, "y": 0 }
				]
			},
			"qun_3": {
				"rotate": [
					{ "time": 0, "angle": 0 },
					{ "time": 0.5, "angle": 8.94 },
					{ "time": 1, "angle": 0.55 },
					{ "time": 2, "angle": 0 }
				],
				"translate": [
					{ "time": 0, "x": 0, "y": 0 },
					{ "time": 0.5, "x": 5.8, "y": -0.98 },
					{ "time": 2, "x": 0, "y": 0 }
				]
			},
			"qun_2": {
				"rotate": [
					{ "time": 0, "angle": 0 },
					{ "time": 0.5, "angle": 9.24 },
					{ "time": 1, "angle": 17.95 },
					{ "time": 2, "angle": 0 }
				],
				"translate": [
					{ "time": 0, "x": 0, "y": 0, "curve": "stepped" },
					{ "time": 2, "x": 0, "y": 0 }
				]
			},
			"DL": {
				"rotate": [
					{ "time": 0, "angle": 0, "curve": "stepped" },
					{ "time": 1, "angle": 0, "curve": "stepped" },
					{ "time": 2, "angle": 0 }
				],
				"translate": [
					{ "time": 0, "x": 0, "y": 0, "curve": "stepped" },
					{ "time": 1, "x": 0, "y": 0, "curve": "stepped" },
					{ "time": 2, "x": 0, "y": 0 }
				]
			},
			"DL_4": {
				"rotate": [
					{ "time": 0, "angle": 0 },
					{ "time": 0.5, "angle": 0.32 },
					{ "time": 1, "angle": 0 },
					{ "time": 1.5, "angle": 21.99 },
					{ "time": 2, "angle": 0 }
				],
				"translate": [
					{ "time": 0, "x": 0, "y": 0, "curve": "stepped" },
					{ "time": 1, "x": 0, "y": 0, "curve": "stepped" },
					{ "time": 2, "x": 0, "y": 0 }
				]
			},
			"DL_3": {
				"rotate": [
					{ "time": 0, "angle": 0 },
					{ "time": 0.5, "angle": -2.04 },
					{ "time": 1, "angle": 0 },
					{ "time": 1.5, "angle": 14.35 },
					{ "time": 2, "angle": 0 }
				],
				"translate": [
					{ "time": 0, "x": 0, "y": 0, "curve": "stepped" },
					{ "time": 1, "x": 0, "y": 0, "curve": "stepped" },
					{ "time": 2, "x": 0, "y": 0 }
				]
			},
			"DL_2": {
				"rotate": [
					{ "time": 0, "angle": 0 },
					{ "time": 0.5, "angle": -14.74 },
					{ "time": 1, "angle": 0 },
					{ "time": 1.5, "angle": 22.84 },
					{ "time": 2, "angle": 0 }
				],
				"translate": [
					{ "time": 0, "x": 0, "y": 0, "curve": "stepped" },
					{ "time": 1, "x": 0, "y": 0, "curve": "stepped" },
					{ "time": 2, "x": 0, "y": 0 }
				]
			},
			"Light": {
				"rotate": [
					{ "time": 0, "angle": 0, "curve": "stepped" },
					{ "time": 1, "angle": 0, "curve": "stepped" },
					{ "time": 2, "angle": 0 }
				],
				"translate": [
					{ "time": 0, "x": 0, "y": 0, "curve": "stepped" },
					{ "time": 1, "x": 0, "y": 0, "curve": "stepped" },
					{ "time": 2, "x": 0, "y": 0 }
				]
			},
			"light_6": {
				"rotate": [
					{ "time": 0, "angle": 0 },
					{ "time": 0.5, "angle": -7.95 },
					{ "time": 1, "angle": 0 },
					{ "time": 1.5, "angle": 9.67 },
					{ "time": 2, "angle": 0 }
				],
				"translate": [
					{ "time": 0, "x": 0, "y": 0, "curve": "stepped" },
					{ "time": 1, "x": 0, "y": 0, "curve": "stepped" },
					{ "time": 2, "x": 0, "y": 0 }
				]
			},
			"light_5": {
				"rotate": [
					{ "time": 0, "angle": 0 },
					{ "time": 0.5, "angle": -1.32 },
					{ "time": 1, "angle": 0 },
					{ "time": 1.5, "angle": 9.49 },
					{ "time": 2, "angle": 0 }
				],
				"translate": [
					{ "time": 0, "x": 0, "y": 0, "curve": "stepped" },
					{ "time": 1, "x": 0, "y": 0, "curve": "stepped" },
					{ "time": 2, "x": 0, "y": 0 }
				]
			},
			"light_4": {
				"rotate": [
					{ "time": 0, "angle": 0 },
					{ "time": 0.5, "angle": -8.82 },
					{ "time": 1, "angle": 0 },
					{ "time": 1.5, "angle": 11.06 },
					{ "time": 2, "angle": 0 }
				],
				"translate": [
					{ "time": 0, "x": 0, "y": 0, "curve": "stepped" },
					{ "time": 1, "x": 0, "y": 0, "curve": "stepped" },
					{ "time": 2, "x": 0, "y": 0 }
				]
			},
			"light_3": {
				"rotate": [
					{ "time": 0, "angle": 0 },
					{ "time": 0.5, "angle": -5.68 },
					{ "time": 1, "angle": 0, "curve": "stepped" },
					{ "time": 2, "angle": 0 }
				],
				"translate": [
					{ "time": 0, "x": 0, "y": 0, "curve": "stepped" },
					{ "time": 1, "x": 0, "y": 0, "curve": "stepped" },
					{ "time": 2, "x": 0, "y": 0 }
				]
			},
			"light_2": {
				"rotate": [
					{ "time": 0, "angle": 0 },
					{ "time": 0.5, "angle": -21.54 },
					{ "time": 1, "angle": 0 },
					{ "time": 1.5, "angle": 21.46 },
					{ "time": 2, "angle": 0 }
				],
				"translate": [
					{ "time": 0, "x": 0, "y": 0, "curve": "stepped" },
					{ "time": 1, "x": 0, "y": 0, "curve": "stepped" },
					{ "time": 2, "x": 0, "y": 0 }
				]
			},
			"BB": {
				"rotate": [
					{ "time": 0, "angle": 0, "curve": "stepped" },
					{ "time": 2, "angle": 0 }
				],
				"translate": [
					{ "time": 0, "x": 0, "y": 0 },
					{ "time": 1, "x": 1.25, "y": 0 },
					{ "time": 2, "x": 0, "y": 0 }
				]
			},
			"BB_R2": {
				"rotate": [
					{ "time": 0, "angle": 0, "curve": "stepped" },
					{ "time": 2, "angle": 0 }
				],
				"translate": [
					{ "time": 0, "x": 0, "y": 0 },
					{ "time": 0.5, "x": -1.51, "y": 0.63 },
					{ "time": 1.5, "x": 2.3, "y": -0.51 },
					{ "time": 2, "x": 0, "y": 0 }
				]
			},
			"BB_R1": {
				"rotate": [
					{ "time": 0, "angle": 0, "curve": "stepped" },
					{ "time": 2, "angle": 0 }
				],
				"translate": [
					{ "time": 0, "x": 0, "y": 0 },
					{ "time": 0.5, "x": -0.03, "y": -2.21 },
					{ "time": 1.5, "x": 2.2, "y": -0.76 },
					{ "time": 2, "x": 0, "y": 0 }
				]
			},
			"BB_L2": {
				"rotate": [
					{ "time": 0, "angle": 0, "curve": "stepped" },
					{ "time": 2, "angle": 0 }
				],
				"translate": [
					{ "time": 0, "x": 0, "y": 0 },
					{ "time": 0.5, "x": -1.61, "y": -0.66 },
					{ "time": 1.5, "x": 1.64, "y": -2.46 },
					{ "time": 2, "x": 0, "y": 0 }
				]
			},
			"BB_L1": {
				"rotate": [
					{ "time": 0, "angle": 0, "curve": "stepped" },
					{ "time": 2, "angle": 0 }
				],
				"translate": [
					{ "time": 0, "x": 0, "y": 0 },
					{ "time": 0.5, "x": -0.75, "y": 0.31 },
					{ "time": 1.5, "x": 1.26, "y": -0.52 },
					{ "time": 2, "x": 0, "y": 0 }
				]
			}
		},
		"events": [
			{ "time": 0.0666, "name": "Antiaircraft" }
		]
	},
	"attack": {
		"slots": {
			"Light_Body": {
				"attachment": [
					{ "time": 0, "name": null },
					{ "time": 0.0666, "name": "Rodney_ship_body_normal_light" }
				],
				"color": [
					{ "time": 0.5333, "color": "fffffffb" },
					{ "time": 0.8333, "color": "ffffff00" }
				]
			},
			"Rodney_body_normal": {
				"attachment": [
					{ "time": 0, "name": "Body_Change" },
					{ "time": 0.9, "name": "Body_Change" }
				]
			},
			"Rodney_ship_armor_normal": {
				"attachment": [
					{ "time": 0, "name": "Ship_armor_normal" },
					{ "time": 0.9, "name": "Ship_armor_normal" },
					{ "time": 1.6666, "name": "Ship_armor_normal" }
				]
			},
			"leg_light": {
				"color": [
					{ "time": 0.5333, "color": "fffffffb" },
					{ "time": 0.8333, "color": "ffffff00" }
				]
			}
		},
		"bones": {
			"Root_All": {
				"rotate": [
					{ "time": 0, "angle": 0, "curve": "stepped" },
					{ "time": 1.6666, "angle": 0 }
				],
				"translate": [
					{
						"time": 0,
						"x": 0,
						"y": 0,
						"curve": [ 0.255, 0.35, 0.6, 0.7 ]
					},
					{ "time": 0.0666, "x": 8.69, "y": 0 },
					{ "time": 0.1666, "x": -87.44, "y": 0 },
					{ "time": 0.3333, "x": -61.04, "y": 0 },
					{ "time": 0.5333, "x": -69.84, "y": 0 },
					{ "time": 1, "x": -85.6, "y": 0 },
					{ "time": 1.4, "x": 15.07, "y": 0 },
					{ "time": 1.6666, "x": 0, "y": 0 }
				]
			},
			"Ship": {
				"rotate": [
					{
						"time": 0,
						"angle": 0,
						"curve": [ 0.312, 0.33, 0.646, 0.67 ]
					},
					{
						"time": 0.1666,
						"angle": -354.63,
						"curve": [ 0.288, 0.34, 0.625, 0.68 ]
					},
					{
						"time": 0.3333,
						"angle": -364.87,
						"curve": [ 0.288, 0.4, 0.634, 0.75 ]
					},
					{ "time": 1.6666, "angle": 0 }
				],
				"translate": [
					{
						"time": 0,
						"x": 0,
						"y": 0,
						"curve": [ 0.331, 0.33, 0.665, 0.66 ]
					},
					{
						"time": 0.1666,
						"x": -4.73,
						"y": 2.02,
						"curve": [ 0.329, 0.33, 0.662, 0.66 ]
					},
					{
						"time": 0.3333,
						"x": 3.65,
						"y": -6.78,
						"curve": [ 0.325, 0.33, 0.658, 0.66 ]
					},
					{ "time": 1.6666, "x": 0, "y": 0 }
				]
			},
			"Face": {
				"rotate": [
					{ "time": 0, "angle": 0, "curve": "stepped" },
					{ "time": 1.6666, "angle": 0 }
				],
				"translate": [
					{
						"time": 0,
						"x": 0,
						"y": 0,
						"curve": [ 0.286, 0.34, 0.623, 0.67 ]
					},
					{ "time": 0.1666, "x": 0, "y": 3.4 },
					{ "time": 0.3333, "x": 0, "y": -0.66 },
					{ "time": 0.9, "x": 0, "y": -1.2 },
					{ "time": 1, "x": 0, "y": -0.44 },
					{ "time": 1.4, "x": 0, "y": -5.01 },
					{ "time": 1.6666, "x": 0, "y": 0 }
				]
			},
			"Ship_All": {
				"rotate": [
					{ "time": 0, "angle": 0, "curve": "stepped" },
					{ "time": 1.6666, "angle": 0 }
				],
				"translate": [
					{ "time": 0, "x": 0, "y": 0, "curve": "stepped" },
					{ "time": 1.6666, "x": 0, "y": 0 }
				]
			},
			"Body": {
				"rotate": [
					{ "time": 0, "angle": 0, "curve": "stepped" },
					{ "time": 1.6666, "angle": 0 }
				],
				"translate": [
					{ "time": 0, "x": 0, "y": 0, "curve": "stepped" },
					{ "time": 1.6666, "x": 0, "y": 0 }
				]
			},
			"Attack_Point": {
				"rotate": [
					{ "time": 0.0666, "angle": 0 }
				],
				"translate": [
					{ "time": 0.0666, "x": 0, "y": 0 }
				]
			},
			"leg": {
				"rotate": [
					{ "time": 0, "angle": 0 },
					{ "time": 0.5, "angle": 4.13 },
					{ "time": 1.1666, "angle": 5 },
					{ "time": 1.6666, "angle": 0 }
				],
				"translate": [
					{ "time": 0, "x": 0, "y": 0 },
					{ "time": 0.5, "x": 2.52, "y": 0 },
					{ "time": 1.1666, "x": -0.24, "y": -2.52 },
					{ "time": 1.6666, "x": 0, "y": 0 }
				]
			},
			"Qun": {
				"rotate": [
					{ "time": 0, "angle": 0 },
					{ "time": 0.5, "angle": 7.64 },
					{ "time": 1.6666, "angle": 0 }
				],
				"translate": [
					{ "time": 0, "x": 0, "y": 0, "curve": "stepped" },
					{ "time": 1.6666, "x": 0, "y": 0 }
				]
			},
			"qun_3": {
				"rotate": [
					{ "time": 0, "angle": 0 },
					{ "time": 0.5, "angle": 7.9 },
					{ "time": 1.1666, "angle": 11.36 },
					{ "time": 1.6666, "angle": 0 }
				],
				"translate": [
					{ "time": 0, "x": 0, "y": 0, "curve": "stepped" },
					{ "time": 1.6666, "x": 0, "y": 0 }
				]
			},
			"qun_2": {
				"rotate": [
					{ "time": 0, "angle": 0 },
					{ "time": 0.5, "angle": 8.04 },
					{ "time": 1.6666, "angle": 0 }
				],
				"translate": [
					{ "time": 0, "x": 0, "y": 0, "curve": "stepped" },
					{ "time": 1.6666, "x": 0, "y": 0 }
				]
			},
			"Light": {
				"rotate": [
					{ "time": 0, "angle": 0, "curve": "stepped" },
					{ "time": 1.6666, "angle": 0 }
				],
				"translate": [
					{ "time": 0, "x": 0, "y": 0, "curve": "stepped" },
					{ "time": 1.6666, "x": 0, "y": 0 }
				]
			},
			"light_6": {
				"rotate": [
					{ "time": 0, "angle": 0 },
					{ "time": 0.5, "angle": -4.8 },
					{ "time": 0.8333, "angle": 8.26 },
					{ "time": 1.1666, "angle": -7.97 },
					{ "time": 1.6666, "angle": 0 }
				],
				"translate": [
					{ "time": 0, "x": 0, "y": 0, "curve": "stepped" },
					{ "time": 1.6666, "x": 0, "y": 0 }
				]
			},
			"light_5": {
				"rotate": [
					{ "time": 0, "angle": 0 },
					{ "time": 0.5, "angle": 7.31 },
					{ "time": 0.8333, "angle": 1.75 },
					{ "time": 1.1666, "angle": 9.55 },
					{ "time": 1.6666, "angle": 0 }
				],
				"translate": [
					{ "time": 0, "x": 0, "y": 0, "curve": "stepped" },
					{ "time": 1.6666, "x": 0, "y": 0 }
				]
			},
			"light_4": {
				"rotate": [
					{ "time": 0, "angle": 0 },
					{ "time": 0.5, "angle": 9.34 },
					{ "time": 0.8333, "angle": 8.28 },
					{ "time": 1.1666, "angle": 10.86 },
					{ "time": 1.6666, "angle": 0 }
				],
				"translate": [
					{ "time": 0, "x": 0, "y": 0, "curve": "stepped" },
					{ "time": 1.6666, "x": 0, "y": 0 }
				]
			},
			"light_3": {
				"rotate": [
					{ "time": 0, "angle": 0 },
					{ "time": 0.5, "angle": 12.33 },
					{ "time": 0.8333, "angle": -4.37 },
					{ "time": 1.1666, "angle": 13.8 },
					{ "time": 1.6666, "angle": 0 }
				],
				"translate": [
					{ "time": 0, "x": 0, "y": 0, "curve": "stepped" },
					{ "time": 1.6666, "x": 0, "y": 0 }
				]
			},
			"light_2": {
				"rotate": [
					{ "time": 0, "angle": 0 },
					{ "time": 0.5, "angle": 28.33 },
					{ "time": 0.8333, "angle": -30.89 },
					{ "time": 1.1666, "angle": 8.38 },
					{ "time": 1.6666, "angle": 0 }
				],
				"translate": [
					{ "time": 0, "x": 0, "y": 0, "curve": "stepped" },
					{ "time": 1.6666, "x": 0, "y": 0 }
				]
			},
			"DL": {
				"rotate": [
					{ "time": 0, "angle": 0, "curve": "stepped" },
					{ "time": 1.6666, "angle": 0 }
				],
				"translate": [
					{ "time": 0, "x": 0, "y": 0, "curve": "stepped" },
					{ "time": 1.6666, "x": 0, "y": 0 }
				]
			},
			"DL_4": {
				"rotate": [
					{ "time": 0, "angle": 0 },
					{ "time": 0.1666, "angle": 5.99 },
					{ "time": 0.5, "angle": 12.92 },
					{ "time": 0.8333, "angle": -0.61 },
					{ "time": 1.3333, "angle": -24.09 },
					{ "time": 1.6666, "angle": 0 }
				],
				"translate": [
					{ "time": 0, "x": 0, "y": 0, "curve": "stepped" },
					{ "time": 1.6666, "x": 0, "y": 0 }
				]
			},
			"DL_3": {
				"rotate": [
					{ "time": 0, "angle": 0 },
					{ "time": 0.1666, "angle": -8.56 },
					{ "time": 0.5, "angle": 9.87 },
					{ "time": 0.8333, "angle": 13.06 },
					{ "time": 1.3333, "angle": -15.24 },
					{ "time": 1.6666, "angle": 0 }
				],
				"translate": [
					{ "time": 0, "x": 0, "y": 0, "curve": "stepped" },
					{ "time": 1.6666, "x": 0, "y": 0 }
				]
			},
			"DL_2": {
				"rotate": [
					{ "time": 0, "angle": 0 },
					{ "time": 0.1666, "angle": 2.69 },
					{ "time": 0.5, "angle": 36.81 },
					{ "time": 0.8333, "angle": 41.7 },
					{ "time": 1.3333, "angle": -15.23 },
					{ "time": 1.6666, "angle": 0 }
				],
				"translate": [
					{ "time": 0, "x": 0, "y": 0, "curve": "stepped" },
					{ "time": 1.6666, "x": 0, "y": 0 }
				]
			},
			"BB": {
				"rotate": [
					{ "time": 0, "angle": 0, "curve": "stepped" },
					{ "time": 1.6666, "angle": 0 }
				],
				"translate": [
					{ "time": 0, "x": 0, "y": 0 },
					{ "time": 0.5, "x": 0.49, "y": 0 },
					{ "time": 1.1666, "x": 1.7, "y": 0.99 },
					{ "time": 1.6666, "x": 0, "y": 0 }
				]
			},
			"BB_R2": {
				"rotate": [
					{ "time": 0, "angle": 0 },
					{ "time": 1.1666, "angle": 2.72 },
					{ "time": 1.6666, "angle": 0 }
				],
				"translate": [
					{ "time": 0, "x": 0, "y": 0 },
					{ "time": 0.5, "x": -0.26, "y": 0.65 },
					{ "time": 1.1666, "x": 2.56, "y": 0.23 },
					{ "time": 1.6666, "x": 0, "y": 0 }
				]
			},
			"BB_R1": {
				"rotate": [
					{ "time": 0, "angle": 0, "curve": "stepped" },
					{ "time": 1.6666, "angle": 0 }
				],
				"translate": [
					{ "time": 0, "x": 0, "y": 0 },
					{ "time": 0.5, "x": -0.26, "y": 0.65 },
					{ "time": 1.1666, "x": 1.07, "y": -0.75 },
					{ "time": 1.6666, "x": 0, "y": 0 }
				]
			},
			"BB_L2": {
				"rotate": [
					{ "time": 0, "angle": 0 },
					{ "time": 1.1666, "angle": -5.34 },
					{ "time": 1.6666, "angle": 0 }
				],
				"translate": [
					{ "time": 0, "x": 0, "y": 0 },
					{ "time": 0.5, "x": -0.45, "y": 0.19 },
					{ "time": 1.1666, "x": 2.89, "y": -2.82 },
					{ "time": 1.6666, "x": 0, "y": 0 }
				]
			},
			"BB_L1": {
				"rotate": [
					{ "time": 0, "angle": 0 },
					{ "time": 0.5, "angle": 1.03 },
					{ "time": 1.6666, "angle": 0 }
				],
				"translate": [
					{ "time": 0, "x": 0, "y": 0 },
					{ "time": 0.5, "x": -0.91, "y": 0.38 },
					{ "time": 1.1666, "x": 1.25, "y": -1.06 },
					{ "time": 1.6666, "x": 0, "y": 0 }
				]
			}
		},
		"events": [
			{ "time": 0.0666, "name": "attack_point" }
		]
	},
	"damage": {
		"slots": {
			"BB": {
				"color": [
					{ "time": 0.0666, "color": "8c4c51ff", "curve": "stepped" },
					{ "time": 0.7666, "color": "8c4c51ff" },
					{ "time": 1.1333, "color": "ffffffff" }
				]
			},
			"DL": {
				"color": [
					{ "time": 0.0666, "color": "8c4c51ff", "curve": "stepped" },
					{ "time": 0.7666, "color": "8c4c51ff" },
					{ "time": 1.1333, "color": "ffffffff" }
				]
			},
			"Light_Body": {
				"attachment": [
					{ "time": 0, "name": null },
					{ "time": 0.0666, "name": "Rodney_ship_body_normal_light" },
					{ "time": 0.7666, "name": null }
				],
				"color": [
					{ "time": 0.5333, "color": "fffffffc" },
					{ "time": 0.7666, "color": "ffffff00" }
				]
			},
			"Rodney_body_normal": {
				"attachment": [
					{ "time": 0, "name": "Body_Change" },
					{ "time": 0.8666, "name": "Body_Change" }
				],
				"color": [
					{ "time": 0.0666, "color": "8c4c51ff", "curve": "stepped" },
					{ "time": 0.7666, "color": "8c4c51ff" },
					{ "time": 1.1333, "color": "ffffffff" }
				]
			},
			"Rodney_eyes_normal": {
				"attachment": [
					{ "time": 0.0666, "name": "Rodney_eyes_damage" },
					{ "time": 1.1333, "name": "Rodney_eyes_normal" }
				],
				"color": [
					{ "time": 0.0666, "color": "8c4c51ff", "curve": "stepped" },
					{ "time": 0.7666, "color": "8c4c51ff" },
					{ "time": 1.1333, "color": "ffffffff" }
				]
			},
			"Rodney_ship_armor_normal": {
				"attachment": [
					{ "time": 0, "name": "Ship_armor_normal" },
					{ "time": 0.8666, "name": "Ship_armor_normal" },
					{ "time": 1.1666, "name": "Ship_armor_normal" }
				],
				"color": [
					{ "time": 0.0666, "color": "8c4c51ff", "curve": "stepped" },
					{ "time": 0.7666, "color": "8c4c51ff" },
					{ "time": 1.1333, "color": "ffffffff" }
				]
			},
			"gan": {
				"color": [
					{ "time": 0.0666, "color": "8c4c51ff", "curve": "stepped" },
					{ "time": 0.7666, "color": "8c4c51ff" },
					{ "time": 1.1333, "color": "ffffffff" }
				]
			},
			"leg": {
				"color": [
					{ "time": 0.0666, "color": "8c4c51ff", "curve": "stepped" },
					{ "time": 0.7666, "color": "8c4c51ff" },
					{ "time": 1.1333, "color": "ffffffff" }
				]
			},
			"leg_light": {
				"color": [
					{ "time": 0.5333, "color": "fffffffc" },
					{ "time": 0.7666, "color": "ffffff00" }
				]
			},
			"qun": {
				"color": [
					{ "time": 0.0666, "color": "8c4c51ff", "curve": "stepped" },
					{ "time": 0.7666, "color": "8c4c51ff" },
					{ "time": 1.1333, "color": "ffffffff" }
				]
			}
		},
		"bones": {
			"Root_All": {
				"rotate": [
					{ "time": 0, "angle": 0, "curve": "stepped" },
					{ "time": 1.1666, "angle": 0 }
				],
				"translate": [
					{
						"time": 0,
						"x": 0,
						"y": 0,
						"curve": [ 0.255, 0.35, 0.6, 0.7 ]
					},
					{ "time": 0.0666, "x": -27.67, "y": -23.16 },
					{ "time": 0.1333, "x": 20.98, "y": 15.35 },
					{ "time": 0.2333, "x": -19.78, "y": -15.62 },
					{ "time": 0.3666, "x": 14.36, "y": 8.59 },
					{ "time": 0.5666, "x": -3.37, "y": -4.5 },
					{ "time": 0.8666, "x": 5.63, "y": 2.25 },
					{ "time": 1.1666, "x": 0, "y": 0 }
				]
			},
			"Ship": {
				"rotate": [
					{
						"time": 0,
						"angle": 0,
						"curve": [ 0.219, 0.41, 0.591, 0.77 ]
					},
					{ "time": 0.0666, "angle": -354.41 },
					{ "time": 0.1333, "angle": -364.42 },
					{ "time": 0.2333, "angle": -358.04 },
					{ "time": 0.3666, "angle": -361.36 },
					{ "time": 1.1666, "angle": 0 }
				],
				"translate": [
					{
						"time": 0,
						"x": 0,
						"y": 0,
						"curve": [ 0.319, 0.33, 0.653, 0.66 ]
					},
					{ "time": 0.0666, "x": -8.62, "y": 6.59 },
					{ "time": 0.1333, "x": 11.98, "y": 1.46 },
					{ "time": 0.2333, "x": -10.15, "y": 4.07 },
					{ "time": 0.3666, "x": 11.21, "y": -3.86 },
					{ "time": 1.1666, "x": 0, "y": 0 }
				]
			},
			"Face": {
				"rotate": [
					{ "time": 0, "angle": 0, "curve": "stepped" },
					{ "time": 1.1666, "angle": 0 }
				],
				"translate": [
					{
						"time": 0,
						"x": 0,
						"y": 0,
						"curve": [ 0.286, 0.34, 0.623, 0.67 ]
					},
					{ "time": 0.0666, "x": -5.44, "y": 0 },
					{ "time": 0.1333, "x": -0.44, "y": 0 },
					{ "time": 0.2333, "x": -5.06, "y": 0 },
					{ "time": 0.3666, "x": -2.01, "y": 0 },
					{ "time": 1.1666, "x": 0, "y": 0 }
				]
			},
			"Ship_All": {
				"rotate": [
					{ "time": 0, "angle": 0, "curve": "stepped" },
					{ "time": 1.1666, "angle": 0 }
				],
				"translate": [
					{ "time": 0, "x": 0, "y": 0, "curve": "stepped" },
					{ "time": 1.1666, "x": 0, "y": 0 }
				]
			},
			"Body": {
				"rotate": [
					{ "time": 0, "angle": 0, "curve": "stepped" },
					{ "time": 1.1666, "angle": 0 }
				],
				"translate": [
					{ "time": 0, "x": 0, "y": 0, "curve": "stepped" },
					{ "time": 1.1666, "x": 0, "y": 0 }
				]
			},
			"Damage_Point": {
				"rotate": [
					{ "time": 0.0666, "angle": 0 }
				],
				"translate": [
					{ "time": 0.0666, "x": 0, "y": 0 }
				]
			},
			"BB": {
				"rotate": [
					{ "time": 0, "angle": 0, "curve": "stepped" },
					{ "time": 1.1666, "angle": 0 }
				],
				"translate": [
					{ "time": 0, "x": 0, "y": 0 },
					{ "time": 0.6, "x": 0.82, "y": 0 },
					{ "time": 1.1666, "x": 0, "y": 0 }
				]
			},
			"DL": {
				"rotate": [
					{ "time": 0, "angle": 0, "curve": "stepped" },
					{ "time": 1.1666, "angle": 0 }
				],
				"translate": [
					{ "time": 0, "x": 0, "y": 0, "curve": "stepped" },
					{ "time": 1.1666, "x": 0, "y": 0 }
				]
			},
			"Qun": {
				"rotate": [
					{ "time": 0, "angle": 0 },
					{ "time": 0.3333, "angle": 8.94 },
					{ "time": 0.8333, "angle": -10.72 },
					{ "time": 1.1666, "angle": 0 }
				],
				"translate": [
					{ "time": 0, "x": 0, "y": 0, "curve": "stepped" },
					{ "time": 1.1666, "x": 0, "y": 0 }
				]
			},
			"leg": {
				"rotate": [
					{ "time": 0, "angle": 0 },
					{ "time": 0.3333, "angle": 3.08 },
					{ "time": 0.8333, "angle": -2.36 },
					{ "time": 1.1666, "angle": 0 }
				],
				"translate": [
					{ "time": 0, "x": 0, "y": 0, "curve": "stepped" },
					{ "time": 1.1666, "x": 0, "y": 0 }
				]
			},
			"qun_3": {
				"rotate": [
					{ "time": 0, "angle": 0 },
					{ "time": 0.3333, "angle": 5.98 },
					{ "time": 0.8333, "angle": 7.16 },
					{ "time": 1.1666, "angle": 0 }
				],
				"translate": [
					{ "time": 0, "x": 0, "y": 0, "curve": "stepped" },
					{ "time": 1.1666, "x": 0, "y": 0 }
				]
			},
			"qun_2": {
				"rotate": [
					{ "time": 0, "angle": 0 },
					{ "time": 0.3333, "angle": 7.46 },
					{ "time": 0.8333, "angle": -3.03 },
					{ "time": 1.1666, "angle": 0 }
				],
				"translate": [
					{ "time": 0, "x": 0, "y": 0, "curve": "stepped" },
					{ "time": 1.1666, "x": 0, "y": 0 }
				]
			},
			"Light": {
				"rotate": [
					{ "time": 0, "angle": 0, "curve": "stepped" },
					{ "time": 1.1666, "angle": 0 }
				],
				"translate": [
					{ "time": 0, "x": 0, "y": 0, "curve": "stepped" },
					{ "time": 1.1666, "x": 0, "y": 0 }
				]
			},
			"light_6": {
				"rotate": [
					{ "time": 0, "angle": 0 },
					{ "time": 0.3333, "angle": -17.77 },
					{ "time": 0.6666, "angle": 0.19 },
					{ "time": 1.1666, "angle": 0 }
				],
				"translate": [
					{ "time": 0, "x": 0, "y": 0, "curve": "stepped" },
					{ "time": 1.1666, "x": 0, "y": 0 }
				]
			},
			"light_5": {
				"rotate": [
					{ "time": 0, "angle": 0 },
					{ "time": 0.3333, "angle": 7.11 },
					{ "time": 0.6666, "angle": -18.86 },
					{ "time": 1.1666, "angle": 0 }
				],
				"translate": [
					{ "time": 0, "x": 0, "y": 0, "curve": "stepped" },
					{ "time": 1.1666, "x": 0, "y": 0 }
				]
			},
			"light_4": {
				"rotate": [
					{ "time": 0, "angle": 0 },
					{ "time": 0.3333, "angle": 17.23 },
					{ "time": 0.6666, "angle": -1.32 },
					{ "time": 1.1666, "angle": 0 }
				],
				"translate": [
					{ "time": 0, "x": 0, "y": 0, "curve": "stepped" },
					{ "time": 1.1666, "x": 0, "y": 0 }
				]
			},
			"light_3": {
				"rotate": [
					{ "time": 0, "angle": 0 },
					{ "time": 0.3333, "angle": 15.45 },
					{ "time": 0.6666, "angle": -2.76 },
					{ "time": 1.1666, "angle": 0 }
				],
				"translate": [
					{ "time": 0, "x": 0, "y": 0, "curve": "stepped" },
					{ "time": 1.1666, "x": 0, "y": 0 }
				]
			},
			"light_2": {
				"rotate": [
					{ "time": 0, "angle": 0 },
					{ "time": 0.3333, "angle": 30.68 },
					{ "time": 0.6666, "angle": -17.08 },
					{ "time": 1.1666, "angle": 0 }
				],
				"translate": [
					{ "time": 0, "x": 0, "y": 0, "curve": "stepped" },
					{ "time": 1.1666, "x": 0, "y": 0 }
				]
			},
			"DL_4": {
				"rotate": [
					{ "time": 0, "angle": 0 },
					{ "time": 0.3333, "angle": 15.9 },
					{ "time": 0.8333, "angle": 2.26 },
					{ "time": 1.1666, "angle": 0 }
				],
				"translate": [
					{ "time": 0, "x": 0, "y": 0, "curve": "stepped" },
					{ "time": 1.1666, "x": 0, "y": 0 }
				]
			},
			"DL_3": {
				"rotate": [
					{ "time": 0, "angle": 0 },
					{ "time": 0.3333, "angle": 12.48 },
					{ "time": 0.8333, "angle": -14.47 },
					{ "time": 1.1666, "angle": 0 }
				],
				"translate": [
					{ "time": 0, "x": 0, "y": 0, "curve": "stepped" },
					{ "time": 1.1666, "x": 0, "y": 0 }
				]
			},
			"DL_2": {
				"rotate": [
					{ "time": 0, "angle": 0 },
					{ "time": 0.3333, "angle": 26.57 },
					{ "time": 0.8333, "angle": -3.99 },
					{ "time": 1.1666, "angle": 0 }
				],
				"translate": [
					{ "time": 0, "x": 0, "y": 0, "curve": "stepped" },
					{ "time": 1.1666, "x": 0, "y": 0 }
				]
			},
			"BB_R2": {
				"rotate": [
					{ "time": 0, "angle": 0 },
					{ "time": 0.8333, "angle": 2.69 },
					{ "time": 1.1666, "angle": 0 }
				],
				"translate": [
					{ "time": 0, "x": 0, "y": 0 },
					{ "time": 0.3333, "x": 1.01, "y": 1.36 },
					{ "time": 0.8333, "x": 2.85, "y": -0.02 },
					{ "time": 1.1666, "x": 0, "y": 0 }
				]
			},
			"BB_R1": {
				"rotate": [
					{ "time": 0, "angle": 0, "curve": "stepped" },
					{ "time": 1.1666, "angle": 0 }
				],
				"translate": [
					{ "time": 0, "x": 0, "y": 0 },
					{ "time": 0.3333, "x": 0.76, "y": -0.31 },
					{ "time": 0.8333, "x": 2.14, "y": 0 },
					{ "time": 1.1666, "x": 0, "y": 0 }
				]
			},
			"BB_L2": {
				"rotate": [
					{ "time": 0, "angle": 0 },
					{ "time": 0.8333, "angle": -5.61 },
					{ "time": 1.1666, "angle": 0 }
				],
				"translate": [
					{ "time": 0, "x": 0, "y": 0 },
					{ "time": 0.3333, "x": -0.25, "y": -1.68 },
					{ "time": 0.8333, "x": 1.48, "y": -2.23 },
					{ "time": 1.1666, "x": 0, "y": 0 }
				]
			},
			"BB_L1": {
				"rotate": [
					{ "time": 0, "angle": 0, "curve": "stepped" },
					{ "time": 1.1666, "angle": 0 }
				],
				"translate": [
					{ "time": 0, "x": 0, "y": 0 },
					{ "time": 0.3333, "x": -0.76, "y": 0.31 },
					{ "time": 0.8333, "x": 1.21, "y": -0.5 },
					{ "time": 1.1666, "x": 0, "y": 0 }
				]
			}
		},
		"events": [
			{ "time": 0.0666, "name": "damage_point" }
		]
	},
	"normal": {
		"slots": {
			"Light_Body": {
				"attachment": [
					{ "time": 0, "name": "Rodney_ship_body_normal_light" },
					{ "time": 0.5, "name": "Rodney_ship_body_normal_light" },
					{ "time": 1.2666, "name": "Rodney_ship_body_normal_light" },
					{ "time": 2, "name": null }
				],
				"color": [
					{ "time": 0, "color": "ffffff00" }
				]
			},
			"Rodney_body_normal": {
				"attachment": [
					{ "time": 0, "name": "Body_Change" }
				]
			},
			"Rodney_ship_armor_normal": {
				"attachment": [
					{ "time": 0, "name": "Ship_armor_normal" }
				]
			},
			"leg_light": {
				"color": [
					{ "time": 0, "color": "ffffff00" }
				]
			}
		},
		"bones": {
			"BB_R2": {
				"rotate": [
					{ "time": 0, "angle": 0, "curve": "stepped" },
					{ "time": 2, "angle": 0 }
				],
				"translate": [
					{ "time": 0, "x": 0, "y": 0 },
					{ "time": 0.5, "x": -1.51, "y": 0.63 },
					{ "time": 1.5, "x": 2.3, "y": -0.51 },
					{ "time": 2, "x": 0, "y": 0 }
				]
			},
			"DL_3": {
				"rotate": [
					{ "time": 0, "angle": 0 },
					{ "time": 0.5, "angle": -2.04 },
					{ "time": 1, "angle": 0 },
					{ "time": 1.5, "angle": 14.35 },
					{ "time": 2, "angle": 0 }
				],
				"translate": [
					{ "time": 0, "x": 0, "y": 0, "curve": "stepped" },
					{ "time": 1, "x": 0, "y": 0, "curve": "stepped" },
					{ "time": 2, "x": 0, "y": 0 }
				]
			},
			"BB": {
				"rotate": [
					{ "time": 0, "angle": 0, "curve": "stepped" },
					{ "time": 2, "angle": 0 }
				],
				"translate": [
					{ "time": 0, "x": 0, "y": 0 },
					{ "time": 1, "x": 1.25, "y": 0 },
					{ "time": 2, "x": 0, "y": 0 }
				]
			},
			"light_3": {
				"rotate": [
					{ "time": 0, "angle": 0 },
					{ "time": 0.5, "angle": -5.68 },
					{ "time": 1, "angle": 0, "curve": "stepped" },
					{ "time": 2, "angle": 0 }
				],
				"translate": [
					{ "time": 0, "x": 0, "y": 0, "curve": "stepped" },
					{ "time": 1, "x": 0, "y": 0, "curve": "stepped" },
					{ "time": 2, "x": 0, "y": 0 }
				]
			},
			"Body": {
				"rotate": [
					{ "time": 0, "angle": 0, "curve": "stepped" },
					{ "time": 2, "angle": 0 }
				],
				"translate": [
					{ "time": 0, "x": 0, "y": 0, "curve": "stepped" },
					{ "time": 2, "x": 0, "y": 0 }
				]
			},
			"qun_2": {
				"rotate": [
					{ "time": 0, "angle": 0 },
					{ "time": 0.5, "angle": 9.24 },
					{ "time": 1, "angle": 17.95 },
					{ "time": 2, "angle": 0 }
				],
				"translate": [
					{ "time": 0, "x": 0, "y": 0, "curve": "stepped" },
					{ "time": 2, "x": 0, "y": 0 }
				]
			},
			"leg": {
				"rotate": [
					{ "time": 0, "angle": 0 },
					{ "time": 1, "angle": 2.33 },
					{ "time": 2, "angle": 0 }
				],
				"translate": [
					{ "time": 0, "x": 0, "y": 0 },
					{ "time": 1, "x": 2.55, "y": 0 },
					{ "time": 2, "x": 0, "y": 0 }
				]
			},
			"DL": {
				"rotate": [
					{ "time": 0, "angle": 0, "curve": "stepped" },
					{ "time": 1, "angle": 0, "curve": "stepped" },
					{ "time": 2, "angle": 0 }
				],
				"translate": [
					{ "time": 0, "x": 0, "y": 0, "curve": "stepped" },
					{ "time": 1, "x": 0, "y": 0, "curve": "stepped" },
					{ "time": 2, "x": 0, "y": 0 }
				]
			},
			"BB_R1": {
				"rotate": [
					{ "time": 0, "angle": 0, "curve": "stepped" },
					{ "time": 2, "angle": 0 }
				],
				"translate": [
					{ "time": 0, "x": 0, "y": 0 },
					{ "time": 0.5, "x": -0.03, "y": -2.21 },
					{ "time": 1.5, "x": 2.2, "y": -0.76 },
					{ "time": 2, "x": 0, "y": 0 }
				]
			},
			"Ship": {
				"rotate": [
					{ "time": 0, "angle": 0, "curve": "stepped" },
					{ "time": 2, "angle": 0 }
				],
				"translate": [
					{
						"time": 0,
						"x": 0,
						"y": 0,
						"curve": [ 0.319, 0.33, 0.653, 0.66 ]
					},
					{
						"time": 0.5,
						"x": 1.79,
						"y": 0,
						"curve": [ 0.289, 0.43, 0.622, 0.73 ]
					},
					{
						"time": 1.5,
						"x": -2.75,
						"y": 0,
						"curve": [ 0.487, 0.33, 0.657, 0.5 ]
					},
					{ "time": 2, "x": 0, "y": 0 }
				]
			},
			"light_6": {
				"rotate": [
					{ "time": 0, "angle": 0 },
					{ "time": 0.5, "angle": -7.95 },
					{ "time": 1, "angle": 0 },
					{ "time": 1.5, "angle": 9.67 },
					{ "time": 2, "angle": 0 }
				],
				"translate": [
					{ "time": 0, "x": 0, "y": 0, "curve": "stepped" },
					{ "time": 1, "x": 0, "y": 0, "curve": "stepped" },
					{ "time": 2, "x": 0, "y": 0 }
				]
			},
			"DL_2": {
				"rotate": [
					{ "time": 0, "angle": 0 },
					{ "time": 0.5, "angle": -14.74 },
					{ "time": 1, "angle": 0 },
					{ "time": 1.5, "angle": 22.84 },
					{ "time": 2, "angle": 0 }
				],
				"translate": [
					{ "time": 0, "x": 0, "y": 0, "curve": "stepped" },
					{ "time": 1, "x": 0, "y": 0, "curve": "stepped" },
					{ "time": 2, "x": 0, "y": 0 }
				]
			},
			"Root_All": {
				"rotate": [
					{ "time": 0, "angle": 0, "curve": "stepped" },
					{ "time": 2, "angle": 0 }
				],
				"translate": [
					{
						"time": 0,
						"x": 0,
						"y": 0,
						"curve": [ 0.255, 0.35, 0.6, 0.7 ]
					},
					{
						"time": 0.5,
						"x": 0,
						"y": -9.82,
						"curve": [ 0.3, 0.39, 0.641, 0.74 ]
					},
					{
						"time": 1,
						"x": 0,
						"y": -15.66,
						"curve": [ 0.322, 0.37, 0.652, 0.7 ]
					},
					{
						"time": 1.5,
						"x": 0,
						"y": -7.79,
						"curve": [ 0.314, 0.36, 0.644, 0.68 ]
					},
					{ "time": 2, "x": 0, "y": 0 }
				]
			},
			"Face": {
				"rotate": [
					{ "time": 0, "angle": 0, "curve": "stepped" },
					{ "time": 2, "angle": 0 }
				],
				"translate": [
					{
						"time": 0,
						"x": 0,
						"y": 0,
						"curve": [ 0.286, 0.34, 0.623, 0.67 ]
					},
					{
						"time": 0.5,
						"x": 0.64,
						"y": 0,
						"curve": [ 0.282, 0.37, 0.624, 0.71 ]
					},
					{
						"time": 1.5,
						"x": -1.28,
						"y": 0,
						"curve": [ 0.321, 0.37, 0.656, 0.71 ]
					},
					{ "time": 2, "x": 0, "y": 0 }
				]
			},
			"Light": {
				"rotate": [
					{ "time": 0, "angle": 0, "curve": "stepped" },
					{ "time": 1, "angle": 0, "curve": "stepped" },
					{ "time": 2, "angle": 0 }
				],
				"translate": [
					{ "time": 0, "x": 0, "y": 0, "curve": "stepped" },
					{ "time": 1, "x": 0, "y": 0, "curve": "stepped" },
					{ "time": 2, "x": 0, "y": 0 }
				]
			},
			"Ship_All": {
				"rotate": [
					{ "time": 0, "angle": 0, "curve": "stepped" },
					{ "time": 2, "angle": 0 }
				],
				"translate": [
					{ "time": 0, "x": 0, "y": 0, "curve": "stepped" },
					{ "time": 2, "x": 0, "y": 0 }
				]
			},
			"light_4": {
				"rotate": [
					{ "time": 0, "angle": 0 },
					{ "time": 0.5, "angle": -8.82 },
					{ "time": 1, "angle": 0 },
					{ "time": 1.5, "angle": 11.06 },
					{ "time": 2, "angle": 0 }
				],
				"translate": [
					{ "time": 0, "x": 0, "y": 0, "curve": "stepped" },
					{ "time": 1, "x": 0, "y": 0, "curve": "stepped" },
					{ "time": 2, "x": 0, "y": 0 }
				]
			},
			"Qun": {
				"rotate": [
					{ "time": 0, "angle": 0 },
					{ "time": 0.5, "angle": 2.85 },
					{ "time": 1, "angle": 11.55 },
					{ "time": 2, "angle": 0 }
				],
				"translate": [
					{ "time": 0, "x": 0, "y": 0, "curve": "stepped" },
					{ "time": 2, "x": 0, "y": 0 }
				]
			},
			"DL_4": {
				"rotate": [
					{ "time": 0, "angle": 0 },
					{ "time": 0.5, "angle": 0.32 },
					{ "time": 1, "angle": 0 },
					{ "time": 1.5, "angle": 21.99 },
					{ "time": 2, "angle": 0 }
				],
				"translate": [
					{ "time": 0, "x": 0, "y": 0, "curve": "stepped" },
					{ "time": 1, "x": 0, "y": 0, "curve": "stepped" },
					{ "time": 2, "x": 0, "y": 0 }
				]
			},
			"BB_L2": {
				"rotate": [
					{ "time": 0, "angle": 0, "curve": "stepped" },
					{ "time": 2, "angle": 0 }
				],
				"translate": [
					{ "time": 0, "x": 0, "y": 0 },
					{ "time": 0.5, "x": -1.61, "y": -0.66 },
					{ "time": 1.5, "x": 1.64, "y": -2.46 },
					{ "time": 2, "x": 0, "y": 0 }
				]
			},
			"qun_3": {
				"rotate": [
					{ "time": 0, "angle": 0 },
					{ "time": 0.5, "angle": 8.94 },
					{ "time": 1, "angle": 0.55 },
					{ "time": 2, "angle": 0 }
				],
				"translate": [
					{ "time": 0, "x": 0, "y": 0 },
					{ "time": 0.5, "x": 5.8, "y": -0.98 },
					{ "time": 2, "x": 0, "y": 0 }
				]
			},
			"light_2": {
				"rotate": [
					{ "time": 0, "angle": 0 },
					{ "time": 0.5, "angle": -21.54 },
					{ "time": 1, "angle": 0 },
					{ "time": 1.5, "angle": 21.46 },
					{ "time": 2, "angle": 0 }
				],
				"translate": [
					{ "time": 0, "x": 0, "y": 0, "curve": "stepped" },
					{ "time": 1, "x": 0, "y": 0, "curve": "stepped" },
					{ "time": 2, "x": 0, "y": 0 }
				]
			},
			"light_5": {
				"rotate": [
					{ "time": 0, "angle": 0 },
					{ "time": 0.5, "angle": -1.32 },
					{ "time": 1, "angle": 0 },
					{ "time": 1.5, "angle": 9.49 },
					{ "time": 2, "angle": 0 }
				],
				"translate": [
					{ "time": 0, "x": 0, "y": 0, "curve": "stepped" },
					{ "time": 1, "x": 0, "y": 0, "curve": "stepped" },
					{ "time": 2, "x": 0, "y": 0 }
				]
			},
			"BB_L1": {
				"rotate": [
					{ "time": 0, "angle": 0, "curve": "stepped" },
					{ "time": 2, "angle": 0 }
				],
				"translate": [
					{ "time": 0, "x": 0, "y": 0 },
					{ "time": 0.5, "x": -0.75, "y": 0.31 },
					{ "time": 1.5, "x": 1.26, "y": -0.52 },
					{ "time": 2, "x": 0, "y": 0 }
				]
			}
		}
	},
	"throw": {
		"slots": {
			"Light_Body": {
				"attachment": [
					{ "time": 0, "name": null }
				]
			},
			"Rodney_body_normal": {
				"attachment": [
					{ "time": 0, "name": "Body_Change" }
				]
			},
			"Rodney_ship_armor_normal": {
				"attachment": [
					{ "time": 0, "name": "Ship_armor_normal" },
					{ "time": 1.3333, "name": "Ship_armor_normal" }
				]
			},
			"leg_light": {
				"attachment": [
					{ "time": 0, "name": null }
				]
			}
		},
		"bones": {
			"Face": {
				"rotate": [
					{ "time": 0, "angle": 0, "curve": "stepped" },
					{ "time": 1.3333, "angle": 0 }
				],
				"translate": [
					{
						"time": 0,
						"x": 0,
						"y": 0,
						"curve": [ 0.286, 0.34, 0.623, 0.67 ]
					},
					{ "time": 0.3333, "x": 0, "y": -0.7 },
					{ "time": 0.5666, "x": 0, "y": 0.14 },
					{ "time": 1.3333, "x": 0, "y": 0 }
				]
			},
			"Root_All": {
				"rotate": [
					{ "time": 0, "angle": 0, "curve": "stepped" },
					{ "time": 1.3333, "angle": 0 }
				],
				"translate": [
					{
						"time": 0,
						"x": 0,
						"y": 0,
						"curve": [ 0.255, 0.35, 0.6, 0.7 ]
					},
					{ "time": 0.6333, "x": -66.66, "y": 0 },
					{ "time": 0.9666, "x": -10.42, "y": -12.42 },
					{ "time": 1.3333, "x": 0, "y": 0 }
				]
			},
			"Ship": {
				"rotate": [
					{
						"time": 0,
						"angle": 0,
						"curve": [ 0.219, 0.41, 0.591, 0.77 ]
					},
					{ "time": 0.3333, "angle": -358.17 },
					{ "time": 0.5666, "angle": -359.21 },
					{ "time": 0.6333, "angle": -363.41 },
					{ "time": 0.7333, "angle": -366.44 },
					{ "time": 0.9666, "angle": -356.42 },
					{ "time": 1.1666, "angle": -361.45 },
					{ "time": 1.3333, "angle": 0 }
				],
				"translate": [
					{
						"time": 0,
						"x": 0,
						"y": 0,
						"curve": [ 0.319, 0.33, 0.653, 0.66 ]
					},
					{ "time": 0.3333, "x": -0.7, "y": -1.37 },
					{ "time": 0.5666, "x": 0, "y": 0.77 },
					{ "time": 0.6333, "x": 1.43, "y": 1.35 },
					{ "time": 0.7333, "x": -0.38, "y": 0.95 },
					{ "time": 0.9666, "x": -0.19, "y": -2.63 },
					{ "time": 1.3333, "x": 0, "y": 0 }
				]
			},
			"Body": {
				"rotate": [
					{
						"time": 0,
						"angle": 0,
						"curve": [ 0.219, 0.41, 0.591, 0.77 ]
					},
					{
						"time": 0.6333,
						"angle": -3.17,
						"curve": [ 0.32, 0.36, 0.653, 0.69 ]
					},
					{
						"time": 0.7333,
						"angle": 0.61,
						"curve": [ 0.319, 0.37, 0.652, 0.7 ]
					},
					{
						"time": 0.9666,
						"angle": -1.72,
						"curve": [ 0.32, 0.38, 0.654, 0.71 ]
					},
					{ "time": 1.3333, "angle": 0 }
				],
				"translate": [
					{
						"time": 0,
						"x": 0,
						"y": 0,
						"curve": [ 0.219, 0.41, 0.591, 0.77 ]
					},
					{
						"time": 0.3333,
						"x": -15.86,
						"y": 0,
						"curve": [ 0.193, 0.39, 0.58, 0.9 ]
					},
					{
						"time": 0.5666,
						"x": -19.36,
						"y": 0,
						"curve": [ 0.142, 0.42, 0.647, 0.94 ]
					},
					{ "time": 0.6333, "x": 92.18, "y": -6.3 },
					{ "time": 0.7333, "x": 111.33, "y": 0 },
					{ "time": 1.3333, "x": 0, "y": 0 }
				]
			},
			"Ship_All": {
				"rotate": [
					{ "time": 0, "angle": 0, "curve": "stepped" },
					{ "time": 1.3333, "angle": 0 }
				],
				"translate": [
					{ "time": 0, "x": 0, "y": 0, "curve": "stepped" },
					{ "time": 1.3333, "x": 0, "y": 0 }
				]
			},
			"Throw_Point": {
				"rotate": [
					{ "time": 0.6333, "angle": 0 }
				],
				"translate": [
					{ "time": 0.6333, "x": 0, "y": 0 }
				]
			},
			"leg": {
				"rotate": [
					{ "time": 0, "angle": 0 },
					{ "time": 0.6666, "angle": -5.36 },
					{ "time": 1, "angle": 3.31 },
					{ "time": 1.3333, "angle": 0 }
				],
				"translate": [
					{ "time": 0, "x": 0, "y": 0 },
					{ "time": 0.6666, "x": 0.69, "y": -0.65 },
					{ "time": 1.3333, "x": 0, "y": 0 }
				]
			},
			"Qun": {
				"rotate": [
					{ "time": 0, "angle": 0 },
					{ "time": 0.6666, "angle": -19.93 },
					{ "time": 1, "angle": -1.53 },
					{ "time": 1.3333, "angle": 0 }
				],
				"translate": [
					{ "time": 0, "x": 0, "y": 0, "curve": "stepped" },
					{ "time": 1.3333, "x": 0, "y": 0 }
				]
			},
			"qun_3": {
				"rotate": [
					{ "time": 0, "angle": 0 },
					{ "time": 0.6666, "angle": 8.38 },
					{ "time": 1, "angle": 3.68 },
					{ "time": 1.3333, "angle": 0 }
				],
				"translate": [
					{ "time": 0, "x": 0, "y": 0, "curve": "stepped" },
					{ "time": 1.3333, "x": 0, "y": 0 }
				]
			},
			"qun_2": {
				"rotate": [
					{ "time": 0, "angle": 0, "curve": "stepped" },
					{ "time": 0.6666, "angle": 0 },
					{ "time": 1, "angle": 6.35 },
					{ "time": 1.3333, "angle": 0 }
				],
				"translate": [
					{ "time": 0, "x": 0, "y": 0, "curve": "stepped" },
					{ "time": 1.3333, "x": 0, "y": 0 }
				]
			},
			"Light": {
				"rotate": [
					{ "time": 0, "angle": 0, "curve": "stepped" },
					{ "time": 1.3333, "angle": 0 }
				],
				"translate": [
					{ "time": 0, "x": 0, "y": 0, "curve": "stepped" },
					{ "time": 1.3333, "x": 0, "y": 0 }
				]
			},
			"light_6": {
				"rotate": [
					{ "time": 0, "angle": 0 },
					{ "time": 0.6666, "angle": -4.8 },
					{ "time": 1, "angle": 10.22 },
					{ "time": 1.3333, "angle": 0 }
				],
				"translate": [
					{ "time": 1.3333, "x": 0, "y": 0 }
				]
			},
			"light_5": {
				"rotate": [
					{ "time": 0, "angle": 0 },
					{ "time": 0.6666, "angle": -6.24 },
					{ "time": 1, "angle": 11.42 },
					{ "time": 1.3333, "angle": 0 }
				],
				"translate": [
					{ "time": 1.3333, "x": 0, "y": 0 }
				]
			},
			"light_4": {
				"rotate": [
					{ "time": 0, "angle": 0 },
					{ "time": 0.6666, "angle": -8.21 },
					{ "time": 1, "angle": 13.09 },
					{ "time": 1.3333, "angle": 0 }
				],
				"translate": [
					{ "time": 1.3333, "x": 0, "y": 0 }
				]
			},
			"light_3": {
				"rotate": [
					{ "time": 0, "angle": 0 },
					{ "time": 0.6666, "angle": -11.17 },
					{ "time": 1, "angle": 8.83 },
					{ "time": 1.3333, "angle": 0 }
				],
				"translate": [
					{ "time": 1.3333, "x": 0, "y": 0 }
				]
			},
			"light_2": {
				"rotate": [
					{ "time": 0, "angle": 0 },
					{ "time": 0.6666, "angle": -28.01 },
					{ "time": 1, "angle": 4.97 },
					{ "time": 1.3333, "angle": 0 }
				],
				"translate": [
					{ "time": 1.3333, "x": 0, "y": 0 }
				]
			},
			"DL": {
				"rotate": [
					{ "time": 0, "angle": 0, "curve": "stepped" },
					{ "time": 1.3333, "angle": 0 }
				],
				"translate": [
					{ "time": 0, "x": 0, "y": 0, "curve": "stepped" },
					{ "time": 1.3333, "x": 0, "y": 0 }
				]
			},
			"DL_4": {
				"rotate": [
					{ "time": 0, "angle": 0 },
					{ "time": 0.6666, "angle": -19.48 },
					{ "time": 1, "angle": 15.65 },
					{ "time": 1.3333, "angle": 0 }
				],
				"translate": [
					{ "time": 0, "x": 0, "y": 0, "curve": "stepped" },
					{ "time": 1.3333, "x": 0, "y": 0 }
				]
			},
			"DL_3": {
				"rotate": [
					{ "time": 0, "angle": 0 },
					{ "time": 0.6666, "angle": -16.04 },
					{ "time": 1, "angle": 8.12 },
					{ "time": 1.3333, "angle": 0 }
				],
				"translate": [
					{ "time": 0, "x": 0, "y": 0, "curve": "stepped" },
					{ "time": 1.3333, "x": 0, "y": 0 }
				]
			},
			"DL_2": {
				"rotate": [
					{ "time": 0, "angle": 0 },
					{ "time": 0.6666, "angle": -20.61 },
					{ "time": 1, "angle": 4.99 },
					{ "time": 1.3333, "angle": 0 }
				],
				"translate": [
					{ "time": 0, "x": 0, "y": 0, "curve": "stepped" },
					{ "time": 1.3333, "x": 0, "y": 0 }
				]
			},
			"BB": {
				"rotate": [
					{ "time": 0, "angle": 0, "curve": "stepped" },
					{ "time": 1.3333, "angle": 0 }
				],
				"translate": [
					{ "time": 0, "x": 0, "y": 0, "curve": "stepped" },
					{ "time": 1.3333, "x": 0, "y": 0 }
				]
			},
			"BB_R2": {
				"rotate": [
					{ "time": 0, "angle": 0 },
					{ "time": 0.3333, "angle": 4.53 },
					{ "time": 0.6666, "angle": -0.25 },
					{ "time": 1, "angle": 4.53 },
					{ "time": 1.3333, "angle": 0 }
				],
				"translate": [
					{ "time": 0, "x": 0, "y": 0 },
					{ "time": 0.3333, "x": 0.78, "y": -1.04 },
					{ "time": 0.6666, "x": -1.32, "y": -0.37 },
					{ "time": 1, "x": 0.78, "y": -1.04 },
					{ "time": 1.3333, "x": 0, "y": 0 }
				]
			},
			"BB_R1": {
				"rotate": [
					{ "time": 0, "angle": 0, "curve": "stepped" },
					{ "time": 1.3333, "angle": 0 }
				],
				"translate": [
					{ "time": 0, "x": 0, "y": 0 },
					{ "time": 0.3333, "x": 2.01, "y": 0.25 },
					{ "time": 0.6666, "x": -0.15, "y": 0.35 },
					{ "time": 1, "x": 2.01, "y": 0.25 },
					{ "time": 1.3333, "x": 0, "y": 0 }
				]
			},
			"BB_L2": {
				"rotate": [
					{ "time": 0, "angle": 0 },
					{ "time": 0.3333, "angle": -4.01 },
					{ "time": 0.6666, "angle": 3.76 },
					{ "time": 1, "angle": -4.01 },
					{ "time": 1.3333, "angle": 0 }
				],
				"translate": [
					{ "time": 0, "x": 0, "y": 0 },
					{ "time": 0.3333, "x": 0.08, "y": -2.83 },
					{ "time": 0.6666, "x": -1.32, "y": -0.38 },
					{ "time": 1, "x": 0.08, "y": -2.83 },
					{ "time": 1.3333, "x": 0, "y": 0 }
				]
			},
			"BB_L1": {
				"rotate": [
					{ "time": 0, "angle": 0, "curve": "stepped" },
					{ "time": 1.3333, "angle": 0 }
				],
				"translate": [
					{ "time": 0, "x": 0, "y": 0 },
					{ "time": 0.3333, "x": 0.6, "y": -1.11 },
					{ "time": 0.6666, "x": -0.77, "y": 0.29 },
					{ "time": 1, "x": 0.6, "y": -1.11 },
					{ "time": 1.3333, "x": 0, "y": 0 }
				]
			}
		},
		"events": [
			{ "time": 0.5666, "name": "throw_point" }
		]
	},
	"wreck": {
		"slots": {
			"Light_Body": {
				"attachment": [
					{ "time": 0, "name": "Rodney_ship_body_normal_light" },
					{ "time": 0.5, "name": "Rodney_ship_body_normal_light" },
					{ "time": 1.2666, "name": "Rodney_ship_body_normal_light" },
					{ "time": 2, "name": null }
				],
				"color": [
					{ "time": 0, "color": "ffffff00" }
				]
			},
			"Rodney_body_normal": {
				"attachment": [
					{ "time": 0, "name": "Body_Change" }
				]
			},
			"Rodney_eyes_normal": {
				"attachment": [
					{ "time": 0, "name": "Rodney_eyes_damage" }
				]
			},
			"Rodney_ship_armor_normal": {
				"attachment": [
					{ "time": 0, "name": "Ship_armor_normal" }
				]
			},
			"leg_light": {
				"color": [
					{ "time": 0, "color": "ffffff00" }
				]
			}
		},
		"bones": {
			"light_2": {
				"rotate": [
					{ "time": 0, "angle": 0 },
					{ "time": 0.5, "angle": -21.54 },
					{ "time": 1, "angle": 0 },
					{ "time": 1.5, "angle": 21.46 },
					{ "time": 2, "angle": 0 }
				],
				"translate": [
					{ "time": 0, "x": 0, "y": 0, "curve": "stepped" },
					{ "time": 1, "x": 0, "y": 0, "curve": "stepped" },
					{ "time": 2, "x": 0, "y": 0 }
				]
			},
			"qun_2": {
				"rotate": [
					{ "time": 0, "angle": 0 },
					{ "time": 0.5, "angle": 9.24 },
					{ "time": 1, "angle": 17.95 },
					{ "time": 2, "angle": 0 }
				],
				"translate": [
					{ "time": 0, "x": 0, "y": 0, "curve": "stepped" },
					{ "time": 2, "x": 0, "y": 0 }
				]
			},
			"light_4": {
				"rotate": [
					{ "time": 0, "angle": 0 },
					{ "time": 0.5, "angle": -8.82 },
					{ "time": 1, "angle": 0 },
					{ "time": 1.5, "angle": 11.06 },
					{ "time": 2, "angle": 0 }
				],
				"translate": [
					{ "time": 0, "x": 0, "y": 0, "curve": "stepped" },
					{ "time": 1, "x": 0, "y": 0, "curve": "stepped" },
					{ "time": 2, "x": 0, "y": 0 }
				]
			},
			"Root_All": {
				"rotate": [
					{ "time": 0, "angle": 0, "curve": "stepped" },
					{ "time": 2, "angle": 0 }
				],
				"translate": [
					{
						"time": 0,
						"x": 0,
						"y": 0,
						"curve": [ 0.255, 0.35, 0.6, 0.7 ]
					},
					{
						"time": 0.5,
						"x": 0,
						"y": -9.82,
						"curve": [ 0.3, 0.39, 0.641, 0.74 ]
					},
					{
						"time": 1,
						"x": 0,
						"y": -15.66,
						"curve": [ 0.322, 0.37, 0.652, 0.7 ]
					},
					{
						"time": 1.5,
						"x": 0,
						"y": -7.79,
						"curve": [ 0.314, 0.36, 0.644, 0.68 ]
					},
					{ "time": 2, "x": 0, "y": 0 }
				]
			},
			"DL_4": {
				"rotate": [
					{ "time": 0, "angle": 0 },
					{ "time": 0.5, "angle": 0.32 },
					{ "time": 1, "angle": 0 },
					{ "time": 1.5, "angle": 21.99 },
					{ "time": 2, "angle": 0 }
				],
				"translate": [
					{ "time": 0, "x": 0, "y": 0, "curve": "stepped" },
					{ "time": 1, "x": 0, "y": 0, "curve": "stepped" },
					{ "time": 2, "x": 0, "y": 0 }
				]
			},
			"DL_2": {
				"rotate": [
					{ "time": 0, "angle": 0 },
					{ "time": 0.5, "angle": -14.74 },
					{ "time": 1, "angle": 0 },
					{ "time": 1.5, "angle": 22.84 },
					{ "time": 2, "angle": 0 }
				],
				"translate": [
					{ "time": 0, "x": 0, "y": 0, "curve": "stepped" },
					{ "time": 1, "x": 0, "y": 0, "curve": "stepped" },
					{ "time": 2, "x": 0, "y": 0 }
				]
			},
			"Body": {
				"rotate": [
					{ "time": 0, "angle": 0, "curve": "stepped" },
					{ "time": 2, "angle": 0 }
				],
				"translate": [
					{ "time": 0, "x": 0, "y": 0, "curve": "stepped" },
					{ "time": 2, "x": 0, "y": 0 }
				]
			},
			"Face": {
				"rotate": [
					{ "time": 0, "angle": 0, "curve": "stepped" },
					{ "time": 2, "angle": 0 }
				],
				"translate": [
					{
						"time": 0,
						"x": 0,
						"y": 0,
						"curve": [ 0.286, 0.34, 0.623, 0.67 ]
					},
					{
						"time": 0.5,
						"x": 0.64,
						"y": 0,
						"curve": [ 0.282, 0.37, 0.624, 0.71 ]
					},
					{
						"time": 1.5,
						"x": -1.28,
						"y": 0,
						"curve": [ 0.321, 0.37, 0.656, 0.71 ]
					},
					{ "time": 2, "x": 0, "y": 0 }
				]
			},
			"light_6": {
				"rotate": [
					{ "time": 0, "angle": 0 },
					{ "time": 0.5, "angle": -7.95 },
					{ "time": 1, "angle": 0 },
					{ "time": 1.5, "angle": 9.67 },
					{ "time": 2, "angle": 0 }
				],
				"translate": [
					{ "time": 0, "x": 0, "y": 0, "curve": "stepped" },
					{ "time": 1, "x": 0, "y": 0, "curve": "stepped" },
					{ "time": 2, "x": 0, "y": 0 }
				]
			},
			"Qun": {
				"rotate": [
					{ "time": 0, "angle": 0 },
					{ "time": 0.5, "angle": 2.85 },
					{ "time": 1, "angle": 11.55 },
					{ "time": 2, "angle": 0 }
				],
				"translate": [
					{ "time": 0, "x": 0, "y": 0, "curve": "stepped" },
					{ "time": 2, "x": 0, "y": 0 }
				]
			},
			"BB_L1": {
				"rotate": [
					{ "time": 0, "angle": 0, "curve": "stepped" },
					{ "time": 2, "angle": 0 }
				],
				"translate": [
					{ "time": 0, "x": 0, "y": 0 },
					{ "time": 0.5, "x": -0.75, "y": 0.31 },
					{ "time": 1.5, "x": 1.26, "y": -0.52 },
					{ "time": 2, "x": 0, "y": 0 }
				]
			},
			"DL": {
				"rotate": [
					{ "time": 0, "angle": 0, "curve": "stepped" },
					{ "time": 1, "angle": 0, "curve": "stepped" },
					{ "time": 2, "angle": 0 }
				],
				"translate": [
					{ "time": 0, "x": 0, "y": 0, "curve": "stepped" },
					{ "time": 1, "x": 0, "y": 0, "curve": "stepped" },
					{ "time": 2, "x": 0, "y": 0 }
				]
			},
			"DL_3": {
				"rotate": [
					{ "time": 0, "angle": 0 },
					{ "time": 0.5, "angle": -2.04 },
					{ "time": 1, "angle": 0 },
					{ "time": 1.5, "angle": 14.35 },
					{ "time": 2, "angle": 0 }
				],
				"translate": [
					{ "time": 0, "x": 0, "y": 0, "curve": "stepped" },
					{ "time": 1, "x": 0, "y": 0, "curve": "stepped" },
					{ "time": 2, "x": 0, "y": 0 }
				]
			},
			"light_5": {
				"rotate": [
					{ "time": 0, "angle": 0 },
					{ "time": 0.5, "angle": -1.32 },
					{ "time": 1, "angle": 0 },
					{ "time": 1.5, "angle": 9.49 },
					{ "time": 2, "angle": 0 }
				],
				"translate": [
					{ "time": 0, "x": 0, "y": 0, "curve": "stepped" },
					{ "time": 1, "x": 0, "y": 0, "curve": "stepped" },
					{ "time": 2, "x": 0, "y": 0 }
				]
			},
			"light_3": {
				"rotate": [
					{ "time": 0, "angle": 0 },
					{ "time": 0.5, "angle": -5.68 },
					{ "time": 1, "angle": 0, "curve": "stepped" },
					{ "time": 2, "angle": 0 }
				],
				"translate": [
					{ "time": 0, "x": 0, "y": 0, "curve": "stepped" },
					{ "time": 1, "x": 0, "y": 0, "curve": "stepped" },
					{ "time": 2, "x": 0, "y": 0 }
				]
			},
			"qun_3": {
				"rotate": [
					{ "time": 0, "angle": 0 },
					{ "time": 0.5, "angle": 8.94 },
					{ "time": 1, "angle": 0.55 },
					{ "time": 2, "angle": 0 }
				],
				"translate": [
					{ "time": 0, "x": 0, "y": 0 },
					{ "time": 0.5, "x": 5.8, "y": -0.98 },
					{ "time": 2, "x": 0, "y": 0 }
				]
			},
			"BB_R1": {
				"rotate": [
					{ "time": 0, "angle": 0, "curve": "stepped" },
					{ "time": 2, "angle": 0 }
				],
				"translate": [
					{ "time": 0, "x": 0, "y": 0 },
					{ "time": 0.5, "x": -0.03, "y": -2.21 },
					{ "time": 1.5, "x": 2.2, "y": -0.76 },
					{ "time": 2, "x": 0, "y": 0 }
				]
			},
			"Light": {
				"rotate": [
					{ "time": 0, "angle": 0, "curve": "stepped" },
					{ "time": 1, "angle": 0, "curve": "stepped" },
					{ "time": 2, "angle": 0 }
				],
				"translate": [
					{ "time": 0, "x": 0, "y": 0, "curve": "stepped" },
					{ "time": 1, "x": 0, "y": 0, "curve": "stepped" },
					{ "time": 2, "x": 0, "y": 0 }
				]
			},
			"Ship": {
				"rotate": [
					{ "time": 0, "angle": 0, "curve": "stepped" },
					{ "time": 2, "angle": 0 }
				],
				"translate": [
					{
						"time": 0,
						"x": 0,
						"y": 0,
						"curve": [ 0.319, 0.33, 0.653, 0.66 ]
					},
					{
						"time": 0.5,
						"x": 1.79,
						"y": 0,
						"curve": [ 0.289, 0.43, 0.622, 0.73 ]
					},
					{
						"time": 1.5,
						"x": -2.75,
						"y": 0,
						"curve": [ 0.487, 0.33, 0.657, 0.5 ]
					},
					{ "time": 2, "x": 0, "y": 0 }
				]
			},
			"leg": {
				"rotate": [
					{ "time": 0, "angle": 0 },
					{ "time": 1, "angle": 2.33 },
					{ "time": 2, "angle": 0 }
				],
				"translate": [
					{ "time": 0, "x": 0, "y": 0 },
					{ "time": 1, "x": 2.55, "y": 0 },
					{ "time": 2, "x": 0, "y": 0 }
				]
			},
			"BB_L2": {
				"rotate": [
					{ "time": 0, "angle": 0, "curve": "stepped" },
					{ "time": 2, "angle": 0 }
				],
				"translate": [
					{ "time": 0, "x": 0, "y": 0 },
					{ "time": 0.5, "x": -1.61, "y": -0.66 },
					{ "time": 1.5, "x": 1.64, "y": -2.46 },
					{ "time": 2, "x": 0, "y": 0 }
				]
			},
			"Ship_All": {
				"rotate": [
					{ "time": 0, "angle": 0, "curve": "stepped" },
					{ "time": 2, "angle": 0 }
				],
				"translate": [
					{ "time": 0, "x": 0, "y": 0, "curve": "stepped" },
					{ "time": 2, "x": 0, "y": 0 }
				]
			},
			"BB_R2": {
				"rotate": [
					{ "time": 0, "angle": 0, "curve": "stepped" },
					{ "time": 2, "angle": 0 }
				],
				"translate": [
					{ "time": 0, "x": 0, "y": 0 },
					{ "time": 0.5, "x": -1.51, "y": 0.63 },
					{ "time": 1.5, "x": 2.3, "y": -0.51 },
					{ "time": 2, "x": 0, "y": 0 }
				]
			},
			"BB": {
				"rotate": [
					{ "time": 0, "angle": 0, "curve": "stepped" },
					{ "time": 2, "angle": 0 }
				],
				"translate": [
					{ "time": 0, "x": 0, "y": 0 },
					{ "time": 1, "x": 1.25, "y": 0 },
					{ "time": 2, "x": 0, "y": 0 }
				]
			}
		}
	}
}
}