{
"skeleton": { "hash": "iUHoJ1UMv3VfyJWhS+gU0baemak", "spine": "2.1.27", "width": 304.35, "height": 306.15, "images": "" },
"bones": [
	{ "name": "Root_All", "x": 9.22, "y": 11.06, "scaleX": 1.01, "scaleY": 1.01 },
	{ "name": "Ship_All", "parent": "Root_All", "x": 8.34, "y": -37.53 },
	{ "name": "Body", "parent": "Ship_All", "length": 255.84, "x": -9.73, "y": 19.15, "rotation": 90 },
	{ "name": "Antiaircraft", "parent": "Body", "length": 44.62, "x": 198.83, "y": -52.62, "rotation": -90 },
	{ "name": "Attack_Point", "parent": "Body", "length": 25.69, "x": 102, "y": -20.22, "rotation": -88.64 },
	{ "name": "Damage_Point", "parent": "Body", "length": 22.56, "x": 111.14, "y": 13.79, "rotation": -90 },
	{ "name": "Dialogue", "parent": "Body", "length": 57.85, "x": 200.07, "y": -49.65, "rotation": -90 },
	{ "name": "Expression", "parent": "Body", "length": 46.33, "x": 207.01, "y": -51.84, "rotation": -42.65 },
	{ "name": "Face", "parent": "Body", "length": 66.94, "x": 180, "y": 30, "rotation": 270 },
	{ "name": "Hair", "parent": "Body", "length": 40.1, "x": 237.32, "y": 5.6, "rotation": 171.05 },
	{ "name": "Hand", "parent": "Body", "length": 27.04, "x": 125.66, "y": 21.01, "rotation": 161.7 },
	{ "name": "Ship", "parent": "Body", "length": 127.17, "x": 100, "y": 60, "rotation": 270 },
	{ "name": "Smoke_L1", "parent": "Body", "length": 36.01, "x": 54.59, "y": -59.51, "rotation": -22.4 },
	{ "name": "Smoke_R1", "parent": "Body", "length": 36.01, "x": 81.92, "y": 99.06, "rotation": 40.67 },
	{ "name": "Throw_Point", "parent": "Body", "length": 24.91, "x": 29.28, "y": -48.17, "rotation": -88.64 },
	{ "name": "arm", "parent": "Body", "length": 37.11, "x": 51.84, "y": 60, "rotation": -92.25 },
	{ "name": "leg", "parent": "Body", "length": 57.24, "x": 73.16, "y": 50.08, "rotation": -151.13 },
	{ "name": "hair_2", "parent": "Hair", "length": 34.07, "x": 43.75, "y": -0.84, "rotation": -2.72 },
	{ "name": "hair_3", "parent": "hair_2", "length": 35.9, "x": 40.48, "y": -0.14, "rotation": -2.72 },
	{ "name": "hair_4", "parent": "hair_3", "length": 39.34, "x": 42.98, "y": 0.27, "rotation": -2.7 },
	{ "name": "hair_5", "parent": "hair_4", "length": 17.41, "x": 41.34, "y": 0.35, "rotation": -11.22 }
],
"slots": [
	{ "name": "hair", "bone": "Hair", "attachment": "hair" },
	{ "name": "leg", "bone": "leg", "attachment": "leg" },
	{ "name": "Rodney_ship_armor_normal", "bone": "Ship", "attachment": "Rodney_ship_armor_normal" },
	{ "name": "Light_Ship", "bone": "Ship", "attachment": "Rodney_armor_normal_light", "blend": "additive" },
	{ "name": "Light_ship2", "bone": "Ship", "attachment": "Rodney_armor_normal_light2" },
	{ "name": "Rodney_body_normal", "bone": "Body", "attachment": "Rodney_body_normal" },
	{ "name": "Rodney_eyes_normal", "bone": "Face", "attachment": "Rodney_eyes_normal" },
	{ "name": "Light_Body", "bone": "Body", "attachment": "Rodney_ship_body_normal_light", "blend": "additive" },
	{ "name": "light_body2", "bone": "Body", "attachment": "Rodney_ship_body_normal_light2", "blend": "additive" },
	{ "name": "Body_Hand", "bone": "arm", "attachment": "Front_Picture" },
	{ "name": "Body_Fornt_Light", "bone": "arm", "attachment": "Front_Light", "blend": "additive" },
	{ "name": "light2", "bone": "arm", "attachment": "change" },
	{ "name": "hand", "bone": "Hand", "attachment": "change" }
],
"skins": {
	"default": {
		"Light_Body": {
			"Rodney_ship_body_normal_light": { "x": 128.88, "y": 9.87, "rotation": -90, "width": 300, "height": 300 }
		},
		"Light_Ship": {
			"Rodney_armor_normal_light": { "x": 50.12, "y": 28.88, "width": 300, "height": 300 }
		},
		"Light_ship2": {
			"Rodney_armor_normal_light2": { "x": 49.86, "y": 28.86, "width": 300, "height": 300 }
		},
		"Rodney_body_normal": {
			"Rodney_body_normal": { "x": 128.88, "y": 9.87, "rotation": -90, "width": 300, "height": 300 }
		},
		"Rodney_eyes_normal": {
			"Rodney_eyes_damage": { "x": 20.12, "y": -51.11, "width": 300, "height": 300 },
			"Rodney_eyes_normal": { "x": 20.12, "y": -51.11, "width": 300, "height": 300 }
		},
		"Rodney_ship_armor_normal": {
			"Rodney_ship_armor_normal": { "x": 50.12, "y": 28.88, "width": 300, "height": 300 }
		},
		"hair": {
			"hair": {
				"type": "skinnedmesh",
				"uvs": [ 1, 0.34374, 1, 0.71263, 1, 0.8171, 1, 1, 0.82152, 1, 0.55839, 1, 0.27106, 1, 0, 1, 0, 0.82363, 0, 0.58205, 0, 0.25886, 0, 0, 0.13496, 0, 0.31038, 0, 0.45556, 0, 0.57654, 0, 0.73684, 0, 0.85479, 0, 1, 0, 0.57049, 0.07605, 0.56746, 0.20989, 0.56444, 0.33068, 0.56444, 0.45473, 0.56141, 0.57226, 0.55839, 0.7159, 0.55537, 0.82363, 0.56141, 0.92156, 0.66122, 0.12501, 0.70962, 0.32742, 0.75196, 0.47759, 0.80942, 0.62775, 0.86084, 0.73875, 0.91226, 0.90198, 0.80035, 0.94768, 0.47068, 0.11849, 0.42834, 0.22621, 0.37994, 0.36986, 0.35575, 0.52002, 0.28316, 0.65387, 0.23477, 0.80078, 0.2015, 0.89545, 0.06237, 0.63102, 0.14101, 0.93462, 0.05027, 0.81057, 0.08959, 0.48738, 0.24687, 0.42209, 0.25594, 0.31762, 0.26199, 0.18704, 0.27711, 0.09563, 0.78523, 0.08258, 0.86387, 0.20989, 0.86991, 0.40903, 0.84269, 0.52655, 0.86991, 0.61143, 0.9546, 0.66693, 0.70054, 0.63102, 0.73986, 0.74201, 0.80035, 0.68978 ],
				"triangles": [ 43, 8, 41, 40, 43, 39, 42, 43, 40, 42, 7, 8, 42, 8, 43, 40, 39, 6, 42, 40, 6, 7, 42, 6, 39, 41, 38, 41, 8, 9, 43, 41, 39, 2, 31, 1, 25, 38, 24, 25, 24, 56, 39, 38, 25, 32, 31, 2, 26, 25, 56, 33, 56, 31, 33, 31, 32, 26, 56, 33, 6, 39, 25, 6, 25, 26, 5, 6, 26, 5, 26, 33, 4, 33, 32, 5, 33, 4, 32, 2, 3, 4, 32, 3, 10, 11, 12, 46, 10, 47, 46, 44, 10, 45, 46, 36, 45, 44, 46, 37, 45, 36, 52, 29, 51, 23, 37, 22, 23, 22, 29, 9, 10, 44, 54, 53, 52, 30, 29, 52, 30, 52, 53, 55, 23, 29, 41, 9, 44, 30, 55, 29, 38, 45, 37, 44, 45, 38, 41, 44, 38, 0, 54, 52, 57, 55, 30, 54, 0, 1, 24, 37, 23, 24, 23, 55, 38, 37, 24, 53, 57, 30, 31, 53, 54, 31, 57, 53, 56, 55, 57, 24, 55, 56, 31, 54, 1, 31, 56, 57, 10, 12, 47, 46, 47, 35, 21, 35, 20, 21, 20, 28, 36, 46, 35, 36, 35, 21, 22, 21, 28, 36, 21, 22, 22, 28, 29, 37, 36, 22, 19, 14, 15, 49, 16, 17, 48, 12, 13, 34, 14, 19, 27, 15, 16, 27, 16, 49, 19, 15, 27, 47, 12, 48, 20, 34, 19, 20, 19, 27, 50, 17, 18, 49, 17, 50, 13, 34, 48, 34, 13, 14, 35, 34, 20, 35, 48, 34, 47, 48, 35, 50, 28, 27, 50, 27, 49, 20, 27, 28, 50, 18, 0, 51, 50, 0, 28, 50, 51, 29, 28, 51, 0, 52, 51 ],
				"vertices": [ 4, 9, 43.78, 96.21, 0.50386, 17, -4.59, 96.95, 0.20999, 18, -49.64, 94.84, 0.20542, 19, -96.98, 90.09, 0.08072, 4, 9, 112.65, 107.06, 0.06277, 17, 63.68, 111.06, 0.06502, 18, 17.87999, 112.18, 0.44156, 19, -30.34, 110.6, 0.43063, 4, 9, 132.15, 110.13, 0.02379, 17, 83.01999, 115.05, 0.02904, 18, 37.00999, 117.09, 0.42103, 19, -11.47, 116.41, 0.52613, 4, 9, 166.3, 115.51, 0.00171, 17, 116.87, 122.05, 0.00617, 18, 70.49, 125.69, 0.39268, 19, 21.56, 126.58, 0.59942, 5, 9, 171.96, 79.55, 1.5E-4, 17, 124.24, 86.4, 0.00208, 18, 79.54, 90.43, 0.34548, 19, 32.27, 91.78, 0.64237, 20, -26.69, 87.9, 0.00989, 3, 18, 92.9, 38.43999, 0.08644, 19, 48.06, 40.47, 0.70972, 20, -1.22, 40.65, 0.20383, 3, 18, 107.48, -18.33, 0.00774, 19, 65.3, -15.54, 0.03835, 20, 26.59, -10.93, 0.9539, 3, 18, 121.23, -71.89, 0.09283, 19, 81.56, -68.39, 0.22123, 20, 52.84, -59.6, 0.68592, 5, 9, 165.12, -91.18, 7.1E-4, 17, 125.52, -84.46, 0.01205, 18, 88.95, -80.18, 0.17738, 19, 49.7, -78.19, 0.30862, 20, 23.5, -75.42, 0.5012, 5, 9, 120.02, -98.29, 0.02217, 17, 80.81, -93.7, 0.08227, 18, 44.72, -91.53, 0.38473, 19, 6.06, -91.62, 0.34755, 20, -16.68, -97.09, 0.16325, 5, 9, 59.68, -107.79, 0.16608, 17, 20.99, -106.07, 0.25571, 18, -14.43, -106.73, 0.37047, 19, -52.31, -109.59, 0.18695, 20, -70.44, -126.08, 0.02076, 5, 9, 11.35, -115.41, 0.25753, 17, -26.91, -115.97, 0.30401, 18, -61.82, -118.9, 0.30219, 19, -99.07, -123.98, 0.13598, 20, -113.51, -149.3, 2.3E-4, 5, 9, 7.07, -88.21, 0.32714, 17, -32.49, -89.01, 0.29984, 18, -68.67, -92.23, 0.25779, 19, -107.17, -97.67, 0.11509, 20, -126.58, -125.07, 1.0E-4, 4, 9, 1.5, -52.86, 0.5138, 17, -39.73, -53.96, 0.26183, 18, -77.57, -57.57, 0.15505, 19, -117.69, -63.46, 0.06928, 4, 9, -3.1, -23.61, 0.83274, 17, -45.73, -24.96, 0.09626, 18, -84.94, -28.88, 0.04837, 19, -126.4, -35.16, 0.0226, 1, 9, -6.94, 0.76, 1, 2, 9, -12.03, 33.07, 0.9661, 17, -57.34, 31.22, 0.03389, 3, 9, -15.78, 56.84, 0.91721, 17, -62.21, 54.79, 0.07556, 18, -105.19, 49.99, 0.00721, 3, 9, -20.39, 86.1, 0.89845, 17, -68.21, 83.79, 0.08905, 18, -112.56, 78.68, 0.01249, 1, 9, 7.44, 1.78, 1, 2, 9, 32.52, 5.11, 0.69598, 17, -11.5, 5.41, 0.30401, 1, 17, 10.97, 9.43, 1, 3, 9, 78.33, 11.7, 0.01453, 17, 33.93, 14.18, 0.86169, 18, -7.22, 14, 0.12377, 1, 18, 14.44, 18.93, 1, 5, 9, 127.28, 18.17, 0.00349, 17, 82.51999, 22.96, 0.00352, 18, 40.89, 25.08, 0.48564, 19, -3.25, 24.68, 0.50348, 20, -48.48, 15.17, 0.00383, 4, 9, 147.49, 20.73, 3.3E-4, 18, 60.76, 29.55, 0.24088, 19, 16.37999, 30.08, 0.73262, 20, -30.26, 24.29, 0.02615, 3, 18, 78.39, 35.34999, 0.08435, 19, 33.71, 36.7, 0.72377, 20, -14.56, 34.16, 0.19187, 4, 9, 13.7, 21.51, 0.87239, 17, -31.08, 20.9, 0.12186, 18, -72.49, 17.62, 0.00486, 19, -116.16, 11.88, 8.7E-4, 4, 9, 49.95, 37.21, 0.41749, 17, 4.37, 38.31, 0.48949, 18, -37.89, 36.7, 0.07834, 19, -82.5, 32.57, 0.01465, 4, 9, 76.64, 50.16, 0.23943, 17, 30.42, 52.51, 0.2872, 18, -12.55, 52.12, 0.35945, 19, -57.92, 49.17, 0.11389, 4, 9, 102.85, 66.16, 0.08887, 17, 55.84, 69.74, 0.10193, 18, 12.02, 70.54, 0.47532, 19, -34.24, 68.73, 0.33386, 4, 9, 121.94, 79.79, 0.04785, 17, 74.26, 84.26, 0.05498, 18, 29.73, 85.92, 0.44954, 19, -17.27, 84.92, 0.4476, 5, 9, 150.78, 94.95, 0.01345, 17, 102.35, 100.77, 0.0184, 18, 57, 103.75, 0.40709, 19, 9.12, 104.02, 0.56071, 20, -51.78, 95.4, 3.3E-4, 5, 9, 162.87, 73.74, 5.3E-4, 17, 115.43, 80.17, 0.00125, 18, 71.04, 83.79, 0.312, 19, 24.09, 84.74, 0.6648, 20, -33.34, 79.41, 0.02139, 4, 9, 18.53, -17.07, 0.97258, 17, -24.42, -17.41, 0.01147, 18, -64.01, -20.33, 0.01053, 19, -105.91, -25.62, 0.0054, 5, 9, 39.99, -22.44, 0.40862, 17, -2.73, -21.75, 0.49218, 18, -42.14, -23.63, 0.06967, 19, -83.91, -27.89, 0.02937, 20, -117.35, -52.1, 1.4E-4, 5, 9, 68.33999, -27.96, 0.08289, 17, 25.84, -25.92, 0.59421, 18, -13.39, -26.44, 0.26134, 19, -55.05, -29.34, 0.05858, 20, -88.77, -47.9, 0.00295, 5, 9, 97.14, -28.42, 0.0082, 17, 54.64, -25.01, 0.11438, 18, 15.32, -24.16, 0.74678, 19, -26.48, -25.71, 0.11841, 20, -61.44, -38.78, 0.0122, 5, 9, 124.44, -39.11, 0.00191, 17, 82.41, -34.39, 0.0246, 18, 43.5, -32.21, 0.42124, 19, 2.05, -32.41999, 0.47211, 20, -32.15, -39.8, 0.08011, 5, 9, 153.4, -44.54, 3.0E-5, 17, 111.6, -38.43, 0.00642, 18, 72.85, -34.86, 0.15831, 19, 31.49, -33.68999, 0.54985, 20, -3.02, -35.32, 0.28535, 4, 17, 130.49, -41.46, 2.9E-4, 18, 91.87, -36.99, 0.04962, 19, 50.59, -34.91, 0.17085, 20, 15.94, -32.8, 0.77921, 5, 9, 127.18, -84.28, 0.01495, 17, 87.29, -79.37, 0.06487, 18, 50.52, -76.91, 0.36277, 19, 11.17, -76.74, 0.3633, 20, -14.57, -81.5, 0.19408, 4, 17, 140.24, -52.05, 8.9E-4, 18, 102.11, -47.1, 0.08285, 19, 61.29, -44.53, 0.21446, 20, 28.31, -40.15, 0.70178, 5, 9, 161.09, -81.43, 7.1E-4, 17, 121.03, -74.92, 0.01205, 18, 84, -70.86, 0.17738, 19, 44.33, -69.12, 0.30862, 20, 16.45999, -67.57, 0.5012, 5, 9, 99.5, -83.01999, 0.05736, 17, 59.58, -79.43, 0.15053, 18, 22.85, -78.28, 0.431, 19, -16.4, -79.42, 0.2833, 20, -41.09999, -89.5, 0.07778, 5, 9, 82.32, -53.24, 0.04421, 17, 41.00999, -50.51, 0.18065, 18, 2.91, -50.27, 0.52093, 19, -37.63, -52.38, 0.21894, 20, -67.19, -67.11, 0.03523, 5, 9, 62.52, -54.49, 0.14882, 17, 21.3, -52.69, 0.30474, 18, -16.66, -53.39, 0.37514, 19, -57.05, -56.42, 0.15537, 20, -85.45, -74.85, 0.01591, 5, 9, 37.95, -57.11, 0.32896, 17, -3.11, -56.48, 0.35, 18, -40.87, -58.34, 0.22487, 19, -81, -62.5, 0.0935, 20, -107.76, -85.48, 0.00264, 5, 9, 20.41, -56.75, 0.42471, 17, -20.66, -56.95, 0.29585, 18, -58.37, -59.65, 0.19381, 19, -98.42, -64.62999, 0.08524, 20, -124.43, -90.96, 3.7E-4, 4, 9, 1.84, 45.25, 0.91821, 17, -44.06, 44.05, 0.07357, 18, -86.55, 40.13, 0.00735, 19, -131.27, 33.7, 8.6E-4, 4, 9, 23.11, 64.83999, 0.73341, 17, -23.74, 64.62999, 0.16697, 18, -67.23, 61.65, 0.07749, 19, -112.99, 56.11, 0.02211, 4, 9, 60.1, 71.92, 0.40748, 17, 12.86, 73.46, 0.25704, 18, -31.08, 72.21, 0.24532, 19, -77.37999, 68.36, 0.09014, 4, 9, 82.9, 69.89, 0.16833, 17, 35.74, 72.51, 0.17579, 18, -8.18999, 72.35, 0.4383, 19, -54.52, 69.58999, 0.21755, 4, 9, 97.88, 77.87, 0.08887, 17, 50.32, 81.19999, 0.10193, 18, 5.96, 81.72, 0.47532, 19, -40.82, 79.61, 0.33386, 4, 9, 105.56, 96.57, 0.09079, 17, 57.1, 100.24, 0.09005, 18, 11.82, 101.07, 0.446, 19, -35.87, 99.21, 0.37313, 4, 9, 106.92, 44.31, 0.04978, 17, 60.94, 48.11, 0.11017, 18, 18.14, 49.18, 0.62839, 19, -27.12, 47.68, 0.21164, 5, 9, 126.39, 55.5, 0.01912, 17, 79.86, 60.21, 0.02679, 18, 36.46, 62.17, 0.46983, 19, -9.42, 61.51, 0.48172, 20, -61.7, 50.1, 0.00252, 5, 9, 114.72, 66.16, 0.04259, 17, 67.69999, 70.3, 0.05501, 18, 23.83, 71.66, 0.4766, 19, -22.49, 70.4, 0.42562, 20, -76.25, 56.27, 1.6E-4 ],
				"hull": 19,
				"edges": [ 6, 4, 6, 8, 8, 10, 10, 12, 12, 14, 14, 16, 16, 18, 26, 28, 28, 30, 30, 32, 4, 2, 2, 0, 0, 36, 32, 34, 34, 36, 22, 24, 24, 26, 18, 20, 20, 22 ],
				"width": 204,
				"height": 189
			}
		},
		"leg": {
			"leg": { "x": -29.46, "y": 61.63, "rotation": 61.13, "width": 300, "height": 300 }
		},
		"light_body2": {
			"Rodney_ship_body_normal_light2": { "x": 126.98, "y": 10.27, "rotation": -90, "width": 300, "height": 300 }
		}
	},
	"damage": {
		"Body_Fornt_Light": {
			"Front_Light": { "name": "Rodney_fornt_damage_light", "x": 47.09, "y": 78.93, "rotation": 2.25, "width": 300, "height": 300 }
		},
		"Body_Hand": {
			"Front_Picture": { "name": "Rodney_fornt_damage", "x": 47.09, "y": 78.93, "rotation": 2.25, "width": 300, "height": 300 }
		},
		"hand": {
			"change": { "name": "hand_R", "x": -7.79, "y": 9.4, "rotation": 108.29, "width": 300, "height": 300 }
		},
		"light2": {
			"change": { "name": "Rodney_fornt_damage_light2", "x": 46.1, "y": 77.43, "rotation": 2.25, "width": 300, "height": 300 }
		}
	},
	"normal": {
		"Body_Fornt_Light": {
			"Front_Light": { "name": "Rodney_fornt_normal_light", "x": 47.09, "y": 78.93, "rotation": 2.25, "width": 300, "height": 300 }
		},
		"Body_Hand": {
			"Front_Picture": { "name": "Rodney_fornt_normal", "x": 47.09, "y": 78.93, "rotation": 2.25, "width": 300, "height": 300 }
		},
		"hand": {
			"change": { "name": "hand_L", "x": -5.59, "y": 9.39, "rotation": 108.29, "width": 300, "height": 300 }
		},
		"light2": {
			"change": { "name": "Rodney_fornt_normal_light2", "x": 46.51, "y": 78.42, "rotation": 2.25, "width": 300, "height": 300 }
		}
	}
},
"events": {
	"Antiaircraft": {},
	"attack_point": {},
	"damage_point": {},
	"throw_point": {}
},
"animations": {
	"Antiaircraft": {
		"slots": {
			"Body_Fornt_Light": {
				"attachment": [
					{ "time": 0, "name": null },
					{ "time": 0.0666, "name": "Front_Light" },
					{ "time": 0.5, "name": null },
					{ "time": 0.6, "name": "Front_Light" },
					{ "time": 1.2666, "name": null },
					{ "time": 1.3666, "name": "Front_Light" },
					{ "time": 2, "name": null }
				],
				"color": [
					{ "time": 0.0666, "color": "fffffffd" },
					{ "time": 0.1666, "color": "ffffff00" },
					{ "time": 0.2, "color": "ffffffff" },
					{ "time": 0.3333, "color": "ffffff00" },
					{ "time": 0.3666, "color": "ffffffff" },
					{ "time": 0.4666, "color": "ffffff00" },
					{ "time": 0.6, "color": "ffffffff" },
					{ "time": 0.7333, "color": "ffffff00" },
					{ "time": 0.8, "color": "ffffffff" },
					{ "time": 0.9, "color": "ffffff00" },
					{ "time": 0.9666, "color": "ffffffff" },
					{ "time": 1.1, "color": "ffffff00" },
					{ "time": 1.1333, "color": "ffffffff" },
					{ "time": 1.2333, "color": "ffffff00" },
					{ "time": 1.3666, "color": "ffffffff" },
					{ "time": 1.4666, "color": "ffffff00" },
					{ "time": 1.5333, "color": "ffffffff" },
					{ "time": 1.6333, "color": "ffffff00" },
					{ "time": 1.7, "color": "ffffffff" },
					{ "time": 1.8333, "color": "ffffff00" },
					{ "time": 1.8666, "color": "ffffffff" },
					{ "time": 1.9666, "color": "ffffff00" }
				]
			},
			"Body_Hand": {
				"attachment": [
					{ "time": 0, "name": "Front_Picture" }
				]
			},
			"Light_Body": {
				"attachment": [
					{ "time": 0, "name": null },
					{ "time": 0.0666, "name": "Rodney_ship_body_normal_light" },
					{ "time": 0.5, "name": null },
					{ "time": 0.6, "name": "Rodney_ship_body_normal_light" },
					{ "time": 1.2666, "name": null },
					{ "time": 1.3666, "name": "Rodney_ship_body_normal_light" },
					{ "time": 2, "name": null }
				],
				"color": [
					{ "time": 0.0666, "color": "fffffffd" },
					{ "time": 0.1666, "color": "ffffff00" },
					{ "time": 0.2, "color": "ffffffff" },
					{ "time": 0.3333, "color": "ffffff00" },
					{ "time": 0.3666, "color": "ffffffff" },
					{ "time": 0.4666, "color": "ffffff00" },
					{ "time": 0.6, "color": "ffffffff" },
					{ "time": 0.7333, "color": "ffffff00" },
					{ "time": 0.8, "color": "ffffffff" },
					{ "time": 0.9, "color": "ffffff00" },
					{ "time": 0.9666, "color": "ffffffff" },
					{ "time": 1.1, "color": "ffffff00" },
					{ "time": 1.1333, "color": "ffffffff" },
					{ "time": 1.2333, "color": "ffffff00" },
					{ "time": 1.3666, "color": "ffffffff" },
					{ "time": 1.4666, "color": "ffffff00" },
					{ "time": 1.5333, "color": "ffffffff" },
					{ "time": 1.6333, "color": "ffffff00" },
					{ "time": 1.7, "color": "ffffffff" },
					{ "time": 1.8333, "color": "ffffff00" },
					{ "time": 1.8666, "color": "ffffffff" },
					{ "time": 1.9666, "color": "ffffff00" }
				]
			},
			"Light_Ship": {
				"attachment": [
					{ "time": 0, "name": null },
					{ "time": 0.0666, "name": "Rodney_armor_normal_light" },
					{ "time": 0.5, "name": null },
					{ "time": 0.6, "name": "Rodney_armor_normal_light" },
					{ "time": 1.2666, "name": null },
					{ "time": 1.3666, "name": "Rodney_armor_normal_light" },
					{ "time": 2, "name": null }
				],
				"color": [
					{ "time": 0.0666, "color": "fffffffd" },
					{ "time": 0.1666, "color": "ffffff00" },
					{ "time": 0.2, "color": "ffffffff" },
					{ "time": 0.3333, "color": "ffffff00" },
					{ "time": 0.3666, "color": "ffffffff" },
					{ "time": 0.4666, "color": "ffffff00" },
					{ "time": 0.6, "color": "ffffffff" },
					{ "time": 0.7333, "color": "ffffff00" },
					{ "time": 0.8, "color": "ffffffff" },
					{ "time": 0.9, "color": "ffffff00" },
					{ "time": 0.9666, "color": "ffffffff" },
					{ "time": 1.1, "color": "ffffff00" },
					{ "time": 1.1333, "color": "ffffffff" },
					{ "time": 1.2333, "color": "ffffff00" },
					{ "time": 1.3666, "color": "ffffffff" },
					{ "time": 1.4666, "color": "ffffff00" },
					{ "time": 1.5333, "color": "ffffffff" },
					{ "time": 1.6333, "color": "ffffff00" },
					{ "time": 1.7, "color": "ffffffff" },
					{ "time": 1.8333, "color": "ffffff00" },
					{ "time": 1.8666, "color": "ffffffff" },
					{ "time": 1.9666, "color": "ffffff00" }
				]
			},
			"Light_ship2": {
				"attachment": [
					{ "time": 0, "name": null }
				]
			},
			"light2": {
				"attachment": [
					{ "time": 0, "name": null }
				]
			},
			"light_body2": {
				"attachment": [
					{ "time": 0, "name": null }
				]
			}
		},
		"bones": {
			"Body": {
				"rotate": [
					{ "time": 0, "angle": 0, "curve": "stepped" },
					{ "time": 2, "angle": 0 }
				],
				"translate": [
					{ "time": 0, "x": 0, "y": 0, "curve": "stepped" },
					{ "time": 2, "x": 0, "y": 0 }
				]
			},
			"Ship": {
				"rotate": [
					{ "time": 0, "angle": 0, "curve": "stepped" },
					{ "time": 2, "angle": 0 }
				],
				"translate": [
					{
						"time": 0,
						"x": 0,
						"y": 0,
						"curve": [ 0.319, 0.33, 0.653, 0.66 ]
					},
					{
						"time": 0.5,
						"x": 1.79,
						"y": 0,
						"curve": [ 0.289, 0.43, 0.622, 0.73 ]
					},
					{
						"time": 1.5,
						"x": -2.75,
						"y": 0,
						"curve": [ 0.487, 0.33, 0.657, 0.5 ]
					},
					{ "time": 2, "x": 0, "y": 0 }
				]
			},
			"Root_All": {
				"rotate": [
					{ "time": 0, "angle": 0, "curve": "stepped" },
					{ "time": 2, "angle": 0 }
				],
				"translate": [
					{
						"time": 0,
						"x": 0,
						"y": 0,
						"curve": [ 0.255, 0.35, 0.6, 0.7 ]
					},
					{
						"time": 0.5,
						"x": 0,
						"y": -9.82,
						"curve": [ 0.3, 0.39, 0.641, 0.74 ]
					},
					{
						"time": 1,
						"x": 0,
						"y": -15.66,
						"curve": [ 0.322, 0.37, 0.652, 0.7 ]
					},
					{
						"time": 1.5,
						"x": 0,
						"y": -7.79,
						"curve": [ 0.314, 0.36, 0.644, 0.68 ]
					},
					{ "time": 2, "x": 0, "y": 0 }
				]
			},
			"Ship_All": {
				"rotate": [
					{ "time": 0, "angle": 0, "curve": "stepped" },
					{ "time": 2, "angle": 0 }
				],
				"translate": [
					{ "time": 0, "x": 0, "y": 0, "curve": "stepped" },
					{ "time": 2, "x": 0, "y": 0 }
				]
			},
			"Face": {
				"rotate": [
					{ "time": 0, "angle": 0, "curve": "stepped" },
					{ "time": 2, "angle": 0 }
				],
				"translate": [
					{
						"time": 0,
						"x": 0,
						"y": 0,
						"curve": [ 0.286, 0.34, 0.623, 0.67 ]
					},
					{
						"time": 0.5,
						"x": 0.64,
						"y": 0,
						"curve": [ 0.282, 0.37, 0.624, 0.71 ]
					},
					{
						"time": 1.5,
						"x": -1.28,
						"y": 0,
						"curve": [ 0.321, 0.37, 0.656, 0.71 ]
					},
					{ "time": 2, "x": 0, "y": 0 }
				]
			},
			"arm": {
				"rotate": [
					{ "time": 0, "angle": 0, "curve": "stepped" },
					{ "time": 2, "angle": 0 }
				],
				"translate": [
					{ "time": 0, "x": 0, "y": 0 },
					{ "time": 1, "x": -1.95, "y": -0.51 },
					{ "time": 2, "x": 0, "y": 0 }
				]
			},
			"Hair": {
				"rotate": [
					{ "time": 0, "angle": 0 },
					{ "time": 1, "angle": 2.11 },
					{ "time": 2, "angle": 0 }
				],
				"translate": [
					{ "time": 0, "x": 0, "y": 0, "curve": "stepped" },
					{ "time": 2, "x": 0, "y": 0 }
				]
			},
			"hair_5": {
				"rotate": [
					{ "time": 0, "angle": 0 },
					{ "time": 1, "angle": -21.34 },
					{ "time": 2, "angle": 0 }
				],
				"translate": [
					{ "time": 0, "x": 0, "y": 0, "curve": "stepped" },
					{ "time": 2, "x": 0, "y": 0 }
				]
			},
			"hair_4": {
				"rotate": [
					{ "time": 0, "angle": 0 },
					{ "time": 1, "angle": 20.32 },
					{ "time": 2, "angle": 0 }
				],
				"translate": [
					{ "time": 0, "x": 0, "y": 0, "curve": "stepped" },
					{ "time": 2, "x": 0, "y": 0 }
				]
			},
			"hair_3": {
				"rotate": [
					{ "time": 0, "angle": 0 },
					{ "time": 1, "angle": -2.76 },
					{ "time": 2, "angle": 0 }
				],
				"translate": [
					{ "time": 0, "x": 0, "y": 0, "curve": "stepped" },
					{ "time": 2, "x": 0, "y": 0 }
				]
			},
			"hair_2": {
				"rotate": [
					{ "time": 0, "angle": 0 },
					{ "time": 1, "angle": 2.11 },
					{ "time": 2, "angle": 0 }
				],
				"translate": [
					{ "time": 0, "x": 0, "y": 0, "curve": "stepped" },
					{ "time": 2, "x": 0, "y": 0 }
				]
			},
			"leg": {
				"rotate": [
					{ "time": 0, "angle": 0 },
					{ "time": 1, "angle": 11.48 },
					{ "time": 2, "angle": 0 }
				],
				"translate": [
					{ "time": 0, "x": 0, "y": 0 },
					{ "time": 1, "x": 0, "y": -1.22 },
					{ "time": 2, "x": 0, "y": 0 }
				]
			},
			"Hand": {
				"rotate": [
					{ "time": 0, "angle": 0 },
					{ "time": 1, "angle": 14.23 },
					{ "time": 2, "angle": 0 }
				],
				"translate": [
					{ "time": 0, "x": 0, "y": 0, "curve": "stepped" },
					{ "time": 2, "x": 0, "y": 0 }
				]
			}
		},
		"events": [
			{ "time": 0.0666, "name": "Antiaircraft" }
		]
	},
	"attack": {
		"slots": {
			"Body_Fornt_Light": {
				"attachment": [
					{ "time": 0, "name": null },
					{ "time": 0.1, "name": "Front_Light" },
					{ "time": 0.9, "name": null }
				],
				"color": [
					{ "time": 0.5333, "color": "fffffffb" },
					{ "time": 0.8333, "color": "ffffff00" }
				]
			},
			"Body_Hand": {
				"attachment": [
					{ "time": 0, "name": "Front_Picture" }
				]
			},
			"Light_Body": {
				"attachment": [
					{ "time": 0, "name": null },
					{ "time": 0.0666, "name": null }
				],
				"color": [
					{ "time": 0.5333, "color": "fffffffb" },
					{ "time": 0.8333, "color": "ffffff00" }
				]
			},
			"Light_Ship": {
				"attachment": [
					{ "time": 0, "name": null },
					{ "time": 0.0666, "name": "Rodney_armor_normal_light" }
				],
				"color": [
					{ "time": 0.5333, "color": "fffffffc" },
					{ "time": 0.8333, "color": "ffffff00" }
				]
			},
			"Light_ship2": {
				"attachment": [
					{ "time": 0, "name": null },
					{ "time": 0.0666, "name": "Rodney_armor_normal_light2" }
				],
				"color": [
					{ "time": 0.5333, "color": "fffffffc" },
					{ "time": 0.8333, "color": "ffffff00" }
				]
			},
			"light2": {
				"attachment": [
					{ "time": 0, "name": null },
					{ "time": 0.0666, "name": "change" }
				],
				"color": [
					{ "time": 0.5333, "color": "fffffffc" },
					{ "time": 0.8333, "color": "ffffff00" }
				]
			},
			"light_body2": {
				"attachment": [
					{ "time": 0, "name": null },
					{ "time": 0.0666, "name": "Rodney_ship_body_normal_light2" }
				],
				"color": [
					{ "time": 0.5333, "color": "fffffffb" },
					{ "time": 0.8333, "color": "ffffff00" }
				]
			}
		},
		"bones": {
			"Root_All": {
				"rotate": [
					{ "time": 0, "angle": 0, "curve": "stepped" },
					{ "time": 1.6666, "angle": 0 }
				],
				"translate": [
					{
						"time": 0,
						"x": 0,
						"y": 0,
						"curve": [ 0.255, 0.35, 0.6, 0.7 ]
					},
					{ "time": 0.0666, "x": 8.69, "y": 0 },
					{ "time": 0.1666, "x": -87.44, "y": 0 },
					{ "time": 0.3333, "x": -61.04, "y": 0 },
					{ "time": 0.5333, "x": -69.84, "y": 0 },
					{ "time": 1, "x": -85.6, "y": 0 },
					{ "time": 1.4, "x": 15.07, "y": 0 },
					{ "time": 1.6666, "x": 0, "y": 0 }
				]
			},
			"Ship": {
				"rotate": [
					{
						"time": 0,
						"angle": 0,
						"curve": [ 0.294, 0.34, 0.629, 0.67 ]
					},
					{
						"time": 0.3333,
						"angle": -363.84,
						"curve": [ 0.259, 0.41, 0.615, 0.76 ]
					},
					{ "time": 1.6666, "angle": 0 }
				],
				"translate": [
					{
						"time": 0,
						"x": 0,
						"y": 0,
						"curve": [ 0.33, 0.33, 0.663, 0.66 ]
					},
					{
						"time": 0.3333,
						"x": 11.62,
						"y": -13.61,
						"curve": [ 0.322, 0.33, 0.656, 0.66 ]
					},
					{ "time": 1.6666, "x": 0, "y": 0 }
				]
			},
			"Face": {
				"rotate": [
					{ "time": 0, "angle": 0, "curve": "stepped" },
					{ "time": 1.6666, "angle": 0 }
				],
				"translate": [
					{
						"time": 0,
						"x": 0,
						"y": 0,
						"curve": [ 0.286, 0.34, 0.623, 0.67 ]
					},
					{ "time": 0.1666, "x": 0, "y": 3.4 },
					{ "time": 0.3333, "x": 0, "y": -0.66 },
					{ "time": 0.9, "x": 0, "y": -1.2 },
					{ "time": 1, "x": 0, "y": -0.44 },
					{ "time": 1.4, "x": 0, "y": -5.01 },
					{ "time": 1.6666, "x": 0, "y": 0 }
				]
			},
			"Ship_All": {
				"rotate": [
					{ "time": 0, "angle": 0, "curve": "stepped" },
					{ "time": 1.6666, "angle": 0 }
				],
				"translate": [
					{ "time": 0, "x": 0, "y": 0, "curve": "stepped" },
					{ "time": 1.6666, "x": 0, "y": 0 }
				]
			},
			"Body": {
				"rotate": [
					{ "time": 0, "angle": 0, "curve": "stepped" },
					{ "time": 1.6666, "angle": 0 }
				],
				"translate": [
					{ "time": 0, "x": 0, "y": 0, "curve": "stepped" },
					{ "time": 1.6666, "x": 0, "y": 0 }
				]
			},
			"Attack_Point": {
				"rotate": [
					{ "time": 0.0666, "angle": 0 }
				],
				"translate": [
					{ "time": 0.0666, "x": 0, "y": 0 }
				]
			},
			"arm": {
				"rotate": [
					{ "time": 0, "angle": 0 },
					{ "time": 0.0666, "angle": -9.27 },
					{ "time": 0.1333, "angle": 3.79 },
					{ "time": 0.2333, "angle": -1.27 },
					{ "time": 0.4, "angle": 6.84 },
					{ "time": 0.8333, "angle": 3.36 },
					{ "time": 1.6666, "angle": 0 }
				],
				"translate": [
					{ "time": 0, "x": 0, "y": 0 },
					{ "time": 0.0666, "x": 5.56, "y": 10.65 },
					{ "time": 0.1333, "x": -3.95, "y": 13.38 },
					{ "time": 0.2333, "x": -2.03, "y": 1.12 },
					{ "time": 0.3333, "x": -6.85, "y": -5.24 },
					{ "time": 0.8333, "x": -4.88, "y": 10.05 },
					{ "time": 1.6666, "x": 0, "y": 0 }
				]
			},
			"leg": {
				"rotate": [
					{ "time": 0, "angle": 0 },
					{ "time": 0.3333, "angle": -1.75 },
					{ "time": 0.6666, "angle": 19.41 },
					{ "time": 1.6666, "angle": 0 }
				],
				"translate": [
					{ "time": 0, "x": 0, "y": 0 },
					{ "time": 0.3333, "x": 1.22, "y": 0 },
					{ "time": 0.6666, "x": -1.52, "y": -0.3 },
					{ "time": 1.6666, "x": 0, "y": 0 }
				]
			},
			"Hand": {
				"rotate": [
					{ "time": 0, "angle": 0 },
					{ "time": 0.0666, "angle": 15.27 },
					{ "time": 0.1666, "angle": 5.26 },
					{ "time": 1.6666, "angle": 0 }
				],
				"translate": [
					{ "time": 0, "x": 0, "y": 0, "curve": "stepped" },
					{ "time": 1.6666, "x": 0, "y": 0 }
				]
			},
			"Hair": {
				"rotate": [
					{ "time": 0, "angle": 0 },
					{ "time": 0.1666, "angle": 4.34 },
					{ "time": 1, "angle": 6.85 },
					{ "time": 1.6666, "angle": 0 }
				],
				"translate": [
					{ "time": 0, "x": 0, "y": 0 },
					{ "time": 1, "x": 0, "y": 2.44 },
					{ "time": 1.6666, "x": 0, "y": 0 }
				]
			},
			"hair_5": {
				"rotate": [
					{ "time": 0, "angle": 0 },
					{ "time": 0.1666, "angle": 4.34 },
					{ "time": 1, "angle": -15.25 },
					{ "time": 1.6666, "angle": 0 }
				],
				"translate": [
					{ "time": 0, "x": 0, "y": 0, "curve": "stepped" },
					{ "time": 1.6666, "x": 0, "y": 0 }
				]
			},
			"hair_4": {
				"rotate": [
					{ "time": 0, "angle": 0 },
					{ "time": 0.1666, "angle": 4.34 },
					{ "time": 1, "angle": 11.04 },
					{ "time": 1.6666, "angle": 0 }
				],
				"translate": [
					{ "time": 0, "x": 0, "y": 0, "curve": "stepped" },
					{ "time": 1.6666, "x": 0, "y": 0 }
				]
			},
			"hair_3": {
				"rotate": [
					{ "time": 0, "angle": 0 },
					{ "time": 0.1666, "angle": 4.34 },
					{ "time": 1, "angle": 1.18 },
					{ "time": 1.6666, "angle": 0 }
				],
				"translate": [
					{ "time": 0, "x": 0, "y": 0, "curve": "stepped" },
					{ "time": 1.6666, "x": 0, "y": 0 }
				]
			},
			"hair_2": {
				"rotate": [
					{ "time": 0, "angle": 0 },
					{ "time": 0.1666, "angle": 4.34 },
					{ "time": 1, "angle": 6.85 },
					{ "time": 1.6666, "angle": 0 }
				],
				"translate": [
					{ "time": 0, "x": 0, "y": 0, "curve": "stepped" },
					{ "time": 1.6666, "x": 0, "y": 0 }
				]
			}
		},
		"events": [
			{ "time": 0.0666, "name": "attack_point" }
		]
	},
	"damage": {
		"slots": {
			"Body_Fornt_Light": {
				"attachment": [
					{ "time": 0, "name": null },
					{ "time": 0.0666, "name": "Front_Light" },
					{ "time": 0.8666, "name": null }
				],
				"color": [
					{ "time": 0.5333, "color": "fffffffd" },
					{ "time": 0.7666, "color": "ffffff00" }
				]
			},
			"Body_Hand": {
				"attachment": [
					{ "time": 0, "name": "Front_Picture" }
				],
				"color": [
					{ "time": 0.0666, "color": "8c4c51ff", "curve": "stepped" },
					{ "time": 0.7666, "color": "8c4c51ff" },
					{ "time": 1.1333, "color": "ffffffff" }
				]
			},
			"Light_Body": {
				"attachment": [
					{ "time": 0, "name": null },
					{ "time": 0.0666, "name": "Rodney_ship_body_normal_light" },
					{ "time": 0.7666, "name": null }
				],
				"color": [
					{ "time": 0.5333, "color": "fffffffc" },
					{ "time": 0.7666, "color": "ffffff00" }
				]
			},
			"Light_Ship": {
				"attachment": [
					{ "time": 0, "name": null },
					{ "time": 0.0666, "name": "Rodney_armor_normal_light" },
					{ "time": 0.7666, "name": null }
				],
				"color": [
					{ "time": 0.5333, "color": "fffffffc" },
					{ "time": 0.7666, "color": "ffffff00" }
				]
			},
			"Light_ship2": {
				"attachment": [
					{ "time": 0, "name": null }
				]
			},
			"Rodney_body_normal": {
				"color": [
					{ "time": 0.0666, "color": "8c4c51ff", "curve": "stepped" },
					{ "time": 0.7666, "color": "8c4c51ff" },
					{ "time": 1.1333, "color": "ffffffff" }
				]
			},
			"Rodney_eyes_normal": {
				"attachment": [
					{ "time": 0.0666, "name": "Rodney_eyes_damage" },
					{ "time": 1.1333, "name": "Rodney_eyes_normal" }
				],
				"color": [
					{ "time": 0.0666, "color": "8c4c51ff", "curve": "stepped" },
					{ "time": 0.7666, "color": "8c4c51ff" },
					{ "time": 1.1333, "color": "ffffffff" }
				]
			},
			"Rodney_ship_armor_normal": {
				"color": [
					{ "time": 0.0666, "color": "8c4c51ff", "curve": "stepped" },
					{ "time": 0.7666, "color": "8c4c51ff" },
					{ "time": 1.1333, "color": "ffffffff" }
				]
			},
			"hair": {
				"color": [
					{ "time": 0, "color": "ffffffff" },
					{ "time": 0.0666, "color": "8c4c51ff", "curve": "stepped" },
					{ "time": 0.7666, "color": "8c4c51ff" },
					{ "time": 1.1666, "color": "ffffffff" }
				]
			},
			"hand": {
				"color": [
					{ "time": 0, "color": "ffffffff" },
					{ "time": 0.0666, "color": "8c4c51ff", "curve": "stepped" },
					{ "time": 0.7666, "color": "8c4c51ff" },
					{ "time": 1.1666, "color": "ffffffff" }
				]
			},
			"leg": {
				"color": [
					{ "time": 0, "color": "ffffffff" },
					{ "time": 0.0666, "color": "8c4c51ff", "curve": "stepped" },
					{ "time": 0.7666, "color": "8c4c51ff" },
					{ "time": 1.1666, "color": "ffffffff" }
				]
			},
			"light2": {
				"attachment": [
					{ "time": 0, "name": null }
				]
			},
			"light_body2": {
				"attachment": [
					{ "time": 0, "name": null },
					{ "time": 0.0666, "name": null }
				]
			}
		},
		"bones": {
			"Root_All": {
				"rotate": [
					{ "time": 0, "angle": 0, "curve": "stepped" },
					{ "time": 1.1666, "angle": 0 }
				],
				"translate": [
					{
						"time": 0,
						"x": 0,
						"y": 0,
						"curve": [ 0.255, 0.35, 0.6, 0.7 ]
					},
					{ "time": 0.0666, "x": -27.67, "y": -23.16 },
					{ "time": 0.1333, "x": 20.98, "y": 15.35 },
					{ "time": 0.2333, "x": -19.78, "y": -15.62 },
					{ "time": 0.3666, "x": 14.36, "y": 8.59 },
					{ "time": 0.5666, "x": -3.37, "y": -4.5 },
					{ "time": 0.8666, "x": 5.63, "y": 2.25 },
					{ "time": 1.1666, "x": 0, "y": 0 }
				]
			},
			"Ship": {
				"rotate": [
					{
						"time": 0,
						"angle": 0,
						"curve": [ 0.219, 0.41, 0.591, 0.77 ]
					},
					{ "time": 0.0666, "angle": -364.37 },
					{ "time": 0.1666, "angle": -352.01 },
					{ "time": 0.2333, "angle": -388.95 },
					{ "time": 0.3666, "angle": -361.36 },
					{ "time": 1.1666, "angle": 0 }
				],
				"translate": [
					{
						"time": 0,
						"x": 0,
						"y": 0,
						"curve": [ 0.319, 0.33, 0.653, 0.66 ]
					},
					{ "time": 0.0666, "x": 10.85, "y": -7.36 },
					{ "time": 0.1666, "x": -0.34, "y": -0.49 },
					{ "time": 0.2333, "x": 8.32, "y": -30.25 },
					{ "time": 0.3666, "x": 1.18, "y": 0.69 },
					{ "time": 0.5, "x": -12.22, "y": 11 },
					{ "time": 1.1666, "x": 0, "y": 0 }
				]
			},
			"Face": {
				"rotate": [
					{ "time": 0, "angle": 0, "curve": "stepped" },
					{ "time": 1.1666, "angle": 0 }
				],
				"translate": [
					{
						"time": 0,
						"x": 0,
						"y": 0,
						"curve": [ 0.286, 0.34, 0.623, 0.67 ]
					},
					{ "time": 0.0666, "x": -5.44, "y": 0 },
					{ "time": 0.1333, "x": -0.44, "y": 0 },
					{ "time": 0.2333, "x": -5.06, "y": 0 },
					{ "time": 0.3666, "x": -2.01, "y": 0 },
					{ "time": 1.1666, "x": 0, "y": 0 }
				]
			},
			"Ship_All": {
				"rotate": [
					{ "time": 0, "angle": 0, "curve": "stepped" },
					{ "time": 1.1666, "angle": 0 }
				],
				"translate": [
					{ "time": 0, "x": 0, "y": 0, "curve": "stepped" },
					{ "time": 1.1666, "x": 0, "y": 0 }
				]
			},
			"Body": {
				"rotate": [
					{ "time": 0, "angle": 0, "curve": "stepped" },
					{ "time": 1.1666, "angle": 0 }
				],
				"translate": [
					{ "time": 0, "x": 0, "y": 0, "curve": "stepped" },
					{ "time": 1.1666, "x": 0, "y": 0 }
				]
			},
			"Damage_Point": {
				"rotate": [
					{ "time": 0.0666, "angle": 0 }
				],
				"translate": [
					{ "time": 0.0666, "x": 0, "y": 0 }
				]
			},
			"arm": {
				"rotate": [
					{ "time": 0, "angle": 0 },
					{ "time": 0.0666, "angle": 6.43 },
					{ "time": 0.1333, "angle": -0.65 },
					{ "time": 0.2333, "angle": 7.53 },
					{ "time": 0.3666, "angle": 1.05 },
					{ "time": 1.1666, "angle": 0 }
				],
				"translate": [
					{ "time": 0, "x": 0, "y": 0 },
					{ "time": 0.1333, "x": 0, "y": 6.08 },
					{ "time": 0.2333, "x": 0, "y": 4.39 },
					{ "time": 1.1666, "x": 0, "y": 0 }
				]
			},
			"Hair": {
				"rotate": [
					{ "time": 0, "angle": 0 },
					{ "time": 0.1666, "angle": 5.79 },
					{ "time": 0.6666, "angle": -4.9 },
					{ "time": 1.1666, "angle": 0 }
				],
				"translate": [
					{ "time": 0, "x": 0, "y": 0, "curve": "stepped" },
					{ "time": 1.1666, "x": 0, "y": 0 }
				]
			},
			"Hand": {
				"rotate": [
					{ "time": 0, "angle": 0 },
					{ "time": 0.1666, "angle": -10.5 },
					{ "time": 1.1666, "angle": 0 }
				],
				"translate": [
					{ "time": 0, "x": 0, "y": 0, "curve": "stepped" },
					{ "time": 1.1666, "x": 0, "y": 0 }
				]
			},
			"hair_5": {
				"rotate": [
					{ "time": 0, "angle": 0 },
					{ "time": 0.1666, "angle": 8.25 },
					{ "time": 0.6666, "angle": 3.64 },
					{ "time": 1.1666, "angle": 0 }
				],
				"translate": [
					{ "time": 0, "x": 0, "y": 0, "curve": "stepped" },
					{ "time": 1.1666, "x": 0, "y": 0 }
				]
			},
			"hair_4": {
				"rotate": [
					{ "time": 0, "angle": 0 },
					{ "time": 0.1666, "angle": 5.79 },
					{ "time": 0.6666, "angle": -4.9 },
					{ "time": 1.1666, "angle": 0 }
				],
				"translate": [
					{ "time": 0, "x": 0, "y": 0, "curve": "stepped" },
					{ "time": 1.1666, "x": 0, "y": 0 }
				]
			},
			"hair_3": {
				"rotate": [
					{ "time": 0, "angle": 0 },
					{ "time": 0.1666, "angle": 6.64 },
					{ "time": 0.6666, "angle": -0.55 },
					{ "time": 1.1666, "angle": 0 }
				],
				"translate": [
					{ "time": 0, "x": 0, "y": 0, "curve": "stepped" },
					{ "time": 1.1666, "x": 0, "y": 0 }
				]
			},
			"hair_2": {
				"rotate": [
					{ "time": 0, "angle": 0 },
					{ "time": 0.1666, "angle": -0.97 },
					{ "time": 0.6666, "angle": -4.9 },
					{ "time": 1.1666, "angle": 0 }
				],
				"translate": [
					{ "time": 0, "x": 0, "y": 0, "curve": "stepped" },
					{ "time": 1.1666, "x": 0, "y": 0 }
				]
			}
		},
		"events": [
			{ "time": 0.0666, "name": "damage_point" }
		]
	},
	"normal": {
		"slots": {
			"Body_Fornt_Light": {
				"attachment": [
					{ "time": 0, "name": null }
				]
			},
			"Body_Hand": {
				"attachment": [
					{ "time": 0, "name": "Front_Picture" }
				]
			},
			"Light_Body": {
				"attachment": [
					{ "time": 0, "name": null },
					{ "time": 0.8, "name": null }
				]
			},
			"Light_Ship": {
				"attachment": [
					{ "time": 0, "name": null }
				]
			},
			"Light_ship2": {
				"attachment": [
					{ "time": 0, "name": null }
				]
			},
			"light2": {
				"attachment": [
					{ "time": 0, "name": null }
				]
			},
			"light_body2": {
				"attachment": [
					{ "time": 0, "name": null }
				]
			}
		},
		"bones": {
			"Root_All": {
				"rotate": [
					{ "time": 0, "angle": 0, "curve": "stepped" },
					{ "time": 2, "angle": 0 }
				],
				"translate": [
					{
						"time": 0,
						"x": 0,
						"y": 0,
						"curve": [ 0.255, 0.35, 0.6, 0.7 ]
					},
					{
						"time": 0.5,
						"x": 0,
						"y": -9.82,
						"curve": [ 0.3, 0.39, 0.641, 0.74 ]
					},
					{
						"time": 1,
						"x": 0,
						"y": -15.66,
						"curve": [ 0.322, 0.37, 0.652, 0.7 ]
					},
					{
						"time": 1.5,
						"x": 0,
						"y": -7.79,
						"curve": [ 0.314, 0.36, 0.644, 0.68 ]
					},
					{ "time": 2, "x": 0, "y": 0 }
				]
			},
			"Ship_All": {
				"rotate": [
					{ "time": 0, "angle": 0, "curve": "stepped" },
					{ "time": 2, "angle": 0 }
				],
				"translate": [
					{ "time": 0, "x": 0, "y": 0, "curve": "stepped" },
					{ "time": 2, "x": 0, "y": 0 }
				]
			},
			"Body": {
				"rotate": [
					{ "time": 0, "angle": 0, "curve": "stepped" },
					{ "time": 2, "angle": 0 }
				],
				"translate": [
					{ "time": 0, "x": 0, "y": 0, "curve": "stepped" },
					{ "time": 2, "x": 0, "y": 0 }
				]
			},
			"Face": {
				"rotate": [
					{ "time": 0, "angle": 0, "curve": "stepped" },
					{ "time": 2, "angle": 0 }
				],
				"translate": [
					{
						"time": 0,
						"x": 0,
						"y": 0,
						"curve": [ 0.286, 0.34, 0.623, 0.67 ]
					},
					{
						"time": 0.5,
						"x": 0.64,
						"y": 0,
						"curve": [ 0.282, 0.37, 0.624, 0.71 ]
					},
					{
						"time": 1.5,
						"x": -1.28,
						"y": 0,
						"curve": [ 0.321, 0.37, 0.656, 0.71 ]
					},
					{ "time": 2, "x": 0, "y": 0 }
				]
			},
			"Ship": {
				"rotate": [
					{
						"time": 0,
						"angle": 0,
						"curve": [ 0.286, 0.34, 0.623, 0.67 ]
					},
					{
						"time": 0.5,
						"angle": -379.45,
						"curve": [ 0.282, 0.37, 0.624, 0.71 ]
					},
					{
						"time": 1.5,
						"angle": -371.73,
						"curve": [ 0.321, 0.37, 0.656, 0.71 ]
					},
					{ "time": 2, "angle": 0 }
				],
				"translate": [
					{
						"time": 0,
						"x": 0,
						"y": 0,
						"curve": [ 0.319, 0.33, 0.653, 0.66 ]
					},
					{
						"time": 0.5,
						"x": 3.01,
						"y": -5.49,
						"curve": [ 0.289, 0.43, 0.622, 0.73 ]
					},
					{
						"time": 1.5,
						"x": 5.18,
						"y": -15.88,
						"curve": [ 0.487, 0.33, 0.657, 0.5 ]
					},
					{ "time": 2, "x": 0, "y": 0 }
				]
			},
			"arm": {
				"rotate": [
					{ "time": 0, "angle": 0 },
					{ "time": 1, "angle": 4.65 },
					{ "time": 2, "angle": 0 }
				],
				"translate": [
					{ "time": 0, "x": 0, "y": 0 },
					{ "time": 1, "x": -5.39, "y": -6.25 },
					{ "time": 2, "x": 0, "y": 0 }
				]
			},
			"Hair": {
				"rotate": [
					{ "time": 0, "angle": 0 },
					{ "time": 1, "angle": 2.11 },
					{ "time": 2, "angle": 0 }
				],
				"translate": [
					{ "time": 0, "x": 0, "y": 0, "curve": "stepped" },
					{ "time": 2, "x": 0, "y": 0 }
				]
			},
			"hair_5": {
				"rotate": [
					{ "time": 0, "angle": 0 },
					{ "time": 1, "angle": -21.34 },
					{ "time": 2, "angle": 0 }
				],
				"translate": [
					{ "time": 0, "x": 0, "y": 0, "curve": "stepped" },
					{ "time": 2, "x": 0, "y": 0 }
				]
			},
			"hair_4": {
				"rotate": [
					{ "time": 0, "angle": 0 },
					{ "time": 1, "angle": 20.32 },
					{ "time": 2, "angle": 0 }
				],
				"translate": [
					{ "time": 0, "x": 0, "y": 0, "curve": "stepped" },
					{ "time": 2, "x": 0, "y": 0 }
				]
			},
			"hair_3": {
				"rotate": [
					{ "time": 0, "angle": 0 },
					{ "time": 1, "angle": -2.76 },
					{ "time": 2, "angle": 0 }
				],
				"translate": [
					{ "time": 0, "x": 0, "y": 0, "curve": "stepped" },
					{ "time": 2, "x": 0, "y": 0 }
				]
			},
			"hair_2": {
				"rotate": [
					{ "time": 0, "angle": 0 },
					{ "time": 1, "angle": 2.11 },
					{ "time": 2, "angle": 0 }
				],
				"translate": [
					{ "time": 0, "x": 0, "y": 0, "curve": "stepped" },
					{ "time": 2, "x": 0, "y": 0 }
				]
			},
			"leg": {
				"rotate": [
					{ "time": 0, "angle": 0 },
					{ "time": 1, "angle": 10.6 },
					{ "time": 2, "angle": 0 }
				],
				"translate": [
					{ "time": 0, "x": 0, "y": 0 },
					{ "time": 1, "x": 0, "y": -0.61 },
					{ "time": 2, "x": 0, "y": 0 }
				]
			},
			"Hand": {
				"rotate": [
					{ "time": 0, "angle": 0 },
					{ "time": 1, "angle": 12.01 },
					{ "time": 2, "angle": 0 }
				],
				"translate": [
					{ "time": 0, "x": 0, "y": 0, "curve": "stepped" },
					{ "time": 2, "x": 0, "y": 0 }
				]
			}
		}
	},
	"throw": {
		"slots": {
			"Body_Fornt_Light": {
				"attachment": [
					{ "time": 0, "name": null }
				]
			},
			"Body_Hand": {
				"attachment": [
					{ "time": 0, "name": "Front_Picture" }
				]
			},
			"Light_Body": {
				"attachment": [
					{ "time": 0, "name": null }
				]
			},
			"Light_Ship": {
				"attachment": [
					{ "time": 0, "name": null }
				]
			},
			"Light_ship2": {
				"attachment": [
					{ "time": 0, "name": null }
				]
			},
			"light2": {
				"attachment": [
					{ "time": 0, "name": null }
				]
			},
			"light_body2": {
				"attachment": [
					{ "time": 0, "name": null }
				]
			}
		},
		"bones": {
			"Face": {
				"rotate": [
					{ "time": 0, "angle": 0, "curve": "stepped" },
					{ "time": 1.3333, "angle": 0 }
				],
				"translate": [
					{
						"time": 0,
						"x": 0,
						"y": 0,
						"curve": [ 0.286, 0.34, 0.623, 0.67 ]
					},
					{ "time": 0.3333, "x": 0, "y": -0.7 },
					{ "time": 0.5666, "x": 0, "y": 0.14 },
					{ "time": 1.3333, "x": 0, "y": 0 }
				]
			},
			"Root_All": {
				"rotate": [
					{ "time": 0, "angle": 0, "curve": "stepped" },
					{ "time": 1.3333, "angle": 0 }
				],
				"translate": [
					{
						"time": 0,
						"x": 0,
						"y": 0,
						"curve": [ 0.255, 0.35, 0.6, 0.7 ]
					},
					{ "time": 0.6333, "x": -66.66, "y": 0 },
					{ "time": 0.9666, "x": -10.42, "y": -12.42 },
					{ "time": 1.3333, "x": 0, "y": 0 }
				]
			},
			"Ship": {
				"rotate": [
					{
						"time": 0,
						"angle": 0,
						"curve": [ 0.219, 0.41, 0.591, 0.77 ]
					},
					{ "time": 0.3333, "angle": -392.14 },
					{ "time": 0.6666, "angle": -399.3 },
					{ "time": 0.7, "angle": -389.18 },
					{ "time": 1.1666, "angle": -361.45 },
					{ "time": 1.3333, "angle": 0 }
				],
				"translate": [
					{
						"time": 0,
						"x": 0,
						"y": 0,
						"curve": [ 0.319, 0.33, 0.653, 0.66 ]
					},
					{ "time": 0.3333, "x": 5.85, "y": -13.36 },
					{ "time": 0.6666, "x": 5, "y": -12.86 },
					{ "time": 1.3333, "x": 0, "y": 0 }
				]
			},
			"Body": {
				"rotate": [
					{
						"time": 0,
						"angle": 0,
						"curve": [ 0.219, 0.41, 0.591, 0.77 ]
					},
					{
						"time": 0.6333,
						"angle": -3.17,
						"curve": [ 0.32, 0.36, 0.653, 0.69 ]
					},
					{
						"time": 0.7333,
						"angle": 0.61,
						"curve": [ 0.319, 0.37, 0.652, 0.7 ]
					},
					{
						"time": 0.9666,
						"angle": -1.72,
						"curve": [ 0.32, 0.38, 0.654, 0.71 ]
					},
					{ "time": 1.3333, "angle": 0 }
				],
				"translate": [
					{
						"time": 0,
						"x": 0,
						"y": 0,
						"curve": [ 0.219, 0.41, 0.591, 0.77 ]
					},
					{
						"time": 0.3333,
						"x": -15.86,
						"y": 0,
						"curve": [ 0.193, 0.39, 0.58, 0.9 ]
					},
					{
						"time": 0.5666,
						"x": -19.36,
						"y": 0,
						"curve": [ 0.142, 0.42, 0.647, 0.94 ]
					},
					{ "time": 0.6333, "x": 92.18, "y": -6.3 },
					{ "time": 0.7333, "x": 111.33, "y": 0 },
					{ "time": 1.3333, "x": 0, "y": 0 }
				]
			},
			"Ship_All": {
				"rotate": [
					{ "time": 0, "angle": 0, "curve": "stepped" },
					{ "time": 1.3333, "angle": 0 }
				],
				"translate": [
					{ "time": 0, "x": 0, "y": 0, "curve": "stepped" },
					{ "time": 1.3333, "x": 0, "y": 0 }
				]
			},
			"Throw_Point": {
				"rotate": [
					{ "time": 0.6333, "angle": 0 }
				],
				"translate": [
					{ "time": 0.6333, "x": 0, "y": 0 }
				]
			},
			"arm": {
				"rotate": [
					{
						"time": 0,
						"angle": 0,
						"curve": [ 0.269, 0.31, 0.61, 0.65 ]
					},
					{
						"time": 0.3333,
						"angle": 6.58,
						"curve": [ 0.322, 0.33, 0.656, 0.66 ]
					},
					{
						"time": 0.5,
						"angle": -15.69,
						"curve": [ 0.3, 0.33, 0.643, 0.68 ]
					},
					{ "time": 1.3333, "angle": 0 }
				],
				"translate": [
					{
						"time": 0,
						"x": 0,
						"y": 0,
						"curve": [ 0.238, 0.3, 0.594, 0.65 ]
					},
					{
						"time": 0.3333,
						"x": 3.36,
						"y": -3.01,
						"curve": [ 0.323, 0.33, 0.658, 0.67 ]
					},
					{
						"time": 0.5,
						"x": 20.5,
						"y": 18.11,
						"curve": [ 0.336, 0.45, 0.704, 0.84 ]
					},
					{ "time": 1.3333, "x": 0, "y": 0 }
				]
			},
			"Hair": {
				"rotate": [
					{ "time": 0, "angle": 0 },
					{ "time": 0.5333, "angle": -2 },
					{ "time": 0.8333, "angle": -5.17 },
					{ "time": 1.2333, "angle": 0.88 },
					{ "time": 1.3333, "angle": 0 }
				],
				"translate": [
					{ "time": 0, "x": 0, "y": 0, "curve": "stepped" },
					{ "time": 1.3333, "x": 0, "y": 0 }
				]
			},
			"hair_5": {
				"rotate": [
					{ "time": 0, "angle": 0 },
					{ "time": 0.5333, "angle": -2 },
					{ "time": 0.8333, "angle": 2.84 },
					{ "time": 1.2333, "angle": 2.49 },
					{ "time": 1.3333, "angle": 0 }
				],
				"translate": [
					{ "time": 0, "x": 0, "y": 0, "curve": "stepped" },
					{ "time": 1.3333, "x": 0, "y": 0 }
				]
			},
			"hair_4": {
				"rotate": [
					{ "time": 0, "angle": 0 },
					{ "time": 0.5333, "angle": -6.47 },
					{ "time": 0.8333, "angle": -7.34 },
					{ "time": 1.2333, "angle": 0.45 },
					{ "time": 1.3333, "angle": 0 }
				],
				"translate": [
					{ "time": 0, "x": 0, "y": 0, "curve": "stepped" },
					{ "time": 1.3333, "x": 0, "y": 0 }
				]
			},
			"hair_3": {
				"rotate": [
					{ "time": 0, "angle": 0 },
					{ "time": 0.5333, "angle": -5.56 },
					{ "time": 0.8333, "angle": -5.49 },
					{ "time": 1.2333, "angle": 0.82 },
					{ "time": 1.3333, "angle": 0 }
				],
				"translate": [
					{ "time": 0, "x": 0, "y": 0, "curve": "stepped" },
					{ "time": 1.3333, "x": 0, "y": 0 }
				]
			},
			"hair_2": {
				"rotate": [
					{ "time": 0, "angle": 0 },
					{ "time": 0.5333, "angle": 0.38 },
					{ "time": 0.8333, "angle": 0.74 },
					{ "time": 1.2333, "angle": 2.07 },
					{ "time": 1.3333, "angle": 0 }
				],
				"translate": [
					{ "time": 0, "x": 0, "y": 0, "curve": "stepped" },
					{ "time": 1.3333, "x": 0, "y": 0 }
				]
			},
			"leg": {
				"rotate": [
					{ "time": 0, "angle": 0 },
					{ "time": 0.5333, "angle": 13.98 },
					{ "time": 1.3333, "angle": 0 }
				],
				"translate": [
					{ "time": 0, "x": 0, "y": 0 },
					{ "time": 0.5333, "x": 0.09, "y": -1.83 },
					{ "time": 1.3333, "x": 0, "y": 0 }
				]
			},
			"Hand": {
				"rotate": [
					{ "time": 0, "angle": 0 },
					{ "time": 0.5333, "angle": -12.63 },
					{ "time": 1, "angle": 10.78 },
					{ "time": 1.3333, "angle": 0 }
				],
				"translate": [
					{ "time": 0, "x": 0, "y": 0 },
					{ "time": 0.5333, "x": 1.76, "y": 1.31 },
					{ "time": 1, "x": -0.5, "y": 1.12 },
					{ "time": 1.3333, "x": 0, "y": 0 }
				]
			}
		},
		"events": [
			{ "time": 0.5666, "name": "throw_point" }
		]
	},
	"wreck": {
		"slots": {
			"Body_Fornt_Light": {
				"attachment": [
					{ "time": 0, "name": null },
					{ "time": 1.9333, "name": null }
				]
			},
			"Body_Hand": {
				"attachment": [
					{ "time": 0, "name": "Front_Picture" }
				]
			},
			"Light_Body": {
				"attachment": [
					{ "time": 0, "name": null }
				]
			},
			"Light_Ship": {
				"attachment": [
					{ "time": 0, "name": null }
				]
			},
			"Light_ship2": {
				"attachment": [
					{ "time": 0, "name": null }
				]
			},
			"Rodney_eyes_normal": {
				"attachment": [
					{ "time": 0, "name": "Rodney_eyes_damage" }
				]
			},
			"light2": {
				"attachment": [
					{ "time": 0, "name": null }
				]
			},
			"light_body2": {
				"attachment": [
					{ "time": 0, "name": null }
				]
			}
		},
		"bones": {
			"Root_All": {
				"rotate": [
					{ "time": 0, "angle": 0, "curve": "stepped" },
					{ "time": 2, "angle": 0 }
				],
				"translate": [
					{
						"time": 0,
						"x": 0,
						"y": 0,
						"curve": [ 0.255, 0.35, 0.6, 0.7 ]
					},
					{
						"time": 0.5,
						"x": 0,
						"y": -9.82,
						"curve": [ 0.3, 0.39, 0.641, 0.74 ]
					},
					{
						"time": 1,
						"x": 0,
						"y": -15.66,
						"curve": [ 0.322, 0.37, 0.652, 0.7 ]
					},
					{
						"time": 1.5,
						"x": 0,
						"y": -7.79,
						"curve": [ 0.314, 0.36, 0.644, 0.68 ]
					},
					{ "time": 2, "x": 0, "y": 0 }
				]
			},
			"Ship_All": {
				"rotate": [
					{ "time": 0, "angle": 0, "curve": "stepped" },
					{ "time": 2, "angle": 0 }
				],
				"translate": [
					{ "time": 0, "x": 0, "y": 0, "curve": "stepped" },
					{ "time": 2, "x": 0, "y": 0 }
				]
			},
			"Body": {
				"rotate": [
					{ "time": 0, "angle": 0, "curve": "stepped" },
					{ "time": 2, "angle": 0 }
				],
				"translate": [
					{ "time": 0, "x": 0, "y": 0, "curve": "stepped" },
					{ "time": 2, "x": 0, "y": 0 }
				]
			},
			"Face": {
				"rotate": [
					{ "time": 0, "angle": 0, "curve": "stepped" },
					{ "time": 2, "angle": 0 }
				],
				"translate": [
					{
						"time": 0,
						"x": 0,
						"y": 0,
						"curve": [ 0.286, 0.34, 0.623, 0.67 ]
					},
					{
						"time": 0.5,
						"x": 0.64,
						"y": 0,
						"curve": [ 0.282, 0.37, 0.624, 0.71 ]
					},
					{
						"time": 1.5,
						"x": -1.28,
						"y": 0,
						"curve": [ 0.321, 0.37, 0.656, 0.71 ]
					},
					{ "time": 2, "x": 0, "y": 0 }
				]
			},
			"Ship": {
				"rotate": [
					{
						"time": 0,
						"angle": 0,
						"curve": [ 0.286, 0.34, 0.623, 0.67 ]
					},
					{
						"time": 0.5,
						"angle": -411.43,
						"curve": [ 0.312, 0.34, 0.646, 0.67 ]
					},
					{
						"time": 0.8333,
						"angle": -430.47,
						"curve": [ 0.317, 0.34, 0.651, 0.68 ]
					},
					{
						"time": 1.1666,
						"angle": -416.9,
						"curve": [ 0.321, 0.35, 0.655, 0.68 ]
					},
					{
						"time": 1.5,
						"angle": -390.55,
						"curve": [ 0.326, 0.35, 0.66, 0.68 ]
					},
					{
						"time": 1.7666,
						"angle": -414.17,
						"curve": [ 0.328, 0.35, 0.662, 0.69 ]
					},
					{ "time": 2, "angle": -430.67 }
				],
				"translate": [
					{
						"time": 0,
						"x": 0,
						"y": 0,
						"curve": [ 0.319, 0.33, 0.653, 0.66 ]
					},
					{
						"time": 0.5,
						"x": 6.06,
						"y": -17.71,
						"curve": [ 0.317, 0.36, 0.65, 0.69 ]
					},
					{
						"time": 0.8333,
						"x": 6.79,
						"y": -18.76,
						"curve": [ 0.318, 0.36, 0.651, 0.69 ]
					},
					{
						"time": 1.1666,
						"x": 2.56,
						"y": -25.32,
						"curve": [ 0.319, 0.35, 0.653, 0.68 ]
					},
					{
						"time": 1.5,
						"x": 1.52,
						"y": -12.21,
						"curve": [ 0.445, 0.38, 0.736, 0.66 ]
					},
					{
						"time": 1.7666,
						"x": 2.64,
						"y": -18.1,
						"curve": [ 0.322, 0.26, 0.616, 0.56 ]
					},
					{ "time": 2, "x": 5.18, "y": -18.93 }
				],
				"scale": [
					{ "time": 0, "x": 1, "y": 1 }
				]
			},
			"arm": {
				"rotate": [
					{ "time": 0, "angle": 0 },
					{ "time": 1, "angle": 22.2 },
					{ "time": 2, "angle": 0 }
				],
				"translate": [
					{ "time": 0, "x": 0, "y": 0 },
					{ "time": 1, "x": -13.59, "y": -29.19 },
					{ "time": 2, "x": 0, "y": 0 }
				]
			},
			"Hair": {
				"rotate": [
					{ "time": 0, "angle": 0 },
					{ "time": 1, "angle": 2.11 },
					{ "time": 2, "angle": 0 }
				],
				"translate": [
					{ "time": 0, "x": 0, "y": 0, "curve": "stepped" },
					{ "time": 2, "x": 0, "y": 0 }
				]
			},
			"hair_5": {
				"rotate": [
					{ "time": 0, "angle": 0 },
					{ "time": 1, "angle": -21.34 },
					{ "time": 2, "angle": 0 }
				],
				"translate": [
					{ "time": 0, "x": 0, "y": 0, "curve": "stepped" },
					{ "time": 2, "x": 0, "y": 0 }
				]
			},
			"hair_4": {
				"rotate": [
					{ "time": 0, "angle": 0 },
					{ "time": 1, "angle": 20.32 },
					{ "time": 2, "angle": 0 }
				],
				"translate": [
					{ "time": 0, "x": 0, "y": 0, "curve": "stepped" },
					{ "time": 2, "x": 0, "y": 0 }
				]
			},
			"hair_3": {
				"rotate": [
					{ "time": 0, "angle": 0 },
					{ "time": 1, "angle": -2.76 },
					{ "time": 2, "angle": 0 }
				],
				"translate": [
					{ "time": 0, "x": 0, "y": 0, "curve": "stepped" },
					{ "time": 2, "x": 0, "y": 0 }
				]
			},
			"hair_2": {
				"rotate": [
					{ "time": 0, "angle": 0 },
					{ "time": 1, "angle": 2.11 },
					{ "time": 2, "angle": 0 }
				],
				"translate": [
					{ "time": 0, "x": 0, "y": 0, "curve": "stepped" },
					{ "time": 2, "x": 0, "y": 0 }
				]
			},
			"leg": {
				"rotate": [
					{ "time": 0, "angle": 0 },
					{ "time": 1, "angle": 10.56 },
					{ "time": 2, "angle": 0 }
				],
				"translate": [
					{ "time": 0, "x": 0, "y": 0 },
					{ "time": 1, "x": -1.22, "y": -1.22 },
					{ "time": 2, "x": 0, "y": 0 }
				]
			},
			"Hand": {
				"rotate": [
					{ "time": 0, "angle": 0 },
					{ "time": 1, "angle": -337.22 },
					{ "time": 2, "angle": 0 }
				],
				"translate": [
					{ "time": 0, "x": 0, "y": 0, "curve": "stepped" },
					{ "time": 2, "x": 0, "y": 0 }
				]
			}
		}
	}
}
}