{
"skeleton": { "hash": "7IrZ1LZ96u61QuUwzo2iI8PZWq0", "spine": "3.2.01", "width": 262.5, "height": 262.5, "images": "" },
"bones": [
	{ "name": "Root_All", "y": 80, "scaleX": 0.7, "scaleY": 0.7 },
	{ "name": "Ship_All", "parent": "Root_All" },
	{ "name": "Body", "parent": "Ship_All", "length": 126.21, "rotation": 90, "scaleX": 1.25, "scaleY": 1.25 },
	{ "name": "Attack_Point", "parent": "Body", "length": 25.69, "rotation": -88.64, "x": 8.48, "y": -59.29 },
	{ "name": "Damage_Point", "parent": "Body", "length": 22.56, "rotation": -90, "x": 5.79, "y": -9.02 },
	{ "name": "Throw_Point", "parent": "Body", "length": 24.71, "rotation": -142.06, "x": -4.84, "y": -10.46 }
],
"slots": [
	{ "name": "Rodney_body_normal", "bone": "Body", "attachment": "Body_change" },
	{ "name": "Other", "bone": "Body", "attachment": "Item_03" },
	{ "name": "Rodney_body_normal_light", "bone": "Body", "attachment": "Light_change", "blend": "additive" }
],
"skins": {
	"default": {
		"Other": {
			"Item_02": { "x": 10.54, "y": -67.17, "scaleX": 0.8, "scaleY": 0.8, "rotation": -90, "width": 17, "height": 59 },
			"Item_03": { "x": 6.95, "y": -67.92, "scaleX": 0.8, "scaleY": 0.8, "rotation": -90, "width": 15, "height": 59 }
		}
	},
	"1": {
		"Rodney_body_normal": {
			"Body_change": { "name": "01_97_ship_attack", "rotation": -90, "width": 300, "height": 300 }
		},
		"Rodney_body_normal_light": {
			"Light_change": { "name": "01_light", "rotation": -90, "width": 300, "height": 300 }
		}
	},
	"2": {
		"Rodney_body_normal": {
			"Body_change": { "name": "02_99_ship_burst", "y": -4.44, "rotation": -90, "width": 300, "height": 300 }
		},
		"Rodney_body_normal_light": {
			"Light_change": { "name": "02_light", "y": -2.59, "rotation": -90, "width": 300, "height": 300 }
		}
	},
	"4": {
		"Rodney_body_normal": {
			"Body_change": { "name": "04_BF109", "rotation": -90, "width": 300, "height": 300 }
		},
		"Rodney_body_normal_light": {
			"Light_change": { "name": "04_light", "rotation": -90, "width": 300, "height": 300 }
		}
	},
	"5": {
		"Rodney_body_normal": {
			"Body_change": { "name": "05_F2a_buffalo", "rotation": -90, "width": 300, "height": 300 }
		},
		"Rodney_body_normal_light": {
			"Light_change": { "name": "05_light", "rotation": -90, "width": 300, "height": 300 }
		}
	},
	"6": {
		"Rodney_body_normal": {
			"Body_change": { "name": "06_F4F_wildcat", "rotation": -90, "width": 300, "height": 300 }
		},
		"Rodney_body_normal_light": {
			"Light_change": { "name": "06_light", "rotation": -90, "width": 300, "height": 300 }
		}
	},
	"7": {
		"Rodney_body_normal": {
			"Body_change": { "name": "07_F6F_hell_cat", "rotation": -90, "width": 300, "height": 300 }
		},
		"Rodney_body_normal_light": {
			"Light_change": { "name": "07_light", "rotation": -90, "width": 300, "height": 300 }
		}
	},
	"8": {
		"Rodney_body_normal": {
			"Body_change": { "name": "08_ju87", "rotation": -90, "width": 300, "height": 300 }
		},
		"Rodney_body_normal_light": {
			"Light_change": { "name": "08_light", "rotation": -90, "width": 300, "height": 300 }
		}
	},
	"9": {
		"Rodney_body_normal": {
			"Body_change": { "name": "09_SBD_fearless", "rotation": -90, "width": 300, "height": 300 }
		},
		"Rodney_body_normal_light": {
			"Light_change": { "name": "09_light", "rotation": -90, "width": 300, "height": 300 }
		}
	},
	"10": {
		"Rodney_body_normal": {
			"Body_change": { "name": "10_TBD_torn", "rotation": -90, "width": 300, "height": 300 }
		},
		"Rodney_body_normal_light": {
			"Light_change": { "name": "10_light", "rotation": -90, "width": 300, "height": 300 }
		}
	},
	"11": {
		"Rodney_body_normal": {
			"Body_change": { "name": "11_TBF_revenge", "rotation": -90, "width": 300, "height": 300 }
		},
		"Rodney_body_normal_light": {
			"Light_change": { "name": "11_light", "rotation": -90, "width": 300, "height": 300 }
		}
	},
	"12": {
		"Rodney_body_normal": {
			"Body_change": { "name": "12_Sea_fire", "rotation": -90, "width": 300, "height": 300 }
		},
		"Rodney_body_normal_light": {
			"Light_change": { "name": "12_light", "rotation": -90, "width": 300, "height": 300 }
		}
	},
	"13": {
		"Rodney_body_normal": {
			"Body_change": { "name": "13_Comet", "rotation": -90, "width": 300, "height": 300 }
		},
		"Rodney_body_normal_light": {
			"Light_change": { "name": "13_light", "rotation": -90, "width": 300, "height": 300 }
		}
	},
	"14": {
		"Rodney_body_normal": {
			"Body_change": { "name": "14_Swordfish", "rotation": -90, "width": 300, "height": 300 }
		},
		"Rodney_body_normal_light": {
			"Light_change": { "name": "14_light", "rotation": -90, "width": 300, "height": 300 }
		}
	},
	"15": {
		"Rodney_body_normal": {
			"Body_change": { "name": "15_Zero", "rotation": -90, "width": 300, "height": 300 }
		},
		"Rodney_body_normal_light": {
			"Light_change": { "name": "15_light", "rotation": -90, "width": 300, "height": 300 }
		}
	},
	"16": {
		"Rodney_body_normal": {
			"Body_change": { "name": "16_Barracuda", "rotation": -90, "width": 300, "height": 300 }
		},
		"Rodney_body_normal_light": {
			"Light_change": { "name": "16_light", "rotation": -90, "width": 300, "height": 300 }
		}
	},
	"23": {
		"Rodney_body_normal": {
			"Body_change": { "name": "23_Sunny", "rotation": -90, "width": 300, "height": 300 }
		},
		"Rodney_body_normal_light": {
			"Light_change": { "name": "23_light", "rotation": -90, "width": 300, "height": 300 }
		}
	},
	"24": {
		"Rodney_body_normal": {
			"Body_change": { "name": "airPlane_24", "rotation": -90, "width": 300, "height": 300 }
		},
		"Rodney_body_normal_light": {
			"Light_change": { "name": "airPlane_24_light", "rotation": -90, "width": 300, "height": 300 }
		}
	},
	"25": {
		"Rodney_body_normal": {
			"Body_change": { "name": "airPlane_25", "rotation": -90, "width": 300, "height": 300 }
		},
		"Rodney_body_normal_light": {
			"Light_change": { "name": "airPlane_25_light", "rotation": -90, "width": 300, "height": 300 }
		}
	},
	"26": {
		"Rodney_body_normal": {
			"Body_change": { "name": "airPlane_26", "rotation": -90, "width": 300, "height": 300 }
		},
		"Rodney_body_normal_light": {
			"Light_change": { "name": "airPlane_26_light", "rotation": -90, "width": 300, "height": 300 }
		}
	}
},
"events": {
	"attack_point": {},
	"crash_point": {},
	"damage_point": {}
},
"animations": {
	"attack": {
		"slots": {
			"Other": {
				"attachment": [
					{ "time": 0, "name": "Item_02" },
					{ "time": 0.0333, "name": "Item_03" },
					{ "time": 0.0666, "name": "Item_02" },
					{ "time": 0.1, "name": "Item_03" },
					{ "time": 0.1333, "name": "Item_02" },
					{ "time": 0.1666, "name": "Item_03" },
					{ "time": 0.2, "name": "Item_02" },
					{ "time": 0.2333, "name": "Item_03" },
					{ "time": 0.2666, "name": "Item_02" },
					{ "time": 0.3, "name": "Item_03" },
					{ "time": 0.3333, "name": "Item_02" },
					{ "time": 0.3666, "name": "Item_03" },
					{ "time": 0.4, "name": "Item_02" },
					{ "time": 0.4333, "name": "Item_03" },
					{ "time": 0.4666, "name": "Item_02" },
					{ "time": 0.5, "name": "Item_03" },
					{ "time": 0.5333, "name": "Item_02" },
					{ "time": 0.5666, "name": "Item_03" },
					{ "time": 0.6, "name": "Item_02" },
					{ "time": 0.6333, "name": "Item_03" },
					{ "time": 0.6666, "name": "Item_02" },
					{ "time": 0.7, "name": "Item_03" },
					{ "time": 0.7333, "name": "Item_02" },
					{ "time": 0.7666, "name": "Item_03" },
					{ "time": 0.8, "name": "Item_03" }
				]
			},
			"Rodney_body_normal_light": {
				"color": [
					{ "time": 0.0333, "color": "fffffffb" },
					{ "time": 0.1, "color": "ffffff00" },
					{ "time": 0.1333, "color": "fffffffd" },
					{ "time": 0.2, "color": "ffffff00" },
					{ "time": 0.2666, "color": "ffffffff" },
					{ "time": 0.3, "color": "ffffff00" },
					{ "time": 0.3333, "color": "ffffffff" },
					{ "time": 0.3666, "color": "ffffff00" },
					{ "time": 0.4, "color": "ffffffff" },
					{ "time": 0.4666, "color": "ffffff00" },
					{ "time": 0.5, "color": "ffffffff" },
					{ "time": 0.5666, "color": "ffffff00" },
					{ "time": 0.6333, "color": "ffffffff" },
					{ "time": 0.6666, "color": "ffffff00" },
					{ "time": 0.7, "color": "ffffffff" },
					{ "time": 0.7333, "color": "ffffff00" },
					{ "time": 0.7666, "color": "ffffffff" },
					{ "time": 0.8, "color": "ffffff00" }
				],
				"attachment": [
					{ "time": 0, "name": "Light_change" },
					{ "time": 0.8, "name": null }
				]
			}
		},
		"bones": {
			"Root_All": {
				"rotate": [
					{ "time": 0, "angle": 0 }
				],
				"translate": [
					{ "time": 0, "x": 0, "y": 0 }
				]
			},
			"Body": {
				"rotate": [
					{ "time": 0, "angle": 0, "curve": "stepped" },
					{ "time": 0.8, "angle": 0 }
				],
				"translate": [
					{
						"time": 0,
						"x": 0,
						"y": -126.57,
						"curve": [ 0.167, 0.49, 0.75, 1 ]
					},
					{
						"time": 0.4333,
						"x": 0,
						"y": -133.47,
						"curve": [ 0.332, 0.56, 0.56, 0.74 ]
					},
					{ "time": 0.8, "x": 0, "y": -126.57 }
				]
			},
			"Ship_All": {
				"rotate": [
					{ "time": 0, "angle": 0 }
				],
				"translate": [
					{ "time": 0, "x": 0, "y": 0 }
				]
			},
			"Attack_Point": {
				"rotate": [
					{ "time": 0.0333, "angle": 0 }
				],
				"translate": [
					{ "time": 0.0333, "x": 0, "y": 0 }
				]
			}
		},
		"events": [
			{ "time": 0.0333, "name": "attack_point" }
		]
	},
	"normal": {
		"slots": {
			"Other": {
				"attachment": [
					{ "time": 0, "name": "Item_02" },
					{ "time": 0.0333, "name": "Item_03" },
					{ "time": 0.0666, "name": "Item_02" },
					{ "time": 0.1, "name": "Item_03" },
					{ "time": 0.1333, "name": "Item_02" },
					{ "time": 0.1666, "name": "Item_03" },
					{ "time": 0.2, "name": "Item_02" },
					{ "time": 0.2333, "name": "Item_03" },
					{ "time": 0.2666, "name": "Item_02" },
					{ "time": 0.3, "name": "Item_03" },
					{ "time": 0.3333, "name": "Item_02" },
					{ "time": 0.3666, "name": "Item_03" },
					{ "time": 0.4, "name": "Item_02" },
					{ "time": 0.4333, "name": "Item_03" },
					{ "time": 0.4666, "name": "Item_02" },
					{ "time": 0.5, "name": "Item_03" },
					{ "time": 0.5333, "name": "Item_02" },
					{ "time": 0.5666, "name": "Item_03" },
					{ "time": 0.6, "name": "Item_02" },
					{ "time": 0.6333, "name": "Item_03" },
					{ "time": 0.6666, "name": "Item_02" },
					{ "time": 0.7, "name": "Item_03" },
					{ "time": 0.7333, "name": "Item_02" },
					{ "time": 0.7666, "name": "Item_03" },
					{ "time": 0.8, "name": "Item_03" }
				]
			},
			"Rodney_body_normal_light": {
				"attachment": [
					{ "time": 0, "name": null }
				]
			}
		},
		"bones": {
			"Root_All": {
				"rotate": [
					{ "time": 0, "angle": 0 }
				],
				"translate": [
					{ "time": 0, "x": 0, "y": 0 }
				]
			},
			"Ship_All": {
				"rotate": [
					{ "time": 0, "angle": 0 }
				],
				"translate": [
					{ "time": 0, "x": 0, "y": 0 }
				]
			},
			"Body": {
				"rotate": [
					{ "time": 0, "angle": 0, "curve": "stepped" },
					{ "time": 0.8, "angle": 0 }
				],
				"translate": [
					{
						"time": 0,
						"x": 0,
						"y": -126.57,
						"curve": [ 0.167, 0.49, 0.75, 1 ]
					},
					{
						"time": 0.4333,
						"x": 0,
						"y": -133.47,
						"curve": [ 0.332, 0.56, 0.56, 0.74 ]
					},
					{ "time": 0.8, "x": 0, "y": -126.57 }
				]
			}
		}
	}
}
}