{
"skeleton": { "hash": "HjZgE9KS0OizI6qucp+eZ+/Pp00", "spine": "3.2.01", "width": 600.3, "height": 1045.79, "images": "" },
"bones": [
	{ "name": "root" },
	{ "name": "bone", "parent": "root" },
	{ "name": "bone2", "parent": "bone" },
	{ "name": "TS", "parent": "bone2" },
	{ "name": "1", "parent": "TS", "y": -65.19 },
	{ "name": "H1", "parent": "1", "x": -15.71, "y": 698.93 },
	{ "name": "H2", "parent": "1", "x": 135.68, "y": 626.45 },
	{ "name": "H3", "parent": "1", "x": -118.48, "y": 715.69 },
	{ "name": "PZ", "parent": "TS" },
	{ "name": "T1", "parent": "1", "x": -1.65, "y": 531.02 },
	{ "name": "T2", "parent": "TS" },
	{ "name": "TDH1", "parent": "1", "x": 21.99, "y": 658.19 },
	{ "name": "TDH2", "parent": "1", "x": -10.81, "y": 651.56 },
	{ "name": "TDH3", "parent": "1", "x": -134.73, "y": 576.97 },
	{ "name": "TDQ", "parent": "1", "x": -111.15, "y": 549.55 },
	{ "name": "V1", "parent": "1", "x": -21.7, "y": 544.68 },
	{ "name": "YZ", "parent": "TS" },
	{ "name": "shadow", "parent": "TS" },
	{ "name": "ss", "parent": "TS" }
],
"slots": [
	{ "name": "PZ", "bone": "PZ", "attachment": "PZ" },
	{ "name": "shadow2", "bone": "shadow", "attachment": "shadow2" },
	{ "name": "SS1", "bone": "ss", "attachment": "SS1" },
	{ "name": "T2", "bone": "T2", "attachment": "T2" },
	{ "name": "H1", "bone": "H1", "attachment": "H1" },
	{ "name": "H2", "bone": "H2", "attachment": "H2" },
	{ "name": "TDH3", "bone": "TDH3", "attachment": "TDH3" },
	{ "name": "T1", "bone": "T1", "attachment": "T1" },
	{ "name": "TDH1", "bone": "TDH1", "attachment": "TDH1" },
	{ "name": "TDH2", "bone": "TDH2", "attachment": "TDH2" },
	{ "name": "H3", "bone": "H3", "attachment": "H3" },
	{ "name": "TDQ", "bone": "TDQ", "attachment": "TDQ" },
	{ "name": "V1", "bone": "V1", "attachment": "V1" },
	{ "name": "YZ", "bone": "YZ", "attachment": "YZ" }
],
"skins": {
	"default": {
		"H1": {
			"H1": { "x": 7.11, "y": -149.78, "width": 600, "height": 600 }
		},
		"H2": {
			"H2": { "x": -144.29, "y": -77.3, "width": 600, "height": 600 }
		},
		"H3": {
			"H3": { "x": 109.88, "y": -166.55, "width": 600, "height": 600 }
		},
		"PZ": {
			"PZ": { "x": -8.42, "y": 51.28, "width": 600, "height": 600 }
		},
		"SS1": {
			"SS1": { "x": -8.29, "y": 43.13, "width": 600, "height": 600 },
			"SS2": { "x": -8.29, "y": 43.13, "width": 600, "height": 600 }
		},
		"T1": {
			"T1": { "x": -6.94, "y": 23.1, "width": 600, "height": 600 }
		},
		"T2": {
			"T2": { "x": -8.6, "y": 47.31, "width": 600, "height": 600 },
			"T3": { "x": -8.6, "y": 47.31, "width": 600, "height": 600 },
			"T4": { "x": -8.6, "y": 47.31, "width": 600, "height": 600 }
		},
		"TDH1": {
			"TDH1": { "x": -30.59, "y": -109.05, "width": 600, "height": 600 }
		},
		"TDH2": {
			"TDH2": { "x": 2.21, "y": -102.41, "width": 600, "height": 600 }
		},
		"TDH3": {
			"TDH3": { "x": 126.13, "y": -27.83, "width": 600, "height": 600 }
		},
		"TDQ": {
			"TDQ": { "x": 102.55, "y": -0.4, "width": 600, "height": 600 }
		},
		"V1": {
			"V1": { "x": 13.1, "y": 4.46, "width": 600, "height": 600 }
		},
		"YZ": {
			"YZ": { "x": -8.29, "y": 43.13, "width": 600, "height": 600 },
			"YZ_A": { "x": -8.29, "y": 43.13, "width": 600, "height": 600 }
		},
		"shadow2": {
			"shadow2": { "x": -8.29, "y": 43.13, "width": 600, "height": 600 },
			"shadow3": { "x": -8.29, "y": 43.13, "width": 600, "height": 600 },
			"shadow4": { "x": -8.29, "y": 43.13, "width": 600, "height": 600 }
		}
	}
},
"animations": {
	"eat": {
		"slots": {
			"H1": {
				"color": [
					{ "time": 0, "color": "ffffff00" }
				]
			},
			"H2": {
				"color": [
					{ "time": 0, "color": "ffffff00" }
				]
			},
			"H3": {
				"color": [
					{ "time": 0, "color": "ffffff00" }
				]
			},
			"SS1": {
				"color": [
					{ "time": 0, "color": "ffffff00" },
					{ "time": 0.5, "color": "ffffffd7" },
					{ "time": 1, "color": "ffffff39" },
					{ "time": 1.5, "color": "ffffffce" },
					{ "time": 2, "color": "ffffff84" },
					{ "time": 2.5, "color": "ffffffcc" },
					{ "time": 3, "color": "ffffff88" },
					{ "time": 3.5, "color": "ffffffdd" },
					{ "time": 4, "color": "fffffffb" }
				],
				"attachment": [
					{ "time": 3, "name": "SS2" }
				]
			},
			"T1": {
				"color": [
					{ "time": 0, "color": "ffffff00" }
				]
			},
			"T2": {
				"color": [
					{ "time": 0.1666, "color": "ffffffff" },
					{ "time": 0.5, "color": "ffffffa4" },
					{ "time": 0.8333, "color": "ffffffe4" },
					{ "time": 1.1666, "color": "ffffffb1", "curve": "stepped" },
					{ "time": 1.5, "color": "ffffffb1" },
					{ "time": 1.8333, "color": "ffffffff" },
					{ "time": 2.1666, "color": "ffffffbf" },
					{ "time": 2.5, "color": "fffffff7" },
					{ "time": 2.8333, "color": "ffffffa5" },
					{ "time": 3.1666, "color": "ffffffd0" },
					{ "time": 3.5, "color": "ffffffee" },
					{ "time": 3.8333, "color": "ffffffc2" },
					{ "time": 4, "color": "ffffff00" }
				],
				"attachment": [
					{ "time": 0, "name": "T2" },
					{ "time": 1.5, "name": "T3" },
					{ "time": 2.8333, "name": "T4" }
				]
			},
			"TDH1": {
				"color": [
					{ "time": 0, "color": "ffffff00" }
				]
			},
			"TDH2": {
				"color": [
					{ "time": 0, "color": "ffffff00" }
				]
			},
			"TDH3": {
				"color": [
					{ "time": 0, "color": "ffffff00" }
				]
			},
			"TDQ": {
				"color": [
					{ "time": 0, "color": "ffffff00" }
				]
			},
			"V1": {
				"color": [
					{ "time": 0, "color": "ffffff00" }
				]
			},
			"YZ": {
				"color": [
					{ "time": 2.8333, "color": "ffffff00" }
				],
				"attachment": [
					{ "time": 1.5, "name": "YZ_A" }
				]
			},
			"shadow2": {
				"color": [
					{ "time": 0, "color": "ffffffff" },
					{ "time": 0.3333, "color": "ffffffb5" },
					{ "time": 0.8333, "color": "ffffffff" },
					{ "time": 1.5, "color": "ffffffcb" },
					{ "time": 4, "color": "ffffff12" }
				],
				"attachment": [
					{ "time": 1.5, "name": "shadow3" },
					{ "time": 2.8333, "name": "shadow4" },
					{ "time": 4, "name": null }
				]
			}
		},
		"bones": {
			"PZ": {
				"rotate": [
					{ "time": 0, "angle": 0 }
				],
				"translate": [
					{ "time": 0, "x": 0, "y": 0 }
				],
				"scale": [
					{ "time": 0, "x": 1, "y": 1 }
				]
			},
			"TS": {
				"rotate": [
					{ "time": 0, "angle": 0, "curve": "stepped" },
					{ "time": 3.6666, "angle": 0 }
				],
				"translate": [
					{ "time": 0, "x": 0, "y": 0 }
				],
				"scale": [
					{ "time": 0, "x": 1, "y": 1 }
				]
			},
			"T2": {
				"scale": [
					{ "time": 0, "x": 1, "y": 1 },
					{ "time": 1.4333, "x": 0.959, "y": 0.959 },
					{ "time": 1.5, "x": 1, "y": 1 },
					{ "time": 2.7666, "x": 0.959, "y": 0.959 },
					{ "time": 2.8333, "x": 1, "y": 1 },
					{ "time": 3, "x": 1.04, "y": 1.04 },
					{ "time": 3.1666, "x": 1, "y": 1 }
				]
			}
		}
	},
	"normal": {
		"slots": {
			"H1": {
				"color": [
					{ "time": 0, "color": "ffffff00" }
				]
			},
			"H2": {
				"color": [
					{ "time": 0, "color": "ffffff00" }
				]
			},
			"H3": {
				"color": [
					{ "time": 0, "color": "ffffff00" }
				]
			},
			"SS1": {
				"color": [
					{ "time": 0, "color": "ffffff00" }
				]
			},
			"T1": {
				"color": [
					{ "time": 0, "color": "ffffff00" }
				]
			},
			"TDH1": {
				"color": [
					{ "time": 0, "color": "ffffff00" }
				]
			},
			"TDH2": {
				"color": [
					{ "time": 0, "color": "ffffff00" }
				]
			},
			"TDH3": {
				"color": [
					{ "time": 0, "color": "ffffff00" }
				]
			},
			"TDQ": {
				"color": [
					{ "time": 0, "color": "ffffff00" }
				]
			},
			"V1": {
				"color": [
					{ "time": 0, "color": "ffffff00" }
				]
			}
		},
		"bones": {
			"PZ": {
				"rotate": [
					{ "time": 0, "angle": 0, "curve": "stepped" },
					{ "time": 1, "angle": 0 }
				],
				"translate": [
					{ "time": 0, "x": 0, "y": 0, "curve": "stepped" },
					{ "time": 1, "x": 0, "y": 0 }
				],
				"scale": [
					{ "time": 0, "x": 1, "y": 1, "curve": "stepped" },
					{ "time": 1, "x": 1, "y": 1 }
				]
			},
			"TS": {
				"rotate": [
					{ "time": 0, "angle": 0, "curve": "stepped" },
					{ "time": 2, "angle": 0 }
				],
				"translate": [
					{ "time": 0, "x": 0, "y": 0, "curve": "stepped" },
					{ "time": 2, "x": 0, "y": 0 }
				],
				"scale": [
					{ "time": 0, "x": 1, "y": 1 },
					{ "time": 1, "x": 0.99, "y": 0.99 },
					{ "time": 2, "x": 1, "y": 1 }
				]
			},
			"YZ": {
				"scale": [
					{ "time": 0, "x": 1, "y": 1 },
					{ "time": 1, "x": 0.969, "y": 0.969 },
					{ "time": 2, "x": 1, "y": 1 }
				]
			}
		}
	},
	"normal2": {
		"slots": {
			"H1": {
				"color": [
					{ "time": 0, "color": "ffffff00" }
				]
			},
			"H2": {
				"color": [
					{ "time": 0, "color": "ffffff00" }
				]
			},
			"H3": {
				"color": [
					{ "time": 0, "color": "ffffff00" }
				]
			},
			"PZ": {
				"attachment": [
					{ "time": 0, "name": "PZ" }
				]
			},
			"SS1": {
				"attachment": [
					{ "time": 0, "name": "SS2" }
				]
			},
			"T1": {
				"color": [
					{ "time": 0, "color": "ffffff00" }
				]
			},
			"T2": {
				"color": [
					{ "time": 0, "color": "ffffff00" }
				],
				"attachment": [
					{ "time": 0, "name": "T4" }
				]
			},
			"TDH1": {
				"color": [
					{ "time": 0, "color": "ffffff00" }
				]
			},
			"TDH2": {
				"color": [
					{ "time": 0, "color": "ffffff00" }
				]
			},
			"TDH3": {
				"color": [
					{ "time": 0, "color": "ffffff00" }
				]
			},
			"TDQ": {
				"color": [
					{ "time": 0, "color": "ffffff00" }
				]
			},
			"V1": {
				"color": [
					{ "time": 0, "color": "ffffff00" }
				]
			},
			"YZ": {
				"color": [
					{ "time": 0, "color": "ffffff00" }
				]
			},
			"shadow2": {
				"color": [
					{ "time": 0, "color": "ffffff00" }
				],
				"attachment": [
					{ "time": 0, "name": "shadow4" }
				]
			}
		},
		"bones": {
			"PZ": {
				"rotate": [
					{ "time": 0, "angle": 0, "curve": "stepped" },
					{ "time": 1, "angle": 0 }
				],
				"translate": [
					{ "time": 0, "x": 0, "y": 0, "curve": "stepped" },
					{ "time": 1, "x": 0, "y": 0 }
				],
				"scale": [
					{ "time": 0, "x": 1, "y": 1, "curve": "stepped" },
					{ "time": 1, "x": 1, "y": 1 }
				]
			},
			"TS": {
				"rotate": [
					{ "time": 0, "angle": 0, "curve": "stepped" },
					{ "time": 2, "angle": 0 }
				],
				"translate": [
					{ "time": 0, "x": 0, "y": 0, "curve": "stepped" },
					{ "time": 2, "x": 0, "y": 0 }
				],
				"scale": [
					{ "time": 0, "x": 1, "y": 1 },
					{ "time": 1, "x": 0.99, "y": 0.99 },
					{ "time": 2, "x": 1, "y": 1 }
				]
			}
		}
	},
	"start": {
		"slots": {
			"H1": {
				"color": [
					{ "time": 0, "color": "ffffff00", "curve": "stepped" },
					{ "time": 0.3333, "color": "ffffff00" },
					{ "time": 0.5, "color": "ffffffff", "curve": "stepped" },
					{ "time": 1, "color": "ffffffff" },
					{ "time": 1.1666, "color": "ffffff00" }
				]
			},
			"H2": {
				"color": [
					{ "time": 0, "color": "ffffff00", "curve": "stepped" },
					{ "time": 0.3333, "color": "ffffff00" },
					{ "time": 0.5, "color": "ffffffff", "curve": "stepped" },
					{ "time": 1, "color": "ffffffff" },
					{ "time": 1.1666, "color": "ffffff00" }
				]
			},
			"H3": {
				"color": [
					{ "time": 0, "color": "ffffff00", "curve": "stepped" },
					{ "time": 0.3333, "color": "ffffff00" },
					{ "time": 0.5, "color": "ffffffff", "curve": "stepped" },
					{ "time": 1, "color": "ffffffff" },
					{ "time": 1.1666, "color": "ffffff00" }
				]
			},
			"PZ": {
				"color": [
					{ "time": 0, "color": "ffffff00" },
					{ "time": 0.2666, "color": "ffffffff" }
				]
			},
			"SS1": {
				"color": [
					{ "time": 0, "color": "ffffff00" }
				]
			},
			"T1": {
				"color": [
					{ "time": 0, "color": "ffffff00", "curve": "stepped" },
					{ "time": 0.1666, "color": "ffffff00" },
					{ "time": 0.3333, "color": "ffffffff", "curve": "stepped" },
					{ "time": 0.8333, "color": "ffffffff" },
					{ "time": 1, "color": "ffffff00" }
				]
			},
			"T2": {
				"color": [
					{ "time": 0, "color": "ffffff00", "curve": "stepped" },
					{ "time": 0.8, "color": "ffffff00" },
					{ "time": 0.8666, "color": "ffffff24" },
					{ "time": 1, "color": "ffffffff" }
				]
			},
			"TDH1": {
				"color": [
					{ "time": 0, "color": "ffffff00", "curve": "stepped" },
					{ "time": 0.3333, "color": "ffffff00" },
					{ "time": 0.5, "color": "ffffffff", "curve": "stepped" },
					{ "time": 1, "color": "ffffffff" },
					{ "time": 1.1666, "color": "ffffff00" }
				]
			},
			"TDH2": {
				"color": [
					{ "time": 0, "color": "ffffff00", "curve": "stepped" },
					{ "time": 0.3333, "color": "ffffff00" },
					{ "time": 0.5, "color": "ffffffff", "curve": "stepped" },
					{ "time": 1, "color": "ffffffff" },
					{ "time": 1.1666, "color": "ffffff00" }
				]
			},
			"TDH3": {
				"color": [
					{ "time": 0, "color": "ffffff00", "curve": "stepped" },
					{ "time": 0.3333, "color": "ffffff00" },
					{ "time": 0.5, "color": "ffffffff", "curve": "stepped" },
					{ "time": 1, "color": "ffffffff" },
					{ "time": 1.1666, "color": "ffffff00" }
				]
			},
			"TDQ": {
				"color": [
					{ "time": 0, "color": "ffffff00", "curve": "stepped" },
					{ "time": 0.3333, "color": "ffffff00" },
					{ "time": 0.5, "color": "ffffffff", "curve": "stepped" },
					{ "time": 1, "color": "ffffffff" },
					{ "time": 1.1666, "color": "ffffff00" }
				]
			},
			"V1": {
				"color": [
					{ "time": 0, "color": "ffffff00", "curve": "stepped" },
					{ "time": 0.3333, "color": "ffffff00" },
					{ "time": 0.5, "color": "ffffffff", "curve": "stepped" },
					{ "time": 1, "color": "ffffffff" },
					{ "time": 1.1666, "color": "ffffff00" }
				]
			},
			"YZ": {
				"color": [
					{ "time": 0, "color": "ffffff00", "curve": "stepped" },
					{ "time": 0.9333, "color": "ffffff00" },
					{ "time": 1.3333, "color": "ffffffff" }
				]
			},
			"shadow2": {
				"color": [
					{ "time": 0, "color": "ffffff00", "curve": "stepped" },
					{ "time": 0.3333, "color": "ffffff00", "curve": "stepped" },
					{ "time": 0.8333, "color": "ffffff00" },
					{ "time": 0.9, "color": "ffffff56" },
					{ "time": 1.5, "color": "ffffffff" }
				]
			}
		},
		"bones": {
			"PZ": {
				"rotate": [
					{ "time": 1.5, "angle": 0 }
				],
				"translate": [
					{ "time": 0, "x": 0, "y": 59.49 },
					{ "time": 0.2666, "x": 0, "y": 0, "curve": "stepped" },
					{ "time": 1.5, "x": 0, "y": 0 }
				],
				"scale": [
					{ "time": 0, "x": 0.527, "y": 0.527 },
					{ "time": 0.2666, "x": 1, "y": 1, "curve": "stepped" },
					{ "time": 1.5, "x": 1, "y": 1 }
				]
			},
			"TS": {
				"rotate": [
					{ "time": 1.5, "angle": 0 }
				],
				"translate": [
					{ "time": 1.5, "x": 0, "y": 0 }
				],
				"scale": [
					{ "time": 1.5, "x": 1, "y": 1 }
				]
			},
			"T2": {
				"scale": [
					{ "time": 0.8666, "x": 0.959, "y": 0.959 },
					{ "time": 1.4333, "x": 1, "y": 1 }
				]
			},
			"H1": {
				"rotate": [
					{ "time": 0.3333, "angle": 0.81 },
					{ "time": 1.1, "angle": 39.03 }
				],
				"translate": [
					{ "time": 0.3333, "x": 0, "y": 103.29 },
					{ "time": 1.1, "x": 0, "y": -387.24 }
				]
			},
			"TDH1": {
				"rotate": [
					{ "time": 0.3333, "angle": 2.94 },
					{ "time": 1.1, "angle": -28.69 }
				],
				"translate": [
					{ "time": 0.3333, "x": 0, "y": 109.85 },
					{ "time": 1.1, "x": 0, "y": -510.12 }
				]
			},
			"H2": {
				"rotate": [
					{ "time": 0.3333, "angle": 8.78 },
					{ "time": 1.1, "angle": 74.41 }
				],
				"translate": [
					{ "time": 0.3333, "x": 0, "y": 156 },
					{ "time": 1.1, "x": 0, "y": -331.06 }
				]
			},
			"TDH2": {
				"rotate": [
					{ "time": 0.3333, "angle": 2.94 },
					{ "time": 1.1, "angle": -28.69 }
				],
				"translate": [
					{ "time": 0.3333, "x": 0, "y": 109.85 },
					{ "time": 1.1, "x": 0, "y": -469.37 }
				]
			},
			"TDH3": {
				"rotate": [
					{ "time": 0.3333, "angle": 2.94 },
					{ "time": 1.1, "angle": -28.69 }
				],
				"translate": [
					{ "time": 0.3333, "x": 0, "y": 109.85 },
					{ "time": 1.1, "x": 0, "y": -437.19 }
				]
			},
			"T1": {
				"rotate": [
					{ "time": 0.1666, "angle": 3.47 },
					{ "time": 0.9333, "angle": -3.79 }
				],
				"translate": [
					{ "time": 0.1666, "x": 0, "y": 5.53 },
					{ "time": 0.9333, "x": 0, "y": -296.95 }
				],
				"scale": [
					{ "time": 0.1666, "x": 0.879, "y": 0.879 },
					{ "time": 0.9333, "x": 1.003, "y": 1.003 }
				]
			},
			"H3": {
				"rotate": [
					{ "time": 0.3333, "angle": 2.06 },
					{ "time": 1.1, "angle": -47.47 }
				],
				"translate": [
					{ "time": 0.3333, "x": 0, "y": 258.32 },
					{ "time": 1.1, "x": 0, "y": -522.03 }
				],
				"scale": [
					{ "time": 0.3333, "x": 0.79, "y": 0.79 },
					{ "time": 1.1, "x": 1, "y": 1 }
				]
			},
			"TDQ": {
				"rotate": [
					{ "time": 0.3333, "angle": 2.94 },
					{ "time": 1.1, "angle": -28.69 }
				],
				"translate": [
					{ "time": 0.3333, "x": 0, "y": 39.63 },
					{ "time": 1.1, "x": 0, "y": -453.36 }
				]
			},
			"V1": {
				"rotate": [
					{ "time": 0.3333, "angle": -9.17 },
					{ "time": 0.6666, "angle": -109.86 },
					{ "time": 1, "angle": 78.67 },
					{ "time": 1.1666, "angle": -5.1 }
				],
				"translate": [
					{ "time": 0.3333, "x": 0, "y": 180.43 },
					{ "time": 1.1666, "x": 0, "y": -288.27 }
				],
				"scale": [
					{ "time": 0.3333, "x": 0.9, "y": 0.9 },
					{ "time": 1.1666, "x": 1, "y": 1 }
				]
			},
			"shadow": {
				"scale": [
					{ "time": 0.3333, "x": 0.79, "y": 0.79 },
					{ "time": 1.1, "x": 1, "y": 1 }
				]
			}
		}
	}
}
}