{
"skeleton": { "hash": "6ZRdqtml6ORjewrA8GBUyM0WFt8", "spine": "3.2.01", "width": 181, "height": 207, "images": "" },
"bones": [
	{ "name": "root" },
	{ "name": "骨骼", "parent": "root" },
	{ "name": "骨骼2", "parent": "骨骼" },
	{ "name": "body", "parent": "骨骼2", "length": 125.09, "rotation": 98.81, "x": 0.28, "y": 1.18 },
	{ "name": "cap", "parent": "body", "length": 21.74, "rotation": -4.82, "x": 143.19, "y": -1.78 },
	{ "name": "hand_L", "parent": "body", "length": 28.45, "rotation": 118.25, "x": 81.01, "y": 31.85 },
	{ "name": "hand_R", "parent": "body", "length": 28.68, "rotation": -59.52, "x": 87.57, "y": -34.51 }
],
"slots": [
	{ "name": "shadow", "bone": "骨骼2", "attachment": "shadow" },
	{ "name": "hand_L", "bone": "hand_L", "attachment": "hand_L" },
	{ "name": "hand_R", "bone": "hand_R", "attachment": "hand_R" },
	{ "name": "A", "bone": "body", "attachment": "A" },
	{ "name": "cap", "bone": "cap", "attachment": "cap" }
],
"skins": {
	"default": {
		"A": {
			"A": { "x": 86.22, "y": -3.97, "rotation": -98.81, "width": 181, "height": 207 }
		},
		"cap": {
			"cap": { "x": -56.59, "y": -6.97, "rotation": -93.99, "width": 181, "height": 207 }
		},
		"hand_L": {
			"hand_L": { "x": -34.02, "y": 12.38, "rotation": 142.92, "width": 181, "height": 207 }
		},
		"hand_R": {
			"hand_R": { "x": -27, "y": 14.32, "rotation": -39.28, "width": 181, "height": 207 }
		},
		"shadow": {
			"shadow": { "x": -9, "y": 86.99, "width": 181, "height": 207 }
		}
	}
},
"animations": {
	"normal": {
		"bones": {
			"骨骼2": {
				"rotate": [
					{ "time": 0, "angle": 0, "curve": "stepped" },
					{ "time": 2, "angle": 0 }
				],
				"translate": [
					{ "time": 0, "x": 0, "y": 0, "curve": "stepped" },
					{ "time": 2, "x": 0, "y": 0 }
				]
			},
			"hand_R": {
				"rotate": [
					{ "time": 0, "angle": 0 },
					{ "time": 0.5, "angle": 3.17 },
					{
						"time": 1,
						"angle": 9.51,
						"curve": [ 0.243, 0, 0.648, 0.6 ]
					},
					{
						"time": 1.5,
						"angle": 2.7,
						"curve": [ 0.382, 0.57, 0.735, 1 ]
					},
					{ "time": 2, "angle": 0 }
				],
				"translate": [
					{ "time": 0, "x": 0, "y": 0, "curve": "stepped" },
					{ "time": 0.5, "x": 0, "y": 0, "curve": "stepped" },
					{ "time": 1.5, "x": 0, "y": 0, "curve": "stepped" },
					{ "time": 2, "x": 0, "y": 0 }
				]
			},
			"hand_L": {
				"rotate": [
					{ "time": 0, "angle": 0 },
					{ "time": 0.5, "angle": 2.7 },
					{
						"time": 1,
						"angle": 8.12,
						"curve": [ 0.243, 0, 0.648, 0.6 ]
					},
					{
						"time": 1.5,
						"angle": 2.3,
						"curve": [ 0.382, 0.57, 0.735, 1 ]
					},
					{ "time": 2, "angle": 0 }
				],
				"translate": [
					{ "time": 0, "x": 0, "y": 0, "curve": "stepped" },
					{ "time": 0.5, "x": 0, "y": 0, "curve": "stepped" },
					{ "time": 1.5, "x": 0, "y": 0, "curve": "stepped" },
					{ "time": 2, "x": 0, "y": 0 }
				]
			},
			"cap": {
				"rotate": [
					{ "time": 0, "angle": 0 },
					{ "time": 0.5, "angle": 0.89 },
					{
						"time": 1,
						"angle": 2.67,
						"curve": [ 0.243, 0, 0.648, 0.6 ]
					},
					{
						"time": 1.5,
						"angle": 0.75,
						"curve": [ 0.382, 0.57, 0.735, 1 ]
					},
					{ "time": 2, "angle": 0 }
				],
				"translate": [
					{ "time": 0, "x": 0, "y": 0, "curve": "stepped" },
					{ "time": 0.5, "x": 0, "y": 0 },
					{ "time": 1, "x": -1.33, "y": 0.17 },
					{ "time": 1.5, "x": 0, "y": 0, "curve": "stepped" },
					{ "time": 2, "x": 0, "y": 0 }
				]
			},
			"body": {
				"rotate": [
					{ "time": 0, "angle": 0 },
					{ "time": 0.5, "angle": -0.42 },
					{
						"time": 1,
						"angle": -1.27,
						"curve": [ 0.243, 0, 0.648, 0.6 ]
					},
					{
						"time": 1.5,
						"angle": -0.36,
						"curve": [ 0.382, 0.57, 0.735, 1 ]
					},
					{ "time": 2, "angle": 0 }
				],
				"translate": [
					{ "time": 0, "x": 0, "y": 0, "curve": "stepped" },
					{ "time": 0.5, "x": 0, "y": 0, "curve": "stepped" },
					{ "time": 1.5, "x": 0, "y": 0, "curve": "stepped" },
					{ "time": 2, "x": 0, "y": 0 }
				]
			}
		}
	}
}
}