{
"skeleton": { "hash": "w8WBrFQGnRZGb9870J3ANi+eZ70", "spine": "3.2.01", "width": 312.8, "height": 312.17, "images": "" },
"bones": [
	{ "name": "Root_All", "x": 5.76, "y": 9.39, "scaleX": 1.01, "scaleY": 1.01 },
	{ "name": "Ship_All", "parent": "Root_All", "x": 13.23, "y": 15.26 },
	{ "name": "Body", "parent": "Ship_All", "length": 255.84, "rotation": 90, "x": -5.11, "y": -19.41 },
	{ "name": "Antiaircraft", "parent": "Body", "length": 44.62, "rotation": -90, "x": 194.31, "y": -53.43 },
	{ "name": "Attack_Point", "parent": "Body", "length": 25.69, "rotation": -88.64, "x": 94.02, "y": -57.27 },
	{ "name": "Damage_Point", "parent": "Body", "length": 22.56, "rotation": -90, "x": 107.06, "y": -3.68 },
	{ "name": "Dialogue", "parent": "Body", "length": 57.85, "rotation": -90, "x": 196.89, "y": -52.07 },
	{ "name": "Expression", "parent": "Body", "length": 46.33, "rotation": -42.65, "x": 208.88, "y": -46.37 },
	{ "name": "Head", "parent": "Body", "length": 66.72, "rotation": -0.9, "x": 131.91, "y": 11.39 },
	{ "name": "Face", "parent": "Head", "length": 66.94, "rotation": -89.09, "x": 47.91, "y": 21 },
	{ "name": "hand_R", "parent": "Body", "length": 31.3, "rotation": -161.62, "x": 122.95, "y": 9.06 },
	{ "name": "R2", "parent": "hand_R", "length": 23.02, "rotation": -7.18, "x": 26.1, "y": -1.55 },
	{ "name": "G", "parent": "R2", "length": 56.15, "rotation": -60.1, "x": 22.08, "y": -0.97 },
	{ "name": "GX", "parent": "G", "length": 9.99, "rotation": 2.66, "x": -114.29, "y": -28.27 },
	{ "name": "JB", "parent": "Body", "length": 70.18, "rotation": -148.11, "x": 91.34, "y": 36.07 },
	{ "name": "hand_L", "parent": "Body", "length": 18.9, "rotation": 127.03, "x": 125.56, "y": 35.27 },
	{ "name": "L2", "parent": "hand_L", "length": 20.39, "rotation": 113.41, "x": 18.79, "y": -1.52 },
	{ "name": "JJJJJ", "parent": "L2", "length": 68.29, "rotation": -20.75, "x": 22.1, "y": -2.95 },
	{ "name": "JL", "parent": "Body", "length": 35.99, "rotation": 46.15, "x": -5.85, "y": 37.59 },
	{ "name": "JR", "parent": "Body", "length": 26.99, "rotation": -45.69, "x": 0.75, "y": -0.06 },
	{ "name": "Smoke_L1", "parent": "Body", "length": 51.75, "rotation": -54.55, "x": 95.72, "y": -18.74 },
	{ "name": "Smoke_R1", "parent": "Body", "length": 79.5, "rotation": 21.87, "x": 99.73, "y": 53.73 },
	{ "name": "Throw_Point", "parent": "Body", "length": 24.91, "rotation": -88.64, "x": 64.66, "y": -37.9 },
	{ "name": "X", "parent": "GX", "length": 18.95, "rotation": 179.09, "x": 234.98, "y": 1.15 },
	{ "name": "YL", "parent": "Body", "length": 14.83, "rotation": -177.74, "x": 127.14, "y": 17.56 },
	{ "name": "hair_D", "parent": "Head", "length": 17.61, "rotation": 144.37, "x": 62.75, "y": 53.48 },
	{ "name": "bone2", "parent": "hair_D", "length": 22.18, "rotation": -16.65, "x": 17.61, "y": -0.01 },
	{ "name": "bone3", "parent": "bone2", "length": 20.5, "rotation": -19.91, "x": 22.18, "y": -0.07 },
	{ "name": "bone4", "parent": "bone3", "length": 11.03, "rotation": -41.15, "x": 20.5, "y": -0.03 },
	{ "name": "bone5", "parent": "bone4", "length": 11.94, "rotation": -59.43, "x": 13.25, "y": -0.53 },
	{ "name": "hair", "parent": "Head", "length": 31.46, "rotation": -179.09, "x": 107.94, "y": 8.48 },
	{ "name": "hair_2", "parent": "hair", "length": 40, "x": 36.85 },
	{ "name": "hair_3", "parent": "hair_2", "length": 38.2, "x": 45.39 },
	{ "name": "hair_4", "parent": "hair_3", "length": 31.94, "rotation": -2.25, "x": 43.6 },
	{ "name": "z", "parent": "X", "length": 12.06, "rotation": 89.54, "x": 119.23, "y": 23.76 }
],
"slots": [
	{ "name": "JB", "bone": "JB", "attachment": "change" },
	{ "name": "hair", "bone": "hair", "attachment": "hair" },
	{ "name": "DD", "bone": "YL", "attachment": "D" },
	{ "name": "hand_R", "bone": "hand_R", "attachment": "hand_R" },
	{ "name": "Rodney_body_normal", "bone": "Body", "attachment": "change" },
	{ "name": "Light_Body", "bone": "Body", "attachment": "Rodney_ship_body_normal_light", "blend": "additive" },
	{ "name": "JL", "bone": "JL", "attachment": "JL" },
	{ "name": "JR", "bone": "JR", "attachment": "JR" },
	{ "name": "JR_light", "bone": "JR", "attachment": "JR_light" },
	{ "name": "hand_L", "bone": "hand_L", "attachment": "hand_L" },
	{ "name": "LLL", "bone": "YL", "attachment": "L" },
	{ "name": "head", "bone": "Head", "attachment": "change" },
	{ "name": "head_light", "bone": "Head", "attachment": "head_light", "blend": "additive" },
	{ "name": "Rodney_eyes_normal", "bone": "Face", "attachment": "Rodney_eyes_normal" },
	{ "name": "hand_R2", "bone": "R2", "attachment": "hand_r2" },
	{ "name": "GX", "bone": "GX", "attachment": "GX" },
	{ "name": "hand_L2", "bone": "L2", "attachment": "hand_L2" },
	{ "name": "G", "bone": "G", "attachment": "G" },
	{ "name": "JJJJ", "bone": "JJJJJ", "attachment": "J" },
	{ "name": "J_light", "bone": "JJJJJ", "attachment": "J_light", "blend": "additive" },
	{ "name": "hair_D", "bone": "hair_D", "attachment": "hair_2" },
	{ "name": "G_light", "bone": "G", "attachment": "G_light", "blend": "additive" }
],
"skins": {
	"default": {
		"DD": {
			"D": { "x": -2.96, "y": 9.62, "rotation": 87.74, "width": 300, "height": 300 }
		},
		"G": {
			"G": { "x": -27.34, "y": -52.54, "rotation": 138.91, "width": 300, "height": 300 }
		},
		"GX": {
			"GX": {
				"type": "weightedmesh",
				"uvs": [ 0, 0, 0.5, 0, 1, 0, 1, 0.5, 1, 1, 0.5, 1, 0, 1, 0, 0.5, 0.5, 0.5 ],
				"triangles": [ 7, 1, 8, 8, 2, 3, 6, 7, 8, 5, 8, 3, 6, 8, 5, 5, 3, 4, 7, 0, 1, 8, 1, 2 ],
				"vertices": [ 1, 13, -2.36999, -8.34, 1, 1, 13, -2.35999, 1.65, 1, 1, 13, -2.34999, 11.65, 1, 3, 13, 117.13, 11.54, 2.2E-4, 23, 117.99, -8.53, 0.02155, 34, -11.78, 5.57, 0.97822, 1, 23, -1.48, -10.3, 1, 1, 23, -1.62, -0.3, 1, 1, 23, -1.77, 9.68999, 1, 2, 23, 117.7, 11.46, 0.01627, 34, 8.2, 6.02, 0.98372, 2, 23, 117.84, 1.46, 0.01453, 34, -1.78, 5.79, 0.98546 ],
				"hull": 8,
				"edges": [ 0, 2, 2, 4, 4, 6, 6, 8, 8, 10, 10, 12, 12, 14, 14, 0 ],
				"width": 20,
				"height": 239
			}
		},
		"G_light": {
			"G_light": { "x": -26.83, "y": -52.81, "rotation": 138.91, "width": 300, "height": 300 }
		},
		"JJJJ": {
			"J": { "x": -16.11, "y": 33.7, "rotation": 50.3, "width": 300, "height": 300 }
		},
		"JL": {
			"JL": { "x": 76.31, "y": -116.44, "rotation": -136.15, "width": 300, "height": 300 }
		},
		"JR": {
			"JR": { "x": 82.35, "y": 101.59, "rotation": -44.3, "width": 300, "height": 300 }
		},
		"JR_light": {
			"JR_light": { "x": 82.35, "y": 101.59, "rotation": -44.3, "width": 300, "height": 300 }
		},
		"J_light": {
			"J_light": { "x": -15.19, "y": 34.38, "rotation": 50.3, "width": 300, "height": 300 }
		},
		"LLL": {
			"L": { "x": -0.99, "y": 7.13, "rotation": 87.74, "width": 300, "height": 300 }
		},
		"Light_Body": {
			"Rodney_ship_body_normal_light": { "x": 131.3, "y": 10.78, "rotation": -90, "width": 300, "height": 300 }
		},
		"Rodney_eyes_normal": {
			"Rodney_eyes_damage": { "x": 19.21, "y": -48.69, "width": 300, "height": 300 },
			"Rodney_eyes_normal": { "x": 19.21, "y": -48.69, "width": 300, "height": 300 }
		},
		"hair": {
			"hair": {
				"type": "weightedmesh",
				"uvs": [ 1, 0.07718, 1, 0.13981, 1, 0.20484, 1, 0.29397, 1, 0.39032, 1, 0.47945, 1, 0.56857, 1, 0.6577, 1, 0.75737, 1, 0.86004, 1, 0.9323, 1, 1, 0.92908, 1, 0.86211, 1, 0.77839, 1, 0.70724, 1, 0.62951, 1, 0.52934, 1, 0.44144, 1, 0.34516, 1, 0.26354, 1, 0.17145, 1, 0.1003, 1, 0.05635, 1, 0, 1, 0, 0.93712, 0, 0.85281, 0, 0.77091, 0, 0.70106, 0, 0.63838, 0, 0.56643, 0, 0.48667, 0, 0.40477, 0, 0.33492, 0, 0.25061, 0, 0.17835, 0, 0.10849, 0, 0.0555, 0, 0, 0.05007, 0, 0.1275, 0, 0.20075, 0, 0.26354, 0, 0.32214, 0, 0.40586, 0, 0.48539, 0, 0.56701, 0, 0.65491, 0, 0.747, 0, 0.81397, 0, 0.8956, 0, 0.9521, 0, 1, 0, 0.22798, 0.05171, 0.1871, 0.15687, 0.19672, 0.29523, 0.18951, 0.38932, 0.15344, 0.4585, 0.10295, 0.51662, 0.03803, 0.54429, 0.04044, 0.69096, 0.06929, 0.77674, 0.13901, 0.81272, 0.16306, 0.85699, 0.22798, 0.87637, 0.28809, 0.91234, 0.34579, 0.92341, 0.43235, 0.91511, 0.52852, 0.95385, 0.55738, 0.91788, 0.59585, 0.93448, 0.67519, 0.93171, 0.74492, 0.88467, 0.77377, 0.95385, 0.81945, 0.89297, 0.87956, 0.83486, 0.93727, 0.78504, 0.9565, 0.7048, 0.94448, 0.64115, 0.8988, 0.58027, 0.8459, 0.51108, 0.80983, 0.44744, 0.78819, 0.36995, 0.75934, 0.27586, 0.7353, 0.20391, 0.69442, 0.1375, 0.63191, 0.08769, 0.56073, 0.03623, 0.30749, 0.09886, 0.29912, 0.19521, 0.29075, 0.34696, 0.28238, 0.4939, 0.23633, 0.61916, 0.16518, 0.7131, 0.41423, 0.07959, 0.43516, 0.28915, 0.46027, 0.44332, 0.49167, 0.6577, 0.51678, 0.81427, 0.52934, 0.0844, 0.58166, 0.20484, 0.63817, 0.35178, 0.69049, 0.51317, 0.73863, 0.69383, 0.78886, 0.78296 ],
				"triangles": [ 12, 10, 11, 10, 12, 75, 13, 73, 74, 75, 12, 74, 12, 13, 74, 15, 73, 14, 13, 14, 73, 16, 71, 15, 15, 71, 73, 17, 70, 16, 16, 70, 71, 18, 68, 17, 70, 68, 69, 70, 17, 68, 18, 19, 67, 19, 66, 67, 18, 67, 68, 20, 65, 19, 19, 65, 66, 65, 20, 64, 22, 63, 21, 20, 21, 64, 21, 63, 64, 63, 22, 25, 25, 22, 23, 23, 24, 25, 71, 72, 73, 73, 72, 74, 68, 67, 69, 63, 26, 62, 26, 63, 25, 71, 70, 98, 75, 9, 10, 72, 71, 98, 67, 66, 98, 67, 98, 69, 98, 70, 69, 97, 98, 66, 75, 74, 104, 98, 103, 72, 74, 72, 104, 72, 103, 104, 65, 64, 92, 75, 76, 9, 76, 8, 9, 64, 63, 62, 75, 104, 76, 98, 97, 103, 76, 77, 8, 76, 104, 77, 104, 78, 77, 78, 103, 79, 78, 104, 103, 77, 7, 8, 77, 78, 7, 62, 26, 61, 97, 66, 65, 64, 62, 93, 97, 65, 92, 64, 93, 92, 26, 27, 61, 62, 61, 93, 27, 60, 61, 61, 60, 93, 27, 28, 60, 92, 93, 58, 28, 29, 60, 97, 102, 103, 103, 80, 79, 80, 102, 81, 80, 103, 102, 29, 59, 60, 93, 60, 58, 60, 59, 58, 92, 91, 97, 91, 96, 97, 97, 96, 102, 78, 6, 7, 78, 79, 6, 29, 30, 59, 58, 57, 92, 92, 57, 91, 30, 31, 59, 59, 31, 58, 57, 58, 32, 57, 56, 91, 58, 31, 32, 6, 79, 5, 79, 80, 5, 96, 101, 102, 102, 82, 81, 102, 101, 82, 5, 80, 4, 91, 90, 96, 91, 56, 90, 80, 81, 4, 57, 32, 56, 81, 82, 4, 90, 95, 96, 96, 95, 101, 32, 33, 56, 82, 3, 4, 56, 33, 55, 56, 55, 90, 54, 55, 34, 101, 83, 82, 82, 83, 3, 95, 100, 101, 101, 84, 83, 84, 100, 85, 84, 101, 100, 90, 89, 95, 90, 55, 89, 54, 36, 40, 34, 55, 33, 95, 89, 94, 55, 54, 89, 83, 2, 3, 95, 99, 100, 2, 83, 1, 84, 50, 1, 50, 84, 49, 1, 83, 84, 48, 49, 85, 54, 34, 35, 100, 86, 85, 1, 50, 0, 49, 84, 85, 54, 35, 36, 50, 51, 0, 36, 37, 39, 51, 52, 0, 36, 39, 40, 89, 88, 94, 88, 43, 94, 43, 44, 94, 95, 94, 99, 100, 99, 86, 89, 54, 88, 54, 53, 88, 53, 40, 41, 53, 54, 40, 85, 86, 48, 48, 86, 47, 53, 42, 88, 88, 42, 43, 99, 87, 86, 86, 87, 47, 47, 87, 46, 94, 45, 99, 99, 45, 87, 94, 44, 45, 37, 38, 39, 53, 41, 42, 87, 45, 46 ],
				"vertices": [ 4, 30, 19.83, 85.84, 0.26943, 31, -17.02, 85.84, 0.69263, 32, -62.42, 85.84, 0.03649, 33, -109.28, 81.65, 0.00143, 4, 30, 29.79, 85.81, 0.24049, 31, -7.06, 85.81, 0.69746, 32, -52.46, 85.81, 0.05625, 33, -99.33, 82.01, 0.00578, 4, 30, 40.13, 85.78, 0.20078, 31, 3.27, 85.78, 0.69695, 32, -42.12, 85.78, 0.08779, 33, -89, 82.37999, 0.01446, 4, 30, 54.3, 85.74, 0.14026, 31, 17.44, 85.74, 0.67237, 32, -27.95, 85.74, 0.14913, 33, -74.83999, 82.89, 0.03822, 4, 30, 69.62, 85.7, 0.08109, 31, 32.75999, 85.7, 0.60013, 32, -12.63, 85.7, 0.23053, 33, -59.53, 83.44999, 0.08821, 4, 30, 83.79, 85.66, 0.04087, 31, 46.93, 85.66, 0.49614, 32, 1.53, 85.66, 0.29927, 33, -45.36, 83.96, 0.1637, 4, 30, 97.96, 85.62, 0.01632, 31, 61.1, 85.62, 0.37431, 32, 15.7, 85.62, 0.33703, 33, -31.2, 84.47, 0.27232, 4, 30, 112.13, 85.58, 0.00461, 31, 75.26999, 85.58, 0.25779, 32, 29.87, 85.58, 0.32768, 33, -17.04, 84.98, 0.40989, 4, 30, 127.98, 85.53, 3.4E-4, 31, 91.12, 85.53, 0.15165, 32, 45.72, 85.53, 0.27461, 33, -1.2, 85.55, 0.57338, 3, 31, 107.44, 85.48, 0.0805, 32, 62.04, 85.48, 0.20765, 33, 15.1, 86.14, 0.71183, 3, 31, 118.93, 85.45, 0.05437, 32, 73.53, 85.45, 0.17472, 33, 26.58, 86.55, 0.77089, 3, 31, 129.69, 85.42, 0.04614, 32, 84.29, 85.42, 0.16271, 33, 37.34, 86.94, 0.79113, 3, 31, 129.66, 72.44, 0.04183, 32, 84.26, 72.44, 0.15397, 33, 37.81, 73.97, 0.80419, 3, 31, 129.62, 60.19, 0.0319, 32, 84.22, 60.19, 0.13032, 33, 38.25, 61.72, 0.83776, 3, 31, 129.58, 44.87, 0.01802, 32, 84.18, 44.87, 0.08815, 33, 38.8, 46.41, 0.89382, 3, 31, 129.54, 31.85, 0.00616, 32, 84.14, 31.85, 0.0386, 33, 39.27, 33.4, 0.95522, 2, 32, 84.1, 17.62, 5.5E-4, 33, 39.78, 19.19, 0.99944, 1, 33, 40.43999, 0.87, 1, 3, 31, 129.4, -16.78, 4.0E-5, 32, 84, -16.78, 0.09073, 33, 41.02, -15.2, 0.90922, 3, 31, 129.35, -34.4, 0.01046, 32, 83.95, -34.4, 0.23886, 33, 41.66, -32.8, 0.75066, 3, 31, 129.31, -49.34, 0.02669, 32, 83.91, -49.34, 0.33512, 33, 42.19, -47.73, 0.63817, 3, 31, 129.26, -66.19, 0.04621, 32, 83.86, -66.19, 0.40524, 33, 42.8, -64.57, 0.54853, 3, 31, 129.22, -79.21, 0.05655, 32, 83.82, -79.21, 0.43277, 33, 43.27, -77.58999, 0.51067, 3, 31, 129.2, -87.25, 0.06058, 32, 83.8, -87.25, 0.44193, 33, 43.56, -85.62, 0.49747, 4, 30, 166.03, -97.57, 5.0E-5, 31, 129.17, -97.57, 0.06318, 32, 83.76999, -97.57, 0.44682, 33, 43.93, -95.93, 0.48993, 4, 30, 156.03, -97.54, 8.9E-4, 31, 119.17, -97.54, 0.06852, 32, 73.76999, -97.54, 0.45074, 33, 33.93999, -96.29, 0.47983, 4, 30, 142.63, -97.5, 0.00486, 31, 105.77, -97.5, 0.09005, 32, 60.37, -97.5, 0.46374, 33, 20.54999, -96.77, 0.44132, 4, 30, 129.6, -97.46, 0.01322, 31, 92.74, -97.46, 0.12616, 32, 47.35, -97.46, 0.47743, 33, 7.53, -97.24, 0.38316, 4, 30, 118.5, -97.43, 0.02534, 31, 81.64, -97.43, 0.16824, 32, 36.24, -97.43, 0.48282, 33, -3.56, -97.64, 0.32357, 4, 30, 108.53, -97.4, 0.04107, 31, 71.67, -97.4, 0.21237, 32, 26.27, -97.4, 0.47819, 33, -13.52, -98, 0.26834, 4, 30, 97.09, -97.37, 0.06606, 31, 60.23, -97.37, 0.26807, 32, 14.83, -97.37, 0.45896, 33, -24.95, -98.41, 0.2069, 4, 30, 84.41, -97.33, 0.1058, 31, 47.55, -97.33, 0.32868, 32, 2.15, -97.33, 0.41785, 33, -37.62, -98.87, 0.14765, 4, 30, 71.39, -97.29, 0.15962, 31, 34.53, -97.29, 0.38197, 32, -10.86, -97.29, 0.36091, 33, -50.63, -99.34, 0.09748, 4, 30, 60.28, -97.26, 0.21526, 31, 23.42, -97.26, 0.41466, 32, -21.97, -97.26, 0.30616, 33, -61.73, -99.74, 0.06391, 4, 30, 46.88, -97.22, 0.29043, 31, 10.02, -97.22, 0.434, 32, -35.37, -97.22, 0.2413, 33, -75.12999, -100.22, 0.03424, 4, 30, 35.39, -97.19, 0.35292, 31, -1.46, -97.19, 0.43518, 32, -46.86, -97.19, 0.19474, 33, -86.61, -100.64, 0.01715, 4, 30, 24.28, -97.16, 0.40074, 31, -12.57, -97.16, 0.43028, 32, -57.97, -97.16, 0.16234, 33, -97.71, -101.04, 0.00662, 4, 30, 15.86, -97.13, 0.42411, 31, -20.99, -97.13, 0.42594, 32, -66.39, -97.13, 0.14768, 33, -106.13, -101.34, 0.00224, 4, 30, 7.03, -97.11, 0.43338, 31, -29.82, -97.11, 0.42383, 32, -75.22, -97.11, 0.14208, 33, -114.95, -101.66, 6.7E-4, 4, 30, 7.06, -87.95, 0.43909, 31, -29.79, -87.95, 0.42155, 32, -75.19, -87.95, 0.13885, 33, -115.28, -92.5, 5.0E-4, 4, 30, 7.1, -73.78, 0.46855, 31, -29.75, -73.78, 0.40744, 32, -75.15, -73.78, 0.12377, 33, -115.79, -78.33999, 2.2E-4, 3, 30, 7.14, -60.37, 0.52698, 31, -29.71, -60.37, 0.37462, 32, -75.11, -60.37, 0.09838, 3, 30, 7.17, -48.88, 0.61031, 31, -29.68, -48.88, 0.31899, 32, -75.08, -48.88, 0.07069, 3, 30, 7.2, -38.16, 0.72103, 31, -29.65, -38.16, 0.23341, 32, -75.05, -38.16, 0.04554, 3, 30, 7.24, -22.84, 0.92781, 31, -29.61, -22.84, 0.05674, 32, -75.01, -22.84, 0.01543, 2, 30, 7.29, -8.28, 0.99821, 32, -74.96, -8.28, 0.00178, 2, 30, 7.33, 6.64, 0.97086, 31, -29.52, 6.64, 0.02913, 2, 30, 7.38, 22.73, 0.72051, 31, -29.47, 22.73, 0.27948, 3, 30, 7.42, 39.58, 0.48122, 31, -29.43, 39.58, 0.51498, 32, -74.83, 39.58, 0.00379, 3, 30, 7.46, 51.84, 0.38333, 31, -29.39, 51.84, 0.60483, 32, -74.79, 51.84, 0.01182, 3, 30, 7.5, 66.76999, 0.31186, 31, -29.35, 66.76999, 0.66626, 32, -74.75, 66.76999, 0.02187, 3, 30, 7.53, 77.11, 0.28938, 31, -29.32, 77.11, 0.68414, 32, -74.72, 77.11, 0.02647, 3, 30, 7.56, 85.88, 0.28343, 31, -29.29, 85.88, 0.68864, 32, -74.69, 85.88, 0.02792, 4, 30, 15.37, -55.41, 0.49173, 31, -21.48, -55.41, 0.39762, 32, -66.87999, -55.41, 0.10928, 33, -108.24, -59.67, 0.00135, 4, 30, 32.07, -62.94, 0.39129, 31, -4.78, -62.94, 0.44684, 32, -50.18, -62.94, 0.15214, 33, -91.26, -66.54, 0.00971, 4, 30, 54.08, -61.24, 0.27834, 31, 17.21999, -61.24, 0.46535, 32, -28.17, -61.24, 0.22693, 33, -69.33999, -63.99, 0.02936, 4, 30, 69.03, -62.61, 0.17232, 31, 32.16999, -62.61, 0.43348, 32, -13.22, -62.61, 0.32785, 33, -54.34, -64.76999, 0.06632, 4, 30, 80.01, -69.24, 0.10442, 31, 43.15, -69.24, 0.3743, 32, -2.24, -69.24, 0.41117, 33, -43.11, -70.97, 0.11008, 4, 30, 89.23, -78.5, 0.07642, 31, 52.37, -78.5, 0.31281, 32, 6.97, -78.5, 0.45254, 33, -33.54, -79.87, 0.1582, 4, 30, 93.59, -90.4, 0.0658, 31, 56.73, -90.4, 0.27338, 32, 11.33, -90.4, 0.46107, 33, -28.72, -91.58, 0.19974, 4, 30, 116.91, -90.02, 0.02534, 31, 80.05, -90.02, 0.16824, 32, 34.65, -90.02, 0.48282, 33, -5.43, -90.3, 0.32357, 4, 30, 130.57, -84.78, 0.01603, 31, 93.71, -84.78, 0.1377, 32, 48.31, -84.78, 0.48204, 33, 8, -84.54, 0.3642, 4, 30, 136.32, -72.04, 0.00625, 31, 99.47, -72.04, 0.09348, 32, 54.07, -72.04, 0.46358, 33, 13.26, -71.58, 0.43666, 4, 30, 143.38, -67.66, 0.00153, 31, 106.52, -67.66, 0.06148, 32, 61.12, -67.66, 0.42889, 33, 20.14, -66.93, 0.50807, 4, 30, 146.49, -55.79, 0.00154, 31, 109.63, -55.79, 0.05546, 32, 64.23, -55.79, 0.41768, 33, 22.79, -54.94, 0.52529, 4, 30, 152.24, -44.81, 1.0E-5, 31, 115.38, -44.81, 0.02591, 32, 69.98, -44.81, 0.3285, 33, 28.11, -43.75, 0.64556, 3, 31, 117.17, -34.25, 0.0155, 32, 71.76999, -34.25, 0.27305, 33, 29.48, -33.13, 0.71143, 2, 32, 70.5, -18.41, 0.07969, 33, 27.59, -17.35, 0.9203, 1, 33, 33.12, 0.45, 1, 1, 33, 27.21, 5.52, 1, 1, 33, 29.59, 12.65, 1, 3, 31, 118.67, 26.01, 0.00494, 32, 73.26999, 26.01, 0.0372, 33, 28.63, 27.15, 0.95784, 3, 31, 111.22, 38.79, 0.01833, 32, 65.82, 38.79, 0.094, 33, 20.7, 39.63, 0.88765, 3, 31, 122.24, 44.04, 0.02569, 32, 76.83999, 44.04, 0.11208, 33, 31.5, 45.3, 0.86221, 3, 31, 112.58, 52.43, 0.04336, 32, 67.18, 52.43, 0.15628, 33, 21.52, 53.31, 0.80033, 3, 31, 103.37, 63.46, 0.06981, 32, 57.97, 63.46, 0.20257, 33, 11.89, 63.97, 0.7276, 3, 31, 95.49, 74.04, 0.10045, 32, 50.09, 74.04, 0.23518, 33, 3.6, 74.24, 0.66435, 4, 30, 119.6, 77.6, 0.00107, 31, 82.74, 77.6, 0.18478, 32, 37.34, 77.6, 0.31812, 33, -9.27, 77.29, 0.496, 4, 30, 109.47, 75.43, 0.00935, 31, 72.61, 75.43, 0.32013, 32, 27.21, 75.43, 0.35375, 33, -19.31, 74.73, 0.31674, 4, 30, 99.77, 67.08999, 0.00935, 31, 62.91, 67.08999, 0.32013, 32, 17.51, 67.08999, 0.35375, 33, -28.68, 66.03, 0.31674, 4, 30, 88.74, 57.45, 0.01798, 31, 51.88, 57.45, 0.41591, 32, 6.48, 57.45, 0.37306, 33, -39.32, 55.96, 0.19302, 4, 30, 78.6, 50.87, 0.04202, 31, 41.74, 50.87, 0.55753, 32, -3.65, 50.87, 0.30923, 33, -49.2, 49, 0.09119, 4, 30, 66.26999, 46.95, 0.04767, 31, 29.41, 46.95, 0.64721, 32, -15.98, 46.95, 0.26271, 33, -61.37, 44.6, 0.04238, 4, 30, 51.29, 41.71, 0.09536, 31, 14.43, 41.71, 0.76667, 32, -30.96, 41.71, 0.12471, 33, -76.12999, 38.78, 0.01323, 4, 30, 39.84, 37.34999, 0.24361, 31, 2.98, 37.34999, 0.71842, 32, -42.41, 37.34999, 0.03588, 33, -87.4, 33.97, 0.00207, 3, 30, 29.26, 29.9, 0.40697, 31, -7.59, 29.9, 0.58494, 32, -52.99, 29.9, 0.00807, 2, 30, 21.31, 18.48, 0.63346, 31, -15.54, 18.48, 0.36653, 2, 30, 13.09, 5.48, 0.9133, 31, -23.76, 5.48, 0.08669, 4, 30, 22.91, -40.88, 0.58047, 31, -13.94, -40.88, 0.34915, 32, -59.34, -40.88, 0.06972, 33, -101.27, -44.86, 6.3E-4, 4, 30, 38.23, -42.46, 0.44039, 31, 1.37, -42.46, 0.45844, 32, -44.02, -42.46, 0.09737, 33, -85.91, -45.84, 0.00378, 4, 30, 62.35, -44.06, 0.08701, 31, 25.49, -44.06, 0.54842, 32, -19.9, -44.06, 0.32549, 33, -61.74, -46.5, 0.03906, 4, 30, 85.71, -45.66, 0.03921, 31, 48.85, -45.66, 0.35449, 32, 3.45, -45.66, 0.51627, 33, -38.33, -47.19, 0.09001, 4, 30, 105.6, -54.14, 0.02296, 31, 68.74, -54.14, 0.20969, 32, 23.34, -54.14, 0.56252, 33, -18.12999, -54.89, 0.20482, 4, 30, 120.5, -67.21, 0.01785, 31, 83.64, -67.21, 0.14916, 32, 38.24, -67.21, 0.49572, 33, -2.73, -67.36, 0.33725, 3, 30, 19.9, -21.34, 0.77395, 31, -16.95, -21.34, 0.19886, 32, -62.35, -21.34, 0.02718, 4, 30, 53.23, -17.61, 0.14036, 31, 16.37999, -17.61, 0.76605, 32, -29.01, -17.61, 0.08945, 33, -71.87999, -20.42, 0.00412, 4, 30, 77.76, -13.08, 0.00318, 31, 40.9, -13.08, 0.69601, 32, -4.48999, -13.08, 0.29453, 33, -47.55, -14.94, 0.00627, 1, 32, 29.6, -7.44, 1, 1, 33, 11.01, -2.48, 1, 1, 30, 20.73, -0.28, 1, 2, 30, 39.91, 9.22999, 0.22045, 31, 3.05, 9.22999, 0.77954, 4, 30, 63.3, 19.5, 0.03953, 31, 26.44, 19.5, 0.86111, 32, -18.95, 19.5, 0.09553, 33, -63.26, 17.04999, 0.00381, 4, 30, 88.99, 29.01, 4.7E-4, 31, 52.13, 29.01, 0.28529, 32, 6.73, 29.01, 0.63418, 33, -37.96, 27.55, 0.08002, 3, 31, 80.87999, 37.73, 0.08599, 32, 35.48, 37.73, 0.38312, 33, -9.58, 37.39, 0.53087, 3, 31, 95.08, 46.88, 0.09008, 32, 49.68, 46.88, 0.29551, 33, 4.23999, 47.08, 0.6144 ],
				"hull": 53,
				"edges": [ 58, 60, 88, 90, 86, 88, 84, 86, 76, 78, 78, 80, 80, 82, 82, 84, 90, 92, 92, 94, 94, 96, 96, 98, 98, 100, 100, 102, 102, 104, 0, 104, 0, 2, 2, 4, 4, 6, 6, 8, 8, 10, 10, 12, 12, 14, 14, 16, 16, 18, 18, 20, 20, 22, 22, 24, 24, 26, 26, 28, 28, 30, 30, 32, 32, 34, 34, 36, 36, 38, 38, 40, 40, 42, 42, 44, 44, 46, 46, 48, 48, 50, 50, 52, 52, 54, 54, 56, 56, 58, 60, 62, 62, 64, 64, 66, 66, 68, 68, 70, 70, 72, 72, 74, 74, 76 ],
				"width": 183,
				"height": 159
			}
		},
		"hair_D": {
			"hair_2": {
				"type": "weightedmesh",
				"uvs": [ 1, 0.06954, 1, 0.15542, 1, 0.23531, 1, 0.31745, 1, 0.41131, 1, 0.54433, 1, 0.6528, 1, 0.75921, 1, 0.87382, 1, 0.94544, 1, 1, 0.94267, 1, 0.88225, 1, 0.81527, 1, 0.73121, 1, 0.64715, 1, 0.56966, 1, 0.50005, 1, 0.44619, 1, 0.38052, 1, 0.32618, 1, 0.26123, 1, 0.202, 1, 0.13885, 1, 0.08632, 1, 0, 1, 0, 0.94135, 0, 0.87791, 0, 0.78377, 0, 0.69168, 0, 0.61801, 0, 0.53614, 0, 0.45838, 0, 0.39289, 0, 0.31922, 0, 0.2128, 0, 0.13299, 0, 0.05931, 0, 0, 0.06793, 0, 0.1625, 0, 0.25049, 0, 0.31091, 0, 0.35294, 0, 0.42912, 0, 0.49742, 0, 0.55652, 0, 0.64058, 0, 0.71019, 0, 0.7798, 0, 0.86475, 0, 0.93407, 0, 1, 0, 0.0752, 0.41347, 0.11371, 0.52149, 0.11756, 0.64151, 0.16763, 0.78554, 0.24851, 0.77353, 0.3448, 0.77953, 0.44109, 0.73153, 0.52967, 0.64151, 0.599, 0.51549, 0.66832, 0.40747, 0.74535, 0.31145, 0.80697, 0.16142, 0.94178, 0.42547, 0.88015, 0.49748, 0.83779, 0.5875, 0.76846, 0.66551, 0.71069, 0.76153, 0.6221, 0.80354, 0.54122, 0.87555, 0.4672, 0.92586, 0.39687, 0.94358, 0.1466, 0.94358, 0.09884, 0.88703, 0.06445, 0.80368, 0.03962, 0.73521, 0.02025, 0.62414, 0.03339, 0.45838, 0.95055, 0.1248, 0.90721, 0.2701, 0.85598, 0.35401, 0.81527, 0.43382, 0.77061, 0.52591, 0.70625, 0.60163, 0.64715, 0.68145, 0.5736, 0.75103, 0.48428, 0.80628, 0.41073, 0.84721, 0.33455, 0.87382, 0.24393, 0.87382, 0.13229, 0.84107, 0.08763, 0.706, 0.06662, 0.58321, 0.06793, 0.48703 ],
				"triangles": [ 27, 76, 75, 27, 28, 76, 28, 77, 76, 76, 93, 56, 76, 77, 93, 28, 29, 77, 56, 93, 55, 77, 29, 93, 29, 78, 93, 93, 78, 55, 29, 30, 78, 78, 94, 55, 94, 54, 55, 54, 59, 55, 78, 30, 94, 30, 31, 94, 94, 95, 54, 94, 31, 95, 31, 79, 95, 31, 32, 79, 54, 43, 61, 40, 41, 35, 54, 41, 42, 54, 42, 43, 95, 53, 54, 41, 54, 53, 95, 79, 53, 32, 33, 79, 79, 33, 53, 53, 35, 41, 39, 40, 36, 53, 33, 34, 53, 34, 35, 40, 35, 36, 36, 37, 39, 37, 38, 39, 22, 91, 21, 23, 74, 22, 22, 74, 91, 23, 24, 74, 75, 74, 24, 75, 24, 26, 26, 24, 25, 75, 92, 74, 74, 92, 91, 26, 27, 75, 75, 76, 92, 92, 56, 91, 91, 56, 57, 92, 76, 56, 57, 56, 55, 15, 71, 70, 17, 71, 16, 15, 16, 71, 18, 72, 17, 17, 72, 71, 19, 73, 18, 18, 73, 72, 19, 20, 73, 73, 20, 90, 20, 21, 90, 21, 91, 90, 73, 89, 72, 73, 90, 89, 72, 88, 71, 72, 89, 88, 71, 87, 70, 71, 88, 87, 90, 58, 89, 58, 90, 57, 90, 91, 57, 89, 59, 88, 89, 58, 59, 88, 59, 87, 58, 57, 59, 57, 55, 59, 59, 60, 87, 60, 59, 54, 11, 9, 10, 11, 12, 9, 9, 12, 8, 8, 12, 13, 13, 69, 8, 69, 14, 70, 14, 15, 70, 13, 14, 69, 8, 69, 7, 69, 68, 7, 69, 70, 86, 70, 87, 86, 69, 86, 68, 7, 68, 6, 68, 67, 6, 87, 60, 86, 86, 85, 68, 85, 86, 61, 68, 85, 67, 86, 60, 61, 61, 60, 54, 85, 84, 67, 85, 61, 84, 67, 84, 66, 61, 62, 84, 84, 83, 66, 84, 62, 83, 61, 43, 62, 62, 43, 44, 62, 44, 45, 63, 62, 46, 46, 62, 45, 62, 63, 83, 6, 67, 5, 67, 66, 5, 66, 65, 5, 65, 4, 5, 66, 83, 65, 83, 82, 65, 83, 63, 82, 4, 65, 3, 3, 65, 82, 82, 81, 3, 64, 63, 47, 47, 63, 46, 82, 63, 81, 81, 2, 3, 63, 64, 81, 64, 48, 49, 48, 64, 47, 81, 64, 80, 81, 80, 2, 80, 50, 51, 50, 80, 64, 80, 1, 2, 64, 49, 50, 80, 0, 1, 80, 51, 0, 51, 52, 0 ],
				"vertices": [ 1, 25, -3.19, 0.27, 1, 1, 25, -0.22, 2.46, 1, 1, 25, 2.53, 4.51, 1, 2, 25, 5.37, 6.61, 0.99431, 26, -13.63, 2.84, 0.00568, 2, 25, 8.60999, 9.01, 0.89495, 26, -11.21, 6.07, 0.10504, 2, 25, 13.21, 12.42, 0.63099, 26, -7.78, 10.65, 0.369, 2, 25, 16.95, 15.2, 0.4116, 26, -4.98999, 14.38, 0.58839, 2, 25, 20.62999, 17.92, 0.24347, 26, -2.25, 18.04, 0.75652, 2, 25, 24.59, 20.85, 0.15245, 26, 0.7, 21.99, 0.84753, 2, 25, 27.07, 22.69, 0.12389, 26, 2.54, 24.46, 0.8761, 2, 25, 28.95, 24.08, 0.11388, 26, 3.95, 26.33, 0.88611, 2, 25, 31.24, 21, 0.09456, 26, 7.02, 24.03, 0.90543, 3, 25, 33.65, 17.74, 0.0633, 26, 10.26, 21.61, 0.93507, 27, -18.58, 16.32, 0.00161, 3, 25, 36.32, 14.14, 0.03465, 26, 13.86, 18.92, 0.94649, 27, -14.28, 15.02, 0.01885, 3, 25, 39.66999, 9.60999, 0.00902, 26, 18.37, 15.54, 0.90479, 27, -8.89999, 13.38, 0.08618, 2, 26, 22.88, 12.17, 0.71326, 27, -3.51, 11.74, 0.28673, 2, 26, 27.03, 9.06, 0.41433, 27, 1.45, 10.22999, 0.58566, 2, 26, 30.77, 6.26, 0.12297, 27, 5.91, 8.88, 0.87702, 2, 26, 33.65, 4.1, 0.02564, 27, 9.35999, 7.83, 0.97435, 1, 27, 13.57, 6.55, 1, 2, 27, 17.06, 5.49, 0.9084, 28, -6.22, 1.89, 0.09159, 2, 27, 21.22, 4.21999, 0.54784, 28, -2.25, 3.68, 0.45215, 2, 27, 25.02, 3.07, 0.17382, 28, 1.35, 5.31, 0.82617, 3, 27, 29.07, 1.84, 0.01152, 28, 5.21, 7.04, 0.94551, 29, -10.62, -3.06, 0.04295, 2, 28, 8.42, 8.49, 0.8374, 29, -10.22999, 0.43, 0.16259, 2, 28, 13.69, 10.87, 0.63063, 29, -9.59, 6.18, 0.36935, 2, 28, 14.73, 8.57, 0.5906, 29, -7.09, 5.9, 0.40939, 2, 28, 15.85, 6.08, 0.44286, 29, -4.37, 5.6, 0.55712, 2, 28, 17.51, 2.39, 0.08761, 29, -0.35, 5.15, 0.91238, 1, 29, 3.58, 4.71999, 1, 1, 29, 6.72, 4.37, 1, 1, 29, 10.22, 3.98, 1, 2, 25, 50.12, -43.61, 3.1E-4, 29, 13.55, 3.61, 0.99968, 4, 25, 47.85, -45.28, 0.00378, 26, 41.93999, -34.7, 0.00202, 27, 30.37, -25.83, 0.0012, 29, 16.35, 3.3, 0.99298, 4, 25, 45.31, -47.17, 0.00835, 26, 40.05, -37.24, 0.0047, 27, 29.45, -28.87, 5.8E-4, 29, 19.49, 2.96, 0.98635, 4, 25, 41.63, -49.89, 0.01388, 26, 37.3, -40.9, 0.00922, 27, 28.12, -33.24, 9.4E-4, 29, 24.04, 2.45, 0.97594, 4, 25, 38.87, -51.94, 0.01343, 26, 35.25, -43.65, 0.01123, 27, 27.12, -36.53, 0.00355, 29, 27.45, 2.07, 0.97177, 4, 25, 36.33, -53.82, 0.00744, 26, 33.34999, -46.19, 0.01058, 27, 26.2, -39.56, 0.00637, 29, 30.6, 1.73, 0.97559, 4, 25, 34.28, -55.34, 0.00533, 26, 31.82, -48.23, 0.01084, 27, 25.46, -42, 0.00825, 29, 33.14, 1.44, 0.97555, 3, 26, 28.18, -45.5, 0.01661, 27, 21.11, -40.66999, 0.02148, 29, 32.64, -3.07, 0.96189, 4, 25, 27.8, -46.59, 0.07374, 26, 23.1, -41.71, 0.06566, 27, 15.04, -38.83, 0.03399, 29, 31.94, -9.37, 0.82659, 4, 25, 24.29, -41.84999, 0.14544, 26, 18.37999, -38.16999, 0.11336, 27, 9.39999, -37.12, 0.04616, 29, 31.29, -15.23, 0.69502, 4, 25, 21.88, -38.59999, 0.19651, 26, 15.14, -35.75, 0.14732, 27, 5.53, -35.93999, 0.05482, 29, 30.84, -19.25, 0.60133, 4, 25, 20.2, -36.34, 0.23295, 26, 12.89, -34.06, 0.17156, 27, 2.84, -35.12, 0.061, 29, 30.53, -22.05, 0.53447, 4, 25, 17.17, -32.24, 0.30101, 26, 8.8, -31, 0.21683, 27, -2.04, -33.64, 0.07255, 29, 29.97, -27.12, 0.40958, 4, 25, 14.44, -28.56, 0.36435, 26, 5.14, -28.26, 0.25896, 27, -6.42, -32.31, 0.0833, 29, 29.47, -31.67, 0.29337, 4, 25, 12.08, -25.38, 0.42102, 26, 1.97, -25.89, 0.29666, 27, -10.2, -31.15, 0.09291, 29, 29.03, -35.61, 0.18938, 4, 25, 8.72999, -20.85, 0.62058, 26, -2.53, -22.51, 0.22702, 27, -15.59, -29.52, 0.04322, 29, 28.41, -41.2, 0.10915, 4, 25, 5.96, -17.11, 0.76586, 26, -6.26, -19.71999, 0.15367, 27, -20.06, -28.16, 0.01978, 29, 27.9, -45.84, 0.06067, 4, 25, 3.18, -13.36, 0.88702, 26, -10, -16.92, 0.07741, 27, -24.52, -26.8, 0.00685, 29, 27.39, -50.48, 0.0287, 4, 25, -0.2, -8.78, 0.95019, 26, -14.55, -13.51, 0.03409, 27, -29.96, -25.15, 0.00301, 29, 26.76, -56.13, 0.01268, 2, 25, -2.96, -5.05, 0.99992, 29, 26.25, -60.75, 7.0E-5, 2, 25, -5.59, -1.5, 0.99997, 27, -38.63, -22.51, 2.0E-5, 4, 25, 45.57, -40.71, 0.00703, 26, 38.43999, -30.98, 0.00461, 27, 25.81, -23.52, 0.0053, 29, 14.91, -1.6, 0.98304, 5, 25, 47.76, -35.87, 0.00382, 26, 39.16, -25.71, 0.00506, 27, 24.69, -18.33, 0.04325, 28, 15.2, -11.01, 0.07112, 29, 10.01, -3.65, 0.87672, 5, 25, 51.76, -32.59, 5.3E-4, 26, 42.04, -21.43, 9.3E-4, 27, 25.95, -13.31, 0.01689, 28, 12.84, -6.41, 0.18574, 29, 4.85, -3.34, 0.79586, 4, 25, 54.74, -26.21, 2.9E-4, 26, 43.07, -14.46, 6.4E-4, 27, 24.54, -6.41, 0.01485, 28, 7.24, -2.15, 0.98419, 3, 25, 51.1, -22.16, 2.4E-4, 27, 19.2, -5.33, 0.2815, 28, 2.51, -4.84, 0.71825, 3, 25, 47.46, -16.83, 7.0E-5, 27, 13.11, -3.21, 0.99857, 29, -2.71, -17.82, 0.00135, 5, 25, 41.96, -12.87, 0.00461, 26, 27.01, -5.34, 0.04589, 27, 6.33, -3.31, 0.89704, 28, -8.5, -11.79, 0.01531, 29, -1.37, -24.46, 0.03711, 4, 25, 35.32, -10.39999, 0.01478, 26, 19.94, -4.88, 0.76693, 27, -0.46, -5.28, 0.18598, 29, 1.81, -30.78, 0.0323, 4, 25, 28.2, -9.89999, 0.07292, 26, 12.97, -6.44, 0.84472, 27, -6.48, -9.12, 0.04536, 29, 6.69, -36, 0.03698, 4, 25, 21.7, -8.93, 0.07292, 26, 6.47, -7.37, 0.84472, 27, -12.28, -12.21, 0.04536, 29, 10.8, -41.12, 0.03698, 4, 25, 15.32, -7.24, 0.70032, 26, -0.12, -7.58, 0.29052, 27, -18.41, -14.66, 0.00183, 29, 14.33, -46.71, 0.00731, 4, 25, 7.67, -7.76, 0.87107, 26, -7.3, -10.27, 0.10735, 27, -24.24, -19.62999, 0.00387, 29, 20.29, -51.52, 0.01768, 2, 25, 11.42, 6.24, 0.82611, 26, -7.72, 4.21999, 0.17388, 2, 25, 16.37, 4.77, 0.59125, 26, -2.56, 4.21999, 0.40874, 2, 25, 21.17, 4.79, 0.59125, 26, 2.02, 5.62, 0.40874, 1, 26, 7.75, 5.52, 1, 3, 25, 32.25, 2.4, 0.00891, 26, 13.32, 6.51, 0.92974, 27, -10.56, 3.17, 0.06134, 2, 26, 19.16, 4.4, 0.60669, 27, -4.36, 3.17, 0.3933, 2, 26, 25.35, 3.63, 0.07547, 27, 1.72, 4.56, 0.92452, 2, 26, 30.62, 2.39, 0.07547, 27, 7.09, 5.19, 0.92452, 2, 26, 34.84999, 0.18, 6.0E-4, 27, 11.82, 4.55, 0.99939, 3, 27, 27.86, -0.32, 0.00345, 28, 5.73, 4.62, 0.97111, 29, -8.26, -3.84, 0.02543, 2, 28, 9.64999, 3.72, 0.73099, 29, -5.49, -0.93, 0.269, 2, 28, 13.22, 1.39, 0.20213, 29, -1.68, 0.95, 0.79786, 1, 29, 1.42, 2.28, 1, 1, 29, 6.31, 3.05, 1, 1, 29, 13.3, 1.39, 1, 1, 25, 0.68, -0.97, 1, 1, 25, 7.43, 0.4, 1, 1, 25, 12.37, -0.2, 1, 2, 25, 16.76, -0.34, 0.5, 26, -0.72, -0.56, 0.5, 1, 26, 4.04, 0.8, 1, 1, 26, 9.43999, 0.83, 1, 1, 26, 14.67, 1.2, 1, 2, 26, 20.41, 0.64, 0.5, 27, -1.91, 0.07, 0.5, 1, 27, 4.5, 0.6, 1, 1, 27, 9.72999, 0.85, 1, 1, 27, 14.94, 0.46, 1, 2, 27, 20.75, -1.29, 0.5, 28, 1.02, -0.78, 0.5, 1, 28, 8.42, 0.99, 1, 5, 25, 55.18, -32.55, 5.3E-4, 26, 45.31, -20.41, 9.3E-4, 27, 28.67, -11.24, 0.01689, 28, 13.53, -3.06, 0.18574, 29, 2.32, -1.04, 0.79586, 1, 29, 7.72, -0.22, 1, 1, 29, 11.82, -0.76, 1 ],
				"hull": 53,
				"edges": [ 100, 102, 102, 104, 40, 42, 42, 44, 76, 78, 78, 80, 80, 82, 82, 84, 84, 86, 86, 88, 88, 90, 90, 92, 92, 94, 94, 96, 96, 98, 98, 100, 2, 0, 0, 104, 2, 4, 4, 6, 6, 8, 8, 10, 10, 12, 12, 14, 14, 16, 16, 18, 18, 20, 20, 22, 22, 24, 24, 26, 26, 28, 28, 30, 30, 32, 32, 34, 34, 36, 36, 38, 38, 40, 44, 46, 46, 48, 48, 50, 50, 52, 52, 54, 54, 56, 56, 58, 58, 60, 60, 62, 62, 64, 64, 66, 66, 68, 68, 70, 70, 72, 72, 74, 74, 76 ],
				"width": 67,
				"height": 43
			}
		},
		"hand_L": {
			"hand_L": { "x": -25.22, "y": 8.16, "rotation": 142.96, "width": 300, "height": 300 }
		},
		"hand_L2": {
			"hand_L2": { "x": 19.88, "y": 36.6, "rotation": 29.55, "width": 300, "height": 300 }
		},
		"hand_R": {
			"hand_R": { "x": -8.94, "y": 1.76, "rotation": 71.62, "width": 300, "height": 300 }
		},
		"hand_R2": {
			"hand_r2": { "x": -39.65, "y": -1.23, "rotation": 78.8, "width": 300, "height": 300 }
		},
		"head_light": {
			"head_light": { "x": -0.98, "y": 0.85, "rotation": -89.09, "width": 300, "height": 300 }
		}
	},
	"damage": {
		"JB": {
			"change": { "name": "JB_damage", "x": -21.34, "y": 36.88, "rotation": 58.11, "width": 300, "height": 300 }
		},
		"Rodney_body_normal": {
			"change": { "name": "Rodney_body_damage", "x": 131.3, "y": 10.78, "rotation": -90, "width": 300, "height": 300 }
		},
		"head": {
			"change": { "name": "head_damage", "x": -0.98, "y": 0.85, "rotation": -89.09, "width": 300, "height": 300 }
		}
	},
	"normal": {
		"JB": {
			"change": { "name": "JB", "x": -21.34, "y": 36.88, "rotation": 58.11, "width": 300, "height": 300 }
		},
		"Rodney_body_normal": {
			"change": { "name": "Rodney_body_normal", "x": 131.3, "y": 10.78, "rotation": -90, "width": 300, "height": 300 }
		},
		"head": {
			"change": { "name": "head", "x": -0.98, "y": 0.85, "rotation": -89.09, "width": 300, "height": 300 }
		}
	}
},
"events": {
	"Antiaircraft": {},
	"attack_point": {},
	"damage_point": {},
	"throw_point": {}
},
"animations": {
	"Antiaircraft": {
		"slots": {
			"G_light": {
				"color": [
					{ "time": 0.0666, "color": "fffffffd" },
					{ "time": 0.1666, "color": "ffffff00" },
					{ "time": 0.2, "color": "ffffffff" },
					{ "time": 0.3333, "color": "ffffff00" },
					{ "time": 0.3666, "color": "ffffffff" },
					{ "time": 0.4666, "color": "ffffff00" },
					{ "time": 0.6, "color": "ffffffff" },
					{ "time": 0.7333, "color": "ffffff00" },
					{ "time": 0.8, "color": "ffffffff" },
					{ "time": 0.9, "color": "ffffff00" },
					{ "time": 0.9666, "color": "ffffffff" },
					{ "time": 1.1, "color": "ffffff00" },
					{ "time": 1.1333, "color": "ffffffff" },
					{ "time": 1.2333, "color": "ffffff00" },
					{ "time": 1.3666, "color": "ffffffff" },
					{ "time": 1.4666, "color": "ffffff00" },
					{ "time": 1.5333, "color": "ffffffff" },
					{ "time": 1.6333, "color": "ffffff00" },
					{ "time": 1.7, "color": "ffffffff" },
					{ "time": 1.8333, "color": "ffffff00" },
					{ "time": 1.8666, "color": "ffffffff" },
					{ "time": 1.9666, "color": "ffffff00" }
				],
				"attachment": [
					{ "time": 0, "name": null },
					{ "time": 0.0666, "name": "G_light" },
					{ "time": 0.5, "name": "G_light" },
					{ "time": 1.2666, "name": null },
					{ "time": 1.3666, "name": "G_light" },
					{ "time": 2, "name": null }
				]
			},
			"JR_light": {
				"color": [
					{ "time": 0.0666, "color": "fffffffd" },
					{ "time": 0.1666, "color": "ffffff00" },
					{ "time": 0.2, "color": "ffffffff" },
					{ "time": 0.3333, "color": "ffffff00" },
					{ "time": 0.3666, "color": "ffffffff" },
					{ "time": 0.4666, "color": "ffffff00" },
					{ "time": 0.6, "color": "ffffffff" },
					{ "time": 0.7333, "color": "ffffff00" },
					{ "time": 0.8, "color": "ffffffff" },
					{ "time": 0.9, "color": "ffffff00" },
					{ "time": 0.9666, "color": "ffffffff" },
					{ "time": 1.1, "color": "ffffff00" },
					{ "time": 1.1333, "color": "ffffffff" },
					{ "time": 1.2333, "color": "ffffff00" },
					{ "time": 1.3666, "color": "ffffffff" },
					{ "time": 1.4666, "color": "ffffff00" },
					{ "time": 1.5333, "color": "ffffffff" },
					{ "time": 1.6333, "color": "ffffff00" },
					{ "time": 1.7, "color": "ffffffff" },
					{ "time": 1.8333, "color": "ffffff00" },
					{ "time": 1.8666, "color": "ffffffff" },
					{ "time": 1.9666, "color": "ffffff00" }
				],
				"attachment": [
					{ "time": 0, "name": null },
					{ "time": 0.0666, "name": "JR_light" },
					{ "time": 0.5, "name": "JR_light" },
					{ "time": 1.2666, "name": null },
					{ "time": 1.3666, "name": "JR_light" },
					{ "time": 2, "name": null }
				]
			},
			"J_light": {
				"attachment": [
					{ "time": 0, "name": null }
				]
			},
			"Light_Body": {
				"color": [
					{ "time": 0.0666, "color": "fffffffd" },
					{ "time": 0.1666, "color": "ffffff00" },
					{ "time": 0.2, "color": "ffffffff" },
					{ "time": 0.3333, "color": "ffffff00" },
					{ "time": 0.3666, "color": "ffffffff" },
					{ "time": 0.4666, "color": "ffffff00" },
					{ "time": 0.6, "color": "ffffffff" },
					{ "time": 0.7333, "color": "ffffff00" },
					{ "time": 0.8, "color": "ffffffff" },
					{ "time": 0.9, "color": "ffffff00" },
					{ "time": 0.9666, "color": "ffffffff" },
					{ "time": 1.1, "color": "ffffff00" },
					{ "time": 1.1333, "color": "ffffffff" },
					{ "time": 1.2333, "color": "ffffff00" },
					{ "time": 1.3666, "color": "ffffffff" },
					{ "time": 1.4666, "color": "ffffff00" },
					{ "time": 1.5333, "color": "ffffffff" },
					{ "time": 1.6333, "color": "ffffff00" },
					{ "time": 1.7, "color": "ffffffff" },
					{ "time": 1.8333, "color": "ffffff00" },
					{ "time": 1.8666, "color": "ffffffff" },
					{ "time": 1.9666, "color": "ffffff00" }
				],
				"attachment": [
					{ "time": 0, "name": null },
					{ "time": 0.0666, "name": "Rodney_ship_body_normal_light" },
					{ "time": 0.5, "name": "Rodney_ship_body_normal_light" },
					{ "time": 1.2666, "name": null },
					{ "time": 1.3666, "name": "Rodney_ship_body_normal_light" },
					{ "time": 2, "name": null }
				]
			},
			"Rodney_eyes_normal": {
				"attachment": [
					{ "time": 0, "name": "Rodney_eyes_normal" }
				]
			},
			"head_light": {
				"color": [
					{ "time": 0.0666, "color": "fffffffd" },
					{ "time": 0.1666, "color": "ffffff00" },
					{ "time": 0.2, "color": "ffffffff" },
					{ "time": 0.3333, "color": "ffffff00" },
					{ "time": 0.3666, "color": "ffffffff" },
					{ "time": 0.4666, "color": "ffffff00" },
					{ "time": 0.6, "color": "ffffffff" },
					{ "time": 0.7333, "color": "ffffff00" },
					{ "time": 0.8, "color": "ffffffff" },
					{ "time": 0.9, "color": "ffffff00" },
					{ "time": 0.9666, "color": "ffffffff" },
					{ "time": 1.1, "color": "ffffff00" },
					{ "time": 1.1333, "color": "ffffffff" },
					{ "time": 1.2333, "color": "ffffff00" },
					{ "time": 1.3666, "color": "ffffffff" },
					{ "time": 1.4666, "color": "ffffff00" },
					{ "time": 1.5333, "color": "ffffffff" },
					{ "time": 1.6333, "color": "ffffff00" },
					{ "time": 1.7, "color": "ffffffff" },
					{ "time": 1.8333, "color": "ffffff00" },
					{ "time": 1.8666, "color": "ffffffff" },
					{ "time": 1.9666, "color": "ffffff00" }
				],
				"attachment": [
					{ "time": 0, "name": null },
					{ "time": 0.0666, "name": "head_light" }
				]
			}
		},
		"bones": {
			"Body": {
				"rotate": [
					{ "time": 0, "angle": 0, "curve": "stepped" },
					{ "time": 2, "angle": 0 }
				],
				"translate": [
					{ "time": 0, "x": 0, "y": 0, "curve": "stepped" },
					{ "time": 2, "x": 0, "y": 0 }
				]
			},
			"Root_All": {
				"rotate": [
					{ "time": 0, "angle": 0, "curve": "stepped" },
					{ "time": 2, "angle": 0 }
				],
				"translate": [
					{
						"time": 0,
						"x": 0,
						"y": 0,
						"curve": [ 0.255, 0.35, 0.6, 0.7 ]
					},
					{
						"time": 0.5,
						"x": 0,
						"y": -9.82,
						"curve": [ 0.3, 0.39, 0.641, 0.74 ]
					},
					{
						"time": 1,
						"x": 0,
						"y": -15.66,
						"curve": [ 0.322, 0.37, 0.652, 0.7 ]
					},
					{
						"time": 1.5,
						"x": 0,
						"y": -7.79,
						"curve": [ 0.314, 0.36, 0.644, 0.68 ]
					},
					{ "time": 2, "x": 0, "y": 0 }
				]
			},
			"Ship_All": {
				"rotate": [
					{ "time": 0, "angle": 0, "curve": "stepped" },
					{ "time": 2, "angle": 0 }
				],
				"translate": [
					{ "time": 0, "x": 0, "y": 0, "curve": "stepped" },
					{ "time": 2, "x": 0, "y": 0 }
				]
			},
			"Face": {
				"rotate": [
					{ "time": 0, "angle": 0, "curve": "stepped" },
					{ "time": 2, "angle": 0 }
				],
				"translate": [
					{
						"time": 0,
						"x": 0,
						"y": 0,
						"curve": [ 0.286, 0.34, 0.623, 0.67 ]
					},
					{
						"time": 0.5,
						"x": 0.64,
						"y": 0,
						"curve": [ 0.282, 0.37, 0.624, 0.71 ]
					},
					{
						"time": 1.5,
						"x": -1.28,
						"y": 0,
						"curve": [ 0.321, 0.37, 0.656, 0.71 ]
					},
					{ "time": 2, "x": 0, "y": 0 }
				]
			},
			"Head": {
				"rotate": [
					{ "time": 0, "angle": 0 },
					{ "time": 0.5, "angle": -3.17 },
					{ "time": 1, "angle": 0 },
					{ "time": 1.5, "angle": 0.89 },
					{ "time": 2, "angle": 0 }
				],
				"translate": [
					{ "time": 0, "x": 0, "y": 0, "curve": "stepped" },
					{ "time": 1, "x": 0, "y": 0, "curve": "stepped" },
					{ "time": 2, "x": 0, "y": 0 }
				]
			},
			"hand_R": {
				"rotate": [
					{ "time": 0, "angle": 0 },
					{ "time": 1, "angle": 6.16 },
					{ "time": 2, "angle": 0 }
				],
				"translate": [
					{ "time": 0, "x": 0, "y": 0, "curve": "stepped" },
					{ "time": 2, "x": 0, "y": 0 }
				]
			},
			"hair": {
				"rotate": [
					{ "time": 0, "angle": 0 },
					{ "time": 1.3333, "angle": 1.46 },
					{ "time": 2, "angle": 0 }
				],
				"translate": [
					{ "time": 0, "x": 0, "y": 0, "curve": "stepped" },
					{ "time": 2, "x": 0, "y": 0 }
				]
			},
			"hair_4": {
				"rotate": [
					{ "time": 0, "angle": 0 },
					{ "time": 0.6666, "angle": -4.63 },
					{ "time": 1.3333, "angle": 7.96 },
					{ "time": 2, "angle": 0 }
				],
				"translate": [
					{ "time": 0, "x": 0, "y": 0, "curve": "stepped" },
					{ "time": 2, "x": 0, "y": 0 }
				]
			},
			"hair_3": {
				"rotate": [
					{ "time": 0, "angle": 0 },
					{ "time": 0.6666, "angle": -2.87 },
					{ "time": 1.3333, "angle": -1.41 },
					{ "time": 2, "angle": 0 }
				],
				"translate": [
					{ "time": 0, "x": 0, "y": 0, "curve": "stepped" },
					{ "time": 2, "x": 0, "y": 0 }
				]
			},
			"hair_2": {
				"rotate": [
					{ "time": 0, "angle": 0 },
					{ "time": 0.6666, "angle": -3.6 },
					{ "time": 1.3333, "angle": 2.23 },
					{ "time": 2, "angle": 0 }
				],
				"translate": [
					{ "time": 0, "x": 0, "y": 0, "curve": "stepped" },
					{ "time": 2, "x": 0, "y": 0 }
				]
			},
			"hand_L": {
				"rotate": [
					{ "time": 0, "angle": 0 },
					{ "time": 1, "angle": -6.75 },
					{ "time": 2, "angle": 0 }
				],
				"translate": [
					{ "time": 0, "x": 0, "y": 0, "curve": "stepped" },
					{ "time": 2, "x": 0, "y": 0 }
				]
			},
			"G": {
				"rotate": [
					{ "time": 0, "angle": 0 },
					{ "time": 1, "angle": -13.22 },
					{ "time": 2, "angle": 0 }
				],
				"translate": [
					{ "time": 0, "x": 0, "y": 0, "curve": "stepped" },
					{ "time": 2, "x": 0, "y": 0 }
				]
			},
			"JR": {
				"rotate": [
					{ "time": 0, "angle": 0 },
					{ "time": 1, "angle": 8.09 },
					{ "time": 2, "angle": 0 }
				],
				"translate": [
					{ "time": 0, "x": 0, "y": 0, "curve": "stepped" },
					{ "time": 2, "x": 0, "y": 0 }
				]
			},
			"JL": {
				"rotate": [
					{ "time": 0, "angle": 0 },
					{ "time": 1, "angle": -9.79 },
					{ "time": 2, "angle": 0 }
				],
				"translate": [
					{ "time": 0, "x": 0, "y": 0, "curve": "stepped" },
					{ "time": 2, "x": 0, "y": 0 }
				]
			},
			"JB": {
				"rotate": [
					{ "time": 0, "angle": 0 },
					{ "time": 1, "angle": 3.56 },
					{ "time": 2, "angle": 0 }
				],
				"translate": [
					{ "time": 0, "x": 0, "y": 0, "curve": "stepped" },
					{ "time": 2, "x": 0, "y": 0 }
				]
			},
			"YL": {
				"rotate": [
					{ "time": 0, "angle": 0 },
					{ "time": 0.6666, "angle": 354.86 },
					{ "time": 1.3333, "angle": 3.69 },
					{ "time": 2, "angle": 0 }
				],
				"translate": [
					{ "time": 0, "x": 0, "y": 0, "curve": "stepped" },
					{ "time": 2, "x": 0, "y": 0 }
				]
			},
			"R2": {
				"rotate": [
					{ "time": 0, "angle": 0 },
					{ "time": 1, "angle": 10.89 },
					{ "time": 2, "angle": 0 }
				],
				"translate": [
					{ "time": 0, "x": 0, "y": 0, "curve": "stepped" },
					{ "time": 2, "x": 0, "y": 0 }
				]
			},
			"z": {
				"rotate": [
					{ "time": 0, "angle": 0, "curve": "stepped" },
					{ "time": 2, "angle": 0 }
				],
				"translate": [
					{ "time": 0, "x": 0, "y": 0 },
					{ "time": 1, "x": -1.72, "y": 7.5 },
					{ "time": 2, "x": 0, "y": 0 }
				]
			},
			"X": {
				"rotate": [
					{ "time": 0, "angle": 0, "curve": "stepped" },
					{ "time": 2, "angle": 0 }
				],
				"translate": [
					{ "time": 0, "x": 0, "y": 0, "curve": "stepped" },
					{ "time": 2, "x": 0, "y": 0 }
				]
			},
			"GX": {
				"rotate": [
					{ "time": 0, "angle": 0, "curve": "stepped" },
					{ "time": 2, "angle": 0 }
				],
				"translate": [
					{ "time": 0, "x": 0, "y": 0, "curve": "stepped" },
					{ "time": 2, "x": 0, "y": 0 }
				]
			},
			"L2": {
				"rotate": [
					{ "time": 0, "angle": 0 },
					{ "time": 1, "angle": 12.85 },
					{ "time": 2, "angle": 0 }
				],
				"translate": [
					{ "time": 0, "x": 0, "y": 0, "curve": "stepped" },
					{ "time": 2, "x": 0, "y": 0 }
				]
			},
			"JJJJJ": {
				"rotate": [
					{ "time": 0, "angle": 0 },
					{ "time": 1, "angle": -3.74 },
					{ "time": 2, "angle": 0 }
				],
				"translate": [
					{ "time": 0, "x": 0, "y": 0, "curve": "stepped" },
					{ "time": 2, "x": 0, "y": 0 }
				]
			},
			"hair_D": {
				"rotate": [
					{ "time": 0, "angle": 0 },
					{ "time": 1, "angle": -5.28 },
					{ "time": 2, "angle": 0 }
				],
				"translate": [
					{ "time": 0, "x": 0, "y": 0, "curve": "stepped" },
					{ "time": 2, "x": 0, "y": 0 }
				]
			},
			"bone5": {
				"rotate": [
					{ "time": 0, "angle": 0 },
					{ "time": 1, "angle": -5.28 },
					{ "time": 2, "angle": 0 }
				],
				"translate": [
					{ "time": 0, "x": 0, "y": 0, "curve": "stepped" },
					{ "time": 2, "x": 0, "y": 0 }
				]
			},
			"bone4": {
				"rotate": [
					{ "time": 0, "angle": 0 },
					{ "time": 1, "angle": -5.29 },
					{ "time": 2, "angle": 0 }
				],
				"translate": [
					{ "time": 0, "x": 0, "y": 0, "curve": "stepped" },
					{ "time": 2, "x": 0, "y": 0 }
				]
			},
			"bone3": {
				"rotate": [
					{ "time": 0, "angle": 0 },
					{ "time": 1, "angle": -5.28 },
					{ "time": 2, "angle": 0 }
				],
				"translate": [
					{ "time": 0, "x": 0, "y": 0, "curve": "stepped" },
					{ "time": 2, "x": 0, "y": 0 }
				]
			},
			"bone2": {
				"rotate": [
					{ "time": 0, "angle": 0 },
					{ "time": 1, "angle": -5.28 },
					{ "time": 2, "angle": 0 }
				],
				"translate": [
					{ "time": 0, "x": 0, "y": 0, "curve": "stepped" },
					{ "time": 2, "x": 0, "y": 0 }
				]
			}
		},
		"events": [
			{ "time": 0.0666, "name": "Antiaircraft" }
		]
	},
	"attack": {
		"slots": {
			"Light_Body": {
				"color": [
					{ "time": 0.5333, "color": "fffffffb" },
					{ "time": 0.8333, "color": "ffffff00" }
				],
				"attachment": [
					{ "time": 0, "name": null },
					{ "time": 0.0666, "name": "Rodney_ship_body_normal_light" }
				]
			},
			"head_light": {
				"color": [
					{ "time": 0.5333, "color": "fffffffb" },
					{ "time": 0.8333, "color": "ffffff00" }
				],
				"attachment": [
					{ "time": 0, "name": null },
					{ "time": 0.0666, "name": "head_light" }
				]
			}
		},
		"bones": {
			"Root_All": {
				"rotate": [
					{ "time": 0, "angle": 0, "curve": "stepped" },
					{ "time": 1.6666, "angle": 0 }
				],
				"translate": [
					{
						"time": 0,
						"x": 0,
						"y": 0,
						"curve": [ 0.255, 0.35, 0.6, 0.7 ]
					},
					{ "time": 0.0666, "x": 8.69, "y": 0 },
					{ "time": 0.1666, "x": -87.44, "y": 0 },
					{ "time": 0.3333, "x": -61.04, "y": 0 },
					{ "time": 0.5333, "x": -69.84, "y": 0 },
					{ "time": 1, "x": -85.6, "y": 0 },
					{ "time": 1.4, "x": 15.07, "y": 0 },
					{ "time": 1.6666, "x": 0, "y": 0 }
				]
			},
			"Face": {
				"rotate": [
					{ "time": 0, "angle": 0, "curve": "stepped" },
					{ "time": 1.6666, "angle": 0 }
				],
				"translate": [
					{
						"time": 0,
						"x": 0,
						"y": 0,
						"curve": [ 0.286, 0.34, 0.623, 0.67 ]
					},
					{ "time": 0.1666, "x": 0, "y": 3.4 },
					{ "time": 0.3333, "x": 0, "y": -0.66 },
					{ "time": 0.9, "x": 0, "y": -1.2 },
					{ "time": 1, "x": 0, "y": -0.44 },
					{ "time": 1.6666, "x": 0, "y": 0 }
				]
			},
			"Ship_All": {
				"rotate": [
					{ "time": 0, "angle": 0, "curve": "stepped" },
					{ "time": 1.6666, "angle": 0 }
				],
				"translate": [
					{ "time": 0, "x": 0, "y": 0, "curve": "stepped" },
					{ "time": 1.6666, "x": 0, "y": 0 }
				]
			},
			"Body": {
				"rotate": [
					{
						"time": 0,
						"angle": 0,
						"curve": [ 0.312, 0.33, 0.646, 0.67 ]
					},
					{
						"time": 0.1666,
						"angle": 3.1,
						"curve": [ 0.288, 0.34, 0.625, 0.68 ]
					},
					{
						"time": 0.6666,
						"angle": -3.74,
						"curve": [ 0.288, 0.4, 0.634, 0.75 ]
					},
					{ "time": 1.6666, "angle": 0 }
				],
				"translate": [
					{
						"time": 0,
						"x": 0,
						"y": 0,
						"curve": [ 0.312, 0.33, 0.646, 0.67 ]
					},
					{
						"time": 0.1666,
						"x": -24.76,
						"y": 17.26,
						"curve": [ 0.288, 0.34, 0.625, 0.68 ]
					},
					{
						"time": 0.6666,
						"x": 3,
						"y": 4.9,
						"curve": [ 0.288, 0.4, 0.634, 0.75 ]
					},
					{ "time": 1.6666, "x": 0, "y": 0 }
				]
			},
			"Attack_Point": {
				"rotate": [
					{ "time": 0.0666, "angle": 0 }
				],
				"translate": [
					{ "time": 0.0666, "x": 0, "y": 0 }
				]
			},
			"Head": {
				"rotate": [
					{ "time": 0, "angle": 0 },
					{ "time": 0.1666, "angle": -5.14 },
					{ "time": 0.5, "angle": -1.89 },
					{ "time": 0.8333, "angle": -0.08 },
					{ "time": 1.3333, "angle": 1.69 },
					{ "time": 1.6666, "angle": 0 }
				],
				"translate": [
					{ "time": 0, "x": 0, "y": 0, "curve": "stepped" },
					{ "time": 1.6666, "x": 0, "y": 0 }
				]
			},
			"hand_R": {
				"rotate": [
					{ "time": 0, "angle": 0 },
					{ "time": 0.0333, "angle": 1.92 },
					{ "time": 0.3333, "angle": 28.04 },
					{ "time": 0.8333, "angle": 9.79 },
					{ "time": 1.6666, "angle": 0 }
				],
				"translate": [
					{ "time": 0, "x": 0, "y": 0 },
					{ "time": 0.5, "x": 0.77, "y": 4.07 },
					{ "time": 0.8333, "x": -1.07, "y": -0.32 },
					{ "time": 1.6666, "x": 0, "y": 0 }
				]
			},
			"hand_L": {
				"rotate": [
					{ "time": 0, "angle": 0 },
					{ "time": 0.3333, "angle": 15.27 },
					{ "time": 1.6666, "angle": 0 }
				],
				"translate": [
					{ "time": 0, "x": 0, "y": 0, "curve": "stepped" },
					{ "time": 1.6666, "x": 0, "y": 0 }
				]
			},
			"hair": {
				"rotate": [
					{ "time": 0, "angle": 0 },
					{ "time": 0.5, "angle": 359.09 },
					{ "time": 1.6666, "angle": 0 }
				],
				"translate": [
					{ "time": 0, "x": 0, "y": 0, "curve": "stepped" },
					{ "time": 1.6666, "x": 0, "y": 0 }
				]
			},
			"hair_4": {
				"rotate": [
					{ "time": 0, "angle": 0 },
					{ "time": 0.5, "angle": 3.02 },
					{ "time": 1, "angle": -2.03 },
					{ "time": 1.6666, "angle": 0 }
				],
				"translate": [
					{ "time": 0, "x": 0, "y": 0, "curve": "stepped" },
					{ "time": 1.6666, "x": 0, "y": 0 }
				]
			},
			"hair_3": {
				"rotate": [
					{ "time": 0, "angle": 0 },
					{ "time": 0.5, "angle": 7.23 },
					{ "time": 1, "angle": 0 },
					{ "time": 1.6666, "angle": 0 }
				],
				"translate": [
					{ "time": 0, "x": 0, "y": 0, "curve": "stepped" },
					{ "time": 1.6666, "x": 0, "y": 0 }
				]
			},
			"hair_2": {
				"rotate": [
					{ "time": 0, "angle": 0 },
					{ "time": 0.5, "angle": 5.26 },
					{ "time": 1, "angle": -4.4 },
					{ "time": 1.6666, "angle": 0 }
				],
				"translate": [
					{ "time": 0, "x": 0, "y": 0, "curve": "stepped" },
					{ "time": 1.6666, "x": 0, "y": 0 }
				]
			}
		},
		"events": [
			{ "time": 0.0666, "name": "attack_point" }
		]
	},
	"damage": {
		"slots": {
			"DD": {
				"color": [
					{ "time": 0.0666, "color": "8c4c51ff", "curve": "stepped" },
					{ "time": 0.7666, "color": "8c4c51ff" },
					{ "time": 1.1333, "color": "ffffffff" }
				]
			},
			"G": {
				"color": [
					{ "time": 0.0666, "color": "8c4c51ff", "curve": "stepped" },
					{ "time": 0.7666, "color": "8c4c51ff" },
					{ "time": 1.1333, "color": "ffffffff" }
				]
			},
			"G_light": {
				"color": [
					{ "time": 0.5333, "color": "fffffffc" },
					{ "time": 0.7666, "color": "ffffff00" }
				],
				"attachment": [
					{ "time": 0, "name": null },
					{ "time": 0.0666, "name": "G_light" },
					{ "time": 0.7666, "name": null }
				]
			},
			"JB": {
				"color": [
					{ "time": 0.0666, "color": "8c4c51ff", "curve": "stepped" },
					{ "time": 0.7666, "color": "8c4c51ff" },
					{ "time": 1.1333, "color": "ffffffff" }
				]
			},
			"JJJJ": {
				"color": [
					{ "time": 0.0666, "color": "8c4c51ff", "curve": "stepped" },
					{ "time": 0.7666, "color": "8c4c51ff" },
					{ "time": 1.1333, "color": "ffffffff" }
				]
			},
			"JL": {
				"color": [
					{ "time": 0.0666, "color": "8c4c51ff", "curve": "stepped" },
					{ "time": 0.7666, "color": "8c4c51ff" },
					{ "time": 1.1333, "color": "ffffffff" }
				]
			},
			"JR": {
				"color": [
					{ "time": 0.0666, "color": "8c4c51ff", "curve": "stepped" },
					{ "time": 0.7666, "color": "8c4c51ff" },
					{ "time": 1.1333, "color": "ffffffff" }
				]
			},
			"JR_light": {
				"color": [
					{ "time": 0.5333, "color": "fffffffc" },
					{ "time": 0.7666, "color": "ffffff00" }
				],
				"attachment": [
					{ "time": 0, "name": null },
					{ "time": 0.0666, "name": "JR_light" },
					{ "time": 0.7666, "name": null }
				]
			},
			"J_light": {
				"color": [
					{ "time": 0.5333, "color": "fffffffc" },
					{ "time": 0.7666, "color": "ffffff00" }
				],
				"attachment": [
					{ "time": 0, "name": null },
					{ "time": 0.0666, "name": "J_light" },
					{ "time": 0.7666, "name": null }
				]
			},
			"LLL": {
				"color": [
					{ "time": 0.0666, "color": "8c4c51ff", "curve": "stepped" },
					{ "time": 0.7666, "color": "8c4c51ff" },
					{ "time": 1.1333, "color": "ffffffff" }
				]
			},
			"Light_Body": {
				"color": [
					{ "time": 0.5333, "color": "fffffffc" },
					{ "time": 0.7666, "color": "ffffff00" }
				],
				"attachment": [
					{ "time": 0, "name": null },
					{ "time": 0.0666, "name": "Rodney_ship_body_normal_light" },
					{ "time": 0.7666, "name": null }
				]
			},
			"Rodney_body_normal": {
				"color": [
					{ "time": 0.0666, "color": "8c4c51ff", "curve": "stepped" },
					{ "time": 0.7666, "color": "8c4c51ff" },
					{ "time": 1.1333, "color": "ffffffff" }
				]
			},
			"Rodney_eyes_normal": {
				"color": [
					{ "time": 0.0666, "color": "8c4c51ff", "curve": "stepped" },
					{ "time": 0.7666, "color": "8c4c51ff" },
					{ "time": 1.1333, "color": "ffffffff" }
				],
				"attachment": [
					{ "time": 0.0666, "name": "Rodney_eyes_damage" },
					{ "time": 1.1333, "name": "Rodney_eyes_normal" }
				]
			},
			"hair": {
				"color": [
					{ "time": 0.0666, "color": "8c4c51ff", "curve": "stepped" },
					{ "time": 0.7666, "color": "8c4c51ff" },
					{ "time": 1.1333, "color": "ffffffff" }
				]
			},
			"hair_D": {
				"color": [
					{ "time": 0.0666, "color": "8c4c51ff", "curve": "stepped" },
					{ "time": 0.7666, "color": "8c4c51ff" },
					{ "time": 1.1333, "color": "ffffffff" }
				]
			},
			"hand_L": {
				"color": [
					{ "time": 0.0666, "color": "8c4c51ff", "curve": "stepped" },
					{ "time": 0.7666, "color": "8c4c51ff" },
					{ "time": 1.1333, "color": "ffffffff" }
				]
			},
			"hand_L2": {
				"color": [
					{ "time": 0.0666, "color": "8c4c51ff", "curve": "stepped" },
					{ "time": 0.7666, "color": "8c4c51ff" },
					{ "time": 1.1333, "color": "ffffffff" }
				]
			},
			"hand_R": {
				"color": [
					{ "time": 0.0666, "color": "8c4c51ff", "curve": "stepped" },
					{ "time": 0.7666, "color": "8c4c51ff" },
					{ "time": 1.1333, "color": "ffffffff" }
				]
			},
			"hand_R2": {
				"color": [
					{ "time": 0.0666, "color": "8c4c51ff", "curve": "stepped" },
					{ "time": 0.7666, "color": "8c4c51ff" },
					{ "time": 1.1333, "color": "ffffffff" }
				]
			},
			"head": {
				"color": [
					{ "time": 0.0666, "color": "8c4c51ff", "curve": "stepped" },
					{ "time": 0.7666, "color": "8c4c51ff" },
					{ "time": 1.1333, "color": "ffffffff" }
				]
			},
			"head_light": {
				"color": [
					{ "time": 0.5333, "color": "fffffffc" },
					{ "time": 0.7666, "color": "ffffff00" }
				],
				"attachment": [
					{ "time": 0, "name": null },
					{ "time": 0.0666, "name": "head_light" }
				]
			}
		},
		"bones": {
			"Root_All": {
				"rotate": [
					{ "time": 0, "angle": 0, "curve": "stepped" },
					{ "time": 1.1666, "angle": 0 }
				],
				"translate": [
					{
						"time": 0,
						"x": 0,
						"y": 0,
						"curve": [ 0.255, 0.35, 0.6, 0.7 ]
					},
					{ "time": 0.0666, "x": -27.67, "y": -23.16 },
					{ "time": 0.1333, "x": 20.98, "y": 15.35 },
					{ "time": 0.2333, "x": -19.78, "y": -15.62 },
					{ "time": 0.3666, "x": 14.36, "y": 8.59 },
					{ "time": 0.5666, "x": -3.37, "y": -4.5 },
					{ "time": 0.8666, "x": 5.63, "y": 2.25 },
					{ "time": 1.1666, "x": 0, "y": 0 }
				]
			},
			"Face": {
				"rotate": [
					{ "time": 0, "angle": 0, "curve": "stepped" },
					{ "time": 1.1666, "angle": 0 }
				],
				"translate": [
					{
						"time": 0,
						"x": 0,
						"y": 0,
						"curve": [ 0.286, 0.34, 0.623, 0.67 ]
					},
					{ "time": 0.0666, "x": -5.44, "y": 0 },
					{ "time": 0.1333, "x": -0.44, "y": 0 },
					{ "time": 0.2333, "x": -5.06, "y": 0 },
					{ "time": 0.3666, "x": -2.01, "y": 0 },
					{ "time": 1.1666, "x": 0, "y": 0 }
				]
			},
			"Ship_All": {
				"rotate": [
					{ "time": 0, "angle": 0, "curve": "stepped" },
					{ "time": 1.1666, "angle": 0 }
				],
				"translate": [
					{ "time": 0, "x": 0, "y": 0, "curve": "stepped" },
					{ "time": 1.1666, "x": 0, "y": 0 }
				]
			},
			"Body": {
				"rotate": [
					{ "time": 0, "angle": 0, "curve": "stepped" },
					{ "time": 1.1666, "angle": 0 }
				],
				"translate": [
					{ "time": 0, "x": 0, "y": 0, "curve": "stepped" },
					{ "time": 1.1666, "x": 0, "y": 0 }
				]
			},
			"Damage_Point": {
				"rotate": [
					{ "time": 0.0666, "angle": 0 }
				],
				"translate": [
					{ "time": 0.0666, "x": 0, "y": 0 }
				]
			},
			"Head": {
				"rotate": [
					{ "time": 0, "angle": 0 },
					{ "time": 0.1666, "angle": 6.68 },
					{ "time": 0.4, "angle": -5.58 },
					{ "time": 0.9333, "angle": -3.55 },
					{ "time": 1.1666, "angle": 0 }
				],
				"translate": [
					{ "time": 0, "x": 0, "y": 0, "curve": "stepped" },
					{ "time": 1.1666, "x": 0, "y": 0 }
				]
			},
			"hand_R": {
				"rotate": [
					{ "time": 0, "angle": 0 },
					{ "time": 0.3333, "angle": 13.08 },
					{ "time": 0.6666, "angle": -1.73 },
					{ "time": 1.1666, "angle": 0 }
				],
				"translate": [
					{ "time": 0, "x": 0, "y": 0, "curve": "stepped" },
					{ "time": 1.1666, "x": 0, "y": 0 }
				]
			},
			"hand_L": {
				"rotate": [
					{ "time": 0, "angle": 0 },
					{ "time": 0.3333, "angle": 12.17 },
					{ "time": 0.6666, "angle": -1.93 },
					{ "time": 1.1666, "angle": 0 }
				],
				"translate": [
					{ "time": 0, "x": 0, "y": 0, "curve": "stepped" },
					{ "time": 1.1666, "x": 0, "y": 0 }
				]
			},
			"hair": {
				"rotate": [
					{ "time": 0, "angle": 0 },
					{ "time": 0.3333, "angle": 356.33 },
					{ "time": 0.6666, "angle": 2.98 },
					{ "time": 1.1666, "angle": 0 }
				],
				"translate": [
					{ "time": 0, "x": 0, "y": 0, "curve": "stepped" },
					{ "time": 1.1666, "x": 0, "y": 0 }
				]
			},
			"JB": {
				"rotate": [
					{ "time": 0, "angle": 0 },
					{ "time": 0.3333, "angle": 8.03 },
					{ "time": 0.6666, "angle": -4.22 },
					{ "time": 1.1666, "angle": 0 }
				],
				"translate": [
					{ "time": 0, "x": 0, "y": 0, "curve": "stepped" },
					{ "time": 1.1666, "x": 0, "y": 0 }
				]
			},
			"JL": {
				"rotate": [
					{ "time": 0, "angle": 0 },
					{ "time": 0.3333, "angle": 13.21 },
					{ "time": 0.6666, "angle": -7.99 },
					{ "time": 1.1666, "angle": 0 }
				],
				"translate": [
					{ "time": 0, "x": 0, "y": 0, "curve": "stepped" },
					{ "time": 1.1666, "x": 0, "y": 0 }
				]
			},
			"JR": {
				"rotate": [
					{ "time": 0, "angle": 0 },
					{ "time": 0.3333, "angle": -13.95 },
					{ "time": 0.6666, "angle": 6.38 },
					{ "time": 1.1666, "angle": 0 }
				],
				"translate": [
					{ "time": 0, "x": 0, "y": 0, "curve": "stepped" },
					{ "time": 1.1666, "x": 0, "y": 0 }
				]
			},
			"L2": {
				"rotate": [
					{ "time": 0, "angle": 0 },
					{ "time": 0.5, "angle": 11.25 },
					{ "time": 1.1666, "angle": 0 }
				],
				"translate": [
					{ "time": 0, "x": 0, "y": 0, "curve": "stepped" },
					{ "time": 1.1666, "x": 0, "y": 0 }
				]
			},
			"JJJJJ": {
				"rotate": [
					{ "time": 0, "angle": 0 },
					{ "time": 0.5, "angle": -17.59 },
					{ "time": 0.8333, "angle": -19.07 },
					{ "time": 1.1666, "angle": 0 }
				],
				"translate": [
					{ "time": 0, "x": 0, "y": 0, "curve": "stepped" },
					{ "time": 1.1666, "x": 0, "y": 0 }
				]
			},
			"R2": {
				"rotate": [
					{ "time": 0, "angle": 0 },
					{ "time": 0.3333, "angle": -35.75 },
					{ "time": 0.9333, "angle": -23.92 },
					{ "time": 1.1666, "angle": 0 }
				],
				"translate": [
					{ "time": 0, "x": 0, "y": 0, "curve": "stepped" },
					{ "time": 1.1666, "x": 0, "y": 0 }
				]
			},
			"G": {
				"rotate": [
					{ "time": 0, "angle": 0 },
					{ "time": 0.5, "angle": -4.79 },
					{ "time": 0.8333, "angle": -4.64 },
					{ "time": 1.1666, "angle": 0 }
				],
				"translate": [
					{ "time": 0, "x": 0, "y": 0, "curve": "stepped" },
					{ "time": 1.1666, "x": 0, "y": 0 }
				]
			},
			"hair_D": {
				"rotate": [
					{ "time": 0, "angle": 0 },
					{ "time": 0.3333, "angle": -8.24 },
					{ "time": 0.6666, "angle": 10.14 },
					{ "time": 1.1666, "angle": 0 }
				],
				"translate": [
					{ "time": 0, "x": 0, "y": 0, "curve": "stepped" },
					{ "time": 1.1666, "x": 0, "y": 0 }
				]
			},
			"bone5": {
				"rotate": [
					{ "time": 0, "angle": 0 },
					{ "time": 0.3333, "angle": -8.24 },
					{ "time": 0.6666, "angle": 10.14 },
					{ "time": 1.1666, "angle": 0 }
				],
				"translate": [
					{ "time": 0, "x": 0, "y": 0, "curve": "stepped" },
					{ "time": 1.1666, "x": 0, "y": 0 }
				]
			},
			"bone4": {
				"rotate": [
					{ "time": 0, "angle": 0 },
					{ "time": 0.3333, "angle": -8.24 },
					{ "time": 0.6666, "angle": 10.14 },
					{ "time": 1.1666, "angle": 0 }
				],
				"translate": [
					{ "time": 0, "x": 0, "y": 0, "curve": "stepped" },
					{ "time": 1.1666, "x": 0, "y": 0 }
				]
			},
			"bone3": {
				"rotate": [
					{ "time": 0, "angle": 0 },
					{ "time": 0.3333, "angle": -8.24 },
					{ "time": 0.6666, "angle": 10.14 },
					{ "time": 1.1666, "angle": 0 }
				],
				"translate": [
					{ "time": 0, "x": 0, "y": 0, "curve": "stepped" },
					{ "time": 1.1666, "x": 0, "y": 0 }
				]
			},
			"bone2": {
				"rotate": [
					{ "time": 0, "angle": 0 },
					{ "time": 0.3333, "angle": -8.24 },
					{ "time": 0.6666, "angle": 10.14 },
					{ "time": 1.1666, "angle": 0 }
				],
				"translate": [
					{ "time": 0, "x": 0, "y": 0, "curve": "stepped" },
					{ "time": 1.1666, "x": 0, "y": 0 }
				]
			},
			"hair_4": {
				"rotate": [
					{ "time": 0, "angle": 0 },
					{ "time": 0.3333, "angle": -3.66 },
					{ "time": 0.6666, "angle": 2.98 },
					{ "time": 1.1666, "angle": 0 }
				],
				"translate": [
					{ "time": 0, "x": 0, "y": 0, "curve": "stepped" },
					{ "time": 1.1666, "x": 0, "y": 0 }
				]
			},
			"hair_3": {
				"rotate": [
					{ "time": 0, "angle": 0 },
					{ "time": 0.3333, "angle": -3.66 },
					{ "time": 0.6666, "angle": 2.98 },
					{ "time": 1.1666, "angle": 0 }
				],
				"translate": [
					{ "time": 0, "x": 0, "y": 0, "curve": "stepped" },
					{ "time": 1.1666, "x": 0, "y": 0 }
				]
			},
			"hair_2": {
				"rotate": [
					{ "time": 0, "angle": 0 },
					{ "time": 0.3333, "angle": -3.66 },
					{ "time": 0.6666, "angle": 2.98 },
					{ "time": 1.1666, "angle": 0 }
				],
				"translate": [
					{ "time": 0, "x": 0, "y": 0, "curve": "stepped" },
					{ "time": 1.1666, "x": 0, "y": 0 }
				]
			},
			"z": {
				"rotate": [
					{ "time": 0, "angle": 0, "curve": "stepped" },
					{ "time": 1.1666, "angle": 0 }
				],
				"translate": [
					{ "time": 0, "x": 0, "y": 0 },
					{ "time": 0.1666, "x": -10.43, "y": -2.72 },
					{ "time": 0.5, "x": -16.85, "y": -8.21 },
					{ "time": 0.8333, "x": -17.53, "y": -13.26 },
					{ "time": 1.1666, "x": 0, "y": 0 }
				]
			}
		},
		"events": [
			{ "time": 0.0666, "name": "damage_point" }
		]
	},
	"normal": {
		"slots": {
			"G_light": {
				"attachment": [
					{ "time": 0, "name": null }
				]
			},
			"JR_light": {
				"attachment": [
					{ "time": 0, "name": null }
				]
			},
			"J_light": {
				"attachment": [
					{ "time": 0, "name": null }
				]
			},
			"Light_Body": {
				"attachment": [
					{ "time": 0, "name": null }
				]
			},
			"Rodney_eyes_normal": {
				"attachment": [
					{ "time": 0, "name": "Rodney_eyes_normal" }
				]
			},
			"head_light": {
				"attachment": [
					{ "time": 0, "name": null }
				]
			}
		},
		"bones": {
			"Body": {
				"rotate": [
					{ "time": 0, "angle": 0, "curve": "stepped" },
					{ "time": 2, "angle": 0 }
				],
				"translate": [
					{ "time": 0, "x": 0, "y": 0, "curve": "stepped" },
					{ "time": 2, "x": 0, "y": 0 }
				]
			},
			"JR": {
				"rotate": [
					{ "time": 0, "angle": 0 },
					{ "time": 1, "angle": 8.09 },
					{ "time": 2, "angle": 0 }
				],
				"translate": [
					{ "time": 0, "x": 0, "y": 0, "curve": "stepped" },
					{ "time": 2, "x": 0, "y": 0 }
				]
			},
			"G": {
				"rotate": [
					{ "time": 0, "angle": 0 },
					{ "time": 1, "angle": -13.22 },
					{ "time": 2, "angle": 0 }
				],
				"translate": [
					{ "time": 0, "x": 0, "y": 0, "curve": "stepped" },
					{ "time": 2, "x": 0, "y": 0 }
				]
			},
			"Head": {
				"rotate": [
					{ "time": 0, "angle": 0 },
					{ "time": 0.5, "angle": -3.17 },
					{ "time": 1, "angle": 0 },
					{ "time": 1.5, "angle": 0.89 },
					{ "time": 2, "angle": 0 }
				],
				"translate": [
					{ "time": 0, "x": 0, "y": 0, "curve": "stepped" },
					{ "time": 1, "x": 0, "y": 0, "curve": "stepped" },
					{ "time": 2, "x": 0, "y": 0 }
				]
			},
			"hair_4": {
				"rotate": [
					{ "time": 0, "angle": 0 },
					{ "time": 0.6666, "angle": -4.63 },
					{ "time": 1.3333, "angle": 7.96 },
					{ "time": 2, "angle": 0 }
				],
				"translate": [
					{ "time": 0, "x": 0, "y": 0, "curve": "stepped" },
					{ "time": 2, "x": 0, "y": 0 }
				]
			},
			"hair_D": {
				"rotate": [
					{ "time": 0, "angle": 0 },
					{ "time": 1, "angle": -5.28 },
					{ "time": 2, "angle": 0 }
				],
				"translate": [
					{ "time": 0, "x": 0, "y": 0, "curve": "stepped" },
					{ "time": 2, "x": 0, "y": 0 }
				]
			},
			"X": {
				"rotate": [
					{ "time": 0, "angle": 0, "curve": "stepped" },
					{ "time": 2, "angle": 0 }
				],
				"translate": [
					{ "time": 0, "x": 0, "y": 0, "curve": "stepped" },
					{ "time": 2, "x": 0, "y": 0 }
				]
			},
			"bone2": {
				"rotate": [
					{ "time": 0, "angle": 0 },
					{ "time": 1, "angle": -5.28 },
					{ "time": 2, "angle": 0 }
				],
				"translate": [
					{ "time": 0, "x": 0, "y": 0, "curve": "stepped" },
					{ "time": 2, "x": 0, "y": 0 }
				]
			},
			"Face": {
				"rotate": [
					{ "time": 0, "angle": 0, "curve": "stepped" },
					{ "time": 2, "angle": 0 }
				],
				"translate": [
					{
						"time": 0,
						"x": 0,
						"y": 0,
						"curve": [ 0.286, 0.34, 0.623, 0.67 ]
					},
					{
						"time": 0.5,
						"x": 0.64,
						"y": 0,
						"curve": [ 0.282, 0.37, 0.624, 0.71 ]
					},
					{
						"time": 1.5,
						"x": -1.28,
						"y": 0,
						"curve": [ 0.321, 0.37, 0.656, 0.71 ]
					},
					{ "time": 2, "x": 0, "y": 0 }
				]
			},
			"Ship_All": {
				"rotate": [
					{ "time": 0, "angle": 0, "curve": "stepped" },
					{ "time": 2, "angle": 0 }
				],
				"translate": [
					{ "time": 0, "x": 0, "y": 0, "curve": "stepped" },
					{ "time": 2, "x": 0, "y": 0 }
				]
			},
			"hand_R": {
				"rotate": [
					{ "time": 0, "angle": 0 },
					{ "time": 1, "angle": 6.16 },
					{ "time": 2, "angle": 0 }
				],
				"translate": [
					{ "time": 0, "x": 0, "y": 0, "curve": "stepped" },
					{ "time": 2, "x": 0, "y": 0 }
				]
			},
			"hair_2": {
				"rotate": [
					{ "time": 0, "angle": 0 },
					{ "time": 0.6666, "angle": -3.6 },
					{ "time": 1.3333, "angle": 2.23 },
					{ "time": 2, "angle": 0 }
				],
				"translate": [
					{ "time": 0, "x": 0, "y": 0, "curve": "stepped" },
					{ "time": 2, "x": 0, "y": 0 }
				]
			},
			"R2": {
				"rotate": [
					{ "time": 0, "angle": 0 },
					{ "time": 1, "angle": 10.89 },
					{ "time": 2, "angle": 0 }
				],
				"translate": [
					{ "time": 0, "x": 0, "y": 0, "curve": "stepped" },
					{ "time": 2, "x": 0, "y": 0 }
				]
			},
			"Root_All": {
				"rotate": [
					{ "time": 0, "angle": 0, "curve": "stepped" },
					{ "time": 2, "angle": 0 }
				],
				"translate": [
					{
						"time": 0,
						"x": 0,
						"y": 0,
						"curve": [ 0.255, 0.35, 0.6, 0.7 ]
					},
					{
						"time": 0.5,
						"x": 0,
						"y": -9.82,
						"curve": [ 0.3, 0.39, 0.641, 0.74 ]
					},
					{
						"time": 1,
						"x": 0,
						"y": -15.66,
						"curve": [ 0.322, 0.37, 0.652, 0.7 ]
					},
					{
						"time": 1.5,
						"x": 0,
						"y": -7.79,
						"curve": [ 0.314, 0.36, 0.644, 0.68 ]
					},
					{ "time": 2, "x": 0, "y": 0 }
				]
			},
			"z": {
				"rotate": [
					{ "time": 0, "angle": 0, "curve": "stepped" },
					{ "time": 2, "angle": 0 }
				],
				"translate": [
					{ "time": 0, "x": 2.79, "y": -18.12, "curve": "stepped" },
					{ "time": 1, "x": 2.79, "y": -18.12, "curve": "stepped" },
					{ "time": 2, "x": 2.79, "y": -18.12 }
				]
			},
			"YL": {
				"rotate": [
					{ "time": 0, "angle": 0 },
					{ "time": 0.6666, "angle": 354.86 },
					{ "time": 1.3333, "angle": 3.69 },
					{ "time": 2, "angle": 0 }
				],
				"translate": [
					{ "time": 0, "x": 0, "y": 0, "curve": "stepped" },
					{ "time": 2, "x": 0, "y": 0 }
				]
			},
			"GX": {
				"rotate": [
					{ "time": 0, "angle": 0, "curve": "stepped" },
					{ "time": 2, "angle": 0 }
				],
				"translate": [
					{ "time": 0, "x": 0, "y": 0, "curve": "stepped" },
					{ "time": 2, "x": 0, "y": 0 }
				]
			},
			"hair": {
				"rotate": [
					{ "time": 0, "angle": 0 },
					{ "time": 1.3333, "angle": 1.46 },
					{ "time": 2, "angle": 0 }
				],
				"translate": [
					{ "time": 0, "x": 0, "y": 0, "curve": "stepped" },
					{ "time": 2, "x": 0, "y": 0 }
				]
			},
			"JJJJJ": {
				"rotate": [
					{ "time": 0, "angle": 0 },
					{ "time": 1, "angle": -3.74 },
					{ "time": 2, "angle": 0 }
				],
				"translate": [
					{ "time": 0, "x": 0, "y": 0, "curve": "stepped" },
					{ "time": 2, "x": 0, "y": 0 }
				]
			},
			"hair_3": {
				"rotate": [
					{ "time": 0, "angle": 0 },
					{ "time": 0.6666, "angle": -2.87 },
					{ "time": 1.3333, "angle": -1.41 },
					{ "time": 2, "angle": 0 }
				],
				"translate": [
					{ "time": 0, "x": 0, "y": 0, "curve": "stepped" },
					{ "time": 2, "x": 0, "y": 0 }
				]
			},
			"bone5": {
				"rotate": [
					{ "time": 0, "angle": 0 },
					{ "time": 1, "angle": -5.28 },
					{ "time": 2, "angle": 0 }
				],
				"translate": [
					{ "time": 0, "x": 0, "y": 0, "curve": "stepped" },
					{ "time": 2, "x": 0, "y": 0 }
				]
			},
			"bone3": {
				"rotate": [
					{ "time": 0, "angle": 0 },
					{ "time": 1, "angle": -5.28 },
					{ "time": 2, "angle": 0 }
				],
				"translate": [
					{ "time": 0, "x": 0, "y": 0, "curve": "stepped" },
					{ "time": 2, "x": 0, "y": 0 }
				]
			},
			"L2": {
				"rotate": [
					{ "time": 0, "angle": 0 },
					{ "time": 1, "angle": 12.85 },
					{ "time": 2, "angle": 0 }
				],
				"translate": [
					{ "time": 0, "x": 0, "y": 0, "curve": "stepped" },
					{ "time": 2, "x": 0, "y": 0 }
				]
			},
			"bone4": {
				"rotate": [
					{ "time": 0, "angle": 0 },
					{ "time": 1, "angle": -5.29 },
					{ "time": 2, "angle": 0 }
				],
				"translate": [
					{ "time": 0, "x": 0, "y": 0, "curve": "stepped" },
					{ "time": 2, "x": 0, "y": 0 }
				]
			},
			"JB": {
				"rotate": [
					{ "time": 0, "angle": 0 },
					{ "time": 1, "angle": 3.56 },
					{ "time": 2, "angle": 0 }
				],
				"translate": [
					{ "time": 0, "x": 0, "y": 0, "curve": "stepped" },
					{ "time": 2, "x": 0, "y": 0 }
				]
			},
			"hand_L": {
				"rotate": [
					{ "time": 0, "angle": 0 },
					{ "time": 1, "angle": -6.75 },
					{ "time": 2, "angle": 0 }
				],
				"translate": [
					{ "time": 0, "x": 0, "y": 0, "curve": "stepped" },
					{ "time": 2, "x": 0, "y": 0 }
				]
			},
			"JL": {
				"rotate": [
					{ "time": 0, "angle": 0 },
					{ "time": 1, "angle": -9.79 },
					{ "time": 2, "angle": 0 }
				],
				"translate": [
					{ "time": 0, "x": 0, "y": 0, "curve": "stepped" },
					{ "time": 2, "x": 0, "y": 0 }
				]
			}
		}
	},
	"throw": {
		"slots": {
			"G_light": {
				"attachment": [
					{ "time": 0, "name": null }
				]
			},
			"JJJJ": {
				"attachment": [
					{ "time": 0.6333, "name": "J" },
					{ "time": 0.6666, "name": null }
				]
			},
			"JR_light": {
				"attachment": [
					{ "time": 0, "name": null }
				]
			},
			"J_light": {
				"color": [
					{ "time": 0.1666, "color": "ff041c14" },
					{ "time": 0.3333, "color": "ff2e49d1" },
					{ "time": 0.4333, "color": "ff111bd1" },
					{ "time": 0.5, "color": "ff071dd1" },
					{ "time": 0.6333, "color": "ff3727d1" }
				],
				"attachment": [
					{ "time": 0, "name": null },
					{ "time": 0.1666, "name": "J_light" },
					{ "time": 0.6666, "name": null }
				]
			},
			"Light_Body": {
				"attachment": [
					{ "time": 0, "name": null }
				]
			},
			"head_light": {
				"attachment": [
					{ "time": 0, "name": null }
				]
			}
		},
		"bones": {
			"Face": {
				"rotate": [
					{ "time": 0, "angle": 0, "curve": "stepped" },
					{ "time": 1.3333, "angle": 0 }
				],
				"translate": [
					{
						"time": 0,
						"x": 0,
						"y": 0,
						"curve": [ 0.286, 0.34, 0.623, 0.67 ]
					},
					{ "time": 0.3333, "x": 0, "y": -0.7 },
					{ "time": 0.5666, "x": 0, "y": 0.14 },
					{ "time": 1.3333, "x": 0, "y": 0 }
				]
			},
			"Root_All": {
				"rotate": [
					{ "time": 0, "angle": 0, "curve": "stepped" },
					{ "time": 1.3333, "angle": 0 }
				],
				"translate": [
					{
						"time": 0,
						"x": 0,
						"y": 0,
						"curve": [ 0.307, 0.33, 0.641, 0.67 ]
					},
					{
						"time": 0.3333,
						"x": -12.66,
						"y": -1.2,
						"curve": [ 0.304, 0.34, 0.639, 0.67 ]
					},
					{
						"time": 0.8333,
						"x": 5.21,
						"y": -2.34,
						"curve": [ 0.312, 0.34, 0.646, 0.68 ]
					},
					{ "time": 1.3333, "x": 0, "y": 0 }
				]
			},
			"Body": {
				"rotate": [
					{ "time": 0, "angle": 0, "curve": "stepped" },
					{ "time": 1.3333, "angle": 0 }
				],
				"translate": [
					{ "time": 0, "x": 0, "y": 0, "curve": "stepped" },
					{ "time": 1.3333, "x": 0, "y": 0 }
				]
			},
			"Ship_All": {
				"rotate": [
					{ "time": 0, "angle": 0, "curve": "stepped" },
					{ "time": 1.3333, "angle": 0 }
				],
				"translate": [
					{ "time": 0, "x": 0, "y": 0, "curve": "stepped" },
					{ "time": 1.3333, "x": 0, "y": 0 }
				]
			},
			"Throw_Point": {
				"rotate": [
					{ "time": 0.6333, "angle": 0 }
				],
				"translate": [
					{ "time": 0.6333, "x": 0, "y": 0 }
				]
			},
			"Head": {
				"rotate": [
					{ "time": 0, "angle": 0 },
					{ "time": 0.3333, "angle": 0.25 },
					{ "time": 0.8333, "angle": -5.25 },
					{ "time": 1.3333, "angle": 0 }
				],
				"translate": [
					{ "time": 0, "x": 0, "y": 0, "curve": "stepped" },
					{ "time": 1.3333, "x": 0, "y": 0 }
				]
			},
			"hand_R": {
				"rotate": [
					{ "time": 0, "angle": 0 },
					{ "time": 0.1666, "angle": 69.62, "curve": "stepped" },
					{ "time": 0.8333, "angle": 69.62 },
					{ "time": 1.1, "angle": 47.38 },
					{ "time": 1.3333, "angle": 0 }
				],
				"translate": [
					{ "time": 0, "x": 0, "y": 0 },
					{ "time": 0.1666, "x": 2.95, "y": 0 },
					{ "time": 0.3333, "x": 2.46, "y": 1.97, "curve": "stepped" },
					{ "time": 0.5, "x": 2.46, "y": 1.97 },
					{ "time": 1.3333, "x": 0, "y": 0 }
				]
			},
			"hair": {
				"rotate": [
					{ "time": 0, "angle": 0 },
					{ "time": 0.5, "angle": 358.29 },
					{ "time": 0.8333, "angle": 4.02 },
					{ "time": 1.3333, "angle": 0 }
				],
				"translate": [
					{ "time": 0, "x": 0, "y": 0, "curve": "stepped" },
					{ "time": 1.3333, "x": 0, "y": 0 }
				]
			},
			"hair_4": {
				"rotate": [
					{ "time": 0, "angle": 0 },
					{ "time": 0.5, "angle": -1.7 },
					{ "time": 0.8333, "angle": 4.02 },
					{ "time": 1.3333, "angle": 0 }
				],
				"translate": [
					{ "time": 0, "x": 0, "y": 0, "curve": "stepped" },
					{ "time": 1.3333, "x": 0, "y": 0 }
				]
			},
			"hair_3": {
				"rotate": [
					{ "time": 0, "angle": 0 },
					{ "time": 0.5, "angle": -7.85 },
					{ "time": 0.8333, "angle": 4.02 },
					{ "time": 1.3333, "angle": 0 }
				],
				"translate": [
					{ "time": 0, "x": 0, "y": 0, "curve": "stepped" },
					{ "time": 1.3333, "x": 0, "y": 0 }
				]
			},
			"hair_2": {
				"rotate": [
					{ "time": 0, "angle": 0 },
					{ "time": 0.5, "angle": -1.7 },
					{ "time": 0.8333, "angle": 4.02 },
					{ "time": 1.3333, "angle": 0 }
				],
				"translate": [
					{ "time": 0, "x": 0, "y": 0, "curve": "stepped" },
					{ "time": 1.3333, "x": 0, "y": 0 }
				]
			},
			"hand_L": {
				"rotate": [
					{ "time": 0, "angle": 0 },
					{ "time": 0.1666, "angle": -256.79 },
					{ "time": 0.3333, "angle": -9.32, "curve": "stepped" },
					{ "time": 0.5, "angle": -9.32 },
					{ "time": 0.8333, "angle": -0.27 },
					{ "time": 1.3333, "angle": 0 }
				],
				"translate": [
					{ "time": 0, "x": 0, "y": 0 },
					{ "time": 0.1666, "x": -2.46, "y": 0.49 },
					{ "time": 1.3333, "x": 0, "y": 0 }
				]
			},
			"JJJJJ": {
				"rotate": [
					{ "time": 0, "angle": 0 },
					{ "time": 0.1666, "angle": 8.29 },
					{ "time": 0.3333, "angle": 26.51 },
					{ "time": 0.4333, "angle": 28.74 },
					{ "time": 0.5, "angle": 26.51 },
					{ "time": 0.6666, "angle": 60.74 },
					{ "time": 0.8333, "angle": 52.49 },
					{ "time": 1.3333, "angle": 0 }
				],
				"translate": [
					{ "time": 0, "x": 0, "y": 0 },
					{ "time": 0.3333, "x": -2.85, "y": 0.91, "curve": "stepped" },
					{ "time": 0.5, "x": -2.85, "y": 0.91 },
					{ "time": 0.6666, "x": 88.7, "y": 76.17 },
					{ "time": 0.8333, "x": 117.67, "y": 91.17 },
					{ "time": 1.3333, "x": 0, "y": 0 }
				]
			},
			"R2": {
				"rotate": [
					{ "time": 0, "angle": 0 },
					{ "time": 0.1666, "angle": 12.67 },
					{ "time": 1.1, "angle": 27.35 },
					{ "time": 1.3333, "angle": 0 }
				],
				"translate": [
					{ "time": 0, "x": 0, "y": 0 },
					{ "time": 0.1666, "x": -0.18, "y": -0.52 },
					{ "time": 1.1, "x": -0.25, "y": 0.3 },
					{ "time": 1.3333, "x": 0, "y": 0 }
				],
				"scale": [
					{ "time": 0.4666, "x": 1, "y": 1 }
				]
			},
			"G": {
				"rotate": [
					{ "time": 0, "angle": 0 },
					{ "time": 0.1666, "angle": -43.12 },
					{ "time": 0.8333, "angle": -35.94 },
					{ "time": 1.1, "angle": -39.03 },
					{ "time": 1.3333, "angle": 0 }
				],
				"translate": [
					{ "time": 0, "x": 0, "y": 0, "curve": "stepped" },
					{ "time": 1.3333, "x": 0, "y": 0 }
				]
			},
			"z": {
				"rotate": [
					{ "time": 0, "angle": 0, "curve": "stepped" },
					{ "time": 1.3333, "angle": 0 }
				],
				"translate": [
					{ "time": 0, "x": 0, "y": 0 },
					{ "time": 0.1666, "x": -2.51, "y": -3.33 },
					{ "time": 0.3333, "x": -2.52, "y": 25.78 },
					{ "time": 0.4333, "x": -1.89, "y": 26.68 },
					{ "time": 0.5, "x": -2.52, "y": 25.78 },
					{ "time": 0.5666, "x": 4.36, "y": -20.98 },
					{ "time": 1.3333, "x": 4.75, "y": -21.36 }
				]
			},
			"L2": {
				"rotate": [
					{ "time": 0, "angle": 0 },
					{ "time": 0.1666, "angle": -55.88 },
					{ "time": 0.3333, "angle": 47.18 },
					{ "time": 0.4333, "angle": 43.16 },
					{ "time": 0.5, "angle": 47.18 },
					{ "time": 0.6666, "angle": 18.72 },
					{ "time": 1.3333, "angle": 0 }
				],
				"translate": [
					{ "time": 0, "x": 0, "y": 0 },
					{ "time": 0.1666, "x": -1.38, "y": 0.12 },
					{ "time": 0.3333, "x": 0.4, "y": 0.95, "curve": "stepped" },
					{ "time": 0.5, "x": 0.4, "y": 0.95 },
					{ "time": 1.3333, "x": 0, "y": 0 }
				]
			},
			"JR": {
				"rotate": [
					{ "time": 0, "angle": 0 },
					{ "time": 0.5, "angle": 14.56 },
					{ "time": 0.6666, "angle": -6.61 },
					{ "time": 1.3333, "angle": 0 }
				],
				"translate": [
					{ "time": 0, "x": 0, "y": 0, "curve": "stepped" },
					{ "time": 1.3333, "x": 0, "y": 0 }
				]
			},
			"JL": {
				"rotate": [
					{ "time": 0, "angle": 0 },
					{ "time": 0.5, "angle": 15.18 },
					{ "time": 0.6666, "angle": 0.18 },
					{ "time": 1.3333, "angle": 0 }
				],
				"translate": [
					{ "time": 0, "x": 0, "y": 0, "curve": "stepped" },
					{ "time": 1.3333, "x": 0, "y": 0 }
				]
			},
			"JB": {
				"rotate": [
					{ "time": 0, "angle": 0 },
					{ "time": 0.5, "angle": 10.77 },
					{ "time": 0.8333, "angle": -5.84 },
					{ "time": 1.3333, "angle": 0 }
				],
				"translate": [
					{ "time": 0, "x": 0, "y": 0, "curve": "stepped" },
					{ "time": 1.3333, "x": 0, "y": 0 }
				]
			},
			"YL": {
				"rotate": [
					{ "time": 0, "angle": 0 },
					{ "time": 0.5, "angle": 9.96 },
					{ "time": 0.6666, "angle": 353.78 },
					{ "time": 0.9, "angle": 351.79 },
					{ "time": 1.3333, "angle": 0 }
				],
				"translate": [
					{ "time": 0, "x": 0, "y": 0, "curve": "stepped" },
					{ "time": 1.3333, "x": 0, "y": 0 }
				]
			},
			"hair_D": {
				"rotate": [
					{ "time": 0, "angle": 0 },
					{ "time": 0.5, "angle": -5.91 },
					{ "time": 0.6666, "angle": 9.24 },
					{ "time": 1, "angle": 3.2 },
					{ "time": 1.3333, "angle": 0 }
				],
				"translate": [
					{ "time": 0, "x": 0, "y": 0, "curve": "stepped" },
					{ "time": 1.3333, "x": 0, "y": 0 }
				]
			},
			"bone5": {
				"rotate": [
					{ "time": 0, "angle": 0 },
					{ "time": 0.5, "angle": -5.91 },
					{ "time": 0.6666, "angle": 9.24 },
					{ "time": 1, "angle": 3.2 },
					{ "time": 1.3333, "angle": 0 }
				],
				"translate": [
					{ "time": 0, "x": 0, "y": 0, "curve": "stepped" },
					{ "time": 1.3333, "x": 0, "y": 0 }
				]
			},
			"bone4": {
				"rotate": [
					{ "time": 0, "angle": 0 },
					{ "time": 0.5, "angle": -5.91 },
					{ "time": 0.6666, "angle": 9.24 },
					{ "time": 1, "angle": 3.2 },
					{ "time": 1.3333, "angle": 0 }
				],
				"translate": [
					{ "time": 0, "x": 0, "y": 0, "curve": "stepped" },
					{ "time": 1.3333, "x": 0, "y": 0 }
				]
			},
			"bone3": {
				"rotate": [
					{ "time": 0, "angle": 0 },
					{ "time": 0.5, "angle": -5.91 },
					{ "time": 0.6666, "angle": 9.24 },
					{ "time": 1, "angle": 3.2 },
					{ "time": 1.3333, "angle": 0 }
				],
				"translate": [
					{ "time": 0, "x": 0, "y": 0, "curve": "stepped" },
					{ "time": 1.3333, "x": 0, "y": 0 }
				]
			},
			"bone2": {
				"rotate": [
					{ "time": 0, "angle": 0 },
					{ "time": 0.5, "angle": -5.91 },
					{ "time": 0.6666, "angle": 9.24 },
					{ "time": 1, "angle": 3.2 },
					{ "time": 1.3333, "angle": 0 }
				],
				"translate": [
					{ "time": 0, "x": 0, "y": 0, "curve": "stepped" },
					{ "time": 1.3333, "x": 0, "y": 0 }
				]
			}
		},
		"events": [
			{ "time": 0.6666, "name": "throw_point" }
		]
	},
	"wreck": {
		"slots": {
			"G_light": {
				"attachment": [
					{ "time": 0, "name": null }
				]
			},
			"JR_light": {
				"attachment": [
					{ "time": 0, "name": null }
				]
			},
			"J_light": {
				"attachment": [
					{ "time": 0, "name": null }
				]
			},
			"Light_Body": {
				"attachment": [
					{ "time": 0, "name": null }
				]
			},
			"Rodney_eyes_normal": {
				"attachment": [
					{ "time": 0, "name": "Rodney_eyes_damage" }
				]
			},
			"head_light": {
				"attachment": [
					{ "time": 0, "name": null }
				]
			}
		},
		"bones": {
			"JR": {
				"rotate": [
					{ "time": 0, "angle": 0 },
					{ "time": 1, "angle": 8.09 },
					{ "time": 2, "angle": 0 }
				],
				"translate": [
					{ "time": 0, "x": 0, "y": 0, "curve": "stepped" },
					{ "time": 2, "x": 0, "y": 0 }
				]
			},
			"Face": {
				"rotate": [
					{ "time": 0, "angle": 0, "curve": "stepped" },
					{ "time": 2, "angle": 0 }
				],
				"translate": [
					{
						"time": 0,
						"x": 0,
						"y": 0,
						"curve": [ 0.286, 0.34, 0.623, 0.67 ]
					},
					{
						"time": 0.5,
						"x": 0.64,
						"y": 0,
						"curve": [ 0.282, 0.37, 0.624, 0.71 ]
					},
					{
						"time": 1.5,
						"x": -1.28,
						"y": 0,
						"curve": [ 0.321, 0.37, 0.656, 0.71 ]
					},
					{ "time": 2, "x": 0, "y": 0 }
				]
			},
			"Root_All": {
				"rotate": [
					{ "time": 0, "angle": 0, "curve": "stepped" },
					{ "time": 2, "angle": 0 }
				],
				"translate": [
					{
						"time": 0,
						"x": 0,
						"y": 0,
						"curve": [ 0.255, 0.35, 0.6, 0.7 ]
					},
					{
						"time": 0.5,
						"x": 0,
						"y": -9.82,
						"curve": [ 0.3, 0.39, 0.641, 0.74 ]
					},
					{
						"time": 1,
						"x": 0,
						"y": -15.66,
						"curve": [ 0.322, 0.37, 0.652, 0.7 ]
					},
					{
						"time": 1.5,
						"x": 0,
						"y": -7.79,
						"curve": [ 0.314, 0.36, 0.644, 0.68 ]
					},
					{ "time": 2, "x": 0, "y": 0 }
				]
			},
			"G": {
				"rotate": [
					{ "time": 0, "angle": 0 },
					{ "time": 1, "angle": -13.22 },
					{ "time": 2, "angle": 0 }
				],
				"translate": [
					{ "time": 0, "x": 0, "y": 0, "curve": "stepped" },
					{ "time": 2, "x": 0, "y": 0 }
				]
			},
			"hair_D": {
				"rotate": [
					{ "time": 0, "angle": 0 },
					{ "time": 1, "angle": -5.28 },
					{ "time": 2, "angle": 0 }
				],
				"translate": [
					{ "time": 0, "x": 0, "y": 0, "curve": "stepped" },
					{ "time": 2, "x": 0, "y": 0 }
				]
			},
			"z": {
				"rotate": [
					{ "time": 0, "angle": 0, "curve": "stepped" },
					{ "time": 2, "angle": 0 }
				],
				"translate": [
					{ "time": 0, "x": 2.79, "y": -18.12, "curve": "stepped" },
					{ "time": 1, "x": 2.79, "y": -18.12, "curve": "stepped" },
					{ "time": 2, "x": 2.79, "y": -18.12 }
				]
			},
			"hair_4": {
				"rotate": [
					{ "time": 0, "angle": 0 },
					{ "time": 0.6666, "angle": -4.63 },
					{ "time": 1.3333, "angle": 7.96 },
					{ "time": 2, "angle": 0 }
				],
				"translate": [
					{ "time": 0, "x": 0, "y": 0, "curve": "stepped" },
					{ "time": 2, "x": 0, "y": 0 }
				]
			},
			"hair": {
				"rotate": [
					{ "time": 0, "angle": 0 },
					{ "time": 1.3333, "angle": 1.46 },
					{ "time": 2, "angle": 0 }
				],
				"translate": [
					{ "time": 0, "x": 0, "y": 0, "curve": "stepped" },
					{ "time": 2, "x": 0, "y": 0 }
				]
			},
			"hand_R": {
				"rotate": [
					{ "time": 0, "angle": 0 },
					{ "time": 1, "angle": 6.16 },
					{ "time": 2, "angle": 0 }
				],
				"translate": [
					{ "time": 0, "x": 0, "y": 0, "curve": "stepped" },
					{ "time": 2, "x": 0, "y": 0 }
				]
			},
			"L2": {
				"rotate": [
					{ "time": 0, "angle": 0 },
					{ "time": 1, "angle": 12.85 },
					{ "time": 2, "angle": 0 }
				],
				"translate": [
					{ "time": 0, "x": 0, "y": 0, "curve": "stepped" },
					{ "time": 2, "x": 0, "y": 0 }
				]
			},
			"JL": {
				"rotate": [
					{ "time": 0, "angle": 0 },
					{ "time": 1, "angle": -9.79 },
					{ "time": 2, "angle": 0 }
				],
				"translate": [
					{ "time": 0, "x": 0, "y": 0, "curve": "stepped" },
					{ "time": 2, "x": 0, "y": 0 }
				]
			},
			"JJJJJ": {
				"rotate": [
					{ "time": 0, "angle": 0 },
					{ "time": 1, "angle": -3.74 },
					{ "time": 2, "angle": 0 }
				],
				"translate": [
					{ "time": 0, "x": 0, "y": 0, "curve": "stepped" },
					{ "time": 2, "x": 0, "y": 0 }
				]
			},
			"bone3": {
				"rotate": [
					{ "time": 0, "angle": 0 },
					{ "time": 1, "angle": -5.28 },
					{ "time": 2, "angle": 0 }
				],
				"translate": [
					{ "time": 0, "x": 0, "y": 0, "curve": "stepped" },
					{ "time": 2, "x": 0, "y": 0 }
				]
			},
			"bone5": {
				"rotate": [
					{ "time": 0, "angle": 0 },
					{ "time": 1, "angle": -5.28 },
					{ "time": 2, "angle": 0 }
				],
				"translate": [
					{ "time": 0, "x": 0, "y": 0, "curve": "stepped" },
					{ "time": 2, "x": 0, "y": 0 }
				]
			},
			"bone2": {
				"rotate": [
					{ "time": 0, "angle": 0 },
					{ "time": 1, "angle": -5.28 },
					{ "time": 2, "angle": 0 }
				],
				"translate": [
					{ "time": 0, "x": 0, "y": 0, "curve": "stepped" },
					{ "time": 2, "x": 0, "y": 0 }
				]
			},
			"Ship_All": {
				"rotate": [
					{ "time": 0, "angle": 0, "curve": "stepped" },
					{ "time": 2, "angle": 0 }
				],
				"translate": [
					{ "time": 0, "x": 0, "y": 0, "curve": "stepped" },
					{ "time": 2, "x": 0, "y": 0 }
				]
			},
			"R2": {
				"rotate": [
					{ "time": 0, "angle": 0 },
					{ "time": 1, "angle": 10.89 },
					{ "time": 2, "angle": 0 }
				],
				"translate": [
					{ "time": 0, "x": 0, "y": 0, "curve": "stepped" },
					{ "time": 2, "x": 0, "y": 0 }
				]
			},
			"X": {
				"rotate": [
					{ "time": 0, "angle": 0, "curve": "stepped" },
					{ "time": 2, "angle": 0 }
				],
				"translate": [
					{ "time": 0, "x": 0, "y": 0, "curve": "stepped" },
					{ "time": 2, "x": 0, "y": 0 }
				]
			},
			"bone4": {
				"rotate": [
					{ "time": 0, "angle": 0 },
					{ "time": 1, "angle": -5.29 },
					{ "time": 2, "angle": 0 }
				],
				"translate": [
					{ "time": 0, "x": 0, "y": 0, "curve": "stepped" },
					{ "time": 2, "x": 0, "y": 0 }
				]
			},
			"hair_3": {
				"rotate": [
					{ "time": 0, "angle": 0 },
					{ "time": 0.6666, "angle": -2.87 },
					{ "time": 1.3333, "angle": -1.41 },
					{ "time": 2, "angle": 0 }
				],
				"translate": [
					{ "time": 0, "x": 0, "y": 0, "curve": "stepped" },
					{ "time": 2, "x": 0, "y": 0 }
				]
			},
			"YL": {
				"rotate": [
					{ "time": 0, "angle": 0 },
					{ "time": 0.6666, "angle": 354.86 },
					{ "time": 1.3333, "angle": 3.69 },
					{ "time": 2, "angle": 0 }
				],
				"translate": [
					{ "time": 0, "x": 0, "y": 0, "curve": "stepped" },
					{ "time": 2, "x": 0, "y": 0 }
				]
			},
			"hand_L": {
				"rotate": [
					{ "time": 0, "angle": 0 },
					{ "time": 1, "angle": -6.75 },
					{ "time": 2, "angle": 0 }
				],
				"translate": [
					{ "time": 0, "x": 0, "y": 0, "curve": "stepped" },
					{ "time": 2, "x": 0, "y": 0 }
				]
			},
			"hair_2": {
				"rotate": [
					{ "time": 0, "angle": 0 },
					{ "time": 0.6666, "angle": -3.6 },
					{ "time": 1.3333, "angle": 2.23 },
					{ "time": 2, "angle": 0 }
				],
				"translate": [
					{ "time": 0, "x": 0, "y": 0, "curve": "stepped" },
					{ "time": 2, "x": 0, "y": 0 }
				]
			},
			"JB": {
				"rotate": [
					{ "time": 0, "angle": 0 },
					{ "time": 1, "angle": 3.56 },
					{ "time": 2, "angle": 0 }
				],
				"translate": [
					{ "time": 0, "x": 0, "y": 0, "curve": "stepped" },
					{ "time": 2, "x": 0, "y": 0 }
				]
			},
			"Body": {
				"rotate": [
					{ "time": 0, "angle": 0, "curve": "stepped" },
					{ "time": 2, "angle": 0 }
				],
				"translate": [
					{ "time": 0, "x": 0, "y": 0, "curve": "stepped" },
					{ "time": 2, "x": 0, "y": 0 }
				]
			},
			"Head": {
				"rotate": [
					{ "time": 0, "angle": 0 },
					{ "time": 0.5, "angle": -3.17 },
					{ "time": 1, "angle": 0 },
					{ "time": 1.5, "angle": 0.89 },
					{ "time": 2, "angle": 0 }
				],
				"translate": [
					{ "time": 0, "x": 0, "y": 0, "curve": "stepped" },
					{ "time": 1, "x": 0, "y": 0, "curve": "stepped" },
					{ "time": 2, "x": 0, "y": 0 }
				]
			},
			"GX": {
				"rotate": [
					{ "time": 0, "angle": 0, "curve": "stepped" },
					{ "time": 2, "angle": 0 }
				],
				"translate": [
					{ "time": 0, "x": 0, "y": 0, "curve": "stepped" },
					{ "time": 2, "x": 0, "y": 0 }
				]
			}
		}
	}
}
}