{
"skeleton": { "hash": "OR6YvqVjeTtA0U1abUlxjrg6gcA", "spine": "3.2.01", "width": 303, "height": 303, "images": "" },
"bones": [
	{ "name": "Root_All", "x": 15.2, "y": -15.2, "scaleX": 1.01, "scaleY": 1.01 },
	{ "name": "Ship_All", "parent": "Root_All" },
	{ "name": "Body", "parent": "Ship_All", "length": 255.84, "rotation": 90, "x": 0.46, "y": 14.02 },
	{ "name": "Antiaircraft", "parent": "Body", "length": 44.62, "rotation": -90, "x": 219.12, "y": -27.18 },
	{ "name": "Attack_Point", "parent": "Body", "length": 25.69, "rotation": -88.64, "x": 136.76, "y": -57.35 },
	{ "name": "Damage_Point", "parent": "Body", "length": 22.56, "rotation": -90, "x": 127.26, "y": 34.33 },
	{ "name": "Dialogue", "parent": "Body", "length": 57.85, "rotation": -90, "x": 236.05, "y": -44.75 },
	{ "name": "Expression", "parent": "Body", "length": 46.33, "rotation": -42.65, "x": 238.63, "y": -49.97 },
	{ "name": "Face", "parent": "Body", "length": 66.94, "rotation": 270, "x": 180, "y": 30 },
	{ "name": "Item_00", "parent": "Body", "length": 8.21, "rotation": 178.64, "x": 84.94, "y": 68.77 },
	{ "name": "Item_01", "parent": "Item_00", "length": 7.42, "rotation": 14.56, "x": 8.21, "y": -0.05 },
	{ "name": "Item_02", "parent": "Item_01", "length": 7.29, "rotation": 39.84, "x": 7.42, "y": 0.04 },
	{ "name": "Item_03", "parent": "Item_02", "length": 8.18, "rotation": 63.25, "x": 7.29, "y": 0.03 },
	{ "name": "Item_04", "parent": "Item_03", "length": 8.89, "rotation": 19.1, "x": 8.46, "y": -0.01 },
	{ "name": "Item_05", "parent": "Item_04", "length": 8.18, "rotation": -12, "x": 8.89, "y": 0.02 },
	{ "name": "Item_06", "parent": "Item_05", "length": 8.59, "rotation": -11.13, "x": 8.18, "y": -0.03 },
	{ "name": "Item_07", "parent": "Item_06", "length": 11.38, "rotation": -6.34, "x": 8.53, "y": 0.13 },
	{ "name": "Ship", "parent": "Body", "length": 127.17, "rotation": 270, "x": 100, "y": 60 },
	{ "name": "Throw_Point", "parent": "Body", "length": 24.91, "rotation": -88.64, "x": 99.53, "y": -55.26 }
],
"slots": [
	{ "name": "Rodney_body_normal", "bone": "Body", "attachment": "Rodney_body_normal" },
	{ "name": "Rodney_ship_armor_normal", "bone": "Ship", "attachment": "Ship_armor_normal" },
	{ "name": "Light_Ship", "bone": "Ship", "blend": "additive" },
	{ "name": "Rodney_eyes_normal", "bone": "Face", "attachment": "Rodney_eyes_normal" },
	{ "name": "Light_Body", "bone": "Body", "attachment": "Rodney_ship_body_normal_light", "blend": "additive" },
	{ "name": "Body_Hand", "bone": "Body", "attachment": "Rodney_fornt_normal" },
	{ "name": "Body_Fornt_Light", "bone": "Body", "attachment": "Rodney_fornt_normal_light", "blend": "additive" },
	{ "name": "Item", "bone": "Body", "attachment": "Rodney_fornt_item_normal" }
],
"skins": {
	"default": {
		"Body_Fornt_Light": {
			"Rodney_fornt_normal_light": { "x": 130.29, "y": 10.08, "rotation": -90, "width": 300, "height": 300 }
		},
		"Body_Hand": {
			"Rodney_fornt_normal": { "x": 130.29, "y": 10.08, "rotation": -90, "width": 300, "height": 300 }
		},
		"Item": {
			"Rodney_fornt_item_normal": {
				"type": "weightedmesh",
				"uvs": [ 1, 1, 0.95375, 1, 0.86949, 1, 0.78524, 1, 0.69588, 1, 0.59503, 1, 0.52099, 1, 0.4329, 1, 0.3512, 1, 0.27461, 1, 0.2261, 1, 0.15333, 1, 0.09588, 1, 0.03971, 1, 0, 1, 0, 0.59891, 0, 0.42437, 0, 0.2771, 0, 0.13255, 0, 0, 0.06397, 0, 0.11503, 0, 0.14184, 0, 0.1929, 0, 0.23248, 0, 0.27716, 0, 0.31163, 0, 0.34737, 0, 0.37929, 0, 0.4278, 0, 0.46737, 0, 0.51843, 0, 0.56056, 0, 0.60907, 0, 0.69843, 0, 0.7763, 0, 0.86566, 0, 0.95119, 0, 1, 0, 0.05376, 0.14073, 0.04482, 0.27982, 0.03461, 0.438, 0.03716, 0.58527, 0.05248, 0.768, 0.08567, 0.86618, 0.14567, 0.95073, 0.24397, 0.95073, 0.31418, 0.84982, 0.39077, 0.71618, 0.45843, 0.59618, 0.53886, 0.48982, 0.61418, 0.39982, 0.70354, 0.30982, 0.78524, 0.23346, 0.87205, 0.15164, 0.95758, 0.07528 ],
				"triangles": [ 1, 55, 0, 55, 38, 0, 2, 54, 1, 1, 54, 55, 54, 2, 53, 54, 35, 36, 54, 53, 35, 55, 36, 37, 55, 54, 36, 55, 37, 38, 4, 52, 3, 52, 53, 3, 2, 3, 53, 4, 51, 52, 52, 33, 34, 52, 51, 33, 53, 34, 35, 53, 52, 34, 5, 51, 4, 5, 50, 51, 31, 50, 49, 46, 27, 28, 28, 29, 47, 30, 48, 29, 49, 30, 31, 32, 50, 31, 32, 33, 51, 32, 51, 50, 6, 50, 5, 7, 49, 6, 6, 49, 50, 8, 48, 7, 7, 48, 49, 29, 48, 47, 49, 48, 30, 9, 47, 8, 8, 47, 48, 10, 46, 9, 9, 46, 47, 46, 10, 45, 28, 47, 46, 45, 27, 46, 12, 45, 11, 10, 11, 45, 45, 12, 44, 44, 12, 13, 44, 13, 43, 13, 14, 43, 44, 27, 45, 44, 43, 26, 27, 44, 26, 43, 14, 42, 14, 15, 42, 15, 41, 42, 15, 16, 41, 25, 43, 42, 24, 42, 41, 24, 41, 23, 24, 25, 42, 43, 25, 26, 23, 40, 22, 23, 41, 40, 41, 16, 40, 16, 17, 40, 22, 39, 21, 22, 40, 39, 40, 17, 39, 17, 18, 39, 39, 20, 21, 39, 18, 20, 18, 19, 20 ],
				"vertices": [ 4, 13, 18.36, -24.39, 0.08939, 14, 14.34, -21.9, 0.09164, 15, 10.27, -20.27, 0.2876, 16, 3.98, -20.09, 0.53135, 4, 13, 16.84, -22.84, 0.09466, 14, 12.52, -20.70999, 0.098, 15, 8.26, -19.45, 0.28973, 16, 1.89, -19.49, 0.51759, 4, 13, 14.06, -20.02, 0.13834, 14, 9.22, -18.53, 0.14586, 15, 4.59, -17.94, 0.29733, 16, -1.91, -18.4, 0.41846, 4, 13, 11.28, -17.2, 0.23106, 14, 5.91, -16.34, 0.22474, 15, 0.93, -16.44, 0.2728, 16, -5.71, -17.32, 0.27138, 4, 13, 8.33, -14.2, 0.38744, 14, 2.41, -14.03, 0.29315, 15, -2.95, -14.85, 0.18892, 16, -9.75, -16.16, 0.13046, 5, 12, 16.74, -8.60999, 8.2E-4, 13, 5, -10.83, 0.63676, 14, -1.54, -11.42, 0.25176, 15, -7.33, -13.05, 0.0723, 16, -14.31, -14.86, 0.03835, 5, 12, 13.62, -7.07, 0.02837, 13, 2.56, -8.35, 0.8078, 14, -4.44, -9.5, 0.13322, 15, -10.55, -11.73, 0.02009, 16, -17.66, -13.9, 0.01049, 5, 12, 9.91, -5.23, 0.20692, 13, -0.33, -5.4, 0.77676, 14, -7.9, -7.22, 0.01504, 15, -14.39, -10.16, 6.6E-4, 16, -21.64, -12.77, 6.0E-4, 2, 12, 6.46, -3.53, 0.70642, 13, -3.03, -2.66, 0.29357, 1, 12, 3.24, -1.93, 1, 2, 11, 8.66, 0.68, 0.12884, 12, 1.19, -0.92, 0.87115, 2, 11, 5.92, -1.36, 0.96322, 12, -1.86, 0.58, 0.03677, 1, 11, 3.76, -2.99, 1, 2, 10, 11.63, -2.4, 0.14086, 11, 1.66, -4.57, 0.85913, 2, 10, 11.2, -4.21999, 0.15775, 11, 0.16, -5.7, 0.84224, 1, 10, 2.60999, -2.2, 1, 3, 9, 7.46, -1.62, 0.67212, 10, -1.12, -1.32, 0.3273, 11, -7.44, 4.42, 5.6E-4, 1, 9, 4.21999, -1.69, 1, 1, 9, 1.04999, -1.77, 1, 1, 9, -1.86, -1.84, 1, 4, 9, -1.93, 1.16, 0.97696, 12, 4.11, 22.17, 9.0E-5, 13, 3.16, 22.38, 0.01063, 14, -10.25, 20.68, 0.01231, 4, 9, -1.99, 3.56, 0.88659, 12, 6.27, 21.1, 0.0025, 13, 4.84, 20.67, 0.05169, 14, -8.24, 19.36, 0.05921, 5, 9, -2.02, 4.82, 0.8234, 10, -8.68, 7.29, 4.4E-4, 12, 7.39, 20.54, 0.00449, 13, 5.73, 19.78, 0.0792, 14, -7.19, 18.67, 0.09243, 5, 9, -2.07, 7.22, 0.68, 10, -8.13, 9.63, 0.00287, 12, 9.55, 19.48, 0.00832, 13, 7.41, 18.07, 0.1374, 14, -5.19, 17.34, 0.17138, 6, 9, -2.11999, 9.08, 0.56828, 10, -7.71, 11.44, 0.00268, 12, 11.21, 18.66, 0.00865, 13, 8.72, 16.74, 0.17546, 14, -3.64, 16.32, 0.24454, 15, -14.76, 13.76, 3.5E-4, 6, 9, -2.17, 11.18, 0.44444, 10, -7.23, 13.48, 0.00313, 12, 13.1, 17.71999, 0.0081, 13, 10.18999, 15.25, 0.20857, 14, -1.88, 15.16, 0.33315, 15, -12.81, 12.96, 0.00258, 6, 9, -2.21, 12.79, 0.36032, 10, -6.86, 15.06, 0.00173, 12, 14.55, 17.01, 0.0056, 13, 11.33, 14.09, 0.21634, 14, -0.52999, 14.27, 0.40797, 15, -11.31, 12.35, 0.008, 6, 9, -2.25, 14.47, 0.28046, 10, -6.47, 16.7, 9.7E-4, 12, 16.04999, 16.26, 0.00344, 13, 12.51, 12.89, 0.2136, 14, 0.86, 13.34, 0.48333, 15, -9.76, 11.71, 0.01816, 6, 9, -2.28, 15.97, 0.22089, 10, -6.13, 18.16, 1.2E-4, 12, 17.4, 15.6, 0.00147, 13, 13.56, 11.83, 0.19335, 14, 2.10999, 12.52, 0.54906, 15, -8.37, 11.14, 0.03508, 5, 9, -2.33, 18.25, 0.14377, 12, 19.44, 14.59, 1.3E-4, 13, 15.16, 10.2, 0.15033, 14, 4.01, 11.26, 0.62926, 15, -6.26, 10.28, 0.07647, 4, 9, -2.38, 20.11, 0.09678, 13, 16.45999, 8.88, 0.1025, 14, 5.57, 10.24, 0.66777, 15, -4.54, 9.57, 0.13293, 4, 9, -2.43, 22.51, 0.0532, 13, 18.15, 7.17, 0.04979, 14, 7.57, 8.91, 0.63994, 15, -2.32, 8.66, 0.25706, 4, 9, -2.48, 24.49, 0.02917, 13, 19.54, 5.76, 0.01985, 14, 9.22, 7.82, 0.54885, 15, -0.49, 7.91, 0.40211, 4, 9, -2.54, 26.77, 0.01223, 13, 21.14, 4.13, 0.0033, 14, 11.12, 6.57, 0.37717, 15, 1.61, 7.04, 0.60728, 4, 9, -2.63, 30.97, 7.0E-4, 14, 14.63, 4.25, 0.05603, 15, 5.5, 5.45, 0.89105, 16, -3.59, 4.94999, 0.0522, 2, 15, 8.88, 4.06, 0.58867, 16, -0.07, 3.94, 0.41132, 3, 14, 21.19, -0.07, 0, 15, 12.77, 2.47, 0.05012, 16, 3.95, 2.79, 0.94987, 2, 14, 24.54, -2.28, 0, 16, 7.82, 1.69, 1, 3, 14, 26.46, -3.54, 0, 15, 18.61, 0.08, 2.6E-4, 16, 10.02, 1.05999, 0.99973, 4, 9, 1.16999, 0.75, 0.95205, 12, 2.31, 19.6, 0.00193, 13, 0.62, 20.54999, 0.02269, 14, -12.35, 18.36, 0.02331, 1, 9, 4.23, 0.4, 1, 2, 9, 7.73, 0.01, 0.5, 10, -0.45, 0.18, 0.5, 1, 10, 2.72, -0.43, 1, 2, 10, 6.8, -0.64999, 0.5, 11, -0.92, -0.13, 0.5, 1, 11, 1.61, -0.92, 1, 1, 11, 4.98, -0.71, 1, 1, 12, 2.43, -0.32, 1, 6, 9, 16.46999, 13.36, 0.0061, 10, 11.36, 10.9, 0.00825, 11, 9.97999, 5.81, 0.0034, 12, 6.37, 0.19, 0.87635, 13, -1.9, 0.88, 0.10466, 14, -10.73, -1.39, 0.00121, 1, 13, 2.71, 0.38, 1, 1, 13, 6.83, -0.02, 1, 1, 14, 2.43, -0.6, 1, 4, 13, 15.04, -2.2, 0.00325, 14, 6.48, -0.9, 0.68447, 15, -1.49, -1.16999, 0.31097, 16, -9.82, -2.41, 0.00128, 4, 13, 19.4, -3.8, 0.0068, 14, 11.08, -1.56, 0.03331, 15, 3.13, -0.94, 0.93873, 16, -5.23, -1.66, 0.02112, 3, 13, 23.29, -5.36, 0.00133, 15, 7.32, -0.84, 0.60794, 16, -1.08, -1.1, 0.39071, 1, 16, 3.33, -0.49, 1, 1, 16, 7.65, 0.01, 1 ],
				"hull": 39,
				"edges": [ 0, 76, 0, 2, 2, 4, 4, 6, 6, 8, 8, 10, 10, 12, 12, 14, 14, 16, 16, 18, 18, 20, 20, 22, 22, 24, 24, 26, 26, 28, 110, 2, 108, 4, 76, 110, 110, 108, 108, 106, 106, 104, 104, 102, 102, 100, 100, 98, 98, 96, 96, 94, 94, 92, 92, 90, 90, 88, 88, 86, 86, 84, 84, 82, 82, 80, 80, 78, 106, 6, 104, 8, 102, 10, 100, 12, 98, 14, 96, 16, 94, 18, 92, 20, 90, 22, 88, 24, 86, 26, 84, 28, 74, 76, 72, 74, 70, 72, 68, 70, 66, 68, 62, 64, 64, 66, 58, 60, 60, 62, 54, 56, 56, 58, 50, 52, 52, 54, 46, 48, 48, 50, 42, 44, 44, 46, 38, 40, 40, 42, 40, 78, 74, 110, 72, 108, 70, 106, 68, 104, 66, 102, 64, 100, 62, 98, 60, 96, 58, 94, 56, 92, 54, 90, 52, 88, 50, 86, 48, 84, 46, 82, 44, 80, 42, 78, 36, 38, 34, 36, 32, 34, 28, 30, 30, 32, 30, 84, 32, 82, 34, 80, 36, 78 ],
				"width": 47,
				"height": 22
			}
		},
		"Light_Body": {
			"Rodney_ship_body_normal_light": { "x": 130.29, "y": 10.08, "rotation": -90, "width": 300, "height": 300 }
		},
		"Rodney_body_normal": {
			"Rodney_body_normal": { "x": 130.29, "y": 10.08, "rotation": -90, "width": 300, "height": 300 }
		},
		"Rodney_eyes_normal": {
			"Rodney_eyes_damage": { "x": 19.91, "y": -49.7, "width": 300, "height": 300 },
			"Rodney_eyes_normal": { "x": 19.91, "y": -49.7, "width": 300, "height": 300 }
		}
	},
	"damage": {
		"Light_Ship": {
			"Ship_light_change": { "name": "Rodney_armor_damage_light", "x": 49.91, "y": 30.29, "width": 300, "height": 300 }
		},
		"Rodney_ship_armor_normal": {
			"Ship_armor_normal": { "name": "Rodney_ship_armor_damage", "x": 49.91, "y": 30.29, "width": 300, "height": 300 }
		}
	},
	"normal": {
		"Light_Ship": {
			"Ship_light_change": { "name": "Rodney_armor_normal_light", "x": 49.91, "y": 30.29, "width": 300, "height": 300 }
		},
		"Rodney_ship_armor_normal": {
			"Ship_armor_normal": { "name": "Rodney_ship_armor_normal", "x": 49.91, "y": 30.29, "width": 300, "height": 300 }
		}
	}
},
"events": {
	"Antiaircraft": {},
	"attack_point": {},
	"damage_point": {},
	"throw_point": {}
},
"animations": {
	"Antiaircraft": {
		"slots": {
			"Body_Fornt_Light": {
				"color": [
					{ "time": 0.0666, "color": "fffffffd" },
					{ "time": 0.1666, "color": "ffffff00" },
					{ "time": 0.2, "color": "ffffffff" },
					{ "time": 0.3333, "color": "ffffff00" },
					{ "time": 0.3666, "color": "ffffffff" },
					{ "time": 0.4666, "color": "ffffff00" },
					{ "time": 0.6, "color": "ffffffff" },
					{ "time": 0.7333, "color": "ffffff00" },
					{ "time": 0.8, "color": "ffffffff" },
					{ "time": 0.9, "color": "ffffff00" },
					{ "time": 0.9666, "color": "ffffffff" },
					{ "time": 1.1, "color": "ffffff00" },
					{ "time": 1.1333, "color": "ffffffff" },
					{ "time": 1.2333, "color": "ffffff00" },
					{ "time": 1.3666, "color": "ffffffff" },
					{ "time": 1.4666, "color": "ffffff00" },
					{ "time": 1.5333, "color": "ffffffff" },
					{ "time": 1.6333, "color": "ffffff00" },
					{ "time": 1.7, "color": "ffffffff" },
					{ "time": 1.8333, "color": "ffffff00" },
					{ "time": 1.8666, "color": "ffffffff" },
					{ "time": 1.9666, "color": "ffffff00" }
				],
				"attachment": [
					{ "time": 0, "name": null },
					{ "time": 0.0666, "name": "Rodney_fornt_normal_light" },
					{ "time": 0.5, "name": null },
					{ "time": 0.6, "name": "Rodney_fornt_normal_light" },
					{ "time": 1.2666, "name": null },
					{ "time": 1.3666, "name": "Rodney_fornt_normal_light" },
					{ "time": 2, "name": null }
				]
			},
			"Light_Body": {
				"color": [
					{ "time": 0.0666, "color": "fffffffd" },
					{ "time": 0.1666, "color": "ffffff00" },
					{ "time": 0.2, "color": "ffffffff" },
					{ "time": 0.3333, "color": "ffffff00" },
					{ "time": 0.3666, "color": "ffffffff" },
					{ "time": 0.4666, "color": "ffffff00" },
					{ "time": 0.6, "color": "ffffffff" },
					{ "time": 0.7333, "color": "ffffff00" },
					{ "time": 0.8, "color": "ffffffff" },
					{ "time": 0.9, "color": "ffffff00" },
					{ "time": 0.9666, "color": "ffffffff" },
					{ "time": 1.1, "color": "ffffff00" },
					{ "time": 1.1333, "color": "ffffffff" },
					{ "time": 1.2333, "color": "ffffff00" },
					{ "time": 1.3666, "color": "ffffffff" },
					{ "time": 1.4666, "color": "ffffff00" },
					{ "time": 1.5333, "color": "ffffffff" },
					{ "time": 1.6333, "color": "ffffff00" },
					{ "time": 1.7, "color": "ffffffff" },
					{ "time": 1.8333, "color": "ffffff00" },
					{ "time": 1.8666, "color": "ffffffff" },
					{ "time": 1.9666, "color": "ffffff00" }
				],
				"attachment": [
					{ "time": 0, "name": null },
					{ "time": 0.0666, "name": "Rodney_ship_body_normal_light" },
					{ "time": 0.5, "name": null },
					{ "time": 0.6, "name": "Rodney_ship_body_normal_light" },
					{ "time": 1.2666, "name": null },
					{ "time": 1.3666, "name": "Rodney_ship_body_normal_light" },
					{ "time": 2, "name": null }
				]
			},
			"Light_Ship": {
				"color": [
					{ "time": 0.0666, "color": "fffffffd" },
					{ "time": 0.1666, "color": "ffffff00" },
					{ "time": 0.2, "color": "ffffffff" },
					{ "time": 0.3333, "color": "ffffff00" },
					{ "time": 0.3666, "color": "ffffffff" },
					{ "time": 0.4666, "color": "ffffff00" },
					{ "time": 0.6, "color": "ffffffff" },
					{ "time": 0.7333, "color": "ffffff00" },
					{ "time": 0.8, "color": "ffffffff" },
					{ "time": 0.9, "color": "ffffff00" },
					{ "time": 0.9666, "color": "ffffffff" },
					{ "time": 1.1, "color": "ffffff00" },
					{ "time": 1.1333, "color": "ffffffff" },
					{ "time": 1.2333, "color": "ffffff00" },
					{ "time": 1.3666, "color": "ffffffff" },
					{ "time": 1.4666, "color": "ffffff00" },
					{ "time": 1.5333, "color": "ffffffff" },
					{ "time": 1.6333, "color": "ffffff00" },
					{ "time": 1.7, "color": "ffffffff" },
					{ "time": 1.8333, "color": "ffffff00" },
					{ "time": 1.8666, "color": "ffffffff" },
					{ "time": 1.9666, "color": "ffffff00" }
				],
				"attachment": [
					{ "time": 0, "name": null },
					{ "time": 0.0666, "name": "Ship_light_change" },
					{ "time": 0.5, "name": null },
					{ "time": 0.6, "name": "Ship_light_change" },
					{ "time": 1.2666, "name": null },
					{ "time": 1.3666, "name": "Ship_light_change" },
					{ "time": 2, "name": null }
				]
			},
			"Rodney_ship_armor_normal": {
				"attachment": [
					{ "time": 0, "name": "Ship_armor_normal" }
				]
			}
		},
		"bones": {
			"Body": {
				"rotate": [
					{ "time": 0, "angle": 0, "curve": "stepped" },
					{ "time": 2, "angle": 0 }
				],
				"translate": [
					{ "time": 0, "x": 0, "y": 0, "curve": "stepped" },
					{ "time": 2, "x": 0, "y": 0 }
				]
			},
			"Ship": {
				"rotate": [
					{ "time": 0, "angle": 0, "curve": "stepped" },
					{ "time": 2, "angle": 0 }
				],
				"translate": [
					{
						"time": 0,
						"x": 0,
						"y": 0,
						"curve": [ 0.319, 0.33, 0.653, 0.66 ]
					},
					{
						"time": 0.5,
						"x": 1.79,
						"y": 0,
						"curve": [ 0.289, 0.43, 0.622, 0.73 ]
					},
					{
						"time": 1.5,
						"x": -2.75,
						"y": 0,
						"curve": [ 0.487, 0.33, 0.657, 0.5 ]
					},
					{ "time": 2, "x": 0, "y": 0 }
				]
			},
			"Root_All": {
				"rotate": [
					{ "time": 0, "angle": 0, "curve": "stepped" },
					{ "time": 2, "angle": 0 }
				],
				"translate": [
					{
						"time": 0,
						"x": 0,
						"y": 0,
						"curve": [ 0.255, 0.35, 0.6, 0.7 ]
					},
					{
						"time": 0.5,
						"x": 0,
						"y": -9.82,
						"curve": [ 0.3, 0.39, 0.641, 0.74 ]
					},
					{
						"time": 1,
						"x": 0,
						"y": -15.66,
						"curve": [ 0.322, 0.37, 0.652, 0.7 ]
					},
					{
						"time": 1.5,
						"x": 0,
						"y": -7.79,
						"curve": [ 0.314, 0.36, 0.644, 0.68 ]
					},
					{ "time": 2, "x": 0, "y": 0 }
				]
			},
			"Ship_All": {
				"rotate": [
					{ "time": 0, "angle": 0, "curve": "stepped" },
					{ "time": 2, "angle": 0 }
				],
				"translate": [
					{ "time": 0, "x": 0, "y": 0, "curve": "stepped" },
					{ "time": 2, "x": 0, "y": 0 }
				]
			},
			"Face": {
				"rotate": [
					{ "time": 0, "angle": 0, "curve": "stepped" },
					{ "time": 2, "angle": 0 }
				],
				"translate": [
					{
						"time": 0,
						"x": 0,
						"y": 0,
						"curve": [ 0.286, 0.34, 0.623, 0.67 ]
					},
					{
						"time": 0.5,
						"x": 0.64,
						"y": 0,
						"curve": [ 0.282, 0.37, 0.624, 0.71 ]
					},
					{
						"time": 1.5,
						"x": -1.28,
						"y": 0,
						"curve": [ 0.321, 0.37, 0.656, 0.71 ]
					},
					{ "time": 2, "x": 0, "y": 0 }
				]
			},
			"Item_02": {
				"rotate": [
					{ "time": 0, "angle": 0 },
					{ "time": 0.6666, "angle": -14.9 },
					{ "time": 1.3333, "angle": -15.36 },
					{ "time": 2, "angle": 0 }
				],
				"translate": [
					{ "time": 0, "x": 0, "y": 0, "curve": "stepped" },
					{ "time": 2, "x": 0, "y": 0 }
				]
			},
			"Item_00": {
				"rotate": [
					{ "time": 0, "angle": 0 },
					{ "time": 0.6666, "angle": -351.07 },
					{ "time": 1.3333, "angle": -343.05 },
					{ "time": 2, "angle": 0 }
				],
				"translate": [
					{ "time": 0, "x": 0, "y": 0, "curve": "stepped" },
					{ "time": 2, "x": 0, "y": 0 }
				]
			},
			"Item_01": {
				"rotate": [
					{ "time": 0, "angle": 0 },
					{ "time": 0.6666, "angle": -2.49 },
					{ "time": 1.3333, "angle": -4.09 },
					{ "time": 2, "angle": 0 }
				],
				"translate": [
					{ "time": 0, "x": 0, "y": 0, "curve": "stepped" },
					{ "time": 2, "x": 0, "y": 0 }
				]
			},
			"Item_06": {
				"rotate": [
					{ "time": 0, "angle": 0 },
					{ "time": 0.6666, "angle": 19.21 },
					{ "time": 1.3333, "angle": 20.33 },
					{ "time": 2, "angle": 0 }
				],
				"translate": [
					{ "time": 0, "x": 0, "y": 0, "curve": "stepped" },
					{ "time": 2, "x": 0, "y": 0 }
				]
			},
			"Item_05": {
				"rotate": [
					{ "time": 0, "angle": 0 },
					{ "time": 0.6666, "angle": 26.78 },
					{ "time": 1.3333, "angle": 20.84 },
					{ "time": 2, "angle": 0 }
				],
				"translate": [
					{ "time": 0, "x": 0, "y": 0, "curve": "stepped" },
					{ "time": 2, "x": 0, "y": 0 }
				]
			},
			"Item_07": {
				"rotate": [
					{ "time": 0, "angle": 0 },
					{ "time": 0.6666, "angle": -11.22 },
					{ "time": 1.3333, "angle": 26.29 },
					{ "time": 2, "angle": 0 }
				],
				"translate": [
					{ "time": 0, "x": 0, "y": 0, "curve": "stepped" },
					{ "time": 2, "x": 0, "y": 0 }
				]
			},
			"Item_04": {
				"rotate": [
					{ "time": 0, "angle": 0 },
					{ "time": 0.6666, "angle": -0.94 },
					{ "time": 1.3333, "angle": 11.02 },
					{ "time": 2, "angle": 0 }
				],
				"translate": [
					{ "time": 0, "x": 0, "y": 0, "curve": "stepped" },
					{ "time": 2, "x": 0, "y": 0 }
				]
			},
			"Item_03": {
				"rotate": [
					{ "time": 0, "angle": 0 },
					{ "time": 0.6666, "angle": -12.31 },
					{ "time": 1.3333, "angle": -32.2 },
					{ "time": 2, "angle": 0 }
				],
				"translate": [
					{ "time": 0, "x": 0, "y": 0, "curve": "stepped" },
					{ "time": 2, "x": 0, "y": 0 }
				]
			}
		},
		"events": [
			{ "time": 0.0666, "name": "Antiaircraft" }
		]
	},
	"attack": {
		"slots": {
			"Body_Fornt_Light": {
				"color": [
					{ "time": 0.5333, "color": "fffffffb" },
					{ "time": 0.8333, "color": "ffffff00" }
				],
				"attachment": [
					{ "time": 0, "name": null },
					{ "time": 0.1, "name": "Rodney_fornt_normal_light" },
					{ "time": 0.9, "name": null }
				]
			},
			"Light_Body": {
				"color": [
					{ "time": 0.5333, "color": "fffffffb" },
					{ "time": 0.8333, "color": "ffffff00" }
				],
				"attachment": [
					{ "time": 0, "name": null },
					{ "time": 0.0666, "name": null },
					{ "time": 0.1, "name": "Rodney_ship_body_normal_light" }
				]
			},
			"Light_Ship": {
				"color": [
					{ "time": 0.5333, "color": "fffffffc" },
					{ "time": 0.8333, "color": "ffffff00" }
				],
				"attachment": [
					{ "time": 0, "name": null },
					{ "time": 0.1, "name": "Ship_light_change" },
					{ "time": 0.5, "name": "Ship_light_change" }
				]
			},
			"Rodney_ship_armor_normal": {
				"attachment": [
					{ "time": 0, "name": "Ship_armor_normal" },
					{ "time": 0.9, "name": "Ship_armor_normal" },
					{ "time": 1.6666, "name": "Ship_armor_normal" }
				]
			}
		},
		"bones": {
			"Root_All": {
				"rotate": [
					{ "time": 0, "angle": 0, "curve": "stepped" },
					{ "time": 1.6666, "angle": 0 }
				],
				"translate": [
					{
						"time": 0,
						"x": 0,
						"y": 0,
						"curve": [ 0.255, 0.35, 0.6, 0.7 ]
					},
					{ "time": 0.0666, "x": 8.69, "y": 0 },
					{ "time": 0.1666, "x": -87.44, "y": 0 },
					{ "time": 0.3333, "x": -61.04, "y": 0 },
					{ "time": 0.5333, "x": -69.84, "y": 0 },
					{ "time": 1, "x": -85.6, "y": 0 },
					{ "time": 1.4, "x": 15.07, "y": 0 },
					{ "time": 1.6666, "x": 0, "y": 0 }
				]
			},
			"Ship": {
				"rotate": [
					{
						"time": 0,
						"angle": 0,
						"curve": [ 0.219, 0.41, 0.591, 0.77 ]
					},
					{ "time": 0.0666, "angle": -357.51 },
					{ "time": 0.1666, "angle": -363.25 },
					{ "time": 0.3333, "angle": -362.08 },
					{ "time": 1.4, "angle": -358.29 },
					{ "time": 1.6666, "angle": 0 }
				],
				"translate": [
					{
						"time": 0,
						"x": 0,
						"y": 0,
						"curve": [ 0.319, 0.33, 0.653, 0.66 ]
					},
					{ "time": 0.0666, "x": 0.81, "y": 0.6 },
					{ "time": 0.1666, "x": 6.07, "y": -0.21 },
					{ "time": 0.3333, "x": 4.52, "y": -2.2 },
					{ "time": 1, "x": 2.26, "y": -1.7 },
					{ "time": 1.4, "x": -0.3, "y": -1.89 },
					{ "time": 1.6666, "x": 0, "y": 0 }
				]
			},
			"Face": {
				"rotate": [
					{ "time": 0, "angle": 0, "curve": "stepped" },
					{ "time": 1.6666, "angle": 0 }
				],
				"translate": [
					{
						"time": 0,
						"x": 0,
						"y": 0,
						"curve": [ 0.286, 0.34, 0.623, 0.67 ]
					},
					{ "time": 0.1666, "x": 0, "y": 3.4 },
					{ "time": 0.3333, "x": 0, "y": -0.66 },
					{ "time": 0.9, "x": 0, "y": -1.2 },
					{ "time": 1, "x": 0, "y": -0.44 },
					{ "time": 1.4, "x": 0, "y": -5.01 },
					{ "time": 1.6666, "x": 0, "y": 0 }
				]
			},
			"Ship_All": {
				"rotate": [
					{ "time": 0, "angle": 0, "curve": "stepped" },
					{ "time": 1.6666, "angle": 0 }
				],
				"translate": [
					{ "time": 0, "x": 0, "y": 0, "curve": "stepped" },
					{ "time": 1.6666, "x": 0, "y": 0 }
				]
			},
			"Body": {
				"rotate": [
					{ "time": 0, "angle": 0, "curve": "stepped" },
					{ "time": 1.6666, "angle": 0 }
				],
				"translate": [
					{ "time": 0, "x": 0, "y": 0, "curve": "stepped" },
					{ "time": 1.6666, "x": 0, "y": 0 }
				]
			},
			"Attack_Point": {
				"rotate": [
					{ "time": 0.0666, "angle": 0 }
				],
				"translate": [
					{ "time": 0.0666, "x": 0, "y": 0 }
				]
			},
			"Item_00": {
				"rotate": [
					{ "time": 0, "angle": 0 },
					{ "time": 0.0666, "angle": -3.88 },
					{ "time": 0.1, "angle": -332.91 },
					{ "time": 0.1666, "angle": -336.18 },
					{ "time": 0.2666, "angle": -342.94 },
					{ "time": 0.4, "angle": -1.46 },
					{ "time": 0.8333, "angle": -341.36 },
					{ "time": 1.3333, "angle": -5.25 },
					{ "time": 1.6666, "angle": 0 }
				],
				"translate": [
					{ "time": 0, "x": 0, "y": 0, "curve": "stepped" },
					{ "time": 1.6666, "x": 0, "y": 0 }
				]
			},
			"Item_01": {
				"rotate": [
					{ "time": 0, "angle": 0 },
					{ "time": 0.0666, "angle": 5.56 },
					{ "time": 0.1, "angle": -8.43 },
					{ "time": 0.1666, "angle": -4.05 },
					{ "time": 0.2666, "angle": -0.15 },
					{ "time": 0.4, "angle": 6.56 },
					{ "time": 0.8333, "angle": -9.51 },
					{ "time": 1.3333, "angle": 11.42 },
					{ "time": 1.6666, "angle": 0 }
				],
				"translate": [
					{ "time": 0, "x": 0, "y": 0, "curve": "stepped" },
					{ "time": 1.6666, "x": 0, "y": 0 }
				]
			},
			"Item_02": {
				"rotate": [
					{ "time": 0, "angle": 0 },
					{ "time": 0.0666, "angle": 17.82 },
					{ "time": 0.1, "angle": -19.03 },
					{ "time": 0.1666, "angle": -18.41 },
					{ "time": 0.2666, "angle": -15.41 },
					{ "time": 0.4, "angle": -2.66 },
					{ "time": 0.8333, "angle": -8.16 },
					{ "time": 1.3333, "angle": -6.78 },
					{ "time": 1.6666, "angle": 0 }
				],
				"translate": [
					{ "time": 0, "x": 0, "y": 0, "curve": "stepped" },
					{ "time": 1.6666, "x": 0, "y": 0 }
				]
			},
			"Item_03": {
				"rotate": [
					{ "time": 0, "angle": 0 },
					{ "time": 0.0666, "angle": 5.58 },
					{ "time": 0.1, "angle": -40.92 },
					{ "time": 0.1666, "angle": -46.06 },
					{ "time": 0.4, "angle": -27.54 },
					{ "time": 0.8333, "angle": -27.09 },
					{ "time": 1.3333, "angle": -33.12 },
					{ "time": 1.6666, "angle": 0 }
				],
				"translate": [
					{ "time": 0, "x": 0, "y": 0, "curve": "stepped" },
					{ "time": 1.6666, "x": 0, "y": 0 }
				]
			},
			"Item_04": {
				"rotate": [
					{ "time": 0, "angle": 0 },
					{ "time": 0.0666, "angle": -15.97 },
					{ "time": 0.1, "angle": 18.47 },
					{ "time": 0.1666, "angle": 8.36 },
					{ "time": 0.2666, "angle": 6.44 },
					{ "time": 0.4, "angle": 10.19 },
					{ "time": 0.8333, "angle": 0.86 },
					{ "time": 1.3333, "angle": 15.36 },
					{ "time": 1.6666, "angle": 0 }
				],
				"translate": [
					{ "time": 0, "x": 0, "y": 0, "curve": "stepped" },
					{ "time": 1.6666, "x": 0, "y": 0 }
				]
			},
			"Item_05": {
				"rotate": [
					{ "time": 0, "angle": 0 },
					{ "time": 0.0666, "angle": -17.04 },
					{ "time": 0.1, "angle": 20.17 },
					{ "time": 0.1666, "angle": 33.37 },
					{ "time": 0.2666, "angle": 26.64 },
					{ "time": 0.4, "angle": 16.69 },
					{ "time": 0.8333, "angle": 21.43 },
					{ "time": 1.3333, "angle": 26.89 },
					{ "time": 1.6666, "angle": 0 }
				],
				"translate": [
					{ "time": 0, "x": 0, "y": 0, "curve": "stepped" },
					{ "time": 1.6666, "x": 0, "y": 0 }
				]
			},
			"Item_06": {
				"rotate": [
					{ "time": 0, "angle": 0 },
					{ "time": 0.0666, "angle": -3.88 },
					{ "time": 0.1, "angle": 31.24 },
					{ "time": 0.1666, "angle": 28.59 },
					{ "time": 0.2666, "angle": 30.39 },
					{ "time": 0.4, "angle": 20.36 },
					{ "time": 0.8333, "angle": 23.97 },
					{ "time": 1.3333, "angle": 9.24 },
					{ "time": 1.6666, "angle": 0 }
				],
				"translate": [
					{ "time": 0, "x": 0, "y": 0, "curve": "stepped" },
					{ "time": 1.6666, "x": 0, "y": 0 }
				]
			},
			"Item_07": {
				"rotate": [
					{ "time": 0, "angle": 0 },
					{ "time": 0.0666, "angle": -3.88 },
					{ "time": 0.1, "angle": 5.66 },
					{ "time": 0.1666, "angle": 20.08 },
					{ "time": 0.4, "angle": -6.5 },
					{ "time": 0.8333, "angle": 8.8 },
					{ "time": 1.3333, "angle": 0.45 },
					{ "time": 1.6666, "angle": 0 }
				],
				"translate": [
					{ "time": 0, "x": 0, "y": 0, "curve": "stepped" },
					{ "time": 1.6666, "x": 0, "y": 0 }
				]
			}
		},
		"events": [
			{ "time": 0.0666, "name": "attack_point" }
		]
	},
	"damage": {
		"slots": {
			"Body_Fornt_Light": {
				"color": [
					{ "time": 0.5333, "color": "fffffffd" },
					{ "time": 0.7666, "color": "ffffff00" }
				],
				"attachment": [
					{ "time": 0, "name": null },
					{ "time": 0.0666, "name": "Rodney_fornt_normal_light" },
					{ "time": 0.8666, "name": null }
				]
			},
			"Body_Hand": {
				"color": [
					{ "time": 0.0666, "color": "8c4c51ff", "curve": "stepped" },
					{ "time": 0.7666, "color": "8c4c51ff" },
					{ "time": 1.1333, "color": "ffffffff" }
				]
			},
			"Item": {
				"color": [
					{ "time": 0.0666, "color": "8c4c51ff", "curve": "stepped" },
					{ "time": 0.7666, "color": "8c4c51ff" },
					{ "time": 1.1333, "color": "ffffffff" }
				]
			},
			"Light_Body": {
				"color": [
					{ "time": 0.5333, "color": "fffffffc" },
					{ "time": 0.7666, "color": "ffffff00" }
				],
				"attachment": [
					{ "time": 0, "name": null },
					{ "time": 0.0666, "name": "Rodney_ship_body_normal_light" },
					{ "time": 0.7666, "name": null }
				]
			},
			"Light_Ship": {
				"color": [
					{ "time": 0.5333, "color": "fffffffc" },
					{ "time": 0.7666, "color": "ffffff00" }
				],
				"attachment": [
					{ "time": 0, "name": null },
					{ "time": 0.0666, "name": "Ship_light_change" },
					{ "time": 0.7666, "name": null }
				]
			},
			"Rodney_body_normal": {
				"color": [
					{ "time": 0.0666, "color": "8c4c51ff", "curve": "stepped" },
					{ "time": 0.7666, "color": "8c4c51ff" },
					{ "time": 1.1333, "color": "ffffffff" }
				]
			},
			"Rodney_eyes_normal": {
				"color": [
					{ "time": 0.0666, "color": "8c4c51ff", "curve": "stepped" },
					{ "time": 0.7666, "color": "8c4c51ff" },
					{ "time": 1.1333, "color": "ffffffff" }
				],
				"attachment": [
					{ "time": 0.0666, "name": "Rodney_eyes_damage" },
					{ "time": 1.1333, "name": "Rodney_eyes_normal" }
				]
			},
			"Rodney_ship_armor_normal": {
				"color": [
					{ "time": 0.0666, "color": "8c4c51ff", "curve": "stepped" },
					{ "time": 0.7666, "color": "8c4c51ff" },
					{ "time": 1.1333, "color": "ffffffff" }
				],
				"attachment": [
					{ "time": 0, "name": "Ship_armor_normal" },
					{ "time": 0.8666, "name": "Ship_armor_normal" },
					{ "time": 1.1666, "name": "Ship_armor_normal" }
				]
			}
		},
		"bones": {
			"Root_All": {
				"rotate": [
					{ "time": 0, "angle": 0, "curve": "stepped" },
					{ "time": 1.1666, "angle": 0 }
				],
				"translate": [
					{
						"time": 0,
						"x": 0,
						"y": 0,
						"curve": [ 0.255, 0.35, 0.6, 0.7 ]
					},
					{ "time": 0.0666, "x": -27.67, "y": -23.16 },
					{ "time": 0.1333, "x": 20.98, "y": 15.35 },
					{ "time": 0.2333, "x": -19.78, "y": -15.62 },
					{ "time": 0.3666, "x": 14.36, "y": 8.59 },
					{ "time": 0.5666, "x": -3.37, "y": -4.5 },
					{ "time": 0.8666, "x": 5.63, "y": 2.25 },
					{ "time": 1.1666, "x": 0, "y": 0 }
				]
			},
			"Ship": {
				"rotate": [
					{
						"time": 0,
						"angle": 0,
						"curve": [ 0.219, 0.41, 0.591, 0.77 ]
					},
					{ "time": 0.0666, "angle": -354.41 },
					{ "time": 0.1333, "angle": -364.42 },
					{ "time": 0.2333, "angle": -358.04 },
					{ "time": 0.3666, "angle": -361.36 },
					{ "time": 1.1666, "angle": 0 }
				],
				"translate": [
					{
						"time": 0,
						"x": 0,
						"y": 0,
						"curve": [ 0.319, 0.33, 0.653, 0.66 ]
					},
					{ "time": 0.0666, "x": -3.15, "y": -2.52 },
					{ "time": 0.1333, "x": 5.59, "y": 0.55 },
					{ "time": 0.2333, "x": -3.77, "y": -1.39 },
					{ "time": 0.3666, "x": 1.18, "y": 0.69 },
					{ "time": 1.1666, "x": 0, "y": 0 }
				]
			},
			"Face": {
				"rotate": [
					{ "time": 0, "angle": 0, "curve": "stepped" },
					{ "time": 1.1666, "angle": 0 }
				],
				"translate": [
					{
						"time": 0,
						"x": 0,
						"y": 0,
						"curve": [ 0.286, 0.34, 0.623, 0.67 ]
					},
					{ "time": 0.0666, "x": -5.44, "y": 0 },
					{ "time": 0.1333, "x": -0.44, "y": 0 },
					{ "time": 0.2333, "x": -5.06, "y": 0 },
					{ "time": 0.3666, "x": -2.01, "y": 0 },
					{ "time": 1.1666, "x": 0, "y": 0 }
				]
			},
			"Ship_All": {
				"rotate": [
					{ "time": 0, "angle": 0, "curve": "stepped" },
					{ "time": 1.1666, "angle": 0 }
				],
				"translate": [
					{ "time": 0, "x": 0, "y": 0, "curve": "stepped" },
					{ "time": 1.1666, "x": 0, "y": 0 }
				]
			},
			"Body": {
				"rotate": [
					{ "time": 0, "angle": 0, "curve": "stepped" },
					{ "time": 1.1666, "angle": 0 }
				],
				"translate": [
					{ "time": 0, "x": 0, "y": 0, "curve": "stepped" },
					{ "time": 1.1666, "x": 0, "y": 0 }
				]
			},
			"Damage_Point": {
				"rotate": [
					{ "time": 0.0666, "angle": 0 }
				],
				"translate": [
					{ "time": 0.0666, "x": 0, "y": 0 }
				]
			},
			"Item_00": {
				"rotate": [
					{ "time": 0, "angle": 0 },
					{ "time": 0.0666, "angle": -342.53 },
					{ "time": 0.1666, "angle": -257.18 },
					{ "time": 0.3333, "angle": -346.95 },
					{ "time": 0.6666, "angle": -13.42 },
					{ "time": 1.1666, "angle": 0 }
				],
				"translate": [
					{ "time": 0, "x": 0, "y": 0, "curve": "stepped" },
					{ "time": 1.1666, "x": 0, "y": 0 }
				]
			},
			"Item_01": {
				"rotate": [
					{ "time": 0, "angle": 0 },
					{ "time": 0.0666, "angle": 17.46 },
					{ "time": 0.1666, "angle": -50.49 },
					{ "time": 0.3333, "angle": 12.48 },
					{ "time": 0.6666, "angle": 29.68 },
					{ "time": 1.1666, "angle": 0 }
				],
				"translate": [
					{ "time": 0, "x": 0, "y": 0, "curve": "stepped" },
					{ "time": 1.1666, "x": 0, "y": 0 }
				]
			},
			"Item_02": {
				"rotate": [
					{ "time": 0, "angle": 0 },
					{ "time": 0.0666, "angle": 17.46 },
					{ "time": 0.1666, "angle": -92.32 },
					{ "time": 0.3333, "angle": -23.84 },
					{ "time": 0.6666, "angle": 6.42 },
					{ "time": 1.1666, "angle": 0 }
				],
				"translate": [
					{ "time": 0, "x": 0, "y": 0, "curve": "stepped" },
					{ "time": 1.1666, "x": 0, "y": 0 }
				]
			},
			"Item_03": {
				"rotate": [
					{ "time": 0, "angle": 0 },
					{ "time": 0.0666, "angle": -33.92 },
					{ "time": 0.1666, "angle": -27.27 },
					{ "time": 0.3333, "angle": -24.08 },
					{ "time": 0.6666, "angle": -13.58 },
					{ "time": 1.1666, "angle": 0 }
				],
				"translate": [
					{ "time": 0, "x": 0, "y": 0, "curve": "stepped" },
					{ "time": 1.1666, "x": 0, "y": 0 }
				]
			},
			"Item_04": {
				"rotate": [
					{ "time": 0, "angle": 0 },
					{ "time": 0.0666, "angle": -5.35 },
					{ "time": 0.1666, "angle": -1.89 },
					{ "time": 1.1666, "angle": 0 }
				],
				"translate": [
					{ "time": 0, "x": 0, "y": 0, "curve": "stepped" },
					{ "time": 1.1666, "x": 0, "y": 0 }
				]
			},
			"Item_05": {
				"rotate": [
					{ "time": 0, "angle": 0 },
					{ "time": 0.0666, "angle": -21.18 },
					{ "time": 0.1666, "angle": 56.12 },
					{ "time": 0.3333, "angle": 51.26 },
					{ "time": 0.6666, "angle": -17.23 },
					{ "time": 1.1666, "angle": 0 }
				],
				"translate": [
					{ "time": 0, "x": 0, "y": 0, "curve": "stepped" },
					{ "time": 1.1666, "x": 0, "y": 0 }
				]
			},
			"Item_06": {
				"rotate": [
					{ "time": 0, "angle": 0 },
					{ "time": 0.0666, "angle": -28.69 },
					{ "time": 0.1666, "angle": 47.98 },
					{ "time": 0.3333, "angle": -5.87 },
					{ "time": 0.6666, "angle": 5.61 },
					{ "time": 1.1666, "angle": 0 }
				],
				"translate": [
					{ "time": 0, "x": 0, "y": 0, "curve": "stepped" },
					{ "time": 1.1666, "x": 0, "y": 0 }
				]
			},
			"Item_07": {
				"rotate": [
					{ "time": 0, "angle": 0 },
					{ "time": 0.0666, "angle": -1.38 },
					{ "time": 0.1666, "angle": 12.96 },
					{ "time": 0.3333, "angle": -25.13 },
					{ "time": 1.1666, "angle": 0 }
				],
				"translate": [
					{ "time": 0, "x": 0, "y": 0, "curve": "stepped" },
					{ "time": 1.1666, "x": 0, "y": 0 }
				]
			}
		},
		"events": [
			{ "time": 0.0666, "name": "damage_point" }
		]
	},
	"normal": {
		"slots": {
			"Body_Fornt_Light": {
				"attachment": [
					{ "time": 0, "name": null }
				]
			},
			"Light_Body": {
				"attachment": [
					{ "time": 0, "name": null },
					{ "time": 0.8, "name": null }
				]
			},
			"Light_Ship": {
				"attachment": [
					{ "time": 0, "name": null }
				]
			}
		},
		"bones": {
			"Root_All": {
				"rotate": [
					{ "time": 0, "angle": 0, "curve": "stepped" },
					{ "time": 2, "angle": 0 }
				],
				"translate": [
					{
						"time": 0,
						"x": 0,
						"y": 0,
						"curve": [ 0.255, 0.35, 0.6, 0.7 ]
					},
					{
						"time": 0.5,
						"x": 0,
						"y": -9.82,
						"curve": [ 0.3, 0.39, 0.641, 0.74 ]
					},
					{
						"time": 1,
						"x": 0,
						"y": -15.66,
						"curve": [ 0.322, 0.37, 0.652, 0.7 ]
					},
					{
						"time": 1.5,
						"x": 0,
						"y": -7.79,
						"curve": [ 0.314, 0.36, 0.644, 0.68 ]
					},
					{ "time": 2, "x": 0, "y": 0 }
				]
			},
			"Ship_All": {
				"rotate": [
					{ "time": 0, "angle": 0, "curve": "stepped" },
					{ "time": 2, "angle": 0 }
				],
				"translate": [
					{ "time": 0, "x": 0, "y": 0, "curve": "stepped" },
					{ "time": 2, "x": 0, "y": 0 }
				]
			},
			"Body": {
				"rotate": [
					{ "time": 0, "angle": 0, "curve": "stepped" },
					{ "time": 2, "angle": 0 }
				],
				"translate": [
					{ "time": 0, "x": 0, "y": 0, "curve": "stepped" },
					{ "time": 2, "x": 0, "y": 0 }
				]
			},
			"Face": {
				"rotate": [
					{ "time": 0, "angle": 0, "curve": "stepped" },
					{ "time": 2, "angle": 0 }
				],
				"translate": [
					{
						"time": 0,
						"x": 0,
						"y": 0,
						"curve": [ 0.286, 0.34, 0.623, 0.67 ]
					},
					{
						"time": 0.5,
						"x": 0.64,
						"y": 0,
						"curve": [ 0.282, 0.37, 0.624, 0.71 ]
					},
					{
						"time": 1.5,
						"x": -1.28,
						"y": 0,
						"curve": [ 0.321, 0.37, 0.656, 0.71 ]
					},
					{ "time": 2, "x": 0, "y": 0 }
				]
			},
			"Ship": {
				"rotate": [
					{ "time": 0, "angle": 0, "curve": "stepped" },
					{ "time": 2, "angle": 0 }
				],
				"translate": [
					{
						"time": 0,
						"x": 0,
						"y": 0,
						"curve": [ 0.319, 0.33, 0.653, 0.66 ]
					},
					{
						"time": 0.5,
						"x": 1.79,
						"y": 0,
						"curve": [ 0.289, 0.43, 0.622, 0.73 ]
					},
					{
						"time": 1.5,
						"x": -2.75,
						"y": 0,
						"curve": [ 0.487, 0.33, 0.657, 0.5 ]
					},
					{ "time": 2, "x": 0, "y": 0 }
				]
			},
			"Item_00": {
				"rotate": [
					{ "time": 0, "angle": 0 },
					{ "time": 0.6666, "angle": -351.07 },
					{ "time": 1.3333, "angle": -343.05 },
					{ "time": 2, "angle": 0 }
				],
				"translate": [
					{ "time": 0, "x": 0, "y": 0, "curve": "stepped" },
					{ "time": 2, "x": 0, "y": 0 }
				]
			},
			"Item_01": {
				"rotate": [
					{ "time": 0, "angle": 0 },
					{ "time": 0.6666, "angle": -2.49 },
					{ "time": 1.3333, "angle": -4.09 },
					{ "time": 2, "angle": 0 }
				],
				"translate": [
					{ "time": 0, "x": 0, "y": 0, "curve": "stepped" },
					{ "time": 2, "x": 0, "y": 0 }
				]
			},
			"Item_02": {
				"rotate": [
					{ "time": 0, "angle": 0 },
					{ "time": 0.6666, "angle": -14.9 },
					{ "time": 1.3333, "angle": -15.36 },
					{ "time": 2, "angle": 0 }
				],
				"translate": [
					{ "time": 0, "x": 0, "y": 0, "curve": "stepped" },
					{ "time": 2, "x": 0, "y": 0 }
				]
			},
			"Item_03": {
				"rotate": [
					{ "time": 0, "angle": 0 },
					{ "time": 0.6666, "angle": -12.31 },
					{ "time": 1.3333, "angle": -32.2 },
					{ "time": 2, "angle": 0 }
				],
				"translate": [
					{ "time": 0, "x": 0, "y": 0, "curve": "stepped" },
					{ "time": 2, "x": 0, "y": 0 }
				]
			},
			"Item_04": {
				"rotate": [
					{ "time": 0, "angle": 0 },
					{ "time": 0.6666, "angle": -0.94 },
					{ "time": 1.3333, "angle": 11.02 },
					{ "time": 2, "angle": 0 }
				],
				"translate": [
					{ "time": 0, "x": 0, "y": 0, "curve": "stepped" },
					{ "time": 2, "x": 0, "y": 0 }
				]
			},
			"Item_05": {
				"rotate": [
					{ "time": 0, "angle": 0 },
					{ "time": 0.6666, "angle": 26.78 },
					{ "time": 1.3333, "angle": 20.84 },
					{ "time": 2, "angle": 0 }
				],
				"translate": [
					{ "time": 0, "x": 0, "y": 0, "curve": "stepped" },
					{ "time": 2, "x": 0, "y": 0 }
				]
			},
			"Item_06": {
				"rotate": [
					{ "time": 0, "angle": 0 },
					{ "time": 0.6666, "angle": 19.21 },
					{ "time": 1.3333, "angle": 20.33 },
					{ "time": 2, "angle": 0 }
				],
				"translate": [
					{ "time": 0, "x": 0, "y": 0, "curve": "stepped" },
					{ "time": 2, "x": 0, "y": 0 }
				]
			},
			"Item_07": {
				"rotate": [
					{ "time": 0, "angle": 0 },
					{ "time": 0.6666, "angle": -11.22 },
					{ "time": 1.3333, "angle": 26.29 },
					{ "time": 2, "angle": 0 }
				],
				"translate": [
					{ "time": 0, "x": 0, "y": 0, "curve": "stepped" },
					{ "time": 2, "x": 0, "y": 0 }
				]
			}
		}
	},
	"throw": {
		"slots": {
			"Body_Fornt_Light": {
				"attachment": [
					{ "time": 0, "name": null }
				]
			},
			"Light_Body": {
				"attachment": [
					{ "time": 0, "name": null }
				]
			},
			"Rodney_ship_armor_normal": {
				"attachment": [
					{ "time": 0, "name": "Ship_armor_normal" },
					{ "time": 1.3333, "name": "Ship_armor_normal" }
				]
			}
		},
		"bones": {
			"Face": {
				"rotate": [
					{ "time": 0, "angle": 0, "curve": "stepped" },
					{ "time": 1.3333, "angle": 0 }
				],
				"translate": [
					{
						"time": 0,
						"x": 0,
						"y": 0,
						"curve": [ 0.286, 0.34, 0.623, 0.67 ]
					},
					{ "time": 0.3333, "x": 0, "y": -0.7 },
					{ "time": 0.5666, "x": 0, "y": 0.14 },
					{ "time": 1.3333, "x": 0, "y": 0 }
				]
			},
			"Root_All": {
				"rotate": [
					{ "time": 0, "angle": 0, "curve": "stepped" },
					{ "time": 1.3333, "angle": 0 }
				],
				"translate": [
					{
						"time": 0,
						"x": 0,
						"y": 0,
						"curve": [ 0.255, 0.35, 0.6, 0.7 ]
					},
					{ "time": 0.6333, "x": -66.66, "y": 0 },
					{ "time": 0.9666, "x": -10.42, "y": -12.42 },
					{ "time": 1.3333, "x": 0, "y": 0 }
				]
			},
			"Ship": {
				"rotate": [
					{
						"time": 0,
						"angle": 0,
						"curve": [ 0.219, 0.41, 0.591, 0.77 ]
					},
					{ "time": 0.3333, "angle": -358.17 },
					{ "time": 0.5666, "angle": -359.21 },
					{ "time": 0.6333, "angle": -363.41 },
					{ "time": 0.7333, "angle": -366.44 },
					{ "time": 0.9666, "angle": -356.42 },
					{ "time": 1.1666, "angle": -361.45 },
					{ "time": 1.3333, "angle": 0 }
				],
				"translate": [
					{
						"time": 0,
						"x": 0,
						"y": 0,
						"curve": [ 0.319, 0.33, 0.653, 0.66 ]
					},
					{ "time": 0.3333, "x": -0.7, "y": -1.37 },
					{ "time": 0.5666, "x": 0, "y": 0.77 },
					{ "time": 0.6333, "x": 1.43, "y": 1.35 },
					{ "time": 0.7333, "x": -0.38, "y": 0.95 },
					{ "time": 0.9666, "x": -0.19, "y": -2.63 },
					{ "time": 1.3333, "x": 0, "y": 0 }
				]
			},
			"Body": {
				"rotate": [
					{
						"time": 0,
						"angle": 0,
						"curve": [ 0.219, 0.41, 0.591, 0.77 ]
					},
					{
						"time": 0.6333,
						"angle": -3.17,
						"curve": [ 0.32, 0.36, 0.653, 0.69 ]
					},
					{
						"time": 0.7333,
						"angle": 0.61,
						"curve": [ 0.319, 0.37, 0.652, 0.7 ]
					},
					{
						"time": 0.9666,
						"angle": -1.72,
						"curve": [ 0.32, 0.38, 0.654, 0.71 ]
					},
					{ "time": 1.3333, "angle": 0 }
				],
				"translate": [
					{
						"time": 0,
						"x": 0,
						"y": 0,
						"curve": [ 0.219, 0.41, 0.591, 0.77 ]
					},
					{
						"time": 0.3333,
						"x": -15.86,
						"y": 0,
						"curve": [ 0.193, 0.39, 0.58, 0.9 ]
					},
					{
						"time": 0.5666,
						"x": -19.36,
						"y": 0,
						"curve": [ 0.142, 0.42, 0.647, 0.94 ]
					},
					{ "time": 0.6333, "x": 92.18, "y": -6.3 },
					{ "time": 0.7333, "x": 111.33, "y": 0 },
					{ "time": 1.3333, "x": 0, "y": 0 }
				]
			},
			"Ship_All": {
				"rotate": [
					{ "time": 0, "angle": 0, "curve": "stepped" },
					{ "time": 1.3333, "angle": 0 }
				],
				"translate": [
					{ "time": 0, "x": 0, "y": 0, "curve": "stepped" },
					{ "time": 1.3333, "x": 0, "y": 0 }
				]
			},
			"Throw_Point": {
				"rotate": [
					{ "time": 0.6333, "angle": 0 }
				],
				"translate": [
					{ "time": 0.6333, "x": 0, "y": 0 }
				]
			},
			"Item_00": {
				"rotate": [
					{ "time": 0, "angle": 0 },
					{ "time": 0.1666, "angle": -4.46 },
					{ "time": 0.5666, "angle": -346.32 },
					{ "time": 0.6333, "angle": -11.44 },
					{ "time": 0.8333, "angle": -4.72 },
					{ "time": 1.0666, "angle": -343.07 },
					{ "time": 1.3333, "angle": 0 }
				],
				"translate": [
					{ "time": 0, "x": 0, "y": 0, "curve": "stepped" },
					{ "time": 1.3333, "x": 0, "y": 0 }
				]
			},
			"Item_01": {
				"rotate": [
					{ "time": 0, "angle": 0 },
					{ "time": 0.1666, "angle": 7.09 },
					{ "time": 0.5666, "angle": -2.65 },
					{ "time": 0.6333, "angle": 14.38 },
					{ "time": 0.8333, "angle": 17.49 },
					{ "time": 1.0666, "angle": 3.28 },
					{ "time": 1.3333, "angle": 0 }
				],
				"translate": [
					{ "time": 0, "x": 0, "y": 0, "curve": "stepped" },
					{ "time": 1.3333, "x": 0, "y": 0 }
				]
			},
			"Item_02": {
				"rotate": [
					{ "time": 0, "angle": 0 },
					{ "time": 0.1666, "angle": -6.25 },
					{ "time": 0.5666, "angle": -17.19 },
					{ "time": 0.6333, "angle": -4.31 },
					{ "time": 0.8333, "angle": -11.67 },
					{ "time": 1.0666, "angle": -23.68 },
					{ "time": 1.3333, "angle": 0 }
				],
				"translate": [
					{ "time": 0, "x": 0, "y": 0, "curve": "stepped" },
					{ "time": 1.3333, "x": 0, "y": 0 }
				]
			},
			"Item_03": {
				"rotate": [
					{ "time": 0, "angle": 0 },
					{ "time": 0.1666, "angle": -11.37 },
					{ "time": 0.5666, "angle": -21.64 },
					{ "time": 0.6333, "angle": -11.65 },
					{ "time": 0.8333, "angle": -19.83 },
					{ "time": 1.0666, "angle": -39.32 },
					{ "time": 1.3333, "angle": 0 }
				],
				"translate": [
					{ "time": 0, "x": 0, "y": 0, "curve": "stepped" },
					{ "time": 1.3333, "x": 0, "y": 0 }
				]
			},
			"Item_04": {
				"rotate": [
					{ "time": 0, "angle": 0 },
					{ "time": 0.1666, "angle": 0.28 },
					{ "time": 0.5666, "angle": -6.33 },
					{ "time": 0.6333, "angle": 1.43 },
					{ "time": 0.8333, "angle": -3.21 },
					{ "time": 1.0666, "angle": 15.43 },
					{ "time": 1.3333, "angle": 0 }
				],
				"translate": [
					{ "time": 0, "x": 0, "y": 0, "curve": "stepped" },
					{ "time": 1.3333, "x": 0, "y": 0 }
				]
			},
			"Item_05": {
				"rotate": [
					{ "time": 0, "angle": 0 },
					{ "time": 0.1666, "angle": 6.91 },
					{ "time": 0.5666, "angle": 33.94 },
					{ "time": 0.6333, "angle": 13.29 },
					{ "time": 0.8333, "angle": 23.86 },
					{ "time": 1.0666, "angle": 33.98 },
					{ "time": 1.3333, "angle": 0 }
				],
				"translate": [
					{ "time": 0, "x": 0, "y": 0, "curve": "stepped" },
					{ "time": 1.3333, "x": 0, "y": 0 }
				]
			},
			"Item_06": {
				"rotate": [
					{ "time": 0, "angle": 0 },
					{ "time": 0.1666, "angle": 17.74 },
					{ "time": 0.5666, "angle": 23.1 },
					{ "time": 0.6333, "angle": 8 },
					{ "time": 0.8333, "angle": 13.34 },
					{ "time": 1.0666, "angle": 17.17 },
					{ "time": 1.3333, "angle": 0 }
				],
				"translate": [
					{ "time": 0, "x": 0, "y": 0, "curve": "stepped" },
					{ "time": 1.3333, "x": 0, "y": 0 }
				]
			},
			"Item_07": {
				"rotate": [
					{ "time": 0, "angle": 0 },
					{ "time": 0.1666, "angle": 9.59 },
					{ "time": 0.5666, "angle": 11.32 },
					{ "time": 0.6333, "angle": 2.42 },
					{ "time": 0.8333, "angle": -0.49 },
					{ "time": 1.0666, "angle": 10.07 },
					{ "time": 1.3333, "angle": 0 }
				],
				"translate": [
					{ "time": 0, "x": 0, "y": 0, "curve": "stepped" },
					{ "time": 1.3333, "x": 0, "y": 0 }
				]
			}
		},
		"events": [
			{ "time": 0.6333, "name": "throw_point" }
		]
	},
	"wreck": {
		"slots": {
			"Body_Fornt_Light": {
				"attachment": [
					{ "time": 0, "name": null }
				]
			},
			"Light_Body": {
				"attachment": [
					{ "time": 0, "name": null }
				]
			},
			"Light_Ship": {
				"attachment": [
					{ "time": 0, "name": null }
				]
			},
			"Rodney_eyes_normal": {
				"attachment": [
					{ "time": 0, "name": "Rodney_eyes_damage" }
				]
			}
		},
		"bones": {
			"Root_All": {
				"rotate": [
					{ "time": 0, "angle": 0, "curve": "stepped" },
					{ "time": 2, "angle": 0 }
				],
				"translate": [
					{
						"time": 0,
						"x": 0,
						"y": 0,
						"curve": [ 0.255, 0.35, 0.6, 0.7 ]
					},
					{
						"time": 0.5,
						"x": 0,
						"y": -9.82,
						"curve": [ 0.3, 0.39, 0.641, 0.74 ]
					},
					{
						"time": 1,
						"x": 0,
						"y": -15.66,
						"curve": [ 0.322, 0.37, 0.652, 0.7 ]
					},
					{
						"time": 1.5,
						"x": 0,
						"y": -7.79,
						"curve": [ 0.314, 0.36, 0.644, 0.68 ]
					},
					{ "time": 2, "x": 0, "y": 0 }
				]
			},
			"Ship_All": {
				"rotate": [
					{ "time": 0, "angle": 0, "curve": "stepped" },
					{ "time": 2, "angle": 0 }
				],
				"translate": [
					{ "time": 0, "x": 0, "y": 0, "curve": "stepped" },
					{ "time": 2, "x": 0, "y": 0 }
				]
			},
			"Body": {
				"rotate": [
					{ "time": 0, "angle": 0, "curve": "stepped" },
					{ "time": 2, "angle": 0 }
				],
				"translate": [
					{ "time": 0, "x": 0, "y": 0, "curve": "stepped" },
					{ "time": 2, "x": 0, "y": 0 }
				]
			},
			"Face": {
				"rotate": [
					{ "time": 0, "angle": 0, "curve": "stepped" },
					{ "time": 2, "angle": 0 }
				],
				"translate": [
					{
						"time": 0,
						"x": 0,
						"y": 0,
						"curve": [ 0.286, 0.34, 0.623, 0.67 ]
					},
					{
						"time": 0.5,
						"x": 0.64,
						"y": 0,
						"curve": [ 0.282, 0.37, 0.624, 0.71 ]
					},
					{
						"time": 1.5,
						"x": -1.28,
						"y": 0,
						"curve": [ 0.321, 0.37, 0.656, 0.71 ]
					},
					{ "time": 2, "x": 0, "y": 0 }
				]
			},
			"Ship": {
				"rotate": [
					{ "time": 0, "angle": 0, "curve": "stepped" },
					{ "time": 2, "angle": 0 }
				],
				"translate": [
					{
						"time": 0,
						"x": 0,
						"y": 0,
						"curve": [ 0.319, 0.33, 0.653, 0.66 ]
					},
					{
						"time": 0.5,
						"x": 1.79,
						"y": 0,
						"curve": [ 0.289, 0.43, 0.622, 0.73 ]
					},
					{
						"time": 1.5,
						"x": -2.75,
						"y": 0,
						"curve": [ 0.487, 0.33, 0.657, 0.5 ]
					},
					{ "time": 2, "x": 0, "y": 0 }
				]
			},
			"Item_02": {
				"rotate": [
					{ "time": 0, "angle": 0 },
					{ "time": 0.6666, "angle": -14.9 },
					{ "time": 1.3333, "angle": -15.36 },
					{ "time": 2, "angle": 0 }
				],
				"translate": [
					{ "time": 0, "x": 0, "y": 0, "curve": "stepped" },
					{ "time": 2, "x": 0, "y": 0 }
				]
			},
			"Item_00": {
				"rotate": [
					{ "time": 0, "angle": 0 },
					{ "time": 0.6666, "angle": -351.07 },
					{ "time": 1.3333, "angle": -343.05 },
					{ "time": 2, "angle": 0 }
				],
				"translate": [
					{ "time": 0, "x": 0, "y": 0, "curve": "stepped" },
					{ "time": 2, "x": 0, "y": 0 }
				]
			},
			"Item_01": {
				"rotate": [
					{ "time": 0, "angle": 0 },
					{ "time": 0.6666, "angle": -2.49 },
					{ "time": 1.3333, "angle": -4.09 },
					{ "time": 2, "angle": 0 }
				],
				"translate": [
					{ "time": 0, "x": 0, "y": 0, "curve": "stepped" },
					{ "time": 2, "x": 0, "y": 0 }
				]
			},
			"Item_06": {
				"rotate": [
					{ "time": 0, "angle": 0 },
					{ "time": 0.6666, "angle": 19.21 },
					{ "time": 1.3333, "angle": 20.33 },
					{ "time": 2, "angle": 0 }
				],
				"translate": [
					{ "time": 0, "x": 0, "y": 0, "curve": "stepped" },
					{ "time": 2, "x": 0, "y": 0 }
				]
			},
			"Item_05": {
				"rotate": [
					{ "time": 0, "angle": 0 },
					{ "time": 0.6666, "angle": 26.78 },
					{ "time": 1.3333, "angle": 20.84 },
					{ "time": 2, "angle": 0 }
				],
				"translate": [
					{ "time": 0, "x": 0, "y": 0, "curve": "stepped" },
					{ "time": 2, "x": 0, "y": 0 }
				]
			},
			"Item_07": {
				"rotate": [
					{ "time": 0, "angle": 0 },
					{ "time": 0.6666, "angle": -11.22 },
					{ "time": 1.3333, "angle": 26.29 },
					{ "time": 2, "angle": 0 }
				],
				"translate": [
					{ "time": 0, "x": 0, "y": 0, "curve": "stepped" },
					{ "time": 2, "x": 0, "y": 0 }
				]
			},
			"Item_04": {
				"rotate": [
					{ "time": 0, "angle": 0 },
					{ "time": 0.6666, "angle": -0.94 },
					{ "time": 1.3333, "angle": 11.02 },
					{ "time": 2, "angle": 0 }
				],
				"translate": [
					{ "time": 0, "x": 0, "y": 0, "curve": "stepped" },
					{ "time": 2, "x": 0, "y": 0 }
				]
			},
			"Item_03": {
				"rotate": [
					{ "time": 0, "angle": 0 },
					{ "time": 0.6666, "angle": -12.31 },
					{ "time": 1.3333, "angle": -32.2 },
					{ "time": 2, "angle": 0 }
				],
				"translate": [
					{ "time": 0, "x": 0, "y": 0, "curve": "stepped" },
					{ "time": 2, "x": 0, "y": 0 }
				]
			}
		}
	}
}
}