{
"skeleton": { "hash": "H50En8WX02PM8XNIuTpjhQfTamk", "spine": "3.2.01", "width": 173.39, "height": 184.26, "images": "" },
"bones": [
	{ "name": "root" },
	{ "name": "ALL", "parent": "root" },
	{ "name": "body", "parent": "ALL", "y": -2.67 },
	{ "name": "S", "parent": "body", "x": -3.31, "y": 40.16 },
	{ "name": "head", "parent": "S", "length": 22.81, "rotation": 92.2, "x": 0.87, "y": 22.35 },
	{ "name": "hair", "parent": "head", "x": 55.66, "y": -1.26 },
	{ "name": "LH_1", "parent": "hair", "length": 28.76, "rotation": -174.31, "x": 4.63, "y": 6.4 },
	{ "name": "LH_2", "parent": "hair", "length": 28.76, "rotation": -168.63, "x": 4.21, "y": -4.54 },
	{ "name": "LH_L", "parent": "hair", "length": 25.95, "rotation": 162.11, "x": -1.9, "y": 18.93 },
	{ "name": "LH_R", "parent": "hair", "length": 25.95, "rotation": -163.76, "x": 1.11, "y": -16.71 },
	{ "name": "X", "parent": "body", "x": -2.44, "y": 38.4 },
	{ "name": "face", "parent": "head", "x": 16.88, "y": 1.36 },
	{ "name": "brow", "parent": "face", "x": 16.99, "y": -2.91 },
	{ "name": "cap", "parent": "head", "x": 42.61, "y": -2.09 },
	{ "name": "cap_2", "parent": "cap", "x": 38.57, "y": -33.92 },
	{ "name": "eye", "parent": "face", "x": 0.43, "y": -0.08 },
	{ "name": "hair1", "parent": "hair", "x": -10.65, "y": -2.23 },
	{ "name": "hair_R", "parent": "hair", "length": 26.53, "rotation": 178.37, "x": -21.91, "y": -38.47 },
	{ "name": "hand_L", "parent": "S", "length": 11.3, "rotation": -115.46, "x": -5.02, "y": 18.75 },
	{ "name": "hand_L2", "parent": "hand_L", "length": 10.65, "rotation": 1.23, "x": 11.3 },
	{ "name": "hand_L3", "parent": "hand_L2", "length": 7.72, "rotation": 11.5, "x": 10.65 },
	{ "name": "hand_R", "parent": "S", "length": 12, "rotation": -58.24, "x": 7.37, "y": 20.69 },
	{ "name": "hand_R2", "parent": "hand_R", "length": 11.74, "rotation": -7.31, "x": 14.33, "y": 0.01 },
	{ "name": "hand_R3", "parent": "hand_R2", "length": 10.22, "rotation": -6.43, "x": 11.18 },
	{ "name": "leg_L", "parent": "X", "length": 13.17, "rotation": -93.81, "x": -7.01, "y": -2.63 },
	{ "name": "leg_L2", "parent": "leg_L", "length": 18.02, "rotation": -0.37, "x": 13.17 },
	{ "name": "leg_R", "parent": "X", "length": 14.88, "rotation": -76.37, "x": 5.26, "y": -0.87 },
	{ "name": "leg_R2", "parent": "leg_R", "length": 20.78, "rotation": 11.31, "x": 13.92, "y": -0.21 },
	{ "name": "mouth", "parent": "face", "x": -11.42, "y": -0.03 },
	{ "name": "skirt", "parent": "X", "x": -0.74, "y": -2.32 },
	{ "name": "unit_1", "parent": "body", "x": 54.44, "y": 50.85 }
],
"slots": [
	{ "name": "arm_L", "bone": "hand_L", "attachment": "arm_L" },
	{ "name": "arm_L2", "bone": "hand_L2", "attachment": "arm_L2" },
	{ "name": "arm_L3C", "bone": "hand_L3", "attachment": "arm_L3C" },
	{ "name": "leg_L2", "bone": "leg_L2", "attachment": "leg_L2" },
	{ "name": "leg_L", "bone": "leg_L", "attachment": "leg_L" },
	{ "name": "leg_R2", "bone": "leg_R2", "attachment": "leg_R2" },
	{ "name": "leg_R", "bone": "leg_R", "attachment": "leg_R" },
	{ "name": "waist", "bone": "X", "attachment": "waist" },
	{ "name": "skirt", "bone": "skirt", "attachment": "skirt" },
	{ "name": "body", "bone": "S", "attachment": "body" },
	{ "name": "hair", "bone": "hair1", "attachment": "hair" },
	{ "name": "head", "bone": "head", "attachment": "head" },
	{ "name": "mouth_eat1", "bone": "mouth", "attachment": "mouth_eat1" },
	{ "name": "arm_R", "bone": "hand_R", "attachment": "arm_R" },
	{ "name": "arm_R2", "bone": "hand_R2", "attachment": "arm_R2" },
	{ "name": "arm_R3C", "bone": "hand_R3", "attachment": "arm_R3C" },
	{ "name": "LH_L", "bone": "LH_L", "attachment": "LH_L" },
	{ "name": "eyes_normal", "bone": "eye", "attachment": "eyes_normal" },
	{ "name": "LH_2", "bone": "LH_2", "attachment": "LH_2" },
	{ "name": "brow_1", "bone": "brow", "attachment": "brow_1" },
	{ "name": "hat_2", "bone": "cap_2", "attachment": "hat_2" },
	{ "name": "hat", "bone": "cap", "attachment": "hat" },
	{ "name": "unit_1", "bone": "unit_1", "attachment": "unit_1" }
],
"skins": {
	"default": {
		"LH_2": {
			"LH_2": { "x": 56.57, "y": -13.39, "rotation": 76.43, "width": 170, "height": 170 }
		},
		"LH_L": {
			"LH_L": { "x": 42.87, "y": 36.42, "rotation": 105.67, "width": 170, "height": 170 }
		},
		"arm_L": {
			"arm_L": { "x": -9.13, "y": 6.34, "rotation": 115.46, "width": 170, "height": 170 }
		},
		"arm_L2": {
			"arm_L2": { "x": -20.29, "y": 6.78, "rotation": 114.22, "width": 170, "height": 170 }
		},
		"arm_L3C": {
			"arm_L3C": { "x": -28.98, "y": 12.82, "rotation": 102.72, "width": 170, "height": 170 }
		},
		"arm_R": {
			"arm_R": { "x": -4.48, "y": -0.44, "rotation": 58.24, "width": 170, "height": 170 }
		},
		"arm_R2": {
			"arm_R2": { "x": -18.6, "y": -2.85, "rotation": 65.55, "width": 170, "height": 170 }
		},
		"arm_R3C": {
			"arm_R3C": { "x": -29.28, "y": -6.17, "rotation": 71.99, "width": 170, "height": 170 }
		},
		"body": {
			"body": { "x": 4.63, "y": 24.27, "width": 170, "height": 170 }
		},
		"brow_1": {
			"brow_1": { "x": -32.11, "y": -2.27, "rotation": -92.2, "width": 170, "height": 170 },
			"brow_2": { "x": -31.23, "y": -2.3, "rotation": -92.2, "width": 170, "height": 170 }
		},
		"eyes_normal": {
			"eyes_close": { "x": -14.67, "y": -5.13, "rotation": -92.2, "width": 170, "height": 170 },
			"eyes_normal": { "x": -15.54, "y": -5.1, "rotation": -92.2, "width": 170, "height": 170 }
		},
		"hair": {
			"hair": { "x": -43.23, "y": -0.32, "rotation": -92.2, "width": 170, "height": 170 }
		},
		"hat": {
			"hat": { "x": -26.66, "y": -4.29, "rotation": -92.2, "width": 170, "height": 170 }
		},
		"hat_2": {
			"hat_2": { "x": -65.35, "y": 32.83, "rotation": -92.2, "width": 170, "height": 170 }
		},
		"head": {
			"head": { "x": 1.77, "y": -3.82, "rotation": -92.2, "width": 170, "height": 170 }
		},
		"leg_L": {
			"leg_L": { "x": -29.31, "y": 8.84, "rotation": 93.81, "width": 170, "height": 170 }
		},
		"leg_L2": {
			"leg_L2": { "x": -42.54, "y": 8.56, "rotation": 94.18, "width": 170, "height": 170 }
		},
		"leg_R": {
			"leg_R": { "x": -26.5, "y": 4.87, "rotation": 76.37, "width": 170, "height": 170 }
		},
		"leg_R2": {
			"leg_R2": { "x": -38.64, "y": 12.93, "rotation": 65.05, "width": 170, "height": 170 }
		},
		"mouth_eat1": {
			"mouth_eat1": { "x": -2.68, "y": -3.81, "rotation": -92.2, "width": 170, "height": 170 },
			"mouth_eat2": { "x": -2.68, "y": -3.81, "rotation": -92.2, "width": 170, "height": 170 },
			"mouth_eat3": { "x": -2.68, "y": -3.81, "rotation": -92.2, "width": 170, "height": 170 }
		},
		"skirt": {
			"skirt": { "x": 5.51, "y": 28.77, "width": 170, "height": 170 }
		},
		"unit_1": {
			"unit_1": { "x": -53.13, "y": 16.26, "width": 170, "height": 170 }
		},
		"waist": {
			"waist": { "x": 3.75, "y": 26.02, "width": 170, "height": 170 }
		}
	}
},
"animations": {
	"normal": {
		"slots": {
			"brow_1": {
				"attachment": [
					{ "time": 0.6666, "name": "brow_2" }
				]
			},
			"eyes_normal": {
				"attachment": [
					{ "time": 0.8333, "name": "eyes_close" },
					{ "time": 1.5, "name": "eyes_normal" }
				]
			},
			"mouth_eat1": {
				"attachment": [
					{ "time": 0, "name": "mouth_eat1" },
					{ "time": 0.1666, "name": "mouth_eat2" },
					{ "time": 0.3333, "name": "mouth_eat3" },
					{ "time": 0.5, "name": "mouth_eat1" },
					{ "time": 0.6666, "name": "mouth_eat2" },
					{ "time": 0.8333, "name": "mouth_eat3" }
				]
			}
		},
		"bones": {
			"X": {
				"rotate": [
					{ "time": 0, "angle": -2.44 },
					{ "time": 0.3333, "angle": 4.04 },
					{ "time": 0.6666, "angle": -3.32 },
					{ "time": 1, "angle": -5.34 },
					{ "time": 2, "angle": -2.44 }
				],
				"translate": [
					{ "time": 0, "x": 0, "y": 0, "curve": "stepped" },
					{ "time": 2, "x": 0, "y": 0 }
				]
			},
			"leg_R": {
				"rotate": [
					{ "time": 0, "angle": -28.94 },
					{ "time": 0.8333, "angle": -33.68 },
					{ "time": 1, "angle": -24.73 },
					{ "time": 2, "angle": -28.94 }
				],
				"translate": [
					{ "time": 0, "x": 0, "y": 0, "curve": "stepped" },
					{ "time": 2, "x": 0, "y": 0 }
				]
			},
			"leg_R2": {
				"rotate": [
					{ "time": 0, "angle": 28.64 },
					{ "time": 0.8333, "angle": 31.61 },
					{ "time": 1, "angle": 33.02 },
					{ "time": 2, "angle": 28.64 }
				],
				"translate": [
					{ "time": 0, "x": 0.89, "y": -0.46, "curve": "stepped" },
					{ "time": 2, "x": 0.89, "y": -0.46 }
				]
			},
			"leg_L": {
				"rotate": [
					{ "time": 0, "angle": -4.59 },
					{ "time": 0.8333, "angle": 6.29 },
					{ "time": 1, "angle": 12.95 },
					{ "time": 2, "angle": -4.59 }
				],
				"translate": [
					{ "time": 0, "x": 0, "y": 0, "curve": "stepped" },
					{ "time": 2, "x": 0, "y": 0 }
				]
			},
			"leg_L2": {
				"rotate": [
					{ "time": 0, "angle": -10.84 },
					{ "time": 0.8333, "angle": -21.96 },
					{ "time": 2, "angle": -10.84 }
				],
				"translate": [
					{ "time": 0, "x": 0, "y": 0 },
					{ "time": 0.8333, "x": 0.35, "y": -0.01 },
					{ "time": 2, "x": 0, "y": 0 }
				]
			},
			"skirt": {
				"rotate": [
					{ "time": 0, "angle": -3.76 },
					{ "time": 1, "angle": -4.18 },
					{ "time": 2, "angle": -3.76 }
				],
				"translate": [
					{ "time": 0, "x": 0, "y": 0, "curve": "stepped" },
					{ "time": 2, "x": 0, "y": 0 }
				]
			},
			"S": {
				"rotate": [
					{ "time": 0, "angle": -4.81 },
					{ "time": 0.3333, "angle": -8.4 },
					{ "time": 0.6666, "angle": -3.91 },
					{ "time": 0.8333, "angle": -9.24 },
					{ "time": 1, "angle": -2.08 },
					{ "time": 1.6666, "angle": -0.98 },
					{ "time": 2, "angle": -4.81 }
				],
				"translate": [
					{ "time": 0, "x": 0, "y": 0, "curve": "stepped" },
					{ "time": 2, "x": 0, "y": 0 }
				]
			},
			"hand_L": {
				"rotate": [
					{ "time": 0, "angle": 22.63 },
					{ "time": 1, "angle": 54.51 },
					{ "time": 2, "angle": 22.63 }
				],
				"translate": [
					{ "time": 0, "x": 0, "y": 0, "curve": "stepped" },
					{ "time": 2, "x": 0, "y": 0 }
				]
			},
			"hand_L2": {
				"rotate": [
					{ "time": 0, "angle": -90.64 },
					{ "time": 0.3333, "angle": -101.29 },
					{ "time": 0.6666, "angle": -90.69 },
					{ "time": 1, "angle": -102.6 },
					{ "time": 1.3333, "angle": -99.85 },
					{ "time": 1.6666, "angle": -86.44 },
					{ "time": 2, "angle": -90.64 }
				],
				"translate": [
					{ "time": 0, "x": 0.5, "y": 6.12 },
					{ "time": 1, "x": 0.21, "y": 2.91 },
					{ "time": 1.6666, "x": 1.68, "y": 3.09 },
					{ "time": 2, "x": 0.5, "y": 6.12 }
				]
			},
			"hand_R": {
				"rotate": [
					{ "time": 0, "angle": -45.35 },
					{ "time": 1, "angle": -20.96 },
					{ "time": 2, "angle": -45.35 }
				],
				"translate": [
					{ "time": 0, "x": 0, "y": 0, "curve": "stepped" },
					{ "time": 2, "x": 0, "y": 0 }
				]
			},
			"hand_R2": {
				"rotate": [
					{ "time": 0, "angle": -78.43 },
					{ "time": 0.5, "angle": -88.64 },
					{ "time": 1, "angle": -65.25 },
					{ "time": 1.5, "angle": -68.5 },
					{ "time": 2, "angle": -78.43 }
				],
				"translate": [
					{ "time": 0, "x": 0, "y": 0, "curve": "stepped" },
					{ "time": 2, "x": 0, "y": 0 }
				]
			},
			"unit_1": {
				"rotate": [
					{ "time": 0, "angle": -17.44 },
					{ "time": 0.3333, "angle": -14.79 },
					{ "time": 1, "angle": 1.65 },
					{ "time": 2, "angle": -17.44 }
				],
				"translate": [
					{ "time": 0, "x": -66.18, "y": 10.58 },
					{ "time": 0.3333, "x": -63.69, "y": 10.47 },
					{ "time": 0.5, "x": -65.47, "y": 9.57 },
					{ "time": 0.8333, "x": -61.39, "y": 9.1 },
					{ "time": 1, "x": -65.51, "y": 8.4 },
					{ "time": 1.1666, "x": -65.62, "y": 9.66 },
					{ "time": 2, "x": -66.18, "y": 10.58 }
				],
				"scale": [
					{ "time": 0, "x": 1, "y": 1 },
					{ "time": 0.3333, "x": 1, "y": 0.902 },
					{ "time": 0.5, "x": 1.103, "y": 0.992 },
					{ "time": 0.8333, "x": 0.971, "y": 0.893 },
					{ "time": 1, "x": 1.306, "y": 1.014 },
					{ "time": 1.1666, "x": 1.172, "y": 0.918 },
					{ "time": 1.3333, "x": 1.257, "y": 0.996 },
					{ "time": 1.5, "x": 1.204, "y": 0.963 },
					{ "time": 1.6666, "x": 1.254, "y": 1.012 },
					{ "time": 2, "x": 1, "y": 1 }
				]
			},
			"hair_R": {
				"rotate": [
					{ "time": 0, "angle": 13.81 },
					{ "time": 1, "angle": -354.04 },
					{ "time": 2, "angle": 13.81 }
				],
				"translate": [
					{ "time": 0, "x": 0, "y": 0, "curve": "stepped" },
					{ "time": 2, "x": 0, "y": 0 }
				]
			},
			"LH_2": {
				"rotate": [
					{ "time": 0, "angle": -1.08 },
					{ "time": 1, "angle": -3.27 },
					{ "time": 2, "angle": -1.08 }
				],
				"translate": [
					{ "time": 0, "x": 0, "y": 0, "curve": "stepped" },
					{ "time": 2, "x": 0, "y": 0 }
				]
			},
			"LH_L": {
				"rotate": [
					{ "time": 0, "angle": 3.65 },
					{ "time": 1, "angle": 5.9 },
					{ "time": 2, "angle": 3.65 }
				],
				"translate": [
					{ "time": 0, "x": 0, "y": 0, "curve": "stepped" },
					{ "time": 2, "x": 0, "y": 0 }
				]
			},
			"cap_2": {
				"rotate": [
					{ "time": 0, "angle": -9.51 },
					{ "time": 0.8333, "angle": -12.43 },
					{ "time": 1, "angle": 3.72 },
					{ "time": 1.5, "angle": -18.04 },
					{ "time": 1.7666, "angle": -4.34 },
					{ "time": 2, "angle": -9.51 }
				],
				"translate": [
					{ "time": 0, "x": 0, "y": 0, "curve": "stepped" },
					{ "time": 2, "x": 0, "y": 0 }
				]
			},
			"cap": {
				"rotate": [
					{ "time": 0, "angle": 1.42 },
					{ "time": 0.6666, "angle": -0.89 },
					{ "time": 1, "angle": 2.58 },
					{ "time": 1.3333, "angle": -0.25 },
					{ "time": 1.6666, "angle": 3.38 },
					{ "time": 2, "angle": 1.42 }
				],
				"translate": [
					{ "time": 0, "x": 0, "y": 0, "curve": "stepped" },
					{ "time": 2, "x": 0, "y": 0 }
				]
			},
			"root": {
				"rotate": [
					{ "time": 0, "angle": 0, "curve": "stepped" },
					{ "time": 2, "angle": 0 }
				],
				"translate": [
					{ "time": 0, "x": 0, "y": 0, "curve": "stepped" },
					{ "time": 2, "x": 0, "y": 0 }
				]
			},
			"hair1": {
				"rotate": [
					{ "time": 0, "angle": 0 },
					{ "time": 0.8333, "angle": -3.84 },
					{ "time": 1, "angle": 3.87 },
					{ "time": 2, "angle": 0 }
				],
				"translate": [
					{ "time": 0, "x": 0, "y": 0, "curve": "stepped" },
					{ "time": 2, "x": 0, "y": 0 }
				]
			},
			"LH_R": {
				"rotate": [
					{ "time": 0, "angle": 0, "curve": "stepped" },
					{ "time": 2, "angle": 0 }
				],
				"translate": [
					{ "time": 0, "x": 0, "y": 0, "curve": "stepped" },
					{ "time": 2, "x": 0, "y": 0 }
				]
			},
			"LH_1": {
				"rotate": [
					{ "time": 0, "angle": 0, "curve": "stepped" },
					{ "time": 2, "angle": 0 }
				],
				"translate": [
					{ "time": 0, "x": 0, "y": 0, "curve": "stepped" },
					{ "time": 2, "x": 0, "y": 0 }
				]
			},
			"hair": {
				"rotate": [
					{ "time": 0, "angle": 0, "curve": "stepped" },
					{ "time": 2, "angle": 0 }
				],
				"translate": [
					{ "time": 0, "x": 0, "y": 0, "curve": "stepped" },
					{ "time": 2, "x": 0, "y": 0 }
				]
			},
			"mouth": {
				"rotate": [
					{ "time": 0, "angle": 0, "curve": "stepped" },
					{ "time": 2, "angle": 0 }
				],
				"translate": [
					{ "time": 0, "x": 0, "y": 0, "curve": "stepped" },
					{ "time": 2, "x": 0, "y": 0 }
				]
			},
			"eye": {
				"rotate": [
					{ "time": 0, "angle": 0, "curve": "stepped" },
					{ "time": 2, "angle": 0 }
				],
				"translate": [
					{ "time": 0, "x": 0, "y": 0, "curve": "stepped" },
					{ "time": 2, "x": 0, "y": 0 }
				]
			},
			"brow": {
				"rotate": [
					{ "time": 0, "angle": 0, "curve": "stepped" },
					{ "time": 2, "angle": 0 }
				],
				"translate": [
					{ "time": 0, "x": 0, "y": 0 },
					{ "time": 1, "x": -3.37, "y": 0 },
					{ "time": 2, "x": 0, "y": 0 }
				]
			},
			"face": {
				"rotate": [
					{ "time": 0, "angle": 0, "curve": "stepped" },
					{ "time": 2, "angle": 0 }
				],
				"translate": [
					{ "time": 0, "x": 0, "y": 0, "curve": "stepped" },
					{ "time": 2, "x": 0, "y": 0 }
				]
			},
			"head": {
				"rotate": [
					{ "time": 0, "angle": 0, "curve": "stepped" },
					{ "time": 2, "angle": 0 }
				],
				"translate": [
					{ "time": 0, "x": 0, "y": 0, "curve": "stepped" },
					{ "time": 2, "x": 0, "y": 0 }
				]
			},
			"hand_R3": {
				"rotate": [
					{ "time": 0, "angle": 0 },
					{ "time": 0.3333, "angle": -31.77 },
					{ "time": 0.6666, "angle": 10.95 },
					{ "time": 1, "angle": -7.79 },
					{ "time": 1.3333, "angle": -38.8 },
					{ "time": 1.6666, "angle": -2.17 },
					{ "time": 2, "angle": 0 }
				],
				"translate": [
					{ "time": 0, "x": 0, "y": 0, "curve": "stepped" },
					{ "time": 2, "x": 0, "y": 0 }
				]
			},
			"hand_L3": {
				"rotate": [
					{ "time": 0, "angle": 0 },
					{ "time": 0.1666, "angle": -25.01 },
					{ "time": 0.3333, "angle": -5.63 },
					{ "time": 0.5, "angle": -29.83 },
					{ "time": 0.6666, "angle": 15.61 },
					{ "time": 0.8333, "angle": -32.89 },
					{ "time": 1, "angle": 11.8 },
					{ "time": 1.1666, "angle": -15.22 },
					{ "time": 1.3333, "angle": 8.59 },
					{ "time": 1.5, "angle": 10.52 },
					{ "time": 1.6666, "angle": -23.79 },
					{ "time": 1.8333, "angle": 0.93 },
					{ "time": 2, "angle": 0 }
				],
				"translate": [
					{ "time": 0, "x": 0, "y": 0 },
					{ "time": 0.8333, "x": -2.56, "y": 1.01 },
					{ "time": 1, "x": 1, "y": 1.21 },
					{ "time": 2, "x": 0, "y": 0 }
				]
			},
			"body": {
				"rotate": [
					{ "time": 0, "angle": 0, "curve": "stepped" },
					{ "time": 2, "angle": 0 }
				],
				"translate": [
					{ "time": 0, "x": 0, "y": 0, "curve": "stepped" },
					{ "time": 2, "x": 0, "y": 0 }
				]
			},
			"ALL": {
				"rotate": [
					{ "time": 0, "angle": 0, "curve": "stepped" },
					{ "time": 2, "angle": 0 }
				],
				"translate": [
					{ "time": 0, "x": 0, "y": 0, "curve": "stepped" },
					{ "time": 2, "x": 0, "y": 0 }
				]
			}
		},
		"drawOrder": [
			{
				"time": 0,
				"offsets": [
					{ "slot": "arm_R", "offset": 7 },
					{ "slot": "arm_R2", "offset": 7 },
					{ "slot": "arm_R3C", "offset": 7 }
				]
			},
			{
				"time": 2,
				"offsets": [
					{ "slot": "arm_R", "offset": 7 },
					{ "slot": "arm_R2", "offset": 7 },
					{ "slot": "arm_R3C", "offset": 7 }
				]
			}
		]
	}
}
}