{
"skeleton": { "hash": "XP9anjDOZtVtr/MDS5qe2u1fnDA", "spine": "3.2.01", "width": 230, "height": 130, "images": "" },
"bones": [
	{ "name": "root" },
	{ "name": "bone", "parent": "root" },
	{ "name": "bone2", "parent": "bone" },
	{ "name": "TV", "parent": "bone2" },
	{ "name": "P", "parent": "TV" },
	{ "name": "TVVV", "parent": "TV" }
],
"slots": [
	{ "name": "shadow", "bone": "TVVV", "attachment": "shadow" },
	{ "name": "TVS", "bone": "TVVV", "attachment": "TVS" },
	{ "name": "TVP", "bone": "TVVV", "attachment": "TVP" },
	{ "name": "FF1", "bone": "P" },
	{ "name": "XBOX", "bone": "P" },
	{ "name": "nin1", "bone": "P" },
	{ "name": "HDMI1", "bone": "P", "blend": "additive" },
	{ "name": "HDMI2", "bone": "P", "blend": "additive" },
	{ "name": "TV_light", "bone": "TV", "blend": "additive" },
	{ "name": "TVK", "bone": "TVVV", "attachment": "TVK" },
	{ "name": "TVX_light", "bone": "TV", "blend": "additive" }
],
"skins": {
	"default": {
		"FF1": {
			"FF1": { "x": 1, "y": 69.98, "width": 222, "height": 111 },
			"FF2": { "x": 1, "y": 69.98, "width": 222, "height": 111 },
			"FF3": { "x": 1, "y": 69.98, "width": 222, "height": 111 },
			"FF4": { "x": 1, "y": 69.98, "width": 222, "height": 111 }
		},
		"HDMI1": {
			"HDMI1": { "x": 1, "y": 66, "width": 230, "height": 130 }
		},
		"HDMI2": {
			"HDMI2": { "x": 1, "y": 66, "width": 230, "height": 130 }
		},
		"TVK": {
			"TVK": { "x": 1, "y": 66, "width": 230, "height": 130 }
		},
		"TVP": {
			"TVP": { "x": 1, "y": 66, "width": 230, "height": 130 }
		},
		"TVS": {
			"TVS": { "x": 1, "y": 66, "width": 230, "height": 130 }
		},
		"TVX_light": {
			"TVX_light": { "x": 1, "y": 66, "width": 230, "height": 130 }
		},
		"TV_light": {
			"TV_light": { "x": 1, "y": 66, "width": 230, "height": 130 }
		},
		"XBOX": {
			"XBOX": { "x": 1, "y": 66, "width": 230, "height": 130 }
		},
		"nin1": {
			"nin1": { "x": 1, "y": 66, "width": 230, "height": 130 },
			"nin2": { "x": 1, "y": 66, "width": 230, "height": 130 },
			"nin3": { "x": 1, "y": 66, "width": 230, "height": 130 },
			"nin4": { "x": 1, "y": 66, "width": 230, "height": 130 }
		},
		"shadow": {
			"shadow": { "x": 1, "y": 66, "width": 230, "height": 130 }
		}
	}
},
"animations": {
	"1": {
		"slots": {
			"FF1": {
				"attachment": [
					{ "time": 0, "name": "FF1" },
					{ "time": 0.1666, "name": "FF2" },
					{ "time": 0.3333, "name": "FF3" },
					{ "time": 0.5, "name": "FF4" },
					{ "time": 0.6666, "name": "FF3" },
					{ "time": 0.8333, "name": "FF2" },
					{ "time": 1, "name": "FF1" },
					{ "time": 1.1666, "name": "FF2" },
					{ "time": 1.3333, "name": "FF3" },
					{ "time": 1.5, "name": "FF4" },
					{ "time": 1.6666, "name": "FF3" },
					{ "time": 1.8333, "name": "FF2" },
					{ "time": 2, "name": "FF1" }
				]
			},
			"HDMI1": {
				"attachment": [
					{ "time": 0, "name": null }
				]
			},
			"HDMI2": {
				"attachment": [
					{ "time": 0, "name": null }
				]
			},
			"TVX_light": {
				"color": [
					{ "time": 0, "color": "ffffffff" }
				],
				"attachment": [
					{ "time": 0, "name": "TVX_light" }
				]
			},
			"TV_light": {
				"color": [
					{ "time": 0, "color": "ffffffff" },
					{ "time": 1, "color": "ffffff8e" },
					{ "time": 2, "color": "ffffffff" }
				],
				"attachment": [
					{ "time": 0, "name": null }
				]
			}
		},
		"bones": {
			"bone2": {
				"rotate": [
					{ "time": 0, "angle": 0, "curve": "stepped" },
					{ "time": 2, "angle": 0 }
				],
				"translate": [
					{ "time": 0, "x": 0, "y": 0, "curve": "stepped" },
					{ "time": 2, "x": 0, "y": 0 }
				],
				"scale": [
					{ "time": 0, "x": 1, "y": 1, "curve": "stepped" },
					{ "time": 2, "x": 1, "y": 1 }
				]
			},
			"TVVV": {
				"rotate": [
					{ "time": 0, "angle": 0, "curve": "stepped" },
					{ "time": 2, "angle": 0 }
				],
				"translate": [
					{ "time": 0, "x": 0, "y": 0, "curve": "stepped" },
					{ "time": 2, "x": 0, "y": 0 }
				],
				"scale": [
					{ "time": 0, "x": 1, "y": 1, "curve": "stepped" },
					{ "time": 2, "x": 1, "y": 1 }
				]
			},
			"P": {
				"rotate": [
					{ "time": 0, "angle": 0, "curve": "stepped" },
					{ "time": 2, "angle": 0 }
				],
				"translate": [
					{ "time": 0, "x": 0, "y": 0, "curve": "stepped" },
					{ "time": 2, "x": 0, "y": 0 }
				],
				"scale": [
					{ "time": 0, "x": 1, "y": 1, "curve": "stepped" },
					{ "time": 2, "x": 1, "y": 1 }
				]
			},
			"TV": {
				"rotate": [
					{ "time": 0, "angle": 0, "curve": "stepped" },
					{ "time": 2, "angle": 0 }
				],
				"translate": [
					{ "time": 0, "x": 0, "y": 0, "curve": "stepped" },
					{ "time": 2, "x": 0, "y": 0 }
				],
				"scale": [
					{ "time": 0, "x": 1, "y": 1, "curve": "stepped" },
					{ "time": 2, "x": 1, "y": 1 }
				]
			}
		}
	},
	"2": {
		"slots": {
			"HDMI1": {
				"attachment": [
					{ "time": 0, "name": null }
				]
			},
			"HDMI2": {
				"attachment": [
					{ "time": 0, "name": null }
				]
			},
			"TVX_light": {
				"color": [
					{ "time": 0, "color": "ffffffff" }
				],
				"attachment": [
					{ "time": 0, "name": "TVX_light" }
				]
			},
			"TV_light": {
				"color": [
					{ "time": 0, "color": "ffffffff" },
					{ "time": 1, "color": "ffffff8e" },
					{ "time": 2, "color": "ffffffff" }
				],
				"attachment": [
					{ "time": 0, "name": null }
				]
			},
			"XBOX": {
				"attachment": [
					{ "time": 0, "name": "XBOX" }
				]
			}
		},
		"bones": {
			"bone2": {
				"rotate": [
					{ "time": 0, "angle": 0, "curve": "stepped" },
					{ "time": 2, "angle": 0 }
				],
				"translate": [
					{ "time": 0, "x": 0, "y": 0, "curve": "stepped" },
					{ "time": 2, "x": 0, "y": 0 }
				],
				"scale": [
					{ "time": 0, "x": 1, "y": 1, "curve": "stepped" },
					{ "time": 2, "x": 1, "y": 1 }
				]
			},
			"TVVV": {
				"rotate": [
					{ "time": 0, "angle": 0, "curve": "stepped" },
					{ "time": 2, "angle": 0 }
				],
				"translate": [
					{ "time": 0, "x": 0, "y": 0, "curve": "stepped" },
					{ "time": 2, "x": 0, "y": 0 }
				],
				"scale": [
					{ "time": 0, "x": 1, "y": 1, "curve": "stepped" },
					{ "time": 2, "x": 1, "y": 1 }
				]
			},
			"P": {
				"rotate": [
					{ "time": 0, "angle": 0, "curve": "stepped" },
					{ "time": 2, "angle": 0 }
				],
				"translate": [
					{ "time": 0, "x": 0, "y": 0, "curve": "stepped" },
					{ "time": 2, "x": 0, "y": 0 }
				],
				"scale": [
					{ "time": 0, "x": 1, "y": 1, "curve": "stepped" },
					{ "time": 2, "x": 1, "y": 1 }
				]
			},
			"TV": {
				"rotate": [
					{ "time": 0, "angle": 0, "curve": "stepped" },
					{ "time": 2, "angle": 0 }
				],
				"translate": [
					{ "time": 0, "x": 0, "y": 0, "curve": "stepped" },
					{ "time": 2, "x": 0, "y": 0 }
				],
				"scale": [
					{ "time": 0, "x": 1, "y": 1, "curve": "stepped" },
					{ "time": 2, "x": 1, "y": 1 }
				]
			}
		}
	},
	"3": {
		"slots": {
			"HDMI1": {
				"attachment": [
					{ "time": 0, "name": null }
				]
			},
			"HDMI2": {
				"attachment": [
					{ "time": 0, "name": null }
				]
			},
			"TVX_light": {
				"color": [
					{ "time": 0, "color": "ffffffff" }
				],
				"attachment": [
					{ "time": 0, "name": "TVX_light" }
				]
			},
			"TV_light": {
				"color": [
					{ "time": 0, "color": "ffffffff" },
					{ "time": 1, "color": "ffffff8e" },
					{ "time": 2, "color": "ffffffff" }
				],
				"attachment": [
					{ "time": 0, "name": null }
				]
			},
			"nin1": {
				"attachment": [
					{ "time": 0, "name": "nin1" },
					{ "time": 0.1333, "name": "nin2" },
					{ "time": 0.2666, "name": "nin3" },
					{ "time": 0.4, "name": "nin4" },
					{ "time": 0.5333, "name": "nin1" },
					{ "time": 0.6666, "name": "nin2" },
					{ "time": 0.8, "name": "nin3" },
					{ "time": 0.9333, "name": "nin4" },
					{ "time": 1.0666, "name": "nin1" },
					{ "time": 1.2, "name": "nin2" },
					{ "time": 1.3333, "name": "nin3" },
					{ "time": 1.4666, "name": "nin4" },
					{ "time": 1.6, "name": "nin1" },
					{ "time": 1.7333, "name": "nin2" },
					{ "time": 1.8666, "name": "nin3" },
					{ "time": 2, "name": "nin4" }
				]
			}
		},
		"bones": {
			"bone2": {
				"rotate": [
					{ "time": 0, "angle": 0, "curve": "stepped" },
					{ "time": 2, "angle": 0 }
				],
				"translate": [
					{ "time": 0, "x": 0, "y": 0, "curve": "stepped" },
					{ "time": 2, "x": 0, "y": 0 }
				],
				"scale": [
					{ "time": 0, "x": 1, "y": 1, "curve": "stepped" },
					{ "time": 2, "x": 1, "y": 1 }
				]
			},
			"TVVV": {
				"rotate": [
					{ "time": 0, "angle": 0, "curve": "stepped" },
					{ "time": 2, "angle": 0 }
				],
				"translate": [
					{ "time": 0, "x": 0, "y": 0, "curve": "stepped" },
					{ "time": 2, "x": 0, "y": 0 }
				],
				"scale": [
					{ "time": 0, "x": 1, "y": 1, "curve": "stepped" },
					{ "time": 2, "x": 1, "y": 1 }
				]
			},
			"P": {
				"rotate": [
					{ "time": 0, "angle": 0, "curve": "stepped" },
					{ "time": 2, "angle": 0 }
				],
				"translate": [
					{ "time": 0, "x": 0, "y": 0, "curve": "stepped" },
					{ "time": 2, "x": 0, "y": 0 }
				],
				"scale": [
					{ "time": 0, "x": 1, "y": 1, "curve": "stepped" },
					{ "time": 2, "x": 1, "y": 1 }
				]
			},
			"TV": {
				"rotate": [
					{ "time": 0, "angle": 0, "curve": "stepped" },
					{ "time": 2, "angle": 0 }
				],
				"translate": [
					{ "time": 0, "x": 0, "y": 0, "curve": "stepped" },
					{ "time": 2, "x": 0, "y": 0 }
				],
				"scale": [
					{ "time": 0, "x": 1, "y": 1, "curve": "stepped" },
					{ "time": 2, "x": 1, "y": 1 }
				]
			}
		}
	},
	"close": {
		"bones": {
			"bone2": {
				"rotate": [
					{ "time": 0, "angle": 0, "curve": "stepped" },
					{ "time": 2, "angle": 0 }
				],
				"translate": [
					{ "time": 0, "x": 0, "y": 0, "curve": "stepped" },
					{ "time": 2, "x": 0, "y": 0 }
				],
				"scale": [
					{ "time": 0, "x": 1, "y": 1, "curve": "stepped" },
					{ "time": 2, "x": 1, "y": 1 }
				]
			},
			"P": {
				"rotate": [
					{ "time": 0, "angle": 0, "curve": "stepped" },
					{ "time": 2, "angle": 0 }
				],
				"translate": [
					{ "time": 0, "x": 0, "y": 0, "curve": "stepped" },
					{ "time": 2, "x": 0, "y": 0 }
				],
				"scale": [
					{ "time": 0, "x": 1, "y": 1, "curve": "stepped" },
					{ "time": 2, "x": 1, "y": 1 }
				]
			},
			"TV": {
				"rotate": [
					{ "time": 0, "angle": 0, "curve": "stepped" },
					{ "time": 2, "angle": 0 }
				],
				"translate": [
					{ "time": 0, "x": 0, "y": 0, "curve": "stepped" },
					{ "time": 2, "x": 0, "y": 0 }
				],
				"scale": [
					{ "time": 0, "x": 1, "y": 1, "curve": "stepped" },
					{ "time": 2, "x": 1, "y": 1 }
				]
			}
		}
	},
	"normal": {
		"slots": {
			"HDMI1": {
				"color": [
					{ "time": 0, "color": "ffffffe0" },
					{ "time": 1, "color": "ffffff9f" },
					{ "time": 2, "color": "ffffffe0" }
				],
				"attachment": [
					{ "time": 0, "name": "HDMI1" }
				]
			},
			"HDMI2": {
				"color": [
					{ "time": 0, "color": "ffffffb1" },
					{ "time": 1, "color": "ffffffff" },
					{ "time": 2, "color": "ffffffb1" }
				],
				"attachment": [
					{ "time": 0, "name": "HDMI2" }
				]
			},
			"TVX_light": {
				"color": [
					{ "time": 0, "color": "ffffffff" }
				],
				"attachment": [
					{ "time": 0, "name": "TVX_light" }
				]
			},
			"TV_light": {
				"color": [
					{ "time": 0, "color": "ffffffff" },
					{ "time": 1, "color": "ffffff8e" },
					{ "time": 2, "color": "ffffffff" }
				],
				"attachment": [
					{ "time": 0, "name": "TV_light" }
				]
			}
		},
		"bones": {
			"bone2": {
				"rotate": [
					{ "time": 0, "angle": 0, "curve": "stepped" },
					{ "time": 2, "angle": 0 }
				],
				"translate": [
					{ "time": 0, "x": 0, "y": 0, "curve": "stepped" },
					{ "time": 2, "x": 0, "y": 0 }
				],
				"scale": [
					{ "time": 0, "x": 1, "y": 1, "curve": "stepped" },
					{ "time": 2, "x": 1, "y": 1 }
				]
			},
			"TVVV": {
				"rotate": [
					{ "time": 0, "angle": 0, "curve": "stepped" },
					{ "time": 2, "angle": 0 }
				],
				"translate": [
					{ "time": 0, "x": 0, "y": 0, "curve": "stepped" },
					{ "time": 2, "x": 0, "y": 0 }
				],
				"scale": [
					{ "time": 0, "x": 1, "y": 1, "curve": "stepped" },
					{ "time": 2, "x": 1, "y": 1 }
				]
			},
			"P": {
				"rotate": [
					{ "time": 0, "angle": 0, "curve": "stepped" },
					{ "time": 2, "angle": 0 }
				],
				"translate": [
					{ "time": 0, "x": 0, "y": 0, "curve": "stepped" },
					{ "time": 2, "x": 0, "y": 0 }
				],
				"scale": [
					{ "time": 0, "x": 1, "y": 1, "curve": "stepped" },
					{ "time": 2, "x": 1, "y": 1 }
				]
			},
			"TV": {
				"rotate": [
					{ "time": 0, "angle": 0, "curve": "stepped" },
					{ "time": 2, "angle": 0 }
				],
				"translate": [
					{ "time": 0, "x": 0, "y": 0, "curve": "stepped" },
					{ "time": 2, "x": 0, "y": 0 }
				],
				"scale": [
					{ "time": 0, "x": 1, "y": 1, "curve": "stepped" },
					{ "time": 2, "x": 1, "y": 1 }
				]
			}
		}
	}
}
}