{
"skeleton": { "hash": "OJscFjxyiXiAsb8pvSXC6x6M6YM", "spine": "3.2.01", "width": 323.97, "height": 315.32, "images": "" },
"bones": [
	{ "name": "Root_All", "x": 9.22, "y": 11.06, "scaleX": 1.01, "scaleY": 1.01 },
	{ "name": "Ship_All", "parent": "Root_All" },
	{ "name": "Body", "parent": "Ship_All", "length": 255.84, "rotation": 90, "x": 0.67, "y": -21.79 },
	{ "name": "Antiaircraft", "parent": "Body", "length": 44.62, "rotation": -58.66, "x": 197.76, "y": -56.78 },
	{ "name": "Attack_Point", "parent": "Body", "length": 25.69, "rotation": -88.64, "x": 97.05, "y": -96.55 },
	{ "name": "Hand_L", "parent": "Body", "length": 44.37, "rotation": 169.94, "x": 117.66, "y": 29.4 },
	{ "name": "hand_L2", "parent": "Hand_L", "length": 30.33, "rotation": 74.9, "x": 28.19, "y": -2.83 },
	{ "name": "Z", "parent": "hand_L2", "length": 38.6, "rotation": 52.82, "x": 33.85, "y": 0.41 },
	{ "name": "D", "parent": "Z", "length": 35.88, "rotation": -119.47, "x": 93.96, "y": -1.83 },
	{ "name": "DL", "parent": "Hand_L", "length": 31.62, "rotation": -50.2, "x": 23.41, "y": 4.85 },
	{ "name": "DR", "parent": "Body", "length": 35.48, "rotation": -111.29, "x": 91.78, "y": -4.31 },
	{ "name": "Damage_Point", "parent": "Body", "length": 22.56, "rotation": -90, "x": 100.9, "y": 12.75 },
	{ "name": "Dialogue", "parent": "Body", "length": 57.85, "rotation": -90, "x": 188.67, "y": -42.48 },
	{ "name": "Expression", "parent": "Body", "length": 46.33, "rotation": -42.65, "x": 204.77, "y": -27.87 },
	{ "name": "Head", "parent": "Body", "length": 66.72, "rotation": -0.9, "x": 131.75, "y": 9.76 },
	{ "name": "Face", "parent": "Head", "length": 66.94, "rotation": -89.09, "x": 47.91, "y": 21 },
	{ "name": "GJ_L", "parent": "Z", "length": 25.21, "rotation": -117.68, "x": -79.02, "y": -3.47 },
	{ "name": "GJ_R", "parent": "D", "length": 23.53, "rotation": 1.78, "x": 61.03, "y": 2.46 },
	{ "name": "Hand_R", "parent": "Body", "length": 21.22, "rotation": 153.89, "x": 81.14, "y": -8.03 },
	{ "name": "Ship", "parent": "Body", "length": 127.17, "rotation": 270, "x": 100, "y": 60 },
	{ "name": "JL", "parent": "Ship", "length": 25.18, "rotation": -32.27, "x": 3.82, "y": -37.61 },
	{ "name": "JR", "parent": "Ship", "length": 30.48, "rotation": -17.1, "x": 65.47, "y": -22.48 },
	{ "name": "Smoke_L1", "parent": "Body", "length": 51.75, "rotation": -54.55, "x": 95.72, "y": -18.74 },
	{ "name": "Smoke_R1", "parent": "Body", "length": 79.5, "rotation": 21.87, "x": 99.73, "y": 53.73 },
	{ "name": "Throw_Point", "parent": "Body", "length": 24.91, "rotation": -88.64, "x": 54.53, "y": -40.12 },
	{ "name": "ZP", "parent": "D", "length": 20.73, "rotation": 110.71, "x": 23.28, "y": 8.57 },
	{ "name": "bone2", "parent": "DR", "length": 36.5, "rotation": 39.17, "x": 35.48 },
	{ "name": "bone3", "parent": "bone2", "length": 36.54, "rotation": -53.51, "x": 36.5 },
	{ "name": "bone4", "parent": "DL", "length": 36.84, "rotation": -55.92, "x": 32.18, "y": 0.97 },
	{ "name": "bone5", "parent": "bone4", "length": 40.35, "rotation": 51.67, "x": 37.59, "y": -0.25 }
],
"slots": [
	{ "name": "JR", "bone": "JR", "attachment": "change" },
	{ "name": "Rodney_ship_armor_normal", "bone": "Ship", "attachment": "Ship_armor_normal" },
	{ "name": "Rodney_body_normal", "bone": "Body", "attachment": "Body_Change" },
	{ "name": "DR", "bone": "DR", "attachment": "change" },
	{ "name": "Light_Body", "bone": "Body", "attachment": "Rodney_ship_body_normal_light" },
	{ "name": "hand_R", "bone": "Hand_R", "attachment": "hand_R" },
	{ "name": "head", "bone": "Head", "attachment": "head" },
	{ "name": "head_light", "bone": "Head", "attachment": "head_light", "blend": "additive" },
	{ "name": "hand_L", "bone": "Hand_L", "attachment": "change" },
	{ "name": "Rodney_eyes_normal", "bone": "Face", "attachment": "Rodney_eyes_normal" },
	{ "name": "JL", "bone": "JL", "attachment": "change" },
	{ "name": "ZP", "bone": "ZP", "attachment": "ZP" },
	{ "name": "GJ_R", "bone": "GJ_R", "attachment": "GJ_R" },
	{ "name": "GJ_R_light", "bone": "GJ_R", "attachment": "GJ_R_light", "blend": "additive" },
	{ "name": "D", "bone": "D", "attachment": "change" },
	{ "name": "BOW", "bone": "D", "color": "ffffff45", "attachment": "power", "blend": "additive" },
	{ "name": "D_light", "bone": "D", "attachment": "D_light", "blend": "additive" },
	{ "name": "GJ_L", "bone": "GJ_L", "attachment": "GJ_L" },
	{ "name": "ZZ", "bone": "Z", "attachment": "ZZ" },
	{ "name": "ZZ_light", "bone": "Z", "attachment": "ZZ_light", "blend": "additive" },
	{ "name": "hand_L2", "bone": "hand_L2", "attachment": "change" },
	{ "name": "DL", "bone": "DL", "attachment": "change" }
],
"skins": {
	"default": {
		"BOW": {
			"power": { "x": 49.28, "y": 4.28, "rotation": 91.78, "width": 154, "height": 116 }
		},
		"D_light": {
			"D_light": { "x": -13.62, "y": -89.16, "rotation": 91.78, "width": 300, "height": 300 }
		},
		"GJ_L": {
			"GJ_L": { "x": -95.61, "y": 65.28, "rotation": 89.99, "width": 300, "height": 300 }
		},
		"GJ_R": {
			"GJ_R": { "x": -73.19, "y": -89.38, "rotation": 89.99, "width": 300, "height": 300 }
		},
		"GJ_R_light": {
			"GJ_R_light": { "x": -73.19, "y": -89.38, "rotation": 89.99, "width": 300, "height": 300 }
		},
		"Light_Body": {
			"Rodney_ship_body_normal_light": { "x": 131.3, "y": 10.78, "rotation": -90, "width": 300, "height": 300 }
		},
		"Rodney_eyes_normal": {
			"Rodney_eyes_damage": { "x": 19.21, "y": -48.69, "width": 300, "height": 300 },
			"Rodney_eyes_normal": { "x": 19.21, "y": -48.69, "width": 300, "height": 300 }
		},
		"ZP": {
			"ZP": { "x": -78.37, "y": 69.09, "rotation": -18.92, "width": 300, "height": 300 }
		},
		"ZZ": {
			"ZZ": { "x": 23.03, "y": 53.9, "rotation": -27.68, "width": 300, "height": 300 }
		},
		"ZZ_light": {
			"ZZ_light": { "x": 23.03, "y": 53.9, "rotation": -27.68, "width": 300, "height": 300 }
		},
		"hand_R": {
			"hand_R": { "x": -33.89, "y": -37.37, "rotation": 116.1, "width": 300, "height": 300 }
		},
		"head": {
			"head": { "x": -0.98, "y": 0.85, "rotation": -89.09, "width": 300, "height": 300 }
		},
		"head_light": {
			"head_light": { "x": -0.98, "y": 0.85, "rotation": -89.09, "width": 300, "height": 300 }
		}
	},
	"damage": {
		"D": {
			"change": { "name": "D_damage", "x": -13.31, "y": -89.07, "rotation": 91.78, "width": 300, "height": 300 }
		},
		"DL": {
			"change": {
				"name": "DL_damage",
				"type": "weightedmesh",
				"uvs": [ 0, 0, 0.11089, 0, 0.2, 0, 0.30027, 0, 0.4, 0, 0.51365, 0, 0.6, 0, 0.70375, 0, 0.8, 0, 0.90573, 0, 1, 0, 1, 0.2, 1, 0.4, 1, 0.6, 1, 0.8, 1, 1, 0.90177, 1, 0.8, 1, 0.70771, 1, 0.6, 1, 0.51365, 1, 0.4, 1, 0.30375, 1, 0.2, 1, 0.10969, 1, 0, 1, 0, 0.8, 0, 0.6, 0, 0.4, 0, 0.2, 0.2, 0.2, 0.2, 0.4, 0.2, 0.6, 0.2, 0.8, 0.4, 0.2, 0.4, 0.4, 0.4, 0.6, 0.4, 0.8, 0.6, 0.2, 0.6, 0.4, 0.6, 0.6, 0.6, 0.8, 0.8, 0.2, 0.8, 0.4, 0.8, 0.6, 0.8, 0.8 ],
				"triangles": [ 29, 0, 1, 30, 2, 3, 1, 2, 30, 29, 1, 30, 34, 4, 5, 3, 4, 34, 30, 3, 34, 38, 6, 7, 5, 6, 38, 34, 5, 38, 42, 8, 9, 7, 8, 42, 38, 7, 42, 9, 10, 11, 42, 9, 11, 28, 29, 30, 31, 30, 34, 28, 30, 31, 35, 34, 38, 31, 34, 35, 39, 38, 42, 35, 38, 39, 43, 42, 11, 39, 42, 43, 43, 11, 12, 27, 28, 31, 32, 31, 35, 27, 31, 32, 36, 35, 39, 32, 35, 36, 40, 39, 43, 36, 39, 40, 44, 43, 12, 40, 43, 44, 44, 12, 13, 26, 27, 32, 33, 32, 36, 26, 32, 33, 37, 36, 40, 33, 36, 37, 41, 40, 44, 37, 40, 41, 45, 44, 13, 41, 44, 45, 45, 13, 14, 24, 25, 26, 33, 24, 26, 22, 23, 33, 24, 33, 23, 37, 22, 33, 20, 21, 37, 22, 37, 21, 41, 20, 37, 18, 19, 41, 20, 41, 19, 45, 18, 41, 16, 17, 45, 18, 45, 17, 14, 16, 45, 16, 14, 15 ],
				"vertices": [ 1, 29, 38.5, -21.35, 1, 1, 29, 27.49, -16.1, 1, 1, 29, 18.64, -11.88, 1, 1, 29, 8.68999, -7.14, 1, 2, 28, 38.73, -2.7, 0.44921, 29, -1.2, -2.41, 0.55078, 2, 9, 40.79, -26.42, 4.3E-4, 28, 27.51, -8.21, 0.99956, 2, 9, 32.54, -21.71, 0.06312, 28, 18.99, -12.4, 0.93687, 2, 9, 22.63, -16.04999, 0.4983, 28, 8.75, -17.44, 0.50168, 2, 9, 13.44, -10.79, 0.93955, 28, -0.74, -22.11, 0.06044, 1, 9, 3.34, -5.02, 1, 1, 9, -5.65, 0.11, 1, 1, 9, -2.47, 5.67, 1, 1, 9, 0.69, 11.23, 1, 1, 9, 3.87, 16.78, 1, 1, 9, 7.04, 22.34, 1, 1, 9, 10.22, 27.9, 1, 2, 9, 19.6, 22.54, 0.99904, 28, -24.91, 1.66, 9.5E-4, 2, 9, 29.32, 16.98, 0.90405, 28, -14.86, 6.6, 0.09594, 2, 9, 38.13, 11.94, 0.50954, 28, -5.75, 11.08, 0.49045, 3, 9, 48.42, 6.07, 0.0565, 28, 4.87, 16.31, 0.92956, 29, -7.29, 35.93, 0.01392, 2, 28, 13.4, 20.49, 0.90167, 29, 1.28, 31.84, 0.09832, 2, 28, 24.62, 26.01, 0.57447, 29, 12.56, 26.46, 0.42552, 2, 28, 34.12, 30.68, 0.22438, 29, 22.12, 21.9, 0.77561, 2, 28, 44.36, 35.71, 0.03691, 29, 32.41999, 16.99, 0.96308, 2, 28, 53.28, 40.09999, 0.00152, 29, 41.38, 12.71, 0.99847, 1, 29, 52.28, 7.52, 1, 1, 29, 49.52, 1.74, 1, 1, 29, 46.77, -4.02, 1, 1, 29, 44.01, -9.8, 1, 1, 29, 41.25999, -15.58, 1, 1, 29, 21.4, -6.11, 1, 2, 28, 52.83, 18.48, 0.00335, 29, 24.15, -0.33, 0.99664, 2, 28, 50.01, 24.23, 0.02054, 29, 26.91, 5.44, 0.97945, 2, 28, 47.19, 29.97, 0.03417, 29, 29.66, 11.21, 0.96582, 2, 28, 35.91, 3.04, 0.59717, 29, 1.54, 3.35, 0.40282, 2, 28, 33.09, 8.78, 0.49068, 29, 4.3, 9.13, 0.50931, 2, 28, 30.26, 14.52, 0.59191, 29, 7.05, 14.91, 0.40808, 2, 28, 27.44, 20.27, 0.61397, 29, 9.81, 20.68, 0.38602, 2, 9, 35.72, -16.15, 0.03356, 28, 16.17, -6.66, 0.96643, 1, 28, 13.34, -0.92, 1, 2, 28, 10.52, 4.82, 0.99788, 29, -12.8, 24.38, 0.00211, 3, 9, 45.25, 0.51, 0.03776, 28, 7.7, 10.56, 0.9498, 29, -10.04, 30.15, 0.01242, 2, 9, 16.62, -5.23999, 0.98916, 28, -3.57, -16.36, 0.01083, 1, 9, 19.79, 0.31, 1, 2, 9, 22.97, 5.87, 0.95661, 28, -9.21, -4.88, 0.04338, 2, 9, 26.14, 11.42, 0.87895, 28, -12.04, 0.86, 0.12104 ],
				"hull": 30,
				"edges": [ 20, 22, 22, 24, 24, 26, 26, 28, 28, 30, 50, 52, 52, 54, 54, 56, 56, 58, 58, 0, 0, 2, 2, 4, 4, 6, 6, 8, 8, 10, 10, 12, 12, 14, 14, 16, 16, 18, 18, 20, 46, 48, 48, 50, 42, 44, 44, 46, 38, 40, 40, 42, 34, 36, 36, 38, 30, 32, 32, 34 ],
				"width": 110,
				"height": 32
			}
		},
		"DR": {
			"change": {
				"name": "DR_damage",
				"type": "weightedmesh",
				"uvs": [ 0, 0, 0.2, 0, 0.4, 0, 0.6, 0, 0.8, 0, 1, 0, 1, 0.2, 1, 0.4, 1, 0.6, 1, 0.8, 1, 1, 0.8, 1, 0.6, 1, 0.4, 1, 0.2, 1, 0, 1, 0, 0.8, 0, 0.6, 0, 0.4, 0, 0.2, 0.2, 0.2, 0.2, 0.4, 0.2, 0.6, 0.2, 0.8, 0.4, 0.2, 0.4, 0.4, 0.4, 0.6, 0.4, 0.8, 0.6, 0.2, 0.6, 0.4, 0.6, 0.6, 0.6, 0.8, 0.8, 0.2, 0.8, 0.4, 0.8, 0.6, 0.8, 0.8 ],
				"triangles": [ 19, 0, 1, 20, 1, 2, 19, 1, 20, 24, 2, 3, 20, 2, 24, 28, 3, 4, 24, 3, 28, 32, 4, 5, 28, 4, 32, 32, 5, 6, 18, 19, 20, 21, 20, 24, 18, 20, 21, 25, 24, 28, 21, 24, 25, 29, 28, 32, 25, 28, 29, 33, 32, 6, 29, 32, 33, 33, 6, 7, 17, 18, 21, 22, 21, 25, 17, 21, 22, 26, 25, 29, 22, 25, 26, 30, 29, 33, 26, 29, 30, 34, 33, 7, 30, 33, 34, 34, 7, 8, 16, 17, 22, 23, 22, 26, 16, 22, 23, 27, 26, 30, 23, 26, 27, 31, 30, 34, 27, 30, 31, 35, 34, 8, 31, 34, 35, 35, 8, 9, 15, 16, 23, 14, 23, 27, 15, 23, 14, 13, 27, 31, 14, 27, 13, 12, 31, 35, 13, 31, 12, 11, 35, 9, 12, 35, 11, 11, 9, 10 ],
				"vertices": [ 1, 10, -5.5, 6.46, 1, 2, 10, 14.05, 14.09, 0.96252, 26, -7.7, 24.45, 0.03747, 2, 10, 33.62, 21.71, 0.22065, 26, 12.27, 18.01, 0.77934, 2, 26, 32.25999, 11.56, 0.90723, 27, -11.82, 3.46, 0.09276, 2, 26, 52.24, 5.11, 0.0324, 27, 5.23999, 15.69, 0.96759, 2, 26, 72.23, -1.32, 0, 27, 22.31, 27.93, 0.99999, 1, 27, 27.67, 20.45, 1, 1, 27, 33.03, 12.98, 1, 1, 27, 38.39, 5.5, 1, 1, 27, 43.75, -1.97, 1, 1, 27, 49.11, -9.43999, 1, 2, 26, 38.12, -38.66, 0.14227, 27, 32.04, -21.68, 0.85772, 3, 10, 69.89, -13.51, 0.03077, 26, 18.14, -32.21, 0.65942, 27, 14.98, -33.91999, 0.30978, 3, 10, 50.33, -21.14, 0.38408, 26, -1.84, -25.76, 0.59541, 27, -2.08, -46.15, 0.0205, 2, 10, 30.76, -28.76, 0.89981, 26, -21.83, -19.31, 0.10018, 1, 10, 11.2, -36.39, 1, 1, 10, 7.85, -27.82, 1, 1, 10, 4.51, -19.25, 1, 1, 10, 1.16999, -10.68, 1, 1, 10, -2.16, -2.09999, 1, 2, 10, 17.4, 5.51, 0.97893, 26, -10.53, 15.7, 0.02106, 1, 10, 20.74, -3.05, 1, 2, 10, 24.08, -11.62, 0.96972, 26, -16.18, -1.8, 0.03027, 2, 10, 27.42, -20.19, 0.8983, 26, -19, -10.56, 0.10169, 2, 10, 36.96, 13.14, 0.26236, 26, 9.45, 9.25, 0.73763, 1, 26, 6.62, 0.5, 1, 3, 10, 43.65, -3.99, 0.15644, 26, 3.8, -8.25, 0.83252, 27, -12.8, -31.2, 0.01102, 3, 10, 46.99, -12.56, 0.29438, 26, 0.97, -17.01, 0.67918, 27, -7.44, -38.68, 0.02643, 2, 26, 29.43, 2.8, 0.98121, 27, -6.46, -4.01, 0.01878, 2, 26, 26.61, -5.94, 0.81695, 27, -1.1, -11.49, 0.18304, 3, 10, 63.21, 3.63, 9.2E-4, 26, 23.78, -14.7, 0.68398, 27, 4.25, -18.95999, 0.31507, 3, 10, 66.55, -4.94, 0.01806, 26, 20.95999, -23.45, 0.72131, 27, 9.62, -26.44, 0.2606, 2, 26, 49.42, -3.63, 0.00795, 27, 10.6, 8.22, 0.99204, 1, 27, 15.96, 0.74, 1, 2, 26, 43.77, -21.14, 0.08109, 27, 21.32, -6.73, 0.9189, 2, 26, 40.95, -29.9, 0.148, 27, 26.68, -14.2, 0.85199 ],
				"hull": 20,
				"edges": [ 0, 2, 2, 4, 4, 6, 6, 8, 8, 10, 10, 12, 12, 14, 14, 16, 16, 18, 18, 20, 20, 22, 22, 24, 24, 26, 26, 28, 28, 30, 30, 32, 32, 34, 34, 36, 36, 38, 38, 0 ],
				"width": 105,
				"height": 46
			}
		},
		"JL": {
			"change": { "name": "JL_damage", "x": -1.27, "y": 82.38, "rotation": 32.27, "width": 300, "height": 300 }
		},
		"JR": {
			"change": { "name": "JR_damage", "x": -25.27, "y": 39.42, "rotation": 17.1, "width": 300, "height": 300 }
		},
		"Rodney_body_normal": {
			"Body_Change": { "name": "Rodney_body_damage", "x": 131.3, "y": 10.78, "rotation": -90, "width": 300, "height": 300 }
		},
		"Rodney_ship_armor_normal": {
			"Ship_armor_normal": { "name": "Rodney_ship_armor_damage", "x": 49.21, "y": 31.3, "width": 300, "height": 300 }
		},
		"hand_L": {
			"change": { "name": "hand_L_damage", "x": -18.13, "y": 16.14, "rotation": 100.05, "width": 300, "height": 300 }
		},
		"hand_L2": {
			"change": { "name": "hand_L2_damage", "x": 6.55, "y": 50.29, "rotation": 25.14, "width": 300, "height": 300 }
		}
	},
	"normal": {
		"D": {
			"change": { "name": "D", "x": -13.62, "y": -89.16, "rotation": 91.78, "width": 300, "height": 300 }
		},
		"DL": {
			"change": {
				"name": "DL",
				"type": "weightedmesh",
				"uvs": [ 0, 0, 0.08316, 0, 0.16666, 0, 0.25894, 0, 0.33333, 0, 0.42623, 0, 0.5, 0, 0.5765, 0, 0.66666, 0, 0.74661, 0, 0.83333, 0, 0.91389, 0, 1, 0, 1, 0.16666, 1, 0.33333, 1, 0.5, 1, 0.66666, 1, 0.83333, 1, 1, 0.92807, 1, 0.83333, 1, 0.75228, 1, 0.66666, 1, 0.57933, 1, 0.5, 1, 0.41488, 1, 0.33333, 1, 0.25611, 1, 0.16666, 1, 0.08883, 1, 0, 1, 0, 0.83333, 0, 0.66666, 0, 0.5, 0, 0.33333, 0, 0.16666, 0.16666, 0.16666, 0.16666, 0.33333, 0.16666, 0.5, 0.16666, 0.66666, 0.16666, 0.83333, 0.33333, 0.16666, 0.33333, 0.33333, 0.33333, 0.5, 0.33333, 0.66666, 0.33333, 0.83333, 0.5, 0.16666, 0.5, 0.33333, 0.5, 0.5, 0.5, 0.66666, 0.5, 0.83333, 0.66666, 0.16666, 0.66666, 0.33333, 0.66666, 0.5, 0.66666, 0.66666, 0.66666, 0.83333, 0.83333, 0.16666, 0.83333, 0.33333, 0.83333, 0.5, 0.83333, 0.66666, 0.83333, 0.83333 ],
				"triangles": [ 35, 0, 1, 36, 2, 3, 1, 2, 36, 35, 1, 36, 41, 4, 5, 3, 4, 41, 36, 3, 41, 46, 6, 7, 5, 6, 46, 41, 5, 46, 51, 8, 9, 7, 8, 51, 46, 7, 51, 56, 10, 11, 9, 10, 56, 51, 9, 56, 11, 12, 13, 56, 11, 13, 34, 35, 36, 37, 36, 41, 34, 36, 37, 42, 41, 46, 37, 41, 42, 47, 46, 51, 42, 46, 47, 57, 52, 51, 47, 51, 52, 57, 56, 13, 57, 51, 56, 57, 13, 14, 33, 34, 37, 38, 37, 42, 33, 37, 38, 43, 42, 47, 38, 42, 43, 48, 47, 52, 43, 47, 48, 58, 53, 52, 48, 52, 53, 58, 57, 14, 58, 52, 57, 58, 14, 15, 32, 33, 38, 39, 38, 43, 32, 38, 39, 44, 43, 48, 39, 43, 44, 49, 48, 53, 44, 48, 49, 54, 53, 58, 49, 53, 54, 59, 58, 15, 54, 58, 59, 59, 15, 16, 40, 31, 32, 45, 40, 39, 40, 32, 39, 50, 45, 44, 45, 39, 44, 50, 49, 54, 50, 44, 49, 55, 54, 59, 50, 54, 55, 60, 59, 16, 55, 59, 60, 60, 16, 17, 29, 30, 31, 40, 29, 31, 27, 28, 40, 29, 40, 28, 45, 27, 40, 25, 26, 45, 27, 45, 26, 50, 25, 45, 23, 24, 50, 25, 50, 24, 55, 23, 50, 21, 22, 55, 23, 55, 22, 60, 21, 55, 19, 20, 60, 21, 60, 20, 17, 19, 60, 19, 17, 18 ],
				"vertices": [ 3, 9, 88.36, -57.06, 0, 28, 79.55, 14.01, 0.00551, 29, 37.21, -24.06, 0.99448, 3, 9, 80.42, -52.52, 0, 28, 71.33999, 9.97, 0.008, 29, 28.95, -20.12, 0.99198, 3, 9, 72.44, -47.96, 0, 28, 63.09, 5.92, 0.01645, 29, 20.66, -16.17, 0.98354, 2, 9, 63.63, -42.93, 0, 29, 11.5, -11.8, 1, 3, 9, 56.52, -38.87, 0, 28, 46.64, -2.16, 0.23576, 29, 4.11, -8.28, 0.76423, 2, 28, 37.47, -6.66, 0.61153, 29, -5.1, -3.88, 0.38846, 2, 9, 40.61, -29.77, 0.00205, 28, 30.19, -10.24, 0.99794, 2, 9, 33.3, -25.6, 0.0427, 28, 22.63, -13.96, 0.95729, 2, 9, 24.69, -20.67, 0.28957, 28, 13.73, -18.33, 0.71042, 2, 9, 17.04999, -16.31, 0.6689, 28, 5.84, -22.21, 0.33109, 2, 9, 8.77, -11.58, 0.94397, 28, -2.71, -26.42, 0.05602, 2, 9, 1.08, -7.18, 0.99959, 28, -10.66, -30.33, 4.0E-4, 1, 9, -7.14, -2.48, 1, 1, 9, -3.99, 3.01, 1, 1, 9, -0.85, 8.51, 1, 1, 9, 2.28, 14, 1, 1, 9, 5.42, 19.5, 1, 1, 9, 8.56, 25, 1, 1, 9, 11.71, 30.5, 1, 2, 9, 18.58, 26.58, 0.99682, 28, -28.83, 3.08, 0.00317, 2, 9, 27.62, 21.4, 0.92439, 28, -19.46999, 7.68, 0.0756, 2, 9, 35.36, 16.98, 0.70326, 28, -11.47, 11.61, 0.29673, 3, 9, 43.54, 12.31, 0.3435, 28, -3.02, 15.76, 0.65109, 29, -12.61, 41.79, 0.00539, 3, 9, 51.88, 7.54, 0.081, 28, 5.59, 20, 0.87179, 29, -3.94, 37.66, 0.0472, 3, 9, 59.46, 3.21, 0.00597, 28, 13.42, 23.85, 0.8374, 29, 3.92, 33.9, 0.15661, 2, 28, 21.83, 27.98, 0.61653, 29, 12.37, 29.87, 0.38346, 2, 28, 29.88, 31.94, 0.34351, 29, 20.46999, 26.01, 0.65648, 2, 28, 37.5, 35.68, 0.14342, 29, 28.14, 22.35, 0.85656, 2, 28, 46.33, 40.02, 0.02877, 29, 37.02, 18.12, 0.97122, 2, 28, 54.01, 43.8, 0.00254, 29, 44.75, 14.43, 0.99745, 1, 29, 53.57, 10.22999, 1, 1, 29, 50.84, 4.51, 1, 2, 9, 100.93, -35.06, 0, 29, 48.12, -1.2, 0.99999, 3, 9, 97.79, -40.56, 0, 28, 71.16, 31.06, 1.9E-4, 29, 45.39, -6.91, 0.9998, 3, 9, 94.64, -46.06, 0, 28, 73.96, 25.38, 0.00184, 29, 42.66, -12.63, 0.99815, 3, 9, 91.5, -51.56, 0, 28, 76.75, 19.69, 0.00403, 29, 39.93999, -18.35, 0.99596, 3, 9, 75.58, -42.46, 0, 28, 60.3, 11.61, 0.0105, 29, 23.39, -10.45, 0.98948, 3, 9, 78.73, -36.96, 0, 28, 57.5, 17.29, 6.2E-4, 29, 26.11, -4.73999, 0.99937, 1, 29, 28.84, 0.97, 1, 2, 28, 51.92, 28.66, 0.01737, 29, 31.57, 6.69, 0.98261, 2, 28, 49.12, 34.34, 0.02115, 29, 34.29, 12.4, 0.97884, 2, 28, 43.85, 3.52, 0.11478, 29, 6.84, -2.56, 0.88521, 2, 28, 41.05, 9.2, 0.04545, 29, 9.57, 3.14, 0.95454, 2, 28, 38.25999, 14.89, 0.04545, 29, 12.29, 8.85999, 0.95454, 2, 28, 35.46, 20.57, 0.22467, 29, 15.02, 14.58, 0.77532, 2, 28, 32.66999, 26.25, 0.36701, 29, 17.75, 20.29, 0.63298, 3, 9, 43.75, -24.27, 2.6E-4, 28, 27.39, -4.56, 0.9985, 29, -9.7, 5.32, 0.00122, 2, 28, 24.6, 1.11, 0.94209, 29, -6.97, 11.04, 0.0579, 2, 28, 21.8, 6.8, 0.86431, 29, -4.23999, 16.75, 0.13568, 2, 28, 19.01, 12.48, 0.79804, 29, -1.52, 22.47, 0.20195, 3, 9, 56.32, -2.28, 0.00196, 28, 16.21999, 18.17, 0.83878, 29, 1.2, 28.19, 0.15924, 2, 9, 27.83, -15.18, 0.18651, 28, 10.94, -12.65, 0.81348, 2, 9, 30.97, -9.68, 0.09611, 28, 8.14999, -6.96, 0.90388, 1, 28, 5.35, -1.28, 1, 3, 9, 37.25999, 1.30999, 0.3014, 28, 2.56, 4.4, 0.69758, 29, -18.07, 30.36, 0.001, 3, 9, 40.4, 6.81, 0.16342, 28, -0.23, 10.08, 0.82425, 29, -15.34, 36.08, 0.01232, 2, 9, 11.91, -6.08, 0.97453, 28, -5.5, -20.73, 0.02546, 1, 9, 15.06, -0.58, 1, 1, 9, 18.2, 4.91, 1, 2, 9, 21.34, 10.41, 0.97486, 28, -13.89, -3.68, 0.02513, 2, 9, 24.48, 15.91, 0.97957, 28, -16.68, 1.99, 0.02042 ],
				"hull": 36,
				"edges": [ 24, 26, 26, 28, 28, 30, 30, 32, 32, 34, 34, 36, 60, 62, 62, 64, 64, 66, 66, 68, 68, 70, 70, 0, 0, 2, 2, 4, 4, 6, 6, 8, 8, 10, 10, 12, 12, 14, 14, 16, 16, 18, 18, 20, 20, 22, 22, 24, 56, 58, 58, 60, 52, 54, 54, 56, 48, 50, 50, 52, 44, 46, 46, 48, 40, 42, 42, 44, 36, 38, 38, 40 ],
				"width": 110,
				"height": 38
			}
		},
		"DR": {
			"change": {
				"name": "DR",
				"type": "weightedmesh",
				"uvs": [ 0, 0, 0.2, 0, 0.4, 0, 0.6, 0, 0.8, 0, 1, 0, 1, 0.2, 1, 0.4, 1, 0.6, 1, 0.8, 1, 1, 0.8, 1, 0.6, 1, 0.4, 1, 0.2, 1, 0, 1, 0, 0.8, 0, 0.6, 0, 0.4, 0, 0.2, 0.2, 0.2, 0.2, 0.4, 0.2, 0.6, 0.2, 0.8, 0.4, 0.2, 0.4, 0.4, 0.4, 0.6, 0.4, 0.8, 0.6, 0.2, 0.6, 0.4, 0.6, 0.6, 0.6, 0.8, 0.8, 0.2, 0.8, 0.4, 0.8, 0.6, 0.8, 0.8 ],
				"triangles": [ 19, 0, 1, 20, 1, 2, 19, 1, 20, 24, 2, 3, 20, 2, 24, 28, 3, 4, 24, 3, 28, 32, 4, 5, 28, 4, 32, 32, 5, 6, 18, 19, 20, 21, 20, 24, 18, 20, 21, 25, 24, 28, 21, 24, 25, 29, 28, 32, 25, 28, 29, 33, 32, 6, 29, 32, 33, 33, 6, 7, 17, 18, 21, 22, 21, 25, 17, 21, 22, 26, 25, 29, 22, 25, 26, 30, 29, 33, 26, 29, 30, 34, 33, 7, 30, 33, 34, 34, 7, 8, 16, 17, 22, 23, 22, 26, 16, 22, 23, 27, 26, 30, 23, 26, 27, 31, 30, 34, 27, 30, 31, 35, 34, 8, 31, 34, 35, 35, 8, 9, 15, 16, 23, 14, 23, 27, 15, 23, 14, 13, 27, 31, 14, 27, 13, 12, 31, 35, 13, 31, 12, 11, 35, 9, 12, 35, 11, 11, 9, 10 ],
				"vertices": [ 1, 10, -5.5, 6.46, 1, 2, 10, 14.05, 14.09, 0.96252, 26, -7.7, 24.45, 0.03747, 2, 10, 33.62, 21.71, 0.22065, 26, 12.27, 18.01, 0.77934, 2, 26, 32.25999, 11.56, 0.90723, 27, -11.82, 3.46, 0.09276, 2, 26, 52.24, 5.11, 0.0324, 27, 5.23999, 15.69, 0.96759, 2, 26, 72.23, -1.32, 0, 27, 22.31, 27.93, 0.99999, 1, 27, 27.67, 20.45, 1, 1, 27, 33.03, 12.98, 1, 1, 27, 38.39, 5.5, 1, 1, 27, 43.75, -1.97, 1, 1, 27, 49.11, -9.43999, 1, 2, 26, 38.12, -38.66, 0.14227, 27, 32.04, -21.68, 0.85772, 3, 10, 69.89, -13.51, 0.03077, 26, 18.14, -32.21, 0.65942, 27, 14.98, -33.91999, 0.30978, 3, 10, 50.33, -21.14, 0.38408, 26, -1.84, -25.76, 0.59541, 27, -2.08, -46.15, 0.0205, 2, 10, 30.76, -28.76, 0.89981, 26, -21.83, -19.31, 0.10018, 1, 10, 11.2, -36.39, 1, 1, 10, 7.85, -27.82, 1, 1, 10, 4.51, -19.25, 1, 1, 10, 1.16999, -10.68, 1, 1, 10, -2.16, -2.09999, 1, 2, 10, 17.4, 5.51, 0.97893, 26, -10.53, 15.7, 0.02106, 1, 10, 20.74, -3.05, 1, 2, 10, 24.08, -11.62, 0.96972, 26, -16.18, -1.8, 0.03027, 2, 10, 27.42, -20.19, 0.8983, 26, -19, -10.56, 0.10169, 2, 10, 36.96, 13.14, 0.26236, 26, 9.45, 9.25, 0.73763, 1, 26, 6.62, 0.5, 1, 3, 10, 43.65, -3.99, 0.15644, 26, 3.8, -8.25, 0.83252, 27, -12.8, -31.2, 0.01102, 3, 10, 46.99, -12.56, 0.29438, 26, 0.97, -17.01, 0.67918, 27, -7.44, -38.68, 0.02643, 2, 26, 29.43, 2.8, 0.98121, 27, -6.46, -4.01, 0.01878, 2, 26, 26.61, -5.94, 0.81695, 27, -1.1, -11.49, 0.18304, 3, 10, 63.21, 3.63, 9.2E-4, 26, 23.78, -14.7, 0.68398, 27, 4.25, -18.95999, 0.31507, 3, 10, 66.55, -4.94, 0.01806, 26, 20.95999, -23.45, 0.72131, 27, 9.62, -26.44, 0.2606, 2, 26, 49.42, -3.63, 0.00795, 27, 10.6, 8.22, 0.99204, 1, 27, 15.96, 0.74, 1, 2, 26, 43.77, -21.14, 0.08109, 27, 21.32, -6.73, 0.9189, 2, 26, 40.95, -29.9, 0.148, 27, 26.68, -14.2, 0.85199 ],
				"hull": 20,
				"edges": [ 0, 2, 2, 4, 4, 6, 6, 8, 8, 10, 10, 12, 12, 14, 14, 16, 16, 18, 18, 20, 20, 22, 22, 24, 24, 26, 26, 28, 28, 30, 30, 32, 32, 34, 34, 36, 36, 38, 38, 0 ],
				"width": 105,
				"height": 46
			}
		},
		"JL": {
			"change": { "name": "JL", "x": -1.27, "y": 82.38, "rotation": 32.27, "width": 300, "height": 300 }
		},
		"JR": {
			"change": { "name": "JR", "x": -25.27, "y": 39.42, "rotation": 17.1, "width": 300, "height": 300 }
		},
		"Rodney_body_normal": {
			"Body_Change": { "name": "Rodney_body_normal", "x": 131.3, "y": 10.78, "rotation": -90, "width": 300, "height": 300 }
		},
		"Rodney_ship_armor_normal": {
			"Ship_armor_normal": { "name": "Rodney_ship_armor_normal", "x": 49.21, "y": 31.3, "width": 300, "height": 300 }
		},
		"hand_L": {
			"change": { "name": "hand_L", "x": -18.13, "y": 16.14, "rotation": 100.05, "width": 300, "height": 300 }
		},
		"hand_L2": {
			"change": { "name": "hand_L2", "x": 6.55, "y": 50.29, "rotation": 25.14, "width": 300, "height": 300 }
		}
	}
},
"events": {
	"Antiaircraft": {},
	"attack_point": {},
	"damage_point": {},
	"throw_point": {}
},
"animations": {
	"Antiaircraft": {
		"slots": {
			"BOW": {
				"color": [
					{ "time": 0, "color": "ffffff45" },
					{ "time": 1, "color": "ffffff89" },
					{ "time": 2, "color": "ffffff45" }
				]
			},
			"D_light": {
				"color": [
					{ "time": 0.0666, "color": "fffffffd" },
					{ "time": 0.1666, "color": "ffffff00" },
					{ "time": 0.2, "color": "ffffffff" },
					{ "time": 0.3333, "color": "ffffff00" },
					{ "time": 0.3666, "color": "ffffffff" },
					{ "time": 0.4666, "color": "ffffff00" },
					{ "time": 0.6, "color": "ffffffff" },
					{ "time": 0.7333, "color": "ffffff00" },
					{ "time": 0.8, "color": "ffffffff" },
					{ "time": 0.9, "color": "ffffff00" },
					{ "time": 0.9666, "color": "ffffffff" },
					{ "time": 1.1, "color": "ffffff00" },
					{ "time": 1.1333, "color": "ffffffff" },
					{ "time": 1.2333, "color": "ffffff00" },
					{ "time": 1.3666, "color": "ffffffff" },
					{ "time": 1.4666, "color": "ffffff00" },
					{ "time": 1.5333, "color": "ffffffff" },
					{ "time": 1.6333, "color": "ffffff00" },
					{ "time": 1.7, "color": "ffffffff" },
					{ "time": 1.8333, "color": "ffffff00" },
					{ "time": 1.8666, "color": "ffffffff" },
					{ "time": 1.9666, "color": "ffffff00" }
				],
				"attachment": [
					{ "time": 0, "name": null },
					{ "time": 0.0666, "name": "D_light" }
				]
			},
			"GJ_R_light": {
				"color": [
					{ "time": 0.0666, "color": "fffffffd" },
					{ "time": 0.1666, "color": "ffffff00" },
					{ "time": 0.2, "color": "ffffffff" },
					{ "time": 0.3333, "color": "ffffff00" },
					{ "time": 0.3666, "color": "ffffffff" },
					{ "time": 0.4666, "color": "ffffff00" },
					{ "time": 0.6, "color": "ffffffff" },
					{ "time": 0.7333, "color": "ffffff00" },
					{ "time": 0.8, "color": "ffffffff" },
					{ "time": 0.9, "color": "ffffff00" },
					{ "time": 0.9666, "color": "ffffffff" },
					{ "time": 1.1, "color": "ffffff00" },
					{ "time": 1.1333, "color": "ffffffff" },
					{ "time": 1.2333, "color": "ffffff00" },
					{ "time": 1.3666, "color": "ffffffff" },
					{ "time": 1.4666, "color": "ffffff00" },
					{ "time": 1.5333, "color": "ffffffff" },
					{ "time": 1.6333, "color": "ffffff00" },
					{ "time": 1.7, "color": "ffffffff" },
					{ "time": 1.8333, "color": "ffffff00" },
					{ "time": 1.8666, "color": "ffffffff" },
					{ "time": 1.9666, "color": "ffffff00" }
				],
				"attachment": [
					{ "time": 0, "name": null },
					{ "time": 0.0666, "name": "GJ_R_light" }
				]
			},
			"Light_Body": {
				"color": [
					{ "time": 0.0666, "color": "fffffffd" },
					{ "time": 0.1666, "color": "ffffff00" },
					{ "time": 0.2, "color": "ffffffff" },
					{ "time": 0.3333, "color": "ffffff00" },
					{ "time": 0.3666, "color": "ffffffff" },
					{ "time": 0.4666, "color": "ffffff00" },
					{ "time": 0.6, "color": "ffffffff" },
					{ "time": 0.7333, "color": "ffffff00" },
					{ "time": 0.8, "color": "ffffffff" },
					{ "time": 0.9, "color": "ffffff00" },
					{ "time": 0.9666, "color": "ffffffff" },
					{ "time": 1.1, "color": "ffffff00" },
					{ "time": 1.1333, "color": "ffffffff" },
					{ "time": 1.2333, "color": "ffffff00" },
					{ "time": 1.3666, "color": "ffffffff" },
					{ "time": 1.4666, "color": "ffffff00" },
					{ "time": 1.5333, "color": "ffffffff" },
					{ "time": 1.6333, "color": "ffffff00" },
					{ "time": 1.7, "color": "ffffffff" },
					{ "time": 1.8333, "color": "ffffff00" },
					{ "time": 1.8666, "color": "ffffffff" },
					{ "time": 1.9666, "color": "ffffff00" }
				],
				"attachment": [
					{ "time": 0, "name": null },
					{ "time": 0.0666, "name": "Rodney_ship_body_normal_light" },
					{ "time": 0.5, "name": "Rodney_ship_body_normal_light" },
					{ "time": 1.2666, "name": "Rodney_ship_body_normal_light" },
					{ "time": 2, "name": null }
				]
			},
			"Rodney_body_normal": {
				"attachment": [
					{ "time": 0, "name": "Body_Change" }
				]
			},
			"Rodney_ship_armor_normal": {
				"attachment": [
					{ "time": 0, "name": "Ship_armor_normal" }
				]
			},
			"ZZ_light": {
				"color": [
					{ "time": 0.0666, "color": "fffffffd" },
					{ "time": 0.1666, "color": "ffffff00" },
					{ "time": 0.2, "color": "ffffffff" },
					{ "time": 0.3333, "color": "ffffff00" },
					{ "time": 0.3666, "color": "ffffffff" },
					{ "time": 0.4666, "color": "ffffff00" },
					{ "time": 0.6, "color": "ffffffff" },
					{ "time": 0.7333, "color": "ffffff00" },
					{ "time": 0.8, "color": "ffffffff" },
					{ "time": 0.9, "color": "ffffff00" },
					{ "time": 0.9666, "color": "ffffffff" },
					{ "time": 1.1, "color": "ffffff00" },
					{ "time": 1.1333, "color": "ffffffff" },
					{ "time": 1.2333, "color": "ffffff00" },
					{ "time": 1.3666, "color": "ffffffff" },
					{ "time": 1.4666, "color": "ffffff00" },
					{ "time": 1.5333, "color": "ffffffff" },
					{ "time": 1.6333, "color": "ffffff00" },
					{ "time": 1.7, "color": "ffffffff" },
					{ "time": 1.8333, "color": "ffffff00" },
					{ "time": 1.8666, "color": "ffffffff" },
					{ "time": 1.9666, "color": "ffffff00" }
				],
				"attachment": [
					{ "time": 0, "name": null },
					{ "time": 0.0666, "name": "ZZ_light" }
				]
			},
			"head_light": {
				"color": [
					{ "time": 0.0666, "color": "fffffffd" },
					{ "time": 0.1666, "color": "ffffff00" },
					{ "time": 0.2, "color": "ffffffff" },
					{ "time": 0.3333, "color": "ffffff00" },
					{ "time": 0.3666, "color": "ffffffff" },
					{ "time": 0.4666, "color": "ffffff00" },
					{ "time": 0.6, "color": "ffffffff" },
					{ "time": 0.7333, "color": "ffffff00" },
					{ "time": 0.8, "color": "ffffffff" },
					{ "time": 0.9, "color": "ffffff00" },
					{ "time": 0.9666, "color": "ffffffff" },
					{ "time": 1.1, "color": "ffffff00" },
					{ "time": 1.1333, "color": "ffffffff" },
					{ "time": 1.2333, "color": "ffffff00" },
					{ "time": 1.3666, "color": "ffffffff" },
					{ "time": 1.4666, "color": "ffffff00" },
					{ "time": 1.5333, "color": "ffffffff" },
					{ "time": 1.6333, "color": "ffffff00" },
					{ "time": 1.7, "color": "ffffffff" },
					{ "time": 1.8333, "color": "ffffff00" },
					{ "time": 1.8666, "color": "ffffffff" },
					{ "time": 1.9666, "color": "ffffff00" }
				],
				"attachment": [
					{ "time": 0, "name": null },
					{ "time": 0.0666, "name": "head_light" }
				]
			}
		},
		"bones": {
			"Body": {
				"rotate": [
					{ "time": 0, "angle": 0, "curve": "stepped" },
					{ "time": 2, "angle": 0 }
				],
				"translate": [
					{ "time": 0, "x": 0, "y": 0, "curve": "stepped" },
					{ "time": 2, "x": 0, "y": 0 }
				]
			},
			"Ship": {
				"rotate": [
					{ "time": 0, "angle": 0, "curve": "stepped" },
					{ "time": 2, "angle": 0 }
				],
				"translate": [
					{
						"time": 0,
						"x": 0,
						"y": 0,
						"curve": [ 0.331, 0.33, 0.664, 0.66 ]
					},
					{
						"time": 1,
						"x": -4.17,
						"y": 0,
						"curve": [ 0.331, 0.33, 0.664, 0.66 ]
					},
					{ "time": 2, "x": 0, "y": 0 }
				]
			},
			"Root_All": {
				"rotate": [
					{ "time": 0, "angle": 0, "curve": "stepped" },
					{ "time": 2, "angle": 0 }
				],
				"translate": [
					{
						"time": 0,
						"x": 0,
						"y": 0,
						"curve": [ 0.255, 0.35, 0.6, 0.7 ]
					},
					{
						"time": 0.5,
						"x": 0,
						"y": -9.82,
						"curve": [ 0.3, 0.39, 0.641, 0.74 ]
					},
					{
						"time": 1,
						"x": 0,
						"y": -15.66,
						"curve": [ 0.322, 0.37, 0.652, 0.7 ]
					},
					{
						"time": 1.5,
						"x": 0,
						"y": -7.79,
						"curve": [ 0.314, 0.36, 0.644, 0.68 ]
					},
					{ "time": 2, "x": 0, "y": 0 }
				]
			},
			"Ship_All": {
				"rotate": [
					{ "time": 0, "angle": 0, "curve": "stepped" },
					{ "time": 2, "angle": 0 }
				],
				"translate": [
					{ "time": 0, "x": 0, "y": 0, "curve": "stepped" },
					{ "time": 2, "x": 0, "y": 0 }
				]
			},
			"Face": {
				"rotate": [
					{ "time": 0, "angle": 0, "curve": "stepped" },
					{ "time": 2, "angle": 0 }
				],
				"translate": [
					{
						"time": 0,
						"x": 0,
						"y": 0,
						"curve": [ 0.286, 0.34, 0.623, 0.67 ]
					},
					{
						"time": 0.5,
						"x": 0.64,
						"y": 0,
						"curve": [ 0.282, 0.37, 0.624, 0.71 ]
					},
					{
						"time": 1.5,
						"x": -1.28,
						"y": 0,
						"curve": [ 0.321, 0.37, 0.656, 0.71 ]
					},
					{ "time": 2, "x": 0, "y": 0 }
				]
			},
			"Head": {
				"rotate": [
					{ "time": 0, "angle": 0 },
					{ "time": 0.5, "angle": -2.11 },
					{ "time": 1, "angle": 0 },
					{ "time": 1.5, "angle": 2.42 },
					{ "time": 2, "angle": 0 }
				],
				"translate": [
					{ "time": 0, "x": 0, "y": 0, "curve": "stepped" },
					{ "time": 1, "x": 0, "y": 0, "curve": "stepped" },
					{ "time": 2, "x": 0, "y": 0 }
				]
			},
			"Hand_R": {
				"rotate": [
					{ "time": 0, "angle": 0, "curve": "stepped" },
					{ "time": 2, "angle": 0 }
				],
				"translate": [
					{ "time": 0, "x": 0, "y": 0 },
					{ "time": 1, "x": 1.74, "y": 0 },
					{ "time": 2, "x": 0, "y": 0 }
				]
			},
			"Hand_L": {
				"rotate": [
					{ "time": 0, "angle": 0 },
					{ "time": 1, "angle": 4.02 },
					{ "time": 2, "angle": 0 }
				],
				"translate": [
					{ "time": 0, "x": 0, "y": 0, "curve": "stepped" },
					{ "time": 2, "x": 0, "y": 0 }
				]
			},
			"Throw_Point": {
				"rotate": [
					{ "time": 0, "angle": 0, "curve": "stepped" },
					{ "time": 2, "angle": 0 }
				],
				"translate": [
					{ "time": 0, "x": 0, "y": 0, "curve": "stepped" },
					{ "time": 2, "x": 0, "y": 0 }
				]
			},
			"Smoke_R1": {
				"rotate": [
					{ "time": 0, "angle": 0, "curve": "stepped" },
					{ "time": 2, "angle": 0 }
				],
				"translate": [
					{ "time": 0, "x": 0, "y": 0, "curve": "stepped" },
					{ "time": 2, "x": 0, "y": 0 }
				]
			},
			"Smoke_L1": {
				"rotate": [
					{ "time": 0, "angle": 0, "curve": "stepped" },
					{ "time": 2, "angle": 0 }
				],
				"translate": [
					{ "time": 0, "x": 0, "y": 0, "curve": "stepped" },
					{ "time": 2, "x": 0, "y": 0 }
				]
			},
			"JR": {
				"rotate": [
					{ "time": 0, "angle": 0 },
					{ "time": 1, "angle": -6.63 },
					{ "time": 2, "angle": 0 }
				],
				"translate": [
					{ "time": 0, "x": 0, "y": 0, "curve": "stepped" },
					{ "time": 2, "x": 0, "y": 0 }
				]
			},
			"JL": {
				"rotate": [
					{ "time": 0, "angle": 0 },
					{ "time": 1, "angle": 8.96 },
					{ "time": 2, "angle": 0 }
				],
				"translate": [
					{ "time": 0, "x": 0, "y": 0 },
					{ "time": 1, "x": 0, "y": 4.17 },
					{ "time": 2, "x": 0, "y": 0 }
				]
			},
			"GJ_R": {
				"rotate": [
					{ "time": 0, "angle": 0 },
					{ "time": 0.6666, "angle": 9.83 },
					{ "time": 1.3333, "angle": -10.78 },
					{ "time": 2, "angle": 0 }
				],
				"translate": [
					{ "time": 0, "x": 0, "y": 0, "curve": "stepped" },
					{ "time": 2, "x": 0, "y": 0 }
				]
			},
			"GJ_L": {
				"rotate": [
					{ "time": 0, "angle": 0 },
					{ "time": 0.6666, "angle": -14.36 },
					{ "time": 1.3333, "angle": 11.39 },
					{ "time": 2, "angle": 0 }
				],
				"translate": [
					{ "time": 0, "x": 0, "y": 0, "curve": "stepped" },
					{ "time": 2, "x": 0, "y": 0 }
				]
			},
			"ZP": {
				"rotate": [
					{ "time": 0, "angle": 0 },
					{ "time": 1, "angle": 6.86 },
					{ "time": 2, "angle": 0 }
				],
				"translate": [
					{ "time": 0, "x": 0, "y": 0, "curve": "stepped" },
					{ "time": 2, "x": 0, "y": 0 }
				]
			},
			"D": {
				"rotate": [
					{ "time": 0, "angle": 0 },
					{ "time": 0.6666, "angle": -5.85 },
					{ "time": 1.3333, "angle": 2.43 },
					{ "time": 2, "angle": 0 }
				],
				"translate": [
					{ "time": 0, "x": 0, "y": 0, "curve": "stepped" },
					{ "time": 2, "x": 0, "y": 0 }
				]
			},
			"Z": {
				"rotate": [
					{ "time": 0, "angle": 0 },
					{ "time": 1, "angle": 1.52 },
					{ "time": 2, "angle": 0 }
				],
				"translate": [
					{ "time": 0, "x": 0, "y": 0, "curve": "stepped" },
					{ "time": 2, "x": 0, "y": 0 }
				]
			},
			"hand_L2": {
				"rotate": [
					{ "time": 0, "angle": 0 },
					{ "time": 1, "angle": -3.51 },
					{ "time": 2, "angle": 0 }
				],
				"translate": [
					{ "time": 0, "x": 0, "y": 0, "curve": "stepped" },
					{ "time": 2, "x": 0, "y": 0 }
				]
			},
			"Expression": {
				"rotate": [
					{ "time": 0, "angle": 0, "curve": "stepped" },
					{ "time": 2, "angle": 0 }
				],
				"translate": [
					{ "time": 0, "x": 0, "y": 0, "curve": "stepped" },
					{ "time": 2, "x": 0, "y": 0 }
				]
			},
			"Dialogue": {
				"rotate": [
					{ "time": 0, "angle": 0, "curve": "stepped" },
					{ "time": 2, "angle": 0 }
				],
				"translate": [
					{ "time": 0, "x": 0, "y": 0, "curve": "stepped" },
					{ "time": 2, "x": 0, "y": 0 }
				]
			},
			"Damage_Point": {
				"rotate": [
					{ "time": 0, "angle": 0, "curve": "stepped" },
					{ "time": 2, "angle": 0 }
				],
				"translate": [
					{ "time": 0, "x": 0, "y": 0, "curve": "stepped" },
					{ "time": 2, "x": 0, "y": 0 }
				]
			},
			"bone3": {
				"rotate": [
					{ "time": 0, "angle": 0 },
					{ "time": 1, "angle": -12.97 },
					{ "time": 2, "angle": 0 }
				],
				"translate": [
					{ "time": 0, "x": 0, "y": 0, "curve": "stepped" },
					{ "time": 2, "x": 0, "y": 0 }
				]
			},
			"bone2": {
				"rotate": [
					{ "time": 0, "angle": 0 },
					{ "time": 1, "angle": 9.3 },
					{ "time": 2, "angle": 0 }
				],
				"translate": [
					{ "time": 0, "x": 0, "y": 0, "curve": "stepped" },
					{ "time": 2, "x": 0, "y": 0 }
				]
			},
			"DR": {
				"rotate": [
					{ "time": 0, "angle": 0 },
					{ "time": 1, "angle": 2.8 },
					{ "time": 2, "angle": 0 }
				],
				"translate": [
					{ "time": 0, "x": 0, "y": 0, "curve": "stepped" },
					{ "time": 2, "x": 0, "y": 0 }
				]
			},
			"bone5": {
				"rotate": [
					{ "time": 0, "angle": 0 },
					{ "time": 1, "angle": 7.65 },
					{ "time": 2, "angle": 0 }
				],
				"translate": [
					{ "time": 0, "x": 0, "y": 0, "curve": "stepped" },
					{ "time": 2, "x": 0, "y": 0 }
				]
			},
			"bone4": {
				"rotate": [
					{ "time": 0, "angle": 0 },
					{ "time": 1, "angle": -5.29 },
					{ "time": 2, "angle": 0 }
				],
				"translate": [
					{ "time": 0, "x": 0, "y": 0, "curve": "stepped" },
					{ "time": 2, "x": 0, "y": 0 }
				]
			},
			"DL": {
				"rotate": [
					{ "time": 0, "angle": 0 },
					{ "time": 1, "angle": -5.29 },
					{ "time": 2, "angle": 0 }
				],
				"translate": [
					{ "time": 0, "x": 0, "y": 0, "curve": "stepped" },
					{ "time": 2, "x": 0, "y": 0 }
				]
			},
			"Attack_Point": {
				"rotate": [
					{ "time": 0, "angle": 0, "curve": "stepped" },
					{ "time": 2, "angle": 0 }
				],
				"translate": [
					{ "time": 0, "x": 0, "y": 0, "curve": "stepped" },
					{ "time": 2, "x": 0, "y": 0 }
				]
			},
			"Antiaircraft": {
				"rotate": [
					{ "time": 0, "angle": 0, "curve": "stepped" },
					{ "time": 2, "angle": 0 }
				],
				"translate": [
					{ "time": 0, "x": 0, "y": 0, "curve": "stepped" },
					{ "time": 2, "x": 0, "y": 0 }
				]
			}
		},
		"events": [
			{ "time": 0.0666, "name": "Antiaircraft" }
		]
	},
	"attack": {
		"slots": {
			"BOW": {
				"color": [
					{ "time": 0, "color": "ffffff45" },
					{ "time": 0.3333, "color": "ffffff8c" },
					{ "time": 0.8333, "color": "ffffff9d" },
					{ "time": 1.1666, "color": "ffffff2d" },
					{ "time": 1.6666, "color": "ffffff45" }
				]
			},
			"D_light": {
				"color": [
					{ "time": 0.5333, "color": "fffffffb" },
					{ "time": 0.8333, "color": "ffffff00" }
				],
				"attachment": [
					{ "time": 0, "name": null },
					{ "time": 0.0666, "name": "D_light" }
				]
			},
			"GJ_R_light": {
				"color": [
					{ "time": 0.5333, "color": "fffffffb" },
					{ "time": 0.8333, "color": "ffffff00" }
				],
				"attachment": [
					{ "time": 0, "name": null },
					{ "time": 0.0666, "name": "GJ_R_light" }
				]
			},
			"Light_Body": {
				"color": [
					{ "time": 0.5333, "color": "fffffffb" },
					{ "time": 0.8333, "color": "ffffff00" }
				],
				"attachment": [
					{ "time": 0, "name": null },
					{ "time": 0.0666, "name": "Rodney_ship_body_normal_light" }
				]
			},
			"Rodney_body_normal": {
				"attachment": [
					{ "time": 0, "name": "Body_Change" },
					{ "time": 0.9, "name": "Body_Change" }
				]
			},
			"Rodney_ship_armor_normal": {
				"attachment": [
					{ "time": 0, "name": "Ship_armor_normal" },
					{ "time": 0.9, "name": "Ship_armor_normal" },
					{ "time": 1.6666, "name": "Ship_armor_normal" }
				]
			},
			"ZZ_light": {
				"color": [
					{ "time": 0.5333, "color": "fffffffb" },
					{ "time": 0.8333, "color": "ffffff00" }
				],
				"attachment": [
					{ "time": 0, "name": null },
					{ "time": 0.0666, "name": "ZZ_light" }
				]
			},
			"head_light": {
				"color": [
					{ "time": 0.5333, "color": "fffffffb" },
					{ "time": 0.8333, "color": "ffffff00" }
				],
				"attachment": [
					{ "time": 0, "name": null },
					{ "time": 0.0666, "name": "head_light" }
				]
			}
		},
		"bones": {
			"Root_All": {
				"rotate": [
					{ "time": 0, "angle": 0, "curve": "stepped" },
					{ "time": 1.6666, "angle": 0 }
				],
				"translate": [
					{
						"time": 0,
						"x": 0,
						"y": 0,
						"curve": [ 0.255, 0.35, 0.6, 0.7 ]
					},
					{ "time": 0.0666, "x": 8.69, "y": 0 },
					{ "time": 0.1666, "x": -87.44, "y": 0 },
					{ "time": 0.3333, "x": -61.04, "y": 0 },
					{ "time": 0.5333, "x": -69.84, "y": 0 },
					{ "time": 1, "x": -85.6, "y": 0 },
					{ "time": 1.4, "x": 15.07, "y": 0 },
					{ "time": 1.6666, "x": 0, "y": 0 }
				]
			},
			"Ship": {
				"rotate": [
					{
						"time": 0,
						"angle": 0,
						"curve": [ 0.279, 0.34, 0.617, 0.68 ]
					},
					{
						"time": 0.5,
						"angle": -353.63,
						"curve": [ 0.301, 0.35, 0.638, 0.69 ]
					},
					{
						"time": 1,
						"angle": -363.34,
						"curve": [ 0.309, 0.39, 0.648, 0.73 ]
					},
					{ "time": 1.6666, "angle": 0 }
				],
				"translate": [
					{
						"time": 0,
						"x": 0,
						"y": 0,
						"curve": [ 0.329, 0.33, 0.662, 0.66 ]
					},
					{
						"time": 0.5,
						"x": -3.58,
						"y": 0,
						"curve": [ 0.329, 0.33, 0.662, 0.66 ]
					},
					{
						"time": 1,
						"x": -2.02,
						"y": -3.58,
						"curve": [ 0.328, 0.33, 0.661, 0.66 ]
					},
					{ "time": 1.6666, "x": 0, "y": 0 }
				]
			},
			"Face": {
				"rotate": [
					{ "time": 0, "angle": 0, "curve": "stepped" },
					{ "time": 1.6666, "angle": 0 }
				],
				"translate": [
					{
						"time": 0,
						"x": 0,
						"y": 0,
						"curve": [ 0.286, 0.34, 0.623, 0.67 ]
					},
					{ "time": 0.1666, "x": 0, "y": 3.4 },
					{ "time": 0.3333, "x": 0, "y": -0.66 },
					{ "time": 0.9, "x": 0, "y": -1.2 },
					{ "time": 1, "x": 0, "y": -0.44 },
					{ "time": 1.6666, "x": 0, "y": 0 }
				]
			},
			"Ship_All": {
				"rotate": [
					{ "time": 0, "angle": 0, "curve": "stepped" },
					{ "time": 1.6666, "angle": 0 }
				],
				"translate": [
					{ "time": 0, "x": 0, "y": 0, "curve": "stepped" },
					{ "time": 1.6666, "x": 0, "y": 0 }
				]
			},
			"Body": {
				"rotate": [
					{ "time": 0, "angle": 0, "curve": "stepped" },
					{ "time": 1.6666, "angle": 0 }
				],
				"translate": [
					{ "time": 0, "x": 0, "y": 0, "curve": "stepped" },
					{ "time": 1.6666, "x": 0, "y": 0 }
				]
			},
			"Attack_Point": {
				"rotate": [
					{ "time": 0, "angle": 0, "curve": "stepped" },
					{ "time": 0.0666, "angle": 0, "curve": "stepped" },
					{ "time": 1.6666, "angle": 0 }
				],
				"translate": [
					{ "time": 0, "x": 0, "y": 0, "curve": "stepped" },
					{ "time": 0.0666, "x": 0, "y": 0, "curve": "stepped" },
					{ "time": 1.6666, "x": 0, "y": 0 }
				]
			},
			"Head": {
				"rotate": [
					{ "time": 0, "angle": 0 },
					{ "time": 0.8333, "angle": -5.02 },
					{ "time": 1.3333, "angle": 1.69 },
					{ "time": 1.6666, "angle": 0 }
				],
				"translate": [
					{ "time": 0, "x": 0, "y": 0, "curve": "stepped" },
					{ "time": 1.6666, "x": 0, "y": 0 }
				]
			},
			"Hand_R": {
				"rotate": [
					{ "time": 0, "angle": 0 },
					{ "time": 0.3333, "angle": 11.6 },
					{ "time": 1.3333, "angle": -11.27 },
					{ "time": 1.6666, "angle": 0 }
				],
				"translate": [
					{ "time": 0, "x": 0, "y": 0 },
					{ "time": 0.3333, "x": 1.3, "y": 0 },
					{ "time": 1.3333, "x": -0.55, "y": 0 },
					{ "time": 1.6666, "x": 0, "y": 0 }
				]
			},
			"Hand_L": {
				"rotate": [
					{ "time": 0, "angle": 0 },
					{ "time": 0.3333, "angle": -6.87 },
					{ "time": 1, "angle": 4.74 },
					{ "time": 1.6666, "angle": 0 }
				],
				"translate": [
					{ "time": 0, "x": 0, "y": 0, "curve": "stepped" },
					{ "time": 1.6666, "x": 0, "y": 0 }
				]
			},
			"Throw_Point": {
				"rotate": [
					{ "time": 0, "angle": 0, "curve": "stepped" },
					{ "time": 1.6666, "angle": 0 }
				],
				"translate": [
					{ "time": 0, "x": 0, "y": 0, "curve": "stepped" },
					{ "time": 1.6666, "x": 0, "y": 0 }
				]
			},
			"Smoke_R1": {
				"rotate": [
					{ "time": 0, "angle": 0, "curve": "stepped" },
					{ "time": 1.6666, "angle": 0 }
				],
				"translate": [
					{ "time": 0, "x": 0, "y": 0, "curve": "stepped" },
					{ "time": 1.6666, "x": 0, "y": 0 }
				]
			},
			"Smoke_L1": {
				"rotate": [
					{ "time": 0, "angle": 0, "curve": "stepped" },
					{ "time": 1.6666, "angle": 0 }
				],
				"translate": [
					{ "time": 0, "x": 0, "y": 0, "curve": "stepped" },
					{ "time": 1.6666, "x": 0, "y": 0 }
				]
			},
			"JR": {
				"rotate": [
					{ "time": 0, "angle": 0 },
					{ "time": 0.6666, "angle": 11.65 },
					{ "time": 1.1666, "angle": -4.84 },
					{ "time": 1.6666, "angle": 0 }
				],
				"translate": [
					{ "time": 0, "x": 0, "y": 0 },
					{ "time": 0.6666, "x": -6.85, "y": 0.33 },
					{ "time": 1.1666, "x": 1.37, "y": 0.36 },
					{ "time": 1.6666, "x": 0, "y": 0 }
				]
			},
			"JL": {
				"rotate": [
					{ "time": 0, "angle": 0 },
					{ "time": 0.6666, "angle": 14.38 },
					{ "time": 1.1666, "angle": -2.57 },
					{ "time": 1.6666, "angle": 0 }
				],
				"translate": [
					{ "time": 0, "x": 0, "y": 0 },
					{ "time": 0.6666, "x": -3.42, "y": 0.16 },
					{ "time": 1.1666, "x": 2.39, "y": 0.25 },
					{ "time": 1.6666, "x": 0, "y": 0 }
				]
			},
			"GJ_R": {
				"rotate": [
					{ "time": 0, "angle": 0 },
					{ "time": 0.3333, "angle": 32.87 },
					{ "time": 0.5, "angle": 21.59 },
					{ "time": 0.9333, "angle": -18.33 },
					{ "time": 1.1666, "angle": 11.23 },
					{ "time": 1.6666, "angle": 0 }
				],
				"translate": [
					{ "time": 0, "x": 0, "y": 0, "curve": "stepped" },
					{ "time": 1.6666, "x": 0, "y": 0 }
				]
			},
			"GJ_L": {
				"rotate": [
					{ "time": 0, "angle": 0 },
					{ "time": 0.5, "angle": 23.37 },
					{ "time": 1.0666, "angle": -14.61 },
					{ "time": 1.6666, "angle": 0 }
				],
				"translate": [
					{ "time": 0, "x": 0, "y": 0, "curve": "stepped" },
					{ "time": 1.6666, "x": 0, "y": 0 }
				]
			},
			"ZP": {
				"rotate": [
					{ "time": 0, "angle": 0 },
					{ "time": 0.3333, "angle": 14.1 },
					{ "time": 1.6666, "angle": 0 }
				],
				"translate": [
					{ "time": 0, "x": 0, "y": 0 },
					{ "time": 0.3333, "x": 1.43, "y": -4.73 },
					{ "time": 0.6666, "x": 0.04, "y": -2.38 },
					{ "time": 1.6666, "x": 0, "y": 0 }
				]
			},
			"D": {
				"rotate": [
					{ "time": 0, "angle": 0 },
					{ "time": 0.3333, "angle": -10.17 },
					{ "time": 0.6666, "angle": 6.61 },
					{ "time": 1.1666, "angle": -4.75 },
					{ "time": 1.6666, "angle": 0 }
				],
				"translate": [
					{ "time": 0, "x": 0, "y": 0, "curve": "stepped" },
					{ "time": 1.6666, "x": 0, "y": 0 }
				]
			},
			"Z": {
				"rotate": [
					{ "time": 0, "angle": 0 },
					{ "time": 0.3333, "angle": 5.74 },
					{ "time": 1.1666, "angle": -2.19 },
					{ "time": 1.6666, "angle": 0 }
				],
				"translate": [
					{ "time": 0, "x": 0, "y": 0, "curve": "stepped" },
					{ "time": 1.6666, "x": 0, "y": 0 }
				]
			},
			"hand_L2": {
				"rotate": [
					{ "time": 0, "angle": 0 },
					{ "time": 0.3333, "angle": -3.77 },
					{ "time": 1.6666, "angle": 0 }
				],
				"translate": [
					{ "time": 0, "x": 0, "y": 0, "curve": "stepped" },
					{ "time": 1.6666, "x": 0, "y": 0 }
				]
			},
			"Expression": {
				"rotate": [
					{ "time": 0, "angle": 0, "curve": "stepped" },
					{ "time": 1.6666, "angle": 0 }
				],
				"translate": [
					{ "time": 0, "x": 0, "y": 0, "curve": "stepped" },
					{ "time": 1.6666, "x": 0, "y": 0 }
				]
			},
			"Dialogue": {
				"rotate": [
					{ "time": 0, "angle": 0, "curve": "stepped" },
					{ "time": 1.6666, "angle": 0 }
				],
				"translate": [
					{ "time": 0, "x": 0, "y": 0, "curve": "stepped" },
					{ "time": 1.6666, "x": 0, "y": 0 }
				]
			},
			"Damage_Point": {
				"rotate": [
					{ "time": 0, "angle": 0, "curve": "stepped" },
					{ "time": 1.6666, "angle": 0 }
				],
				"translate": [
					{ "time": 0, "x": 0, "y": 0, "curve": "stepped" },
					{ "time": 1.6666, "x": 0, "y": 0 }
				]
			},
			"bone3": {
				"rotate": [
					{ "time": 0, "angle": 0 },
					{ "time": 0.5, "angle": 6.68 },
					{ "time": 1.1666, "angle": -5.06 },
					{ "time": 1.6666, "angle": 0 }
				],
				"translate": [
					{ "time": 0, "x": 0, "y": 0, "curve": "stepped" },
					{ "time": 1.6666, "x": 0, "y": 0 }
				]
			},
			"bone2": {
				"rotate": [
					{ "time": 0, "angle": 0 },
					{ "time": 0.5, "angle": 18.32 },
					{ "time": 1.1666, "angle": -5.06 },
					{ "time": 1.6666, "angle": 0 }
				],
				"translate": [
					{ "time": 0, "x": 0, "y": 0, "curve": "stepped" },
					{ "time": 1.6666, "x": 0, "y": 0 }
				]
			},
			"DR": {
				"rotate": [
					{ "time": 0, "angle": 0 },
					{ "time": 0.5, "angle": 6.68 },
					{ "time": 1.1666, "angle": -5.06 },
					{ "time": 1.6666, "angle": 0 }
				],
				"translate": [
					{ "time": 0, "x": 0, "y": 0, "curve": "stepped" },
					{ "time": 1.6666, "x": 0, "y": 0 }
				]
			},
			"bone5": {
				"rotate": [
					{ "time": 0, "angle": 0 },
					{ "time": 0.5, "angle": 20.27 },
					{ "time": 1, "angle": -3.07 },
					{ "time": 1.6666, "angle": 0 }
				],
				"translate": [
					{ "time": 0, "x": 0, "y": 0, "curve": "stepped" },
					{ "time": 1.6666, "x": 0, "y": 0 }
				]
			},
			"bone4": {
				"rotate": [
					{ "time": 0, "angle": 0 },
					{ "time": 0.5, "angle": -1.77 },
					{ "time": 1, "angle": -15.9 },
					{ "time": 1.6666, "angle": 0 }
				],
				"translate": [
					{ "time": 0, "x": 0, "y": 0, "curve": "stepped" },
					{ "time": 1.6666, "x": 0, "y": 0 }
				]
			},
			"DL": {
				"rotate": [
					{ "time": 0, "angle": 0 },
					{ "time": 0.5, "angle": 8.95 },
					{ "time": 1, "angle": -3.07 },
					{ "time": 1.6666, "angle": 0 }
				],
				"translate": [
					{ "time": 0, "x": 0, "y": 0, "curve": "stepped" },
					{ "time": 1.6666, "x": 0, "y": 0 }
				]
			},
			"Antiaircraft": {
				"rotate": [
					{ "time": 0, "angle": 0, "curve": "stepped" },
					{ "time": 1.6666, "angle": 0 }
				],
				"translate": [
					{ "time": 0, "x": 0, "y": 0, "curve": "stepped" },
					{ "time": 1.6666, "x": 0, "y": 0 }
				]
			}
		},
		"events": [
			{ "time": 0.0666, "name": "attack_point" }
		]
	},
	"damage": {
		"slots": {
			"BOW": {
				"color": [
					{ "time": 0, "color": "ffffff45" },
					{ "time": 0.0666, "color": "ffffff88" },
					{ "time": 0.6666, "color": "ffffffd5" },
					{ "time": 0.8333, "color": "ffffff23" },
					{ "time": 0.9333, "color": "ffffffa4" },
					{ "time": 1.0333, "color": "ffffff49" },
					{ "time": 1.1666, "color": "ffffff45" }
				]
			},
			"D": {
				"color": [
					{ "time": 0.0666, "color": "8c4c51ff", "curve": "stepped" },
					{ "time": 0.7666, "color": "8c4c51ff" },
					{ "time": 1.1333, "color": "ffffffff" }
				]
			},
			"DL": {
				"color": [
					{ "time": 0.0666, "color": "8c4c51ff", "curve": "stepped" },
					{ "time": 0.7666, "color": "8c4c51ff" },
					{ "time": 1.1333, "color": "ffffffff" }
				]
			},
			"DR": {
				"color": [
					{ "time": 0.0666, "color": "8c4c51ff", "curve": "stepped" },
					{ "time": 0.7666, "color": "8c4c51ff" },
					{ "time": 1.1333, "color": "ffffffff" }
				]
			},
			"D_light": {
				"color": [
					{ "time": 0.5333, "color": "fffffffc" },
					{ "time": 0.7666, "color": "ffffff00" }
				],
				"attachment": [
					{ "time": 0, "name": null },
					{ "time": 0.0666, "name": "D_light" },
					{ "time": 0.7666, "name": null }
				]
			},
			"GJ_L": {
				"color": [
					{ "time": 0.0666, "color": "8c4c51ff", "curve": "stepped" },
					{ "time": 0.7666, "color": "8c4c51ff" },
					{ "time": 1.1333, "color": "ffffffff" }
				]
			},
			"GJ_R": {
				"color": [
					{ "time": 0.0666, "color": "8c4c51ff", "curve": "stepped" },
					{ "time": 0.7666, "color": "8c4c51ff" },
					{ "time": 1.1333, "color": "ffffffff" }
				]
			},
			"GJ_R_light": {
				"color": [
					{ "time": 0.5333, "color": "fffffffc" },
					{ "time": 0.7666, "color": "ffffff00" }
				],
				"attachment": [
					{ "time": 0, "name": null },
					{ "time": 0.0666, "name": "GJ_R_light" },
					{ "time": 0.7666, "name": null }
				]
			},
			"JL": {
				"color": [
					{ "time": 0.0666, "color": "8c4c51ff", "curve": "stepped" },
					{ "time": 0.7666, "color": "8c4c51ff" },
					{ "time": 1.1333, "color": "ffffffff" }
				]
			},
			"JR": {
				"color": [
					{ "time": 0.0666, "color": "8c4c51ff", "curve": "stepped" },
					{ "time": 0.7666, "color": "8c4c51ff" },
					{ "time": 1.1333, "color": "ffffffff" }
				]
			},
			"Light_Body": {
				"color": [
					{ "time": 0.5333, "color": "fffffffc" },
					{ "time": 0.7666, "color": "ffffff00" }
				],
				"attachment": [
					{ "time": 0, "name": null },
					{ "time": 0.0666, "name": "Rodney_ship_body_normal_light" },
					{ "time": 0.7666, "name": null }
				]
			},
			"Rodney_body_normal": {
				"color": [
					{ "time": 0.0666, "color": "8c4c51ff", "curve": "stepped" },
					{ "time": 0.7666, "color": "8c4c51ff" },
					{ "time": 1.1333, "color": "ffffffff" }
				],
				"attachment": [
					{ "time": 0, "name": "Body_Change" },
					{ "time": 0.8666, "name": "Body_Change" }
				]
			},
			"Rodney_eyes_normal": {
				"color": [
					{ "time": 0.0666, "color": "8c4c51ff", "curve": "stepped" },
					{ "time": 0.7666, "color": "8c4c51ff" },
					{ "time": 1.1333, "color": "ffffffff" }
				],
				"attachment": [
					{ "time": 0.0666, "name": "Rodney_eyes_damage" },
					{ "time": 1.1333, "name": "Rodney_eyes_normal" }
				]
			},
			"Rodney_ship_armor_normal": {
				"color": [
					{ "time": 0.0666, "color": "8c4c51ff", "curve": "stepped" },
					{ "time": 0.7666, "color": "8c4c51ff" },
					{ "time": 1.1333, "color": "ffffffff" }
				],
				"attachment": [
					{ "time": 0, "name": "Ship_armor_normal" },
					{ "time": 0.8666, "name": "Ship_armor_normal" },
					{ "time": 1.1666, "name": "Ship_armor_normal" }
				]
			},
			"ZP": {
				"color": [
					{ "time": 0.0666, "color": "8c4c51ff", "curve": "stepped" },
					{ "time": 0.7666, "color": "8c4c51ff" },
					{ "time": 1.1333, "color": "ffffffff" }
				]
			},
			"ZZ": {
				"color": [
					{ "time": 0.0666, "color": "8c4c51ff", "curve": "stepped" },
					{ "time": 0.7666, "color": "8c4c51ff" },
					{ "time": 1.1333, "color": "ffffffff" }
				]
			},
			"ZZ_light": {
				"color": [
					{ "time": 0.5333, "color": "fffffffc" },
					{ "time": 0.7666, "color": "ffffff00" }
				],
				"attachment": [
					{ "time": 0, "name": null },
					{ "time": 0.0666, "name": "ZZ_light" },
					{ "time": 0.7666, "name": null }
				]
			},
			"hand_L": {
				"color": [
					{ "time": 0.0666, "color": "8c4c51ff", "curve": "stepped" },
					{ "time": 0.7666, "color": "8c4c51ff" },
					{ "time": 1.1333, "color": "ffffffff" }
				]
			},
			"hand_L2": {
				"color": [
					{ "time": 0.0666, "color": "8c4c51ff", "curve": "stepped" },
					{ "time": 0.7666, "color": "8c4c51ff" },
					{ "time": 1.1333, "color": "ffffffff" }
				]
			},
			"hand_R": {
				"color": [
					{ "time": 0.0666, "color": "8c4c51ff", "curve": "stepped" },
					{ "time": 0.7666, "color": "8c4c51ff" },
					{ "time": 1.1333, "color": "ffffffff" }
				]
			},
			"head": {
				"color": [
					{ "time": 0.0666, "color": "8c4c51ff", "curve": "stepped" },
					{ "time": 0.7666, "color": "8c4c51ff" },
					{ "time": 1.1333, "color": "ffffffff" }
				]
			},
			"head_light": {
				"color": [
					{ "time": 0.5333, "color": "fffffffc" },
					{ "time": 0.7666, "color": "ffffff00" }
				],
				"attachment": [
					{ "time": 0, "name": null },
					{ "time": 0.0666, "name": "head_light" }
				]
			}
		},
		"bones": {
			"Root_All": {
				"rotate": [
					{ "time": 0, "angle": 0, "curve": "stepped" },
					{ "time": 1.1666, "angle": 0 }
				],
				"translate": [
					{
						"time": 0,
						"x": 0,
						"y": 0,
						"curve": [ 0.255, 0.35, 0.6, 0.7 ]
					},
					{ "time": 0.0666, "x": -27.67, "y": -23.16 },
					{ "time": 0.1333, "x": 20.98, "y": 15.35 },
					{ "time": 0.2333, "x": -19.78, "y": -15.62 },
					{ "time": 0.3666, "x": 14.36, "y": 8.59 },
					{ "time": 0.5666, "x": -3.37, "y": -4.5 },
					{ "time": 0.8666, "x": 5.63, "y": 2.25 },
					{ "time": 1.1666, "x": 0, "y": 0 }
				]
			},
			"Ship": {
				"rotate": [
					{
						"time": 0,
						"angle": 0,
						"curve": [ 0.219, 0.41, 0.591, 0.77 ]
					},
					{ "time": 0.0666, "angle": -342.87 },
					{ "time": 0.1666, "angle": -362.21 },
					{ "time": 0.3333, "angle": -347.43 },
					{ "time": 0.5, "angle": -367.24 },
					{ "time": 0.8333, "angle": -354.33 },
					{ "time": 1.1666, "angle": 0 }
				],
				"translate": [
					{
						"time": 0,
						"x": 0,
						"y": 0,
						"curve": [ 0.319, 0.33, 0.653, 0.66 ]
					},
					{ "time": 0.0666, "x": -3.15, "y": -2.52 },
					{ "time": 0.1666, "x": -5.01, "y": 5.53 },
					{ "time": 0.3333, "x": -4.8, "y": 9.03 },
					{ "time": 0.5, "x": -3.6, "y": 2.15 },
					{ "time": 0.8333, "x": 0.55, "y": 0.73 },
					{ "time": 1.1666, "x": 0, "y": 0 }
				]
			},
			"Face": {
				"rotate": [
					{ "time": 0, "angle": 0, "curve": "stepped" },
					{ "time": 1.1666, "angle": 0 }
				],
				"translate": [
					{
						"time": 0,
						"x": 0,
						"y": 0,
						"curve": [ 0.286, 0.34, 0.623, 0.67 ]
					},
					{ "time": 0.0666, "x": -5.44, "y": 0 },
					{ "time": 0.1333, "x": -0.44, "y": 0 },
					{ "time": 0.2333, "x": -5.06, "y": 0 },
					{ "time": 0.3666, "x": -2.01, "y": 0 },
					{ "time": 1.1666, "x": 0, "y": 0 }
				]
			},
			"Ship_All": {
				"rotate": [
					{ "time": 0, "angle": 0, "curve": "stepped" },
					{ "time": 1.1666, "angle": 0 }
				],
				"translate": [
					{ "time": 0, "x": 0, "y": 0, "curve": "stepped" },
					{ "time": 1.1666, "x": 0, "y": 0 }
				]
			},
			"Body": {
				"rotate": [
					{ "time": 0, "angle": 0, "curve": "stepped" },
					{ "time": 1.1666, "angle": 0 }
				],
				"translate": [
					{ "time": 0, "x": 0, "y": 0, "curve": "stepped" },
					{ "time": 1.1666, "x": 0, "y": 0 }
				]
			},
			"Damage_Point": {
				"rotate": [
					{ "time": 0, "angle": 0, "curve": "stepped" },
					{ "time": 0.0666, "angle": 0, "curve": "stepped" },
					{ "time": 1.1666, "angle": 0 }
				],
				"translate": [
					{ "time": 0, "x": 0, "y": 0, "curve": "stepped" },
					{ "time": 0.0666, "x": 0, "y": 0, "curve": "stepped" },
					{ "time": 1.1666, "x": 0, "y": 0 }
				]
			},
			"Hand_R": {
				"rotate": [
					{ "time": 0, "angle": 0 },
					{ "time": 0.3333, "angle": -8.19 },
					{ "time": 1.1666, "angle": 0 }
				],
				"translate": [
					{ "time": 0, "x": 0, "y": 0, "curve": "stepped" },
					{ "time": 1.1666, "x": 0, "y": 0 }
				]
			},
			"Head": {
				"rotate": [
					{ "time": 0, "angle": 0 },
					{ "time": 0.1666, "angle": 6.68 },
					{ "time": 0.4, "angle": -5.58 },
					{ "time": 0.9333, "angle": -3.55 },
					{ "time": 1.1666, "angle": 0 }
				],
				"translate": [
					{ "time": 0, "x": 0, "y": 0, "curve": "stepped" },
					{ "time": 1.1666, "x": 0, "y": 0 }
				]
			},
			"Hand_L": {
				"rotate": [
					{ "time": 0, "angle": 0 },
					{ "time": 0.1666, "angle": 23.54 },
					{ "time": 0.3333, "angle": 1.23 },
					{ "time": 0.5, "angle": 16.34 },
					{ "time": 1.1666, "angle": 0 }
				],
				"translate": [
					{ "time": 0, "x": 0, "y": 0, "curve": "stepped" },
					{ "time": 1.1666, "x": 0, "y": 0 }
				]
			},
			"Throw_Point": {
				"rotate": [
					{ "time": 0, "angle": 0, "curve": "stepped" },
					{ "time": 1.1666, "angle": 0 }
				],
				"translate": [
					{ "time": 0, "x": 0, "y": 0, "curve": "stepped" },
					{ "time": 1.1666, "x": 0, "y": 0 }
				]
			},
			"Smoke_R1": {
				"rotate": [
					{ "time": 0, "angle": 0, "curve": "stepped" },
					{ "time": 1.1666, "angle": 0 }
				],
				"translate": [
					{ "time": 0, "x": 0, "y": 0, "curve": "stepped" },
					{ "time": 1.1666, "x": 0, "y": 0 }
				]
			},
			"Smoke_L1": {
				"rotate": [
					{ "time": 0, "angle": 0, "curve": "stepped" },
					{ "time": 1.1666, "angle": 0 }
				],
				"translate": [
					{ "time": 0, "x": 0, "y": 0, "curve": "stepped" },
					{ "time": 1.1666, "x": 0, "y": 0 }
				]
			},
			"JR": {
				"rotate": [
					{ "time": 0, "angle": 0, "curve": "stepped" },
					{ "time": 1.1666, "angle": 0 }
				],
				"translate": [
					{ "time": 0, "x": 0, "y": 0, "curve": "stepped" },
					{ "time": 1.1666, "x": 0, "y": 0 }
				]
			},
			"JL": {
				"rotate": [
					{ "time": 0, "angle": 0, "curve": "stepped" },
					{ "time": 1.1666, "angle": 0 }
				],
				"translate": [
					{ "time": 0, "x": 0, "y": 0, "curve": "stepped" },
					{ "time": 1.1666, "x": 0, "y": 0 }
				]
			},
			"GJ_R": {
				"rotate": [
					{ "time": 0, "angle": 0 },
					{ "time": 0.3333, "angle": -23.9 },
					{ "time": 0.6666, "angle": 24.72 },
					{ "time": 0.9333, "angle": -11.49 },
					{ "time": 1.1666, "angle": 0 }
				],
				"translate": [
					{ "time": 0, "x": 0, "y": 0, "curve": "stepped" },
					{ "time": 1.1666, "x": 0, "y": 0 }
				]
			},
			"GJ_L": {
				"rotate": [
					{ "time": 0, "angle": 0 },
					{ "time": 0.3333, "angle": -24.61 },
					{ "time": 0.6333, "angle": 14.52 },
					{ "time": 0.9, "angle": -11.69 },
					{ "time": 1.1666, "angle": 0 }
				],
				"translate": [
					{ "time": 0, "x": 0, "y": 0, "curve": "stepped" },
					{ "time": 1.1666, "x": 0, "y": 0 }
				]
			},
			"ZP": {
				"rotate": [
					{ "time": 0, "angle": 0 },
					{ "time": 0.3333, "angle": 11.31 },
					{ "time": 0.8333, "angle": -7.2 },
					{ "time": 1.1666, "angle": 0 }
				],
				"translate": [
					{ "time": 0, "x": 0, "y": 0, "curve": "stepped" },
					{ "time": 1.1666, "x": 0, "y": 0 }
				]
			},
			"D": {
				"rotate": [
					{ "time": 0, "angle": 0 },
					{ "time": 0.1666, "angle": -19.97 },
					{ "time": 0.3333, "angle": 0.34 },
					{ "time": 0.6666, "angle": -14.68 },
					{ "time": 1.1666, "angle": 0 }
				],
				"translate": [
					{ "time": 0, "x": 0, "y": 0, "curve": "stepped" },
					{ "time": 1.1666, "x": 0, "y": 0 }
				]
			},
			"Z": {
				"rotate": [
					{ "time": 0, "angle": 0 },
					{ "time": 0.5, "angle": -10.72 },
					{ "time": 0.8333, "angle": -9.5 },
					{ "time": 1.1666, "angle": 0 }
				],
				"translate": [
					{ "time": 0, "x": 0, "y": 0, "curve": "stepped" },
					{ "time": 1.1666, "x": 0, "y": 0 }
				]
			},
			"hand_L2": {
				"rotate": [
					{ "time": 0, "angle": 0 },
					{ "time": 0.5, "angle": 7.5 },
					{ "time": 1.1666, "angle": 0 }
				],
				"translate": [
					{ "time": 0, "x": 0, "y": 0, "curve": "stepped" },
					{ "time": 1.1666, "x": 0, "y": 0 }
				]
			},
			"Expression": {
				"rotate": [
					{ "time": 0, "angle": 0, "curve": "stepped" },
					{ "time": 1.1666, "angle": 0 }
				],
				"translate": [
					{ "time": 0, "x": 0, "y": 0, "curve": "stepped" },
					{ "time": 1.1666, "x": 0, "y": 0 }
				]
			},
			"Dialogue": {
				"rotate": [
					{ "time": 0, "angle": 0, "curve": "stepped" },
					{ "time": 1.1666, "angle": 0 }
				],
				"translate": [
					{ "time": 0, "x": 0, "y": 0, "curve": "stepped" },
					{ "time": 1.1666, "x": 0, "y": 0 }
				]
			},
			"bone3": {
				"rotate": [
					{ "time": 0, "angle": 0 },
					{ "time": 0.3333, "angle": 8.81 },
					{ "time": 0.8333, "angle": -4.58 },
					{ "time": 1.1666, "angle": 0 }
				],
				"translate": [
					{ "time": 0, "x": 0, "y": 0, "curve": "stepped" },
					{ "time": 1.1666, "x": 0, "y": 0 }
				]
			},
			"bone2": {
				"rotate": [
					{ "time": 0, "angle": 0 },
					{ "time": 0.3333, "angle": 8.81 },
					{ "time": 0.8333, "angle": -4.58 },
					{ "time": 1.1666, "angle": 0 }
				],
				"translate": [
					{ "time": 0, "x": 0, "y": 0, "curve": "stepped" },
					{ "time": 1.1666, "x": 0, "y": 0 }
				]
			},
			"DR": {
				"rotate": [
					{ "time": 0, "angle": 0 },
					{ "time": 0.3333, "angle": 8.81 },
					{ "time": 0.8333, "angle": -4.58 },
					{ "time": 1.1666, "angle": 0 }
				],
				"translate": [
					{ "time": 0, "x": 0, "y": 0, "curve": "stepped" },
					{ "time": 1.1666, "x": 0, "y": 0 }
				]
			},
			"bone5": {
				"rotate": [
					{ "time": 0, "angle": 0 },
					{ "time": 0.3333, "angle": -8.22 },
					{ "time": 0.8, "angle": 5.89 },
					{ "time": 1.1666, "angle": 0 }
				],
				"translate": [
					{ "time": 0, "x": 0, "y": 0, "curve": "stepped" },
					{ "time": 1.1666, "x": 0, "y": 0 }
				]
			},
			"bone4": {
				"rotate": [
					{ "time": 0, "angle": 0 },
					{ "time": 0.3333, "angle": -8.22 },
					{ "time": 0.8, "angle": 5.89 },
					{ "time": 1.1666, "angle": 0 }
				],
				"translate": [
					{ "time": 0, "x": 0, "y": 0, "curve": "stepped" },
					{ "time": 1.1666, "x": 0, "y": 0 }
				]
			},
			"DL": {
				"rotate": [
					{ "time": 0, "angle": 0 },
					{ "time": 0.3333, "angle": -8.22 },
					{ "time": 0.8, "angle": 5.89 },
					{ "time": 1.1666, "angle": 0 }
				],
				"translate": [
					{ "time": 0, "x": 0, "y": 0, "curve": "stepped" },
					{ "time": 1.1666, "x": 0, "y": 0 }
				]
			},
			"Attack_Point": {
				"rotate": [
					{ "time": 0, "angle": 0, "curve": "stepped" },
					{ "time": 1.1666, "angle": 0 }
				],
				"translate": [
					{ "time": 0, "x": 0, "y": 0, "curve": "stepped" },
					{ "time": 1.1666, "x": 0, "y": 0 }
				]
			},
			"Antiaircraft": {
				"rotate": [
					{ "time": 0, "angle": 0, "curve": "stepped" },
					{ "time": 1.1666, "angle": 0 }
				],
				"translate": [
					{ "time": 0, "x": 0, "y": 0, "curve": "stepped" },
					{ "time": 1.1666, "x": 0, "y": 0 }
				]
			}
		},
		"events": [
			{ "time": 0.0666, "name": "damage_point" }
		]
	},
	"normal": {
		"slots": {
			"BOW": {
				"color": [
					{ "time": 0, "color": "ffffff45" },
					{ "time": 1, "color": "ffffff89" },
					{ "time": 2, "color": "ffffff45" }
				]
			},
			"D_light": {
				"attachment": [
					{ "time": 0, "name": null }
				]
			},
			"GJ_R_light": {
				"attachment": [
					{ "time": 0, "name": null }
				]
			},
			"Light_Body": {
				"attachment": [
					{ "time": 0, "name": null }
				]
			},
			"Rodney_body_normal": {
				"attachment": [
					{ "time": 0, "name": "Body_Change" }
				]
			},
			"Rodney_ship_armor_normal": {
				"attachment": [
					{ "time": 0, "name": "Ship_armor_normal" }
				]
			},
			"ZZ_light": {
				"attachment": [
					{ "time": 0, "name": null }
				]
			},
			"head_light": {
				"attachment": [
					{ "time": 0, "name": null }
				]
			}
		},
		"bones": {
			"GJ_R": {
				"rotate": [
					{ "time": 0, "angle": 0 },
					{ "time": 0.6666, "angle": 9.83 },
					{ "time": 1.3333, "angle": -10.78 },
					{ "time": 2, "angle": 0 }
				],
				"translate": [
					{ "time": 0, "x": 0, "y": 0, "curve": "stepped" },
					{ "time": 2, "x": 0, "y": 0 }
				]
			},
			"JL": {
				"rotate": [
					{ "time": 0, "angle": 0 },
					{ "time": 1, "angle": 8.96 },
					{ "time": 2, "angle": 0 }
				],
				"translate": [
					{ "time": 0, "x": 0, "y": 0 },
					{ "time": 1, "x": 0, "y": 4.17 },
					{ "time": 2, "x": 0, "y": 0 }
				]
			},
			"JR": {
				"rotate": [
					{ "time": 0, "angle": 0 },
					{ "time": 1, "angle": -6.63 },
					{ "time": 2, "angle": 0 }
				],
				"translate": [
					{ "time": 0, "x": 0, "y": 0, "curve": "stepped" },
					{ "time": 2, "x": 0, "y": 0 }
				]
			},
			"bone4": {
				"rotate": [
					{ "time": 0, "angle": 0 },
					{ "time": 1, "angle": -5.29 },
					{ "time": 2, "angle": 0 }
				],
				"translate": [
					{ "time": 0, "x": 0, "y": 0, "curve": "stepped" },
					{ "time": 2, "x": 0, "y": 0 }
				]
			},
			"Ship": {
				"rotate": [
					{ "time": 0, "angle": 0, "curve": "stepped" },
					{ "time": 2, "angle": 0 }
				],
				"translate": [
					{
						"time": 0,
						"x": 0,
						"y": 0,
						"curve": [ 0.331, 0.33, 0.664, 0.66 ]
					},
					{
						"time": 1,
						"x": -4.17,
						"y": 0,
						"curve": [ 0.331, 0.33, 0.664, 0.66 ]
					},
					{ "time": 2, "x": 0, "y": 0 }
				]
			},
			"Body": {
				"rotate": [
					{ "time": 0, "angle": 0, "curve": "stepped" },
					{ "time": 2, "angle": 0 }
				],
				"translate": [
					{ "time": 0, "x": 0, "y": 0, "curve": "stepped" },
					{ "time": 2, "x": 0, "y": 0 }
				]
			},
			"Smoke_R1": {
				"rotate": [
					{ "time": 0, "angle": 0, "curve": "stepped" },
					{ "time": 2, "angle": 0 }
				],
				"translate": [
					{ "time": 0, "x": 0, "y": 0, "curve": "stepped" },
					{ "time": 2, "x": 0, "y": 0 }
				]
			},
			"DR": {
				"rotate": [
					{ "time": 0, "angle": 0 },
					{ "time": 1, "angle": 2.8 },
					{ "time": 2, "angle": 0 }
				],
				"translate": [
					{ "time": 0, "x": 0, "y": 0, "curve": "stepped" },
					{ "time": 2, "x": 0, "y": 0 }
				]
			},
			"Z": {
				"rotate": [
					{ "time": 0, "angle": 0 },
					{ "time": 1, "angle": 1.52 },
					{ "time": 2, "angle": 0 }
				],
				"translate": [
					{ "time": 0, "x": 0, "y": 0, "curve": "stepped" },
					{ "time": 2, "x": 0, "y": 0 }
				]
			},
			"Throw_Point": {
				"rotate": [
					{ "time": 0, "angle": 0, "curve": "stepped" },
					{ "time": 2, "angle": 0 }
				],
				"translate": [
					{ "time": 0, "x": 0, "y": 0, "curve": "stepped" },
					{ "time": 2, "x": 0, "y": 0 }
				]
			},
			"Hand_R": {
				"rotate": [
					{ "time": 0, "angle": 0, "curve": "stepped" },
					{ "time": 2, "angle": 0 }
				],
				"translate": [
					{ "time": 0, "x": 0, "y": 0 },
					{ "time": 1, "x": 1.74, "y": 0 },
					{ "time": 2, "x": 0, "y": 0 }
				]
			},
			"Head": {
				"rotate": [
					{ "time": 0, "angle": 0 },
					{ "time": 0.5, "angle": -2.11 },
					{ "time": 1, "angle": 0 },
					{ "time": 1.5, "angle": 2.42 },
					{ "time": 2, "angle": 0 }
				],
				"translate": [
					{ "time": 0, "x": 0, "y": 0, "curve": "stepped" },
					{ "time": 1, "x": 0, "y": 0, "curve": "stepped" },
					{ "time": 2, "x": 0, "y": 0 }
				]
			},
			"Face": {
				"rotate": [
					{ "time": 0, "angle": 0, "curve": "stepped" },
					{ "time": 2, "angle": 0 }
				],
				"translate": [
					{
						"time": 0,
						"x": 0,
						"y": 0,
						"curve": [ 0.286, 0.34, 0.623, 0.67 ]
					},
					{
						"time": 0.5,
						"x": 0.64,
						"y": 0,
						"curve": [ 0.282, 0.37, 0.624, 0.71 ]
					},
					{
						"time": 1.5,
						"x": -1.28,
						"y": 0,
						"curve": [ 0.321, 0.37, 0.656, 0.71 ]
					},
					{ "time": 2, "x": 0, "y": 0 }
				]
			},
			"GJ_L": {
				"rotate": [
					{ "time": 0, "angle": 0 },
					{ "time": 0.6666, "angle": -14.36 },
					{ "time": 1.3333, "angle": 11.39 },
					{ "time": 2, "angle": 0 }
				],
				"translate": [
					{ "time": 0, "x": 0, "y": 0, "curve": "stepped" },
					{ "time": 2, "x": 0, "y": 0 }
				]
			},
			"Smoke_L1": {
				"rotate": [
					{ "time": 0, "angle": 0, "curve": "stepped" },
					{ "time": 2, "angle": 0 }
				],
				"translate": [
					{ "time": 0, "x": 0, "y": 0, "curve": "stepped" },
					{ "time": 2, "x": 0, "y": 0 }
				]
			},
			"Hand_L": {
				"rotate": [
					{ "time": 0, "angle": 0 },
					{ "time": 1, "angle": 4.02 },
					{ "time": 2, "angle": 0 }
				],
				"translate": [
					{ "time": 0, "x": 0, "y": 0, "curve": "stepped" },
					{ "time": 2, "x": 0, "y": 0 }
				]
			},
			"Attack_Point": {
				"rotate": [
					{ "time": 0, "angle": 0, "curve": "stepped" },
					{ "time": 2, "angle": 0 }
				],
				"translate": [
					{ "time": 0, "x": 0, "y": 0, "curve": "stepped" },
					{ "time": 2, "x": 0, "y": 0 }
				]
			},
			"D": {
				"rotate": [
					{ "time": 0, "angle": 0 },
					{ "time": 0.6666, "angle": -5.85 },
					{ "time": 1.3333, "angle": 2.43 },
					{ "time": 2, "angle": 0 }
				],
				"translate": [
					{ "time": 0, "x": 0, "y": 0, "curve": "stepped" },
					{ "time": 2, "x": 0, "y": 0 }
				]
			},
			"Dialogue": {
				"rotate": [
					{ "time": 0, "angle": 0, "curve": "stepped" },
					{ "time": 2, "angle": 0 }
				],
				"translate": [
					{ "time": 0, "x": 0, "y": 0, "curve": "stepped" },
					{ "time": 2, "x": 0, "y": 0 }
				]
			},
			"Ship_All": {
				"rotate": [
					{ "time": 0, "angle": 0, "curve": "stepped" },
					{ "time": 2, "angle": 0 }
				],
				"translate": [
					{ "time": 0, "x": 0, "y": 0, "curve": "stepped" },
					{ "time": 2, "x": 0, "y": 0 }
				]
			},
			"ZP": {
				"rotate": [
					{ "time": 0, "angle": 0 },
					{ "time": 1, "angle": 6.86 },
					{ "time": 2, "angle": 0 }
				],
				"translate": [
					{ "time": 0, "x": 0, "y": 0, "curve": "stepped" },
					{ "time": 2, "x": 0, "y": 0 }
				]
			},
			"bone2": {
				"rotate": [
					{ "time": 0, "angle": 0 },
					{ "time": 1, "angle": 9.3 },
					{ "time": 2, "angle": 0 }
				],
				"translate": [
					{ "time": 0, "x": 0, "y": 0, "curve": "stepped" },
					{ "time": 2, "x": 0, "y": 0 }
				]
			},
			"hand_L2": {
				"rotate": [
					{ "time": 0, "angle": 0 },
					{ "time": 1, "angle": -3.51 },
					{ "time": 2, "angle": 0 }
				],
				"translate": [
					{ "time": 0, "x": 0, "y": 0, "curve": "stepped" },
					{ "time": 2, "x": 0, "y": 0 }
				]
			},
			"bone5": {
				"rotate": [
					{ "time": 0, "angle": 0 },
					{ "time": 1, "angle": 7.65 },
					{ "time": 2, "angle": 0 }
				],
				"translate": [
					{ "time": 0, "x": 0, "y": 0, "curve": "stepped" },
					{ "time": 2, "x": 0, "y": 0 }
				]
			},
			"Root_All": {
				"rotate": [
					{ "time": 0, "angle": 0, "curve": "stepped" },
					{ "time": 2, "angle": 0 }
				],
				"translate": [
					{
						"time": 0,
						"x": 0,
						"y": 0,
						"curve": [ 0.255, 0.35, 0.6, 0.7 ]
					},
					{
						"time": 0.5,
						"x": 0,
						"y": -9.82,
						"curve": [ 0.3, 0.39, 0.641, 0.74 ]
					},
					{
						"time": 1,
						"x": 0,
						"y": -15.66,
						"curve": [ 0.322, 0.37, 0.652, 0.7 ]
					},
					{
						"time": 1.5,
						"x": 0,
						"y": -7.79,
						"curve": [ 0.314, 0.36, 0.644, 0.68 ]
					},
					{ "time": 2, "x": 0, "y": 0 }
				]
			},
			"Antiaircraft": {
				"rotate": [
					{ "time": 0, "angle": 0, "curve": "stepped" },
					{ "time": 2, "angle": 0 }
				],
				"translate": [
					{ "time": 0, "x": 0, "y": 0, "curve": "stepped" },
					{ "time": 2, "x": 0, "y": 0 }
				]
			},
			"Damage_Point": {
				"rotate": [
					{ "time": 0, "angle": 0, "curve": "stepped" },
					{ "time": 2, "angle": 0 }
				],
				"translate": [
					{ "time": 0, "x": 0, "y": 0, "curve": "stepped" },
					{ "time": 2, "x": 0, "y": 0 }
				]
			},
			"bone3": {
				"rotate": [
					{ "time": 0, "angle": 0 },
					{ "time": 1, "angle": -12.97 },
					{ "time": 2, "angle": 0 }
				],
				"translate": [
					{ "time": 0, "x": 0, "y": 0, "curve": "stepped" },
					{ "time": 2, "x": 0, "y": 0 }
				]
			},
			"Expression": {
				"rotate": [
					{ "time": 0, "angle": 0, "curve": "stepped" },
					{ "time": 2, "angle": 0 }
				],
				"translate": [
					{ "time": 0, "x": 0, "y": 0, "curve": "stepped" },
					{ "time": 2, "x": 0, "y": 0 }
				]
			},
			"DL": {
				"rotate": [
					{ "time": 0, "angle": 0 },
					{ "time": 1, "angle": -5.29 },
					{ "time": 2, "angle": 0 }
				],
				"translate": [
					{ "time": 0, "x": 0, "y": 0, "curve": "stepped" },
					{ "time": 2, "x": 0, "y": 0 }
				]
			}
		}
	},
	"throw": {
		"slots": {
			"BOW": {
				"color": [
					{ "time": 0, "color": "ffffff45" },
					{ "time": 0.5, "color": "ffffffa6" },
					{ "time": 0.8333, "color": "ffffffa4" },
					{ "time": 1.3333, "color": "ffffff45" }
				]
			},
			"D_light": {
				"attachment": [
					{ "time": 0, "name": null }
				]
			},
			"GJ_R_light": {
				"attachment": [
					{ "time": 0, "name": null }
				]
			},
			"Light_Body": {
				"attachment": [
					{ "time": 0, "name": null }
				]
			},
			"Rodney_body_normal": {
				"attachment": [
					{ "time": 0, "name": "Body_Change" }
				]
			},
			"Rodney_ship_armor_normal": {
				"attachment": [
					{ "time": 0, "name": "Ship_armor_normal" },
					{ "time": 1.3333, "name": "Ship_armor_normal" }
				]
			},
			"ZZ_light": {
				"attachment": [
					{ "time": 0, "name": null }
				]
			},
			"head_light": {
				"attachment": [
					{ "time": 0, "name": null }
				]
			}
		},
		"bones": {
			"Face": {
				"rotate": [
					{ "time": 0, "angle": 0, "curve": "stepped" },
					{ "time": 1.3333, "angle": 0 }
				],
				"translate": [
					{
						"time": 0,
						"x": 0,
						"y": 0,
						"curve": [ 0.286, 0.34, 0.623, 0.67 ]
					},
					{ "time": 0.3333, "x": 0, "y": -0.7 },
					{ "time": 0.5666, "x": 0, "y": 0.14 },
					{ "time": 1.3333, "x": 0, "y": 0 }
				]
			},
			"Root_All": {
				"rotate": [
					{ "time": 0, "angle": 0, "curve": "stepped" },
					{ "time": 1.3333, "angle": 0 }
				],
				"translate": [
					{
						"time": 0,
						"x": 0,
						"y": 0,
						"curve": [ 0.255, 0.35, 0.6, 0.7 ]
					},
					{ "time": 0.6333, "x": -66.66, "y": 0 },
					{ "time": 0.9666, "x": -10.42, "y": -12.42 },
					{ "time": 1.3333, "x": 0, "y": 0 }
				]
			},
			"Ship": {
				"rotate": [
					{
						"time": 0,
						"angle": 0,
						"curve": [ 0.255, 0.35, 0.6, 0.7 ]
					},
					{
						"time": 0.5,
						"angle": -365.34,
						"curve": [ 0.3, 0.39, 0.641, 0.74 ]
					},
					{ "time": 1.3333, "angle": 0 }
				],
				"translate": [
					{
						"time": 0,
						"x": 0,
						"y": 0,
						"curve": [ 0.324, 0.33, 0.658, 0.66 ]
					},
					{
						"time": 0.8333,
						"x": -5.42,
						"y": -7.59,
						"curve": [ 0.328, 0.33, 0.661, 0.66 ]
					},
					{ "time": 1.3333, "x": 0, "y": 0 }
				]
			},
			"Body": {
				"rotate": [
					{
						"time": 0,
						"angle": 0,
						"curve": [ 0.219, 0.41, 0.591, 0.77 ]
					},
					{
						"time": 0.6333,
						"angle": -3.17,
						"curve": [ 0.32, 0.36, 0.653, 0.69 ]
					},
					{
						"time": 0.7333,
						"angle": 0.61,
						"curve": [ 0.319, 0.37, 0.652, 0.7 ]
					},
					{
						"time": 0.9666,
						"angle": -1.72,
						"curve": [ 0.32, 0.38, 0.654, 0.71 ]
					},
					{ "time": 1.3333, "angle": 0 }
				],
				"translate": [
					{
						"time": 0,
						"x": 0,
						"y": 0,
						"curve": [ 0.219, 0.41, 0.591, 0.77 ]
					},
					{
						"time": 0.3333,
						"x": -15.86,
						"y": 0,
						"curve": [ 0.193, 0.39, 0.58, 0.9 ]
					},
					{
						"time": 0.5666,
						"x": -19.36,
						"y": 0,
						"curve": [ 0.142, 0.42, 0.647, 0.94 ]
					},
					{ "time": 0.6333, "x": 92.18, "y": -6.3 },
					{ "time": 0.7333, "x": 111.33, "y": 0 },
					{ "time": 1.3333, "x": 0, "y": 0 }
				]
			},
			"Ship_All": {
				"rotate": [
					{ "time": 0, "angle": 0, "curve": "stepped" },
					{ "time": 1.3333, "angle": 0 }
				],
				"translate": [
					{ "time": 0, "x": 0, "y": 0, "curve": "stepped" },
					{ "time": 1.3333, "x": 0, "y": 0 }
				]
			},
			"Throw_Point": {
				"rotate": [
					{ "time": 0, "angle": 0, "curve": "stepped" },
					{ "time": 0.6333, "angle": 0, "curve": "stepped" },
					{ "time": 1.3333, "angle": 0 }
				],
				"translate": [
					{ "time": 0, "x": 0, "y": 0, "curve": "stepped" },
					{ "time": 0.6333, "x": 0, "y": 0, "curve": "stepped" },
					{ "time": 1.3333, "x": 0, "y": 0 }
				]
			},
			"Head": {
				"rotate": [
					{ "time": 0, "angle": 0 },
					{ "time": 0.3333, "angle": 0.25 },
					{ "time": 0.8333, "angle": -5.25 },
					{ "time": 1.3333, "angle": 0 }
				],
				"translate": [
					{ "time": 0, "x": 0, "y": 0, "curve": "stepped" },
					{ "time": 1.3333, "x": 0, "y": 0 }
				]
			},
			"Hand_R": {
				"rotate": [
					{ "time": 0, "angle": 0 },
					{ "time": 0.5, "angle": 17.21 },
					{ "time": 1, "angle": -1.76 },
					{ "time": 1.3333, "angle": 0 }
				],
				"translate": [
					{ "time": 0, "x": 0, "y": 0 },
					{ "time": 0.5, "x": 1.27, "y": 0.09 },
					{ "time": 1, "x": -2.92, "y": -0.07 },
					{ "time": 1.3333, "x": 0, "y": 0 }
				]
			},
			"Hand_L": {
				"rotate": [
					{ "time": 0, "angle": 0 },
					{ "time": 0.8333, "angle": 12.64 },
					{ "time": 1.3333, "angle": 0 }
				],
				"translate": [
					{ "time": 0, "x": 0, "y": 0, "curve": "stepped" },
					{ "time": 1.3333, "x": 0, "y": 0 }
				]
			},
			"Smoke_R1": {
				"rotate": [
					{ "time": 0, "angle": 0, "curve": "stepped" },
					{ "time": 1.3333, "angle": 0 }
				],
				"translate": [
					{ "time": 0, "x": 0, "y": 0, "curve": "stepped" },
					{ "time": 1.3333, "x": 0, "y": 0 }
				]
			},
			"Smoke_L1": {
				"rotate": [
					{ "time": 0, "angle": 0, "curve": "stepped" },
					{ "time": 1.3333, "angle": 0 }
				],
				"translate": [
					{ "time": 0, "x": 0, "y": 0, "curve": "stepped" },
					{ "time": 1.3333, "x": 0, "y": 0 }
				]
			},
			"JR": {
				"rotate": [
					{ "time": 0, "angle": 0 },
					{ "time": 0.5, "angle": -19.68 },
					{ "time": 1, "angle": 6.9 },
					{ "time": 1.3333, "angle": 0 }
				],
				"translate": [
					{ "time": 0, "x": 0, "y": 0, "curve": "stepped" },
					{ "time": 1.3333, "x": 0, "y": 0 }
				]
			},
			"JL": {
				"rotate": [
					{ "time": 0, "angle": 0 },
					{ "time": 0.5, "angle": -13.44 },
					{ "time": 1, "angle": 8.98 },
					{ "time": 1.3333, "angle": 0 }
				],
				"translate": [
					{ "time": 0, "x": 0, "y": 0, "curve": "stepped" },
					{ "time": 1.3333, "x": 0, "y": 0 }
				]
			},
			"GJ_R": {
				"rotate": [
					{ "time": 0, "angle": 0 },
					{ "time": 0.5, "angle": -13.71 },
					{ "time": 0.8333, "angle": 27.39 },
					{ "time": 1.3333, "angle": 0 }
				],
				"translate": [
					{ "time": 0, "x": 0, "y": 0, "curve": "stepped" },
					{ "time": 1.3333, "x": 0, "y": 0 }
				]
			},
			"GJ_L": {
				"rotate": [
					{ "time": 0, "angle": 0 },
					{ "time": 0.5, "angle": -30.03 },
					{ "time": 0.8333, "angle": 19.27 },
					{ "time": 1.3333, "angle": 0 }
				],
				"translate": [
					{ "time": 0, "x": 0, "y": 0, "curve": "stepped" },
					{ "time": 1.3333, "x": 0, "y": 0 }
				]
			},
			"ZP": {
				"rotate": [
					{ "time": 0, "angle": 0 },
					{ "time": 0.5, "angle": 11.63 },
					{ "time": 1.3333, "angle": 0 }
				],
				"translate": [
					{ "time": 0, "x": 0, "y": 0, "curve": "stepped" },
					{ "time": 1.3333, "x": 0, "y": 0 }
				]
			},
			"D": {
				"rotate": [
					{ "time": 0, "angle": 0 },
					{ "time": 0.5, "angle": -16.1 },
					{ "time": 1, "angle": 7.76 },
					{ "time": 1.3333, "angle": 0 }
				],
				"translate": [
					{ "time": 0, "x": 0, "y": 0, "curve": "stepped" },
					{ "time": 1.3333, "x": 0, "y": 0 }
				]
			},
			"Z": {
				"rotate": [
					{ "time": 0, "angle": 0, "curve": "stepped" },
					{ "time": 1.3333, "angle": 0 }
				],
				"translate": [
					{ "time": 0, "x": 0, "y": 0, "curve": "stepped" },
					{ "time": 1.3333, "x": 0, "y": 0 }
				]
			},
			"hand_L2": {
				"rotate": [
					{ "time": 0, "angle": 0, "curve": "stepped" },
					{ "time": 1.3333, "angle": 0 }
				],
				"translate": [
					{ "time": 0, "x": 0, "y": 0, "curve": "stepped" },
					{ "time": 1.3333, "x": 0, "y": 0 }
				]
			},
			"Expression": {
				"rotate": [
					{ "time": 0, "angle": 0, "curve": "stepped" },
					{ "time": 1.3333, "angle": 0 }
				],
				"translate": [
					{ "time": 0, "x": 0, "y": 0, "curve": "stepped" },
					{ "time": 1.3333, "x": 0, "y": 0 }
				]
			},
			"Dialogue": {
				"rotate": [
					{ "time": 0, "angle": 0, "curve": "stepped" },
					{ "time": 1.3333, "angle": 0 }
				],
				"translate": [
					{ "time": 0, "x": 0, "y": 0, "curve": "stepped" },
					{ "time": 1.3333, "x": 0, "y": 0 }
				]
			},
			"Damage_Point": {
				"rotate": [
					{ "time": 0, "angle": 0, "curve": "stepped" },
					{ "time": 1.3333, "angle": 0 }
				],
				"translate": [
					{ "time": 0, "x": 0, "y": 0, "curve": "stepped" },
					{ "time": 1.3333, "x": 0, "y": 0 }
				]
			},
			"bone3": {
				"rotate": [
					{ "time": 0, "angle": 0 },
					{ "time": 0.5, "angle": 7.56 },
					{ "time": 1, "angle": -6.91 },
					{ "time": 1.3333, "angle": 0 }
				],
				"translate": [
					{ "time": 0, "x": 0, "y": 0, "curve": "stepped" },
					{ "time": 1.3333, "x": 0, "y": 0 }
				]
			},
			"bone2": {
				"rotate": [
					{ "time": 0, "angle": 0 },
					{ "time": 0.5, "angle": 7.56 },
					{ "time": 1, "angle": -6.91 },
					{ "time": 1.3333, "angle": 0 }
				],
				"translate": [
					{ "time": 0, "x": 0, "y": 0, "curve": "stepped" },
					{ "time": 1.3333, "x": 0, "y": 0 }
				]
			},
			"DR": {
				"rotate": [
					{ "time": 0, "angle": 0 },
					{ "time": 0.5, "angle": 7.56 },
					{ "time": 1, "angle": -6.91 },
					{ "time": 1.3333, "angle": 0 }
				],
				"translate": [
					{ "time": 0, "x": 0, "y": 0, "curve": "stepped" },
					{ "time": 1.3333, "x": 0, "y": 0 }
				]
			},
			"bone5": {
				"rotate": [
					{ "time": 0, "angle": 0 },
					{ "time": 0.5, "angle": -8.82 },
					{ "time": 1, "angle": 6.07 },
					{ "time": 1.3333, "angle": 0 }
				],
				"translate": [
					{ "time": 0, "x": 0, "y": 0, "curve": "stepped" },
					{ "time": 1.3333, "x": 0, "y": 0 }
				]
			},
			"bone4": {
				"rotate": [
					{ "time": 0, "angle": 0 },
					{ "time": 0.5, "angle": -8.82 },
					{ "time": 1, "angle": 6.07 },
					{ "time": 1.3333, "angle": 0 }
				],
				"translate": [
					{ "time": 0, "x": 0, "y": 0, "curve": "stepped" },
					{ "time": 1.3333, "x": 0, "y": 0 }
				]
			},
			"DL": {
				"rotate": [
					{ "time": 0, "angle": 0 },
					{ "time": 0.5, "angle": -8.82 },
					{ "time": 1, "angle": 6.07 },
					{ "time": 1.3333, "angle": 0 }
				],
				"translate": [
					{ "time": 0, "x": 0, "y": 0, "curve": "stepped" },
					{ "time": 1.3333, "x": 0, "y": 0 }
				]
			},
			"Attack_Point": {
				"rotate": [
					{ "time": 0, "angle": 0, "curve": "stepped" },
					{ "time": 1.3333, "angle": 0 }
				],
				"translate": [
					{ "time": 0, "x": 0, "y": 0, "curve": "stepped" },
					{ "time": 1.3333, "x": 0, "y": 0 }
				]
			},
			"Antiaircraft": {
				"rotate": [
					{ "time": 0, "angle": 0, "curve": "stepped" },
					{ "time": 1.3333, "angle": 0 }
				],
				"translate": [
					{ "time": 0, "x": 0, "y": 0, "curve": "stepped" },
					{ "time": 1.3333, "x": 0, "y": 0 }
				]
			}
		},
		"events": [
			{ "time": 0.5666, "name": "throw_point" }
		]
	},
	"wreck": {
		"slots": {
			"BOW": {
				"color": [
					{ "time": 0, "color": "ffffff45" },
					{ "time": 1, "color": "ffffff89" },
					{ "time": 2, "color": "ffffff45" }
				]
			},
			"D_light": {
				"attachment": [
					{ "time": 0, "name": null }
				]
			},
			"GJ_R_light": {
				"attachment": [
					{ "time": 0, "name": null }
				]
			},
			"Light_Body": {
				"attachment": [
					{ "time": 0, "name": null }
				]
			},
			"Rodney_body_normal": {
				"attachment": [
					{ "time": 0, "name": "Body_Change" }
				]
			},
			"Rodney_eyes_normal": {
				"attachment": [
					{ "time": 0, "name": "Rodney_eyes_damage" }
				]
			},
			"Rodney_ship_armor_normal": {
				"attachment": [
					{ "time": 0, "name": "Ship_armor_normal" }
				]
			},
			"ZZ_light": {
				"attachment": [
					{ "time": 0, "name": null }
				]
			},
			"head_light": {
				"attachment": [
					{ "time": 0, "name": null }
				]
			}
		},
		"bones": {
			"Attack_Point": {
				"rotate": [
					{ "time": 0, "angle": 0, "curve": "stepped" },
					{ "time": 2, "angle": 0 }
				],
				"translate": [
					{ "time": 0, "x": 0, "y": 0, "curve": "stepped" },
					{ "time": 2, "x": 0, "y": 0 }
				]
			},
			"Z": {
				"rotate": [
					{ "time": 0, "angle": 0 },
					{ "time": 1, "angle": 1.52 },
					{ "time": 2, "angle": 0 }
				],
				"translate": [
					{ "time": 0, "x": 0, "y": 0, "curve": "stepped" },
					{ "time": 2, "x": 0, "y": 0 }
				]
			},
			"Face": {
				"rotate": [
					{ "time": 0, "angle": 0, "curve": "stepped" },
					{ "time": 2, "angle": 0 }
				],
				"translate": [
					{
						"time": 0,
						"x": 0,
						"y": 0,
						"curve": [ 0.286, 0.34, 0.623, 0.67 ]
					},
					{
						"time": 0.5,
						"x": 0.64,
						"y": 0,
						"curve": [ 0.282, 0.37, 0.624, 0.71 ]
					},
					{
						"time": 1.5,
						"x": -1.28,
						"y": 0,
						"curve": [ 0.321, 0.37, 0.656, 0.71 ]
					},
					{ "time": 2, "x": 0, "y": 0 }
				]
			},
			"GJ_R": {
				"rotate": [
					{ "time": 0, "angle": 0 },
					{ "time": 0.6666, "angle": 9.83 },
					{ "time": 1.3333, "angle": -10.78 },
					{ "time": 2, "angle": 0 }
				],
				"translate": [
					{ "time": 0, "x": 0, "y": 0, "curve": "stepped" },
					{ "time": 2, "x": 0, "y": 0 }
				]
			},
			"GJ_L": {
				"rotate": [
					{ "time": 0, "angle": 0 },
					{ "time": 0.6666, "angle": -14.36 },
					{ "time": 1.3333, "angle": 11.39 },
					{ "time": 2, "angle": 0 }
				],
				"translate": [
					{ "time": 0, "x": 0, "y": 0, "curve": "stepped" },
					{ "time": 2, "x": 0, "y": 0 }
				]
			},
			"JL": {
				"rotate": [
					{ "time": 0, "angle": 0 },
					{ "time": 1, "angle": 8.96 },
					{ "time": 2, "angle": 0 }
				],
				"translate": [
					{ "time": 0, "x": 0, "y": 0 },
					{ "time": 1, "x": 0, "y": 4.17 },
					{ "time": 2, "x": 0, "y": 0 }
				]
			},
			"Smoke_R1": {
				"rotate": [
					{ "time": 0, "angle": 0, "curve": "stepped" },
					{ "time": 2, "angle": 0 }
				],
				"translate": [
					{ "time": 0, "x": 0, "y": 0, "curve": "stepped" },
					{ "time": 2, "x": 0, "y": 0 }
				]
			},
			"D": {
				"rotate": [
					{ "time": 0, "angle": 0 },
					{ "time": 0.6666, "angle": -5.85 },
					{ "time": 1.3333, "angle": 2.43 },
					{ "time": 2, "angle": 0 }
				],
				"translate": [
					{ "time": 0, "x": 0, "y": 0, "curve": "stepped" },
					{ "time": 2, "x": 0, "y": 0 }
				]
			},
			"Root_All": {
				"rotate": [
					{ "time": 0, "angle": 0, "curve": "stepped" },
					{ "time": 2, "angle": 0 }
				],
				"translate": [
					{
						"time": 0,
						"x": 0,
						"y": 0,
						"curve": [ 0.255, 0.35, 0.6, 0.7 ]
					},
					{
						"time": 0.5,
						"x": 0,
						"y": -9.82,
						"curve": [ 0.3, 0.39, 0.641, 0.74 ]
					},
					{
						"time": 1,
						"x": 0,
						"y": -15.66,
						"curve": [ 0.322, 0.37, 0.652, 0.7 ]
					},
					{
						"time": 1.5,
						"x": 0,
						"y": -7.79,
						"curve": [ 0.314, 0.36, 0.644, 0.68 ]
					},
					{ "time": 2, "x": 0, "y": 0 }
				]
			},
			"Ship": {
				"rotate": [
					{ "time": 0, "angle": 0, "curve": "stepped" },
					{ "time": 2, "angle": 0 }
				],
				"translate": [
					{
						"time": 0,
						"x": 0,
						"y": 0,
						"curve": [ 0.331, 0.33, 0.664, 0.66 ]
					},
					{
						"time": 1,
						"x": -4.17,
						"y": 0,
						"curve": [ 0.331, 0.33, 0.664, 0.66 ]
					},
					{ "time": 2, "x": 0, "y": 0 }
				]
			},
			"Body": {
				"rotate": [
					{ "time": 0, "angle": 0, "curve": "stepped" },
					{ "time": 2, "angle": 0 }
				],
				"translate": [
					{ "time": 0, "x": 0, "y": 0, "curve": "stepped" },
					{ "time": 2, "x": 0, "y": 0 }
				]
			},
			"bone3": {
				"rotate": [
					{ "time": 0, "angle": 0 },
					{ "time": 1, "angle": -12.97 },
					{ "time": 2, "angle": 0 }
				],
				"translate": [
					{ "time": 0, "x": 0, "y": 0, "curve": "stepped" },
					{ "time": 2, "x": 0, "y": 0 }
				]
			},
			"ZP": {
				"rotate": [
					{ "time": 0, "angle": 0 },
					{ "time": 1, "angle": 6.86 },
					{ "time": 2, "angle": 0 }
				],
				"translate": [
					{ "time": 0, "x": 0, "y": 0, "curve": "stepped" },
					{ "time": 2, "x": 0, "y": 0 }
				]
			},
			"Hand_L": {
				"rotate": [
					{ "time": 0, "angle": 0 },
					{ "time": 1, "angle": 4.02 },
					{ "time": 2, "angle": 0 }
				],
				"translate": [
					{ "time": 0, "x": 0, "y": 0, "curve": "stepped" },
					{ "time": 2, "x": 0, "y": 0 }
				]
			},
			"bone2": {
				"rotate": [
					{ "time": 0, "angle": 0 },
					{ "time": 1, "angle": 9.3 },
					{ "time": 2, "angle": 0 }
				],
				"translate": [
					{ "time": 0, "x": 0, "y": 0, "curve": "stepped" },
					{ "time": 2, "x": 0, "y": 0 }
				]
			},
			"Antiaircraft": {
				"rotate": [
					{ "time": 0, "angle": 0, "curve": "stepped" },
					{ "time": 2, "angle": 0 }
				],
				"translate": [
					{ "time": 0, "x": 0, "y": 0, "curve": "stepped" },
					{ "time": 2, "x": 0, "y": 0 }
				]
			},
			"Head": {
				"rotate": [
					{ "time": 0, "angle": 0 },
					{ "time": 0.5, "angle": -2.11 },
					{ "time": 1, "angle": 0 },
					{ "time": 1.5, "angle": 2.42 },
					{ "time": 2, "angle": 0 }
				],
				"translate": [
					{ "time": 0, "x": 0, "y": 0, "curve": "stepped" },
					{ "time": 1, "x": 0, "y": 0, "curve": "stepped" },
					{ "time": 2, "x": 0, "y": 0 }
				]
			},
			"DR": {
				"rotate": [
					{ "time": 0, "angle": 0 },
					{ "time": 1, "angle": 2.8 },
					{ "time": 2, "angle": 0 }
				],
				"translate": [
					{ "time": 0, "x": 0, "y": 0, "curve": "stepped" },
					{ "time": 2, "x": 0, "y": 0 }
				]
			},
			"DL": {
				"rotate": [
					{ "time": 0, "angle": 0 },
					{ "time": 1, "angle": -5.29 },
					{ "time": 2, "angle": 0 }
				],
				"translate": [
					{ "time": 0, "x": 0, "y": 0, "curve": "stepped" },
					{ "time": 2, "x": 0, "y": 0 }
				]
			},
			"Hand_R": {
				"rotate": [
					{ "time": 0, "angle": 0, "curve": "stepped" },
					{ "time": 2, "angle": 0 }
				],
				"translate": [
					{ "time": 0, "x": 0, "y": 0 },
					{ "time": 1, "x": 1.74, "y": 0 },
					{ "time": 2, "x": 0, "y": 0 }
				]
			},
			"JR": {
				"rotate": [
					{ "time": 0, "angle": 0 },
					{ "time": 1, "angle": -6.63 },
					{ "time": 2, "angle": 0 }
				],
				"translate": [
					{ "time": 0, "x": 0, "y": 0, "curve": "stepped" },
					{ "time": 2, "x": 0, "y": 0 }
				]
			},
			"bone5": {
				"rotate": [
					{ "time": 0, "angle": 0 },
					{ "time": 1, "angle": 7.65 },
					{ "time": 2, "angle": 0 }
				],
				"translate": [
					{ "time": 0, "x": 0, "y": 0, "curve": "stepped" },
					{ "time": 2, "x": 0, "y": 0 }
				]
			},
			"Ship_All": {
				"rotate": [
					{ "time": 0, "angle": 0, "curve": "stepped" },
					{ "time": 2, "angle": 0 }
				],
				"translate": [
					{ "time": 0, "x": 0, "y": 0, "curve": "stepped" },
					{ "time": 2, "x": 0, "y": 0 }
				]
			},
			"bone4": {
				"rotate": [
					{ "time": 0, "angle": 0 },
					{ "time": 1, "angle": -5.29 },
					{ "time": 2, "angle": 0 }
				],
				"translate": [
					{ "time": 0, "x": 0, "y": 0, "curve": "stepped" },
					{ "time": 2, "x": 0, "y": 0 }
				]
			},
			"Damage_Point": {
				"rotate": [
					{ "time": 0, "angle": 0, "curve": "stepped" },
					{ "time": 2, "angle": 0 }
				],
				"translate": [
					{ "time": 0, "x": 0, "y": 0, "curve": "stepped" },
					{ "time": 2, "x": 0, "y": 0 }
				]
			},
			"hand_L2": {
				"rotate": [
					{ "time": 0, "angle": 0 },
					{ "time": 1, "angle": -3.51 },
					{ "time": 2, "angle": 0 }
				],
				"translate": [
					{ "time": 0, "x": 0, "y": 0, "curve": "stepped" },
					{ "time": 2, "x": 0, "y": 0 }
				]
			},
			"Expression": {
				"rotate": [
					{ "time": 0, "angle": 0, "curve": "stepped" },
					{ "time": 2, "angle": 0 }
				],
				"translate": [
					{ "time": 0, "x": 0, "y": 0, "curve": "stepped" },
					{ "time": 2, "x": 0, "y": 0 }
				]
			},
			"Dialogue": {
				"rotate": [
					{ "time": 0, "angle": 0, "curve": "stepped" },
					{ "time": 2, "angle": 0 }
				],
				"translate": [
					{ "time": 0, "x": 0, "y": 0, "curve": "stepped" },
					{ "time": 2, "x": 0, "y": 0 }
				]
			},
			"Smoke_L1": {
				"rotate": [
					{ "time": 0, "angle": 0, "curve": "stepped" },
					{ "time": 2, "angle": 0 }
				],
				"translate": [
					{ "time": 0, "x": 0, "y": 0, "curve": "stepped" },
					{ "time": 2, "x": 0, "y": 0 }
				]
			},
			"Throw_Point": {
				"rotate": [
					{ "time": 0, "angle": 0, "curve": "stepped" },
					{ "time": 2, "angle": 0 }
				],
				"translate": [
					{ "time": 0, "x": 0, "y": 0, "curve": "stepped" },
					{ "time": 2, "x": 0, "y": 0 }
				]
			}
		}
	}
}
}