{
"skeleton": { "hash": "ZZeUvD/JsyIEO+p7lhW0ambIXJk", "spine": "3.2.01", "width": 244.27, "height": 246.36, "images": "" },
"bones": [
	{ "name": "root" },
	{ "name": "bone", "parent": "root", "x": 0.31, "y": 1.97 },
	{ "name": "Expression", "parent": "bone", "x": 28.41, "y": 23.93 },
	{ "name": "fix", "parent": "Expression", "x": -0.42, "y": 0.67, "scaleX": 1.22, "scaleY": 1.22 },
	{ "name": "box", "parent": "fix", "x": -18.41, "y": 2.09 },
	{ "name": "light", "parent": "box", "x": -0.43, "y": 13.45 },
	{ "name": "starts", "parent": "bone", "rotation": -13.96, "x": 12.11, "y": 25.15 }
],
"slots": [
	{ "name": "start1", "bone": "starts", "attachment": "start4" },
	{ "name": "fix", "bone": "box", "attachment": "fix" },
	{ "name": "light", "bone": "light", "attachment": "light", "blend": "additive" }
],
"skins": {
	"default": {
		"fix": {
			"fix": { "x": 5.93, "y": -4.23, "width": 200, "height": 200 }
		},
		"light": {
			"light": { "x": 6.53, "y": -16.77, "width": 200, "height": 200 }
		},
		"start1": {
			"start1": { "width": 200, "height": 200 },
			"start2": { "width": 200, "height": 200 },
			"start3": { "width": 200, "height": 200 },
			"start4": { "width": 200, "height": 200 }
		}
	}
},
"animations": {
	"end": {
		"slots": {
			"fix": {
				"attachment": [
					{ "time": 0, "name": "fix" },
					{ "time": 0.2666, "name": null }
				]
			},
			"light": {
				"color": [
					{ "time": 0.2, "color": "ffffff39" },
					{ "time": 0.2666, "color": "ffffff00" }
				]
			},
			"start1": {
				"attachment": [
					{ "time": 0.1333, "name": "start4" },
					{ "time": 0.2, "name": "start3" },
					{ "time": 0.2666, "name": "start2" },
					{ "time": 0.3333, "name": "start1" }
				]
			}
		},
		"bones": {
			"root": {
				"rotate": [
					{ "time": 0, "angle": 0 }
				],
				"translate": [
					{ "time": 0, "x": 0, "y": 0 }
				],
				"scale": [
					{ "time": 0, "x": 1, "y": 1 }
				],
				"shear": [
					{ "time": 0, "x": 0, "y": 0 }
				]
			},
			"starts": {
				"rotate": [
					{ "time": 0, "angle": 0 }
				],
				"translate": [
					{ "time": 0, "x": 0, "y": 0 }
				],
				"scale": [
					{ "time": 0, "x": 1, "y": 1 }
				],
				"shear": [
					{ "time": 0, "x": 0, "y": 0 }
				]
			},
			"Expression": {
				"rotate": [
					{ "time": 0, "angle": 0 }
				],
				"translate": [
					{ "time": 0, "x": 0, "y": 0 }
				],
				"scale": [
					{ "time": 0, "x": 1, "y": 1 }
				],
				"shear": [
					{ "time": 0, "x": 0, "y": 0 }
				]
			},
			"bone": {
				"rotate": [
					{ "time": 0, "angle": 0, "curve": "stepped" },
					{ "time": 0.3, "angle": 0 },
					{ "time": 0.3333, "angle": 9.19 },
					{ "time": 0.3666, "angle": -15.35 }
				],
				"translate": [
					{ "time": 0, "x": 0, "y": 0, "curve": "stepped" },
					{ "time": 0.3, "x": 0, "y": 0 },
					{ "time": 0.3333, "x": -9.99, "y": 2 },
					{ "time": 0.3666, "x": 10, "y": -1 }
				],
				"scale": [
					{ "time": 0, "x": 1, "y": 1 },
					{ "time": 0.0666, "x": 0.874, "y": 0.874 },
					{ "time": 0.1333, "x": 1.219, "y": 1.219 }
				],
				"shear": [
					{ "time": 0, "x": 0, "y": 0 }
				]
			},
			"fix": {
				"translate": [
					{ "time": 0, "x": 0, "y": 0 },
					{ "time": 0.2, "x": -7.11, "y": 1.82 }
				],
				"scale": [
					{ "time": 0, "x": 1, "y": 1 },
					{ "time": 0.2, "x": 0.584, "y": 0.584 }
				]
			}
		}
	},
	"event_study": {
		"slots": {
			"fix": {
				"attachment": [
					{ "time": 0, "name": null },
					{ "time": 0.0666, "name": "fix" }
				]
			},
			"light": {
				"color": [
					{ "time": 0, "color": "ffffff00" },
					{ "time": 0.1666, "color": "ffffffad" },
					{ "time": 0.8333, "color": "ffffff51" },
					{ "time": 1.3333, "color": "ffffffce" },
					{ "time": 2, "color": "ffffffe4" }
				]
			},
			"start1": {
				"attachment": [
					{ "time": 0, "name": "start1" },
					{ "time": 0.0333, "name": "start2" },
					{ "time": 0.0666, "name": "start3" },
					{ "time": 0.1, "name": "start4" }
				]
			}
		},
		"bones": {
			"Expression": {
				"rotate": [
					{ "time": 0, "angle": 0, "curve": "stepped" },
					{ "time": 2, "angle": 0 }
				],
				"translate": [
					{ "time": 0, "x": 0, "y": 0 },
					{ "time": 2, "x": -0.94, "y": 3.2 }
				],
				"scale": [
					{ "time": 0, "x": 1, "y": 1, "curve": "stepped" },
					{ "time": 2, "x": 1, "y": 1 }
				],
				"shear": [
					{ "time": 0, "x": 0, "y": 0, "curve": "stepped" },
					{ "time": 2, "x": 0, "y": 0 }
				]
			},
			"root": {
				"rotate": [
					{ "time": 0, "angle": 0 }
				],
				"translate": [
					{ "time": 0, "x": 0, "y": 0, "curve": "stepped" },
					{ "time": 2, "x": 0, "y": 0 }
				],
				"scale": [
					{ "time": 0, "x": 1, "y": 1, "curve": "stepped" },
					{ "time": 2, "x": 1, "y": 1 }
				],
				"shear": [
					{ "time": 0, "x": 0, "y": 0, "curve": "stepped" },
					{ "time": 2, "x": 0, "y": 0 }
				]
			},
			"starts": {
				"rotate": [
					{ "time": 0, "angle": 0 }
				],
				"translate": [
					{ "time": 0, "x": 0, "y": 0, "curve": "stepped" },
					{ "time": 2, "x": 0, "y": 0 }
				],
				"scale": [
					{ "time": 0, "x": 1, "y": 1, "curve": "stepped" },
					{ "time": 2, "x": 1, "y": 1 }
				],
				"shear": [
					{ "time": 0, "x": 0, "y": 0, "curve": "stepped" },
					{ "time": 2, "x": 0, "y": 0 }
				]
			},
			"bone": {
				"rotate": [
					{ "time": 0, "angle": 0 },
					{ "time": 0.1666, "angle": 7.81 },
					{ "time": 0.3333, "angle": 0.59 },
					{ "time": 1.1666, "angle": 9.48 },
					{ "time": 2, "angle": 0 }
				],
				"translate": [
					{ "time": 0, "x": 0, "y": 0 },
					{ "time": 0.1666, "x": -0.91, "y": 0 },
					{ "time": 0.3333, "x": -0.52, "y": -0.91 },
					{ "time": 1.1666, "x": -3.57, "y": 0 },
					{ "time": 2, "x": 0, "y": 0 }
				],
				"scale": [
					{ "time": 0, "x": 1, "y": 1, "curve": "stepped" },
					{ "time": 2, "x": 1, "y": 1 }
				],
				"shear": [
					{ "time": 0, "x": 0, "y": 0, "curve": "stepped" },
					{ "time": 2, "x": 0, "y": 0 }
				]
			},
			"fix": {
				"rotate": [
					{ "time": 0.1666, "angle": -9.54 },
					{ "time": 0.3333, "angle": -6.53 },
					{ "time": 2, "angle": -5.87 }
				],
				"translate": [
					{ "time": 0, "x": 0, "y": 0 },
					{ "time": 0.0666, "x": -9.22, "y": 4.01 },
					{ "time": 0.1666, "x": 0, "y": 0 },
					{ "time": 0.3333, "x": -0.61, "y": -0.14 },
					{ "time": 2, "x": 1.08, "y": -0.88 }
				],
				"scale": [
					{ "time": 0, "x": 1, "y": 1 },
					{ "time": 0.0666, "x": 0.625, "y": 0.625 },
					{ "time": 0.1, "x": 1, "y": 1 }
				]
			},
			"box": {
				"rotate": [
					{ "time": 0, "angle": 0, "curve": "stepped" },
					{ "time": 2, "angle": 0 }
				],
				"translate": [
					{ "time": 0, "x": 0.44, "y": -4.31, "curve": "stepped" },
					{ "time": 2, "x": 0.44, "y": -4.31 }
				]
			}
		}
	},
	"study": {
		"slots": {
			"light": {
				"color": [
					{ "time": 0, "color": "ffffffe4" },
					{ "time": 0.3333, "color": "ffffff51" },
					{ "time": 0.6666, "color": "ffffffd8" },
					{ "time": 0.8333, "color": "ffffff8a" },
					{ "time": 1, "color": "ffffffff" },
					{ "time": 1.1666, "color": "ffffff51" },
					{ "time": 1.5, "color": "ffffffd8" },
					{ "time": 1.6666, "color": "ffffff8a" },
					{ "time": 2, "color": "ffffffe4" }
				]
			},
			"start1": {
				"attachment": [
					{ "time": 0, "name": "start4" }
				]
			}
		},
		"bones": {
			"Expression": {
				"rotate": [
					{ "time": 0, "angle": 0, "curve": "stepped" },
					{ "time": 2, "angle": 0 }
				],
				"translate": [
					{ "time": 0, "x": -0.94, "y": 3.2, "curve": "stepped" },
					{ "time": 2, "x": -0.94, "y": 3.2 }
				],
				"scale": [
					{ "time": 0, "x": 1, "y": 1, "curve": "stepped" },
					{ "time": 2, "x": 1, "y": 1 }
				],
				"shear": [
					{ "time": 0, "x": 0, "y": 0, "curve": "stepped" },
					{ "time": 2, "x": 0, "y": 0 }
				]
			},
			"root": {
				"rotate": [
					{ "time": 0, "angle": 0 }
				],
				"translate": [
					{ "time": 0, "x": 0, "y": 0, "curve": "stepped" },
					{ "time": 2, "x": 0, "y": 0 }
				],
				"scale": [
					{ "time": 0, "x": 1, "y": 1, "curve": "stepped" },
					{ "time": 2, "x": 1, "y": 1 }
				],
				"shear": [
					{ "time": 0, "x": 0, "y": 0, "curve": "stepped" },
					{ "time": 2, "x": 0, "y": 0 }
				]
			},
			"starts": {
				"rotate": [
					{ "time": 0, "angle": 0 }
				],
				"translate": [
					{ "time": 0, "x": 0, "y": 0, "curve": "stepped" },
					{ "time": 2, "x": 0, "y": 0 }
				],
				"scale": [
					{ "time": 0, "x": 1, "y": 1, "curve": "stepped" },
					{ "time": 2, "x": 1, "y": 1 }
				],
				"shear": [
					{ "time": 0, "x": 0, "y": 0, "curve": "stepped" },
					{ "time": 2, "x": 0, "y": 0 }
				]
			},
			"bone": {
				"rotate": [
					{ "time": 0, "angle": 0 },
					{ "time": 1, "angle": 9.48 },
					{ "time": 2, "angle": 0 }
				],
				"translate": [
					{ "time": 0, "x": 0, "y": 0 },
					{ "time": 1, "x": -3.57, "y": 0 },
					{ "time": 2, "x": 0, "y": 0 }
				],
				"scale": [
					{ "time": 0, "x": 1, "y": 1, "curve": "stepped" },
					{ "time": 2, "x": 1, "y": 1 }
				],
				"shear": [
					{ "time": 0, "x": 0, "y": 0, "curve": "stepped" },
					{ "time": 2, "x": 0, "y": 0 }
				]
			},
			"fix": {
				"rotate": [
					{ "time": 0, "angle": -5.87, "curve": "stepped" },
					{ "time": 2, "angle": -5.87 }
				],
				"translate": [
					{ "time": 0, "x": 1.08, "y": -0.88, "curve": "stepped" },
					{ "time": 2, "x": 1.08, "y": -0.88 }
				]
			},
			"box": {
				"rotate": [
					{ "time": 0, "angle": 0 },
					{ "time": 0.6666, "angle": -4.97 },
					{ "time": 1.3333, "angle": 2.01 },
					{ "time": 2, "angle": 0 }
				],
				"translate": [
					{ "time": 0, "x": 0.44, "y": -4.31 },
					{ "time": 0.6666, "x": 0.44, "y": -4.75 },
					{ "time": 1.3333, "x": 0.44, "y": -4.1 },
					{ "time": 2, "x": 0.44, "y": -4.31 }
				]
			},
			"light": {
				"scale": [
					{ "time": 0, "x": 1, "y": 1 },
					{ "time": 1, "x": 0.792, "y": 0.792 },
					{ "time": 2, "x": 1, "y": 1 }
				]
			}
		}
	}
}
}