{
"skeleton": { "hash": "cmmqRkoLynEqokKnzVYdMDcJg2c", "spine": "2.1.27", "width": 308.03, "height": 309.04, "images": "" },
"bones": [
	{ "name": "Root_All", "x": 9.22, "y": 11.06, "scaleX": 1.01, "scaleY": 1.01 },
	{ "name": "Ship_All", "parent": "Root_All" },
	{ "name": "Body", "parent": "Ship_All", "length": 255.84, "x": -5.11, "y": -19.41, "rotation": 90 },
	{ "name": "Antiaircraft", "parent": "Body", "length": 44.62, "x": 188.82, "y": -38.35, "rotation": -90 },
	{ "name": "Attack_Point", "parent": "Body", "length": 25.69, "x": 77.86, "y": -56.73, "rotation": -88.64 },
	{ "name": "BB", "parent": "Body", "length": 6.44, "x": 103.61, "y": 8.6, "rotation": 7.68 },
	{ "name": "Behand", "parent": "Body", "length": 56.75, "x": 103.74, "y": 17.5, "rotation": -0.9 },
	{ "name": "Damage_Point", "parent": "Body", "length": 22.56, "x": 100.9, "y": 12.75, "rotation": -90 },
	{ "name": "Dialogue", "parent": "Body", "length": 57.85, "x": 188.67, "y": -42.48, "rotation": -90 },
	{ "name": "Expression", "parent": "Body", "length": 46.33, "x": 204.77, "y": -27.87, "rotation": -42.65 },
	{ "name": "Hand", "parent": "Body", "length": 28.33, "x": 93.81, "y": -26.43, "rotation": 13.71 },
	{ "name": "Head", "parent": "Body", "length": 66.72, "x": 133.38, "y": 11.39, "rotation": -0.9 },
	{ "name": "Smoke_L1", "parent": "Body", "length": 51.75, "x": 95.72, "y": -18.74, "rotation": -54.55 },
	{ "name": "Smoke_R1", "parent": "Body", "length": 79.5, "x": 99.73, "y": 53.73, "rotation": 21.87 },
	{ "name": "Throw_Point", "parent": "Body", "length": 24.91, "x": 54.39, "y": -54.82, "rotation": -88.64 },
	{ "name": "Behand222", "parent": "Behand", "length": 34.92, "x": -27.53, "y": -6.3, "rotation": 168.86 },
	{ "name": "Face", "parent": "Head", "length": 66.94, "x": 47.91, "y": 21, "rotation": -89.09 },
	{ "name": "JZ_L", "parent": "Behand", "length": 55.42, "x": -31.37, "y": 36.4, "rotation": -89.69 },
	{ "name": "JZ_R", "parent": "Behand", "length": 48.52, "x": -28.2, "y": -27.31, "rotation": -91.72 },
	{ "name": "b1", "parent": "BB", "length": 5.22, "x": 2.94, "y": 11.01, "rotation": -10.78 },
	{ "name": "b2", "parent": "BB", "length": 4.72, "x": 0.19, "y": -9.39, "rotation": 2.93 },
	{ "name": "bl", "parent": "BB", "length": 7.25, "x": -6.9, "y": 11.76, "rotation": -9.9 },
	{ "name": "br", "parent": "BB", "length": 7.54, "x": -10.5, "y": -10.58, "rotation": -9.82 },
	{ "name": "glass", "parent": "Head", "length": 15.33, "x": 4.69, "y": -6.47, "rotation": -1.8 }
],
"slots": [
	{ "name": "behand", "bone": "Behand222", "attachment": "change" },
	{ "name": "JZ_R", "bone": "JZ_R", "attachment": "change" },
	{ "name": "JZ_R_light", "bone": "JZ_R", "attachment": "change", "blend": "additive" },
	{ "name": "Rodney_body_normal", "bone": "Body", "attachment": "Body_Change" },
	{ "name": "Light_Body", "bone": "Body", "attachment": "Rodney_ship_body_normal_light" },
	{ "name": "JZ_L", "bone": "JZ_L", "attachment": "change" },
	{ "name": "JZ_L_light", "bone": "JZ_L", "attachment": "change", "blend": "additive" },
	{ "name": "BB", "bone": "BB", "attachment": "change" },
	{ "name": "head", "bone": "Head", "attachment": "head" },
	{ "name": "glass", "bone": "glass", "attachment": "glass" },
	{ "name": "head_light", "bone": "Head", "attachment": "head_light", "blend": "additive" },
	{ "name": "Rodney_eyes_normal", "bone": "Face", "attachment": "Rodney_eyes_normal" },
	{ "name": "hand", "bone": "Hand", "attachment": "hand" },
	{ "name": "hand_light", "bone": "Hand", "attachment": "hand_light", "blend": "additive" }
],
"skins": {
	"default": {
		"Light_Body": {
			"Rodney_ship_body_normal_light": { "x": 131.3, "y": 10.78, "rotation": -90, "width": 300, "height": 300 }
		},
		"Rodney_eyes_normal": {
			"Rodney_eyes_damage": { "x": 19.21, "y": -48.69, "width": 300, "height": 300 },
			"Rodney_eyes_normal": { "x": 19.21, "y": -48.69, "width": 300, "height": 300 }
		},
		"glass": {
			"glass": { "x": -3.92, "y": 5.36, "rotation": -87.29, "width": 300, "height": 300 }
		},
		"hand": {
			"hand": { "x": 46.7, "y": 28.39, "rotation": -103.71, "width": 300, "height": 300 }
		},
		"hand_light": {
			"hand_light": { "x": 46.7, "y": 28.39, "rotation": -103.71, "width": 300, "height": 300 }
		},
		"head": {
			"head": { "x": -0.98, "y": 0.85, "rotation": -89.09, "width": 300, "height": 300 }
		},
		"head_light": {
			"head_light": { "x": -0.98, "y": 0.85, "rotation": -89.09, "width": 300, "height": 300 }
		}
	},
	"damage": {
		"BB": {
			"change": {
				"name": "BB_damage",
				"type": "skinnedmesh",
				"uvs": [ 1, 0.15935, 1, 0.42625, 1, 0.72968, 1, 1, 0.90901, 1, 0.71128, 1, 0.54544, 1, 0.42265, 1, 0.17549, 1, 0, 1, 0, 0.83925, 0, 0.68754, 0, 0.37568, 0, 0.16497, 0, 0, 0.09736, 0, 0.27117, 0, 0.47049, 0, 0.64271, 0, 0.78463, 0, 0.89306, 0, 1, 0, 0.56298, 0.82521, 0.88828, 0.17059, 0.67938, 0.18182, 0.57733, 0.32511, 0.41149, 0.19868, 0.22333, 0.06663, 0.11011, 0.42344, 0.22811, 0.7044, 0.38279, 0.69597, 0.55819, 0.48806, 0.69055, 0.71283, 0.87711, 0.68192, 0.90263, 0.4403 ],
				"triangles": [ 27, 15, 16, 20, 21, 0, 13, 14, 15, 23, 19, 20, 23, 20, 0, 24, 18, 19, 24, 19, 23, 26, 16, 17, 27, 16, 26, 17, 24, 26, 24, 17, 18, 25, 26, 24, 13, 28, 12, 27, 13, 15, 27, 28, 13, 28, 27, 26, 23, 0, 1, 34, 23, 1, 24, 23, 34, 25, 24, 34, 31, 26, 25, 31, 25, 34, 28, 26, 31, 34, 32, 31, 11, 12, 28, 30, 28, 31, 29, 11, 28, 30, 29, 28, 33, 32, 34, 30, 31, 32, 33, 34, 1, 2, 33, 1, 22, 30, 32, 10, 11, 29, 8, 9, 10, 29, 8, 10, 7, 30, 22, 29, 30, 7, 8, 29, 7, 6, 7, 22, 5, 32, 33, 22, 32, 5, 6, 22, 5, 4, 33, 2, 5, 33, 4, 4, 2, 3 ],
				"vertices": [ 3, 5, 0.14, -19.27, 0, 20, -0.56, -9.85999, 0.18998, 22, 11.97, -6.74, 0.81, 3, 5, -5.41, -18.53, 0, 20, -6.07, -8.83, 0.00925, 22, 6.36, -6.96, 0.99074, 1, 22, 0, -7.2, 1, 1, 22, -5.67, -7.41, 1, 2, 21, -5.49, -26.69, 2.0E-4, 22, -5.79, -4.05, 0.99979, 3, 5, -15.93, -6.33, 0.09869, 21, -5.77, -19.37999, 0.08813, 22, -6.07, 3.25, 0.81317, 3, 5, -15.11, -0.25, 0.26705, 21, -6.01, -13.25, 0.36333, 22, -6.3, 9.39, 0.3696, 3, 5, -14.5, 4.23999, 0.23694, 21, -6.19, -8.71, 0.61486, 22, -6.47, 13.93, 0.14819, 3, 5, -13.28, 13.3, 0.01727, 21, -6.55, 0.42, 0.97732, 22, -6.82, 23.06, 0.00538, 1, 21, -6.81, 6.91, 1, 2, 19, -13.36, 5.87, 0.00935, 21, -3.43, 7.04, 0.99063, 2, 19, -10.18, 6.05, 0.06747, 21, -0.25, 7.17, 0.93252, 2, 19, -3.64, 6.41, 0.53932, 21, 6.28, 7.42, 0.46067, 2, 19, 0.77, 6.65, 0.93859, 21, 10.7, 7.6, 0.0614, 1, 19, 4.23, 6.84, 1, 1, 19, 4.42999, 3.24, 1, 3, 5, 7.05, 7, 0.29537, 19, 4.78, -3.17, 0.62671, 21, 14.56, -2.28, 0.07791, 3, 5, 6.06, -0.3, 0.98449, 19, 5.17999, -10.54, 0.00563, 20, 6.33, 8.77, 0.00987, 4, 5, 5.21, -6.62, 0.29233, 19, 5.53, -16.9, 3.0E-5, 20, 5.15, 2.51, 0.70759, 21, 15.1, -16.02, 3.0E-5, 2, 20, 4.19, -2.65, 0.82772, 22, 15.01, 1.34, 0.17227, 3, 5, 3.98, -15.8, 1.0E-5, 20, 3.45, -6.59, 0.41865, 22, 15.16, -2.66, 0.58133, 3, 5, 3.45, -19.71999, 0, 20, 2.72, -10.47999, 0.27057, 22, 15.31, -6.62, 0.72941, 4, 5, -11.56, -1.38, 0.30902, 20, -11.33, 8.59, 0.01503, 21, -2.32, -13.75, 0.27803, 22, -2.60999, 8.88, 0.3979, 3, 5, 0.45, -15.14, 0, 20, -0.03, -5.76, 0.22885, 22, 11.57, -2.61999, 0.77114, 3, 5, 1.25, -7.45, 0.204, 19, 1.79, -18.45999, 0, 20, 1.15, 1.87, 0.79598, 4, 5, -1.22, -3.31, 0.71241, 20, -1.1, 6.14, 0.22326, 21, 8.18, -13.87, 0.01667, 22, 7.9, 8.74, 0.04763, 3, 5, 2.22, 2.41, 0.73141, 19, 0.89, -8.58, 0.08031, 21, 10.6, -7.63, 0.18826, 3, 5, 5.9, 8.93999, 0.11095, 19, 3.28, -1.48, 0.83852, 21, 13.09, -0.57, 0.05052, 2, 19, -4.42, 2.28, 0.24399, 21, 5.44, 3.31, 0.756, 3, 5, -7.39, 10.55, 0.04839, 21, -0.27, -1.27, 0.94289, 22, -0.54, 21.35, 0.0087, 4, 5, -7.98, 4.85, 0.28559, 20, -7.43, 14.65, 6.2E-4, 21, 0.12, -6.98, 0.63009, 22, -0.15, 15.64, 0.08368, 4, 5, -4.52, -2.15, 0.58989, 20, -4.34, 7.46, 0.16215, 21, 4.73999, -13.3, 0.09324, 22, 4.44999, 9.32, 0.15469, 4, 5, -9.85, -6.38, 0.18728, 20, -9.88, 3.52, 0.02336, 21, 0.21, -18.37, 0.11295, 22, -0.07, 4.25, 0.67639, 1, 22, 0.83, -2.61999, 1, 2, 5, -5.21999, -14.92, 0, 22, 5.93, -3.37, 1 ],
				"hull": 22,
				"edges": [ 28, 30, 22, 24, 16, 18, 14, 16, 6, 8, 8, 10, 6, 4, 4, 2, 30, 32, 32, 34, 34, 36, 36, 38, 38, 40, 40, 42, 2, 0, 0, 42, 10, 12, 12, 14, 18, 20, 20, 22, 24, 26, 26, 28 ],
				"width": 37,
				"height": 21
			}
		},
		"JZ_L": {
			"change": { "name": "JZ_L_damage", "x": 46.37, "y": 55.9, "rotation": 0.6, "width": 300, "height": 300 }
		},
		"JZ_L_light": {
			"change": { "name": "JZ_L_damage_light", "x": 46.37, "y": 55.9, "rotation": 0.6, "width": 300, "height": 300 }
		},
		"JZ_R": {
			"change": { "name": "JZ_R_damage", "x": -19.23, "y": 52.44, "rotation": 2.63, "width": 300, "height": 300 }
		},
		"JZ_R_light": {
			"change": { "name": "JZ_R_damage_light", "x": -19.23, "y": 52.44, "rotation": 2.63, "width": 300, "height": 300 }
		},
		"Rodney_body_normal": {
			"Body_Change": { "name": "Rodney_body_damage", "x": 131.3, "y": 10.78, "rotation": -90, "width": 300, "height": 300 }
		},
		"behand": {
			"change": { "name": "behand_damage", "x": -52.82, "y": -4.04, "rotation": 102.03, "width": 300, "height": 300 }
		}
	},
	"normal": {
		"BB": {
			"change": {
				"name": "BB",
				"type": "skinnedmesh",
				"uvs": [ 1, 0.16855, 1, 0.41841, 1, 0.67769, 1, 0.86155, 1, 1, 0.8898, 1, 0.7132, 1, 0.56604, 1, 0.42423, 1, 0.16201, 1, 0, 1, 0, 0.80026, 0, 0.40426, 0, 0.24869, 0, 0, 0.12455, 0, 0.29044, 0, 0.49112, 0, 0.60617, 0, 0.78277, 0, 0.91655, 0, 1, 0, 0.24496, 0.08369, 0.06569, 0.11198, 0.04963, 0.76726, 0.57139, 0.84741, 0.88712, 0.17326, 0.69715, 0.11669, 0.56604, 0.28169, 0.37874, 0.15441, 0.12455, 0.44198, 0.23961, 0.63998, 0.3948, 0.66355, 0.54999, 0.51269, 0.68645, 0.66355, 0.86036, 0.62583, 0.88712, 0.39955 ],
				"triangles": [ 22, 15, 16, 23, 14, 15, 23, 15, 22, 27, 18, 19, 29, 16, 17, 22, 16, 29, 20, 21, 0, 26, 19, 20, 26, 20, 0, 27, 19, 26, 13, 14, 23, 28, 17, 18, 28, 18, 27, 29, 17, 28, 36, 26, 0, 30, 12, 13, 36, 0, 1, 22, 13, 23, 30, 22, 29, 22, 30, 13, 33, 29, 28, 30, 29, 33, 27, 36, 28, 36, 27, 26, 35, 36, 1, 36, 33, 28, 36, 34, 33, 31, 30, 33, 35, 34, 36, 32, 31, 33, 32, 33, 34, 35, 1, 2, 24, 12, 30, 24, 30, 31, 11, 12, 24, 25, 32, 34, 35, 2, 3, 9, 10, 11, 9, 24, 31, 9, 11, 24, 8, 32, 25, 9, 31, 32, 8, 9, 32, 7, 8, 25, 34, 5, 6, 3, 34, 35, 25, 34, 6, 7, 25, 6, 3, 5, 34, 5, 3, 4 ],
				"vertices": [ 2, 20, -0.75, -9.82, 0.19814, 22, 11.77, -6.75, 0.80185, 2, 20, -5.91, -8.85999, 0.01883, 22, 6.53, -6.94, 0.98116, 1, 22, 1.09, -7.15, 1, 1, 22, -2.76, -7.3, 1, 1, 22, -5.67, -7.41, 1, 3, 5, -16.81, -12.87, 4.1E-4, 21, -5.52, -25.97, 6.7E-4, 22, -5.82, -3.33, 0.99891, 3, 5, -15.94, -6.4, 0.10595, 21, -5.77, -19.44, 0.07365, 22, -6.07, 3.19, 0.82039, 3, 5, -15.21, -1, 0.28224, 21, -5.99, -14, 0.29088, 22, -6.27, 8.63, 0.42685, 3, 5, -14.51, 4.19, 0.26328, 21, -6.19, -8.76, 0.58417, 22, -6.47, 13.87, 0.15253, 3, 5, -13.22, 13.8, 0.01083, 21, -6.57, 0.92, 0.98625, 22, -6.84, 23.57, 0.00291, 2, 21, -6.81, 6.91, 0.99998, 22, -7.06, 29.56, 1.0E-5, 2, 19, -12.54, 5.92, 0.02084, 21, -2.61999, 7.08, 0.97915, 3, 5, -0.02, 18.08, 0, 19, -4.23999, 6.38, 0.46189, 21, 5.68, 7.41, 0.53809, 3, 5, 3.21, 17.64, 3.0E-5, 19, -0.98, 6.56, 0.79418, 21, 8.95, 7.53, 0.20578, 2, 5, 8.38, 16.95, 1.5E-4, 19, 4.23, 6.84, 0.99984, 1, 19, 4.48, 2.24, 1, 3, 5, 6.95, 6.3, 0.41556, 19, 4.81, -3.88, 0.53846, 21, 14.59, -2.99, 0.04595, 3, 5, 5.96, -1.04999, 0.92299, 19, 5.21999, -11.29, 5.3E-4, 20, 6.19, 8.02, 0.07645, 2, 5, 5.39, -5.27, 0.46261, 20, 5.4, 3.84, 0.53737, 2, 20, 4.19999, -2.57, 0.82676, 22, 15, 1.41, 0.17323, 2, 20, 3.29, -7.44, 0.36148, 22, 15.19, -3.53, 0.63851, 2, 20, 2.72, -10.47, 0.27393, 22, 15.31, -6.61, 0.72606, 3, 5, 5.43, 8.2, 0.25183, 19, 2.97, -2.3, 0.69267, 21, 12.76, -1.38, 0.05548, 3, 5, 5.73, 14.85, 1.1E-4, 19, 2.01, 4.29, 0.98357, 21, 11.91, 5.21999, 0.01631, 2, 19, -11.75, 4.13, 0.02787, 21, -1.85, 5.27, 0.97212, 4, 5, -12.06, -1.63, 0.31123, 20, -11.84, 8.38, 0.01038, 21, -2.78, -14.08, 0.24149, 22, -3.06, 8.55, 0.43686, 2, 20, -0.08, -5.7, 0.24591, 22, 11.51, -2.58, 0.75408, 1, 20, 2.36999, 0.98, 1, 4, 5, -0.26, -3.01, 0.68897, 20, -0.13, 6.39, 0.29653, 21, 9.08, -13.41, 7.9E-4, 22, 8.79, 9.2, 0.01369, 3, 5, 3.3, 3.49, 0.72096, 19, 1.75, -7.32, 0.18341, 21, 11.48, -6.38, 0.09561, 2, 19, -4.78, 1.73, 0.12755, 21, 5.07, 2.77, 0.87244, 3, 5, -6.11, 9.95, 0.06359, 21, 1.08, -1.64, 0.92808, 22, 0.82, 20.98, 0.00831, 4, 5, -7.36, 4.33, 0.30754, 20, -6.85, 14.09, 1.0E-4, 21, 0.81, -7.4, 0.63001, 22, 0.54, 15.23, 0.06233, 4, 5, -4.98999, -1.78, 0.60561, 20, -4.79, 7.86, 0.10048, 21, 4.21, -13.01, 0.12306, 22, 3.92, 9.60999, 0.17082, 4, 5, -8.8, -6.36, 0.2471, 20, -8.83, 3.48, 0.06956, 21, 1.24, -18.18, 0.07157, 22, 0.94, 4.44, 0.61174, 1, 22, 1.98, -1.95, 1, 1, 22, 6.77, -2.76, 1 ],
				"hull": 22,
				"edges": [ 18, 20, 16, 18, 8, 10, 10, 12, 4, 2, 28, 30, 30, 32, 32, 34, 34, 36, 36, 38, 38, 40, 40, 42, 2, 0, 0, 42, 4, 6, 6, 8, 12, 14, 14, 16, 20, 22, 22, 24, 24, 26, 26, 28 ],
				"width": 37,
				"height": 21
			}
		},
		"JZ_L": {
			"change": { "name": "JZ_L", "x": 46.35, "y": 55.89, "rotation": 0.6, "width": 300, "height": 300 }
		},
		"JZ_L_light": {
			"change": { "name": "JZ_L_light", "x": 46.35, "y": 55.89, "rotation": 0.6, "width": 300, "height": 300 }
		},
		"JZ_R": {
			"change": { "name": "JZ_R", "x": -19.23, "y": 52.44, "rotation": 2.63, "width": 300, "height": 300 }
		},
		"JZ_R_light": {
			"change": { "name": "JZ_R_light", "x": -19.23, "y": 52.44, "rotation": 2.63, "width": 300, "height": 300 }
		},
		"Rodney_body_normal": {
			"Body_Change": { "name": "Rodney_body_normal", "x": 131.3, "y": 10.78, "rotation": -90, "width": 300, "height": 300 }
		},
		"behand": {
			"change": { "name": "behand", "x": -51.97, "y": -6.83, "rotation": 102.03, "width": 300, "height": 300 }
		}
	}
},
"events": {
	"Antiaircraft": {},
	"attack_point": {},
	"damage_point": {},
	"throw_point": {}
},
"animations": {
	"Antiaircraft": {
		"slots": {
			"JZ_L_light": {
				"attachment": [
					{ "time": 0, "name": null },
					{ "time": 0.0666, "name": "change" },
					{ "time": 0.5, "name": null },
					{ "time": 0.6, "name": "change" },
					{ "time": 1, "name": "change" },
					{ "time": 1.2666, "name": null },
					{ "time": 1.3666, "name": "change" },
					{ "time": 2, "name": null }
				],
				"color": [
					{ "time": 0.0666, "color": "fffffffd" },
					{ "time": 0.1666, "color": "ffffff00" },
					{ "time": 0.2, "color": "ffffffff" },
					{ "time": 0.3333, "color": "ffffff00" },
					{ "time": 0.3666, "color": "ffffffff" },
					{ "time": 0.4666, "color": "ffffff00" },
					{ "time": 0.6, "color": "ffffffff" },
					{ "time": 0.7333, "color": "ffffff00" },
					{ "time": 0.8, "color": "ffffffff" },
					{ "time": 0.9, "color": "ffffff00" },
					{ "time": 0.9666, "color": "ffffffff" },
					{ "time": 1.1, "color": "ffffff00" },
					{ "time": 1.1333, "color": "ffffffff" },
					{ "time": 1.2333, "color": "ffffff00" },
					{ "time": 1.3666, "color": "ffffffff" },
					{ "time": 1.4666, "color": "ffffff00" },
					{ "time": 1.5333, "color": "ffffffff" },
					{ "time": 1.6333, "color": "ffffff00" },
					{ "time": 1.7, "color": "ffffffff" },
					{ "time": 1.8333, "color": "ffffff00" },
					{ "time": 1.8666, "color": "ffffffff" },
					{ "time": 1.9666, "color": "ffffff00" }
				]
			},
			"JZ_R_light": {
				"attachment": [
					{ "time": 0, "name": null },
					{ "time": 0.0666, "name": "change" },
					{ "time": 0.5, "name": null },
					{ "time": 0.6, "name": "change" },
					{ "time": 1.2666, "name": null },
					{ "time": 1.3666, "name": "change" },
					{ "time": 2, "name": null }
				],
				"color": [
					{ "time": 0.0666, "color": "fffffffd" },
					{ "time": 0.1666, "color": "ffffff00" },
					{ "time": 0.2, "color": "ffffffff" },
					{ "time": 0.3333, "color": "ffffff00" },
					{ "time": 0.3666, "color": "ffffffff" },
					{ "time": 0.4666, "color": "ffffff00" },
					{ "time": 0.6, "color": "ffffffff" },
					{ "time": 0.7333, "color": "ffffff00" },
					{ "time": 0.8, "color": "ffffffff" },
					{ "time": 0.9, "color": "ffffff00" },
					{ "time": 0.9666, "color": "ffffffff" },
					{ "time": 1.1, "color": "ffffff00" },
					{ "time": 1.1333, "color": "ffffffff" },
					{ "time": 1.2333, "color": "ffffff00" },
					{ "time": 1.3666, "color": "ffffffff" },
					{ "time": 1.4666, "color": "ffffff00" },
					{ "time": 1.5333, "color": "ffffffff" },
					{ "time": 1.6333, "color": "ffffff00" },
					{ "time": 1.7, "color": "ffffffff" },
					{ "time": 1.8333, "color": "ffffff00" },
					{ "time": 1.8666, "color": "ffffffff" },
					{ "time": 1.9666, "color": "ffffff00" }
				]
			},
			"Light_Body": {
				"attachment": [
					{ "time": 0, "name": null },
					{ "time": 0.0666, "name": "Rodney_ship_body_normal_light" },
					{ "time": 0.5, "name": "Rodney_ship_body_normal_light" },
					{ "time": 1.2666, "name": "Rodney_ship_body_normal_light" },
					{ "time": 2, "name": null }
				],
				"color": [
					{ "time": 0.0666, "color": "fffffffd" },
					{ "time": 0.1666, "color": "ffffff00" },
					{ "time": 0.2, "color": "ffffffff" },
					{ "time": 0.3333, "color": "ffffff00" },
					{ "time": 0.3666, "color": "ffffffff" },
					{ "time": 0.4666, "color": "ffffff00" },
					{ "time": 0.6, "color": "ffffffff" },
					{ "time": 0.7333, "color": "ffffff00" },
					{ "time": 0.8, "color": "ffffffff" },
					{ "time": 0.9, "color": "ffffff00" },
					{ "time": 0.9666, "color": "ffffffff" },
					{ "time": 1.1, "color": "ffffff00" },
					{ "time": 1.1333, "color": "ffffffff" },
					{ "time": 1.2333, "color": "ffffff00" },
					{ "time": 1.3666, "color": "ffffffff" },
					{ "time": 1.4666, "color": "ffffff00" },
					{ "time": 1.5333, "color": "ffffffff" },
					{ "time": 1.6333, "color": "ffffff00" },
					{ "time": 1.7, "color": "ffffffff" },
					{ "time": 1.8333, "color": "ffffff00" },
					{ "time": 1.8666, "color": "ffffffff" },
					{ "time": 1.9666, "color": "ffffff00" }
				]
			},
			"Rodney_body_normal": {
				"attachment": [
					{ "time": 0, "name": "Body_Change" }
				]
			},
			"hand_light": {
				"attachment": [
					{ "time": 0, "name": null },
					{ "time": 0.0666, "name": "hand_light" },
					{ "time": 1.2666, "name": "hand_light" },
					{ "time": 2, "name": null }
				],
				"color": [
					{ "time": 0.0666, "color": "fffffffd" },
					{ "time": 0.1666, "color": "ffffff00" },
					{ "time": 0.2, "color": "ffffffff" },
					{ "time": 0.3333, "color": "ffffff00" },
					{ "time": 0.3666, "color": "ffffffff" },
					{ "time": 0.4666, "color": "ffffff00" },
					{ "time": 0.6, "color": "ffffffff" },
					{ "time": 0.7333, "color": "ffffff00" },
					{ "time": 0.8, "color": "ffffffff" },
					{ "time": 0.9, "color": "ffffff00" },
					{ "time": 0.9666, "color": "ffffffff" },
					{ "time": 1.1, "color": "ffffff00" },
					{ "time": 1.1333, "color": "ffffffff" },
					{ "time": 1.2333, "color": "ffffff00" },
					{ "time": 1.3666, "color": "ffffffff" },
					{ "time": 1.4666, "color": "ffffff00" },
					{ "time": 1.5333, "color": "ffffffff" },
					{ "time": 1.6333, "color": "ffffff00" },
					{ "time": 1.7, "color": "ffffffff" },
					{ "time": 1.8333, "color": "ffffff00" },
					{ "time": 1.8666, "color": "ffffffff" },
					{ "time": 1.9666, "color": "ffffff00" }
				]
			},
			"head_light": {
				"attachment": [
					{ "time": 0, "name": null },
					{ "time": 0.0666, "name": "head_light" }
				],
				"color": [
					{ "time": 0.0666, "color": "fffffffd" },
					{ "time": 0.1666, "color": "ffffff00" },
					{ "time": 0.2, "color": "ffffffff" },
					{ "time": 0.3333, "color": "ffffff00" },
					{ "time": 0.3666, "color": "ffffffff" },
					{ "time": 0.4666, "color": "ffffff00" },
					{ "time": 0.6, "color": "ffffffff" },
					{ "time": 0.7333, "color": "ffffff00" },
					{ "time": 0.8, "color": "ffffffff" },
					{ "time": 0.9, "color": "ffffff00" },
					{ "time": 0.9666, "color": "ffffffff" },
					{ "time": 1.1, "color": "ffffff00" },
					{ "time": 1.1333, "color": "ffffffff" },
					{ "time": 1.2333, "color": "ffffff00" },
					{ "time": 1.3666, "color": "ffffffff" },
					{ "time": 1.4666, "color": "ffffff00" },
					{ "time": 1.5333, "color": "ffffffff" },
					{ "time": 1.6333, "color": "ffffff00" },
					{ "time": 1.7, "color": "ffffffff" },
					{ "time": 1.8333, "color": "ffffff00" },
					{ "time": 1.8666, "color": "ffffffff" },
					{ "time": 1.9666, "color": "ffffff00" }
				]
			}
		},
		"bones": {
			"Body": {
				"rotate": [
					{ "time": 0, "angle": 0, "curve": "stepped" },
					{ "time": 2, "angle": 0 }
				],
				"translate": [
					{ "time": 0, "x": 0, "y": 0, "curve": "stepped" },
					{ "time": 2, "x": 0, "y": 0 }
				]
			},
			"Root_All": {
				"rotate": [
					{ "time": 0, "angle": 0, "curve": "stepped" },
					{ "time": 2, "angle": 0 }
				],
				"translate": [
					{
						"time": 0,
						"x": 0,
						"y": 0,
						"curve": [ 0.255, 0.35, 0.6, 0.7 ]
					},
					{
						"time": 0.5,
						"x": 0,
						"y": -9.82,
						"curve": [ 0.3, 0.39, 0.641, 0.74 ]
					},
					{
						"time": 1,
						"x": 0,
						"y": -15.66,
						"curve": [ 0.322, 0.37, 0.652, 0.7 ]
					},
					{
						"time": 1.5,
						"x": 0,
						"y": -7.79,
						"curve": [ 0.314, 0.36, 0.644, 0.68 ]
					},
					{ "time": 2, "x": 0, "y": 0 }
				]
			},
			"Ship_All": {
				"rotate": [
					{ "time": 0, "angle": 0, "curve": "stepped" },
					{ "time": 2, "angle": 0 }
				],
				"translate": [
					{ "time": 0, "x": 0, "y": 0, "curve": "stepped" },
					{ "time": 2, "x": 0, "y": 0 }
				]
			},
			"Face": {
				"rotate": [
					{ "time": 0, "angle": 0, "curve": "stepped" },
					{ "time": 2, "angle": 0 }
				],
				"translate": [
					{
						"time": 0,
						"x": 0,
						"y": 0,
						"curve": [ 0.286, 0.34, 0.623, 0.67 ]
					},
					{
						"time": 0.5,
						"x": 0.64,
						"y": 0,
						"curve": [ 0.282, 0.37, 0.624, 0.71 ]
					},
					{
						"time": 1.5,
						"x": -1.28,
						"y": 0,
						"curve": [ 0.321, 0.37, 0.656, 0.71 ]
					},
					{ "time": 2, "x": 0, "y": 0 }
				]
			},
			"Head": {
				"rotate": [
					{ "time": 0, "angle": 0 },
					{ "time": 0.5, "angle": -3.17 },
					{ "time": 1, "angle": 0 },
					{ "time": 1.5, "angle": 0.89 },
					{ "time": 2, "angle": 0 }
				],
				"translate": [
					{ "time": 0, "x": 0, "y": 0, "curve": "stepped" },
					{ "time": 1, "x": 0, "y": 0, "curve": "stepped" },
					{ "time": 2, "x": 0, "y": 0 }
				]
			},
			"BB": {
				"rotate": [
					{ "time": 0, "angle": 0, "curve": "stepped" },
					{ "time": 2, "angle": 0 }
				],
				"translate": [
					{ "time": 0, "x": 0, "y": 0 },
					{ "time": 1, "x": 1.33, "y": 0 },
					{ "time": 2, "x": 0, "y": 0 }
				]
			},
			"br": {
				"rotate": [
					{ "time": 0, "angle": 0 },
					{ "time": 0.5, "angle": -5.04 },
					{ "time": 1.5, "angle": 4.62 },
					{ "time": 2, "angle": 0 }
				],
				"translate": [
					{ "time": 0, "x": 0, "y": 0 },
					{ "time": 0.5, "x": 0.75, "y": -0.99 },
					{ "time": 1.5, "x": -1.3, "y": -0.99 },
					{ "time": 2, "x": 0, "y": 0 }
				]
			},
			"bl": {
				"rotate": [
					{ "time": 0, "angle": 0 },
					{ "time": 0.5, "angle": 6.83 },
					{ "time": 1.5, "angle": -3.22 },
					{ "time": 2, "angle": 0 }
				],
				"translate": [
					{ "time": 0, "x": 0, "y": 0 },
					{ "time": 0.5, "x": 1.61, "y": 0.96 },
					{ "time": 1.5, "x": -0.71, "y": 1.96 },
					{ "time": 2, "x": 0, "y": 0 }
				]
			},
			"b2": {
				"rotate": [
					{ "time": 0, "angle": 0 },
					{ "time": 1.5, "angle": 6 },
					{ "time": 2, "angle": 0 }
				],
				"translate": [
					{ "time": 0, "x": 0, "y": 0 },
					{ "time": 0.5, "x": 0.87, "y": -0.11 },
					{ "time": 1.5, "x": -1.76, "y": 0.23 },
					{ "time": 2, "x": 0, "y": 0 }
				]
			},
			"b1": {
				"rotate": [
					{ "time": 0, "angle": 0 },
					{ "time": 1.5, "angle": -3.83 },
					{ "time": 2, "angle": 0 }
				],
				"translate": [
					{ "time": 0, "x": 0, "y": 0 },
					{ "time": 0.5, "x": 0.58, "y": -0.07 },
					{ "time": 1.5, "x": -1.86, "y": 0.25 },
					{ "time": 2, "x": 0, "y": 0 }
				]
			},
			"JZ_R": {
				"rotate": [
					{ "time": 0, "angle": 0 },
					{ "time": 1, "angle": 22 },
					{ "time": 2, "angle": 0 }
				],
				"translate": [
					{ "time": 0, "x": 0, "y": 0 },
					{ "time": 1, "x": 1.88, "y": -5.16 },
					{ "time": 2, "x": 0, "y": 0 }
				]
			},
			"Behand": {
				"rotate": [
					{ "time": 0, "angle": 0 },
					{ "time": 1, "angle": -2.55 },
					{ "time": 2, "angle": 0 }
				],
				"translate": [
					{ "time": 0, "x": 0, "y": 0 },
					{ "time": 1, "x": 4.71, "y": -1.57 },
					{ "time": 2, "x": 0, "y": 0 }
				]
			},
			"JZ_L": {
				"rotate": [
					{ "time": 0, "angle": 0 },
					{ "time": 1, "angle": 18.14 },
					{ "time": 2, "angle": 0 }
				],
				"translate": [
					{ "time": 0, "x": 0, "y": 0, "curve": "stepped" },
					{ "time": 2, "x": 0, "y": 0 }
				]
			},
			"Behand222": {
				"rotate": [
					{ "time": 0, "angle": 0 },
					{ "time": 1, "angle": -5.06 },
					{ "time": 2, "angle": 0 }
				],
				"translate": [
					{ "time": 0, "x": 0, "y": 0, "curve": "stepped" },
					{ "time": 2, "x": 0, "y": 0 }
				]
			},
			"Hand": {
				"rotate": [
					{ "time": 0, "angle": 0 },
					{ "time": 1, "angle": 9.23 },
					{ "time": 2, "angle": 0 }
				],
				"translate": [
					{ "time": 0, "x": 0, "y": 0 },
					{ "time": 1, "x": 0, "y": 2.3 },
					{ "time": 2, "x": 0, "y": 0 }
				]
			},
			"glass": {
				"rotate": [
					{ "time": 0, "angle": 0 },
					{ "time": 1, "angle": 5.54 },
					{ "time": 2, "angle": 0 }
				],
				"translate": [
					{ "time": 0, "x": 0, "y": 0, "curve": "stepped" },
					{ "time": 2, "x": 0, "y": 0 }
				]
			}
		},
		"events": [
			{ "time": 0.0666, "name": "Antiaircraft" }
		]
	},
	"attack": {
		"slots": {
			"JZ_L_light": {
				"attachment": [
					{ "time": 0, "name": null },
					{ "time": 0.0666, "name": null },
					{ "time": 0.1, "name": "change" }
				],
				"color": [
					{ "time": 0.5333, "color": "fffffffb" },
					{ "time": 0.8333, "color": "ffffff00" }
				]
			},
			"JZ_R_light": {
				"attachment": [
					{ "time": 0, "name": null },
					{ "time": 0.0666, "name": null },
					{ "time": 0.1, "name": "change" }
				],
				"color": [
					{ "time": 0.5333, "color": "fffffffb" },
					{ "time": 0.8333, "color": "ffffff00" }
				]
			},
			"Light_Body": {
				"attachment": [
					{ "time": 0, "name": null },
					{ "time": 0.0666, "name": "Rodney_ship_body_normal_light" }
				],
				"color": [
					{ "time": 0.5333, "color": "fffffffb" },
					{ "time": 0.8333, "color": "ffffff00" }
				]
			},
			"Rodney_body_normal": {
				"attachment": [
					{ "time": 0, "name": "Body_Change" },
					{ "time": 0.9, "name": "Body_Change" }
				]
			},
			"hand_light": {
				"attachment": [
					{ "time": 0, "name": null },
					{ "time": 0.0666, "name": "hand_light" },
					{ "time": 0.1, "name": "hand_light" }
				],
				"color": [
					{ "time": 0.5333, "color": "fffffffb" },
					{ "time": 0.8333, "color": "ffffff00" }
				]
			},
			"head_light": {
				"attachment": [
					{ "time": 0, "name": null },
					{ "time": 0.0666, "name": "head_light" }
				],
				"color": [
					{ "time": 0.5333, "color": "fffffffb" },
					{ "time": 0.8333, "color": "ffffff00" }
				]
			}
		},
		"bones": {
			"Root_All": {
				"rotate": [
					{ "time": 0, "angle": 0, "curve": "stepped" },
					{ "time": 1.6666, "angle": 0 }
				],
				"translate": [
					{
						"time": 0,
						"x": 0,
						"y": 0,
						"curve": [ 0.255, 0.35, 0.6, 0.7 ]
					},
					{ "time": 0.0666, "x": 8.69, "y": 0 },
					{ "time": 0.1666, "x": -87.44, "y": 0 },
					{ "time": 0.3333, "x": -61.04, "y": 0 },
					{ "time": 0.5333, "x": -69.84, "y": 0 },
					{ "time": 1, "x": -85.6, "y": 0 },
					{ "time": 1.4, "x": 15.07, "y": 0 },
					{ "time": 1.6666, "x": 0, "y": 0 }
				]
			},
			"Face": {
				"rotate": [
					{ "time": 0, "angle": 0, "curve": "stepped" },
					{ "time": 1.6666, "angle": 0 }
				],
				"translate": [
					{
						"time": 0,
						"x": 0,
						"y": 0,
						"curve": [ 0.286, 0.34, 0.623, 0.67 ]
					},
					{ "time": 0.1666, "x": 0, "y": 3.4 },
					{ "time": 0.3333, "x": 0, "y": -0.66 },
					{ "time": 0.9, "x": 0, "y": -1.2 },
					{ "time": 1, "x": 0, "y": -0.44 },
					{ "time": 1.6666, "x": 0, "y": 0 }
				]
			},
			"Ship_All": {
				"rotate": [
					{ "time": 0, "angle": 0, "curve": "stepped" },
					{ "time": 1.6666, "angle": 0 }
				],
				"translate": [
					{ "time": 0, "x": 0, "y": 0, "curve": "stepped" },
					{ "time": 1.6666, "x": 0, "y": 0 }
				]
			},
			"Body": {
				"rotate": [
					{ "time": 0, "angle": 0, "curve": "stepped" },
					{ "time": 1.6666, "angle": 0 }
				],
				"translate": [
					{ "time": 0, "x": 0, "y": 0, "curve": "stepped" },
					{ "time": 1.6666, "x": 0, "y": 0 }
				]
			},
			"Attack_Point": {
				"rotate": [
					{ "time": 0.0666, "angle": 0 }
				],
				"translate": [
					{ "time": 0.0666, "x": 0, "y": 0 }
				]
			},
			"Head": {
				"rotate": [
					{ "time": 0, "angle": 0 },
					{ "time": 0.8333, "angle": -5.02 },
					{ "time": 1.3333, "angle": 1.69 },
					{ "time": 1.6666, "angle": 0 }
				],
				"translate": [
					{ "time": 0, "x": 0, "y": 0, "curve": "stepped" },
					{ "time": 1.6666, "x": 0, "y": 0 }
				]
			},
			"BB": {
				"rotate": [
					{ "time": 0, "angle": 0, "curve": "stepped" },
					{ "time": 1.6666, "angle": 0 }
				],
				"translate": [
					{ "time": 0, "x": 0, "y": 0 },
					{ "time": 0.3333, "x": 1.78, "y": 0 },
					{ "time": 0.5, "x": -1.22, "y": 0 },
					{ "time": 0.6666, "x": 1.41, "y": 0 },
					{ "time": 0.8333, "x": -0.75, "y": 0 },
					{ "time": 1.6666, "x": 0, "y": 0 }
				]
			},
			"br": {
				"rotate": [
					{ "time": 0, "angle": 0 },
					{ "time": 0.5, "angle": -4.98 },
					{ "time": 1.1666, "angle": 5.71 },
					{ "time": 1.6666, "angle": 0 }
				],
				"translate": [
					{ "time": 0, "x": 0, "y": 0 },
					{ "time": 0.5, "x": 1.12, "y": 1.27 },
					{ "time": 1.1666, "x": -3.45, "y": -0.04 },
					{ "time": 1.6666, "x": 0, "y": 0 }
				]
			},
			"bl": {
				"rotate": [
					{ "time": 0, "angle": 0 },
					{ "time": 0.5, "angle": -5.08 },
					{ "time": 1.1666, "angle": -5.27 },
					{ "time": 1.6666, "angle": 0 }
				],
				"translate": [
					{ "time": 0, "x": 0, "y": 0 },
					{ "time": 0.5, "x": 4.38, "y": 0.83 },
					{ "time": 1.1666, "x": -1.76, "y": 1.91 },
					{ "time": 1.6666, "x": 0, "y": 0 }
				]
			},
			"b2": {
				"rotate": [
					{ "time": 0, "angle": 0 },
					{ "time": 0.5, "angle": 4.87 },
					{ "time": 1.1666, "angle": -7.01 },
					{ "time": 1.6666, "angle": 0 }
				],
				"translate": [
					{ "time": 0, "x": 0, "y": 0 },
					{ "time": 0.5, "x": 2.33, "y": -0.31 },
					{ "time": 1.1666, "x": -1.52, "y": -1.21 },
					{ "time": 1.6666, "x": 0, "y": 0 }
				]
			},
			"b1": {
				"rotate": [
					{ "time": 0, "angle": 0 },
					{ "time": 0.5, "angle": -6.45 },
					{ "time": 1.1666, "angle": 3.16 },
					{ "time": 1.6666, "angle": 0 }
				],
				"translate": [
					{ "time": 0, "x": 0, "y": 0 },
					{ "time": 0.5, "x": 1.86, "y": -0.25 },
					{ "time": 1.1666, "x": -0.75, "y": 2.47 },
					{ "time": 1.6666, "x": 0, "y": 0 }
				]
			},
			"JZ_R": {
				"rotate": [
					{ "time": 0, "angle": 0 },
					{ "time": 0.5, "angle": 18.55 },
					{ "time": 0.7333, "angle": 23.2 },
					{ "time": 1, "angle": -7.75 },
					{ "time": 1.6666, "angle": 0 }
				],
				"translate": [
					{ "time": 0, "x": 0, "y": 0, "curve": "stepped" },
					{ "time": 0.5, "x": 0, "y": 0 },
					{ "time": 0.7333, "x": 0.36, "y": 5.74 },
					{ "time": 1, "x": -0.01, "y": -1.48 },
					{ "time": 1.6666, "x": 0, "y": 0 }
				]
			},
			"Behand": {
				"rotate": [
					{ "time": 0, "angle": 0 },
					{ "time": 0.3333, "angle": 8.44 },
					{ "time": 0.6666, "angle": 4.51 },
					{ "time": 1.6666, "angle": 0 }
				],
				"translate": [
					{ "time": 0, "x": 0, "y": 0 },
					{ "time": 0.1666, "x": 0, "y": 0.52 },
					{ "time": 0.3333, "x": 0, "y": 6.28 },
					{ "time": 0.6666, "x": 0, "y": -2.09 },
					{ "time": 1.6666, "x": 0, "y": 0 }
				]
			},
			"JZ_L": {
				"rotate": [
					{ "time": 0, "angle": 0 },
					{ "time": 0.5, "angle": 14.4 },
					{ "time": 1.1666, "angle": -1.26 },
					{ "time": 1.6666, "angle": 0 }
				],
				"translate": [
					{ "time": 0, "x": 0, "y": 0 },
					{ "time": 0.5, "x": -1.05, "y": 3.61 },
					{ "time": 1.6666, "x": 0, "y": 0 }
				]
			},
			"Behand222": {
				"rotate": [
					{ "time": 0, "angle": 0 },
					{ "time": 0.6666, "angle": -343.31 },
					{ "time": 1.1666, "angle": -14.47 },
					{ "time": 1.6666, "angle": 0 }
				],
				"translate": [
					{ "time": 0, "x": 0, "y": 0 },
					{ "time": 0.6666, "x": 3.59, "y": -7.16 },
					{ "time": 1.1666, "x": 4.24, "y": 1.82 },
					{ "time": 1.6666, "x": 0, "y": 0 }
				]
			},
			"Hand": {
				"rotate": [
					{ "time": 0, "angle": 0 },
					{ "time": 1, "angle": -16.48 },
					{ "time": 1.6666, "angle": 0 }
				],
				"translate": [
					{ "time": 0, "x": 0, "y": 0, "curve": "stepped" },
					{ "time": 1.6666, "x": 0, "y": 0 }
				]
			},
			"glass": {
				"rotate": [
					{ "time": 0, "angle": 0 },
					{ "time": 0.5, "angle": 15.14 },
					{ "time": 1.1666, "angle": -9.16 },
					{ "time": 1.6666, "angle": 0 }
				],
				"translate": [
					{ "time": 0, "x": 0, "y": 0 },
					{ "time": 0.5, "x": -0.62, "y": 0.51 },
					{ "time": 1.1666, "x": -3.21, "y": -0.81 },
					{ "time": 1.6666, "x": -0.03, "y": 2.43 }
				]
			}
		},
		"events": [
			{ "time": 0.0666, "name": "attack_point" }
		]
	},
	"damage": {
		"slots": {
			"BB": {
				"color": [
					{ "time": 0.0666, "color": "8c4c51ff", "curve": "stepped" },
					{ "time": 0.7666, "color": "8c4c51ff" },
					{ "time": 1.1333, "color": "ffffffff" }
				]
			},
			"JZ_L": {
				"color": [
					{ "time": 0.0666, "color": "8c4c51ff", "curve": "stepped" },
					{ "time": 0.7666, "color": "8c4c51ff" },
					{ "time": 1.1333, "color": "ffffffff" }
				]
			},
			"JZ_L_light": {
				"attachment": [
					{ "time": 0, "name": null },
					{ "time": 0.0666, "name": "change" },
					{ "time": 0.3333, "name": "change" },
					{ "time": 0.5, "name": "change" },
					{ "time": 0.7666, "name": null }
				],
				"color": [
					{ "time": 0.5333, "color": "fffffffc" },
					{ "time": 0.7666, "color": "ffffff00" }
				]
			},
			"JZ_R": {
				"color": [
					{ "time": 0.0666, "color": "8c4c51ff", "curve": "stepped" },
					{ "time": 0.7666, "color": "8c4c51ff" },
					{ "time": 1.1333, "color": "ffffffff" }
				]
			},
			"JZ_R_light": {
				"attachment": [
					{ "time": 0, "name": null },
					{ "time": 0.0666, "name": "change" },
					{ "time": 0.3333, "name": "change" },
					{ "time": 0.5, "name": "change" },
					{ "time": 0.7666, "name": null }
				],
				"color": [
					{ "time": 0.5333, "color": "fffffffc" },
					{ "time": 0.7666, "color": "ffffff00" }
				]
			},
			"Light_Body": {
				"attachment": [
					{ "time": 0, "name": null },
					{ "time": 0.0666, "name": "Rodney_ship_body_normal_light" },
					{ "time": 0.7666, "name": null }
				],
				"color": [
					{ "time": 0.5333, "color": "fffffffc" },
					{ "time": 0.7666, "color": "ffffff00" }
				]
			},
			"Rodney_body_normal": {
				"attachment": [
					{ "time": 0, "name": "Body_Change" },
					{ "time": 0.8666, "name": "Body_Change" }
				],
				"color": [
					{ "time": 0.0666, "color": "8c4c51ff", "curve": "stepped" },
					{ "time": 0.7666, "color": "8c4c51ff" },
					{ "time": 1.1333, "color": "ffffffff" }
				]
			},
			"Rodney_eyes_normal": {
				"attachment": [
					{ "time": 0.0666, "name": "Rodney_eyes_damage" },
					{ "time": 1.1333, "name": "Rodney_eyes_normal" }
				],
				"color": [
					{ "time": 0.0666, "color": "8c4c51ff", "curve": "stepped" },
					{ "time": 0.7666, "color": "8c4c51ff" },
					{ "time": 1.1333, "color": "ffffffff" }
				]
			},
			"behand": {
				"color": [
					{ "time": 0.0666, "color": "8c4c51ff", "curve": "stepped" },
					{ "time": 0.7666, "color": "8c4c51ff" },
					{ "time": 1.1333, "color": "ffffffff" }
				]
			},
			"hand": {
				"color": [
					{ "time": 0.0666, "color": "8c4c51ff", "curve": "stepped" },
					{ "time": 0.7666, "color": "8c4c51ff" },
					{ "time": 1.1333, "color": "ffffffff" }
				]
			},
			"hand_light": {
				"attachment": [
					{ "time": 0, "name": null },
					{ "time": 0.0666, "name": "hand_light" }
				],
				"color": [
					{ "time": 0.5333, "color": "fffffffc" },
					{ "time": 0.7666, "color": "ffffff00" }
				]
			},
			"head": {
				"color": [
					{ "time": 0.0666, "color": "8c4c51ff", "curve": "stepped" },
					{ "time": 0.7666, "color": "8c4c51ff" },
					{ "time": 1.1333, "color": "ffffffff" }
				]
			},
			"head_light": {
				"attachment": [
					{ "time": 0, "name": null },
					{ "time": 0.0666, "name": "head_light" }
				],
				"color": [
					{ "time": 0.5333, "color": "fffffffc" },
					{ "time": 0.7666, "color": "ffffff00" }
				]
			}
		},
		"bones": {
			"Root_All": {
				"rotate": [
					{ "time": 0, "angle": 0, "curve": "stepped" },
					{ "time": 1.1666, "angle": 0 }
				],
				"translate": [
					{
						"time": 0,
						"x": 0,
						"y": 0,
						"curve": [ 0.255, 0.35, 0.6, 0.7 ]
					},
					{ "time": 0.0666, "x": -27.67, "y": -23.16 },
					{ "time": 0.1333, "x": 20.98, "y": 15.35 },
					{ "time": 0.2333, "x": -19.78, "y": -15.62 },
					{ "time": 0.3666, "x": 14.36, "y": 8.59 },
					{ "time": 0.5666, "x": -3.37, "y": -4.5 },
					{ "time": 0.8666, "x": 5.63, "y": 2.25 },
					{ "time": 1.1666, "x": 0, "y": 0 }
				]
			},
			"Face": {
				"rotate": [
					{ "time": 0, "angle": 0, "curve": "stepped" },
					{ "time": 1.1666, "angle": 0 }
				],
				"translate": [
					{
						"time": 0,
						"x": 0,
						"y": 0,
						"curve": [ 0.286, 0.34, 0.623, 0.67 ]
					},
					{ "time": 0.0666, "x": -5.44, "y": 0 },
					{ "time": 0.1333, "x": -0.44, "y": 0 },
					{ "time": 0.2333, "x": -5.06, "y": 0 },
					{ "time": 0.3666, "x": -2.01, "y": 0 },
					{ "time": 1.1666, "x": 0, "y": 0 }
				]
			},
			"Ship_All": {
				"rotate": [
					{ "time": 0, "angle": 0, "curve": "stepped" },
					{ "time": 1.1666, "angle": 0 }
				],
				"translate": [
					{ "time": 0, "x": 0, "y": 0, "curve": "stepped" },
					{ "time": 1.1666, "x": 0, "y": 0 }
				]
			},
			"Body": {
				"rotate": [
					{ "time": 0, "angle": 0, "curve": "stepped" },
					{ "time": 1.1666, "angle": 0 }
				],
				"translate": [
					{ "time": 0, "x": 0, "y": 0, "curve": "stepped" },
					{ "time": 1.1666, "x": 0, "y": 0 }
				]
			},
			"Damage_Point": {
				"rotate": [
					{ "time": 0.0666, "angle": 0 }
				],
				"translate": [
					{ "time": 0.0666, "x": 0, "y": 0 }
				]
			},
			"BB": {
				"rotate": [
					{ "time": 0, "angle": 0, "curve": "stepped" },
					{ "time": 1.1666, "angle": 0 }
				],
				"translate": [
					{ "time": 0, "x": 0, "y": 0 },
					{ "time": 0.6666, "x": 0.96, "y": 0 },
					{ "time": 0.8333, "x": -1.15, "y": 0 },
					{ "time": 1, "x": 1.54, "y": 0 },
					{ "time": 1.1666, "x": 0, "y": 0 }
				]
			},
			"Head": {
				"rotate": [
					{ "time": 0, "angle": 0 },
					{ "time": 0.1666, "angle": 6.68 },
					{ "time": 0.4, "angle": -5.58 },
					{ "time": 0.9333, "angle": -3.55 },
					{ "time": 1.1666, "angle": 0 }
				],
				"translate": [
					{ "time": 0, "x": 0, "y": 0, "curve": "stepped" },
					{ "time": 1.1666, "x": 0, "y": 0 }
				]
			},
			"br": {
				"rotate": [
					{ "time": 0, "angle": 0 },
					{ "time": 0.5, "angle": 5.79 },
					{ "time": 0.6666, "angle": 5.17 },
					{ "time": 0.8333, "angle": 5.79 },
					{ "time": 1.1666, "angle": 0 }
				],
				"translate": [
					{ "time": 0, "x": 0, "y": 0 },
					{ "time": 0.5, "x": 1.43, "y": -0.19 },
					{ "time": 0.6666, "x": -1.66, "y": -2.21 },
					{ "time": 0.8333, "x": 1.43, "y": -0.19 },
					{ "time": 1.1666, "x": 0, "y": 0 }
				]
			},
			"bl": {
				"rotate": [
					{ "time": 0, "angle": 0 },
					{ "time": 0.5, "angle": 2.18 },
					{ "time": 0.6666, "angle": -4.82 },
					{ "time": 0.8333, "angle": 2.18 },
					{ "time": 1.1666, "angle": 0 }
				],
				"translate": [
					{ "time": 0, "x": 0, "y": 0 },
					{ "time": 0.5, "x": 1.78, "y": -1.21 },
					{ "time": 0.6666, "x": -0.87, "y": 2.16 },
					{ "time": 0.8333, "x": 1.78, "y": -1.21 },
					{ "time": 1.1666, "x": 0, "y": 0 }
				]
			},
			"b2": {
				"rotate": [
					{ "time": 0, "angle": 0 },
					{ "time": 0.5, "angle": 2.56 },
					{ "time": 0.6666, "angle": -4.26 },
					{ "time": 0.8333, "angle": 2.56 },
					{ "time": 1.1666, "angle": 0 }
				],
				"translate": [
					{ "time": 0, "x": 0, "y": 0 },
					{ "time": 0.5, "x": 1.43, "y": -0.19 },
					{ "time": 0.6666, "x": -0.38, "y": 0.05 },
					{ "time": 0.8333, "x": 1.43, "y": -0.19 },
					{ "time": 1.1666, "x": 0, "y": 0 }
				]
			},
			"b1": {
				"rotate": [
					{ "time": 0, "angle": 0 },
					{ "time": 0.5, "angle": -5.79 },
					{ "time": 0.6666, "angle": 0.32 },
					{ "time": 0.8333, "angle": -5.79 },
					{ "time": 1.1666, "angle": 0 }
				],
				"translate": [
					{ "time": 0, "x": 0, "y": 0 },
					{ "time": 0.5, "x": 0.95, "y": -0.12 },
					{ "time": 0.6666, "x": -0.85, "y": 1.57 },
					{ "time": 0.8333, "x": 0.95, "y": -0.12 },
					{ "time": 1.1666, "x": 0, "y": 0 }
				]
			},
			"JZ_R": {
				"rotate": [
					{ "time": 0, "angle": 0 },
					{ "time": 0.5, "angle": 15.35 },
					{ "time": 1.1666, "angle": 0 }
				],
				"translate": [
					{ "time": 0, "x": 0, "y": 0, "curve": "stepped" },
					{ "time": 1.1666, "x": 0, "y": 0 }
				]
			},
			"Behand": {
				"rotate": [
					{ "time": 0, "angle": 0 },
					{ "time": 0.3333, "angle": 13.22 },
					{ "time": 0.6666, "angle": -9.53 },
					{ "time": 1.1666, "angle": 0 }
				],
				"translate": [
					{ "time": 0, "x": 0, "y": 0 },
					{ "time": 0.3333, "x": -12.61, "y": 3.94 },
					{ "time": 1.1666, "x": 0, "y": 0 }
				]
			},
			"JZ_L": {
				"rotate": [
					{ "time": 0, "angle": 0 },
					{ "time": 0.3333, "angle": 342.1 },
					{ "time": 0.8333, "angle": 7.69 },
					{ "time": 1.1666, "angle": 0 }
				],
				"translate": [
					{ "time": 0, "x": 0, "y": 0 },
					{ "time": 0.3333, "x": 26.54, "y": -0.43 },
					{ "time": 0.8333, "x": -3.67, "y": -11.3 },
					{ "time": 1.1666, "x": 0, "y": 0 }
				]
			},
			"Hand": {
				"rotate": [
					{ "time": 0, "angle": 0 },
					{ "time": 0.1666, "angle": 34.58 },
					{ "time": 0.6666, "angle": 32.8 },
					{ "time": 1.1666, "angle": 0 }
				],
				"translate": [
					{ "time": 0, "x": 0, "y": 0, "curve": "stepped" },
					{ "time": 1.1666, "x": 0, "y": 0 }
				]
			},
			"glass": {
				"rotate": [
					{ "time": 0, "angle": 0 },
					{ "time": 0.3333, "angle": 10.84 },
					{ "time": 0.8333, "angle": -5.64 },
					{ "time": 1.1666, "angle": 0 }
				],
				"translate": [
					{ "time": 0, "x": 0, "y": 0 },
					{ "time": 0.3333, "x": 3.96, "y": 1.83 },
					{ "time": 0.8333, "x": -11.62, "y": 2.87 },
					{ "time": 1.1666, "x": 0, "y": 0 }
				]
			}
		},
		"events": [
			{ "time": 0.0666, "name": "damage_point" }
		]
	},
	"normal": {
		"slots": {
			"JZ_L_light": {
				"attachment": [
					{ "time": 0, "name": null }
				]
			},
			"JZ_R_light": {
				"attachment": [
					{ "time": 0, "name": null }
				]
			},
			"Light_Body": {
				"attachment": [
					{ "time": 0, "name": null }
				]
			},
			"Rodney_body_normal": {
				"attachment": [
					{ "time": 0, "name": "Body_Change" }
				]
			},
			"hand_light": {
				"attachment": [
					{ "time": 0, "name": null }
				]
			},
			"head_light": {
				"attachment": [
					{ "time": 0, "name": null }
				]
			}
		},
		"bones": {
			"Head": {
				"rotate": [
					{ "time": 0, "angle": 0 },
					{ "time": 0.5, "angle": -3.17 },
					{ "time": 1, "angle": 0 },
					{ "time": 1.5, "angle": 0.89 },
					{ "time": 2, "angle": 0 }
				],
				"translate": [
					{ "time": 0, "x": 0, "y": 0, "curve": "stepped" },
					{ "time": 1, "x": 0, "y": 0, "curve": "stepped" },
					{ "time": 2, "x": 0, "y": 0 }
				]
			},
			"JZ_R": {
				"rotate": [
					{ "time": 0, "angle": 0 },
					{ "time": 1, "angle": 22 },
					{ "time": 2, "angle": 0 }
				],
				"translate": [
					{ "time": 0, "x": 0, "y": 0 },
					{ "time": 1, "x": 1.88, "y": -5.16 },
					{ "time": 2, "x": 0, "y": 0 }
				]
			},
			"Body": {
				"rotate": [
					{ "time": 0, "angle": 0, "curve": "stepped" },
					{ "time": 2, "angle": 0 }
				],
				"translate": [
					{ "time": 0, "x": 0, "y": 0, "curve": "stepped" },
					{ "time": 2, "x": 0, "y": 0 }
				]
			},
			"Face": {
				"rotate": [
					{ "time": 0, "angle": 0, "curve": "stepped" },
					{ "time": 2, "angle": 0 }
				],
				"translate": [
					{
						"time": 0,
						"x": 0,
						"y": 0,
						"curve": [ 0.286, 0.34, 0.623, 0.67 ]
					},
					{
						"time": 0.5,
						"x": 0.64,
						"y": 0,
						"curve": [ 0.282, 0.37, 0.624, 0.71 ]
					},
					{
						"time": 1.5,
						"x": -1.28,
						"y": 0,
						"curve": [ 0.321, 0.37, 0.656, 0.71 ]
					},
					{ "time": 2, "x": 0, "y": 0 }
				]
			},
			"b2": {
				"rotate": [
					{ "time": 0, "angle": 0 },
					{ "time": 1.5, "angle": 6 },
					{ "time": 2, "angle": 0 }
				],
				"translate": [
					{ "time": 0, "x": 0, "y": 0 },
					{ "time": 0.5, "x": 0.87, "y": -0.11 },
					{ "time": 1.5, "x": -1.76, "y": 0.23 },
					{ "time": 2, "x": 0, "y": 0 }
				]
			},
			"br": {
				"rotate": [
					{ "time": 0, "angle": 0 },
					{ "time": 0.5, "angle": -5.04 },
					{ "time": 1.5, "angle": 4.62 },
					{ "time": 2, "angle": 0 }
				],
				"translate": [
					{ "time": 0, "x": 0, "y": 0 },
					{ "time": 0.5, "x": 0.75, "y": -0.99 },
					{ "time": 1.5, "x": -1.3, "y": -0.99 },
					{ "time": 2, "x": 0, "y": 0 }
				]
			},
			"Behand222": {
				"rotate": [
					{ "time": 0, "angle": 0 },
					{ "time": 1, "angle": -7.14 },
					{ "time": 2, "angle": 0 }
				],
				"translate": [
					{ "time": 0, "x": 0, "y": 0 },
					{ "time": 1, "x": -7.29, "y": -0.44 },
					{ "time": 2, "x": 0, "y": 0 }
				]
			},
			"JZ_L": {
				"rotate": [
					{ "time": 0, "angle": 0 },
					{ "time": 1, "angle": 12 },
					{ "time": 2, "angle": 0 }
				],
				"translate": [
					{ "time": 0, "x": 0, "y": 0 },
					{ "time": 1, "x": 0.24, "y": -4.05 },
					{ "time": 2, "x": 0, "y": 0 }
				]
			},
			"bl": {
				"rotate": [
					{ "time": 0, "angle": 0 },
					{ "time": 0.5, "angle": 6.83 },
					{ "time": 1.5, "angle": -3.22 },
					{ "time": 2, "angle": 0 }
				],
				"translate": [
					{ "time": 0, "x": 0, "y": 0 },
					{ "time": 0.5, "x": 1.61, "y": 0.96 },
					{ "time": 1.5, "x": -0.71, "y": 1.96 },
					{ "time": 2, "x": 0, "y": 0 }
				]
			},
			"Root_All": {
				"rotate": [
					{ "time": 0, "angle": 0, "curve": "stepped" },
					{ "time": 2, "angle": 0 }
				],
				"translate": [
					{
						"time": 0,
						"x": 0,
						"y": 0,
						"curve": [ 0.255, 0.35, 0.6, 0.7 ]
					},
					{
						"time": 0.5,
						"x": 0,
						"y": -9.82,
						"curve": [ 0.3, 0.39, 0.641, 0.74 ]
					},
					{
						"time": 1,
						"x": 0,
						"y": -15.66,
						"curve": [ 0.322, 0.37, 0.652, 0.7 ]
					},
					{
						"time": 1.5,
						"x": 0,
						"y": -7.79,
						"curve": [ 0.314, 0.36, 0.644, 0.68 ]
					},
					{ "time": 2, "x": 0, "y": 0 }
				]
			},
			"Hand": {
				"rotate": [
					{ "time": 0, "angle": 0 },
					{ "time": 1, "angle": 8.89 },
					{ "time": 2, "angle": 0 }
				],
				"translate": [
					{ "time": 0, "x": 0, "y": 0 },
					{ "time": 1, "x": 2.17, "y": 5.8 },
					{ "time": 2, "x": 0, "y": 0 }
				]
			},
			"Ship_All": {
				"rotate": [
					{ "time": 0, "angle": 0, "curve": "stepped" },
					{ "time": 2, "angle": 0 }
				],
				"translate": [
					{ "time": 0, "x": 0, "y": 0, "curve": "stepped" },
					{ "time": 2, "x": 0, "y": 0 }
				]
			},
			"Behand": {
				"rotate": [
					{ "time": 0, "angle": 0 },
					{ "time": 1, "angle": -2.55 },
					{ "time": 2, "angle": 0 }
				],
				"translate": [
					{ "time": 0, "x": 0, "y": 0 },
					{ "time": 1, "x": 4.71, "y": -1.57 },
					{ "time": 2, "x": 0, "y": 0 }
				]
			},
			"b1": {
				"rotate": [
					{ "time": 0, "angle": 0 },
					{ "time": 1.5, "angle": -3.83 },
					{ "time": 2, "angle": 0 }
				],
				"translate": [
					{ "time": 0, "x": 0, "y": 0 },
					{ "time": 0.5, "x": 0.58, "y": -0.07 },
					{ "time": 1.5, "x": -1.86, "y": 0.25 },
					{ "time": 2, "x": 0, "y": 0 }
				]
			},
			"BB": {
				"rotate": [
					{ "time": 0, "angle": 0, "curve": "stepped" },
					{ "time": 2, "angle": 0 }
				],
				"translate": [
					{ "time": 0, "x": 0, "y": 0 },
					{ "time": 1, "x": 1.33, "y": 0 },
					{ "time": 2, "x": 0, "y": 0 }
				]
			},
			"glass": {
				"rotate": [
					{ "time": 0, "angle": 0 },
					{ "time": 1, "angle": 7.2 },
					{ "time": 2, "angle": 0 }
				],
				"translate": [
					{ "time": 0, "x": 0, "y": 0 },
					{ "time": 1, "x": -2.43, "y": -0.03 },
					{ "time": 2, "x": 0, "y": 0 }
				]
			}
		}
	},
	"throw": {
		"slots": {
			"JZ_L_light": {
				"attachment": [
					{ "time": 0, "name": null }
				]
			},
			"JZ_R_light": {
				"attachment": [
					{ "time": 0, "name": null }
				]
			},
			"Light_Body": {
				"attachment": [
					{ "time": 0, "name": null }
				]
			},
			"Rodney_body_normal": {
				"attachment": [
					{ "time": 0, "name": "Body_Change" }
				]
			},
			"head_light": {
				"attachment": [
					{ "time": 0, "name": null }
				]
			}
		},
		"bones": {
			"Face": {
				"rotate": [
					{ "time": 0, "angle": 0, "curve": "stepped" },
					{ "time": 1.3333, "angle": 0 }
				],
				"translate": [
					{
						"time": 0,
						"x": 0,
						"y": 0,
						"curve": [ 0.286, 0.34, 0.623, 0.67 ]
					},
					{ "time": 0.3333, "x": 0, "y": -0.7 },
					{ "time": 0.5666, "x": 0, "y": 0.14 },
					{ "time": 1.3333, "x": 0, "y": 0 }
				]
			},
			"Root_All": {
				"rotate": [
					{ "time": 0, "angle": 0, "curve": "stepped" },
					{ "time": 1.3333, "angle": 0 }
				],
				"translate": [
					{
						"time": 0,
						"x": 0,
						"y": 0,
						"curve": [ 0.255, 0.35, 0.6, 0.7 ]
					},
					{ "time": 0.6333, "x": -66.66, "y": 0 },
					{ "time": 0.9666, "x": -10.42, "y": -12.42 },
					{ "time": 1.3333, "x": 0, "y": 0 }
				]
			},
			"Body": {
				"rotate": [
					{
						"time": 0,
						"angle": 0,
						"curve": [ 0.219, 0.41, 0.591, 0.77 ]
					},
					{
						"time": 0.6333,
						"angle": -3.17,
						"curve": [ 0.32, 0.36, 0.653, 0.69 ]
					},
					{
						"time": 0.7333,
						"angle": 0.61,
						"curve": [ 0.319, 0.37, 0.652, 0.7 ]
					},
					{
						"time": 0.9666,
						"angle": -1.72,
						"curve": [ 0.32, 0.38, 0.654, 0.71 ]
					},
					{ "time": 1.3333, "angle": 0 }
				],
				"translate": [
					{
						"time": 0,
						"x": 0,
						"y": 0,
						"curve": [ 0.219, 0.41, 0.591, 0.77 ]
					},
					{
						"time": 0.3333,
						"x": -15.86,
						"y": 0,
						"curve": [ 0.193, 0.39, 0.58, 0.9 ]
					},
					{
						"time": 0.5666,
						"x": -19.36,
						"y": 0,
						"curve": [ 0.142, 0.42, 0.647, 0.94 ]
					},
					{ "time": 0.6333, "x": 92.18, "y": -6.3 },
					{ "time": 0.7333, "x": 111.33, "y": 0 },
					{ "time": 1.3333, "x": 0, "y": 0 }
				]
			},
			"Ship_All": {
				"rotate": [
					{ "time": 0, "angle": 0, "curve": "stepped" },
					{ "time": 1.3333, "angle": 0 }
				],
				"translate": [
					{ "time": 0, "x": 0, "y": 0, "curve": "stepped" },
					{ "time": 1.3333, "x": 0, "y": 0 }
				]
			},
			"Throw_Point": {
				"rotate": [
					{ "time": 0.6333, "angle": 0 }
				],
				"translate": [
					{ "time": 0.6333, "x": 0, "y": 0 }
				]
			},
			"Head": {
				"rotate": [
					{ "time": 0, "angle": 0 },
					{ "time": 0.3333, "angle": 0.25 },
					{ "time": 0.8333, "angle": -5.25 },
					{ "time": 1.3333, "angle": 0 }
				],
				"translate": [
					{ "time": 0, "x": 0, "y": 0, "curve": "stepped" },
					{ "time": 1.3333, "x": 0, "y": 0 }
				]
			},
			"BB": {
				"rotate": [
					{ "time": 0, "angle": 0, "curve": "stepped" },
					{ "time": 1.3333, "angle": 0 }
				],
				"translate": [
					{ "time": 0, "x": 0, "y": 0 },
					{ "time": 0.3333, "x": 0.84, "y": -1.55 },
					{ "time": 1.3333, "x": 0, "y": 0 }
				]
			},
			"br": {
				"rotate": [
					{ "time": 0, "angle": 0 },
					{ "time": 0.5, "angle": -0.96 },
					{ "time": 0.6666, "angle": 2.83 },
					{ "time": 0.9333, "angle": -0.96 },
					{ "time": 1.1666, "angle": 2.83 },
					{ "time": 1.3333, "angle": 0 }
				],
				"translate": [
					{ "time": 0, "x": 0, "y": 0 },
					{ "time": 0.5, "x": 1.64, "y": 0.65 },
					{ "time": 0.6666, "x": -1.95, "y": -1.84 },
					{ "time": 0.9333, "x": 1.64, "y": 0.65 },
					{ "time": 1.1666, "x": -1.95, "y": -1.84 },
					{ "time": 1.3333, "x": 0, "y": 0 }
				]
			},
			"bl": {
				"rotate": [
					{ "time": 0, "angle": 0 },
					{ "time": 0.5, "angle": 4.9 },
					{ "time": 0.6666, "angle": -1.13 },
					{ "time": 0.9333, "angle": 4.9 },
					{ "time": 1.1666, "angle": -1.13 },
					{ "time": 1.3333, "angle": 0 }
				],
				"translate": [
					{ "time": 0, "x": 0, "y": 0 },
					{ "time": 0.5, "x": 0.72, "y": -0.85 },
					{ "time": 0.6666, "x": -1.03, "y": 2.18 },
					{ "time": 0.9333, "x": 0.72, "y": -0.85 },
					{ "time": 1.1666, "x": -1.03, "y": 2.18 },
					{ "time": 1.3333, "x": 0, "y": 0 }
				]
			},
			"b2": {
				"rotate": [
					{ "time": 0, "angle": 0 },
					{ "time": 0.6666, "angle": 0.85, "curve": "stepped" },
					{ "time": 1.1666, "angle": 0.85 },
					{ "time": 1.3333, "angle": 0 }
				],
				"translate": [
					{ "time": 0, "x": 0, "y": 0 },
					{ "time": 0.5, "x": 1.44, "y": -1.71 },
					{ "time": 0.6666, "x": -0.99, "y": -0.51 },
					{ "time": 0.9333, "x": 1.44, "y": -1.71 },
					{ "time": 1.1666, "x": -0.99, "y": -0.51 },
					{ "time": 1.3333, "x": 0, "y": 0 }
				]
			},
			"b1": {
				"rotate": [
					{ "time": 0, "angle": 0 },
					{ "time": 0.6666, "angle": -1.79, "curve": "stepped" },
					{ "time": 1.1666, "angle": -1.79 },
					{ "time": 1.3333, "angle": 0 }
				],
				"translate": [
					{ "time": 0, "x": 0, "y": 0 },
					{ "time": 0.5, "x": 1.5, "y": -0.92 },
					{ "time": 0.6666, "x": -1.41, "y": 3.03 },
					{ "time": 0.9333, "x": 1.5, "y": -0.92 },
					{ "time": 1.1666, "x": -1.41, "y": 3.03 },
					{ "time": 1.3333, "x": 0, "y": 0 }
				]
			},
			"JZ_L": {
				"rotate": [
					{ "time": 0, "angle": 0 },
					{ "time": 0.5, "angle": -17.36 },
					{ "time": 0.8333, "angle": 16.83 },
					{ "time": 1.3333, "angle": 0 }
				],
				"translate": [
					{ "time": 0, "x": 0, "y": 0, "curve": "stepped" },
					{ "time": 1.3333, "x": 0, "y": 0 }
				]
			},
			"JZ_R": {
				"rotate": [
					{ "time": 0, "angle": 0 },
					{ "time": 0.5, "angle": -16.66 },
					{ "time": 0.8333, "angle": 12.61 },
					{ "time": 1.3333, "angle": 0 }
				],
				"translate": [
					{ "time": 0, "x": 0, "y": 0 },
					{ "time": 0.5, "x": -0.62, "y": 9.72 },
					{ "time": 0.8333, "x": -0.17, "y": -2.28 },
					{ "time": 1.3333, "x": 0, "y": 0 }
				]
			},
			"glass": {
				"rotate": [
					{ "time": 0, "angle": 0 },
					{ "time": 0.6666, "angle": 10.39 },
					{ "time": 1, "angle": -2.86 },
					{ "time": 1.3333, "angle": 0 }
				],
				"translate": [
					{ "time": 0, "x": 0, "y": 0 },
					{ "time": 0.6666, "x": -0.25, "y": 2.42 },
					{ "time": 1, "x": -3.83, "y": -2.43 },
					{ "time": 1.3333, "x": 0, "y": 0 }
				]
			},
			"Hand": {
				"rotate": [
					{ "time": 0, "angle": 0 },
					{ "time": 0.6666, "angle": 14.02 },
					{ "time": 1, "angle": -4.72 },
					{ "time": 1.3333, "angle": 0 }
				],
				"translate": [
					{ "time": 0, "x": 0, "y": 0, "curve": "stepped" },
					{ "time": 1.3333, "x": 0, "y": 0 }
				]
			},
			"Behand222": {
				"rotate": [
					{ "time": 0, "angle": 0 },
					{ "time": 0.5, "angle": -4.5 },
					{ "time": 0.8333, "angle": 8.33 },
					{ "time": 1.3333, "angle": 0 }
				],
				"translate": [
					{ "time": 0, "x": 0, "y": 0 },
					{ "time": 0.8333, "x": -9.62, "y": -5.1 },
					{ "time": 1.3333, "x": 0, "y": 0 }
				]
			}
		},
		"events": [
			{ "time": 0.5666, "name": "throw_point" }
		]
	},
	"wreck": {
		"slots": {
			"JZ_L_light": {
				"attachment": [
					{ "time": 0, "name": null }
				]
			},
			"JZ_R_light": {
				"attachment": [
					{ "time": 0, "name": null }
				]
			},
			"Light_Body": {
				"attachment": [
					{ "time": 0, "name": null }
				]
			},
			"Rodney_body_normal": {
				"attachment": [
					{ "time": 0, "name": "Body_Change" }
				]
			},
			"Rodney_eyes_normal": {
				"attachment": [
					{ "time": 0, "name": "Rodney_eyes_damage" }
				]
			},
			"hand_light": {
				"attachment": [
					{ "time": 0, "name": null }
				]
			},
			"head_light": {
				"attachment": [
					{ "time": 0, "name": null }
				]
			}
		},
		"bones": {
			"bl": {
				"rotate": [
					{ "time": 0, "angle": 0 },
					{ "time": 0.5, "angle": 6.83 },
					{ "time": 1.5, "angle": -3.22 },
					{ "time": 2, "angle": 0 }
				],
				"translate": [
					{ "time": 0, "x": 0, "y": 0 },
					{ "time": 0.5, "x": 1.61, "y": 0.96 },
					{ "time": 1.5, "x": -0.71, "y": 1.96 },
					{ "time": 2, "x": 0, "y": 0 }
				]
			},
			"Body": {
				"rotate": [
					{ "time": 0, "angle": 0, "curve": "stepped" },
					{ "time": 2, "angle": 0 }
				],
				"translate": [
					{ "time": 0, "x": 0, "y": 0, "curve": "stepped" },
					{ "time": 2, "x": 0, "y": 0 }
				]
			},
			"Hand": {
				"rotate": [
					{ "time": 0, "angle": 0 },
					{ "time": 1, "angle": 8.89 },
					{ "time": 2, "angle": 0 }
				],
				"translate": [
					{ "time": 0, "x": 0, "y": 0 },
					{ "time": 1, "x": 2.17, "y": 5.8 },
					{ "time": 2, "x": 0, "y": 0 }
				]
			},
			"br": {
				"rotate": [
					{ "time": 0, "angle": 0 },
					{ "time": 0.5, "angle": -5.04 },
					{ "time": 1.5, "angle": 4.62 },
					{ "time": 2, "angle": 0 }
				],
				"translate": [
					{ "time": 0, "x": 0, "y": 0 },
					{ "time": 0.5, "x": 0.75, "y": -0.99 },
					{ "time": 1.5, "x": -1.3, "y": -0.99 },
					{ "time": 2, "x": 0, "y": 0 }
				]
			},
			"Root_All": {
				"rotate": [
					{ "time": 0, "angle": 0, "curve": "stepped" },
					{ "time": 2, "angle": 0 }
				],
				"translate": [
					{
						"time": 0,
						"x": 0,
						"y": 0,
						"curve": [ 0.255, 0.35, 0.6, 0.7 ]
					},
					{
						"time": 0.5,
						"x": 0,
						"y": -9.82,
						"curve": [ 0.3, 0.39, 0.641, 0.74 ]
					},
					{
						"time": 1,
						"x": 0,
						"y": -15.66,
						"curve": [ 0.322, 0.37, 0.652, 0.7 ]
					},
					{
						"time": 1.5,
						"x": 0,
						"y": -7.79,
						"curve": [ 0.314, 0.36, 0.644, 0.68 ]
					},
					{ "time": 2, "x": 0, "y": 0 }
				]
			},
			"Face": {
				"rotate": [
					{ "time": 0, "angle": 0, "curve": "stepped" },
					{ "time": 2, "angle": 0 }
				],
				"translate": [
					{
						"time": 0,
						"x": 0,
						"y": 0,
						"curve": [ 0.286, 0.34, 0.623, 0.67 ]
					},
					{
						"time": 0.5,
						"x": 0.64,
						"y": 0,
						"curve": [ 0.282, 0.37, 0.624, 0.71 ]
					},
					{
						"time": 1.5,
						"x": -1.28,
						"y": 0,
						"curve": [ 0.321, 0.37, 0.656, 0.71 ]
					},
					{ "time": 2, "x": 0, "y": 0 }
				]
			},
			"b2": {
				"rotate": [
					{ "time": 0, "angle": 0 },
					{ "time": 1.5, "angle": 6 },
					{ "time": 2, "angle": 0 }
				],
				"translate": [
					{ "time": 0, "x": 0, "y": 0 },
					{ "time": 0.5, "x": 0.87, "y": -0.11 },
					{ "time": 1.5, "x": -1.76, "y": 0.23 },
					{ "time": 2, "x": 0, "y": 0 }
				]
			},
			"Behand": {
				"rotate": [
					{ "time": 0, "angle": 0 },
					{ "time": 1, "angle": -2.55 },
					{ "time": 2, "angle": 0 }
				],
				"translate": [
					{ "time": 0, "x": 0, "y": 0 },
					{ "time": 1, "x": 4.71, "y": -1.57 },
					{ "time": 2, "x": 0, "y": 0 }
				]
			},
			"b1": {
				"rotate": [
					{ "time": 0, "angle": 0 },
					{ "time": 1.5, "angle": -3.83 },
					{ "time": 2, "angle": 0 }
				],
				"translate": [
					{ "time": 0, "x": 0, "y": 0 },
					{ "time": 0.5, "x": 0.58, "y": -0.07 },
					{ "time": 1.5, "x": -1.86, "y": 0.25 },
					{ "time": 2, "x": 0, "y": 0 }
				]
			},
			"JZ_L": {
				"rotate": [
					{ "time": 0, "angle": 0 },
					{ "time": 1, "angle": -13.22 },
					{ "time": 2, "angle": 0 }
				],
				"translate": [
					{ "time": 0, "x": 0, "y": 0, "curve": "stepped" },
					{ "time": 2, "x": 0, "y": 0 }
				]
			},
			"Head": {
				"rotate": [
					{ "time": 0, "angle": 0 },
					{ "time": 0.5, "angle": -3.17 },
					{ "time": 1, "angle": 0 },
					{ "time": 1.5, "angle": 0.89 },
					{ "time": 2, "angle": 0 }
				],
				"translate": [
					{ "time": 0, "x": 0, "y": 0, "curve": "stepped" },
					{ "time": 1, "x": 0, "y": 0, "curve": "stepped" },
					{ "time": 2, "x": 0, "y": 0 }
				]
			},
			"Behand222": {
				"rotate": [
					{ "time": 0, "angle": 0 },
					{ "time": 0.6666, "angle": -344.3 },
					{ "time": 1.3333, "angle": -6.4 },
					{ "time": 2, "angle": 0 }
				],
				"translate": [
					{ "time": 0, "x": 0, "y": 0, "curve": "stepped" },
					{ "time": 2, "x": 0, "y": 0 }
				]
			},
			"JZ_R": {
				"rotate": [
					{ "time": 0, "angle": 0 },
					{ "time": 1, "angle": 22 },
					{ "time": 2, "angle": 0 }
				],
				"translate": [
					{ "time": 0, "x": 0, "y": 0 },
					{ "time": 1, "x": 1.88, "y": -5.16 },
					{ "time": 2, "x": 0, "y": 0 }
				]
			},
			"Ship_All": {
				"rotate": [
					{ "time": 0, "angle": 0, "curve": "stepped" },
					{ "time": 2, "angle": 0 }
				],
				"translate": [
					{ "time": 0, "x": 0, "y": 0, "curve": "stepped" },
					{ "time": 2, "x": 0, "y": 0 }
				]
			},
			"BB": {
				"rotate": [
					{ "time": 0, "angle": 0, "curve": "stepped" },
					{ "time": 2, "angle": 0 }
				],
				"translate": [
					{ "time": 0, "x": 0, "y": 0 },
					{ "time": 1, "x": 1.33, "y": 0 },
					{ "time": 2, "x": 0, "y": 0 }
				]
			}
		}
	}
}
}