{
"skeleton": { "hash": "CgL+4I3PxkrsunFyLvgifh1u/F0", "spine": "3.2.01", "width": 307.52, "height": 386.23, "images": "" },
"bones": [
	{ "name": "Root_All", "x": 5.76, "y": 9.39, "scaleX": 1.01, "scaleY": 1.01 },
	{ "name": "Ship_All", "parent": "Root_All" },
	{ "name": "Body", "parent": "Ship_All", "length": 255.84, "rotation": 90, "x": -1.57, "y": -15.86 },
	{ "name": "Antiaircraft", "parent": "Body", "length": 44.62, "rotation": -72.18, "x": 194.31, "y": -53.43 },
	{ "name": "Attack_Point", "parent": "Body", "length": 25.69, "rotation": -77.83, "x": 53.04, "y": -54.02 },
	{ "name": "GIRL", "parent": "Body", "length": 76.75, "x": 40.87, "y": 14.72 },
	{ "name": "BB", "parent": "GIRL", "length": 8.47, "rotation": -1.8, "x": 58.97, "y": -8.99 },
	{ "name": "DT", "parent": "Body", "length": 45.6, "rotation": -0.56, "x": 28.68, "y": 17.88 },
	{ "name": "Damage_Point", "parent": "Body", "length": 22.56, "rotation": -90, "x": 102.51, "y": 9.32 },
	{ "name": "Dialogue", "parent": "Body", "length": 57.85, "rotation": -90, "x": 196.89, "y": -52.07 },
	{ "name": "Expression", "parent": "Body", "length": 46.33, "rotation": -42.65, "x": 208.88, "y": -46.37 },
	{ "name": "Head", "parent": "GIRL", "length": 66.72, "rotation": -0.9, "x": 89.48, "y": -6.58 },
	{ "name": "Face", "parent": "Head", "length": 66.94, "rotation": -89.09, "x": 47.91, "y": 21 },
	{ "name": "KING", "parent": "DT", "length": 41.95, "rotation": -0.32, "x": 21.83, "y": 46.12 },
	{ "name": "L", "parent": "BB", "length": 4.49, "rotation": 5.84, "x": -1.27, "y": 13.74 },
	{ "name": "L2", "parent": "L", "length": 5.85, "rotation": -5.39, "x": -5.36, "y": -2.55 },
	{ "name": "R", "parent": "BB", "length": 4.99, "rotation": 3.6, "x": 2.07, "y": -10.44 },
	{ "name": "R2", "parent": "R", "length": 6.21, "rotation": 1.35, "x": -7.66, "y": -2.51 },
	{ "name": "Smoke_L1", "parent": "Body", "length": 51.75, "rotation": -54.55, "x": 95.72, "y": -18.74 },
	{ "name": "Smoke_R1", "parent": "Body", "length": 79.5, "rotation": 21.87, "x": 99.73, "y": 53.73 },
	{ "name": "T", "parent": "DT", "length": 12.76, "rotation": 135.56, "x": 2.43, "y": -63.18 },
	{ "name": "TH", "parent": "Head", "length": 29.4, "rotation": 4.42, "x": 57.95, "y": 50.75 },
	{ "name": "Throw_Point", "parent": "Body", "length": 24.91, "rotation": -88.64, "x": 64.66, "y": -37.9 },
	{ "name": "hand_L", "parent": "GIRL", "length": 29.12, "rotation": -161, "x": 72.68, "y": 12.64 },
	{ "name": "hand_L2", "parent": "hand_L", "length": 33.26, "rotation": -0.8, "x": 29.27, "y": 0.42 },
	{ "name": "hand_R", "parent": "GIRL", "length": 8.32, "rotation": 49.39, "x": 57.33, "y": -26.18 }
],
"slots": [
	{ "name": "DT", "bone": "DT", "attachment": "dt" },
	{ "name": "DT_light", "bone": "DT", "attachment": "dt_light", "blend": "additive" },
	{ "name": "king", "bone": "KING", "attachment": "change" },
	{ "name": "Rodney_body_normal", "bone": "GIRL", "attachment": "change" },
	{ "name": "Light_Body", "bone": "GIRL", "attachment": "Rodney_ship_body_normal_light", "blend": "additive" },
	{ "name": "head", "bone": "Head", "attachment": "head" },
	{ "name": "Rodney_eyes_normal", "bone": "Face", "attachment": "Rodney_eyes_normal" },
	{ "name": "head_light", "bone": "Head", "attachment": "head_light", "blend": "additive" },
	{ "name": "BB", "bone": "BB", "attachment": "BB" },
	{ "name": "hand_L2", "bone": "hand_L", "attachment": "hand_L2" },
	{ "name": "hand_L", "bone": "hand_L2", "attachment": "hand_L" },
	{ "name": "hand_L_light", "bone": "hand_L2", "attachment": "hand_L_light", "blend": "additive" },
	{ "name": "hand_R", "bone": "hand_R", "attachment": "hand_R" },
	{ "name": "hand_R_light", "bone": "GIRL", "attachment": "hand_R_light" },
	{ "name": "TH", "bone": "TH", "attachment": "change" },
	{ "name": "T", "bone": "T", "attachment": "change" },
	{ "name": "T_light", "bone": "T", "attachment": "T_light", "blend": "additive" }
],
"skins": {
	"default": {
		"BB": {
			"BB": {
				"type": "weightedmesh",
				"uvs": [ 1, 0.10708, 1, 0.21437, 1, 0.31144, 1, 0.39179, 1, 0.47492, 1, 0.5771, 1, 0.71504, 1, 0.80168, 1, 0.89186, 1, 1, 0.96205, 1, 0.88349, 1, 0.81443, 1, 0.7554, 1, 0.70586, 1, 0.64097, 1, 0.56069, 1, 0.49579, 1, 0.4568, 1, 0.40357, 1, 0.3674, 1, 0.31134, 1, 0.25564, 1, 0.20033, 1, 0.13884, 1, 0.10981, 1, 0.04832, 1, 0, 1, 0, 0.92465, 0, 0.85087, 0, 0.77162, 0, 0.68691, 0, 0.6022, 0, 0.52842, 0, 0.44644, 0, 0.36446, 0, 0.28794, 0, 0.2087, 0, 0.12945, 0, 0.06113, 0, 0, 0.07044, 0, 0.14388, 0, 0.20136, 0, 0.26841, 0, 0.34185, 0, 0.43126, 0, 0.49512, 0, 0.5526, 0, 0.61326, 0, 0.6899, 0, 0.76653, 0, 0.86552, 0, 0.9198, 0, 1, 0, 0.2748, 0.12752, 0.21094, 0.14284, 0.14388, 0.20926, 0.09918, 0.28078, 0.06406, 0.37785, 0.04809, 0.49536, 0.06087, 0.65373, 0.10237, 0.80189, 0.18539, 0.91939, 0.51428, 0.89896, 0.56856, 0.84787, 0.62604, 0.90407, 0.88148, 0.90407, 0.92938, 0.807, 0.95173, 0.39318, 0.90064, 0.291, 0.84636, 0.21437, 0.7793, 0.10197, 0.69948, 0.08154, 0.62923, 0.08154, 0.5494, 0.14284, 0.51109, 0.22459, 0.4568, 0.17861, 0.38336, 0.12752, 0.32589, 0.12752, 0.14069, 0.45449, 0.20455, 0.62819, 0.30354, 0.72015, 0.4121, 0.71504, 0.49831, 0.57199, 0.62604, 0.56688, 0.68032, 0.70482, 0.7825, 0.74569, 0.8719, 0.65884, 0.91661, 0.54645, 0.36101, 0.25013, 0.63562, 0.22969 ],
				"triangles": [ 39, 40, 41, 73, 50, 51, 74, 49, 50, 74, 50, 73, 72, 51, 52, 73, 51, 72, 53, 54, 0, 79, 55, 44, 78, 45, 46, 45, 79, 44, 78, 79, 45, 38, 39, 41, 75, 47, 48, 48, 49, 74, 75, 48, 74, 55, 56, 43, 55, 43, 44, 47, 78, 46, 77, 47, 75, 77, 78, 47, 57, 37, 38, 42, 56, 41, 56, 42, 43, 0, 71, 72, 52, 53, 0, 0, 72, 52, 71, 0, 1, 76, 77, 75, 91, 74, 73, 75, 74, 91, 76, 75, 91, 90, 79, 78, 90, 78, 77, 38, 41, 57, 56, 57, 41, 58, 37, 57, 36, 37, 58, 70, 71, 1, 70, 1, 2, 59, 35, 36, 58, 59, 36, 69, 70, 2, 3, 69, 2, 34, 35, 59, 90, 80, 58, 59, 58, 80, 60, 34, 59, 90, 56, 55, 90, 55, 79, 57, 56, 90, 90, 58, 57, 69, 3, 4, 80, 60, 59, 33, 34, 60, 69, 85, 70, 89, 69, 4, 85, 76, 91, 91, 73, 72, 91, 72, 71, 91, 71, 70, 85, 91, 70, 76, 90, 77, 84, 76, 85, 84, 90, 76, 80, 90, 84, 89, 4, 5, 32, 33, 60, 81, 80, 84, 60, 80, 81, 61, 32, 60, 81, 61, 60, 89, 88, 85, 69, 89, 85, 31, 32, 61, 86, 85, 88, 84, 82, 81, 88, 89, 5, 6, 88, 5, 83, 82, 84, 87, 86, 88, 30, 31, 61, 68, 88, 6, 68, 87, 88, 62, 61, 81, 62, 81, 82, 30, 61, 62, 6, 7, 68, 84, 86, 83, 86, 84, 85, 65, 83, 86, 29, 30, 62, 68, 7, 8, 64, 83, 65, 66, 65, 86, 66, 86, 87, 67, 87, 68, 67, 68, 8, 13, 66, 87, 63, 62, 82, 28, 29, 62, 28, 62, 63, 26, 27, 28, 28, 25, 26, 63, 25, 28, 24, 25, 63, 22, 23, 63, 24, 63, 23, 63, 21, 22, 20, 21, 82, 82, 21, 63, 20, 82, 83, 64, 20, 83, 19, 20, 64, 18, 19, 64, 17, 18, 64, 66, 16, 64, 66, 64, 65, 17, 64, 16, 14, 15, 66, 16, 66, 15, 66, 13, 14, 87, 67, 13, 12, 13, 67, 10, 11, 67, 12, 67, 11, 8, 10, 67, 10, 8, 9 ],
				"vertices": [ 3, 6, 6.37, -19.33, 0.001, 16, 3.73, -9.14, 0.26328, 17, 11.23, -6.89, 0.7357, 3, 6, 3.69, -19.42, 5.0E-4, 16, 1.04999, -9.05, 0.13118, 17, 8.55, -6.74, 0.8683, 3, 6, 1.26, -19.49, 2.0E-4, 16, -1.37, -8.97999, 0.0376, 17, 6.13, -6.6, 0.96219, 3, 6, -0.74, -19.56, 5.0E-5, 16, -3.38, -8.91, 0.0053, 17, 4.12, -6.49, 0.99464, 2, 6, -2.82, -19.62, 0, 17, 2.05, -6.38, 0.99999, 1, 17, -0.49, -6.24, 1, 1, 17, -3.94, -6.05, 1, 2, 15, -4.87, -30.5, 0.00186, 17, -6.1, -5.93, 0.99813, 3, 6, -13.23, -19.95, 5.6E-4, 15, -7.12, -30.55, 0.00428, 17, -8.35, -5.81, 0.99514, 3, 6, -15.94, -20.03, 0.00123, 15, -9.82, -30.62, 0.00586, 17, -11.05, -5.66, 0.9929, 3, 6, -15.98, -18.52, 0.00374, 15, -9.85999, -29.1, 0.00832, 17, -10.97, -4.14, 0.98792, 3, 6, -16.08, -15.38, 0.02705, 15, -9.93, -25.96, 0.03085, 17, -10.79, -1, 0.94209, 3, 6, -16.17, -12.61, 0.07274, 15, -10, -23.2, 0.07607, 17, -10.64, 1.74, 0.85117, 3, 6, -16.24, -10.25, 0.12795, 15, -10.05, -20.84, 0.13789, 17, -10.51, 4.1, 0.73414, 4, 6, -16.31, -8.27, 0.17868, 15, -10.1, -18.85, 0.20542, 16, -18.20999, 3.31, 1.1E-4, 17, -10.39999, 6.08, 0.61577, 4, 6, -16.39, -5.68, 0.23353, 15, -10.16, -16.26, 0.31077, 16, -18.12, 5.91, 1.7E-4, 17, -10.26, 8.67, 0.45551, 3, 6, -16.49, -2.47, 0.26012, 15, -10.24, -13.05, 0.45571, 17, -10.08, 11.88, 0.28415, 3, 6, -16.57, 0.11, 0.24539, 15, -10.3, -10.45, 0.57259, 17, -9.93999, 14.47, 0.182, 3, 6, -16.62, 1.67, 0.22333, 15, -10.34, -8.89999, 0.64022, 17, -9.85, 16.03, 0.13643, 3, 6, -16.69, 3.8, 0.1817, 15, -10.39, -6.77, 0.7277, 17, -9.74, 18.15, 0.09059, 4, 6, -16.73, 5.25, 0.15109, 14, -16.24, -6.87, 0.00263, 15, -10.42, -5.32, 0.77929, 17, -9.66, 19.6, 0.06696, 4, 6, -16.79999, 7.49, 0.10274, 14, -16.08, -4.64, 0.01432, 15, -10.47, -3.08, 0.84369, 17, -9.53, 21.84, 0.03923, 4, 6, -16.87, 9.72, 0.06058, 14, -15.92, -2.41, 0.04533, 15, -10.53, -0.85, 0.87272, 17, -9.41, 24.06, 0.02135, 4, 6, -16.94, 11.93, 0.0299, 14, -15.77, -0.21, 0.09684, 15, -10.58, 1.35, 0.86327, 17, -9.29, 26.27, 0.00997, 4, 6, -17.02, 14.39, 0.00989, 14, -15.59, 2.24, 0.16853, 15, -10.64, 3.81, 0.81831, 17, -9.14999, 28.73, 0.00326, 4, 6, -17.06, 15.55, 0.0048, 14, -15.51, 3.39, 0.20006, 15, -10.67, 4.96999, 0.79353, 17, -9.09, 29.89, 0.00158, 4, 6, -17.12999, 18, 2.9E-4, 14, -15.34, 5.85, 0.25284, 15, -10.72, 7.43, 0.74675, 17, -8.96, 32.34, 1.0E-4, 2, 14, -15.2, 7.78, 0.26848, 15, -10.77, 9.35999, 0.7315, 2, 14, -13.32, 7.64, 0.28608, 15, -8.89, 9.41, 0.71391, 2, 14, -11.48, 7.51, 0.33268, 15, -7.04, 9.45, 0.66731, 2, 14, -9.51, 7.37, 0.41597, 15, -5.06, 9.5, 0.58402, 2, 14, -7.39, 7.22, 0.54254, 15, -2.95, 9.55, 0.45745, 2, 14, -5.28, 7.08, 0.69466, 15, -0.83, 9.6, 0.30533, 2, 14, -3.44, 6.95, 0.82589, 15, 1.01, 9.64, 0.1741, 2, 14, -1.4, 6.8, 0.93436, 15, 3.06, 9.68999, 0.06562, 2, 14, 0.64, 6.66, 0.98619, 15, 5.1, 9.74, 0.0138, 1, 14, 2.54, 6.52, 1, 1, 14, 4.52, 6.38, 1, 1, 14, 6.5, 6.24, 1, 1, 14, 8.2, 6.12, 1, 1, 14, 9.72999, 6.01, 1, 2, 6, 7.87, 17.91, 9.4E-4, 14, 9.53, 3.2, 0.99905, 3, 6, 7.96, 14.97, 0.02517, 14, 9.32, 0.27, 0.95264, 15, 14.35, 4.19999, 0.02218, 3, 6, 8.04, 12.67, 0.10716, 14, 9.16, -2.01, 0.77143, 15, 14.4, 1.9, 0.1214, 3, 6, 8.12, 9.99, 0.30011, 14, 8.97, -4.69, 0.41295, 15, 14.47, -0.77, 0.28692, 3, 6, 8.21, 7.06, 0.55619, 14, 8.76, -7.62, 0.1344, 15, 14.54, -3.71, 0.30939, 3, 6, 8.33, 3.48, 0.83725, 14, 8.51, -11.18, 0.0176, 15, 14.62, -7.28, 0.14512, 3, 6, 8.41, 0.93, 0.96727, 14, 8.33, -13.73, 9.8E-4, 15, 14.68, -9.84, 0.03173, 3, 6, 8.47999, -1.36, 0.86337, 15, 14.74, -12.13, 0.00255, 16, 6.96, 8.66, 0.13406, 2, 6, 8.56, -3.79, 0.60636, 16, 6.89, 6.23, 0.39362, 2, 6, 8.64999, -6.85, 0.26437, 16, 6.79, 3.17, 0.73562, 2, 6, 8.75, -9.91, 0.01333, 16, 6.7, 0.1, 0.98666, 3, 6, 8.87, -13.87, 5.8E-4, 16, 6.57, -3.84, 0.6039, 17, 14.2, -1.66, 0.3955, 3, 6, 8.93999, -16.04, 0.00122, 16, 6.5, -6.01, 0.41674, 17, 14.08, -3.83, 0.58203, 3, 6, 9.04, -19.25, 0.00126, 16, 6.4, -9.22, 0.31248, 17, 13.9, -7.03, 0.68624, 3, 6, 4.94, 9.64, 0.39234, 14, 5.77, -4.71999, 0.22571, 15, 11.29, -1.1, 0.38194, 3, 6, 4.48, 12.18, 0.05733, 14, 5.57, -2.14, 0.85996, 15, 10.84, 1.43, 0.0827, 1, 14, 4.1, 0.64, 1, 1, 14, 2.44, 2.55, 1, 2, 14, 0.12, 4.12, 0.96284, 15, 4.83, 7.17, 0.03715, 2, 14, -2.75, 4.96999, 0.81793, 15, 1.88, 7.74, 0.18206, 2, 14, -6.74, 4.73999, 0.52828, 15, -2.06, 7.13, 0.4717, 4, 6, -12.12, 16, 0.00207, 14, -10.55, 3.34, 0.26416, 15, -5.72, 5.39, 0.73295, 17, -4.13, 29.91, 8.0E-4, 4, 6, -14.95, 12.59, 0.01223, 14, -13.71, 0.24, 0.15942, 15, -8.58, 2, 0.8243, 17, -7.24, 26.76, 0.00402, 4, 6, -14.02, -0.54, 0.26541, 15, -7.76, -11.13, 0.53598, 16, -15.44, 10.9, 5.3E-4, 17, -7.46, 13.59, 0.19805, 4, 6, -12.68, -2.67, 0.2719, 15, -6.43, -13.27, 0.38179, 16, -14.23, 8.68, 0.00291, 17, -6.3, 11.36, 0.34339, 4, 6, -14.01, -5.01, 0.2719, 15, -7.78, -15.61, 0.38179, 16, -15.71, 6.43, 0.00291, 17, -7.83, 9.14, 0.34339, 3, 6, -13.69, -15.22, 0.03915, 15, -7.54, -25.82, 0.04008, 17, -8.39, -1.05999, 0.92076, 3, 6, -11.2, -17.06, 0.00535, 15, -5.07, -27.68, 0.0082, 17, -6.08, -3.1, 0.98643, 3, 6, -0.83, -17.62999, 8.0E-5, 16, -3.35, -6.98, 0.01365, 17, 4.19, -4.56, 0.98626, 3, 6, 1.65, -15.5, 2.3E-4, 16, -0.73, -5.02, 0.09085, 17, 6.86, -2.66, 0.90891, 2, 16, 1.24, -2.91, 0.4418, 17, 8.89, -0.6, 0.55819, 1, 16, 4.13, -0.32, 1, 2, 6, 6.63, -7.3, 0.19838, 16, 4.73999, 2.85, 0.80161, 2, 6, 6.54, -4.48999, 0.47856, 16, 4.83, 5.66, 0.52143, 2, 6, 4.91, -1.34, 0.85923, 16, 3.4, 8.89999, 0.14076, 1, 6, 2.81, 0.11, 1, 3, 6, 3.9, 2.32, 0.89114, 14, 3.98, -11.89, 0.00344, 15, 10.18, -8.41, 0.1054, 3, 6, 5.08, 5.3, 0.64839, 14, 5.46, -9.05, 0.04777, 15, 11.39, -5.44, 0.30383, 3, 6, 5.01, 7.59, 0.39234, 14, 5.63, -6.75, 0.22571, 15, 11.33, -3.14, 0.38194, 2, 14, -2, 1.2, 0.87609, 15, 2.99, 4.06, 0.1239, 4, 6, -7.65, 12.05, 0.00906, 14, -6.51, -1.03, 0.12446, 15, -1.28, 1.4, 0.86377, 17, -0.02, 25.59, 0.00269, 3, 6, -9.82, 8.02, 0.12909, 15, -3.49, -2.59999, 0.8465, 17, -2.53, 21.76, 0.0244, 4, 6, -9.56, 3.68, 0.27421, 15, -3.26, -6.94, 0.6733, 16, -10.72, 14.84, 8.0E-5, 17, -2.64, 17.42, 0.05239, 4, 6, -5.87, 0.35, 0.47834, 15, 0.39, -10.3, 0.41191, 16, -7.25, 11.28, 0.01409, 17, 0.73, 13.78, 0.09564, 4, 6, -5.58, -4.73999, 0.44343, 15, 0.64, -15.41, 0.1817, 16, -7.28, 6.17, 0.08181, 17, 0.58, 8.67, 0.29304, 4, 6, -8.96, -7.02, 0.27542, 15, -2.75, -17.66, 0.17658, 16, -10.8, 4.1, 0.03875, 17, -2.98, 6.69, 0.50922, 4, 6, -9.85, -11.14, 0.0739, 15, -3.67, -21.77, 0.04955, 16, -11.95, 0.05, 0.00861, 17, -4.21999, 2.67, 0.86792, 3, 6, -7.57, -14.64, 0.00805, 15, -1.42, -25.29, 0.00784, 17, -2.25, -1.01, 0.98409, 1, 17, 0.45, -2.95, 1, 3, 6, 1.99, 6.09, 0.48647, 14, 2.47, -7.94, 0.00303, 15, 8.3, -4.62, 0.51049, 3, 6, 2.84, -4.86, 0.57217, 16, 1.12, 5.52, 0.42526, 17, 8.97, 7.83, 0.00254 ],
				"hull": 55,
				"edges": [ 12, 10, 10, 8, 80, 82, 82, 84, 84, 86, 86, 88, 88, 90, 90, 92, 92, 94, 94, 96, 96, 98, 98, 100, 100, 102, 102, 104, 104, 106, 106, 108, 0, 108, 0, 2, 2, 4, 4, 6, 6, 8, 12, 14, 14, 16, 16, 18, 18, 20, 20, 22, 22, 24, 24, 26, 26, 28, 28, 30, 30, 32, 32, 34, 34, 36, 36, 38, 38, 40, 40, 42, 42, 44, 44, 46, 46, 48, 48, 50, 50, 52, 52, 54, 54, 56, 56, 58, 58, 60, 60, 62, 62, 64, 64, 66, 66, 68, 68, 70, 70, 72, 72, 74, 74, 76, 76, 78, 78, 80 ],
				"width": 40,
				"height": 25
			}
		},
		"DT": {
			"dt": { "x": 96.64, "y": -5.97, "rotation": -89.43, "width": 300, "height": 300 }
		},
		"DT_light": {
			"dt_light": { "x": 96.64, "y": -5.97, "rotation": -89.43, "width": 300, "height": 300 }
		},
		"Light_Body": {
			"Rodney_ship_body_normal_light": { "x": 90.42, "y": -3.93, "rotation": -89.99, "width": 300, "height": 300 }
		},
		"Rodney_eyes_normal": {
			"Rodney_eyes_damage": { "x": 19.21, "y": -48.69, "width": 300, "height": 300 },
			"Rodney_eyes_normal": { "x": 19.21, "y": -48.69, "width": 300, "height": 300 }
		},
		"T_light": {
			"T_light": { "x": -27.22, "y": -106.81, "rotation": 134.99, "width": 300, "height": 300 }
		},
		"hand_L": {
			"hand_L": { "x": -40.73, "y": 21.18, "rotation": 71.81, "width": 300, "height": 300 }
		},
		"hand_L2": {
			"hand_L2": { "x": -11.16, "y": 22.18, "rotation": 71, "width": 300, "height": 300 }
		},
		"hand_L_light": {
			"hand_L_light": { "x": -40.73, "y": 21.18, "rotation": 71.81, "width": 300, "height": 300 }
		},
		"hand_R": {
			"hand_R": { "x": 38.26, "y": -10.23, "rotation": -139.39, "width": 300, "height": 300 }
		},
		"hand_R_light": {
			"hand_R_light": { "x": 9.64, "y": -5.6, "rotation": -90, "width": 300, "height": 300 }
		},
		"head": {
			"head": { "x": -0.98, "y": 0.85, "rotation": -89.09, "width": 300, "height": 300 }
		},
		"head_light": {
			"head_light": { "x": 2.56, "y": 0.91, "rotation": -89.09, "width": 300, "height": 300 }
		}
	},
	"damage": {
		"Rodney_body_normal": {
			"change": { "name": "Rodney_body_damage", "x": 90.43, "y": -3.93, "rotation": -89.99, "width": 300, "height": 300 }
		},
		"T": {
			"change": { "name": "T_damage", "x": -27.22, "y": -106.81, "rotation": 134.99, "width": 300, "height": 300 }
		},
		"TH": {
			"change": { "name": "TH_damage", "x": -59.35, "y": -46.94, "rotation": -93.52, "width": 300, "height": 300 }
		},
		"king": {
			"change": { "name": "king_damage", "x": 80.31, "y": -50.59, "rotation": -89.1, "width": 300, "height": 300 }
		}
	},
	"normal": {
		"Rodney_body_normal": {
			"change": { "name": "Rodney_body_normal", "x": 90.42, "y": -3.93, "rotation": -89.99, "width": 300, "height": 300 }
		},
		"T": {
			"change": { "name": "T", "x": -27.22, "y": -106.81, "rotation": 134.99, "width": 300, "height": 300 }
		},
		"TH": {
			"change": { "name": "TH", "x": -59.35, "y": -46.94, "rotation": -93.52, "width": 300, "height": 300 }
		},
		"king": {
			"change": { "name": "king", "x": 80.31, "y": -50.59, "rotation": -89.1, "width": 300, "height": 300 }
		}
	}
},
"events": {
	"Antiaircraft": {},
	"attack_point": {},
	"damage_point": {},
	"throw_point": {}
},
"animations": {
	"Antiaircraft": {
		"slots": {
			"DT_light": {
				"color": [
					{ "time": 0.0666, "color": "fffffffd" },
					{ "time": 0.1666, "color": "ffffff00" },
					{ "time": 0.2, "color": "ffffffff" },
					{ "time": 0.3333, "color": "ffffff00" },
					{ "time": 0.3666, "color": "ffffffff" },
					{ "time": 0.4666, "color": "ffffff00" },
					{ "time": 0.6, "color": "ffffffff" },
					{ "time": 0.7333, "color": "ffffff00" },
					{ "time": 0.8, "color": "ffffffff" },
					{ "time": 0.9, "color": "ffffff00" },
					{ "time": 0.9666, "color": "ffffffff" },
					{ "time": 1.1, "color": "ffffff00" },
					{ "time": 1.1333, "color": "ffffffff" },
					{ "time": 1.2333, "color": "ffffff00" },
					{ "time": 1.3666, "color": "ffffffff" },
					{ "time": 1.4666, "color": "ffffff00" },
					{ "time": 1.5333, "color": "ffffffff" },
					{ "time": 1.6333, "color": "ffffff00" },
					{ "time": 1.7, "color": "ffffffff" },
					{ "time": 1.8333, "color": "ffffff00" },
					{ "time": 1.8666, "color": "ffffffff" },
					{ "time": 1.9666, "color": "ffffff00" }
				],
				"attachment": [
					{ "time": 0, "name": null },
					{ "time": 0.0666, "name": "dt_light" }
				]
			},
			"Light_Body": {
				"color": [
					{ "time": 0.0666, "color": "fffffffd" },
					{ "time": 0.1666, "color": "ffffff00" },
					{ "time": 0.2, "color": "ffffffff" },
					{ "time": 0.3333, "color": "ffffff00" },
					{ "time": 0.3666, "color": "ffffffff" },
					{ "time": 0.4666, "color": "ffffff00" },
					{ "time": 0.6, "color": "ffffffff" },
					{ "time": 0.7333, "color": "ffffff00" },
					{ "time": 0.8, "color": "ffffffff" },
					{ "time": 0.9, "color": "ffffff00" },
					{ "time": 0.9666, "color": "ffffffff" },
					{ "time": 1.1, "color": "ffffff00" },
					{ "time": 1.1333, "color": "ffffffff" },
					{ "time": 1.2333, "color": "ffffff00" },
					{ "time": 1.3666, "color": "ffffffff" },
					{ "time": 1.4666, "color": "ffffff00" },
					{ "time": 1.5333, "color": "ffffffff" },
					{ "time": 1.6333, "color": "ffffff00" },
					{ "time": 1.7, "color": "ffffffff" },
					{ "time": 1.8333, "color": "ffffff00" },
					{ "time": 1.8666, "color": "ffffffff" },
					{ "time": 1.9666, "color": "ffffff00" }
				],
				"attachment": [
					{ "time": 0, "name": null },
					{ "time": 0.0666, "name": "Rodney_ship_body_normal_light" },
					{ "time": 0.5, "name": "Rodney_ship_body_normal_light" },
					{ "time": 1.2666, "name": null },
					{ "time": 1.3666, "name": "Rodney_ship_body_normal_light" },
					{ "time": 2, "name": null }
				]
			},
			"Rodney_eyes_normal": {
				"attachment": [
					{ "time": 0, "name": "Rodney_eyes_normal" }
				]
			},
			"T_light": {
				"color": [
					{ "time": 0.0666, "color": "fffffffd" },
					{ "time": 0.1666, "color": "ffffff00" },
					{ "time": 0.2, "color": "ffffffff" },
					{ "time": 0.3333, "color": "ffffff00" },
					{ "time": 0.3666, "color": "ffffffff" },
					{ "time": 0.4666, "color": "ffffff00" },
					{ "time": 0.6, "color": "ffffffff" },
					{ "time": 0.7333, "color": "ffffff00" },
					{ "time": 0.8, "color": "ffffffff" },
					{ "time": 0.9, "color": "ffffff00" },
					{ "time": 0.9666, "color": "ffffffff" },
					{ "time": 1.1, "color": "ffffff00" },
					{ "time": 1.1333, "color": "ffffffff" },
					{ "time": 1.2333, "color": "ffffff00" },
					{ "time": 1.3666, "color": "ffffffff" },
					{ "time": 1.4666, "color": "ffffff00" },
					{ "time": 1.5333, "color": "ffffffff" },
					{ "time": 1.6333, "color": "ffffff00" },
					{ "time": 1.7, "color": "ffffffff" },
					{ "time": 1.8333, "color": "ffffff00" },
					{ "time": 1.8666, "color": "ffffffff" },
					{ "time": 1.9666, "color": "ffffff00" }
				],
				"attachment": [
					{ "time": 0, "name": null },
					{ "time": 0.0666, "name": "T_light" }
				]
			},
			"hand_L_light": {
				"color": [
					{ "time": 0.0666, "color": "fffffffd" },
					{ "time": 0.1666, "color": "ffffff00" },
					{ "time": 0.2, "color": "ffffffff" },
					{ "time": 0.3333, "color": "ffffff00" },
					{ "time": 0.3666, "color": "ffffffff" },
					{ "time": 0.4666, "color": "ffffff00" },
					{ "time": 0.6, "color": "ffffffff" },
					{ "time": 0.7333, "color": "ffffff00" },
					{ "time": 0.8, "color": "ffffffff" },
					{ "time": 0.9, "color": "ffffff00" },
					{ "time": 0.9666, "color": "ffffffff" },
					{ "time": 1.1, "color": "ffffff00" },
					{ "time": 1.1333, "color": "ffffffff" },
					{ "time": 1.2333, "color": "ffffff00" },
					{ "time": 1.3666, "color": "ffffffff" },
					{ "time": 1.4666, "color": "ffffff00" },
					{ "time": 1.5333, "color": "ffffffff" },
					{ "time": 1.6333, "color": "ffffff00" },
					{ "time": 1.7, "color": "ffffffff" },
					{ "time": 1.8333, "color": "ffffff00" },
					{ "time": 1.8666, "color": "ffffffff" },
					{ "time": 1.9666, "color": "ffffff00" }
				],
				"attachment": [
					{ "time": 0, "name": null },
					{ "time": 0.0666, "name": "hand_L_light" }
				]
			},
			"head_light": {
				"color": [
					{ "time": 0.0666, "color": "fffffffd" },
					{ "time": 0.1666, "color": "ffffff00" },
					{ "time": 0.2, "color": "ffffffff" },
					{ "time": 0.3333, "color": "ffffff00" },
					{ "time": 0.3666, "color": "ffffffff" },
					{ "time": 0.4666, "color": "ffffff00" },
					{ "time": 0.6, "color": "ffffffff" },
					{ "time": 0.7333, "color": "ffffff00" },
					{ "time": 0.8, "color": "ffffffff" },
					{ "time": 0.9, "color": "ffffff00" },
					{ "time": 0.9666, "color": "ffffffff" },
					{ "time": 1.1, "color": "ffffff00" },
					{ "time": 1.1333, "color": "ffffffff" },
					{ "time": 1.2333, "color": "ffffff00" },
					{ "time": 1.3666, "color": "ffffffff" },
					{ "time": 1.4666, "color": "ffffff00" },
					{ "time": 1.5333, "color": "ffffffff" },
					{ "time": 1.6333, "color": "ffffff00" },
					{ "time": 1.7, "color": "ffffffff" },
					{ "time": 1.8333, "color": "ffffff00" },
					{ "time": 1.8666, "color": "ffffffff" },
					{ "time": 1.9666, "color": "ffffff00" }
				],
				"attachment": [
					{ "time": 0, "name": null },
					{ "time": 0.0666, "name": "head_light" }
				]
			}
		},
		"bones": {
			"Body": {
				"rotate": [
					{ "time": 0, "angle": 0, "curve": "stepped" },
					{ "time": 2, "angle": 0 }
				],
				"translate": [
					{ "time": 0, "x": 0, "y": 0, "curve": "stepped" },
					{ "time": 2, "x": 0, "y": 0 }
				]
			},
			"Root_All": {
				"rotate": [
					{ "time": 0, "angle": 0, "curve": "stepped" },
					{ "time": 2, "angle": 0 }
				],
				"translate": [
					{
						"time": 0,
						"x": 0,
						"y": 0,
						"curve": [ 0.255, 0.35, 0.6, 0.7 ]
					},
					{
						"time": 0.5,
						"x": 0,
						"y": -9.82,
						"curve": [ 0.3, 0.39, 0.641, 0.74 ]
					},
					{
						"time": 1,
						"x": 0,
						"y": -15.66,
						"curve": [ 0.322, 0.37, 0.652, 0.7 ]
					},
					{
						"time": 1.5,
						"x": 0,
						"y": -7.79,
						"curve": [ 0.314, 0.36, 0.644, 0.68 ]
					},
					{ "time": 2, "x": 0, "y": 0 }
				]
			},
			"Ship_All": {
				"rotate": [
					{ "time": 0, "angle": 0, "curve": "stepped" },
					{ "time": 2, "angle": 0 }
				],
				"translate": [
					{ "time": 0, "x": 0, "y": 0, "curve": "stepped" },
					{ "time": 2, "x": 0, "y": 0 }
				]
			},
			"Face": {
				"rotate": [
					{ "time": 0, "angle": 0, "curve": "stepped" },
					{ "time": 2, "angle": 0 }
				],
				"translate": [
					{
						"time": 0,
						"x": 0,
						"y": 0,
						"curve": [ 0.286, 0.34, 0.623, 0.67 ]
					},
					{
						"time": 0.5,
						"x": 0.64,
						"y": 0,
						"curve": [ 0.282, 0.37, 0.624, 0.71 ]
					},
					{
						"time": 1.5,
						"x": -1.28,
						"y": 0,
						"curve": [ 0.321, 0.37, 0.656, 0.71 ]
					},
					{ "time": 2, "x": 0, "y": 0 }
				]
			},
			"Head": {
				"rotate": [
					{ "time": 0, "angle": 0 },
					{ "time": 0.5, "angle": -3.17 },
					{ "time": 1, "angle": 0 },
					{ "time": 1.5, "angle": 0.89 },
					{ "time": 2, "angle": 0 }
				],
				"translate": [
					{ "time": 0, "x": 0, "y": 0, "curve": "stepped" },
					{ "time": 1, "x": 0, "y": 0, "curve": "stepped" },
					{ "time": 2, "x": 0, "y": 0 }
				]
			},
			"BB": {
				"rotate": [
					{ "time": 0, "angle": 0, "curve": "stepped" },
					{ "time": 2, "angle": 0 }
				],
				"translate": [
					{ "time": 0, "x": 0, "y": 0 },
					{ "time": 0.6666, "x": -1.07, "y": 0 },
					{ "time": 1.3333, "x": -0.51, "y": 0 },
					{ "time": 2, "x": 0, "y": 0 }
				]
			},
			"R2": {
				"rotate": [
					{ "time": 0, "angle": 0 },
					{ "time": 0.6666, "angle": -8.87 },
					{ "time": 1.3333, "angle": 10.06 },
					{ "time": 2, "angle": 0 }
				],
				"translate": [
					{ "time": 0, "x": 0, "y": 0 },
					{ "time": 0.6666, "x": 1.05, "y": -0.55 },
					{ "time": 1.3333, "x": 0.8, "y": -2.94 },
					{ "time": 2, "x": 0, "y": 0 }
				]
			},
			"R": {
				"rotate": [
					{ "time": 0, "angle": 0 },
					{ "time": 1.3333, "angle": -6.16 },
					{ "time": 2, "angle": 0 }
				],
				"translate": [
					{ "time": 0, "x": 0, "y": 0 },
					{ "time": 0.6666, "x": 0.52, "y": -0.24 },
					{ "time": 1.3333, "x": -2.31, "y": 0.05 },
					{ "time": 2, "x": 0, "y": 0 }
				]
			},
			"L2": {
				"rotate": [
					{ "time": 0, "angle": 0 },
					{ "time": 0.6666, "angle": 6.91 },
					{ "time": 1.3333, "angle": 2.25 },
					{ "time": 2, "angle": 0 }
				],
				"translate": [
					{ "time": 0, "x": 0, "y": 0 },
					{ "time": 0.6666, "x": 0.43, "y": -1.05 },
					{ "time": 1.3333, "x": -2.68, "y": 2.01 },
					{ "time": 2, "x": 0, "y": 0 }
				]
			},
			"L": {
				"rotate": [
					{ "time": 0, "angle": 0 },
					{ "time": 1.3333, "angle": -6.41 },
					{ "time": 2, "angle": 0 }
				],
				"translate": [
					{ "time": 0, "x": 0, "y": 0 },
					{ "time": 0.6666, "x": 1.79, "y": 0.05 },
					{ "time": 1.3333, "x": 2.18, "y": -0.18 },
					{ "time": 2, "x": 0, "y": 0 }
				]
			},
			"GIRL": {
				"rotate": [
					{ "time": 0, "angle": 0, "curve": "stepped" },
					{ "time": 2, "angle": 0 }
				],
				"translate": [
					{ "time": 0, "x": 0, "y": 0, "curve": "stepped" },
					{ "time": 2, "x": 0, "y": 0 }
				]
			},
			"Throw_Point": {
				"rotate": [
					{ "time": 0, "angle": 0, "curve": "stepped" },
					{ "time": 2, "angle": 0 }
				],
				"translate": [
					{ "time": 0, "x": 0, "y": 0, "curve": "stepped" },
					{ "time": 2, "x": 0, "y": 0 }
				]
			},
			"T": {
				"rotate": [
					{ "time": 0, "angle": 0, "curve": "stepped" },
					{ "time": 2, "angle": 0 }
				],
				"translate": [
					{ "time": 0, "x": 0, "y": 0 },
					{ "time": 1, "x": 0, "y": -2.19 },
					{ "time": 2, "x": 0, "y": 0 }
				]
			},
			"Smoke_R1": {
				"rotate": [
					{ "time": 0, "angle": 0, "curve": "stepped" },
					{ "time": 2, "angle": 0 }
				],
				"translate": [
					{ "time": 0, "x": 0, "y": 0, "curve": "stepped" },
					{ "time": 2, "x": 0, "y": 0 }
				]
			},
			"Smoke_L1": {
				"rotate": [
					{ "time": 0, "angle": 0, "curve": "stepped" },
					{ "time": 2, "angle": 0 }
				],
				"translate": [
					{ "time": 0, "x": 0, "y": 0, "curve": "stepped" },
					{ "time": 2, "x": 0, "y": 0 }
				]
			},
			"KING": {
				"rotate": [
					{ "time": 0, "angle": 0 },
					{ "time": 1, "angle": 24.7 },
					{ "time": 2, "angle": 0 }
				],
				"translate": [
					{ "time": 0, "x": 0, "y": 0 },
					{ "time": 1, "x": -0.05, "y": 6.02 },
					{ "time": 2, "x": 0, "y": 0 }
				]
			},
			"hand_R": {
				"rotate": [
					{ "time": 0, "angle": 0, "curve": "stepped" },
					{ "time": 2, "angle": 0 }
				],
				"translate": [
					{ "time": 0, "x": 0, "y": 0 },
					{ "time": 1, "x": 1.64, "y": 0 },
					{ "time": 2, "x": 0, "y": 0 }
				]
			},
			"hand_L2": {
				"rotate": [
					{ "time": 0, "angle": 0 },
					{ "time": 1, "angle": -6.42 },
					{ "time": 2, "angle": 0 }
				],
				"translate": [
					{ "time": 0, "x": 0, "y": 0, "curve": "stepped" },
					{ "time": 2, "x": 0, "y": 0 }
				]
			},
			"hand_L": {
				"rotate": [
					{ "time": 0, "angle": 0 },
					{ "time": 1, "angle": 2.76 },
					{ "time": 2, "angle": 0 }
				],
				"translate": [
					{ "time": 0, "x": 0, "y": 0, "curve": "stepped" },
					{ "time": 2, "x": 0, "y": 0 }
				]
			},
			"TH": {
				"rotate": [
					{ "time": 0, "angle": 0 },
					{ "time": 1, "angle": 6.76 },
					{ "time": 2, "angle": 0 }
				],
				"translate": [
					{ "time": 0, "x": 0, "y": 0, "curve": "stepped" },
					{ "time": 2, "x": 0, "y": 0 }
				]
			},
			"Expression": {
				"rotate": [
					{ "time": 0, "angle": 0, "curve": "stepped" },
					{ "time": 2, "angle": 0 }
				],
				"translate": [
					{ "time": 0, "x": 0, "y": 0, "curve": "stepped" },
					{ "time": 2, "x": 0, "y": 0 }
				]
			},
			"Dialogue": {
				"rotate": [
					{ "time": 0, "angle": 0, "curve": "stepped" },
					{ "time": 2, "angle": 0 }
				],
				"translate": [
					{ "time": 0, "x": 0, "y": 0, "curve": "stepped" },
					{ "time": 2, "x": 0, "y": 0 }
				]
			},
			"Damage_Point": {
				"rotate": [
					{ "time": 0, "angle": 0, "curve": "stepped" },
					{ "time": 2, "angle": 0 }
				],
				"translate": [
					{ "time": 0, "x": 0, "y": 0, "curve": "stepped" },
					{ "time": 2, "x": 0, "y": 0 }
				]
			},
			"DT": {
				"rotate": [
					{ "time": 0, "angle": 0, "curve": "stepped" },
					{ "time": 2, "angle": 0 }
				],
				"translate": [
					{ "time": 0, "x": 0, "y": 0 },
					{ "time": 1, "x": 2.73, "y": 0 },
					{ "time": 2, "x": 0, "y": 0 }
				]
			},
			"Attack_Point": {
				"rotate": [
					{ "time": 0, "angle": 0, "curve": "stepped" },
					{ "time": 2, "angle": 0 }
				],
				"translate": [
					{ "time": 0, "x": 0, "y": 0, "curve": "stepped" },
					{ "time": 2, "x": 0, "y": 0 }
				]
			},
			"Antiaircraft": {
				"rotate": [
					{ "time": 0, "angle": 0, "curve": "stepped" },
					{ "time": 2, "angle": 0 }
				],
				"translate": [
					{ "time": 0, "x": 0, "y": 0, "curve": "stepped" },
					{ "time": 2, "x": 0, "y": 0 }
				]
			}
		},
		"events": [
			{ "time": 0.0666, "name": "Antiaircraft" }
		]
	},
	"attack": {
		"slots": {
			"DT_light": {
				"color": [
					{ "time": 0.5333, "color": "fffffffb" },
					{ "time": 0.8333, "color": "ffffff00" }
				],
				"attachment": [
					{ "time": 0, "name": null },
					{ "time": 0.0666, "name": "dt_light" }
				]
			},
			"Light_Body": {
				"color": [
					{ "time": 0.5333, "color": "fffffffb" },
					{ "time": 0.8333, "color": "ffffff00" }
				],
				"attachment": [
					{ "time": 0, "name": null },
					{ "time": 0.0666, "name": "Rodney_ship_body_normal_light" }
				]
			},
			"T_light": {
				"color": [
					{ "time": 0.5333, "color": "fffffffb" },
					{ "time": 0.8333, "color": "ffffff00" }
				],
				"attachment": [
					{ "time": 0, "name": null },
					{ "time": 0.0666, "name": "T_light" }
				]
			},
			"hand_L_light": {
				"color": [
					{ "time": 0.5333, "color": "fffffffb" },
					{ "time": 0.8333, "color": "ffffff00" }
				],
				"attachment": [
					{ "time": 0, "name": null },
					{ "time": 0.0666, "name": "hand_L_light" }
				]
			},
			"head_light": {
				"color": [
					{ "time": 0.5333, "color": "fffffffb" },
					{ "time": 0.8333, "color": "ffffff00" }
				],
				"attachment": [
					{ "time": 0, "name": null },
					{ "time": 0.0666, "name": "head_light" }
				]
			}
		},
		"bones": {
			"Root_All": {
				"rotate": [
					{ "time": 0, "angle": 0, "curve": "stepped" },
					{ "time": 1.6666, "angle": 0 }
				],
				"translate": [
					{
						"time": 0,
						"x": 0,
						"y": 0,
						"curve": [ 0.255, 0.35, 0.6, 0.7 ]
					},
					{ "time": 0.0666, "x": 8.69, "y": 0 },
					{ "time": 0.1666, "x": -87.44, "y": 0 },
					{ "time": 0.3333, "x": -61.04, "y": 0 },
					{ "time": 0.5333, "x": -69.84, "y": 0 },
					{ "time": 1, "x": -85.6, "y": 0 },
					{ "time": 1.4, "x": 15.07, "y": 0 },
					{ "time": 1.6666, "x": 0, "y": 0 }
				]
			},
			"Face": {
				"rotate": [
					{ "time": 0, "angle": 0, "curve": "stepped" },
					{ "time": 1.6666, "angle": 0 }
				],
				"translate": [
					{
						"time": 0,
						"x": 0,
						"y": 0,
						"curve": [ 0.286, 0.34, 0.623, 0.67 ]
					},
					{ "time": 0.1666, "x": 0, "y": 3.4 },
					{ "time": 0.3333, "x": 0, "y": -0.66 },
					{ "time": 0.9, "x": 0, "y": -1.2 },
					{ "time": 1, "x": 0, "y": -0.44 },
					{ "time": 1.6666, "x": 0, "y": 0 }
				]
			},
			"Ship_All": {
				"rotate": [
					{ "time": 0, "angle": 0, "curve": "stepped" },
					{ "time": 1.6666, "angle": 0 }
				],
				"translate": [
					{ "time": 0, "x": 0, "y": 0, "curve": "stepped" },
					{ "time": 1.6666, "x": 0, "y": 0 }
				]
			},
			"Body": {
				"rotate": [
					{
						"time": 0,
						"angle": 0,
						"curve": [ 0.312, 0.33, 0.646, 0.67 ]
					},
					{
						"time": 0.1666,
						"angle": 3.1,
						"curve": [ 0.288, 0.34, 0.625, 0.68 ]
					},
					{
						"time": 0.6666,
						"angle": -3.74,
						"curve": [ 0.288, 0.4, 0.634, 0.75 ]
					},
					{ "time": 1.6666, "angle": 0 }
				],
				"translate": [
					{
						"time": 0,
						"x": 0,
						"y": 0,
						"curve": [ 0.312, 0.33, 0.646, 0.67 ]
					},
					{
						"time": 0.1666,
						"x": -24.76,
						"y": 17.26,
						"curve": [ 0.288, 0.34, 0.625, 0.68 ]
					},
					{
						"time": 0.6666,
						"x": 3,
						"y": 4.9,
						"curve": [ 0.288, 0.4, 0.634, 0.75 ]
					},
					{ "time": 1.6666, "x": 0, "y": 0 }
				]
			},
			"Attack_Point": {
				"rotate": [
					{ "time": 0, "angle": 0, "curve": "stepped" },
					{ "time": 0.0666, "angle": 0, "curve": "stepped" },
					{ "time": 1.6666, "angle": 0 }
				],
				"translate": [
					{ "time": 0, "x": 0, "y": 0, "curve": "stepped" },
					{ "time": 0.0666, "x": 0, "y": 0, "curve": "stepped" },
					{ "time": 1.6666, "x": 0, "y": 0 }
				]
			},
			"Head": {
				"rotate": [
					{ "time": 0, "angle": 0 },
					{ "time": 0.1666, "angle": -5.14 },
					{ "time": 0.5, "angle": -1.89 },
					{ "time": 0.8333, "angle": -0.08 },
					{ "time": 1.3333, "angle": 1.69 },
					{ "time": 1.6666, "angle": 0 }
				],
				"translate": [
					{ "time": 0, "x": 0, "y": 0, "curve": "stepped" },
					{ "time": 1.6666, "x": 0, "y": 0 }
				]
			},
			"BB": {
				"rotate": [
					{ "time": 0, "angle": 0, "curve": "stepped" },
					{ "time": 1.6666, "angle": 0 }
				],
				"translate": [
					{ "time": 0, "x": 0, "y": 0 },
					{ "time": 0.3333, "x": -0.51, "y": -0.02 },
					{ "time": 0.8333, "x": -3.26, "y": -0.13 },
					{ "time": 1.1666, "x": -0.51, "y": -0.02 },
					{ "time": 1.6666, "x": 0, "y": 0 }
				]
			},
			"R2": {
				"rotate": [
					{ "time": 0, "angle": 0 },
					{ "time": 0.3333, "angle": 0.8 },
					{ "time": 0.8333, "angle": 12.86 },
					{ "time": 1.1666, "angle": 0.8 },
					{ "time": 1.6666, "angle": 0 }
				],
				"translate": [
					{ "time": 0, "x": 0, "y": 0 },
					{ "time": 0.8333, "x": 0.09, "y": -2.06 },
					{ "time": 1.6666, "x": 0, "y": 0 }
				]
			},
			"R": {
				"rotate": [
					{ "time": 0, "angle": 0 },
					{ "time": 0.3333, "angle": 6.89 },
					{ "time": 0.8333, "angle": 6.99 },
					{ "time": 1.1666, "angle": 6.89 },
					{ "time": 1.6666, "angle": 0 }
				],
				"translate": [
					{ "time": 0, "x": 0, "y": 0 },
					{ "time": 0.3333, "x": 1.78, "y": 0.14 },
					{ "time": 0.8333, "x": 1.34, "y": -0.15 },
					{ "time": 1.1666, "x": 1.78, "y": 0.14 },
					{ "time": 1.6666, "x": 0, "y": 0 }
				]
			},
			"L2": {
				"rotate": [
					{ "time": 0, "angle": 0 },
					{ "time": 0.3333, "angle": 3.21 },
					{ "time": 0.8333, "angle": -9.27 },
					{ "time": 1.1666, "angle": 3.21 },
					{ "time": 1.6666, "angle": 0 }
				],
				"translate": [
					{ "time": 0, "x": 0, "y": 0, "curve": "stepped" },
					{ "time": 1.6666, "x": 0, "y": 0 }
				]
			},
			"L": {
				"rotate": [
					{ "time": 0, "angle": 0 },
					{ "time": 0.3333, "angle": 2.1 },
					{ "time": 0.8333, "angle": -1.64 },
					{ "time": 1.1666, "angle": 2.1 },
					{ "time": 1.6666, "angle": 0 }
				],
				"translate": [
					{ "time": 0, "x": 0, "y": 0 },
					{ "time": 0.3333, "x": 1.25, "y": 0.36, "curve": "stepped" },
					{ "time": 1.1666, "x": 1.25, "y": 0.36 },
					{ "time": 1.6666, "x": 0, "y": 0 }
				]
			},
			"GIRL": {
				"rotate": [
					{ "time": 0, "angle": 0, "curve": "stepped" },
					{ "time": 1.6666, "angle": 0 }
				],
				"translate": [
					{ "time": 0, "x": 0, "y": 0, "curve": "stepped" },
					{ "time": 1.6666, "x": 0, "y": 0 }
				]
			},
			"Throw_Point": {
				"rotate": [
					{ "time": 0, "angle": 0, "curve": "stepped" },
					{ "time": 1.6666, "angle": 0 }
				],
				"translate": [
					{ "time": 0, "x": 0, "y": 0, "curve": "stepped" },
					{ "time": 1.6666, "x": 0, "y": 0 }
				]
			},
			"T": {
				"rotate": [
					{ "time": 0, "angle": 0, "curve": "stepped" },
					{ "time": 1.6666, "angle": 0 }
				],
				"translate": [
					{ "time": 0, "x": 0, "y": 0 },
					{ "time": 0.3333, "x": 5.25, "y": 10.42 },
					{ "time": 0.5, "x": -0.28, "y": 9.86 },
					{ "time": 1, "x": -0.08, "y": 0.7 },
					{ "time": 1.6666, "x": 0, "y": 0 }
				]
			},
			"Smoke_R1": {
				"rotate": [
					{ "time": 0, "angle": 0, "curve": "stepped" },
					{ "time": 1.6666, "angle": 0 }
				],
				"translate": [
					{ "time": 0, "x": 0, "y": 0, "curve": "stepped" },
					{ "time": 1.6666, "x": 0, "y": 0 }
				]
			},
			"Smoke_L1": {
				"rotate": [
					{ "time": 0, "angle": 0, "curve": "stepped" },
					{ "time": 1.6666, "angle": 0 }
				],
				"translate": [
					{ "time": 0, "x": 0, "y": 0, "curve": "stepped" },
					{ "time": 1.6666, "x": 0, "y": 0 }
				]
			},
			"KING": {
				"rotate": [
					{ "time": 0, "angle": 0 },
					{ "time": 0.5, "angle": 24.69 },
					{ "time": 0.6666, "angle": 18 },
					{ "time": 1.1666, "angle": -27.99 },
					{ "time": 1.6666, "angle": 0 }
				],
				"translate": [
					{ "time": 0, "x": 0, "y": 0 },
					{ "time": 0.5, "x": -0.55, "y": 19.11 },
					{ "time": 0.6666, "x": -0.56, "y": 18.34 },
					{ "time": 1.1666, "x": -0.01, "y": -6.16 },
					{ "time": 1.6666, "x": 0, "y": 0 }
				]
			},
			"hand_R": {
				"rotate": [
					{ "time": 0, "angle": 0, "curve": "stepped" },
					{ "time": 1.6666, "angle": 0 }
				],
				"translate": [
					{ "time": 0, "x": 0, "y": 0 },
					{ "time": 0.8333, "x": -1.84, "y": -0.09 },
					{ "time": 1.6666, "x": 0, "y": 0 }
				]
			},
			"hand_L2": {
				"rotate": [
					{ "time": 0, "angle": 63.48 },
					{ "time": 0.8333, "angle": 67.42 },
					{ "time": 1.5, "angle": 63.48, "curve": "stepped" },
					{ "time": 1.6666, "angle": 63.48 }
				],
				"translate": [
					{ "time": 0, "x": -0.94, "y": -2.28 },
					{ "time": 1.6666, "x": -0.7, "y": -1.71 }
				]
			},
			"hand_L": {
				"rotate": [
					{ "time": 0, "angle": 3.4, "curve": "stepped" },
					{ "time": 1.5, "angle": 3.4, "curve": "stepped" },
					{ "time": 1.6666, "angle": 3.4 }
				],
				"translate": [
					{ "time": 0, "x": 0, "y": 0, "curve": "stepped" },
					{ "time": 1.6666, "x": 0, "y": 0 }
				]
			},
			"TH": {
				"rotate": [
					{ "time": 0, "angle": 0 },
					{ "time": 0.6666, "angle": -10.38 },
					{ "time": 1.1666, "angle": 2.06 },
					{ "time": 1.6666, "angle": 0 }
				],
				"translate": [
					{ "time": 0, "x": 0, "y": 0 },
					{ "time": 0.6666, "x": -2.08, "y": 2.27 },
					{ "time": 1.1666, "x": -2.74, "y": 2.52 },
					{ "time": 1.6666, "x": 0, "y": 0 }
				]
			},
			"Expression": {
				"rotate": [
					{ "time": 0, "angle": 0, "curve": "stepped" },
					{ "time": 1.6666, "angle": 0 }
				],
				"translate": [
					{ "time": 0, "x": 0, "y": 0, "curve": "stepped" },
					{ "time": 1.6666, "x": 0, "y": 0 }
				]
			},
			"Dialogue": {
				"rotate": [
					{ "time": 0, "angle": 0, "curve": "stepped" },
					{ "time": 1.6666, "angle": 0 }
				],
				"translate": [
					{ "time": 0, "x": 0, "y": 0, "curve": "stepped" },
					{ "time": 1.6666, "x": 0, "y": 0 }
				]
			},
			"Damage_Point": {
				"rotate": [
					{ "time": 0, "angle": 0, "curve": "stepped" },
					{ "time": 1.6666, "angle": 0 }
				],
				"translate": [
					{ "time": 0, "x": 0, "y": 0, "curve": "stepped" },
					{ "time": 1.6666, "x": 0, "y": 0 }
				]
			},
			"DT": {
				"rotate": [
					{ "time": 0, "angle": 0 },
					{ "time": 0.1666, "angle": -3.7 },
					{ "time": 0.6666, "angle": 2.82 },
					{ "time": 1.6666, "angle": 0 }
				],
				"translate": [
					{ "time": 0, "x": 0, "y": 0 },
					{ "time": 0.6666, "x": -2.3, "y": -2.62 },
					{ "time": 1.6666, "x": 0, "y": 0 }
				]
			},
			"Antiaircraft": {
				"rotate": [
					{ "time": 0, "angle": 0, "curve": "stepped" },
					{ "time": 1.6666, "angle": 0 }
				],
				"translate": [
					{ "time": 0, "x": 0, "y": 0, "curve": "stepped" },
					{ "time": 1.6666, "x": 0, "y": 0 }
				]
			}
		},
		"events": [
			{ "time": 0.0666, "name": "attack_point" }
		]
	},
	"damage": {
		"slots": {
			"BB": {
				"color": [
					{ "time": 0.0666, "color": "8c4c51ff", "curve": "stepped" },
					{ "time": 0.7666, "color": "8c4c51ff" },
					{ "time": 1.1333, "color": "ffffffff" }
				]
			},
			"DT": {
				"color": [
					{ "time": 0.0666, "color": "8c4c51ff", "curve": "stepped" },
					{ "time": 0.7666, "color": "8c4c51ff" },
					{ "time": 1.1333, "color": "ffffffff" }
				]
			},
			"DT_light": {
				"color": [
					{ "time": 0.5333, "color": "fffffffc" },
					{ "time": 0.7666, "color": "ffffff00" }
				],
				"attachment": [
					{ "time": 0, "name": null },
					{ "time": 0.0666, "name": "dt_light" },
					{ "time": 0.7666, "name": null }
				]
			},
			"Light_Body": {
				"color": [
					{ "time": 0.5333, "color": "fffffffc" },
					{ "time": 0.7666, "color": "ffffff00" }
				],
				"attachment": [
					{ "time": 0, "name": null },
					{ "time": 0.0666, "name": "Rodney_ship_body_normal_light" },
					{ "time": 0.7666, "name": null }
				]
			},
			"Rodney_body_normal": {
				"color": [
					{ "time": 0.0666, "color": "8c4c51ff", "curve": "stepped" },
					{ "time": 0.7666, "color": "8c4c51ff" },
					{ "time": 1.1333, "color": "ffffffff" }
				]
			},
			"Rodney_eyes_normal": {
				"color": [
					{ "time": 0.0666, "color": "8c4c51ff", "curve": "stepped" },
					{ "time": 0.7666, "color": "8c4c51ff" },
					{ "time": 1.1333, "color": "ffffffff" }
				],
				"attachment": [
					{ "time": 0.0666, "name": "Rodney_eyes_damage" },
					{ "time": 1.1333, "name": "Rodney_eyes_normal" }
				]
			},
			"T": {
				"color": [
					{ "time": 0.0666, "color": "8c4c51ff", "curve": "stepped" },
					{ "time": 0.7666, "color": "8c4c51ff" },
					{ "time": 1.1333, "color": "ffffffff" }
				]
			},
			"TH": {
				"color": [
					{ "time": 0.0666, "color": "8c4c51ff", "curve": "stepped" },
					{ "time": 0.7666, "color": "8c4c51ff" },
					{ "time": 1.1333, "color": "ffffffff" }
				]
			},
			"T_light": {
				"color": [
					{ "time": 0.5333, "color": "fffffffc" },
					{ "time": 0.7666, "color": "ffffff00" }
				],
				"attachment": [
					{ "time": 0, "name": null },
					{ "time": 0.0666, "name": "T_light" }
				]
			},
			"hand_L": {
				"color": [
					{ "time": 0.0666, "color": "8c4c51ff", "curve": "stepped" },
					{ "time": 0.7666, "color": "8c4c51ff" },
					{ "time": 1.1333, "color": "ffffffff" }
				]
			},
			"hand_L2": {
				"color": [
					{ "time": 0.0666, "color": "8c4c51ff", "curve": "stepped" },
					{ "time": 0.7666, "color": "8c4c51ff" },
					{ "time": 1.1333, "color": "ffffffff" }
				]
			},
			"hand_L_light": {
				"color": [
					{ "time": 0.5333, "color": "fffffffc" },
					{ "time": 0.7666, "color": "ffffff00" }
				],
				"attachment": [
					{ "time": 0, "name": null },
					{ "time": 0.0666, "name": "hand_L_light" }
				]
			},
			"hand_R": {
				"color": [
					{ "time": 0.0666, "color": "8c4c51ff", "curve": "stepped" },
					{ "time": 0.7666, "color": "8c4c51ff" },
					{ "time": 1.1333, "color": "ffffffff" }
				]
			},
			"head": {
				"color": [
					{ "time": 0.0666, "color": "8c4c51ff", "curve": "stepped" },
					{ "time": 0.7666, "color": "8c4c51ff" },
					{ "time": 1.1333, "color": "ffffffff" }
				]
			},
			"head_light": {
				"color": [
					{ "time": 0.5333, "color": "fffffffc" },
					{ "time": 0.7666, "color": "ffffff00" }
				],
				"attachment": [
					{ "time": 0, "name": null },
					{ "time": 0.0666, "name": "head_light" }
				]
			},
			"king": {
				"color": [
					{ "time": 0.0666, "color": "8c4c51ff", "curve": "stepped" },
					{ "time": 0.7666, "color": "8c4c51ff" },
					{ "time": 1.1333, "color": "ffffffff" }
				]
			}
		},
		"bones": {
			"Root_All": {
				"rotate": [
					{ "time": 0, "angle": 0, "curve": "stepped" },
					{ "time": 1.1666, "angle": 0 }
				],
				"translate": [
					{
						"time": 0,
						"x": 0,
						"y": 0,
						"curve": [ 0.255, 0.35, 0.6, 0.7 ]
					},
					{ "time": 0.0666, "x": -27.67, "y": -23.16 },
					{ "time": 0.1333, "x": 20.98, "y": 15.35 },
					{ "time": 0.2333, "x": -19.78, "y": -15.62 },
					{ "time": 0.3666, "x": 14.36, "y": 8.59 },
					{ "time": 0.5666, "x": -3.37, "y": -4.5 },
					{ "time": 0.8666, "x": 5.63, "y": 2.25 },
					{ "time": 1.1666, "x": 0, "y": 0 }
				]
			},
			"Face": {
				"rotate": [
					{ "time": 0, "angle": 0, "curve": "stepped" },
					{ "time": 1.1666, "angle": 0 }
				],
				"translate": [
					{
						"time": 0,
						"x": 0,
						"y": 0,
						"curve": [ 0.286, 0.34, 0.623, 0.67 ]
					},
					{ "time": 0.0666, "x": -5.44, "y": 0 },
					{ "time": 0.1333, "x": -0.44, "y": 0 },
					{ "time": 0.2333, "x": -5.06, "y": 0 },
					{ "time": 0.3666, "x": -2.01, "y": 0 },
					{ "time": 1.1666, "x": 0, "y": 0 }
				]
			},
			"Ship_All": {
				"rotate": [
					{ "time": 0, "angle": 0, "curve": "stepped" },
					{ "time": 1.1666, "angle": 0 }
				],
				"translate": [
					{ "time": 0, "x": 0, "y": 0, "curve": "stepped" },
					{ "time": 1.1666, "x": 0, "y": 0 }
				]
			},
			"Body": {
				"rotate": [
					{ "time": 0, "angle": 0, "curve": "stepped" },
					{ "time": 1.1666, "angle": 0 }
				],
				"translate": [
					{ "time": 0, "x": 0, "y": 0, "curve": "stepped" },
					{ "time": 1.1666, "x": 0, "y": 0 }
				]
			},
			"Damage_Point": {
				"rotate": [
					{ "time": 0, "angle": 0, "curve": "stepped" },
					{ "time": 0.0666, "angle": 0, "curve": "stepped" },
					{ "time": 1.1666, "angle": 0 }
				],
				"translate": [
					{ "time": 0, "x": 0, "y": 0, "curve": "stepped" },
					{ "time": 0.0666, "x": 0, "y": 0, "curve": "stepped" },
					{ "time": 1.1666, "x": 0, "y": 0 }
				]
			},
			"Head": {
				"rotate": [
					{ "time": 0, "angle": 0 },
					{ "time": 0.1666, "angle": 6.68 },
					{ "time": 0.4, "angle": -5.58 },
					{ "time": 0.9333, "angle": -3.55 },
					{ "time": 1.1666, "angle": 0 }
				],
				"translate": [
					{ "time": 0, "x": 0, "y": 0, "curve": "stepped" },
					{ "time": 1.1666, "x": 0, "y": 0 }
				]
			},
			"BB": {
				"rotate": [
					{ "time": 0, "angle": 0, "curve": "stepped" },
					{ "time": 1.1666, "angle": 0 }
				],
				"translate": [
					{ "time": 0, "x": 0, "y": 0 },
					{ "time": 0.3333, "x": 2.84, "y": 0 },
					{ "time": 0.6666, "x": -2.4, "y": 0 },
					{ "time": 0.8666, "x": 2.03, "y": 0 },
					{ "time": 1.1666, "x": 0, "y": 0 }
				]
			},
			"R2": {
				"rotate": [
					{ "time": 0, "angle": 0 },
					{ "time": 0.3333, "angle": -10.13 },
					{ "time": 0.6666, "angle": 12.1 },
					{ "time": 1.1666, "angle": 0 }
				],
				"translate": [
					{ "time": 0, "x": 0, "y": 0 },
					{ "time": 0.3333, "x": 0.04, "y": 1.57 },
					{ "time": 0.6666, "x": -0.04, "y": -1.57 },
					{ "time": 1.1666, "x": 0, "y": 0 }
				]
			},
			"R": {
				"rotate": [
					{ "time": 0, "angle": 0, "curve": "stepped" },
					{ "time": 1.1666, "angle": 0 }
				],
				"translate": [
					{ "time": 0, "x": 0, "y": 0, "curve": "stepped" },
					{ "time": 1.1666, "x": 0, "y": 0 }
				]
			},
			"L2": {
				"rotate": [
					{ "time": 0, "angle": 0 },
					{ "time": 0.3333, "angle": 10.45 },
					{ "time": 0.6666, "angle": -6.88 },
					{ "time": 1.1666, "angle": 0 }
				],
				"translate": [
					{ "time": 0, "x": 0, "y": 0 },
					{ "time": 0.3333, "x": -0.13, "y": -1.89 },
					{ "time": 0.6666, "x": 0.09, "y": 1.38 },
					{ "time": 1.1666, "x": 0, "y": 0 }
				]
			},
			"L": {
				"rotate": [
					{ "time": 0, "angle": 0, "curve": "stepped" },
					{ "time": 1.1666, "angle": 0 }
				],
				"translate": [
					{ "time": 0, "x": 0, "y": 0, "curve": "stepped" },
					{ "time": 1.1666, "x": 0, "y": 0 }
				]
			},
			"GIRL": {
				"rotate": [
					{ "time": 0, "angle": 0, "curve": "stepped" },
					{ "time": 1.1666, "angle": 0 }
				],
				"translate": [
					{ "time": 0, "x": 0, "y": 0, "curve": "stepped" },
					{ "time": 1.1666, "x": 0, "y": 0 }
				]
			},
			"Throw_Point": {
				"rotate": [
					{ "time": 0, "angle": 0, "curve": "stepped" },
					{ "time": 1.1666, "angle": 0 }
				],
				"translate": [
					{ "time": 0, "x": 0, "y": 0, "curve": "stepped" },
					{ "time": 1.1666, "x": 0, "y": 0 }
				]
			},
			"T": {
				"rotate": [
					{ "time": 0, "angle": 0 },
					{ "time": 0.3333, "angle": 17.02 },
					{ "time": 0.8333, "angle": -21.3 },
					{ "time": 1.1666, "angle": 0 }
				],
				"translate": [
					{ "time": 0, "x": 0, "y": 0 },
					{ "time": 0.3333, "x": -0.11, "y": 11.71 },
					{ "time": 0.8333, "x": 0.03, "y": -3.33 },
					{ "time": 1.1666, "x": 0, "y": 0 }
				]
			},
			"Smoke_R1": {
				"rotate": [
					{ "time": 0, "angle": 0, "curve": "stepped" },
					{ "time": 1.1666, "angle": 0 }
				],
				"translate": [
					{ "time": 0, "x": 0, "y": 0, "curve": "stepped" },
					{ "time": 1.1666, "x": 0, "y": 0 }
				]
			},
			"Smoke_L1": {
				"rotate": [
					{ "time": 0, "angle": 0, "curve": "stepped" },
					{ "time": 1.1666, "angle": 0 }
				],
				"translate": [
					{ "time": 0, "x": 0, "y": 0, "curve": "stepped" },
					{ "time": 1.1666, "x": 0, "y": 0 }
				]
			},
			"KING": {
				"rotate": [
					{ "time": 0, "angle": 0 },
					{ "time": 0.3333, "angle": -27.63 },
					{ "time": 0.6333, "angle": -32.76 },
					{ "time": 1, "angle": 25.84 },
					{ "time": 1.1666, "angle": 0 }
				],
				"translate": [
					{ "time": 0, "x": 0, "y": 0 },
					{ "time": 0.3333, "x": 0.08, "y": -8.63 },
					{ "time": 0.5, "x": 6.24, "y": -8.02 },
					{ "time": 0.6333, "x": 0.07, "y": -7.64 },
					{ "time": 0.9, "x": 3.02, "y": 6.4 },
					{ "time": 1, "x": -0.11, "y": 11.63 },
					{ "time": 1.1666, "x": 0, "y": 0 }
				]
			},
			"hand_R": {
				"rotate": [
					{ "time": 0, "angle": 0, "curve": "stepped" },
					{ "time": 1.1666, "angle": 0 }
				],
				"translate": [
					{ "time": 0, "x": 0, "y": 0, "curve": "stepped" },
					{ "time": 1.1666, "x": 0, "y": 0 }
				]
			},
			"hand_L2": {
				"rotate": [
					{ "time": 0, "angle": 0 },
					{ "time": 0.5, "angle": 19.09 },
					{ "time": 0.8333, "angle": 19.52 },
					{ "time": 1.1666, "angle": 0 }
				],
				"translate": [
					{ "time": 0, "x": 0, "y": 0, "curve": "stepped" },
					{ "time": 1.1666, "x": 0, "y": 0 }
				]
			},
			"hand_L": {
				"rotate": [
					{ "time": 0, "angle": 0 },
					{ "time": 0.5, "angle": -12.41 },
					{ "time": 0.8333, "angle": -15.4 },
					{ "time": 1.1666, "angle": 0 }
				],
				"translate": [
					{ "time": 0, "x": 0, "y": 0, "curve": "stepped" },
					{ "time": 1.1666, "x": 0, "y": 0 }
				]
			},
			"TH": {
				"rotate": [
					{ "time": 0, "angle": 0 },
					{ "time": 0.3333, "angle": -5.97 },
					{ "time": 0.8333, "angle": 3.42 },
					{ "time": 1.1666, "angle": 0 }
				],
				"translate": [
					{ "time": 0, "x": 0, "y": 0 },
					{ "time": 0.3333, "x": 5.05, "y": -2.2 },
					{ "time": 0.8333, "x": -4.48, "y": 2.89 },
					{ "time": 1.1666, "x": 0, "y": 0 }
				]
			},
			"Expression": {
				"rotate": [
					{ "time": 0, "angle": 0, "curve": "stepped" },
					{ "time": 1.1666, "angle": 0 }
				],
				"translate": [
					{ "time": 0, "x": 0, "y": 0, "curve": "stepped" },
					{ "time": 1.1666, "x": 0, "y": 0 }
				]
			},
			"Dialogue": {
				"rotate": [
					{ "time": 0, "angle": 0, "curve": "stepped" },
					{ "time": 1.1666, "angle": 0 }
				],
				"translate": [
					{ "time": 0, "x": 0, "y": 0, "curve": "stepped" },
					{ "time": 1.1666, "x": 0, "y": 0 }
				]
			},
			"DT": {
				"rotate": [
					{ "time": 0, "angle": 0, "curve": "stepped" },
					{ "time": 1.1666, "angle": 0 }
				],
				"translate": [
					{ "time": 0, "x": 0, "y": 0, "curve": "stepped" },
					{ "time": 1.1666, "x": 0, "y": 0 }
				]
			},
			"Attack_Point": {
				"rotate": [
					{ "time": 0, "angle": 0, "curve": "stepped" },
					{ "time": 1.1666, "angle": 0 }
				],
				"translate": [
					{ "time": 0, "x": 0, "y": 0, "curve": "stepped" },
					{ "time": 1.1666, "x": 0, "y": 0 }
				]
			},
			"Antiaircraft": {
				"rotate": [
					{ "time": 0, "angle": 0, "curve": "stepped" },
					{ "time": 1.1666, "angle": 0 }
				],
				"translate": [
					{ "time": 0, "x": 0, "y": 0, "curve": "stepped" },
					{ "time": 1.1666, "x": 0, "y": 0 }
				]
			}
		},
		"events": [
			{ "time": 0.0666, "name": "damage_point" }
		]
	},
	"normal": {
		"slots": {
			"DT_light": {
				"attachment": [
					{ "time": 0, "name": null }
				]
			},
			"Light_Body": {
				"attachment": [
					{ "time": 0, "name": null }
				]
			},
			"Rodney_eyes_normal": {
				"attachment": [
					{ "time": 0, "name": "Rodney_eyes_normal" }
				]
			},
			"T_light": {
				"attachment": [
					{ "time": 0, "name": null }
				]
			},
			"hand_L_light": {
				"attachment": [
					{ "time": 0, "name": null }
				]
			},
			"head_light": {
				"attachment": [
					{ "time": 0, "name": null }
				]
			}
		},
		"bones": {
			"R": {
				"rotate": [
					{ "time": 0, "angle": 0 },
					{ "time": 1.3333, "angle": -6.16 },
					{ "time": 2, "angle": 0 }
				],
				"translate": [
					{ "time": 0, "x": 0, "y": 0 },
					{ "time": 0.6666, "x": 0.52, "y": -0.24 },
					{ "time": 1.3333, "x": -2.31, "y": 0.05 },
					{ "time": 2, "x": 0, "y": 0 }
				]
			},
			"GIRL": {
				"rotate": [
					{ "time": 0, "angle": 0, "curve": "stepped" },
					{ "time": 2, "angle": 0 }
				],
				"translate": [
					{ "time": 0, "x": 0, "y": 0, "curve": "stepped" },
					{ "time": 2, "x": 0, "y": 0 }
				]
			},
			"Body": {
				"rotate": [
					{ "time": 0, "angle": 0, "curve": "stepped" },
					{ "time": 2, "angle": 0 }
				],
				"translate": [
					{ "time": 0, "x": 0, "y": 0, "curve": "stepped" },
					{ "time": 2, "x": 0, "y": 0 }
				]
			},
			"L2": {
				"rotate": [
					{ "time": 0, "angle": 0 },
					{ "time": 0.6666, "angle": 6.91 },
					{ "time": 1.3333, "angle": 2.25 },
					{ "time": 2, "angle": 0 }
				],
				"translate": [
					{ "time": 0, "x": 0, "y": 0 },
					{ "time": 0.6666, "x": 0.43, "y": -1.05 },
					{ "time": 1.3333, "x": -2.68, "y": 2.01 },
					{ "time": 2, "x": 0, "y": 0 }
				]
			},
			"R2": {
				"rotate": [
					{ "time": 0, "angle": 0 },
					{ "time": 0.6666, "angle": -8.87 },
					{ "time": 1.3333, "angle": 10.06 },
					{ "time": 2, "angle": 0 }
				],
				"translate": [
					{ "time": 0, "x": 0, "y": 0 },
					{ "time": 0.6666, "x": 1.05, "y": -0.55 },
					{ "time": 1.3333, "x": 0.8, "y": -2.94 },
					{ "time": 2, "x": 0, "y": 0 }
				]
			},
			"T": {
				"rotate": [
					{ "time": 0, "angle": 0, "curve": "stepped" },
					{ "time": 2, "angle": 0 }
				],
				"translate": [
					{ "time": 0, "x": 0, "y": 0 },
					{ "time": 1, "x": 0, "y": -2.19 },
					{ "time": 2, "x": 0, "y": 0 }
				]
			},
			"hand_L2": {
				"rotate": [
					{ "time": 0, "angle": 0 },
					{ "time": 1, "angle": -6.42 },
					{ "time": 2, "angle": 0 }
				],
				"translate": [
					{ "time": 0, "x": 0, "y": 0, "curve": "stepped" },
					{ "time": 2, "x": 0, "y": 0 }
				]
			},
			"DT": {
				"rotate": [
					{ "time": 0, "angle": 0, "curve": "stepped" },
					{ "time": 2, "angle": 0 }
				],
				"translate": [
					{ "time": 0, "x": 0, "y": 0 },
					{ "time": 1, "x": 2.73, "y": 0 },
					{ "time": 2, "x": 0, "y": 0 }
				]
			},
			"hand_L": {
				"rotate": [
					{ "time": 0, "angle": 0 },
					{ "time": 1, "angle": 2.76 },
					{ "time": 2, "angle": 0 }
				],
				"translate": [
					{ "time": 0, "x": 0, "y": 0, "curve": "stepped" },
					{ "time": 2, "x": 0, "y": 0 }
				]
			},
			"BB": {
				"rotate": [
					{ "time": 0, "angle": 0, "curve": "stepped" },
					{ "time": 2, "angle": 0 }
				],
				"translate": [
					{ "time": 0, "x": 0, "y": 0 },
					{ "time": 0.6666, "x": -1.07, "y": 0 },
					{ "time": 1.3333, "x": -0.51, "y": 0 },
					{ "time": 2, "x": 0, "y": 0 }
				]
			},
			"Expression": {
				"rotate": [
					{ "time": 0, "angle": 0, "curve": "stepped" },
					{ "time": 2, "angle": 0 }
				],
				"translate": [
					{ "time": 0, "x": 0, "y": 0, "curve": "stepped" },
					{ "time": 2, "x": 0, "y": 0 }
				]
			},
			"Smoke_R1": {
				"rotate": [
					{ "time": 0, "angle": 0, "curve": "stepped" },
					{ "time": 2, "angle": 0 }
				],
				"translate": [
					{ "time": 0, "x": 0, "y": 0, "curve": "stepped" },
					{ "time": 2, "x": 0, "y": 0 }
				]
			},
			"Smoke_L1": {
				"rotate": [
					{ "time": 0, "angle": 0, "curve": "stepped" },
					{ "time": 2, "angle": 0 }
				],
				"translate": [
					{ "time": 0, "x": 0, "y": 0, "curve": "stepped" },
					{ "time": 2, "x": 0, "y": 0 }
				]
			},
			"Root_All": {
				"rotate": [
					{ "time": 0, "angle": 0, "curve": "stepped" },
					{ "time": 2, "angle": 0 }
				],
				"translate": [
					{
						"time": 0,
						"x": 0,
						"y": 0,
						"curve": [ 0.255, 0.35, 0.6, 0.7 ]
					},
					{
						"time": 0.5,
						"x": 0,
						"y": -9.82,
						"curve": [ 0.3, 0.39, 0.641, 0.74 ]
					},
					{
						"time": 1,
						"x": 0,
						"y": -15.66,
						"curve": [ 0.322, 0.37, 0.652, 0.7 ]
					},
					{
						"time": 1.5,
						"x": 0,
						"y": -7.79,
						"curve": [ 0.314, 0.36, 0.644, 0.68 ]
					},
					{ "time": 2, "x": 0, "y": 0 }
				]
			},
			"Head": {
				"rotate": [
					{ "time": 0, "angle": 0 },
					{ "time": 0.5, "angle": -3.17 },
					{ "time": 1, "angle": 0 },
					{ "time": 1.5, "angle": 0.89 },
					{ "time": 2, "angle": 0 }
				],
				"translate": [
					{ "time": 0, "x": 0, "y": 0, "curve": "stepped" },
					{ "time": 1, "x": 0, "y": 0, "curve": "stepped" },
					{ "time": 2, "x": 0, "y": 0 }
				]
			},
			"Face": {
				"rotate": [
					{ "time": 0, "angle": 0, "curve": "stepped" },
					{ "time": 2, "angle": 0 }
				],
				"translate": [
					{
						"time": 0,
						"x": 0,
						"y": 0,
						"curve": [ 0.286, 0.34, 0.623, 0.67 ]
					},
					{
						"time": 0.5,
						"x": 0.64,
						"y": 0,
						"curve": [ 0.282, 0.37, 0.624, 0.71 ]
					},
					{
						"time": 1.5,
						"x": -1.28,
						"y": 0,
						"curve": [ 0.321, 0.37, 0.656, 0.71 ]
					},
					{ "time": 2, "x": 0, "y": 0 }
				]
			},
			"KING": {
				"rotate": [
					{ "time": 0, "angle": 0 },
					{ "time": 1, "angle": 24.7 },
					{ "time": 2, "angle": 0 }
				],
				"translate": [
					{ "time": 0, "x": 0, "y": 0 },
					{ "time": 1, "x": -0.05, "y": 6.02 },
					{ "time": 2, "x": 0, "y": 0 }
				]
			},
			"Damage_Point": {
				"rotate": [
					{ "time": 0, "angle": 0, "curve": "stepped" },
					{ "time": 2, "angle": 0 }
				],
				"translate": [
					{ "time": 0, "x": 0, "y": 0, "curve": "stepped" },
					{ "time": 2, "x": 0, "y": 0 }
				]
			},
			"hand_R": {
				"rotate": [
					{ "time": 0, "angle": 0, "curve": "stepped" },
					{ "time": 2, "angle": 0 }
				],
				"translate": [
					{ "time": 0, "x": 0, "y": 0 },
					{ "time": 1, "x": 1.64, "y": 0 },
					{ "time": 2, "x": 0, "y": 0 }
				]
			},
			"TH": {
				"rotate": [
					{ "time": 0, "angle": 0 },
					{ "time": 1, "angle": 6.76 },
					{ "time": 2, "angle": 0 }
				],
				"translate": [
					{ "time": 0, "x": 0, "y": 0, "curve": "stepped" },
					{ "time": 2, "x": 0, "y": 0 }
				]
			},
			"Throw_Point": {
				"rotate": [
					{ "time": 0, "angle": 0, "curve": "stepped" },
					{ "time": 2, "angle": 0 }
				],
				"translate": [
					{ "time": 0, "x": 0, "y": 0, "curve": "stepped" },
					{ "time": 2, "x": 0, "y": 0 }
				]
			},
			"Ship_All": {
				"rotate": [
					{ "time": 0, "angle": 0, "curve": "stepped" },
					{ "time": 2, "angle": 0 }
				],
				"translate": [
					{ "time": 0, "x": 0, "y": 0, "curve": "stepped" },
					{ "time": 2, "x": 0, "y": 0 }
				]
			},
			"Antiaircraft": {
				"rotate": [
					{ "time": 0, "angle": 0, "curve": "stepped" },
					{ "time": 2, "angle": 0 }
				],
				"translate": [
					{ "time": 0, "x": 0, "y": 0, "curve": "stepped" },
					{ "time": 2, "x": 0, "y": 0 }
				]
			},
			"L": {
				"rotate": [
					{ "time": 0, "angle": 0 },
					{ "time": 1.3333, "angle": -6.41 },
					{ "time": 2, "angle": 0 }
				],
				"translate": [
					{ "time": 0, "x": 0, "y": 0 },
					{ "time": 0.6666, "x": 1.79, "y": 0.05 },
					{ "time": 1.3333, "x": 2.18, "y": -0.18 },
					{ "time": 2, "x": 0, "y": 0 }
				]
			},
			"Dialogue": {
				"rotate": [
					{ "time": 0, "angle": 0, "curve": "stepped" },
					{ "time": 2, "angle": 0 }
				],
				"translate": [
					{ "time": 0, "x": 0, "y": 0, "curve": "stepped" },
					{ "time": 2, "x": 0, "y": 0 }
				]
			},
			"Attack_Point": {
				"rotate": [
					{ "time": 0, "angle": 0, "curve": "stepped" },
					{ "time": 2, "angle": 0 }
				],
				"translate": [
					{ "time": 0, "x": 0, "y": 0, "curve": "stepped" },
					{ "time": 2, "x": 0, "y": 0 }
				]
			}
		}
	},
	"throw": {
		"slots": {
			"Light_Body": {
				"attachment": [
					{ "time": 0, "name": null }
				]
			},
			"head_light": {
				"attachment": [
					{ "time": 0, "name": null }
				]
			}
		},
		"bones": {
			"Face": {
				"rotate": [
					{ "time": 0, "angle": 0, "curve": "stepped" },
					{ "time": 1.3333, "angle": 0 }
				],
				"translate": [
					{
						"time": 0,
						"x": 0,
						"y": 0,
						"curve": [ 0.286, 0.34, 0.623, 0.67 ]
					},
					{ "time": 0.3333, "x": 0, "y": -0.7 },
					{ "time": 0.5666, "x": 0, "y": 0.14 },
					{ "time": 1.3333, "x": 0, "y": 0 }
				]
			},
			"Root_All": {
				"rotate": [
					{ "time": 0, "angle": 0, "curve": "stepped" },
					{ "time": 1.3333, "angle": 0 }
				],
				"translate": [
					{
						"time": 0,
						"x": 0,
						"y": 0,
						"curve": [ 0.255, 0.35, 0.6, 0.7 ]
					},
					{ "time": 0.6333, "x": -66.66, "y": 0 },
					{ "time": 0.9666, "x": -10.42, "y": -12.42 },
					{ "time": 1.3333, "x": 0, "y": 0 }
				]
			},
			"Body": {
				"rotate": [
					{
						"time": 0,
						"angle": 0,
						"curve": [ 0.219, 0.41, 0.591, 0.77 ]
					},
					{
						"time": 0.6333,
						"angle": -3.17,
						"curve": [ 0.32, 0.36, 0.653, 0.69 ]
					},
					{
						"time": 0.7333,
						"angle": 0.61,
						"curve": [ 0.319, 0.37, 0.652, 0.7 ]
					},
					{
						"time": 0.9666,
						"angle": -1.72,
						"curve": [ 0.32, 0.38, 0.654, 0.71 ]
					},
					{ "time": 1.3333, "angle": 0 }
				],
				"translate": [
					{
						"time": 0,
						"x": 0,
						"y": 0,
						"curve": [ 0.219, 0.41, 0.591, 0.77 ]
					},
					{
						"time": 0.3333,
						"x": -15.86,
						"y": 0,
						"curve": [ 0.193, 0.39, 0.58, 0.9 ]
					},
					{
						"time": 0.5666,
						"x": -19.36,
						"y": 0,
						"curve": [ 0.142, 0.42, 0.647, 0.94 ]
					},
					{ "time": 0.6333, "x": 92.18, "y": -6.3 },
					{ "time": 0.7333, "x": 111.33, "y": 0 },
					{ "time": 1.3333, "x": 0, "y": 0 }
				]
			},
			"Ship_All": {
				"rotate": [
					{ "time": 0, "angle": 0, "curve": "stepped" },
					{ "time": 1.3333, "angle": 0 }
				],
				"translate": [
					{ "time": 0, "x": 0, "y": 0, "curve": "stepped" },
					{ "time": 1.3333, "x": 0, "y": 0 }
				]
			},
			"Throw_Point": {
				"rotate": [
					{ "time": 0.6333, "angle": 0 }
				],
				"translate": [
					{ "time": 0.6333, "x": 0, "y": 0 }
				]
			},
			"Head": {
				"rotate": [
					{ "time": 0, "angle": 0 },
					{ "time": 0.3333, "angle": 0.25 },
					{ "time": 0.8333, "angle": -5.25 },
					{ "time": 1.3333, "angle": 0 }
				],
				"translate": [
					{ "time": 0, "x": 0, "y": 0, "curve": "stepped" },
					{ "time": 1.3333, "x": 0, "y": 0 }
				]
			},
			"BB": {
				"rotate": [
					{ "time": 0, "angle": 0, "curve": "stepped" },
					{ "time": 1.3333, "angle": 0 }
				],
				"translate": [
					{ "time": 0, "x": 0, "y": 0 },
					{ "time": 0.2333, "x": -0.92, "y": -0.01 },
					{ "time": 0.5, "x": 0.9, "y": 0.04 },
					{ "time": 0.9666, "x": -0.92, "y": -0.01 },
					{ "time": 1.1666, "x": 0.9, "y": 0.04 },
					{ "time": 1.3333, "x": 0, "y": 0 }
				]
			},
			"R2": {
				"rotate": [
					{ "time": 0, "angle": 0 },
					{ "time": 0.2333, "angle": 12.27 },
					{ "time": 0.5, "angle": 7.53 },
					{ "time": 0.9666, "angle": 12.27 },
					{ "time": 1.1666, "angle": 7.53 },
					{ "time": 1.3333, "angle": 0 }
				],
				"translate": [
					{ "time": 0, "x": 0, "y": 0 },
					{ "time": 0.2333, "x": -0.56, "y": -2.33 },
					{ "time": 0.5, "x": 0.26, "y": -2.03 },
					{ "time": 0.9666, "x": -0.56, "y": -2.33 },
					{ "time": 1.1666, "x": 0.26, "y": -2.03 },
					{ "time": 1.3333, "x": 0, "y": 0 }
				]
			},
			"R": {
				"rotate": [
					{ "time": 0, "angle": 0, "curve": "stepped" },
					{ "time": 1.3333, "angle": 0 }
				],
				"translate": [
					{ "time": 0, "x": 0, "y": 0, "curve": "stepped" },
					{ "time": 1.3333, "x": 0, "y": 0 }
				]
			},
			"L2": {
				"rotate": [
					{ "time": 0, "angle": 0 },
					{ "time": 0.2333, "angle": -7.87 },
					{ "time": 0.5, "angle": 6.5 },
					{ "time": 0.9666, "angle": -7.87 },
					{ "time": 1.1666, "angle": 6.5 },
					{ "time": 1.3333, "angle": 0 }
				],
				"translate": [
					{ "time": 0, "x": 0, "y": 0 },
					{ "time": 0.2333, "x": -1.29, "y": 0.89 },
					{ "time": 0.5, "x": -0.04, "y": -2.04 },
					{ "time": 0.9666, "x": -1.29, "y": 0.89 },
					{ "time": 1.1666, "x": -0.04, "y": -2.04 },
					{ "time": 1.3333, "x": 0, "y": 0 }
				]
			},
			"L": {
				"rotate": [
					{ "time": 0, "angle": 0, "curve": "stepped" },
					{ "time": 1.3333, "angle": 0 }
				],
				"translate": [
					{ "time": 0, "x": 0, "y": 0 },
					{ "time": 0.5, "x": -0.01, "y": 0.22, "curve": "stepped" },
					{ "time": 1.1666, "x": -0.01, "y": 0.22 },
					{ "time": 1.3333, "x": 0, "y": 0 }
				]
			}
		},
		"events": [
			{ "time": 0.5666, "name": "throw_point" }
		]
	},
	"wreck": {
		"slots": {
			"DT_light": {
				"attachment": [
					{ "time": 0, "name": null }
				]
			},
			"Light_Body": {
				"attachment": [
					{ "time": 0, "name": null }
				]
			},
			"Rodney_eyes_normal": {
				"attachment": [
					{ "time": 0, "name": "Rodney_eyes_damage" }
				]
			},
			"T_light": {
				"attachment": [
					{ "time": 0, "name": null }
				]
			},
			"hand_L_light": {
				"attachment": [
					{ "time": 0, "name": null }
				]
			},
			"head_light": {
				"attachment": [
					{ "time": 0, "name": null }
				]
			}
		},
		"bones": {
			"TH": {
				"rotate": [
					{ "time": 0, "angle": 0 },
					{ "time": 1, "angle": 6.76 },
					{ "time": 2, "angle": 0 }
				],
				"translate": [
					{ "time": 0, "x": 0, "y": 0, "curve": "stepped" },
					{ "time": 2, "x": 0, "y": 0 }
				]
			},
			"hand_R": {
				"rotate": [
					{ "time": 0, "angle": 0, "curve": "stepped" },
					{ "time": 2, "angle": 0 }
				],
				"translate": [
					{ "time": 0, "x": 0, "y": 0 },
					{ "time": 1, "x": 1.64, "y": 0 },
					{ "time": 2, "x": 0, "y": 0 }
				]
			},
			"Body": {
				"rotate": [
					{ "time": 0, "angle": 0, "curve": "stepped" },
					{ "time": 2, "angle": 0 }
				],
				"translate": [
					{ "time": 0, "x": 0, "y": 0, "curve": "stepped" },
					{ "time": 2, "x": 0, "y": 0 }
				]
			},
			"T": {
				"rotate": [
					{ "time": 0, "angle": 0, "curve": "stepped" },
					{ "time": 2, "angle": 0 }
				],
				"translate": [
					{ "time": 0, "x": 0, "y": 0 },
					{ "time": 1, "x": 0, "y": -2.19 },
					{ "time": 2, "x": 0, "y": 0 }
				]
			},
			"KING": {
				"rotate": [
					{ "time": 0, "angle": 0 },
					{ "time": 1, "angle": 24.7 },
					{ "time": 2, "angle": 0 }
				],
				"translate": [
					{ "time": 0, "x": 0, "y": 0 },
					{ "time": 1, "x": -0.05, "y": 6.02 },
					{ "time": 2, "x": 0, "y": 0 }
				]
			},
			"Attack_Point": {
				"rotate": [
					{ "time": 0, "angle": 0, "curve": "stepped" },
					{ "time": 2, "angle": 0 }
				],
				"translate": [
					{ "time": 0, "x": 0, "y": 0, "curve": "stepped" },
					{ "time": 2, "x": 0, "y": 0 }
				]
			},
			"Head": {
				"rotate": [
					{ "time": 0, "angle": 0 },
					{ "time": 0.5, "angle": -3.17 },
					{ "time": 1, "angle": 0 },
					{ "time": 1.5, "angle": 0.89 },
					{ "time": 2, "angle": 0 }
				],
				"translate": [
					{ "time": 0, "x": 0, "y": 0, "curve": "stepped" },
					{ "time": 1, "x": 0, "y": 0, "curve": "stepped" },
					{ "time": 2, "x": 0, "y": 0 }
				]
			},
			"L": {
				"rotate": [
					{ "time": 0, "angle": 0 },
					{ "time": 1.3333, "angle": -6.41 },
					{ "time": 2, "angle": 0 }
				],
				"translate": [
					{ "time": 0, "x": 0, "y": 0 },
					{ "time": 0.6666, "x": 1.79, "y": 0.05 },
					{ "time": 1.3333, "x": 2.18, "y": -0.18 },
					{ "time": 2, "x": 0, "y": 0 }
				]
			},
			"Dialogue": {
				"rotate": [
					{ "time": 0, "angle": 0, "curve": "stepped" },
					{ "time": 2, "angle": 0 }
				],
				"translate": [
					{ "time": 0, "x": 0, "y": 0, "curve": "stepped" },
					{ "time": 2, "x": 0, "y": 0 }
				]
			},
			"R": {
				"rotate": [
					{ "time": 0, "angle": 0 },
					{ "time": 1.3333, "angle": -6.16 },
					{ "time": 2, "angle": 0 }
				],
				"translate": [
					{ "time": 0, "x": 0, "y": 0 },
					{ "time": 0.6666, "x": 0.52, "y": -0.24 },
					{ "time": 1.3333, "x": -2.31, "y": 0.05 },
					{ "time": 2, "x": 0, "y": 0 }
				]
			},
			"hand_L2": {
				"rotate": [
					{ "time": 0, "angle": 0 },
					{ "time": 1, "angle": -6.42 },
					{ "time": 2, "angle": 0 }
				],
				"translate": [
					{ "time": 0, "x": 0, "y": 0, "curve": "stepped" },
					{ "time": 2, "x": 0, "y": 0 }
				]
			},
			"Antiaircraft": {
				"rotate": [
					{ "time": 0, "angle": 0, "curve": "stepped" },
					{ "time": 2, "angle": 0 }
				],
				"translate": [
					{ "time": 0, "x": 0, "y": 0, "curve": "stepped" },
					{ "time": 2, "x": 0, "y": 0 }
				]
			},
			"R2": {
				"rotate": [
					{ "time": 0, "angle": 0 },
					{ "time": 0.6666, "angle": -8.87 },
					{ "time": 1.3333, "angle": 10.06 },
					{ "time": 2, "angle": 0 }
				],
				"translate": [
					{ "time": 0, "x": 0, "y": 0 },
					{ "time": 0.6666, "x": 1.05, "y": -0.55 },
					{ "time": 1.3333, "x": 0.8, "y": -2.94 },
					{ "time": 2, "x": 0, "y": 0 }
				]
			},
			"Face": {
				"rotate": [
					{ "time": 0, "angle": 0, "curve": "stepped" },
					{ "time": 2, "angle": 0 }
				],
				"translate": [
					{
						"time": 0,
						"x": 0,
						"y": 0,
						"curve": [ 0.286, 0.34, 0.623, 0.67 ]
					},
					{
						"time": 0.5,
						"x": 0.64,
						"y": 0,
						"curve": [ 0.282, 0.37, 0.624, 0.71 ]
					},
					{
						"time": 1.5,
						"x": -1.28,
						"y": 0,
						"curve": [ 0.321, 0.37, 0.656, 0.71 ]
					},
					{ "time": 2, "x": 0, "y": 0 }
				]
			},
			"hand_L": {
				"rotate": [
					{ "time": 0, "angle": 0 },
					{ "time": 1, "angle": 2.76 },
					{ "time": 2, "angle": 0 }
				],
				"translate": [
					{ "time": 0, "x": 0, "y": 0, "curve": "stepped" },
					{ "time": 2, "x": 0, "y": 0 }
				]
			},
			"GIRL": {
				"rotate": [
					{ "time": 0, "angle": 0, "curve": "stepped" },
					{ "time": 2, "angle": 0 }
				],
				"translate": [
					{ "time": 0, "x": 0, "y": 0, "curve": "stepped" },
					{ "time": 2, "x": 0, "y": 0 }
				]
			},
			"L2": {
				"rotate": [
					{ "time": 0, "angle": 0 },
					{ "time": 0.6666, "angle": 6.91 },
					{ "time": 1.3333, "angle": 2.25 },
					{ "time": 2, "angle": 0 }
				],
				"translate": [
					{ "time": 0, "x": 0, "y": 0 },
					{ "time": 0.6666, "x": 0.43, "y": -1.05 },
					{ "time": 1.3333, "x": -2.68, "y": 2.01 },
					{ "time": 2, "x": 0, "y": 0 }
				]
			},
			"Throw_Point": {
				"rotate": [
					{ "time": 0, "angle": 0, "curve": "stepped" },
					{ "time": 2, "angle": 0 }
				],
				"translate": [
					{ "time": 0, "x": 0, "y": 0, "curve": "stepped" },
					{ "time": 2, "x": 0, "y": 0 }
				]
			},
			"Smoke_R1": {
				"rotate": [
					{ "time": 0, "angle": 0, "curve": "stepped" },
					{ "time": 2, "angle": 0 }
				],
				"translate": [
					{ "time": 0, "x": 0, "y": 0, "curve": "stepped" },
					{ "time": 2, "x": 0, "y": 0 }
				]
			},
			"Expression": {
				"rotate": [
					{ "time": 0, "angle": 0, "curve": "stepped" },
					{ "time": 2, "angle": 0 }
				],
				"translate": [
					{ "time": 0, "x": 0, "y": 0, "curve": "stepped" },
					{ "time": 2, "x": 0, "y": 0 }
				]
			},
			"DT": {
				"rotate": [
					{ "time": 0, "angle": 0, "curve": "stepped" },
					{ "time": 2, "angle": 0 }
				],
				"translate": [
					{ "time": 0, "x": 0, "y": 0 },
					{ "time": 1, "x": 2.73, "y": 0 },
					{ "time": 2, "x": 0, "y": 0 }
				]
			},
			"Root_All": {
				"rotate": [
					{ "time": 0, "angle": 0, "curve": "stepped" },
					{ "time": 2, "angle": 0 }
				],
				"translate": [
					{
						"time": 0,
						"x": 0,
						"y": 0,
						"curve": [ 0.255, 0.35, 0.6, 0.7 ]
					},
					{
						"time": 0.5,
						"x": 0,
						"y": -9.82,
						"curve": [ 0.3, 0.39, 0.641, 0.74 ]
					},
					{
						"time": 1,
						"x": 0,
						"y": -15.66,
						"curve": [ 0.322, 0.37, 0.652, 0.7 ]
					},
					{
						"time": 1.5,
						"x": 0,
						"y": -7.79,
						"curve": [ 0.314, 0.36, 0.644, 0.68 ]
					},
					{ "time": 2, "x": 0, "y": 0 }
				]
			},
			"Damage_Point": {
				"rotate": [
					{ "time": 0, "angle": 0, "curve": "stepped" },
					{ "time": 2, "angle": 0 }
				],
				"translate": [
					{ "time": 0, "x": 0, "y": 0, "curve": "stepped" },
					{ "time": 2, "x": 0, "y": 0 }
				]
			},
			"BB": {
				"rotate": [
					{ "time": 0, "angle": 0, "curve": "stepped" },
					{ "time": 2, "angle": 0 }
				],
				"translate": [
					{ "time": 0, "x": 0, "y": 0 },
					{ "time": 0.6666, "x": -1.07, "y": 0 },
					{ "time": 1.3333, "x": -0.51, "y": 0 },
					{ "time": 2, "x": 0, "y": 0 }
				]
			},
			"Ship_All": {
				"rotate": [
					{ "time": 0, "angle": 0, "curve": "stepped" },
					{ "time": 2, "angle": 0 }
				],
				"translate": [
					{ "time": 0, "x": 0, "y": 0, "curve": "stepped" },
					{ "time": 2, "x": 0, "y": 0 }
				]
			},
			"Smoke_L1": {
				"rotate": [
					{ "time": 0, "angle": 0, "curve": "stepped" },
					{ "time": 2, "angle": 0 }
				],
				"translate": [
					{ "time": 0, "x": 0, "y": 0, "curve": "stepped" },
					{ "time": 2, "x": 0, "y": 0 }
				]
			}
		}
	}
}
}