{
"skeleton": { "hash": "EsB3+My1Lt1ZcwlJEKHi9V56uMs", "spine": "2.1.27", "width": 2378.94, "height": 195.86, "images": "" },
"bones": [
	{ "name": "BG_picture" },
	{ "name": "Line", "parent": "BG_picture", "x": 58.17, "y": -81.54, "scaleX": 4.757, "scaleY": 2.798 },
	{ "name": "Sky", "parent": "BG_picture" },
	{ "name": "Sky_picture", "parent": "Sky" }
],
"slots": [
	{ "name": "Sky", "bone": "Sky_picture", "attachment": "Sky" },
	{ "name": "Light_00", "bone": "Line", "color": "ffffff58", "attachment": "Light_00", "blend": "additive" }
],
"skins": {
	"default": {
		"Light_00": {
			"Light_00": { "width": 500, "height": 70 }
		},
		"Sky": {
			"Sky": { "y": -83.5, "scaleX": 2, "scaleY": 2, "width": 612, "height": 84 }
		}
	}
},
"animations": {
	"BG_Pacific_Ocean_day": {
		"slots": {
			"Light_00": {
				"color": [
					{ "time": 0, "color": "ffffff00" },
					{ "time": 4, "color": "ffffff44" },
					{ "time": 6, "color": "ffffff00" }
				]
			}
		},
		"bones": {
			"Line": {
				"translate": [
					{ "time": 0, "x": -33.17, "y": 1.54 },
					{ "time": 2.6666, "x": -178.17, "y": 1.54 },
					{ "time": 6, "x": -33.17, "y": 1.54 }
				],
				"scale": [
					{ "time": 0, "x": 0.426, "y": 1 },
					{ "time": 1.3333, "x": 0.805, "y": 1 },
					{ "time": 6, "x": 0.426, "y": 1 }
				]
			}
		}
	}
}
}