{
"skeleton": { "hash": "n2K8+n3qBj+qFpaBXH2/Y0iYlOU", "spine": "3.2.01", "width": 272.65, "height": 353.75, "images": "" },
"bones": [
	{ "name": "root" },
	{ "name": "bone", "parent": "root" },
	{ "name": "windows", "parent": "bone", "scaleX": 0.5, "scaleY": 0.5 },
	{ "name": "B", "parent": "windows" },
	{ "name": "Sea", "parent": "windows", "scaleX": 1.032, "scaleY": 1.032 },
	{ "name": "bird", "parent": "windows", "x": -19.05, "y": 283.82 },
	{ "name": "cloud1", "parent": "windows", "x": 73.87, "y": 373.24 },
	{ "name": "cloud2", "parent": "windows", "x": -84.93, "y": 373.24 },
	{ "name": "light", "parent": "windows", "x": 1.52, "y": 310.38 }
],
"slots": [
	{ "name": "sea1", "bone": "Sea", "attachment": "sea1" },
	{ "name": "B1", "bone": "B", "attachment": "B1" },
	{ "name": "light1", "bone": "light", "attachment": "light1", "blend": "additive" },
	{ "name": "cloud1", "bone": "cloud1", "attachment": "cloud1" },
	{ "name": "cloud2", "bone": "cloud2", "attachment": "cloud2" },
	{ "name": "bird1", "bone": "bird" },
	{ "name": "K", "bone": "windows", "attachment": "K" }
],
"skins": {
	"default": {
		"B1": {
			"B1": { "x": -9.71, "y": 344.08, "width": 528, "height": 685 },
			"B2": { "x": -9.71, "y": 344.08, "width": 528, "height": 685 },
			"B3": { "x": -9.71, "y": 344.08, "width": 528, "height": 685 },
			"B4": { "x": -9.71, "y": 344.08, "width": 528, "height": 685 },
			"B5": { "x": -9.71, "y": 344.08, "width": 528, "height": 685 },
			"B6": { "x": -9.71, "y": 344.08, "width": 528, "height": 685 },
			"B7": { "x": -9.71, "y": 344.08, "width": 528, "height": 685 },
			"B8": { "x": -9.71, "y": 344.08, "width": 528, "height": 685 },
			"B9": { "x": -9.71, "y": 344.08, "width": 528, "height": 685 },
			"B10": { "x": -9.71, "y": 344.08, "width": 528, "height": 685 },
			"B11": { "x": -9.71, "y": 344.08, "width": 528, "height": 685 },
			"B12": { "x": -9.71, "y": 344.08, "width": 528, "height": 685 }
		},
		"K": {
			"K": { "x": -9.71, "y": 344.08, "width": 528, "height": 685 }
		},
		"bird1": {
			"bird1": { "width": 536, "height": 692 },
			"bird2": { "width": 536, "height": 692 },
			"bird3": { "width": 536, "height": 692 },
			"bird4": { "width": 536, "height": 692 },
			"bird5": { "width": 536, "height": 692 },
			"bird6": { "width": 536, "height": 692 },
			"bird7": { "width": 536, "height": 692 },
			"bird8": { "width": 536, "height": 692 },
			"bird9": { "width": 536, "height": 692 },
			"bird10": { "width": 536, "height": 692 },
			"bird11": { "width": 536, "height": 692 },
			"bird12": { "width": 536, "height": 692 },
			"bird13": { "width": 536, "height": 692 },
			"bird14": { "width": 536, "height": 692 },
			"bird15": { "width": 536, "height": 692 }
		},
		"cloud1": {
			"cloud1": { "x": -83.59, "y": -29.16, "width": 528, "height": 685 }
		},
		"cloud2": {
			"cloud2": { "x": 75.21, "y": -29.16, "width": 528, "height": 685 }
		},
		"light1": {
			"light1": { "x": -11.24, "y": 33.7, "width": 528, "height": 685 },
			"light2": { "x": -11.24, "y": 33.7, "width": 528, "height": 685 },
			"light3": { "x": -11.24, "y": 33.7, "width": 528, "height": 685 }
		},
		"sea1": {
			"sea1": { "x": -9.71, "y": 344.08, "width": 528, "height": 685 },
			"sea2": { "x": -9.71, "y": 344.08, "width": 528, "height": 685 },
			"sea3": { "x": -9.71, "y": 344.08, "width": 528, "height": 685 }
		}
	}
},
"animations": {
	"normal": {
		"slots": {
			"B1": {
				"attachment": [
					{ "time": 0, "name": "B1" },
					{ "time": 0.1666, "name": "B2" },
					{ "time": 0.3333, "name": "B3" },
					{ "time": 0.5, "name": "B4" },
					{ "time": 0.6666, "name": "B5" },
					{ "time": 0.8333, "name": "B6" },
					{ "time": 1, "name": "B7" },
					{ "time": 1.1666, "name": "B8" },
					{ "time": 1.3333, "name": "B9" },
					{ "time": 1.5, "name": "B10" },
					{ "time": 1.6666, "name": "B11" },
					{ "time": 1.8333, "name": "B12" },
					{ "time": 2, "name": "B1" },
					{ "time": 2.1666, "name": "B2" },
					{ "time": 2.3333, "name": "B3" },
					{ "time": 2.5, "name": "B4" },
					{ "time": 2.6666, "name": "B5" },
					{ "time": 2.8333, "name": "B6" },
					{ "time": 3, "name": "B7" },
					{ "time": 3.1666, "name": "B8" },
					{ "time": 3.3333, "name": "B9" },
					{ "time": 3.5, "name": "B10" },
					{ "time": 3.6666, "name": "B11" },
					{ "time": 3.8333, "name": "B12" },
					{ "time": 4, "name": "B1" }
				]
			},
			"bird1": {
				"attachment": [
					{ "time": 0, "name": null }
				]
			},
			"cloud1": {
				"color": [
					{ "time": 0, "color": "ffffffff" },
					{ "time": 1, "color": "ffffffd9" },
					{ "time": 2, "color": "ffffffc6" },
					{ "time": 3, "color": "ffffffa9" },
					{ "time": 4, "color": "ffffffff" }
				]
			},
			"cloud2": {
				"color": [
					{ "time": 0, "color": "ffffffff" },
					{ "time": 1, "color": "ffffffd2" },
					{ "time": 2, "color": "ffffffa9" },
					{ "time": 3, "color": "ffffffe0" },
					{ "time": 4, "color": "ffffffff" }
				]
			},
			"light1": {
				"attachment": [
					{ "time": 0, "name": "light1" },
					{ "time": 0.3333, "name": "light2" },
					{ "time": 0.6666, "name": "light3" },
					{ "time": 1, "name": "light1" },
					{ "time": 1.3333, "name": "light2" },
					{ "time": 1.6666, "name": "light3" },
					{ "time": 2, "name": "light1" },
					{ "time": 2.3333, "name": "light2" },
					{ "time": 2.6666, "name": "light3" },
					{ "time": 3, "name": "light1" },
					{ "time": 3.3333, "name": "light2" },
					{ "time": 3.6666, "name": "light3" },
					{ "time": 4, "name": "light1" }
				]
			},
			"sea1": {
				"attachment": [
					{ "time": 0, "name": "sea1" },
					{ "time": 0.1666, "name": "sea2" },
					{ "time": 0.3333, "name": "sea3" },
					{ "time": 0.5, "name": "sea1" },
					{ "time": 0.6666, "name": "sea2" },
					{ "time": 0.8333, "name": "sea3" },
					{ "time": 1, "name": "sea1" },
					{ "time": 1.1666, "name": "sea2" },
					{ "time": 1.3333, "name": "sea3" },
					{ "time": 1.5, "name": "sea1" },
					{ "time": 1.6666, "name": "sea2" },
					{ "time": 1.8333, "name": "sea3" },
					{ "time": 2, "name": "sea1" },
					{ "time": 2.1666, "name": "sea2" },
					{ "time": 2.3333, "name": "sea3" },
					{ "time": 2.5, "name": "sea1" },
					{ "time": 2.6666, "name": "sea2" },
					{ "time": 2.8333, "name": "sea3" },
					{ "time": 3, "name": "sea1" },
					{ "time": 3.1666, "name": "sea2" },
					{ "time": 3.3333, "name": "sea3" },
					{ "time": 3.5, "name": "sea1" },
					{ "time": 3.6666, "name": "sea2" },
					{ "time": 3.8333, "name": "sea3" },
					{ "time": 4, "name": "sea1" }
				]
			}
		},
		"bones": {
			"windows": {
				"rotate": [
					{ "time": 0, "angle": 0, "curve": "stepped" },
					{ "time": 2, "angle": 0, "curve": "stepped" },
					{ "time": 4, "angle": 0 }
				],
				"translate": [
					{ "time": 0, "x": 0, "y": 0, "curve": "stepped" },
					{ "time": 2, "x": 0, "y": 0, "curve": "stepped" },
					{ "time": 4, "x": 0, "y": 0 }
				]
			},
			"light": {
				"rotate": [
					{ "time": 0, "angle": 0, "curve": "stepped" },
					{ "time": 2, "angle": 0, "curve": "stepped" },
					{ "time": 4, "angle": 0 }
				],
				"translate": [
					{ "time": 0, "x": 0, "y": 0, "curve": "stepped" },
					{ "time": 2, "x": 0, "y": 0, "curve": "stepped" },
					{ "time": 4, "x": 0, "y": 0 }
				],
				"scale": [
					{ "time": 0, "x": 1, "y": 1 },
					{ "time": 0.6666, "x": 1.1, "y": 1 },
					{ "time": 1.3333, "x": 0.959, "y": 1 },
					{ "time": 2, "x": 1, "y": 1 },
					{ "time": 2.6666, "x": 1.1, "y": 1 },
					{ "time": 3.3333, "x": 0.959, "y": 1 },
					{ "time": 4, "x": 1, "y": 1 }
				]
			},
			"cloud2": {
				"rotate": [
					{ "time": 0, "angle": 0, "curve": "stepped" },
					{ "time": 4, "angle": 0 }
				],
				"translate": [
					{ "time": 0, "x": 0, "y": 0 },
					{ "time": 2, "x": 3.52, "y": 0 },
					{ "time": 4, "x": 0, "y": 0 }
				],
				"scale": [
					{ "time": 0, "x": 1, "y": 1 },
					{ "time": 2, "x": 0.939, "y": 0.939 },
					{ "time": 4, "x": 1, "y": 1 }
				]
			},
			"cloud1": {
				"rotate": [
					{ "time": 0, "angle": 0, "curve": "stepped" },
					{ "time": 4, "angle": 0 }
				],
				"translate": [
					{ "time": 0, "x": 0, "y": 0 },
					{ "time": 2, "x": -2.35, "y": 0 },
					{ "time": 4, "x": 0, "y": 0 }
				],
				"scale": [
					{ "time": 0, "x": 1, "y": 1 },
					{ "time": 2, "x": 0.939, "y": 0.939 },
					{ "time": 4, "x": 1, "y": 1 }
				]
			},
			"bird": {
				"rotate": [
					{ "time": 0, "angle": 0, "curve": "stepped" },
					{ "time": 2, "angle": 0, "curve": "stepped" },
					{ "time": 4, "angle": 0 }
				],
				"translate": [
					{ "time": 0, "x": 0, "y": 0, "curve": "stepped" },
					{ "time": 2, "x": 0, "y": 0, "curve": "stepped" },
					{ "time": 4, "x": 0, "y": 0 }
				]
			},
			"Sea": {
				"rotate": [
					{ "time": 0, "angle": 0, "curve": "stepped" },
					{ "time": 2, "angle": 0, "curve": "stepped" },
					{ "time": 4, "angle": 0 }
				],
				"translate": [
					{ "time": 0, "x": 0, "y": 0, "curve": "stepped" },
					{ "time": 2, "x": 0, "y": 0, "curve": "stepped" },
					{ "time": 4, "x": 0, "y": 0 }
				]
			},
			"B": {
				"rotate": [
					{ "time": 0, "angle": 0, "curve": "stepped" },
					{ "time": 2, "angle": 0, "curve": "stepped" },
					{ "time": 4, "angle": 0 }
				],
				"translate": [
					{ "time": 0, "x": 0, "y": 0, "curve": "stepped" },
					{ "time": 2, "x": 0, "y": 0, "curve": "stepped" },
					{ "time": 4, "x": 0, "y": 0 }
				]
			}
		}
	},
	"normal_bird": {
		"slots": {
			"B1": {
				"attachment": [
					{ "time": 0, "name": "B1" },
					{ "time": 0.1666, "name": "B2" },
					{ "time": 0.3333, "name": "B3" },
					{ "time": 0.5, "name": "B4" },
					{ "time": 0.6666, "name": "B5" },
					{ "time": 0.8333, "name": "B6" },
					{ "time": 1, "name": "B7" },
					{ "time": 1.1666, "name": "B8" },
					{ "time": 1.3333, "name": "B9" },
					{ "time": 1.5, "name": "B10" },
					{ "time": 1.6666, "name": "B11" },
					{ "time": 1.8333, "name": "B12" },
					{ "time": 2, "name": "B1" },
					{ "time": 2.1666, "name": "B2" },
					{ "time": 2.3333, "name": "B3" },
					{ "time": 2.5, "name": "B4" },
					{ "time": 2.6666, "name": "B5" },
					{ "time": 2.8333, "name": "B6" },
					{ "time": 3, "name": "B7" },
					{ "time": 3.1666, "name": "B8" },
					{ "time": 3.3333, "name": "B9" },
					{ "time": 3.5, "name": "B10" },
					{ "time": 3.6666, "name": "B11" },
					{ "time": 3.8333, "name": "B12" },
					{ "time": 4, "name": "B1" }
				]
			},
			"bird1": {
				"attachment": [
					{ "time": 0, "name": "bird1" },
					{ "time": 0.1666, "name": "bird2" },
					{ "time": 0.3333, "name": "bird3" },
					{ "time": 0.5, "name": "bird4" },
					{ "time": 0.6666, "name": "bird5" },
					{ "time": 0.8333, "name": "bird6" },
					{ "time": 1, "name": "bird7" },
					{ "time": 1.1666, "name": "bird8" },
					{ "time": 1.3333, "name": "bird9" },
					{ "time": 1.5, "name": "bird10" },
					{ "time": 1.6666, "name": "bird11" },
					{ "time": 1.8333, "name": "bird12" },
					{ "time": 2, "name": "bird13" },
					{ "time": 2.1666, "name": "bird14" },
					{ "time": 2.3333, "name": "bird15" },
					{ "time": 2.5, "name": null }
				]
			},
			"cloud1": {
				"color": [
					{ "time": 0, "color": "ffffffff" },
					{ "time": 1, "color": "ffffffd9" },
					{ "time": 2, "color": "ffffffc6" },
					{ "time": 3, "color": "ffffffa9" },
					{ "time": 4, "color": "ffffffff" }
				]
			},
			"cloud2": {
				"color": [
					{ "time": 0, "color": "ffffffff" },
					{ "time": 1, "color": "ffffffd2" },
					{ "time": 2, "color": "ffffffa9" },
					{ "time": 3, "color": "ffffffe0" },
					{ "time": 4, "color": "ffffffff" }
				]
			},
			"light1": {
				"attachment": [
					{ "time": 0, "name": "light1" },
					{ "time": 0.3333, "name": "light2" },
					{ "time": 0.6666, "name": "light3" },
					{ "time": 1, "name": "light1" },
					{ "time": 1.3333, "name": "light2" },
					{ "time": 1.6666, "name": "light3" },
					{ "time": 2, "name": "light1" },
					{ "time": 2.3333, "name": "light2" },
					{ "time": 2.6666, "name": "light3" },
					{ "time": 3, "name": "light1" },
					{ "time": 3.3333, "name": "light2" },
					{ "time": 3.6666, "name": "light3" },
					{ "time": 4, "name": "light1" }
				]
			},
			"sea1": {
				"attachment": [
					{ "time": 0, "name": "sea1" },
					{ "time": 0.1666, "name": "sea2" },
					{ "time": 0.3333, "name": "sea3" },
					{ "time": 0.5, "name": "sea1" },
					{ "time": 0.6666, "name": "sea2" },
					{ "time": 0.8333, "name": "sea3" },
					{ "time": 1, "name": "sea1" },
					{ "time": 1.1666, "name": "sea2" },
					{ "time": 1.3333, "name": "sea3" },
					{ "time": 1.5, "name": "sea1" },
					{ "time": 1.6666, "name": "sea2" },
					{ "time": 1.8333, "name": "sea3" },
					{ "time": 2, "name": "sea1" },
					{ "time": 2.1666, "name": "sea2" },
					{ "time": 2.3333, "name": "sea3" },
					{ "time": 2.5, "name": "sea1" },
					{ "time": 2.6666, "name": "sea2" },
					{ "time": 2.8333, "name": "sea3" },
					{ "time": 3, "name": "sea1" },
					{ "time": 3.1666, "name": "sea2" },
					{ "time": 3.3333, "name": "sea3" },
					{ "time": 3.5, "name": "sea1" },
					{ "time": 3.6666, "name": "sea2" },
					{ "time": 3.8333, "name": "sea3" },
					{ "time": 4, "name": "sea1" }
				]
			}
		},
		"bones": {
			"windows": {
				"rotate": [
					{ "time": 0, "angle": 0, "curve": "stepped" },
					{ "time": 2, "angle": 0, "curve": "stepped" },
					{ "time": 4, "angle": 0 }
				],
				"translate": [
					{ "time": 0, "x": 0, "y": 0, "curve": "stepped" },
					{ "time": 2, "x": 0, "y": 0, "curve": "stepped" },
					{ "time": 4, "x": 0, "y": 0 }
				]
			},
			"light": {
				"rotate": [
					{ "time": 0, "angle": 0, "curve": "stepped" },
					{ "time": 2, "angle": 0, "curve": "stepped" },
					{ "time": 4, "angle": 0 }
				],
				"translate": [
					{ "time": 0, "x": 0, "y": 0, "curve": "stepped" },
					{ "time": 2, "x": 0, "y": 0, "curve": "stepped" },
					{ "time": 4, "x": 0, "y": 0 }
				],
				"scale": [
					{ "time": 0, "x": 1, "y": 1 },
					{ "time": 0.6666, "x": 1.1, "y": 1 },
					{ "time": 1.3333, "x": 0.959, "y": 1 },
					{ "time": 2, "x": 1, "y": 1 },
					{ "time": 2.6666, "x": 1.1, "y": 1 },
					{ "time": 3.3333, "x": 0.959, "y": 1 },
					{ "time": 4, "x": 1, "y": 1 }
				]
			},
			"cloud2": {
				"rotate": [
					{ "time": 0, "angle": 0, "curve": "stepped" },
					{ "time": 4, "angle": 0 }
				],
				"translate": [
					{ "time": 0, "x": 0, "y": 0 },
					{ "time": 2, "x": 3.52, "y": 0 },
					{ "time": 4, "x": 0, "y": 0 }
				],
				"scale": [
					{ "time": 0, "x": 1, "y": 1 },
					{ "time": 2, "x": 0.939, "y": 0.939 },
					{ "time": 4, "x": 1, "y": 1 }
				]
			},
			"cloud1": {
				"rotate": [
					{ "time": 0, "angle": 0, "curve": "stepped" },
					{ "time": 4, "angle": 0 }
				],
				"translate": [
					{ "time": 0, "x": 0, "y": 0 },
					{ "time": 2, "x": -2.35, "y": 0 },
					{ "time": 4, "x": 0, "y": 0 }
				],
				"scale": [
					{ "time": 0, "x": 1, "y": 1 },
					{ "time": 2, "x": 0.939, "y": 0.939 },
					{ "time": 4, "x": 1, "y": 1 }
				]
			},
			"bird": {
				"rotate": [
					{ "time": 0, "angle": 0, "curve": "stepped" },
					{ "time": 2, "angle": 0, "curve": "stepped" },
					{ "time": 4, "angle": 0 }
				],
				"translate": [
					{ "time": 0, "x": 0, "y": 0, "curve": "stepped" },
					{ "time": 2, "x": 0, "y": 0, "curve": "stepped" },
					{ "time": 4, "x": 0, "y": 0 }
				]
			},
			"Sea": {
				"rotate": [
					{ "time": 0, "angle": 0, "curve": "stepped" },
					{ "time": 2, "angle": 0, "curve": "stepped" },
					{ "time": 4, "angle": 0 }
				],
				"translate": [
					{ "time": 0, "x": 0, "y": 0, "curve": "stepped" },
					{ "time": 2, "x": 0, "y": 0, "curve": "stepped" },
					{ "time": 4, "x": 0, "y": 0 }
				]
			},
			"B": {
				"rotate": [
					{ "time": 0, "angle": 0, "curve": "stepped" },
					{ "time": 2, "angle": 0, "curve": "stepped" },
					{ "time": 4, "angle": 0 }
				],
				"translate": [
					{ "time": 0, "x": 0, "y": 0, "curve": "stepped" },
					{ "time": 2, "x": 0, "y": 0, "curve": "stepped" },
					{ "time": 4, "x": 0, "y": 0 }
				]
			}
		}
	}
}
}