{
"skeleton": { "hash": "j7IvMBO7ygrwzhUOSVrmJBBJ5FU", "spine": "2.1.27", "width": 422.83, "height": 304.62, "images": "" },
"bones": [
	{ "name": "Effect" },
	{ "name": "Bomb", "parent": "Effect", "length": 57.22, "x": -10.4, "y": 26.85, "rotation": -65.45 },
	{ "name": "Deep_water_bomb", "parent": "Effect", "length": 52.23, "x": -21.01, "y": 9.34, "rotation": -20.85 },
	{ "name": "Effect_light", "parent": "Effect", "x": 0.41 },
	{ "name": "Gunfire", "parent": "Effect", "length": 96.59, "x": -49.14, "y": 1.91, "rotation": -0.9 },
	{ "name": "Gunfire_flower", "parent": "Effect" },
	{ "name": "Gunfire_mosaic", "parent": "Effect" },
	{ "name": "Gunfire_snow", "parent": "Effect" },
	{ "name": "Splash", "parent": "Effect" },
	{ "name": "Torpedo", "parent": "Effect", "length": 68.75, "x": -30.56, "y": -3.39, "rotation": 4.98 },
	{ "name": "Torpedo_under_sea", "parent": "Effect", "length": 129.68, "x": -65.39, "y": -2.21, "rotation": 1.8 },
	{ "name": "Flower_03", "parent": "Gunfire_flower", "x": -12.36, "y": -27.89, "rotation": -21.12 },
	{ "name": "Flower_04", "parent": "Gunfire_flower", "x": 16.22, "y": -28.17, "rotation": 20.49 },
	{
		"name": "Jet_point",
		"parent": "Torpedo_under_sea",
		"length": 24.3,
		"x": -57.11,
		"y": 2.05,
		"scaleY": 0.8,
		"rotation": 180,
		"flipX": true
	},
	{ "name": "Flower_G_00", "parent": "Flower_03", "length": 7.62, "x": 2.73, "y": 20.02, "rotation": -88.64 },
	{ "name": "Flower_X_00", "parent": "Flower_04", "length": 8.89, "x": -5.16, "y": 22.09, "rotation": -86.39 },
	{ "name": "Flower_G_01", "parent": "Flower_G_00", "length": 6.52, "x": 7.68, "y": -0.17, "rotation": -1.35 },
	{ "name": "Flower_X_01", "parent": "Flower_X_00", "length": 6.83, "x": 8.89, "y": 0.05, "rotation": 3.15 },
	{ "name": "Flower_G_02", "parent": "Flower_G_01", "length": 6.16, "x": 6.52, "y": -0.04, "rotation": 3.6 },
	{ "name": "Flower_X_02", "parent": "Flower_X_01", "length": 8.48, "x": 6.91, "y": 0.16, "rotation": -2.7 },
	{ "name": "Flower_G_03", "parent": "Flower_G_02", "length": 6.52, "x": 6.16, "y": 0.01, "rotation": -3.6 },
	{ "name": "Flower_X_03", "parent": "Flower_X_02", "length": 6.91, "x": 8.48, "y": -0.03, "rotation": 0.45 },
	{ "name": "Flower_G_04", "parent": "Flower_G_03", "length": 6.05, "x": 6.52, "y": -0.04, "rotation": 1.36 },
	{ "name": "Flower_X_04", "parent": "Flower_X_03", "length": 6.52, "x": 6.91, "y": 0.02, "rotation": -3.15 },
	{ "name": "Flower_G_05", "parent": "Flower_G_04", "length": 8.09, "x": 6.05, "y": 0.02, "rotation": -1.35 },
	{ "name": "Flower_X_05", "parent": "Flower_X_04", "length": 6.83, "x": 6.52, "y": -0.04, "rotation": 1.81 }
],
"slots": [
	{ "name": "Torpedo_wave_under_sea_0001", "bone": "Jet_point", "attachment": "Torpedo_wave_under_sea_0001" },
	{ "name": "Deep_water_bomb", "bone": "Deep_water_bomb" },
	{ "name": "Bomb", "bone": "Bomb", "attachment": "Bomb" },
	{ "name": "Gunfire", "bone": "Gunfire" },
	{ "name": "Torpedo", "bone": "Torpedo" },
	{ "name": "Light", "bone": "Effect_light", "attachment": "Gunfire", "blend": "additive" },
	{ "name": "Torpedo_under_sea", "bone": "Torpedo_under_sea", "attachment": "Torpedo_under_sea" },
	{ "name": "Splash_picture", "bone": "Splash", "attachment": "Splash_0024" },
	{ "name": "Flower_01", "bone": "Flower_03", "attachment": "Flower_01" },
	{ "name": "Flower_02", "bone": "Flower_04", "attachment": "Flower_02" },
	{ "name": "Flower_00", "bone": "Gunfire_flower", "attachment": "Flower_00" },
	{ "name": "Gunfire_Mosaic_00", "bone": "Gunfire_mosaic", "attachment": "Gunfire_Mosaic_00" },
	{ "name": "Gunfire_Snow", "bone": "Gunfire_snow", "attachment": "Gunfire_Snow" }
],
"skins": {
	"default": {
		"Bomb": {
			"Bomb": { "x": 26.15, "y": -2.37, "rotation": 67.79, "width": 150, "height": 150 }
		},
		"Deep_water_bomb": {
			"Deep_water_bomb": { "x": 22.96, "y": -4.18, "rotation": 16.93, "width": 150, "height": 150 }
		},
		"Flower_00": {
			"Flower_00": { "width": 56, "height": 52 }
		},
		"Flower_01": {
			"Flower_01": {
				"type": "skinnedmesh",
				"uvs": [ 1, 0.05999, 1, 0.10543, 1, 0.13099, 1, 0.20341, 1, 0.28293, 1, 0.36103, 1, 0.43914, 1, 0.50872, 1, 0.59108, 1, 0.66776, 1, 0.74728, 1, 0.82396, 1, 0.90633, 1, 1, 0.94418, 1, 0.65497, 1, 0.45475, 1, 0.32444, 1, 0.14011, 1, 0, 1, 0, 0.92337, 0, 0.85094, 0, 0.78562, 0, 0.72314, 0, 0.66066, 0, 0.5996, 0, 0.55416, 0, 0.48742, 0, 0.42352, 0, 0.36529, 0, 0.31133, 0, 0.24743, 0, 0.18637, 0, 0.12673, 0, 0.05999, 0, 0, 0.1274, 0, 0.27359, 0, 0.39436, 0, 0.5342, 0, 0.63908, 0, 0.79799, 0, 0.9124, 0, 1, 0, 0.77256, 0.03585, 0.87426, 0.08839, 0.93465, 0.44482, 0.9124, 0.51298, 0.90287, 0.5854, 0.9124, 0.66492, 0.92511, 0.74444, 0.92511, 0.81686, 0.93465, 0.90349, 0.45475, 0.92905, 0.45475, 0.86372, 0.43886, 0.79982, 0.44521, 0.73024, 0.45475, 0.67486, 0.45475, 0.61522, 0.48971, 0.55416, 0.34669, 0.52576, 0.21956, 0.49452, 0.09561, 0.45902, 0.08926, 0.36246, 0.17189, 0.29429, 0.25452, 0.23039, 0.3308, 0.16791, 0.43568, 0.11537, 0.53738, 0.05857, 0.74078, 0.06425, 0.63272, 0.11963, 0.56598, 0.17217, 0.49606, 0.22613, 0.43568, 0.28861, 0.37211, 0.34541, 0.29584, 0.41358, 0.85202, 0.12815, 0.80434, 0.19773, 0.74396, 0.28435, 0.68675, 0.35109, 0.63272, 0.42352, 0.60412, 0.48174, 0.58505, 0.55558, 0.94101, 0.11679, 0.91558, 0.16791, 0.87109, 0.24459, 0.84566, 0.31133, 0.78528, 0.39511, 0.7376, 0.46896, 0.69311, 0.55416, 0.67722, 0.61948, 0.66768, 0.6848, 0.65497, 0.74586, 0.66451, 0.82396, 0.65815, 0.90775 ],
				"triangles": [ 14, 12, 13, 14, 15, 52, 52, 15, 94, 52, 94, 93, 51, 93, 50, 51, 52, 93, 14, 52, 12, 16, 53, 15, 15, 53, 94, 16, 17, 53, 53, 17, 54, 55, 54, 17, 55, 18, 20, 56, 55, 20, 19, 20, 18, 17, 18, 55, 53, 54, 94, 60, 20, 21, 94, 54, 93, 52, 11, 12, 52, 51, 11, 93, 54, 55, 93, 55, 92, 22, 60, 21, 51, 10, 11, 56, 20, 60, 61, 22, 23, 91, 50, 92, 91, 49, 50, 91, 90, 49, 92, 55, 56, 92, 56, 57, 91, 92, 57, 50, 93, 92, 51, 50, 10, 82, 91, 57, 50, 9, 10, 50, 49, 9, 56, 60, 57, 90, 48, 49, 22, 61, 60, 90, 89, 48, 58, 59, 82, 82, 57, 58, 61, 23, 24, 91, 82, 90, 57, 60, 58, 49, 8, 9, 49, 48, 8, 61, 24, 25, 90, 82, 89, 58, 60, 59, 48, 47, 8, 47, 7, 8, 89, 88, 48, 82, 81, 89, 82, 59, 81, 59, 60, 74, 61, 25, 62, 25, 26, 62, 48, 88, 47, 89, 81, 88, 88, 81, 80, 81, 59, 74, 26, 27, 62, 61, 75, 60, 60, 75, 74, 88, 87, 47, 47, 46, 7, 47, 87, 46, 46, 6, 7, 64, 75, 61, 27, 28, 62, 74, 73, 81, 81, 73, 80, 80, 79, 88, 88, 79, 87, 28, 63, 62, 63, 61, 62, 5, 6, 46, 46, 87, 86, 64, 61, 63, 46, 86, 5, 73, 72, 80, 80, 72, 79, 28, 29, 63, 64, 65, 75, 75, 65, 74, 79, 78, 87, 87, 78, 86, 29, 30, 63, 64, 63, 31, 5, 86, 4, 86, 85, 4, 79, 71, 78, 74, 66, 73, 63, 30, 31, 85, 86, 77, 86, 78, 77, 72, 71, 79, 65, 66, 74, 65, 64, 32, 73, 66, 72, 72, 66, 67, 71, 70, 78, 78, 70, 77, 4, 85, 3, 85, 84, 3, 64, 31, 32, 85, 77, 84, 84, 77, 76, 65, 33, 36, 65, 37, 66, 65, 36, 37, 72, 67, 71, 3, 84, 2, 84, 83, 2, 70, 69, 77, 77, 69, 76, 65, 32, 33, 67, 68, 71, 71, 68, 70, 76, 45, 84, 84, 45, 83, 66, 38, 67, 66, 37, 38, 83, 1, 2, 69, 44, 76, 76, 44, 45, 33, 34, 36, 70, 40, 69, 70, 68, 40, 1, 83, 0, 68, 38, 39, 68, 67, 38, 0, 83, 42, 44, 41, 45, 83, 45, 42, 45, 41, 42, 69, 40, 44, 42, 43, 0, 34, 35, 36, 68, 39, 40, 44, 40, 41 ],
				"vertices": [ 3, 14, -0.47, 7.77, 0.98691, 16, -8.34, 7.75, 0.01308, 22, -27.36, 8.09, 0, 4, 14, 1.66, 7.72, 0.94412, 16, -6.21, 7.75, 0.0554, 18, -12.22, 8.58, 4.6E-4, 22, -25.23, 8.04, 0, 4, 14, 2.86, 7.69, 0.89819, 16, -5, 7.75, 0.09852, 18, -11.02, 8.5, 0.00327, 22, -24.03, 8.01, 0, 4, 14, 6.26, 7.61, 0.6484, 16, -1.6, 7.75, 0.31564, 18, -7.62, 8.29, 0.03594, 22, -20.62999, 7.93, 0, 5, 14, 10, 7.52, 0.27961, 16, 2.13, 7.75, 0.54223, 18, -3.89, 8.05, 0.17367, 20, -10.55, 7.39, 0.00445, 22, -16.89, 7.84, 1.0E-5, 4, 14, 13.67, 7.43, 0.05458, 16, 5.8, 7.75, 0.47012, 18, -0.23, 7.82, 0.41726, 20, -6.88, 7.39, 0.05802, 4, 16, 9.47, 7.75, 0.20107, 18, 3.42, 7.59, 0.56311, 20, -3.21, 7.39, 0.23206, 22, -9.55, 7.66, 0.00374, 4, 16, 12.74, 7.75, 0.05099, 18, 6.69, 7.39, 0.41593, 20, 0.05, 7.39, 0.48308, 22, -6.28, 7.59, 0.04998, 4, 16, 16.61, 7.75, 0.00214, 18, 10.55, 7.14, 0.14022, 20, 3.92, 7.39, 0.60684, 22, -2.41, 7.49, 0.25077, 4, 18, 14.15, 6.92, 0.01591, 20, 7.53, 7.39, 0.39634, 22, 1.17999, 7.41, 0.5157, 24, -5.03, 7.27, 0.07202, 4, 16, 23.95, 7.75, 4.0E-5, 20, 11.27, 7.39, 0.11065, 22, 4.92, 7.32, 0.54031, 24, -1.29999, 7.27, 0.34897, 4, 16, 27.55, 7.75, 2.0E-5, 20, 14.87, 7.39, 0.01224, 22, 8.52, 7.23, 0.25762, 24, 2.3, 7.27, 0.7301, 3, 16, 31.42, 7.75, 1.0E-5, 22, 12.39, 7.14, 0.04656, 24, 6.17, 7.27, 0.95342, 4, 16, 35.82, 7.75, 0, 20, 23.14, 7.39, 0, 22, 16.79, 7.04, 3.7E-4, 24, 10.57, 7.26, 0.99961, 3, 16, 35.82, 6.57, 0, 20, 23.14, 6.22, 0, 24, 10.57, 6.09, 0.99999, 4, 14, 43.51, -0.51, 0, 16, 35.82, 0.5, 0, 20, 23.14, 0.14, 0, 24, 10.56, 0.02, 0.99999, 4, 14, 43.41, -4.71999, 0, 16, 35.82, -3.69, 0, 22, 16.51, -4.4, 0.00433, 24, 10.56, -4.17, 0.99566, 4, 14, 43.35, -7.45, 0, 16, 35.82, -6.43, 0, 22, 16.45, -7.13, 0.03237, 24, 10.56, -6.91, 0.96762, 5, 14, 43.25, -11.32, 0, 16, 35.82, -10.3, 0, 20, 23.14, -10.66, 1.6E-4, 22, 16.36, -11, 0.06842, 24, 10.56, -10.78, 0.9314, 4, 14, 43.18, -14.26, 0, 20, 23.14, -13.6, 3.6E-4, 22, 16.29, -13.95, 0.07599, 24, 10.56, -13.72, 0.92364, 5, 14, 39.58, -14.18, 0, 18, 24.81, -14.78, 0.00143, 20, 19.54, -13.6, 0.01265, 22, 12.69, -13.86, 0.1132, 24, 6.96, -13.72, 0.8727, 6, 14, 36.18, -14.1, 0, 16, 28.82, -13.24, 0, 18, 21.42, -14.57, 0.00956, 20, 16.14, -13.6, 0.0495, 22, 9.28, -13.78, 0.20168, 24, 3.55, -13.72, 0.73924, 6, 14, 33.11, -14.02, 0, 16, 25.75, -13.24, 0.00177, 18, 18.35, -14.38, 0.031, 20, 13.07, -13.6, 0.11414, 22, 6.22, -13.71, 0.29418, 24, 0.48, -13.72, 0.55887, 6, 14, 30.18, -13.95, 0, 16, 22.81, -13.24, 0.00892, 18, 15.42, -14.19, 0.07091, 20, 10.13, -13.6, 0.20008, 22, 3.28, -13.64, 0.34814, 24, -2.44, -13.72, 0.37192, 5, 16, 19.87999, -13.24, 0.02895, 18, 12.49, -14.01, 0.13982, 20, 7.19, -13.6, 0.28408, 22, 0.35, -13.57, 0.32993, 24, -5.38, -13.72, 0.21719, 6, 14, 24.37, -13.81, 4.4E-4, 16, 17.01, -13.24, 0.06646, 18, 9.63, -13.83, 0.23018, 20, 4.32, -13.6, 0.33389, 22, -2.51, -13.5, 0.26069, 24, -8.25, -13.72, 0.10832, 6, 14, 22.24, -13.76, 0.00436, 16, 14.87, -13.24, 0.11091, 18, 7.5, -13.69, 0.30287, 20, 2.19, -13.6, 0.32936, 22, -4.65, -13.45, 0.19585, 24, -10.38, -13.71, 0.05661, 6, 14, 19.1, -13.69, 0.02576, 16, 11.73, -13.24, 0.204, 18, 4.37, -13.5, 0.38293, 20, -0.94, -13.6, 0.26172, 22, -7.78, -13.37, 0.10941, 24, -13.52, -13.71, 0.01614, 6, 14, 16.1, -13.62, 0.07769, 16, 8.72999, -13.24, 0.31005, 18, 1.37, -13.31, 0.39141, 20, -3.94, -13.6, 0.16561, 22, -10.79, -13.3, 0.05252, 24, -16.52, -13.71, 0.00268, 5, 14, 13.36, -13.55, 0.16384, 16, 5.99, -13.24, 0.38789, 18, -1.35, -13.13, 0.33686, 20, -6.68, -13.6, 0.08953, 22, -13.52, -13.23, 0.02185, 5, 14, 10.83, -13.49, 0.2836, 16, 3.46, -13.24, 0.41255, 18, -3.88, -12.98, 0.25265, 20, -9.21, -13.6, 0.0434, 22, -16.06, -13.17, 0.00778, 5, 14, 7.83, -13.42, 0.45637, 16, 0.46, -13.24, 0.38033, 18, -6.88, -12.79, 0.14944, 20, -12.22, -13.6, 0.0129, 22, -19.06, -13.1, 9.4E-4, 5, 14, 4.96, -13.35, 0.63023, 16, -2.4, -13.24, 0.29235, 18, -9.74, -12.61, 0.07469, 20, -15.08, -13.6, 0.00271, 22, -21.93, -13.03, 0, 4, 14, 2.16, -13.28, 0.7675, 16, -5.21, -13.24, 0.20232, 18, -12.54, -12.43, 0.03016, 22, -24.73, -12.97, 0, 4, 14, -0.97, -13.21, 0.86738, 16, -8.34, -13.24, 0.12684, 18, -15.67, -12.23, 0.00576, 22, -27.86, -12.89, 0, 4, 14, -3.79, -13.14, 0.89469, 16, -11.16, -13.24, 0.10528, 18, -18.48, -12.06, 1.0E-5, 22, -30.68, -12.83, 0, 4, 14, -3.72, -10.47, 0.90317, 16, -11.16, -10.56, 0.09681, 18, -18.31, -9.39, 0, 22, -30.62, -10.14999, 0, 3, 14, -3.65, -7.4, 0.93504, 16, -11.16, -7.49, 0.06494, 22, -30.55, -7.08, 0, 3, 14, -3.59, -4.86, 0.96834, 16, -11.16, -4.96, 0.03165, 22, -30.49, -4.55, 0, 3, 14, -3.52, -1.93, 0.99529, 16, -11.16, -2.02, 0.0047, 22, -30.42, -1.61, 0, 1, 14, -3.47, 0.26, 1, 2, 14, -3.39, 3.6, 0.99999, 22, -30.28, 3.92, 0, 2, 14, -3.33, 6, 0.99999, 22, -30.23, 6.32, 0, 3, 14, -3.29, 7.84, 0.99938, 16, -11.16, 7.75, 6.1E-4, 22, -30.18, 8.16, 0, 2, 14, -1.72, 3.02, 0.99999, 22, -28.61, 3.34, 0, 3, 14, 0.79, 5.1, 0.97689, 16, -7.01, 5.11, 0.0231, 22, -26.09, 5.42, 0, 4, 16, 9.72999, 6.38, 0.14353, 18, 3.6, 6.21, 0.59504, 20, -2.94, 6.02, 0.259, 22, -9.32, 6.29, 0.00241, 4, 16, 12.94, 5.91, 0.05099, 18, 6.77, 5.54, 0.41593, 20, 0.25, 5.55, 0.48308, 22, -6.13, 5.74, 0.04998, 4, 16, 16.34, 5.71, 0.00374, 18, 10.16, 5.12, 0.2207, 20, 3.66, 5.35, 0.65614, 22, -2.73, 5.46, 0.1194, 4, 18, 13.9, 5.09, 0.01398, 20, 7.39, 5.55, 0.3901, 22, 1, 5.57, 0.55329, 24, -5.17, 5.43, 0.04261, 4, 16, 23.81, 6.17, 2.0E-5, 20, 11.13, 5.82, 0.15617, 22, 4.73999, 5.75, 0.62808, 24, -1.43, 5.7, 0.2157, 4, 16, 27.22, 6.17, 2.0E-5, 20, 14.54, 5.82, 0.01152, 22, 8.14999, 5.67, 0.25949, 24, 1.96, 5.7, 0.72896, 3, 16, 31.29, 6.37, 1.0E-5, 22, 12.22, 5.77, 0.04656, 24, 6.03, 5.89, 0.95342, 5, 14, 40.08, -4.64, 0, 16, 32.49, -3.69, 0, 20, 19.81, -4.05, 0.00198, 22, 13.18, -4.32, 0.04956, 24, 7.23, -4.17, 0.94844, 5, 14, 37.00999, -4.56, 0, 18, 22.62, -5.08, 0.00121, 20, 16.74, -4.05, 0.01177, 22, 10.10999, -4.25, 0.13288, 24, 4.16, -4.17, 0.85412, 5, 14, 34, -4.83, 0, 18, 19.6, -5.21999, 0.0021, 20, 13.73, -4.38, 0.01712, 22, 7.1, -4.51, 0.2477, 24, 1.16, -4.5, 0.73305, 6, 14, 30.73, -4.61, 0, 16, 23.15, -3.89, 2.2E-4, 18, 16.34, -4.88, 0.01285, 20, 10.46, -4.25, 0.13134, 22, 3.84, -4.3, 0.62916, 24, -2.09999, -4.37, 0.22641, 5, 16, 20.54, -3.69, 4.5E-4, 18, 13.76, -4.52, 0.01204, 20, 7.86, -4.05, 0.31011, 22, 1.24, -4.04, 0.62541, 24, -4.71, -4.17, 0.05195, 5, 16, 17.74, -3.69, 0.00527, 18, 10.96, -4.34, 0.06375, 20, 5.06, -4.05, 0.53692, 22, -1.55, -3.97, 0.36106, 24, -7.51, -4.17, 0.03297, 5, 16, 14.87, -2.96, 0.02255, 18, 8.14999, -3.43, 0.29227, 20, 2.19, -3.32, 0.59319, 22, -4.4, -3.17, 0.08625, 24, -10.38, -3.43, 0.00571, 6, 14, 21.08, -6.45, 8.6E-4, 16, 13.54, -5.96, 0.07496, 18, 6.62, -6.34, 0.40513, 20, 0.85, -6.32, 0.42628, 22, -5.81, -6.14, 0.0854, 24, -11.71, -6.43, 0.00734, 6, 14, 19.54999, -9.09, 0.00731, 16, 12.07, -8.63, 0.13631, 18, 4.98999, -8.92, 0.38254, 20, -0.6, -8.99, 0.33094, 22, -7.34, -8.77, 0.12355, 24, -13.18, -9.1, 0.01931, 6, 14, 17.82, -11.65, 0.03887, 16, 10.39999, -11.23, 0.24931, 18, 3.16, -11.41, 0.41662, 20, -2.27, -11.59, 0.21668, 22, -9.07, -11.33, 0.07218, 24, -14.85, -11.7, 0.00631, 5, 14, 13.28, -11.67, 0.20571, 16, 5.86, -11.36, 0.41427, 18, -1.36, -11.26, 0.3044, 20, -6.81, -11.72, 0.06255, 22, -13.61, -11.36, 0.01305, 5, 14, 10.12, -9.85999, 0.32306, 16, 2.66, -9.63, 0.43403, 18, -4.44999, -9.32, 0.21378, 20, -10.01, -9.99, 0.02554, 22, -16.77, -9.55, 0.00355, 5, 14, 7.15, -8.06, 0.46851, 16, -0.33, -7.89, 0.41667, 18, -7.34, -7.4, 0.10973, 20, -13.02, -8.25, 0.0049, 22, -19.73, -7.74, 1.7E-4, 3, 14, 4.26, -6.39, 0.73498, 16, -3.27, -6.29, 0.23983, 18, -10.17, -5.62, 0.02517, 4, 14, 1.84, -4.13, 0.94995, 16, -5.74, -4.09, 0.04946, 18, -12.5, -3.27, 5.6E-4, 22, -25.04, -3.81, 0, 2, 14, -0.77, -1.93, 0.99409, 16, -8.41, -1.95, 0.0059, 2, 14, -0.4, 2.33, 0.99999, 22, -27.29, 2.64, 0, 1, 14, 2.14, 0, 1, 2, 14, 4.57, -1.45, 0.91927, 16, -3.07, -1.35, 0.08072, 3, 14, 7.08, -2.98, 0.65082, 16, -0.52999, -2.82, 0.34475, 18, -7.22, -2.33, 0.00441, 5, 14, 9.97999, -4.32, 0.16302, 16, 2.39, -4.09, 0.6677, 18, -4.37, -3.78, 0.16746, 20, -10.28, -4.44999, 0.00173, 22, -16.91, -4, 7.0E-5, 5, 14, 12.62, -5.72, 0.12093, 16, 5.06, -5.43, 0.54685, 18, -1.79, -5.28, 0.31248, 20, -7.61, -5.78, 0.017, 22, -14.27, -5.4, 0.00272, 6, 14, 15.78, -7.4, 0.06716, 16, 8.26, -7.03, 0.35081, 18, 1.29999, -7.08, 0.43564, 20, -4.41, -7.39, 0.11902, 22, -11.1, -7.08, 0.02706, 24, -16.99, -7.5, 2.8E-4, 4, 14, 2.65, 4.59, 0.91651, 16, -5.14, 4.64, 0.08192, 18, -11.35, 5.41, 0.00156, 22, -24.24, 4.91, 0, 4, 14, 5.9, 3.51, 0.68269, 16, -1.87, 3.64, 0.30796, 18, -8.14999, 4.21, 0.00933, 22, -20.99, 3.83, 0, 4, 14, 9.93, 2.15, 0.25369, 16, 2.19, 2.36999, 0.70412, 18, -4.16, 2.68, 0.04216, 22, -16.95, 2.46, 0, 4, 14, 13.04, 0.87, 0.02076, 16, 5.33, 1.16999, 0.6726, 18, -1.11, 1.29, 0.30083, 20, -7.34, 0.81, 0.00578, 2, 16, 8.72999, 0.04, 0.17093, 18, 2.21, -0.05, 0.82906, 2, 18, 4.9, -0.82, 0.79766, 20, -1.2, -0.91, 0.20233, 2, 18, 8.34, -1.44, 0.25656, 20, 2.26, -1.30999, 0.74343, 4, 14, 2.16, 6.47, 0.94412, 16, -5.67, 6.51, 0.0554, 18, -11.76, 7.31, 4.6E-4, 22, -24.73, 6.79, 0, 4, 14, 4.55, 5.88, 0.76782, 16, -3.27, 5.98, 0.21723, 18, -9.39999, 6.63, 0.01494, 22, -22.34, 6.2, 0, 4, 14, 8.13, 4.86, 0.46853, 16, 0.32, 5.04, 0.46344, 18, -5.86, 5.47, 0.06801, 22, -18.76, 5.17999, 0, 5, 14, 11.25, 4.25, 0.18736, 16, 3.46, 4.51, 0.60267, 18, -2.76, 4.73999, 0.2016, 20, -9.21, 4.15, 0.00834, 22, -15.63, 4.57, 0, 4, 14, 15.16, 2.89, 0.0023, 16, 7.4, 3.24, 0.33856, 18, 1.08, 3.22, 0.58919, 20, -5.27, 2.88, 0.06992, 3, 16, 10.87, 2.24, 0.03319, 18, 4.48, 2.01, 0.80564, 20, -1.8, 1.88, 0.16114, 3, 18, 8.41, 0.82, 0.22675, 20, 2.19, 0.95, 0.75377, 22, -4.3, 1.09, 0.01946, 2, 20, 5.26, 0.61, 0.75626, 22, -1.24, 0.69, 0.24373, 2, 20, 8.33, 0.41, 0.24705, 22, 1.81, 0.41, 0.75294, 2, 22, 4.67999, 0.08, 0.80389, 24, -1.37, 0.02, 0.1961, 1, 24, 2.29, 0.22, 1, 1, 24, 6.23, 0.09, 1 ],
				"hull": 44,
				"edges": [ 4, 6, 6, 8, 8, 10, 30, 32, 26, 28, 28, 30, 24, 26, 22, 24, 20, 22, 18, 20, 16, 18, 14, 16, 10, 12, 12, 14, 4, 2, 2, 0, 0, 86, 84, 86, 80, 82, 82, 84, 78, 80, 76, 78, 74, 76, 70, 72, 72, 74, 68, 70, 66, 68, 64, 66, 62, 64, 60, 62, 56, 58, 58, 60, 54, 56, 52, 54, 50, 52, 48, 50, 46, 48, 44, 46, 42, 44, 38, 40, 40, 42, 36, 38, 32, 34, 34, 36 ],
				"width": 21,
				"height": 47
			}
		},
		"Flower_02": {
			"Flower_02": {
				"type": "skinnedmesh",
				"uvs": [ 1, 0.04933, 1, 0.09234, 1, 0.15612, 1, 0.21099, 1, 0.28218, 1, 0.35486, 1, 0.42902, 1, 0.50169, 1, 0.56991, 1, 0.64259, 1, 0.71971, 1, 0.7909, 1, 0.86209, 1, 0.94218, 1, 1, 0.88907, 1, 0.74154, 1, 0.57995, 1, 0.39378, 1, 0.16194, 1, 0, 1, 0, 0.95701, 0, 0.88286, 0, 0.79535, 0, 0.71823, 0, 0.61292, 0, 0.54322, 0, 0.46906, 0, 0.37117, 0, 0.2807, 0, 0.20951, 0, 0.1398, 0, 0.09827, 0, 0.0434, 0, 0, 0.08817, 0, 0.19707, 0, 0.34812, 0, 0.51321, 0, 0.6748, 0, 0.83638, 0, 1, 0, 0.52375, 0.05971, 0.67128, 0.12052, 0.7872, 0.19764, 0.87502, 0.2629, 0.91015, 0.4038, 0.73803, 0.44236, 0.60454, 0.48686, 0.6467, 0.54767, 0.66777, 0.63072, 0.65723, 0.69746, 0.63967, 0.782, 0.63616, 0.85913, 0.60806, 0.93328, 0.17248, 0.93477, 0.16545, 0.86061, 0.15492, 0.79238, 0.13735, 0.71081, 0.1233, 0.63072, 0.0952, 0.55063, 0.08466, 0.45423, 0.05656, 0.36672, 0.17599, 0.0612, 0.28489, 0.12497, 0.39027, 0.18875, 0.46052, 0.26587, 0.56942, 0.33706, 0.65021, 0.40825, 0.09169, 0.09679, 0.14438, 0.16947, 0.18302, 0.24214, 0.24976, 0.3252, 0.2884, 0.40973, 0.3446, 0.50762, 0.36568, 0.59513, 0.38324, 0.67818, 0.40081, 0.73751, 0.40432, 0.82798, 0.38675, 0.8962 ],
				"triangles": [ 15, 13, 14, 13, 15, 12, 17, 54, 16, 54, 53, 16, 53, 12, 15, 54, 17, 79, 19, 55, 18, 55, 79, 18, 17, 18, 79, 55, 19, 21, 19, 20, 21, 21, 22, 55, 15, 16, 53, 22, 56, 55, 55, 56, 79, 79, 78, 54, 54, 78, 53, 79, 56, 78, 53, 52, 12, 12, 52, 11, 53, 78, 52, 22, 57, 56, 22, 23, 57, 11, 52, 51, 11, 51, 10, 56, 57, 78, 57, 77, 78, 78, 77, 52, 23, 58, 57, 23, 24, 58, 57, 76, 77, 57, 58, 76, 52, 77, 51, 77, 76, 51, 10, 51, 50, 10, 50, 47, 10, 47, 9, 24, 59, 58, 24, 25, 59, 58, 75, 76, 58, 59, 75, 51, 76, 50, 76, 49, 50, 49, 75, 48, 49, 76, 75, 25, 60, 59, 59, 74, 75, 9, 47, 8, 47, 46, 8, 50, 49, 47, 59, 60, 74, 25, 26, 60, 75, 74, 48, 46, 7, 8, 26, 61, 60, 60, 73, 74, 60, 61, 73, 47, 48, 68, 47, 49, 48, 26, 27, 61, 74, 67, 48, 74, 66, 67, 74, 73, 66, 46, 6, 7, 48, 67, 68, 27, 62, 61, 27, 28, 62, 61, 72, 73, 46, 47, 45, 46, 5, 6, 45, 47, 44, 47, 68, 44, 68, 67, 44, 46, 45, 5, 45, 4, 5, 61, 62, 72, 73, 72, 66, 28, 29, 62, 62, 71, 72, 62, 29, 71, 67, 66, 43, 72, 65, 66, 72, 71, 64, 29, 70, 71, 67, 43, 44, 72, 64, 65, 45, 3, 4, 29, 30, 70, 66, 42, 43, 66, 65, 42, 3, 45, 2, 71, 70, 64, 45, 44, 2, 70, 31, 69, 70, 30, 31, 44, 43, 40, 2, 44, 1, 40, 43, 39, 64, 37, 65, 42, 37, 38, 42, 65, 37, 70, 63, 64, 70, 69, 63, 44, 40, 1, 31, 32, 69, 63, 36, 64, 64, 36, 37, 43, 42, 39, 32, 33, 69, 33, 35, 69, 69, 35, 63, 40, 0, 1, 63, 35, 36, 42, 38, 39, 40, 41, 0, 33, 34, 35 ],
				"vertices": [ 3, 15, 2.73, 14.52, 0.79968, 17, -5.35, 14.78, 0.17411, 19, -12.94, 14.02, 0.02619, 3, 15, 4.66, 14.4, 0.74431, 17, -3.42, 14.55, 0.2078, 19, -11.01, 13.89, 0.04788, 4, 15, 7.53, 14.22, 0.61101, 17, -0.57, 14.22, 0.27713, 19, -8.14, 13.68, 0.10976, 21, -16.52, 13.84, 0.00208, 4, 15, 9.99, 14.06, 0.46834, 17, 1.87, 13.92, 0.33215, 19, -5.68, 13.51, 0.19051, 21, -14.06, 13.65, 0.00898, 4, 15, 13.19, 13.86, 0.28687, 17, 5.05, 13.55, 0.34475, 19, -2.48, 13.28, 0.33299, 21, -10.87, 13.4, 0.03537, 5, 15, 16.45, 13.65, 0.14496, 17, 8.3, 13.16, 0.27826, 19, 0.77, 13.05, 0.47728, 21, -7.6, 13.14, 0.09662, 23, -15.22, 12.3, 0.00285, 5, 15, 19.78, 13.44, 0.05491, 17, 11.61, 12.77, 0.16976, 19, 4.1, 12.81, 0.55292, 21, -4.28, 12.88, 0.2035, 23, -11.88, 12.22, 0.01889, 6, 15, 23.05, 13.24, 0.01487, 17, 14.86, 12.38, 0.07819, 19, 7.36, 12.58, 0.49654, 21, -1.02, 12.62, 0.34162, 23, -8.60999, 12.14, 0.06493, 25, -14.74, 12.66, 0.00381, 6, 15, 26.11, 13.04, 0.00224, 17, 17.91, 12.02, 0.02854, 19, 10.42, 12.36, 0.3538, 21, 2.03, 12.38, 0.44406, 23, -5.54, 12.07, 0.14822, 25, -11.68, 12.49, 0.0231, 5, 17, 21.16, 11.63, 0.00527, 19, 13.68, 12.13, 0.19376, 21, 5.29, 12.12, 0.45202, 23, -2.27, 11.99, 0.27036, 25, -8.41, 12.3, 0.07857, 5, 17, 24.6, 11.22, 4.0E-5, 19, 17.15, 11.88, 0.0792, 21, 8.76, 11.85, 0.33411, 23, 1.19, 11.91, 0.37994, 25, -4.94999, 12.11, 0.2067, 5, 15, 36.04, 12.42, 0, 19, 20.34, 11.66, 0.02552, 21, 11.95, 11.6, 0.1938, 23, 4.39, 11.83, 0.38853, 25, -1.75, 11.93, 0.39214, 4, 19, 23.54, 11.43, 0.00429, 21, 15.14, 11.34, 0.0836, 23, 7.59, 11.75, 0.30588, 25, 1.44, 11.75, 0.60621, 3, 21, 18.74, 11.06, 0.0187, 23, 11.2, 11.67, 0.188, 25, 5.04, 11.55, 0.79328, 3, 21, 21.33, 10.86, 0.00708, 23, 13.8, 11.61, 0.15769, 25, 7.64, 11.41, 0.83522, 3, 21, 21.16, 8.76, 0.00608, 23, 13.75, 9.5, 0.14808, 25, 7.52, 9.3, 0.84583, 4, 15, 45.12, 6.92, 0, 21, 20.94, 5.96, 0.00172, 23, 13.68, 6.7, 0.10324, 25, 7.37, 6.51, 0.89503, 3, 15, 44.93, 3.86, 0, 23, 13.61, 3.63, 0.02726, 25, 7.2, 3.44, 0.97273, 2, 21, 20.43, -0.62, 0, 25, 7, -0.08, 0.99999, 2, 23, 13.42, -4.3, 0.06071, 25, 6.75, -4.48, 0.93928, 2, 23, 13.35, -7.38, 0.10335, 25, 6.58, -7.55, 0.89664, 3, 21, 17.91, -7.92, 7.0E-5, 23, 11.41, -7.33, 0.1288, 25, 4.65, -7.45, 0.87111, 3, 21, 14.58, -7.66, 0.01068, 23, 8.08, -7.25, 0.34863, 25, 1.32, -7.26, 0.64068, 5, 15, 35.04, -6.55, 0, 19, 19.19, -7.3, 1.6E-4, 21, 10.66, -7.35, 0.14105, 23, 4.14, -7.16, 0.60329, 25, -2.59999, -7.04, 0.25546, 5, 15, 31.58, -6.33, 0, 19, 15.73, -7.06, 0.02316, 21, 7.19, -7.08, 0.41287, 23, 0.67, -7.08, 0.51989, 25, -6.07, -6.85, 0.04406, 4, 15, 26.85, -6.03, 0, 19, 11, -6.72, 0.24243, 21, 2.47, -6.71, 0.61586, 23, -4.06, -6.97, 0.14169, 5, 15, 23.72, -5.84, 0, 17, 14.48, -6.7, 0.00298, 19, 7.88, -6.5, 0.57099, 21, -0.64999, -6.46, 0.39645, 23, -7.2, -6.89, 0.02955, 5, 15, 20.39, -5.63, 0, 17, 11.16, -6.31, 0.08112, 19, 4.55, -6.26, 0.79584, 21, -3.97, -6.2, 0.123, 23, -10.53, -6.81, 3.0E-5, 3, 17, 6.79, -5.79, 0.46306, 19, 0.15, -5.95, 0.53298, 21, -8.37, -5.85, 0.00394, 3, 15, 11.93, -5.09, 0.12568, 17, 2.74, -5.31, 0.74677, 19, -3.9, -5.66, 0.12754, 3, 15, 8.72999, -4.89, 0.4981, 17, -0.43, -4.92999, 0.49215, 19, -7.1, -5.43, 0.00973, 2, 15, 5.6, -4.69, 0.86418, 17, -3.54, -4.56, 0.13581, 3, 15, 3.73, -4.58, 0.97103, 17, -5.4, -4.34, 0.02885, 19, -12.09, -5.08, 1.1E-4, 2, 15, 1.27, -4.42, 0.9999, 19, -14.55, -4.9, 9.0E-5, 2, 15, -0.67, -4.3, 0.99992, 19, -16.5, -4.76, 7.0E-5, 2, 15, -0.57, -2.63, 0.99994, 19, -16.37999, -3.09, 5.0E-5, 3, 15, -0.44, -0.56, 0.99992, 17, -9.35, -0.1, 6.0E-5, 19, -16.24, -1.03, 0, 2, 15, -0.26, 2.29, 0.99983, 17, -9.01, 2.74, 1.6E-4, 2, 15, -0.06, 5.43, 0.96069, 17, -8.64, 5.86, 0.03929, 3, 15, 0.12, 8.49, 0.89524, 17, -8.28, 8.91, 0.0993, 19, -15.59, 8.02, 0.00545, 3, 15, 0.32, 11.55, 0.84144, 17, -7.92, 11.96, 0.14474, 19, -15.37, 11.08, 0.0138, 3, 15, 0.51, 14.66, 0.81852, 17, -7.55, 15.04, 0.16272, 19, -15.15, 14.18, 0.01873, 3, 15, 2.63, 5.46, 0.94961, 17, -5.95, 5.74, 0.04891, 19, -13.11, 4.96, 0.00147, 3, 15, 5.53, 8.08, 0.79395, 17, -2.9, 8.2, 0.17871, 19, -10.18999, 7.57, 0.02733, 4, 15, 9.14, 10.06, 0.47755, 17, 0.79, 9.97999, 0.35218, 19, -6.57, 9.52, 0.16455, 21, -14.98, 9.66, 0.0057, 4, 15, 12.17, 11.54, 0.31962, 17, 3.91, 11.29, 0.36976, 19, -3.52, 10.97, 0.28769, 21, -11.92, 11.1, 0.02291, 5, 15, 18.54, 11.81, 0.07726, 17, 10.28, 11.21, 0.20911, 19, 2.84, 11.19, 0.5474, 21, -5.54, 11.26, 0.15607, 23, -13.06, 10.54, 0.01013, 5, 15, 20.07, 8.43999, 0.05302, 17, 11.62, 7.75, 0.18499, 19, 4.34, 7.8, 0.5952, 21, -4.07, 7.87, 0.15724, 23, -11.4, 7.23, 0.00951, 5, 15, 21.91, 5.78, 0.004, 17, 13.31, 5, 0.03624, 19, 6.16, 5.13, 0.6974, 21, -2.27, 5.17999, 0.25524, 23, -9.46, 4.64, 0.0071, 6, 15, 24.69, 6.41, 0.00232, 17, 16.12, 5.47, 0.02623, 19, 8.95, 5.74, 0.46615, 21, 0.51, 5.76, 0.43916, 23, -6.7, 5.38, 0.062, 25, -13.05, 5.84, 0.00411, 5, 17, 19.87999, 5.43, 0.00196, 19, 12.7, 5.87, 0.16974, 21, 4.27, 5.87, 0.56874, 23, -2.96, 5.69, 0.22749, 25, -9.3, 6.03, 0.03204, 4, 19, 15.69, 5.46, 0.0608, 21, 7.24, 5.43, 0.37647, 23, 0.03, 5.42, 0.43313, 25, -6.31, 5.66, 0.12957, 5, 15, 35.21, 5.61, 0, 19, 19.45999, 4.85, 0.01057, 21, 11.01, 4.8, 0.14947, 23, 3.83, 5, 0.50963, 25, -2.53, 5.12, 0.33031, 3, 21, 14.47, 4.46, 0.02245, 23, 7.3, 4.85, 0.28793, 25, 0.93, 4.86, 0.6896, 4, 15, 41.97, 4.58, 0, 21, 17.75, 3.67, 0.00209, 23, 10.62, 4.23, 0.06671, 25, 4.23, 4.14, 0.93119, 2, 23, 10.49, -4.03, 0.15197, 25, 3.83, -4.12, 0.84802, 3, 21, 13.83, -4.44999, 0.00949, 23, 7.15, -4.09, 0.39184, 25, 0.49, -4.07, 0.59864, 5, 15, 35.09, -3.6, 0, 19, 19.27, -4.36, 0.00149, 21, 10.75, -4.41, 0.21719, 23, 4.08, -4.21, 0.64551, 25, -2.57, -4.09, 0.13579, 5, 15, 31.41, -3.71, 0, 19, 15.58, -4.42999, 0.01324, 21, 7.07, -4.44999, 0.38155, 23, 0.4, -4.46, 0.56532, 25, -6.26, -4.21999, 0.03986, 4, 15, 27.8, -3.75, 0, 19, 11.97, -4.44, 0.15714, 21, 3.45, -4.42999, 0.64831, 23, -3.2, -4.64, 0.19454, 5, 15, 24.16, -4.05, 0, 17, 15.02, -4.94, 0.00539, 19, 8.34, -4.71999, 0.61299, 21, -0.17, -4.67999, 0.36716, 23, -6.82, -5.09, 0.01444, 4, 15, 19.82, -3.98, 0, 17, 10.69, -4.63, 0.13963, 19, 3.99, -4.61, 0.80394, 21, -4.51, -4.54, 0.05641, 2, 17, 6.71, -4.69999, 0.55045, 19, 0.03, -4.86, 0.44954, 2, 15, 2.28, -1.13, 0.99996, 19, -13.52, -1.62, 3.0E-5, 1, 15, 5.27, 0.74, 1, 3, 15, 8.26, 2.56, 0.55276, 17, -0.48, 2.54, 0.44284, 19, -7.5, 2.02, 0.00439, 3, 15, 11.81, 3.67, 0.0982, 17, 3.11, 3.45, 0.72547, 19, -3.94, 3.11, 0.17632, 4, 15, 15.14, 5.54, 0.11043, 17, 6.54, 5.13, 0.48248, 19, -0.6, 4.94, 0.39415, 21, -9.05, 5.05, 0.01292, 5, 15, 18.43, 6.87, 0.05845, 17, 9.89999, 6.28, 0.22501, 19, 2.69, 6.25, 0.61665, 21, -5.73, 6.32, 0.09739, 23, -12.97, 5.6, 0.00248, 3, 15, 3.78, -2.83, 0.98341, 17, -5.26, -2.59999, 0.0165, 19, -12.03, -3.33, 7.0E-5, 2, 15, 7.1, -2.04, 0.88972, 17, -1.89, -1.99, 0.11027, 2, 15, 10.41, -1.51, 0.17852, 17, 1.43, -1.65, 0.82147, 2, 17, 5.29, -0.83, 0.79466, 19, -1.57, -1.07, 0.20533, 1, 19, 2.27, -0.6, 1, 1, 19, 6.74, 0.14, 1, 3, 15, 26.49, 0.94, 0, 19, 10.7, 0.26, 0.2197, 21, 2.22, 0.27, 0.78029, 2, 21, 5.97, 0.31, 0.5, 23, -0.95, 0.24, 0.5, 2, 21, 8.66, 0.43, 0.19983, 23, 1.72, 0.51, 0.80016, 2, 23, 5.79, 0.48, 0.5, 25, -0.71, 0.54, 0.5, 2, 23, 8.85, 0.07, 0.12801, 25, 2.33, 0.03, 0.87198 ],
				"hull": 42,
				"edges": [ 34, 36, 36, 38, 38, 40, 58, 60, 60, 62, 32, 34, 28, 30, 30, 32, 26, 28, 24, 26, 22, 24, 20, 22, 18, 20, 16, 18, 14, 16, 10, 12, 12, 14, 10, 8, 8, 6, 6, 4, 4, 2, 2, 0, 0, 82, 80, 82, 78, 80, 74, 76, 76, 78, 72, 74, 68, 70, 70, 72, 66, 68, 62, 64, 64, 66, 56, 58, 54, 56, 52, 54, 50, 52, 48, 50, 46, 48, 44, 46, 40, 42, 42, 44 ],
				"width": 19,
				"height": 45
			}
		},
		"Gunfire": {
			"Gunfire": { "x": 46.03, "y": -1.65, "width": 300, "height": 300 }
		},
		"Gunfire_Mosaic_00": {
			"Gunfire_Mosaic_00": { "width": 300, "height": 300 },
			"Gunfire_Mosaic_01": { "width": 300, "height": 300 },
			"Gunfire_Mosaic_02": { "width": 300, "height": 300 }
		},
		"Gunfire_Snow": {
			"Gunfire_Snow": { "x": -4.89, "y": -1.22, "width": 300, "height": 300 }
		},
		"Light": {
			"Gunfire": { "x": -3.13, "y": -0.45, "rotation": -0.9, "width": 300, "height": 300 }
		},
		"Splash_picture": {
			"Splash_0001": { "width": 210, "height": 248 },
			"Splash_0002": { "width": 210, "height": 248 },
			"Splash_0003": { "width": 210, "height": 248 },
			"Splash_0004": { "width": 210, "height": 248 },
			"Splash_0005": { "width": 210, "height": 248 },
			"Splash_0006": { "width": 210, "height": 248 },
			"Splash_0007": { "width": 210, "height": 248 },
			"Splash_0008": { "width": 210, "height": 248 },
			"Splash_0009": { "width": 210, "height": 248 },
			"Splash_0010": { "width": 210, "height": 248 },
			"Splash_0011": { "width": 210, "height": 248 },
			"Splash_0012": { "width": 210, "height": 248 },
			"Splash_0013": { "width": 210, "height": 248 },
			"Splash_0014": { "width": 210, "height": 248 },
			"Splash_0015": { "width": 210, "height": 248 },
			"Splash_0016": { "width": 210, "height": 248 },
			"Splash_0017": { "width": 210, "height": 248 },
			"Splash_0018": { "width": 210, "height": 248 },
			"Splash_0019": { "width": 210, "height": 248 },
			"Splash_0020": { "width": 210, "height": 248 },
			"Splash_0021": { "width": 210, "height": 248 },
			"Splash_0022": { "width": 210, "height": 248 },
			"Splash_0023": { "width": 210, "height": 248 },
			"Splash_0024": { "width": 210, "height": 248 }
		},
		"Torpedo": {
			"Torpedo": { "x": 36.46, "y": 0.18, "rotation": -7.37, "width": 150, "height": 150 }
		},
		"Torpedo_under_sea": {
			"Torpedo_under_sea": { "x": 68.05, "y": 0.33, "rotation": -3.88, "width": 150, "height": 150 }
		},
		"Torpedo_wave_under_sea_0001": {
			"Torpedo_wave_under_sea_0001": { "rotation": 178.19, "width": 300, "height": 100 },
			"Torpedo_wave_under_sea_0002": { "rotation": 178.19, "width": 300, "height": 100 },
			"Torpedo_wave_under_sea_0003": { "rotation": 178.19, "width": 300, "height": 100 },
			"Torpedo_wave_under_sea_0004": { "rotation": 178.19, "width": 300, "height": 100 },
			"Torpedo_wave_under_sea_0005": { "rotation": 178.19, "width": 300, "height": 100 },
			"Torpedo_wave_under_sea_0006": { "rotation": 178.19, "width": 300, "height": 100 },
			"Torpedo_wave_under_sea_0007": { "rotation": 178.19, "width": 300, "height": 100 },
			"Torpedo_wave_under_sea_0008": { "rotation": 178.19, "width": 300, "height": 100 },
			"Torpedo_wave_under_sea_0009": { "rotation": 178.19, "width": 300, "height": 100 },
			"Torpedo_wave_under_sea_0010": { "rotation": 178.19, "width": 300, "height": 100 },
			"Torpedo_wave_under_sea_0011": { "rotation": 178.19, "width": 300, "height": 100 },
			"Torpedo_wave_under_sea_0012": { "rotation": 178.19, "width": 300, "height": 100 },
			"Torpedo_wave_under_sea_0013": { "rotation": 178.19, "width": 300, "height": 100 },
			"Torpedo_wave_under_sea_0014": { "rotation": 178.19, "width": 300, "height": 100 },
			"Torpedo_wave_under_sea_0015": { "rotation": 178.19, "width": 300, "height": 100 },
			"Torpedo_wave_under_sea_0016": { "rotation": 178.19, "width": 300, "height": 100 },
			"Torpedo_wave_under_sea_0017": { "rotation": 178.19, "width": 300, "height": 100 },
			"Torpedo_wave_under_sea_0018": { "rotation": 178.19, "width": 300, "height": 100 },
			"Torpedo_wave_under_sea_0019": { "rotation": 178.19, "width": 300, "height": 100 },
			"Torpedo_wave_under_sea_0020": { "rotation": 178.19, "width": 300, "height": 100 }
		}
	}
},
"events": {
	"Bomb": {},
	"Deep_water_bomb": {},
	"End": {},
	"Gunfire": {},
	"Torpedo": {},
	"Torpedo_preparatory_action": {},
	"Torpedo_under_sea": {},
	"Torpedo_under_sea_preparatory_action": {}
},
"animations": {
	"Bomb": {
		"slots": {
			"Bomb": {
				"attachment": [
					{ "time": 0, "name": "Bomb" }
				]
			},
			"Deep_water_bomb": {
				"attachment": [
					{ "time": 0, "name": null }
				]
			},
			"Flower_00": {
				"attachment": [
					{ "time": 0, "name": null }
				]
			},
			"Flower_01": {
				"attachment": [
					{ "time": 0, "name": null }
				]
			},
			"Flower_02": {
				"attachment": [
					{ "time": 0, "name": null }
				]
			},
			"Gunfire": {
				"attachment": [
					{ "time": 0, "name": null }
				]
			},
			"Gunfire_Mosaic_00": {
				"attachment": [
					{ "time": 0, "name": null }
				]
			},
			"Gunfire_Snow": {
				"attachment": [
					{ "time": 0, "name": null }
				]
			},
			"Light": {
				"attachment": [
					{ "time": 0, "name": null }
				]
			},
			"Splash_picture": {
				"attachment": [
					{ "time": 0, "name": null }
				]
			},
			"Torpedo": {
				"attachment": [
					{ "time": 0, "name": null }
				]
			},
			"Torpedo_under_sea": {
				"attachment": [
					{ "time": 0, "name": null }
				]
			},
			"Torpedo_wave_under_sea_0001": {
				"attachment": [
					{ "time": 0, "name": null }
				]
			}
		},
		"bones": {
			"Bomb": {
				"rotate": [
					{ "time": 0, "angle": 67.88 },
					{ "time": 0.1666, "angle": 80.52 },
					{ "time": 1.3333, "angle": 4.63 }
				],
				"translate": [
					{ "time": 0, "x": -16.45, "y": -28.12 }
				]
			},
			"Torpedo_under_sea": {
				"translate": [
					{ "time": 1.3333, "x": 8.86, "y": -9.67 }
				]
			}
		},
		"events": [
			{ "time": 0, "name": "Bomb" }
		]
	},
	"Deep_water_bomb": {
		"slots": {
			"Bomb": {
				"attachment": [
					{ "time": 0, "name": null }
				]
			},
			"Deep_water_bomb": {
				"attachment": [
					{ "time": 0, "name": "Deep_water_bomb" }
				]
			},
			"Flower_00": {
				"attachment": [
					{ "time": 0, "name": null }
				]
			},
			"Flower_01": {
				"attachment": [
					{ "time": 0, "name": null }
				]
			},
			"Flower_02": {
				"attachment": [
					{ "time": 0, "name": null }
				]
			},
			"Gunfire": {
				"attachment": [
					{ "time": 0, "name": null }
				]
			},
			"Gunfire_Mosaic_00": {
				"attachment": [
					{ "time": 0, "name": null }
				]
			},
			"Gunfire_Snow": {
				"attachment": [
					{ "time": 0, "name": null }
				]
			},
			"Light": {
				"attachment": [
					{ "time": 0, "name": null }
				]
			},
			"Splash_picture": {
				"attachment": [
					{ "time": 0, "name": null }
				]
			},
			"Torpedo": {
				"attachment": [
					{ "time": 0, "name": null }
				]
			},
			"Torpedo_under_sea": {
				"attachment": [
					{ "time": 0, "name": null }
				]
			},
			"Torpedo_wave_under_sea_0001": {
				"attachment": [
					{ "time": 0, "name": null }
				]
			}
		},
		"bones": {
			"Deep_water_bomb": {
				"rotate": [
					{
						"time": 0,
						"angle": 0,
						"curve": [ 0.332, 0.58, 0.64, 0.81 ]
					},
					{ "time": 1.3333, "angle": 155.54 }
				],
				"translate": [
					{
						"time": 0,
						"x": 9.31,
						"y": 2.43,
						"curve": [ 0.334, 0.29, 0.674, 0.62 ]
					},
					{ "time": 1.3333, "x": 40.2, "y": -27.76 }
				]
			}
		},
		"events": [
			{ "time": 0, "name": "Deep_water_bomb" }
		]
	},
	"Gunfire": {
		"slots": {
			"Bomb": {
				"attachment": [
					{ "time": 0, "name": null }
				]
			},
			"Deep_water_bomb": {
				"attachment": [
					{ "time": 0, "name": null }
				]
			},
			"Flower_00": {
				"attachment": [
					{ "time": 0, "name": null }
				]
			},
			"Flower_01": {
				"attachment": [
					{ "time": 0, "name": null }
				]
			},
			"Flower_02": {
				"attachment": [
					{ "time": 0, "name": null }
				]
			},
			"Gunfire": {
				"attachment": [
					{ "time": 0, "name": "Gunfire" }
				]
			},
			"Gunfire_Mosaic_00": {
				"attachment": [
					{ "time": 0, "name": null }
				]
			},
			"Gunfire_Snow": {
				"attachment": [
					{ "time": 0, "name": null }
				]
			},
			"Light": {
				"color": [
					{
						"time": 0,
						"color": "ffffff00",
						"curve": [ 0.562, 0.18, 0.908, 0.46 ]
					},
					{
						"time": 0.5,
						"color": "ffffffff",
						"curve": [ 0.234, 0.54, 0.539, 0.9 ]
					},
					{ "time": 0.8333, "color": "ffffff00" }
				]
			},
			"Splash_picture": {
				"attachment": [
					{ "time": 0, "name": null }
				]
			},
			"Torpedo": {
				"attachment": [
					{ "time": 0, "name": null }
				]
			},
			"Torpedo_under_sea": {
				"attachment": [
					{ "time": 0, "name": null }
				]
			},
			"Torpedo_wave_under_sea_0001": {
				"attachment": [
					{ "time": 0, "name": null }
				]
			}
		},
		"bones": {
			"Gunfire": {
				"rotate": [
					{ "time": 0, "angle": 0 }
				],
				"translate": [
					{ "time": 0, "x": 0, "y": 0 }
				]
			},
			"Effect_light": {
				"scale": [
					{ "time": 0, "x": 1, "y": 1 },
					{ "time": 0.5, "x": 1.05, "y": 1 },
					{ "time": 0.8333, "x": 1, "y": 1 }
				]
			}
		},
		"events": [
			{ "time": 0, "name": "Gunfire" }
		]
	},
	"Gunfire_flower": {
		"slots": {
			"Bomb": {
				"attachment": [
					{ "time": 0, "name": null }
				]
			},
			"Deep_water_bomb": {
				"attachment": [
					{ "time": 0, "name": null }
				]
			},
			"Flower_00": {
				"attachment": [
					{ "time": 0, "name": "Flower_00" }
				]
			},
			"Flower_01": {
				"attachment": [
					{ "time": 0, "name": "Flower_01" }
				]
			},
			"Flower_02": {
				"attachment": [
					{ "time": 0, "name": "Flower_02" }
				]
			},
			"Gunfire": {
				"attachment": [
					{ "time": 0, "name": null }
				]
			},
			"Gunfire_Mosaic_00": {
				"attachment": [
					{ "time": 0, "name": null }
				]
			},
			"Gunfire_Snow": {
				"attachment": [
					{ "time": 0, "name": null }
				]
			},
			"Light": {
				"color": [
					{ "time": 0, "color": "ffffff00" }
				]
			},
			"Splash_picture": {
				"attachment": [
					{ "time": 0, "name": null }
				]
			},
			"Torpedo": {
				"attachment": [
					{ "time": 0, "name": null }
				]
			},
			"Torpedo_under_sea": {
				"attachment": [
					{ "time": 0, "name": null }
				]
			},
			"Torpedo_wave_under_sea_0001": {
				"attachment": [
					{ "time": 0, "name": null }
				]
			}
		},
		"bones": {
			"Gunfire_flower": {
				"rotate": [
					{ "time": 0, "angle": -90 }
				]
			},
			"Effect_light": {
				"scale": [
					{ "time": 0, "x": 1, "y": 1 }
				]
			},
			"Gunfire": {
				"rotate": [
					{ "time": 0, "angle": 0 }
				],
				"translate": [
					{ "time": 0, "x": 0, "y": 0 }
				]
			},
			"Flower_X_00": {
				"rotate": [
					{ "time": 0, "angle": 0 },
					{ "time": 0.3333, "angle": -17.16 },
					{ "time": 1, "angle": 0.21 },
					{ "time": 1.3333, "angle": 0 }
				]
			},
			"Flower_X_05": {
				"rotate": [
					{ "time": 0, "angle": 0 },
					{ "time": 0.3333, "angle": 6.01 },
					{ "time": 1, "angle": -8.73 },
					{ "time": 1.3333, "angle": 0 }
				]
			},
			"Flower_X_04": {
				"rotate": [
					{ "time": 0, "angle": 0 },
					{ "time": 0.3333, "angle": 8.36 },
					{ "time": 1, "angle": -6.75 },
					{ "time": 1.3333, "angle": 0 }
				]
			},
			"Flower_X_03": {
				"rotate": [
					{ "time": 0, "angle": 0 },
					{ "time": 0.3333, "angle": 8.62 },
					{ "time": 1, "angle": -3.33 },
					{ "time": 1.3333, "angle": 0 }
				]
			},
			"Flower_X_02": {
				"rotate": [
					{ "time": 0, "angle": 0 },
					{ "time": 0.3333, "angle": 9.98 },
					{ "time": 1, "angle": -15.26 },
					{ "time": 1.3333, "angle": 0 }
				]
			},
			"Flower_X_01": {
				"rotate": [
					{ "time": 0, "angle": 0 },
					{ "time": 0.3333, "angle": -3.26 },
					{ "time": 1, "angle": -5.2 },
					{ "time": 1.3333, "angle": 0 }
				]
			},
			"Flower_G_05": {
				"rotate": [
					{ "time": 0, "angle": 0 },
					{ "time": 0.3333, "angle": -6.36 },
					{ "time": 1, "angle": 2.23 },
					{ "time": 1.3333, "angle": 0 }
				]
			},
			"Flower_G_04": {
				"rotate": [
					{ "time": 0, "angle": 0 },
					{ "time": 0.3333, "angle": -2.48 },
					{ "time": 1, "angle": 1.43 },
					{ "time": 1.3333, "angle": 0 }
				]
			},
			"Flower_G_03": {
				"rotate": [
					{ "time": 0, "angle": 0 },
					{ "time": 0.3333, "angle": 6.82 },
					{ "time": 1, "angle": 9.57 },
					{ "time": 1.3333, "angle": 0 }
				]
			},
			"Flower_G_02": {
				"rotate": [
					{ "time": 0, "angle": 0 },
					{ "time": 0.3333, "angle": -14.64 },
					{ "time": 1, "angle": 9.13 },
					{ "time": 1.3333, "angle": 0 }
				]
			},
			"Flower_G_01": {
				"rotate": [
					{ "time": 0, "angle": 0 },
					{ "time": 0.3333, "angle": -2.56 },
					{ "time": 1, "angle": 4.64 },
					{ "time": 1.3333, "angle": 0 }
				]
			},
			"Flower_G_00": {
				"rotate": [
					{ "time": 0, "angle": 0 },
					{ "time": 0.3333, "angle": 16.69 },
					{ "time": 1, "angle": -10.42 },
					{ "time": 1.3333, "angle": 0 }
				]
			}
		},
		"events": [
			{ "time": 0, "name": "Gunfire" }
		]
	},
	"Gunfire_mosaic": {
		"slots": {
			"Bomb": {
				"attachment": [
					{ "time": 0, "name": null }
				]
			},
			"Deep_water_bomb": {
				"attachment": [
					{ "time": 0, "name": null }
				]
			},
			"Flower_00": {
				"attachment": [
					{ "time": 0, "name": null }
				]
			},
			"Flower_01": {
				"attachment": [
					{ "time": 0, "name": null }
				]
			},
			"Flower_02": {
				"attachment": [
					{ "time": 0, "name": null }
				]
			},
			"Gunfire": {
				"attachment": [
					{ "time": 0, "name": null }
				]
			},
			"Gunfire_Mosaic_00": {
				"attachment": [
					{ "time": 0, "name": "Gunfire_Mosaic_00" },
					{ "time": 0.1, "name": "Gunfire_Mosaic_01" },
					{ "time": 0.2, "name": "Gunfire_Mosaic_02" },
					{ "time": 0.3, "name": "Gunfire_Mosaic_00" },
					{ "time": 0.4, "name": "Gunfire_Mosaic_01" },
					{ "time": 0.5, "name": "Gunfire_Mosaic_02" },
					{ "time": 0.6, "name": "Gunfire_Mosaic_00" },
					{ "time": 0.7, "name": "Gunfire_Mosaic_01" },
					{ "time": 0.8, "name": "Gunfire_Mosaic_02" },
					{ "time": 0.9, "name": "Gunfire_Mosaic_00" },
					{ "time": 1, "name": "Gunfire_Mosaic_01" },
					{ "time": 1.1, "name": "Gunfire_Mosaic_02" },
					{ "time": 1.2, "name": "Gunfire_Mosaic_00" },
					{ "time": 1.3, "name": "Gunfire_Mosaic_01" },
					{ "time": 1.4, "name": "Gunfire_Mosaic_02" },
					{ "time": 1.5, "name": "Gunfire_Mosaic_00" },
					{ "time": 1.6, "name": "Gunfire_Mosaic_01" },
					{ "time": 1.6666, "name": "Gunfire_Mosaic_00" },
					{ "time": 1.7, "name": "Gunfire_Mosaic_02" },
					{ "time": 1.8, "name": "Gunfire_Mosaic_00" },
					{ "time": 1.9, "name": "Gunfire_Mosaic_01" },
					{ "time": 2, "name": "Gunfire_Mosaic_02" },
					{ "time": 2.1, "name": "Gunfire_Mosaic_00" },
					{ "time": 2.2, "name": "Gunfire_Mosaic_01" },
					{ "time": 2.3, "name": "Gunfire_Mosaic_02" },
					{ "time": 2.4, "name": "Gunfire_Mosaic_00" },
					{ "time": 2.5333, "name": "Gunfire_Mosaic_01" }
				]
			},
			"Gunfire_Snow": {
				"attachment": [
					{ "time": 0, "name": null }
				]
			},
			"Light": {
				"color": [
					{ "time": 0, "color": "ffffff00" }
				]
			},
			"Splash_picture": {
				"attachment": [
					{ "time": 0, "name": null }
				]
			},
			"Torpedo": {
				"attachment": [
					{ "time": 0, "name": null }
				]
			},
			"Torpedo_under_sea": {
				"attachment": [
					{ "time": 0, "name": null }
				]
			},
			"Torpedo_wave_under_sea_0001": {
				"attachment": [
					{ "time": 0, "name": null }
				]
			}
		},
		"bones": {
			"Gunfire": {
				"rotate": [
					{ "time": 0, "angle": 0 }
				],
				"translate": [
					{ "time": 0, "x": 0, "y": 0 }
				]
			},
			"Effect_light": {
				"scale": [
					{ "time": 0, "x": 1, "y": 1 }
				]
			},
			"Gunfire_mosaic": {
				"scale": [
					{
						"time": 0,
						"x": 1,
						"y": 1,
						"curve": [ 0.171, 0.61, 0.39, 0.91 ]
					},
					{
						"time": 0.4,
						"x": 1.2,
						"y": 0.85,
						"curve": [ 0.546, 0.27, 0.786, 0.55 ]
					},
					{
						"time": 0.6333,
						"x": 1,
						"y": 1,
						"curve": [ 0.171, 0.61, 0.39, 0.91 ]
					},
					{
						"time": 1.0333,
						"x": 1.2,
						"y": 0.85,
						"curve": [ 0.546, 0.27, 0.786, 0.55 ]
					},
					{
						"time": 1.2666,
						"x": 1,
						"y": 1,
						"curve": [ 0.171, 0.61, 0.39, 0.91 ]
					},
					{
						"time": 1.6666,
						"x": 1.2,
						"y": 0.85,
						"curve": [ 0.546, 0.27, 0.786, 0.55 ]
					},
					{
						"time": 1.9,
						"x": 1,
						"y": 1,
						"curve": [ 0.171, 0.61, 0.39, 0.91 ]
					},
					{
						"time": 2.3,
						"x": 1.2,
						"y": 0.85,
						"curve": [ 0.546, 0.27, 0.786, 0.55 ]
					},
					{ "time": 2.5333, "x": 1, "y": 1 }
				]
			}
		},
		"events": [
			{ "time": 0, "name": "Gunfire" }
		]
	},
	"Gunfire_snow": {
		"slots": {
			"Bomb": {
				"attachment": [
					{ "time": 0, "name": null }
				]
			},
			"Deep_water_bomb": {
				"attachment": [
					{ "time": 0, "name": null }
				]
			},
			"Flower_00": {
				"attachment": [
					{ "time": 0, "name": null }
				]
			},
			"Flower_01": {
				"attachment": [
					{ "time": 0, "name": null }
				]
			},
			"Flower_02": {
				"attachment": [
					{ "time": 0, "name": null }
				]
			},
			"Gunfire": {
				"attachment": [
					{ "time": 0, "name": null }
				]
			},
			"Gunfire_Mosaic_00": {
				"attachment": [
					{ "time": 0, "name": null }
				]
			},
			"Gunfire_Snow": {
				"attachment": [
					{ "time": 0, "name": "Gunfire_Snow" }
				]
			},
			"Light": {
				"color": [
					{ "time": 0, "color": "ffffff00" }
				]
			},
			"Splash_picture": {
				"attachment": [
					{ "time": 0, "name": null }
				]
			},
			"Torpedo": {
				"attachment": [
					{ "time": 0, "name": null }
				]
			},
			"Torpedo_under_sea": {
				"attachment": [
					{ "time": 0, "name": null }
				]
			},
			"Torpedo_wave_under_sea_0001": {
				"attachment": [
					{ "time": 0, "name": null }
				]
			}
		},
		"bones": {
			"Gunfire": {
				"rotate": [
					{ "time": 0, "angle": 0 }
				],
				"translate": [
					{ "time": 0, "x": 0, "y": 0 }
				]
			},
			"Effect_light": {
				"scale": [
					{ "time": 0, "x": 1, "y": 1 }
				]
			},
			"Gunfire_snow": {
				"scale": [
					{
						"time": 0,
						"x": 1.05,
						"y": 0.85,
						"curve": [ 0.416, 0.23, 0.748, 0.49 ]
					},
					{
						"time": 0.1666,
						"x": 0.85,
						"y": 1.05,
						"curve": [ 0.205, 0.61, 0.466, 0.8 ]
					},
					{ "time": 0.5, "x": 1, "y": 1 },
					{
						"time": 0.8333,
						"x": 1.05,
						"y": 0.85,
						"curve": [ 0.416, 0.23, 0.748, 0.49 ]
					},
					{
						"time": 1,
						"x": 0.85,
						"y": 1.05,
						"curve": [ 0.205, 0.61, 0.466, 0.8 ]
					},
					{ "time": 1.3333, "x": 1, "y": 1 },
					{
						"time": 1.6666,
						"x": 1.05,
						"y": 0.85,
						"curve": [ 0.416, 0.23, 0.748, 0.49 ]
					},
					{
						"time": 1.8333,
						"x": 0.85,
						"y": 1.05,
						"curve": [ 0.205, 0.61, 0.466, 0.8 ]
					},
					{ "time": 2.1666, "x": 1, "y": 1 },
					{ "time": 2.5, "x": 1.05, "y": 0.85 }
				]
			}
		},
		"events": [
			{ "time": 0, "name": "Gunfire" }
		]
	},
	"Torpedo": {
		"slots": {
			"Bomb": {
				"attachment": [
					{ "time": 0, "name": null }
				]
			},
			"Deep_water_bomb": {
				"attachment": [
					{ "time": 0, "name": null }
				]
			},
			"Flower_00": {
				"attachment": [
					{ "time": 0, "name": null }
				]
			},
			"Flower_01": {
				"attachment": [
					{ "time": 0, "name": null }
				]
			},
			"Flower_02": {
				"attachment": [
					{ "time": 0, "name": null }
				]
			},
			"Gunfire": {
				"attachment": [
					{ "time": 0, "name": null }
				]
			},
			"Gunfire_Mosaic_00": {
				"attachment": [
					{ "time": 0, "name": null }
				]
			},
			"Gunfire_Snow": {
				"attachment": [
					{ "time": 0, "name": null }
				]
			},
			"Light": {
				"attachment": [
					{ "time": 0, "name": null }
				]
			},
			"Splash_picture": {
				"attachment": [
					{ "time": 0, "name": null }
				]
			},
			"Torpedo": {
				"attachment": [
					{ "time": 0, "name": "Torpedo" }
				]
			},
			"Torpedo_under_sea": {
				"attachment": [
					{ "time": 0, "name": null }
				]
			},
			"Torpedo_wave_under_sea_0001": {
				"attachment": [
					{ "time": 0, "name": null }
				]
			}
		},
		"bones": {
			"Torpedo": {
				"rotate": [
					{ "time": 0, "angle": -5.51 },
					{
						"time": 0.1,
						"angle": 13.7,
						"curve": [ 0.526, 0.25, 0.878, 0.57 ]
					},
					{ "time": 0.8333, "angle": -60.43 }
				],
				"translate": [
					{ "time": 0, "x": 0, "y": 0 }
				]
			}
		},
		"events": [
			{ "time": 0, "name": "Torpedo" }
		]
	},
	"Torpedo_preparatory_action": {
		"slots": {
			"Bomb": {
				"attachment": [
					{ "time": 0, "name": null }
				]
			},
			"Deep_water_bomb": {
				"attachment": [
					{ "time": 0, "name": null }
				]
			},
			"Flower_00": {
				"attachment": [
					{ "time": 0, "name": null }
				]
			},
			"Flower_01": {
				"attachment": [
					{ "time": 0, "name": null }
				]
			},
			"Flower_02": {
				"attachment": [
					{ "time": 0, "name": null }
				]
			},
			"Gunfire": {
				"attachment": [
					{ "time": 0, "name": null }
				]
			},
			"Gunfire_Mosaic_00": {
				"attachment": [
					{ "time": 0, "name": null }
				]
			},
			"Gunfire_Snow": {
				"attachment": [
					{ "time": 0, "name": null }
				]
			},
			"Light": {
				"attachment": [
					{ "time": 0, "name": null }
				]
			},
			"Splash_picture": {
				"attachment": [
					{ "time": 0, "name": null },
					{ "time": 0.5, "name": "Splash_0001" },
					{ "time": 0.5333, "name": "Splash_0002" },
					{ "time": 0.5666, "name": "Splash_0003" },
					{ "time": 0.6, "name": "Splash_0004" },
					{ "time": 0.6333, "name": "Splash_0005" },
					{ "time": 0.6666, "name": "Splash_0006" },
					{ "time": 0.7, "name": "Splash_0007" },
					{ "time": 0.7333, "name": "Splash_0008" },
					{ "time": 0.7666, "name": "Splash_0009" },
					{ "time": 0.8, "name": "Splash_0010" },
					{ "time": 0.8333, "name": "Splash_0011" },
					{ "time": 0.8666, "name": "Splash_0012" },
					{ "time": 0.9, "name": "Splash_0013" },
					{ "time": 0.9333, "name": "Splash_0014" },
					{ "time": 0.9666, "name": "Splash_0015" },
					{ "time": 1, "name": "Splash_0016" },
					{ "time": 1.0333, "name": "Splash_0017" },
					{ "time": 1.0666, "name": "Splash_0018" },
					{ "time": 1.1, "name": "Splash_0019" },
					{ "time": 1.1333, "name": "Splash_0020" },
					{ "time": 1.1666, "name": "Splash_0021" },
					{ "time": 1.2, "name": "Splash_0022" },
					{ "time": 1.2333, "name": "Splash_0023" },
					{ "time": 1.2666, "name": "Splash_0024" },
					{ "time": 1.3, "name": null }
				]
			},
			"Torpedo": {
				"attachment": [
					{ "time": 0, "name": null }
				]
			},
			"Torpedo_under_sea": {
				"attachment": [
					{ "time": 0, "name": "Torpedo_under_sea" },
					{ "time": 0.6, "name": null }
				],
				"color": [
					{ "time": 0.5, "color": "ffffffff" },
					{ "time": 0.6, "color": "ffffff00" }
				]
			},
			"Torpedo_wave_under_sea_0001": {
				"attachment": [
					{ "time": 0, "name": null }
				]
			}
		},
		"bones": {
			"Jet_point": {
				"translate": [
					{ "time": 0, "x": 40.37, "y": -1.29 }
				]
			},
			"Torpedo_under_sea": {
				"rotate": [
					{
						"time": 0,
						"angle": 38.07,
						"curve": [ 0.328, 0.69, 0.853, 0.43 ]
					},
					{ "time": 0.1666, "angle": 19.19 },
					{ "time": 0.5, "angle": -23.6 },
					{ "time": 0.6, "angle": -14.67 }
				],
				"translate": [
					{
						"time": 0,
						"x": 85.52,
						"y": 82.11,
						"curve": [ 0.281, 0.64, 0.52, 0.76 ]
					},
					{
						"time": 0.1666,
						"x": 129.03,
						"y": 106.18,
						"curve": [ 0.558, 0.18, 0.881, 0.47 ]
					},
					{ "time": 0.5, "x": 283.01, "y": 56.38 },
					{ "time": 0.6, "x": 324.25, "y": 32.06 }
				]
			},
			"Splash": {
				"translate": [
					{ "time": 0.5, "x": 327.61, "y": 50.48 }
				],
				"scale": [
					{ "time": 0.5, "x": 1.8, "y": 0.6 }
				]
			}
		},
		"events": [
			{ "time": 0, "name": "Torpedo_preparatory_action" },
			{ "time": 1, "name": "End" }
		]
	},
	"Torpedo_under_sea_preparatory_action": {
		"slots": {
			"Bomb": {
				"attachment": [
					{ "time": 0, "name": null },
					{ "time": 1.1666, "name": null }
				]
			},
			"Deep_water_bomb": {
				"attachment": [
					{ "time": 0, "name": null },
					{ "time": 1.1666, "name": null }
				]
			},
			"Flower_00": {
				"attachment": [
					{ "time": 0, "name": null }
				]
			},
			"Flower_01": {
				"attachment": [
					{ "time": 0, "name": null }
				]
			},
			"Flower_02": {
				"attachment": [
					{ "time": 0, "name": null }
				]
			},
			"Gunfire": {
				"attachment": [
					{ "time": 0, "name": null },
					{ "time": 1.1666, "name": null }
				]
			},
			"Gunfire_Mosaic_00": {
				"attachment": [
					{ "time": 0, "name": null }
				]
			},
			"Gunfire_Snow": {
				"attachment": [
					{ "time": 0, "name": null }
				]
			},
			"Light": {
				"attachment": [
					{ "time": 0, "name": null },
					{ "time": 1.1666, "name": null }
				]
			},
			"Splash_picture": {
				"attachment": [
					{ "time": 0, "name": null },
					{ "time": 1.1666, "name": null }
				]
			},
			"Torpedo": {
				"attachment": [
					{ "time": 0, "name": null },
					{ "time": 1.1666, "name": null }
				]
			},
			"Torpedo_under_sea": {
				"attachment": [
					{ "time": 0, "name": "Torpedo_under_sea" },
					{ "time": 1.1666, "name": "Torpedo_under_sea" }
				],
				"color": [
					{ "time": 0, "color": "ffffff00" },
					{ "time": 0.1333, "color": "ffffffff" }
				]
			},
			"Torpedo_wave_under_sea_0001": {
				"attachment": [
					{ "time": 0, "name": null },
					{ "time": 1.1666, "name": "Torpedo_wave_under_sea_0001" },
					{ "time": 1.2, "name": "Torpedo_wave_under_sea_0002" },
					{ "time": 1.2333, "name": "Torpedo_wave_under_sea_0003" },
					{ "time": 1.2666, "name": "Torpedo_wave_under_sea_0004" },
					{ "time": 1.3, "name": "Torpedo_wave_under_sea_0005" },
					{ "time": 1.3333, "name": "Torpedo_wave_under_sea_0006" },
					{ "time": 1.3666, "name": "Torpedo_wave_under_sea_0007" },
					{ "time": 1.4, "name": "Torpedo_wave_under_sea_0008" },
					{ "time": 1.4333, "name": "Torpedo_wave_under_sea_0009" },
					{ "time": 1.4666, "name": "Torpedo_wave_under_sea_0010" },
					{ "time": 1.5, "name": "Torpedo_wave_under_sea_0011" },
					{ "time": 1.5333, "name": "Torpedo_wave_under_sea_0012" },
					{ "time": 1.5666, "name": "Torpedo_wave_under_sea_0013" },
					{ "time": 1.6, "name": "Torpedo_wave_under_sea_0014" },
					{ "time": 1.6333, "name": "Torpedo_wave_under_sea_0015" },
					{ "time": 1.6666, "name": "Torpedo_wave_under_sea_0016" },
					{ "time": 1.7, "name": "Torpedo_wave_under_sea_0017" },
					{ "time": 1.7333, "name": "Torpedo_wave_under_sea_0018" },
					{ "time": 1.7666, "name": "Torpedo_wave_under_sea_0019" },
					{ "time": 1.8, "name": "Torpedo_wave_under_sea_0020" },
					{ "time": 1.8333, "name": "Torpedo_wave_under_sea_0001" },
					{ "time": 1.8666, "name": "Torpedo_wave_under_sea_0002" },
					{ "time": 1.9, "name": "Torpedo_wave_under_sea_0003" },
					{ "time": 1.9333, "name": "Torpedo_wave_under_sea_0004" },
					{ "time": 1.9666, "name": "Torpedo_wave_under_sea_0005" },
					{ "time": 2, "name": "Torpedo_wave_under_sea_0006" },
					{ "time": 2.0333, "name": "Torpedo_wave_under_sea_0007" },
					{ "time": 2.0666, "name": "Torpedo_wave_under_sea_0008" },
					{ "time": 2.1, "name": "Torpedo_wave_under_sea_0009" },
					{ "time": 2.1333, "name": "Torpedo_wave_under_sea_0010" },
					{ "time": 2.1666, "name": "Torpedo_wave_under_sea_0011" },
					{ "time": 2.2, "name": "Torpedo_wave_under_sea_0012" },
					{ "time": 2.2333, "name": "Torpedo_wave_under_sea_0013" },
					{ "time": 2.2666, "name": "Torpedo_wave_under_sea_0014" },
					{ "time": 2.3, "name": "Torpedo_wave_under_sea_0015" },
					{ "time": 2.3333, "name": "Torpedo_wave_under_sea_0016" },
					{ "time": 2.3666, "name": "Torpedo_wave_under_sea_0017" },
					{ "time": 2.4, "name": "Torpedo_wave_under_sea_0018" },
					{ "time": 2.4333, "name": "Torpedo_wave_under_sea_0019" },
					{ "time": 2.4666, "name": "Torpedo_wave_under_sea_0020" },
					{ "time": 2.5, "name": "Torpedo_wave_under_sea_0001" },
					{ "time": 2.5333, "name": "Torpedo_wave_under_sea_0002" },
					{ "time": 2.5666, "name": "Torpedo_wave_under_sea_0003" },
					{ "time": 2.6, "name": "Torpedo_wave_under_sea_0004" },
					{ "time": 2.6333, "name": "Torpedo_wave_under_sea_0005" },
					{ "time": 2.6666, "name": "Torpedo_wave_under_sea_0006" },
					{ "time": 2.7, "name": "Torpedo_wave_under_sea_0007" },
					{ "time": 2.7333, "name": "Torpedo_wave_under_sea_0008" },
					{ "time": 2.7666, "name": "Torpedo_wave_under_sea_0009" },
					{ "time": 2.8, "name": "Torpedo_wave_under_sea_0010" },
					{ "time": 2.8333, "name": "Torpedo_wave_under_sea_0011" },
					{ "time": 2.8666, "name": "Torpedo_wave_under_sea_0012" },
					{ "time": 2.9, "name": "Torpedo_wave_under_sea_0013" },
					{ "time": 2.9333, "name": "Torpedo_wave_under_sea_0014" },
					{ "time": 2.9666, "name": "Torpedo_wave_under_sea_0015" },
					{ "time": 3, "name": "Torpedo_wave_under_sea_0016" },
					{ "time": 3.0333, "name": "Torpedo_wave_under_sea_0017" },
					{ "time": 3.0666, "name": "Torpedo_wave_under_sea_0018" },
					{ "time": 3.1, "name": "Torpedo_wave_under_sea_0019" },
					{ "time": 3.1333, "name": "Torpedo_wave_under_sea_0020" }
				],
				"color": [
					{ "time": 0, "color": "ffffff00", "curve": "stepped" },
					{ "time": 1.1666, "color": "ffffff00" },
					{ "time": 1.5, "color": "ffffff79" },
					{ "time": 3.1333, "color": "ffffff84" }
				]
			}
		},
		"bones": {
			"Jet_point": {
				"rotate": [
					{
						"time": 0,
						"angle": -243.63,
						"curve": [ 0.532, 0.14, 0.934, 0.65 ]
					},
					{ "time": 1.1666, "angle": 0 },
					{ "time": 1.3666, "angle": -14.4 },
					{ "time": 1.5, "angle": -23.58 },
					{ "time": 1.8333, "angle": -35.45 },
					{ "time": 2.3333, "angle": -45.64 },
					{ "time": 2.7, "angle": -51.06 },
					{ "time": 3.1333, "angle": -53.43 }
				],
				"translate": [
					{ "time": 0, "x": 40.37, "y": -1.29, "curve": "stepped" },
					{
						"time": 1.1666,
						"x": 40.37,
						"y": -1.29,
						"curve": [ 0.23, 0.47, 0.525, 0.77 ]
					},
					{
						"time": 1.3666,
						"x": -5.57,
						"y": -0.11,
						"curve": [ 0.258, 0.4, 0.583, 0.71 ]
					},
					{ "time": 1.5, "x": -15.4, "y": -2.14 },
					{ "time": 1.8333, "x": -25.6, "y": -0.49 },
					{ "time": 2.3333, "x": -40.96, "y": -0.19 },
					{ "time": 2.7, "x": -52.26, "y": -1.35 },
					{ "time": 3.1333, "x": -65.54, "y": 0.27 }
				],
				"scale": [
					{ "time": 0, "x": 0.399, "y": 0.25, "curve": "stepped" },
					{
						"time": 1.1666,
						"x": 0.399,
						"y": 0.25,
						"curve": [ 0.132, 0.53, 0.529, 0.82 ]
					},
					{ "time": 1.3666, "x": 1, "y": 0.75 },
					{ "time": 3.1333, "x": 1.4, "y": 1 }
				]
			},
			"Torpedo_under_sea": {
				"rotate": [
					{
						"time": 0,
						"angle": 116.36,
						"curve": [ 0.293, 0.46, 0.59, 0.76 ]
					},
					{
						"time": 0.5,
						"angle": -17.12,
						"curve": [ 0.243, 0.43, 0.555, 0.72 ]
					},
					{
						"time": 0.7,
						"angle": 10.44,
						"curve": [ 0.193, 0.29, 0.565, 0.71 ]
					},
					{
						"time": 0.8666,
						"angle": -5.22,
						"curve": [ 0.193, 0.34, 0.596, 0.8 ]
					},
					{ "time": 1, "angle": -0.95 },
					{
						"time": 1.1666,
						"angle": 0,
						"curve": [ 0.219, 0.6, 0.442, 0.8 ]
					},
					{ "time": 3.1333, "angle": 26.07 }
				],
				"translate": [
					{ "time": 0, "x": 48.13, "y": 3.11 },
					{ "time": 0.3333, "x": 67.6, "y": 3.17 },
					{
						"time": 0.9666,
						"x": 64.87,
						"y": 5.11,
						"curve": [ 0.494, 0.23, 0.901, 0.57 ]
					},
					{ "time": 1.1666, "x": 28.38, "y": 3.96 },
					{ "time": 3.1333, "x": 67.44, "y": 4.24 }
				]
			}
		},
		"events": [
			{ "time": 0, "name": "Torpedo_under_sea_preparatory_action" },
			{ "time": 1.1666, "name": "Torpedo_under_sea" }
		]
	}
}
}