{
"skeleton": { "hash": "VEByR2yYirSY0e5bKg9jletN8+U", "spine": "3.2.01", "width": 4896, "height": 171.5, "images": "" },
"bones": [
	{ "name": "BG_picture" },
	{ "name": "Sky", "parent": "BG_picture" },
	{ "name": "Cloud_Other_picture", "parent": "Sky", "y": 16 },
	{ "name": "Sky_picture", "parent": "Sky" }
],
"slots": [
	{ "name": "Sky", "bone": "Sky_picture", "attachment": "Sky" },
	{ "name": "Cloud_U", "bone": "Cloud_Other_picture", "color": "ffffffc9", "attachment": "Cloud_Day_U" },
	{ "name": "Cloud_U2", "bone": "Cloud_Other_picture", "color": "ffffffc8", "attachment": "Cloud_Day_U" },
	{ "name": "Cloud_U3", "bone": "Cloud_Other_picture", "color": "ffffffc8", "attachment": "Cloud_Day_U" },
	{ "name": "Cloud_U4", "bone": "Cloud_Other_picture", "color": "ffffffc8", "attachment": "Cloud_Day_U" },
	{ "name": "Mountain", "bone": "Sky_picture", "attachment": "Mountain" },
	{ "name": "Sky_light", "bone": "Sky", "attachment": "Sky_light" }
],
"skins": {
	"default": {
		"Cloud_U": {
			"Cloud_Day_U": { "x": -1161, "y": -103, "scaleX": 2, "scaleY": 2, "width": 612, "height": 84 }
		},
		"Cloud_U2": {
			"Cloud_Day_U": { "x": -2385, "y": -103, "scaleX": 2, "scaleY": 2, "width": 612, "height": 84 }
		},
		"Cloud_U3": {
			"Cloud_Day_U": { "x": 62.99, "y": -103, "scaleX": 2, "scaleY": 2, "width": 612, "height": 84 }
		},
		"Cloud_U4": {
			"Cloud_Day_U": { "x": -3609, "y": -103, "scaleX": 2, "scaleY": 2, "width": 612, "height": 84 }
		},
		"Mountain": {
			"Mountain": { "y": -84.44, "scaleX": 2, "scaleY": 2, "width": 612, "height": 84 }
		},
		"Sky": {
			"Sky": { "y": -83.5, "scaleX": 2, "scaleY": 2, "width": 612, "height": 84 }
		},
		"Sky_light": {
			"Sky_light": { "y": -83.5, "scaleX": 2, "scaleY": 2, "width": 612, "height": 84 }
		}
	}
},
"animations": {
	"BG_landing_place_day": {
		"bones": {
			"Cloud_Other_picture": {
				"translate": [
					{ "time": 0, "x": 629.17, "y": 2.87 },
					{ "time": 160, "x": 3171.04, "y": 2.87 }
				]
			}
		}
	}
}
}