{
"skeleton": { "hash": "JXibL9hMwcmLJCi4X9HpCMfJKdU", "spine": "3.2.01", "width": 312.91, "height": 106.21, "images": "" },
"bones": [
	{ "name": "furniture_191" },
	{ "name": "bone", "parent": "furniture_191", "y": -11.68 },
	{ "name": "bone2", "parent": "bone" },
	{ "name": "SB", "parent": "bone2", "x": 2.64, "y": 5.03 },
	{ "name": "DD", "parent": "SB", "x": 57.27, "y": 44.83 },
	{ "name": "BOOT_1", "parent": "DD", "x": -11.66, "y": 1.29 },
	{ "name": "BOOT_2", "parent": "DD", "x": 1.29, "y": 1.81 },
	{ "name": "YY", "parent": "SB", "x": 38.61, "y": 56.49 },
	{ "name": "BOOT_4", "parent": "YY", "x": -17.36, "y": -0.51 },
	{ "name": "BOOT_5", "parent": "YY", "x": -4.4 },
	{ "name": "BOOT_6", "parent": "YY", "x": 6.99, "y": 0.51 },
	{ "name": "BOOT_7", "parent": "YY", "x": 19.17, "y": 0.77 },
	{ "name": "DD2", "parent": "SB", "x": -45.35, "y": 44.05 },
	{ "name": "Y_1", "parent": "DD", "x": -57.27, "y": 3.02 },
	{ "name": "Y_2", "parent": "DD", "x": -57.27, "y": 1.54 },
	{ "name": "Y_3", "parent": "YY", "x": -38.61, "y": -10.49 },
	{ "name": "Y_4", "parent": "YY", "x": -38.61, "y": -10.49 },
	{ "name": "water_1", "parent": "SB", "x": 34.87, "y": 46 },
	{ "name": "water_2", "parent": "SB", "x": 35.24, "y": 46.74 },
	{ "name": "water_3", "parent": "SB", "x": 34.5, "y": 45.63 }
],
"slots": [
	{ "name": "SB", "bone": "SB", "attachment": "SB" },
	{ "name": "Y1", "bone": "Y_1" },
	{ "name": "Y2", "bone": "Y_2" },
	{ "name": "Y3", "bone": "Y_3" },
	{ "name": "Y4", "bone": "Y_4" },
	{ "name": "boot_A7", "bone": "BOOT_7", "attachment": "boot_B1" },
	{ "name": "boot_A6", "bone": "BOOT_6", "attachment": "boot_B1" },
	{ "name": "boot_A5", "bone": "BOOT_5", "attachment": "boot_B1" },
	{ "name": "boot_A4", "bone": "BOOT_4", "attachment": "boot_B1" },
	{ "name": "boot_A3", "bone": "DD2", "attachment": "boot_B1" },
	{ "name": "boot_A2", "bone": "BOOT_2", "attachment": "boot_B1" },
	{ "name": "boot_A1", "bone": "BOOT_1", "attachment": "boot_B1" },
	{ "name": "water1", "bone": "water_1" },
	{ "name": "water2", "bone": "water_2" },
	{ "name": "water3", "bone": "water_3" }
],
"skins": {
	"default": {
		"SB": {
			"SB": { "x": -1.74, "y": 38.01, "width": 209, "height": 93 }
		},
		"Y1": {
			"Y1": { "x": -1.74, "y": -9.83, "width": 209, "height": 93 },
			"Y2": { "x": -1.74, "y": -9.83, "width": 209, "height": 93 },
			"Y3": { "x": -1.74, "y": -9.83, "width": 209, "height": 93 },
			"Y4": { "x": -1.74, "y": -9.83, "width": 209, "height": 93 }
		},
		"Y2": {
			"Y1": { "x": -1.74, "y": -8.35, "width": 209, "height": 93 },
			"Y2": { "x": -1.74, "y": -8.35, "width": 209, "height": 93 },
			"Y3": { "x": -1.74, "y": -8.35, "width": 209, "height": 93 },
			"Y4": { "x": -1.74, "y": -8.35, "width": 209, "height": 93 }
		},
		"Y3": {
			"Y1": { "x": -1.74, "y": -7.98, "width": 209, "height": 93 },
			"Y2": { "x": -1.74, "y": -7.98, "width": 209, "height": 93 },
			"Y3": { "x": -1.74, "y": -7.98, "width": 209, "height": 93 },
			"Y4": { "x": -1.74, "y": -7.98, "width": 209, "height": 93 }
		},
		"Y4": {
			"Y1": { "x": -1.74, "y": -7.98, "width": 209, "height": 93 },
			"Y2": { "x": -1.74, "y": -7.98, "width": 209, "height": 93 },
			"Y3": { "x": -1.74, "y": -7.98, "width": 209, "height": 93 },
			"Y4": { "x": -1.74, "y": -7.98, "width": 209, "height": 93 }
		},
		"boot_A1": {
			"boot_A1": { "x": 27.27, "y": -11.73, "width": 209, "height": 93 },
			"boot_A2": { "x": 27.27, "y": -11.73, "width": 209, "height": 93 },
			"boot_B1": { "x": 27.27, "y": -11.73, "width": 209, "height": 93 },
			"boot_B2": { "x": 27.27, "y": -11.73, "width": 209, "height": 93 },
			"boot_C1": { "x": 27.27, "y": -11.73, "width": 209, "height": 93 },
			"boot_C2": { "x": 27.27, "y": -11.73, "width": 209, "height": 93 }
		},
		"boot_A2": {
			"boot_A1": { "x": 27.27, "y": -11.73, "width": 209, "height": 93 },
			"boot_A2": { "x": 27.27, "y": -11.73, "width": 209, "height": 93 },
			"boot_B1": { "x": 27.27, "y": -11.73, "width": 209, "height": 93 },
			"boot_B2": { "x": 27.27, "y": -11.73, "width": 209, "height": 93 },
			"boot_C1": { "x": 27.27, "y": -11.73, "width": 209, "height": 93 },
			"boot_C2": { "x": 27.27, "y": -11.73, "width": 209, "height": 93 }
		},
		"boot_A3": {
			"boot_A1": { "x": 27.27, "y": -11.73, "width": 209, "height": 93 },
			"boot_A2": { "x": 27.27, "y": -11.73, "width": 209, "height": 93 },
			"boot_B1": { "x": 27.27, "y": -11.73, "width": 209, "height": 93 },
			"boot_B2": { "x": 27.27, "y": -11.73, "width": 209, "height": 93 },
			"boot_C1": { "x": 27.27, "y": -11.73, "width": 209, "height": 93 },
			"boot_C2": { "x": 27.27, "y": -11.73, "width": 209, "height": 93 }
		},
		"boot_A4": {
			"boot_A1": { "x": 27.27, "y": -11.73, "width": 209, "height": 93 },
			"boot_A2": { "x": 27.27, "y": -11.73, "width": 209, "height": 93 },
			"boot_B1": { "x": 27.27, "y": -11.73, "width": 209, "height": 93 },
			"boot_B2": { "x": 27.27, "y": -11.73, "width": 209, "height": 93 },
			"boot_C1": { "x": 27.27, "y": -11.73, "width": 209, "height": 93 },
			"boot_C2": { "x": 27.27, "y": -11.73, "width": 209, "height": 93 }
		},
		"boot_A5": {
			"boot_A1": { "x": 27.27, "y": -11.73, "width": 209, "height": 93 },
			"boot_A2": { "x": 27.27, "y": -11.73, "width": 209, "height": 93 },
			"boot_B1": { "x": 27.27, "y": -11.73, "width": 209, "height": 93 },
			"boot_B2": { "x": 27.27, "y": -11.73, "width": 209, "height": 93 },
			"boot_C1": { "x": 27.27, "y": -11.73, "width": 209, "height": 93 },
			"boot_C2": { "x": 27.27, "y": -11.73, "width": 209, "height": 93 }
		},
		"boot_A6": {
			"boot_A1": { "x": 27.27, "y": -11.73, "width": 209, "height": 93 },
			"boot_A2": { "x": 27.27, "y": -11.73, "width": 209, "height": 93 },
			"boot_B1": { "x": 27.27, "y": -11.73, "width": 209, "height": 93 },
			"boot_B2": { "x": 27.27, "y": -11.73, "width": 209, "height": 93 },
			"boot_C1": { "x": 27.27, "y": -11.73, "width": 209, "height": 93 },
			"boot_C2": { "x": 27.27, "y": -11.73, "width": 209, "height": 93 }
		},
		"boot_A7": {
			"boot_A1": { "x": 27.27, "y": -11.73, "width": 209, "height": 93 },
			"boot_A2": { "x": 27.27, "y": -11.73, "width": 209, "height": 93 },
			"boot_B1": { "x": 27.27, "y": -11.73, "width": 209, "height": 93 },
			"boot_B2": { "x": 27.27, "y": -11.73, "width": 209, "height": 93 },
			"boot_C1": { "x": 27.27, "y": -11.73, "width": 209, "height": 93 },
			"boot_C2": { "x": 27.27, "y": -11.73, "width": 209, "height": 93 }
		},
		"water1": {
			"water1": { "x": -36.62, "y": -7.98, "width": 209, "height": 93 },
			"water2": { "x": -36.62, "y": -7.98, "width": 209, "height": 93 },
			"water3": { "x": -36.62, "y": -7.98, "width": 209, "height": 93 },
			"water4": { "x": -36.62, "y": -7.98, "width": 209, "height": 93 }
		},
		"water2": {
			"water1": { "x": -36.99, "y": -8.72, "width": 209, "height": 93 },
			"water2": { "x": -36.99, "y": -8.72, "width": 209, "height": 93 },
			"water3": { "x": -36.99, "y": -8.72, "width": 209, "height": 93 },
			"water4": { "x": -36.99, "y": -8.72, "width": 209, "height": 93 }
		},
		"water3": {
			"water1": { "x": -36.25, "y": -7.61, "width": 209, "height": 93 },
			"water2": { "x": -36.25, "y": -7.61, "width": 209, "height": 93 },
			"water3": { "x": -36.25, "y": -7.61, "width": 209, "height": 93 },
			"water4": { "x": -36.25, "y": -7.61, "width": 209, "height": 93 }
		}
	}
},
"animations": {
	"close": {
		"slots": {
			"boot_A1": {
				"attachment": [
					{ "time": 0, "name": null }
				]
			},
			"boot_A2": {
				"attachment": [
					{ "time": 0, "name": null }
				]
			},
			"boot_A3": {
				"attachment": [
					{ "time": 0, "name": "boot_B1" },
					{ "time": 0.3333, "name": "boot_B2" },
					{ "time": 0.6666, "name": "boot_B1" },
					{ "time": 1, "name": "boot_B2" },
					{ "time": 1.3333, "name": "boot_B1" },
					{ "time": 1.6666, "name": "boot_B2" },
					{ "time": 2, "name": "boot_B1" },
					{ "time": 2.3333, "name": "boot_B2" },
					{ "time": 2.6666, "name": "boot_B1" },
					{ "time": 3, "name": "boot_B2" },
					{ "time": 3.3333, "name": "boot_B1" },
					{ "time": 3.6666, "name": "boot_B2" },
					{ "time": 4, "name": "boot_B1" },
					{ "time": 4.3333, "name": "boot_B2" },
					{ "time": 4.6666, "name": "boot_B1" },
					{ "time": 5, "name": "boot_B2" },
					{ "time": 5.3333, "name": "boot_B1" },
					{ "time": 5.6666, "name": "boot_B2" },
					{ "time": 6, "name": "boot_B1" },
					{ "time": 6.3333, "name": "boot_B2" },
					{ "time": 6.6666, "name": "boot_B1" },
					{ "time": 6.8333, "name": "boot_C1" },
					{ "time": 7, "name": "boot_C2" },
					{ "time": 7.1666, "name": "boot_A2" },
					{ "time": 7.3333, "name": "boot_A1" },
					{ "time": 7.6666, "name": "boot_B1" },
					{ "time": 8, "name": "boot_B1" },
					{ "time": 8.3333, "name": "boot_B2" },
					{ "time": 8.6666, "name": "boot_B1" },
					{ "time": 9, "name": "boot_B2" },
					{ "time": 9.3333, "name": "boot_B1" },
					{ "time": 9.6666, "name": "boot_B2" },
					{ "time": 10, "name": "boot_B1" },
					{ "time": 10.3333, "name": "boot_B2" },
					{ "time": 10.6666, "name": "boot_B1" },
					{ "time": 11, "name": "boot_B2" },
					{ "time": 11.3333, "name": "boot_B1" },
					{ "time": 11.6666, "name": "boot_B2" },
					{ "time": 12, "name": "boot_B1" },
					{ "time": 12.3333, "name": "boot_B2" },
					{ "time": 12.6666, "name": "boot_B1" },
					{ "time": 13, "name": "boot_B2" },
					{ "time": 13.3333, "name": "boot_B1" },
					{ "time": 13.6666, "name": "boot_B2" },
					{ "time": 14, "name": "boot_B1" },
					{ "time": 14.3333, "name": "boot_B2" },
					{ "time": 14.6666, "name": "boot_B1" },
					{ "time": 15, "name": "boot_B2" },
					{ "time": 15.3333, "name": "boot_B1" },
					{ "time": 15.5, "name": "boot_A1" },
					{ "time": 15.6666, "name": "boot_A2" },
					{ "time": 15.8333, "name": "boot_C1" },
					{ "time": 16, "name": "boot_C2" },
					{ "time": 16.3333, "name": "boot_B1" },
					{ "time": 16.6666, "name": "boot_B2" }
				]
			},
			"boot_A4": {
				"attachment": [
					{ "time": 0, "name": null }
				]
			},
			"boot_A5": {
				"attachment": [
					{ "time": 0, "name": null }
				]
			},
			"boot_A6": {
				"attachment": [
					{ "time": 0, "name": null }
				]
			},
			"boot_A7": {
				"attachment": [
					{ "time": 0, "name": null }
				]
			}
		},
		"bones": {
			"SB": {
				"rotate": [
					{ "time": 0, "angle": 0, "curve": "stepped" },
					{ "time": 13.3333, "angle": 0 }
				],
				"translate": [
					{ "time": 0, "x": 0, "y": 0, "curve": "stepped" },
					{ "time": 13.3333, "x": 0, "y": 0 }
				]
			},
			"DD2": {
				"rotate": [
					{ "time": 0, "angle": 0, "curve": "stepped" },
					{ "time": 16.6666, "angle": 0 }
				],
				"translate": [
					{ "time": 0, "x": 0, "y": 5.87 },
					{ "time": 3.3333, "x": 43.62, "y": 0 },
					{ "time": 6.6666, "x": 92.29, "y": 2.75 },
					{ "time": 7.6666, "x": 99.23, "y": 5.61 },
					{ "time": 11.3333, "x": 45.48, "y": 12.99 },
					{ "time": 15.3333, "x": 8.46, "y": 7.65 },
					{ "time": 16.6666, "x": 0, "y": 5.87 }
				],
				"scale": [
					{ "time": 7.1333, "x": 1, "y": 1 },
					{ "time": 7.1666, "x": -1, "y": 1, "curve": "stepped" },
					{ "time": 15.4666, "x": -1, "y": 1 },
					{ "time": 15.5, "x": 1, "y": 1 }
				]
			}
		}
	},
	"normal": {
		"slots": {
			"Y1": {
				"color": [
					{ "time": 0, "color": "ffffff00" },
					{ "time": 1.7, "color": "ffffff8b" },
					{ "time": 3.3666, "color": "ffffffff", "curve": "stepped" },
					{ "time": 30.0333, "color": "ffffffff" },
					{ "time": 31.6666, "color": "ffffff85" },
					{ "time": 33.3333, "color": "ffffff00" }
				],
				"attachment": [
					{ "time": 3.3666, "name": null },
					{ "time": 7.3666, "name": "Y1" },
					{ "time": 7.5333, "name": "Y2" },
					{ "time": 7.7, "name": "Y3" },
					{ "time": 7.8666, "name": "Y4" },
					{ "time": 8.0333, "name": "Y1" },
					{ "time": 8.2, "name": "Y2" },
					{ "time": 8.3666, "name": "Y3" },
					{ "time": 8.5333, "name": "Y4" },
					{ "time": 8.7, "name": "Y1" },
					{ "time": 8.8666, "name": "Y2" },
					{ "time": 9.0333, "name": "Y3" },
					{ "time": 9.2, "name": "Y4" },
					{ "time": 9.3666, "name": null }
				]
			},
			"Y2": {
				"color": [
					{ "time": 0, "color": "ffffff00" },
					{ "time": 1.7, "color": "ffffff8b" },
					{ "time": 3.3666, "color": "ffffffff", "curve": "stepped" },
					{ "time": 30.0333, "color": "ffffffff" },
					{ "time": 31.6666, "color": "ffffff85" },
					{ "time": 33.3333, "color": "ffffff00" }
				],
				"attachment": [
					{ "time": 11.3666, "name": "Y1" },
					{ "time": 11.7, "name": "Y2" },
					{ "time": 12.0333, "name": "Y3" },
					{ "time": 12.3666, "name": "Y4" },
					{ "time": 12.7, "name": "Y1" },
					{ "time": 13.0333, "name": "Y2" },
					{ "time": 13.3666, "name": "Y3" },
					{ "time": 13.7, "name": "Y4" },
					{ "time": 14.0333, "name": "Y1" },
					{ "time": 14.3666, "name": "Y2" },
					{ "time": 14.7, "name": "Y3" },
					{ "time": 15.0333, "name": "Y4" },
					{ "time": 15.3666, "name": null }
				]
			},
			"Y3": {
				"color": [
					{ "time": 0, "color": "ffffff00" },
					{ "time": 1.7, "color": "ffffff8b" },
					{ "time": 3.3666, "color": "ffffffff", "curve": "stepped" },
					{ "time": 30.0333, "color": "ffffffff" },
					{ "time": 31.6666, "color": "ffffff85" },
					{ "time": 33.3333, "color": "ffffff00" }
				],
				"attachment": [
					{ "time": 5.7, "name": "Y1" },
					{ "time": 6.0333, "name": "Y2" },
					{ "time": 6.3666, "name": "Y3" },
					{ "time": 6.7, "name": "Y4" },
					{ "time": 7.0333, "name": "Y1" },
					{ "time": 7.3666, "name": "Y2" },
					{ "time": 7.7, "name": "Y3" },
					{ "time": 8.0333, "name": "Y4" },
					{ "time": 8.3666, "name": "Y1" },
					{ "time": 8.7, "name": "Y2" },
					{ "time": 9.0333, "name": "Y3" },
					{ "time": 9.3666, "name": "Y4" },
					{ "time": 9.7, "name": null },
					{ "time": 11.3666, "name": "Y1" },
					{ "time": 11.7, "name": "Y2" },
					{ "time": 12.0333, "name": "Y3" },
					{ "time": 12.3666, "name": "Y4" },
					{ "time": 12.7, "name": "Y1" },
					{ "time": 13.0333, "name": "Y2" },
					{ "time": 13.3666, "name": "Y3" },
					{ "time": 13.7, "name": "Y4" },
					{ "time": 14.0333, "name": "Y1" },
					{ "time": 14.3666, "name": "Y2" },
					{ "time": 14.7, "name": "Y3" },
					{ "time": 15.0333, "name": "Y4" },
					{ "time": 15.3666, "name": null }
				]
			},
			"Y4": {
				"color": [
					{ "time": 0, "color": "ffffff00" },
					{ "time": 1.7, "color": "ffffff8b" },
					{ "time": 3.3666, "color": "ffffffff", "curve": "stepped" },
					{ "time": 30.0333, "color": "ffffffff" },
					{ "time": 31.6666, "color": "ffffff85" },
					{ "time": 33.3333, "color": "ffffff00" }
				],
				"attachment": [
					{ "time": 15.3666, "name": "Y1" },
					{ "time": 15.7, "name": "Y2" },
					{ "time": 16.0333, "name": "Y3" },
					{ "time": 16.3666, "name": "Y4" },
					{ "time": 16.7, "name": "Y1" },
					{ "time": 17.0333, "name": "Y2" },
					{ "time": 17.3666, "name": "Y3" },
					{ "time": 17.7, "name": "Y4" },
					{ "time": 18.0333, "name": "Y1" },
					{ "time": 18.3666, "name": "Y2" },
					{ "time": 18.7, "name": "Y3" },
					{ "time": 19.0333, "name": "Y4" },
					{ "time": 19.3666, "name": null }
				]
			},
			"boot_A1": {
				"color": [
					{ "time": 0, "color": "ffffff00" },
					{ "time": 1.7, "color": "ffffff8b" },
					{ "time": 3.3666, "color": "ffffffff", "curve": "stepped" },
					{ "time": 30.0333, "color": "ffffffff" },
					{ "time": 31.6666, "color": "ffffff85" },
					{ "time": 33.3333, "color": "ffffff00" }
				],
				"attachment": [
					{ "time": 3.3666, "name": "boot_B1" },
					{ "time": 3.7, "name": "boot_B2" },
					{ "time": 4.0333, "name": "boot_B1" },
					{ "time": 4.3666, "name": "boot_B2" },
					{ "time": 4.7, "name": "boot_B1" },
					{ "time": 5.0333, "name": "boot_B2" },
					{ "time": 5.3666, "name": "boot_B1" },
					{ "time": 5.7, "name": "boot_B2" },
					{ "time": 6.0333, "name": "boot_B1" },
					{ "time": 6.3666, "name": "boot_B2" },
					{ "time": 6.7, "name": "boot_B1" },
					{ "time": 7.0333, "name": "boot_B2" },
					{ "time": 7.3666, "name": "boot_B1" },
					{ "time": 7.7, "name": "boot_B2" },
					{ "time": 8.0333, "name": "boot_B1" },
					{ "time": 8.3666, "name": "boot_B2" },
					{ "time": 8.7, "name": "boot_B1" },
					{ "time": 9.0333, "name": "boot_B2" },
					{ "time": 9.3666, "name": "boot_B1" },
					{ "time": 9.7, "name": "boot_B2" },
					{ "time": 10.0333, "name": "boot_B1" },
					{ "time": 10.3666, "name": "boot_B2" },
					{ "time": 10.7, "name": "boot_B1" },
					{ "time": 11.0333, "name": "boot_B2" },
					{ "time": 11.3666, "name": "boot_B1" },
					{ "time": 11.7, "name": "boot_B2" },
					{ "time": 12.0333, "name": "boot_B1" },
					{ "time": 12.3666, "name": "boot_C1" },
					{ "time": 12.7, "name": "boot_C2" },
					{ "time": 13.0333, "name": "boot_A1" },
					{ "time": 13.3666, "name": "boot_A2" },
					{ "time": 13.7, "name": "boot_B1" },
					{ "time": 14.0333, "name": "boot_B2" },
					{ "time": 14.3666, "name": "boot_B1" },
					{ "time": 14.7, "name": "boot_B2" },
					{ "time": 15.0333, "name": "boot_B1" },
					{ "time": 15.3666, "name": "boot_B2" },
					{ "time": 15.7, "name": "boot_B1" },
					{ "time": 16.0333, "name": "boot_B2" },
					{ "time": 16.3666, "name": "boot_B1" },
					{ "time": 16.7, "name": "boot_B2" },
					{ "time": 17.0333, "name": "boot_B1" },
					{ "time": 17.3666, "name": "boot_B2" },
					{ "time": 17.7, "name": "boot_B1" },
					{ "time": 18.0333, "name": "boot_B2" },
					{ "time": 18.3666, "name": "boot_B1" },
					{ "time": 18.7, "name": "boot_B2" },
					{ "time": 19.0333, "name": "boot_B1" },
					{ "time": 19.3666, "name": "boot_B2" },
					{ "time": 19.7, "name": "boot_B1" },
					{ "time": 33.3333, "name": "boot_B1" }
				]
			},
			"boot_A2": {
				"color": [
					{ "time": 0, "color": "ffffff00" },
					{ "time": 1.7, "color": "ffffff8b" },
					{ "time": 3.3666, "color": "ffffffff", "curve": "stepped" },
					{ "time": 30.0333, "color": "ffffffff" },
					{ "time": 31.6666, "color": "ffffff85" },
					{ "time": 33.3333, "color": "ffffff00" }
				],
				"attachment": [
					{ "time": 3.3666, "name": "boot_B1" },
					{ "time": 3.7, "name": "boot_B2" },
					{ "time": 4.0333, "name": "boot_B1" },
					{ "time": 4.3666, "name": "boot_B2" },
					{ "time": 4.7, "name": "boot_B1" },
					{ "time": 5.0333, "name": "boot_B2" },
					{ "time": 5.3666, "name": "boot_B1" },
					{ "time": 5.7, "name": "boot_B2" },
					{ "time": 6.0333, "name": "boot_B1" },
					{ "time": 6.3666, "name": "boot_B2" },
					{ "time": 6.7, "name": "boot_B1" },
					{ "time": 7.0333, "name": "boot_B2" },
					{ "time": 7.3666, "name": "boot_B1" },
					{ "time": 7.7, "name": "boot_B2" },
					{ "time": 8.0333, "name": "boot_B1" },
					{ "time": 8.3666, "name": "boot_B2" },
					{ "time": 8.7, "name": "boot_B1" },
					{ "time": 9.0333, "name": "boot_B2" },
					{ "time": 9.3666, "name": "boot_B1" },
					{ "time": 9.7, "name": "boot_B2" },
					{ "time": 10.0333, "name": "boot_B1" },
					{ "time": 10.3666, "name": "boot_B2" },
					{ "time": 10.7, "name": "boot_B1" },
					{ "time": 11.0333, "name": "boot_B2" },
					{ "time": 11.3666, "name": "boot_B1" },
					{ "time": 11.7, "name": "boot_B2" },
					{ "time": 12.0333, "name": "boot_B1" },
					{ "time": 12.3666, "name": "boot_B2" },
					{ "time": 12.7, "name": "boot_B1" },
					{ "time": 13.0333, "name": "boot_C1" },
					{ "time": 13.3666, "name": "boot_C2" },
					{ "time": 13.7, "name": "boot_A1" },
					{ "time": 14.0333, "name": "boot_A2" },
					{ "time": 14.3666, "name": "boot_B1" },
					{ "time": 14.7, "name": "boot_B2" },
					{ "time": 15.0333, "name": "boot_B1" },
					{ "time": 15.1333, "name": "boot_B1" },
					{ "time": 15.3666, "name": "boot_B2" },
					{ "time": 15.7, "name": "boot_B1" },
					{ "time": 16.0333, "name": "boot_B2" },
					{ "time": 16.3666, "name": "boot_B1" },
					{ "time": 16.7, "name": "boot_B2" },
					{ "time": 17.0333, "name": "boot_B1" },
					{ "time": 17.3666, "name": "boot_B2" },
					{ "time": 17.7, "name": "boot_B1" },
					{ "time": 18.0333, "name": "boot_B2" },
					{ "time": 18.3666, "name": "boot_B1" },
					{ "time": 18.6666, "name": "boot_B1" },
					{ "time": 18.7, "name": "boot_B2" },
					{ "time": 19.0333, "name": "boot_B1" },
					{ "time": 19.3666, "name": "boot_B2" },
					{ "time": 19.7, "name": "boot_B1" },
					{ "time": 33.3333, "name": "boot_B1" }
				]
			},
			"boot_A3": {
				"color": [
					{ "time": 0, "color": "ffffff00" },
					{ "time": 1.7, "color": "ffffff8b" },
					{ "time": 3.3666, "color": "ffffffff", "curve": "stepped" },
					{ "time": 30.0333, "color": "ffffffff" },
					{ "time": 31.6666, "color": "ffffff85" },
					{ "time": 33.3333, "color": "ffffff00" }
				],
				"attachment": [
					{ "time": 0, "name": null },
					{ "time": 16.6666, "name": "boot_B1" },
					{ "time": 16.8333, "name": "boot_B2" },
					{ "time": 17, "name": "boot_B1" },
					{ "time": 17.1666, "name": "boot_B2" },
					{ "time": 17.3333, "name": "boot_B1" },
					{ "time": 17.5, "name": "boot_B2" },
					{ "time": 17.6666, "name": "boot_B1" },
					{ "time": 17.8333, "name": "boot_B2" },
					{ "time": 18, "name": "boot_B1" },
					{ "time": 18.1666, "name": "boot_B2" },
					{ "time": 18.3333, "name": "boot_B1" },
					{ "time": 18.5, "name": "boot_B2" },
					{ "time": 18.6666, "name": "boot_B1" },
					{ "time": 18.8333, "name": "boot_B2" },
					{ "time": 19, "name": "boot_B1" },
					{ "time": 19.1666, "name": "boot_B2" },
					{ "time": 19.3333, "name": "boot_B1" },
					{ "time": 19.5, "name": "boot_B2" },
					{ "time": 19.6666, "name": "boot_B1" },
					{ "time": 19.8333, "name": "boot_B2" },
					{ "time": 20, "name": "boot_B1" },
					{ "time": 20.1666, "name": "boot_B2" },
					{ "time": 20.3333, "name": "boot_B1" },
					{ "time": 20.5, "name": "boot_B2" },
					{ "time": 20.6666, "name": "boot_B1" },
					{ "time": 20.8333, "name": "boot_B2" },
					{ "time": 21, "name": "boot_B1" },
					{ "time": 21.1666, "name": "boot_B2" },
					{ "time": 21.3333, "name": "boot_B1" },
					{ "time": 21.5, "name": "boot_B2" },
					{ "time": 21.6666, "name": "boot_B1" },
					{ "time": 21.8333, "name": "boot_B2" },
					{ "time": 22, "name": "boot_B1" },
					{ "time": 22.1666, "name": "boot_B2" },
					{ "time": 22.3333, "name": "boot_B1" },
					{ "time": 22.5, "name": "boot_B2" },
					{ "time": 22.6666, "name": "boot_B1" },
					{ "time": 22.8333, "name": "boot_B2" },
					{ "time": 23, "name": "boot_B1" },
					{ "time": 23.1666, "name": "boot_B2" },
					{ "time": 23.3333, "name": "boot_B1" },
					{ "time": 23.5, "name": "boot_B2" },
					{ "time": 23.6666, "name": "boot_B1" },
					{ "time": 23.8333, "name": "boot_B2" },
					{ "time": 24, "name": "boot_B1" },
					{ "time": 24.1666, "name": "boot_B2" },
					{ "time": 24.3333, "name": "boot_B1" },
					{ "time": 24.5, "name": "boot_B2" },
					{ "time": 24.6666, "name": "boot_B1" },
					{ "time": 24.8333, "name": "boot_B2" },
					{ "time": 25, "name": "boot_B1" },
					{ "time": 25.1666, "name": "boot_B2" },
					{ "time": 25.3333, "name": "boot_B1" },
					{ "time": 25.5, "name": "boot_B2" },
					{ "time": 25.6666, "name": "boot_B1" },
					{ "time": 25.8333, "name": "boot_B2" },
					{ "time": 26, "name": "boot_B1" },
					{ "time": 26.1666, "name": "boot_B2" },
					{ "time": 26.3333, "name": "boot_B1" },
					{ "time": 26.5, "name": "boot_B2" },
					{ "time": 26.6666, "name": "boot_B1" },
					{ "time": 26.8333, "name": "boot_B2" },
					{ "time": 27, "name": "boot_B1" },
					{ "time": 27.1666, "name": "boot_B2" },
					{ "time": 27.3333, "name": "boot_B1" },
					{ "time": 27.5, "name": "boot_B2" },
					{ "time": 27.6666, "name": "boot_B1" },
					{ "time": 27.8333, "name": "boot_B2" },
					{ "time": 28, "name": "boot_B1" },
					{ "time": 28.1666, "name": "boot_B2" },
					{ "time": 28.3333, "name": "boot_B1" },
					{ "time": 28.5, "name": "boot_B2" },
					{ "time": 28.6666, "name": "boot_B1" },
					{ "time": 28.8333, "name": "boot_B2" },
					{ "time": 29, "name": "boot_B1" },
					{ "time": 29.1666, "name": "boot_B2" },
					{ "time": 29.3333, "name": "boot_B1" },
					{ "time": 29.5, "name": "boot_B2" },
					{ "time": 29.6666, "name": "boot_B1" },
					{ "time": 29.8333, "name": "boot_B2" },
					{ "time": 30, "name": "boot_B1" },
					{ "time": 30.1666, "name": "boot_B2" },
					{ "time": 30.3333, "name": "boot_B1" },
					{ "time": 30.5, "name": "boot_B2" },
					{ "time": 30.6666, "name": "boot_B1" },
					{ "time": 30.8333, "name": "boot_B2" },
					{ "time": 31, "name": "boot_B1" },
					{ "time": 31.1666, "name": "boot_B2" },
					{ "time": 31.3333, "name": "boot_B1" },
					{ "time": 31.5, "name": "boot_B2" },
					{ "time": 31.6666, "name": "boot_B1" },
					{ "time": 31.8333, "name": "boot_B2" },
					{ "time": 32, "name": "boot_B1" },
					{ "time": 32.1666, "name": "boot_B2" },
					{ "time": 32.3333, "name": "boot_B1" },
					{ "time": 32.5, "name": "boot_B2" },
					{ "time": 32.6666, "name": "boot_B1" },
					{ "time": 32.8333, "name": "boot_B2" },
					{ "time": 33, "name": "boot_B1" },
					{ "time": 33.1666, "name": "boot_B2" },
					{ "time": 33.3333, "name": "boot_B1" }
				]
			},
			"boot_A4": {
				"color": [
					{ "time": 0, "color": "ffffff00" },
					{ "time": 1.7, "color": "ffffff8b" },
					{ "time": 3.3666, "color": "ffffffff", "curve": "stepped" },
					{ "time": 30.0333, "color": "ffffffff" },
					{ "time": 31.6666, "color": "ffffff85" },
					{ "time": 33.3333, "color": "ffffff00" }
				],
				"attachment": [
					{ "time": 3.3666, "name": "boot_B1" },
					{ "time": 3.7, "name": "boot_B2" },
					{ "time": 4.0333, "name": "boot_B1" },
					{ "time": 4.3666, "name": "boot_B2" },
					{ "time": 4.7, "name": "boot_B1" },
					{ "time": 5.0333, "name": "boot_B2" },
					{ "time": 5.3666, "name": "boot_B1" },
					{ "time": 5.7, "name": "boot_B2" },
					{ "time": 6.0333, "name": "boot_B1" },
					{ "time": 6.3666, "name": "boot_B2" },
					{ "time": 6.7, "name": "boot_B1" },
					{ "time": 7.0333, "name": "boot_B2" },
					{ "time": 7.3666, "name": "boot_B1" },
					{ "time": 7.7, "name": "boot_B2" },
					{ "time": 8.0333, "name": "boot_B1" },
					{ "time": 8.3666, "name": "boot_B2" },
					{ "time": 8.7, "name": "boot_B1" },
					{ "time": 9.0333, "name": "boot_B2" },
					{ "time": 9.3666, "name": "boot_B1" },
					{ "time": 9.7, "name": "boot_B2" },
					{ "time": 10.0333, "name": "boot_A1" },
					{ "time": 10.3666, "name": "boot_A2" },
					{ "time": 10.7, "name": "boot_C1" },
					{ "time": 11.0333, "name": "boot_C2" },
					{ "time": 11.3666, "name": "boot_B1" },
					{ "time": 11.7, "name": "boot_B2" },
					{ "time": 12.0333, "name": "boot_B1" },
					{ "time": 12.3666, "name": "boot_B2" },
					{ "time": 12.7, "name": "boot_B1" },
					{ "time": 13.0333, "name": "boot_B2" },
					{ "time": 13.3666, "name": "boot_B1" },
					{ "time": 13.7, "name": "boot_B2" },
					{ "time": 14.0333, "name": "boot_B1" },
					{ "time": 14.3666, "name": "boot_B2" },
					{ "time": 14.7, "name": "boot_B1" },
					{ "time": 15.0333, "name": "boot_B2" },
					{ "time": 15.1333, "name": "boot_B2" },
					{ "time": 15.3666, "name": "boot_B1" },
					{ "time": 15.7, "name": "boot_B2" },
					{ "time": 16.0333, "name": "boot_B1" },
					{ "time": 16.3666, "name": "boot_B2" },
					{ "time": 16.7, "name": "boot_B1" },
					{ "time": 17.0333, "name": "boot_B2" },
					{ "time": 17.3666, "name": "boot_B1" },
					{ "time": 17.7, "name": "boot_B2" },
					{ "time": 18.0333, "name": "boot_B1" },
					{ "time": 18.3666, "name": "boot_B2" },
					{ "time": 18.6666, "name": "boot_B2" },
					{ "time": 18.7, "name": "boot_B1" },
					{ "time": 19.0333, "name": "boot_B2" },
					{ "time": 19.3666, "name": "boot_B1" },
					{ "time": 19.7, "name": "boot_B2" },
					{ "time": 20, "name": "boot_B2" },
					{ "time": 20.3333, "name": "boot_B1" },
					{ "time": 20.6666, "name": "boot_B2" },
					{ "time": 21, "name": "boot_B1" },
					{ "time": 21.3333, "name": "boot_B2" },
					{ "time": 21.6666, "name": "boot_B1" },
					{ "time": 22, "name": "boot_B2" },
					{ "time": 22.3333, "name": "boot_B1" },
					{ "time": 22.6666, "name": "boot_B2" },
					{ "time": 23, "name": "boot_B1" },
					{ "time": 23.3333, "name": "boot_B2" },
					{ "time": 23.5666, "name": "boot_B2" },
					{ "time": 23.9, "name": "boot_B1" },
					{ "time": 24.2333, "name": "boot_B2" },
					{ "time": 24.5666, "name": "boot_B1" },
					{ "time": 24.7666, "name": "boot_B1" },
					{ "time": 24.9, "name": "boot_B2" },
					{ "time": 25.2333, "name": "boot_B1" },
					{ "time": 25.5666, "name": "boot_B2" },
					{ "time": 25.9, "name": "boot_B1" },
					{ "time": 26.2333, "name": "boot_B2" },
					{ "time": 26.5666, "name": "boot_B1" },
					{ "time": 26.9, "name": "boot_B2" },
					{ "time": 27.1333, "name": "boot_B2" },
					{ "time": 27.4666, "name": "boot_B1" },
					{ "time": 27.8, "name": "boot_B2" },
					{ "time": 28.1333, "name": "boot_B1" },
					{ "time": 28.4666, "name": "boot_B2" },
					{ "time": 28.8, "name": "boot_B1" },
					{ "time": 29.1333, "name": "boot_B2" },
					{ "time": 29.4666, "name": "boot_B1" },
					{ "time": 29.8, "name": "boot_B2" },
					{ "time": 30.1333, "name": "boot_B1" },
					{ "time": 30.4666, "name": "boot_B2" },
					{ "time": 30.7666, "name": "boot_B2" },
					{ "time": 31.1, "name": "boot_B1" },
					{ "time": 31.4333, "name": "boot_B2" },
					{ "time": 31.4666, "name": "boot_B2" },
					{ "time": 31.7666, "name": "boot_B1" },
					{ "time": 31.9666, "name": "boot_B1" },
					{ "time": 32.1, "name": "boot_B2" },
					{ "time": 32.4333, "name": "boot_B1" },
					{ "time": 32.7666, "name": "boot_B2" },
					{ "time": 33.1, "name": "boot_B1" },
					{ "time": 33.3333, "name": "boot_B1" }
				]
			},
			"boot_A5": {
				"color": [
					{ "time": 0, "color": "ffffff00" },
					{ "time": 1.7, "color": "ffffff8b" },
					{ "time": 3.3666, "color": "ffffffff", "curve": "stepped" },
					{ "time": 30.0333, "color": "ffffffff" },
					{ "time": 31.6666, "color": "ffffff85" },
					{ "time": 33.3333, "color": "ffffff00" }
				],
				"attachment": [
					{ "time": 3.3666, "name": "boot_B1" },
					{ "time": 3.7, "name": "boot_B2" },
					{ "time": 4.0333, "name": "boot_B1" },
					{ "time": 4.3666, "name": "boot_B2" },
					{ "time": 4.7, "name": "boot_B1" },
					{ "time": 5.0333, "name": "boot_B2" },
					{ "time": 5.3666, "name": "boot_B1" },
					{ "time": 5.7, "name": "boot_B2" },
					{ "time": 6.0333, "name": "boot_B1" },
					{ "time": 6.3666, "name": "boot_B2" },
					{ "time": 6.7, "name": "boot_B1" },
					{ "time": 7.0333, "name": "boot_B2" },
					{ "time": 7.3666, "name": "boot_B1" },
					{ "time": 7.7, "name": "boot_B2" },
					{ "time": 8.0333, "name": "boot_B1" },
					{ "time": 8.3666, "name": "boot_B2" },
					{ "time": 8.7, "name": "boot_B1" },
					{ "time": 9.0333, "name": "boot_B2" },
					{ "time": 9.3666, "name": "boot_B1" },
					{ "time": 9.7, "name": "boot_B2" },
					{ "time": 10.0333, "name": "boot_B1" },
					{ "time": 10.3666, "name": "boot_B2" },
					{ "time": 10.7, "name": "boot_B1" },
					{ "time": 11.0333, "name": "boot_B2" },
					{ "time": 11.3666, "name": "boot_B1" },
					{ "time": 11.7, "name": "boot_B2" },
					{ "time": 12, "name": "boot_B1" },
					{ "time": 12.3333, "name": "boot_B2" },
					{ "time": 12.7, "name": "boot_A1" },
					{ "time": 13.0333, "name": "boot_A2" },
					{ "time": 13.3666, "name": "boot_C1" },
					{ "time": 13.7, "name": "boot_C2" },
					{ "time": 14.0333, "name": "boot_B1" },
					{ "time": 14.3666, "name": "boot_B2" },
					{ "time": 14.7, "name": "boot_B1" },
					{ "time": 15.0333, "name": "boot_B2" },
					{ "time": 15.1333, "name": "boot_B2" },
					{ "time": 15.3666, "name": "boot_B1" },
					{ "time": 15.7, "name": "boot_B2" },
					{ "time": 16.0333, "name": "boot_B1" },
					{ "time": 16.3666, "name": "boot_B2" },
					{ "time": 16.7, "name": "boot_B1" },
					{ "time": 17.0333, "name": "boot_B2" },
					{ "time": 17.3666, "name": "boot_B1" },
					{ "time": 17.7, "name": "boot_B2" },
					{ "time": 18.0333, "name": "boot_B1" },
					{ "time": 18.3666, "name": "boot_B2" },
					{ "time": 18.6666, "name": "boot_B2" },
					{ "time": 18.7, "name": "boot_B1" },
					{ "time": 19.0333, "name": "boot_B2" },
					{ "time": 19.3666, "name": "boot_B1" },
					{ "time": 19.7, "name": "boot_B2" },
					{ "time": 20.1666, "name": "boot_B1" },
					{ "time": 20.5, "name": "boot_B2" },
					{ "time": 20.8333, "name": "boot_B1" },
					{ "time": 21.1666, "name": "boot_B2" },
					{ "time": 21.5, "name": "boot_B1" },
					{ "time": 21.8333, "name": "boot_B2" },
					{ "time": 22.1666, "name": "boot_B1" },
					{ "time": 22.5, "name": "boot_B2" },
					{ "time": 22.5666, "name": "boot_B2" },
					{ "time": 22.6333, "name": "boot_B2" },
					{ "time": 22.8333, "name": "boot_B1" },
					{ "time": 23.1666, "name": "boot_B2" },
					{ "time": 23.6666, "name": "boot_B1" },
					{ "time": 24, "name": "boot_B2" },
					{ "time": 24.3333, "name": "boot_B1" },
					{ "time": 24.6666, "name": "boot_B2" },
					{ "time": 25, "name": "boot_B1" },
					{ "time": 25.3333, "name": "boot_B2" },
					{ "time": 25.5666, "name": "boot_B2" },
					{ "time": 25.6666, "name": "boot_B1" },
					{ "time": 26, "name": "boot_B2" },
					{ "time": 26.3333, "name": "boot_B1" },
					{ "time": 26.6666, "name": "boot_B2" },
					{ "time": 27.1333, "name": "boot_B1" },
					{ "time": 27.4666, "name": "boot_B2" },
					{ "time": 27.8, "name": "boot_B1" },
					{ "time": 28.1333, "name": "boot_B2" },
					{ "time": 28.4666, "name": "boot_B1" },
					{ "time": 28.8, "name": "boot_B2" },
					{ "time": 29.1333, "name": "boot_B1" },
					{ "time": 29.4666, "name": "boot_B2" },
					{ "time": 29.8, "name": "boot_B1" },
					{ "time": 30.1333, "name": "boot_B2" },
					{ "time": 30.6, "name": "boot_B1" },
					{ "time": 30.9333, "name": "boot_B2" },
					{ "time": 31.2666, "name": "boot_B1" },
					{ "time": 31.4666, "name": "boot_B1" },
					{ "time": 31.6, "name": "boot_B2" },
					{ "time": 31.9333, "name": "boot_B1" },
					{ "time": 32.2666, "name": "boot_B2" },
					{ "time": 32.6, "name": "boot_B1" },
					{ "time": 32.9333, "name": "boot_B2" },
					{ "time": 33.2666, "name": "boot_B1" },
					{ "time": 33.3333, "name": "boot_B1" }
				]
			},
			"boot_A6": {
				"color": [
					{ "time": 0, "color": "ffffff00" },
					{ "time": 1.7, "color": "ffffff8b" },
					{ "time": 3.3666, "color": "ffffffff", "curve": "stepped" },
					{ "time": 30.0333, "color": "ffffffff" },
					{ "time": 31.6666, "color": "ffffff85" },
					{ "time": 33.3333, "color": "ffffff00" }
				],
				"attachment": [
					{ "time": 3.3666, "name": "boot_B1" },
					{ "time": 3.7, "name": "boot_B2" },
					{ "time": 4.0333, "name": "boot_B1" },
					{ "time": 4.3666, "name": "boot_B2" },
					{ "time": 4.7, "name": "boot_B1" },
					{ "time": 5.0333, "name": "boot_B2" },
					{ "time": 5.3666, "name": "boot_B1" },
					{ "time": 5.7, "name": "boot_B2" },
					{ "time": 6.0333, "name": "boot_B1" },
					{ "time": 6.3666, "name": "boot_B2" },
					{ "time": 6.7, "name": "boot_B1" },
					{ "time": 7.0333, "name": "boot_B2" },
					{ "time": 7.3666, "name": "boot_B1" },
					{ "time": 7.7, "name": "boot_B2" },
					{ "time": 8.0333, "name": "boot_B1" },
					{ "time": 8.3666, "name": "boot_B2" },
					{ "time": 8.7, "name": "boot_B1" },
					{ "time": 9.0333, "name": "boot_B2" },
					{ "time": 9.3666, "name": "boot_B1" },
					{ "time": 9.7, "name": "boot_B2" },
					{ "time": 10.0333, "name": "boot_B1" },
					{ "time": 10.3666, "name": "boot_B2" },
					{ "time": 10.7, "name": "boot_B1" },
					{ "time": 11.0333, "name": "boot_B2" },
					{ "time": 11.3666, "name": "boot_B1" },
					{ "time": 11.7, "name": "boot_B2" },
					{ "time": 12.0666, "name": "boot_B1" },
					{ "time": 12.4, "name": "boot_B2" },
					{ "time": 12.7, "name": "boot_B1" },
					{ "time": 13.0333, "name": "boot_B2" },
					{ "time": 13.3666, "name": "boot_B1" },
					{ "time": 13.7, "name": "boot_B2" },
					{ "time": 14, "name": "boot_B1" },
					{ "time": 14.3333, "name": "boot_B1" },
					{ "time": 14.6666, "name": "boot_A1" },
					{ "time": 15, "name": "boot_A2" },
					{ "time": 15.3333, "name": "boot_C1" },
					{ "time": 15.6666, "name": "boot_C2" },
					{ "time": 16, "name": "boot_B2" },
					{ "time": 16.3, "name": "boot_B1" },
					{ "time": 16.6666, "name": "boot_B2" },
					{ "time": 17.1333, "name": "boot_B1" },
					{ "time": 17.5666, "name": "boot_B2" },
					{ "time": 18, "name": "boot_B1" },
					{ "time": 18.0333, "name": "boot_B1" },
					{ "time": 18.3666, "name": "boot_B2" },
					{ "time": 18.6666, "name": "boot_B2" },
					{ "time": 18.7, "name": "boot_B1" },
					{ "time": 19.0333, "name": "boot_B2" },
					{ "time": 19.3333, "name": "boot_B1" },
					{ "time": 19.6666, "name": "boot_B2" },
					{ "time": 20, "name": "boot_B1" },
					{ "time": 20.3333, "name": "boot_B2" },
					{ "time": 20.6666, "name": "boot_B1" },
					{ "time": 21, "name": "boot_B2" },
					{ "time": 21.3333, "name": "boot_B1" },
					{ "time": 21.6666, "name": "boot_B2" },
					{ "time": 22, "name": "boot_B1" },
					{ "time": 22.3333, "name": "boot_B2" },
					{ "time": 22.6666, "name": "boot_B1" },
					{ "time": 23, "name": "boot_B2" },
					{ "time": 23.3333, "name": "boot_B1" },
					{ "time": 23.6666, "name": "boot_B2" },
					{ "time": 24, "name": "boot_B1" },
					{ "time": 24.3333, "name": "boot_B2" },
					{ "time": 24.6666, "name": "boot_B1" },
					{ "time": 25, "name": "boot_B2" },
					{ "time": 25.3333, "name": "boot_B1" },
					{ "time": 25.6666, "name": "boot_B2" },
					{ "time": 26, "name": "boot_B1" },
					{ "time": 26.3333, "name": "boot_B2" },
					{ "time": 26.6666, "name": "boot_B1" },
					{ "time": 27, "name": "boot_B2" },
					{ "time": 27.3333, "name": "boot_B1" },
					{ "time": 27.6666, "name": "boot_B2" },
					{ "time": 28, "name": "boot_B1" },
					{ "time": 28.3333, "name": "boot_B2" },
					{ "time": 28.6666, "name": "boot_B1" },
					{ "time": 29, "name": "boot_B2" },
					{ "time": 29.3333, "name": "boot_B1" },
					{ "time": 29.6666, "name": "boot_B2" },
					{ "time": 30, "name": "boot_B1" },
					{ "time": 30.3333, "name": "boot_B2" },
					{ "time": 30.6666, "name": "boot_B1" },
					{ "time": 31, "name": "boot_B2" },
					{ "time": 31.3333, "name": "boot_B1" },
					{ "time": 31.6666, "name": "boot_B2" },
					{ "time": 32, "name": "boot_B1" },
					{ "time": 32.3333, "name": "boot_B2" },
					{ "time": 32.6666, "name": "boot_B1" },
					{ "time": 33, "name": "boot_B2" },
					{ "time": 33.3333, "name": "boot_B1" }
				]
			},
			"boot_A7": {
				"color": [
					{ "time": 0, "color": "ffffff00" },
					{ "time": 1.7, "color": "ffffff8b" },
					{ "time": 3.3666, "color": "ffffffff", "curve": "stepped" },
					{ "time": 30.0333, "color": "ffffffff" },
					{ "time": 31.6666, "color": "ffffff85" },
					{ "time": 33.3333, "color": "ffffff00" }
				],
				"attachment": [
					{ "time": 3.3666, "name": "boot_B1" },
					{ "time": 3.7, "name": "boot_B2" },
					{ "time": 4.0333, "name": "boot_B1" },
					{ "time": 4.3666, "name": "boot_B2" },
					{ "time": 4.7, "name": "boot_B1" },
					{ "time": 5.0333, "name": "boot_B2" },
					{ "time": 5.3666, "name": "boot_B1" },
					{ "time": 5.7, "name": "boot_B2" },
					{ "time": 6.0333, "name": "boot_B1" },
					{ "time": 6.3666, "name": "boot_B2" },
					{ "time": 6.7, "name": "boot_B1" },
					{ "time": 7.0333, "name": "boot_B2" },
					{ "time": 7.3666, "name": "boot_B1" },
					{ "time": 7.7, "name": "boot_B2" },
					{ "time": 8.0333, "name": "boot_B1" },
					{ "time": 8.3666, "name": "boot_B2" },
					{ "time": 8.7, "name": "boot_B1" },
					{ "time": 9.0333, "name": "boot_B2" },
					{ "time": 9.3666, "name": "boot_B1" },
					{ "time": 9.7, "name": "boot_B2" },
					{ "time": 10.0333, "name": "boot_B1" },
					{ "time": 10.3666, "name": "boot_B2" },
					{ "time": 10.7, "name": "boot_B1" },
					{ "time": 11.0333, "name": "boot_B2" },
					{ "time": 11.3666, "name": "boot_B1" },
					{ "time": 11.7, "name": "boot_B2" },
					{ "time": 12.0333, "name": "boot_B1" },
					{ "time": 12.3666, "name": "boot_B2" },
					{ "time": 12.6666, "name": "boot_B1" },
					{ "time": 13, "name": "boot_B2" },
					{ "time": 13.3333, "name": "boot_B1" },
					{ "time": 13.6666, "name": "boot_B2" },
					{ "time": 14.0333, "name": "boot_B1" },
					{ "time": 14.4, "name": "boot_B2" },
					{ "time": 14.7333, "name": "boot_B1" },
					{ "time": 15.0666, "name": "boot_B2" },
					{ "time": 15.4333, "name": "boot_B1" },
					{ "time": 15.7666, "name": "boot_B2" },
					{ "time": 16.0333, "name": "boot_B1" },
					{ "time": 16.3666, "name": "boot_A1" },
					{ "time": 16.7, "name": "boot_A2" },
					{ "time": 17.0333, "name": "boot_C1" },
					{ "time": 17.3666, "name": "boot_C2" },
					{ "time": 17.7, "name": "boot_B2" },
					{ "time": 18.0333, "name": "boot_B1" },
					{ "time": 18.3666, "name": "boot_B2" },
					{ "time": 18.6666, "name": "boot_B2" },
					{ "time": 18.7, "name": "boot_B1" },
					{ "time": 19.0333, "name": "boot_B2" },
					{ "time": 19.3666, "name": "boot_B1" },
					{ "time": 19.7, "name": "boot_B2" },
					{ "time": 20, "name": "boot_B1" },
					{ "time": 20.3333, "name": "boot_B2" },
					{ "time": 20.6666, "name": "boot_B1" },
					{ "time": 21, "name": "boot_B2" },
					{ "time": 21.3333, "name": "boot_B1" },
					{ "time": 21.6666, "name": "boot_B2" },
					{ "time": 22.1, "name": "boot_B1" },
					{ "time": 22.4333, "name": "boot_B2" },
					{ "time": 22.5666, "name": "boot_B2" },
					{ "time": 22.6333, "name": "boot_B2" },
					{ "time": 22.7666, "name": "boot_B1" },
					{ "time": 23.1, "name": "boot_B2" },
					{ "time": 23.4333, "name": "boot_B1" },
					{ "time": 23.7666, "name": "boot_B2" },
					{ "time": 24.2333, "name": "boot_B1" },
					{ "time": 24.5666, "name": "boot_B2" },
					{ "time": 24.7666, "name": "boot_B2" },
					{ "time": 24.9, "name": "boot_B1" },
					{ "time": 25.2333, "name": "boot_B2" },
					{ "time": 25.5666, "name": "boot_B1" },
					{ "time": 25.9, "name": "boot_B2" },
					{ "time": 26.2666, "name": "boot_B1" },
					{ "time": 26.6, "name": "boot_B2" },
					{ "time": 26.9333, "name": "boot_B1" },
					{ "time": 27.2666, "name": "boot_B2" },
					{ "time": 27.6, "name": "boot_B1" },
					{ "time": 27.9333, "name": "boot_B2" },
					{ "time": 28.3333, "name": "boot_B1" },
					{ "time": 28.6666, "name": "boot_B2" },
					{ "time": 28.7333, "name": "boot_B2" },
					{ "time": 29, "name": "boot_B1" },
					{ "time": 29.3333, "name": "boot_B2" },
					{ "time": 29.6666, "name": "boot_B1" },
					{ "time": 30, "name": "boot_B2" },
					{ "time": 30.3333, "name": "boot_B1" },
					{ "time": 30.6666, "name": "boot_B2" },
					{ "time": 31, "name": "boot_B1" },
					{ "time": 31.3333, "name": "boot_B2" },
					{ "time": 31.4666, "name": "boot_B2" },
					{ "time": 31.6666, "name": "boot_B1" },
					{ "time": 32, "name": "boot_B2" },
					{ "time": 32.2, "name": "boot_B1" },
					{ "time": 32.5333, "name": "boot_B2" },
					{ "time": 32.8666, "name": "boot_B1" },
					{ "time": 33.2, "name": "boot_B2" },
					{ "time": 33.3333, "name": "boot_B1" },
					{ "time": 33.3666, "name": "boot_B2" }
				]
			},
			"water1": {
				"color": [
					{ "time": 0, "color": "ffffff00" },
					{ "time": 1.7, "color": "ffffff8b" },
					{ "time": 3.3666, "color": "ffffffff", "curve": "stepped" },
					{ "time": 30.0333, "color": "ffffffff" },
					{ "time": 31.6666, "color": "ffffff85" },
					{ "time": 33.3333, "color": "ffffff00" }
				],
				"attachment": [
					{ "time": 3.3666, "name": null },
					{ "time": 3.7, "name": "water1" },
					{ "time": 4.0333, "name": "water2" },
					{ "time": 4.3666, "name": "water3" },
					{ "time": 4.7, "name": "water4" },
					{ "time": 4.7333, "name": null },
					{ "time": 5.0333, "name": "water1" },
					{ "time": 5.3666, "name": "water2" },
					{ "time": 5.7, "name": "water3" },
					{ "time": 6.0333, "name": "water4" },
					{ "time": 6.0666, "name": null },
					{ "time": 7.3666, "name": "water1" },
					{ "time": 7.7, "name": "water2" },
					{ "time": 8.0333, "name": "water3" },
					{ "time": 8.3666, "name": "water4" },
					{ "time": 8.4, "name": null },
					{ "time": 9.7, "name": "water1" },
					{ "time": 10.0333, "name": "water2" },
					{ "time": 10.3666, "name": "water3" },
					{ "time": 10.7, "name": "water4" },
					{ "time": 10.7333, "name": null },
					{ "time": 12.7, "name": "water1" },
					{ "time": 13.0333, "name": "water2" },
					{ "time": 13.3666, "name": "water3" },
					{ "time": 13.7, "name": "water4" },
					{ "time": 13.7333, "name": null },
					{ "time": 15.3666, "name": "water1" },
					{ "time": 15.7, "name": "water2" },
					{ "time": 16.0333, "name": "water3" },
					{ "time": 16.3666, "name": "water4" },
					{ "time": 16.4, "name": null },
					{ "time": 17.7, "name": "water1" },
					{ "time": 18.0333, "name": "water2" },
					{ "time": 18.3666, "name": "water3" },
					{ "time": 18.7, "name": "water4" },
					{ "time": 18.7333, "name": null },
					{ "time": 21.6, "name": "water1" },
					{ "time": 21.9333, "name": "water2" },
					{ "time": 22.2666, "name": "water3" },
					{ "time": 22.6, "name": "water4" },
					{ "time": 22.6333, "name": null },
					{ "time": 24.7666, "name": "water1" },
					{ "time": 25.1, "name": "water2" },
					{ "time": 25.4333, "name": "water3" },
					{ "time": 25.7666, "name": "water4" },
					{ "time": 25.8, "name": null },
					{ "time": 28.8, "name": "water1" },
					{ "time": 29.1333, "name": "water2" },
					{ "time": 29.4666, "name": "water3" },
					{ "time": 29.8, "name": "water4" },
					{ "time": 29.8333, "name": null }
				]
			},
			"water2": {
				"color": [
					{ "time": 0, "color": "ffffff00" },
					{ "time": 1.7, "color": "ffffff8b" },
					{ "time": 3.3666, "color": "ffffffff", "curve": "stepped" },
					{ "time": 30.0333, "color": "ffffffff" },
					{ "time": 31.6666, "color": "ffffff85" },
					{ "time": 33.3333, "color": "ffffff00" }
				],
				"attachment": [
					{ "time": 3.3666, "name": null },
					{ "time": 3.7, "name": "water1" },
					{ "time": 4.0333, "name": "water2" },
					{ "time": 4.3666, "name": "water3" },
					{ "time": 4.7, "name": "water4" },
					{ "time": 4.7333, "name": null },
					{ "time": 5.3666, "name": "water1" },
					{ "time": 5.7, "name": "water2" },
					{ "time": 6.0333, "name": "water3" },
					{ "time": 6.3666, "name": "water4" },
					{ "time": 6.4, "name": null },
					{ "time": 7.0333, "name": "water1" },
					{ "time": 7.3666, "name": "water2" },
					{ "time": 7.7, "name": "water3" },
					{ "time": 8.0333, "name": "water4" },
					{ "time": 8.0666, "name": null },
					{ "time": 9.0333, "name": "water1" },
					{ "time": 9.3666, "name": "water2" },
					{ "time": 9.7, "name": "water3" },
					{ "time": 10.0333, "name": "water4" },
					{ "time": 10.0666, "name": null },
					{ "time": 12.3666, "name": "water1" },
					{ "time": 12.7, "name": "water2" },
					{ "time": 13.0333, "name": "water3" },
					{ "time": 13.3666, "name": "water4" },
					{ "time": 13.4, "name": null },
					{ "time": 15.3666, "name": "water1" },
					{ "time": 15.7, "name": "water2" },
					{ "time": 16.0333, "name": "water3" },
					{ "time": 16.3666, "name": "water4" },
					{ "time": 16.4, "name": null },
					{ "time": 17.7, "name": "water1" },
					{ "time": 18.0333, "name": "water2" },
					{ "time": 18.3666, "name": "water3" },
					{ "time": 18.7, "name": "water4" },
					{ "time": 18.7333, "name": null },
					{ "time": 21.5333, "name": "water1" },
					{ "time": 21.8666, "name": "water2" },
					{ "time": 22.2, "name": "water3" },
					{ "time": 22.5333, "name": "water4" },
					{ "time": 22.5666, "name": null },
					{ "time": 25.5333, "name": "water1" },
					{ "time": 25.8666, "name": "water2" },
					{ "time": 26.2, "name": "water3" },
					{ "time": 26.5333, "name": "water4" },
					{ "time": 26.5666, "name": null },
					{ "time": 31.4666, "name": "water1" },
					{ "time": 31.8, "name": "water2" },
					{ "time": 32.1333, "name": "water3" },
					{ "time": 32.4666, "name": "water4" },
					{ "time": 32.5, "name": null }
				]
			},
			"water3": {
				"color": [
					{ "time": 0, "color": "ffffff00" },
					{ "time": 1.7, "color": "ffffff8b" },
					{ "time": 3.3666, "color": "ffffffff", "curve": "stepped" },
					{ "time": 30.0333, "color": "ffffffff" },
					{ "time": 31.6666, "color": "ffffff85" },
					{ "time": 33.3333, "color": "ffffff00" }
				],
				"attachment": [
					{ "time": 3.3666, "name": null },
					{ "time": 3.7, "name": "water1" },
					{ "time": 4.0333, "name": "water2" },
					{ "time": 4.3666, "name": "water3" },
					{ "time": 4.7, "name": "water4" },
					{ "time": 4.7333, "name": null },
					{ "time": 5.3666, "name": "water1" },
					{ "time": 5.7, "name": "water2" },
					{ "time": 6.0333, "name": "water3" },
					{ "time": 6.3666, "name": "water4" },
					{ "time": 6.4, "name": null },
					{ "time": 8.0333, "name": "water1" },
					{ "time": 8.3666, "name": "water2" },
					{ "time": 8.7, "name": "water3" },
					{ "time": 9.0333, "name": "water4" },
					{ "time": 9.0666, "name": null },
					{ "time": 9.7, "name": "water1" },
					{ "time": 10.0333, "name": "water2" },
					{ "time": 10.3666, "name": "water3" },
					{ "time": 10.7, "name": "water4" },
					{ "time": 10.7333, "name": null },
					{ "time": 12.0333, "name": "water1" },
					{ "time": 12.3666, "name": "water2" },
					{ "time": 12.7, "name": "water3" },
					{ "time": 13.0333, "name": "water4" },
					{ "time": 13.0666, "name": null },
					{ "time": 14.0333, "name": "water1" },
					{ "time": 14.3666, "name": "water2" },
					{ "time": 14.7, "name": "water3" },
					{ "time": 15.0333, "name": "water4" },
					{ "time": 15.0666, "name": null },
					{ "time": 16.0333, "name": "water1" },
					{ "time": 16.3666, "name": "water2" },
					{ "time": 16.7, "name": "water3" },
					{ "time": 17.0333, "name": "water4" },
					{ "time": 17.0666, "name": null },
					{ "time": 18.0333, "name": "water1" },
					{ "time": 18.3666, "name": "water2" },
					{ "time": 18.7, "name": "water3" },
					{ "time": 19.0333, "name": "water4" },
					{ "time": 19.0666, "name": null }
				]
			}
		},
		"bones": {
			"SB": {
				"rotate": [
					{ "time": 3.3666, "angle": 0, "curve": "stepped" },
					{ "time": 33.3333, "angle": 0 }
				],
				"translate": [
					{ "time": 3.3666, "x": 0, "y": 0, "curve": "stepped" },
					{ "time": 33.3333, "x": 0, "y": 0 }
				],
				"scale": [
					{ "time": 3.3666, "x": 1, "y": 1, "curve": "stepped" },
					{ "time": 33.3333, "x": 1, "y": 1 }
				]
			},
			"water_3": {
				"rotate": [
					{ "time": 0, "angle": 0, "curve": "stepped" },
					{ "time": 33.3333, "angle": 0 }
				],
				"translate": [
					{ "time": 0, "x": 0, "y": 0 },
					{ "time": 3.7, "x": 16.26, "y": 5.86, "curve": "stepped" },
					{ "time": 4.7333, "x": 16.26, "y": 5.86 },
					{ "time": 5.3666, "x": -13.2, "y": 5.89, "curve": "stepped" },
					{ "time": 6.4, "x": -13.2, "y": 5.89 },
					{ "time": 8.0333, "x": -34.02, "y": 4.65, "curve": "stepped" },
					{ "time": 9.0666, "x": -34.02, "y": 4.65 },
					{ "time": 9.7, "x": -23.25, "y": 3.31, "curve": "stepped" },
					{ "time": 10.7333, "x": -23.25, "y": 3.31 },
					{ "time": 12.0333, "x": -58.67, "y": 3.11, "curve": "stepped" },
					{ "time": 13.0666, "x": -58.67, "y": 3.11 },
					{ "time": 14.0333, "x": -81.02, "y": -1.05, "curve": "stepped" },
					{ "time": 15.0666, "x": -81.02, "y": -1.05 },
					{ "time": 16.0333, "x": -29.71, "y": 5.52, "curve": "stepped" },
					{ "time": 17.0666, "x": -29.71, "y": 5.52 },
					{ "time": 18.0333, "x": 15.43, "y": 6.92, "curve": "stepped" },
					{ "time": 19.0666, "x": 15.43, "y": 6.92 },
					{ "time": 33.3333, "x": 0, "y": 0 }
				],
				"scale": [
					{ "time": 33.3333, "x": 1, "y": 1 }
				]
			},
			"water_2": {
				"rotate": [
					{ "time": 0, "angle": 0 }
				],
				"translate": [
					{ "time": 0, "x": 0, "y": 0 },
					{ "time": 3.7, "x": -7.99, "y": 7.19, "curve": "stepped" },
					{ "time": 4.7333, "x": -7.99, "y": 7.19 },
					{ "time": 5.3666, "x": 6.99, "y": 6.36, "curve": "stepped" },
					{ "time": 6.4, "x": 6.99, "y": 6.36 },
					{ "time": 7.0333, "x": -17.32, "y": 2.6, "curve": "stepped" },
					{ "time": 8.0666, "x": -17.32, "y": 2.6 },
					{ "time": 9.0333, "x": -43.12, "y": 3.46, "curve": "stepped" },
					{ "time": 10.0666, "x": -43.12, "y": 3.46 },
					{ "time": 12.3666, "x": -18.77, "y": -1.07, "curve": "stepped" },
					{ "time": 13.4, "x": -18.77, "y": -1.07 },
					{ "time": 15.3666, "x": -61.64, "y": 6.18, "curve": "stepped" },
					{ "time": 16.4, "x": -61.64, "y": 6.18 },
					{ "time": 17.7, "x": -9.29, "y": 4.21, "curve": "stepped" },
					{ "time": 18.7333, "x": -9.29, "y": 4.21 },
					{ "time": 21.5, "x": -21.47, "y": 0.61, "curve": "stepped" },
					{ "time": 22.5666, "x": -21.47, "y": 0.61 },
					{ "time": 25.5666, "x": -35.87, "y": 6.7, "curve": "stepped" },
					{ "time": 26.6, "x": -35.87, "y": 6.7 },
					{ "time": 31.4666, "x": -17.87, "y": -0.21, "curve": "stepped" },
					{ "time": 32.5666, "x": -17.87, "y": -0.21 }
				]
			},
			"water_1": {
				"rotate": [
					{ "time": 0, "angle": 0 }
				],
				"translate": [
					{ "time": 0, "x": 0, "y": 0 },
					{ "time": 3.7, "x": 3.84, "y": 2.03, "curve": "stepped" },
					{ "time": 4.7333, "x": 3.84, "y": 2.03 },
					{ "time": 5.0333, "x": 11.82, "y": 1.73, "curve": "stepped" },
					{ "time": 6.0666, "x": 11.82, "y": 1.73 },
					{ "time": 7.3666, "x": -20.41, "y": 1.46, "curve": "stepped" },
					{ "time": 8.4, "x": -20.41, "y": 1.46 },
					{ "time": 9.7, "x": -54.51, "y": -0.13, "curve": "stepped" },
					{ "time": 10.7333, "x": -54.51, "y": -0.13 },
					{ "time": 12.7, "x": -24.11, "y": -1.2, "curve": "stepped" },
					{ "time": 13.7333, "x": -24.11, "y": -1.2 },
					{ "time": 15.3666, "x": -12.91, "y": -1.73, "curve": "stepped" },
					{ "time": 16.4, "x": -12.91, "y": -1.73 },
					{ "time": 17.7, "x": 9.21, "y": -1.2, "curve": "stepped" },
					{ "time": 18.7333, "x": 9.21, "y": -1.2 },
					{ "time": 21.6333, "x": -48.38, "y": 2.94, "curve": "stepped" },
					{ "time": 22.6, "x": -48.38, "y": 2.94 },
					{ "time": 24.7666, "x": -9.61, "y": 1, "curve": "stepped" },
					{ "time": 25.8, "x": -9.61, "y": 1 },
					{ "time": 28.7333, "x": -29.55, "y": -2.03, "curve": "stepped" },
					{ "time": 29.9, "x": -29.55, "y": -2.03 }
				]
			},
			"Y_3": {
				"rotate": [
					{ "time": 0, "angle": 0, "curve": "stepped" },
					{ "time": 3.3666, "angle": 0, "curve": "stepped" },
					{ "time": 33.3333, "angle": 0 }
				],
				"translate": [
					{ "time": 0, "x": 0, "y": 0, "curve": "stepped" },
					{ "time": 3.3666, "x": 0, "y": 0 },
					{ "time": 5.7, "x": 30.7, "y": 5.02 },
					{ "time": 9.7, "x": -8.04, "y": 3.2 },
					{ "time": 11.3666, "x": -22.2, "y": 11.4 },
					{ "time": 14, "x": -39.47, "y": 9.29 },
					{ "time": 14.6666, "x": -52.14, "y": 6.79 },
					{ "time": 15.3666, "x": -51.86, "y": 5.93 },
					{ "time": 33.3333, "x": 0, "y": 0 }
				],
				"scale": [
					{ "time": 3.3666, "x": 1, "y": 1, "curve": "stepped" },
					{ "time": 33.3333, "x": 1, "y": 1 }
				]
			},
			"Y_2": {
				"rotate": [
					{ "time": 0, "angle": 0, "curve": "stepped" },
					{ "time": 3.3666, "angle": 0, "curve": "stepped" },
					{ "time": 33.3333, "angle": 0 }
				],
				"translate": [
					{ "time": 0, "x": 0, "y": 0, "curve": "stepped" },
					{ "time": 3.3666, "x": 0, "y": 0 },
					{ "time": 11.3666, "x": -39.58, "y": 7.84 },
					{ "time": 12.7, "x": -47.88, "y": 5.68 },
					{ "time": 14.0333, "x": -45.24, "y": 5.25 },
					{ "time": 15.3666, "x": -36.41, "y": 3.23 },
					{ "time": 33.3333, "x": 0, "y": 0 }
				],
				"scale": [
					{ "time": 3.3666, "x": 1, "y": 1, "curve": "stepped" },
					{ "time": 33.3333, "x": 1, "y": 1 }
				]
			},
			"Y_1": {
				"rotate": [
					{ "time": 0, "angle": 0, "curve": "stepped" },
					{ "time": 3.3666, "angle": 0, "curve": "stepped" },
					{ "time": 33.3333, "angle": 0 }
				],
				"translate": [
					{ "time": 0, "x": 0, "y": 0 },
					{ "time": 3.3666, "x": 46.28, "y": -1.49 },
					{ "time": 3.7, "x": 43.69, "y": 8.02 },
					{ "time": 7.3666, "x": 16.37, "y": 13.17 },
					{ "time": 9.3666, "x": -2.65, "y": 11.93 },
					{ "time": 33.3333, "x": 46.28, "y": -1.49 }
				],
				"scale": [
					{ "time": 3.3666, "x": 1, "y": 1, "curve": "stepped" },
					{ "time": 33.3333, "x": 1, "y": 1 }
				]
			},
			"BOOT_7": {
				"rotate": [
					{ "time": 0, "angle": 0, "curve": "stepped" },
					{ "time": 3.3666, "angle": 0, "curve": "stepped" },
					{ "time": 33.3333, "angle": 0 }
				],
				"translate": [
					{ "time": 0, "x": 0, "y": 0, "curve": "stepped" },
					{ "time": 3.3666, "x": 0, "y": 0 },
					{ "time": 6.7333, "x": -22.23, "y": 1.61 },
					{ "time": 16.3333, "x": -108.33, "y": -7.69 },
					{ "time": 16.3666, "x": -108.33, "y": -10 },
					{ "time": 17.7, "x": -104.99, "y": -8.98 },
					{ "time": 22, "x": -75.44, "y": -7.79 },
					{ "time": 30.0333, "x": -47.06, "y": -5.71 },
					{ "time": 33.3333, "x": -25.12, "y": -4.56 }
				],
				"scale": [
					{ "time": 3.3666, "x": 1, "y": 1, "curve": "stepped" },
					{ "time": 16.3333, "x": 1, "y": 1 },
					{ "time": 17, "x": 0.494, "y": 1 },
					{ "time": 17.0333, "x": 1, "y": 1, "curve": "stepped" },
					{ "time": 33.3333, "x": 1, "y": 1 }
				]
			},
			"BOOT_6": {
				"rotate": [
					{ "time": 0, "angle": 0, "curve": "stepped" },
					{ "time": 3.3666, "angle": 0, "curve": "stepped" },
					{ "time": 33.3333, "angle": 0 }
				],
				"translate": [
					{ "time": 0, "x": 0, "y": 0, "curve": "stepped" },
					{ "time": 3.3666, "x": 0, "y": 0 },
					{ "time": 6.7333, "x": -21.89, "y": 0.81 },
					{ "time": 11.5, "x": -69.51, "y": -1.73 },
					{ "time": 14, "x": -84.2, "y": -3.71 },
					{ "time": 14.3, "x": -92.59, "y": -6.42 },
					{ "time": 14.6666, "x": -94.48, "y": -7.42, "curve": "stepped" },
					{ "time": 16, "x": -94.48, "y": -7.42 },
					{ "time": 22, "x": -52.41, "y": -6.38 },
					{ "time": 26.6666, "x": -38.09, "y": -5.9 },
					{ "time": 30.6666, "x": -21.29, "y": -3.54 },
					{ "time": 33.3333, "x": -4.51, "y": -3.24 }
				],
				"scale": [
					{ "time": 3.3666, "x": 1, "y": 1, "curve": "stepped" },
					{ "time": 14.6333, "x": 1, "y": 1 },
					{ "time": 15.3, "x": 0.554, "y": 1 },
					{ "time": 15.3333, "x": 1, "y": 1, "curve": "stepped" },
					{ "time": 33.3333, "x": 1, "y": 1 }
				]
			},
			"BOOT_5": {
				"rotate": [
					{ "time": 0, "angle": 0, "curve": "stepped" },
					{ "time": 3.3666, "angle": 0, "curve": "stepped" },
					{ "time": 33.3333, "angle": 0 }
				],
				"translate": [
					{ "time": 0, "x": 0, "y": 0, "curve": "stepped" },
					{ "time": 3.3666, "x": 0, "y": 0 },
					{ "time": 6.7, "x": -21.94, "y": 0.85 },
					{ "time": 10.5333, "x": -68.58, "y": -2.66 },
					{ "time": 12.6666, "x": -80.22, "y": -5.07 },
					{ "time": 12.7, "x": -80.22, "y": -7 },
					{ "time": 13.7333, "x": -80.22, "y": -5.07 },
					{ "time": 15, "x": -73.06, "y": -7.38 },
					{ "time": 21.3333, "x": -32.72, "y": -4.42 },
					{ "time": 28, "x": -11.28, "y": -4 },
					{ "time": 33.3333, "x": 13.87, "y": 0 }
				],
				"scale": [
					{ "time": 3.3666, "x": 1, "y": 1, "curve": "stepped" },
					{ "time": 12.7, "x": 1, "y": 1 },
					{ "time": 13.3333, "x": 0.513, "y": 1 },
					{ "time": 13.3666, "x": 1, "y": 1, "curve": "stepped" },
					{ "time": 33.3333, "x": 1, "y": 1 }
				]
			},
			"BOOT_4": {
				"rotate": [
					{ "time": 0, "angle": 0, "curve": "stepped" },
					{ "time": 3.3666, "angle": 0, "curve": "stepped" },
					{ "time": 33.3333, "angle": 0 }
				],
				"translate": [
					{ "time": 0, "x": 0, "y": 0, "curve": "stepped" },
					{ "time": 3.3666, "x": 0, "y": 0 },
					{ "time": 6.7, "x": -20.19, "y": 0.81 },
					{ "time": 10, "x": -67.19, "y": -4.3, "curve": "stepped" },
					{ "time": 11.5, "x": -67.19, "y": -4.3 },
					{ "time": 15, "x": -49.63, "y": -6.34 },
					{ "time": 20, "x": -14.99, "y": -3.33 },
					{ "time": 33.3, "x": 32.76, "y": -0.01 },
					{ "time": 33.3333, "x": 0, "y": 0 }
				],
				"scale": [
					{ "time": 3.3666, "x": 1, "y": 1, "curve": "stepped" },
					{ "time": 10, "x": 1, "y": 1 },
					{ "time": 10.6666, "x": 0.48, "y": 1 },
					{ "time": 10.7, "x": 1, "y": 1, "curve": "stepped" },
					{ "time": 33.3333, "x": 1, "y": 1 }
				],
				"shear": [
					{ "time": 10, "x": 0, "y": 0 }
				]
			},
			"YY": {
				"rotate": [
					{ "time": 0, "angle": 0, "curve": "stepped" },
					{ "time": 33.3333, "angle": 0 }
				],
				"translate": [
					{ "time": 0, "x": 0, "y": 0, "curve": "stepped" },
					{ "time": 33.3333, "x": 0, "y": 0 }
				],
				"scale": [
					{ "time": 33.3333, "x": 1, "y": 1 }
				]
			},
			"DD2": {
				"rotate": [
					{ "time": 0, "angle": 0, "curve": "stepped" },
					{ "time": 3.3666, "angle": 0, "curve": "stepped" },
					{ "time": 33.3333, "angle": 0 }
				],
				"translate": [
					{ "time": 0, "x": 0, "y": 0, "curve": "stepped" },
					{ "time": 3.3666, "x": 0, "y": 0 },
					{ "time": 16.6666, "x": 4.87, "y": -0.33 },
					{ "time": 18.6666, "x": 14.03, "y": -0.91 },
					{ "time": 28.0333, "x": 57.89, "y": 1.66 },
					{ "time": 31.9666, "x": 70.62, "y": 0.61 },
					{ "time": 32, "x": 69.71, "y": 1.62, "curve": "stepped" },
					{ "time": 33.3333, "x": 69.71, "y": 1.62 }
				],
				"scale": [
					{ "time": 3.3666, "x": 1, "y": 1, "curve": "stepped" },
					{ "time": 33.3333, "x": 1, "y": 1 }
				]
			},
			"BOOT_2": {
				"rotate": [
					{ "time": 0, "angle": 0, "curve": "stepped" },
					{ "time": 3.3666, "angle": 0, "curve": "stepped" },
					{ "time": 33.3333, "angle": 0 }
				],
				"translate": [
					{ "time": 0, "x": 0, "y": 0, "curve": "stepped" },
					{ "time": 3.3666, "x": 0, "y": 0 },
					{ "time": 10, "x": -58.82, "y": 1.58 },
					{ "time": 12.7, "x": -100.44, "y": -0.45 },
					{ "time": 13.0333, "x": -102.61, "y": -2 },
					{ "time": 13.7, "x": -101.49, "y": -4.31 },
					{ "time": 14.0666, "x": -101.49, "y": -3.38 },
					{ "time": 14.3666, "x": -99.19, "y": -3.25 },
					{ "time": 22.6333, "x": -59.97, "y": -0.33 },
					{ "time": 27.8, "x": -36.52, "y": -0.17 },
					{ "time": 31.9666, "x": -23.81, "y": -1.04 },
					{ "time": 33.3333, "x": -5, "y": 0 }
				],
				"scale": [
					{ "time": 3.3666, "x": 1, "y": 1, "curve": "stepped" },
					{ "time": 33.3333, "x": 1, "y": 1 }
				]
			},
			"BOOT_1": {
				"rotate": [
					{ "time": 0, "angle": 0, "curve": "stepped" },
					{ "time": 3.3666, "angle": 0, "curve": "stepped" },
					{ "time": 33.3333, "angle": 0 }
				],
				"translate": [
					{ "time": 0, "x": 0, "y": 0, "curve": "stepped" },
					{ "time": 3.3666, "x": 0, "y": 0 },
					{ "time": 6.6333, "x": -22.12, "y": 3.31 },
					{ "time": 10, "x": -56.95, "y": 0.75 },
					{ "time": 12.3666, "x": -78.48, "y": -2.02, "curve": "stepped" },
					{ "time": 13, "x": -78.48, "y": -2.02 },
					{ "time": 13.0333, "x": -78.48, "y": -3.27, "curve": "stepped" },
					{ "time": 13.6666, "x": -78.48, "y": -3.27 },
					{ "time": 13.7, "x": -78.48, "y": -2.02 },
					{ "time": 20, "x": -49.83, "y": 0.93 },
					{ "time": 30.0666, "x": -3.53, "y": 0.8 },
					{ "time": 33.3333, "x": 0, "y": 0 }
				],
				"scale": [
					{ "time": 3.3666, "x": 1, "y": 1, "curve": "stepped" },
					{ "time": 13, "x": 1, "y": 1 },
					{ "time": 13.0333, "x": 0.364, "y": 1 },
					{ "time": 13.7, "x": 1, "y": 1, "curve": "stepped" },
					{ "time": 33.3333, "x": 1, "y": 1 }
				]
			},
			"DD": {
				"rotate": [
					{ "time": 0, "angle": 0, "curve": "stepped" },
					{ "time": 33.3333, "angle": 0 }
				],
				"translate": [
					{ "time": 0, "x": 0, "y": 0, "curve": "stepped" },
					{ "time": 33.3333, "x": 0, "y": 0 }
				],
				"scale": [
					{ "time": 33.3333, "x": 1, "y": 1 }
				]
			},
			"Y_4": {
				"rotate": [
					{ "time": 0, "angle": 0 }
				],
				"translate": [
					{ "time": 0, "x": 0, "y": 0 },
					{ "time": 15.3666, "x": -25.89, "y": 5.3 },
					{ "time": 19.3666, "x": 2.03, "y": 7.89 }
				]
			}
		}
	}
}
}