{
"skeleton": { "hash": "XPv5AcuEfvQygdDdD6eZ9xGAr8Q", "spine": "2.1.27", "width": 397.93, "height": 418.55, "images": "" },
"bones": [
	{ "name": "Root_All", "x": 42.66, "y": -5.9, "scaleX": 1.01, "scaleY": 1.01 },
	{ "name": "Ship_All", "parent": "Root_All" },
	{ "name": "Body", "parent": "Ship_All", "length": 255.84, "x": -30.9, "y": 8.77, "rotation": 90 },
	{ "name": "Antiaircraft", "parent": "Body", "length": 44.62, "x": 169.17, "y": -66.28, "rotation": -90 },
	{ "name": "Attack_Point", "parent": "Body", "length": 25.69, "x": 121.72, "y": -52.73, "rotation": -88.64 },
	{ "name": "Damage_Point", "parent": "Body", "length": 22.56, "x": 114.81, "y": 11.3, "rotation": -90 },
	{ "name": "Dialogue", "parent": "Body", "length": 57.85, "x": 198.84, "y": -57.19, "rotation": -90 },
	{ "name": "Expression", "parent": "Body", "length": 46.33, "x": 229.76, "y": -38.51, "rotation": -42.65 },
	{ "name": "Face", "parent": "Body", "length": 66.94, "x": 199.18, "y": 29.26, "rotation": 270 },
	{ "name": "Smoke_R1", "parent": "Body", "length": 35.63, "x": 225.85, "y": 47.66, "rotation": 10.27 },
	{ "name": "Tail_F_1", "parent": "Body", "length": 15.45, "x": 73.05, "y": 22.26, "rotation": 117.31 },
	{ "name": "Throw_Point", "parent": "Body", "length": 24.91, "x": 59.27, "y": -17.59, "rotation": -88.64 },
	{ "name": "Ear_L", "parent": "Face", "length": 52.66, "x": 58.78, "y": 8.94, "rotation": 19.91 },
	{ "name": "Ear_R", "parent": "Face", "length": 32.26, "x": -28.32, "y": 19.54, "rotation": 32.2 },
	{ "name": "Tail_F_2", "parent": "Tail_F_1", "length": 13.73, "x": -10.46, "y": -9.72, "rotation": -2.72 },
	{ "name": "Tail_F_3", "parent": "Tail_F_2", "length": 12.91, "x": 13.73, "y": -0.04, "rotation": 2.25 },
	{ "name": "Tail_F_4", "parent": "Tail_F_3", "length": 13.17, "x": 12.91, "y": 0.02, "rotation": -4.5 },
	{ "name": "Tail_F_5", "parent": "Tail_F_4", "length": 14.02, "x": 13.17, "y": -0.07, "rotation": 3.15 },
	{ "name": "Tail_F_6", "parent": "Tail_F_5", "length": 13.75, "x": 14.02, "rotation": -5.44 },
	{ "name": "Tail_F_7", "parent": "Tail_F_6", "length": 14.03, "x": 13.75, "y": -0.07 },
	{ "name": "Tail_B", "parent": "Tail_F_7", "length": 31.38, "x": 4.84, "y": -1.41, "rotation": 3.62 }
],
"slots": [
	{ "name": "Body_tail_path_2", "bone": "Tail_B", "attachment": "Rodney_tail_path_2" },
	{ "name": "Body_tail_path_1", "bone": "Tail_F_7", "attachment": "Rodney_tail_path_1" },
	{ "name": "Body_head_L", "bone": "Ear_L", "attachment": "Rodney_head_L", "blend": "additive" },
	{ "name": "Rodney_body_normal", "bone": "Body", "attachment": "Body_Change" },
	{ "name": "Rodney_eyes_normal", "bone": "Face", "attachment": "Rodney_eyes_normal" },
	{ "name": "Light_Body", "bone": "Body", "blend": "additive" },
	{ "name": "Body_head_R", "bone": "Ear_R", "attachment": "Rodney_head_R", "blend": "additive" }
],
"skins": {
	"default": {
		"Body_head_L": {
			"Rodney_head_L": { "x": -56.22, "y": -40.36, "rotation": -19.91, "width": 300, "height": 300 }
		},
		"Body_head_R": {
			"Rodney_head_R": { "x": 2, "y": -92.55, "rotation": -32.2, "width": 300, "height": 300 }
		},
		"Body_tail_path_1": {
			"Rodney_tail_path_1": {
				"type": "skinnedmesh",
				"uvs": [ 1, 0.56458, 1, 1, 0.93757, 1, 0.8521, 1, 0.77849, 1, 0.69301, 1, 0.59685, 1, 0.51969, 1, 0.44252, 1, 0.35111, 1, 0.27632, 1, 0.20984, 1, 0.1303, 1, 0.05907, 1, 0, 1, 0, 0.56458, 0, 0, 0.06975, 0, 0.12911, 0, 0.20865, 0, 0.28107, 0, 0.36179, 0, 0.4449, 0, 0.528, 0, 0.6016, 0, 0.69301, 0, 0.77612, 0, 0.85922, 0, 0.93164, 0, 1, 0, 0.06381, 0.56946, 0.1303, 0.56458, 0.21102, 0.56458, 0.27988, 0.56458, 0.35823, 0.56458, 0.44964, 0.57434, 0.52325, 0.56946, 0.60516, 0.56946, 0.68827, 0.57434, 0.77493, 0.56946, 0.85803, 0.56458, 0.93164, 0.56458 ],
				"triangles": [ 15, 16, 17, 17, 30, 15, 14, 15, 30, 13, 14, 30, 20, 32, 19, 31, 18, 19, 17, 18, 31, 31, 19, 32, 31, 30, 17, 11, 12, 33, 12, 32, 33, 12, 31, 32, 30, 31, 12, 13, 30, 12, 34, 20, 21, 33, 20, 34, 20, 33, 32, 34, 21, 22, 35, 34, 22, 11, 33, 34, 34, 10, 11, 35, 10, 34, 37, 9, 10, 37, 8, 9, 36, 22, 23, 37, 36, 24, 36, 23, 24, 35, 22, 36, 10, 35, 36, 36, 37, 10, 37, 7, 8, 37, 6, 7, 39, 25, 26, 37, 24, 25, 37, 25, 38, 39, 38, 25, 38, 6, 37, 4, 5, 38, 6, 38, 5, 4, 38, 39, 40, 26, 27, 41, 27, 28, 40, 27, 41, 28, 29, 0, 41, 28, 0, 26, 40, 39, 3, 4, 39, 40, 3, 39, 2, 41, 0, 40, 41, 2, 3, 40, 2, 2, 0, 1 ],
				"vertices": [ 1, 14, -1.86, 0.3, 1, 1, 14, -1.81, 8.14, 1, 2, 14, 2.8, 8.10999, 0.99721, 15, -10.59, 8.58, 0.00278, 2, 14, 9.13, 8.07, 0.84564, 15, -4.27, 8.29, 0.15435, 2, 14, 14.57, 8.04, 0.39373, 15, 1.16, 8.04, 0.60626, 3, 14, 20.9, 8, 0.02549, 15, 7.48, 7.75, 0.91254, 16, -6.02, 7.27, 0.06196, 2, 15, 14.59, 7.42, 0.37153, 16, 1.08, 7.51, 0.62846, 3, 15, 20.29, 7.16, 0.02981, 16, 6.79, 7.69, 0.9205, 17, -5.93, 8.10999, 0.04967, 2, 16, 12.5, 7.88, 0.56633, 17, -0.22, 7.98, 0.43366, 3, 16, 19.26, 8.1, 0.06362, 17, 6.53, 7.83, 0.90777, 18, -8.18999, 7.08, 0.0286, 2, 17, 12.06, 7.7, 0.69963, 18, -2.67, 7.48, 0.30036, 3, 17, 16.98, 7.59, 0.26012, 18, 2.22, 7.84, 0.7395, 19, -11.52, 7.92, 3.6E-4, 3, 17, 22.86, 7.46, 0.01276, 18, 8.09, 8.26, 0.88788, 19, -5.65, 8.34, 0.09935, 2, 18, 13.35, 8.64999, 0.57437, 19, -0.39, 8.72999, 0.42562, 2, 18, 17.70999, 8.96, 0.39292, 19, 3.96, 9.04, 0.60707, 1, 19, 4.53, 1.23, 1, 2, 18, 19.02, -8.97999, 0.19135, 19, 5.26, -8.89999, 0.80864, 3, 17, 26.94, -10.62, 6.2E-4, 18, 13.87, -9.35, 0.44333, 19, 0.12, -9.27, 0.55604, 3, 17, 22.55, -10.53, 0.04254, 18, 9.49, -9.67, 0.73682, 19, -4.26, -9.59, 0.22062, 3, 17, 16.66, -10.39, 0.30098, 18, 3.62, -10.1, 0.67668, 19, -10.13, -10.02, 0.02232, 3, 16, 25.03, -9.71, 0.00707, 17, 11.31, -10.27, 0.68834, 18, -1.72, -10.49, 0.30458, 3, 16, 19.06, -9.89999, 0.13446, 17, 5.33, -10.14, 0.82365, 18, -7.67, -10.92, 0.04187, 3, 15, 24.99, -11.06, 0.00542, 16, 12.91, -10.10999, 0.52788, 17, -0.8, -10, 0.46668, 3, 15, 18.85, -10.78, 0.10789, 16, 6.77, -10.31, 0.78631, 17, -6.95, -9.85999, 0.10578, 3, 15, 13.41, -10.53, 0.42852, 16, 1.32, -10.49, 0.56271, 17, -12.4, -9.74, 0.00875, 3, 14, 20.78, -9.99, 0.07914, 15, 6.65, -10.22, 0.78785, 16, -5.43, -10.71, 0.133, 3, 14, 14.63, -9.96, 0.44758, 15, 0.51, -9.93999, 0.54582, 16, -11.58, -10.91, 0.00658, 2, 14, 8.49, -9.92, 0.86984, 15, -5.62, -9.66, 0.13015, 2, 14, 3.13, -9.88, 0.99236, 15, -10.98, -9.41, 0.00763, 1, 14, -1.92, -9.85, 1, 2, 18, 13.56, 0.89, 0.5, 19, -0.18, 0.97, 0.5, 1, 18, 8.66, 0.45, 1, 1, 18, 2.71, 0.01, 1, 1, 17, 11.62, -0.11, 1, 1, 17, 5.83, 0.01, 1, 2, 16, 12.22, 0.21, 0.5, 17, -0.92, 0.33, 0.5, 1, 16, 6.78, -0.05, 1, 2, 15, 13.62, -0.28, 0.5, 16, 0.72, -0.25, 0.5, 1, 15, 7.48, 0.08, 1, 2, 14, 14.79, 0.28, 0.5, 15, 1.07, 0.29, 0.5, 1, 14, 8.64, 0.24, 1, 1, 14, 3.19, 0.27, 1 ],
				"hull": 30,
				"edges": [ 28, 30, 30, 32, 2, 0, 0, 58, 30, 60, 60, 62, 62, 64, 64, 66, 66, 68, 68, 70, 70, 72, 72, 74, 74, 76, 76, 78, 78, 80, 80, 82, 82, 0, 56, 58, 54, 56, 52, 54, 50, 52, 48, 50, 46, 48, 44, 46, 42, 44, 40, 42, 38, 40, 36, 38, 32, 34, 34, 36, 26, 28, 24, 26, 22, 24, 20, 22, 18, 20, 16, 18, 14, 16, 12, 14, 10, 12, 8, 10, 6, 8, 2, 4, 4, 6 ],
				"width": 74,
				"height": 18
			}
		},
		"Body_tail_path_2": {
			"Rodney_tail_path_2": { "x": -106.31, "y": -104.96, "rotation": 179.54, "width": 300, "height": 300 }
		},
		"Rodney_eyes_normal": {
			"Rodney_eyes_damage": { "x": 19.66, "y": -48.16, "width": 300, "height": 300 },
			"Rodney_eyes_normal": { "x": 19.66, "y": -48.16, "width": 300, "height": 300 }
		}
	},
	"damage": {
		"Light_Body": {
			"Body_Change_Light": { "name": "Rodney_ship_body_damage_light", "x": 131.83, "y": 10.33, "rotation": -90, "width": 300, "height": 300 }
		},
		"Rodney_body_normal": {
			"Body_Change": { "name": "Rodney_body_damage", "x": 147.39, "y": 10.33, "rotation": -90, "width": 300, "height": 300 }
		}
	},
	"normal": {
		"Light_Body": {
			"Body_Change_Light": { "name": "Rodney_ship_body_normal_light", "x": 131.83, "y": 10.33, "rotation": -90, "width": 300, "height": 300 }
		},
		"Rodney_body_normal": {
			"Body_Change": { "name": "Rodney_body_normal", "x": 130.42, "y": 13.35, "rotation": -90, "width": 300, "height": 300 }
		}
	}
},
"events": {
	"Antiaircraft": {},
	"attack_point": {},
	"damage_point": {},
	"throw_point": {}
},
"animations": {
	"Antiaircraft": {
		"slots": {
			"Body_head_L": {
				"color": [
					{ "time": 0, "color": "ffffffff" },
					{ "time": 0.5, "color": "ffffff96" },
					{ "time": 1, "color": "ffffffff" },
					{ "time": 1.5, "color": "ffffff90" },
					{ "time": 2, "color": "ffffffff" }
				]
			},
			"Body_head_R": {
				"color": [
					{ "time": 0, "color": "ffffffff" },
					{ "time": 0.5, "color": "ffffff8f" },
					{ "time": 1, "color": "ffffffff" },
					{ "time": 1.5, "color": "ffffff8f" },
					{ "time": 2, "color": "ffffffff" }
				]
			},
			"Light_Body": {
				"attachment": [
					{ "time": 0, "name": null },
					{ "time": 0.0666, "name": "Body_Change_Light" },
					{ "time": 0.5, "name": null },
					{ "time": 0.6, "name": "Body_Change_Light" },
					{ "time": 0.8, "name": "Body_Change_Light" },
					{ "time": 1.2666, "name": null },
					{ "time": 1.3666, "name": "Body_Change_Light" },
					{ "time": 2, "name": null }
				],
				"color": [
					{ "time": 0.0666, "color": "fffffffd" },
					{ "time": 0.1666, "color": "ffffff00" },
					{ "time": 0.2, "color": "ffffffff" },
					{ "time": 0.3333, "color": "ffffff00" },
					{ "time": 0.3666, "color": "ffffffff" },
					{ "time": 0.4666, "color": "ffffff00" },
					{ "time": 0.6, "color": "ffffffff" },
					{ "time": 0.7333, "color": "ffffff00" },
					{ "time": 0.8, "color": "ffffffff" },
					{ "time": 0.9, "color": "ffffff00" },
					{ "time": 0.9666, "color": "ffffffff" },
					{ "time": 1.1, "color": "ffffff00" },
					{ "time": 1.1333, "color": "ffffffff" },
					{ "time": 1.2333, "color": "ffffff00" },
					{ "time": 1.3666, "color": "ffffffff" },
					{ "time": 1.4666, "color": "ffffff00" },
					{ "time": 1.5333, "color": "ffffffff" },
					{ "time": 1.6333, "color": "ffffff00" },
					{ "time": 1.7, "color": "ffffffff" },
					{ "time": 1.8333, "color": "ffffff00" },
					{ "time": 1.8666, "color": "ffffffff" },
					{ "time": 1.9666, "color": "ffffff00" }
				]
			},
			"Rodney_body_normal": {
				"attachment": [
					{ "time": 0, "name": "Body_Change" }
				]
			}
		},
		"bones": {
			"Body": {
				"rotate": [
					{ "time": 0, "angle": 0, "curve": "stepped" },
					{ "time": 2, "angle": 0 }
				],
				"translate": [
					{ "time": 0, "x": 0, "y": 0, "curve": "stepped" },
					{ "time": 2, "x": 0, "y": 0 }
				]
			},
			"Root_All": {
				"rotate": [
					{ "time": 0, "angle": 0, "curve": "stepped" },
					{ "time": 2, "angle": 0 }
				],
				"translate": [
					{
						"time": 0,
						"x": 0,
						"y": 0,
						"curve": [ 0.255, 0.35, 0.6, 0.7 ]
					},
					{
						"time": 0.5,
						"x": 0,
						"y": -9.82,
						"curve": [ 0.3, 0.39, 0.641, 0.74 ]
					},
					{
						"time": 1,
						"x": 0,
						"y": -15.66,
						"curve": [ 0.322, 0.37, 0.652, 0.7 ]
					},
					{
						"time": 1.5,
						"x": 0,
						"y": -7.79,
						"curve": [ 0.314, 0.36, 0.644, 0.68 ]
					},
					{ "time": 2, "x": 0, "y": 0 }
				]
			},
			"Ship_All": {
				"rotate": [
					{ "time": 0, "angle": 0, "curve": "stepped" },
					{ "time": 2, "angle": 0 }
				],
				"translate": [
					{ "time": 0, "x": 0, "y": 0, "curve": "stepped" },
					{ "time": 2, "x": 0, "y": 0 }
				]
			},
			"Face": {
				"rotate": [
					{ "time": 0, "angle": 0, "curve": "stepped" },
					{ "time": 2, "angle": 0 }
				],
				"translate": [
					{
						"time": 0,
						"x": 0,
						"y": 0,
						"curve": [ 0.286, 0.34, 0.623, 0.67 ]
					},
					{
						"time": 0.5,
						"x": 0.64,
						"y": 0,
						"curve": [ 0.282, 0.37, 0.624, 0.71 ]
					},
					{
						"time": 1.5,
						"x": -1.28,
						"y": 0,
						"curve": [ 0.321, 0.37, 0.656, 0.71 ]
					},
					{ "time": 2, "x": 0, "y": 0 }
				]
			},
			"Ear_L": {
				"rotate": [
					{ "time": 0, "angle": 0 },
					{ "time": 0.5, "angle": 7.56 },
					{ "time": 1, "angle": 12.97 },
					{ "time": 1.5, "angle": -6.38 },
					{ "time": 2, "angle": 0 }
				]
			},
			"Tail_F_3": {
				"rotate": [
					{ "time": 0, "angle": -12.47 },
					{ "time": 0.6666, "angle": -12.97 },
					{ "time": 1.3333, "angle": -20.31 },
					{ "time": 2, "angle": -12.47 }
				],
				"translate": [
					{ "time": 0, "x": 0, "y": 0, "curve": "stepped" },
					{ "time": 2, "x": 0, "y": 0 }
				]
			},
			"Tail_B": {
				"rotate": [
					{ "time": 0, "angle": -22.87 },
					{ "time": 0.6666, "angle": -4.85 },
					{ "time": 1.3333, "angle": -29.01 },
					{ "time": 2, "angle": -22.87 }
				],
				"translate": [
					{ "time": 0, "x": 0, "y": 0, "curve": "stepped" },
					{ "time": 2, "x": 0, "y": 0 }
				]
			},
			"Tail_F_2": {
				"rotate": [
					{ "time": 0, "angle": 73.17 },
					{ "time": 0.6666, "angle": 0.09 },
					{ "time": 1.3333, "angle": 33.04 },
					{ "time": 2, "angle": 73.17 }
				],
				"translate": [
					{ "time": 0, "x": 0, "y": 0, "curve": "stepped" },
					{ "time": 2, "x": 0, "y": 0 }
				]
			},
			"Tail_F_7": {
				"rotate": [
					{ "time": 0, "angle": -22.36 },
					{ "time": 0.6666, "angle": 40.07 },
					{ "time": 1.3333, "angle": -5.34 },
					{ "time": 2, "angle": -22.36 }
				],
				"translate": [
					{ "time": 0, "x": 0, "y": 0, "curve": "stepped" },
					{ "time": 2, "x": 0, "y": 0 }
				]
			},
			"Tail_F_4": {
				"rotate": [
					{ "time": 0, "angle": -14.94 },
					{ "time": 0.6666, "angle": -13.04 },
					{ "time": 2, "angle": -14.94 }
				],
				"translate": [
					{ "time": 0, "x": 0, "y": 0, "curve": "stepped" },
					{ "time": 2, "x": 0, "y": 0 }
				]
			},
			"Tail_F_6": {
				"rotate": [
					{ "time": 0, "angle": -16.21 },
					{ "time": 0.6666, "angle": 34.32 },
					{ "time": 1.3333, "angle": -20.94 },
					{ "time": 2, "angle": -16.21 }
				],
				"translate": [
					{ "time": 0, "x": 0, "y": 0, "curve": "stepped" },
					{ "time": 2, "x": 0, "y": 0 }
				]
			},
			"Ear_R": {
				"rotate": [
					{ "time": 0, "angle": 0 },
					{ "time": 0.5, "angle": -5.99 },
					{ "time": 1, "angle": -12.52 },
					{ "time": 1.5, "angle": 17.3 },
					{ "time": 2, "angle": 0 }
				]
			},
			"Tail_F_5": {
				"rotate": [
					{ "time": 0, "angle": -23.5 },
					{ "time": 0.6666, "angle": 29.35 },
					{ "time": 1.3333, "angle": -32.17 },
					{ "time": 2, "angle": -23.5 }
				],
				"translate": [
					{ "time": 0, "x": 0, "y": 0, "curve": "stepped" },
					{ "time": 2, "x": 0, "y": 0 }
				]
			}
		},
		"events": [
			{ "time": 0.0666, "name": "Antiaircraft" }
		]
	},
	"attack": {
		"slots": {
			"Body_head_L": {
				"color": [
					{ "time": 0, "color": "ffffffff" },
					{ "time": 0.1666, "color": "ffffffa4" },
					{ "time": 0.5, "color": "ffffffff" },
					{ "time": 0.8666, "color": "ffffff94" },
					{ "time": 1.1333, "color": "ffffffff" },
					{ "time": 1.4333, "color": "ffffffa0" },
					{ "time": 1.6666, "color": "ffffffff" }
				]
			},
			"Body_head_R": {
				"color": [
					{ "time": 0, "color": "ffffffff" },
					{ "time": 0.1666, "color": "ffffffa4" },
					{ "time": 0.5, "color": "ffffffff" },
					{ "time": 0.8666, "color": "ffffff94" },
					{ "time": 1.1333, "color": "ffffffff" },
					{ "time": 1.4333, "color": "ffffffa0" },
					{ "time": 1.6666, "color": "ffffffff" }
				]
			},
			"Light_Body": {
				"attachment": [
					{ "time": 0, "name": null },
					{ "time": 0.0666, "name": null },
					{ "time": 0.1, "name": "Body_Change_Light" },
					{ "time": 0.5, "name": "Body_Change_Light" },
					{ "time": 1.6666, "name": null }
				],
				"color": [
					{ "time": 0.5333, "color": "fffffffb" },
					{ "time": 0.8333, "color": "ffffff00" }
				]
			},
			"Rodney_body_normal": {
				"attachment": [
					{ "time": 0, "name": "Body_Change" },
					{ "time": 0.9, "name": "Body_Change" }
				]
			}
		},
		"bones": {
			"Root_All": {
				"rotate": [
					{ "time": 0, "angle": 0, "curve": "stepped" },
					{ "time": 1.6666, "angle": 0 }
				],
				"translate": [
					{
						"time": 0,
						"x": 0,
						"y": 0,
						"curve": [ 0.255, 0.35, 0.6, 0.7 ]
					},
					{ "time": 0.0666, "x": 8.69, "y": 0 },
					{ "time": 0.1666, "x": -87.44, "y": 0 },
					{ "time": 0.3333, "x": -61.04, "y": 0 },
					{ "time": 0.5333, "x": -69.84, "y": 0 },
					{ "time": 1, "x": -85.6, "y": 0 },
					{ "time": 1.4, "x": 15.07, "y": 0 },
					{ "time": 1.6666, "x": 0, "y": 0 }
				]
			},
			"Face": {
				"rotate": [
					{ "time": 0, "angle": 0, "curve": "stepped" },
					{ "time": 1.6666, "angle": 0 }
				],
				"translate": [
					{
						"time": 0,
						"x": 0,
						"y": 0,
						"curve": [ 0.286, 0.34, 0.623, 0.67 ]
					},
					{ "time": 0.1666, "x": 0, "y": 3.4 },
					{ "time": 0.3333, "x": 0, "y": -0.66 },
					{ "time": 0.9, "x": 0, "y": -1.2 },
					{ "time": 1, "x": 0, "y": -0.44 },
					{ "time": 1.4, "x": 0, "y": -5.01 },
					{ "time": 1.6666, "x": 0, "y": 0 }
				]
			},
			"Ship_All": {
				"rotate": [
					{ "time": 0, "angle": 0, "curve": "stepped" },
					{ "time": 1.6666, "angle": 0 }
				],
				"translate": [
					{ "time": 0, "x": 0, "y": 0, "curve": "stepped" },
					{ "time": 1.6666, "x": 0, "y": 0 }
				]
			},
			"Body": {
				"rotate": [
					{ "time": 0, "angle": 0, "curve": "stepped" },
					{ "time": 1.6666, "angle": 0 }
				],
				"translate": [
					{ "time": 0, "x": 0, "y": 0, "curve": "stepped" },
					{ "time": 1.6666, "x": 0, "y": 0 }
				]
			},
			"Attack_Point": {
				"rotate": [
					{ "time": 0.0666, "angle": 0 }
				],
				"translate": [
					{ "time": 0.0666, "x": 0, "y": 0 }
				]
			},
			"Tail_F_3": {
				"rotate": [
					{ "time": 0, "angle": -12.47 },
					{ "time": 0.0666, "angle": -15.59 },
					{ "time": 0.1666, "angle": -9.11 },
					{ "time": 0.5, "angle": -19.54 },
					{ "time": 1, "angle": -8.66 },
					{ "time": 1.3333, "angle": -13.77 },
					{ "time": 1.6666, "angle": -12.47 }
				],
				"translate": [
					{ "time": 0, "x": 0, "y": 0, "curve": "stepped" },
					{ "time": 1.6666, "x": 0, "y": 0 }
				]
			},
			"Tail_F_6": {
				"rotate": [
					{ "time": 0, "angle": -16.21 },
					{ "time": 0.0666, "angle": -19.33 },
					{ "time": 0.1666, "angle": -12.85 },
					{ "time": 0.5, "angle": -23.28 },
					{ "time": 1, "angle": -12.4 },
					{ "time": 1.3333, "angle": -17.51 },
					{ "time": 1.6666, "angle": -16.21 }
				],
				"translate": [
					{ "time": 0, "x": 0, "y": 0, "curve": "stepped" },
					{ "time": 1.6666, "x": 0, "y": 0 }
				]
			},
			"Tail_F_7": {
				"rotate": [
					{ "time": 0, "angle": -22.36 },
					{ "time": 0.0666, "angle": -25.49 },
					{ "time": 0.1666, "angle": -19.01 },
					{ "time": 0.5, "angle": -29.44 },
					{ "time": 1, "angle": -18.55 },
					{ "time": 1.3333, "angle": -23.67 },
					{ "time": 1.6666, "angle": -22.36 }
				],
				"translate": [
					{ "time": 0, "x": 0, "y": 0, "curve": "stepped" },
					{ "time": 1.6666, "x": 0, "y": 0 }
				]
			},
			"Tail_F_4": {
				"rotate": [
					{ "time": 0, "angle": -14.94 },
					{ "time": 0.0666, "angle": -18.06 },
					{ "time": 0.1666, "angle": -11.58 },
					{ "time": 0.5, "angle": -22.01 },
					{ "time": 1, "angle": -11.13 },
					{ "time": 1.3333, "angle": -16.24 },
					{ "time": 1.6666, "angle": -14.94 }
				],
				"translate": [
					{ "time": 0, "x": 0, "y": 0, "curve": "stepped" },
					{ "time": 1.6666, "x": 0, "y": 0 }
				]
			},
			"Tail_B": {
				"rotate": [
					{ "time": 0, "angle": -22.87 },
					{ "time": 0.0666, "angle": -25.99 },
					{ "time": 0.1666, "angle": -19.51 },
					{ "time": 0.5, "angle": -29.94 },
					{ "time": 1, "angle": -19.06 },
					{ "time": 1.3333, "angle": -24.17 },
					{ "time": 1.6666, "angle": -22.87 }
				],
				"translate": [
					{ "time": 0, "x": 0, "y": 0, "curve": "stepped" },
					{ "time": 1.6666, "x": 0, "y": 0 }
				]
			},
			"Tail_F_2": {
				"rotate": [
					{ "time": 0, "angle": 73.17 },
					{ "time": 0.0666, "angle": 70.04 },
					{ "time": 0.1666, "angle": 76.52 },
					{ "time": 0.5, "angle": 66.1 },
					{ "time": 1, "angle": 76.98 },
					{ "time": 1.3333, "angle": 71.87 },
					{ "time": 1.6666, "angle": 73.17 }
				],
				"translate": [
					{ "time": 0, "x": 0, "y": 0, "curve": "stepped" },
					{ "time": 1.6666, "x": 0, "y": 0 }
				]
			},
			"Tail_F_5": {
				"rotate": [
					{ "time": 0, "angle": -23.5 },
					{ "time": 0.0666, "angle": -26.63 },
					{ "time": 0.1666, "angle": -20.14 },
					{ "time": 0.5, "angle": -30.57 },
					{ "time": 1, "angle": -19.69 },
					{ "time": 1.3333, "angle": -24.8 },
					{ "time": 1.6666, "angle": -23.5 }
				],
				"translate": [
					{ "time": 0, "x": 0, "y": 0, "curve": "stepped" },
					{ "time": 1.6666, "x": 0, "y": 0 }
				]
			},
			"Ear_R": {
				"rotate": [
					{ "time": 0, "angle": 0 },
					{ "time": 0.0666, "angle": -17.82 },
					{ "time": 0.1666, "angle": 38.31 },
					{ "time": 0.3333, "angle": -16.35 },
					{ "time": 0.5, "angle": -2.01 },
					{ "time": 0.7666, "angle": -7.28 },
					{ "time": 1.1333, "angle": -0.06 },
					{ "time": 1.6666, "angle": 0 }
				]
			},
			"Ear_L": {
				"rotate": [
					{ "time": 0, "angle": 0 },
					{ "time": 0.0666, "angle": -17.82 },
					{ "time": 0.1666, "angle": 38.31 },
					{ "time": 0.3333, "angle": -16.35 },
					{ "time": 0.5, "angle": -2.01 },
					{ "time": 0.7666, "angle": -7.28 },
					{ "time": 1.1333, "angle": -0.06 },
					{ "time": 1.6666, "angle": 0 }
				]
			}
		},
		"events": [
			{ "time": 0.0666, "name": "attack_point" }
		]
	},
	"damage": {
		"slots": {
			"Body_head_L": {
				"color": [
					{ "time": 0, "color": "ffffffff" },
					{ "time": 0.1666, "color": "ffffff92" },
					{ "time": 0.4333, "color": "ffffffff" },
					{ "time": 0.7666, "color": "ffffff96" },
					{ "time": 1.1666, "color": "ffffffff" }
				]
			},
			"Body_head_R": {
				"color": [
					{ "time": 0, "color": "ffffffff" },
					{ "time": 0.1666, "color": "ffffff92" },
					{ "time": 0.4333, "color": "ffffffff" },
					{ "time": 0.7666, "color": "ffffff96" },
					{ "time": 1.1666, "color": "ffffffff" }
				]
			},
			"Body_tail_path_1": {
				"color": [
					{ "time": 0.0666, "color": "8c4c51ff", "curve": "stepped" },
					{ "time": 0.7666, "color": "8c4c51ff" },
					{ "time": 1.1333, "color": "ffffffff" }
				]
			},
			"Body_tail_path_2": {
				"color": [
					{ "time": 0.0666, "color": "8c4c51ff", "curve": "stepped" },
					{ "time": 0.7666, "color": "8c4c51ff" },
					{ "time": 1.1333, "color": "ffffffff" }
				]
			},
			"Light_Body": {
				"attachment": [
					{ "time": 0, "name": null },
					{ "time": 0.0666, "name": "Body_Change_Light" },
					{ "time": 0.7666, "name": null },
					{ "time": 1.1666, "name": null }
				],
				"color": [
					{ "time": 0.5333, "color": "fffffffc" },
					{ "time": 0.7666, "color": "ffffff00" }
				]
			},
			"Rodney_body_normal": {
				"attachment": [
					{ "time": 0, "name": "Body_Change" },
					{ "time": 0.8666, "name": "Body_Change" }
				],
				"color": [
					{ "time": 0.0666, "color": "8c4c51ff", "curve": "stepped" },
					{ "time": 0.7666, "color": "8c4c51ff" },
					{ "time": 1.1333, "color": "ffffffff" }
				]
			},
			"Rodney_eyes_normal": {
				"attachment": [
					{ "time": 0.0666, "name": "Rodney_eyes_damage" },
					{ "time": 1.1333, "name": "Rodney_eyes_normal" }
				],
				"color": [
					{ "time": 0.0666, "color": "8c4c51ff", "curve": "stepped" },
					{ "time": 0.7666, "color": "8c4c51ff" },
					{ "time": 1.1333, "color": "ffffffff" }
				]
			}
		},
		"bones": {
			"Root_All": {
				"rotate": [
					{ "time": 0, "angle": 0, "curve": "stepped" },
					{ "time": 1.1666, "angle": 0 }
				],
				"translate": [
					{
						"time": 0,
						"x": 0,
						"y": 0,
						"curve": [ 0.255, 0.35, 0.6, 0.7 ]
					},
					{ "time": 0.0666, "x": -27.67, "y": -23.16 },
					{ "time": 0.1333, "x": 20.98, "y": 15.35 },
					{ "time": 0.2333, "x": -19.78, "y": -15.62 },
					{ "time": 0.3666, "x": 14.36, "y": 8.59 },
					{ "time": 0.5666, "x": -3.37, "y": -4.5 },
					{ "time": 0.8666, "x": 5.63, "y": 2.25 },
					{ "time": 1.1666, "x": 0, "y": 0 }
				]
			},
			"Face": {
				"rotate": [
					{ "time": 0, "angle": 0, "curve": "stepped" },
					{ "time": 1.1666, "angle": 0 }
				],
				"translate": [
					{
						"time": 0,
						"x": 0,
						"y": 0,
						"curve": [ 0.286, 0.34, 0.623, 0.67 ]
					},
					{ "time": 0.0666, "x": -5.44, "y": 0 },
					{ "time": 0.1333, "x": -0.44, "y": 0 },
					{ "time": 0.2333, "x": -5.06, "y": 0 },
					{ "time": 0.3666, "x": -2.01, "y": 0 },
					{ "time": 1.1666, "x": 0, "y": 0 }
				]
			},
			"Ship_All": {
				"rotate": [
					{ "time": 0, "angle": 0, "curve": "stepped" },
					{ "time": 1.1666, "angle": 0 }
				],
				"translate": [
					{ "time": 0, "x": 0, "y": 0, "curve": "stepped" },
					{ "time": 1.1666, "x": 0, "y": 0 }
				]
			},
			"Body": {
				"rotate": [
					{ "time": 0, "angle": 0, "curve": "stepped" },
					{ "time": 1.1666, "angle": 0 }
				],
				"translate": [
					{ "time": 0, "x": 0, "y": 0, "curve": "stepped" },
					{ "time": 1.1666, "x": 0, "y": 0 }
				]
			},
			"Damage_Point": {
				"rotate": [
					{ "time": 0.0666, "angle": 0 }
				],
				"translate": [
					{ "time": 0.0666, "x": 0, "y": 0 }
				]
			},
			"Tail_F_7": {
				"rotate": [
					{ "time": 0, "angle": -22.36 },
					{ "time": 0.0666, "angle": -44.39 },
					{ "time": 0.3333, "angle": -37.29 },
					{ "time": 1.1666, "angle": -22.36 }
				],
				"translate": [
					{ "time": 0, "x": 0, "y": 0, "curve": "stepped" },
					{ "time": 1.1666, "x": 0, "y": 0 }
				]
			},
			"Tail_B": {
				"rotate": [
					{ "time": 0, "angle": -22.87 },
					{ "time": 0.0666, "angle": -0.24 },
					{ "time": 0.1, "angle": -32.61 },
					{ "time": 0.1666, "angle": -4.41 },
					{ "time": 0.3333, "angle": -10.14 },
					{ "time": 0.6666, "angle": -20.83 },
					{ "time": 1.1666, "angle": -22.87 }
				],
				"translate": [
					{ "time": 0, "x": 0, "y": 0, "curve": "stepped" },
					{ "time": 1.1666, "x": 0, "y": 0 }
				]
			},
			"Tail_F_3": {
				"rotate": [
					{ "time": 0, "angle": -12.47 },
					{ "time": 0.0666, "angle": -11.88 },
					{ "time": 0.6666, "angle": -13.17 },
					{ "time": 1.1666, "angle": -12.47 }
				],
				"translate": [
					{ "time": 0, "x": 0, "y": 0, "curve": "stepped" },
					{ "time": 1.1666, "x": 0, "y": 0 }
				]
			},
			"Tail_F_2": {
				"rotate": [
					{ "time": 0, "angle": 73.17 },
					{ "time": 0.0666, "angle": 48.15 },
					{ "time": 0.3333, "angle": 81.14 },
					{ "time": 0.6666, "angle": 56.09 },
					{ "time": 1.1666, "angle": 73.17 }
				],
				"translate": [
					{ "time": 0, "x": 0, "y": 0, "curve": "stepped" },
					{ "time": 1.1666, "x": 0, "y": 0 }
				]
			},
			"Tail_F_5": {
				"rotate": [
					{ "time": 0, "angle": -23.5 },
					{ "time": 0.0666, "angle": -44.47 },
					{ "time": 0.3333, "angle": -32.53 },
					{ "time": 0.6666, "angle": -20.75 },
					{ "time": 1.1666, "angle": -23.5 }
				],
				"translate": [
					{ "time": 0, "x": 0, "y": 0, "curve": "stepped" },
					{ "time": 1.1666, "x": 0, "y": 0 }
				]
			},
			"Tail_F_4": {
				"rotate": [
					{ "time": 0, "angle": -14.94 },
					{ "time": 0.0666, "angle": -20.06 },
					{ "time": 0.6666, "angle": -15.08 },
					{ "time": 1.1666, "angle": -14.94 }
				],
				"translate": [
					{ "time": 0, "x": 0, "y": 0, "curve": "stepped" },
					{ "time": 1.1666, "x": 0, "y": 0 }
				]
			},
			"Tail_F_6": {
				"rotate": [
					{ "time": 0, "angle": -16.21 },
					{ "time": 0.0666, "angle": -37.17 },
					{ "time": 0.3333, "angle": -17.55 },
					{ "time": 0.6666, "angle": -3.59 },
					{ "time": 1.1666, "angle": -16.21 }
				],
				"translate": [
					{ "time": 0, "x": 0, "y": 0, "curve": "stepped" },
					{ "time": 1.1666, "x": 0, "y": 0 }
				]
			},
			"Ear_R": {
				"rotate": [
					{ "time": 0, "angle": 0 },
					{ "time": 0.0666, "angle": 41.44 },
					{ "time": 0.1666, "angle": -23.02 },
					{ "time": 0.2666, "angle": 23.79 },
					{ "time": 0.4333, "angle": 15.32 },
					{ "time": 0.6666, "angle": -6.07 },
					{ "time": 1.1666, "angle": 0 }
				]
			},
			"Ear_L": {
				"rotate": [
					{ "time": 0, "angle": 0 },
					{ "time": 0.0666, "angle": 44.83 },
					{ "time": 0.1666, "angle": -24.83 },
					{ "time": 0.2666, "angle": 21.78 },
					{ "time": 0.4333, "angle": 14.29 },
					{ "time": 0.6666, "angle": -5.27 },
					{ "time": 1.1666, "angle": 0 }
				]
			}
		},
		"events": [
			{ "time": 0.0666, "name": "damage_point" }
		]
	},
	"normal": {
		"slots": {
			"Body_head_L": {
				"color": [
					{ "time": 0, "color": "ffffffff" },
					{ "time": 0.5, "color": "ffffff96" },
					{ "time": 1, "color": "ffffffff" },
					{ "time": 1.5, "color": "ffffff90" },
					{ "time": 2, "color": "ffffffff" }
				]
			},
			"Body_head_R": {
				"color": [
					{ "time": 0, "color": "ffffffff" },
					{ "time": 0.5, "color": "ffffff8f" },
					{ "time": 1, "color": "ffffffff" },
					{ "time": 1.5, "color": "ffffff8f" },
					{ "time": 2, "color": "ffffffff" }
				]
			},
			"Light_Body": {
				"attachment": [
					{ "time": 0, "name": null },
					{ "time": 0.8, "name": null },
					{ "time": 2, "name": null }
				]
			},
			"Rodney_body_normal": {
				"attachment": [
					{ "time": 0, "name": "Body_Change" }
				]
			}
		},
		"bones": {
			"Root_All": {
				"rotate": [
					{ "time": 0, "angle": 0, "curve": "stepped" },
					{ "time": 2, "angle": 0 }
				],
				"translate": [
					{
						"time": 0,
						"x": 0,
						"y": 0,
						"curve": [ 0.255, 0.35, 0.6, 0.7 ]
					},
					{
						"time": 0.5,
						"x": 0,
						"y": -9.82,
						"curve": [ 0.3, 0.39, 0.641, 0.74 ]
					},
					{
						"time": 1,
						"x": 0,
						"y": -15.66,
						"curve": [ 0.322, 0.37, 0.652, 0.7 ]
					},
					{
						"time": 1.5,
						"x": 0,
						"y": -7.79,
						"curve": [ 0.314, 0.36, 0.644, 0.68 ]
					},
					{ "time": 2, "x": 0, "y": 0 }
				]
			},
			"Ship_All": {
				"rotate": [
					{ "time": 0, "angle": 0, "curve": "stepped" },
					{ "time": 2, "angle": 0 }
				],
				"translate": [
					{ "time": 0, "x": 0, "y": 0, "curve": "stepped" },
					{ "time": 2, "x": 0, "y": 0 }
				]
			},
			"Body": {
				"rotate": [
					{ "time": 0, "angle": 0, "curve": "stepped" },
					{ "time": 2, "angle": 0 }
				],
				"translate": [
					{ "time": 0, "x": 0, "y": 0, "curve": "stepped" },
					{ "time": 2, "x": 0, "y": 0 }
				]
			},
			"Face": {
				"rotate": [
					{ "time": 0, "angle": 0, "curve": "stepped" },
					{ "time": 2, "angle": 0 }
				],
				"translate": [
					{
						"time": 0,
						"x": 0,
						"y": 0,
						"curve": [ 0.286, 0.34, 0.623, 0.67 ]
					},
					{
						"time": 0.5,
						"x": 0.64,
						"y": 0,
						"curve": [ 0.282, 0.37, 0.624, 0.71 ]
					},
					{
						"time": 1.5,
						"x": -1.28,
						"y": 0,
						"curve": [ 0.321, 0.37, 0.656, 0.71 ]
					},
					{ "time": 2, "x": 0, "y": 0 }
				]
			},
			"Tail_F_2": {
				"rotate": [
					{ "time": 0, "angle": 73.17 },
					{ "time": 0.6666, "angle": 0.09 },
					{ "time": 1.3333, "angle": 33.04 },
					{ "time": 2, "angle": 73.17 }
				],
				"translate": [
					{ "time": 0, "x": 0, "y": 0, "curve": "stepped" },
					{ "time": 2, "x": 0, "y": 0 }
				]
			},
			"Tail_F_3": {
				"rotate": [
					{ "time": 0, "angle": -12.47 },
					{ "time": 0.6666, "angle": -12.97 },
					{ "time": 1.3333, "angle": -20.31 },
					{ "time": 2, "angle": -12.47 }
				],
				"translate": [
					{ "time": 0, "x": 0, "y": 0, "curve": "stepped" },
					{ "time": 2, "x": 0, "y": 0 }
				]
			},
			"Tail_F_4": {
				"rotate": [
					{ "time": 0, "angle": -14.94 },
					{ "time": 0.6666, "angle": -13.04 },
					{ "time": 2, "angle": -14.94 }
				],
				"translate": [
					{ "time": 0, "x": 0, "y": 0, "curve": "stepped" },
					{ "time": 2, "x": 0, "y": 0 }
				]
			},
			"Tail_F_5": {
				"rotate": [
					{ "time": 0, "angle": -23.5 },
					{ "time": 0.6666, "angle": 29.35 },
					{ "time": 1.3333, "angle": -32.17 },
					{ "time": 2, "angle": -23.5 }
				],
				"translate": [
					{ "time": 0, "x": 0, "y": 0, "curve": "stepped" },
					{ "time": 2, "x": 0, "y": 0 }
				]
			},
			"Tail_F_6": {
				"rotate": [
					{ "time": 0, "angle": -16.21 },
					{ "time": 0.6666, "angle": 34.32 },
					{ "time": 1.3333, "angle": -20.94 },
					{ "time": 2, "angle": -16.21 }
				],
				"translate": [
					{ "time": 0, "x": 0, "y": 0, "curve": "stepped" },
					{ "time": 2, "x": 0, "y": 0 }
				]
			},
			"Tail_F_7": {
				"rotate": [
					{ "time": 0, "angle": -22.36 },
					{ "time": 0.6666, "angle": 40.07 },
					{ "time": 1.3333, "angle": -5.34 },
					{ "time": 2, "angle": -22.36 }
				],
				"translate": [
					{ "time": 0, "x": 0, "y": 0, "curve": "stepped" },
					{ "time": 2, "x": 0, "y": 0 }
				]
			},
			"Tail_B": {
				"rotate": [
					{ "time": 0, "angle": -22.87 },
					{ "time": 0.6666, "angle": -4.85 },
					{ "time": 1.3333, "angle": -29.01 },
					{ "time": 2, "angle": -22.87 }
				],
				"translate": [
					{ "time": 0, "x": 0, "y": 0, "curve": "stepped" },
					{ "time": 2, "x": 0, "y": 0 }
				]
			},
			"Ear_L": {
				"rotate": [
					{ "time": 0, "angle": 0 },
					{ "time": 0.5, "angle": 7.56 },
					{ "time": 1, "angle": 12.97 },
					{ "time": 1.5, "angle": -6.38 },
					{ "time": 2, "angle": 0 }
				]
			},
			"Ear_R": {
				"rotate": [
					{ "time": 0, "angle": 0 },
					{ "time": 0.5, "angle": -5.99 },
					{ "time": 1, "angle": -12.52 },
					{ "time": 1.5, "angle": 17.3 },
					{ "time": 2, "angle": 0 }
				]
			}
		}
	},
	"throw": {
		"slots": {
			"Body_head_L": {
				"color": [
					{ "time": 0, "color": "ffffffff" },
					{ "time": 0.5666, "color": "ffffff90" },
					{ "time": 0.9, "color": "ffffffff" },
					{ "time": 1.1666, "color": "ffffff8e" },
					{ "time": 1.3333, "color": "ffffffff" }
				]
			},
			"Body_head_R": {
				"color": [
					{ "time": 0, "color": "ffffffff" },
					{ "time": 0.5666, "color": "ffffff90" },
					{ "time": 0.9, "color": "ffffffff" },
					{ "time": 1.1666, "color": "ffffff8e" },
					{ "time": 1.3333, "color": "ffffffff" }
				]
			},
			"Light_Body": {
				"attachment": [
					{ "time": 0, "name": null },
					{ "time": 1.3333, "name": null }
				]
			},
			"Rodney_body_normal": {
				"attachment": [
					{ "time": 0, "name": "Body_Change" }
				]
			}
		},
		"bones": {
			"Face": {
				"rotate": [
					{ "time": 0, "angle": 0, "curve": "stepped" },
					{ "time": 1.3333, "angle": 0 }
				],
				"translate": [
					{
						"time": 0,
						"x": 0,
						"y": 0,
						"curve": [ 0.286, 0.34, 0.623, 0.67 ]
					},
					{ "time": 0.3333, "x": 0, "y": -0.7 },
					{ "time": 0.5666, "x": 0, "y": 0.14 },
					{ "time": 1.3333, "x": 0, "y": 0 }
				]
			},
			"Root_All": {
				"rotate": [
					{ "time": 0, "angle": 0, "curve": "stepped" },
					{ "time": 1.3333, "angle": 0 }
				],
				"translate": [
					{
						"time": 0,
						"x": 0,
						"y": 0,
						"curve": [ 0.255, 0.35, 0.6, 0.7 ]
					},
					{ "time": 0.6333, "x": -66.66, "y": 0 },
					{ "time": 0.9666, "x": -10.42, "y": -12.42 },
					{ "time": 1.3333, "x": 0, "y": 0 }
				]
			},
			"Body": {
				"rotate": [
					{
						"time": 0,
						"angle": 0,
						"curve": [ 0.219, 0.41, 0.591, 0.77 ]
					},
					{
						"time": 0.6333,
						"angle": -3.17,
						"curve": [ 0.32, 0.36, 0.653, 0.69 ]
					},
					{
						"time": 0.7333,
						"angle": 0.61,
						"curve": [ 0.319, 0.37, 0.652, 0.7 ]
					},
					{
						"time": 0.9666,
						"angle": -1.72,
						"curve": [ 0.32, 0.38, 0.654, 0.71 ]
					},
					{ "time": 1.3333, "angle": 0 }
				],
				"translate": [
					{
						"time": 0,
						"x": 0,
						"y": 0,
						"curve": [ 0.219, 0.41, 0.591, 0.77 ]
					},
					{
						"time": 0.3333,
						"x": -15.86,
						"y": 0,
						"curve": [ 0.193, 0.39, 0.58, 0.9 ]
					},
					{
						"time": 0.5666,
						"x": -19.36,
						"y": 0,
						"curve": [ 0.142, 0.42, 0.647, 0.94 ]
					},
					{ "time": 0.6333, "x": 92.18, "y": -6.3 },
					{ "time": 0.7333, "x": 111.33, "y": 0 },
					{ "time": 1.3333, "x": 0, "y": 0 }
				]
			},
			"Ship_All": {
				"rotate": [
					{ "time": 0, "angle": 0, "curve": "stepped" },
					{ "time": 1.3333, "angle": 0 }
				],
				"translate": [
					{ "time": 0, "x": 0, "y": 0, "curve": "stepped" },
					{ "time": 1.3333, "x": 0, "y": 0 }
				]
			},
			"Throw_Point": {
				"rotate": [
					{ "time": 0.6333, "angle": 0 }
				],
				"translate": [
					{ "time": 0.6333, "x": 0, "y": 0 }
				]
			},
			"Tail_F_3": {
				"rotate": [
					{ "time": 0, "angle": -12.47 },
					{ "time": 0.3333, "angle": -27.51 },
					{ "time": 0.6333, "angle": -23.65 },
					{ "time": 1, "angle": -11.09 },
					{ "time": 1.3333, "angle": -12.47 }
				],
				"translate": [
					{ "time": 0, "x": 0, "y": 0, "curve": "stepped" },
					{ "time": 1.3333, "x": 0, "y": 0 }
				]
			},
			"Tail_F_6": {
				"rotate": [
					{ "time": 0, "angle": -16.21 },
					{ "time": 0.3333, "angle": 44.72 },
					{ "time": 0.6333, "angle": 8.97 },
					{ "time": 1, "angle": -34.71 },
					{ "time": 1.3333, "angle": -16.21 }
				],
				"translate": [
					{ "time": 0, "x": 0, "y": 0, "curve": "stepped" },
					{ "time": 1.3333, "x": 0, "y": 0 }
				]
			},
			"Tail_F_7": {
				"rotate": [
					{ "time": 0, "angle": -22.36 },
					{ "time": 0.3333, "angle": 10.14 },
					{ "time": 0.6333, "angle": 16.51 },
					{ "time": 0.8333, "angle": -28.39 },
					{ "time": 1, "angle": -14.11 },
					{ "time": 1.3333, "angle": -22.36 }
				],
				"translate": [
					{ "time": 0, "x": 0, "y": 0, "curve": "stepped" },
					{ "time": 1.3333, "x": 0, "y": 0 }
				]
			},
			"Tail_F_4": {
				"rotate": [
					{ "time": 0, "angle": -14.94 },
					{ "time": 0.3333, "angle": -19.52 },
					{ "time": 1, "angle": -22.63 },
					{ "time": 1.3333, "angle": -14.94 }
				],
				"translate": [
					{ "time": 0, "x": 0, "y": 0, "curve": "stepped" },
					{ "time": 1.3333, "x": 0, "y": 0 }
				]
			},
			"Tail_B": {
				"rotate": [
					{ "time": 0, "angle": -22.87 },
					{ "time": 0.3333, "angle": 1.21 },
					{ "time": 0.6333, "angle": -20.02 },
					{ "time": 0.8333, "angle": -5.72 },
					{ "time": 1, "angle": -20.47 },
					{ "time": 1.1666, "angle": -21.74 },
					{ "time": 1.3333, "angle": -22.87 }
				],
				"translate": [
					{ "time": 0, "x": 0, "y": 0, "curve": "stepped" },
					{ "time": 1.3333, "x": 0, "y": 0 }
				]
			},
			"Tail_F_2": {
				"rotate": [
					{ "time": 0, "angle": 73.17 },
					{ "time": 0.3333, "angle": 58.13 },
					{ "time": 0.6333, "angle": 21.05 },
					{ "time": 1, "angle": 56.45 },
					{ "time": 1.3333, "angle": 73.17 }
				],
				"translate": [
					{ "time": 0, "x": 0, "y": 0, "curve": "stepped" },
					{ "time": 1.3333, "x": 0, "y": 0 }
				]
			},
			"Tail_F_5": {
				"rotate": [
					{ "time": 0, "angle": -23.5 },
					{ "time": 0.3333, "angle": 41.51 },
					{ "time": 0.6333, "angle": -13.49 },
					{ "time": 1, "angle": -31.82 },
					{ "time": 1.3333, "angle": -23.5 }
				],
				"translate": [
					{ "time": 0, "x": 0, "y": 0, "curve": "stepped" },
					{ "time": 1.3333, "x": 0, "y": 0 }
				]
			},
			"Ear_R": {
				"rotate": [
					{ "time": 0, "angle": 0 },
					{ "time": 0.5666, "angle": -10.57 },
					{ "time": 0.6333, "angle": 22.71 },
					{ "time": 1, "angle": -12.08 },
					{ "time": 1.3333, "angle": 0 }
				]
			},
			"Ear_L": {
				"rotate": [
					{ "time": 0, "angle": 0 },
					{ "time": 0.5666, "angle": -10.57 },
					{ "time": 0.6333, "angle": 22.71 },
					{ "time": 1, "angle": -12.08 },
					{ "time": 1.3333, "angle": 0 }
				]
			}
		},
		"events": [
			{ "time": 0.6333, "name": "throw_point" }
		]
	},
	"wreck": {
		"slots": {
			"Body_head_L": {
				"color": [
					{ "time": 0, "color": "ffffffff" },
					{ "time": 0.5, "color": "ffffff96" },
					{ "time": 1, "color": "ffffffff" },
					{ "time": 1.5, "color": "ffffff90" },
					{ "time": 2, "color": "ffffffff" }
				]
			},
			"Body_head_R": {
				"color": [
					{ "time": 0, "color": "ffffffff" },
					{ "time": 0.5, "color": "ffffff8f" },
					{ "time": 1, "color": "ffffffff" },
					{ "time": 1.5, "color": "ffffff8f" },
					{ "time": 2, "color": "ffffffff" }
				]
			},
			"Light_Body": {
				"attachment": [
					{ "time": 0, "name": null }
				]
			},
			"Rodney_body_normal": {
				"attachment": [
					{ "time": 0, "name": "Body_Change" }
				]
			},
			"Rodney_eyes_normal": {
				"attachment": [
					{ "time": 0, "name": "Rodney_eyes_damage" }
				]
			}
		},
		"bones": {
			"Root_All": {
				"rotate": [
					{ "time": 0, "angle": 0, "curve": "stepped" },
					{ "time": 2, "angle": 0 }
				],
				"translate": [
					{
						"time": 0,
						"x": 0,
						"y": 0,
						"curve": [ 0.255, 0.35, 0.6, 0.7 ]
					},
					{
						"time": 0.5,
						"x": 0,
						"y": -9.82,
						"curve": [ 0.3, 0.39, 0.641, 0.74 ]
					},
					{
						"time": 1,
						"x": 0,
						"y": -15.66,
						"curve": [ 0.322, 0.37, 0.652, 0.7 ]
					},
					{
						"time": 1.5,
						"x": 0,
						"y": -7.79,
						"curve": [ 0.314, 0.36, 0.644, 0.68 ]
					},
					{ "time": 2, "x": 0, "y": 0 }
				]
			},
			"Ship_All": {
				"rotate": [
					{ "time": 0, "angle": 0, "curve": "stepped" },
					{ "time": 2, "angle": 0 }
				],
				"translate": [
					{ "time": 0, "x": 0, "y": 0, "curve": "stepped" },
					{ "time": 2, "x": 0, "y": 0 }
				]
			},
			"Body": {
				"rotate": [
					{ "time": 0, "angle": 0, "curve": "stepped" },
					{ "time": 2, "angle": 0 }
				],
				"translate": [
					{ "time": 0, "x": 0, "y": 0, "curve": "stepped" },
					{ "time": 2, "x": 0, "y": 0 }
				]
			},
			"Face": {
				"rotate": [
					{ "time": 0, "angle": 0, "curve": "stepped" },
					{ "time": 2, "angle": 0 }
				],
				"translate": [
					{
						"time": 0,
						"x": 0,
						"y": 0,
						"curve": [ 0.286, 0.34, 0.623, 0.67 ]
					},
					{
						"time": 0.5,
						"x": 0.64,
						"y": 0,
						"curve": [ 0.282, 0.37, 0.624, 0.71 ]
					},
					{
						"time": 1.5,
						"x": -1.28,
						"y": 0,
						"curve": [ 0.321, 0.37, 0.656, 0.71 ]
					},
					{ "time": 2, "x": 0, "y": 0 }
				]
			},
			"Ear_L": {
				"rotate": [
					{ "time": 0, "angle": 0 },
					{ "time": 0.5, "angle": 7.56 },
					{ "time": 1, "angle": 12.97 },
					{ "time": 1.5, "angle": -6.38 },
					{ "time": 2, "angle": 0 }
				]
			},
			"Tail_F_3": {
				"rotate": [
					{ "time": 0, "angle": -12.47 },
					{ "time": 0.6666, "angle": -12.97 },
					{ "time": 1.3333, "angle": -20.31 },
					{ "time": 2, "angle": -12.47 }
				],
				"translate": [
					{ "time": 0, "x": 0, "y": 0, "curve": "stepped" },
					{ "time": 2, "x": 0, "y": 0 }
				]
			},
			"Tail_B": {
				"rotate": [
					{ "time": 0, "angle": -22.87 },
					{ "time": 0.6666, "angle": -4.85 },
					{ "time": 1.3333, "angle": -29.01 },
					{ "time": 2, "angle": -22.87 }
				],
				"translate": [
					{ "time": 0, "x": 0, "y": 0, "curve": "stepped" },
					{ "time": 2, "x": 0, "y": 0 }
				]
			},
			"Tail_F_2": {
				"rotate": [
					{ "time": 0, "angle": 73.17 },
					{ "time": 0.6666, "angle": 0.09 },
					{ "time": 1.3333, "angle": 33.04 },
					{ "time": 2, "angle": 73.17 }
				],
				"translate": [
					{ "time": 0, "x": 0, "y": 0, "curve": "stepped" },
					{ "time": 2, "x": 0, "y": 0 }
				]
			},
			"Tail_F_7": {
				"rotate": [
					{ "time": 0, "angle": -22.36 },
					{ "time": 0.6666, "angle": 40.07 },
					{ "time": 1.3333, "angle": -5.34 },
					{ "time": 2, "angle": -22.36 }
				],
				"translate": [
					{ "time": 0, "x": 0, "y": 0, "curve": "stepped" },
					{ "time": 2, "x": 0, "y": 0 }
				]
			},
			"Tail_F_4": {
				"rotate": [
					{ "time": 0, "angle": -14.94 },
					{ "time": 0.6666, "angle": -13.04 },
					{ "time": 2, "angle": -14.94 }
				],
				"translate": [
					{ "time": 0, "x": 0, "y": 0, "curve": "stepped" },
					{ "time": 2, "x": 0, "y": 0 }
				]
			},
			"Tail_F_6": {
				"rotate": [
					{ "time": 0, "angle": -16.21 },
					{ "time": 0.6666, "angle": 34.32 },
					{ "time": 1.3333, "angle": -20.94 },
					{ "time": 2, "angle": -16.21 }
				],
				"translate": [
					{ "time": 0, "x": 0, "y": 0, "curve": "stepped" },
					{ "time": 2, "x": 0, "y": 0 }
				]
			},
			"Ear_R": {
				"rotate": [
					{ "time": 0, "angle": 0 },
					{ "time": 0.5, "angle": -5.99 },
					{ "time": 1, "angle": -12.52 },
					{ "time": 1.5, "angle": 17.3 },
					{ "time": 2, "angle": 0 }
				]
			},
			"Tail_F_5": {
				"rotate": [
					{ "time": 0, "angle": -23.5 },
					{ "time": 0.6666, "angle": 29.35 },
					{ "time": 1.3333, "angle": -32.17 },
					{ "time": 2, "angle": -23.5 }
				],
				"translate": [
					{ "time": 0, "x": 0, "y": 0, "curve": "stepped" },
					{ "time": 2, "x": 0, "y": 0 }
				]
			}
		}
	}
}
}