{
"skeleton": { "hash": "OrOWjKe1WZPc9WxjhF35QEV/LCY", "spine": "3.2.01", "width": 170, "height": 170, "images": "" },
"bones": [
	{ "name": "root" },
	{ "name": "bone", "parent": "root" },
	{ "name": "YF", "parent": "bone" },
	{ "name": "A", "parent": "YF", "x": -22, "y": 73 },
	{ "name": "B", "parent": "YF", "x": -0.07, "y": 74.99 },
	{ "name": "C", "parent": "YF", "x": 28.51, "y": 73 },
	{ "name": "radio", "parent": "bone", "y": 31 }
],
"slots": [
	{ "name": "shadow", "bone": "bone", "attachment": "shadow" },
	{ "name": "1", "bone": "radio", "attachment": "1" },
	{ "name": "A", "bone": "A", "attachment": "A" },
	{ "name": "B", "bone": "B", "attachment": "B" },
	{ "name": "C", "bone": "C", "attachment": "C" }
],
"skins": {
	"default": {
		"1": {
			"1": { "x": -2.99, "y": 13.99, "width": 170, "height": 170 },
			"2": { "x": -2.99, "y": 13.99, "width": 170, "height": 170 },
			"3": { "x": -2.99, "y": 13.99, "width": 170, "height": 170 }
		},
		"A": {
			"A": { "x": 19, "y": -27.99, "width": 170, "height": 170 }
		},
		"B": {
			"B": { "x": -2.92, "y": -29.99, "width": 170, "height": 170 }
		},
		"C": {
			"C": { "x": -31.51, "y": -27.99, "width": 170, "height": 170 }
		},
		"shadow": {
			"shadow": { "x": -2.99, "y": 45, "width": 170, "height": 170 }
		}
	}
},
"animations": {
	"normal": {
		"slots": {
			"1": {
				"attachment": [
					{ "time": 0, "name": "1" }
				]
			},
			"A": {
				"color": [
					{ "time": 0, "color": "ffffff00" }
				]
			},
			"B": {
				"color": [
					{ "time": 0, "color": "ffffff00" }
				]
			},
			"C": {
				"color": [
					{ "time": 0, "color": "ffffff00" }
				]
			}
		},
		"bones": {
			"radio": {
				"rotate": [
					{ "time": 0, "angle": 0, "curve": "stepped" },
					{ "time": 2, "angle": 0 }
				],
				"translate": [
					{ "time": 0, "x": 0, "y": 0 },
					{ "time": 0.5, "x": 1.63, "y": -3.26 },
					{ "time": 1, "x": 3.26, "y": -0.81 },
					{ "time": 1.5, "x": 0.81, "y": -3.26 },
					{ "time": 2, "x": 0, "y": 0 }
				],
				"scale": [
					{ "time": 0, "x": 1, "y": 1 },
					{ "time": 0.5, "x": 1, "y": 0.894 },
					{ "time": 1, "x": 1, "y": 1 },
					{ "time": 1.5, "x": 1, "y": 0.894 },
					{ "time": 2, "x": 1, "y": 1 }
				],
				"shear": [
					{ "time": 0, "x": 0, "y": 5.03 },
					{ "time": 1, "x": 0, "y": -7.35 },
					{ "time": 2, "x": 0, "y": 5.03 }
				]
			},
			"C": {
				"rotate": [
					{ "time": 0, "angle": 0, "curve": "stepped" },
					{ "time": 2, "angle": 0 }
				],
				"translate": [
					{ "time": 0, "x": 0, "y": 0, "curve": "stepped" },
					{ "time": 2, "x": 0, "y": 0 }
				],
				"scale": [
					{ "time": 0, "x": 1, "y": 1, "curve": "stepped" },
					{ "time": 2, "x": 1, "y": 1 }
				]
			},
			"YF": {
				"rotate": [
					{ "time": 0, "angle": 0, "curve": "stepped" },
					{ "time": 2, "angle": 0 }
				],
				"translate": [
					{ "time": 0, "x": 0, "y": 0, "curve": "stepped" },
					{ "time": 2, "x": 0, "y": 0 }
				],
				"scale": [
					{ "time": 0, "x": 1, "y": 1, "curve": "stepped" },
					{ "time": 2, "x": 1, "y": 1 }
				]
			},
			"A": {
				"rotate": [
					{ "time": 0, "angle": 0, "curve": "stepped" },
					{ "time": 2, "angle": 0 }
				],
				"translate": [
					{ "time": 0, "x": 0, "y": 0, "curve": "stepped" },
					{ "time": 2, "x": 0, "y": 0 }
				],
				"scale": [
					{ "time": 0, "x": 1, "y": 1, "curve": "stepped" },
					{ "time": 2, "x": 1, "y": 1 }
				]
			},
			"B": {
				"rotate": [
					{ "time": 0, "angle": 0, "curve": "stepped" },
					{ "time": 2, "angle": 0 }
				],
				"translate": [
					{ "time": 0, "x": 0, "y": 0, "curve": "stepped" },
					{ "time": 2, "x": 0, "y": 0 }
				],
				"scale": [
					{ "time": 0, "x": 1, "y": 1, "curve": "stepped" },
					{ "time": 2, "x": 1, "y": 1 }
				]
			}
		}
	},
	"open": {
		"slots": {
			"1": {
				"attachment": [
					{ "time": 0, "name": "1" },
					{ "time": 0.1666, "name": "2" },
					{ "time": 0.3333, "name": "3" },
					{ "time": 0.5, "name": "2" },
					{ "time": 0.6666, "name": "1" },
					{ "time": 0.8333, "name": "2" },
					{ "time": 1, "name": "3" },
					{ "time": 1.1666, "name": "2" },
					{ "time": 1.3333, "name": "1" }
				]
			},
			"A": {
				"color": [
					{ "time": 0, "color": "ffffff00" },
					{ "time": 0.0666, "color": "ffffffff" },
					{ "time": 0.5, "color": "ffffff00" }
				]
			},
			"B": {
				"color": [
					{ "time": 0, "color": "ffffff00", "curve": "stepped" },
					{ "time": 0.5, "color": "ffffff00" },
					{ "time": 0.5666, "color": "ffffffff" },
					{ "time": 0.8333, "color": "ffffff00" }
				]
			},
			"C": {
				"color": [
					{ "time": 0, "color": "ffffff00", "curve": "stepped" },
					{ "time": 1, "color": "ffffff00" },
					{ "time": 1.0666, "color": "ffffffff" },
					{ "time": 1.3333, "color": "ffffff00" }
				]
			}
		},
		"bones": {
			"radio": {
				"rotate": [
					{ "time": 0, "angle": 0, "curve": "stepped" },
					{ "time": 1.3333, "angle": 0 }
				],
				"translate": [
					{ "time": 0, "x": 0, "y": 0, "curve": "stepped" },
					{ "time": 1.3333, "x": 0, "y": 0 }
				],
				"scale": [
					{ "time": 0, "x": 1, "y": 1 },
					{ "time": 0.4, "x": 0.991, "y": 0.991 },
					{ "time": 0.7666, "x": 1.032, "y": 1.032 },
					{ "time": 1.1, "x": 0.991, "y": 0.991 },
					{ "time": 1.3333, "x": 1, "y": 1 }
				]
			},
			"C": {
				"rotate": [
					{ "time": 0, "angle": 0, "curve": "stepped" },
					{ "time": 1.3333, "angle": 0 }
				],
				"translate": [
					{ "time": 0, "x": 0, "y": 0, "curve": "stepped" },
					{ "time": 1, "x": 0, "y": 0 },
					{ "time": 1.0666, "x": -0.81, "y": 8.15 },
					{ "time": 1.1333, "x": 3.29, "y": 0.53 },
					{ "time": 1.3333, "x": 17.62, "y": 14.34 }
				],
				"scale": [
					{ "time": 0, "x": 1, "y": 1 },
					{ "time": 1, "x": 0.784, "y": 0.784 },
					{ "time": 1.0666, "x": 0.734, "y": 0.734 },
					{ "time": 1.1333, "x": 1.01, "y": 1.01 },
					{ "time": 1.3333, "x": 0.542, "y": 0.542 }
				]
			},
			"B": {
				"rotate": [
					{ "time": 0, "angle": 0, "curve": "stepped" },
					{ "time": 1.3333, "angle": 0 }
				],
				"translate": [
					{ "time": 0, "x": 0, "y": 0, "curve": "stepped" },
					{ "time": 0.5, "x": 0, "y": 0 },
					{ "time": 0.5666, "x": -0.81, "y": 8.15 },
					{ "time": 0.6333, "x": 3.29, "y": 0.53 },
					{ "time": 0.8333, "x": 17.62, "y": 14.34 },
					{ "time": 1.3333, "x": 0, "y": 0 }
				],
				"scale": [
					{ "time": 0, "x": 1, "y": 1 },
					{ "time": 0.5, "x": 0.784, "y": 0.784 },
					{ "time": 0.5666, "x": 0.734, "y": 0.734 },
					{ "time": 0.6333, "x": 1.01, "y": 1.01 },
					{ "time": 0.8333, "x": 0.542, "y": 0.542 },
					{ "time": 1.3333, "x": 1, "y": 1 }
				]
			},
			"A": {
				"rotate": [
					{ "time": 0, "angle": 0, "curve": "stepped" },
					{ "time": 1.3333, "angle": 0 }
				],
				"translate": [
					{ "time": 0, "x": 0, "y": 0 },
					{ "time": 0.0666, "x": -0.81, "y": 8.15 },
					{ "time": 0.1333, "x": 3.29, "y": 0.53 },
					{ "time": 0.5, "x": 17.62, "y": 14.34 },
					{ "time": 1.3333, "x": 0, "y": 0 }
				],
				"scale": [
					{ "time": 0, "x": 0.784, "y": 0.784 },
					{ "time": 0.0666, "x": 0.734, "y": 0.734 },
					{ "time": 0.1333, "x": 1.01, "y": 1.01 },
					{ "time": 0.5, "x": 0.542, "y": 0.542 },
					{ "time": 1.3333, "x": 1, "y": 1 }
				]
			},
			"YF": {
				"rotate": [
					{ "time": 0, "angle": 0, "curve": "stepped" },
					{ "time": 1.3333, "angle": 0 }
				],
				"translate": [
					{ "time": 0, "x": 0, "y": 0, "curve": "stepped" },
					{ "time": 1.3333, "x": 0, "y": 0 }
				],
				"scale": [
					{ "time": 0, "x": 1, "y": 1, "curve": "stepped" },
					{ "time": 1.3333, "x": 1, "y": 1 }
				]
			}
		}
	}
}
}