{
"skeleton": { "hash": "Rz2dqINeKijd95GElrshuNBzYqE", "spine": "3.2.01", "width": 160, "height": 120, "images": "" },
"bones": [
	{ "name": "BG_picture" },
	{ "name": "Wind_picture_new", "parent": "BG_picture" }
],
"slots": [
	{ "name": "Wind_new_0001", "bone": "Wind_picture_new", "color": "ffffffa9", "attachment": "Wind_new_0001", "blend": "additive" }
],
"skins": {
	"default": {
		"Wind_new_0001": {
			"Wind_new_0001": { "width": 160, "height": 120 },
			"Wind_new_0002": { "width": 160, "height": 120 },
			"Wind_new_0003": { "width": 160, "height": 120 },
			"Wind_new_0004": { "width": 160, "height": 120 },
			"Wind_new_0005": { "width": 160, "height": 120 },
			"Wind_new_0006": { "width": 160, "height": 120 },
			"Wind_new_0007": { "width": 160, "height": 120 },
			"Wind_new_0008": { "width": 160, "height": 120 },
			"Wind_new_0009": { "width": 160, "height": 120 },
			"Wind_new_0010": { "width": 160, "height": 120 },
			"Wind_new_0011": { "width": 160, "height": 120 },
			"Wind_new_0012": { "width": 160, "height": 120 },
			"Wind_new_0013": { "width": 160, "height": 120 },
			"Wind_new_0014": { "width": 160, "height": 120 },
			"Wind_new_0015": { "width": 160, "height": 120 },
			"Wind_new_0016": { "width": 160, "height": 120 },
			"Wind_new_0017": { "width": 160, "height": 120 },
			"Wind_new_0018": { "width": 160, "height": 120 },
			"Wind_new_0019": { "width": 160, "height": 120 },
			"Wind_new_0020": { "width": 160, "height": 120 },
			"Wind_new_0021": { "width": 160, "height": 120 }
		}
	}
},
"events": {
	"loop": {}
},
"animations": {
	"BG_only_wind_front": {
		"slots": {
			"Wind_new_0001": {
				"attachment": [
					{ "time": 0, "name": "Wind_new_0001" },
					{ "time": 0.1, "name": "Wind_new_0002" },
					{ "time": 0.2, "name": "Wind_new_0003" },
					{ "time": 0.3, "name": "Wind_new_0004" },
					{ "time": 0.4, "name": "Wind_new_0005" },
					{ "time": 0.5, "name": "Wind_new_0006" },
					{ "time": 0.6, "name": "Wind_new_0007" },
					{ "time": 0.7, "name": "Wind_new_0008" },
					{ "time": 0.8, "name": "Wind_new_0009" },
					{ "time": 0.9, "name": "Wind_new_0010" },
					{ "time": 1, "name": "Wind_new_0011" },
					{ "time": 1.1, "name": "Wind_new_0012" },
					{ "time": 1.2, "name": "Wind_new_0013" },
					{ "time": 1.3, "name": "Wind_new_0014" },
					{ "time": 1.4, "name": "Wind_new_0015" },
					{ "time": 1.5, "name": "Wind_new_0016" },
					{ "time": 1.6, "name": "Wind_new_0017" },
					{ "time": 1.7, "name": "Wind_new_0018" },
					{ "time": 1.8, "name": "Wind_new_0019" },
					{ "time": 1.9, "name": "Wind_new_0020" },
					{ "time": 2, "name": "Wind_new_0021" },
					{ "time": 2.1, "name": "Wind_new_0001" }
				]
			}
		},
		"bones": {
			"Wind_picture_new": {
				"translate": [
					{ "time": 0, "x": 0, "y": -396 }
				],
				"scale": [
					{ "time": 0, "x": 8, "y": 7 }
				]
			}
		},
		"events": [
			{ "time": 2.1, "name": "loop" }
		]
	}
}
}