{
"skeleton": { "hash": "tDpoBBz2cBPo9adsgFChj6PGSBo", "spine": "2.1.27", "width": 366.09, "height": 366.09, "images": "" },
"bones": [
	{ "name": "Root_All", "x": 42.66, "y": -5.9, "scaleX": 1.01, "scaleY": 1.01 },
	{ "name": "Ship_All", "parent": "Root_All" },
	{ "name": "Body", "parent": "Ship_All", "length": 255.84, "x": -19.52, "y": -2.59, "rotation": 90 },
	{ "name": "Antiaircraft", "parent": "Body", "length": 44.62, "x": 173.81, "y": -53.27, "rotation": -90 },
	{ "name": "Attack_Point", "parent": "Body", "length": 25.69, "x": 148.37, "y": -70.04, "rotation": -88.64 },
	{ "name": "Damage_Point", "parent": "Body", "length": 22.56, "x": 121.38, "y": 10.7, "rotation": -90 },
	{ "name": "Dialogue", "parent": "Body", "length": 57.85, "x": 196.19, "y": -61.44, "rotation": -90 },
	{ "name": "Expression", "parent": "Body", "length": 46.33, "x": 220.33, "y": -47.46, "rotation": -42.65 },
	{ "name": "Obai_all", "parent": "Body", "length": 6.22, "x": 123.71, "y": 7.71, "rotation": -165.01 },
	{ "name": "Ship", "parent": "Body", "length": 127.17, "x": 100, "y": 60, "rotation": 270 },
	{ "name": "Smoke_L1", "parent": "Body", "length": 51.75, "x": 157.01, "y": -77.3, "rotation": -34.35 },
	{ "name": "Smoke_R2", "parent": "Body", "length": 51.75, "x": 109.9, "y": 81.11, "rotation": 37.5 },
	{ "name": "Tail_F_1", "parent": "Body", "length": 15.45, "x": 79.3, "y": 50.66, "rotation": 94.08 },
	{ "name": "Throw_Point", "parent": "Body", "length": 24.91, "x": 86.85, "y": -34.18, "rotation": -88.64 },
	{ "name": "Bomb_in", "parent": "Ship", "length": 72.5, "x": 54.01, "y": -8.69, "rotation": -8.5 },
	{ "name": "Obai_L", "parent": "Obai_all", "length": 5.01, "x": 15.37, "y": 4.6, "rotation": 173.2 },
	{ "name": "Obai_R", "parent": "Obai_all", "length": 4.62, "x": 8.47, "y": -9.03, "rotation": 156.96 },
	{ "name": "Ship_down", "parent": "Ship", "length": 47.52, "x": 79.89, "y": -9.21, "rotation": -40.63 },
	{ "name": "Ship_other", "parent": "Ship", "length": 59.32, "x": 16.75, "y": 9.93, "rotation": -95.84 },
	{ "name": "Tail_F_2", "parent": "Tail_F_1", "length": 13.73, "x": -10.46, "y": -9.72, "rotation": -2.72 },
	{ "name": "Tail_F_3", "parent": "Tail_F_2", "length": 12.91, "x": 13.73, "y": -0.04, "rotation": 2.25 },
	{ "name": "Tail_F_4", "parent": "Tail_F_3", "length": 13.17, "x": 12.91, "y": 0.02, "rotation": -4.5 },
	{ "name": "Tail_F_5", "parent": "Tail_F_4", "length": 14.02, "x": 13.17, "y": -0.07, "rotation": 3.15 },
	{ "name": "Tail_F_6", "parent": "Tail_F_5", "length": 13.75, "x": 14.02, "rotation": -5.44 },
	{ "name": "Tail_F_7", "parent": "Tail_F_6", "length": 14.03, "x": 13.75, "y": -0.07 }
],
"slots": [
	{ "name": "Body_tail_path_1", "bone": "Tail_F_7", "attachment": "Rodney_tail_path_1" },
	{ "name": "Rodney_ship_normal", "bone": "Tail_F_7", "attachment": "Rodney_ship_normal" },
	{ "name": "Rodney_ship_armor_gun", "bone": "Bomb_in", "attachment": "Rodney_ship_armor_gun" },
	{ "name": "Rodney_ship_armor_gun_light", "bone": "Bomb_in" },
	{ "name": "Rodney_ship_armor_down", "bone": "Ship_down", "attachment": "Rodney_ship_armor_down" },
	{ "name": "Rodney_ship_armor_down_light", "bone": "Ship_down", "blend": "additive" },
	{ "name": "Rodney_ship_armor_normal", "bone": "Ship", "attachment": "Rodney_ship_armor_normal" },
	{ "name": "Rodney_ship_armor_normal_light", "bone": "Ship", "blend": "additive" },
	{ "name": "Rodney_body_normal", "bone": "Body", "attachment": "Rodney_body_normal" },
	{ "name": "Light_Body", "bone": "Body", "blend": "additive" },
	{ "name": "Rodney_fornt_normal", "bone": "Ship_other", "attachment": "Rodney_fornt_normal" },
	{ "name": "Rodney_fornt_normal_light", "bone": "Ship_other", "blend": "additive" },
	{ "name": "Rodney_body_obai", "bone": "Obai_all", "attachment": "Rodney_body_obai" }
],
"skins": {
	"default": {
		"Body_tail_path_1": {
			"Rodney_tail_path_1": {
				"type": "skinnedmesh",
				"uvs": [ 1, 0.6049, 1, 1, 0.93889, 1, 0.85848, 1, 0.77051, 1, 0.67781, 1, 0.58416, 1, 0.49473, 1, 0.40486, 1, 0.29702, 1, 0.21189, 1, 0.10027, 1, 0.02365, 1, 0, 1, 0, 0.42234, 0, 0, 0.04502, 0, 0.14812, 0, 0.23231, 0, 0.30042, 0, 0.39407, 0, 0.48583, 0, 0.58889, 0, 0.67497, 0, 0.76672, 0, 0.86132, 0, 0.93605, 0, 1, 0, 0.02126, 0.43268, 0.12347, 0.51534, 0.21312, 0.57045, 0.3078, 0.60145, 0.39242, 0.60834, 0.48793, 0.60834, 0.58512, 0.60834, 0.67309, 0.60145, 0.76441, 0.61179, 0.85071, 0.60834, 0.92779, 0.62212 ],
				"triangles": [ 14, 15, 16, 28, 14, 16, 17, 28, 16, 13, 14, 28, 12, 13, 28, 29, 12, 28, 29, 28, 17, 18, 29, 17, 30, 29, 18, 30, 18, 19, 29, 11, 12, 29, 30, 11, 30, 10, 11, 30, 31, 10, 19, 31, 30, 19, 20, 31, 32, 31, 20, 32, 20, 21, 31, 9, 10, 32, 9, 31, 8, 32, 33, 9, 32, 8, 34, 21, 22, 34, 22, 35, 21, 33, 32, 34, 33, 21, 6, 7, 34, 7, 33, 34, 8, 33, 7, 34, 35, 6, 35, 22, 23, 24, 36, 35, 35, 23, 24, 37, 36, 24, 35, 5, 6, 36, 5, 35, 5, 36, 4, 4, 36, 3, 26, 27, 0, 37, 25, 26, 37, 24, 25, 37, 26, 38, 0, 38, 26, 36, 37, 3, 38, 3, 37, 1, 2, 38, 3, 38, 2, 1, 38, 0 ],
				"vertices": [ 2, 19, -1.85, 1.03, 0.99999, 20, -15.53, 1.69, 0, 1, 19, -1.81, 8.14, 1, 1, 19, 2.7, 8.10999, 1, 2, 19, 8.64999, 8.07, 0.86261, 20, -4.73999, 8.31, 0.13738, 2, 19, 15.16, 8.03, 0.32836, 20, 1.75, 8.01, 0.67163, 3, 19, 22.02, 7.99, 0.00865, 20, 8.6, 7.7, 0.84295, 21, -4.89, 7.31, 0.14838, 3, 20, 15.52, 7.38, 0.32182, 21, 2.02, 7.54, 0.67422, 22, -10.7, 8.22, 0.00394, 3, 20, 22.14, 7.08, 5.6E-4, 21, 8.64, 7.75, 0.81103, 22, -4.09, 8.07, 0.1884, 2, 21, 15.28, 7.97, 0.35037, 22, 2.55, 7.92, 0.64962, 3, 21, 23.26, 8.22999, 0.0037, 22, 10.53, 7.74, 0.79665, 23, -4.19999, 7.37, 0.19964, 2, 22, 16.83, 7.6, 0.26334, 23, 2.07, 7.83, 0.73665, 2, 23, 10.31, 8.43, 0.81011, 24, -3.43, 8.51, 0.18988, 3, 22, 30.75, 7.29, 2.0E-5, 23, 15.97, 8.84, 0.42018, 24, 2.21, 8.92, 0.57978, 3, 22, 32.5, 7.25, 2.0E-5, 23, 17.70999, 8.96, 0.37423, 24, 3.96, 9.04, 0.62572, 2, 22, 32.27, -3.14, 7.7E-4, 24, 4.71, -1.32, 0.99922, 2, 23, 19.02, -8.97999, 0.26657, 24, 5.26, -8.89999, 0.73342, 3, 22, 28.77, -10.66, 0.01884, 23, 15.7, -9.22, 0.40974, 24, 1.94, -9.14, 0.57141, 3, 22, 21.14, -10.49, 0.06604, 23, 8.09, -9.77, 0.76844, 24, -5.66, -9.68999, 0.16551, 3, 22, 14.91, -10.35, 0.4062, 23, 1.87, -10.22999, 0.58315, 24, -11.87, -10.14999, 0.01064, 3, 21, 23.6, -9.76, 0.01274, 22, 9.87, -10.24, 0.74609, 23, -3.14, -10.59, 0.24116, 3, 21, 16.67, -9.97999, 0.23773, 22, 2.95, -10.09, 0.74216, 23, -10.06, -11.09, 0.02009, 3, 20, 21.97, -10.92, 0.04718, 21, 9.88, -10.21, 0.64691, 22, -3.83, -9.93, 0.3059, 3, 20, 14.35, -10.57, 0.37696, 21, 2.26, -10.46, 0.59618, 22, -11.46, -9.76, 0.02684, 3, 19, 22.12, -10, 0.04889, 20, 7.99, -10.28, 0.76483, 21, -4.09, -10.66, 0.18627, 3, 19, 15.33, -9.96, 0.34731, 20, 1.2, -9.97, 0.63893, 21, -10.88, -10.89, 0.01374, 2, 19, 8.33, -9.92, 0.83562, 20, -5.78, -9.64999, 0.16437, 2, 19, 2.8, -9.88, 0.9812, 20, -11.3, -9.39999, 0.01878, 1, 19, -1.92, -9.85, 1, 1, 24, 3.13, -1.25, 1, 1, 23, 9.22999, -0.39, 1, 1, 23, 2.54, 0.11, 1, 1, 22, 9.57, 0.58999, 1, 1, 22, 3.31, 0.85, 1, 1, 21, 9.37, 0.72, 1, 1, 21, 2.18, 0.49, 1, 1, 20, 8.62, 0.52, 1, 1, 20, 1.88, 1.01, 1, 1, 19, 9.18, 1.02, 1, 1, 19, 3.48, 1.29999, 1 ],
				"hull": 28,
				"edges": [ 2, 0, 0, 54, 26, 28, 28, 30, 28, 56, 56, 58, 58, 60, 60, 62, 62, 64, 64, 66, 66, 68, 68, 70, 70, 72, 72, 74, 74, 76, 76, 0, 30, 32, 32, 34, 34, 36, 36, 38, 38, 40, 40, 42, 42, 44, 44, 46, 46, 48, 48, 50, 50, 52, 52, 54, 2, 4, 4, 6, 6, 8, 8, 10, 10, 12, 12, 14, 14, 16, 16, 18, 18, 20, 20, 22, 22, 24, 24, 26, 56, 24, 56, 32, 34, 58, 60, 36, 38, 62, 40, 64, 42, 66, 44, 68, 46, 70, 48, 72, 50, 74, 52, 76, 76, 4, 74, 6, 72, 8, 70, 10, 68, 12, 66, 14, 64, 16, 62, 18, 60, 20, 58, 22 ],
				"width": 74,
				"height": 18
			}
		},
		"Light_Body": {
			"Rodney_ship_body_normal_light": { "x": 131.84, "y": 10.33, "rotation": -90, "width": 300, "height": 300 }
		},
		"Rodney_body_normal": {
			"Rodney_body_normal": { "x": 131.83, "y": 10.33, "rotation": -90, "width": 300, "height": 300 }
		},
		"Rodney_body_obai": {
			"Rodney_body_obai": {
				"type": "skinnedmesh",
				"uvs": [ 1, 0.48426, 1, 0.57281, 1, 0.65472, 1, 0.71228, 1, 0.7477, 1, 1, 0.75494, 1, 0.69268, 1, 0, 1, 0, 0.61044, 0, 0.50639, 0, 0, 0.26375, 0, 0.3312, 0, 0.40557, 0, 0.46784, 0, 0.54048, 0, 0.6235, 0, 0.69787, 0, 1, 0, 0.03891, 0.70342, 0.09944, 0.77205, 0.15652, 0.81854, 0.24299, 0.86282, 0.32601, 0.87832, 0.43497, 0.88717, 0.50762, 0.85839, 0.55431, 0.82076, 0.5768, 0.90045, 0.61831, 0.94694, 0.84488, 0.96023, 0.90195, 0.91374, 0.94865, 0.85175, 0.95557, 0.40013, 0.91579, 0.32265, 0.83623, 0.20753, 0.76878, 0.11012, 0.19284, 0.08577, 0.14268, 0.16325, 0.08906, 0.24516, 0.05274, 0.32486, 0.0268, 0.3957, 0.53183, 0.04813, 0.55258, 0.14775, 0.5768, 0.2518, 0.59755, 0.34257, 0.61139, 0.4599, 0.61485, 0.54624, 0.60274, 0.64586, 0.5768, 0.75213, 0.05274, 0.44441, 0.11328, 0.57945, 0.18419, 0.64144, 0.26202, 0.68571, 0.35023, 0.71007, 0.44535, 0.70564, 0.53702, 0.67686, 0.6529, 0.69235, 0.68922, 0.76984, 0.73592, 0.79862, 0.82066, 0.80747, 0.88812, 0.80083, 0.62004, 0.80305, 0.65982, 0.86725, 0.72554, 0.90488, 0.81893, 0.88939, 0.87082, 0.87167, 0.92271, 0.82961, 0.94865, 0.75434, 0.03372, 0.54846, 0.0735, 0.63701, 0.13922, 0.71007, 0.20149, 0.75656, 0.29142, 0.78312, 0.38482, 0.80305, 0.46438, 0.78755, 0.53356, 0.76984, 0.11328, 0.34921, 0.19976, 0.42005, 0.29661, 0.47983, 0.38136, 0.50861, 0.47994, 0.54846, 0.55085, 0.54181, 0.69441, 0.58609, 0.77916, 0.64365, 0.84142, 0.64365, 0.93136, 0.61487, 0.96595, 0.55288, 0.18938, 0.2031, 0.30526, 0.20089, 0.39174, 0.23852, 0.48513, 0.30936, 0.53356, 0.38242, 0.65636, 0.38463, 0.729, 0.32043, 0.81029, 0.30272, 0.2551, 0.09684, 0.32428, 0.06584, 0.41076, 0.08355, 0.47648, 0.13004, 0.52491, 0.20531, 0.61139, 0.1544, 0.64944, 0.09905, 0.70133, 0.12562, 0.80856, 0.18539 ],
				"triangles": [ 7, 8, 24, 8, 22, 23, 24, 8, 23, 7, 24, 25, 25, 26, 28, 8, 21, 22, 8, 20, 21, 8, 9, 20, 24, 74, 25, 25, 75, 26, 25, 74, 75, 23, 73, 24, 24, 73, 74, 22, 72, 23, 23, 72, 73, 26, 76, 27, 26, 75, 76, 22, 21, 72, 73, 54, 74, 74, 55, 75, 74, 54, 55, 75, 55, 76, 72, 53, 73, 73, 53, 54, 21, 71, 72, 21, 20, 71, 76, 55, 56, 71, 52, 72, 72, 52, 53, 55, 54, 80, 20, 70, 71, 71, 70, 52, 54, 53, 80, 55, 81, 56, 55, 80, 81, 20, 9, 70, 53, 79, 80, 53, 52, 79, 56, 81, 82, 70, 51, 52, 52, 51, 79, 9, 69, 70, 70, 69, 51, 9, 10, 69, 69, 50, 51, 51, 78, 79, 51, 50, 78, 69, 10, 50, 81, 80, 92, 10, 41, 50, 41, 10, 11, 80, 79, 91, 79, 90, 91, 90, 78, 89, 90, 79, 78, 50, 77, 78, 50, 41, 77, 77, 88, 78, 78, 88, 89, 41, 40, 77, 41, 11, 40, 40, 39, 77, 77, 39, 88, 40, 11, 39, 39, 38, 88, 39, 11, 38, 90, 89, 98, 98, 89, 97, 14, 97, 13, 97, 14, 98, 88, 96, 89, 88, 37, 96, 88, 38, 37, 89, 96, 97, 38, 11, 37, 97, 96, 12, 96, 37, 12, 37, 11, 12, 97, 12, 13, 6, 30, 5, 30, 31, 5, 31, 32, 5, 32, 4, 5, 7, 64, 6, 6, 65, 30, 6, 64, 65, 29, 7, 25, 29, 25, 28, 7, 29, 64, 31, 65, 66, 31, 30, 65, 29, 63, 64, 29, 28, 63, 32, 66, 67, 32, 31, 66, 64, 59, 65, 64, 63, 59, 26, 27, 28, 28, 62, 63, 28, 27, 62, 65, 60, 66, 65, 59, 60, 66, 61, 67, 66, 60, 61, 63, 58, 59, 63, 62, 58, 67, 68, 32, 32, 68, 4, 67, 61, 68, 27, 49, 62, 27, 76, 49, 59, 84, 60, 60, 85, 61, 60, 84, 85, 58, 62, 57, 61, 85, 68, 59, 58, 84, 76, 56, 49, 62, 49, 57, 58, 57, 84, 85, 86, 68, 4, 68, 3, 49, 48, 57, 49, 56, 48, 68, 86, 3, 86, 2, 3, 57, 83, 84, 57, 48, 83, 56, 82, 48, 86, 1, 2, 48, 47, 83, 48, 82, 47, 86, 85, 87, 84, 83, 33, 85, 33, 87, 94, 95, 83, 83, 95, 33, 86, 87, 1, 33, 85, 84, 34, 33, 95, 87, 0, 1, 87, 33, 0, 82, 46, 47, 83, 47, 46, 33, 19, 0, 33, 34, 19, 95, 35, 34, 34, 35, 19, 94, 104, 95, 95, 104, 35, 35, 104, 19, 104, 36, 19, 83, 46, 93, 83, 93, 94, 82, 81, 92, 82, 92, 46, 92, 80, 91, 92, 45, 46, 46, 45, 93, 93, 45, 94, 92, 91, 45, 91, 44, 45, 45, 44, 94, 44, 101, 94, 101, 103, 94, 104, 103, 36, 104, 94, 103, 91, 100, 44, 91, 90, 100, 101, 102, 103, 44, 100, 101, 101, 100, 43, 90, 99, 100, 90, 98, 99, 100, 99, 43, 101, 43, 102, 99, 42, 43, 43, 42, 102, 17, 42, 16, 42, 17, 102, 99, 98, 42, 36, 103, 18, 103, 102, 18, 36, 18, 19, 102, 17, 18, 98, 15, 42, 98, 14, 15, 42, 15, 16 ],
				"vertices": [ 3, 8, 13.16, 11.77, 0.00765, 15, 3.04, -6.85, 0.99233, 16, 3.82, -20.98, 0, 1, 15, 0.85, -6.53, 1, 1, 15, -1.16999, -6.24, 1, 1, 15, -2.58999, -6.03, 1, 1, 15, -3.47, -5.91, 1, 1, 15, -9.71, -5.01, 1, 3, 8, 23.59, 0.86, 7.3E-4, 15, -8.6, 2.74, 0.9074, 16, -10.03, -15.02, 0.09185, 3, 8, 23.07, -1.05999, 0.00521, 15, -8.31, 4.71, 0.81946, 16, -10.31, -13.05, 0.17531, 2, 8, 17.34, -22.47, 0, 16, -13.42, 8.89, 0.99999, 1, 16, -3.77, 10.25, 1, 2, 8, 5.42, -19.28, 0, 16, -1.2, 10.62, 1, 1, 16, 11.33, 12.39, 1, 2, 8, -4.62, -7.85, 0.13098, 16, 12.51, 4.03, 0.86901, 2, 8, -4.06, -5.76, 0.27951, 16, 12.81, 1.9, 0.72048, 2, 8, -3.44, -3.46, 0.53997, 16, 13.14, -0.45, 0.46002, 3, 8, -2.93, -1.54, 0.78137, 15, 17.44, 8.28, 4.7E-4, 16, 13.42, -2.42, 0.21815, 3, 8, -2.33, 0.7, 0.95299, 15, 17.11, 5.97, 0.01606, 16, 13.75, -4.71999, 0.03093, 2, 8, -1.64, 3.26, 0.89198, 15, 16.73, 3.35, 0.10801, 3, 8, -1.02, 5.56, 0.74914, 15, 16.4, 0.99, 0.25013, 16, 14.45, -9.71, 7.1E-4, 3, 8, 1.47, 14.9, 0.31588, 15, 15.02, -8.57, 0.68366, 16, 15.81, -19.28, 4.4E-4, 1, 16, -5.9, 8.68999, 1, 2, 15, 0.02, 22.69, 0.00183, 16, -7.33, 6.54, 0.99816, 2, 15, -1.38, 21.05, 0.01082, 16, -8.22, 4.56, 0.98917, 3, 8, 16.04, -14.07, 7.0E-5, 15, -2.87, 18.46999, 0.03626, 16, -8.93, 1.67, 0.96366, 3, 8, 17.1, -11.6, 0.00686, 15, -3.63, 15.89, 0.09364, 16, -8.93999, -1.01, 0.89949, 3, 8, 18.20999, -8.29, 0.02079, 15, -4.35, 12.47, 0.21067, 16, -8.67, -4.48999, 0.76852, 3, 8, 18.12, -5.86, 0.0394, 15, -3.97, 10.07, 0.39123, 16, -7.64, -6.69, 0.56936, 3, 8, 17.6, -4.17999, 0.06019, 15, -3.25, 8.46, 0.53291, 16, -6.49, -8.04, 0.40689, 3, 8, 19.70999, -4, 0.02739, 15, -5.32, 8.03, 0.60614, 16, -8.37, -9.03, 0.36646, 3, 8, 21.17, -3.01, 0.01295, 15, -6.66, 6.88, 0.71514, 16, -9.33, -10.51, 0.2719, 2, 15, -8.02, -0.24, 0.96996, 16, -8.64, -17.73, 0.03003, 2, 15, -7.13, -2.21, 0.99744, 16, -7.24, -19.37999, 0.00255, 2, 15, -5.81, -3.91, 0.99998, 16, -5.49, -20.64, 1.0E-5, 3, 8, 10.76, 10.94, 0.04081, 15, 5.32, -5.74, 0.95916, 16, 5.71, -19.28, 2.0E-5, 3, 8, 8.56, 10.21, 0.13445, 15, 7.42, -4.75, 0.86544, 16, 7.44, -17.74, 9.0E-5, 3, 8, 5.12, 8.5, 0.28687, 15, 10.63, -2.64, 0.71292, 16, 9.93999, -14.82, 1.9E-4, 3, 8, 2.21, 7.04, 0.63827, 15, 13.35, -0.85, 0.36124, 16, 12.05, -12.34, 4.7E-4, 2, 8, -3.13, -10.59, 0.03563, 16, 10.07, 5.98, 0.96436, 2, 8, -1.68, -12.65, 0.00697, 16, 7.92, 7.3, 0.99302, 2, 8, -0.14, -14.83, 6.6E-4, 16, 5.66, 8.71, 0.99933, 1, 16, 3.52, 9.58, 1, 1, 16, 1.65, 10.14999, 1, 3, 8, -1.24, 0.12, 0.95299, 15, 15.96, 6.42, 0.01606, 16, 12.52, -4.62, 0.03093, 1, 8, 1.33, 0.11, 1, 1, 8, 4.04, 0.19, 1, 1, 8, 6.41, 0.24, 1, 3, 8, 9.35999, -0.08, 0.47302, 15, 5.41, 5.37, 0.45217, 16, 2.68, -8.58, 0.0748, 3, 8, 11.47, -0.52999, 0.27085, 15, 3.26, 5.56, 0.59534, 16, 0.56, -8.99, 0.13378, 3, 8, 13.77, -1.55, 0.18794, 15, 0.85, 6.3, 0.58752, 16, -1.95, -8.96, 0.22452, 3, 8, 16.12999, -3.04, 0.10748, 15, -1.65, 7.5, 0.56635, 16, -4.69999, -8.51, 0.32615, 1, 16, 0.56, 9.16, 1, 2, 8, 8.12, -16.25, 0, 16, -2.5, 6.77, 1, 2, 15, 2.86, 19.54, 0.00527, 16, -3.72, 4.31, 0.99472, 2, 15, 1.41, 17.23, 0.01065, 16, -4.46, 1.69, 0.98934, 3, 8, 13.23, -9.77, 0.01448, 15, 0.41, 14.53, 0.07071, 16, -4.67, -1.17999, 0.91479, 3, 8, 13.92, -6.8, 0.10517, 15, 0.09, 11.5, 0.22253, 16, -4.13, -4.17999, 0.67229, 3, 8, 13.98, -3.78, 0.1871, 15, 0.38, 8.49, 0.38006, 16, -3.01, -6.98, 0.43282, 3, 8, 15.31, -0.3, 0.06961, 15, -0.52, 4.88, 0.77781, 16, -2.87, -10.71, 0.15256, 3, 8, 17.48, 0.31, 0.02607, 15, -2.59999, 4, 0.83149, 16, -4.63, -12.13, 0.14241, 3, 8, 18.57, 1.57, 0.01342, 15, -3.53, 2.63, 0.93035, 16, -5.13, -13.71, 0.05622, 3, 8, 19.48, 4.13, 0.00122, 15, -4.13, -0.02, 0.97066, 16, -4.96999, -16.43, 0.02811, 2, 15, -4.28, -2.18, 0.99501, 16, -4.5, -18.54, 0.00498, 3, 8, 17.70999, -2.03, 0.04636, 15, -3.11, 6.31, 0.69404, 16, -5.76, -10.06, 0.25959, 3, 8, 19.59, -1.22, 0.01446, 15, -4.88, 5.28, 0.79171, 16, -7.17, -11.54, 0.19381, 3, 8, 21.05, 0.56, 0.00329, 15, -6.11, 3.33, 0.8852, 16, -7.81, -13.76, 0.1115, 3, 8, 21.45, 3.55, 1.6E-4, 15, -6.15, 0.32, 0.95327, 16, -7.01, -16.66, 0.04655, 2, 15, -5.95, -1.38, 0.98785, 16, -6.34, -18.24, 0.01214, 2, 15, -5.15, -3.17, 0.99772, 16, -5.06, -19.74, 0.00227, 1, 15, -3.4, -4.26, 1, 2, 8, 6.71, -18.51, 0, 16, -2.08999, 9.39999, 1, 2, 8, 9.18, -17.85, 0, 16, -4.1, 7.83, 1, 2, 15, 1.37, 21.21, 0.00183, 16, -5.62, 5.49, 0.99816, 2, 15, -0.05, 19.4, 0.01082, 16, -6.49, 3.36, 0.98917, 3, 8, 14.51, -12.06, 0.00277, 15, -1.12, 16.65, 0.04667, 16, -6.74, 0.41, 0.95054, 3, 8, 15.77, -9.3, 0.0352, 15, -2.04, 13.76, 0.15376, 16, -6.82, -2.59999, 0.81102, 3, 8, 16.04999, -6.74, 0.05443, 15, -2.02, 11.19, 0.26936, 16, -6.08, -5.07, 0.67619, 3, 8, 16.2, -4.48999, 0.09055, 15, -1.89, 8.93, 0.3922, 16, -5.33, -7.2, 0.51724, 1, 16, 3.19, 7.58, 1, 1, 16, 1.82, 4.59, 1, 1, 16, 0.78, 1.30999, 1, 3, 8, 8.63, -7.5, 0.08896, 15, 5.25, 12.82, 0.01122, 16, 0.45, -1.46, 0.89981, 3, 8, 10.41, -4.71, 0.32518, 15, 3.82, 9.84, 0.08376, 16, -0.09, -4.73, 0.59105, 3, 8, 10.83, -2.48, 0.36087, 15, 3.66, 7.57, 0.35218, 16, 0.38, -6.95, 0.28694, 3, 8, 13.09, 1.66, 0.20499, 15, 1.91, 3.19, 0.7423, 16, -0.06, -11.65, 0.0527, 1, 15, 0.1, 0.71, 1, 1, 15, -0.17, -1.26, 1, 1, 15, 0.12, -4.21, 1, 1, 15, 1.49, -5.52, 1, 2, 8, -0.33, -11.46, 0.0216, 16, 7.15, 5.68, 0.97839, 2, 8, 0.57, -7.86, 0.15734, 16, 7.72, 2.02, 0.84265, 2, 8, 2.19, -5.43, 0.37779, 16, 7.18, -0.85, 0.6222, 2, 8, 4.67999, -3.01, 0.77256, 16, 5.84, -4.05, 0.22743, 2, 8, 6.84, -1.98, 0.90202, 16, 4.25, -5.84, 0.09797, 3, 8, 7.91, 1.79, 0.79898, 15, 7.07, 3.67, 0.18755, 16, 4.75, -9.74, 0.01346, 2, 8, 6.96, 4.44999, 0.51092, 15, 8.33, 1.14, 0.48907, 2, 8, 7.21, 7.08, 0.27793, 15, 8.39, -1.48, 0.72206, 2, 8, -2.34999, -8.74, 0.09291, 16, 10.07, 3.97, 0.90708, 2, 8, -2.53, -6.4, 0.27399, 16, 11.15, 1.89, 0.726, 2, 8, -1.38, -3.84, 0.5235, 16, 11.1, -0.91, 0.47648, 2, 8, 0.27, -2.10999, 0.78749, 16, 10.24, -3.15, 0.2125, 1, 8, 2.49, -1.1, 1, 2, 8, 1.98, 1.89, 0.92724, 15, 12.97, 4.28, 0.07275, 2, 8, 0.96, 3.42, 0.87676, 15, 14.17, 2.88, 0.12323, 3, 8, 2.03, 4.86, 0.75799, 15, 13.27, 1.33, 0.2418, 16, 11.36, -10.26, 1.9E-4, 3, 8, 4.36, 7.78, 0.5244, 15, 11.3, -1.85, 0.47541, 16, 10.35999, -13.87, 1.7E-4 ],
				"hull": 20,
				"edges": [ 20, 22, 16, 18, 18, 20, 14, 16, 10, 12, 12, 14, 10, 8, 4, 2, 2, 0, 0, 38, 36, 38, 34, 36, 32, 34, 30, 32, 28, 30, 26, 28, 22, 24, 24, 26, 4, 6, 6, 8 ],
				"width": 32,
				"height": 25
			}
		},
		"Rodney_fornt_normal": {
			"Rodney_fornt_normal": { "x": -25.13, "y": 30.52, "rotation": 95.84, "width": 300, "height": 300 }
		},
		"Rodney_fornt_normal_light": {
			"Rodney_fornt_normal_light": { "x": -25.13, "y": 30.52, "rotation": 95.84, "width": 300, "height": 300 }
		},
		"Rodney_ship_armor_down": {
			"Rodney_ship_armor_down": { "x": -49.67, "y": 11.47, "rotation": 40.63, "width": 300, "height": 300 }
		},
		"Rodney_ship_armor_down_light": {
			"Rodney_ship_armor_down_light": { "x": -49.67, "y": 11.47, "rotation": 40.63, "width": 300, "height": 300 }
		},
		"Rodney_ship_armor_gun": {
			"Rodney_ship_armor_gun": { "x": -10.29, "y": 39.44, "rotation": 8.5, "width": 300, "height": 300 }
		},
		"Rodney_ship_armor_gun_light": {
			"Rodney_ship_armor_gun_light": { "x": -10.29, "y": 39.44, "rotation": 8.5, "width": 300, "height": 300 }
		},
		"Rodney_ship_armor_normal": {
			"Rodney_ship_armor_normal": { "x": 49.66, "y": 31.83, "width": 300, "height": 300 }
		},
		"Rodney_ship_armor_normal_light": {
			"Rodney_ship_armor_normal_light": { "x": 49.67, "y": 31.84, "width": 300, "height": 300 }
		},
		"Rodney_ship_normal": {
			"Rodney_ship_normal": { "x": -78.8, "y": -67.92, "rotation": 169.48, "width": 300, "height": 300 }
		}
	}
},
"events": {
	"Antiaircraft": {},
	"attack_point": {},
	"damage_point": {},
	"throw_point": {}
},
"animations": {
	"Antiaircraft": {
		"slots": {
			"Light_Body": {
				"attachment": [
					{ "time": 0, "name": null },
					{ "time": 0.0666, "name": "Rodney_ship_body_normal_light" },
					{ "time": 0.5, "name": null },
					{ "time": 0.6, "name": "Rodney_ship_body_normal_light" },
					{ "time": 1.2666, "name": null },
					{ "time": 1.3666, "name": "Rodney_ship_body_normal_light" },
					{ "time": 2, "name": null }
				],
				"color": [
					{ "time": 0.0666, "color": "ffffffff" },
					{ "time": 0.1666, "color": "ffffff00" },
					{ "time": 0.2, "color": "ffffffff" },
					{ "time": 0.3333, "color": "ffffff00" },
					{ "time": 0.3666, "color": "ffffffff" },
					{ "time": 0.4666, "color": "ffffff00" },
					{ "time": 0.6, "color": "ffffffff" },
					{ "time": 0.7333, "color": "ffffff00" },
					{ "time": 0.8, "color": "ffffffff" },
					{ "time": 0.9, "color": "ffffff00" },
					{ "time": 0.9666, "color": "ffffffff" },
					{ "time": 1.1, "color": "ffffff00" },
					{ "time": 1.1333, "color": "ffffffff" },
					{ "time": 1.2333, "color": "ffffff00" },
					{ "time": 1.3666, "color": "ffffffff" },
					{ "time": 1.4666, "color": "ffffff00" },
					{ "time": 1.5333, "color": "ffffffff" },
					{ "time": 1.6333, "color": "ffffff00" },
					{ "time": 1.7, "color": "ffffffff" },
					{ "time": 1.8333, "color": "ffffff00" },
					{ "time": 1.8666, "color": "ffffffff" },
					{ "time": 1.9666, "color": "ffffff00" }
				]
			},
			"Rodney_fornt_normal_light": {
				"attachment": [
					{ "time": 0.0666, "name": "Rodney_fornt_normal_light" },
					{ "time": 0.5, "name": null },
					{ "time": 0.6, "name": "Rodney_fornt_normal_light" },
					{ "time": 1.2666, "name": null },
					{ "time": 1.3666, "name": "Rodney_fornt_normal_light" },
					{ "time": 2, "name": null }
				],
				"color": [
					{ "time": 0.0666, "color": "ffffffff" },
					{ "time": 0.1666, "color": "ffffff00" },
					{ "time": 0.2, "color": "ffffffff" },
					{ "time": 0.3333, "color": "ffffff00" },
					{ "time": 0.3666, "color": "ffffffff" },
					{ "time": 0.4666, "color": "ffffff00" },
					{ "time": 0.6, "color": "ffffffff" },
					{ "time": 0.7333, "color": "ffffff00" },
					{ "time": 0.8, "color": "ffffffff" },
					{ "time": 0.9, "color": "ffffff00" },
					{ "time": 0.9666, "color": "ffffffff" },
					{ "time": 1.1, "color": "ffffff00" },
					{ "time": 1.1333, "color": "ffffffff" },
					{ "time": 1.2333, "color": "ffffff00" },
					{ "time": 1.3666, "color": "ffffffff" },
					{ "time": 1.4666, "color": "ffffff00" },
					{ "time": 1.5333, "color": "ffffffff" },
					{ "time": 1.6333, "color": "ffffff00" },
					{ "time": 1.7, "color": "ffffffff" },
					{ "time": 1.8333, "color": "ffffff00" },
					{ "time": 1.8666, "color": "ffffffff" },
					{ "time": 1.9666, "color": "ffffff00" }
				]
			},
			"Rodney_ship_armor_down_light": {
				"attachment": [
					{ "time": 0.0666, "name": "Rodney_ship_armor_down_light" },
					{ "time": 0.5, "name": null },
					{ "time": 0.6, "name": "Rodney_ship_armor_down_light" },
					{ "time": 1.2666, "name": null },
					{ "time": 1.3666, "name": "Rodney_ship_armor_down_light" },
					{ "time": 2, "name": null }
				],
				"color": [
					{ "time": 0.0666, "color": "ffffffff" },
					{ "time": 0.1666, "color": "ffffff00" },
					{ "time": 0.2, "color": "ffffffff" },
					{ "time": 0.3333, "color": "ffffff00" },
					{ "time": 0.3666, "color": "ffffffff" },
					{ "time": 0.4666, "color": "ffffff00" },
					{ "time": 0.6, "color": "ffffffff" },
					{ "time": 0.7333, "color": "ffffff00" },
					{ "time": 0.8, "color": "ffffffff" },
					{ "time": 0.9, "color": "ffffff00" },
					{ "time": 0.9666, "color": "ffffffff" },
					{ "time": 1.1, "color": "ffffff00" },
					{ "time": 1.1333, "color": "ffffffff" },
					{ "time": 1.2333, "color": "ffffff00" },
					{ "time": 1.3666, "color": "ffffffff" },
					{ "time": 1.4666, "color": "ffffff00" },
					{ "time": 1.5333, "color": "ffffffff" },
					{ "time": 1.6333, "color": "ffffff00" },
					{ "time": 1.7, "color": "ffffffff" },
					{ "time": 1.8333, "color": "ffffff00" },
					{ "time": 1.8666, "color": "ffffffff" },
					{ "time": 1.9666, "color": "ffffff00" }
				]
			},
			"Rodney_ship_armor_gun_light": {
				"attachment": [
					{ "time": 0.0666, "name": "Rodney_ship_armor_gun_light" },
					{ "time": 0.5, "name": null },
					{ "time": 0.6, "name": "Rodney_ship_armor_gun_light" },
					{ "time": 1.2666, "name": null },
					{ "time": 1.3666, "name": "Rodney_ship_armor_gun_light" },
					{ "time": 2, "name": null }
				],
				"color": [
					{ "time": 0.0666, "color": "ffffffff" },
					{ "time": 0.1666, "color": "ffffff00" },
					{ "time": 0.2, "color": "ffffffff" },
					{ "time": 0.3333, "color": "ffffff00" },
					{ "time": 0.3666, "color": "ffffffff" },
					{ "time": 0.4666, "color": "ffffff00" },
					{ "time": 0.6, "color": "ffffffff" },
					{ "time": 0.7333, "color": "ffffff00" },
					{ "time": 0.8, "color": "ffffffff" },
					{ "time": 0.9, "color": "ffffff00" },
					{ "time": 0.9666, "color": "ffffffff" },
					{ "time": 1.1, "color": "ffffff00" },
					{ "time": 1.1333, "color": "ffffffff" },
					{ "time": 1.2333, "color": "ffffff00" },
					{ "time": 1.3666, "color": "ffffffff" },
					{ "time": 1.4666, "color": "ffffff00" },
					{ "time": 1.5333, "color": "ffffffff" },
					{ "time": 1.6333, "color": "ffffff00" },
					{ "time": 1.7, "color": "ffffffff" },
					{ "time": 1.8333, "color": "ffffff00" },
					{ "time": 1.8666, "color": "ffffffff" },
					{ "time": 1.9666, "color": "ffffff00" }
				]
			},
			"Rodney_ship_armor_normal_light": {
				"attachment": [
					{ "time": 0.0666, "name": "Rodney_ship_armor_normal_light" },
					{ "time": 0.5, "name": null },
					{ "time": 0.6, "name": "Rodney_ship_armor_normal_light" },
					{ "time": 1.2666, "name": null },
					{ "time": 1.3666, "name": "Rodney_ship_armor_normal_light" },
					{ "time": 2, "name": null }
				],
				"color": [
					{ "time": 0.0666, "color": "ffffffff" },
					{ "time": 0.1666, "color": "ffffff00" },
					{ "time": 0.2, "color": "ffffffff" },
					{ "time": 0.3333, "color": "ffffff00" },
					{ "time": 0.3666, "color": "ffffffff" },
					{ "time": 0.4666, "color": "ffffff00" },
					{ "time": 0.6, "color": "ffffffff" },
					{ "time": 0.7333, "color": "ffffff00" },
					{ "time": 0.8, "color": "ffffffff" },
					{ "time": 0.9, "color": "ffffff00" },
					{ "time": 0.9666, "color": "ffffffff" },
					{ "time": 1.1, "color": "ffffff00" },
					{ "time": 1.1333, "color": "ffffffff" },
					{ "time": 1.2333, "color": "ffffff00" },
					{ "time": 1.3666, "color": "ffffffff" },
					{ "time": 1.4666, "color": "ffffff00" },
					{ "time": 1.5333, "color": "ffffffff" },
					{ "time": 1.6333, "color": "ffffff00" },
					{ "time": 1.7, "color": "ffffffff" },
					{ "time": 1.8333, "color": "ffffff00" },
					{ "time": 1.8666, "color": "ffffffff" },
					{ "time": 1.9666, "color": "ffffff00" }
				]
			}
		},
		"bones": {
			"Body": {
				"rotate": [
					{ "time": 0, "angle": 0, "curve": "stepped" },
					{ "time": 2, "angle": 0 }
				],
				"translate": [
					{ "time": 0, "x": 0, "y": 0, "curve": "stepped" },
					{ "time": 2, "x": 0, "y": 0 }
				]
			},
			"Ship": {
				"rotate": [
					{ "time": 0, "angle": 0, "curve": "stepped" },
					{ "time": 2, "angle": 0 }
				],
				"translate": [
					{
						"time": 0,
						"x": 0,
						"y": 0,
						"curve": [ 0.319, 0.33, 0.653, 0.66 ]
					},
					{
						"time": 0.5,
						"x": 1.79,
						"y": 0,
						"curve": [ 0.289, 0.43, 0.622, 0.73 ]
					},
					{
						"time": 1.5,
						"x": -2.75,
						"y": 0,
						"curve": [ 0.487, 0.33, 0.657, 0.5 ]
					},
					{ "time": 2, "x": 0, "y": 0 }
				]
			},
			"Tail_F_3": {
				"rotate": [
					{ "time": 0, "angle": -12.47 },
					{ "time": 0.6666, "angle": -12.97 },
					{ "time": 1.3333, "angle": -20.31 },
					{ "time": 2, "angle": -12.47 }
				],
				"translate": [
					{ "time": 0, "x": 0, "y": 0, "curve": "stepped" },
					{ "time": 2, "x": 0, "y": 0 }
				]
			},
			"Tail_F_6": {
				"rotate": [
					{ "time": 0, "angle": -16.21 },
					{ "time": 0.6666, "angle": 34.32 },
					{ "time": 1.3333, "angle": -20.94 },
					{ "time": 2, "angle": -16.21 }
				],
				"translate": [
					{ "time": 0, "x": 0, "y": 0, "curve": "stepped" },
					{ "time": 2, "x": 0, "y": 0 }
				]
			},
			"Tail_F_5": {
				"rotate": [
					{ "time": 0, "angle": -23.5 },
					{ "time": 0.6666, "angle": 29.35 },
					{ "time": 1.3333, "angle": -32.17 },
					{ "time": 2, "angle": -23.5 }
				],
				"translate": [
					{ "time": 0, "x": 0, "y": 0, "curve": "stepped" },
					{ "time": 2, "x": 0, "y": 0 }
				]
			},
			"Bomb_in": {
				"rotate": [
					{ "time": 0, "angle": 0 },
					{ "time": 0.5, "angle": 3.59 },
					{ "time": 1.5, "angle": -1 },
					{ "time": 2, "angle": 0 }
				],
				"translate": [
					{ "time": 0, "x": 0, "y": 0, "curve": "stepped" },
					{ "time": 2, "x": 0, "y": 0 }
				]
			},
			"Tail_F_2": {
				"rotate": [
					{ "time": 0, "angle": 73.17 },
					{ "time": 0.6666, "angle": 0.09 },
					{ "time": 1.3333, "angle": 33.04 },
					{ "time": 2, "angle": 73.17 }
				],
				"translate": [
					{ "time": 0, "x": 0, "y": 0, "curve": "stepped" },
					{ "time": 2, "x": 0, "y": 0 }
				]
			},
			"Ship_All": {
				"rotate": [
					{ "time": 0, "angle": 0, "curve": "stepped" },
					{ "time": 2, "angle": 0 }
				],
				"translate": [
					{ "time": 0, "x": 0, "y": 0, "curve": "stepped" },
					{ "time": 2, "x": 0, "y": 0 }
				]
			},
			"Tail_F_7": {
				"rotate": [
					{ "time": 0, "angle": -22.36 },
					{ "time": 0.6666, "angle": 40.07 },
					{ "time": 1.3333, "angle": -5.34 },
					{ "time": 2, "angle": -22.36 }
				],
				"translate": [
					{ "time": 0, "x": 0, "y": 0, "curve": "stepped" },
					{ "time": 2, "x": 0, "y": 0 }
				]
			},
			"Ship_down": {
				"rotate": [
					{ "time": 0, "angle": 0 },
					{ "time": 0.5, "angle": 12.32 },
					{ "time": 1.5, "angle": -8.42 },
					{ "time": 2, "angle": 0 }
				],
				"translate": [
					{ "time": 0, "x": 0, "y": 0, "curve": "stepped" },
					{ "time": 2, "x": 0, "y": 0 }
				]
			},
			"Root_All": {
				"rotate": [
					{ "time": 0, "angle": 0, "curve": "stepped" },
					{ "time": 2, "angle": 0 }
				],
				"translate": [
					{
						"time": 0,
						"x": 0,
						"y": 0,
						"curve": [ 0.255, 0.35, 0.6, 0.7 ]
					},
					{
						"time": 0.5,
						"x": 0,
						"y": -9.82,
						"curve": [ 0.3, 0.39, 0.641, 0.74 ]
					},
					{
						"time": 1,
						"x": 0,
						"y": -15.66,
						"curve": [ 0.322, 0.37, 0.652, 0.7 ]
					},
					{
						"time": 1.5,
						"x": 0,
						"y": -7.79,
						"curve": [ 0.314, 0.36, 0.644, 0.68 ]
					},
					{ "time": 2, "x": 0, "y": 0 }
				]
			},
			"Ship_other": {
				"rotate": [
					{ "time": 0, "angle": 0 },
					{ "time": 0.5, "angle": -2.65 },
					{ "time": 1.5, "angle": 3.4 },
					{ "time": 2, "angle": 0 }
				],
				"translate": [
					{ "time": 0, "x": 0, "y": 0, "curve": "stepped" },
					{ "time": 2, "x": 0, "y": 0 }
				]
			},
			"Tail_F_4": {
				"rotate": [
					{ "time": 0, "angle": -14.94 },
					{ "time": 0.6666, "angle": -13.04 },
					{ "time": 2, "angle": -14.94 }
				],
				"translate": [
					{ "time": 0, "x": 0, "y": 0, "curve": "stepped" },
					{ "time": 2, "x": 0, "y": 0 }
				]
			},
			"Obai_all": {
				"rotate": [
					{ "time": 0, "angle": 0 },
					{ "time": 0.5, "angle": -1.7 },
					{ "time": 1.5, "angle": -1.28 },
					{ "time": 2, "angle": 0 }
				],
				"translate": [
					{ "time": 0, "x": 0, "y": 0 },
					{ "time": 0.5, "x": 0.28, "y": -0.28 },
					{ "time": 1.5, "x": -1.51, "y": 0.08 },
					{ "time": 2, "x": 0, "y": 0 }
				]
			},
			"Obai_R": {
				"rotate": [
					{ "time": 0, "angle": 0 },
					{ "time": 0.5, "angle": -2.82 },
					{ "time": 1.5, "angle": 4.12 },
					{ "time": 2, "angle": 0 }
				],
				"translate": [
					{ "time": 0, "x": 0, "y": 0 },
					{ "time": 0.5, "x": 0.14, "y": -0.41 },
					{ "time": 1.5, "x": -0.49, "y": -0.2 },
					{ "time": 2, "x": 0, "y": 0 }
				]
			},
			"Obai_L": {
				"rotate": [
					{ "time": 0, "angle": 0 },
					{ "time": 0.5, "angle": -349.73 },
					{ "time": 1.5, "angle": -5.1 },
					{ "time": 2, "angle": 0 }
				],
				"translate": [
					{ "time": 0, "x": 0, "y": 0 },
					{ "time": 0.5, "x": -0.24, "y": 0.94 },
					{ "time": 1.5, "x": -0.51, "y": -0.21 },
					{ "time": 2, "x": 0, "y": 0 }
				]
			}
		},
		"events": [
			{ "time": 0.0666, "name": "Antiaircraft" }
		]
	},
	"attack": {
		"slots": {
			"Light_Body": {
				"attachment": [
					{ "time": 0, "name": null },
					{ "time": 0.0666, "name": null },
					{ "time": 0.1, "name": "Rodney_ship_body_normal_light" },
					{ "time": 1.6666, "name": null }
				],
				"color": [
					{ "time": 0.1, "color": "ffffffff" },
					{ "time": 0.5333, "color": "fffffffb" },
					{ "time": 0.8333, "color": "ffffff00" }
				]
			},
			"Rodney_fornt_normal_light": {
				"attachment": [
					{ "time": 0.1, "name": "Rodney_fornt_normal_light" }
				],
				"color": [
					{ "time": 0.1, "color": "ffffffff", "curve": "stepped" },
					{ "time": 0.5333, "color": "ffffffff" },
					{ "time": 0.8333, "color": "ffffff00" }
				]
			},
			"Rodney_ship_armor_down_light": {
				"attachment": [
					{ "time": 0.1, "name": "Rodney_ship_armor_down_light" }
				],
				"color": [
					{ "time": 0.1, "color": "ffffffff", "curve": "stepped" },
					{ "time": 0.5333, "color": "ffffffff" },
					{ "time": 0.8333, "color": "ffffff00" }
				]
			},
			"Rodney_ship_armor_gun_light": {
				"attachment": [
					{ "time": 0.1, "name": "Rodney_ship_armor_gun_light" }
				],
				"color": [
					{ "time": 0.1, "color": "ffffffff", "curve": "stepped" },
					{ "time": 0.5333, "color": "ffffffff" },
					{ "time": 0.8333, "color": "ffffff00" }
				]
			},
			"Rodney_ship_armor_normal_light": {
				"attachment": [
					{ "time": 0.1, "name": "Rodney_ship_armor_normal_light" }
				],
				"color": [
					{ "time": 0.1, "color": "ffffffff", "curve": "stepped" },
					{ "time": 0.5333, "color": "ffffffff" },
					{ "time": 0.8333, "color": "ffffff00" }
				]
			}
		},
		"bones": {
			"Root_All": {
				"rotate": [
					{ "time": 0, "angle": 0, "curve": "stepped" },
					{ "time": 1.6666, "angle": 0 }
				],
				"translate": [
					{
						"time": 0,
						"x": 0,
						"y": 0,
						"curve": [ 0.255, 0.35, 0.6, 0.7 ]
					},
					{ "time": 0.0666, "x": 8.69, "y": 0 },
					{ "time": 0.1666, "x": -87.44, "y": 0 },
					{ "time": 0.3333, "x": -61.04, "y": 0 },
					{ "time": 0.5333, "x": -69.84, "y": 0 },
					{ "time": 1, "x": -85.6, "y": 0 },
					{ "time": 1.4, "x": 15.07, "y": 0 },
					{ "time": 1.6666, "x": 0, "y": 0 }
				]
			},
			"Ship": {
				"rotate": [
					{
						"time": 0,
						"angle": 0,
						"curve": [ 0.219, 0.41, 0.591, 0.77 ]
					},
					{ "time": 0.0666, "angle": -357.51 },
					{ "time": 0.1666, "angle": -363.25 },
					{ "time": 0.3333, "angle": -362.08 },
					{ "time": 1.4, "angle": -358.29 },
					{ "time": 1.6666, "angle": 0 }
				],
				"translate": [
					{
						"time": 0,
						"x": 0,
						"y": 0,
						"curve": [ 0.319, 0.33, 0.653, 0.66 ]
					},
					{ "time": 0.0666, "x": 0.81, "y": 0.6 },
					{ "time": 0.1666, "x": 6.07, "y": -0.21 },
					{ "time": 0.3333, "x": 4.52, "y": -2.2 },
					{ "time": 1, "x": 2.26, "y": -1.7 },
					{ "time": 1.4, "x": -0.3, "y": -1.89 },
					{ "time": 1.6666, "x": 0, "y": 0 }
				]
			},
			"Ship_All": {
				"rotate": [
					{ "time": 0, "angle": 0, "curve": "stepped" },
					{ "time": 1.6666, "angle": 0 }
				],
				"translate": [
					{ "time": 0, "x": 0, "y": 0, "curve": "stepped" },
					{ "time": 1.6666, "x": 0, "y": 0 }
				]
			},
			"Body": {
				"rotate": [
					{ "time": 0, "angle": 0, "curve": "stepped" },
					{ "time": 1.6666, "angle": 0 }
				],
				"translate": [
					{ "time": 0, "x": 0, "y": 0, "curve": "stepped" },
					{ "time": 1.6666, "x": 0, "y": 0 }
				]
			},
			"Attack_Point": {
				"rotate": [
					{ "time": 0.0666, "angle": 0 }
				],
				"translate": [
					{ "time": 0.0666, "x": 0, "y": 0 }
				]
			},
			"Tail_F_3": {
				"rotate": [
					{ "time": 0, "angle": -12.47 },
					{ "time": 0.0666, "angle": -15.59 },
					{ "time": 0.1666, "angle": -9.11 },
					{ "time": 0.5, "angle": -19.54 },
					{ "time": 1, "angle": -8.66 },
					{ "time": 1.3333, "angle": -13.77 },
					{ "time": 1.6666, "angle": -12.47 }
				],
				"translate": [
					{ "time": 0, "x": 0, "y": 0, "curve": "stepped" },
					{ "time": 1.6666, "x": 0, "y": 0 }
				]
			},
			"Tail_F_6": {
				"rotate": [
					{ "time": 0, "angle": -16.21 },
					{ "time": 0.0666, "angle": -19.33 },
					{ "time": 0.1666, "angle": -12.85 },
					{ "time": 0.5, "angle": -23.28 },
					{ "time": 1, "angle": -12.4 },
					{ "time": 1.3333, "angle": -17.51 },
					{ "time": 1.6666, "angle": -16.21 }
				],
				"translate": [
					{ "time": 0, "x": 0, "y": 0, "curve": "stepped" },
					{ "time": 1.6666, "x": 0, "y": 0 }
				]
			},
			"Tail_F_7": {
				"rotate": [
					{ "time": 0, "angle": -22.36 },
					{ "time": 0.0666, "angle": -25.49 },
					{ "time": 0.1666, "angle": -19.01 },
					{ "time": 0.5, "angle": -29.44 },
					{ "time": 1, "angle": -18.55 },
					{ "time": 1.3333, "angle": -23.67 },
					{ "time": 1.6666, "angle": -22.36 }
				],
				"translate": [
					{ "time": 0, "x": 0, "y": 0, "curve": "stepped" },
					{ "time": 1.6666, "x": 0, "y": 0 }
				]
			},
			"Tail_F_4": {
				"rotate": [
					{ "time": 0, "angle": -14.94 },
					{ "time": 0.0666, "angle": -18.06 },
					{ "time": 0.1666, "angle": -11.58 },
					{ "time": 0.5, "angle": -22.01 },
					{ "time": 1, "angle": -11.13 },
					{ "time": 1.3333, "angle": -16.24 },
					{ "time": 1.6666, "angle": -14.94 }
				],
				"translate": [
					{ "time": 0, "x": 0, "y": 0, "curve": "stepped" },
					{ "time": 1.6666, "x": 0, "y": 0 }
				]
			},
			"Tail_F_2": {
				"rotate": [
					{ "time": 0, "angle": 73.17 },
					{ "time": 0.0666, "angle": 70.04 },
					{ "time": 0.1666, "angle": 76.52 },
					{ "time": 0.5, "angle": 66.1 },
					{ "time": 1, "angle": 76.98 },
					{ "time": 1.3333, "angle": 71.87 },
					{ "time": 1.6666, "angle": 73.17 }
				],
				"translate": [
					{ "time": 0, "x": 0, "y": 0, "curve": "stepped" },
					{ "time": 1.6666, "x": 0, "y": 0 }
				]
			},
			"Tail_F_5": {
				"rotate": [
					{ "time": 0, "angle": -23.5 },
					{ "time": 0.0666, "angle": -26.63 },
					{ "time": 0.1666, "angle": -20.14 },
					{ "time": 0.5, "angle": -30.57 },
					{ "time": 1, "angle": -19.69 },
					{ "time": 1.3333, "angle": -24.8 },
					{ "time": 1.6666, "angle": -23.5 }
				],
				"translate": [
					{ "time": 0, "x": 0, "y": 0, "curve": "stepped" },
					{ "time": 1.6666, "x": 0, "y": 0 }
				]
			},
			"Ship_other": {
				"rotate": [
					{ "time": 0, "angle": 0 },
					{ "time": 0.0666, "angle": -11.31 },
					{ "time": 0.1666, "angle": 14.64 },
					{ "time": 0.4333, "angle": 3.18 },
					{ "time": 0.8, "angle": 9.7 },
					{ "time": 1.1666, "angle": 2.51 },
					{ "time": 1.6666, "angle": 0 }
				],
				"translate": [
					{ "time": 0, "x": 0, "y": 0 },
					{ "time": 0.0666, "x": -2.62, "y": 0 },
					{ "time": 0.1666, "x": 3.27, "y": 0 },
					{ "time": 0.4333, "x": 1.64, "y": 0 },
					{ "time": 0.8, "x": 2.72, "y": 0 },
					{ "time": 1.1666, "x": 0.53, "y": 0 },
					{ "time": 1.6666, "x": 0, "y": 0 }
				]
			},
			"Ship_down": {
				"rotate": [
					{ "time": 0, "angle": 0 },
					{ "time": 0.0666, "angle": 25.68 },
					{ "time": 0.1666, "angle": -5.35 },
					{ "time": 0.4333, "angle": 12.02 },
					{ "time": 0.8333, "angle": -0.13 },
					{ "time": 1.2666, "angle": 17.29 },
					{ "time": 1.6666, "angle": 0 }
				],
				"translate": [
					{ "time": 0, "x": 0, "y": 0 },
					{ "time": 0.0666, "x": 1.75, "y": 0 },
					{ "time": 0.1666, "x": -2.79, "y": 0 },
					{ "time": 0.4333, "x": 0.38, "y": 0 },
					{ "time": 0.8333, "x": 1.43, "y": 0 },
					{ "time": 1.2666, "x": -0.63, "y": 0 },
					{ "time": 1.6666, "x": 0, "y": 0 }
				]
			},
			"Bomb_in": {
				"rotate": [
					{ "time": 0, "angle": 0 },
					{ "time": 0.0666, "angle": 2.45 },
					{ "time": 0.1333, "angle": -0.63 },
					{ "time": 0.5333, "angle": 1.24 },
					{ "time": 1, "angle": -0.59 },
					{ "time": 1.3333, "angle": 2.19 },
					{ "time": 1.6666, "angle": 0 }
				],
				"translate": [
					{ "time": 0, "x": 0, "y": 0, "curve": "stepped" },
					{ "time": 1.6666, "x": 0, "y": 0 }
				]
			},
			"Obai_all": {
				"rotate": [
					{ "time": 0, "angle": 0 },
					{ "time": 0.0666, "angle": -6.22 },
					{ "time": 0.1666, "angle": -0.31 },
					{ "time": 0.3, "angle": -6.22 },
					{ "time": 0.4666, "angle": -0.31 },
					{ "time": 0.7, "angle": -6.22 },
					{ "time": 1, "angle": -0.31 },
					{ "time": 1.3333, "angle": -6.22 },
					{ "time": 1.6666, "angle": 0 }
				],
				"translate": [
					{ "time": 0, "x": 0, "y": 0 },
					{ "time": 0.0666, "x": -1.96, "y": -0.01 },
					{ "time": 0.1666, "x": 0.74, "y": 0.54 },
					{ "time": 0.3, "x": -1.96, "y": -0.01 },
					{ "time": 0.4666, "x": 0.74, "y": 0.54 },
					{ "time": 0.7, "x": -1.96, "y": -0.01 },
					{ "time": 1, "x": 0.74, "y": 0.54 },
					{ "time": 1.3333, "x": -1.96, "y": -0.01 },
					{ "time": 1.6666, "x": 0, "y": 0 }
				]
			},
			"Obai_R": {
				"rotate": [
					{ "time": 0, "angle": 0 },
					{ "time": 0.1, "angle": -1.02 },
					{ "time": 0.2, "angle": -5.63 },
					{ "time": 0.3333, "angle": -1.02 },
					{ "time": 0.5, "angle": -5.63 },
					{ "time": 0.7666, "angle": -1.02 },
					{ "time": 1.0666, "angle": -5.63 },
					{ "time": 1.4, "angle": -1.02 },
					{ "time": 1.6666, "angle": 0 }
				],
				"translate": [
					{ "time": 0, "x": 0, "y": 0 },
					{ "time": 0.1, "x": 0.66, "y": -0.36 },
					{ "time": 0.2, "x": -0.06, "y": 0.31 },
					{ "time": 0.3333, "x": 0.66, "y": -0.36 },
					{ "time": 0.5, "x": -0.06, "y": 0.31 },
					{ "time": 0.7666, "x": 0.66, "y": -0.36 },
					{ "time": 1.0666, "x": -0.06, "y": 0.31 },
					{ "time": 1.4, "x": 0.66, "y": -0.36 },
					{ "time": 1.6666, "x": 0, "y": 0 }
				]
			},
			"Obai_L": {
				"rotate": [
					{ "time": 0, "angle": 0 },
					{ "time": 0.0666, "angle": 2.57 },
					{ "time": 0.1666, "angle": -346.53 },
					{ "time": 0.3, "angle": 2.57 },
					{ "time": 0.4666, "angle": -346.53 },
					{ "time": 0.7, "angle": 2.57 },
					{ "time": 1, "angle": -346.53 },
					{ "time": 1.3333, "angle": 2.57 },
					{ "time": 1.6666, "angle": 0 }
				],
				"translate": [
					{ "time": 0, "x": 0, "y": 0 },
					{ "time": 0.0666, "x": -0.98, "y": 2.08 },
					{ "time": 0.1666, "x": -1.8, "y": 1.83 },
					{ "time": 0.3, "x": -0.98, "y": 2.08 },
					{ "time": 0.4666, "x": -1.8, "y": 1.83 },
					{ "time": 0.7, "x": -0.98, "y": 2.08 },
					{ "time": 1, "x": -1.8, "y": 1.83 },
					{ "time": 1.3333, "x": -0.98, "y": 2.08 },
					{ "time": 1.6666, "x": 0, "y": 0 }
				]
			}
		},
		"events": [
			{ "time": 0.0666, "name": "attack_point" }
		]
	},
	"damage": {
		"slots": {
			"Body_tail_path_1": {
				"color": [
					{ "time": 0.0666, "color": "8c4c51ff", "curve": "stepped" },
					{ "time": 0.7666, "color": "8c4c51ff" },
					{ "time": 1.1333, "color": "ffffffff" }
				]
			},
			"Light_Body": {
				"attachment": [
					{ "time": 0, "name": null },
					{ "time": 0.0666, "name": "Rodney_ship_body_normal_light" },
					{ "time": 0.7666, "name": null },
					{ "time": 1.1666, "name": null }
				],
				"color": [
					{ "time": 0.5333, "color": "fffffffc" },
					{ "time": 0.7666, "color": "ffffff00" }
				]
			},
			"Rodney_body_normal": {
				"color": [
					{ "time": 0.0666, "color": "8c4c51ff", "curve": "stepped" },
					{ "time": 0.7666, "color": "8c4c51ff" },
					{ "time": 1.1333, "color": "ffffffff" }
				]
			},
			"Rodney_body_obai": {
				"color": [
					{ "time": 0.0666, "color": "8c4c51ff", "curve": "stepped" },
					{ "time": 0.7666, "color": "8c4c51ff" },
					{ "time": 1.1333, "color": "ffffffff" }
				]
			},
			"Rodney_fornt_normal": {
				"color": [
					{ "time": 0.0666, "color": "8c4c51ff", "curve": "stepped" },
					{ "time": 0.7666, "color": "8c4c51ff" },
					{ "time": 1.1333, "color": "ffffffff" }
				]
			},
			"Rodney_fornt_normal_light": {
				"attachment": [
					{ "time": 0.0666, "name": "Rodney_fornt_normal_light" }
				],
				"color": [
					{ "time": 0.0666, "color": "ffffffff", "curve": "stepped" },
					{ "time": 0.5333, "color": "ffffffff" },
					{ "time": 0.7666, "color": "ffffff00" }
				]
			},
			"Rodney_ship_armor_down": {
				"color": [
					{ "time": 0.0666, "color": "8c4c51ff", "curve": "stepped" },
					{ "time": 0.7666, "color": "8c4c51ff" },
					{ "time": 1.1333, "color": "ffffffff" }
				]
			},
			"Rodney_ship_armor_down_light": {
				"attachment": [
					{ "time": 0.0666, "name": "Rodney_ship_armor_down_light" }
				],
				"color": [
					{ "time": 0.0666, "color": "ffffffff", "curve": "stepped" },
					{ "time": 0.5333, "color": "ffffffff" },
					{ "time": 0.7666, "color": "ffffff00" }
				]
			},
			"Rodney_ship_armor_gun": {
				"color": [
					{ "time": 0.0666, "color": "8c4c51ff", "curve": "stepped" },
					{ "time": 0.7666, "color": "8c4c51ff" },
					{ "time": 1.1333, "color": "ffffffff" }
				]
			},
			"Rodney_ship_armor_gun_light": {
				"attachment": [
					{ "time": 0.0666, "name": "Rodney_ship_armor_gun_light" }
				],
				"color": [
					{ "time": 0.0666, "color": "ffffffff", "curve": "stepped" },
					{ "time": 0.5333, "color": "ffffffff" },
					{ "time": 0.7666, "color": "ffffff00" }
				]
			},
			"Rodney_ship_armor_normal": {
				"color": [
					{ "time": 0.0666, "color": "8c4c51ff", "curve": "stepped" },
					{ "time": 0.7666, "color": "8c4c51ff" },
					{ "time": 1.1333, "color": "ffffffff" }
				]
			},
			"Rodney_ship_armor_normal_light": {
				"attachment": [
					{ "time": 0.0666, "name": "Rodney_ship_armor_normal_light" }
				],
				"color": [
					{ "time": 0.0666, "color": "ffffffff", "curve": "stepped" },
					{ "time": 0.5333, "color": "ffffffff" },
					{ "time": 0.7666, "color": "ffffff00" }
				]
			},
			"Rodney_ship_normal": {
				"color": [
					{ "time": 0.0666, "color": "8c4c51ff", "curve": "stepped" },
					{ "time": 0.7666, "color": "8c4c51ff" },
					{ "time": 1.1333, "color": "ffffffff" }
				]
			}
		},
		"bones": {
			"Root_All": {
				"rotate": [
					{ "time": 0, "angle": 0, "curve": "stepped" },
					{ "time": 1.1666, "angle": 0 }
				],
				"translate": [
					{
						"time": 0,
						"x": 0,
						"y": 0,
						"curve": [ 0.255, 0.35, 0.6, 0.7 ]
					},
					{ "time": 0.0666, "x": -27.67, "y": -23.16 },
					{ "time": 0.1333, "x": 20.98, "y": 15.35 },
					{ "time": 0.2333, "x": -19.78, "y": -15.62 },
					{ "time": 0.3666, "x": 14.36, "y": 8.59 },
					{ "time": 0.5666, "x": -3.37, "y": -4.5 },
					{ "time": 0.8666, "x": 5.63, "y": 2.25 },
					{ "time": 1.1666, "x": 0, "y": 0 }
				]
			},
			"Ship": {
				"rotate": [
					{
						"time": 0,
						"angle": 0,
						"curve": [ 0.219, 0.41, 0.591, 0.77 ]
					},
					{ "time": 0.0666, "angle": -354.41 },
					{ "time": 0.1333, "angle": -364.42 },
					{ "time": 0.2333, "angle": -358.04 },
					{ "time": 0.3666, "angle": -361.36 },
					{ "time": 1.1666, "angle": 0 }
				],
				"translate": [
					{
						"time": 0,
						"x": 0,
						"y": 0,
						"curve": [ 0.319, 0.33, 0.653, 0.66 ]
					},
					{ "time": 0.0666, "x": -3.15, "y": -2.52 },
					{ "time": 0.1333, "x": 5.59, "y": 0.55 },
					{ "time": 0.2333, "x": -3.77, "y": -1.39 },
					{ "time": 0.3666, "x": 1.18, "y": 0.69 },
					{ "time": 1.1666, "x": 0, "y": 0 }
				]
			},
			"Ship_All": {
				"rotate": [
					{ "time": 0, "angle": 0, "curve": "stepped" },
					{ "time": 1.1666, "angle": 0 }
				],
				"translate": [
					{ "time": 0, "x": 0, "y": 0, "curve": "stepped" },
					{ "time": 1.1666, "x": 0, "y": 0 }
				]
			},
			"Body": {
				"rotate": [
					{ "time": 0, "angle": 0, "curve": "stepped" },
					{ "time": 1.1666, "angle": 0 }
				],
				"translate": [
					{ "time": 0, "x": 0, "y": 0, "curve": "stepped" },
					{ "time": 1.1666, "x": 0, "y": 0 }
				]
			},
			"Damage_Point": {
				"rotate": [
					{ "time": 0.0666, "angle": 0 }
				],
				"translate": [
					{ "time": 0.0666, "x": 0, "y": 0 }
				]
			},
			"Tail_F_7": {
				"rotate": [
					{ "time": 0, "angle": -22.36 },
					{ "time": 0.0666, "angle": -44.39 },
					{ "time": 0.3333, "angle": -37.29 },
					{ "time": 1.1666, "angle": -22.36 }
				],
				"translate": [
					{ "time": 0, "x": 0, "y": 0, "curve": "stepped" },
					{ "time": 1.1666, "x": 0, "y": 0 }
				]
			},
			"Tail_F_3": {
				"rotate": [
					{ "time": 0, "angle": -12.47 },
					{ "time": 0.0666, "angle": -11.88 },
					{ "time": 0.6666, "angle": -13.17 },
					{ "time": 1.1666, "angle": -12.47 }
				],
				"translate": [
					{ "time": 0, "x": 0, "y": 0, "curve": "stepped" },
					{ "time": 1.1666, "x": 0, "y": 0 }
				]
			},
			"Tail_F_2": {
				"rotate": [
					{ "time": 0, "angle": 73.17 },
					{ "time": 0.0666, "angle": 48.15 },
					{ "time": 0.3333, "angle": 81.14 },
					{ "time": 0.6666, "angle": 56.09 },
					{ "time": 1.1666, "angle": 73.17 }
				],
				"translate": [
					{ "time": 0, "x": 0, "y": 0, "curve": "stepped" },
					{ "time": 1.1666, "x": 0, "y": 0 }
				]
			},
			"Tail_F_5": {
				"rotate": [
					{ "time": 0, "angle": -23.5 },
					{ "time": 0.0666, "angle": -44.47 },
					{ "time": 0.3333, "angle": -32.53 },
					{ "time": 0.6666, "angle": -20.75 },
					{ "time": 1.1666, "angle": -23.5 }
				],
				"translate": [
					{ "time": 0, "x": 0, "y": 0, "curve": "stepped" },
					{ "time": 1.1666, "x": 0, "y": 0 }
				]
			},
			"Tail_F_4": {
				"rotate": [
					{ "time": 0, "angle": -14.94 },
					{ "time": 0.0666, "angle": -20.06 },
					{ "time": 0.6666, "angle": -15.08 },
					{ "time": 1.1666, "angle": -14.94 }
				],
				"translate": [
					{ "time": 0, "x": 0, "y": 0, "curve": "stepped" },
					{ "time": 1.1666, "x": 0, "y": 0 }
				]
			},
			"Tail_F_6": {
				"rotate": [
					{ "time": 0, "angle": -16.21 },
					{ "time": 0.0666, "angle": -37.17 },
					{ "time": 0.3333, "angle": -17.55 },
					{ "time": 0.6666, "angle": -3.59 },
					{ "time": 1.1666, "angle": -16.21 }
				],
				"translate": [
					{ "time": 0, "x": 0, "y": 0, "curve": "stepped" },
					{ "time": 1.1666, "x": 0, "y": 0 }
				]
			},
			"Bomb_in": {
				"rotate": [
					{ "time": 0, "angle": 0 },
					{ "time": 0.0666, "angle": 3.55 },
					{ "time": 0.1666, "angle": -0.28 },
					{ "time": 0.3, "angle": 3.84 },
					{ "time": 0.5, "angle": -0.21 },
					{ "time": 0.7666, "angle": 0.77 },
					{ "time": 1.1666, "angle": 0 }
				],
				"translate": [
					{ "time": 0, "x": 0, "y": 0, "curve": "stepped" },
					{ "time": 1.1666, "x": 0, "y": 0 }
				]
			},
			"Ship_down": {
				"rotate": [
					{ "time": 0, "angle": 0 },
					{ "time": 0.0666, "angle": 18.29 },
					{ "time": 0.1666, "angle": -0.06 },
					{ "time": 0.3, "angle": 17.35 },
					{ "time": 0.5, "angle": 0.88 },
					{ "time": 0.7666, "angle": 7.45 },
					{ "time": 1.1666, "angle": 0 }
				],
				"translate": [
					{ "time": 0, "x": 0, "y": 0 },
					{ "time": 0.0666, "x": 0.55, "y": 0 },
					{ "time": 0.1666, "x": -0.52, "y": 0 },
					{ "time": 0.3, "x": 0.31, "y": 0 },
					{ "time": 0.5, "x": -0.52, "y": 0 },
					{ "time": 0.7666, "x": 0.2, "y": 0 },
					{ "time": 1.1666, "x": 0, "y": 0 }
				]
			},
			"Ship_other": {
				"rotate": [
					{ "time": 0, "angle": 0 },
					{ "time": 0.0666, "angle": 3.24 },
					{ "time": 0.1333, "angle": -2.53 },
					{ "time": 0.2333, "angle": 12.79 },
					{ "time": 0.4, "angle": -2.09 },
					{ "time": 0.6666, "angle": 10.11 },
					{ "time": 1, "angle": -3.24 },
					{ "time": 1.1666, "angle": 0 }
				],
				"translate": [
					{ "time": 0, "x": 0, "y": 0 },
					{ "time": 0.0666, "x": 1.64, "y": 1.68 },
					{ "time": 0.1333, "x": 0.3, "y": 1.58 },
					{ "time": 0.2333, "x": -0.9, "y": 1.42 },
					{ "time": 0.4, "x": -2.32, "y": 1.17 },
					{ "time": 0.6666, "x": -0.42, "y": 0.61 },
					{ "time": 1, "x": -0.98, "y": 0.2 },
					{ "time": 1.1666, "x": 0, "y": 0 }
				]
			},
			"Obai_all": {
				"rotate": [
					{ "time": 0, "angle": 0 },
					{ "time": 0.0666, "angle": -0.31 },
					{ "time": 0.2, "angle": -6.22 },
					{ "time": 0.3666, "angle": -0.31 },
					{ "time": 0.5666, "angle": -6.22 },
					{ "time": 0.7666, "angle": -0.31 },
					{ "time": 0.9666, "angle": -6.22 },
					{ "time": 1.1666, "angle": 0 }
				],
				"translate": [
					{ "time": 0, "x": 0, "y": 0 },
					{ "time": 0.0666, "x": 0.74, "y": 0.54 },
					{ "time": 0.2, "x": -1.96, "y": -0.01 },
					{ "time": 0.3666, "x": 0.74, "y": 0.54 },
					{ "time": 0.5666, "x": -1.96, "y": -0.01 },
					{ "time": 0.7666, "x": 0.74, "y": 0.54 },
					{ "time": 0.9666, "x": -1.96, "y": -0.01 },
					{ "time": 1.1666, "x": 0, "y": 0 }
				]
			},
			"Obai_R": {
				"rotate": [
					{ "time": 0, "angle": 0 },
					{ "time": 0.0666, "angle": -5.63 },
					{ "time": 0.2, "angle": -1.02 },
					{ "time": 0.3666, "angle": -5.63 },
					{ "time": 0.5666, "angle": -1.02 },
					{ "time": 0.7666, "angle": -5.63 },
					{ "time": 0.9666, "angle": -1.02 },
					{ "time": 1.1666, "angle": 0 }
				],
				"translate": [
					{ "time": 0, "x": 0, "y": 0 },
					{ "time": 0.0666, "x": -0.06, "y": 0.31 },
					{ "time": 0.2, "x": 0.66, "y": -0.36 },
					{ "time": 0.3666, "x": -0.06, "y": 0.31 },
					{ "time": 0.5666, "x": 0.66, "y": -0.36 },
					{ "time": 0.7666, "x": -0.06, "y": 0.31 },
					{ "time": 0.9666, "x": 0.66, "y": -0.36 },
					{ "time": 1.1666, "x": 0, "y": 0 }
				]
			},
			"Obai_L": {
				"rotate": [
					{ "time": 0, "angle": 0 },
					{ "time": 0.0666, "angle": -346.53 },
					{ "time": 0.2, "angle": 2.57 },
					{ "time": 0.3666, "angle": -346.53 },
					{ "time": 0.5666, "angle": 2.57 },
					{ "time": 0.7666, "angle": -346.53 },
					{ "time": 0.9666, "angle": 2.57 },
					{ "time": 1.1666, "angle": 0 }
				],
				"translate": [
					{ "time": 0, "x": 0, "y": 0 },
					{ "time": 0.0666, "x": -1.8, "y": 1.83 },
					{ "time": 0.2, "x": -0.98, "y": 2.08 },
					{ "time": 0.3666, "x": -1.8, "y": 1.83 },
					{ "time": 0.5666, "x": -0.98, "y": 2.08 },
					{ "time": 0.7666, "x": -1.8, "y": 1.83 },
					{ "time": 0.9666, "x": -0.98, "y": 2.08 },
					{ "time": 1.1666, "x": 0, "y": 0 }
				]
			}
		},
		"events": [
			{ "time": 0.0666, "name": "damage_point" }
		]
	},
	"normal": {
		"slots": {
			"Light_Body": {
				"attachment": [
					{ "time": 0, "name": null },
					{ "time": 0.8, "name": null },
					{ "time": 2, "name": null }
				]
			}
		},
		"bones": {
			"Root_All": {
				"rotate": [
					{ "time": 0, "angle": 0, "curve": "stepped" },
					{ "time": 2, "angle": 0 }
				],
				"translate": [
					{
						"time": 0,
						"x": 0,
						"y": 0,
						"curve": [ 0.255, 0.35, 0.6, 0.7 ]
					},
					{
						"time": 0.5,
						"x": 0,
						"y": -9.82,
						"curve": [ 0.3, 0.39, 0.641, 0.74 ]
					},
					{
						"time": 1,
						"x": 0,
						"y": -15.66,
						"curve": [ 0.322, 0.37, 0.652, 0.7 ]
					},
					{
						"time": 1.5,
						"x": 0,
						"y": -7.79,
						"curve": [ 0.314, 0.36, 0.644, 0.68 ]
					},
					{ "time": 2, "x": 0, "y": 0 }
				]
			},
			"Ship_All": {
				"rotate": [
					{ "time": 0, "angle": 0, "curve": "stepped" },
					{ "time": 2, "angle": 0 }
				],
				"translate": [
					{ "time": 0, "x": 0, "y": 0, "curve": "stepped" },
					{ "time": 2, "x": 0, "y": 0 }
				]
			},
			"Body": {
				"rotate": [
					{ "time": 0, "angle": 0, "curve": "stepped" },
					{ "time": 2, "angle": 0 }
				],
				"translate": [
					{ "time": 0, "x": 0, "y": 0, "curve": "stepped" },
					{ "time": 2, "x": 0, "y": 0 }
				]
			},
			"Ship": {
				"rotate": [
					{ "time": 0, "angle": 0, "curve": "stepped" },
					{ "time": 2, "angle": 0 }
				],
				"translate": [
					{
						"time": 0,
						"x": 0,
						"y": 0,
						"curve": [ 0.319, 0.33, 0.653, 0.66 ]
					},
					{
						"time": 0.5,
						"x": 1.79,
						"y": 0,
						"curve": [ 0.289, 0.43, 0.622, 0.73 ]
					},
					{
						"time": 1.5,
						"x": -2.75,
						"y": 0,
						"curve": [ 0.487, 0.33, 0.657, 0.5 ]
					},
					{ "time": 2, "x": 0, "y": 0 }
				]
			},
			"Tail_F_2": {
				"rotate": [
					{ "time": 0, "angle": 73.17 },
					{ "time": 0.6666, "angle": 0.09 },
					{ "time": 1.3333, "angle": 33.04 },
					{ "time": 2, "angle": 73.17 }
				],
				"translate": [
					{ "time": 0, "x": 0, "y": 0, "curve": "stepped" },
					{ "time": 2, "x": 0, "y": 0 }
				]
			},
			"Tail_F_3": {
				"rotate": [
					{ "time": 0, "angle": -12.47 },
					{ "time": 0.6666, "angle": -12.97 },
					{ "time": 1.3333, "angle": -20.31 },
					{ "time": 2, "angle": -12.47 }
				],
				"translate": [
					{ "time": 0, "x": 0, "y": 0, "curve": "stepped" },
					{ "time": 2, "x": 0, "y": 0 }
				]
			},
			"Tail_F_4": {
				"rotate": [
					{ "time": 0, "angle": -14.94 },
					{ "time": 0.6666, "angle": -13.04 },
					{ "time": 2, "angle": -14.94 }
				],
				"translate": [
					{ "time": 0, "x": 0, "y": 0, "curve": "stepped" },
					{ "time": 2, "x": 0, "y": 0 }
				]
			},
			"Tail_F_5": {
				"rotate": [
					{ "time": 0, "angle": -23.5 },
					{ "time": 0.6666, "angle": 29.35 },
					{ "time": 1.3333, "angle": -32.17 },
					{ "time": 2, "angle": -23.5 }
				],
				"translate": [
					{ "time": 0, "x": 0, "y": 0, "curve": "stepped" },
					{ "time": 2, "x": 0, "y": 0 }
				]
			},
			"Tail_F_6": {
				"rotate": [
					{ "time": 0, "angle": -16.21 },
					{ "time": 0.6666, "angle": 34.32 },
					{ "time": 1.3333, "angle": -20.94 },
					{ "time": 2, "angle": -16.21 }
				],
				"translate": [
					{ "time": 0, "x": 0, "y": 0, "curve": "stepped" },
					{ "time": 2, "x": 0, "y": 0 }
				]
			},
			"Tail_F_7": {
				"rotate": [
					{ "time": 0, "angle": -22.36 },
					{ "time": 0.6666, "angle": 40.07 },
					{ "time": 1.3333, "angle": -5.34 },
					{ "time": 2, "angle": -22.36 }
				],
				"translate": [
					{ "time": 0, "x": 0, "y": 0, "curve": "stepped" },
					{ "time": 2, "x": 0, "y": 0 }
				]
			},
			"Ship_down": {
				"rotate": [
					{ "time": 0, "angle": 0 },
					{ "time": 0.5, "angle": 12.32 },
					{ "time": 1.5, "angle": -8.42 },
					{ "time": 2, "angle": 0 }
				],
				"translate": [
					{ "time": 0, "x": 0, "y": 0, "curve": "stepped" },
					{ "time": 2, "x": 0, "y": 0 }
				]
			},
			"Bomb_in": {
				"rotate": [
					{ "time": 0, "angle": 0 },
					{ "time": 0.5, "angle": 3.59 },
					{ "time": 1.5, "angle": -1 },
					{ "time": 2, "angle": 0 }
				],
				"translate": [
					{ "time": 0, "x": 0, "y": 0, "curve": "stepped" },
					{ "time": 2, "x": 0, "y": 0 }
				]
			},
			"Ship_other": {
				"rotate": [
					{ "time": 0, "angle": 0 },
					{ "time": 0.5, "angle": -2.65 },
					{ "time": 1.5, "angle": 3.4 },
					{ "time": 2, "angle": 0 }
				],
				"translate": [
					{ "time": 0, "x": 0, "y": 0, "curve": "stepped" },
					{ "time": 2, "x": 0, "y": 0 }
				]
			},
			"Obai_all": {
				"rotate": [
					{ "time": 0, "angle": 0 },
					{ "time": 0.5, "angle": -1.7 },
					{ "time": 1.5, "angle": -1.28 },
					{ "time": 2, "angle": 0 }
				],
				"translate": [
					{ "time": 0, "x": 0, "y": 0 },
					{ "time": 0.5, "x": 0.28, "y": -0.28 },
					{ "time": 1.5, "x": -1.51, "y": 0.08 },
					{ "time": 2, "x": 0, "y": 0 }
				]
			},
			"Obai_L": {
				"rotate": [
					{ "time": 0, "angle": 0 },
					{ "time": 0.5, "angle": -349.73 },
					{ "time": 1.5, "angle": -5.1 },
					{ "time": 2, "angle": 0 }
				],
				"translate": [
					{ "time": 0, "x": 0, "y": 0 },
					{ "time": 0.5, "x": -0.24, "y": 0.94 },
					{ "time": 1.5, "x": -0.51, "y": -0.21 },
					{ "time": 2, "x": 0, "y": 0 }
				]
			},
			"Obai_R": {
				"rotate": [
					{ "time": 0, "angle": 0 },
					{ "time": 0.5, "angle": -2.82 },
					{ "time": 1.5, "angle": 4.12 },
					{ "time": 2, "angle": 0 }
				],
				"translate": [
					{ "time": 0, "x": 0, "y": 0 },
					{ "time": 0.5, "x": 0.14, "y": -0.41 },
					{ "time": 1.5, "x": -0.49, "y": -0.2 },
					{ "time": 2, "x": 0, "y": 0 }
				]
			}
		}
	},
	"throw": {
		"slots": {
			"Light_Body": {
				"attachment": [
					{ "time": 0, "name": null },
					{ "time": 1.3333, "name": null }
				]
			}
		},
		"bones": {
			"Root_All": {
				"rotate": [
					{ "time": 0, "angle": 0, "curve": "stepped" },
					{ "time": 1.3333, "angle": 0 }
				],
				"translate": [
					{
						"time": 0,
						"x": 0,
						"y": 0,
						"curve": [ 0.255, 0.35, 0.6, 0.7 ]
					},
					{ "time": 0.6333, "x": -66.66, "y": 0 },
					{ "time": 0.9666, "x": -10.42, "y": -12.42 },
					{ "time": 1.3333, "x": 0, "y": 0 }
				]
			},
			"Ship": {
				"rotate": [
					{
						"time": 0,
						"angle": 0,
						"curve": [ 0.219, 0.41, 0.591, 0.77 ]
					},
					{ "time": 0.3333, "angle": -358.17 },
					{ "time": 0.5666, "angle": -359.21 },
					{ "time": 0.6333, "angle": -363.41 },
					{ "time": 0.7333, "angle": -366.44 },
					{ "time": 0.9666, "angle": -356.42 },
					{ "time": 1.1666, "angle": -361.45 },
					{ "time": 1.3333, "angle": 0 }
				],
				"translate": [
					{
						"time": 0,
						"x": 0,
						"y": 0,
						"curve": [ 0.319, 0.33, 0.653, 0.66 ]
					},
					{ "time": 0.3333, "x": -0.7, "y": -1.37 },
					{ "time": 0.5666, "x": 0, "y": 0.77 },
					{ "time": 0.6333, "x": 1.43, "y": 1.35 },
					{ "time": 0.7333, "x": -0.38, "y": 0.95 },
					{ "time": 0.9666, "x": -0.19, "y": -2.63 },
					{ "time": 1.3333, "x": 0, "y": 0 }
				]
			},
			"Body": {
				"rotate": [
					{
						"time": 0,
						"angle": 0,
						"curve": [ 0.219, 0.41, 0.591, 0.77 ]
					},
					{
						"time": 0.6333,
						"angle": -3.17,
						"curve": [ 0.32, 0.36, 0.653, 0.69 ]
					},
					{
						"time": 0.7333,
						"angle": 0.61,
						"curve": [ 0.319, 0.37, 0.652, 0.7 ]
					},
					{
						"time": 0.9666,
						"angle": -1.72,
						"curve": [ 0.32, 0.38, 0.654, 0.71 ]
					},
					{ "time": 1.3333, "angle": 0 }
				],
				"translate": [
					{
						"time": 0,
						"x": 0,
						"y": 0,
						"curve": [ 0.219, 0.41, 0.591, 0.77 ]
					},
					{
						"time": 0.3333,
						"x": -15.86,
						"y": 0,
						"curve": [ 0.193, 0.39, 0.58, 0.9 ]
					},
					{
						"time": 0.5666,
						"x": -19.36,
						"y": 0,
						"curve": [ 0.142, 0.42, 0.647, 0.94 ]
					},
					{ "time": 0.6333, "x": 92.18, "y": -6.3 },
					{ "time": 0.7333, "x": 111.33, "y": 0 },
					{ "time": 1.3333, "x": 0, "y": 0 }
				]
			},
			"Ship_All": {
				"rotate": [
					{ "time": 0, "angle": 0, "curve": "stepped" },
					{ "time": 1.3333, "angle": 0 }
				],
				"translate": [
					{ "time": 0, "x": 0, "y": 0, "curve": "stepped" },
					{ "time": 1.3333, "x": 0, "y": 0 }
				]
			},
			"Throw_Point": {
				"rotate": [
					{ "time": 0.6333, "angle": 0 }
				],
				"translate": [
					{ "time": 0.6333, "x": 0, "y": 0 }
				]
			},
			"Tail_F_3": {
				"rotate": [
					{ "time": 0, "angle": -12.47 },
					{ "time": 0.3333, "angle": -27.51 },
					{ "time": 0.6333, "angle": -23.65 },
					{ "time": 1, "angle": -11.09 },
					{ "time": 1.3333, "angle": -12.47 }
				],
				"translate": [
					{ "time": 0, "x": 0, "y": 0, "curve": "stepped" },
					{ "time": 1.3333, "x": 0, "y": 0 }
				]
			},
			"Tail_F_6": {
				"rotate": [
					{ "time": 0, "angle": -16.21 },
					{ "time": 0.3333, "angle": 44.72 },
					{ "time": 0.6333, "angle": 8.97 },
					{ "time": 1, "angle": -34.71 },
					{ "time": 1.3333, "angle": -16.21 }
				],
				"translate": [
					{ "time": 0, "x": 0, "y": 0, "curve": "stepped" },
					{ "time": 1.3333, "x": 0, "y": 0 }
				]
			},
			"Tail_F_7": {
				"rotate": [
					{ "time": 0, "angle": -22.36 },
					{ "time": 0.3333, "angle": 10.14 },
					{ "time": 0.6333, "angle": 16.51 },
					{ "time": 0.8333, "angle": -28.39 },
					{ "time": 1, "angle": -14.11 },
					{ "time": 1.3333, "angle": -22.36 }
				],
				"translate": [
					{ "time": 0, "x": 0, "y": 0, "curve": "stepped" },
					{ "time": 1.3333, "x": 0, "y": 0 }
				]
			},
			"Tail_F_4": {
				"rotate": [
					{ "time": 0, "angle": -14.94 },
					{ "time": 0.3333, "angle": -19.52 },
					{ "time": 1, "angle": -22.63 },
					{ "time": 1.3333, "angle": -14.94 }
				],
				"translate": [
					{ "time": 0, "x": 0, "y": 0, "curve": "stepped" },
					{ "time": 1.3333, "x": 0, "y": 0 }
				]
			},
			"Tail_F_2": {
				"rotate": [
					{ "time": 0, "angle": 73.17 },
					{ "time": 0.3333, "angle": 58.13 },
					{ "time": 0.6333, "angle": 21.05 },
					{ "time": 1, "angle": 56.45 },
					{ "time": 1.3333, "angle": 73.17 }
				],
				"translate": [
					{ "time": 0, "x": 0, "y": 0, "curve": "stepped" },
					{ "time": 1.3333, "x": 0, "y": 0 }
				]
			},
			"Tail_F_5": {
				"rotate": [
					{ "time": 0, "angle": -23.5 },
					{ "time": 0.3333, "angle": 41.51 },
					{ "time": 0.6333, "angle": -13.49 },
					{ "time": 1, "angle": -31.82 },
					{ "time": 1.3333, "angle": -23.5 }
				],
				"translate": [
					{ "time": 0, "x": 0, "y": 0, "curve": "stepped" },
					{ "time": 1.3333, "x": 0, "y": 0 }
				]
			},
			"Ship_other": {
				"rotate": [
					{ "time": 0, "angle": 0 },
					{ "time": 0.3333, "angle": 12.24 },
					{ "time": 0.5666, "angle": 16.94 },
					{ "time": 0.6666, "angle": -8.72 },
					{ "time": 0.9, "angle": 12.14 },
					{ "time": 1.1666, "angle": -8.51 },
					{ "time": 1.3333, "angle": 0 }
				],
				"translate": [
					{ "time": 0, "x": 0, "y": 0 },
					{ "time": 0.3333, "x": -0.7, "y": 0 },
					{ "time": 0.5666, "x": -1.25, "y": 0 },
					{ "time": 0.6666, "x": -2.22, "y": 0 },
					{ "time": 0.9, "x": 0.66, "y": 0 },
					{ "time": 1.1666, "x": -1.86, "y": 0 },
					{ "time": 1.3333, "x": 0, "y": 0 }
				]
			},
			"Ship_down": {
				"rotate": [
					{ "time": 0, "angle": 0 },
					{ "time": 0.3333, "angle": 13.71 },
					{ "time": 0.5666, "angle": 20.75 },
					{ "time": 0.6666, "angle": -17.2 },
					{ "time": 0.9333, "angle": 16.03 },
					{ "time": 1.2333, "angle": -13.01 },
					{ "time": 1.3333, "angle": 0 }
				],
				"translate": [
					{ "time": 0, "x": 0, "y": 0 },
					{ "time": 0.3333, "x": 0.34, "y": 0 },
					{ "time": 0.5666, "x": 0.6, "y": 0 },
					{ "time": 0.6666, "x": 1.88, "y": 0 },
					{ "time": 0.9333, "x": 2.53, "y": 0 },
					{ "time": 1.2333, "x": 1.34, "y": 0 },
					{ "time": 1.3333, "x": 0, "y": 0 }
				]
			},
			"Bomb_in": {
				"rotate": [
					{ "time": 0, "angle": 0 },
					{ "time": 0.3333, "angle": 3.12 },
					{ "time": 0.5666, "angle": 5.37 },
					{ "time": 0.6666, "angle": -4 },
					{ "time": 0.9333, "angle": 3.81 },
					{ "time": 1.2333, "angle": -7.05 },
					{ "time": 1.3333, "angle": 0 }
				]
			},
			"Obai_all": {
				"rotate": [
					{ "time": 0, "angle": 0 },
					{ "time": 0.2333, "angle": -10.73 },
					{ "time": 0.5, "angle": -3.67 },
					{ "time": 0.7, "angle": -7.08 },
					{ "time": 0.9, "angle": -0.31 },
					{ "time": 1.1333, "angle": -6.22 },
					{ "time": 1.3333, "angle": 0 }
				],
				"translate": [
					{ "time": 0, "x": 0, "y": 0 },
					{ "time": 0.2333, "x": -1.47, "y": -0.04 },
					{ "time": 0.5, "x": -1.07, "y": 1.08 },
					{ "time": 0.7, "x": -2, "y": 0.24 },
					{ "time": 0.9, "x": 0.74, "y": 0.54 },
					{ "time": 1.1333, "x": -1.96, "y": -0.01 },
					{ "time": 1.3333, "x": 0, "y": 0 }
				]
			},
			"Obai_R": {
				"rotate": [
					{ "time": 0, "angle": 0 },
					{ "time": 0.2333, "angle": -1.02 },
					{ "time": 0.5, "angle": -7.09 },
					{ "time": 0.7, "angle": -1.02 },
					{ "time": 0.9666, "angle": -5.63 },
					{ "time": 1.2, "angle": -1.02 },
					{ "time": 1.3333, "angle": 0 }
				],
				"translate": [
					{ "time": 0, "x": 0, "y": 0 },
					{ "time": 0.2333, "x": 2.38, "y": -1.08 },
					{ "time": 0.5, "x": -0.06, "y": 0.31 },
					{ "time": 0.7, "x": 0.66, "y": -0.36 },
					{ "time": 0.9666, "x": -0.06, "y": 0.31 },
					{ "time": 1.2, "x": 0.66, "y": -0.36 },
					{ "time": 1.3333, "x": 0, "y": 0 }
				]
			},
			"Obai_L": {
				"rotate": [
					{ "time": 0, "angle": 0 },
					{ "time": 0.2, "angle": 4.79 },
					{ "time": 0.4666, "angle": -348.76 },
					{ "time": 0.6666, "angle": 2.57 },
					{ "time": 0.9, "angle": -346.53 },
					{ "time": 1.1333, "angle": 2.57 },
					{ "time": 1.3333, "angle": 0 }
				],
				"translate": [
					{ "time": 0, "x": 0, "y": 0 },
					{ "time": 0.2, "x": -0.45, "y": 2.2 },
					{ "time": 0.4666, "x": -1.8, "y": 1.83 },
					{ "time": 0.6666, "x": -0.98, "y": 2.08 },
					{ "time": 0.9, "x": -1.8, "y": 1.83 },
					{ "time": 1.1333, "x": -0.98, "y": 2.08 },
					{ "time": 1.3333, "x": 0, "y": 0 }
				]
			}
		},
		"events": [
			{ "time": 0.6333, "name": "throw_point" }
		]
	},
	"wreck": {
		"slots": {
			"Light_Body": {
				"attachment": [
					{ "time": 0, "name": null },
					{ "time": 0.8, "name": null },
					{ "time": 2, "name": null }
				]
			}
		},
		"bones": {
			"Ship": {
				"rotate": [
					{ "time": 0, "angle": 0, "curve": "stepped" },
					{ "time": 2, "angle": 0 }
				],
				"translate": [
					{
						"time": 0,
						"x": 0,
						"y": 0,
						"curve": [ 0.319, 0.33, 0.653, 0.66 ]
					},
					{
						"time": 0.5,
						"x": 1.79,
						"y": 0,
						"curve": [ 0.289, 0.43, 0.622, 0.73 ]
					},
					{
						"time": 1.5,
						"x": -2.75,
						"y": 0,
						"curve": [ 0.487, 0.33, 0.657, 0.5 ]
					},
					{ "time": 2, "x": 0, "y": 0 }
				]
			},
			"Tail_F_3": {
				"rotate": [
					{ "time": 0, "angle": -12.47 },
					{ "time": 0.6666, "angle": -12.97 },
					{ "time": 1.3333, "angle": -20.31 },
					{ "time": 2, "angle": -12.47 }
				],
				"translate": [
					{ "time": 0, "x": 0, "y": 0, "curve": "stepped" },
					{ "time": 2, "x": 0, "y": 0 }
				]
			},
			"Tail_F_6": {
				"rotate": [
					{ "time": 0, "angle": -16.21 },
					{ "time": 0.6666, "angle": 34.32 },
					{ "time": 1.3333, "angle": -20.94 },
					{ "time": 2, "angle": -16.21 }
				],
				"translate": [
					{ "time": 0, "x": 0, "y": 0, "curve": "stepped" },
					{ "time": 2, "x": 0, "y": 0 }
				]
			},
			"Tail_F_5": {
				"rotate": [
					{ "time": 0, "angle": -23.5 },
					{ "time": 0.6666, "angle": 29.35 },
					{ "time": 1.3333, "angle": -32.17 },
					{ "time": 2, "angle": -23.5 }
				],
				"translate": [
					{ "time": 0, "x": 0, "y": 0, "curve": "stepped" },
					{ "time": 2, "x": 0, "y": 0 }
				]
			},
			"Bomb_in": {
				"rotate": [
					{ "time": 0, "angle": 0 },
					{ "time": 0.5, "angle": 3.59 },
					{ "time": 1.5, "angle": -1 },
					{ "time": 2, "angle": 0 }
				],
				"translate": [
					{ "time": 0, "x": 0, "y": 0, "curve": "stepped" },
					{ "time": 2, "x": 0, "y": 0 }
				]
			},
			"Tail_F_2": {
				"rotate": [
					{ "time": 0, "angle": 73.17 },
					{ "time": 0.6666, "angle": 0.09 },
					{ "time": 1.3333, "angle": 33.04 },
					{ "time": 2, "angle": 73.17 }
				],
				"translate": [
					{ "time": 0, "x": 0, "y": 0, "curve": "stepped" },
					{ "time": 2, "x": 0, "y": 0 }
				]
			},
			"Ship_All": {
				"rotate": [
					{ "time": 0, "angle": 0, "curve": "stepped" },
					{ "time": 2, "angle": 0 }
				],
				"translate": [
					{ "time": 0, "x": 0, "y": 0, "curve": "stepped" },
					{ "time": 2, "x": 0, "y": 0 }
				]
			},
			"Tail_F_7": {
				"rotate": [
					{ "time": 0, "angle": -22.36 },
					{ "time": 0.6666, "angle": 40.07 },
					{ "time": 1.3333, "angle": -5.34 },
					{ "time": 2, "angle": -22.36 }
				],
				"translate": [
					{ "time": 0, "x": 0, "y": 0, "curve": "stepped" },
					{ "time": 2, "x": 0, "y": 0 }
				]
			},
			"Body": {
				"rotate": [
					{ "time": 0, "angle": 0, "curve": "stepped" },
					{ "time": 2, "angle": 0 }
				],
				"translate": [
					{ "time": 0, "x": 0, "y": 0, "curve": "stepped" },
					{ "time": 2, "x": 0, "y": 0 }
				]
			},
			"Ship_down": {
				"rotate": [
					{ "time": 0, "angle": 0 },
					{ "time": 0.5, "angle": 12.32 },
					{ "time": 1.5, "angle": -8.42 },
					{ "time": 2, "angle": 0 }
				],
				"translate": [
					{ "time": 0, "x": 0, "y": 0, "curve": "stepped" },
					{ "time": 2, "x": 0, "y": 0 }
				]
			},
			"Root_All": {
				"rotate": [
					{ "time": 0, "angle": 0, "curve": "stepped" },
					{ "time": 2, "angle": 0 }
				],
				"translate": [
					{
						"time": 0,
						"x": 0,
						"y": 0,
						"curve": [ 0.255, 0.35, 0.6, 0.7 ]
					},
					{
						"time": 0.5,
						"x": 0,
						"y": -9.82,
						"curve": [ 0.3, 0.39, 0.641, 0.74 ]
					},
					{
						"time": 1,
						"x": 0,
						"y": -15.66,
						"curve": [ 0.322, 0.37, 0.652, 0.7 ]
					},
					{
						"time": 1.5,
						"x": 0,
						"y": -7.79,
						"curve": [ 0.314, 0.36, 0.644, 0.68 ]
					},
					{ "time": 2, "x": 0, "y": 0 }
				]
			},
			"Ship_other": {
				"rotate": [
					{ "time": 0, "angle": 0 },
					{ "time": 0.5, "angle": -2.65 },
					{ "time": 1.5, "angle": 3.4 },
					{ "time": 2, "angle": 0 }
				],
				"translate": [
					{ "time": 0, "x": 0, "y": 0, "curve": "stepped" },
					{ "time": 2, "x": 0, "y": 0 }
				]
			},
			"Tail_F_4": {
				"rotate": [
					{ "time": 0, "angle": -14.94 },
					{ "time": 0.6666, "angle": -13.04 },
					{ "time": 2, "angle": -14.94 }
				],
				"translate": [
					{ "time": 0, "x": 0, "y": 0, "curve": "stepped" },
					{ "time": 2, "x": 0, "y": 0 }
				]
			},
			"Obai_all": {
				"rotate": [
					{ "time": 0, "angle": 0 },
					{ "time": 0.5, "angle": -1.7 },
					{ "time": 1.5, "angle": -1.28 },
					{ "time": 2, "angle": 0 }
				],
				"translate": [
					{ "time": 0, "x": 0, "y": 0 },
					{ "time": 0.5, "x": 0.28, "y": -0.28 },
					{ "time": 1.5, "x": -1.51, "y": 0.08 },
					{ "time": 2, "x": 0, "y": 0 }
				]
			},
			"Obai_R": {
				"rotate": [
					{ "time": 0, "angle": 0 },
					{ "time": 0.5, "angle": -2.82 },
					{ "time": 1.5, "angle": 4.12 },
					{ "time": 2, "angle": 0 }
				],
				"translate": [
					{ "time": 0, "x": 0, "y": 0 },
					{ "time": 0.5, "x": 0.14, "y": -0.41 },
					{ "time": 1.5, "x": -0.49, "y": -0.2 },
					{ "time": 2, "x": 0, "y": 0 }
				]
			},
			"Obai_L": {
				"rotate": [
					{ "time": 0, "angle": 0 },
					{ "time": 0.5, "angle": -349.73 },
					{ "time": 1.5, "angle": -5.1 },
					{ "time": 2, "angle": 0 }
				],
				"translate": [
					{ "time": 0, "x": 0, "y": 0 },
					{ "time": 0.5, "x": -0.24, "y": 0.94 },
					{ "time": 1.5, "x": -0.51, "y": -0.21 },
					{ "time": 2, "x": 0, "y": 0 }
				]
			}
		}
	}
}
}