{
"skeleton": { "hash": "9PyFINP/qJqdG5sbOKVg5ons51g", "spine": "3.2.01", "width": 308.12, "height": 224.49, "images": "" },
"bones": [
	{ "name": "root" },
	{ "name": "bone", "parent": "root" },
	{ "name": "TV", "parent": "bone", "scaleX": 0.5, "scaleY": 0.5 },
	{ "name": "A", "parent": "TV", "x": 22.75, "y": 60.12 },
	{ "name": "B", "parent": "TV", "x": 22.75, "y": 60.12 },
	{ "name": "TV_light", "parent": "TV" }
],
"slots": [
	{ "name": "TVA", "bone": "TV", "attachment": "TVA" },
	{ "name": "A1", "bone": "A" },
	{ "name": "B1", "bone": "B" },
	{ "name": "TV", "bone": "TV", "attachment": "TV" },
	{ "name": "SB", "bone": "TV", "attachment": "SB" },
	{ "name": "K", "bone": "TV", "attachment": "K" },
	{ "name": "TV_light", "bone": "TV_light", "color": "ffffff45" }
],
"skins": {
	"default": {
		"A1": {
			"A1": { "x": 18.07, "y": 4.19, "width": 616, "height": 448 },
			"A2": { "x": 18.07, "y": 4.19, "width": 616, "height": 448 },
			"A3": { "x": 18.07, "y": 4.19, "width": 616, "height": 448 },
			"A4": { "x": 18.07, "y": 4.19, "width": 616, "height": 448 },
			"A5": { "x": 18.07, "y": 4.19, "width": 616, "height": 448 }
		},
		"B1": {
			"B1": { "x": 18.07, "y": 4.19, "width": 616, "height": 448 },
			"B2": { "x": 18.07, "y": 4.19, "width": 616, "height": 448 },
			"B3": { "x": 18.07, "y": 4.19, "width": 616, "height": 448 }
		},
		"K": {
			"K": { "x": 40.57, "y": 65.3, "width": 616, "height": 448 }
		},
		"SB": {
			"SB": { "x": 40.82, "y": 64.32, "width": 616, "height": 448 }
		},
		"TV": {
			"TV": { "x": 40.82, "y": 64.32, "width": 616, "height": 448 }
		},
		"TVA": {
			"TVA": { "x": 40.82, "y": 64.32, "width": 616, "height": 448 }
		},
		"TV_light": {
			"TV_light": { "x": 36.41, "y": 68.54, "scaleX": 0.678, "scaleY": 0.678, "width": 616, "height": 448 }
		}
	}
},
"animations": {
	"close": {
		"slots": {
			"SB": {
				"attachment": [
					{ "time": 0, "name": "SB" }
				]
			}
		},
		"bones": {
			"bone": {
				"rotate": [
					{ "time": 0, "angle": 0, "curve": "stepped" },
					{ "time": 2, "angle": 0 }
				],
				"translate": [
					{ "time": 0, "x": 0, "y": 0, "curve": "stepped" },
					{ "time": 2, "x": 0, "y": 0 }
				],
				"scale": [
					{ "time": 0, "x": 1, "y": 1, "curve": "stepped" },
					{ "time": 2, "x": 1, "y": 1 }
				]
			},
			"TV_light": {
				"rotate": [
					{ "time": 0, "angle": 0, "curve": "stepped" },
					{ "time": 2, "angle": 0 }
				],
				"translate": [
					{ "time": 0, "x": 0, "y": 0, "curve": "stepped" },
					{ "time": 2, "x": 0, "y": 0 }
				],
				"scale": [
					{ "time": 0, "x": 1, "y": 1, "curve": "stepped" },
					{ "time": 2, "x": 1, "y": 1 }
				]
			},
			"B": {
				"rotate": [
					{ "time": 0, "angle": 0, "curve": "stepped" },
					{ "time": 2, "angle": 0 }
				],
				"translate": [
					{ "time": 0, "x": 0, "y": 0, "curve": "stepped" },
					{ "time": 2, "x": 0, "y": 0 }
				],
				"scale": [
					{ "time": 0, "x": 1, "y": 1, "curve": "stepped" },
					{ "time": 2, "x": 1, "y": 1 }
				]
			},
			"A": {
				"rotate": [
					{ "time": 0, "angle": 0, "curve": "stepped" },
					{ "time": 2, "angle": 0 }
				],
				"translate": [
					{ "time": 0, "x": 0, "y": 0, "curve": "stepped" },
					{ "time": 2, "x": 0, "y": 0 }
				],
				"scale": [
					{ "time": 0, "x": 1, "y": 1, "curve": "stepped" },
					{ "time": 2, "x": 1, "y": 1 }
				]
			},
			"TV": {
				"rotate": [
					{ "time": 0, "angle": 0, "curve": "stepped" },
					{ "time": 2, "angle": 0 }
				],
				"translate": [
					{ "time": 0, "x": 0, "y": 0, "curve": "stepped" },
					{ "time": 2, "x": 0, "y": 0 }
				],
				"scale": [
					{ "time": 0, "x": 1, "y": 1, "curve": "stepped" },
					{ "time": 2, "x": 1, "y": 1 }
				]
			}
		}
	},
	"end": {
		"slots": {
			"A1": {
				"attachment": [
					{ "time": 0, "name": "A1" },
					{ "time": 0.3333, "name": null }
				]
			},
			"B1": {
				"attachment": [
					{ "time": 0.0666, "name": null },
					{ "time": 0.1333, "name": "B3" },
					{ "time": 0.2, "name": "B2" },
					{ "time": 0.2666, "name": "B1" },
					{ "time": 0.3333, "name": null }
				]
			},
			"SB": {
				"attachment": [
					{ "time": 0, "name": null },
					{ "time": 0.0666, "name": "SB" }
				]
			},
			"TV_light": {
				"color": [
					{ "time": 0, "color": "ffffff2e" },
					{ "time": 0.2333, "color": "ffffff45" },
					{ "time": 0.3333, "color": "ffffff00" }
				],
				"attachment": [
					{ "time": 0, "name": "TV_light" }
				]
			}
		},
		"bones": {
			"bone": {
				"rotate": [
					{ "time": 0, "angle": 0, "curve": "stepped" },
					{ "time": 0.3333, "angle": 0 }
				],
				"translate": [
					{ "time": 0, "x": 0, "y": 0, "curve": "stepped" },
					{ "time": 0.3333, "x": 0, "y": 0 }
				],
				"scale": [
					{ "time": 0, "x": 1, "y": 1, "curve": "stepped" },
					{ "time": 0.3333, "x": 1, "y": 1 }
				]
			},
			"TV_light": {
				"rotate": [
					{ "time": 0, "angle": 0, "curve": "stepped" },
					{ "time": 0.3333, "angle": 0 }
				],
				"translate": [
					{ "time": 0, "x": 0, "y": 0, "curve": "stepped" },
					{ "time": 0.3333, "x": 0, "y": 0 }
				],
				"scale": [
					{ "time": 0, "x": 1, "y": 1, "curve": "stepped" },
					{ "time": 0.3333, "x": 1, "y": 1 }
				]
			},
			"B": {
				"rotate": [
					{ "time": 0, "angle": 0, "curve": "stepped" },
					{ "time": 0.3333, "angle": 0 }
				],
				"translate": [
					{ "time": 0, "x": 0, "y": 0, "curve": "stepped" },
					{ "time": 0.3333, "x": 0, "y": 0 }
				],
				"scale": [
					{ "time": 0, "x": 1, "y": 1, "curve": "stepped" },
					{ "time": 0.3333, "x": 1, "y": 1 }
				]
			},
			"A": {
				"rotate": [
					{ "time": 0, "angle": 0, "curve": "stepped" },
					{ "time": 0.3333, "angle": 0 }
				],
				"translate": [
					{ "time": 0, "x": 0, "y": 0, "curve": "stepped" },
					{ "time": 0.3333, "x": 0, "y": 0 }
				],
				"scale": [
					{ "time": 0, "x": 1, "y": 1, "curve": "stepped" },
					{ "time": 0.3333, "x": 1, "y": 1 }
				]
			},
			"TV": {
				"rotate": [
					{ "time": 0, "angle": 0, "curve": "stepped" },
					{ "time": 0.3333, "angle": 0 }
				],
				"translate": [
					{ "time": 0, "x": 0, "y": 0, "curve": "stepped" },
					{ "time": 0.3333, "x": 0, "y": 0 }
				],
				"scale": [
					{ "time": 0, "x": 1, "y": 1, "curve": "stepped" },
					{ "time": 0.3333, "x": 1, "y": 1 }
				]
			}
		}
	},
	"end_B": {
		"slots": {
			"A1": {
				"attachment": [
					{ "time": 0, "name": "A5" },
					{ "time": 0.3333, "name": null }
				]
			},
			"B1": {
				"attachment": [
					{ "time": 0.0666, "name": null },
					{ "time": 0.1333, "name": "B3" },
					{ "time": 0.2, "name": "B2" },
					{ "time": 0.2666, "name": "B1" },
					{ "time": 0.3333, "name": null }
				]
			},
			"SB": {
				"attachment": [
					{ "time": 0, "name": null },
					{ "time": 0.0666, "name": "SB" }
				]
			},
			"TV_light": {
				"color": [
					{ "time": 0, "color": "ffffff45", "curve": "stepped" },
					{ "time": 0.2333, "color": "ffffff45" },
					{ "time": 0.3333, "color": "ffffff00" }
				],
				"attachment": [
					{ "time": 0, "name": "TV_light" }
				]
			}
		},
		"bones": {
			"bone": {
				"rotate": [
					{ "time": 0, "angle": 0, "curve": "stepped" },
					{ "time": 0.3333, "angle": 0 }
				],
				"translate": [
					{ "time": 0, "x": 0, "y": 0, "curve": "stepped" },
					{ "time": 0.3333, "x": 0, "y": 0 }
				],
				"scale": [
					{ "time": 0, "x": 1, "y": 1, "curve": "stepped" },
					{ "time": 0.3333, "x": 1, "y": 1 }
				]
			},
			"TV_light": {
				"rotate": [
					{ "time": 0, "angle": 0, "curve": "stepped" },
					{ "time": 0.3333, "angle": 0 }
				],
				"translate": [
					{ "time": 0, "x": 0, "y": 0, "curve": "stepped" },
					{ "time": 0.3333, "x": 0, "y": 0 }
				],
				"scale": [
					{ "time": 0, "x": 1, "y": 1, "curve": "stepped" },
					{ "time": 0.3333, "x": 1, "y": 1 }
				]
			},
			"B": {
				"rotate": [
					{ "time": 0, "angle": 0, "curve": "stepped" },
					{ "time": 0.3333, "angle": 0 }
				],
				"translate": [
					{ "time": 0, "x": 0, "y": 0, "curve": "stepped" },
					{ "time": 0.3333, "x": 0, "y": 0 }
				],
				"scale": [
					{ "time": 0, "x": 1, "y": 1, "curve": "stepped" },
					{ "time": 0.3333, "x": 1, "y": 1 }
				]
			},
			"A": {
				"rotate": [
					{ "time": 0, "angle": 0, "curve": "stepped" },
					{ "time": 0.3333, "angle": 0 }
				],
				"translate": [
					{ "time": 0, "x": 0, "y": 0, "curve": "stepped" },
					{ "time": 0.3333, "x": 0, "y": 0 }
				],
				"scale": [
					{ "time": 0, "x": 1, "y": 1, "curve": "stepped" },
					{ "time": 0.3333, "x": 1, "y": 1 }
				]
			},
			"TV": {
				"rotate": [
					{ "time": 0, "angle": 0, "curve": "stepped" },
					{ "time": 0.3333, "angle": 0 }
				],
				"translate": [
					{ "time": 0, "x": 0, "y": 0, "curve": "stepped" },
					{ "time": 0.3333, "x": 0, "y": 0 }
				],
				"scale": [
					{ "time": 0, "x": 1, "y": 1, "curve": "stepped" },
					{ "time": 0.3333, "x": 1, "y": 1 }
				]
			}
		}
	},
	"normal_A": {
		"slots": {
			"A1": {
				"attachment": [
					{ "time": 0, "name": "A1" },
					{ "time": 0.3333, "name": "A2" },
					{ "time": 0.6666, "name": "A3" },
					{ "time": 1, "name": "A4" },
					{ "time": 1.3333, "name": "A1" },
					{ "time": 1.6666, "name": "A2" },
					{ "time": 2, "name": "A3" },
					{ "time": 2.3333, "name": "A4" },
					{ "time": 2.6666, "name": "A1" },
					{ "time": 3, "name": "A2" },
					{ "time": 3.3333, "name": "A3" },
					{ "time": 3.6666, "name": "A4" },
					{ "time": 4, "name": "A1" },
					{ "time": 4.3333, "name": "A2" },
					{ "time": 4.6666, "name": "A3" },
					{ "time": 5, "name": "A4" },
					{ "time": 5.3333, "name": "A1" }
				]
			},
			"SB": {
				"attachment": [
					{ "time": 0, "name": null }
				]
			},
			"TV_light": {
				"color": [
					{ "time": 0, "color": "ffffff45" },
					{ "time": 0.5, "color": "ffffff22" },
					{ "time": 1.1666, "color": "ffffff47" },
					{ "time": 1.8333, "color": "ffffff21" },
					{ "time": 2.6666, "color": "ffffff45" },
					{ "time": 3.1666, "color": "ffffff22" },
					{ "time": 3.8333, "color": "ffffff47" },
					{ "time": 4.5, "color": "ffffff21" },
					{ "time": 5.3333, "color": "ffffff45" }
				],
				"attachment": [
					{ "time": 0, "name": "TV_light" }
				]
			}
		},
		"bones": {
			"TV_light": {
				"rotate": [
					{ "time": 0, "angle": 0, "curve": "stepped" },
					{ "time": 2.6666, "angle": 0, "curve": "stepped" },
					{ "time": 5.3333, "angle": 0 }
				],
				"translate": [
					{ "time": 0, "x": 0, "y": 0, "curve": "stepped" },
					{ "time": 2.6666, "x": 0, "y": 0, "curve": "stepped" },
					{ "time": 5.3333, "x": 0, "y": 0 }
				],
				"scale": [
					{ "time": 0, "x": 1, "y": 1, "curve": "stepped" },
					{ "time": 2.6666, "x": 1, "y": 1, "curve": "stepped" },
					{ "time": 5.3333, "x": 1, "y": 1 }
				]
			},
			"A": {
				"rotate": [
					{ "time": 0, "angle": 0, "curve": "stepped" },
					{ "time": 2.6666, "angle": 0, "curve": "stepped" },
					{ "time": 5.3333, "angle": 0 }
				],
				"translate": [
					{ "time": 0, "x": 0, "y": 0, "curve": "stepped" },
					{ "time": 1.1666, "x": 0, "y": 0 },
					{ "time": 1.2333, "x": 0, "y": 5.11 },
					{ "time": 1.3, "x": 0, "y": -5.35 },
					{ "time": 1.3666, "x": 0, "y": 4.4 },
					{ "time": 1.4, "x": 0, "y": 0, "curve": "stepped" },
					{ "time": 2.6666, "x": 0, "y": 0, "curve": "stepped" },
					{ "time": 5.3333, "x": 0, "y": 0 }
				],
				"scale": [
					{ "time": 0, "x": 1, "y": 1, "curve": "stepped" },
					{ "time": 2.6666, "x": 1, "y": 1, "curve": "stepped" },
					{ "time": 5.3333, "x": 1, "y": 1 }
				]
			},
			"TV": {
				"rotate": [
					{ "time": 2.6666, "angle": 0, "curve": "stepped" },
					{ "time": 5.3333, "angle": 0 }
				],
				"translate": [
					{ "time": 2.6666, "x": 0, "y": 0, "curve": "stepped" },
					{ "time": 5.3333, "x": 0, "y": 0 }
				],
				"scale": [
					{ "time": 2.6666, "x": 1, "y": 1, "curve": "stepped" },
					{ "time": 5.3333, "x": 1, "y": 1 }
				]
			},
			"bone": {
				"rotate": [
					{ "time": 2.5666, "angle": 0 }
				],
				"translate": [
					{ "time": 2.5666, "x": 0, "y": 0 }
				],
				"scale": [
					{ "time": 2.5666, "x": 1, "y": 1 }
				]
			},
			"B": {
				"rotate": [
					{ "time": 2.6666, "angle": 0, "curve": "stepped" },
					{ "time": 5.3333, "angle": 0 }
				],
				"translate": [
					{ "time": 2.6666, "x": 0, "y": 0, "curve": "stepped" },
					{ "time": 5.3333, "x": 0, "y": 0 }
				],
				"scale": [
					{ "time": 2.6666, "x": 1, "y": 1, "curve": "stepped" },
					{ "time": 5.3333, "x": 1, "y": 1 }
				]
			}
		}
	},
	"normal_B": {
		"slots": {
			"A1": {
				"attachment": [
					{ "time": 0, "name": "A1" },
					{ "time": 0.3333, "name": "A2" },
					{ "time": 0.6666, "name": "A3" },
					{ "time": 1, "name": "A5" }
				]
			},
			"SB": {
				"attachment": [
					{ "time": 0, "name": null }
				]
			},
			"TV_light": {
				"color": [
					{ "time": 0, "color": "ffffff45" },
					{ "time": 0.5, "color": "ffffff22" },
					{ "time": 1.1666, "color": "ffffff47" },
					{ "time": 1.8333, "color": "ffffff21" },
					{ "time": 2.6666, "color": "ffffff45" }
				],
				"attachment": [
					{ "time": 0, "name": "TV_light" }
				]
			}
		},
		"bones": {
			"A": {
				"rotate": [
					{ "time": 0, "angle": 0, "curve": "stepped" },
					{ "time": 2.6666, "angle": 0 }
				],
				"translate": [
					{ "time": 0, "x": 0, "y": 0, "curve": "stepped" },
					{ "time": 1.1666, "x": 0, "y": 0 },
					{ "time": 1.2333, "x": 0, "y": 6.02 },
					{ "time": 1.2666, "x": 0, "y": -12.18 },
					{ "time": 1.3, "x": 0, "y": -1.85 },
					{ "time": 1.3333, "x": 0, "y": 0, "curve": "stepped" },
					{ "time": 2.6666, "x": 0, "y": 0 }
				],
				"scale": [
					{ "time": 0, "x": 1, "y": 1, "curve": "stepped" },
					{ "time": 2.6666, "x": 1, "y": 1 }
				]
			},
			"B": {
				"rotate": [
					{ "time": 2.6666, "angle": 0 }
				],
				"translate": [
					{ "time": 2.6666, "x": 0, "y": 0 }
				],
				"scale": [
					{ "time": 2.6666, "x": 1, "y": 1 }
				]
			},
			"TV": {
				"rotate": [
					{ "time": 2.6666, "angle": 0 }
				],
				"translate": [
					{ "time": 2.6666, "x": 0, "y": 0 }
				],
				"scale": [
					{ "time": 2.6666, "x": 1, "y": 1 }
				]
			},
			"TV_light": {
				"rotate": [
					{ "time": 0, "angle": 0, "curve": "stepped" },
					{ "time": 2.6666, "angle": 0 }
				],
				"translate": [
					{ "time": 0, "x": 0, "y": 0, "curve": "stepped" },
					{ "time": 2.6666, "x": 0, "y": 0 }
				],
				"scale": [
					{ "time": 0, "x": 1, "y": 1, "curve": "stepped" },
					{ "time": 2.6666, "x": 1, "y": 1 }
				]
			}
		}
	},
	"open": {
		"slots": {
			"A1": {
				"attachment": [
					{ "time": 0.2, "name": "A1" },
					{ "time": 0.5, "name": "A2" },
					{ "time": 0.8333, "name": "A3" },
					{ "time": 1.1666, "name": "A4" },
					{ "time": 1.5, "name": "A1" },
					{ "time": 1.8333, "name": "A2" },
					{ "time": 2.1666, "name": "A3" },
					{ "time": 2.5, "name": "A4" },
					{ "time": 2.6666, "name": "A1" }
				]
			},
			"B1": {
				"attachment": [
					{ "time": 0, "name": "B1" },
					{ "time": 0.0666, "name": "B2" },
					{ "time": 0.1333, "name": "B3" },
					{ "time": 0.2, "name": null }
				]
			},
			"SB": {
				"attachment": [
					{ "time": 0, "name": null }
				]
			},
			"TV_light": {
				"color": [
					{ "time": 0, "color": "ffffff00" },
					{ "time": 0.0333, "color": "ffffff45" },
					{ "time": 0.5, "color": "ffffff22" },
					{ "time": 1.1666, "color": "ffffff47" },
					{ "time": 1.8333, "color": "ffffff21" },
					{ "time": 2.6666, "color": "ffffff45" }
				],
				"attachment": [
					{ "time": 0, "name": "TV_light" }
				]
			}
		},
		"bones": {
			"bone": {
				"rotate": [
					{ "time": 0, "angle": 0, "curve": "stepped" },
					{ "time": 2.6666, "angle": 0 }
				],
				"translate": [
					{ "time": 0, "x": 0, "y": 0, "curve": "stepped" },
					{ "time": 2.6666, "x": 0, "y": 0 }
				],
				"scale": [
					{ "time": 0, "x": 1, "y": 1, "curve": "stepped" },
					{ "time": 2.6666, "x": 1, "y": 1 }
				]
			},
			"TV_light": {
				"rotate": [
					{ "time": 0, "angle": 0, "curve": "stepped" },
					{ "time": 2.6666, "angle": 0 }
				],
				"translate": [
					{ "time": 0, "x": 0, "y": 0, "curve": "stepped" },
					{ "time": 2.6666, "x": 0, "y": 0 }
				],
				"scale": [
					{ "time": 0, "x": 1, "y": 1, "curve": "stepped" },
					{ "time": 2.6666, "x": 1, "y": 1 }
				]
			},
			"B": {
				"rotate": [
					{ "time": 0, "angle": 0, "curve": "stepped" },
					{ "time": 2.6666, "angle": 0 }
				],
				"translate": [
					{ "time": 0, "x": 0, "y": 0 },
					{ "time": 0.1666, "x": 0, "y": 8.04 },
					{ "time": 2.6666, "x": 0, "y": 0 }
				],
				"scale": [
					{ "time": 0, "x": 1, "y": 1, "curve": "stepped" },
					{ "time": 2.6666, "x": 1, "y": 1 }
				]
			},
			"A": {
				"rotate": [
					{ "time": 0, "angle": 0, "curve": "stepped" },
					{ "time": 2.6666, "angle": 0 }
				],
				"translate": [
					{ "time": 0, "x": 0, "y": 0, "curve": "stepped" },
					{ "time": 0.1666, "x": 0, "y": 0, "curve": "stepped" },
					{ "time": 0.8, "x": 0, "y": 0 },
					{ "time": 0.8333, "x": 0, "y": 8.04 },
					{ "time": 0.9, "x": 0, "y": 9.94 },
					{ "time": 0.9666, "x": 0, "y": -5.05 },
					{ "time": 1.0333, "x": 0, "y": 0, "curve": "stepped" },
					{ "time": 2.6666, "x": 0, "y": 0 }
				],
				"scale": [
					{ "time": 0, "x": 1, "y": 1, "curve": "stepped" },
					{ "time": 2.6666, "x": 1, "y": 1 }
				]
			},
			"TV": {
				"rotate": [
					{ "time": 0, "angle": 0, "curve": "stepped" },
					{ "time": 2.6666, "angle": 0 }
				],
				"translate": [
					{ "time": 0, "x": 0, "y": 0, "curve": "stepped" },
					{ "time": 2.6666, "x": 0, "y": 0 }
				],
				"scale": [
					{ "time": 0, "x": 1, "y": 1, "curve": "stepped" },
					{ "time": 2.6666, "x": 1, "y": 1 }
				]
			}
		}
	}
}
}