{
"skeleton": { "hash": "hA8fGGq/+7mRJvQda3scsmv4I70", "spine": "2.1.27", "width": 303.11, "height": 303.11, "images": "" },
"bones": [
	{ "name": "Root_All", "scaleX": 1.01, "scaleY": 1.01 },
	{ "name": "Ring", "parent": "Root_All" },
	{ "name": "Shadow", "parent": "Root_All" },
	{ "name": "Ship_All", "parent": "Root_All" },
	{ "name": "Skill_light", "parent": "Root_All", "x": -4.21, "y": 11.91, "scaleX": 2, "scaleY": 2, "rotation": 90 },
	{ "name": "Body", "parent": "Ship_All", "length": 255.84, "x": 2.99, "y": -3.93, "rotation": 90 },
	{ "name": "Antiaircraft", "parent": "Body", "length": 44.62, "x": 172.48, "y": -54.96, "rotation": -90 },
	{ "name": "Attack_Point", "parent": "Body", "length": 25.69, "x": 118.97, "y": -40.2, "rotation": -88.64 },
	{ "name": "Body_Front", "parent": "Body", "length": 37.11, "x": 51.84, "y": 60, "rotation": -92.25 },
	{ "name": "Damage_Point", "parent": "Body", "length": 22.56, "x": 113.17, "y": 13.93, "rotation": -90 },
	{ "name": "Dialogue", "parent": "Body", "length": 57.85, "x": 188.08, "y": -63.53, "rotation": -90 },
	{ "name": "Expression", "parent": "Body", "length": 46.33, "x": 215.57, "y": -36.08, "rotation": -42.65 },
	{ "name": "Face", "parent": "Body", "length": 66.94, "x": 180, "y": 30, "rotation": 270 },
	{ "name": "Ship", "parent": "Body", "length": 127.17, "x": 100, "y": 60, "rotation": 270 },
	{ "name": "Smoke_L1", "parent": "Body", "length": 65.19, "x": 94.33, "y": 61.45, "rotation": 36.25 },
	{ "name": "Smoke_R1", "parent": "Body", "length": 55.12, "x": 73.96, "y": -46.16, "rotation": -17.89 },
	{ "name": "Throw_Point", "parent": "Body", "length": 24.91, "x": 64.69, "y": -28.92, "rotation": -88.64 }
],
"slots": [
	{ "name": "Rodney_ship_armor_normal", "bone": "Ship", "attachment": "Ship_armor_normal" },
	{ "name": "Light_Ship", "bone": "Ship", "attachment": "Rodney_armor_normal_light", "blend": "additive" },
	{ "name": "Rodney_body_normal", "bone": "Body", "attachment": "Body_change" },
	{ "name": "Rodney_eyes_normal", "bone": "Face", "attachment": "Rodney_eyes_normal" },
	{ "name": "Light_Body", "bone": "Body", "attachment": "Rodney_ship_body_normal_light", "blend": "additive" },
	{ "name": "Body_Hand", "bone": "Body_Front", "attachment": "Front_Picture" },
	{ "name": "Rodney_fuzzy", "bone": "Shadow" },
	{ "name": "Light_picture", "bone": "Skill_light", "blend": "additive" },
	{ "name": "Light_picture_2", "bone": "Skill_light", "blend": "additive" },
	{ "name": "Light_red", "bone": "Ring", "blend": "additive" }
],
"skins": {
	"default": {
		"Light_Body": {
			"Rodney_ship_body_normal_light": { "x": 130.44, "y": 10.44, "rotation": -90, "width": 300, "height": 300 }
		},
		"Light_Ship": {
			"Rodney_armor_normal_light": { "x": 49.55, "y": 30.44, "width": 300, "height": 300 }
		},
		"Light_picture": {
			"Light_new_01_0001": { "x": 0.11, "y": 0.04, "rotation": -90, "width": 250, "height": 150 },
			"Light_new_01_0002": { "x": 0.11, "y": 0.04, "rotation": -90, "width": 250, "height": 150 },
			"Light_new_01_0003": { "x": 0.11, "y": 0.04, "rotation": -90, "width": 250, "height": 150 },
			"Light_new_01_0004": { "x": 0.11, "y": 0.04, "rotation": -90, "width": 250, "height": 150 },
			"Light_new_01_0005": { "x": 0.11, "y": 0.04, "rotation": -90, "width": 250, "height": 150 },
			"Light_new_01_0006": { "x": 0.11, "y": 0.04, "rotation": -90, "width": 250, "height": 150 },
			"Light_new_01_0007": { "x": 0.11, "y": 0.04, "rotation": -90, "width": 250, "height": 150 },
			"Light_new_01_0008": { "x": 0.11, "y": 0.04, "rotation": -90, "width": 250, "height": 150 },
			"Light_new_01_0009": { "x": 0.11, "y": 0.04, "rotation": -90, "width": 250, "height": 150 },
			"Light_new_01_0010": { "x": 0.11, "y": 0.04, "rotation": -90, "width": 250, "height": 150 }
		},
		"Light_picture_2": {
			"Light_new_02_0001": { "x": 0.11, "y": 0.04, "rotation": -90, "width": 250, "height": 150 },
			"Light_new_02_0002": { "x": 0.11, "y": 0.04, "rotation": -90, "width": 250, "height": 150 },
			"Light_new_02_0003": { "x": 0.11, "y": 0.04, "rotation": -90, "width": 250, "height": 150 },
			"Light_new_02_0004": { "x": 0.11, "y": 0.04, "rotation": -90, "width": 250, "height": 150 },
			"Light_new_02_0005": { "x": 0.11, "y": 0.04, "rotation": -90, "width": 250, "height": 150 },
			"Light_new_02_0006": { "x": 0.11, "y": 0.04, "rotation": -90, "width": 250, "height": 150 },
			"Light_new_02_0007": { "x": 0.11, "y": 0.04, "rotation": -90, "width": 250, "height": 150 },
			"Light_new_02_0008": { "x": 0.11, "y": 0.04, "rotation": -90, "width": 250, "height": 150 }
		},
		"Light_red": {
			"Light_red": { "width": 96, "height": 249 }
		},
		"Rodney_eyes_normal": {
			"Rodney_eyes_damage": { "x": 19.55, "y": -49.55, "width": 300, "height": 300 },
			"Rodney_eyes_normal": { "x": 19.55, "y": -49.55, "width": 300, "height": 300 }
		},
		"Rodney_fuzzy": {
			"Rodney_body_fuzzy": { "width": 300, "height": 300 }
		}
	},
	"damage": {
		"Body_Hand": {
			"Front_Picture": { "name": "Rodney_fornt_damage", "x": 46.46, "y": 80.46, "rotation": 2.25, "width": 300, "height": 300 }
		},
		"Rodney_body_normal": {
			"Body_change": { "name": "Rodney_body_damage", "x": 130.44, "y": 10.45, "rotation": -90, "width": 300, "height": 300 }
		},
		"Rodney_ship_armor_normal": {
			"Ship_armor_normal": { "name": "Rodney_ship_armor_damage", "x": 49.55, "y": 30.44, "width": 300, "height": 300 }
		}
	},
	"normal": {
		"Body_Hand": {
			"Front_Picture": { "name": "Rodney_fornt_normal", "x": 46.46, "y": 80.46, "rotation": 2.25, "width": 300, "height": 300 }
		},
		"Rodney_body_normal": {
			"Body_change": { "name": "Rodney_body_normal", "x": 130.44, "y": 10.44, "rotation": -90, "width": 300, "height": 300 }
		},
		"Rodney_ship_armor_normal": {
			"Ship_armor_normal": { "name": "Rodney_ship_armor_normal", "x": 49.55, "y": 30.44, "width": 300, "height": 300 }
		}
	}
},
"events": {
	"Antiaircraft": {},
	"End": {},
	"Hit_point": {},
	"attack_point": {},
	"damage_point": {},
	"throw_point": {}
},
"animations": {
	"Antiaircraft": {
		"slots": {
			"Body_Hand": {
				"attachment": [
					{ "time": 0, "name": "Front_Picture" }
				]
			},
			"Light_Body": {
				"attachment": [
					{ "time": 0, "name": null },
					{ "time": 0.0666, "name": "Rodney_ship_body_normal_light" },
					{ "time": 0.5, "name": null },
					{ "time": 0.6, "name": "Rodney_ship_body_normal_light" },
					{ "time": 1.2666, "name": null },
					{ "time": 1.3666, "name": "Rodney_ship_body_normal_light" },
					{ "time": 2, "name": null }
				],
				"color": [
					{ "time": 0.0666, "color": "fffffffd" },
					{ "time": 0.1666, "color": "ffffff00" },
					{ "time": 0.2, "color": "ffffffff" },
					{ "time": 0.3333, "color": "ffffff00" },
					{ "time": 0.3666, "color": "ffffffff" },
					{ "time": 0.4666, "color": "ffffff00" },
					{ "time": 0.6, "color": "ffffffff" },
					{ "time": 0.7333, "color": "ffffff00" },
					{ "time": 0.8, "color": "ffffffff" },
					{ "time": 0.9, "color": "ffffff00" },
					{ "time": 0.9666, "color": "ffffffff" },
					{ "time": 1.1, "color": "ffffff00" },
					{ "time": 1.1333, "color": "ffffffff" },
					{ "time": 1.2333, "color": "ffffff00" },
					{ "time": 1.3666, "color": "ffffffff" },
					{ "time": 1.4666, "color": "ffffff00" },
					{ "time": 1.5333, "color": "ffffffff" },
					{ "time": 1.6333, "color": "ffffff00" },
					{ "time": 1.7, "color": "ffffffff" },
					{ "time": 1.8333, "color": "ffffff00" },
					{ "time": 1.8666, "color": "ffffffff" },
					{ "time": 1.9666, "color": "ffffff00" }
				]
			},
			"Light_Ship": {
				"attachment": [
					{ "time": 0, "name": null },
					{ "time": 0.0666, "name": "Rodney_armor_normal_light" },
					{ "time": 0.5, "name": null },
					{ "time": 0.6, "name": "Rodney_armor_normal_light" },
					{ "time": 1.2666, "name": null },
					{ "time": 1.3666, "name": "Rodney_armor_normal_light" },
					{ "time": 2, "name": null }
				],
				"color": [
					{ "time": 0.0666, "color": "ffffffff" },
					{ "time": 0.1666, "color": "ffffff00" },
					{ "time": 0.2, "color": "ffffffff" },
					{ "time": 0.3333, "color": "ffffff00" },
					{ "time": 0.3666, "color": "ffffffff" },
					{ "time": 0.4666, "color": "ffffff00" },
					{ "time": 0.6, "color": "ffffffff" },
					{ "time": 0.7333, "color": "ffffff00" },
					{ "time": 0.8, "color": "ffffffff" },
					{ "time": 0.9, "color": "ffffff00" },
					{ "time": 0.9666, "color": "ffffffff" },
					{ "time": 1.1, "color": "ffffff00" },
					{ "time": 1.1333, "color": "ffffffff" },
					{ "time": 1.2333, "color": "ffffff00" },
					{ "time": 1.3666, "color": "ffffffff" },
					{ "time": 1.4666, "color": "ffffff00" },
					{ "time": 1.5333, "color": "ffffffff" },
					{ "time": 1.6333, "color": "ffffff00" },
					{ "time": 1.7, "color": "ffffffff" },
					{ "time": 1.8333, "color": "ffffff00" },
					{ "time": 1.8666, "color": "ffffffff" },
					{ "time": 1.9666, "color": "ffffff00" }
				]
			},
			"Light_picture": {
				"attachment": [
					{ "time": 0, "name": null }
				]
			},
			"Light_picture_2": {
				"attachment": [
					{ "time": 0, "name": null }
				]
			},
			"Light_red": {
				"attachment": [
					{ "time": 0, "name": null }
				]
			},
			"Rodney_fuzzy": {
				"attachment": [
					{ "time": 0, "name": null }
				]
			},
			"Rodney_ship_armor_normal": {
				"attachment": [
					{ "time": 0, "name": "Ship_armor_normal" }
				]
			}
		},
		"bones": {
			"Body": {
				"rotate": [
					{ "time": 0, "angle": 0, "curve": "stepped" },
					{ "time": 2, "angle": 0 }
				],
				"translate": [
					{ "time": 0, "x": 0, "y": 0, "curve": "stepped" },
					{ "time": 2, "x": 0, "y": 0 }
				]
			},
			"Ship": {
				"rotate": [
					{
						"time": 0,
						"angle": 0,
						"curve": [ 0.286, 0.34, 0.623, 0.67 ]
					},
					{
						"time": 0.5,
						"angle": -361.31,
						"curve": [ 0.282, 0.37, 0.624, 0.71 ]
					},
					{
						"time": 1.5,
						"angle": -359,
						"curve": [ 0.321, 0.37, 0.656, 0.71 ]
					},
					{ "time": 2, "angle": 0 }
				],
				"translate": [
					{
						"time": 0,
						"x": 0,
						"y": 0,
						"curve": [ 0.319, 0.33, 0.653, 0.66 ]
					},
					{
						"time": 0.5,
						"x": 1.79,
						"y": 0,
						"curve": [ 0.289, 0.43, 0.622, 0.73 ]
					},
					{
						"time": 1.5,
						"x": -2.75,
						"y": 0,
						"curve": [ 0.487, 0.33, 0.657, 0.5 ]
					},
					{ "time": 2, "x": 0, "y": 0 }
				]
			},
			"Root_All": {
				"rotate": [
					{ "time": 0, "angle": 0, "curve": "stepped" },
					{ "time": 2, "angle": 0 }
				],
				"translate": [
					{
						"time": 0,
						"x": 0,
						"y": 0,
						"curve": [ 0.255, 0.35, 0.6, 0.7 ]
					},
					{
						"time": 0.5,
						"x": 0,
						"y": -9.82,
						"curve": [ 0.3, 0.39, 0.641, 0.74 ]
					},
					{
						"time": 1,
						"x": 0,
						"y": -15.66,
						"curve": [ 0.322, 0.37, 0.652, 0.7 ]
					},
					{
						"time": 1.5,
						"x": 0,
						"y": -7.79,
						"curve": [ 0.314, 0.36, 0.644, 0.68 ]
					},
					{ "time": 2, "x": 0, "y": 0 }
				]
			},
			"Ship_All": {
				"rotate": [
					{ "time": 0, "angle": 0, "curve": "stepped" },
					{ "time": 2, "angle": 0 }
				],
				"translate": [
					{ "time": 0, "x": 0, "y": 0, "curve": "stepped" },
					{ "time": 2, "x": 0, "y": 0 }
				]
			},
			"Face": {
				"rotate": [
					{ "time": 0, "angle": 0, "curve": "stepped" },
					{ "time": 2, "angle": 0 }
				],
				"translate": [
					{
						"time": 0,
						"x": 0,
						"y": 0,
						"curve": [ 0.286, 0.34, 0.623, 0.67 ]
					},
					{
						"time": 0.5,
						"x": 0.64,
						"y": 0,
						"curve": [ 0.282, 0.37, 0.624, 0.71 ]
					},
					{
						"time": 1.5,
						"x": -1.28,
						"y": 0,
						"curve": [ 0.321, 0.37, 0.656, 0.71 ]
					},
					{ "time": 2, "x": 0, "y": 0 }
				]
			},
			"Body_Front": {
				"rotate": [
					{ "time": 0, "angle": 0 },
					{ "time": 1, "angle": 3.98 },
					{ "time": 2, "angle": 0 }
				],
				"translate": [
					{ "time": 0, "x": 0, "y": 0 },
					{ "time": 1, "x": -6.08, "y": 0 },
					{ "time": 2, "x": 0, "y": 0 }
				]
			}
		},
		"events": [
			{ "time": 0.0666, "name": "Antiaircraft" }
		]
	},
	"Hit": {
		"slots": {
			"Body_Hand": {
				"attachment": [
					{ "time": 0, "name": "Front_Picture" },
					{ "time": 1, "name": "Front_Picture" }
				]
			},
			"Light_Body": {
				"attachment": [
					{ "time": 0, "name": null },
					{ "time": 1, "name": null }
				]
			},
			"Light_Ship": {
				"attachment": [
					{ "time": 0, "name": null },
					{ "time": 1, "name": null }
				]
			},
			"Light_picture": {
				"attachment": [
					{ "time": 0, "name": null },
					{ "time": 0.1, "name": "Light_new_01_0001" },
					{ "time": 0.1333, "name": "Light_new_01_0002" },
					{ "time": 0.1666, "name": "Light_new_01_0003" },
					{ "time": 0.2, "name": "Light_new_01_0004" },
					{ "time": 0.2333, "name": "Light_new_01_0005" },
					{ "time": 0.2666, "name": "Light_new_01_0006" },
					{ "time": 0.3, "name": "Light_new_01_0007" },
					{ "time": 0.3333, "name": "Light_new_01_0008" },
					{ "time": 0.3666, "name": "Light_new_01_0009" },
					{ "time": 0.4, "name": "Light_new_01_0010" },
					{ "time": 0.4333, "name": null },
					{ "time": 0.4666, "name": null }
				]
			},
			"Light_picture_2": {
				"attachment": [
					{ "time": 0, "name": null },
					{ "time": 0.1, "name": "Light_new_02_0001" },
					{ "time": 0.1333, "name": "Light_new_02_0002" },
					{ "time": 0.1666, "name": "Light_new_02_0003" },
					{ "time": 0.2, "name": "Light_new_02_0004" },
					{ "time": 0.2333, "name": "Light_new_02_0005" },
					{ "time": 0.2666, "name": "Light_new_02_0006" },
					{ "time": 0.3, "name": "Light_new_02_0007" },
					{ "time": 0.3333, "name": "Light_new_02_0008" },
					{ "time": 0.3666, "name": null }
				]
			},
			"Light_red": {
				"attachment": [
					{ "time": 0, "name": null },
					{ "time": 0.1333, "name": "Light_red" },
					{ "time": 0.3666, "name": null }
				],
				"color": [
					{ "time": 0.1333, "color": "ffffff00" },
					{ "time": 0.1666, "color": "ffffffff" },
					{ "time": 0.3333, "color": "ffffff00" }
				]
			},
			"Rodney_eyes_normal": {
				"attachment": [
					{ "time": 0, "name": "Rodney_eyes_normal" },
					{ "time": 1, "name": "Rodney_eyes_normal" }
				]
			},
			"Rodney_fuzzy": {
				"attachment": [
					{ "time": 0, "name": "Rodney_body_fuzzy" },
					{ "time": 1, "name": null }
				],
				"color": [
					{ "time": 0, "color": "ffffff00" },
					{ "time": 0.0666, "color": "ffffffff" },
					{ "time": 0.3333, "color": "ffffff39" },
					{ "time": 0.3666, "color": "ffffff00" }
				]
			}
		},
		"bones": {
			"Ship_All": {
				"rotate": [
					{ "time": 0, "angle": 0, "curve": "stepped" },
					{ "time": 1, "angle": 0 }
				],
				"translate": [
					{ "time": 0, "x": 0, "y": 0, "curve": "stepped" },
					{ "time": 1, "x": 0, "y": 0 }
				]
			},
			"Body_Front": {
				"rotate": [
					{ "time": 0, "angle": 0 },
					{ "time": 0.1333, "angle": -56.27 },
					{ "time": 0.2333, "angle": 22.21 },
					{ "time": 0.3666, "angle": -26.78 },
					{ "time": 0.5333, "angle": 22.26 },
					{ "time": 0.7666, "angle": -16.06 },
					{ "time": 1, "angle": 0 }
				],
				"translate": [
					{ "time": 0, "x": 0, "y": 0 },
					{ "time": 0.1333, "x": 13.93, "y": 26.39 },
					{ "time": 0.2333, "x": -15.48, "y": -10.44 },
					{ "time": 0.3666, "x": 5.65, "y": 12.05 },
					{ "time": 0.5333, "x": -7.34, "y": -6.97 },
					{ "time": 0.7666, "x": 3.43, "y": 7.58 },
					{ "time": 1, "x": 0, "y": 0 }
				]
			},
			"Shadow": {
				"translate": [
					{ "time": 0, "x": -348.61, "y": 115.41 },
					{ "time": 0.1, "x": -146.17, "y": 114.71 },
					{ "time": 0.3333, "x": 26.08, "y": 121.73 }
				],
				"scale": [
					{ "time": 0, "x": 1, "y": 1 },
					{ "time": 0.1, "x": 1.6, "y": 1 },
					{ "time": 0.3333, "x": 0.8, "y": 1 }
				]
			},
			"Ship": {
				"rotate": [
					{
						"time": 0,
						"angle": 0,
						"curve": [ 0.33, 0.33, 0.664, 0.66 ]
					},
					{
						"time": 0.1333,
						"angle": -380.08,
						"curve": [ 0.329, 0.33, 0.662, 0.66 ]
					},
					{
						"time": 0.3333,
						"angle": -332.96,
						"curve": [ 0.33, 0.33, 0.663, 0.66 ]
					},
					{
						"time": 0.6666,
						"angle": -354.04,
						"curve": [ 0.327, 0.33, 0.661, 0.66 ]
					},
					{ "time": 1, "angle": 0 }
				],
				"translate": [
					{
						"time": 0,
						"x": 0,
						"y": 0,
						"curve": [ 0.331, 0.33, 0.664, 0.66 ]
					},
					{
						"time": 0.1333,
						"x": 25.94,
						"y": -15.61,
						"curve": [ 0.331, 0.33, 0.665, 0.66 ]
					},
					{
						"time": 0.2333,
						"x": -4.44,
						"y": 2.7,
						"curve": [ 0.331, 0.33, 0.665, 0.66 ]
					},
					{
						"time": 0.3333,
						"x": -40.74,
						"y": 5.37,
						"curve": [ 0.331, 0.33, 0.665, 0.66 ]
					},
					{
						"time": 0.6666,
						"x": -9.06,
						"y": 1.94,
						"curve": [ 0.328, 0.33, 0.662, 0.66 ]
					},
					{ "time": 1, "x": 0, "y": 0 }
				]
			},
			"Face": {
				"rotate": [
					{ "time": 0, "angle": 0, "curve": "stepped" },
					{ "time": 1, "angle": 0 }
				],
				"translate": [
					{ "time": 0, "x": 0, "y": 0, "curve": "stepped" },
					{ "time": 1, "x": 0, "y": 0 }
				]
			},
			"Root_All": {
				"rotate": [
					{ "time": 0, "angle": 0, "curve": "stepped" },
					{ "time": 1, "angle": 0 }
				],
				"translate": [
					{ "time": 0, "x": 0, "y": 0, "curve": "stepped" },
					{ "time": 1, "x": 0, "y": 0 }
				]
			},
			"Body": {
				"rotate": [
					{
						"time": 0,
						"angle": 3.93,
						"curve": [ 0.266, 0.35, 0.607, 0.69 ]
					},
					{
						"time": 0.1666,
						"angle": -13.44,
						"curve": [ 0.288, 0.4, 0.634, 0.75 ]
					},
					{
						"time": 0.2333,
						"angle": 0,
						"curve": [ 0.294, 0.34, 0.629, 0.67 ]
					},
					{
						"time": 0.3333,
						"angle": 1.75,
						"curve": [ 0.301, 0.34, 0.637, 0.68 ]
					},
					{
						"time": 0.5333,
						"angle": -1.65,
						"curve": [ 0.293, 0.4, 0.637, 0.74 ]
					},
					{ "time": 1, "angle": 0 }
				],
				"translate": [
					{
						"time": 0,
						"x": -272.34,
						"y": -9.58,
						"curve": [ 0.266, 0.35, 0.607, 0.69 ]
					},
					{
						"time": 0.1666,
						"x": -8.5,
						"y": -7,
						"curve": [ 0.288, 0.4, 0.634, 0.75 ]
					},
					{
						"time": 0.2333,
						"x": 0,
						"y": 0,
						"curve": [ 0.306, 0.33, 0.64, 0.67 ]
					},
					{
						"time": 0.3333,
						"x": -9.72,
						"y": -0.29,
						"curve": [ 0.295, 0.34, 0.631, 0.68 ]
					},
					{
						"time": 0.5333,
						"x": 0.08,
						"y": -0.34,
						"curve": [ 0.287, 0.4, 0.633, 0.75 ]
					},
					{ "time": 1, "x": 0, "y": 0 }
				]
			},
			"Skill_light": {
				"rotate": [
					{ "time": 0.1, "angle": 7.42 }
				],
				"translate": [
					{ "time": 0.1, "x": 77.53, "y": 119.73 }
				],
				"scale": [
					{ "time": 0.1, "x": 1.25, "y": 0.75 }
				]
			},
			"Ring": {
				"translate": [
					{ "time": 0.1333, "x": 7.09, "y": 136.61 },
					{ "time": 0.3333, "x": 100.86, "y": 137.73 }
				],
				"scale": [
					{ "time": 0.1333, "x": 1, "y": 0.6 },
					{ "time": 0.3333, "x": 2.8, "y": 2 }
				]
			}
		},
		"events": [
			{ "time": 0.1333, "name": "Hit_point" },
			{ "time": 1, "name": "End" }
		]
	},
	"attack": {
		"slots": {
			"Body_Hand": {
				"attachment": [
					{ "time": 0, "name": "Front_Picture" }
				]
			},
			"Light_Body": {
				"attachment": [
					{ "time": 0, "name": null },
					{ "time": 0.0666, "name": null },
					{ "time": 0.1, "name": "Rodney_ship_body_normal_light" }
				],
				"color": [
					{ "time": 0.5333, "color": "fffffffb" },
					{ "time": 0.8333, "color": "ffffff00" }
				]
			},
			"Light_Ship": {
				"attachment": [
					{ "time": 0, "name": null },
					{ "time": 0.1, "name": "Rodney_armor_normal_light" }
				],
				"color": [
					{ "time": 0.5333, "color": "fffffffc" },
					{ "time": 0.8333, "color": "ffffff00" }
				]
			},
			"Light_picture": {
				"attachment": [
					{ "time": 0, "name": null }
				]
			},
			"Light_picture_2": {
				"attachment": [
					{ "time": 0, "name": null }
				]
			},
			"Light_red": {
				"attachment": [
					{ "time": 0, "name": null }
				]
			},
			"Rodney_fuzzy": {
				"attachment": [
					{ "time": 0, "name": null }
				]
			},
			"Rodney_ship_armor_normal": {
				"attachment": [
					{ "time": 0, "name": "Ship_armor_normal" },
					{ "time": 0.9, "name": "Ship_armor_normal" },
					{ "time": 1.6666, "name": "Ship_armor_normal" }
				]
			}
		},
		"bones": {
			"Root_All": {
				"rotate": [
					{ "time": 0, "angle": 0, "curve": "stepped" },
					{ "time": 1.6666, "angle": 0 }
				],
				"translate": [
					{
						"time": 0,
						"x": 0,
						"y": 0,
						"curve": [ 0.255, 0.35, 0.6, 0.7 ]
					},
					{ "time": 0.0666, "x": 8.69, "y": 0 },
					{ "time": 0.1666, "x": -87.44, "y": 0 },
					{ "time": 0.3333, "x": -61.04, "y": 0 },
					{ "time": 0.5333, "x": -69.84, "y": 0 },
					{ "time": 1, "x": -85.6, "y": 0 },
					{ "time": 1.4, "x": 15.07, "y": 0 },
					{ "time": 1.6666, "x": 0, "y": 0 }
				]
			},
			"Ship": {
				"rotate": [
					{
						"time": 0,
						"angle": 0,
						"curve": [ 0.219, 0.41, 0.591, 0.77 ]
					},
					{ "time": 0.0666, "angle": -357.51 },
					{ "time": 0.1666, "angle": -363.25 },
					{ "time": 0.3333, "angle": -362.08 },
					{ "time": 1.4, "angle": -358.29 },
					{ "time": 1.6666, "angle": 0 }
				],
				"translate": [
					{
						"time": 0,
						"x": 0,
						"y": 0,
						"curve": [ 0.319, 0.33, 0.653, 0.66 ]
					},
					{ "time": 0.0666, "x": 0.81, "y": 0.6 },
					{ "time": 0.1666, "x": 6.07, "y": -0.21 },
					{ "time": 0.3333, "x": 4.52, "y": -2.2 },
					{ "time": 1, "x": 2.26, "y": -1.7 },
					{ "time": 1.4, "x": -0.3, "y": -1.89 },
					{ "time": 1.6666, "x": 0, "y": 0 }
				]
			},
			"Face": {
				"rotate": [
					{ "time": 0, "angle": 0, "curve": "stepped" },
					{ "time": 1.6666, "angle": 0 }
				],
				"translate": [
					{
						"time": 0,
						"x": 0,
						"y": 0,
						"curve": [ 0.286, 0.34, 0.623, 0.67 ]
					},
					{ "time": 0.1666, "x": 0, "y": 3.4 },
					{ "time": 0.3333, "x": 0, "y": -0.66 },
					{ "time": 0.9, "x": 0, "y": -1.2 },
					{ "time": 1, "x": 0, "y": -0.44 },
					{ "time": 1.4, "x": 0, "y": -5.01 },
					{ "time": 1.6666, "x": 0, "y": 0 }
				]
			},
			"Ship_All": {
				"rotate": [
					{ "time": 0, "angle": 0, "curve": "stepped" },
					{ "time": 1.6666, "angle": 0 }
				],
				"translate": [
					{ "time": 0, "x": 0, "y": 0, "curve": "stepped" },
					{ "time": 1.6666, "x": 0, "y": 0 }
				]
			},
			"Body": {
				"rotate": [
					{ "time": 0, "angle": 0, "curve": "stepped" },
					{ "time": 1.6666, "angle": 0 }
				],
				"translate": [
					{ "time": 0, "x": 0, "y": 0, "curve": "stepped" },
					{ "time": 1.6666, "x": 0, "y": 0 }
				]
			},
			"Attack_Point": {
				"rotate": [
					{ "time": 0.0666, "angle": 0 }
				],
				"translate": [
					{ "time": 0.0666, "x": 0, "y": 0 }
				]
			},
			"Body_Front": {
				"rotate": [
					{ "time": 0, "angle": 0 },
					{ "time": 0.0666, "angle": -9.27 },
					{ "time": 0.1333, "angle": 20.82 },
					{ "time": 0.2333, "angle": -1.27 },
					{ "time": 0.4, "angle": 6.84 },
					{ "time": 1.6666, "angle": 0 }
				],
				"translate": [
					{ "time": 0, "x": 0, "y": 0 },
					{ "time": 0.0666, "x": 0, "y": -3.87 },
					{ "time": 1.6666, "x": 0, "y": 0 }
				]
			}
		},
		"events": [
			{ "time": 0.0666, "name": "attack_point" }
		]
	},
	"damage": {
		"slots": {
			"Body_Hand": {
				"attachment": [
					{ "time": 0, "name": "Front_Picture" }
				],
				"color": [
					{ "time": 0.0666, "color": "8c4c51ff", "curve": "stepped" },
					{ "time": 0.7666, "color": "8c4c51ff" },
					{ "time": 1.1333, "color": "ffffffff" }
				]
			},
			"Light_Body": {
				"attachment": [
					{ "time": 0, "name": null },
					{ "time": 0.0666, "name": "Rodney_ship_body_normal_light" },
					{ "time": 0.7666, "name": null }
				],
				"color": [
					{ "time": 0.5333, "color": "fffffffc" },
					{ "time": 0.7666, "color": "ffffff00" }
				]
			},
			"Light_Ship": {
				"attachment": [
					{ "time": 0, "name": null },
					{ "time": 0.0666, "name": "Rodney_armor_normal_light" },
					{ "time": 0.7666, "name": null }
				],
				"color": [
					{ "time": 0.5333, "color": "fffffffc" },
					{ "time": 0.7666, "color": "ffffff00" }
				]
			},
			"Light_picture": {
				"attachment": [
					{ "time": 0, "name": null }
				]
			},
			"Light_picture_2": {
				"attachment": [
					{ "time": 0, "name": null }
				]
			},
			"Light_red": {
				"attachment": [
					{ "time": 0, "name": null }
				]
			},
			"Rodney_body_normal": {
				"color": [
					{ "time": 0.0666, "color": "8c4c51ff", "curve": "stepped" },
					{ "time": 0.7666, "color": "8c4c51ff" },
					{ "time": 1.1333, "color": "ffffffff" }
				]
			},
			"Rodney_eyes_normal": {
				"attachment": [
					{ "time": 0.0666, "name": "Rodney_eyes_damage" },
					{ "time": 1.1333, "name": "Rodney_eyes_normal" }
				],
				"color": [
					{ "time": 0.0666, "color": "8c4c51ff", "curve": "stepped" },
					{ "time": 0.7666, "color": "8c4c51ff" },
					{ "time": 1.1333, "color": "ffffffff" }
				]
			},
			"Rodney_fuzzy": {
				"attachment": [
					{ "time": 0, "name": null }
				]
			},
			"Rodney_ship_armor_normal": {
				"attachment": [
					{ "time": 0, "name": "Ship_armor_normal" },
					{ "time": 0.8666, "name": "Ship_armor_normal" },
					{ "time": 1.1666, "name": "Ship_armor_normal" }
				],
				"color": [
					{ "time": 0.0666, "color": "8c4c51ff", "curve": "stepped" },
					{ "time": 0.7666, "color": "8c4c51ff" },
					{ "time": 1.1333, "color": "ffffffff" }
				]
			}
		},
		"bones": {
			"Root_All": {
				"rotate": [
					{ "time": 0, "angle": 0, "curve": "stepped" },
					{ "time": 1.1666, "angle": 0 }
				],
				"translate": [
					{
						"time": 0,
						"x": 0,
						"y": 0,
						"curve": [ 0.255, 0.35, 0.6, 0.7 ]
					},
					{ "time": 0.0666, "x": -27.67, "y": -23.16 },
					{ "time": 0.1333, "x": 20.98, "y": 15.35 },
					{ "time": 0.2333, "x": -19.78, "y": -15.62 },
					{ "time": 0.3666, "x": 14.36, "y": 8.59 },
					{ "time": 0.5666, "x": -3.37, "y": -4.5 },
					{ "time": 0.8666, "x": 5.63, "y": 2.25 },
					{ "time": 1.1666, "x": 0, "y": 0 }
				]
			},
			"Ship": {
				"rotate": [
					{
						"time": 0,
						"angle": 0,
						"curve": [ 0.219, 0.41, 0.591, 0.77 ]
					},
					{ "time": 0.0666, "angle": -354.41 },
					{ "time": 0.1333, "angle": -364.42 },
					{ "time": 0.2333, "angle": -358.04 },
					{ "time": 0.3666, "angle": -361.36 },
					{ "time": 1.1666, "angle": 0 }
				],
				"translate": [
					{
						"time": 0,
						"x": 0,
						"y": 0,
						"curve": [ 0.319, 0.33, 0.653, 0.66 ]
					},
					{ "time": 0.0666, "x": -3.15, "y": -2.52 },
					{ "time": 0.1333, "x": 5.59, "y": 0.55 },
					{ "time": 0.2333, "x": -3.77, "y": -1.39 },
					{ "time": 0.3666, "x": 1.18, "y": 0.69 },
					{ "time": 1.1666, "x": 0, "y": 0 }
				]
			},
			"Face": {
				"rotate": [
					{ "time": 0, "angle": 0, "curve": "stepped" },
					{ "time": 1.1666, "angle": 0 }
				],
				"translate": [
					{
						"time": 0,
						"x": 0,
						"y": 0,
						"curve": [ 0.286, 0.34, 0.623, 0.67 ]
					},
					{ "time": 0.0666, "x": -5.44, "y": 0 },
					{ "time": 0.1333, "x": -0.44, "y": 0 },
					{ "time": 0.2333, "x": -5.06, "y": 0 },
					{ "time": 0.3666, "x": -2.01, "y": 0 },
					{ "time": 1.1666, "x": 0, "y": 0 }
				]
			},
			"Ship_All": {
				"rotate": [
					{ "time": 0, "angle": 0, "curve": "stepped" },
					{ "time": 1.1666, "angle": 0 }
				],
				"translate": [
					{ "time": 0, "x": 0, "y": 0, "curve": "stepped" },
					{ "time": 1.1666, "x": 0, "y": 0 }
				]
			},
			"Body": {
				"rotate": [
					{ "time": 0, "angle": 0, "curve": "stepped" },
					{ "time": 1.1666, "angle": 0 }
				],
				"translate": [
					{ "time": 0, "x": 0, "y": 0, "curve": "stepped" },
					{ "time": 1.1666, "x": 0, "y": 0 }
				]
			},
			"Damage_Point": {
				"rotate": [
					{ "time": 0.0666, "angle": 0 }
				],
				"translate": [
					{ "time": 0.0666, "x": 0, "y": 0 }
				]
			},
			"Body_Front": {
				"rotate": [
					{ "time": 0, "angle": 0 },
					{ "time": 0.0666, "angle": 6.43 },
					{ "time": 0.1333, "angle": -0.65 },
					{ "time": 0.2333, "angle": 7.53 },
					{ "time": 0.3666, "angle": 1.05 },
					{ "time": 1.1666, "angle": 0 }
				],
				"translate": [
					{ "time": 0, "x": 0, "y": 0 },
					{ "time": 0.1333, "x": 0, "y": 6.08 },
					{ "time": 0.2333, "x": 0, "y": 4.39 },
					{ "time": 1.1666, "x": 0, "y": 0 }
				]
			}
		},
		"events": [
			{ "time": 0.0666, "name": "damage_point" }
		]
	},
	"normal": {
		"slots": {
			"Body_Hand": {
				"attachment": [
					{ "time": 0, "name": "Front_Picture" }
				]
			},
			"Light_Body": {
				"attachment": [
					{ "time": 0, "name": null },
					{ "time": 0.8, "name": null }
				]
			},
			"Light_Ship": {
				"attachment": [
					{ "time": 0, "name": null }
				]
			},
			"Light_picture": {
				"attachment": [
					{ "time": 0, "name": null }
				]
			},
			"Light_picture_2": {
				"attachment": [
					{ "time": 0, "name": null }
				]
			},
			"Light_red": {
				"attachment": [
					{ "time": 0, "name": null }
				]
			},
			"Rodney_eyes_normal": {
				"attachment": [
					{ "time": 0, "name": "Rodney_eyes_normal" }
				]
			},
			"Rodney_fuzzy": {
				"attachment": [
					{ "time": 0, "name": null }
				]
			}
		},
		"bones": {
			"Root_All": {
				"rotate": [
					{ "time": 0, "angle": 0, "curve": "stepped" },
					{ "time": 2, "angle": 0 }
				],
				"translate": [
					{
						"time": 0,
						"x": 0,
						"y": 0,
						"curve": [ 0.255, 0.35, 0.6, 0.7 ]
					},
					{
						"time": 0.5,
						"x": 0,
						"y": -9.82,
						"curve": [ 0.3, 0.39, 0.641, 0.74 ]
					},
					{
						"time": 1,
						"x": 0,
						"y": -15.66,
						"curve": [ 0.322, 0.37, 0.652, 0.7 ]
					},
					{
						"time": 1.5,
						"x": 0,
						"y": -7.79,
						"curve": [ 0.314, 0.36, 0.644, 0.68 ]
					},
					{ "time": 2, "x": 0, "y": 0 }
				]
			},
			"Ship_All": {
				"rotate": [
					{ "time": 0, "angle": 0, "curve": "stepped" },
					{ "time": 2, "angle": 0 }
				],
				"translate": [
					{ "time": 0, "x": 0, "y": 0, "curve": "stepped" },
					{ "time": 2, "x": 0, "y": 0 }
				]
			},
			"Body": {
				"rotate": [
					{ "time": 0, "angle": 0, "curve": "stepped" },
					{ "time": 2, "angle": 0 }
				],
				"translate": [
					{ "time": 0, "x": 0, "y": 0, "curve": "stepped" },
					{ "time": 2, "x": 0, "y": 0 }
				]
			},
			"Face": {
				"rotate": [
					{ "time": 0, "angle": 0, "curve": "stepped" },
					{ "time": 2, "angle": 0 }
				],
				"translate": [
					{
						"time": 0,
						"x": 0,
						"y": 0,
						"curve": [ 0.286, 0.34, 0.623, 0.67 ]
					},
					{
						"time": 0.5,
						"x": 0.64,
						"y": 0,
						"curve": [ 0.282, 0.37, 0.624, 0.71 ]
					},
					{
						"time": 1.5,
						"x": -1.28,
						"y": 0,
						"curve": [ 0.321, 0.37, 0.656, 0.71 ]
					},
					{ "time": 2, "x": 0, "y": 0 }
				]
			},
			"Ship": {
				"rotate": [
					{
						"time": 0,
						"angle": 0,
						"curve": [ 0.286, 0.34, 0.623, 0.67 ]
					},
					{
						"time": 0.5,
						"angle": -361.31,
						"curve": [ 0.282, 0.37, 0.624, 0.71 ]
					},
					{
						"time": 1.5,
						"angle": -359,
						"curve": [ 0.321, 0.37, 0.656, 0.71 ]
					},
					{ "time": 2, "angle": 0 }
				],
				"translate": [
					{
						"time": 0,
						"x": 0,
						"y": 0,
						"curve": [ 0.319, 0.33, 0.653, 0.66 ]
					},
					{
						"time": 0.5,
						"x": 1.79,
						"y": 0,
						"curve": [ 0.289, 0.43, 0.622, 0.73 ]
					},
					{
						"time": 1.5,
						"x": -2.75,
						"y": 0,
						"curve": [ 0.487, 0.33, 0.657, 0.5 ]
					},
					{ "time": 2, "x": 0, "y": 0 }
				]
			},
			"Body_Front": {
				"rotate": [
					{ "time": 0, "angle": 0 },
					{ "time": 1, "angle": 3.98 },
					{ "time": 2, "angle": 0 }
				],
				"translate": [
					{ "time": 0, "x": 0, "y": 0 },
					{ "time": 1, "x": -6.08, "y": 0 },
					{ "time": 2, "x": 0, "y": 0 }
				]
			}
		}
	},
	"throw": {
		"slots": {
			"Body_Hand": {
				"attachment": [
					{ "time": 0, "name": "Front_Picture" }
				]
			},
			"Light_Body": {
				"attachment": [
					{ "time": 0, "name": null }
				]
			},
			"Light_Ship": {
				"attachment": [
					{ "time": 0, "name": null }
				]
			},
			"Light_picture": {
				"attachment": [
					{ "time": 0, "name": null }
				]
			},
			"Light_picture_2": {
				"attachment": [
					{ "time": 0, "name": null }
				]
			},
			"Light_red": {
				"attachment": [
					{ "time": 0, "name": null }
				]
			},
			"Rodney_fuzzy": {
				"attachment": [
					{ "time": 0, "name": null }
				]
			},
			"Rodney_ship_armor_normal": {
				"attachment": [
					{ "time": 0, "name": "Ship_armor_normal" },
					{ "time": 1.3333, "name": "Ship_armor_normal" }
				]
			}
		},
		"bones": {
			"Face": {
				"rotate": [
					{ "time": 0, "angle": 0, "curve": "stepped" },
					{ "time": 1.3333, "angle": 0 }
				],
				"translate": [
					{
						"time": 0,
						"x": 0,
						"y": 0,
						"curve": [ 0.286, 0.34, 0.623, 0.67 ]
					},
					{ "time": 0.3333, "x": 0, "y": -0.7 },
					{ "time": 0.5666, "x": 0, "y": 0.14 },
					{ "time": 1.3333, "x": 0, "y": 0 }
				]
			},
			"Root_All": {
				"rotate": [
					{ "time": 0, "angle": 0, "curve": "stepped" },
					{ "time": 1.3333, "angle": 0 }
				],
				"translate": [
					{
						"time": 0,
						"x": 0,
						"y": 0,
						"curve": [ 0.255, 0.35, 0.6, 0.7 ]
					},
					{ "time": 0.6333, "x": -66.66, "y": 0 },
					{ "time": 0.9666, "x": -10.42, "y": -12.42 },
					{ "time": 1.3333, "x": 0, "y": 0 }
				]
			},
			"Ship": {
				"rotate": [
					{
						"time": 0,
						"angle": 0,
						"curve": [ 0.219, 0.41, 0.591, 0.77 ]
					},
					{ "time": 0.3333, "angle": -358.17 },
					{ "time": 0.5666, "angle": -359.21 },
					{ "time": 0.6333, "angle": -363.41 },
					{ "time": 0.7333, "angle": -366.44 },
					{ "time": 0.9666, "angle": -356.42 },
					{ "time": 1.1666, "angle": -361.45 },
					{ "time": 1.3333, "angle": 0 }
				],
				"translate": [
					{
						"time": 0,
						"x": 0,
						"y": 0,
						"curve": [ 0.319, 0.33, 0.653, 0.66 ]
					},
					{ "time": 0.3333, "x": -0.7, "y": -1.37 },
					{ "time": 0.5666, "x": 0, "y": 0.77 },
					{ "time": 0.6333, "x": 1.43, "y": 1.35 },
					{ "time": 0.7333, "x": -0.38, "y": 0.95 },
					{ "time": 0.9666, "x": -0.19, "y": -2.63 },
					{ "time": 1.3333, "x": 0, "y": 0 }
				]
			},
			"Body": {
				"rotate": [
					{
						"time": 0,
						"angle": 0,
						"curve": [ 0.219, 0.41, 0.591, 0.77 ]
					},
					{
						"time": 0.6333,
						"angle": -3.17,
						"curve": [ 0.32, 0.36, 0.653, 0.69 ]
					},
					{
						"time": 0.7333,
						"angle": 0.61,
						"curve": [ 0.319, 0.37, 0.652, 0.7 ]
					},
					{
						"time": 0.9666,
						"angle": -1.72,
						"curve": [ 0.32, 0.38, 0.654, 0.71 ]
					},
					{ "time": 1.3333, "angle": 0 }
				],
				"translate": [
					{
						"time": 0,
						"x": 0,
						"y": 0,
						"curve": [ 0.219, 0.41, 0.591, 0.77 ]
					},
					{
						"time": 0.3333,
						"x": -15.86,
						"y": 0,
						"curve": [ 0.193, 0.39, 0.58, 0.9 ]
					},
					{
						"time": 0.5666,
						"x": -19.36,
						"y": 0,
						"curve": [ 0.142, 0.42, 0.647, 0.94 ]
					},
					{ "time": 0.6333, "x": 92.18, "y": -6.3 },
					{ "time": 0.7333, "x": 111.33, "y": 0 },
					{ "time": 1.3333, "x": 0, "y": 0 }
				]
			},
			"Ship_All": {
				"rotate": [
					{ "time": 0, "angle": 0, "curve": "stepped" },
					{ "time": 1.3333, "angle": 0 }
				],
				"translate": [
					{ "time": 0, "x": 0, "y": 0, "curve": "stepped" },
					{ "time": 1.3333, "x": 0, "y": 0 }
				]
			},
			"Throw_Point": {
				"rotate": [
					{ "time": 0.6333, "angle": 0 }
				],
				"translate": [
					{ "time": 0.6333, "x": 0, "y": 0 }
				]
			},
			"Body_Front": {
				"rotate": [
					{
						"time": 0,
						"angle": 0,
						"curve": [ 0.221, 0.3, 0.596, 0.68 ]
					},
					{
						"time": 0.3333,
						"angle": 14.49,
						"curve": [ 0.334, 0.41, 0.685, 0.77 ]
					},
					{
						"time": 0.5666,
						"angle": -1.2,
						"curve": [ 0.346, 0.4, 0.681, 0.73 ]
					},
					{ "time": 0.6333, "angle": -17.42 },
					{ "time": 0.7333, "angle": -26.76 },
					{ "time": 0.9666, "angle": 6.11 },
					{ "time": 1.1666, "angle": 14.43 },
					{ "time": 1.3333, "angle": 0 }
				],
				"translate": [
					{
						"time": 0,
						"x": 0,
						"y": 0,
						"curve": [ 0.203, 0.35, 0.678, 0.86 ]
					},
					{ "time": 0.3333, "x": -2.74, "y": -7.78 },
					{ "time": 0.5666, "x": -3.34, "y": -5.05 },
					{ "time": 0.6333, "x": -4.85, "y": 3.74 },
					{ "time": 0.7333, "x": -9.96, "y": 6.47 },
					{ "time": 0.9666, "x": -2.76, "y": -10.64 },
					{ "time": 1.1666, "x": -1.12, "y": -5.38 },
					{ "time": 1.3333, "x": 0, "y": 0 }
				]
			}
		},
		"events": [
			{ "time": 0.6333, "name": "throw_point" }
		]
	},
	"wreck": {
		"slots": {
			"Body_Hand": {
				"attachment": [
					{ "time": 0, "name": "Front_Picture" }
				]
			},
			"Light_Body": {
				"attachment": [
					{ "time": 0, "name": null }
				]
			},
			"Light_Ship": {
				"attachment": [
					{ "time": 0, "name": null }
				]
			},
			"Light_picture": {
				"attachment": [
					{ "time": 0, "name": null }
				]
			},
			"Light_picture_2": {
				"attachment": [
					{ "time": 0, "name": null }
				]
			},
			"Light_red": {
				"attachment": [
					{ "time": 0, "name": null }
				]
			},
			"Rodney_eyes_normal": {
				"attachment": [
					{ "time": 0, "name": "Rodney_eyes_damage" }
				]
			},
			"Rodney_fuzzy": {
				"attachment": [
					{ "time": 0, "name": null }
				]
			}
		},
		"bones": {
			"Root_All": {
				"rotate": [
					{ "time": 0, "angle": 0, "curve": "stepped" },
					{ "time": 2, "angle": 0 }
				],
				"translate": [
					{
						"time": 0,
						"x": 0,
						"y": 0,
						"curve": [ 0.255, 0.35, 0.6, 0.7 ]
					},
					{
						"time": 0.5,
						"x": 0,
						"y": -9.82,
						"curve": [ 0.3, 0.39, 0.641, 0.74 ]
					},
					{
						"time": 1,
						"x": 0,
						"y": -15.66,
						"curve": [ 0.322, 0.37, 0.652, 0.7 ]
					},
					{
						"time": 1.5,
						"x": 0,
						"y": -7.79,
						"curve": [ 0.314, 0.36, 0.644, 0.68 ]
					},
					{ "time": 2, "x": 0, "y": 0 }
				]
			},
			"Ship_All": {
				"rotate": [
					{ "time": 0, "angle": 0, "curve": "stepped" },
					{ "time": 2, "angle": 0 }
				],
				"translate": [
					{ "time": 0, "x": 0, "y": 0, "curve": "stepped" },
					{ "time": 2, "x": 0, "y": 0 }
				]
			},
			"Body": {
				"rotate": [
					{ "time": 0, "angle": 0, "curve": "stepped" },
					{ "time": 2, "angle": 0 }
				],
				"translate": [
					{ "time": 0, "x": 0, "y": 0, "curve": "stepped" },
					{ "time": 2, "x": 0, "y": 0 }
				]
			},
			"Face": {
				"rotate": [
					{ "time": 0, "angle": 0, "curve": "stepped" },
					{ "time": 2, "angle": 0 }
				],
				"translate": [
					{
						"time": 0,
						"x": 0,
						"y": 0,
						"curve": [ 0.286, 0.34, 0.623, 0.67 ]
					},
					{
						"time": 0.5,
						"x": 0.64,
						"y": 0,
						"curve": [ 0.282, 0.37, 0.624, 0.71 ]
					},
					{
						"time": 1.5,
						"x": -1.28,
						"y": 0,
						"curve": [ 0.321, 0.37, 0.656, 0.71 ]
					},
					{ "time": 2, "x": 0, "y": 0 }
				]
			},
			"Ship": {
				"rotate": [
					{
						"time": 0,
						"angle": 0,
						"curve": [ 0.286, 0.34, 0.623, 0.67 ]
					},
					{
						"time": 0.5,
						"angle": -361.31,
						"curve": [ 0.282, 0.37, 0.624, 0.71 ]
					},
					{
						"time": 1.5,
						"angle": -359,
						"curve": [ 0.321, 0.37, 0.656, 0.71 ]
					},
					{ "time": 2, "angle": 0 }
				],
				"translate": [
					{
						"time": 0,
						"x": 0,
						"y": 0,
						"curve": [ 0.319, 0.33, 0.653, 0.66 ]
					},
					{
						"time": 0.5,
						"x": 1.79,
						"y": 0,
						"curve": [ 0.289, 0.43, 0.622, 0.73 ]
					},
					{
						"time": 1.5,
						"x": -2.75,
						"y": 0,
						"curve": [ 0.487, 0.33, 0.657, 0.5 ]
					},
					{ "time": 2, "x": 0, "y": 0 }
				]
			},
			"Body_Front": {
				"rotate": [
					{ "time": 0, "angle": 0 },
					{ "time": 1, "angle": 3.98 },
					{ "time": 2, "angle": 0 }
				],
				"translate": [
					{ "time": 0, "x": 0, "y": 0 },
					{ "time": 1, "x": -6.64, "y": 0 },
					{ "time": 2, "x": 0, "y": 0 }
				]
			}
		}
	}
}
}