{
"skeleton": { "hash": "HeDkE+PE+ipFxK1YB3L+ZxbvrCE", "spine": "3.2.01", "width": 30, "height": 213.32, "images": "" },
"bones": [
	{ "name": "root" },
	{ "name": "bone", "parent": "root" },
	{ "name": "bone2", "parent": "bone" },
	{ "name": "GZ", "parent": "bone2", "x": 1.28, "y": 206.09 },
	{ "name": "G1", "parent": "GZ", "length": 37.88, "rotation": -89.25, "x": -1.14, "y": 2.56 },
	{ "name": "G2", "parent": "G1", "length": 37.88, "x": 32.46, "y": -0.42 },
	{ "name": "G3", "parent": "G2", "length": 37.88, "x": 31.97, "y": -0.41 },
	{ "name": "G4", "parent": "G3", "length": 37.88, "x": 33.45, "y": -0.43 },
	{ "name": "G5", "parent": "G4", "length": 37.88, "x": 33.45, "y": -0.43 },
	{ "name": "G", "parent": "G5", "length": 50.13, "rotation": 0.13, "x": 34.71, "y": -0.49 }
],
"slots": [
	{ "name": "G1", "bone": "G1", "attachment": "G1" },
	{ "name": "G2", "bone": "G2", "attachment": "G1" },
	{ "name": "G3", "bone": "G3", "attachment": "G1" },
	{ "name": "G4", "bone": "G4", "attachment": "G1" },
	{ "name": "G5", "bone": "G5", "attachment": "G1" },
	{ "name": "G", "bone": "G", "attachment": "G" }
],
"skins": {
	"default": {
		"G": {
			"G": { "x": 19.02, "y": 1.28, "rotation": 89.11, "width": 30, "height": 49 }
		},
		"G1": {
			"G1": { "x": 18.27, "y": 0.13, "rotation": 89.25, "width": 21, "height": 44 }
		},
		"G2": {
			"G1": { "x": 18.27, "y": 0.13, "rotation": 89.25, "width": 21, "height": 44 }
		},
		"G3": {
			"G1": { "x": 18.27, "y": 0.13, "rotation": 89.25, "width": 21, "height": 44 }
		},
		"G4": {
			"G1": { "x": 18.27, "y": 0.13, "rotation": 89.25, "width": 21, "height": 44 }
		},
		"G5": {
			"G1": { "x": 18.27, "y": 0.13, "rotation": 89.25, "width": 21, "height": 44 }
		}
	}
},
"animations": {
	"normal": {
		"bones": {
			"G1": {
				"rotate": [
					{ "time": 0, "angle": -0.42 },
					{ "time": 1, "angle": 0.42 },
					{ "time": 2, "angle": -0.42 }
				],
				"translate": [
					{ "time": 0, "x": 0, "y": 0, "curve": "stepped" },
					{ "time": 2, "x": 0, "y": 0 }
				]
			},
			"G": {
				"rotate": [
					{ "time": 0, "angle": -0.42 },
					{ "time": 1, "angle": 0.42 },
					{ "time": 2, "angle": -0.42 }
				],
				"translate": [
					{ "time": 0, "x": 0, "y": 0, "curve": "stepped" },
					{ "time": 2, "x": 0, "y": 0 }
				]
			},
			"G5": {
				"rotate": [
					{ "time": 0, "angle": -0.42 },
					{ "time": 1, "angle": 0.42 },
					{ "time": 2, "angle": -0.42 }
				],
				"translate": [
					{ "time": 0, "x": 0, "y": 0, "curve": "stepped" },
					{ "time": 2, "x": 0, "y": 0 }
				]
			},
			"G4": {
				"rotate": [
					{ "time": 0, "angle": -0.42 },
					{ "time": 1, "angle": 0.42 },
					{ "time": 2, "angle": -0.42 }
				],
				"translate": [
					{ "time": 0, "x": 0, "y": 0, "curve": "stepped" },
					{ "time": 2, "x": 0, "y": 0 }
				]
			},
			"G3": {
				"rotate": [
					{ "time": 0, "angle": -0.42 },
					{ "time": 1, "angle": 0.42 },
					{ "time": 2, "angle": -0.42 }
				],
				"translate": [
					{ "time": 0, "x": 0, "y": 0, "curve": "stepped" },
					{ "time": 2, "x": 0, "y": 0 }
				]
			},
			"G2": {
				"rotate": [
					{ "time": 0, "angle": -0.42 },
					{ "time": 1, "angle": 0.42 },
					{ "time": 2, "angle": -0.42 }
				],
				"translate": [
					{ "time": 0, "x": 0, "y": 0, "curve": "stepped" },
					{ "time": 2, "x": 0, "y": 0 }
				]
			}
		}
	},
	"normalG": {
		"bones": {
			"G1": {
				"rotate": [
					{ "time": 0, "angle": -0.42 },
					{ "time": 0.2, "angle": 0.82 },
					{ "time": 0.6666, "angle": -0.98 },
					{ "time": 1.3333, "angle": 1.33 },
					{ "time": 2, "angle": -0.42 }
				],
				"translate": [
					{ "time": 0, "x": 0, "y": 0 },
					{ "time": 0.1, "x": 0, "y": -7.13 },
					{ "time": 0.2, "x": 0, "y": 0, "curve": "stepped" },
					{ "time": 2, "x": 0, "y": 0 }
				]
			},
			"G4": {
				"rotate": [
					{ "time": 0, "angle": -0.42 },
					{ "time": 0.2, "angle": 0.82 },
					{ "time": 0.6666, "angle": -0.98 },
					{ "time": 1.3333, "angle": 1.33 },
					{ "time": 2, "angle": -0.42 }
				],
				"translate": [
					{ "time": 0, "x": 0, "y": 0, "curve": "stepped" },
					{ "time": 2, "x": 0, "y": 0 }
				]
			},
			"G5": {
				"rotate": [
					{ "time": 0, "angle": -0.42 },
					{ "time": 0.2, "angle": 0.82 },
					{ "time": 0.6666, "angle": -0.98 },
					{ "time": 1.3333, "angle": 1.33 },
					{ "time": 2, "angle": -0.42 }
				],
				"translate": [
					{ "time": 0, "x": 0, "y": 0, "curve": "stepped" },
					{ "time": 2, "x": 0, "y": 0 }
				]
			},
			"G": {
				"rotate": [
					{ "time": 0, "angle": -0.42 },
					{ "time": 0.2, "angle": 0.82 },
					{ "time": 0.6666, "angle": -0.98 },
					{ "time": 1.3333, "angle": 1.33 },
					{ "time": 2, "angle": -0.42 }
				],
				"translate": [
					{ "time": 0, "x": 0, "y": 0 },
					{ "time": 0.1, "x": 3.28, "y": -0.1 },
					{ "time": 0.2, "x": 0.3, "y": 0.14 },
					{ "time": 2, "x": 0, "y": 0 }
				]
			},
			"G3": {
				"rotate": [
					{ "time": 0, "angle": -0.42 },
					{ "time": 0.2, "angle": 0.82 },
					{ "time": 0.6666, "angle": -0.98 },
					{ "time": 1.3333, "angle": 1.33 },
					{ "time": 2, "angle": -0.42 }
				],
				"translate": [
					{ "time": 0, "x": 0, "y": 0, "curve": "stepped" },
					{ "time": 2, "x": 0, "y": 0 }
				]
			},
			"G2": {
				"rotate": [
					{ "time": 0, "angle": -0.42 },
					{ "time": 0.2, "angle": 0.82 },
					{ "time": 0.6666, "angle": -0.98 },
					{ "time": 1.3333, "angle": 1.33 },
					{ "time": 2, "angle": -0.42 }
				],
				"translate": [
					{ "time": 0, "x": 0, "y": 0, "curve": "stepped" },
					{ "time": 2, "x": 0, "y": 0 }
				]
			}
		}
	}
}
}