{
"skeleton": { "hash": "bg/f3LdIP0hzpV/IPc9mmHYvMls", "spine": "3.2.01", "width": 127.56, "height": 119.04, "images": "" },
"bones": [
	{ "name": "root" },
	{ "name": "骨骼", "parent": "root" },
	{ "name": "骨骼2", "parent": "骨骼" },
	{ "name": "A", "parent": "骨骼2", "x": -29.68, "y": 2.65 },
	{ "name": "ball", "parent": "A", "x": -0.53, "y": 14.84 }
],
"slots": [
	{ "name": "sp_1", "bone": "骨骼2", "attachment": "sp_1" },
	{ "name": "sp_3", "bone": "A", "attachment": "sp_3" },
	{ "name": "sp_2", "bone": "ball", "attachment": "sp_2" }
],
"skins": {
	"default": {
		"sp_1": {
			"sp_1": { "y": 45.05, "width": 100, "height": 119 }
		},
		"sp_2": {
			"sp_2": { "x": 2.65, "y": 18.02, "width": 100, "height": 100 }
		},
		"sp_3": {
			"sp_3": { "x": 2.12, "y": 32.86, "width": 100, "height": 100 }
		}
	}
},
"animations": {
	"normal": {
		"bones": {
			"骨骼2": {
				"rotate": [
					{ "time": 0, "angle": 0, "curve": "stepped" },
					{ "time": 2, "angle": 0 }
				],
				"translate": [
					{ "time": 0, "x": 0, "y": 0, "curve": "stepped" },
					{ "time": 2, "x": 0, "y": 0 }
				]
			},
			"ball": {
				"rotate": [
					{ "time": 0, "angle": 0 },
					{ "time": 1, "angle": -5.3 },
					{ "time": 2, "angle": 0 }
				],
				"translate": [
					{ "time": 0, "x": 0, "y": 0, "curve": "stepped" },
					{ "time": 2, "x": 0, "y": 0 }
				]
			},
			"A": {
				"rotate": [
					{ "time": 0, "angle": 0, "curve": "stepped" },
					{ "time": 2, "angle": 0 }
				],
				"translate": [
					{ "time": 0, "x": 0, "y": 0 },
					{ "time": 1, "x": 1.05, "y": 0 },
					{ "time": 2, "x": 0, "y": 0 }
				]
			}
		}
	},
	"play": {
		"slots": {
			"sp_2": {
				"attachment": [
					{ "time": 0, "name": null }
				]
			},
			"sp_3": {
				"attachment": [
					{ "time": 0, "name": null }
				]
			}
		},
		"bones": {
			"A": {
				"rotate": [
					{ "time": 0, "angle": 0, "curve": "stepped" },
					{ "time": 1, "angle": 0 }
				],
				"translate": [
					{ "time": 0, "x": 0, "y": 0, "curve": "stepped" },
					{ "time": 1, "x": 0, "y": 0 }
				]
			}
		}
	}
}
}