{
"skeleton": { "hash": "RsEEHuYWrQYNcrdT/dDcWFHAM/c", "spine": "3.2.01", "width": 137, "height": 176, "images": "" },
"bones": [
	{ "name": "root" },
	{ "name": "骨骼", "parent": "root" },
	{ "name": "骨骼2", "parent": "骨骼", "x": -15, "y": 66.99 },
	{ "name": "C", "parent": "骨骼2", "length": 37, "rotation": -90, "x": 14, "y": 11 },
	{ "name": "water", "parent": "骨骼2", "x": 13, "y": -20.99 }
],
"slots": [
	{ "name": "B", "bone": "骨骼2", "attachment": "B" },
	{ "name": "C", "bone": "C", "attachment": "C" },
	{ "name": "A", "bone": "骨骼2", "attachment": "A" },
	{ "name": "S", "bone": "water", "attachment": "S" }
],
"skins": {
	"default": {
		"A": {
			"A": { "width": 137, "height": 176 }
		},
		"B": {
			"B": { "width": 137, "height": 176 }
		},
		"C": {
			"C": { "x": 11, "y": -14, "rotation": 90, "width": 137, "height": 176 }
		},
		"S": {
			"S": { "x": -13, "y": 20.99, "width": 137, "height": 176 }
		}
	}
},
"animations": {
	"normal": {
		"slots": {
			"S": {
				"color": [
					{ "time": 0, "color": "ffffff00", "curve": "stepped" },
					{ "time": 4, "color": "ffffff00" }
				]
			}
		},
		"bones": {
			"骨骼2": {
				"rotate": [
					{ "time": 0, "angle": 0, "curve": "stepped" },
					{ "time": 4, "angle": 0 }
				],
				"translate": [
					{ "time": 0, "x": 0, "y": 0, "curve": "stepped" },
					{ "time": 4, "x": 0, "y": 0 }
				]
			},
			"water": {
				"rotate": [
					{ "time": 0, "angle": 0, "curve": "stepped" },
					{ "time": 4, "angle": 0 }
				],
				"translate": [
					{ "time": 0, "x": 0, "y": 0, "curve": "stepped" },
					{ "time": 4, "x": 0, "y": 0 }
				]
			},
			"C": {
				"rotate": [
					{ "time": 0, "angle": -12.07 },
					{ "time": 1.6666, "angle": 5.04 },
					{ "time": 2, "angle": 6.77 },
					{ "time": 2.3333, "angle": 2.95 },
					{ "time": 3.6666, "angle": -11.38 },
					{ "time": 4, "angle": -12.07 }
				],
				"translate": [
					{ "time": 0, "x": 0, "y": 0, "curve": "stepped" },
					{ "time": 2, "x": 0, "y": 0, "curve": "stepped" },
					{ "time": 4, "x": 0, "y": 0 }
				]
			}
		}
	},
	"touch": {
		"slots": {
			"S": {
				"color": [
					{ "time": 0, "color": "ffffff00", "curve": "stepped" },
					{ "time": 0.2666, "color": "ffffff00" },
					{ "time": 0.3333, "color": "ffffffff" },
					{ "time": 0.6666, "color": "ffffff00", "curve": "stepped" },
					{ "time": 2, "color": "ffffff00" }
				]
			}
		},
		"bones": {
			"骨骼2": {
				"rotate": [
					{ "time": 0, "angle": 0, "curve": "stepped" },
					{ "time": 0.4, "angle": 0, "curve": "stepped" },
					{ "time": 2.6666, "angle": 0 }
				],
				"translate": [
					{ "time": 0, "x": 0, "y": 0 },
					{ "time": 0.1333, "x": 0, "y": -5 },
					{ "time": 0.2666, "x": 0, "y": 5.26 },
					{ "time": 0.4, "x": 0, "y": 0, "curve": "stepped" },
					{ "time": 2.6666, "x": 0, "y": 0 }
				],
				"scale": [
					{ "time": 0, "x": 1, "y": 1 },
					{ "time": 0.1333, "x": 1, "y": 0.91 },
					{ "time": 0.2666, "x": 1, "y": 1.061 },
					{ "time": 0.4, "x": 1, "y": 1, "curve": "stepped" },
					{ "time": 2.6666, "x": 1, "y": 1 }
				]
			},
			"water": {
				"rotate": [
					{ "time": 0, "angle": 0, "curve": "stepped" },
					{ "time": 2, "angle": 0 }
				],
				"translate": [
					{ "time": 0, "x": 0, "y": 0 },
					{ "time": 0.3333, "x": 0, "y": -4.85 },
					{ "time": 0.6666, "x": 0, "y": 2.55 },
					{ "time": 2, "x": 0, "y": 0 }
				],
				"scale": [
					{ "time": 0.3, "x": 1, "y": 1 },
					{ "time": 0.3333, "x": 1.141, "y": 1.141 },
					{ "time": 0.4666, "x": 0.932, "y": 0.932 },
					{ "time": 0.6666, "x": 1, "y": 1 }
				]
			},
			"C": {
				"rotate": [
					{ "time": 0, "angle": -12.07 },
					{ "time": 0.5, "angle": 8.76 },
					{ "time": 0.8666, "angle": -8.72 },
					{ "time": 1.2, "angle": 6.97 },
					{ "time": 1.6666, "angle": -9.83 },
					{ "time": 2.3333, "angle": 5.31 },
					{ "time": 2.6666, "angle": -12.07 }
				],
				"translate": [
					{ "time": 0, "x": 0, "y": 0 },
					{ "time": 0.5, "x": 0, "y": 15.76 },
					{ "time": 1.2, "x": 0, "y": 14.25 },
					{ "time": 2.6666, "x": 0, "y": 0 }
				]
			}
		}
	}
}
}