{
"skeleton": { "hash": "vhXoApnVKE25sYdT5FUfw7EW030", "spine": "3.2.01", "width": 174.62, "height": 190.63, "images": "" },
"bones": [
	{ "name": "root" },
	{ "name": "ALL", "parent": "root" },
	{ "name": "body", "parent": "ALL" },
	{ "name": "S", "parent": "body", "x": -3.31, "y": 40.16 },
	{ "name": "head", "parent": "S", "length": 22.81, "rotation": 92.2, "x": 0.87, "y": 22.35 },
	{ "name": "hair", "parent": "head", "x": 55.66, "y": -1.26 },
	{ "name": "LH_1", "parent": "hair", "length": 28.76, "rotation": -174.31, "x": 4.63, "y": 6.4 },
	{ "name": "LH_2", "parent": "hair", "length": 28.76, "rotation": -168.63, "x": 4.21, "y": -4.54 },
	{ "name": "LH_L", "parent": "hair", "length": 25.95, "rotation": 162.11, "x": -1.9, "y": 18.93 },
	{ "name": "LH_R", "parent": "hair", "length": 25.95, "rotation": -163.76, "x": 1.11, "y": -16.71 },
	{ "name": "X", "parent": "body", "x": -2.44, "y": 38.4 },
	{ "name": "face", "parent": "head", "x": 16.88, "y": 1.36 },
	{ "name": "brow", "parent": "face", "x": 16.99, "y": -2.91 },
	{ "name": "cap", "parent": "head", "x": 57.71, "y": -4.11 },
	{ "name": "cap_2", "parent": "cap", "x": 31.71, "y": -34.31 },
	{ "name": "eye", "parent": "face", "x": 0.43, "y": -0.08 },
	{ "name": "hair1", "parent": "hair", "x": -10.65, "y": -2.23 },
	{ "name": "hand_L", "parent": "S", "length": 11.3, "rotation": -115.46, "x": -5.02, "y": 18.75 },
	{ "name": "hand_L2", "parent": "hand_L", "length": 10.65, "rotation": 1.23, "x": 11.3 },
	{ "name": "hand_L3", "parent": "hand_L2", "length": 7.72, "rotation": 11.5, "x": 10.65 },
	{ "name": "hand_R", "parent": "S", "length": 12, "rotation": -58.24, "x": 7.37, "y": 20.69 },
	{ "name": "hand_R2", "parent": "hand_R", "length": 11.74, "rotation": -7.31, "x": 11.87, "y": -0.2 },
	{ "name": "hand_R3", "parent": "hand_R2", "length": 10.22, "rotation": -6.43, "x": 13.59, "y": 0.53 },
	{ "name": "leg_L", "parent": "X", "length": 13.17, "rotation": -93.81, "x": -7.01, "y": -2.63 },
	{ "name": "leg_L2", "parent": "leg_L", "length": 18.02, "rotation": -0.37, "x": 13.17 },
	{ "name": "leg_R", "parent": "X", "length": 14.88, "rotation": -76.37, "x": 5.26, "y": -0.87 },
	{ "name": "leg_R2", "parent": "leg_R", "length": 20.78, "rotation": 11.31, "x": 13.92, "y": -0.21 },
	{ "name": "unit_1", "parent": "body", "length": 102.23, "rotation": 90.94, "x": 54.1, "y": 0.91 }
],
"slots": [
	{ "name": "arm_L", "bone": "hand_L", "attachment": "arm_L" },
	{ "name": "arm_L2", "bone": "hand_L2", "attachment": "arm_L2" },
	{ "name": "arm_L3C", "bone": "hand_L3", "attachment": "arm_L3C" },
	{ "name": "leg_L2", "bone": "leg_L2", "attachment": "leg_L2" },
	{ "name": "leg_L", "bone": "leg_L", "attachment": "leg_L" },
	{ "name": "leg_R2", "bone": "leg_R2", "attachment": "leg_R2" },
	{ "name": "leg_R", "bone": "leg_R", "attachment": "leg_R" },
	{ "name": "waist", "bone": "X", "attachment": "waist" },
	{ "name": "body", "bone": "S", "attachment": "body" },
	{ "name": "hair", "bone": "hair1", "attachment": "hair" },
	{ "name": "head", "bone": "head", "attachment": "head" },
	{ "name": "arm_R", "bone": "hand_R", "attachment": "arm_R" },
	{ "name": "arm_R2", "bone": "hand_R2", "attachment": "arm_R2" },
	{ "name": "arm_R3C", "bone": "hand_R3", "attachment": "arm_R3C" },
	{ "name": "LH_1", "bone": "LH_1", "attachment": "LH_1" },
	{ "name": "LH_2", "bone": "LH_2", "attachment": "LH_2" },
	{ "name": "LH_L", "bone": "LH_L", "attachment": "LH_L" },
	{ "name": "LH_R", "bone": "LH_R", "attachment": "LH_R" },
	{ "name": "eyes_normal", "bone": "eye", "attachment": "eyes_normal" },
	{ "name": "brow_1", "bone": "brow", "attachment": "brow_1" },
	{ "name": "hat_2", "bone": "cap_2", "attachment": "hat_2" },
	{ "name": "hat", "bone": "cap", "attachment": "hat" },
	{ "name": "unit_1", "bone": "unit_1", "attachment": "unit_1" }
],
"skins": {
	"default": {
		"LH_1": {
			"LH_1": { "x": 59.12, "y": 3.13, "rotation": 82.11, "width": 170, "height": 170 }
		},
		"LH_2": {
			"LH_2": { "x": 56.57, "y": -13.39, "rotation": 76.43, "width": 170, "height": 170 }
		},
		"LH_L": {
			"LH_L": { "x": 42.87, "y": 36.42, "rotation": 105.67, "width": 170, "height": 170 }
		},
		"LH_R": {
			"LH_R": { "x": 48.85, "y": -28.95, "rotation": 71.56, "width": 170, "height": 170 }
		},
		"arm_L": {
			"arm_L": { "x": -9.13, "y": 6.34, "rotation": 115.46, "width": 170, "height": 170 }
		},
		"arm_L2": {
			"arm_L2": { "x": -20.29, "y": 6.78, "rotation": 114.22, "width": 170, "height": 170 }
		},
		"arm_L3C": {
			"arm_L3C": { "x": -28.98, "y": 12.82, "rotation": 102.72, "width": 170, "height": 170 }
		},
		"arm_R": {
			"arm_R": { "x": -4.48, "y": -0.44, "rotation": 58.24, "width": 170, "height": 170 }
		},
		"arm_R2": {
			"arm_R2": { "x": -16.19, "y": -2.32, "rotation": 65.55, "width": 170, "height": 170 }
		},
		"arm_R3C": {
			"arm_R3C": { "x": -29.28, "y": -6.17, "rotation": 71.99, "width": 170, "height": 170 }
		},
		"body": {
			"body": { "x": 4.63, "y": 24.27, "width": 170, "height": 170 }
		},
		"brow_1": {
			"brow_1": { "x": -32.11, "y": -2.27, "rotation": -92.2, "width": 170, "height": 170 },
			"brow_2": { "x": -31.23, "y": -2.3, "rotation": -92.2, "width": 170, "height": 170 }
		},
		"eyes_normal": {
			"eyes_close": { "x": -14.67, "y": -5.13, "rotation": -92.2, "width": 170, "height": 170 },
			"eyes_normal": { "x": -15.54, "y": -5.1, "rotation": -92.2, "width": 170, "height": 170 }
		},
		"hair": {
			"hair": { "x": -43.23, "y": -0.32, "rotation": -92.2, "width": 170, "height": 170 }
		},
		"hat": {
			"hat": { "x": -35.26, "y": 0.92, "rotation": -92.2, "width": 170, "height": 170 }
		},
		"hat_2": {
			"hat_2": { "x": -67.09, "y": 38.44, "rotation": -92.2, "width": 170, "height": 170 }
		},
		"head": {
			"head": { "x": 1.77, "y": -3.82, "rotation": -92.2, "width": 170, "height": 170 }
		},
		"leg_L": {
			"leg_L": { "x": -29.31, "y": 8.84, "rotation": 93.81, "width": 170, "height": 170 }
		},
		"leg_L2": {
			"leg_L2": { "x": -42.54, "y": 8.56, "rotation": 94.18, "width": 170, "height": 170 }
		},
		"leg_R": {
			"leg_R": { "x": -26.5, "y": 4.87, "rotation": 76.37, "width": 170, "height": 170 }
		},
		"leg_R2": {
			"leg_R2": { "x": -38.64, "y": 12.93, "rotation": 65.05, "width": 170, "height": 170 }
		},
		"unit_1": {
			"unit_1": { "x": 64.38, "y": 51.73, "rotation": -90.94, "width": 170, "height": 170 }
		},
		"waist": {
			"waist": { "x": 3.75, "y": 26.02, "width": 170, "height": 170 }
		}
	}
},
"animations": {
	"normal": {
		"slots": {
			"brow_1": {
				"attachment": [
					{ "time": 1.1666, "name": "brow_1" }
				]
			},
			"eyes_normal": {
				"attachment": [
					{ "time": 0.8333, "name": "eyes_close" },
					{ "time": 1, "name": "eyes_normal" }
				]
			}
		},
		"bones": {
			"unit_1": {
				"rotate": [
					{ "time": 0, "angle": -25.92 },
					{ "time": 1, "angle": -23.08 },
					{ "time": 2, "angle": -25.92 }
				],
				"translate": [
					{ "time": 0, "x": -69.47, "y": -0.45, "curve": "stepped" },
					{ "time": 2, "x": -69.47, "y": -0.45 }
				],
				"scale": [
					{ "time": 0, "x": 0.972, "y": 0.972, "curve": "stepped" },
					{ "time": 2, "x": 0.972, "y": 0.972 }
				]
			},
			"hand_L": {
				"rotate": [
					{ "time": 0, "angle": 2.34 },
					{ "time": 1, "angle": -6.66 },
					{ "time": 2, "angle": 2.34 }
				],
				"translate": [
					{ "time": 0, "x": 0, "y": 0, "curve": "stepped" },
					{ "time": 2, "x": 0, "y": 0 }
				],
				"scale": [
					{ "time": 0, "x": 1, "y": 1, "curve": "stepped" },
					{ "time": 2, "x": 1, "y": 1 }
				]
			},
			"hand_L2": {
				"rotate": [
					{ "time": 0, "angle": 70.4 },
					{ "time": 0.3333, "angle": 104.23 },
					{ "time": 0.6666, "angle": 62.56 },
					{ "time": 1, "angle": 80.34 },
					{ "time": 1.3333, "angle": 62.49 },
					{ "time": 1.6666, "angle": 100.28 },
					{ "time": 2, "angle": 70.4 }
				],
				"translate": [
					{ "time": 0, "x": 0.97, "y": 0.97, "curve": "stepped" },
					{ "time": 2, "x": 0.97, "y": 0.97 }
				],
				"scale": [
					{ "time": 0, "x": 1, "y": 1, "curve": "stepped" },
					{ "time": 2, "x": 1, "y": 1 }
				]
			},
			"hand_L3": {
				"rotate": [
					{ "time": 0, "angle": 14.18 },
					{ "time": 0.3333, "angle": 38.06 },
					{ "time": 0.6666, "angle": -11.65 },
					{ "time": 1, "angle": 25.82 },
					{ "time": 1.3333, "angle": -6.38 },
					{ "time": 1.6666, "angle": 20.99 },
					{ "time": 2, "angle": 14.18 }
				],
				"translate": [
					{ "time": 0, "x": 0, "y": 0, "curve": "stepped" },
					{ "time": 2, "x": 0, "y": 0 }
				],
				"scale": [
					{ "time": 0, "x": 1, "y": 1, "curve": "stepped" },
					{ "time": 2, "x": 1, "y": 1 }
				]
			},
			"hand_R": {
				"rotate": [
					{ "time": 0, "angle": 44.48 },
					{ "time": 1, "angle": 50.18 },
					{ "time": 2, "angle": 44.48 }
				],
				"translate": [
					{ "time": 0, "x": 0, "y": 0, "curve": "stepped" },
					{ "time": 2, "x": 0, "y": 0 }
				],
				"scale": [
					{ "time": 0, "x": 1, "y": 1, "curve": "stepped" },
					{ "time": 2, "x": 1, "y": 1 }
				]
			},
			"hand_R2": {
				"rotate": [
					{ "time": 0, "angle": 125.91 },
					{ "time": 0.3333, "angle": 125.31 },
					{ "time": 0.6666, "angle": 120.87 },
					{ "time": 1, "angle": 125.66 },
					{ "time": 1.3333, "angle": 123.25 },
					{ "time": 1.6666, "angle": 129.34 },
					{ "time": 2, "angle": 125.91 }
				],
				"translate": [
					{ "time": 0, "x": 4.56, "y": -3.15, "curve": "stepped" },
					{ "time": 2, "x": 4.56, "y": -3.15 }
				],
				"scale": [
					{ "time": 0, "x": 1, "y": 1, "curve": "stepped" },
					{ "time": 2, "x": 1, "y": 1 }
				]
			},
			"hand_R3": {
				"rotate": [
					{ "time": 0, "angle": -8.97 },
					{ "time": 0.3333, "angle": 4.66 },
					{ "time": 0.6666, "angle": -2.17 },
					{ "time": 1, "angle": -18.63 },
					{ "time": 1.3333, "angle": -7.19 },
					{ "time": 1.6666, "angle": -15.48 },
					{ "time": 2, "angle": -8.97 }
				],
				"translate": [
					{ "time": 0, "x": 0, "y": 0, "curve": "stepped" },
					{ "time": 2, "x": 0, "y": 0 }
				],
				"scale": [
					{ "time": 0, "x": 1, "y": 1, "curve": "stepped" },
					{ "time": 2, "x": 1, "y": 1 }
				]
			},
			"head": {
				"rotate": [
					{ "time": 0, "angle": -6.34 },
					{ "time": 1, "angle": -1.88 },
					{ "time": 2, "angle": -6.34 }
				],
				"translate": [
					{ "time": 0, "x": 0, "y": 0, "curve": "stepped" },
					{ "time": 2, "x": 0, "y": 0 }
				],
				"scale": [
					{ "time": 0, "x": 1, "y": 1, "curve": "stepped" },
					{ "time": 2, "x": 1, "y": 1 }
				]
			},
			"leg_L": {
				"rotate": [
					{ "time": 0, "angle": -7.21, "curve": "stepped" },
					{ "time": 2, "angle": -7.21 }
				],
				"translate": [
					{ "time": 0, "x": 0, "y": 0, "curve": "stepped" },
					{ "time": 2, "x": 0, "y": 0 }
				],
				"scale": [
					{ "time": 0, "x": 1, "y": 1, "curve": "stepped" },
					{ "time": 2, "x": 1, "y": 1 }
				]
			},
			"leg_R": {
				"rotate": [
					{ "time": 0, "angle": -3.87, "curve": "stepped" },
					{ "time": 2, "angle": -3.87 }
				],
				"translate": [
					{ "time": 0, "x": 0, "y": 0, "curve": "stepped" },
					{ "time": 2, "x": 0, "y": 0 }
				],
				"scale": [
					{ "time": 0, "x": 1, "y": 1, "curve": "stepped" },
					{ "time": 2, "x": 1, "y": 1 }
				]
			},
			"root": {
				"rotate": [
					{ "time": 0, "angle": 0, "curve": "stepped" },
					{ "time": 2, "angle": 0 }
				],
				"translate": [
					{ "time": 0, "x": 0, "y": 0, "curve": "stepped" },
					{ "time": 2, "x": 0, "y": 0 }
				],
				"scale": [
					{ "time": 0, "x": 1, "y": 1, "curve": "stepped" },
					{ "time": 2, "x": 1, "y": 1 }
				]
			},
			"leg_R2": {
				"rotate": [
					{ "time": 0, "angle": 0, "curve": "stepped" },
					{ "time": 2, "angle": 0 }
				],
				"translate": [
					{ "time": 0, "x": 0, "y": 0, "curve": "stepped" },
					{ "time": 2, "x": 0, "y": 0 }
				],
				"scale": [
					{ "time": 0, "x": 1, "y": 1, "curve": "stepped" },
					{ "time": 2, "x": 1, "y": 1 }
				]
			},
			"leg_L2": {
				"rotate": [
					{ "time": 0, "angle": 0, "curve": "stepped" },
					{ "time": 2, "angle": 0 }
				],
				"translate": [
					{ "time": 0, "x": 0, "y": 0, "curve": "stepped" },
					{ "time": 2, "x": 0, "y": 0 }
				],
				"scale": [
					{ "time": 0, "x": 1, "y": 1, "curve": "stepped" },
					{ "time": 2, "x": 1, "y": 1 }
				]
			},
			"X": {
				"rotate": [
					{ "time": 0, "angle": 0 },
					{ "time": 1, "angle": -1.63 },
					{ "time": 2, "angle": 0 }
				],
				"translate": [
					{ "time": 0, "x": 0, "y": 0, "curve": "stepped" },
					{ "time": 2, "x": 0, "y": 0 }
				],
				"scale": [
					{ "time": 0, "x": 1, "y": 1, "curve": "stepped" },
					{ "time": 2, "x": 1, "y": 1 }
				]
			},
			"hair1": {
				"rotate": [
					{ "time": 0, "angle": 0 },
					{ "time": 1, "angle": 2.85 },
					{ "time": 2, "angle": 0 }
				],
				"translate": [
					{ "time": 0, "x": 0, "y": 0, "curve": "stepped" },
					{ "time": 2, "x": 0, "y": 0 }
				],
				"scale": [
					{ "time": 0, "x": 1, "y": 1, "curve": "stepped" },
					{ "time": 2, "x": 1, "y": 1 }
				]
			},
			"LH_R": {
				"rotate": [
					{ "time": 0, "angle": 0 },
					{ "time": 1, "angle": 3.98 },
					{ "time": 2, "angle": 0 }
				],
				"translate": [
					{ "time": 0, "x": 0, "y": 0, "curve": "stepped" },
					{ "time": 2, "x": 0, "y": 0 }
				],
				"scale": [
					{ "time": 0, "x": 1, "y": 1, "curve": "stepped" },
					{ "time": 2, "x": 1, "y": 1 }
				]
			},
			"LH_L": {
				"rotate": [
					{ "time": 0, "angle": 0 },
					{ "time": 1, "angle": 3.98 },
					{ "time": 2, "angle": 0 }
				],
				"translate": [
					{ "time": 0, "x": 0, "y": 0, "curve": "stepped" },
					{ "time": 2, "x": 0, "y": 0 }
				],
				"scale": [
					{ "time": 0, "x": 1, "y": 1, "curve": "stepped" },
					{ "time": 2, "x": 1, "y": 1 }
				]
			},
			"LH_2": {
				"rotate": [
					{ "time": 0, "angle": 0 },
					{ "time": 1, "angle": 3.98 },
					{ "time": 2, "angle": 0 }
				],
				"translate": [
					{ "time": 0, "x": 0, "y": 0, "curve": "stepped" },
					{ "time": 2, "x": 0, "y": 0 }
				],
				"scale": [
					{ "time": 0, "x": 1, "y": 1, "curve": "stepped" },
					{ "time": 2, "x": 1, "y": 1 }
				]
			},
			"LH_1": {
				"rotate": [
					{ "time": 0, "angle": 0 },
					{ "time": 1, "angle": 3.98 },
					{ "time": 2, "angle": 0 }
				],
				"translate": [
					{ "time": 0, "x": 0, "y": 0, "curve": "stepped" },
					{ "time": 2, "x": 0, "y": 0 }
				],
				"scale": [
					{ "time": 0, "x": 1, "y": 1, "curve": "stepped" },
					{ "time": 2, "x": 1, "y": 1 }
				]
			},
			"hair": {
				"rotate": [
					{ "time": 0, "angle": 0, "curve": "stepped" },
					{ "time": 2, "angle": 0 }
				],
				"translate": [
					{ "time": 0, "x": 0, "y": 0, "curve": "stepped" },
					{ "time": 2, "x": 0, "y": 0 }
				],
				"scale": [
					{ "time": 0, "x": 1, "y": 1, "curve": "stepped" },
					{ "time": 2, "x": 1, "y": 1 }
				]
			},
			"eye": {
				"rotate": [
					{ "time": 0, "angle": 0, "curve": "stepped" },
					{ "time": 2, "angle": 0 }
				],
				"translate": [
					{ "time": 0, "x": 0, "y": 0, "curve": "stepped" },
					{ "time": 2, "x": 0, "y": 0 }
				],
				"scale": [
					{ "time": 0, "x": 1, "y": 1, "curve": "stepped" },
					{ "time": 2, "x": 1, "y": 1 }
				]
			},
			"cap": {
				"rotate": [
					{ "time": 0, "angle": 0 },
					{ "time": 1, "angle": 2.27 },
					{ "time": 2, "angle": 0 }
				],
				"translate": [
					{ "time": 0, "x": 0, "y": 0, "curve": "stepped" },
					{ "time": 2, "x": 0, "y": 0 }
				],
				"scale": [
					{ "time": 0, "x": 1, "y": 1, "curve": "stepped" },
					{ "time": 2, "x": 1, "y": 1 }
				]
			},
			"brow": {
				"rotate": [
					{ "time": 0, "angle": 0, "curve": "stepped" },
					{ "time": 2, "angle": 0 }
				],
				"translate": [
					{ "time": 0, "x": 0, "y": 0 },
					{ "time": 0.6666, "x": -0.67, "y": 0.02 },
					{ "time": 2, "x": 0, "y": 0 }
				],
				"scale": [
					{ "time": 0, "x": 1, "y": 1, "curve": "stepped" },
					{ "time": 2, "x": 1, "y": 1 }
				]
			},
			"S": {
				"rotate": [
					{ "time": 0, "angle": 0 },
					{ "time": 1, "angle": 2.56 },
					{ "time": 2, "angle": 0 }
				],
				"translate": [
					{ "time": 0, "x": 0, "y": 0, "curve": "stepped" },
					{ "time": 2, "x": 0, "y": 0 }
				],
				"scale": [
					{ "time": 0, "x": 1, "y": 1, "curve": "stepped" },
					{ "time": 2, "x": 1, "y": 1 }
				]
			},
			"body": {
				"rotate": [
					{ "time": 0, "angle": 0, "curve": "stepped" },
					{ "time": 2, "angle": 0 }
				],
				"translate": [
					{ "time": 0, "x": 0, "y": 0, "curve": "stepped" },
					{ "time": 2, "x": 0, "y": 0 }
				],
				"scale": [
					{ "time": 0, "x": 1, "y": 1, "curve": "stepped" },
					{ "time": 2, "x": 1, "y": 1 }
				]
			},
			"ALL": {
				"rotate": [
					{ "time": 0, "angle": 0, "curve": "stepped" },
					{ "time": 2, "angle": 0 }
				],
				"translate": [
					{ "time": 0, "x": 0, "y": 0, "curve": "stepped" },
					{ "time": 2, "x": 0, "y": 0 }
				],
				"scale": [
					{ "time": 0, "x": 1, "y": 1, "curve": "stepped" },
					{ "time": 2, "x": 1, "y": 1 }
				]
			},
			"cap_2": {
				"rotate": [
					{ "time": 0, "angle": 0 },
					{ "time": 1, "angle": -9.6 },
					{ "time": 2, "angle": 0 }
				],
				"translate": [
					{ "time": 0, "x": 0, "y": 0, "curve": "stepped" },
					{ "time": 2, "x": 0, "y": 0 }
				]
			}
		},
		"drawOrder": [
			{
				"time": 0,
				"offsets": [
					{ "slot": "arm_L2", "offset": 20 },
					{ "slot": "arm_L3C", "offset": 20 },
					{ "slot": "arm_R2", "offset": 7 },
					{ "slot": "arm_R3C", "offset": 7 }
				]
			}
		]
	}
}
}