{
"skeleton": { "hash": "xkJFTUqg91xdvBEDroUTsvryI7o", "spine": "3.2.01", "width": 2183.18, "height": 2183.18, "images": "" },
"bones": [
	{ "name": "BG_picture" },
	{ "name": "Sun", "parent": "BG_picture", "x": 224.84, "y": 443.64, "scaleX": 4, "scaleY": 4 }
],
"slots": [
	{ "name": "Sky_light_1", "bone": "Sun", "attachment": "Sky_light_1", "blend": "additive" }
],
"skins": {
	"default": {
		"Sky_light_1": {
			"Sky_light_1": { "x": -48.28, "y": -55.83, "rotation": -86.08, "width": 512, "height": 512 }
		}
	}
},
"events": {
	"once": {}
},
"animations": {
	"BG_only_sun_front": {
		"slots": {
			"Sky_light_1": {
				"color": [
					{ "time": 0, "color": "ffffffff" },
					{ "time": 1.5, "color": "ffffff00" }
				]
			}
		},
		"bones": {
			"Sun": {
				"rotate": [
					{ "time": 0, "angle": -1.18 },
					{ "time": 1.5, "angle": -21.59 }
				],
				"translate": [
					{ "time": 0, "x": 132.32, "y": -377.51 }
				],
				"scale": [
					{ "time": 0, "x": 0.75, "y": 0.75 },
					{ "time": 1.5, "x": 1.5, "y": 1.5 }
				]
			}
		},
		"events": [
			{ "time": 1.5, "name": "once" }
		]
	}
}
}