{
"skeleton": { "hash": "oGlE5DNTYfxFEaTnDcaZNHk5Jfo", "spine": "2.1.27", "width": 5507.06, "height": 282.33, "images": "" },
"bones": [
	{ "name": "BG_picture" },
	{ "name": "Item", "parent": "BG_picture", "x": -315.59, "y": -125.48 },
	{ "name": "Light_move", "parent": "BG_picture", "x": 450.23, "y": -104.88 },
	{ "name": "Line", "parent": "BG_picture", "x": -498.51, "y": -98.52 },
	{ "name": "Moon", "parent": "BG_picture" },
	{ "name": "Sky", "parent": "BG_picture" },
	{ "name": "Cloud_Other_picture", "parent": "Sky", "y": -1.64 },
	{ "name": "Light2", "parent": "Light_move", "x": -1.97, "y": 10.83 },
	{ "name": "Light_line2", "parent": "Line", "x": 183.24, "y": -33.49 },
	{ "name": "Sky_picture", "parent": "Sky" }
],
"slots": [
	{ "name": "Sky", "bone": "Sky_picture", "attachment": "Sky" },
	{ "name": "Moon", "bone": "Moon", "attachment": "Moon" },
	{ "name": "Cloud_U", "bone": "Cloud_Other_picture", "color": "ffffffc9", "attachment": "Cloud_Day_U" },
	{ "name": "Cloud_U2", "bone": "Cloud_Other_picture", "color": "ffffffc8", "attachment": "Cloud_Day_U" },
	{ "name": "Mountain", "bone": "Sky_picture", "attachment": "Mountain" },
	{ "name": "Item_00", "bone": "Item", "color": "abababff", "attachment": "Item_00" },
	{ "name": "Light_03", "bone": "Light2", "color": "ffffff00", "attachment": "Light_01", "blend": "additive" },
	{ "name": "Light_02", "bone": "Light_line2", "color": "ffffff00", "attachment": "Light_00", "blend": "additive" }
],
"skins": {
	"default": {
		"Cloud_U": {
			"Cloud_Day_U": { "x": -3720.06, "y": -48, "scaleX": 5, "scaleY": 5, "width": 470, "height": 46 }
		},
		"Cloud_U2": {
			"Cloud_Day_U": { "x": -1178, "y": -48, "scaleX": 5, "scaleY": 5, "width": 470, "height": 46 }
		},
		"Item_00": {
			"Item_00": { "width": 33, "height": 38 }
		},
		"Light_02": {
			"Light_00": { "x": -16.76, "y": -7.82, "scaleX": 2, "scaleY": 2, "width": 216, "height": 64 }
		},
		"Light_03": {
			"Light_01": { "scaleX": 2, "scaleY": 2, "width": 162, "height": 68 }
		},
		"Moon": {
			"Moon": { "x": 102.53, "y": -107.47, "scaleX": 3, "scaleY": 3, "width": 180, "height": 73 }
		},
		"Mountain": {
			"Mountain": { "y": -84.44, "scaleX": 2, "scaleY": 2, "width": 612, "height": 84 }
		},
		"Sky": {
			"Sky": { "y": -83.5, "scaleX": 2, "scaleY": 2, "width": 612, "height": 84 }
		}
	}
},
"animations": {
	"BG_Mediterranean_night": {
		"slots": {
			"Light_02": {
				"color": [
					{ "time": 0, "color": "ffffff00" },
					{ "time": 0.5, "color": "ffffff78" },
					{ "time": 1.3333, "color": "ffffff9a" },
					{ "time": 2, "color": "ffffff00" },
					{ "time": 2.5, "color": "ffffff78" },
					{ "time": 3.3333, "color": "ffffff9a" },
					{ "time": 4, "color": "ffffff00" },
					{ "time": 4.5, "color": "ffffff78" },
					{ "time": 5.3333, "color": "ffffff9a" },
					{ "time": 6, "color": "ffffff00" },
					{ "time": 6.5, "color": "ffffff78" },
					{ "time": 7.3333, "color": "ffffff9a" },
					{ "time": 8, "color": "ffffff00" },
					{ "time": 8.5, "color": "ffffff78" },
					{ "time": 9.3333, "color": "ffffff9a" },
					{ "time": 10, "color": "ffffff00" },
					{ "time": 10.5, "color": "ffffff78" },
					{ "time": 11.3333, "color": "ffffff9a" },
					{ "time": 12, "color": "ffffff00" },
					{ "time": 12.5, "color": "ffffff78" },
					{ "time": 13.3333, "color": "ffffff9a" },
					{ "time": 14, "color": "ffffff00" },
					{ "time": 14.5, "color": "ffffff78" },
					{ "time": 15.3333, "color": "ffffff9a" },
					{ "time": 16, "color": "ffffff00" },
					{ "time": 16.5, "color": "ffffff78" },
					{ "time": 17.3333, "color": "ffffff9a" },
					{ "time": 18, "color": "ffffff00" },
					{ "time": 18.5, "color": "ffffff78" },
					{ "time": 19.3333, "color": "ffffff9a" },
					{ "time": 20, "color": "ffffff00" },
					{ "time": 20.5, "color": "ffffff78" },
					{ "time": 21.3333, "color": "ffffff9a" },
					{ "time": 22, "color": "ffffff00" },
					{ "time": 22.5, "color": "ffffff78" },
					{ "time": 23.3333, "color": "ffffff9a" },
					{ "time": 24, "color": "ffffff00" },
					{ "time": 24.5, "color": "ffffff78" },
					{ "time": 25.3333, "color": "ffffff9a" },
					{ "time": 26, "color": "ffffff00" },
					{ "time": 26.5, "color": "ffffff78" },
					{ "time": 27.3333, "color": "ffffff9a" },
					{ "time": 28, "color": "ffffff00" },
					{ "time": 28.5, "color": "ffffff78" },
					{ "time": 29.3333, "color": "ffffff9a" },
					{ "time": 30, "color": "ffffff00" },
					{ "time": 30.5, "color": "ffffff78" },
					{ "time": 31.3333, "color": "ffffff9a" },
					{ "time": 32, "color": "ffffff00" },
					{ "time": 32.5, "color": "ffffff78" },
					{ "time": 33.3333, "color": "ffffff9a" },
					{ "time": 34, "color": "ffffff00" },
					{ "time": 34.5, "color": "ffffff78" },
					{ "time": 35.3333, "color": "ffffff9a" },
					{ "time": 36, "color": "ffffff00" },
					{ "time": 36.5, "color": "ffffff78" },
					{ "time": 37.3333, "color": "ffffff9a" },
					{ "time": 38, "color": "ffffff00" },
					{ "time": 38.5, "color": "ffffff78" },
					{ "time": 39.3333, "color": "ffffff9a" },
					{ "time": 40, "color": "ffffff00" },
					{ "time": 40.5, "color": "ffffff78" },
					{ "time": 41.3333, "color": "ffffff9a" },
					{ "time": 42, "color": "ffffff00" },
					{ "time": 42.5, "color": "ffffff78" },
					{ "time": 43.3333, "color": "ffffff9a" },
					{ "time": 44, "color": "ffffff00" },
					{ "time": 44.5, "color": "ffffff78" },
					{ "time": 45.3333, "color": "ffffff9a" },
					{ "time": 46, "color": "ffffff00" },
					{ "time": 46.5, "color": "ffffff78" },
					{ "time": 47.3333, "color": "ffffff9a" },
					{ "time": 48, "color": "ffffff00" },
					{ "time": 48.5, "color": "ffffff78" },
					{ "time": 49.3333, "color": "ffffff9a" },
					{ "time": 50, "color": "ffffff00" },
					{ "time": 50.5, "color": "ffffff78" },
					{ "time": 51.3333, "color": "ffffff9a" },
					{ "time": 52, "color": "ffffff00" },
					{ "time": 52.5, "color": "ffffff78" },
					{ "time": 53.3333, "color": "ffffff9a" },
					{ "time": 54, "color": "ffffff00" },
					{ "time": 54.5, "color": "ffffff78" },
					{ "time": 55.3333, "color": "ffffff9a" },
					{ "time": 56, "color": "ffffff00" },
					{ "time": 56.5, "color": "ffffff78" },
					{ "time": 57.3333, "color": "ffffff9a" },
					{ "time": 58, "color": "ffffff00" },
					{ "time": 58.5, "color": "ffffff78" },
					{ "time": 59.3333, "color": "ffffff9a" },
					{ "time": 60, "color": "ffffff00" },
					{ "time": 60.5, "color": "ffffff78" },
					{ "time": 61.3333, "color": "ffffff9a" },
					{ "time": 62, "color": "ffffff00" },
					{ "time": 62.5, "color": "ffffff78" },
					{ "time": 63.3333, "color": "ffffff9a" },
					{ "time": 64, "color": "ffffff00" },
					{ "time": 64.5, "color": "ffffff78" },
					{ "time": 65.3333, "color": "ffffff9a" },
					{ "time": 66, "color": "ffffff00" },
					{ "time": 66.5, "color": "ffffff78" },
					{ "time": 67.3333, "color": "ffffff9a" },
					{ "time": 68, "color": "ffffff00" },
					{ "time": 68.5, "color": "ffffff78" },
					{ "time": 69.3333, "color": "ffffff9a" },
					{ "time": 70, "color": "ffffff00" },
					{ "time": 70.5, "color": "ffffff78" },
					{ "time": 71.3333, "color": "ffffff9a" },
					{ "time": 72, "color": "ffffff00" },
					{ "time": 72.5, "color": "ffffff78" },
					{ "time": 73.3333, "color": "ffffff9a" },
					{ "time": 74, "color": "ffffff00" },
					{ "time": 74.5, "color": "ffffff78" },
					{ "time": 75.3333, "color": "ffffff9a" },
					{ "time": 76, "color": "ffffff00" },
					{ "time": 76.5, "color": "ffffff78" },
					{ "time": 77.3333, "color": "ffffff9a" },
					{ "time": 78, "color": "ffffff00" },
					{ "time": 78.5, "color": "ffffff78" },
					{ "time": 79.3333, "color": "ffffff9a" },
					{ "time": 80, "color": "ffffff00" },
					{ "time": 80.5, "color": "ffffff78" },
					{ "time": 81.3333, "color": "ffffff9a" },
					{ "time": 82, "color": "ffffff00" },
					{ "time": 82.5, "color": "ffffff78" },
					{ "time": 83.3333, "color": "ffffff9a" },
					{ "time": 84, "color": "ffffff00" },
					{ "time": 84.5, "color": "ffffff78" },
					{ "time": 85.3333, "color": "ffffff9a" },
					{ "time": 86, "color": "ffffff00" },
					{ "time": 86.5, "color": "ffffff78" },
					{ "time": 87.3333, "color": "ffffff9a" },
					{ "time": 88, "color": "ffffff00" },
					{ "time": 88.5, "color": "ffffff78" },
					{ "time": 89.3333, "color": "ffffff9a" },
					{ "time": 90, "color": "ffffff00" },
					{ "time": 90.5, "color": "ffffff78" },
					{ "time": 91.3333, "color": "ffffff9a" },
					{ "time": 92, "color": "ffffff00" },
					{ "time": 92.5, "color": "ffffff78" },
					{ "time": 93.3333, "color": "ffffff9a" },
					{ "time": 94, "color": "ffffff00" },
					{ "time": 94.5, "color": "ffffff78" },
					{ "time": 95.3333, "color": "ffffff9a" },
					{ "time": 96, "color": "ffffff00" },
					{ "time": 96.5, "color": "ffffff78" },
					{ "time": 97.3333, "color": "ffffff9a" },
					{ "time": 98, "color": "ffffff00" },
					{ "time": 98.5, "color": "ffffff78" },
					{ "time": 99.3333, "color": "ffffff9a" },
					{ "time": 100, "color": "ffffff00" },
					{ "time": 100.5, "color": "ffffff78" },
					{ "time": 101.3333, "color": "ffffff9a" },
					{ "time": 102, "color": "ffffff00" },
					{ "time": 102.5, "color": "ffffff78" },
					{ "time": 103.3333, "color": "ffffff9a" },
					{ "time": 104, "color": "ffffff00" },
					{ "time": 104.5, "color": "ffffff78" },
					{ "time": 105.3333, "color": "ffffff9a" },
					{ "time": 106, "color": "ffffff00" },
					{ "time": 106.5, "color": "ffffff78" },
					{ "time": 107.3333, "color": "ffffff9a" },
					{ "time": 108, "color": "ffffff00" },
					{ "time": 108.5, "color": "ffffff78" },
					{ "time": 109.3333, "color": "ffffff9a" },
					{ "time": 110, "color": "ffffff00" },
					{ "time": 110.5, "color": "ffffff78" },
					{ "time": 111.3333, "color": "ffffff9a" },
					{ "time": 112, "color": "ffffff00" },
					{ "time": 112.5, "color": "ffffff78" },
					{ "time": 113.3333, "color": "ffffff9a" },
					{ "time": 114, "color": "ffffff00" },
					{ "time": 114.5, "color": "ffffff78" },
					{ "time": 115.3333, "color": "ffffff9a" },
					{ "time": 116, "color": "ffffff00" },
					{ "time": 116.5, "color": "ffffff78" },
					{ "time": 117.3333, "color": "ffffff9a" },
					{ "time": 118, "color": "ffffff00" },
					{ "time": 118.5, "color": "ffffff78" },
					{ "time": 119.3333, "color": "ffffff9a" },
					{ "time": 120, "color": "ffffff00" },
					{ "time": 120.5, "color": "ffffff78" },
					{ "time": 121.3333, "color": "ffffff9a" },
					{ "time": 122, "color": "ffffff00" },
					{ "time": 122.5, "color": "ffffff78" },
					{ "time": 123.3333, "color": "ffffff9a" },
					{ "time": 124, "color": "ffffff00" },
					{ "time": 124.5, "color": "ffffff78" },
					{ "time": 125.3333, "color": "ffffff9a" },
					{ "time": 126, "color": "ffffff00" },
					{ "time": 126.5, "color": "ffffff78" },
					{ "time": 127.3333, "color": "ffffff9a" },
					{ "time": 128, "color": "ffffff00" },
					{ "time": 128.5, "color": "ffffff78" },
					{ "time": 129.3333, "color": "ffffff9a" },
					{ "time": 130, "color": "ffffff00" },
					{ "time": 130.5, "color": "ffffff78" },
					{ "time": 131.3333, "color": "ffffff9a" },
					{ "time": 132, "color": "ffffff00" },
					{ "time": 132.5, "color": "ffffff78" },
					{ "time": 133.3333, "color": "ffffff9a" },
					{ "time": 134, "color": "ffffff00" },
					{ "time": 134.5, "color": "ffffff78" },
					{ "time": 135.3333, "color": "ffffff9a" },
					{ "time": 136, "color": "ffffff00" },
					{ "time": 136.5, "color": "ffffff78" },
					{ "time": 137.3333, "color": "ffffff9a" },
					{ "time": 138, "color": "ffffff00" },
					{ "time": 138.5, "color": "ffffff78" },
					{ "time": 139.3333, "color": "ffffff9a" },
					{ "time": 140, "color": "ffffff00" },
					{ "time": 140.5, "color": "ffffff78" },
					{ "time": 141.3333, "color": "ffffff9a" },
					{ "time": 142, "color": "ffffff00" },
					{ "time": 142.5, "color": "ffffff78" },
					{ "time": 143.3333, "color": "ffffff9a" },
					{ "time": 144, "color": "ffffff00" },
					{ "time": 144.5, "color": "ffffff78" },
					{ "time": 145.3333, "color": "ffffff9a" },
					{ "time": 146, "color": "ffffff00" },
					{ "time": 146.5, "color": "ffffff78" },
					{ "time": 147.3333, "color": "ffffff9a" },
					{ "time": 148, "color": "ffffff00" },
					{ "time": 148.5, "color": "ffffff78" },
					{ "time": 149.3333, "color": "ffffff9a" },
					{ "time": 150, "color": "ffffff00" },
					{ "time": 150.5, "color": "ffffff78" },
					{ "time": 151.3333, "color": "ffffff9a" },
					{ "time": 152, "color": "ffffff00" },
					{ "time": 152.5, "color": "ffffff78" },
					{ "time": 153.3333, "color": "ffffff9a" },
					{ "time": 154, "color": "ffffff00" },
					{ "time": 154.5, "color": "ffffff78" },
					{ "time": 155.3333, "color": "ffffff9a" },
					{ "time": 156, "color": "ffffff00" },
					{ "time": 156.5, "color": "ffffff78" },
					{ "time": 157.3333, "color": "ffffff9a" },
					{ "time": 158, "color": "ffffff00" },
					{ "time": 158.5, "color": "ffffff78" },
					{ "time": 159.3333, "color": "ffffff9a" },
					{ "time": 160, "color": "ffffff00" }
				]
			},
			"Light_03": {
				"color": [
					{ "time": 0, "color": "ffffff00" },
					{ "time": 0.6666, "color": "ffffff56" },
					{ "time": 2, "color": "ffffff00" },
					{ "time": 2.6666, "color": "ffffff56" },
					{ "time": 4, "color": "ffffff00" },
					{ "time": 4.6666, "color": "ffffff56" },
					{ "time": 6, "color": "ffffff00" },
					{ "time": 6.6666, "color": "ffffff56" },
					{ "time": 8, "color": "ffffff00" },
					{ "time": 8.6666, "color": "ffffff56" },
					{ "time": 10, "color": "ffffff00" },
					{ "time": 10.6666, "color": "ffffff56" },
					{ "time": 12, "color": "ffffff00" },
					{ "time": 12.6666, "color": "ffffff56" },
					{ "time": 14, "color": "ffffff00" },
					{ "time": 14.6666, "color": "ffffff56" },
					{ "time": 16, "color": "ffffff00" },
					{ "time": 16.6666, "color": "ffffff56" },
					{ "time": 18, "color": "ffffff00" },
					{ "time": 18.6666, "color": "ffffff56" },
					{ "time": 20, "color": "ffffff00" },
					{ "time": 20.6666, "color": "ffffff56" },
					{ "time": 22, "color": "ffffff00" },
					{ "time": 22.6666, "color": "ffffff56" },
					{ "time": 24, "color": "ffffff00" },
					{ "time": 24.6666, "color": "ffffff56" },
					{ "time": 26, "color": "ffffff00" },
					{ "time": 26.6666, "color": "ffffff56" },
					{ "time": 28, "color": "ffffff00" },
					{ "time": 28.6666, "color": "ffffff56" },
					{ "time": 30, "color": "ffffff00" },
					{ "time": 30.6666, "color": "ffffff56" },
					{ "time": 32, "color": "ffffff00" },
					{ "time": 32.6666, "color": "ffffff56" },
					{ "time": 34, "color": "ffffff00" },
					{ "time": 34.6666, "color": "ffffff56" },
					{ "time": 36, "color": "ffffff00" },
					{ "time": 36.6666, "color": "ffffff56" },
					{ "time": 38, "color": "ffffff00" },
					{ "time": 38.6666, "color": "ffffff56" },
					{ "time": 40, "color": "ffffff00" },
					{ "time": 40.6666, "color": "ffffff56" },
					{ "time": 42, "color": "ffffff00" },
					{ "time": 42.6666, "color": "ffffff56" },
					{ "time": 44, "color": "ffffff00" },
					{ "time": 44.6666, "color": "ffffff56" },
					{ "time": 46, "color": "ffffff00" },
					{ "time": 46.6666, "color": "ffffff56" },
					{ "time": 48, "color": "ffffff00" },
					{ "time": 48.6666, "color": "ffffff56" },
					{ "time": 50, "color": "ffffff00" },
					{ "time": 50.6666, "color": "ffffff56" },
					{ "time": 52, "color": "ffffff00" },
					{ "time": 52.6666, "color": "ffffff56" },
					{ "time": 54, "color": "ffffff00" },
					{ "time": 54.6666, "color": "ffffff56" },
					{ "time": 56, "color": "ffffff00" },
					{ "time": 56.6666, "color": "ffffff56" },
					{ "time": 58, "color": "ffffff00" },
					{ "time": 58.6666, "color": "ffffff56" },
					{ "time": 60, "color": "ffffff00" },
					{ "time": 60.6666, "color": "ffffff56" },
					{ "time": 62, "color": "ffffff00" },
					{ "time": 62.6666, "color": "ffffff56" },
					{ "time": 64, "color": "ffffff00" },
					{ "time": 64.6666, "color": "ffffff56" },
					{ "time": 66, "color": "ffffff00" },
					{ "time": 66.6666, "color": "ffffff56" },
					{ "time": 68, "color": "ffffff00" },
					{ "time": 68.6666, "color": "ffffff56" },
					{ "time": 70, "color": "ffffff00" },
					{ "time": 70.6666, "color": "ffffff56" },
					{ "time": 72, "color": "ffffff00" },
					{ "time": 72.6666, "color": "ffffff56" },
					{ "time": 74, "color": "ffffff00" },
					{ "time": 74.6666, "color": "ffffff56" },
					{ "time": 76, "color": "ffffff00" },
					{ "time": 76.6666, "color": "ffffff56" },
					{ "time": 78, "color": "ffffff00" },
					{ "time": 78.6666, "color": "ffffff56" },
					{ "time": 80, "color": "ffffff00" },
					{ "time": 80.6666, "color": "ffffff56" },
					{ "time": 82, "color": "ffffff00" },
					{ "time": 82.6666, "color": "ffffff56" },
					{ "time": 84, "color": "ffffff00" },
					{ "time": 84.6666, "color": "ffffff56" },
					{ "time": 86, "color": "ffffff00" },
					{ "time": 86.6666, "color": "ffffff56" },
					{ "time": 88, "color": "ffffff00" },
					{ "time": 88.6666, "color": "ffffff56" },
					{ "time": 90, "color": "ffffff00" },
					{ "time": 90.6666, "color": "ffffff56" },
					{ "time": 92, "color": "ffffff00" },
					{ "time": 92.6666, "color": "ffffff56" },
					{ "time": 94, "color": "ffffff00" },
					{ "time": 94.6666, "color": "ffffff56" },
					{ "time": 96, "color": "ffffff00" },
					{ "time": 96.6666, "color": "ffffff56" },
					{ "time": 98, "color": "ffffff00" },
					{ "time": 98.6666, "color": "ffffff56" },
					{ "time": 100, "color": "ffffff00" },
					{ "time": 100.6666, "color": "ffffff56" },
					{ "time": 102, "color": "ffffff00" },
					{ "time": 102.6666, "color": "ffffff56" },
					{ "time": 104, "color": "ffffff00" },
					{ "time": 104.6666, "color": "ffffff56" },
					{ "time": 106, "color": "ffffff00" },
					{ "time": 106.6666, "color": "ffffff56" },
					{ "time": 108, "color": "ffffff00" },
					{ "time": 108.6666, "color": "ffffff56" },
					{ "time": 110, "color": "ffffff00" },
					{ "time": 110.6666, "color": "ffffff56" },
					{ "time": 112, "color": "ffffff00" },
					{ "time": 112.6666, "color": "ffffff56" },
					{ "time": 114, "color": "ffffff00" },
					{ "time": 114.6666, "color": "ffffff56" },
					{ "time": 116, "color": "ffffff00" },
					{ "time": 116.6666, "color": "ffffff56" },
					{ "time": 118, "color": "ffffff00" },
					{ "time": 118.6666, "color": "ffffff56" },
					{ "time": 120, "color": "ffffff00" },
					{ "time": 120.6666, "color": "ffffff56" },
					{ "time": 122, "color": "ffffff00" },
					{ "time": 122.6666, "color": "ffffff56" },
					{ "time": 124, "color": "ffffff00" },
					{ "time": 124.6666, "color": "ffffff56" },
					{ "time": 126, "color": "ffffff00" },
					{ "time": 126.6666, "color": "ffffff56" },
					{ "time": 128, "color": "ffffff00" },
					{ "time": 128.6666, "color": "ffffff56" },
					{ "time": 130, "color": "ffffff00" },
					{ "time": 130.6666, "color": "ffffff56" },
					{ "time": 132, "color": "ffffff00" },
					{ "time": 132.6666, "color": "ffffff56" },
					{ "time": 134, "color": "ffffff00" },
					{ "time": 134.6666, "color": "ffffff56" },
					{ "time": 136, "color": "ffffff00" },
					{ "time": 136.6666, "color": "ffffff56" },
					{ "time": 138, "color": "ffffff00" },
					{ "time": 138.6666, "color": "ffffff56" },
					{ "time": 140, "color": "ffffff00" },
					{ "time": 140.6666, "color": "ffffff56" },
					{ "time": 142, "color": "ffffff00" },
					{ "time": 142.6666, "color": "ffffff56" },
					{ "time": 144, "color": "ffffff00" },
					{ "time": 144.6666, "color": "ffffff56" },
					{ "time": 146, "color": "ffffff00" },
					{ "time": 146.6666, "color": "ffffff56" },
					{ "time": 148, "color": "ffffff00" },
					{ "time": 148.6666, "color": "ffffff56" },
					{ "time": 150, "color": "ffffff00" },
					{ "time": 150.6666, "color": "ffffff56" },
					{ "time": 152, "color": "ffffff00" },
					{ "time": 152.6666, "color": "ffffff56" },
					{ "time": 154, "color": "ffffff00" },
					{ "time": 154.6666, "color": "ffffff56" },
					{ "time": 156, "color": "ffffff00" },
					{ "time": 156.6666, "color": "ffffff56" },
					{ "time": 158, "color": "ffffff00" },
					{ "time": 158.6666, "color": "ffffff56" },
					{ "time": 160, "color": "ffffff00" }
				]
			}
		},
		"bones": {
			"Cloud_Other_picture": {
				"translate": [
					{ "time": 0, "x": 629.17, "y": 2.87 },
					{ "time": 160, "x": 3171.04, "y": 2.87 }
				]
			},
			"Item": {
				"translate": [
					{ "time": 0, "x": 0, "y": 0 },
					{ "time": 0.6666, "x": 0, "y": -5.78 },
					{ "time": 1.6666, "x": 0, "y": 0 },
					{ "time": 2.3333, "x": 0, "y": -5.78 },
					{ "time": 3.3333, "x": 0, "y": 0 },
					{ "time": 4, "x": 0, "y": -5.78 },
					{ "time": 5, "x": 0, "y": 0 },
					{ "time": 5.6666, "x": 0, "y": -5.78 },
					{ "time": 6.6666, "x": 0, "y": 0 },
					{ "time": 7.3333, "x": 0, "y": -5.78 },
					{ "time": 8.3333, "x": 0, "y": 0 },
					{ "time": 9, "x": 0, "y": -5.78 },
					{ "time": 10, "x": 0, "y": 0 },
					{ "time": 10.6666, "x": 0, "y": -5.78 },
					{ "time": 11.6666, "x": 0, "y": 0 },
					{ "time": 12.3333, "x": 0, "y": -5.78 },
					{ "time": 13.3333, "x": 0, "y": 0 },
					{ "time": 14, "x": 0, "y": -5.78 },
					{ "time": 15, "x": 0, "y": 0 },
					{ "time": 15.6666, "x": 0, "y": -5.78 },
					{ "time": 16.6666, "x": 0, "y": 0 },
					{ "time": 17.3333, "x": 0, "y": -5.78 },
					{ "time": 18.3333, "x": 0, "y": 0 },
					{ "time": 19, "x": 0, "y": -5.78 },
					{ "time": 20, "x": 0, "y": 0 },
					{ "time": 20.6666, "x": 0, "y": -5.78 },
					{ "time": 21.6666, "x": 0, "y": 0 },
					{ "time": 22.3333, "x": 0, "y": -5.78 },
					{ "time": 23.3333, "x": 0, "y": 0 },
					{ "time": 24, "x": 0, "y": -5.78 },
					{ "time": 25, "x": 0, "y": 0 },
					{ "time": 25.6666, "x": 0, "y": -5.78 },
					{ "time": 26.6666, "x": 0, "y": 0 },
					{ "time": 27.3333, "x": 0, "y": -5.78 },
					{ "time": 28.3333, "x": 0, "y": 0 },
					{ "time": 29, "x": 0, "y": -5.78 },
					{ "time": 30, "x": 0, "y": 0 },
					{ "time": 30.6666, "x": 0, "y": -5.78 },
					{ "time": 31.6666, "x": 0, "y": 0 },
					{ "time": 32.3333, "x": 0, "y": -5.78 },
					{ "time": 33.3333, "x": 0, "y": 0 },
					{ "time": 34, "x": 0, "y": -5.78 },
					{ "time": 35, "x": 0, "y": 0 },
					{ "time": 35.6666, "x": 0, "y": -5.78 },
					{ "time": 36.6666, "x": 0, "y": 0 },
					{ "time": 37.3333, "x": 0, "y": -5.78 },
					{ "time": 38.3333, "x": 0, "y": 0 },
					{ "time": 39, "x": 0, "y": -5.78 },
					{ "time": 40, "x": 0, "y": 0 },
					{ "time": 40.6666, "x": 0, "y": -5.78 },
					{ "time": 41.6666, "x": 0, "y": 0 },
					{ "time": 42.3333, "x": 0, "y": -5.78 },
					{ "time": 43.3333, "x": 0, "y": 0 },
					{ "time": 44, "x": 0, "y": -5.78 },
					{ "time": 45, "x": 0, "y": 0 },
					{ "time": 45.6666, "x": 0, "y": -5.78 },
					{ "time": 46.6666, "x": 0, "y": 0 },
					{ "time": 47.3333, "x": 0, "y": -5.78 },
					{ "time": 48.3333, "x": 0, "y": 0 },
					{ "time": 49, "x": 0, "y": -5.78 },
					{ "time": 50, "x": 0, "y": 0 },
					{ "time": 50.6666, "x": 0, "y": -5.78 },
					{ "time": 51.6666, "x": 0, "y": 0 },
					{ "time": 52.3333, "x": 0, "y": -5.78 },
					{ "time": 53.3333, "x": 0, "y": 0 },
					{ "time": 54, "x": 0, "y": -5.78 },
					{ "time": 55, "x": 0, "y": 0 },
					{ "time": 55.6666, "x": 0, "y": -5.78 },
					{ "time": 56.6666, "x": 0, "y": 0 },
					{ "time": 57.3333, "x": 0, "y": -5.78 },
					{ "time": 58.3333, "x": 0, "y": 0 },
					{ "time": 59, "x": 0, "y": -5.78 },
					{ "time": 60, "x": 0, "y": 0 },
					{ "time": 60.6666, "x": 0, "y": -5.78 },
					{ "time": 61.6666, "x": 0, "y": 0 },
					{ "time": 62.3333, "x": 0, "y": -5.78 },
					{ "time": 63.3333, "x": 0, "y": 0 },
					{ "time": 64, "x": 0, "y": -5.78 },
					{ "time": 65, "x": 0, "y": 0 },
					{ "time": 65.6666, "x": 0, "y": -5.78 },
					{ "time": 66.6666, "x": 0, "y": 0 },
					{ "time": 67.3333, "x": 0, "y": -5.78 },
					{ "time": 68.3333, "x": 0, "y": 0 },
					{ "time": 69, "x": 0, "y": -5.78 },
					{ "time": 70, "x": 0, "y": 0 },
					{ "time": 70.6666, "x": 0, "y": -5.78 },
					{ "time": 71.6666, "x": 0, "y": 0 },
					{ "time": 72.3333, "x": 0, "y": -5.78 },
					{ "time": 73.3333, "x": 0, "y": 0 },
					{ "time": 74, "x": 0, "y": -5.78 },
					{ "time": 75, "x": 0, "y": 0 },
					{ "time": 75.6666, "x": 0, "y": -5.78 },
					{ "time": 76.6666, "x": 0, "y": 0 },
					{ "time": 77.3333, "x": 0, "y": -5.78 },
					{ "time": 78.3333, "x": 0, "y": 0 },
					{ "time": 79, "x": 0, "y": -5.78 },
					{ "time": 80, "x": 0, "y": 0 },
					{ "time": 80.6666, "x": 0, "y": -5.78 },
					{ "time": 81.6666, "x": 0, "y": 0 },
					{ "time": 82.3333, "x": 0, "y": -5.78 },
					{ "time": 83.3333, "x": 0, "y": 0 },
					{ "time": 84, "x": 0, "y": -5.78 },
					{ "time": 85, "x": 0, "y": 0 },
					{ "time": 85.6666, "x": 0, "y": -5.78 },
					{ "time": 86.6666, "x": 0, "y": 0 },
					{ "time": 87.3333, "x": 0, "y": -5.78 },
					{ "time": 88.3333, "x": 0, "y": 0 },
					{ "time": 89, "x": 0, "y": -5.78 },
					{ "time": 90, "x": 0, "y": 0 },
					{ "time": 90.6666, "x": 0, "y": -5.78 },
					{ "time": 91.6666, "x": 0, "y": 0 },
					{ "time": 92.3333, "x": 0, "y": -5.78 },
					{ "time": 93.3333, "x": 0, "y": 0 },
					{ "time": 94, "x": 0, "y": -5.78 },
					{ "time": 95, "x": 0, "y": 0 },
					{ "time": 95.6666, "x": 0, "y": -5.78 },
					{ "time": 96.6666, "x": 0, "y": 0 },
					{ "time": 97.3333, "x": 0, "y": -5.78 },
					{ "time": 98.3333, "x": 0, "y": 0 },
					{ "time": 99, "x": 0, "y": -5.78 },
					{ "time": 100, "x": 0, "y": 0 },
					{ "time": 100.6666, "x": 0, "y": -5.78 },
					{ "time": 101.6666, "x": 0, "y": 0 },
					{ "time": 102.3333, "x": 0, "y": -5.78 },
					{ "time": 103.3333, "x": 0, "y": 0 },
					{ "time": 104, "x": 0, "y": -5.78 },
					{ "time": 105, "x": 0, "y": 0 },
					{ "time": 105.6666, "x": 0, "y": -5.78 },
					{ "time": 106.6666, "x": 0, "y": 0 },
					{ "time": 107.3333, "x": 0, "y": -5.78 },
					{ "time": 108.3333, "x": 0, "y": 0 },
					{ "time": 109, "x": 0, "y": -5.78 },
					{ "time": 110, "x": 0, "y": 0 },
					{ "time": 110.6666, "x": 0, "y": -5.78 },
					{ "time": 111.6666, "x": 0, "y": 0 },
					{ "time": 112.3333, "x": 0, "y": -5.78 },
					{ "time": 113.3333, "x": 0, "y": 0 },
					{ "time": 114, "x": 0, "y": -5.78 },
					{ "time": 115, "x": 0, "y": 0 },
					{ "time": 115.6666, "x": 0, "y": -5.78 },
					{ "time": 116.6666, "x": 0, "y": 0 },
					{ "time": 117.3333, "x": 0, "y": -5.78 },
					{ "time": 118.3333, "x": 0, "y": 0 },
					{ "time": 119, "x": 0, "y": -5.78 },
					{ "time": 120, "x": 0, "y": 0 },
					{ "time": 120.6666, "x": 0, "y": -5.78 },
					{ "time": 121.6666, "x": 0, "y": 0 },
					{ "time": 122.3333, "x": 0, "y": -5.78 },
					{ "time": 123.3333, "x": 0, "y": 0 },
					{ "time": 124, "x": 0, "y": -5.78 },
					{ "time": 125, "x": 0, "y": 0 },
					{ "time": 125.6666, "x": 0, "y": -5.78 },
					{ "time": 126.6666, "x": 0, "y": 0 },
					{ "time": 127.3333, "x": 0, "y": -5.78 },
					{ "time": 128.3333, "x": 0, "y": 0 },
					{ "time": 129, "x": 0, "y": -5.78 },
					{ "time": 130, "x": 0, "y": 0 },
					{ "time": 130.6666, "x": 0, "y": -5.78 },
					{ "time": 131.6666, "x": 0, "y": 0 },
					{ "time": 132.3333, "x": 0, "y": -5.78 },
					{ "time": 133.3333, "x": 0, "y": 0 },
					{ "time": 134, "x": 0, "y": -5.78 },
					{ "time": 135, "x": 0, "y": 0 },
					{ "time": 135.6666, "x": 0, "y": -5.78 },
					{ "time": 136.6666, "x": 0, "y": 0 },
					{ "time": 137.3333, "x": 0, "y": -5.78 },
					{ "time": 138.3333, "x": 0, "y": 0 },
					{ "time": 139, "x": 0, "y": -5.78 },
					{ "time": 140, "x": 0, "y": 0 },
					{ "time": 140.6666, "x": 0, "y": -5.78 },
					{ "time": 141.6666, "x": 0, "y": 0 },
					{ "time": 142.3333, "x": 0, "y": -5.78 },
					{ "time": 143.3333, "x": 0, "y": 0 },
					{ "time": 144, "x": 0, "y": -5.78 },
					{ "time": 145, "x": 0, "y": 0 },
					{ "time": 145.6666, "x": 0, "y": -5.78 },
					{ "time": 146.6666, "x": 0, "y": 0 },
					{ "time": 147.3333, "x": 0, "y": -5.78 },
					{ "time": 148.3333, "x": 0, "y": 0 },
					{ "time": 149, "x": 0, "y": -5.78 },
					{ "time": 150, "x": 0, "y": 0 },
					{ "time": 150.6666, "x": 0, "y": -5.78 },
					{ "time": 151.6666, "x": 0, "y": 0 },
					{ "time": 152.3333, "x": 0, "y": -5.78 },
					{ "time": 153.3333, "x": 0, "y": 0 },
					{ "time": 154, "x": 0, "y": -5.78 },
					{ "time": 155, "x": 0, "y": 0 },
					{ "time": 155.6666, "x": 0, "y": -5.78 },
					{ "time": 156.6666, "x": 0, "y": 0 },
					{ "time": 157.3333, "x": 0, "y": -5.78 },
					{ "time": 158.3333, "x": 0, "y": 0 },
					{ "time": 159, "x": 0, "y": -5.78 },
					{ "time": 160, "x": 0, "y": 0 }
				]
			},
			"Line": {
				"rotate": [
					{ "time": 0, "angle": -6.98 },
					{ "time": 1, "angle": -3.03 },
					{ "time": 1.9666, "angle": -6.98, "curve": "stepped" },
					{ "time": 2, "angle": -6.98 },
					{ "time": 3, "angle": -3.03 },
					{ "time": 3.9666, "angle": -6.98, "curve": "stepped" },
					{ "time": 4, "angle": -6.98 },
					{ "time": 5, "angle": -3.03 },
					{ "time": 5.9666, "angle": -6.98, "curve": "stepped" },
					{ "time": 6, "angle": -6.98 },
					{ "time": 7, "angle": -3.03 },
					{ "time": 7.9666, "angle": -6.98, "curve": "stepped" },
					{ "time": 8, "angle": -6.98 },
					{ "time": 9, "angle": -3.03 },
					{ "time": 9.9666, "angle": -6.98, "curve": "stepped" },
					{ "time": 10, "angle": -6.98 },
					{ "time": 11, "angle": -3.03 },
					{ "time": 11.9666, "angle": -6.98, "curve": "stepped" },
					{ "time": 12, "angle": -6.98 },
					{ "time": 13, "angle": -3.03 },
					{ "time": 13.9666, "angle": -6.98, "curve": "stepped" },
					{ "time": 14, "angle": -6.98 },
					{ "time": 15, "angle": -3.03 },
					{ "time": 15.9666, "angle": -6.98, "curve": "stepped" },
					{ "time": 16, "angle": -6.98 },
					{ "time": 17, "angle": -3.03 },
					{ "time": 17.9666, "angle": -6.98, "curve": "stepped" },
					{ "time": 18, "angle": -6.98 },
					{ "time": 19, "angle": -3.03 },
					{ "time": 19.9666, "angle": -6.98, "curve": "stepped" },
					{ "time": 20, "angle": -6.98 },
					{ "time": 21, "angle": -3.03 },
					{ "time": 21.9666, "angle": -6.98, "curve": "stepped" },
					{ "time": 22, "angle": -6.98 },
					{ "time": 23, "angle": -3.03 },
					{ "time": 23.9666, "angle": -6.98, "curve": "stepped" },
					{ "time": 24, "angle": -6.98 },
					{ "time": 25, "angle": -3.03 },
					{ "time": 25.9666, "angle": -6.98, "curve": "stepped" },
					{ "time": 26, "angle": -6.98 },
					{ "time": 27, "angle": -3.03 },
					{ "time": 27.9666, "angle": -6.98, "curve": "stepped" },
					{ "time": 28, "angle": -6.98 },
					{ "time": 29, "angle": -3.03 },
					{ "time": 29.9666, "angle": -6.98, "curve": "stepped" },
					{ "time": 30, "angle": -6.98 },
					{ "time": 31, "angle": -3.03 },
					{ "time": 31.9666, "angle": -6.98, "curve": "stepped" },
					{ "time": 32, "angle": -6.98 },
					{ "time": 33, "angle": -3.03 },
					{ "time": 33.9666, "angle": -6.98, "curve": "stepped" },
					{ "time": 34, "angle": -6.98 },
					{ "time": 35, "angle": -3.03 },
					{ "time": 35.9666, "angle": -6.98, "curve": "stepped" },
					{ "time": 36, "angle": -6.98 },
					{ "time": 37, "angle": -3.03 },
					{ "time": 37.9666, "angle": -6.98, "curve": "stepped" },
					{ "time": 38, "angle": -6.98 },
					{ "time": 39, "angle": -3.03 },
					{ "time": 39.9666, "angle": -6.98, "curve": "stepped" },
					{ "time": 40, "angle": -6.98 },
					{ "time": 41, "angle": -3.03 },
					{ "time": 41.9666, "angle": -6.98, "curve": "stepped" },
					{ "time": 42, "angle": -6.98 },
					{ "time": 43, "angle": -3.03 },
					{ "time": 43.9666, "angle": -6.98, "curve": "stepped" },
					{ "time": 44, "angle": -6.98 },
					{ "time": 45, "angle": -3.03 },
					{ "time": 45.9666, "angle": -6.98, "curve": "stepped" },
					{ "time": 46, "angle": -6.98 },
					{ "time": 47, "angle": -3.03 },
					{ "time": 47.9666, "angle": -6.98, "curve": "stepped" },
					{ "time": 48, "angle": -6.98 },
					{ "time": 49, "angle": -3.03 },
					{ "time": 49.9666, "angle": -6.98, "curve": "stepped" },
					{ "time": 50, "angle": -6.98 },
					{ "time": 51, "angle": -3.03 },
					{ "time": 51.9666, "angle": -6.98, "curve": "stepped" },
					{ "time": 52, "angle": -6.98 },
					{ "time": 53, "angle": -3.03 },
					{ "time": 53.9666, "angle": -6.98, "curve": "stepped" },
					{ "time": 54, "angle": -6.98 },
					{ "time": 55, "angle": -3.03 },
					{ "time": 55.9666, "angle": -6.98, "curve": "stepped" },
					{ "time": 56, "angle": -6.98 },
					{ "time": 57, "angle": -3.03 },
					{ "time": 57.9666, "angle": -6.98, "curve": "stepped" },
					{ "time": 58, "angle": -6.98 },
					{ "time": 59, "angle": -3.03 },
					{ "time": 59.9666, "angle": -6.98, "curve": "stepped" },
					{ "time": 60, "angle": -6.98 },
					{ "time": 61, "angle": -3.03 },
					{ "time": 61.9666, "angle": -6.98, "curve": "stepped" },
					{ "time": 62, "angle": -6.98 },
					{ "time": 63, "angle": -3.03 },
					{ "time": 63.9666, "angle": -6.98, "curve": "stepped" },
					{ "time": 64, "angle": -6.98 },
					{ "time": 65, "angle": -3.03 },
					{ "time": 65.9666, "angle": -6.98, "curve": "stepped" },
					{ "time": 66, "angle": -6.98 },
					{ "time": 67, "angle": -3.03 },
					{ "time": 67.9666, "angle": -6.98, "curve": "stepped" },
					{ "time": 68, "angle": -6.98 },
					{ "time": 69, "angle": -3.03 },
					{ "time": 69.9666, "angle": -6.98, "curve": "stepped" },
					{ "time": 70, "angle": -6.98 },
					{ "time": 71, "angle": -3.03 },
					{ "time": 71.9666, "angle": -6.98, "curve": "stepped" },
					{ "time": 72, "angle": -6.98 },
					{ "time": 73, "angle": -3.03 },
					{ "time": 73.9666, "angle": -6.98, "curve": "stepped" },
					{ "time": 74, "angle": -6.98 },
					{ "time": 75, "angle": -3.03 },
					{ "time": 75.9666, "angle": -6.98, "curve": "stepped" },
					{ "time": 76, "angle": -6.98 },
					{ "time": 77, "angle": -3.03 },
					{ "time": 77.9666, "angle": -6.98, "curve": "stepped" },
					{ "time": 78, "angle": -6.98 },
					{ "time": 79, "angle": -3.03 },
					{ "time": 79.9666, "angle": -6.98, "curve": "stepped" },
					{ "time": 80, "angle": -6.98 },
					{ "time": 81, "angle": -3.03 },
					{ "time": 81.9666, "angle": -6.98, "curve": "stepped" },
					{ "time": 82, "angle": -6.98 },
					{ "time": 83, "angle": -3.03 },
					{ "time": 83.9666, "angle": -6.98, "curve": "stepped" },
					{ "time": 84, "angle": -6.98 },
					{ "time": 85, "angle": -3.03 },
					{ "time": 85.9666, "angle": -6.98, "curve": "stepped" },
					{ "time": 86, "angle": -6.98 },
					{ "time": 87, "angle": -3.03 },
					{ "time": 87.9666, "angle": -6.98, "curve": "stepped" },
					{ "time": 88, "angle": -6.98 },
					{ "time": 89, "angle": -3.03 },
					{ "time": 89.9666, "angle": -6.98, "curve": "stepped" },
					{ "time": 90, "angle": -6.98 },
					{ "time": 91, "angle": -3.03 },
					{ "time": 91.9666, "angle": -6.98, "curve": "stepped" },
					{ "time": 92, "angle": -6.98 },
					{ "time": 93, "angle": -3.03 },
					{ "time": 93.9666, "angle": -6.98, "curve": "stepped" },
					{ "time": 94, "angle": -6.98 },
					{ "time": 95, "angle": -3.03 },
					{ "time": 95.9666, "angle": -6.98, "curve": "stepped" },
					{ "time": 96, "angle": -6.98 },
					{ "time": 97, "angle": -3.03 },
					{ "time": 97.9666, "angle": -6.98, "curve": "stepped" },
					{ "time": 98, "angle": -6.98 },
					{ "time": 99, "angle": -3.03 },
					{ "time": 99.9666, "angle": -6.98, "curve": "stepped" },
					{ "time": 100, "angle": -6.98 },
					{ "time": 101, "angle": -3.03 },
					{ "time": 101.9666, "angle": -6.98, "curve": "stepped" },
					{ "time": 102, "angle": -6.98 },
					{ "time": 103, "angle": -3.03 },
					{ "time": 103.9666, "angle": -6.98, "curve": "stepped" },
					{ "time": 104, "angle": -6.98 },
					{ "time": 105, "angle": -3.03 },
					{ "time": 105.9666, "angle": -6.98, "curve": "stepped" },
					{ "time": 106, "angle": -6.98 },
					{ "time": 107, "angle": -3.03 },
					{ "time": 107.9666, "angle": -6.98, "curve": "stepped" },
					{ "time": 108, "angle": -6.98 },
					{ "time": 109, "angle": -3.03 },
					{ "time": 109.9666, "angle": -6.98, "curve": "stepped" },
					{ "time": 110, "angle": -6.98 },
					{ "time": 111, "angle": -3.03 },
					{ "time": 111.9666, "angle": -6.98, "curve": "stepped" },
					{ "time": 112, "angle": -6.98 },
					{ "time": 113, "angle": -3.03 },
					{ "time": 113.9666, "angle": -6.98, "curve": "stepped" },
					{ "time": 114, "angle": -6.98 },
					{ "time": 115, "angle": -3.03 },
					{ "time": 115.9666, "angle": -6.98, "curve": "stepped" },
					{ "time": 116, "angle": -6.98 },
					{ "time": 117, "angle": -3.03 },
					{ "time": 117.9666, "angle": -6.98, "curve": "stepped" },
					{ "time": 118, "angle": -6.98 },
					{ "time": 119, "angle": -3.03 },
					{ "time": 119.9666, "angle": -6.98, "curve": "stepped" },
					{ "time": 120, "angle": -6.98 },
					{ "time": 121, "angle": -3.03 },
					{ "time": 121.9666, "angle": -6.98, "curve": "stepped" },
					{ "time": 122, "angle": -6.98 },
					{ "time": 123, "angle": -3.03 },
					{ "time": 123.9666, "angle": -6.98, "curve": "stepped" },
					{ "time": 124, "angle": -6.98 },
					{ "time": 125, "angle": -3.03 },
					{ "time": 125.9666, "angle": -6.98, "curve": "stepped" },
					{ "time": 126, "angle": -6.98 },
					{ "time": 127, "angle": -3.03 },
					{ "time": 127.9666, "angle": -6.98, "curve": "stepped" },
					{ "time": 128, "angle": -6.98 },
					{ "time": 129, "angle": -3.03 },
					{ "time": 129.9666, "angle": -6.98, "curve": "stepped" },
					{ "time": 130, "angle": -6.98 },
					{ "time": 131, "angle": -3.03 },
					{ "time": 131.9666, "angle": -6.98, "curve": "stepped" },
					{ "time": 132, "angle": -6.98 },
					{ "time": 133, "angle": -3.03 },
					{ "time": 133.9666, "angle": -6.98, "curve": "stepped" },
					{ "time": 134, "angle": -6.98 },
					{ "time": 135, "angle": -3.03 },
					{ "time": 135.9666, "angle": -6.98, "curve": "stepped" },
					{ "time": 136, "angle": -6.98 },
					{ "time": 137, "angle": -3.03 },
					{ "time": 137.9666, "angle": -6.98, "curve": "stepped" },
					{ "time": 138, "angle": -6.98 },
					{ "time": 139, "angle": -3.03 },
					{ "time": 139.9666, "angle": -6.98, "curve": "stepped" },
					{ "time": 140, "angle": -6.98 },
					{ "time": 141, "angle": -3.03 },
					{ "time": 141.9666, "angle": -6.98, "curve": "stepped" },
					{ "time": 142, "angle": -6.98 },
					{ "time": 143, "angle": -3.03 },
					{ "time": 143.9666, "angle": -6.98, "curve": "stepped" },
					{ "time": 144, "angle": -6.98 },
					{ "time": 145, "angle": -3.03 },
					{ "time": 145.9666, "angle": -6.98, "curve": "stepped" },
					{ "time": 146, "angle": -6.98 },
					{ "time": 147, "angle": -3.03 },
					{ "time": 147.9666, "angle": -6.98, "curve": "stepped" },
					{ "time": 148, "angle": -6.98 },
					{ "time": 149, "angle": -3.03 },
					{ "time": 149.9666, "angle": -6.98, "curve": "stepped" },
					{ "time": 150, "angle": -6.98 },
					{ "time": 151, "angle": -3.03 },
					{ "time": 151.9666, "angle": -6.98, "curve": "stepped" },
					{ "time": 152, "angle": -6.98 },
					{ "time": 153, "angle": -3.03 },
					{ "time": 153.9666, "angle": -6.98, "curve": "stepped" },
					{ "time": 154, "angle": -6.98 },
					{ "time": 155, "angle": -3.03 },
					{ "time": 155.9666, "angle": -6.98, "curve": "stepped" },
					{ "time": 156, "angle": -6.98 },
					{ "time": 157, "angle": -3.03 },
					{ "time": 157.9666, "angle": -6.98, "curve": "stepped" },
					{ "time": 158, "angle": -6.98 },
					{ "time": 159, "angle": -3.03 },
					{ "time": 159.9666, "angle": -6.98, "curve": "stepped" },
					{ "time": 160, "angle": -6.98 }
				],
				"scale": [
					{ "time": 0, "x": 0.4, "y": 1.4 },
					{ "time": 1, "x": 1, "y": 1 },
					{ "time": 1.9666, "x": 0.7, "y": 1 },
					{ "time": 2, "x": 0.6, "y": 1 },
					{ "time": 3, "x": 1, "y": 1 },
					{ "time": 3.9666, "x": 0.4, "y": 1.4, "curve": "stepped" },
					{ "time": 4, "x": 0.4, "y": 1.4 },
					{ "time": 5, "x": 1, "y": 1 },
					{ "time": 5.9666, "x": 0.7, "y": 1 },
					{ "time": 6, "x": 0.6, "y": 1 },
					{ "time": 7, "x": 1, "y": 1 },
					{ "time": 7.9666, "x": 0.4, "y": 1.4, "curve": "stepped" },
					{ "time": 8, "x": 0.4, "y": 1.4 },
					{ "time": 9, "x": 1, "y": 1 },
					{ "time": 9.9666, "x": 0.7, "y": 1 },
					{ "time": 10, "x": 0.6, "y": 1 },
					{ "time": 11, "x": 1, "y": 1 },
					{ "time": 11.9666, "x": 0.4, "y": 1.4, "curve": "stepped" },
					{ "time": 12, "x": 0.4, "y": 1.4 },
					{ "time": 13, "x": 1, "y": 1 },
					{ "time": 13.9666, "x": 0.7, "y": 1 },
					{ "time": 14, "x": 0.6, "y": 1 },
					{ "time": 15, "x": 1, "y": 1 },
					{ "time": 15.9666, "x": 0.4, "y": 1.4, "curve": "stepped" },
					{ "time": 16, "x": 0.4, "y": 1.4 },
					{ "time": 17, "x": 1, "y": 1 },
					{ "time": 17.9666, "x": 0.7, "y": 1 },
					{ "time": 18, "x": 0.6, "y": 1 },
					{ "time": 19, "x": 1, "y": 1 },
					{ "time": 19.9666, "x": 0.4, "y": 1.4, "curve": "stepped" },
					{ "time": 20, "x": 0.4, "y": 1.4 },
					{ "time": 21, "x": 1, "y": 1 },
					{ "time": 21.9666, "x": 0.7, "y": 1 },
					{ "time": 22, "x": 0.6, "y": 1 },
					{ "time": 23, "x": 1, "y": 1 },
					{ "time": 23.9666, "x": 0.4, "y": 1.4, "curve": "stepped" },
					{ "time": 24, "x": 0.4, "y": 1.4 },
					{ "time": 25, "x": 1, "y": 1 },
					{ "time": 25.9666, "x": 0.7, "y": 1 },
					{ "time": 26, "x": 0.6, "y": 1 },
					{ "time": 27, "x": 1, "y": 1 },
					{ "time": 27.9666, "x": 0.4, "y": 1.4, "curve": "stepped" },
					{ "time": 28, "x": 0.4, "y": 1.4 },
					{ "time": 29, "x": 1, "y": 1 },
					{ "time": 29.9666, "x": 0.7, "y": 1 },
					{ "time": 30, "x": 0.6, "y": 1 },
					{ "time": 31, "x": 1, "y": 1 },
					{ "time": 31.9666, "x": 0.4, "y": 1.4, "curve": "stepped" },
					{ "time": 32, "x": 0.4, "y": 1.4 },
					{ "time": 33, "x": 1, "y": 1 },
					{ "time": 33.9666, "x": 0.7, "y": 1 },
					{ "time": 34, "x": 0.6, "y": 1 },
					{ "time": 35, "x": 1, "y": 1 },
					{ "time": 35.9666, "x": 0.4, "y": 1.4, "curve": "stepped" },
					{ "time": 36, "x": 0.4, "y": 1.4 },
					{ "time": 37, "x": 1, "y": 1 },
					{ "time": 37.9666, "x": 0.7, "y": 1 },
					{ "time": 38, "x": 0.6, "y": 1 },
					{ "time": 39, "x": 1, "y": 1 },
					{ "time": 39.9666, "x": 0.4, "y": 1.4, "curve": "stepped" },
					{ "time": 40, "x": 0.4, "y": 1.4 },
					{ "time": 41, "x": 1, "y": 1 },
					{ "time": 41.9666, "x": 0.7, "y": 1 },
					{ "time": 42, "x": 0.6, "y": 1 },
					{ "time": 43, "x": 1, "y": 1 },
					{ "time": 43.9666, "x": 0.4, "y": 1.4, "curve": "stepped" },
					{ "time": 44, "x": 0.4, "y": 1.4 },
					{ "time": 45, "x": 1, "y": 1 },
					{ "time": 45.9666, "x": 0.7, "y": 1 },
					{ "time": 46, "x": 0.6, "y": 1 },
					{ "time": 47, "x": 1, "y": 1 },
					{ "time": 47.9666, "x": 0.4, "y": 1.4, "curve": "stepped" },
					{ "time": 48, "x": 0.4, "y": 1.4 },
					{ "time": 49, "x": 1, "y": 1 },
					{ "time": 49.9666, "x": 0.7, "y": 1 },
					{ "time": 50, "x": 0.6, "y": 1 },
					{ "time": 51, "x": 1, "y": 1 },
					{ "time": 51.9666, "x": 0.4, "y": 1.4, "curve": "stepped" },
					{ "time": 52, "x": 0.4, "y": 1.4 },
					{ "time": 53, "x": 1, "y": 1 },
					{ "time": 53.9666, "x": 0.7, "y": 1 },
					{ "time": 54, "x": 0.6, "y": 1 },
					{ "time": 55, "x": 1, "y": 1 },
					{ "time": 55.9666, "x": 0.4, "y": 1.4, "curve": "stepped" },
					{ "time": 56, "x": 0.4, "y": 1.4 },
					{ "time": 57, "x": 1, "y": 1 },
					{ "time": 57.9666, "x": 0.7, "y": 1 },
					{ "time": 58, "x": 0.6, "y": 1 },
					{ "time": 59, "x": 1, "y": 1 },
					{ "time": 59.9666, "x": 0.4, "y": 1.4, "curve": "stepped" },
					{ "time": 60, "x": 0.4, "y": 1.4 },
					{ "time": 61, "x": 1, "y": 1 },
					{ "time": 61.9666, "x": 0.7, "y": 1 },
					{ "time": 62, "x": 0.6, "y": 1 },
					{ "time": 63, "x": 1, "y": 1 },
					{ "time": 63.9666, "x": 0.4, "y": 1.4, "curve": "stepped" },
					{ "time": 64, "x": 0.4, "y": 1.4 },
					{ "time": 65, "x": 1, "y": 1 },
					{ "time": 65.9666, "x": 0.7, "y": 1 },
					{ "time": 66, "x": 0.6, "y": 1 },
					{ "time": 67, "x": 1, "y": 1 },
					{ "time": 67.9666, "x": 0.4, "y": 1.4, "curve": "stepped" },
					{ "time": 68, "x": 0.4, "y": 1.4 },
					{ "time": 69, "x": 1, "y": 1 },
					{ "time": 69.9666, "x": 0.7, "y": 1 },
					{ "time": 70, "x": 0.6, "y": 1 },
					{ "time": 71, "x": 1, "y": 1 },
					{ "time": 71.9666, "x": 0.4, "y": 1.4, "curve": "stepped" },
					{ "time": 72, "x": 0.4, "y": 1.4 },
					{ "time": 73, "x": 1, "y": 1 },
					{ "time": 73.9666, "x": 0.7, "y": 1 },
					{ "time": 74, "x": 0.6, "y": 1 },
					{ "time": 75, "x": 1, "y": 1 },
					{ "time": 75.9666, "x": 0.4, "y": 1.4, "curve": "stepped" },
					{ "time": 76, "x": 0.4, "y": 1.4 },
					{ "time": 77, "x": 1, "y": 1 },
					{ "time": 77.9666, "x": 0.7, "y": 1 },
					{ "time": 78, "x": 0.6, "y": 1 },
					{ "time": 79, "x": 1, "y": 1 },
					{ "time": 79.9666, "x": 0.4, "y": 1.4, "curve": "stepped" },
					{ "time": 80, "x": 0.4, "y": 1.4 },
					{ "time": 81, "x": 1, "y": 1 },
					{ "time": 81.9666, "x": 0.7, "y": 1 },
					{ "time": 82, "x": 0.6, "y": 1 },
					{ "time": 83, "x": 1, "y": 1 },
					{ "time": 83.9666, "x": 0.4, "y": 1.4, "curve": "stepped" },
					{ "time": 84, "x": 0.4, "y": 1.4 },
					{ "time": 85, "x": 1, "y": 1 },
					{ "time": 85.9666, "x": 0.7, "y": 1 },
					{ "time": 86, "x": 0.6, "y": 1 },
					{ "time": 87, "x": 1, "y": 1 },
					{ "time": 87.9666, "x": 0.4, "y": 1.4, "curve": "stepped" },
					{ "time": 88, "x": 0.4, "y": 1.4 },
					{ "time": 89, "x": 1, "y": 1 },
					{ "time": 89.9666, "x": 0.7, "y": 1 },
					{ "time": 90, "x": 0.6, "y": 1 },
					{ "time": 91, "x": 1, "y": 1 },
					{ "time": 91.9666, "x": 0.4, "y": 1.4, "curve": "stepped" },
					{ "time": 92, "x": 0.4, "y": 1.4 },
					{ "time": 93, "x": 1, "y": 1 },
					{ "time": 93.9666, "x": 0.7, "y": 1 },
					{ "time": 94, "x": 0.6, "y": 1 },
					{ "time": 95, "x": 1, "y": 1 },
					{ "time": 95.9666, "x": 0.4, "y": 1.4, "curve": "stepped" },
					{ "time": 96, "x": 0.4, "y": 1.4 },
					{ "time": 97, "x": 1, "y": 1 },
					{ "time": 97.9666, "x": 0.7, "y": 1 },
					{ "time": 98, "x": 0.6, "y": 1 },
					{ "time": 99, "x": 1, "y": 1 },
					{ "time": 99.9666, "x": 0.4, "y": 1.4, "curve": "stepped" },
					{ "time": 100, "x": 0.4, "y": 1.4 },
					{ "time": 101, "x": 1, "y": 1 },
					{ "time": 101.9666, "x": 0.7, "y": 1 },
					{ "time": 102, "x": 0.6, "y": 1 },
					{ "time": 103, "x": 1, "y": 1 },
					{ "time": 103.9666, "x": 0.4, "y": 1.4, "curve": "stepped" },
					{ "time": 104, "x": 0.4, "y": 1.4 },
					{ "time": 105, "x": 1, "y": 1 },
					{ "time": 105.9666, "x": 0.7, "y": 1 },
					{ "time": 106, "x": 0.6, "y": 1 },
					{ "time": 107, "x": 1, "y": 1 },
					{ "time": 107.9666, "x": 0.4, "y": 1.4, "curve": "stepped" },
					{ "time": 108, "x": 0.4, "y": 1.4 },
					{ "time": 109, "x": 1, "y": 1 },
					{ "time": 109.9666, "x": 0.7, "y": 1 },
					{ "time": 110, "x": 0.6, "y": 1 },
					{ "time": 111, "x": 1, "y": 1 },
					{ "time": 111.9666, "x": 0.4, "y": 1.4, "curve": "stepped" },
					{ "time": 112, "x": 0.4, "y": 1.4 },
					{ "time": 113, "x": 1, "y": 1 },
					{ "time": 113.9666, "x": 0.7, "y": 1 },
					{ "time": 114, "x": 0.6, "y": 1 },
					{ "time": 115, "x": 1, "y": 1 },
					{ "time": 115.9666, "x": 0.4, "y": 1.4, "curve": "stepped" },
					{ "time": 116, "x": 0.4, "y": 1.4 },
					{ "time": 117, "x": 1, "y": 1 },
					{ "time": 117.9666, "x": 0.7, "y": 1 },
					{ "time": 118, "x": 0.6, "y": 1 },
					{ "time": 119, "x": 1, "y": 1 },
					{ "time": 119.9666, "x": 0.4, "y": 1.4, "curve": "stepped" },
					{ "time": 120, "x": 0.4, "y": 1.4 },
					{ "time": 121, "x": 1, "y": 1 },
					{ "time": 121.9666, "x": 0.7, "y": 1 },
					{ "time": 122, "x": 0.6, "y": 1 },
					{ "time": 123, "x": 1, "y": 1 },
					{ "time": 123.9666, "x": 0.4, "y": 1.4, "curve": "stepped" },
					{ "time": 124, "x": 0.4, "y": 1.4 },
					{ "time": 125, "x": 1, "y": 1 },
					{ "time": 125.9666, "x": 0.7, "y": 1 },
					{ "time": 126, "x": 0.6, "y": 1 },
					{ "time": 127, "x": 1, "y": 1 },
					{ "time": 127.9666, "x": 0.4, "y": 1.4, "curve": "stepped" },
					{ "time": 128, "x": 0.4, "y": 1.4 },
					{ "time": 129, "x": 1, "y": 1 },
					{ "time": 129.9666, "x": 0.7, "y": 1 },
					{ "time": 130, "x": 0.6, "y": 1 },
					{ "time": 131, "x": 1, "y": 1 },
					{ "time": 131.9666, "x": 0.4, "y": 1.4, "curve": "stepped" },
					{ "time": 132, "x": 0.4, "y": 1.4 },
					{ "time": 133, "x": 1, "y": 1 },
					{ "time": 133.9666, "x": 0.7, "y": 1 },
					{ "time": 134, "x": 0.6, "y": 1 },
					{ "time": 135, "x": 1, "y": 1 },
					{ "time": 135.9666, "x": 0.4, "y": 1.4, "curve": "stepped" },
					{ "time": 136, "x": 0.4, "y": 1.4 },
					{ "time": 137, "x": 1, "y": 1 },
					{ "time": 137.9666, "x": 0.7, "y": 1 },
					{ "time": 138, "x": 0.6, "y": 1 },
					{ "time": 139, "x": 1, "y": 1 },
					{ "time": 139.9666, "x": 0.4, "y": 1.4, "curve": "stepped" },
					{ "time": 140, "x": 0.4, "y": 1.4 },
					{ "time": 141, "x": 1, "y": 1 },
					{ "time": 141.9666, "x": 0.7, "y": 1 },
					{ "time": 142, "x": 0.6, "y": 1 },
					{ "time": 143, "x": 1, "y": 1 },
					{ "time": 143.9666, "x": 0.4, "y": 1.4, "curve": "stepped" },
					{ "time": 144, "x": 0.4, "y": 1.4 },
					{ "time": 145, "x": 1, "y": 1 },
					{ "time": 145.9666, "x": 0.7, "y": 1 },
					{ "time": 146, "x": 0.6, "y": 1 },
					{ "time": 147, "x": 1, "y": 1 },
					{ "time": 147.9666, "x": 0.4, "y": 1.4, "curve": "stepped" },
					{ "time": 148, "x": 0.4, "y": 1.4 },
					{ "time": 149, "x": 1, "y": 1 },
					{ "time": 149.9666, "x": 0.7, "y": 1 },
					{ "time": 150, "x": 0.6, "y": 1 },
					{ "time": 151, "x": 1, "y": 1 },
					{ "time": 151.9666, "x": 0.4, "y": 1.4, "curve": "stepped" },
					{ "time": 152, "x": 0.4, "y": 1.4 },
					{ "time": 153, "x": 1, "y": 1 },
					{ "time": 153.9666, "x": 0.7, "y": 1 },
					{ "time": 154, "x": 0.6, "y": 1 },
					{ "time": 155, "x": 1, "y": 1 },
					{ "time": 155.9666, "x": 0.4, "y": 1.4, "curve": "stepped" },
					{ "time": 156, "x": 0.4, "y": 1.4 },
					{ "time": 157, "x": 1, "y": 1 },
					{ "time": 157.9666, "x": 0.7, "y": 1 },
					{ "time": 158, "x": 0.6, "y": 1 },
					{ "time": 159, "x": 1, "y": 1 },
					{ "time": 159.9666, "x": 0.4, "y": 1.4, "curve": "stepped" },
					{ "time": 160, "x": 0.4, "y": 1.4 }
				],
				"flipX": [
					{ "time": 0 },
					{ "time": 2, "x": true },
					{ "time": 4 },
					{ "time": 6, "x": true },
					{ "time": 8 },
					{ "time": 10, "x": true },
					{ "time": 12 },
					{ "time": 14, "x": true },
					{ "time": 16 },
					{ "time": 18, "x": true },
					{ "time": 20 },
					{ "time": 22, "x": true },
					{ "time": 24 },
					{ "time": 26, "x": true },
					{ "time": 28 },
					{ "time": 30, "x": true },
					{ "time": 32 },
					{ "time": 34, "x": true },
					{ "time": 36 },
					{ "time": 38, "x": true },
					{ "time": 40 },
					{ "time": 42, "x": true },
					{ "time": 44 },
					{ "time": 46, "x": true },
					{ "time": 48 },
					{ "time": 50, "x": true },
					{ "time": 52 },
					{ "time": 54, "x": true },
					{ "time": 56 },
					{ "time": 58, "x": true },
					{ "time": 60 },
					{ "time": 62, "x": true },
					{ "time": 64 },
					{ "time": 66, "x": true },
					{ "time": 68 },
					{ "time": 70, "x": true },
					{ "time": 72 },
					{ "time": 74, "x": true },
					{ "time": 76 },
					{ "time": 78, "x": true },
					{ "time": 80 },
					{ "time": 82, "x": true },
					{ "time": 84 },
					{ "time": 86, "x": true },
					{ "time": 88 },
					{ "time": 90, "x": true },
					{ "time": 92 },
					{ "time": 94, "x": true },
					{ "time": 96 },
					{ "time": 98, "x": true },
					{ "time": 100 },
					{ "time": 102, "x": true },
					{ "time": 104 },
					{ "time": 106, "x": true },
					{ "time": 108 },
					{ "time": 110, "x": true },
					{ "time": 112 },
					{ "time": 114, "x": true },
					{ "time": 116 },
					{ "time": 118, "x": true },
					{ "time": 120 },
					{ "time": 122, "x": true },
					{ "time": 124 },
					{ "time": 126, "x": true },
					{ "time": 128 },
					{ "time": 130, "x": true },
					{ "time": 132 },
					{ "time": 134, "x": true },
					{ "time": 136 },
					{ "time": 138, "x": true },
					{ "time": 140 },
					{ "time": 142, "x": true },
					{ "time": 144 },
					{ "time": 146, "x": true },
					{ "time": 148 },
					{ "time": 150, "x": true },
					{ "time": 152 },
					{ "time": 154, "x": true },
					{ "time": 156 },
					{ "time": 158, "x": true },
					{ "time": 160 }
				]
			}
		}
	}
}
}