{
"skeleton": { "hash": "nne5W4vxO6w7WzDmW8S1zoIU0kY", "spine": "3.2.01", "width": 283, "height": 146.5, "images": "" },
"bones": [
	{ "name": "root" },
	{ "name": "bone", "parent": "root" },
	{ "name": "G", "parent": "bone", "scaleX": 0.5, "scaleY": 0.5 },
	{ "name": "D", "parent": "G" },
	{ "name": "DD", "parent": "G", "x": 80.99, "y": 27 },
	{ "name": "K", "parent": "G" },
	{ "name": "KEX", "parent": "K" },
	{ "name": "KK", "parent": "G", "x": 126, "y": 18.99 }
],
"slots": [
	{ "name": "G_shadow", "bone": "G", "attachment": "G_shadow" },
	{ "name": "G", "bone": "G", "attachment": "G" },
	{ "name": "D", "bone": "DD", "attachment": "D" },
	{ "name": "K", "bone": "KK", "attachment": "K" },
	{ "name": "dx1", "bone": "D", "blend": "additive" },
	{ "name": "d1", "bone": "D" },
	{ "name": "kx1", "bone": "K", "blend": "additive" },
	{ "name": "k1", "bone": "K" },
	{ "name": "kxEX1", "bone": "KEX", "blend": "additive" }
],
"skins": {
	"default": {
		"D": {
			"D": { "x": -87.99, "y": 39.99, "width": 566, "height": 293 }
		},
		"G": {
			"G": { "x": -7, "y": 66.99, "width": 566, "height": 293 }
		},
		"G_shadow": {
			"G_shadow": { "x": -7, "y": 66.99, "width": 566, "height": 293 }
		},
		"K": {
			"K": { "x": -133, "y": 48, "width": 566, "height": 293 }
		},
		"d1": {
			"d1": { "x": -6.99, "y": 66.99, "width": 566, "height": 293 },
			"d2": { "x": -6.99, "y": 66.99, "width": 566, "height": 293 },
			"d3": { "x": -6.99, "y": 66.99, "width": 566, "height": 293 },
			"d4": { "x": -6.99, "y": 66.99, "width": 566, "height": 293 },
			"d5": { "x": -6.99, "y": 66.99, "width": 566, "height": 293 },
			"d6": { "x": -6.99, "y": 66.99, "width": 566, "height": 293 },
			"d7": { "x": -6.99, "y": 66.99, "width": 566, "height": 293 },
			"d8": { "x": -6.99, "y": 66.99, "width": 566, "height": 293 }
		},
		"dx1": {
			"dx1": { "x": -6.99, "y": 66.99, "width": 566, "height": 293 },
			"dx2": { "x": -6.99, "y": 66.99, "width": 566, "height": 293 },
			"dx3": { "x": -6.99, "y": 66.99, "width": 566, "height": 293 },
			"dx4": { "x": -6.99, "y": 66.99, "width": 566, "height": 293 },
			"dx5": { "x": -6.99, "y": 66.99, "width": 566, "height": 293 },
			"dx6": { "x": -6.99, "y": 66.99, "width": 566, "height": 293 },
			"dx7": { "x": -6.99, "y": 66.99, "width": 566, "height": 293 },
			"dx8": { "x": -6.99, "y": 66.99, "width": 566, "height": 293 }
		},
		"k1": {
			"k1": { "x": -6.99, "y": 66.99, "width": 566, "height": 293 },
			"k2": { "x": -6.99, "y": 66.99, "width": 566, "height": 293 },
			"k3": { "x": -6.99, "y": 66.99, "width": 566, "height": 293 },
			"k4": { "x": -6.99, "y": 66.99, "width": 566, "height": 293 },
			"k5": { "x": -6.99, "y": 66.99, "width": 566, "height": 293 },
			"k6": { "x": -6.99, "y": 66.99, "width": 566, "height": 293 },
			"k7": { "x": -6.99, "y": 66.99, "width": 566, "height": 293 },
			"k8": { "x": -6.99, "y": 66.99, "width": 566, "height": 293 },
			"kEX1": { "x": -6.99, "y": 66.99, "width": 566, "height": 293 },
			"kEX2": { "x": -6.99, "y": 66.99, "width": 566, "height": 293 }
		},
		"kx1": {
			"kx1": { "x": -6.99, "y": 66.99, "width": 566, "height": 293 },
			"kx2": { "x": -6.99, "y": 66.99, "width": 566, "height": 293 },
			"kx3": { "x": -6.99, "y": 66.99, "width": 566, "height": 293 },
			"kx4": { "x": -6.99, "y": 66.99, "width": 566, "height": 293 },
			"kx5": { "x": -6.99, "y": 66.99, "width": 566, "height": 293 },
			"kx6": { "x": -6.99, "y": 66.99, "width": 566, "height": 293 },
			"kx7": { "x": -6.99, "y": 66.99, "width": 566, "height": 293 },
			"kx8": { "x": -6.99, "y": 66.99, "width": 566, "height": 293 }
		},
		"kxEX1": {
			"kxEX1": { "x": -6.99, "y": 66.99, "width": 566, "height": 293 },
			"kxEX-2": { "x": -6.99, "y": 66.99, "width": 566, "height": 293 },
			"kxEX-3": { "x": -6.99, "y": 66.99, "width": 566, "height": 293 }
		}
	}
},
"animations": {
	"D": {
		"slots": {
			"D": {
				"attachment": [
					{ "time": 0, "name": null }
				]
			},
			"K": {
				"attachment": [
					{ "time": 0, "name": "K" }
				]
			},
			"d1": {
				"attachment": [
					{ "time": 0, "name": "d1" },
					{ "time": 0.0666, "name": "d2" },
					{ "time": 0.1333, "name": "d3" },
					{ "time": 0.2, "name": "d4" },
					{ "time": 0.2666, "name": "d5" },
					{ "time": 0.3333, "name": "d6" },
					{ "time": 0.4, "name": "d7" },
					{ "time": 0.4666, "name": "d8" },
					{ "time": 0.5333, "name": "d1" },
					{ "time": 0.6, "name": "d2" },
					{ "time": 0.6666, "name": "d3" },
					{ "time": 0.7333, "name": "d4" },
					{ "time": 0.8, "name": "d5" },
					{ "time": 0.8666, "name": "d6" },
					{ "time": 0.9333, "name": "d7" },
					{ "time": 1, "name": "d8" }
				]
			},
			"dx1": {
				"attachment": [
					{ "time": 0, "name": "dx1" },
					{ "time": 0.0666, "name": "dx2" },
					{ "time": 0.1333, "name": "dx3" },
					{ "time": 0.2, "name": "dx4" },
					{ "time": 0.2666, "name": "dx5" },
					{ "time": 0.3333, "name": "dx6" },
					{ "time": 0.4, "name": "dx7" },
					{ "time": 0.4666, "name": "dx8" },
					{ "time": 0.5333, "name": "dx1" },
					{ "time": 0.6, "name": "dx2" },
					{ "time": 0.6666, "name": "dx3" },
					{ "time": 0.7333, "name": "dx4" },
					{ "time": 0.8, "name": "dx5" },
					{ "time": 0.8666, "name": "dx6" },
					{ "time": 0.9333, "name": "dx7" },
					{ "time": 1, "name": "dx8" }
				]
			},
			"k1": {
				"attachment": [
					{ "time": 0, "name": null }
				]
			},
			"kx1": {
				"attachment": [
					{ "time": 0, "name": null }
				]
			}
		},
		"bones": {
			"G": {
				"rotate": [
					{ "time": 0, "angle": 0, "curve": "stepped" },
					{ "time": 1, "angle": 0 }
				],
				"translate": [
					{ "time": 0, "x": 0, "y": 0, "curve": "stepped" },
					{ "time": 1, "x": 0, "y": 0 }
				]
			},
			"KK": {
				"rotate": [
					{ "time": 0, "angle": 0, "curve": "stepped" },
					{ "time": 1, "angle": 0 }
				],
				"translate": [
					{ "time": 0, "x": 0, "y": 0, "curve": "stepped" },
					{ "time": 1, "x": 0, "y": 0 }
				]
			},
			"K": {
				"rotate": [
					{ "time": 0, "angle": 0, "curve": "stepped" },
					{ "time": 1, "angle": 0 }
				],
				"translate": [
					{ "time": 0, "x": 0, "y": 0, "curve": "stepped" },
					{ "time": 1, "x": 0, "y": 0 }
				]
			},
			"DD": {
				"rotate": [
					{ "time": 0, "angle": 0, "curve": "stepped" },
					{ "time": 1, "angle": 0 }
				],
				"translate": [
					{ "time": 0, "x": 0, "y": 0, "curve": "stepped" },
					{ "time": 1, "x": 0, "y": 0 }
				]
			},
			"D": {
				"rotate": [
					{ "time": 0, "angle": 0, "curve": "stepped" },
					{ "time": 1, "angle": 0 }
				],
				"translate": [
					{ "time": 0, "x": 0, "y": 0, "curve": "stepped" },
					{ "time": 1, "x": 0, "y": 0 }
				]
			}
		}
	},
	"DK": {
		"slots": {
			"D": {
				"attachment": [
					{ "time": 0, "name": null }
				]
			},
			"K": {
				"attachment": [
					{ "time": 0, "name": null }
				]
			},
			"d1": {
				"attachment": [
					{ "time": 0, "name": "d1" },
					{ "time": 0.0666, "name": "d2" },
					{ "time": 0.1333, "name": "d3" },
					{ "time": 0.2, "name": "d4" },
					{ "time": 0.2666, "name": "d5" },
					{ "time": 0.3333, "name": "d6" },
					{ "time": 0.4, "name": "d7" },
					{ "time": 0.4666, "name": "d8" },
					{ "time": 0.5333, "name": "d1" },
					{ "time": 0.6, "name": "d2" },
					{ "time": 0.6666, "name": "d3" },
					{ "time": 0.7333, "name": "d4" },
					{ "time": 0.8, "name": "d5" },
					{ "time": 0.8666, "name": "d6" },
					{ "time": 0.9333, "name": "d7" },
					{ "time": 1, "name": "d8" }
				]
			},
			"dx1": {
				"attachment": [
					{ "time": 0, "name": "dx1" },
					{ "time": 0.0666, "name": "dx2" },
					{ "time": 0.1333, "name": "dx3" },
					{ "time": 0.2, "name": "dx4" },
					{ "time": 0.2666, "name": "dx5" },
					{ "time": 0.3333, "name": "dx6" },
					{ "time": 0.4, "name": "dx7" },
					{ "time": 0.4666, "name": "dx8" },
					{ "time": 0.5333, "name": "dx1" },
					{ "time": 0.6, "name": "dx2" },
					{ "time": 0.6666, "name": "dx3" },
					{ "time": 0.7333, "name": "dx4" },
					{ "time": 0.8, "name": "dx5" },
					{ "time": 0.8666, "name": "dx6" },
					{ "time": 0.9333, "name": "dx7" },
					{ "time": 1, "name": "dx8" }
				]
			},
			"k1": {
				"attachment": [
					{ "time": 0, "name": "k1" },
					{ "time": 0.0666, "name": "k2" },
					{ "time": 0.1333, "name": "k3" },
					{ "time": 0.2, "name": "k4" },
					{ "time": 0.2666, "name": "k5" },
					{ "time": 0.3333, "name": "k6" },
					{ "time": 0.4, "name": "k7" },
					{ "time": 0.4666, "name": "k8" },
					{ "time": 0.5333, "name": "k1" },
					{ "time": 0.6, "name": "k2" },
					{ "time": 0.6666, "name": "k3" },
					{ "time": 0.7333, "name": "k4" },
					{ "time": 0.8, "name": "k5" },
					{ "time": 0.8666, "name": "k6" },
					{ "time": 0.9333, "name": "k7" },
					{ "time": 1, "name": "k8" }
				]
			},
			"kx1": {
				"attachment": [
					{ "time": 0, "name": "kx1" },
					{ "time": 0.0666, "name": "kx2" },
					{ "time": 0.1333, "name": "kx3" },
					{ "time": 0.2, "name": "kx4" },
					{ "time": 0.2666, "name": "kx5" },
					{ "time": 0.3333, "name": "kx6" },
					{ "time": 0.4, "name": "kx7" },
					{ "time": 0.4666, "name": "kx8" },
					{ "time": 0.5333, "name": "kx1" },
					{ "time": 0.6, "name": "kx2" },
					{ "time": 0.6666, "name": "kx3" },
					{ "time": 0.7333, "name": "kx4" },
					{ "time": 0.8, "name": "kx5" },
					{ "time": 0.8666, "name": "kx6" },
					{ "time": 0.9333, "name": "kx7" },
					{ "time": 1, "name": "kx8" }
				]
			}
		},
		"bones": {
			"D": {
				"rotate": [
					{ "time": 0, "angle": 0, "curve": "stepped" },
					{ "time": 1, "angle": 0 }
				],
				"translate": [
					{ "time": 0, "x": 0, "y": 0, "curve": "stepped" },
					{ "time": 1, "x": 0, "y": 0 }
				]
			},
			"K": {
				"rotate": [
					{ "time": 0, "angle": 0, "curve": "stepped" },
					{ "time": 1, "angle": 0 }
				],
				"translate": [
					{ "time": 0, "x": 0, "y": 0, "curve": "stepped" },
					{ "time": 1, "x": 0, "y": 0 }
				]
			}
		}
	},
	"DK_EX": {
		"slots": {
			"D": {
				"attachment": [
					{ "time": 0, "name": null }
				]
			},
			"K": {
				"attachment": [
					{ "time": 0, "name": null }
				]
			},
			"d1": {
				"attachment": [
					{ "time": 0, "name": "d1" },
					{ "time": 0.0666, "name": "d2" },
					{ "time": 0.1333, "name": "d3" },
					{ "time": 0.2, "name": "d4" },
					{ "time": 0.2666, "name": "d5" },
					{ "time": 0.3333, "name": "d6" },
					{ "time": 0.4, "name": "d7" },
					{ "time": 0.4666, "name": "d8" },
					{ "time": 0.5333, "name": "d1" },
					{ "time": 0.6, "name": "d2" },
					{ "time": 0.6666, "name": "d3" },
					{ "time": 0.7333, "name": "d4" },
					{ "time": 0.8, "name": "d5" },
					{ "time": 0.8666, "name": "d6" },
					{ "time": 0.9333, "name": "d7" },
					{ "time": 1, "name": "d8" }
				]
			},
			"dx1": {
				"attachment": [
					{ "time": 0, "name": "dx1" },
					{ "time": 0.0666, "name": "dx2" },
					{ "time": 0.1333, "name": "dx3" },
					{ "time": 0.2, "name": "dx4" },
					{ "time": 0.2666, "name": "dx5" },
					{ "time": 0.3333, "name": "dx6" },
					{ "time": 0.4, "name": "dx7" },
					{ "time": 0.4666, "name": "dx8" },
					{ "time": 0.5333, "name": "dx1" },
					{ "time": 0.6, "name": "dx2" },
					{ "time": 0.6666, "name": "dx3" },
					{ "time": 0.7333, "name": "dx4" },
					{ "time": 0.8, "name": "dx5" },
					{ "time": 0.8666, "name": "dx6" },
					{ "time": 0.9333, "name": "dx7" },
					{ "time": 1, "name": "dx8" }
				]
			},
			"k1": {
				"attachment": [
					{ "time": 0, "name": "k1" },
					{ "time": 0.0666, "name": "k2" },
					{ "time": 0.1333, "name": "k3" },
					{ "time": 0.2, "name": "k4" },
					{ "time": 0.2666, "name": "k5" },
					{ "time": 0.3333, "name": "k6" },
					{ "time": 0.4, "name": "k7" },
					{ "time": 0.4666, "name": "kEX1" },
					{ "time": 0.5, "name": "kEX2" },
					{ "time": 0.5333, "name": "k1" },
					{ "time": 0.6, "name": "k2" },
					{ "time": 0.6666, "name": "k3" },
					{ "time": 0.7333, "name": "k4" },
					{ "time": 0.8, "name": "k5" },
					{ "time": 0.8666, "name": "k6" },
					{ "time": 0.9333, "name": "k7" },
					{ "time": 1, "name": "k8" }
				]
			},
			"kx1": {
				"attachment": [
					{ "time": 0, "name": "kx1" },
					{ "time": 0.0666, "name": "kx2" },
					{ "time": 0.1333, "name": "kx3" },
					{ "time": 0.2, "name": "kx4" },
					{ "time": 0.2666, "name": "kx5" },
					{ "time": 0.3333, "name": "kx6" },
					{ "time": 0.4, "name": "kx7" },
					{ "time": 0.4666, "name": null },
					{ "time": 0.5333, "name": "kx1" },
					{ "time": 0.6, "name": "kx2" },
					{ "time": 0.6666, "name": "kx3" },
					{ "time": 0.7333, "name": "kx4" },
					{ "time": 0.8, "name": "kx5" },
					{ "time": 0.8666, "name": "kx6" },
					{ "time": 0.9333, "name": "kx7" },
					{ "time": 1, "name": "kx8" }
				]
			},
			"kxEX1": {
				"color": [
					{ "time": 0, "color": "ffffffff", "curve": "stepped" },
					{ "time": 0.4333, "color": "ffffffff" },
					{ "time": 0.4666, "color": "ffffffde" },
					{ "time": 0.5, "color": "ffffffbd" },
					{ "time": 0.5333, "color": "ffffff9d" },
					{ "time": 0.6333, "color": "ffffff99" },
					{ "time": 0.6666, "color": "ffffff00" },
					{ "time": 1, "color": "ffffffff" }
				],
				"attachment": [
					{ "time": 0, "name": null },
					{ "time": 0.4333, "name": null },
					{ "time": 0.4666, "name": "kxEX1" },
					{ "time": 0.5, "name": "kxEX-2" },
					{ "time": 0.5333, "name": "kxEX-3" },
					{ "time": 0.6666, "name": null },
					{ "time": 1, "name": null }
				]
			}
		},
		"bones": {
			"D": {
				"rotate": [
					{ "time": 0, "angle": 0, "curve": "stepped" },
					{ "time": 1, "angle": 0 }
				],
				"translate": [
					{ "time": 0, "x": 0, "y": 0, "curve": "stepped" },
					{ "time": 1, "x": 0, "y": 0 }
				]
			},
			"KEX": {
				"rotate": [
					{ "time": 0, "angle": 0, "curve": "stepped" },
					{ "time": 1, "angle": 0 }
				],
				"translate": [
					{ "time": 0, "x": 0, "y": 0, "curve": "stepped" },
					{ "time": 0.5333, "x": 0, "y": 0 },
					{ "time": 0.6333, "x": 14, "y": -1 },
					{ "time": 1, "x": 0, "y": 0 }
				],
				"scale": [
					{ "time": 0, "x": 1, "y": 1, "curve": "stepped" },
					{ "time": 0.4333, "x": 1, "y": 1 },
					{ "time": 0.5, "x": 1.01, "y": 1.01 },
					{ "time": 0.5333, "x": 1.21, "y": 1.21 },
					{ "time": 0.6333, "x": 1.223, "y": 1.223 },
					{ "time": 1, "x": 1, "y": 1 }
				]
			},
			"K": {
				"rotate": [
					{ "time": 0, "angle": 0, "curve": "stepped" },
					{ "time": 1, "angle": 0 }
				],
				"translate": [
					{ "time": 0, "x": 0, "y": 0, "curve": "stepped" },
					{ "time": 1, "x": 0, "y": 0 }
				]
			}
		}
	},
	"DK_start": {
		"slots": {
			"D": {
				"attachment": [
					{ "time": 0, "name": null }
				]
			},
			"K": {
				"attachment": [
					{ "time": 0, "name": null }
				]
			},
			"d1": {
				"attachment": [
					{ "time": 0, "name": "d1" },
					{ "time": 0.0666, "name": "d2" },
					{ "time": 0.1333, "name": "d3" },
					{ "time": 0.2, "name": "d4" },
					{ "time": 0.2666, "name": "d5" },
					{ "time": 0.3333, "name": "d6" },
					{ "time": 0.4, "name": "d7" },
					{ "time": 0.4666, "name": "d8" },
					{ "time": 0.5333, "name": "d1" },
					{ "time": 0.6, "name": "d2" },
					{ "time": 0.6666, "name": "d3" },
					{ "time": 0.7333, "name": "d4" },
					{ "time": 0.8, "name": "d5" },
					{ "time": 0.8666, "name": "d6" },
					{ "time": 0.9333, "name": "d7" },
					{ "time": 1, "name": "d8" }
				]
			},
			"dx1": {
				"attachment": [
					{ "time": 0, "name": null },
					{ "time": 0.0666, "name": "dx2" },
					{ "time": 0.1333, "name": "dx3" },
					{ "time": 0.2, "name": "dx4" },
					{ "time": 0.2666, "name": "dx5" },
					{ "time": 0.3333, "name": "dx6" },
					{ "time": 0.4, "name": "dx7" },
					{ "time": 0.4666, "name": "dx8" },
					{ "time": 0.5333, "name": "dx1" },
					{ "time": 0.6, "name": "dx2" },
					{ "time": 0.6666, "name": "dx3" },
					{ "time": 0.7333, "name": "dx4" },
					{ "time": 0.8, "name": "dx5" },
					{ "time": 0.8666, "name": "dx6" },
					{ "time": 0.9333, "name": "dx7" },
					{ "time": 1, "name": "dx8" }
				]
			},
			"k1": {
				"attachment": [
					{ "time": 0, "name": "k1" },
					{ "time": 0.0666, "name": "k2" },
					{ "time": 0.1333, "name": "k3" },
					{ "time": 0.2, "name": "k4" },
					{ "time": 0.2666, "name": "k5" },
					{ "time": 0.3333, "name": "k6" },
					{ "time": 0.4, "name": "k7" },
					{ "time": 0.4666, "name": "k8" },
					{ "time": 0.5333, "name": "k1" },
					{ "time": 0.6, "name": "k2" },
					{ "time": 0.6666, "name": "k3" },
					{ "time": 0.7333, "name": "k4" },
					{ "time": 0.8, "name": "k5" },
					{ "time": 0.8666, "name": "k6" },
					{ "time": 0.9333, "name": "k7" },
					{ "time": 1, "name": "k8" }
				]
			},
			"kx1": {
				"attachment": [
					{ "time": 0, "name": null },
					{ "time": 0.0666, "name": "kx2" },
					{ "time": 0.1333, "name": "kx3" },
					{ "time": 0.2, "name": "kx4" },
					{ "time": 0.2666, "name": "kx5" },
					{ "time": 0.3333, "name": "kx6" },
					{ "time": 0.4, "name": "kx7" },
					{ "time": 0.4666, "name": "kx8" },
					{ "time": 0.5333, "name": "kx1" },
					{ "time": 0.6, "name": "kx2" },
					{ "time": 0.6666, "name": "kx3" },
					{ "time": 0.7333, "name": "kx4" },
					{ "time": 0.8, "name": "kx5" },
					{ "time": 0.8666, "name": "kx6" },
					{ "time": 0.9333, "name": "kx7" },
					{ "time": 1, "name": "kx8" }
				]
			}
		},
		"bones": {
			"D": {
				"rotate": [
					{ "time": 0, "angle": 0, "curve": "stepped" },
					{ "time": 1, "angle": 0 }
				],
				"translate": [
					{ "time": 0, "x": 0, "y": 0, "curve": "stepped" },
					{ "time": 1, "x": 0, "y": 0 }
				]
			},
			"K": {
				"rotate": [
					{ "time": 0, "angle": 0, "curve": "stepped" },
					{ "time": 1, "angle": 0 }
				],
				"translate": [
					{ "time": 0, "x": 0, "y": 0, "curve": "stepped" },
					{ "time": 1, "x": 0, "y": 0 }
				]
			}
		}
	},
	"D_start": {
		"slots": {
			"D": {
				"attachment": [
					{ "time": 0, "name": null }
				]
			},
			"K": {
				"attachment": [
					{ "time": 0, "name": "K" }
				]
			},
			"d1": {
				"attachment": [
					{ "time": 0, "name": "d1" },
					{ "time": 0.0666, "name": "d2" },
					{ "time": 0.1333, "name": "d3" },
					{ "time": 0.2, "name": "d4" },
					{ "time": 0.2666, "name": "d5" },
					{ "time": 0.3333, "name": "d6" },
					{ "time": 0.4, "name": "d7" },
					{ "time": 0.4666, "name": "d8" },
					{ "time": 0.5333, "name": "d1" },
					{ "time": 0.6, "name": "d2" },
					{ "time": 0.6666, "name": "d3" },
					{ "time": 0.7333, "name": "d4" },
					{ "time": 0.8, "name": "d5" },
					{ "time": 0.8666, "name": "d6" },
					{ "time": 0.9333, "name": "d7" },
					{ "time": 1, "name": "d8" }
				]
			},
			"dx1": {
				"attachment": [
					{ "time": 0, "name": null },
					{ "time": 0.0666, "name": "dx2" },
					{ "time": 0.1333, "name": "dx3" },
					{ "time": 0.2, "name": "dx4" },
					{ "time": 0.2666, "name": "dx5" },
					{ "time": 0.3333, "name": "dx6" },
					{ "time": 0.4, "name": "dx7" },
					{ "time": 0.4666, "name": "dx8" },
					{ "time": 0.5333, "name": "dx1" },
					{ "time": 0.6, "name": "dx2" },
					{ "time": 0.6666, "name": "dx3" },
					{ "time": 0.7333, "name": "dx4" },
					{ "time": 0.8, "name": "dx5" },
					{ "time": 0.8666, "name": "dx6" },
					{ "time": 0.9333, "name": "dx7" },
					{ "time": 1, "name": "dx8" }
				]
			},
			"k1": {
				"attachment": [
					{ "time": 0, "name": null }
				]
			},
			"kx1": {
				"attachment": [
					{ "time": 0, "name": null }
				]
			}
		},
		"bones": {
			"G": {
				"rotate": [
					{ "time": 0, "angle": 0, "curve": "stepped" },
					{ "time": 1, "angle": 0 }
				],
				"translate": [
					{ "time": 0, "x": 0, "y": 0, "curve": "stepped" },
					{ "time": 1, "x": 0, "y": 0 }
				]
			},
			"KK": {
				"rotate": [
					{ "time": 0, "angle": 0, "curve": "stepped" },
					{ "time": 1, "angle": 0 }
				],
				"translate": [
					{ "time": 0, "x": 0, "y": 0, "curve": "stepped" },
					{ "time": 1, "x": 0, "y": 0 }
				]
			},
			"K": {
				"rotate": [
					{ "time": 0, "angle": 0, "curve": "stepped" },
					{ "time": 1, "angle": 0 }
				],
				"translate": [
					{ "time": 0, "x": 0, "y": 0, "curve": "stepped" },
					{ "time": 1, "x": 0, "y": 0 }
				]
			},
			"DD": {
				"rotate": [
					{ "time": 0, "angle": 0, "curve": "stepped" },
					{ "time": 1, "angle": 0 }
				],
				"translate": [
					{ "time": 0, "x": 0, "y": 0, "curve": "stepped" },
					{ "time": 1, "x": 0, "y": 0 }
				]
			},
			"D": {
				"rotate": [
					{ "time": 0, "angle": 0, "curve": "stepped" },
					{ "time": 1, "angle": 0 }
				],
				"translate": [
					{ "time": 0, "x": 0, "y": 0, "curve": "stepped" },
					{ "time": 1, "x": 0, "y": 0 }
				]
			}
		}
	},
	"K": {
		"slots": {
			"D": {
				"attachment": [
					{ "time": 0, "name": "D" }
				]
			},
			"K": {
				"attachment": [
					{ "time": 0, "name": null }
				]
			},
			"d1": {
				"attachment": [
					{ "time": 0, "name": null }
				]
			},
			"dx1": {
				"attachment": [
					{ "time": 0, "name": null }
				]
			},
			"k1": {
				"attachment": [
					{ "time": 0, "name": "k1" },
					{ "time": 0.0666, "name": "k2" },
					{ "time": 0.1333, "name": "k3" },
					{ "time": 0.2, "name": "k4" },
					{ "time": 0.2666, "name": "k5" },
					{ "time": 0.3333, "name": "k6" },
					{ "time": 0.4, "name": "k7" },
					{ "time": 0.4666, "name": "k8" },
					{ "time": 0.5333, "name": "k1" },
					{ "time": 0.6, "name": "k2" },
					{ "time": 0.6666, "name": "k3" },
					{ "time": 0.7333, "name": "k4" },
					{ "time": 0.8, "name": "k5" },
					{ "time": 0.8666, "name": "k6" },
					{ "time": 0.9333, "name": "k7" },
					{ "time": 1, "name": "k8" }
				]
			},
			"kx1": {
				"attachment": [
					{ "time": 0, "name": "kx1" },
					{ "time": 0.0666, "name": "kx2" },
					{ "time": 0.1333, "name": "kx3" },
					{ "time": 0.2, "name": "kx4" },
					{ "time": 0.2666, "name": "kx5" },
					{ "time": 0.3333, "name": "kx6" },
					{ "time": 0.4, "name": "kx7" },
					{ "time": 0.4666, "name": "kx8" },
					{ "time": 0.5333, "name": "kx1" },
					{ "time": 0.6, "name": "kx2" },
					{ "time": 0.6666, "name": "kx3" },
					{ "time": 0.7333, "name": "kx4" },
					{ "time": 0.8, "name": "kx5" },
					{ "time": 0.8666, "name": "kx6" },
					{ "time": 0.9333, "name": "kx7" },
					{ "time": 1, "name": "kx8" }
				]
			}
		},
		"bones": {
			"G": {
				"rotate": [
					{ "time": 0, "angle": 0, "curve": "stepped" },
					{ "time": 1, "angle": 0 }
				],
				"translate": [
					{ "time": 0, "x": 0, "y": 0, "curve": "stepped" },
					{ "time": 1, "x": 0, "y": 0 }
				]
			},
			"KK": {
				"rotate": [
					{ "time": 0, "angle": 0, "curve": "stepped" },
					{ "time": 1, "angle": 0 }
				],
				"translate": [
					{ "time": 0, "x": 0, "y": 0, "curve": "stepped" },
					{ "time": 1, "x": 0, "y": 0 }
				]
			},
			"K": {
				"rotate": [
					{ "time": 0, "angle": 0, "curve": "stepped" },
					{ "time": 1, "angle": 0 }
				],
				"translate": [
					{ "time": 0, "x": 0, "y": 0, "curve": "stepped" },
					{ "time": 1, "x": 0, "y": 0 }
				]
			},
			"DD": {
				"rotate": [
					{ "time": 0, "angle": 0, "curve": "stepped" },
					{ "time": 1, "angle": 0 }
				],
				"translate": [
					{ "time": 0, "x": 0, "y": 0, "curve": "stepped" },
					{ "time": 1, "x": 0, "y": 0 }
				]
			},
			"D": {
				"rotate": [
					{ "time": 0, "angle": 0, "curve": "stepped" },
					{ "time": 1, "angle": 0 }
				],
				"translate": [
					{ "time": 0, "x": 0, "y": 0, "curve": "stepped" },
					{ "time": 1, "x": 0, "y": 0 }
				]
			}
		}
	},
	"K_EX": {
		"slots": {
			"D": {
				"attachment": [
					{ "time": 0, "name": "D" }
				]
			},
			"K": {
				"attachment": [
					{ "time": 0, "name": null }
				]
			},
			"d1": {
				"attachment": [
					{ "time": 0, "name": null }
				]
			},
			"dx1": {
				"attachment": [
					{ "time": 0, "name": null }
				]
			},
			"k1": {
				"attachment": [
					{ "time": 0, "name": "k1" },
					{ "time": 0.0666, "name": "k2" },
					{ "time": 0.1333, "name": "k3" },
					{ "time": 0.2, "name": "k4" },
					{ "time": 0.2666, "name": "k5" },
					{ "time": 0.3333, "name": "k6" },
					{ "time": 0.4, "name": "k7" },
					{ "time": 0.4666, "name": "kEX1" },
					{ "time": 0.5, "name": "kEX2" },
					{ "time": 0.5333, "name": "k1" },
					{ "time": 0.6, "name": "k2" },
					{ "time": 0.6666, "name": "k3" },
					{ "time": 0.7333, "name": "k4" },
					{ "time": 0.8, "name": "k5" },
					{ "time": 0.8666, "name": "k6" },
					{ "time": 0.9333, "name": "k7" },
					{ "time": 1, "name": "k8" }
				]
			},
			"kx1": {
				"attachment": [
					{ "time": 0, "name": "kx1" },
					{ "time": 0.0666, "name": "kx2" },
					{ "time": 0.1333, "name": "kx3" },
					{ "time": 0.2, "name": "kx4" },
					{ "time": 0.2666, "name": "kx5" },
					{ "time": 0.3333, "name": "kx6" },
					{ "time": 0.4, "name": "kx7" },
					{ "time": 0.5333, "name": "kx1" },
					{ "time": 0.6, "name": "kx2" },
					{ "time": 0.6666, "name": "kx3" },
					{ "time": 0.7333, "name": "kx4" },
					{ "time": 0.8, "name": "kx5" },
					{ "time": 0.8666, "name": "kx6" },
					{ "time": 0.9333, "name": "kx7" },
					{ "time": 1, "name": "kx8" }
				]
			},
			"kxEX1": {
				"color": [
					{ "time": 0, "color": "ffffffff", "curve": "stepped" },
					{ "time": 0.4333, "color": "ffffffff" },
					{ "time": 0.5333, "color": "ffffff9d" },
					{ "time": 0.6333, "color": "ffffff99" },
					{ "time": 0.6666, "color": "ffffff00" },
					{ "time": 1, "color": "ffffffff" }
				],
				"attachment": [
					{ "time": 0, "name": null },
					{ "time": 0.4666, "name": "kxEX1" },
					{ "time": 0.5, "name": "kxEX-2" },
					{ "time": 0.5333, "name": "kxEX-3" },
					{ "time": 0.6666, "name": null },
					{ "time": 1, "name": null }
				]
			}
		},
		"bones": {
			"K": {
				"rotate": [
					{ "time": 0, "angle": 0, "curve": "stepped" },
					{ "time": 1, "angle": 0 }
				],
				"translate": [
					{ "time": 0, "x": 0, "y": 0, "curve": "stepped" },
					{ "time": 1, "x": 0, "y": 0 }
				]
			},
			"KK": {
				"rotate": [
					{ "time": 0, "angle": 0, "curve": "stepped" },
					{ "time": 1, "angle": 0 }
				],
				"translate": [
					{ "time": 0, "x": 0, "y": 0, "curve": "stepped" },
					{ "time": 1, "x": 0, "y": 0 }
				]
			},
			"D": {
				"rotate": [
					{ "time": 0, "angle": 0, "curve": "stepped" },
					{ "time": 1, "angle": 0 }
				],
				"translate": [
					{ "time": 0, "x": 0, "y": 0, "curve": "stepped" },
					{ "time": 1, "x": 0, "y": 0 }
				]
			},
			"G": {
				"rotate": [
					{ "time": 0, "angle": 0, "curve": "stepped" },
					{ "time": 1, "angle": 0 }
				],
				"translate": [
					{ "time": 0, "x": 0, "y": 0, "curve": "stepped" },
					{ "time": 1, "x": 0, "y": 0 }
				]
			},
			"DD": {
				"rotate": [
					{ "time": 0, "angle": 0, "curve": "stepped" },
					{ "time": 1, "angle": 0 }
				],
				"translate": [
					{ "time": 0, "x": 0, "y": 0, "curve": "stepped" },
					{ "time": 1, "x": 0, "y": 0 }
				]
			},
			"KEX": {
				"rotate": [
					{ "time": 0, "angle": 0, "curve": "stepped" },
					{ "time": 1, "angle": 0 }
				],
				"translate": [
					{ "time": 0, "x": 0, "y": 0, "curve": "stepped" },
					{ "time": 0.5333, "x": 0, "y": 0 },
					{ "time": 0.6333, "x": 14, "y": -1 },
					{ "time": 1, "x": 0, "y": 0 }
				],
				"scale": [
					{ "time": 0, "x": 1, "y": 1, "curve": "stepped" },
					{ "time": 0.4333, "x": 1, "y": 1 },
					{ "time": 0.5, "x": 1.01, "y": 1.01 },
					{ "time": 0.5333, "x": 1.21, "y": 1.21 },
					{ "time": 0.6333, "x": 1.223, "y": 1.223 },
					{ "time": 1, "x": 1, "y": 1 }
				]
			}
		}
	},
	"K_start": {
		"slots": {
			"D": {
				"attachment": [
					{ "time": 0, "name": "D" }
				]
			},
			"K": {
				"attachment": [
					{ "time": 0, "name": null }
				]
			},
			"d1": {
				"attachment": [
					{ "time": 0, "name": null }
				]
			},
			"dx1": {
				"attachment": [
					{ "time": 0, "name": null }
				]
			},
			"k1": {
				"attachment": [
					{ "time": 0, "name": "k1" },
					{ "time": 0.0666, "name": "k2" },
					{ "time": 0.1333, "name": "k3" },
					{ "time": 0.2, "name": "k4" },
					{ "time": 0.2666, "name": "k5" },
					{ "time": 0.3333, "name": "k6" },
					{ "time": 0.4, "name": "k7" },
					{ "time": 0.4666, "name": "k8" },
					{ "time": 0.5333, "name": "k1" },
					{ "time": 0.6, "name": "k2" },
					{ "time": 0.6666, "name": "k3" },
					{ "time": 0.7333, "name": "k4" },
					{ "time": 0.8, "name": "k5" },
					{ "time": 0.8666, "name": "k6" },
					{ "time": 0.9333, "name": "k7" },
					{ "time": 1, "name": "k8" }
				]
			},
			"kx1": {
				"attachment": [
					{ "time": 0, "name": null },
					{ "time": 0.0666, "name": "kx2" },
					{ "time": 0.1333, "name": "kx3" },
					{ "time": 0.2, "name": "kx4" },
					{ "time": 0.2666, "name": "kx5" },
					{ "time": 0.3333, "name": "kx6" },
					{ "time": 0.4, "name": "kx7" },
					{ "time": 0.4666, "name": "kx8" },
					{ "time": 0.5333, "name": "kx1" },
					{ "time": 0.6, "name": "kx2" },
					{ "time": 0.6666, "name": "kx3" },
					{ "time": 0.7333, "name": "kx4" },
					{ "time": 0.8, "name": "kx5" },
					{ "time": 0.8666, "name": "kx6" },
					{ "time": 0.9333, "name": "kx7" },
					{ "time": 1, "name": "kx8" }
				]
			}
		},
		"bones": {
			"G": {
				"rotate": [
					{ "time": 0, "angle": 0, "curve": "stepped" },
					{ "time": 1, "angle": 0 }
				],
				"translate": [
					{ "time": 0, "x": 0, "y": 0, "curve": "stepped" },
					{ "time": 1, "x": 0, "y": 0 }
				]
			},
			"KK": {
				"rotate": [
					{ "time": 0, "angle": 0, "curve": "stepped" },
					{ "time": 1, "angle": 0 }
				],
				"translate": [
					{ "time": 0, "x": 0, "y": 0, "curve": "stepped" },
					{ "time": 1, "x": 0, "y": 0 }
				]
			},
			"K": {
				"rotate": [
					{ "time": 0, "angle": 0, "curve": "stepped" },
					{ "time": 1, "angle": 0 }
				],
				"translate": [
					{ "time": 0, "x": 0, "y": 0, "curve": "stepped" },
					{ "time": 1, "x": 0, "y": 0 }
				]
			},
			"DD": {
				"rotate": [
					{ "time": 0, "angle": 0, "curve": "stepped" },
					{ "time": 1, "angle": 0 }
				],
				"translate": [
					{ "time": 0, "x": 0, "y": 0, "curve": "stepped" },
					{ "time": 1, "x": 0, "y": 0 }
				]
			},
			"D": {
				"rotate": [
					{ "time": 0, "angle": 0, "curve": "stepped" },
					{ "time": 1, "angle": 0 }
				],
				"translate": [
					{ "time": 0, "x": 0, "y": 0, "curve": "stepped" },
					{ "time": 1, "x": 0, "y": 0 }
				]
			}
		}
	},
	"normal": {
		"slots": {
			"D": {
				"attachment": [
					{ "time": 0, "name": "D" }
				]
			},
			"K": {
				"attachment": [
					{ "time": 0, "name": "K" }
				]
			}
		},
		"bones": {
			"G": {
				"rotate": [
					{ "time": 0, "angle": 0, "curve": "stepped" },
					{ "time": 1, "angle": 0 }
				],
				"translate": [
					{ "time": 0, "x": 0, "y": 0, "curve": "stepped" },
					{ "time": 1, "x": 0, "y": 0 }
				]
			},
			"KK": {
				"rotate": [
					{ "time": 0, "angle": 0, "curve": "stepped" },
					{ "time": 1, "angle": 0 }
				],
				"translate": [
					{ "time": 0, "x": 0, "y": 0, "curve": "stepped" },
					{ "time": 1, "x": 0, "y": 0 }
				]
			},
			"K": {
				"rotate": [
					{ "time": 0, "angle": 0, "curve": "stepped" },
					{ "time": 1, "angle": 0 }
				],
				"translate": [
					{ "time": 0, "x": 0, "y": 0, "curve": "stepped" },
					{ "time": 1, "x": 0, "y": 0 }
				]
			},
			"DD": {
				"rotate": [
					{ "time": 0, "angle": 0, "curve": "stepped" },
					{ "time": 1, "angle": 0 }
				],
				"translate": [
					{ "time": 0, "x": 0, "y": 0, "curve": "stepped" },
					{ "time": 1, "x": 0, "y": 0 }
				]
			},
			"D": {
				"rotate": [
					{ "time": 0, "angle": 0, "curve": "stepped" },
					{ "time": 1, "angle": 0 }
				],
				"translate": [
					{ "time": 0, "x": 0, "y": 0, "curve": "stepped" },
					{ "time": 1, "x": 0, "y": 0 }
				]
			}
		}
	}
}
}