{
"skeleton": { "hash": "oqpR9AeoGZXy2MMlPEEEBAX/2JI", "spine": "3.2.01", "width": 86, "height": 110.5, "images": "" },
"bones": [
	{ "name": "root" },
	{ "name": "bone", "parent": "root" },
	{ "name": "bone2", "parent": "bone", "scaleX": 0.5, "scaleY": 0.5 },
	{ "name": "galo", "parent": "bone2", "x": 0.99, "y": 97.99 },
	{ "name": "light", "parent": "bone2", "y": 63.72 },
	{ "name": "magic", "parent": "bone2", "x": 1.99, "y": 60 }
],
"slots": [
	{ "name": "box", "bone": "bone2", "attachment": "box" },
	{ "name": "galo_1", "bone": "galo", "attachment": "galo_1", "blend": "additive" },
	{ "name": "magic", "bone": "magic", "attachment": "magic", "blend": "additive" },
	{ "name": "light", "bone": "light", "attachment": "light", "blend": "additive" }
],
"skins": {
	"default": {
		"box": {
			"box": { "x": 0.99, "y": 97.99, "width": 172, "height": 221 }
		},
		"galo_1": {
			"galo_1": { "width": 172, "height": 221 },
			"galo_2": { "width": 172, "height": 221 },
			"galo_3": { "width": 172, "height": 221 },
			"galo_4": { "width": 172, "height": 221 },
			"galo_5": { "width": 172, "height": 221 },
			"galo_6": { "width": 172, "height": 221 },
			"galo_7": { "width": 172, "height": 221 },
			"galo_8": { "width": 172, "height": 221 },
			"galo_9": { "width": 172, "height": 221 },
			"galo_10": { "width": 172, "height": 221 },
			"galo_11": { "width": 172, "height": 221 },
			"galo_12": { "width": 172, "height": 221 },
			"galo_13": { "width": 172, "height": 221 },
			"galo_14": { "width": 172, "height": 221 },
			"galo_15": { "width": 172, "height": 221 },
			"galo_16": { "width": 172, "height": 221 }
		},
		"light": {
			"light": { "x": 0.99, "y": 34.27, "width": 172, "height": 221 }
		},
		"magic": {
			"magic": { "x": -1, "y": 37.99, "width": 172, "height": 221 }
		}
	}
},
"animations": {
	"close": {
		"slots": {
			"galo_1": {
				"attachment": [
					{ "time": 0, "name": null }
				]
			},
			"light": {
				"color": [
					{ "time": 0, "color": "ffffffff" },
					{ "time": 1, "color": "ffffff9d" },
					{ "time": 2, "color": "ffffffff" }
				],
				"attachment": [
					{ "time": 0, "name": null }
				]
			},
			"magic": {
				"color": [
					{ "time": 0, "color": "ffffff00" },
					{ "time": 0.5, "color": "ffffff2f" },
					{ "time": 1, "color": "ffffff00" },
					{ "time": 1.5, "color": "ffffff2f" },
					{ "time": 2, "color": "ffffff00" }
				],
				"attachment": [
					{ "time": 0, "name": "magic" }
				]
			}
		},
		"bones": {
			"galo": {
				"rotate": [
					{ "time": 0, "angle": 0, "curve": "stepped" },
					{ "time": 2, "angle": 0 }
				],
				"translate": [
					{ "time": 0, "x": 0, "y": 0 },
					{ "time": 1, "x": 0, "y": 3.54 },
					{ "time": 2, "x": 0, "y": 0 }
				],
				"scale": [
					{ "time": 0, "x": 1, "y": 1, "curve": "stepped" },
					{ "time": 2, "x": 1, "y": 1 }
				]
			},
			"bone2": {
				"rotate": [
					{ "time": 0, "angle": 0, "curve": "stepped" },
					{ "time": 2, "angle": 0 }
				],
				"translate": [
					{ "time": 0, "x": 0, "y": 0, "curve": "stepped" },
					{ "time": 2, "x": 0, "y": 0 }
				]
			},
			"magic": {
				"rotate": [
					{ "time": 0, "angle": 0, "curve": "stepped" },
					{ "time": 2, "angle": 0 }
				],
				"translate": [
					{ "time": 0, "x": 0, "y": 0, "curve": "stepped" },
					{ "time": 2, "x": 0, "y": 0 }
				],
				"scale": [
					{ "time": 0, "x": 1, "y": 1, "curve": "stepped" },
					{ "time": 2, "x": 1, "y": 1 }
				]
			},
			"light": {
				"rotate": [
					{ "time": 0, "angle": 0, "curve": "stepped" },
					{ "time": 2, "angle": 0 }
				],
				"translate": [
					{ "time": 0, "x": 0, "y": 0, "curve": "stepped" },
					{ "time": 2, "x": 0, "y": 0 }
				],
				"scale": [
					{ "time": 0, "x": 1, "y": 1 },
					{ "time": 1, "x": 0.902, "y": 1 },
					{ "time": 2, "x": 1, "y": 1 }
				]
			}
		}
	},
	"end": {
		"slots": {
			"galo_1": {
				"color": [
					{ "time": 0, "color": "ffffffff", "curve": "stepped" },
					{ "time": 1.3333, "color": "ffffffff" },
					{ "time": 1.6666, "color": "ffffffac" },
					{ "time": 1.9333, "color": "ffffff47" },
					{ "time": 2, "color": "ffffff00" }
				],
				"attachment": [
					{ "time": 0, "name": "galo_1" },
					{ "time": 0.1333, "name": "galo_2" },
					{ "time": 0.2666, "name": "galo_3" },
					{ "time": 0.4, "name": "galo_4" },
					{ "time": 0.5333, "name": "galo_5" },
					{ "time": 0.6666, "name": "galo_6" },
					{ "time": 0.8, "name": "galo_7" },
					{ "time": 0.9333, "name": "galo_8" },
					{ "time": 1.0666, "name": "galo_9" },
					{ "time": 1.2, "name": "galo_10" },
					{ "time": 1.3333, "name": "galo_11" },
					{ "time": 1.4666, "name": "galo_12" },
					{ "time": 1.6, "name": "galo_13" },
					{ "time": 1.7333, "name": "galo_14" },
					{ "time": 1.8666, "name": "galo_15" },
					{ "time": 2, "name": "galo_16" }
				]
			},
			"light": {
				"color": [
					{ "time": 0, "color": "ffffffff" },
					{ "time": 1, "color": "ffffff9d" },
					{ "time": 1.9333, "color": "ffffffff" },
					{ "time": 2, "color": "ffffff00" }
				],
				"attachment": [
					{ "time": 0, "name": "light" }
				]
			},
			"magic": {
				"attachment": [
					{ "time": 0, "name": "magic" }
				]
			}
		},
		"bones": {
			"galo": {
				"rotate": [
					{ "time": 0, "angle": 0, "curve": "stepped" },
					{ "time": 2, "angle": 0 }
				],
				"translate": [
					{ "time": 0, "x": 0, "y": 0 },
					{ "time": 1, "x": 0, "y": 3.54 },
					{ "time": 2, "x": 0, "y": 0 }
				],
				"scale": [
					{ "time": 0, "x": 1, "y": 1, "curve": "stepped" },
					{ "time": 2, "x": 1, "y": 1 }
				]
			},
			"bone2": {
				"rotate": [
					{ "time": 0, "angle": 0, "curve": "stepped" },
					{ "time": 2, "angle": 0 }
				],
				"translate": [
					{ "time": 0, "x": 0, "y": 0, "curve": "stepped" },
					{ "time": 2, "x": 0, "y": 0 }
				]
			},
			"magic": {
				"rotate": [
					{ "time": 0, "angle": 0, "curve": "stepped" },
					{ "time": 2, "angle": 0 }
				],
				"translate": [
					{ "time": 0, "x": 0, "y": 0, "curve": "stepped" },
					{ "time": 2, "x": 0, "y": 0 }
				],
				"scale": [
					{ "time": 0, "x": 1, "y": 1, "curve": "stepped" },
					{ "time": 2, "x": 1, "y": 1 }
				]
			},
			"light": {
				"rotate": [
					{ "time": 0, "angle": 0, "curve": "stepped" },
					{ "time": 2, "angle": 0 }
				],
				"translate": [
					{ "time": 0, "x": 0, "y": 0, "curve": "stepped" },
					{ "time": 2, "x": 0, "y": 0 }
				],
				"scale": [
					{ "time": 0, "x": 1, "y": 1 },
					{ "time": 0.6666, "x": 0.902, "y": 1 },
					{ "time": 1, "x": 1.015, "y": 1 },
					{ "time": 2, "x": 0.263, "y": 1 }
				]
			}
		}
	},
	"normal": {
		"slots": {
			"galo_1": {
				"attachment": [
					{ "time": 0, "name": "galo_1" },
					{ "time": 0.1333, "name": "galo_2" },
					{ "time": 0.2666, "name": "galo_3" },
					{ "time": 0.4, "name": "galo_4" },
					{ "time": 0.5333, "name": "galo_5" },
					{ "time": 0.6666, "name": "galo_6" },
					{ "time": 0.8, "name": "galo_7" },
					{ "time": 0.9333, "name": "galo_8" },
					{ "time": 1.0666, "name": "galo_9" },
					{ "time": 1.2, "name": "galo_10" },
					{ "time": 1.3333, "name": "galo_11" },
					{ "time": 1.4666, "name": "galo_12" },
					{ "time": 1.6, "name": "galo_13" },
					{ "time": 1.7333, "name": "galo_14" },
					{ "time": 1.8666, "name": "galo_15" },
					{ "time": 2, "name": "galo_16" }
				]
			},
			"light": {
				"color": [
					{ "time": 0, "color": "ffffffff" },
					{ "time": 1, "color": "ffffff9d" },
					{ "time": 2, "color": "ffffffff" }
				],
				"attachment": [
					{ "time": 0, "name": "light" }
				]
			},
			"magic": {
				"attachment": [
					{ "time": 0, "name": "magic" }
				]
			}
		},
		"bones": {
			"galo": {
				"rotate": [
					{ "time": 0, "angle": 0, "curve": "stepped" },
					{ "time": 2, "angle": 0 }
				],
				"translate": [
					{ "time": 0, "x": 0, "y": 0 },
					{ "time": 1, "x": 0, "y": 3.54 },
					{ "time": 2, "x": 0, "y": 0 }
				],
				"scale": [
					{ "time": 0, "x": 1, "y": 1, "curve": "stepped" },
					{ "time": 2, "x": 1, "y": 1 }
				]
			},
			"bone2": {
				"rotate": [
					{ "time": 0, "angle": 0, "curve": "stepped" },
					{ "time": 2, "angle": 0 }
				],
				"translate": [
					{ "time": 0, "x": 0, "y": 0, "curve": "stepped" },
					{ "time": 2, "x": 0, "y": 0 }
				]
			},
			"magic": {
				"rotate": [
					{ "time": 0, "angle": 0, "curve": "stepped" },
					{ "time": 2, "angle": 0 }
				],
				"translate": [
					{ "time": 0, "x": 0, "y": 0, "curve": "stepped" },
					{ "time": 2, "x": 0, "y": 0 }
				],
				"scale": [
					{ "time": 0, "x": 1, "y": 1, "curve": "stepped" },
					{ "time": 2, "x": 1, "y": 1 }
				]
			},
			"light": {
				"rotate": [
					{ "time": 0, "angle": 0, "curve": "stepped" },
					{ "time": 2, "angle": 0 }
				],
				"translate": [
					{ "time": 0, "x": 0, "y": 0, "curve": "stepped" },
					{ "time": 2, "x": 0, "y": 0 }
				],
				"scale": [
					{ "time": 0, "x": 1, "y": 1 },
					{ "time": 1, "x": 0.902, "y": 1 },
					{ "time": 2, "x": 1, "y": 1 }
				]
			}
		}
	},
	"star": {
		"slots": {
			"galo_1": {
				"color": [
					{ "time": 0, "color": "ffffff00" },
					{ "time": 0.0666, "color": "ffffff47" },
					{ "time": 0.3333, "color": "ffffffac" },
					{ "time": 0.6666, "color": "ffffffff" }
				],
				"attachment": [
					{ "time": 0, "name": "galo_1" },
					{ "time": 0.1333, "name": "galo_2" },
					{ "time": 0.2666, "name": "galo_3" },
					{ "time": 0.4, "name": "galo_4" },
					{ "time": 0.5333, "name": "galo_5" },
					{ "time": 0.6666, "name": "galo_6" },
					{ "time": 0.8, "name": "galo_7" },
					{ "time": 0.9333, "name": "galo_8" },
					{ "time": 1.0666, "name": "galo_9" },
					{ "time": 1.2, "name": "galo_10" },
					{ "time": 1.3333, "name": "galo_11" },
					{ "time": 1.4666, "name": "galo_12" },
					{ "time": 1.6, "name": "galo_13" },
					{ "time": 1.7333, "name": "galo_14" },
					{ "time": 1.8666, "name": "galo_15" },
					{ "time": 2, "name": "galo_16" }
				]
			},
			"light": {
				"color": [
					{ "time": 0, "color": "ffffff00" },
					{ "time": 0.0666, "color": "ffffffff" },
					{ "time": 1, "color": "ffffff9d" },
					{ "time": 2, "color": "ffffffff" }
				],
				"attachment": [
					{ "time": 0, "name": "light" }
				]
			},
			"magic": {
				"attachment": [
					{ "time": 0, "name": "magic" }
				]
			}
		},
		"bones": {
			"galo": {
				"rotate": [
					{ "time": 0, "angle": 0, "curve": "stepped" },
					{ "time": 2, "angle": 0 }
				],
				"translate": [
					{ "time": 0, "x": 0, "y": 0 },
					{ "time": 1, "x": 0, "y": 3.54 },
					{ "time": 2, "x": 0, "y": 0 }
				],
				"scale": [
					{ "time": 0, "x": 1, "y": 1, "curve": "stepped" },
					{ "time": 2, "x": 1, "y": 1 }
				]
			},
			"bone2": {
				"rotate": [
					{ "time": 0, "angle": 0, "curve": "stepped" },
					{ "time": 2, "angle": 0 }
				],
				"translate": [
					{ "time": 0, "x": 0, "y": 0, "curve": "stepped" },
					{ "time": 2, "x": 0, "y": 0 }
				]
			},
			"magic": {
				"rotate": [
					{ "time": 0, "angle": 0, "curve": "stepped" },
					{ "time": 2, "angle": 0 }
				],
				"translate": [
					{ "time": 0, "x": 0, "y": 0, "curve": "stepped" },
					{ "time": 2, "x": 0, "y": 0 }
				],
				"scale": [
					{ "time": 0, "x": 1, "y": 1, "curve": "stepped" },
					{ "time": 2, "x": 1, "y": 1 }
				]
			},
			"light": {
				"rotate": [
					{ "time": 0, "angle": 0, "curve": "stepped" },
					{ "time": 2, "angle": 0 }
				],
				"translate": [
					{ "time": 0, "x": 0, "y": 0, "curve": "stepped" },
					{ "time": 2, "x": 0, "y": 0 }
				],
				"scale": [
					{ "time": 0, "x": 0.263, "y": 1 },
					{ "time": 1, "x": 1.015, "y": 1 },
					{ "time": 1.3333, "x": 0.902, "y": 1 },
					{ "time": 2, "x": 1, "y": 1 }
				]
			}
		}
	}
}
}