{
"skeleton": { "hash": "bNkWoDhYxAOykSnLFcYpCfFW1aA", "spine": "3.2.01", "width": 89.5, "height": 90.5, "images": "" },
"bones": [
	{ "name": "root" },
	{ "name": "bone", "parent": "root" },
	{ "name": "car", "parent": "bone", "scaleX": 0.5, "scaleY": 0.5 },
	{ "name": "baidu1", "parent": "car", "x": -22.01, "y": 9.29 },
	{ "name": "baidu2", "parent": "car", "x": 43.58, "y": 10.89 },
	{ "name": "body", "parent": "car", "x": 4.88, "y": 59.54 },
	{ "name": "body2", "parent": "car", "x": 4.88, "y": 28.85 },
	{ "name": "head", "parent": "body", "x": -46.8, "y": 32.22 },
	{ "name": "set", "parent": "body", "x": 8.25, "y": 14.91 },
	{ "name": "tail", "parent": "body", "x": 53.07, "y": 23.99 }
],
"slots": [
	{ "name": "shadow", "bone": "car", "attachment": "shadow" },
	{ "name": "tail", "bone": "tail", "attachment": "tail" },
	{ "name": "body2", "bone": "body2", "attachment": "body2" },
	{ "name": "body", "bone": "body", "attachment": "body" },
	{ "name": "baidu1", "bone": "baidu1", "attachment": "baidu1" },
	{ "name": "baidu2", "bone": "baidu2", "attachment": "baidu2" },
	{ "name": "head", "bone": "head", "attachment": "head" }
],
"skins": {
	"default": {
		"baidu1": {
			"baidu1": { "x": 22.01, "y": 64.7, "width": 179, "height": 181 }
		},
		"baidu2": {
			"baidu2": { "x": -43.58, "y": 63.1, "width": 179, "height": 181 }
		},
		"body": {
			"body": { "x": -4.88, "y": 14.45, "width": 179, "height": 181 }
		},
		"body2": {
			"body2": { "x": -4.88, "y": 45.14, "width": 179, "height": 181 }
		},
		"head": {
			"head": { "x": 41.91, "y": -17.77, "width": 179, "height": 181 }
		},
		"shadow": {
			"shadow": { "y": 73.99, "width": 179, "height": 181 }
		},
		"tail": {
			"tail": { "x": -57.95, "y": -9.53, "width": 179, "height": 181 }
		}
	}
},
"animations": {
	"SP": {
		"bones": {
			"car": {
				"rotate": [
					{ "time": 0, "angle": 0, "curve": "stepped" },
					{ "time": 1, "angle": 0 }
				],
				"translate": [
					{ "time": 0, "x": 0, "y": 0, "curve": "stepped" },
					{ "time": 1, "x": 0, "y": 0 }
				]
			},
			"body2": {
				"rotate": [
					{ "time": 0, "angle": 0, "curve": "stepped" },
					{ "time": 1, "angle": 0 }
				],
				"translate": [
					{ "time": 0, "x": 0, "y": 0, "curve": "stepped" },
					{ "time": 1, "x": 0, "y": 0 }
				]
			},
			"tail": {
				"rotate": [
					{ "time": 0, "angle": 0 },
					{ "time": 0.3333, "angle": 12.25 },
					{ "time": 0.6666, "angle": -15.35 },
					{ "time": 1, "angle": 0 }
				],
				"translate": [
					{ "time": 0, "x": 0, "y": 0, "curve": "stepped" },
					{ "time": 1, "x": 0, "y": 0 }
				]
			},
			"head": {
				"rotate": [
					{ "time": 0, "angle": 0 },
					{ "time": 0.3333, "angle": 7.16 },
					{ "time": 0.6666, "angle": -7.45 },
					{ "time": 1, "angle": 0 }
				],
				"translate": [
					{ "time": 0, "x": 0, "y": 0, "curve": "stepped" },
					{ "time": 1, "x": 0, "y": 0 }
				]
			},
			"body": {
				"rotate": [
					{ "time": 0, "angle": 0 },
					{ "time": 0.3333, "angle": -3.75 },
					{ "time": 0.6666, "angle": 6.16 },
					{ "time": 1, "angle": 0 }
				],
				"translate": [
					{ "time": 0, "x": 0, "y": 0 },
					{ "time": 0.3333, "x": 3.65, "y": -2.19 },
					{ "time": 0.6666, "x": -2.55, "y": -1.09 },
					{ "time": 1, "x": 0, "y": 0 }
				]
			},
			"baidu2": {
				"rotate": [
					{ "time": 0, "angle": 0, "curve": "stepped" },
					{ "time": 1, "angle": 0 }
				],
				"translate": [
					{ "time": 0, "x": 0, "y": 0, "curve": "stepped" },
					{ "time": 1, "x": 0, "y": 0 }
				]
			},
			"baidu1": {
				"rotate": [
					{ "time": 0, "angle": 0, "curve": "stepped" },
					{ "time": 1, "angle": 0 }
				],
				"translate": [
					{ "time": 0, "x": 0, "y": 0, "curve": "stepped" },
					{ "time": 1, "x": 0, "y": 0 }
				]
			}
		}
	},
	"normal": {
		"bones": {
			"car": {
				"rotate": [
					{ "time": 0, "angle": 0, "curve": "stepped" },
					{ "time": 2, "angle": 0 }
				],
				"translate": [
					{ "time": 0, "x": 0, "y": 0, "curve": "stepped" },
					{ "time": 2, "x": 0, "y": 0 }
				]
			},
			"tail": {
				"rotate": [
					{ "time": 0, "angle": 0 },
					{ "time": 1, "angle": 5.31 },
					{ "time": 2, "angle": 0 }
				],
				"translate": [
					{ "time": 0, "x": 0, "y": 0, "curve": "stepped" },
					{ "time": 2, "x": 0, "y": 0 }
				]
			},
			"head": {
				"rotate": [
					{ "time": 0, "angle": 0 },
					{ "time": 1, "angle": 2.4 },
					{ "time": 2, "angle": 0 }
				],
				"translate": [
					{ "time": 0, "x": 0, "y": 0, "curve": "stepped" },
					{ "time": 2, "x": 0, "y": 0 }
				]
			},
			"body2": {
				"rotate": [
					{ "time": 0, "angle": 0, "curve": "stepped" },
					{ "time": 2, "angle": 0 }
				],
				"translate": [
					{ "time": 0, "x": 0, "y": 0 },
					{ "time": 1, "x": 0, "y": -0.57 },
					{ "time": 2, "x": 0, "y": 0 }
				],
				"scale": [
					{ "time": 0, "x": 1, "y": 1 },
					{ "time": 1, "x": 1, "y": 0.982 },
					{ "time": 2, "x": 1, "y": 1 }
				]
			},
			"body": {
				"rotate": [
					{ "time": 0, "angle": 0 },
					{ "time": 1, "angle": 1.55 },
					{ "time": 2, "angle": 0 }
				],
				"translate": [
					{ "time": 0, "x": 0, "y": 0, "curve": "stepped" },
					{ "time": 2, "x": 0, "y": 0 }
				]
			},
			"baidu2": {
				"rotate": [
					{ "time": 0, "angle": 0, "curve": "stepped" },
					{ "time": 2, "angle": 0 }
				],
				"translate": [
					{ "time": 0, "x": 0, "y": 0, "curve": "stepped" },
					{ "time": 2, "x": 0, "y": 0 }
				]
			},
			"baidu1": {
				"rotate": [
					{ "time": 0, "angle": 0, "curve": "stepped" },
					{ "time": 2, "angle": 0 }
				],
				"translate": [
					{ "time": 0, "x": 0, "y": 0, "curve": "stepped" },
					{ "time": 2, "x": 0, "y": 0 }
				]
			}
		}
	},
	"walk": {
		"bones": {
			"car": {
				"rotate": [
					{ "time": 0, "angle": 0, "curve": "stepped" },
					{ "time": 2, "angle": 0 }
				],
				"translate": [
					{ "time": 0, "x": 0, "y": 0 },
					{ "time": 0.5, "x": -2.86, "y": 0 },
					{ "time": 0.6666, "x": 1.46, "y": 0 },
					{ "time": 1.5, "x": -2.13, "y": 0 },
					{ "time": 1.6666, "x": 0.11, "y": 0 },
					{ "time": 2, "x": 0, "y": 0 }
				]
			},
			"tail": {
				"rotate": [
					{ "time": 0, "angle": 0 },
					{ "time": 0.5, "angle": -10.56 },
					{ "time": 1, "angle": 6.64 },
					{ "time": 1.5, "angle": -8.55 },
					{ "time": 2, "angle": 0 }
				],
				"translate": [
					{ "time": 0, "x": 0, "y": 0, "curve": "stepped" },
					{ "time": 2, "x": 0, "y": 0 }
				]
			},
			"head": {
				"rotate": [
					{ "time": 0, "angle": 0 },
					{ "time": 0.5, "angle": 3.67 },
					{ "time": 1, "angle": -2.57 },
					{ "time": 1.5, "angle": 2.21 },
					{ "time": 2, "angle": 0 }
				],
				"translate": [
					{ "time": 0, "x": 0, "y": 0, "curve": "stepped" },
					{ "time": 2, "x": 0, "y": 0 }
				]
			},
			"body2": {
				"rotate": [
					{ "time": 0, "angle": 0, "curve": "stepped" },
					{ "time": 2, "angle": 0 }
				],
				"translate": [
					{ "time": 0, "x": 0, "y": 0, "curve": "stepped" },
					{ "time": 2, "x": 0, "y": 0 }
				]
			},
			"body": {
				"rotate": [
					{ "time": 0, "angle": 0 },
					{ "time": 0.5, "angle": 2.52 },
					{ "time": 1, "angle": -1.83 },
					{ "time": 1.5, "angle": 2.23 },
					{ "time": 2, "angle": 0 }
				],
				"translate": [
					{ "time": 0, "x": 0, "y": 0 },
					{ "time": 0.5, "x": 0, "y": 1.71 },
					{ "time": 1, "x": 0, "y": -1.14 },
					{ "time": 1.5, "x": 0, "y": 1.71 },
					{ "time": 2, "x": 0, "y": 0 }
				]
			},
			"baidu2": {
				"rotate": [
					{ "time": 0, "angle": 0 },
					{ "time": 0.5, "angle": 121.41 },
					{ "time": 0.6666, "angle": 95.85 },
					{ "time": 1.3333, "angle": -100.2 },
					{ "time": 1.5, "angle": -120.34 },
					{ "time": 2, "angle": 0 }
				],
				"translate": [
					{ "time": 0, "x": 0, "y": 0, "curve": "stepped" },
					{ "time": 2, "x": 0, "y": 0 }
				]
			},
			"baidu1": {
				"rotate": [
					{ "time": 0, "angle": 0 },
					{ "time": 0.5, "angle": 121.41 },
					{ "time": 0.6666, "angle": 95.85 },
					{ "time": 1.3333, "angle": -100.2 },
					{ "time": 1.5, "angle": -120.34 },
					{ "time": 2, "angle": 0 }
				],
				"translate": [
					{ "time": 0, "x": 0, "y": 0, "curve": "stepped" },
					{ "time": 2, "x": 0, "y": 0 }
				]
			}
		}
	}
}
}