{
"skeleton": { "hash": "oq9VL4UQJgCWtFVlFgsp6wVS0tY", "spine": "2.1.27", "width": 306.64, "height": 308.74, "images": "" },
"bones": [
	{ "name": "Root_All", "x": 9.22, "y": 11.06, "scaleX": 1.01, "scaleY": 1.01 },
	{ "name": "Ship_All", "parent": "Root_All" },
	{ "name": "Body", "parent": "Ship_All", "length": 255.84, "x": 1.79, "y": -8.39, "rotation": 90 },
	{ "name": "Antiaircraft", "parent": "Body", "length": 44.62, "x": 188.82, "y": -38.35, "rotation": -90 },
	{ "name": "Attack_Point", "parent": "Body", "length": 25.69, "x": 89.23, "y": -25.07, "rotation": -88.64 },
	{ "name": "Damage_Point", "parent": "Body", "length": 22.56, "x": 100.9, "y": 12.75, "rotation": -90 },
	{ "name": "Dialogue", "parent": "Body", "length": 57.85, "x": 188.67, "y": -42.48, "rotation": -90 },
	{ "name": "Expression", "parent": "Body", "length": 46.33, "x": 204.77, "y": -27.87, "rotation": -42.65 },
	{ "name": "Hand_L", "parent": "Body", "length": 44.37, "x": 125.51, "y": 26.03, "rotation": -157.96 },
	{ "name": "Hand_R", "parent": "Body", "length": 21.22, "x": 112.53, "y": -9.15, "rotation": -76.7 },
	{ "name": "Head", "parent": "Body", "length": 66.72, "x": 131.75, "y": 9.76, "rotation": -0.9 },
	{ "name": "Leg_L", "parent": "Body", "length": 56.71, "x": 59.95, "y": 23.13, "rotation": -175.49 },
	{ "name": "Leg_R", "parent": "Body", "length": 28.39, "x": 67.3, "y": 1.08, "rotation": 167.56 },
	{ "name": "Ship", "parent": "Body", "length": 127.17, "x": 100, "y": 60, "rotation": 270 },
	{ "name": "Smoke_L1", "parent": "Body", "length": 51.75, "x": 95.72, "y": -18.74, "rotation": -54.55 },
	{ "name": "Smoke_R1", "parent": "Body", "length": 79.5, "x": 99.73, "y": 53.73, "rotation": 21.87 },
	{ "name": "Throw_Point", "parent": "Body", "length": 24.91, "x": 76.3, "y": -16.67, "rotation": -88.64 },
	{ "name": "BOOM_L", "parent": "Hand_L", "length": 30.45, "x": 43.91, "y": 106.76, "rotation": -20.23 },
	{ "name": "Face", "parent": "Head", "length": 66.94, "x": 47.91, "y": 21, "rotation": -89.09 },
	{ "name": "PL_1", "parent": "Hand_L", "length": 11.18, "x": 22.42, "y": -4.59, "rotation": -95.39 },
	{ "name": "PR_1", "parent": "Hand_R", "length": 17.28, "x": 17.79, "y": -4.76, "rotation": -82.37 },
	{ "name": "PL_2", "parent": "PL_1", "length": 28.17, "x": 11.57, "y": 1.2, "rotation": 30.22 },
	{ "name": "PR_2", "parent": "PR_1", "length": 21.22, "x": 20.27, "y": 0.39, "rotation": 21.48 },
	{ "name": "dr1", "parent": "BOOM_L", "length": 14.58, "x": 29.82, "y": -0.68, "rotation": -1.8 },
	{ "name": "PL_3", "parent": "PL_2", "length": 16.65, "x": 31.62, "y": -1.03, "rotation": -53.2 },
	{ "name": "PR_3", "parent": "PR_2", "length": 23.02, "x": 23.42, "y": 0.42, "rotation": 20.7 },
	{ "name": "dr2", "parent": "dr1", "length": 10.15, "x": 16.14, "y": -0.78 },
	{ "name": "PL_4", "parent": "PL_3", "length": 22.52, "x": 21.1, "y": 0.53, "rotation": -14.56 },
	{ "name": "PR_4", "parent": "PR_3", "length": 21.04, "x": 23.22, "y": -0.27, "rotation": -64.71 },
	{ "name": "dr3", "parent": "dr2", "length": 7.29, "x": 10.93, "y": -0.26, "rotation": 1.8 },
	{ "name": "PL_5", "parent": "PL_4", "length": 24.18, "x": 25.03, "y": 0.92, "rotation": 71.97 },
	{ "name": "PR_5", "parent": "PR_4", "length": 8.36, "x": 22.45, "y": -2.51, "rotation": -72.92 },
	{ "name": "dr4", "parent": "dr3", "length": 18.49, "x": 8.58, "y": -0.27, "rotation": -3.15 },
	{ "name": "PR_6", "parent": "PR_5", "length": 20.7, "x": 8.36, "rotation": -21.48 }
],
"slots": [
	{ "name": "Rodney_ship_armor_normal", "bone": "Ship", "attachment": "Ship_armor_normal" },
	{ "name": "leg_R", "bone": "Leg_R", "attachment": "change" },
	{ "name": "leg_L", "bone": "Leg_L", "attachment": "change" },
	{ "name": "PR", "bone": "PR_1", "attachment": "PR" },
	{ "name": "hand_R", "bone": "Hand_R", "attachment": "hand_R" },
	{ "name": "Rodney_body_normal", "bone": "Body", "attachment": "Body_Change" },
	{ "name": "Light_Body", "bone": "Body", "attachment": "Rodney_ship_body_normal_light", "blend": "additive" },
	{ "name": "head", "bone": "Head", "attachment": "head" },
	{ "name": "head_light", "bone": "Head", "attachment": "head_light" },
	{ "name": "hand_L", "bone": "Hand_L", "attachment": "hand_L" },
	{ "name": "DR", "bone": "dr1", "attachment": "DR" },
	{ "name": "BOOM_R", "bone": "BOOM_L", "attachment": "BOOM_R" },
	{ "name": "Rodney_eyes_normal", "bone": "Face", "attachment": "Rodney_eyes_normal" },
	{ "name": "Leg_light", "bone": "Leg_R", "attachment": "Leg_R_light", "blend": "additive" },
	{ "name": "PL", "bone": "PL_1", "attachment": "change" }
],
"skins": {
	"default": {
		"BOOM_R": {
			"BOOM_R": { "x": 13.89, "y": -0.03, "rotation": 88.19, "width": 16, "height": 30 }
		},
		"DR": {
			"DR": {
				"type": "skinnedmesh",
				"uvs": [ 1, 0.12923, 1, 0.25932, 1, 0.42106, 1, 0.54413, 1, 0.79729, 1, 1, 0.72072, 1, 0.47002, 1, 0.26292, 1, 0, 1, 0, 0.80081, 0, 0.54413, 0, 0.43513, 0, 0.28745, 0, 0.16087, 0, 0, 0.48092, 0, 1, 0, 0.48092, 0.10461, 0.49182, 0.24174, 0.49182, 0.39294, 0.51362, 0.53358, 0.50272, 0.66368, 0.50272, 0.81839, 0.28472, 0.67774, 0.25202, 0.90981, 0.70982, 0.90981, 0.68802, 0.68477 ],
				"triangles": [ 22, 24, 21, 27, 3, 4, 10, 11, 24, 23, 22, 27, 24, 22, 23, 26, 27, 4, 23, 27, 26, 25, 10, 24, 25, 24, 23, 9, 10, 25, 7, 8, 25, 9, 25, 8, 23, 7, 25, 7, 23, 26, 5, 6, 26, 7, 26, 6, 5, 26, 4, 27, 21, 2, 24, 11, 12, 20, 21, 24, 22, 21, 27, 13, 19, 20, 20, 1, 2, 12, 13, 20, 21, 20, 2, 20, 24, 12, 3, 27, 2, 18, 16, 17, 18, 17, 0, 18, 14, 15, 18, 15, 16, 19, 18, 0, 14, 18, 19, 19, 0, 1, 13, 14, 19, 20, 19, 1 ],
				"vertices": [ 2, 23, 2.61999, 9.75, 0.99999, 29, -24.1, 11.56, 0, 3, 23, 10.68, 9.51, 0.94607, 26, -5.46, 10.29, 0.05391, 29, -16.04999, 11.06, 1.0E-5, 3, 23, 20.7, 9.2, 0.32067, 26, 4.56, 9.97999, 0.67289, 29, -6.04, 10.43999, 0.00643, 3, 23, 28.33, 8.97, 0.05515, 26, 12.18, 9.75, 0.72472, 29, 1.56, 9.96, 0.22011, 3, 26, 27.87, 9.27, 0.01533, 29, 17.23, 8.99, 0.17481, 32, 8.12, 9.72, 0.80985, 2, 29, 29.77, 8.21, 1.1E-4, 32, 20.69, 9.63, 0.99989, 1, 32, 20.65, 4.05, 1, 1, 32, 20.61, -0.96, 1, 1, 32, 20.58, -5.1, 1, 1, 32, 20.54, -10.35999, 1, 2, 29, 16.2, -10.97, 0.02241, 32, 8.18999, -10.27, 0.97758, 3, 26, 11.57, -10.22999, 0.07598, 29, 0.32, -9.99, 0.76864, 32, -7.71, -10.14999, 0.15537, 4, 23, 20.95999, -10.81, 0.00294, 26, 4.82, -10.03, 0.48453, 29, -6.41, -9.57, 0.49079, 32, -14.47, -10.1, 0.02171, 3, 23, 11.81, -10.53, 0.32497, 26, -4.32, -9.75, 0.57731, 29, -15.55, -9, 0.09771, 3, 23, 3.97, -10.29, 0.85178, 26, -12.17, -9.51, 0.14296, 29, -23.38, -8.51, 0.00524, 3, 23, -5.99, -9.97999, 0.99936, 26, -22.14, -9.2, 6.3E-4, 29, -33.34, -7.89, 0, 2, 23, -5.7, -0.37, 0.99999, 29, -32.74, 1.7, 0, 3, 23, -5.38, 10, 0.99999, 26, -21.53, 10.78, 0, 29, -32.09999, 12.06, 0, 2, 23, 0.77, -0.57, 0.99985, 26, -15.36, 0.2, 1.4E-4, 3, 23, 9.28, -0.61, 0.95694, 26, -6.86, 0.16, 0.04108, 29, -17.77, 0.98, 0.00196, 1, 26, 2.5, -0.11, 1, 1, 29, 0.31, 0.3, 1, 1, 32, -0.23, -0.15, 1, 1, 32, 9.35, -0.22, 1, 2, 29, 8.93999, -4.82, 0.27449, 32, 0.6, -4.52, 0.7255, 1, 32, 14.99, -5.28, 1, 2, 29, 23.83, 2.76, 0.00634, 32, 15.05, 3.87, 0.99365, 4, 23, 36.84999, 2.47, 3.0E-5, 26, 20.70999, 3.25, 0.11483, 29, 9.88, 3.2, 0.5585, 32, 1.1, 3.53, 0.32662 ],
				"hull": 18,
				"edges": [ 30, 32, 32, 34, 28, 30, 26, 28, 24, 26, 22, 24, 14, 16, 16, 18, 10, 12, 12, 14, 6, 4, 4, 2, 2, 0, 0, 34, 18, 20, 20, 22, 6, 8, 8, 10 ],
				"width": 20,
				"height": 62
			}
		},
		"Leg_light": {
			"Leg_R_light": { "x": -60.77, "y": -22.76, "rotation": 102.43, "width": 300, "height": 300 }
		},
		"Light_Body": {
			"Rodney_ship_body_normal_light": { "x": 131.3, "y": 10.78, "rotation": -90, "width": 300, "height": 300 }
		},
		"PR": {
			"PR": {
				"type": "skinnedmesh",
				"uvs": [ 1, 0.13231, 1, 0.40519, 1, 0.5805, 1, 0.73761, 1, 1, 0.72766, 1, 0.366, 1, 0, 1, 0, 0.82692, 0, 0.52592, 0, 0.20838, 0, 0, 0.14717, 0, 0.31302, 0, 0.60097, 0, 0.75761, 0, 1, 0, 0.08036, 0.06119, 0.20245, 0.20177, 0.34527, 0.35557, 0.50883, 0.49615, 0.78295, 0.5805, 0.90273, 0.74423, 0.85897, 0.91788, 0.61479, 0.94765, 0.34527, 0.92284, 0.06193, 0.21664, 0.21858, 0.41842, 0.41899, 0.52592, 0.6885, 0.59869, 0.81981, 0.7128, 0.82441, 0.86, 0.60097, 0.87488, 0.40516, 0.85173, 0.9465, 0.88977, 0.88661, 0.60861, 0.63091, 0.48954, 0.50422, 0.42669, 0.28077, 0.23319, 0.19784, 0.10419 ],
				"triangles": [ 33, 8, 28, 32, 33, 29, 25, 8, 33, 32, 5, 24, 7, 8, 25, 6, 25, 33, 7, 25, 6, 31, 5, 32, 33, 32, 24, 6, 33, 24, 6, 24, 5, 5, 31, 23, 5, 23, 4, 35, 2, 3, 22, 30, 35, 3, 22, 35, 31, 30, 22, 34, 22, 3, 31, 22, 34, 23, 31, 34, 31, 32, 30, 34, 3, 4, 23, 34, 4, 15, 16, 0, 36, 15, 0, 36, 14, 15, 1, 36, 0, 37, 14, 36, 20, 37, 36, 21, 36, 1, 35, 21, 1, 29, 36, 21, 2, 35, 1, 30, 21, 35, 20, 36, 29, 28, 20, 29, 33, 28, 29, 29, 21, 30, 32, 29, 30, 14, 38, 13, 19, 38, 14, 27, 18, 38, 27, 38, 19, 37, 19, 14, 28, 19, 37, 28, 37, 20, 27, 19, 28, 9, 26, 27, 28, 8, 9, 28, 9, 27, 17, 11, 12, 39, 12, 13, 17, 12, 39, 38, 18, 39, 10, 11, 17, 26, 10, 17, 26, 17, 39, 26, 39, 18, 13, 38, 39, 26, 18, 27, 9, 10, 26 ],
				"vertices": [ 3, 20, 27.22, 44.6, 0.06522, 22, 22.66, 38.58, 0.22444, 25, 12.79, 35.95, 0.71031, 4, 20, 47.11, 37, 0.00981, 22, 38.38, 24.22, 0.08792, 25, 22.41, 16.95999, 0.88364, 28, -15.93, 6.63, 0.01861, 4, 20, 59.88, 32.12, 6.0E-5, 22, 48.48, 15, 0.00459, 25, 28.59, 4.76, 0.49557, 28, -2.26, 7.01, 0.49976, 1, 28, 9.97999, 7.35, 1, 2, 28, 30.43, 7.91, 0.66561, 31, -7.63, 10.69, 0.33438, 2, 31, 7.06, 6.62, 0.73621, 33, -3.62, 5.68, 0.26378, 1, 33, 16.5, 7.8, 1, 2, 22, 34.88, -48.41, 0.0394, 33, 36.89, 9.93999, 0.96059, 2, 22, 24.91, -39.3, 0.23747, 33, 38.3, -3.47, 0.76252, 3, 20, 35.91999, -18.66, 0.00699, 22, 7.57, -23.47, 0.82989, 33, 40.75999, -26.82, 0.1631, 3, 20, 12.78, -9.82, 0.89049, 22, -10.71, -6.77, 0.10782, 33, 43.35, -51.44, 0.00168, 4, 20, -2.39, -4.02, 0.98774, 22, -22.71, 4.19, 0.00457, 25, -41.82, 19.85, 0.00767, 28, -45.98, -50.2, 0, 4, 20, 0.54, 3.67, 0.97991, 22, -17.16, 10.27, 0.00278, 25, -34.47, 23.57, 0.01727, 28, -46.21, -41.96, 0, 4, 20, 3.85, 12.34, 0.8235, 22, -10.89, 17.12999, 0.06263, 25, -26.18, 27.77, 0.11381, 28, -46.46, -32.68, 4.0E-5, 4, 20, 9.60999, 27.41, 0.25705, 22, -0.02, 29.04, 0.26535, 25, -11.8, 35.06, 0.47737, 28, -46.9, -16.56, 2.1E-4, 4, 20, 12.74, 35.59999, 0.13283, 22, 5.89, 35.52, 0.25785, 25, -3.97, 39.02, 0.60895, 28, -47.14, -7.79, 3.3E-4, 4, 20, 17.58, 48.28, 0.07993, 22, 15.04, 45.54, 0.23466, 25, 8.13, 45.16, 0.6849, 28, -47.52, 5.77, 4.8E-4, 1, 20, 3.66, -1.52, 1, 1, 20, 16.35, 0.94, 1, 4, 20, 30.41, 4.13, 3.3E-4, 22, 10.8, -0.23, 0.9467, 25, -12.04, 3.84, 0.05296, 28, -18.79, -30.11, 0, 3, 25, 1.08, -1.79, 0.96944, 31, 8.38, -34.50999, 0.00102, 33, 12.67, -32.11, 0.02952, 1, 25, 17.75, -0.72, 1, 1, 28, 10.64, 1.92, 1, 2, 28, 24.25, -0.15, 0.05191, 31, -1.72, 2.41, 0.94808, 2, 31, 12.06, 1, 0.09663, 33, 3.08, 2.28, 0.90336, 1, 33, 18.29, 1.94, 1, 3, 20, 14.62, -6.81, 0.76843, 22, -7.9, -4.64, 0.22775, 33, 39.84, -51.17, 0.00381, 3, 20, 32.46, -4.23, 0.00652, 22, 9.63, -8.78, 0.95039, 33, 29.46, -36.43, 0.04308, 4, 22, 23.39, -6.14, 0.7973, 25, -2.34999, -6.13, 0.16136, 31, 13.85, -33.62, 2.9E-4, 33, 17.43, -29.27, 0.04102, 4, 25, 13.67, -4.38, 0.87642, 28, -0.36, -10.38, 0.04655, 31, 0.82, -24.12, 0.01374, 33, 1.82, -25.21, 0.06325, 4, 25, 24.25, -8.99, 0.10765, 28, 8.32, -2.78, 0.76483, 31, -3.88, -13.58, 0.06792, 33, -6.41, -17.12999, 0.05958, 4, 25, 29.67, -19.12, 0.00192, 28, 19.79, -2.21, 0.83879, 31, -1.05999, -2.45, 0.146, 33, -7.87, -5.74, 0.01327, 5, 22, 50.37, -16.96999, 7.7E-4, 25, 19.04, -25.81, 0.00747, 28, 21.29, -14.68, 0.00185, 31, 11.29, -4.67, 0.13416, 33, 4.44, -3.27, 0.85573, 4, 22, 41.64, -23.85, 0.02439, 25, 8.43999, -29.15, 0.0229, 31, 21.38, -9.33, 0.00884, 33, 15.53, -3.92, 0.94385, 2, 28, 21.92, 4.67999, 0.85697, 31, -7.03, 1.6, 0.14302, 2, 25, 23.92, -0.05, 0.5, 28, 0.1, 0.72, 0.5, 3, 20, 45.88, 15.35, 6.1E-4, 22, 29.3, 4.53, 0.02648, 25, 6.95, 1.75, 0.97289, 1, 22, 20.9, 2.58999, 1, 3, 22, 1.30999, 3.53, 0.97287, 25, -19.57, 10.73, 0.02711, 28, -28.23, -33.98, 0, 3, 20, 9.14, 3.42, 0.97454, 25, -28.26, 17.6, 0.02544, 28, -38.16, -38.9, 1.0E-5 ],
				"hull": 17,
				"edges": [ 12, 14, 8, 10, 10, 12, 8, 6, 22, 24, 24, 26, 26, 28, 28, 30, 30, 32, 0, 32, 0, 2, 2, 4, 4, 6, 14, 16, 16, 18, 18, 20, 20, 22 ],
				"width": 56,
				"height": 78
			}
		},
		"Rodney_eyes_normal": {
			"Rodney_eyes_damage": { "x": 19.21, "y": -48.69, "width": 300, "height": 300 },
			"Rodney_eyes_normal": { "x": 19.21, "y": -48.69, "width": 300, "height": 300 }
		},
		"hand_L": {
			"hand_L": { "x": -0.89, "y": 16.17, "rotation": 67.96, "width": 300, "height": 300 }
		},
		"hand_R": {
			"hand_R": { "x": -11.01, "y": 27.16, "rotation": -13.29, "width": 300, "height": 300 }
		},
		"head": {
			"head": { "x": -0.98, "y": 0.85, "rotation": -89.09, "width": 300, "height": 300 }
		},
		"head_light": {
			"head_light": { "x": -0.98, "y": 0.85, "rotation": -89.09, "width": 300, "height": 300 }
		}
	},
	"damage": {
		"PL": {
			"change": {
				"name": "PL_damage",
				"type": "skinnedmesh",
				"uvs": [ 1, 0.20835, 1, 0.43729, 1, 0.62616, 1, 0.82648, 1, 1, 0.85236, 1, 0.69756, 1, 0.5656, 1, 0.46409, 1, 0.2966, 1, 0.1215, 1, 0, 1, 0, 0.80359, 0, 0, 0.12403, 0, 0.28645, 0, 0.44633, 0, 0.63158, 0, 0.794, 0, 0.90058, 0, 1, 0, 0.95133, 0.09389, 0.81937, 0.16257, 0.75085, 0.29421, 0.68487, 0.47735, 0.60113, 0.63189, 0.42349, 0.58038, 0.256, 0.4888, 0.12403, 0.54604, 0.07582, 0.72918, 0.04283, 0.90089, 0.13672, 0.74063, 0.28391, 0.59755, 0.47424, 0.68912, 0.64681, 0.69484, 0.74324, 0.54604, 0.82699, 0.28276, 0.91073, 0.19118, 0.78638, 0.08816, 0.7204, 0.23125, 0.66965, 0.38006, 0.60874, 0.52314, 0.49962, 0.51742, 0.3905, 0.43729, 0.28391, 0.38578, 0.13672, 0.42012, 0.05298, 0.57465 ],
				"triangles": [ 10, 31, 9, 11, 30, 10, 10, 30, 31, 11, 12, 30, 31, 12, 29, 31, 30, 12, 12, 46, 29, 46, 12, 13, 32, 31, 28, 31, 29, 28, 29, 46, 28, 28, 46, 45, 28, 45, 27, 45, 13, 14, 13, 45, 46, 45, 14, 44, 31, 32, 33, 32, 26, 33, 28, 27, 32, 32, 27, 26, 27, 43, 26, 26, 43, 42, 27, 44, 43, 27, 45, 44, 16, 43, 44, 44, 15, 16, 39, 43, 16, 44, 14, 15, 8, 33, 7, 34, 33, 25, 34, 7, 33, 8, 9, 33, 9, 31, 33, 33, 42, 25, 33, 26, 42, 25, 42, 41, 5, 3, 4, 3, 5, 34, 34, 5, 6, 6, 7, 34, 3, 34, 2, 34, 35, 2, 34, 25, 35, 35, 41, 24, 41, 35, 25, 2, 35, 1, 1, 35, 36, 36, 24, 23, 36, 35, 24, 24, 41, 40, 40, 41, 42, 42, 43, 40, 24, 40, 23, 39, 40, 43, 40, 39, 23, 39, 16, 17, 23, 39, 36, 39, 22, 36, 39, 38, 22, 39, 17, 38, 38, 17, 18, 1, 36, 0, 36, 37, 0, 36, 22, 37, 37, 21, 0, 21, 20, 0, 37, 22, 21, 21, 22, 38, 21, 38, 19, 19, 38, 18, 21, 19, 20 ],
				"vertices": [ 4, 19, -6.31, 8.35, 0.86663, 21, -11.86, 15.18, 0.13291, 24, -39.03, -25.1, 5.0E-5, 27, -51.76, -39.93999, 3.9E-4, 4, 19, -3.23, 18.66, 0.50862, 21, -4, 22.54, 0.4912, 24, -40.22, -14.4, 1.0E-5, 27, -55.6, -29.88, 1.5E-4, 4, 19, -0.69, 27.17, 0.29953, 21, 2.46, 28.61, 0.70039, 24, -41.2, -5.58, 0, 27, -58.76, -21.59, 7.0E-5, 3, 19, 2, 36.18999, 0.19254, 21, 9.33, 35.04, 0.80741, 27, -62.12, -12.8, 3.0E-5, 3, 19, 4.34, 44, 0.16857, 21, 15.28, 40.62, 0.83139, 27, -65.03, -5.17999, 3.0E-5, 4, 19, 19.33, 39.52, 0.11144, 21, 25.98, 29.2, 0.87646, 24, -27.59, 13.6, 0.01207, 27, -50.41, 0.4, 1.0E-5, 3, 19, 35.05, 34.82, 0.02367, 21, 37.21, 17.23, 0.64502, 24, -11.28, 15.41, 0.3313, 4, 19, 48.45, 30.81, 5.1E-4, 21, 46.77, 7.02, 0.06267, 24, 2.60999, 16.95999, 0.91561, 27, -22.02, 11.24, 0.02119, 2, 24, 13.31, 18.14, 0.77414, 27, -11.97, 15.08, 0.22585, 3, 24, 30.95, 20.1, 0.10848, 27, 4.61, 21.42, 0.79555, 30, 13.17, 25.75, 0.09596, 2, 27, 21.95, 28.04, 0.17368, 30, 24.83, 11.31, 0.82631, 2, 27, 33.98, 32.64, 0.00313, 30, 32.91999, 1.29, 0.99686, 1, 30, 25.74, -4.5, 1, 2, 27, 50.75, -11.26, 0.04749, 30, -3.63, -28.23, 0.9525, 2, 27, 38.47, -15.95, 0.1897, 30, -11.89, -18, 0.81029, 4, 21, 32.71, -46.7, 0.02739, 24, 37.21, -26.48, 0.02333, 27, 22.39, -22.09, 0.73574, 30, -22.71, -4.61, 0.21351, 4, 21, 21.12, -34.33, 0.21833, 24, 20.37, -28.35, 0.13713, 27, 6.55, -28.14, 0.64393, 30, -33.36, 8.57, 5.8E-4, 4, 19, 28.29, -12.2, 0.00488, 21, 7.69, -20, 0.7697, 24, 0.85, -30.52, 0.06871, 27, -11.78, -35.15, 0.15669, 3, 19, 11.79, -7.27, 0.58845, 21, -4.07, -7.44, 0.40822, 27, -27.86, -41.29, 0.00332, 2, 19, 0.97, -4.04, 0.99999, 24, -27.48, -33.66999, 0, 4, 19, -9.12, -1.02, 0.98035, 21, -19, 8.47999, 0.01895, 24, -37.95, -34.83, 1.1E-4, 27, -48.26, -49.08, 5.6E-4, 4, 19, -2.91, 1.72, 0.96435, 21, -12.25, 7.74, 0.03517, 24, -33.31, -29.88, 7.0E-5, 27, -45.02, -43.12, 3.9E-4, 2, 19, 11.41, 0.81, 0.5, 21, -0.33, -0.25, 0.5, 1, 21, 9.14, -1.32, 1, 1, 21, 20.2, -0.54, 1, 1, 24, 0.78, -0.64999, 1, 1, 27, -0.91, -1.8, 1, 1, 27, 17.2, 0.51, 1, 1, 30, 8.06, -1.87, 1, 1, 30, 17.96999, -0.44, 1, 1, 30, 26.45, 1.9, 1, 2, 27, 24.79, 16.08, 0.15245, 30, 14.33, 4.91, 0.84753, 2, 27, 12.61, 4.23, 0.92421, 30, -0.69, 12.82, 0.07577, 2, 24, 13.85, 3.5, 0.94791, 27, -7.76, 1.04999, 0.05208, 3, 19, 36.09999, 19.54, 0.00885, 21, 30.42, 3.5, 0.95355, 24, -4.35, 1.75, 0.03759, 2, 19, 24.3, 15.76, 0.02911, 21, 18.33, 6.17, 0.97088, 2, 19, 12.25, 6.45, 0.3845, 21, 3.23, 4.19, 0.61549, 3, 19, 2.51, 4.87, 0.89931, 21, -5.97, 7.72, 0.10068, 24, -29.54, -24.86, 0, 3, 19, 13.76, -3.53, 0.29599, 21, -0.49, -5.19999, 0.69533, 27, -28.59, -37.13, 0.00866, 4, 19, 22.38, 0.9, 0.04763, 21, 9.18999, -5.7, 0.92513, 24, -9.7, -20.76, 0.00392, 27, -24.45, -28.36, 0.0233, 3, 21, 17.96999, -4.84, 0.96195, 24, -5.12, -13.21, 0.01936, 27, -21.92, -19.9, 0.01868, 3, 21, 27.29, -4.96, 0.89594, 24, 0.54, -5.81, 0.09638, 27, -18.29, -11.32, 0.00766, 3, 21, 35, -13.58, 0.15885, 24, 12.07, -4.8, 0.79072, 27, -7.39, -7.44, 0.05041, 3, 21, 40.16999, -24.59, 0.03113, 24, 23.98, -7.27, 0.10921, 27, 4.75, -6.83, 0.85965, 3, 21, 46.13, -34.49, 0.00516, 24, 35.48, -8.43, 0.00594, 27, 16.17, -5.06, 0.98889, 1, 30, 2.60999, -4.55, 1, 1, 30, 13.84, -6.89, 1 ],
				"hull": 21,
				"edges": [ 38, 40, 22, 24, 24, 26, 26, 28, 28, 30, 30, 32, 32, 34, 34, 36, 36, 38, 0, 40, 0, 2, 2, 4, 4, 6, 6, 8, 8, 10, 10, 12, 12, 14, 14, 16, 16, 18, 18, 20, 20, 22 ],
				"width": 106,
				"height": 47
			}
		},
		"Rodney_body_normal": {
			"Body_Change": { "name": "Rodney_body_damage", "x": 131.3, "y": 10.78, "rotation": -90, "width": 300, "height": 300 }
		},
		"Rodney_ship_armor_normal": {
			"Ship_armor_normal": { "name": "Rodney_ship_armor_damage", "x": 49.21, "y": 31.3, "width": 300, "height": 300 }
		},
		"leg_L": {
			"change": { "name": "leg_L_damage", "x": -71.31, "y": 18.34, "rotation": 85.49, "width": 300, "height": 300 }
		},
		"leg_R": {
			"change": { "name": "leg_R_damage", "x": -61.64, "y": -23.15, "rotation": 102.43, "width": 300, "height": 300 }
		}
	},
	"normal": {
		"PL": {
			"change": {
				"name": "PL",
				"type": "skinnedmesh",
				"uvs": [ 1, 0.24646, 1, 0.46093, 1, 0.74212, 1, 1, 0.87439, 1, 0.72576, 1, 0.55828, 1, 0.3908, 1, 0.19402, 1, 0.08097, 1, 0, 1, 0, 0.70876, 0, 0, 0.08934, 0, 0.2631, 0, 0.4243, 0, 0.57293, 0, 0.72366, 0, 0.85974, 0, 1, 0, 0.95394, 0.07489, 0.84718, 0.14637, 0.76134, 0.31318, 0.69017, 0.47046, 0.62736, 0.62774, 0.51013, 0.60867, 0.37405, 0.54195, 0.25054, 0.46093, 0.13749, 0.48952, 0.0705, 0.66586, 0.03491, 0.88033, 0.11656, 0.78025, 0.21704, 0.58961, 0.35103, 0.62774, 0.48501, 0.69923, 0.61899, 0.70876, 0.71947, 0.59914, 0.80949, 0.33701, 0.91626, 0.18927, 0.76134, 0.13684, 0.68389, 0.31318, 0.63574, 0.4514, 0.51641, 0.50859, 0.40336, 0.4371, 0.29869, 0.39897, 0.18774, 0.39897, 0.04538, 0.55625 ],
				"triangles": [ 8, 30, 31, 31, 7, 8, 10, 30, 9, 8, 9, 30, 10, 11, 30, 30, 11, 31, 11, 29, 31, 31, 29, 32, 11, 46, 29, 46, 11, 12, 32, 46, 28, 32, 29, 46, 32, 28, 27, 28, 46, 45, 45, 46, 12, 28, 45, 27, 13, 45, 12, 45, 13, 14, 34, 7, 33, 33, 7, 31, 33, 31, 32, 33, 26, 25, 33, 32, 26, 32, 27, 26, 27, 44, 26, 26, 43, 42, 26, 44, 43, 27, 45, 44, 43, 15, 40, 43, 44, 15, 45, 14, 44, 44, 14, 15, 6, 35, 5, 35, 6, 34, 6, 7, 34, 34, 25, 35, 35, 25, 24, 34, 33, 25, 25, 42, 24, 25, 26, 42, 4, 2, 3, 2, 4, 35, 35, 4, 5, 35, 24, 36, 2, 35, 36, 36, 1, 2, 24, 23, 36, 24, 41, 23, 24, 42, 41, 1, 23, 37, 1, 36, 23, 42, 43, 41, 41, 40, 23, 23, 22, 37, 23, 40, 22, 1, 37, 0, 41, 43, 40, 15, 16, 40, 37, 22, 21, 22, 39, 21, 22, 40, 39, 39, 16, 17, 39, 40, 16, 39, 17, 18, 37, 38, 0, 38, 37, 21, 38, 20, 0, 20, 19, 0, 38, 21, 20, 20, 21, 18, 21, 39, 18, 20, 18, 19 ],
				"vertices": [ 2, 19, -6.28, 10.22, 0.81138, 21, -10.89, 16.77, 0.18861, 3, 19, -3.39, 19.87, 0.46237, 21, -3.54, 23.67, 0.5375, 24, -40.84999, -13.35, 1.1E-4, 3, 19, 0.38, 32.54, 0.20425, 21, 6.1, 32.7, 0.78281, 24, -42.31, -0.22, 0.01292, 3, 19, 3.85, 44.15, 0.14655, 21, 14.94, 40.99, 0.83025, 24, -43.65, 11.82, 0.02319, 3, 19, 16.73, 40.3, 0.10171, 21, 24.13, 31.18, 0.82424, 24, -30.29, 13.3, 0.07402, 3, 19, 31.97, 35.74, 0.02175, 21, 35.00999, 19.58, 0.61824, 24, -14.48, 15.06, 0.35999, 3, 21, 47.26, 6.5, 0.06679, 24, 3.32, 17.04, 0.9053, 27, -21.35, 11.5, 0.0279, 2, 24, 21.13, 19.02, 0.43364, 27, -4.61, 17.89, 0.56635, 3, 24, 42.06, 21.34, 0.00186, 27, 15.05, 25.41, 0.54698, 30, 20.19, 17.06, 0.45113, 3, 24, 54.08, 22.68, 0, 27, 26.35, 29.72, 0.05137, 30, 27.79, 7.65, 0.94862, 2, 24, 62.69, 23.63, 0, 30, 33.23, 0.91, 0.99999, 1, 30, 22.59, -7.68, 1, 2, 27, 51.21, -11.08, 0.02511, 30, -3.32, -28.61, 0.97488, 2, 27, 42.28, -14.49, 0.09016, 30, -9.33, -21.17, 0.90983, 4, 21, 34.56, -48.67, 0.01233, 24, 39.9, -26.18, 0.01781, 27, 24.91, -21.13, 0.64973, 30, -21.01, -6.71, 0.32012, 4, 21, 22.77, -36.09, 0.1436, 24, 22.76, -28.08, 0.15463, 27, 8.8, -27.28, 0.68791, 30, -31.85, 6.7, 0.01384, 3, 21, 11.89, -24.48, 0.56214, 24, 6.95, -29.84, 0.16809, 27, -6.05, -32.96, 0.26975, 4, 19, 18.71999, -9.34, 0.11311, 21, 0.87, -12.71, 0.83993, 24, -9.07, -31.62, 0.01631, 27, -21.11, -38.71, 0.03064, 1, 19, 4.77, -5.17, 1, 1, 19, -9.6, -0.87, 1, 2, 19, -3.87, 1.08, 0.98417, 21, -13.41, 7.66, 0.01582, 2, 19, 8.03, 1.03, 0.61883, 21, -3.14, 1.62, 0.38115, 1, 21, 8.85, 0.28, 1, 1, 21, 19.45, -0.21, 1, 1, 21, 29.44, -0.06, 1, 1, 24, 10.47, -0.66, 1, 1, 27, 4.73, -1.57, 1, 1, 27, 18.44, -0.41, 1, 1, 30, 5.33, -2.71, 1, 1, 30, 16.28, -3.08, 1, 1, 30, 26.51, 0.28, 1, 2, 27, 26.47, 18.71999, 0.0545, 30, 17.36, 4.12, 0.94549, 2, 27, 19.62999, 6.51, 0.48171, 30, 3.64, 6.86, 0.51828, 1, 27, 5.6, 3.07, 1, 2, 24, 12.67, 3.85, 0.93822, 27, -8.99, 1.09, 0.06177, 3, 19, 38.99, 19.36, 0.00182, 21, 32.83, 1.88, 0.4762, 24, -1.62, 2.71, 0.52196, 3, 19, 27.21, 17.5, 0.01125, 21, 21.72, 6.21, 0.89698, 24, -11.73, -3.58, 0.09176, 2, 19, 14.46, 8.46, 0.18371, 21, 6.14, 4.81, 0.81628, 2, 19, 1.52, 5.07, 0.90521, 21, -6.73, 8.39999, 0.09478, 4, 19, 16.7, -2.02, 0.17557, 21, 2.8, -5.37, 0.80695, 24, -13.79, -25.67, 0.00533, 27, -27.17, -34.14, 0.01213, 3, 21, 14.52, -5.75, 0.93492, 24, -6.46, -16.52, 0.03108, 27, -22.39, -23.44, 0.03399, 3, 21, 22.78, -5.07, 0.9735, 24, -2.06, -9.5, 0.01066, 27, -19.89, -15.54, 0.01583, 3, 21, 33.47, -12.55, 0.07576, 24, 10.32, -5.41, 0.85241, 27, -8.93, -8.47, 0.07182, 3, 21, 39.29, -23.67, 0.03773, 24, 22.72, -7.42, 0.16812, 27, 3.56, -7.29, 0.79414, 3, 21, 45.64, -33.07, 0.00378, 24, 34.04, -7.96, 0.00607, 27, 14.66, -4.96999, 0.99014, 1, 30, -1.35, -1.2, 1, 1, 30, 13.96, -8.41, 1 ],
				"hull": 20,
				"edges": [ 36, 38, 20, 22, 22, 24, 24, 26, 26, 28, 28, 30, 30, 32, 32, 34, 34, 36, 0, 38, 0, 2, 2, 4, 4, 6, 6, 8, 8, 10, 10, 12, 12, 14, 14, 16, 16, 18, 18, 20 ],
				"width": 107,
				"height": 47
			}
		},
		"Rodney_body_normal": {
			"Body_Change": { "name": "Rodney_body_normal", "x": 131.3, "y": 10.78, "rotation": -90, "width": 300, "height": 300 }
		},
		"Rodney_ship_armor_normal": {
			"Ship_armor_normal": { "name": "Rodney_ship_armor_normal", "x": 49.21, "y": 31.3, "width": 300, "height": 300 }
		},
		"leg_L": {
			"change": { "name": "leg_L", "x": -71.31, "y": 18.34, "rotation": 85.49, "width": 300, "height": 300 }
		},
		"leg_R": {
			"change": { "name": "leg_R", "x": -61.64, "y": -23.15, "rotation": 102.43, "width": 300, "height": 300 }
		}
	}
},
"events": {
	"Antiaircraft": {},
	"attack_point": {},
	"damage_point": {},
	"throw_point": {}
},
"animations": {
	"Antiaircraft": {
		"slots": {
			"Leg_light": {
				"attachment": [
					{ "time": 0, "name": null },
					{ "time": 0.0666, "name": "Leg_R_light" },
					{ "time": 0.5, "name": "Leg_R_light" },
					{ "time": 1.2666, "name": "Leg_R_light" },
					{ "time": 2, "name": null }
				],
				"color": [
					{ "time": 0, "color": "ff476dff" },
					{ "time": 0.0666, "color": "fffffffd" },
					{ "time": 0.1666, "color": "ffffff00" },
					{ "time": 0.2, "color": "ffffffff" },
					{ "time": 0.3333, "color": "ffffff00" },
					{ "time": 0.3666, "color": "ffffffff" },
					{ "time": 0.4666, "color": "ffffff00" },
					{ "time": 0.6, "color": "ffffffff" },
					{ "time": 0.7333, "color": "ffffff00" },
					{ "time": 0.8, "color": "ffffffff" },
					{ "time": 0.9, "color": "ffffff00" },
					{ "time": 0.9666, "color": "ffffffff" },
					{ "time": 1.1, "color": "ffffff00" },
					{ "time": 1.1333, "color": "ffffffff" },
					{ "time": 1.2333, "color": "ffffff00" },
					{ "time": 1.3666, "color": "ffffffff" },
					{ "time": 1.4666, "color": "ffffff00" },
					{ "time": 1.5333, "color": "ffffffff" },
					{ "time": 1.6333, "color": "ffffff00" },
					{ "time": 1.7, "color": "ffffffff" },
					{ "time": 1.8333, "color": "ffffff00" },
					{ "time": 1.8666, "color": "ffffffff" },
					{ "time": 1.9666, "color": "ffffff00" }
				]
			},
			"Light_Body": {
				"attachment": [
					{ "time": 0, "name": null },
					{ "time": 0.0666, "name": "Rodney_ship_body_normal_light" },
					{ "time": 0.5, "name": "Rodney_ship_body_normal_light" },
					{ "time": 1.2666, "name": "Rodney_ship_body_normal_light" },
					{ "time": 2, "name": null }
				],
				"color": [
					{ "time": 0.0666, "color": "fffffffd" },
					{ "time": 0.1666, "color": "ffffff00" },
					{ "time": 0.2, "color": "ffffffff" },
					{ "time": 0.3333, "color": "ffffff00" },
					{ "time": 0.3666, "color": "ffffffff" },
					{ "time": 0.4666, "color": "ffffff00" },
					{ "time": 0.6, "color": "ffffffff" },
					{ "time": 0.7333, "color": "ffffff00" },
					{ "time": 0.8, "color": "ffffffff" },
					{ "time": 0.9, "color": "ffffff00" },
					{ "time": 0.9666, "color": "ffffffff" },
					{ "time": 1.1, "color": "ffffff00" },
					{ "time": 1.1333, "color": "ffffffff" },
					{ "time": 1.2333, "color": "ffffff00" },
					{ "time": 1.3666, "color": "ffffffff" },
					{ "time": 1.4666, "color": "ffffff00" },
					{ "time": 1.5333, "color": "ffffffff" },
					{ "time": 1.6333, "color": "ffffff00" },
					{ "time": 1.7, "color": "ffffffff" },
					{ "time": 1.8333, "color": "ffffff00" },
					{ "time": 1.8666, "color": "ffffffff" },
					{ "time": 1.9666, "color": "ffffff00" }
				]
			},
			"Rodney_body_normal": {
				"attachment": [
					{ "time": 0, "name": "Body_Change" }
				]
			},
			"Rodney_ship_armor_normal": {
				"attachment": [
					{ "time": 0, "name": "Ship_armor_normal" }
				]
			},
			"head_light": {
				"attachment": [
					{ "time": 0, "name": null },
					{ "time": 0.0666, "name": "head_light" }
				],
				"color": [
					{ "time": 0.0666, "color": "fffffffd" },
					{ "time": 0.1666, "color": "ffffff00" },
					{ "time": 0.2, "color": "ffffffff" },
					{ "time": 0.3333, "color": "ffffff00" },
					{ "time": 0.3666, "color": "ffffffff" },
					{ "time": 0.4666, "color": "ffffff00" },
					{ "time": 0.6, "color": "ffffffff" },
					{ "time": 0.7333, "color": "ffffff00" },
					{ "time": 0.8, "color": "ffffffff" },
					{ "time": 0.9, "color": "ffffff00" },
					{ "time": 0.9666, "color": "ffffffff" },
					{ "time": 1.1, "color": "ffffff00" },
					{ "time": 1.1333, "color": "ffffffff" },
					{ "time": 1.2333, "color": "ffffff00" },
					{ "time": 1.3666, "color": "ffffffff" },
					{ "time": 1.4666, "color": "ffffff00" },
					{ "time": 1.5333, "color": "ffffffff" },
					{ "time": 1.6333, "color": "ffffff00" },
					{ "time": 1.7, "color": "ffffffff" },
					{ "time": 1.8333, "color": "ffffff00" },
					{ "time": 1.8666, "color": "ffffffff" },
					{ "time": 1.9666, "color": "ffffff00" }
				]
			}
		},
		"bones": {
			"Body": {
				"rotate": [
					{ "time": 0, "angle": 0, "curve": "stepped" },
					{ "time": 2, "angle": 0 }
				],
				"translate": [
					{ "time": 0, "x": 0, "y": 0, "curve": "stepped" },
					{ "time": 2, "x": 0, "y": 0 }
				]
			},
			"Ship": {
				"rotate": [
					{
						"time": 0,
						"angle": 0,
						"curve": [ 0.286, 0.34, 0.623, 0.67 ]
					},
					{
						"time": 0.5,
						"angle": -363.3,
						"curve": [ 0.282, 0.37, 0.624, 0.71 ]
					},
					{
						"time": 1.5,
						"angle": -355.22,
						"curve": [ 0.321, 0.37, 0.656, 0.71 ]
					},
					{ "time": 2, "angle": 0 }
				],
				"translate": [
					{
						"time": 0,
						"x": 0,
						"y": 0,
						"curve": [ 0.329, 0.33, 0.663, 0.66 ]
					},
					{
						"time": 0.5,
						"x": 6.1,
						"y": -6.94,
						"curve": [ 0.326, 0.33, 0.659, 0.66 ]
					},
					{
						"time": 1.5,
						"x": -10.8,
						"y": -4.46,
						"curve": [ 0.33, 0.33, 0.663, 0.66 ]
					},
					{ "time": 2, "x": 0, "y": 0 }
				]
			},
			"Root_All": {
				"rotate": [
					{ "time": 0, "angle": 0, "curve": "stepped" },
					{ "time": 2, "angle": 0 }
				],
				"translate": [
					{
						"time": 0,
						"x": 0,
						"y": 0,
						"curve": [ 0.255, 0.35, 0.6, 0.7 ]
					},
					{
						"time": 0.5,
						"x": 0,
						"y": -9.82,
						"curve": [ 0.3, 0.39, 0.641, 0.74 ]
					},
					{
						"time": 1,
						"x": 0,
						"y": -15.66,
						"curve": [ 0.322, 0.37, 0.652, 0.7 ]
					},
					{
						"time": 1.5,
						"x": 0,
						"y": -7.79,
						"curve": [ 0.314, 0.36, 0.644, 0.68 ]
					},
					{ "time": 2, "x": 0, "y": 0 }
				]
			},
			"Ship_All": {
				"rotate": [
					{ "time": 0, "angle": 0, "curve": "stepped" },
					{ "time": 2, "angle": 0 }
				],
				"translate": [
					{ "time": 0, "x": 0, "y": 0, "curve": "stepped" },
					{ "time": 2, "x": 0, "y": 0 }
				]
			},
			"Face": {
				"rotate": [
					{ "time": 0, "angle": 0, "curve": "stepped" },
					{ "time": 2, "angle": 0 }
				],
				"translate": [
					{
						"time": 0,
						"x": 0,
						"y": 0,
						"curve": [ 0.286, 0.34, 0.623, 0.67 ]
					},
					{
						"time": 0.5,
						"x": 0.64,
						"y": 0,
						"curve": [ 0.282, 0.37, 0.624, 0.71 ]
					},
					{
						"time": 1.5,
						"x": -1.28,
						"y": 0,
						"curve": [ 0.321, 0.37, 0.656, 0.71 ]
					},
					{ "time": 2, "x": 0, "y": 0 }
				]
			},
			"Head": {
				"rotate": [
					{ "time": 0, "angle": 0 },
					{ "time": 0.5, "angle": -5.96 },
					{ "time": 1, "angle": 0 },
					{ "time": 1.5, "angle": 3.91 },
					{ "time": 2, "angle": 0 }
				],
				"translate": [
					{ "time": 0, "x": 0, "y": 0, "curve": "stepped" },
					{ "time": 1, "x": 0, "y": 0, "curve": "stepped" },
					{ "time": 2, "x": 0, "y": 0 }
				]
			},
			"Leg_R": {
				"rotate": [
					{ "time": 0, "angle": 0 },
					{ "time": 1, "angle": -4.93 },
					{ "time": 2, "angle": 0 }
				],
				"translate": [
					{ "time": 0, "x": 0, "y": 0, "curve": "stepped" },
					{ "time": 2, "x": 0, "y": 0 }
				]
			},
			"Leg_L": {
				"rotate": [
					{ "time": 0, "angle": 0 },
					{ "time": 1, "angle": 3.53 },
					{ "time": 2, "angle": 0 }
				],
				"translate": [
					{ "time": 0, "x": 0, "y": 0 },
					{ "time": 1, "x": -0.65, "y": 0 },
					{ "time": 2, "x": 0, "y": 0 }
				]
			},
			"Hand_R": {
				"rotate": [
					{ "time": 0, "angle": 0 },
					{ "time": 0.5, "angle": 7.56 },
					{ "time": 1, "angle": 0 },
					{ "time": 1.5, "angle": -4.4 },
					{ "time": 2, "angle": 0 }
				],
				"translate": [
					{ "time": 0, "x": 0, "y": 0 },
					{ "time": 0.5, "x": 0.6, "y": -0.07 },
					{ "time": 1, "x": 0, "y": 0 },
					{ "time": 1.5, "x": -5.22, "y": 2.22 },
					{ "time": 2, "x": 0, "y": 0 }
				]
			},
			"BOOM_L": {
				"rotate": [
					{ "time": 0, "angle": 0 },
					{ "time": 0.5, "angle": -14.29 },
					{ "time": 1, "angle": 0 },
					{ "time": 1.5, "angle": 8.81 },
					{ "time": 2, "angle": 0 }
				],
				"translate": [
					{ "time": 0, "x": 0, "y": 0, "curve": "stepped" },
					{ "time": 1, "x": 0, "y": 0, "curve": "stepped" },
					{ "time": 2, "x": 0, "y": 0 }
				]
			},
			"PR_1": {
				"rotate": [
					{ "time": 0, "angle": 0 },
					{ "time": 1, "angle": 17.03 },
					{ "time": 2, "angle": 0 }
				],
				"translate": [
					{ "time": 0, "x": 0, "y": 0, "curve": "stepped" },
					{ "time": 2, "x": 0, "y": 0 }
				]
			},
			"PR_6": {
				"rotate": [
					{ "time": 0, "angle": 0 },
					{ "time": 1, "angle": -39.89 },
					{ "time": 2, "angle": 0 }
				],
				"translate": [
					{ "time": 0, "x": 0, "y": 0, "curve": "stepped" },
					{ "time": 2, "x": 0, "y": 0 }
				]
			},
			"PR_5": {
				"rotate": [
					{ "time": 0, "angle": 0 },
					{ "time": 1, "angle": 28.6 },
					{ "time": 2, "angle": 0 }
				],
				"translate": [
					{ "time": 0, "x": 0, "y": 0, "curve": "stepped" },
					{ "time": 2, "x": 0, "y": 0 }
				]
			},
			"PR_4": {
				"rotate": [
					{ "time": 0, "angle": 0 },
					{ "time": 1, "angle": 16.01 },
					{ "time": 2, "angle": 0 }
				],
				"translate": [
					{ "time": 0, "x": 0, "y": 0, "curve": "stepped" },
					{ "time": 2, "x": 0, "y": 0 }
				]
			},
			"PR_3": {
				"rotate": [
					{ "time": 0, "angle": 0 },
					{ "time": 1, "angle": 15.71 },
					{ "time": 2, "angle": 0 }
				],
				"translate": [
					{ "time": 0, "x": 0, "y": 0, "curve": "stepped" },
					{ "time": 2, "x": 0, "y": 0 }
				]
			},
			"PR_2": {
				"rotate": [
					{ "time": 0, "angle": 0 },
					{ "time": 1, "angle": 0.27 },
					{ "time": 2, "angle": 0 }
				],
				"translate": [
					{ "time": 0, "x": 0, "y": 0, "curve": "stepped" },
					{ "time": 2, "x": 0, "y": 0 }
				]
			},
			"Hand_L": {
				"rotate": [
					{ "time": 0, "angle": 0 },
					{ "time": 1, "angle": 11.12 },
					{ "time": 2, "angle": 0 }
				],
				"translate": [
					{ "time": 0, "x": 0, "y": 0 },
					{ "time": 1, "x": 1.67, "y": -1.67 },
					{ "time": 2, "x": 0, "y": 0 }
				]
			},
			"dr1": {
				"rotate": [
					{ "time": 0, "angle": 0 },
					{ "time": 0.6666, "angle": -11.38 },
					{ "time": 1.3333, "angle": 14.2 },
					{ "time": 2, "angle": 0 }
				],
				"translate": [
					{ "time": 0, "x": 0, "y": 0, "curve": "stepped" },
					{ "time": 2, "x": 0, "y": 0 }
				]
			},
			"dr4": {
				"rotate": [
					{ "time": 0, "angle": 0 },
					{ "time": 0.6666, "angle": -5.26 },
					{ "time": 1.3333, "angle": 21.96 },
					{ "time": 2, "angle": 0 }
				],
				"translate": [
					{ "time": 0, "x": 0, "y": 0, "curve": "stepped" },
					{ "time": 2, "x": 0, "y": 0 }
				]
			},
			"dr3": {
				"rotate": [
					{ "time": 0, "angle": 0 },
					{ "time": 0.6666, "angle": -10.77 },
					{ "time": 1.3333, "angle": 12.57 },
					{ "time": 2, "angle": 0 }
				],
				"translate": [
					{ "time": 0, "x": 0, "y": 0, "curve": "stepped" },
					{ "time": 2, "x": 0, "y": 0 }
				]
			},
			"dr2": {
				"rotate": [
					{ "time": 0, "angle": 0 },
					{ "time": 0.6666, "angle": -9.04 },
					{ "time": 1.3333, "angle": 16.07 },
					{ "time": 2, "angle": 0 }
				],
				"translate": [
					{ "time": 0, "x": 0, "y": 0, "curve": "stepped" },
					{ "time": 2, "x": 0, "y": 0 }
				]
			},
			"PL_1": {
				"rotate": [
					{ "time": 0, "angle": 0 },
					{ "time": 1, "angle": -4.88 },
					{ "time": 2, "angle": 0 }
				],
				"translate": [
					{ "time": 0, "x": 0, "y": 0, "curve": "stepped" },
					{ "time": 2, "x": 0, "y": 0 }
				]
			},
			"PL_5": {
				"rotate": [
					{ "time": 0, "angle": 0 },
					{ "time": 1, "angle": 20.25 },
					{ "time": 2, "angle": 0 }
				],
				"translate": [
					{ "time": 0, "x": 0, "y": 0, "curve": "stepped" },
					{ "time": 2, "x": 0, "y": 0 }
				]
			},
			"PL_4": {
				"rotate": [
					{ "time": 0, "angle": 0 },
					{ "time": 1, "angle": 21.74 },
					{ "time": 2, "angle": 0 }
				],
				"translate": [
					{ "time": 0, "x": 0, "y": 0 },
					{ "time": 1, "x": 0.67, "y": -1.86 },
					{ "time": 2, "x": 0, "y": 0 }
				]
			},
			"PL_3": {
				"rotate": [
					{ "time": 0, "angle": 0 },
					{ "time": 1, "angle": 4.25 },
					{ "time": 2, "angle": 0 }
				],
				"translate": [
					{ "time": 0, "x": 0, "y": 0, "curve": "stepped" },
					{ "time": 2, "x": 0, "y": 0 }
				]
			},
			"PL_2": {
				"rotate": [
					{ "time": 0, "angle": 0 },
					{ "time": 1, "angle": -39.18 },
					{ "time": 2, "angle": 0 }
				],
				"translate": [
					{ "time": 0, "x": 0, "y": 0, "curve": "stepped" },
					{ "time": 2, "x": 0, "y": 0 }
				]
			}
		},
		"events": [
			{ "time": 0.0666, "name": "Antiaircraft" }
		]
	},
	"attack": {
		"slots": {
			"Leg_light": {
				"attachment": [
					{ "time": 0, "name": null },
					{ "time": 0.0666, "name": "Leg_R_light" }
				],
				"color": [
					{ "time": 0.5333, "color": "fffffffb" },
					{ "time": 0.8333, "color": "ffffff00" }
				]
			},
			"Light_Body": {
				"attachment": [
					{ "time": 0, "name": null },
					{ "time": 0.0666, "name": "Rodney_ship_body_normal_light" }
				],
				"color": [
					{ "time": 0.5333, "color": "fffffffb" },
					{ "time": 0.8333, "color": "ffffff00" }
				]
			},
			"Rodney_body_normal": {
				"attachment": [
					{ "time": 0, "name": "Body_Change" },
					{ "time": 0.9, "name": "Body_Change" }
				]
			},
			"Rodney_ship_armor_normal": {
				"attachment": [
					{ "time": 0, "name": "Ship_armor_normal" },
					{ "time": 0.9, "name": "Ship_armor_normal" },
					{ "time": 1.6666, "name": "Ship_armor_normal" }
				]
			},
			"head_light": {
				"attachment": [
					{ "time": 0, "name": null },
					{ "time": 0.0666, "name": "head_light" }
				],
				"color": [
					{ "time": 0.5333, "color": "fffffffb" },
					{ "time": 0.8333, "color": "ffffff00" }
				]
			}
		},
		"bones": {
			"Root_All": {
				"rotate": [
					{ "time": 0, "angle": 0, "curve": "stepped" },
					{ "time": 1.6666, "angle": 0 }
				],
				"translate": [
					{
						"time": 0,
						"x": 0,
						"y": 0,
						"curve": [ 0.255, 0.35, 0.6, 0.7 ]
					},
					{ "time": 0.0666, "x": 8.69, "y": 0 },
					{ "time": 0.1666, "x": -87.44, "y": 0 },
					{ "time": 0.3333, "x": -61.04, "y": 0 },
					{ "time": 0.5333, "x": -69.84, "y": 0 },
					{ "time": 1, "x": -85.6, "y": 0 },
					{ "time": 1.4, "x": 15.07, "y": 0 },
					{ "time": 1.6666, "x": 0, "y": 0 }
				]
			},
			"Ship": {
				"rotate": [
					{
						"time": 0,
						"angle": 0,
						"curve": [ 0.219, 0.41, 0.591, 0.77 ]
					},
					{ "time": 0.0666, "angle": -366.07 },
					{ "time": 0.1666, "angle": -347.63 },
					{ "time": 0.3333, "angle": -366.65 },
					{ "time": 0.8, "angle": -359.77 },
					{ "time": 1.2666, "angle": -357.23 },
					{ "time": 1.6666, "angle": 0 }
				],
				"translate": [
					{
						"time": 0,
						"x": 0,
						"y": 0,
						"curve": [ 0.319, 0.33, 0.653, 0.66 ]
					},
					{ "time": 0.0666, "x": 0.81, "y": 0.6 },
					{ "time": 0.1666, "x": -1.37, "y": 0.7 },
					{ "time": 0.3333, "x": 1.54, "y": 0.76 },
					{ "time": 0.8, "x": -4.76, "y": -2.14 },
					{ "time": 1.2666, "x": 0.73, "y": -0.09 },
					{ "time": 1.6666, "x": 0, "y": 0 }
				]
			},
			"Face": {
				"rotate": [
					{ "time": 0, "angle": 0, "curve": "stepped" },
					{ "time": 1.6666, "angle": 0 }
				],
				"translate": [
					{
						"time": 0,
						"x": 0,
						"y": 0,
						"curve": [ 0.286, 0.34, 0.623, 0.67 ]
					},
					{ "time": 0.1666, "x": 0, "y": 3.4 },
					{ "time": 0.3333, "x": 0, "y": -0.66 },
					{ "time": 0.9, "x": 0, "y": -1.2 },
					{ "time": 1, "x": 0, "y": -0.44 },
					{ "time": 1.6666, "x": 0, "y": 0 }
				]
			},
			"Ship_All": {
				"rotate": [
					{ "time": 0, "angle": 0, "curve": "stepped" },
					{ "time": 1.6666, "angle": 0 }
				],
				"translate": [
					{ "time": 0, "x": 0, "y": 0, "curve": "stepped" },
					{ "time": 1.6666, "x": 0, "y": 0 }
				]
			},
			"Body": {
				"rotate": [
					{ "time": 0, "angle": 0, "curve": "stepped" },
					{ "time": 1.6666, "angle": 0 }
				],
				"translate": [
					{ "time": 0, "x": 0, "y": 0, "curve": "stepped" },
					{ "time": 1.6666, "x": 0, "y": 0 }
				]
			},
			"Attack_Point": {
				"rotate": [
					{ "time": 0.0666, "angle": 0 }
				],
				"translate": [
					{ "time": 0.0666, "x": 0, "y": 0 }
				]
			},
			"Head": {
				"rotate": [
					{ "time": 0, "angle": 0 },
					{ "time": 0.8333, "angle": -5.02 },
					{ "time": 1.3333, "angle": 1.69 },
					{ "time": 1.6666, "angle": 0 }
				],
				"translate": [
					{ "time": 0, "x": 0, "y": 0, "curve": "stepped" },
					{ "time": 1.6666, "x": 0, "y": 0 }
				]
			},
			"Leg_R": {
				"rotate": [
					{ "time": 0, "angle": 0 },
					{ "time": 0.8333, "angle": -0.84 },
					{ "time": 1.3333, "angle": -6.42 },
					{ "time": 1.6666, "angle": 0 }
				],
				"translate": [
					{ "time": 0, "x": 0, "y": 0 },
					{ "time": 0.8333, "x": -0.69, "y": 0 },
					{ "time": 1.6666, "x": 0, "y": 0 }
				]
			},
			"Leg_L": {
				"rotate": [
					{ "time": 0, "angle": 0 },
					{ "time": 0.8333, "angle": 10.53 },
					{ "time": 1.3333, "angle": -4.14 },
					{ "time": 1.6666, "angle": 0 }
				],
				"translate": [
					{ "time": 0, "x": 0, "y": 0 },
					{ "time": 0.8333, "x": -3.08, "y": -2.48 },
					{ "time": 1.6666, "x": 0, "y": 0 }
				]
			},
			"Hand_R": {
				"rotate": [
					{ "time": 0, "angle": 0 },
					{ "time": 0.3333, "angle": 19.9 },
					{ "time": 1.3333, "angle": -11.27 },
					{ "time": 1.6666, "angle": 0 }
				],
				"translate": [
					{ "time": 0, "x": 0, "y": 0 },
					{ "time": 0.3333, "x": 5.54, "y": 0 },
					{ "time": 1.3333, "x": -0.55, "y": 0 },
					{ "time": 1.6666, "x": 0, "y": 0 }
				]
			},
			"BOOM_L": {
				"rotate": [
					{ "time": 0, "angle": 0 },
					{ "time": 0.8333, "angle": 64.19 },
					{ "time": 1.6666, "angle": 0 }
				],
				"translate": [
					{ "time": 0, "x": 0, "y": 0, "curve": "stepped" },
					{ "time": 1.6666, "x": 0, "y": 0 }
				]
			},
			"PR_1": {
				"rotate": [
					{ "time": 0, "angle": 0 },
					{ "time": 0.8333, "angle": 13.15 },
					{ "time": 1.6666, "angle": 0 }
				],
				"translate": [
					{ "time": 0, "x": 0, "y": 0, "curve": "stepped" },
					{ "time": 1.6666, "x": 0, "y": 0 }
				]
			},
			"PR_6": {
				"rotate": [
					{ "time": 0, "angle": 0 },
					{ "time": 0.8333, "angle": -21.57 },
					{ "time": 1.6666, "angle": 0 }
				],
				"translate": [
					{ "time": 0, "x": 0, "y": 0, "curve": "stepped" },
					{ "time": 1.6666, "x": 0, "y": 0 }
				]
			},
			"PR_5": {
				"rotate": [
					{ "time": 0, "angle": 0 },
					{ "time": 0.8333, "angle": 23.94 },
					{ "time": 1.6666, "angle": 0 }
				],
				"translate": [
					{ "time": 0, "x": 0, "y": 0, "curve": "stepped" },
					{ "time": 1.6666, "x": 0, "y": 0 }
				]
			},
			"PR_4": {
				"rotate": [
					{ "time": 0, "angle": 0 },
					{ "time": 0.8333, "angle": 18.69 },
					{ "time": 1.6666, "angle": 0 }
				],
				"translate": [
					{ "time": 0, "x": 0, "y": 0, "curve": "stepped" },
					{ "time": 1.6666, "x": 0, "y": 0 }
				]
			},
			"PR_3": {
				"rotate": [
					{ "time": 0, "angle": 0 },
					{ "time": 0.8333, "angle": 10.71 },
					{ "time": 1.6666, "angle": 0 }
				],
				"translate": [
					{ "time": 0, "x": 0, "y": 0, "curve": "stepped" },
					{ "time": 1.6666, "x": 0, "y": 0 }
				]
			},
			"PR_2": {
				"rotate": [
					{ "time": 0, "angle": 0 },
					{ "time": 0.8333, "angle": 25.26 },
					{ "time": 1.6666, "angle": 0 }
				],
				"translate": [
					{ "time": 0, "x": 0, "y": 0, "curve": "stepped" },
					{ "time": 1.6666, "x": 0, "y": 0 }
				]
			},
			"Hand_L": {
				"rotate": [
					{ "time": 0, "angle": 0 },
					{ "time": 0.3333, "angle": 31.86 },
					{ "time": 1.6666, "angle": 0 }
				],
				"translate": [
					{ "time": 0, "x": 0, "y": 0, "curve": "stepped" },
					{ "time": 1.6666, "x": 0, "y": 0 }
				]
			},
			"dr1": {
				"rotate": [
					{ "time": 0, "angle": 0 },
					{ "time": 0.6666, "angle": -36.68 },
					{ "time": 1.3333, "angle": 8.86 },
					{ "time": 1.6666, "angle": 0 }
				],
				"translate": [
					{ "time": 0, "x": 0, "y": 0 },
					{ "time": 0.6666, "x": 0.1, "y": -1.48 },
					{ "time": 1.6666, "x": 0, "y": 0 }
				]
			},
			"dr4": {
				"rotate": [
					{ "time": 0, "angle": 0 },
					{ "time": 0.6666, "angle": -5.37 },
					{ "time": 1.3333, "angle": 16.48 },
					{ "time": 1.6666, "angle": 0 }
				],
				"translate": [
					{ "time": 0, "x": 0, "y": 0, "curve": "stepped" },
					{ "time": 1.6666, "x": 0, "y": 0 }
				]
			},
			"dr3": {
				"rotate": [
					{ "time": 0, "angle": 0 },
					{ "time": 0.6666, "angle": -17.77 },
					{ "time": 1.3333, "angle": 17.84 },
					{ "time": 1.6666, "angle": 0 }
				],
				"translate": [
					{ "time": 0, "x": 0, "y": 0, "curve": "stepped" },
					{ "time": 1.6666, "x": 0, "y": 0 }
				]
			},
			"dr2": {
				"rotate": [
					{ "time": 0, "angle": 0 },
					{ "time": 0.6666, "angle": -10.3 },
					{ "time": 1.3333, "angle": 10.76 },
					{ "time": 1.6666, "angle": 0 }
				],
				"translate": [
					{ "time": 0, "x": 0, "y": 0, "curve": "stepped" },
					{ "time": 1.6666, "x": 0, "y": 0 }
				]
			},
			"PL_1": {
				"rotate": [
					{ "time": 0, "angle": 0 },
					{ "time": 0.8333, "angle": 4.1 },
					{ "time": 1.6666, "angle": 0 }
				],
				"translate": [
					{ "time": 0, "x": 0, "y": 0, "curve": "stepped" },
					{ "time": 1.6666, "x": 0, "y": 0 }
				]
			},
			"PL_5": {
				"rotate": [
					{ "time": 0, "angle": 0 },
					{ "time": 0.8333, "angle": 60.83 },
					{ "time": 1.6666, "angle": 0 }
				],
				"translate": [
					{ "time": 0, "x": 0, "y": 0, "curve": "stepped" },
					{ "time": 1.6666, "x": 0, "y": 0 }
				]
			},
			"PL_4": {
				"rotate": [
					{ "time": 0, "angle": 0 },
					{ "time": 0.8333, "angle": -32.67 },
					{ "time": 1.6666, "angle": 0 }
				],
				"translate": [
					{ "time": 0, "x": 0, "y": 0, "curve": "stepped" },
					{ "time": 1.6666, "x": 0, "y": 0 }
				]
			},
			"PL_3": {
				"rotate": [
					{ "time": 0, "angle": 0 },
					{ "time": 0.8333, "angle": -40.62 },
					{ "time": 1.6666, "angle": 0 }
				],
				"translate": [
					{ "time": 0, "x": 0, "y": 0, "curve": "stepped" },
					{ "time": 1.6666, "x": 0, "y": 0 }
				]
			},
			"PL_2": {
				"rotate": [
					{ "time": 0, "angle": 0 },
					{ "time": 0.8333, "angle": 33.13 },
					{ "time": 1.6666, "angle": 0 }
				],
				"translate": [
					{ "time": 0, "x": 0, "y": 0, "curve": "stepped" },
					{ "time": 1.6666, "x": 0, "y": 0 }
				]
			}
		},
		"events": [
			{ "time": 0.0666, "name": "attack_point" }
		]
	},
	"damage": {
		"slots": {
			"BOOM_R": {
				"color": [
					{ "time": 0.0666, "color": "8c4c51ff", "curve": "stepped" },
					{ "time": 0.7666, "color": "8c4c51ff" },
					{ "time": 1.1333, "color": "ffffffff" }
				]
			},
			"DR": {
				"color": [
					{ "time": 0.0666, "color": "8c4c51ff", "curve": "stepped" },
					{ "time": 0.7666, "color": "8c4c51ff" },
					{ "time": 1.1333, "color": "ffffffff" }
				]
			},
			"Leg_light": {
				"attachment": [
					{ "time": 0, "name": null },
					{ "time": 0.0666, "name": "Leg_R_light" }
				],
				"color": [
					{ "time": 0.5333, "color": "fffffffc" },
					{ "time": 0.7666, "color": "ffffff00" }
				]
			},
			"Light_Body": {
				"attachment": [
					{ "time": 0, "name": null },
					{ "time": 0.0666, "name": "Rodney_ship_body_normal_light" },
					{ "time": 0.7666, "name": null }
				],
				"color": [
					{ "time": 0.5333, "color": "fffffffc" },
					{ "time": 0.7666, "color": "ffffff00" }
				]
			},
			"PL": {
				"color": [
					{ "time": 0.0666, "color": "8c4c51ff", "curve": "stepped" },
					{ "time": 0.7666, "color": "8c4c51ff" },
					{ "time": 1.1333, "color": "ffffffff" }
				]
			},
			"PR": {
				"color": [
					{ "time": 0.0666, "color": "8c4c51ff", "curve": "stepped" },
					{ "time": 0.7666, "color": "8c4c51ff" },
					{ "time": 1.1333, "color": "ffffffff" }
				]
			},
			"Rodney_body_normal": {
				"attachment": [
					{ "time": 0, "name": "Body_Change" },
					{ "time": 0.8666, "name": "Body_Change" }
				],
				"color": [
					{ "time": 0.0666, "color": "8c4c51ff", "curve": "stepped" },
					{ "time": 0.7666, "color": "8c4c51ff" },
					{ "time": 1.1333, "color": "ffffffff" }
				]
			},
			"Rodney_eyes_normal": {
				"attachment": [
					{ "time": 0.0666, "name": "Rodney_eyes_damage" },
					{ "time": 1.1333, "name": "Rodney_eyes_normal" }
				],
				"color": [
					{ "time": 0.0666, "color": "8c4c51ff", "curve": "stepped" },
					{ "time": 0.7666, "color": "8c4c51ff" },
					{ "time": 1.1333, "color": "ffffffff" }
				]
			},
			"Rodney_ship_armor_normal": {
				"attachment": [
					{ "time": 0, "name": "Ship_armor_normal" },
					{ "time": 0.8666, "name": "Ship_armor_normal" },
					{ "time": 1.1666, "name": "Ship_armor_normal" }
				],
				"color": [
					{ "time": 0.0666, "color": "8c4c51ff", "curve": "stepped" },
					{ "time": 0.7666, "color": "8c4c51ff" },
					{ "time": 1.1333, "color": "ffffffff" }
				]
			},
			"hand_L": {
				"color": [
					{ "time": 0.0666, "color": "8c4c51ff", "curve": "stepped" },
					{ "time": 0.7666, "color": "8c4c51ff" },
					{ "time": 1.1333, "color": "ffffffff" }
				]
			},
			"hand_R": {
				"color": [
					{ "time": 0.0666, "color": "8c4c51ff", "curve": "stepped" },
					{ "time": 0.7666, "color": "8c4c51ff" },
					{ "time": 1.1333, "color": "ffffffff" }
				]
			},
			"head": {
				"color": [
					{ "time": 0.0666, "color": "8c4c51ff", "curve": "stepped" },
					{ "time": 0.7666, "color": "8c4c51ff" },
					{ "time": 1.1333, "color": "ffffffff" }
				]
			},
			"head_light": {
				"attachment": [
					{ "time": 0, "name": null },
					{ "time": 0.0666, "name": "head_light" }
				],
				"color": [
					{ "time": 0.5333, "color": "fffffffc" },
					{ "time": 0.7666, "color": "ffffff00" }
				]
			},
			"leg_L": {
				"color": [
					{ "time": 0.0666, "color": "8c4c51ff", "curve": "stepped" },
					{ "time": 0.7666, "color": "8c4c51ff" },
					{ "time": 1.1333, "color": "ffffffff" }
				]
			},
			"leg_R": {
				"color": [
					{ "time": 0.0666, "color": "8c4c51ff", "curve": "stepped" },
					{ "time": 0.7666, "color": "8c4c51ff" },
					{ "time": 1.1333, "color": "ffffffff" }
				]
			}
		},
		"bones": {
			"Root_All": {
				"rotate": [
					{ "time": 0, "angle": 0, "curve": "stepped" },
					{ "time": 1.1666, "angle": 0 }
				],
				"translate": [
					{
						"time": 0,
						"x": 0,
						"y": 0,
						"curve": [ 0.255, 0.35, 0.6, 0.7 ]
					},
					{ "time": 0.0666, "x": -27.67, "y": -23.16 },
					{ "time": 0.1333, "x": 20.98, "y": 15.35 },
					{ "time": 0.2333, "x": -19.78, "y": -15.62 },
					{ "time": 0.3666, "x": 14.36, "y": 8.59 },
					{ "time": 0.5666, "x": -3.37, "y": -4.5 },
					{ "time": 0.8666, "x": 5.63, "y": 2.25 },
					{ "time": 1.1666, "x": 0, "y": 0 }
				]
			},
			"Ship": {
				"rotate": [
					{
						"time": 0,
						"angle": 0,
						"curve": [ 0.219, 0.41, 0.591, 0.77 ]
					},
					{ "time": 0.0666, "angle": -342.87 },
					{ "time": 0.1666, "angle": -362.21 },
					{ "time": 0.3333, "angle": -347.43 },
					{ "time": 0.5, "angle": -367.24 },
					{ "time": 0.8333, "angle": -354.33 },
					{ "time": 1.1666, "angle": 0 }
				],
				"translate": [
					{
						"time": 0,
						"x": 0,
						"y": 0,
						"curve": [ 0.319, 0.33, 0.653, 0.66 ]
					},
					{ "time": 0.0666, "x": -3.15, "y": -2.52 },
					{ "time": 0.1666, "x": -5.01, "y": 5.53 },
					{ "time": 0.3333, "x": -4.8, "y": 9.03 },
					{ "time": 0.5, "x": -3.6, "y": 2.15 },
					{ "time": 0.8333, "x": 0.55, "y": 0.73 },
					{ "time": 1.1666, "x": 0, "y": 0 }
				]
			},
			"Face": {
				"rotate": [
					{ "time": 0, "angle": 0, "curve": "stepped" },
					{ "time": 1.1666, "angle": 0 }
				],
				"translate": [
					{
						"time": 0,
						"x": 0,
						"y": 0,
						"curve": [ 0.286, 0.34, 0.623, 0.67 ]
					},
					{ "time": 0.0666, "x": -5.44, "y": 0 },
					{ "time": 0.1333, "x": -0.44, "y": 0 },
					{ "time": 0.2333, "x": -5.06, "y": 0 },
					{ "time": 0.3666, "x": -2.01, "y": 0 },
					{ "time": 1.1666, "x": 0, "y": 0 }
				]
			},
			"Ship_All": {
				"rotate": [
					{ "time": 0, "angle": 0, "curve": "stepped" },
					{ "time": 1.1666, "angle": 0 }
				],
				"translate": [
					{ "time": 0, "x": 0, "y": 0, "curve": "stepped" },
					{ "time": 1.1666, "x": 0, "y": 0 }
				]
			},
			"Body": {
				"rotate": [
					{ "time": 0, "angle": 0, "curve": "stepped" },
					{ "time": 1.1666, "angle": 0 }
				],
				"translate": [
					{ "time": 0, "x": 0, "y": 0, "curve": "stepped" },
					{ "time": 1.1666, "x": 0, "y": 0 }
				]
			},
			"Damage_Point": {
				"rotate": [
					{ "time": 0.0666, "angle": 0 }
				],
				"translate": [
					{ "time": 0.0666, "x": 0, "y": 0 }
				]
			},
			"BOOM_L": {
				"rotate": [
					{ "time": 0, "angle": 0 },
					{ "time": 0.3333, "angle": -12.83 },
					{ "time": 0.8333, "angle": 18.28 },
					{ "time": 1.1666, "angle": 0 }
				],
				"translate": [
					{ "time": 0, "x": 0, "y": 0, "curve": "stepped" },
					{ "time": 1.1666, "x": 0, "y": 0 }
				]
			},
			"Hand_R": {
				"rotate": [
					{ "time": 0, "angle": 0 },
					{ "time": 0.3333, "angle": -8.19 },
					{ "time": 1.1666, "angle": 0 }
				],
				"translate": [
					{ "time": 0, "x": 0, "y": 0, "curve": "stepped" },
					{ "time": 1.1666, "x": 0, "y": 0 }
				]
			},
			"Head": {
				"rotate": [
					{ "time": 0, "angle": 0 },
					{ "time": 0.1666, "angle": 6.68 },
					{ "time": 0.4, "angle": -5.58 },
					{ "time": 0.9333, "angle": -3.55 },
					{ "time": 1.1666, "angle": 0 }
				],
				"translate": [
					{ "time": 0, "x": 0, "y": 0, "curve": "stepped" },
					{ "time": 1.1666, "x": 0, "y": 0 }
				]
			},
			"Leg_L": {
				"rotate": [
					{ "time": 0, "angle": 0 },
					{ "time": 0.5666, "angle": 5.4 },
					{ "time": 1.1666, "angle": 0 }
				],
				"translate": [
					{ "time": 0, "x": 0, "y": 0, "curve": "stepped" },
					{ "time": 1.1666, "x": 0, "y": 0 }
				]
			},
			"Leg_R": {
				"rotate": [
					{ "time": 0, "angle": 0 },
					{ "time": 0.5666, "angle": -10.75 },
					{ "time": 1.1666, "angle": 0 }
				],
				"translate": [
					{ "time": 0, "x": 0, "y": 0, "curve": "stepped" },
					{ "time": 1.1666, "x": 0, "y": 0 }
				]
			},
			"dr1": {
				"rotate": [
					{ "time": 0, "angle": 0 },
					{ "time": 0.5, "angle": -14.19 },
					{ "time": 1, "angle": 8.57 },
					{ "time": 1.1666, "angle": 0 }
				],
				"translate": [
					{ "time": 0, "x": 0, "y": 0, "curve": "stepped" },
					{ "time": 1.1666, "x": 0, "y": 0 }
				]
			},
			"Hand_L": {
				"rotate": [
					{ "time": 0, "angle": 0 },
					{ "time": 0.1666, "angle": 23.54 },
					{ "time": 0.3333, "angle": 1.23 },
					{ "time": 0.5, "angle": 16.34 },
					{ "time": 1.1666, "angle": 0 }
				],
				"translate": [
					{ "time": 0, "x": 0, "y": 0, "curve": "stepped" },
					{ "time": 1.1666, "x": 0, "y": 0 }
				]
			},
			"dr4": {
				"rotate": [
					{ "time": 0, "angle": 0 },
					{ "time": 0.5, "angle": -14.19 },
					{ "time": 1, "angle": 8.57 },
					{ "time": 1.1666, "angle": 0 }
				],
				"translate": [
					{ "time": 0, "x": 0, "y": 0, "curve": "stepped" },
					{ "time": 1.1666, "x": 0, "y": 0 }
				]
			},
			"dr3": {
				"rotate": [
					{ "time": 0, "angle": 0 },
					{ "time": 0.5, "angle": -14.19 },
					{ "time": 1, "angle": 8.57 },
					{ "time": 1.1666, "angle": 0 }
				],
				"translate": [
					{ "time": 0, "x": 0, "y": 0, "curve": "stepped" },
					{ "time": 1.1666, "x": 0, "y": 0 }
				]
			},
			"dr2": {
				"rotate": [
					{ "time": 0, "angle": 0 },
					{ "time": 0.5, "angle": -14.19 },
					{ "time": 1, "angle": 8.57 },
					{ "time": 1.1666, "angle": 0 }
				],
				"translate": [
					{ "time": 0, "x": 0, "y": 0, "curve": "stepped" },
					{ "time": 1.1666, "x": 0, "y": 0 }
				]
			},
			"PL_1": {
				"rotate": [
					{ "time": 0, "angle": 0 },
					{ "time": 0.5, "angle": -5.46 },
					{ "time": 0.8333, "angle": 6.7 },
					{ "time": 1.1666, "angle": 0 }
				],
				"translate": [
					{ "time": 0, "x": 0, "y": 0, "curve": "stepped" },
					{ "time": 1.1666, "x": 0, "y": 0 }
				]
			},
			"PL_5": {
				"rotate": [
					{ "time": 0, "angle": 0 },
					{ "time": 0.5, "angle": 26.9 },
					{ "time": 0.8333, "angle": 41.95 },
					{ "time": 1.1666, "angle": 0 }
				],
				"translate": [
					{ "time": 0, "x": 0, "y": 0, "curve": "stepped" },
					{ "time": 1.1666, "x": 0, "y": 0 }
				]
			},
			"PL_4": {
				"rotate": [
					{ "time": 0, "angle": 0 },
					{ "time": 0.5, "angle": 27.16 },
					{ "time": 0.8333, "angle": 23.02 },
					{ "time": 1.1666, "angle": 0 }
				],
				"translate": [
					{ "time": 0, "x": 0, "y": 0, "curve": "stepped" },
					{ "time": 1.1666, "x": 0, "y": 0 }
				]
			},
			"PL_3": {
				"rotate": [
					{ "time": 0, "angle": 0 },
					{ "time": 0.5, "angle": -34.67 },
					{ "time": 0.8333, "angle": -7.89 },
					{ "time": 1.1666, "angle": 0 }
				],
				"translate": [
					{ "time": 0, "x": 0, "y": 0, "curve": "stepped" },
					{ "time": 1.1666, "x": 0, "y": 0 }
				]
			},
			"PL_2": {
				"rotate": [
					{ "time": 0, "angle": 0 },
					{ "time": 0.5, "angle": -5.46 },
					{ "time": 0.8333, "angle": 6.7 },
					{ "time": 1.1666, "angle": 0 }
				],
				"translate": [
					{ "time": 0, "x": 0, "y": 0, "curve": "stepped" },
					{ "time": 1.1666, "x": 0, "y": 0 }
				]
			},
			"PR_1": {
				"rotate": [
					{ "time": 0, "angle": 0 },
					{ "time": 0.5, "angle": 34.92 },
					{ "time": 0.8666, "angle": -4.06 },
					{ "time": 1.1666, "angle": 0 }
				],
				"translate": [
					{ "time": 0, "x": 0, "y": 0, "curve": "stepped" },
					{ "time": 1.1666, "x": 0, "y": 0 }
				]
			},
			"PR_6": {
				"rotate": [
					{ "time": 0, "angle": 0 },
					{ "time": 0.5, "angle": 23.48 },
					{ "time": 0.8666, "angle": 16.32 },
					{ "time": 1.1666, "angle": 0 }
				],
				"translate": [
					{ "time": 0, "x": 0, "y": 0, "curve": "stepped" },
					{ "time": 1.1666, "x": 0, "y": 0 }
				]
			},
			"PR_5": {
				"rotate": [
					{ "time": 0, "angle": 0 },
					{ "time": 0.5, "angle": 23.48 },
					{ "time": 0.8666, "angle": 21.94 },
					{ "time": 1.1666, "angle": 0 }
				],
				"translate": [
					{ "time": 0, "x": 0, "y": 0, "curve": "stepped" },
					{ "time": 1.1666, "x": 0, "y": 0 }
				]
			},
			"PR_4": {
				"rotate": [
					{ "time": 0, "angle": 0 },
					{ "time": 0.5, "angle": 23.48 },
					{ "time": 0.8666, "angle": 18.79 },
					{ "time": 1.1666, "angle": 0 }
				],
				"translate": [
					{ "time": 0, "x": 0, "y": 0, "curve": "stepped" },
					{ "time": 1.1666, "x": 0, "y": 0 }
				]
			},
			"PR_3": {
				"rotate": [
					{ "time": 0, "angle": 0 },
					{ "time": 0.5, "angle": 23.48 },
					{ "time": 0.8666, "angle": -4.06 },
					{ "time": 1.1666, "angle": 0 }
				],
				"translate": [
					{ "time": 0, "x": 0, "y": 0, "curve": "stepped" },
					{ "time": 1.1666, "x": 0, "y": 0 }
				]
			},
			"PR_2": {
				"rotate": [
					{ "time": 0, "angle": 0 },
					{ "time": 0.5, "angle": -6.32 },
					{ "time": 0.8666, "angle": 19.98 },
					{ "time": 1.1666, "angle": 0 }
				],
				"translate": [
					{ "time": 0, "x": 0, "y": 0, "curve": "stepped" },
					{ "time": 1.1666, "x": 0, "y": 0 }
				]
			}
		},
		"events": [
			{ "time": 0.0666, "name": "damage_point" }
		]
	},
	"normal": {
		"slots": {
			"Leg_light": {
				"attachment": [
					{ "time": 0, "name": null }
				]
			},
			"Light_Body": {
				"attachment": [
					{ "time": 0, "name": null }
				]
			},
			"Rodney_body_normal": {
				"attachment": [
					{ "time": 0, "name": "Body_Change" }
				]
			},
			"Rodney_ship_armor_normal": {
				"attachment": [
					{ "time": 0, "name": "Ship_armor_normal" }
				]
			},
			"head_light": {
				"attachment": [
					{ "time": 0, "name": null }
				]
			}
		},
		"bones": {
			"dr1": {
				"rotate": [
					{ "time": 0, "angle": 0 },
					{ "time": 0.6666, "angle": -11.38 },
					{ "time": 1.3333, "angle": 14.2 },
					{ "time": 2, "angle": 0 }
				],
				"translate": [
					{ "time": 0, "x": 0, "y": 0, "curve": "stepped" },
					{ "time": 2, "x": 0, "y": 0 }
				]
			},
			"PL_1": {
				"rotate": [
					{ "time": 0, "angle": 0 },
					{ "time": 1, "angle": -4.88 },
					{ "time": 2, "angle": 0 }
				],
				"translate": [
					{ "time": 0, "x": 0, "y": 0, "curve": "stepped" },
					{ "time": 2, "x": 0, "y": 0 }
				]
			},
			"PL_3": {
				"rotate": [
					{ "time": 0, "angle": 0 },
					{ "time": 1, "angle": 4.25 },
					{ "time": 2, "angle": 0 }
				],
				"translate": [
					{ "time": 0, "x": 0, "y": 0, "curve": "stepped" },
					{ "time": 2, "x": 0, "y": 0 }
				]
			},
			"Leg_L": {
				"rotate": [
					{ "time": 0, "angle": 0 },
					{ "time": 1, "angle": 3.53 },
					{ "time": 2, "angle": 0 }
				],
				"translate": [
					{ "time": 0, "x": 0, "y": 0 },
					{ "time": 1, "x": -0.65, "y": 0 },
					{ "time": 2, "x": 0, "y": 0 }
				]
			},
			"dr4": {
				"rotate": [
					{ "time": 0, "angle": 0 },
					{ "time": 0.6666, "angle": -5.26 },
					{ "time": 1.3333, "angle": 21.96 },
					{ "time": 2, "angle": 0 }
				],
				"translate": [
					{ "time": 0, "x": 0, "y": 0, "curve": "stepped" },
					{ "time": 2, "x": 0, "y": 0 }
				]
			},
			"Face": {
				"rotate": [
					{ "time": 0, "angle": 0, "curve": "stepped" },
					{ "time": 2, "angle": 0 }
				],
				"translate": [
					{
						"time": 0,
						"x": 0,
						"y": 0,
						"curve": [ 0.286, 0.34, 0.623, 0.67 ]
					},
					{
						"time": 0.5,
						"x": 0.64,
						"y": 0,
						"curve": [ 0.282, 0.37, 0.624, 0.71 ]
					},
					{
						"time": 1.5,
						"x": -1.28,
						"y": 0,
						"curve": [ 0.321, 0.37, 0.656, 0.71 ]
					},
					{ "time": 2, "x": 0, "y": 0 }
				]
			},
			"Head": {
				"rotate": [
					{ "time": 0, "angle": 0 },
					{ "time": 0.5, "angle": -5.96 },
					{ "time": 1, "angle": 0 },
					{ "time": 1.5, "angle": 3.91 },
					{ "time": 2, "angle": 0 }
				],
				"translate": [
					{ "time": 0, "x": 0, "y": 0, "curve": "stepped" },
					{ "time": 1, "x": 0, "y": 0, "curve": "stepped" },
					{ "time": 2, "x": 0, "y": 0 }
				]
			},
			"PL_5": {
				"rotate": [
					{ "time": 0, "angle": 0 },
					{ "time": 1, "angle": 20.25 },
					{ "time": 2, "angle": 0 }
				],
				"translate": [
					{ "time": 0, "x": 0, "y": 0, "curve": "stepped" },
					{ "time": 2, "x": 0, "y": 0 }
				]
			},
			"dr2": {
				"rotate": [
					{ "time": 0, "angle": 0 },
					{ "time": 0.6666, "angle": -9.04 },
					{ "time": 1.3333, "angle": 16.07 },
					{ "time": 2, "angle": 0 }
				],
				"translate": [
					{ "time": 0, "x": 0, "y": 0, "curve": "stepped" },
					{ "time": 2, "x": 0, "y": 0 }
				]
			},
			"Body": {
				"rotate": [
					{ "time": 0, "angle": 0, "curve": "stepped" },
					{ "time": 2, "angle": 0 }
				],
				"translate": [
					{ "time": 0, "x": 0, "y": 0, "curve": "stepped" },
					{ "time": 2, "x": 0, "y": 0 }
				]
			},
			"PR_1": {
				"rotate": [
					{ "time": 0, "angle": 0 },
					{ "time": 1, "angle": 17.03 },
					{ "time": 2, "angle": 0 }
				],
				"translate": [
					{ "time": 0, "x": 0, "y": 0, "curve": "stepped" },
					{ "time": 2, "x": 0, "y": 0 }
				]
			},
			"PR_4": {
				"rotate": [
					{ "time": 0, "angle": 0 },
					{ "time": 1, "angle": 16.01 },
					{ "time": 2, "angle": 0 }
				],
				"translate": [
					{ "time": 0, "x": 0, "y": 0, "curve": "stepped" },
					{ "time": 2, "x": 0, "y": 0 }
				]
			},
			"Ship": {
				"rotate": [
					{
						"time": 0,
						"angle": 0,
						"curve": [ 0.286, 0.34, 0.623, 0.67 ]
					},
					{
						"time": 0.5,
						"angle": -363.3,
						"curve": [ 0.282, 0.37, 0.624, 0.71 ]
					},
					{
						"time": 1.5,
						"angle": -355.22,
						"curve": [ 0.321, 0.37, 0.656, 0.71 ]
					},
					{ "time": 2, "angle": 0 }
				],
				"translate": [
					{
						"time": 0,
						"x": 0,
						"y": 0,
						"curve": [ 0.329, 0.33, 0.663, 0.66 ]
					},
					{
						"time": 0.5,
						"x": 6.1,
						"y": -6.94,
						"curve": [ 0.326, 0.33, 0.659, 0.66 ]
					},
					{
						"time": 1.5,
						"x": -10.8,
						"y": -4.46,
						"curve": [ 0.33, 0.33, 0.663, 0.66 ]
					},
					{ "time": 2, "x": 0, "y": 0 }
				]
			},
			"Hand_R": {
				"rotate": [
					{ "time": 0, "angle": 0 },
					{ "time": 0.5, "angle": 7.56 },
					{ "time": 1, "angle": 0 },
					{ "time": 1.5, "angle": -4.4 },
					{ "time": 2, "angle": 0 }
				],
				"translate": [
					{ "time": 0, "x": 0, "y": 0 },
					{ "time": 0.5, "x": 0.6, "y": -0.07 },
					{ "time": 1, "x": 0, "y": 0 },
					{ "time": 1.5, "x": -5.22, "y": 2.22 },
					{ "time": 2, "x": 0, "y": 0 }
				]
			},
			"Leg_R": {
				"rotate": [
					{ "time": 0, "angle": 0 },
					{ "time": 1, "angle": -4.93 },
					{ "time": 2, "angle": 0 }
				],
				"translate": [
					{ "time": 0, "x": 0, "y": 0, "curve": "stepped" },
					{ "time": 2, "x": 0, "y": 0 }
				]
			},
			"PL_4": {
				"rotate": [
					{ "time": 0, "angle": 0 },
					{ "time": 1, "angle": 21.74 },
					{ "time": 2, "angle": 0 }
				],
				"translate": [
					{ "time": 0, "x": 0, "y": 0 },
					{ "time": 1, "x": 0.67, "y": -1.86 },
					{ "time": 2, "x": 0, "y": 0 }
				]
			},
			"Hand_L": {
				"rotate": [
					{ "time": 0, "angle": 0 },
					{ "time": 1, "angle": 11.12 },
					{ "time": 2, "angle": 0 }
				],
				"translate": [
					{ "time": 0, "x": 0, "y": 0 },
					{ "time": 1, "x": 1.67, "y": -1.67 },
					{ "time": 2, "x": 0, "y": 0 }
				]
			},
			"Root_All": {
				"rotate": [
					{ "time": 0, "angle": 0, "curve": "stepped" },
					{ "time": 2, "angle": 0 }
				],
				"translate": [
					{
						"time": 0,
						"x": 0,
						"y": 0,
						"curve": [ 0.255, 0.35, 0.6, 0.7 ]
					},
					{
						"time": 0.5,
						"x": 0,
						"y": -9.82,
						"curve": [ 0.3, 0.39, 0.641, 0.74 ]
					},
					{
						"time": 1,
						"x": 0,
						"y": -15.66,
						"curve": [ 0.322, 0.37, 0.652, 0.7 ]
					},
					{
						"time": 1.5,
						"x": 0,
						"y": -7.79,
						"curve": [ 0.314, 0.36, 0.644, 0.68 ]
					},
					{ "time": 2, "x": 0, "y": 0 }
				]
			},
			"BOOM_L": {
				"rotate": [
					{ "time": 0, "angle": 0 },
					{ "time": 0.5, "angle": -14.29 },
					{ "time": 1, "angle": 0 },
					{ "time": 1.5, "angle": 8.81 },
					{ "time": 2, "angle": 0 }
				],
				"translate": [
					{ "time": 0, "x": 0, "y": 0, "curve": "stepped" },
					{ "time": 1, "x": 0, "y": 0, "curve": "stepped" },
					{ "time": 2, "x": 0, "y": 0 }
				]
			},
			"dr3": {
				"rotate": [
					{ "time": 0, "angle": 0 },
					{ "time": 0.6666, "angle": -10.77 },
					{ "time": 1.3333, "angle": 12.57 },
					{ "time": 2, "angle": 0 }
				],
				"translate": [
					{ "time": 0, "x": 0, "y": 0, "curve": "stepped" },
					{ "time": 2, "x": 0, "y": 0 }
				]
			},
			"PR_2": {
				"rotate": [
					{ "time": 0, "angle": 0 },
					{ "time": 1, "angle": 0.27 },
					{ "time": 2, "angle": 0 }
				],
				"translate": [
					{ "time": 0, "x": 0, "y": 0, "curve": "stepped" },
					{ "time": 2, "x": 0, "y": 0 }
				]
			},
			"PR_5": {
				"rotate": [
					{ "time": 0, "angle": 0 },
					{ "time": 1, "angle": 28.6 },
					{ "time": 2, "angle": 0 }
				],
				"translate": [
					{ "time": 0, "x": 0, "y": 0, "curve": "stepped" },
					{ "time": 2, "x": 0, "y": 0 }
				]
			},
			"PR_3": {
				"rotate": [
					{ "time": 0, "angle": 0 },
					{ "time": 1, "angle": 15.71 },
					{ "time": 2, "angle": 0 }
				],
				"translate": [
					{ "time": 0, "x": 0, "y": 0, "curve": "stepped" },
					{ "time": 2, "x": 0, "y": 0 }
				]
			},
			"PR_6": {
				"rotate": [
					{ "time": 0, "angle": 0 },
					{ "time": 1, "angle": -39.89 },
					{ "time": 2, "angle": 0 }
				],
				"translate": [
					{ "time": 0, "x": 0, "y": 0, "curve": "stepped" },
					{ "time": 2, "x": 0, "y": 0 }
				]
			},
			"Ship_All": {
				"rotate": [
					{ "time": 0, "angle": 0, "curve": "stepped" },
					{ "time": 2, "angle": 0 }
				],
				"translate": [
					{ "time": 0, "x": 0, "y": 0, "curve": "stepped" },
					{ "time": 2, "x": 0, "y": 0 }
				]
			},
			"PL_2": {
				"rotate": [
					{ "time": 0, "angle": 0 },
					{ "time": 1, "angle": -39.18 },
					{ "time": 2, "angle": 0 }
				],
				"translate": [
					{ "time": 0, "x": 0, "y": 0, "curve": "stepped" },
					{ "time": 2, "x": 0, "y": 0 }
				]
			}
		}
	},
	"throw": {
		"slots": {
			"Leg_light": {
				"attachment": [
					{ "time": 0, "name": null }
				]
			},
			"Light_Body": {
				"attachment": [
					{ "time": 0, "name": null }
				]
			},
			"Rodney_body_normal": {
				"attachment": [
					{ "time": 0, "name": "Body_Change" }
				]
			},
			"Rodney_ship_armor_normal": {
				"attachment": [
					{ "time": 0, "name": "Ship_armor_normal" },
					{ "time": 1.3333, "name": "Ship_armor_normal" }
				]
			},
			"head_light": {
				"attachment": [
					{ "time": 0, "name": null }
				]
			}
		},
		"bones": {
			"Face": {
				"rotate": [
					{ "time": 0, "angle": 0, "curve": "stepped" },
					{ "time": 1.3333, "angle": 0 }
				],
				"translate": [
					{
						"time": 0,
						"x": 0,
						"y": 0,
						"curve": [ 0.286, 0.34, 0.623, 0.67 ]
					},
					{ "time": 0.3333, "x": 0, "y": -0.7 },
					{ "time": 0.5666, "x": 0, "y": 0.14 },
					{ "time": 1.3333, "x": 0, "y": 0 }
				]
			},
			"Root_All": {
				"rotate": [
					{ "time": 0, "angle": 0, "curve": "stepped" },
					{ "time": 1.3333, "angle": 0 }
				],
				"translate": [
					{
						"time": 0,
						"x": 0,
						"y": 0,
						"curve": [ 0.255, 0.35, 0.6, 0.7 ]
					},
					{ "time": 0.6333, "x": -66.66, "y": 0 },
					{ "time": 0.9666, "x": -10.42, "y": -12.42 },
					{ "time": 1.3333, "x": 0, "y": 0 }
				]
			},
			"Ship": {
				"rotate": [
					{
						"time": 0,
						"angle": 0,
						"curve": [ 0.219, 0.41, 0.591, 0.77 ]
					},
					{ "time": 0.3333, "angle": -368.78 },
					{ "time": 0.5666, "angle": -364.51 },
					{ "time": 0.7333, "angle": -353.54 },
					{ "time": 1.0333, "angle": -350.62 },
					{ "time": 1.3333, "angle": 0 }
				],
				"translate": [
					{
						"time": 0,
						"x": 0,
						"y": 0,
						"curve": [ 0.319, 0.33, 0.653, 0.66 ]
					},
					{ "time": 0.3333, "x": 5.29, "y": -2.86 },
					{ "time": 0.5666, "x": -2.97, "y": 1.92 },
					{ "time": 0.7333, "x": -5.1, "y": -0.97 },
					{ "time": 1.0333, "x": -12.05, "y": -2.5 },
					{ "time": 1.3333, "x": 0, "y": 0 }
				]
			},
			"Body": {
				"rotate": [
					{
						"time": 0,
						"angle": 0,
						"curve": [ 0.219, 0.41, 0.591, 0.77 ]
					},
					{
						"time": 0.6333,
						"angle": -3.17,
						"curve": [ 0.32, 0.36, 0.653, 0.69 ]
					},
					{
						"time": 0.7333,
						"angle": 0.61,
						"curve": [ 0.319, 0.37, 0.652, 0.7 ]
					},
					{
						"time": 0.9666,
						"angle": -1.72,
						"curve": [ 0.32, 0.38, 0.654, 0.71 ]
					},
					{ "time": 1.3333, "angle": 0 }
				],
				"translate": [
					{
						"time": 0,
						"x": 0,
						"y": 0,
						"curve": [ 0.219, 0.41, 0.591, 0.77 ]
					},
					{
						"time": 0.3333,
						"x": -15.86,
						"y": 0,
						"curve": [ 0.193, 0.39, 0.58, 0.9 ]
					},
					{
						"time": 0.5666,
						"x": -19.36,
						"y": 0,
						"curve": [ 0.142, 0.42, 0.647, 0.94 ]
					},
					{ "time": 0.6333, "x": 92.18, "y": -6.3 },
					{ "time": 0.7333, "x": 111.33, "y": 0 },
					{ "time": 1.3333, "x": 0, "y": 0 }
				]
			},
			"Ship_All": {
				"rotate": [
					{ "time": 0, "angle": 0, "curve": "stepped" },
					{ "time": 1.3333, "angle": 0 }
				],
				"translate": [
					{ "time": 0, "x": 0, "y": 0, "curve": "stepped" },
					{ "time": 1.3333, "x": 0, "y": 0 }
				]
			},
			"Throw_Point": {
				"rotate": [
					{ "time": 0.6333, "angle": 0 }
				],
				"translate": [
					{ "time": 0.6333, "x": 0, "y": 0 }
				]
			},
			"Leg_R": {
				"rotate": [
					{ "time": 0, "angle": 0 },
					{ "time": 0.6666, "angle": -4.74 },
					{ "time": 1.3333, "angle": 0 }
				],
				"translate": [
					{ "time": 0, "x": 0, "y": 0 },
					{ "time": 0.6666, "x": -0.5, "y": 0.13 },
					{ "time": 1.3333, "x": 0, "y": 0 }
				]
			},
			"Leg_L": {
				"rotate": [
					{ "time": 0, "angle": 0 },
					{ "time": 0.6666, "angle": 10.88 },
					{ "time": 1.3333, "angle": 0 }
				],
				"translate": [
					{ "time": 0, "x": 0, "y": 0, "curve": "stepped" },
					{ "time": 1.3333, "x": 0, "y": 0 }
				]
			},
			"Head": {
				"rotate": [
					{ "time": 0, "angle": 0 },
					{ "time": 0.3333, "angle": 0.25 },
					{ "time": 0.8333, "angle": -5.25 },
					{ "time": 1.3333, "angle": 0 }
				],
				"translate": [
					{ "time": 0, "x": 0, "y": 0, "curve": "stepped" },
					{ "time": 1.3333, "x": 0, "y": 0 }
				]
			},
			"Hand_R": {
				"rotate": [
					{ "time": 0, "angle": 0 },
					{ "time": 0.5, "angle": 17.21 },
					{ "time": 1, "angle": -1.76 },
					{ "time": 1.3333, "angle": 0 }
				],
				"translate": [
					{ "time": 0, "x": 0, "y": 0 },
					{ "time": 1, "x": -2.92, "y": -0.07 },
					{ "time": 1.3333, "x": 0, "y": 0 }
				]
			},
			"BOOM_L": {
				"rotate": [
					{ "time": 0, "angle": 0 },
					{ "time": 0.5, "angle": -15.29 },
					{ "time": 1, "angle": 26.56 },
					{ "time": 1.3333, "angle": 0 }
				],
				"translate": [
					{ "time": 0, "x": 0, "y": 0 },
					{ "time": 0.5, "x": 1.33, "y": 3.67 },
					{ "time": 1.3333, "x": 0, "y": 0 }
				]
			},
			"PR_1": {
				"rotate": [
					{ "time": 0, "angle": 0 },
					{ "time": 0.6666, "angle": 12.09 },
					{ "time": 1.3333, "angle": 0 }
				],
				"translate": [
					{ "time": 0, "x": 0, "y": 0, "curve": "stepped" },
					{ "time": 1.3333, "x": 0, "y": 0 }
				]
			},
			"PR_6": {
				"rotate": [
					{ "time": 0, "angle": 0 },
					{ "time": 0.6666, "angle": 12.09 },
					{ "time": 1.3333, "angle": 0 }
				],
				"translate": [
					{ "time": 0, "x": 0, "y": 0, "curve": "stepped" },
					{ "time": 1.3333, "x": 0, "y": 0 }
				]
			},
			"PR_5": {
				"rotate": [
					{ "time": 0, "angle": 0 },
					{ "time": 0.6666, "angle": 12.09 },
					{ "time": 1.3333, "angle": 0 }
				],
				"translate": [
					{ "time": 0, "x": 0, "y": 0, "curve": "stepped" },
					{ "time": 1.3333, "x": 0, "y": 0 }
				]
			},
			"PR_4": {
				"rotate": [
					{ "time": 0, "angle": 0 },
					{ "time": 0.6666, "angle": 12.09 },
					{ "time": 1.3333, "angle": 0 }
				],
				"translate": [
					{ "time": 0, "x": 0, "y": 0, "curve": "stepped" },
					{ "time": 1.3333, "x": 0, "y": 0 }
				]
			},
			"PR_3": {
				"rotate": [
					{ "time": 0, "angle": 0 },
					{ "time": 0.6666, "angle": 12.09 },
					{ "time": 1.3333, "angle": 0 }
				],
				"translate": [
					{ "time": 0, "x": 0, "y": 0, "curve": "stepped" },
					{ "time": 1.3333, "x": 0, "y": 0 }
				]
			},
			"PR_2": {
				"rotate": [
					{ "time": 0, "angle": 0 },
					{ "time": 0.6666, "angle": 12.09 },
					{ "time": 1.3333, "angle": 0 }
				],
				"translate": [
					{ "time": 0, "x": 0, "y": 0, "curve": "stepped" },
					{ "time": 1.3333, "x": 0, "y": 0 }
				]
			},
			"Hand_L": {
				"rotate": [
					{ "time": 0, "angle": 0 },
					{ "time": 0.8333, "angle": 12.64 },
					{ "time": 1.3333, "angle": 0 }
				],
				"translate": [
					{ "time": 0, "x": 0, "y": 0, "curve": "stepped" },
					{ "time": 1.3333, "x": 0, "y": 0 }
				]
			},
			"dr1": {
				"rotate": [
					{ "time": 0, "angle": 0 },
					{ "time": 0.6666, "angle": -12.28 },
					{ "time": 1, "angle": 8.42 },
					{ "time": 1.3333, "angle": 0 }
				],
				"translate": [
					{ "time": 0, "x": 0, "y": 0, "curve": "stepped" },
					{ "time": 1.3333, "x": 0, "y": 0 }
				]
			},
			"dr4": {
				"rotate": [
					{ "time": 0, "angle": 0 },
					{ "time": 0.6666, "angle": -12.28 },
					{ "time": 1, "angle": 8.42 },
					{ "time": 1.3333, "angle": 0 }
				],
				"translate": [
					{ "time": 0, "x": 0, "y": 0, "curve": "stepped" },
					{ "time": 1.3333, "x": 0, "y": 0 }
				]
			},
			"dr3": {
				"rotate": [
					{ "time": 0, "angle": 0 },
					{ "time": 0.6666, "angle": -12.28 },
					{ "time": 1, "angle": 8.42 },
					{ "time": 1.3333, "angle": 0 }
				],
				"translate": [
					{ "time": 0, "x": 0, "y": 0, "curve": "stepped" },
					{ "time": 1.3333, "x": 0, "y": 0 }
				]
			},
			"dr2": {
				"rotate": [
					{ "time": 0, "angle": 0 },
					{ "time": 0.6666, "angle": -12.28 },
					{ "time": 1, "angle": 8.42 },
					{ "time": 1.3333, "angle": 0 }
				],
				"translate": [
					{ "time": 0, "x": 0, "y": 0, "curve": "stepped" },
					{ "time": 1.3333, "x": 0, "y": 0 }
				]
			},
			"PL_1": {
				"rotate": [
					{ "time": 0, "angle": 0 },
					{ "time": 0.8333, "angle": -9.13 },
					{ "time": 1.3333, "angle": 0 }
				],
				"translate": [
					{ "time": 0, "x": 0, "y": 0, "curve": "stepped" },
					{ "time": 1.3333, "x": 0, "y": 0 }
				]
			},
			"PL_5": {
				"rotate": [
					{ "time": 0, "angle": 0 },
					{ "time": 0.8333, "angle": 13.52 },
					{ "time": 1.3333, "angle": 0 }
				],
				"translate": [
					{ "time": 0, "x": 0, "y": 0, "curve": "stepped" },
					{ "time": 1.3333, "x": 0, "y": 0 }
				]
			},
			"PL_4": {
				"rotate": [
					{ "time": 0, "angle": 0 },
					{ "time": 0.8333, "angle": 18.47 },
					{ "time": 1.3333, "angle": 0 }
				],
				"translate": [
					{ "time": 0, "x": 0, "y": 0, "curve": "stepped" },
					{ "time": 1.3333, "x": 0, "y": 0 }
				]
			},
			"PL_3": {
				"rotate": [
					{ "time": 0, "angle": 0 },
					{ "time": 0.8333, "angle": -35.14 },
					{ "time": 1.3333, "angle": 0 }
				],
				"translate": [
					{ "time": 0, "x": 0, "y": 0, "curve": "stepped" },
					{ "time": 1.3333, "x": 0, "y": 0 }
				]
			},
			"PL_2": {
				"rotate": [
					{ "time": 0, "angle": 0 },
					{ "time": 0.8333, "angle": 12.41 },
					{ "time": 1.3333, "angle": 0 }
				],
				"translate": [
					{ "time": 0, "x": 0, "y": 0, "curve": "stepped" },
					{ "time": 1.3333, "x": 0, "y": 0 }
				]
			}
		},
		"events": [
			{ "time": 0.5666, "name": "throw_point" }
		]
	},
	"wreck": {
		"slots": {
			"Leg_light": {
				"attachment": [
					{ "time": 0, "name": null }
				]
			},
			"Light_Body": {
				"attachment": [
					{ "time": 0, "name": null }
				]
			},
			"Rodney_body_normal": {
				"attachment": [
					{ "time": 0, "name": "Body_Change" }
				]
			},
			"Rodney_eyes_normal": {
				"attachment": [
					{ "time": 0, "name": "Rodney_eyes_damage" }
				]
			},
			"Rodney_ship_armor_normal": {
				"attachment": [
					{ "time": 0, "name": "Ship_armor_normal" }
				]
			},
			"head_light": {
				"attachment": [
					{ "time": 0, "name": null }
				]
			}
		},
		"bones": {
			"PL_4": {
				"rotate": [
					{ "time": 0, "angle": 0 },
					{ "time": 1, "angle": 21.74 },
					{ "time": 2, "angle": 0 }
				],
				"translate": [
					{ "time": 0, "x": 0, "y": 0 },
					{ "time": 1, "x": 0.67, "y": -1.86 },
					{ "time": 2, "x": 0, "y": 0 }
				]
			},
			"PL_3": {
				"rotate": [
					{ "time": 0, "angle": 0 },
					{ "time": 1, "angle": 4.25 },
					{ "time": 2, "angle": 0 }
				],
				"translate": [
					{ "time": 0, "x": 0, "y": 0, "curve": "stepped" },
					{ "time": 2, "x": 0, "y": 0 }
				]
			},
			"PR_1": {
				"rotate": [
					{ "time": 0, "angle": 0 },
					{ "time": 1, "angle": 17.03 },
					{ "time": 2, "angle": 0 }
				],
				"translate": [
					{ "time": 0, "x": 0, "y": 0, "curve": "stepped" },
					{ "time": 2, "x": 0, "y": 0 }
				]
			},
			"PL_1": {
				"rotate": [
					{ "time": 0, "angle": 0 },
					{ "time": 1, "angle": -4.88 },
					{ "time": 2, "angle": 0 }
				],
				"translate": [
					{ "time": 0, "x": 0, "y": 0, "curve": "stepped" },
					{ "time": 2, "x": 0, "y": 0 }
				]
			},
			"Root_All": {
				"rotate": [
					{ "time": 0, "angle": 0, "curve": "stepped" },
					{ "time": 2, "angle": 0 }
				],
				"translate": [
					{
						"time": 0,
						"x": 0,
						"y": 0,
						"curve": [ 0.255, 0.35, 0.6, 0.7 ]
					},
					{
						"time": 0.5,
						"x": 0,
						"y": -9.82,
						"curve": [ 0.3, 0.39, 0.641, 0.74 ]
					},
					{
						"time": 1,
						"x": 0,
						"y": -15.66,
						"curve": [ 0.322, 0.37, 0.652, 0.7 ]
					},
					{
						"time": 1.5,
						"x": 0,
						"y": -7.79,
						"curve": [ 0.314, 0.36, 0.644, 0.68 ]
					},
					{ "time": 2, "x": 0, "y": 0 }
				]
			},
			"dr4": {
				"rotate": [
					{ "time": 0, "angle": 0 },
					{ "time": 0.6666, "angle": -5.26 },
					{ "time": 1.3333, "angle": 21.96 },
					{ "time": 2, "angle": 0 }
				],
				"translate": [
					{ "time": 0, "x": 0, "y": 0, "curve": "stepped" },
					{ "time": 2, "x": 0, "y": 0 }
				]
			},
			"BOOM_L": {
				"rotate": [
					{ "time": 0, "angle": 0 },
					{ "time": 0.5, "angle": -14.29 },
					{ "time": 1, "angle": 0 },
					{ "time": 1.5, "angle": 8.81 },
					{ "time": 2, "angle": 0 }
				],
				"translate": [
					{ "time": 0, "x": 0, "y": 0, "curve": "stepped" },
					{ "time": 1, "x": 0, "y": 0, "curve": "stepped" },
					{ "time": 2, "x": 0, "y": 0 }
				]
			},
			"PR_3": {
				"rotate": [
					{ "time": 0, "angle": 0 },
					{ "time": 1, "angle": 15.71 },
					{ "time": 2, "angle": 0 }
				],
				"translate": [
					{ "time": 0, "x": 0, "y": 0, "curve": "stepped" },
					{ "time": 2, "x": 0, "y": 0 }
				]
			},
			"PR_6": {
				"rotate": [
					{ "time": 0, "angle": 0 },
					{ "time": 1, "angle": -39.89 },
					{ "time": 2, "angle": 0 }
				],
				"translate": [
					{ "time": 0, "x": 0, "y": 0, "curve": "stepped" },
					{ "time": 2, "x": 0, "y": 0 }
				]
			},
			"PR_5": {
				"rotate": [
					{ "time": 0, "angle": 0 },
					{ "time": 1, "angle": 28.6 },
					{ "time": 2, "angle": 0 }
				],
				"translate": [
					{ "time": 0, "x": 0, "y": 0, "curve": "stepped" },
					{ "time": 2, "x": 0, "y": 0 }
				]
			},
			"Hand_R": {
				"rotate": [
					{ "time": 0, "angle": 0 },
					{ "time": 0.5, "angle": 7.56 },
					{ "time": 1, "angle": 0 },
					{ "time": 1.5, "angle": -4.4 },
					{ "time": 2, "angle": 0 }
				],
				"translate": [
					{ "time": 0, "x": 0, "y": 0 },
					{ "time": 0.5, "x": 0.6, "y": -0.07 },
					{ "time": 1, "x": 0, "y": 0 },
					{ "time": 1.5, "x": -5.22, "y": 2.22 },
					{ "time": 2, "x": 0, "y": 0 }
				]
			},
			"PR_2": {
				"rotate": [
					{ "time": 0, "angle": 0 },
					{ "time": 1, "angle": 0.27 },
					{ "time": 2, "angle": 0 }
				],
				"translate": [
					{ "time": 0, "x": 0, "y": 0, "curve": "stepped" },
					{ "time": 2, "x": 0, "y": 0 }
				]
			},
			"Body": {
				"rotate": [
					{ "time": 0, "angle": 0, "curve": "stepped" },
					{ "time": 2, "angle": 0 }
				],
				"translate": [
					{ "time": 0, "x": 0, "y": 0, "curve": "stepped" },
					{ "time": 2, "x": 0, "y": 0 }
				]
			},
			"Leg_R": {
				"rotate": [
					{ "time": 0, "angle": 0 },
					{ "time": 1, "angle": -4.93 },
					{ "time": 2, "angle": 0 }
				],
				"translate": [
					{ "time": 0, "x": 0, "y": 0, "curve": "stepped" },
					{ "time": 2, "x": 0, "y": 0 }
				]
			},
			"Face": {
				"rotate": [
					{ "time": 0, "angle": 0, "curve": "stepped" },
					{ "time": 2, "angle": 0 }
				],
				"translate": [
					{
						"time": 0,
						"x": 0,
						"y": 0,
						"curve": [ 0.286, 0.34, 0.623, 0.67 ]
					},
					{
						"time": 0.5,
						"x": 0.64,
						"y": 0,
						"curve": [ 0.282, 0.37, 0.624, 0.71 ]
					},
					{
						"time": 1.5,
						"x": -1.28,
						"y": 0,
						"curve": [ 0.321, 0.37, 0.656, 0.71 ]
					},
					{ "time": 2, "x": 0, "y": 0 }
				]
			},
			"Ship": {
				"rotate": [
					{
						"time": 0,
						"angle": 0,
						"curve": [ 0.286, 0.34, 0.623, 0.67 ]
					},
					{
						"time": 0.5,
						"angle": -363.3,
						"curve": [ 0.282, 0.37, 0.624, 0.71 ]
					},
					{
						"time": 1.5,
						"angle": -355.22,
						"curve": [ 0.321, 0.37, 0.656, 0.71 ]
					},
					{ "time": 2, "angle": 0 }
				],
				"translate": [
					{
						"time": 0,
						"x": 0,
						"y": 0,
						"curve": [ 0.329, 0.33, 0.663, 0.66 ]
					},
					{
						"time": 0.5,
						"x": 6.1,
						"y": -6.94,
						"curve": [ 0.326, 0.33, 0.659, 0.66 ]
					},
					{
						"time": 1.5,
						"x": -10.8,
						"y": -4.46,
						"curve": [ 0.33, 0.33, 0.663, 0.66 ]
					},
					{ "time": 2, "x": 0, "y": 0 }
				]
			},
			"dr2": {
				"rotate": [
					{ "time": 0, "angle": 0 },
					{ "time": 0.6666, "angle": -9.04 },
					{ "time": 1.3333, "angle": 16.07 },
					{ "time": 2, "angle": 0 }
				],
				"translate": [
					{ "time": 0, "x": 0, "y": 0, "curve": "stepped" },
					{ "time": 2, "x": 0, "y": 0 }
				]
			},
			"Hand_L": {
				"rotate": [
					{ "time": 0, "angle": 0 },
					{ "time": 1, "angle": 11.12 },
					{ "time": 2, "angle": 0 }
				],
				"translate": [
					{ "time": 0, "x": 0, "y": 0 },
					{ "time": 1, "x": 1.67, "y": -1.67 },
					{ "time": 2, "x": 0, "y": 0 }
				]
			},
			"dr1": {
				"rotate": [
					{ "time": 0, "angle": 0 },
					{ "time": 0.6666, "angle": -11.38 },
					{ "time": 1.3333, "angle": 14.2 },
					{ "time": 2, "angle": 0 }
				],
				"translate": [
					{ "time": 0, "x": 0, "y": 0, "curve": "stepped" },
					{ "time": 2, "x": 0, "y": 0 }
				]
			},
			"Head": {
				"rotate": [
					{ "time": 0, "angle": 0 },
					{ "time": 0.5, "angle": -5.96 },
					{ "time": 1, "angle": 0 },
					{ "time": 1.5, "angle": 3.91 },
					{ "time": 2, "angle": 0 }
				],
				"translate": [
					{ "time": 0, "x": 0, "y": 0, "curve": "stepped" },
					{ "time": 1, "x": 0, "y": 0, "curve": "stepped" },
					{ "time": 2, "x": 0, "y": 0 }
				]
			},
			"dr3": {
				"rotate": [
					{ "time": 0, "angle": 0 },
					{ "time": 0.6666, "angle": -10.77 },
					{ "time": 1.3333, "angle": 12.57 },
					{ "time": 2, "angle": 0 }
				],
				"translate": [
					{ "time": 0, "x": 0, "y": 0, "curve": "stepped" },
					{ "time": 2, "x": 0, "y": 0 }
				]
			},
			"PL_5": {
				"rotate": [
					{ "time": 0, "angle": 0 },
					{ "time": 1, "angle": 20.25 },
					{ "time": 2, "angle": 0 }
				],
				"translate": [
					{ "time": 0, "x": 0, "y": 0, "curve": "stepped" },
					{ "time": 2, "x": 0, "y": 0 }
				]
			},
			"PR_4": {
				"rotate": [
					{ "time": 0, "angle": 0 },
					{ "time": 1, "angle": 16.01 },
					{ "time": 2, "angle": 0 }
				],
				"translate": [
					{ "time": 0, "x": 0, "y": 0, "curve": "stepped" },
					{ "time": 2, "x": 0, "y": 0 }
				]
			},
			"Leg_L": {
				"rotate": [
					{ "time": 0, "angle": 0 },
					{ "time": 1, "angle": 3.53 },
					{ "time": 2, "angle": 0 }
				],
				"translate": [
					{ "time": 0, "x": 0, "y": 0 },
					{ "time": 1, "x": -0.65, "y": 0 },
					{ "time": 2, "x": 0, "y": 0 }
				]
			},
			"Ship_All": {
				"rotate": [
					{ "time": 0, "angle": 0, "curve": "stepped" },
					{ "time": 2, "angle": 0 }
				],
				"translate": [
					{ "time": 0, "x": 0, "y": 0, "curve": "stepped" },
					{ "time": 2, "x": 0, "y": 0 }
				]
			},
			"PL_2": {
				"rotate": [
					{ "time": 0, "angle": 0 },
					{ "time": 1, "angle": -39.18 },
					{ "time": 2, "angle": 0 }
				],
				"translate": [
					{ "time": 0, "x": 0, "y": 0, "curve": "stepped" },
					{ "time": 2, "x": 0, "y": 0 }
				]
			}
		}
	}
}
}