{
"skeleton": { "hash": "NMKBX///FnRYbLuL/jGycivYfCg", "spine": "3.2.01", "width": 172, "height": 119.35, "images": "" },
"bones": [
	{ "name": "root" },
	{ "name": "bone", "parent": "root" },
	{ "name": "bone2", "parent": "bone" },
	{ "name": "BF", "parent": "bone2" },
	{ "name": "BOOM1", "parent": "BF", "x": 13.31, "y": 59.89 },
	{ "name": "BOOM2", "parent": "BF", "x": -9.67, "y": 58.68 },
	{ "name": "BOOM3", "parent": "BF", "x": -22.38, "y": 58.07 },
	{ "name": "BOOM_A", "parent": "BF", "y": 74.71 },
	{ "name": "DZ", "parent": "BF" },
	{ "name": "LLLLLLLL", "parent": "BF", "x": -39.09, "y": 63.45 },
	{ "name": "FLY_L", "parent": "LLLLLLLL", "x": 11.26, "y": 20.64 },
	{ "name": "RRRRRR", "parent": "BF", "x": 32.68, "y": 62.8 },
	{ "name": "FLY_R", "parent": "RRRRRR", "x": -3.64, "y": 21.89 },
	{ "name": "HL", "parent": "LLLLLLLL", "x": 2.79, "y": 3.7 },
	{ "name": "HR", "parent": "RRRRRR", "x": 6.03, "y": 7.97 },
	{ "name": "LIGHT", "parent": "BF", "y": 60.49 },
	{ "name": "PL", "parent": "LLLLLLLL", "x": 9.45, "y": 5.51 },
	{ "name": "PR", "parent": "RRRRRR", "x": 0.58, "y": 7.37 },
	{ "name": "WIN", "parent": "BF", "y": 86.57 },
	{ "name": "X1", "parent": "BF", "y": 84.09 },
	{ "name": "X2", "parent": "BF", "y": 84.09 },
	{ "name": "YL", "parent": "LLLLLLLL", "x": 7.03, "y": -8.39 },
	{ "name": "YR", "parent": "RRRRRR", "x": 5.42, "y": -7.75 },
	{ "name": "fire_A", "parent": "BF", "y": 74.71 },
	{ "name": "girl_A", "parent": "RRRRRR", "x": 13.89, "y": 2.53 },
	{ "name": "girl_B", "parent": "LLLLLLLL", "x": -3.85, "y": 4.3 }
],
"slots": [
	{ "name": "DZ", "bone": "DZ", "attachment": "DZ" },
	{ "name": "LIGHT", "bone": "LIGHT", "attachment": "LIGHT", "blend": "additive" },
	{ "name": "A", "bone": "girl_A", "color": "ffffffd0", "attachment": "A", "blend": "additive" },
	{ "name": "B", "bone": "girl_B", "color": "ffffffd0", "attachment": "B", "blend": "additive" },
	{ "name": "B1", "bone": "BOOM1", "attachment": "B1", "blend": "additive" },
	{ "name": "B2", "bone": "BOOM2", "attachment": "B2", "blend": "additive" },
	{ "name": "B3", "bone": "BOOM3", "attachment": "B3", "blend": "additive" },
	{ "name": "FLY_L", "bone": "FLY_L", "attachment": "FLY_L", "blend": "additive" },
	{ "name": "FLY_R", "bone": "FLY_R", "attachment": "FLY_R", "blend": "additive" },
	{ "name": "HL", "bone": "HL", "attachment": "HL", "blend": "additive" },
	{ "name": "HR", "bone": "HR", "attachment": "HR", "blend": "additive" },
	{ "name": "PL", "bone": "PL", "attachment": "PL", "blend": "additive" },
	{ "name": "PR", "bone": "PR", "attachment": "PR", "blend": "additive" },
	{ "name": "X1", "bone": "X1", "attachment": "X1", "blend": "additive" },
	{ "name": "X2", "bone": "X2", "attachment": "X2", "blend": "additive" },
	{ "name": "YL", "bone": "YL", "attachment": "YL", "blend": "additive" },
	{ "name": "YR", "bone": "YR", "attachment": "YR", "blend": "additive" },
	{ "name": "BOOM_A", "bone": "BOOM_A", "blend": "additive" },
	{ "name": "fire_A", "bone": "fire_A", "blend": "additive" },
	{ "name": "DZ2", "bone": "DZ", "attachment": "DZ2" },
	{ "name": "WIN", "bone": "WIN", "blend": "additive" }
],
"skins": {
	"default": {
		"A": {
			"A": { "x": -46.58, "y": -17.94, "width": 172, "height": 119 }
		},
		"B": {
			"B": { "x": 42.95, "y": -20.36, "width": 172, "height": 119 }
		},
		"B1": {
			"B1": { "x": -13.3, "y": -12.49, "width": 172, "height": 119 }
		},
		"B2": {
			"B2": { "x": 9.67, "y": -11.28, "width": 172, "height": 119 }
		},
		"B3": {
			"B3": { "x": 22.38, "y": -10.68, "width": 172, "height": 119 }
		},
		"BOOM_A": {
			"BOOM_A": { "x": 1.28, "y": -30.27, "width": 172, "height": 119 },
			"BOOM_B": { "x": 1.28, "y": -30.27, "width": 172, "height": 119 },
			"BOOM_c": { "x": 1.28, "y": -30.27, "width": 172, "height": 119 }
		},
		"DZ": {
			"DZ": { "y": 47.39, "width": 172, "height": 119 }
		},
		"DZ2": {
			"DZ2": { "y": 47.74, "width": 172, "height": 119 }
		},
		"FLY_L": {
			"FLY_L": { "x": 27.82, "y": -36.69, "width": 172, "height": 119 }
		},
		"FLY_R": {
			"FLY_R": { "x": -29.04, "y": -37.3, "width": 172, "height": 119 }
		},
		"HL": {
			"HL": { "x": 36.3, "y": -19.75, "width": 172, "height": 119 }
		},
		"HR": {
			"HR": { "x": -38.71, "y": -23.38, "width": 172, "height": 119 }
		},
		"LIGHT": {
			"LIGHT": { "y": -13.1, "width": 172, "height": 119 }
		},
		"PL": {
			"PL": { "x": 29.64, "y": -21.57, "width": 172, "height": 119 }
		},
		"PR": {
			"PR": { "x": -33.27, "y": -22.78, "width": 172, "height": 119 }
		},
		"WIN": {
			"WIN": { "x": -0.52, "y": -38.82, "width": 172, "height": 119 }
		},
		"X1": {
			"X1": { "y": -36.69, "width": 172, "height": 119 }
		},
		"X2": {
			"X2": { "y": -36.69, "width": 172, "height": 119 }
		},
		"YL": {
			"YL": { "x": 32.06, "y": -7.65, "width": 172, "height": 119 }
		},
		"YR": {
			"YR": { "x": -38.11, "y": -7.65, "width": 172, "height": 119 }
		},
		"fire_A": {
			"fire_A": { "x": 1.28, "y": -30.27, "width": 172, "height": 119 },
			"fire_b": { "x": 1.28, "y": -30.27, "width": 172, "height": 119 },
			"fire_c": { "x": 1.28, "y": -30.27, "width": 172, "height": 119 }
		}
	}
},
"animations": {
	"close": {
		"slots": {
			"A": {
				"color": [
					{ "time": 0, "color": "ffffff00", "curve": "stepped" },
					{ "time": 2, "color": "ffffff00" }
				]
			},
			"B": {
				"color": [
					{ "time": 0, "color": "ffffff00", "curve": "stepped" },
					{ "time": 2, "color": "ffffff00" }
				]
			},
			"B1": {
				"color": [
					{ "time": 0, "color": "ffffff00", "curve": "stepped" },
					{ "time": 2, "color": "ffffff00" }
				]
			},
			"B2": {
				"color": [
					{ "time": 0, "color": "ffffff00", "curve": "stepped" },
					{ "time": 2, "color": "ffffff00" }
				]
			},
			"B3": {
				"color": [
					{ "time": 0, "color": "ffffff00", "curve": "stepped" },
					{ "time": 2, "color": "ffffff00" }
				]
			},
			"FLY_L": {
				"color": [
					{ "time": 0, "color": "ffffff00", "curve": "stepped" },
					{ "time": 2, "color": "ffffff00" }
				]
			},
			"FLY_R": {
				"color": [
					{ "time": 0, "color": "ffffff00", "curve": "stepped" },
					{ "time": 2, "color": "ffffff00" }
				]
			},
			"HL": {
				"color": [
					{ "time": 0, "color": "ffffff00", "curve": "stepped" },
					{ "time": 2, "color": "ffffff00" }
				]
			},
			"HR": {
				"color": [
					{ "time": 0, "color": "ffffff00", "curve": "stepped" },
					{ "time": 2, "color": "ffffff00" }
				]
			},
			"LIGHT": {
				"color": [
					{ "time": 0, "color": "ffffff00" },
					{ "time": 1, "color": "ffffff46" },
					{ "time": 2, "color": "ffffff00" }
				]
			},
			"PL": {
				"color": [
					{ "time": 0, "color": "ffffff00", "curve": "stepped" },
					{ "time": 2, "color": "ffffff00" }
				]
			},
			"PR": {
				"color": [
					{ "time": 0, "color": "ffffff00", "curve": "stepped" },
					{ "time": 2, "color": "ffffff00" }
				]
			},
			"X1": {
				"color": [
					{ "time": 0, "color": "ffffff00", "curve": "stepped" },
					{ "time": 2, "color": "ffffff00" }
				]
			},
			"X2": {
				"color": [
					{ "time": 0, "color": "ffffff00" },
					{ "time": 1, "color": "ffffffff" },
					{ "time": 2, "color": "ffffff00" }
				]
			},
			"YL": {
				"color": [
					{ "time": 0, "color": "ffffff00", "curve": "stepped" },
					{ "time": 2, "color": "ffffff00" }
				]
			},
			"YR": {
				"color": [
					{ "time": 0, "color": "ffffff00", "curve": "stepped" },
					{ "time": 2, "color": "ffffff00" }
				]
			}
		}
	},
	"end": {
		"slots": {
			"A": {
				"color": [
					{ "time": 0, "color": "ffffffff" },
					{ "time": 0.9333, "color": "ffffffcf" },
					{ "time": 1.0333, "color": "ffffff62", "curve": "stepped" },
					{ "time": 1.4, "color": "ffffff62" },
					{ "time": 1.4333, "color": "ffffffb1" },
					{ "time": 1.4666, "color": "ffffff50", "curve": "stepped" },
					{ "time": 1.5, "color": "ffffff50" },
					{ "time": 2, "color": "ffffff00" }
				]
			},
			"B": {
				"color": [
					{ "time": 0, "color": "ffffffff" },
					{ "time": 0.9333, "color": "ffffffcf" },
					{ "time": 1.0333, "color": "ffffff62", "curve": "stepped" },
					{ "time": 1.4, "color": "ffffff62" },
					{ "time": 1.4333, "color": "ffffffb1" },
					{ "time": 1.4666, "color": "ffffff50", "curve": "stepped" },
					{ "time": 1.5, "color": "ffffff50" },
					{ "time": 2, "color": "ffffff00" }
				]
			},
			"B1": {
				"color": [
					{ "time": 0, "color": "ffffffff" },
					{ "time": 0.9333, "color": "ffffffcf" },
					{ "time": 1.0333, "color": "ffffff62", "curve": "stepped" },
					{ "time": 1.4, "color": "ffffff62" },
					{ "time": 1.4333, "color": "ffffffb1" },
					{ "time": 1.4666, "color": "ffffff50", "curve": "stepped" },
					{ "time": 1.5, "color": "ffffff50" },
					{ "time": 2, "color": "ffffff00" }
				],
				"attachment": [
					{ "time": 0, "name": null },
					{ "time": 2, "name": null }
				]
			},
			"B2": {
				"color": [
					{ "time": 0, "color": "ffffffff" },
					{ "time": 0.9333, "color": "ffffffcf" },
					{ "time": 1.0333, "color": "ffffff62", "curve": "stepped" },
					{ "time": 1.4, "color": "ffffff62" },
					{ "time": 1.4333, "color": "ffffffb1" },
					{ "time": 1.4666, "color": "ffffff50", "curve": "stepped" },
					{ "time": 1.5, "color": "ffffff50" },
					{ "time": 2, "color": "ffffff00" }
				],
				"attachment": [
					{ "time": 0, "name": null },
					{ "time": 2, "name": null }
				]
			},
			"B3": {
				"color": [
					{ "time": 0, "color": "ffffffff" },
					{ "time": 0.9333, "color": "ffffffcf" },
					{ "time": 1.0333, "color": "ffffff62", "curve": "stepped" },
					{ "time": 1.4, "color": "ffffff62" },
					{ "time": 1.4333, "color": "ffffffb1" },
					{ "time": 1.4666, "color": "ffffff50", "curve": "stepped" },
					{ "time": 1.5, "color": "ffffff50" },
					{ "time": 2, "color": "ffffff00" }
				],
				"attachment": [
					{ "time": 0, "name": null },
					{ "time": 2, "name": null }
				]
			},
			"FLY_L": {
				"color": [
					{ "time": 0, "color": "ffffffff" },
					{ "time": 0.9333, "color": "ffffffcf" },
					{ "time": 1.0333, "color": "ffffff62", "curve": "stepped" },
					{ "time": 1.4, "color": "ffffff62" },
					{ "time": 1.4333, "color": "ffffffb1" },
					{ "time": 1.4666, "color": "ffffff50", "curve": "stepped" },
					{ "time": 1.5, "color": "ffffff50" },
					{ "time": 2, "color": "ffffff00" }
				],
				"attachment": [
					{ "time": 0, "name": null },
					{ "time": 2, "name": null }
				]
			},
			"FLY_R": {
				"color": [
					{ "time": 0, "color": "ffffffff" },
					{ "time": 0.9333, "color": "ffffffcf" },
					{ "time": 1.0333, "color": "ffffff62", "curve": "stepped" },
					{ "time": 1.4, "color": "ffffff62" },
					{ "time": 1.4333, "color": "ffffffb1" },
					{ "time": 1.4666, "color": "ffffff50", "curve": "stepped" },
					{ "time": 1.5, "color": "ffffff50" },
					{ "time": 2, "color": "ffffff00" }
				],
				"attachment": [
					{ "time": 0, "name": null },
					{ "time": 2, "name": null }
				]
			},
			"HL": {
				"color": [
					{ "time": 0, "color": "ffffffff" },
					{ "time": 0.9333, "color": "ffffffcf" },
					{ "time": 1.0333, "color": "ffffff62", "curve": "stepped" },
					{ "time": 1.4, "color": "ffffff62" },
					{ "time": 1.4333, "color": "ffffffb1" },
					{ "time": 1.4666, "color": "ffffff50", "curve": "stepped" },
					{ "time": 1.5, "color": "ffffff50" },
					{ "time": 2, "color": "ffffff00" }
				],
				"attachment": [
					{ "time": 0, "name": null },
					{ "time": 2, "name": null }
				]
			},
			"HR": {
				"color": [
					{ "time": 0, "color": "ffffffff" },
					{ "time": 0.9333, "color": "ffffffcf" },
					{ "time": 1.0333, "color": "ffffff62", "curve": "stepped" },
					{ "time": 1.4, "color": "ffffff62" },
					{ "time": 1.4333, "color": "ffffffb1" },
					{ "time": 1.4666, "color": "ffffff50", "curve": "stepped" },
					{ "time": 1.5, "color": "ffffff50" },
					{ "time": 2, "color": "ffffff00" }
				],
				"attachment": [
					{ "time": 0, "name": null },
					{ "time": 2, "name": null }
				]
			},
			"LIGHT": {
				"color": [
					{ "time": 0, "color": "ffffffff" },
					{ "time": 0.9333, "color": "ffffffcf" },
					{ "time": 1.0333, "color": "ffffff62", "curve": "stepped" },
					{ "time": 1.4, "color": "ffffff62" },
					{ "time": 1.4333, "color": "ffffffb1" },
					{ "time": 1.4666, "color": "ffffff50" },
					{ "time": 1.5, "color": "ffffffea" },
					{ "time": 2, "color": "ffffff00" }
				]
			},
			"PL": {
				"color": [
					{ "time": 0, "color": "ffffffff" },
					{ "time": 0.9333, "color": "ffffffcf" },
					{ "time": 1.0333, "color": "ffffff62", "curve": "stepped" },
					{ "time": 1.4, "color": "ffffff62" },
					{ "time": 1.4333, "color": "ffffffb1" },
					{ "time": 1.4666, "color": "ffffff50", "curve": "stepped" },
					{ "time": 1.5, "color": "ffffff50" },
					{ "time": 2, "color": "ffffff00" }
				],
				"attachment": [
					{ "time": 0, "name": null },
					{ "time": 2, "name": null }
				]
			},
			"PR": {
				"color": [
					{ "time": 0, "color": "ffffffff" },
					{ "time": 0.9333, "color": "ffffffcf" },
					{ "time": 1.0333, "color": "ffffff62", "curve": "stepped" },
					{ "time": 1.4, "color": "ffffff62" },
					{ "time": 1.4333, "color": "ffffffb1" },
					{ "time": 1.4666, "color": "ffffff50", "curve": "stepped" },
					{ "time": 1.5, "color": "ffffff50" },
					{ "time": 2, "color": "ffffff00" }
				],
				"attachment": [
					{ "time": 0, "name": null },
					{ "time": 2, "name": null }
				]
			},
			"X1": {
				"color": [
					{ "time": 0, "color": "ffffffff" },
					{ "time": 0.7, "color": "ffffffcf" },
					{ "time": 1.4, "color": "ffffff62", "curve": "stepped" },
					{ "time": 1.4666, "color": "ffffff62" },
					{ "time": 1.5, "color": "ffffffb1" },
					{ "time": 1.5666, "color": "ffffff50", "curve": "stepped" },
					{ "time": 1.6666, "color": "ffffff50" },
					{ "time": 2, "color": "ffffff00" }
				]
			},
			"X2": {
				"color": [
					{ "time": 0, "color": "ffffffff" },
					{ "time": 0.9333, "color": "ffffffcf" },
					{ "time": 1.0333, "color": "ffffff62", "curve": "stepped" },
					{ "time": 1.4, "color": "ffffff62" },
					{ "time": 1.4333, "color": "ffffffb1" },
					{ "time": 1.4666, "color": "ffffff50" },
					{ "time": 1.5, "color": "ffffffff" },
					{ "time": 2, "color": "ffffff00" }
				]
			},
			"YL": {
				"color": [
					{ "time": 0, "color": "ffffffff" },
					{ "time": 0.9333, "color": "ffffffcf" },
					{ "time": 1.0333, "color": "ffffff62", "curve": "stepped" },
					{ "time": 1.4, "color": "ffffff62" },
					{ "time": 1.4333, "color": "ffffffb1" },
					{ "time": 1.4666, "color": "ffffff50", "curve": "stepped" },
					{ "time": 1.5, "color": "ffffff50" },
					{ "time": 2, "color": "ffffff00" }
				],
				"attachment": [
					{ "time": 0, "name": null },
					{ "time": 2, "name": null }
				]
			},
			"YR": {
				"color": [
					{ "time": 0, "color": "ffffffff" },
					{ "time": 0.9333, "color": "ffffffcf" },
					{ "time": 1.0333, "color": "ffffff62", "curve": "stepped" },
					{ "time": 1.4, "color": "ffffff62" },
					{ "time": 1.4333, "color": "ffffffb1" },
					{ "time": 1.4666, "color": "ffffff50", "curve": "stepped" },
					{ "time": 1.5, "color": "ffffff50" },
					{ "time": 2, "color": "ffffff00" }
				],
				"attachment": [
					{ "time": 0, "name": null },
					{ "time": 2, "name": null }
				]
			}
		},
		"bones": {
			"BF": {
				"translate": [
					{ "time": 0, "x": 0, "y": 0, "curve": "stepped" },
					{ "time": 2, "x": 0, "y": 0 }
				],
				"scale": [
					{ "time": 0, "x": 1, "y": 1, "curve": "stepped" },
					{ "time": 1.5, "x": 1, "y": 1 },
					{ "time": 1.6666, "x": 1.006, "y": 1.006 },
					{ "time": 1.8333, "x": 0.993, "y": 0.993 },
					{ "time": 2, "x": 1, "y": 1 }
				]
			},
			"X1": {
				"translate": [
					{ "time": 0, "x": 0, "y": 0 },
					{ "time": 1, "x": 0, "y": 2.4 },
					{ "time": 1.4333, "x": 0, "y": 10.89 },
					{ "time": 1.6666, "x": 0, "y": 9.61 },
					{ "time": 2, "x": 0, "y": -31.4 }
				],
				"scale": [
					{ "time": 0, "x": 1, "y": 1, "curve": "stepped" },
					{ "time": 1.6666, "x": 1, "y": 1 }
				]
			},
			"girl_A": {
				"rotate": [
					{ "time": 0, "angle": 0, "curve": "stepped" },
					{ "time": 2, "angle": 0 }
				],
				"translate": [
					{ "time": 0, "x": 0, "y": 0 },
					{ "time": 0.4, "x": 0, "y": -2.48 },
					{ "time": 0.8333, "x": 0, "y": 0.17 },
					{ "time": 1.4333, "x": 0, "y": -2.8 },
					{ "time": 1.6666, "x": 0, "y": -8.27 },
					{ "time": 2, "x": 0, "y": 0 }
				],
				"scale": [
					{ "time": 0.6666, "x": 1, "y": 1, "curve": "stepped" },
					{ "time": 1.4333, "x": 1, "y": 1 },
					{ "time": 1.6, "x": 1, "y": 0.064 }
				]
			},
			"LIGHT": {
				"translate": [
					{ "time": 0, "x": 0, "y": 0, "curve": "stepped" },
					{ "time": 1.5, "x": 0, "y": 0 },
					{ "time": 1.6666, "x": 0, "y": -5.12 },
					{ "time": 2, "x": 0, "y": 0 }
				],
				"scale": [
					{ "time": 0, "x": 1, "y": 1, "curve": "stepped" },
					{ "time": 1.5, "x": 1, "y": 1 },
					{ "time": 1.6666, "x": 1, "y": 0.48 },
					{ "time": 2, "x": 1, "y": 1 }
				]
			},
			"girl_B": {
				"rotate": [
					{ "time": 0, "angle": 0, "curve": "stepped" },
					{ "time": 2, "angle": 0 }
				],
				"translate": [
					{ "time": 0, "x": 0, "y": 0 },
					{ "time": 0.4, "x": 0, "y": -2.48 },
					{ "time": 0.8333, "x": 0, "y": 0.17 },
					{ "time": 1.4333, "x": 0, "y": -2.8 },
					{ "time": 1.6666, "x": 0, "y": -8.27 },
					{ "time": 2, "x": 0, "y": 0 }
				],
				"scale": [
					{ "time": 0.6666, "x": 1, "y": 1, "curve": "stepped" },
					{ "time": 1.4333, "x": 1, "y": 1 },
					{ "time": 1.6, "x": 1, "y": 0.064 }
				]
			}
		}
	},
	"normal": {
		"slots": {
			"B1": {
				"color": [
					{ "time": 0.2666, "color": "ffffff00" },
					{ "time": 0.3333, "color": "ffffffff" },
					{ "time": 0.5666, "color": "ffffff00", "curve": "stepped" },
					{ "time": 1, "color": "ffffff00" },
					{ "time": 1.0666, "color": "ffffffff" },
					{ "time": 1.3, "color": "ffffff00", "curve": "stepped" },
					{ "time": 2, "color": "ffffff00" },
					{ "time": 2.0666, "color": "ffffffff" },
					{ "time": 2.3, "color": "ffffff00", "curve": "stepped" },
					{ "time": 3, "color": "ffffff00" },
					{ "time": 3.0666, "color": "ffffffff" },
					{ "time": 3.3, "color": "ffffff00" }
				],
				"attachment": [
					{ "time": 0, "name": null },
					{ "time": 0.3333, "name": "B1" },
					{ "time": 0.5666, "name": null },
					{ "time": 1.0666, "name": "B1" },
					{ "time": 1.3, "name": null },
					{ "time": 2.0666, "name": "B1" },
					{ "time": 2.3, "name": null },
					{ "time": 3.0666, "name": "B1" },
					{ "time": 3.3, "name": null }
				]
			},
			"B2": {
				"color": [
					{ "time": 0.3333, "color": "ffffff00" },
					{ "time": 0.4, "color": "ffffffff" },
					{ "time": 0.6333, "color": "ffffff00", "curve": "stepped" },
					{ "time": 1.3333, "color": "ffffff00" },
					{ "time": 1.4, "color": "ffffffff" },
					{ "time": 1.6333, "color": "ffffff00", "curve": "stepped" },
					{ "time": 2.6666, "color": "ffffff00" },
					{ "time": 2.7333, "color": "ffffffff" },
					{ "time": 2.9666, "color": "ffffff00" }
				],
				"attachment": [
					{ "time": 0, "name": null },
					{ "time": 0.3333, "name": "B2" },
					{ "time": 0.6333, "name": null },
					{ "time": 1.3333, "name": "B2" },
					{ "time": 1.6333, "name": null },
					{ "time": 2.6666, "name": "B2" },
					{ "time": 2.9666, "name": null }
				]
			},
			"B3": {
				"color": [
					{ "time": 0.3333, "color": "ffffff00" },
					{ "time": 0.4, "color": "ffffffff" },
					{ "time": 0.6333, "color": "ffffff00", "curve": "stepped" },
					{ "time": 1, "color": "ffffff00" },
					{ "time": 1.0666, "color": "ffffffff" },
					{ "time": 1.3, "color": "ffffff00", "curve": "stepped" },
					{ "time": 1.6666, "color": "ffffff00" },
					{ "time": 1.7333, "color": "ffffffff" },
					{ "time": 1.9666, "color": "ffffff00", "curve": "stepped" },
					{ "time": 3, "color": "ffffff00" },
					{ "time": 3.0666, "color": "ffffffff" },
					{ "time": 3.3, "color": "ffffff00" }
				],
				"attachment": [
					{ "time": 0, "name": null },
					{ "time": 0.3333, "name": "B3" },
					{ "time": 0.6333, "name": null },
					{ "time": 1, "name": "B3" },
					{ "time": 1.3, "name": null },
					{ "time": 1.6666, "name": "B3" },
					{ "time": 1.9666, "name": null },
					{ "time": 3, "name": "B3" },
					{ "time": 3.3, "name": null }
				]
			},
			"BOOM_A": {
				"attachment": [
					{ "time": 0, "name": "BOOM_A" },
					{ "time": 0.1333, "name": "BOOM_B" },
					{ "time": 0.2666, "name": "BOOM_c" },
					{ "time": 0.3333, "name": null },
					{ "time": 0.6666, "name": "BOOM_A" },
					{ "time": 0.8, "name": "BOOM_B" },
					{ "time": 0.9333, "name": "BOOM_c" },
					{ "time": 1, "name": null },
					{ "time": 1.3333, "name": "BOOM_A" },
					{ "time": 1.4666, "name": "BOOM_B" },
					{ "time": 1.6, "name": "BOOM_c" },
					{ "time": 1.6666, "name": null },
					{ "time": 2, "name": "BOOM_A" },
					{ "time": 2.1333, "name": "BOOM_B" },
					{ "time": 2.2666, "name": "BOOM_c" },
					{ "time": 2.3333, "name": null },
					{ "time": 3, "name": "BOOM_A" },
					{ "time": 3.1333, "name": "BOOM_B" },
					{ "time": 3.2666, "name": "BOOM_c" },
					{ "time": 3.3333, "name": null }
				]
			},
			"FLY_L": {
				"color": [
					{ "time": 0.6666, "color": "ffffffff" },
					{ "time": 0.9333, "color": "ffffff71" },
					{ "time": 1.2, "color": "ffffffff" },
					{ "time": 1.4666, "color": "ffffff9d" },
					{ "time": 1.6666, "color": "ffffffff" }
				],
				"attachment": [
					{ "time": 0, "name": null },
					{ "time": 0.6666, "name": "FLY_L" },
					{ "time": 1.6666, "name": null }
				]
			},
			"FLY_R": {
				"color": [
					{ "time": 2, "color": "ffffffff" },
					{ "time": 2.2666, "color": "ffffff71" },
					{ "time": 2.5333, "color": "ffffffff" },
					{ "time": 2.8, "color": "ffffff9d" },
					{ "time": 3, "color": "ffffffff" }
				],
				"attachment": [
					{ "time": 0, "name": null },
					{ "time": 2, "name": "FLY_R" },
					{ "time": 3, "name": null }
				]
			},
			"HL": {
				"color": [
					{ "time": 0.8333, "color": "ffffff00" },
					{ "time": 0.9, "color": "ffffffff" },
					{ "time": 1.3333, "color": "ffffff00", "curve": "stepped" },
					{ "time": 2.8333, "color": "ffffff00" },
					{ "time": 2.9, "color": "ffffffff" },
					{ "time": 3.3333, "color": "ffffff00" }
				],
				"attachment": [
					{ "time": 0, "name": null },
					{ "time": 0.8333, "name": "HL" },
					{ "time": 1.3333, "name": null },
					{ "time": 2.8333, "name": "HL" },
					{ "time": 3.3333, "name": null }
				]
			},
			"HR": {
				"color": [
					{ "time": 0.8333, "color": "ffffff00" },
					{ "time": 0.8666, "color": "ffffffff" },
					{ "time": 1.1666, "color": "ffffff00" },
					{ "time": 1.2, "color": "ffffffff" },
					{ "time": 1.3333, "color": "ffffff00", "curve": "stepped" },
					{ "time": 1.6666, "color": "ffffff00", "curve": "stepped" },
					{ "time": 3.1666, "color": "ffffff00" },
					{ "time": 3.2, "color": "ffffffff" },
					{ "time": 3.6666, "color": "ffffff00" }
				],
				"attachment": [
					{ "time": 0, "name": null },
					{ "time": 1.1666, "name": "HR" },
					{ "time": 1.6666, "name": null },
					{ "time": 3.1666, "name": "HR" },
					{ "time": 3.6666, "name": null }
				]
			},
			"LIGHT": {
				"color": [
					{ "time": 0, "color": "ffffffff" },
					{ "time": 0.4666, "color": "ffffff7f" },
					{ "time": 1, "color": "ffffffd9" },
					{ "time": 1.6, "color": "ffffff71" },
					{ "time": 2, "color": "ffffffff" },
					{ "time": 2.5666, "color": "ffffff70" },
					{ "time": 3, "color": "ffffffcd" },
					{ "time": 3.4666, "color": "ffffffa9" },
					{ "time": 4, "color": "ffffffff" }
				]
			},
			"PL": {
				"attachment": [
					{ "time": 0, "name": null },
					{ "time": 0.8333, "name": "PL" },
					{ "time": 1.1666, "name": null },
					{ "time": 3.3333, "name": "PL" },
					{ "time": 3.6666, "name": null }
				]
			},
			"PR": {
				"attachment": [
					{ "time": 0, "name": null },
					{ "time": 1.1666, "name": "PR" },
					{ "time": 1.5, "name": null },
					{ "time": 3.1666, "name": "PR" },
					{ "time": 3.5, "name": null }
				]
			},
			"X1": {
				"color": [
					{ "time": 0, "color": "ffffffff" },
					{ "time": 1, "color": "ffffff84" },
					{ "time": 2, "color": "ffffffff" },
					{ "time": 3, "color": "ffffff84" },
					{ "time": 4, "color": "ffffffff" }
				]
			},
			"YL": {
				"attachment": [
					{ "time": 0, "name": null },
					{ "time": 3, "name": "YL" },
					{ "time": 3.3333, "name": null }
				]
			},
			"YR": {
				"attachment": [
					{ "time": 0, "name": null },
					{ "time": 3.1666, "name": "YR" },
					{ "time": 3.6666, "name": null }
				]
			},
			"fire_A": {
				"attachment": [
					{ "time": 0, "name": "fire_A" },
					{ "time": 0.1333, "name": "fire_b" },
					{ "time": 0.2666, "name": "fire_c" },
					{ "time": 0.4, "name": "fire_A" },
					{ "time": 0.5333, "name": "fire_b" },
					{ "time": 0.6666, "name": "fire_c" },
					{ "time": 0.8, "name": "fire_A" },
					{ "time": 0.9333, "name": "fire_b" },
					{ "time": 1.0666, "name": "fire_c" },
					{ "time": 1.2, "name": "fire_A" },
					{ "time": 1.3333, "name": "fire_b" },
					{ "time": 1.4666, "name": "fire_c" },
					{ "time": 1.6, "name": "fire_A" },
					{ "time": 1.7333, "name": "fire_b" },
					{ "time": 1.8666, "name": "fire_c" },
					{ "time": 2, "name": "fire_A" },
					{ "time": 2.1333, "name": "fire_b" },
					{ "time": 2.2666, "name": "fire_c" },
					{ "time": 2.4, "name": "fire_A" },
					{ "time": 2.5333, "name": "fire_b" },
					{ "time": 2.6666, "name": "fire_c" },
					{ "time": 2.8, "name": "fire_A" },
					{ "time": 2.9333, "name": "fire_b" },
					{ "time": 3.0666, "name": "fire_c" },
					{ "time": 3.2, "name": "fire_A" },
					{ "time": 3.3333, "name": "fire_b" },
					{ "time": 3.4666, "name": "fire_c" },
					{ "time": 3.6, "name": "fire_A" },
					{ "time": 3.7333, "name": "fire_b" },
					{ "time": 3.8666, "name": "fire_c" },
					{ "time": 4, "name": "fire_A" }
				]
			}
		},
		"bones": {
			"BF": {
				"rotate": [
					{ "time": 0, "angle": 0, "curve": "stepped" },
					{ "time": 4, "angle": 0 }
				],
				"translate": [
					{ "time": 0, "x": 0, "y": 0, "curve": "stepped" },
					{ "time": 4, "x": 0, "y": 0 }
				]
			},
			"X2": {
				"rotate": [
					{ "time": 0, "angle": 0, "curve": "stepped" },
					{ "time": 4, "angle": 0 }
				],
				"translate": [
					{ "time": 0, "x": 0, "y": 0, "curve": "stepped" },
					{ "time": 4, "x": 0, "y": 0 }
				],
				"scale": [
					{ "time": 0, "x": 1, "y": 1 },
					{ "time": 1, "x": 1.038, "y": 1.115 },
					{ "time": 2, "x": 1, "y": 1 },
					{ "time": 3, "x": 1.038, "y": 1.115 },
					{ "time": 4, "x": 1, "y": 1 }
				]
			},
			"X1": {
				"rotate": [
					{ "time": 0, "angle": 0, "curve": "stepped" },
					{ "time": 4, "angle": 0 }
				],
				"translate": [
					{ "time": 0, "x": 0, "y": 0 },
					{ "time": 1, "x": 0, "y": 3.84 },
					{ "time": 2, "x": 0, "y": 0 },
					{ "time": 3, "x": 0, "y": 3.84 },
					{ "time": 4, "x": 0, "y": 0 }
				],
				"scale": [
					{ "time": 0, "x": 1, "y": 1 },
					{ "time": 1, "x": 1.025, "y": 1.163 },
					{ "time": 2, "x": 1, "y": 1 },
					{ "time": 3, "x": 1.025, "y": 1.163 },
					{ "time": 4, "x": 1, "y": 1 }
				]
			},
			"girl_A": {
				"rotate": [
					{ "time": 0, "angle": 0, "curve": "stepped" },
					{ "time": 4, "angle": 0 }
				],
				"translate": [
					{ "time": 0, "x": 0, "y": 0 },
					{ "time": 1, "x": 0, "y": -1.6 },
					{ "time": 1.1666, "x": 3.2, "y": -3.63 },
					{ "time": 1.3333, "x": -1.28, "y": -3.16 },
					{ "time": 1.5666, "x": -0.83, "y": -0.74 },
					{ "time": 1.6666, "x": -0.64, "y": -3.97 },
					{ "time": 1.7666, "x": -0.44, "y": -0.28 },
					{ "time": 2, "x": 0, "y": 1.92 },
					{ "time": 3, "x": 0, "y": -1.6 },
					{ "time": 3.1666, "x": 3.2, "y": -3.63 },
					{ "time": 3.3333, "x": -1.28, "y": -3.16 },
					{ "time": 4, "x": 0, "y": 0 }
				]
			},
			"YR": {
				"rotate": [
					{ "time": 0, "angle": 0 },
					{ "time": 3.1666, "angle": -2.25 },
					{ "time": 3.2333, "angle": -21.07 },
					{ "time": 3.6666, "angle": 1.21 },
					{ "time": 4, "angle": 0 }
				],
				"translate": [
					{ "time": 0, "x": 0, "y": 0 },
					{ "time": 3.1666, "x": 5.12, "y": 0 },
					{ "time": 3.2333, "x": -0.58, "y": 3.05 },
					{ "time": 3.6666, "x": -77.16, "y": 0.76 },
					{ "time": 4, "x": 0, "y": 0 }
				]
			},
			"PR": {
				"rotate": [
					{ "time": 0, "angle": 0 },
					{ "time": 1.1666, "angle": -9.31 },
					{ "time": 1.2333, "angle": -24.39 },
					{ "time": 1.3333, "angle": 25.37 },
					{ "time": 1.4333, "angle": 33.59 },
					{ "time": 1.5, "angle": 22.36 },
					{ "time": 3.1666, "angle": -9.31 },
					{ "time": 3.2333, "angle": -24.39 },
					{ "time": 3.3333, "angle": 25.37 },
					{ "time": 3.4333, "angle": 33.59 },
					{ "time": 3.5, "angle": 22.36 },
					{ "time": 4, "angle": 0 }
				],
				"translate": [
					{ "time": 0, "x": 0, "y": 0 },
					{ "time": 1.1666, "x": 6.51, "y": -9.18 },
					{ "time": 1.2333, "x": -6.34, "y": 10.59 },
					{ "time": 1.3333, "x": -35.54, "y": 19.39 },
					{ "time": 1.4333, "x": -56.77, "y": 1.34 },
					{ "time": 1.5, "x": -69.85, "y": -6.4 },
					{ "time": 3.1666, "x": 6.51, "y": -9.18 },
					{ "time": 3.2333, "x": -6.34, "y": 10.59 },
					{ "time": 3.3333, "x": -35.54, "y": 19.39 },
					{ "time": 3.4333, "x": -56.77, "y": 1.34 },
					{ "time": 3.5, "x": -69.85, "y": -6.4 },
					{ "time": 4, "x": 0, "y": 0 }
				],
				"scale": [
					{ "time": 1.1666, "x": 0.922, "y": 0.922 },
					{ "time": 1.5, "x": 1.085, "y": 1.085 },
					{ "time": 3.1666, "x": 0.922, "y": 0.922 },
					{ "time": 3.5, "x": 1.085, "y": 1.085 }
				]
			},
			"HR": {
				"rotate": [
					{ "time": 0, "angle": 0, "curve": "stepped" },
					{ "time": 4, "angle": 0 }
				],
				"translate": [
					{ "time": 0, "x": 0, "y": 0 },
					{ "time": 1.1666, "x": 0, "y": -3.84 },
					{ "time": 1.3333, "x": -3.2, "y": -4.9 },
					{ "time": 3.1666, "x": 0, "y": -3.84 },
					{ "time": 3.3333, "x": -3.2, "y": -4.9 },
					{ "time": 4, "x": 0, "y": 0 }
				],
				"scale": [
					{ "time": 1.1666, "x": 0.623, "y": 0.623 },
					{ "time": 1.3333, "x": 1.156, "y": 1.156 },
					{ "time": 3.1666, "x": 0.623, "y": 0.623 },
					{ "time": 3.3333, "x": 1.156, "y": 1.156 }
				]
			},
			"FLY_R": {
				"rotate": [
					{ "time": 0, "angle": 0, "curve": "stepped" },
					{ "time": 4, "angle": 0 }
				],
				"translate": [
					{ "time": 0, "x": 0, "y": 0 },
					{ "time": 2, "x": 17.3, "y": -14.1 },
					{ "time": 2.4666, "x": -29.77, "y": 0 },
					{ "time": 3, "x": -73.51, "y": 0 },
					{ "time": 4, "x": 0, "y": 0 }
				]
			},
			"RRRRRR": {
				"rotate": [
					{ "time": 0, "angle": 0, "curve": "stepped" },
					{ "time": 4, "angle": 0 }
				],
				"translate": [
					{ "time": 0, "x": 0, "y": 0, "curve": "stepped" },
					{ "time": 4, "x": 0, "y": 0 }
				]
			},
			"girl_B": {
				"rotate": [
					{ "time": 0, "angle": 0, "curve": "stepped" },
					{ "time": 4, "angle": 0 }
				],
				"translate": [
					{ "time": 0, "x": 0, "y": 0 },
					{ "time": 0.6666, "x": 0, "y": -1.6 },
					{ "time": 0.8333, "x": -3.2, "y": -3.52 },
					{ "time": 1, "x": 0, "y": -1.6 },
					{ "time": 1.1666, "x": 0, "y": -2.74 },
					{ "time": 1.2666, "x": 0, "y": 1.81 },
					{ "time": 1.3333, "x": 0, "y": -0.69 },
					{ "time": 2, "x": 0, "y": 1.92 },
					{ "time": 2.6666, "x": 0, "y": -1.6 },
					{ "time": 2.8333, "x": -3.2, "y": -3.52 },
					{ "time": 3, "x": 0, "y": -1.6 },
					{ "time": 3.2333, "x": 0, "y": -2.74 },
					{ "time": 3.3333, "x": 0, "y": 1.81 },
					{ "time": 3.4, "x": 0, "y": -0.69 },
					{ "time": 4, "x": 0, "y": 0 }
				]
			},
			"YL": {
				"rotate": [
					{ "time": 0, "angle": 0 },
					{ "time": 2.9666, "angle": -0.27 },
					{ "time": 3, "angle": 11.87 },
					{ "time": 3.1, "angle": -4.53 },
					{ "time": 4, "angle": 0 }
				],
				"translate": [
					{ "time": 0, "x": 0, "y": 0 },
					{ "time": 2.9666, "x": -1.9, "y": 2.49 },
					{ "time": 3, "x": -1.28, "y": 5.76 },
					{ "time": 3.1, "x": 6.49, "y": 2.17 },
					{ "time": 3.3333, "x": 64.41, "y": 1.61 },
					{ "time": 4, "x": 0, "y": 0 }
				]
			},
			"PL": {
				"rotate": [
					{ "time": 0, "angle": 0 },
					{ "time": 0.8333, "angle": 21.33 },
					{ "time": 0.9333, "angle": 25.61 },
					{ "time": 1, "angle": -17.88 },
					{ "time": 1.1, "angle": -38.98 },
					{ "time": 1.1666, "angle": -20.37 },
					{ "time": 3.3333, "angle": 21.33 },
					{ "time": 3.4333, "angle": 25.61 },
					{ "time": 3.5, "angle": -17.88 },
					{ "time": 3.6, "angle": -38.98 },
					{ "time": 3.6666, "angle": -20.37 },
					{ "time": 4, "angle": 0 }
				],
				"translate": [
					{ "time": 0, "x": 0, "y": 0 },
					{ "time": 0.8333, "x": -6.4, "y": -4.48 },
					{ "time": 0.9333, "x": 8.97, "y": 15.6 },
					{ "time": 1, "x": 27.9, "y": 19.37 },
					{ "time": 1.1, "x": 54.68, "y": 3.56 },
					{ "time": 1.1666, "x": 68.91, "y": -5.53 },
					{ "time": 3.3333, "x": -6.4, "y": -4.48 },
					{ "time": 3.4333, "x": 8.97, "y": 15.6 },
					{ "time": 3.5, "x": 27.9, "y": 19.37 },
					{ "time": 3.6, "x": 54.68, "y": 3.56 },
					{ "time": 3.6666, "x": 68.91, "y": -5.53 },
					{ "time": 4, "x": 0, "y": 0 }
				],
				"scale": [
					{ "time": 0.8333, "x": 0.962, "y": 0.962 },
					{ "time": 1.1666, "x": 1.116, "y": 1.116 },
					{ "time": 3.3333, "x": 0.962, "y": 0.962 },
					{ "time": 3.6666, "x": 1.116, "y": 1.116 }
				]
			},
			"HL": {
				"rotate": [
					{ "time": 0, "angle": 0, "curve": "stepped" },
					{ "time": 4, "angle": 0 }
				],
				"translate": [
					{ "time": 0, "x": 0, "y": 0 },
					{ "time": 0.8333, "x": -2.56, "y": -3.2, "curve": "stepped" },
					{ "time": 2.8333, "x": -2.56, "y": -3.2 },
					{ "time": 4, "x": 0, "y": 0 }
				],
				"scale": [
					{ "time": 0.8333, "x": 0.623, "y": 0.623 },
					{ "time": 1, "x": 1.156, "y": 1.156 },
					{ "time": 2.8333, "x": 0.623, "y": 0.623 },
					{ "time": 3, "x": 1.156, "y": 1.156 }
				]
			},
			"FLY_L": {
				"rotate": [
					{ "time": 0, "angle": 0, "curve": "stepped" },
					{ "time": 4, "angle": 0 }
				],
				"translate": [
					{ "time": 0, "x": 0, "y": 0 },
					{ "time": 0.6666, "x": -13.45, "y": -14.1 },
					{ "time": 1.1333, "x": 27.26, "y": 0 },
					{ "time": 1.6666, "x": 71.97, "y": 0 },
					{ "time": 4, "x": 0, "y": 0 }
				]
			},
			"LLLLLLLL": {
				"rotate": [
					{ "time": 0, "angle": 0, "curve": "stepped" },
					{ "time": 4, "angle": 0 }
				],
				"translate": [
					{ "time": 0, "x": 0, "y": 0, "curve": "stepped" },
					{ "time": 4, "x": 0, "y": 0 }
				]
			},
			"LIGHT": {
				"rotate": [
					{ "time": 0, "angle": 0, "curve": "stepped" },
					{ "time": 4, "angle": 0 }
				],
				"translate": [
					{ "time": 0, "x": 0, "y": 0, "curve": "stepped" },
					{ "time": 4, "x": 0, "y": 0 }
				],
				"scale": [
					{ "time": 0, "x": 1, "y": 1 },
					{ "time": 1, "x": 1.038, "y": 1.115 },
					{ "time": 2, "x": 1, "y": 1 },
					{ "time": 3, "x": 1.038, "y": 1.115 },
					{ "time": 4, "x": 1, "y": 1 }
				]
			},
			"DZ": {
				"rotate": [
					{ "time": 0, "angle": 0, "curve": "stepped" },
					{ "time": 4, "angle": 0 }
				],
				"translate": [
					{ "time": 0, "x": 0, "y": 0, "curve": "stepped" },
					{ "time": 4, "x": 0, "y": 0 }
				]
			},
			"BOOM3": {
				"rotate": [
					{ "time": 0, "angle": 0, "curve": "stepped" },
					{ "time": 4, "angle": 0 }
				],
				"translate": [
					{ "time": 0, "x": 0, "y": 0 },
					{ "time": 0.3333, "x": 0, "y": -1.28, "curve": "stepped" },
					{ "time": 0.6333, "x": 0, "y": -1.28 },
					{ "time": 1, "x": 23.07, "y": -1.14, "curve": "stepped" },
					{ "time": 1.3, "x": 23.07, "y": -1.14 },
					{ "time": 1.6666, "x": 53.26, "y": -4.83, "curve": "stepped" },
					{ "time": 1.9666, "x": 53.26, "y": -4.83 },
					{ "time": 3, "x": 10.81, "y": -2.37, "curve": "stepped" },
					{ "time": 3.3, "x": 10.81, "y": -2.37 },
					{ "time": 4, "x": 0, "y": 0 }
				],
				"scale": [
					{ "time": 0.3333, "x": 1, "y": 0.621 },
					{ "time": 0.4, "x": 1, "y": 1.179 },
					{ "time": 0.5333, "x": 1, "y": 0.484 },
					{ "time": 0.6333, "x": 1, "y": 0.214 },
					{ "time": 1, "x": 1, "y": 0.621 },
					{ "time": 1.0666, "x": 1, "y": 1.179 },
					{ "time": 1.2, "x": 1, "y": 0.484 },
					{ "time": 1.3, "x": 1, "y": 0.214 },
					{ "time": 1.6666, "x": 1, "y": 0.621 },
					{ "time": 1.7333, "x": 1, "y": 1.179 },
					{ "time": 1.8666, "x": 1, "y": 0.484 },
					{ "time": 1.9666, "x": 1, "y": 0.214 },
					{ "time": 3, "x": 1, "y": 0.621 },
					{ "time": 3.0666, "x": 1, "y": 1.179 },
					{ "time": 3.2, "x": 1, "y": 0.484 },
					{ "time": 3.3, "x": 1, "y": 0.214 }
				]
			},
			"BOOM2": {
				"rotate": [
					{ "time": 0, "angle": 0, "curve": "stepped" },
					{ "time": 4, "angle": 0 }
				],
				"translate": [
					{ "time": 0, "x": 0, "y": 0 },
					{ "time": 0.3333, "x": -4.91, "y": -0.48, "curve": "stepped" },
					{ "time": 0.6333, "x": -4.91, "y": -0.48 },
					{ "time": 1.3333, "x": 24.99, "y": -0.48 },
					{ "time": 1.5333, "x": 24.99, "y": -3.04 },
					{ "time": 1.6333, "x": 24.99, "y": -0.48 },
					{ "time": 2.6666, "x": 0, "y": -1.28 },
					{ "time": 2.8666, "x": 0, "y": -2.69 },
					{ "time": 2.9666, "x": 0, "y": -2.43 },
					{ "time": 4, "x": 0, "y": 0 }
				],
				"scale": [
					{ "time": 0.3333, "x": 1, "y": 0.621 },
					{ "time": 0.4, "x": 1, "y": 1.179 },
					{ "time": 0.5333, "x": 1, "y": 0.484 },
					{ "time": 0.6333, "x": 1, "y": 0.214 },
					{ "time": 1.3333, "x": 1, "y": 0.621 },
					{ "time": 1.4, "x": 1, "y": 1.179 },
					{ "time": 1.5333, "x": 1, "y": 0.484 },
					{ "time": 1.6333, "x": 1, "y": 0.214 },
					{ "time": 2.6666, "x": 1, "y": 0.621 },
					{ "time": 2.7333, "x": 1, "y": 1.179 },
					{ "time": 2.8666, "x": 1, "y": 0.484 },
					{ "time": 2.9666, "x": 1, "y": 0.214 }
				]
			},
			"BOOM1": {
				"rotate": [
					{ "time": 0, "angle": 0, "curve": "stepped" },
					{ "time": 4, "angle": 0 }
				],
				"translate": [
					{ "time": 0, "x": 0, "y": 0 },
					{ "time": 0.3333, "x": 0, "y": 0.09 },
					{ "time": 0.4666, "x": 0, "y": -2.56 },
					{ "time": 0.5666, "x": 0, "y": -3.77 },
					{ "time": 1.0666, "x": -31.4, "y": 0.09 },
					{ "time": 1.2, "x": -31.4, "y": -2.47 },
					{ "time": 1.3, "x": -31.4, "y": 0.09 },
					{ "time": 2.0666, "x": 0, "y": 0.09 },
					{ "time": 2.2, "x": 0, "y": -2.56 },
					{ "time": 2.3, "x": 0, "y": -3.77 },
					{ "time": 3.0666, "x": -13.64, "y": -2.07 },
					{ "time": 3.2666, "x": -12.29, "y": -1.62 },
					{ "time": 4, "x": 0, "y": 0 }
				],
				"scale": [
					{ "time": 0.2666, "x": 1, "y": 0.621 },
					{ "time": 0.3333, "x": 1, "y": 1.179 },
					{ "time": 0.4666, "x": 1, "y": 0.484 },
					{ "time": 0.5666, "x": 1, "y": 0.214 },
					{ "time": 1, "x": 1, "y": 0.621 },
					{ "time": 1.0666, "x": 1, "y": 1.179 },
					{ "time": 1.2, "x": 1, "y": 0.484 },
					{ "time": 1.3, "x": 1, "y": 0.214 },
					{ "time": 2, "x": 1, "y": 0.621 },
					{ "time": 2.0666, "x": 1, "y": 1.179 },
					{ "time": 2.2, "x": 1, "y": 0.484 },
					{ "time": 2.3, "x": 1, "y": 0.214 },
					{ "time": 3, "x": 1, "y": 0.621 },
					{ "time": 3.0666, "x": 1, "y": 1.179 },
					{ "time": 3.2, "x": 1, "y": 0.484 },
					{ "time": 3.3, "x": 1, "y": 0.214 }
				]
			},
			"BOOM_A": {
				"rotate": [
					{ "time": 0, "angle": 0, "curve": "stepped" },
					{ "time": 4, "angle": 0 }
				],
				"translate": [
					{ "time": 0, "x": 0, "y": 0, "curve": "stepped" },
					{ "time": 4, "x": 0, "y": 0 }
				],
				"scale": [
					{ "time": 0, "x": 1, "y": 1 },
					{ "time": 0.3333, "x": 1.089, "y": 1.089 },
					{ "time": 0.6666, "x": 1.013, "y": 1.013 },
					{ "time": 1, "x": 1.065, "y": 1.065 },
					{ "time": 1.6666, "x": 0.962, "y": 0.962 },
					{ "time": 2, "x": 1.018, "y": 1.018 },
					{ "time": 2.6666, "x": 0.942, "y": 0.942 },
					{ "time": 3.3333, "x": 1.008, "y": 1.008 },
					{ "time": 4, "x": 1, "y": 1 }
				]
			},
			"fire_A": {
				"rotate": [
					{ "time": 0, "angle": 0, "curve": "stepped" },
					{ "time": 4, "angle": 0 }
				],
				"translate": [
					{ "time": 0, "x": 0, "y": 0, "curve": "stepped" },
					{ "time": 4, "x": 0, "y": 0 }
				],
				"scale": [
					{ "time": 0, "x": 1, "y": 1 },
					{ "time": 0.2666, "x": 0.942, "y": 0.942 },
					{ "time": 0.4, "x": 1, "y": 1 },
					{ "time": 0.6666, "x": 0.942, "y": 0.942 },
					{ "time": 0.8, "x": 1, "y": 1 },
					{ "time": 1.0666, "x": 0.942, "y": 0.942 },
					{ "time": 1.2, "x": 1, "y": 1 },
					{ "time": 1.4666, "x": 0.942, "y": 0.942 },
					{ "time": 1.6, "x": 1, "y": 1 },
					{ "time": 1.8666, "x": 0.942, "y": 0.942 },
					{ "time": 2, "x": 1, "y": 1 },
					{ "time": 2.2666, "x": 0.942, "y": 0.942 },
					{ "time": 2.4, "x": 1, "y": 1 },
					{ "time": 2.6666, "x": 0.942, "y": 0.942 },
					{ "time": 2.8, "x": 1, "y": 1 },
					{ "time": 3.0666, "x": 0.942, "y": 0.942 },
					{ "time": 3.2, "x": 1, "y": 1 },
					{ "time": 3.4666, "x": 0.942, "y": 0.942 },
					{ "time": 3.6, "x": 1, "y": 1 },
					{ "time": 3.8666, "x": 0.942, "y": 0.942 },
					{ "time": 4, "x": 1, "y": 1 }
				]
			}
		}
	},
	"start": {
		"slots": {
			"A": {
				"color": [
					{ "time": 0, "color": "ffffff00" },
					{ "time": 0.5, "color": "ffffff50", "curve": "stepped" },
					{ "time": 0.6333, "color": "ffffff50" },
					{ "time": 0.6666, "color": "ffffffb1" },
					{ "time": 0.8, "color": "ffffff62", "curve": "stepped" },
					{ "time": 0.9666, "color": "ffffff62" },
					{ "time": 1.0666, "color": "ffffffcf" },
					{ "time": 2, "color": "ffffffff" }
				]
			},
			"B": {
				"color": [
					{ "time": 0, "color": "ffffff00" },
					{ "time": 0.5, "color": "ffffff50", "curve": "stepped" },
					{ "time": 0.6333, "color": "ffffff50" },
					{ "time": 0.6666, "color": "ffffffb1" },
					{ "time": 0.8, "color": "ffffff62", "curve": "stepped" },
					{ "time": 0.9666, "color": "ffffff62" },
					{ "time": 1.0666, "color": "ffffffcf" },
					{ "time": 2, "color": "ffffffff" }
				]
			},
			"B1": {
				"color": [
					{ "time": 0, "color": "ffffff00" },
					{ "time": 0.5, "color": "ffffff50", "curve": "stepped" },
					{ "time": 0.6333, "color": "ffffff50" },
					{ "time": 0.6666, "color": "ffffffb1" },
					{ "time": 0.8, "color": "ffffff62", "curve": "stepped" },
					{ "time": 0.9666, "color": "ffffff62" },
					{ "time": 1.0666, "color": "ffffffcf" },
					{ "time": 2, "color": "ffffffff" }
				],
				"attachment": [
					{ "time": 0, "name": null }
				]
			},
			"B2": {
				"color": [
					{ "time": 0, "color": "ffffff00" },
					{ "time": 0.5, "color": "ffffff50", "curve": "stepped" },
					{ "time": 0.6333, "color": "ffffff50" },
					{ "time": 0.6666, "color": "ffffffb1" },
					{ "time": 0.8, "color": "ffffff62", "curve": "stepped" },
					{ "time": 0.9666, "color": "ffffff62" },
					{ "time": 1.0666, "color": "ffffffcf" },
					{ "time": 2, "color": "ffffffff" }
				],
				"attachment": [
					{ "time": 0, "name": null }
				]
			},
			"B3": {
				"color": [
					{ "time": 0, "color": "ffffff00" },
					{ "time": 0.5, "color": "ffffff50", "curve": "stepped" },
					{ "time": 0.6333, "color": "ffffff50" },
					{ "time": 0.6666, "color": "ffffffb1" },
					{ "time": 0.8, "color": "ffffff62", "curve": "stepped" },
					{ "time": 0.9666, "color": "ffffff62" },
					{ "time": 1.0666, "color": "ffffffcf" },
					{ "time": 2, "color": "ffffffff" }
				],
				"attachment": [
					{ "time": 0, "name": null }
				]
			},
			"BOOM_A": {
				"attachment": [
					{ "time": 1.2666, "name": "BOOM_A" },
					{ "time": 1.4, "name": "BOOM_B" },
					{ "time": 1.5333, "name": "BOOM_c" },
					{ "time": 1.6, "name": null },
					{ "time": 1.6666, "name": "BOOM_A" },
					{ "time": 1.8, "name": "BOOM_B" },
					{ "time": 1.9333, "name": "BOOM_c" },
					{ "time": 2, "name": null }
				]
			},
			"FLY_L": {
				"color": [
					{ "time": 0, "color": "ffffff00" },
					{ "time": 0.5, "color": "ffffff50", "curve": "stepped" },
					{ "time": 0.6333, "color": "ffffff50" },
					{ "time": 0.6666, "color": "ffffffb1" },
					{ "time": 0.8, "color": "ffffff62", "curve": "stepped" },
					{ "time": 0.9666, "color": "ffffff62" },
					{ "time": 1.0666, "color": "ffffffcf" },
					{ "time": 2, "color": "ffffffff" }
				],
				"attachment": [
					{ "time": 0, "name": null }
				]
			},
			"FLY_R": {
				"color": [
					{ "time": 0, "color": "ffffff00" },
					{ "time": 0.5, "color": "ffffff50", "curve": "stepped" },
					{ "time": 0.6333, "color": "ffffff50" },
					{ "time": 0.6666, "color": "ffffffb1" },
					{ "time": 0.8, "color": "ffffff62", "curve": "stepped" },
					{ "time": 0.9666, "color": "ffffff62" },
					{ "time": 1.0666, "color": "ffffffcf" },
					{ "time": 2, "color": "ffffffff" }
				],
				"attachment": [
					{ "time": 0, "name": null }
				]
			},
			"HL": {
				"color": [
					{ "time": 0, "color": "ffffff00" },
					{ "time": 0.5, "color": "ffffff50", "curve": "stepped" },
					{ "time": 0.6333, "color": "ffffff50" },
					{ "time": 0.6666, "color": "ffffffb1" },
					{ "time": 0.8, "color": "ffffff62", "curve": "stepped" },
					{ "time": 0.9666, "color": "ffffff62" },
					{ "time": 1.0666, "color": "ffffffcf" },
					{ "time": 2, "color": "ffffffff" }
				],
				"attachment": [
					{ "time": 0, "name": null }
				]
			},
			"HR": {
				"color": [
					{ "time": 0, "color": "ffffff00" },
					{ "time": 0.5, "color": "ffffff50", "curve": "stepped" },
					{ "time": 0.6333, "color": "ffffff50" },
					{ "time": 0.6666, "color": "ffffffb1" },
					{ "time": 0.8, "color": "ffffff62", "curve": "stepped" },
					{ "time": 0.9666, "color": "ffffff62" },
					{ "time": 1.0666, "color": "ffffffcf" },
					{ "time": 2, "color": "ffffffff" }
				],
				"attachment": [
					{ "time": 0, "name": null }
				]
			},
			"LIGHT": {
				"color": [
					{ "time": 0, "color": "ffffff00" },
					{ "time": 0.5, "color": "00fff5ea" },
					{ "time": 0.6333, "color": "45fffc50" },
					{ "time": 0.6666, "color": "34fffcb1" },
					{ "time": 0.8, "color": "ffffff62", "curve": "stepped" },
					{ "time": 0.9666, "color": "ffffff62" },
					{ "time": 1.0666, "color": "ffffffcf" },
					{ "time": 2, "color": "ffffffff" }
				]
			},
			"PL": {
				"color": [
					{ "time": 0, "color": "ffffff00" },
					{ "time": 0.5, "color": "ffffff50", "curve": "stepped" },
					{ "time": 0.6333, "color": "ffffff50" },
					{ "time": 0.6666, "color": "ffffffb1" },
					{ "time": 0.8, "color": "ffffff62", "curve": "stepped" },
					{ "time": 0.9666, "color": "ffffff62" },
					{ "time": 1.0666, "color": "ffffffcf" },
					{ "time": 2, "color": "ffffffff" }
				],
				"attachment": [
					{ "time": 0, "name": null }
				]
			},
			"PR": {
				"color": [
					{ "time": 0, "color": "ffffff00" },
					{ "time": 0.5, "color": "ffffff50", "curve": "stepped" },
					{ "time": 0.6333, "color": "ffffff50" },
					{ "time": 0.6666, "color": "ffffffb1" },
					{ "time": 0.8, "color": "ffffff62", "curve": "stepped" },
					{ "time": 0.9666, "color": "ffffff62" },
					{ "time": 1.0666, "color": "ffffffcf" },
					{ "time": 2, "color": "ffffffff" }
				],
				"attachment": [
					{ "time": 0, "name": null }
				]
			},
			"X1": {
				"color": [
					{ "time": 0, "color": "ffffff00" },
					{ "time": 0.3333, "color": "ffffff50", "curve": "stepped" },
					{ "time": 0.4666, "color": "ffffff50" },
					{ "time": 0.5, "color": "ffffffb1" },
					{ "time": 0.6333, "color": "ffffff62", "curve": "stepped" },
					{ "time": 0.8, "color": "ffffff62" },
					{ "time": 0.9, "color": "ffffffcf" },
					{ "time": 2, "color": "ffffffff" }
				]
			},
			"X2": {
				"color": [
					{ "time": 0, "color": "ffffff00" },
					{ "time": 0.5, "color": "ffffffff" },
					{ "time": 0.6333, "color": "ffffff50" },
					{ "time": 0.6666, "color": "ffffffb1" },
					{ "time": 0.8, "color": "ffffff62", "curve": "stepped" },
					{ "time": 0.9666, "color": "ffffff62" },
					{ "time": 1.0666, "color": "ffffffcf" },
					{ "time": 2, "color": "ffffffff" }
				]
			},
			"YL": {
				"color": [
					{ "time": 0, "color": "ffffff00" },
					{ "time": 0.5, "color": "ffffff50", "curve": "stepped" },
					{ "time": 0.6333, "color": "ffffff50" },
					{ "time": 0.6666, "color": "ffffffb1" },
					{ "time": 0.8, "color": "ffffff62", "curve": "stepped" },
					{ "time": 0.9666, "color": "ffffff62" },
					{ "time": 1.0666, "color": "ffffffcf" },
					{ "time": 2, "color": "ffffffff" }
				],
				"attachment": [
					{ "time": 0, "name": null }
				]
			},
			"YR": {
				"color": [
					{ "time": 0, "color": "ffffff00" },
					{ "time": 0.5, "color": "ffffff50", "curve": "stepped" },
					{ "time": 0.6333, "color": "ffffff50" },
					{ "time": 0.6666, "color": "ffffffb1" },
					{ "time": 0.8, "color": "ffffff62", "curve": "stepped" },
					{ "time": 0.9666, "color": "ffffff62" },
					{ "time": 1.0666, "color": "ffffffcf" },
					{ "time": 2, "color": "ffffffff" }
				],
				"attachment": [
					{ "time": 0, "name": null }
				]
			},
			"fire_A": {
				"attachment": [
					{ "time": 1.3333, "name": "fire_A" },
					{ "time": 1.4666, "name": "fire_b" },
					{ "time": 1.6, "name": "fire_c" },
					{ "time": 1.7333, "name": "fire_A" },
					{ "time": 1.8666, "name": "fire_b" },
					{ "time": 2, "name": "fire_c" }
				]
			}
		},
		"bones": {
			"LIGHT": {
				"translate": [
					{ "time": 0, "x": 0, "y": 0 },
					{ "time": 0.3333, "x": 0, "y": -5.12 },
					{ "time": 0.5, "x": 0, "y": 0, "curve": "stepped" },
					{ "time": 2, "x": 0, "y": 0 }
				],
				"scale": [
					{ "time": 0, "x": 1, "y": 1 },
					{ "time": 0.3333, "x": 1, "y": 0.48 },
					{ "time": 0.5, "x": 1, "y": 1, "curve": "stepped" },
					{ "time": 2, "x": 1, "y": 1 }
				]
			},
			"girl_A": {
				"rotate": [
					{ "time": 0, "angle": 0 },
					{ "time": 0.3333, "angle": 3.79 },
					{ "time": 0.6666, "angle": -4.29 },
					{ "time": 1.1666, "angle": 2.97 },
					{ "time": 1.6, "angle": -4.11 },
					{ "time": 2, "angle": 0 }
				],
				"translate": [
					{ "time": 0, "x": 0, "y": 0 },
					{ "time": 0.3333, "x": 0, "y": 19.73 },
					{ "time": 0.6666, "x": 0, "y": -2.8 },
					{ "time": 1.1666, "x": 0, "y": 0.17 },
					{ "time": 1.6, "x": 0, "y": -2.48 },
					{ "time": 2, "x": 0, "y": 0 }
				],
				"scale": [
					{ "time": 0.4333, "x": 1, "y": 0.064 },
					{ "time": 0.6666, "x": 1, "y": 1, "curve": "stepped" },
					{ "time": 1.3333, "x": 1, "y": 1 }
				]
			},
			"girl_B": {
				"rotate": [
					{ "time": 0, "angle": 0 },
					{ "time": 0.3333, "angle": 3.79 },
					{ "time": 0.6666, "angle": -4.29 },
					{ "time": 1.1666, "angle": 2.97 },
					{ "time": 1.6, "angle": -4.11 },
					{ "time": 2, "angle": 0 }
				],
				"translate": [
					{ "time": 0, "x": 0, "y": 0 },
					{ "time": 0.3333, "x": 0, "y": 19.73 },
					{ "time": 0.6666, "x": 0, "y": -2.8 },
					{ "time": 1.1666, "x": 0, "y": 0.17 },
					{ "time": 1.6, "x": 0, "y": -2.48 },
					{ "time": 2, "x": 0, "y": 0 }
				],
				"scale": [
					{ "time": 0.4333, "x": 1, "y": 0.064 },
					{ "time": 0.6666, "x": 1, "y": 1, "curve": "stepped" },
					{ "time": 1.3333, "x": 1, "y": 1 }
				]
			},
			"X1": {
				"translate": [
					{ "time": 0, "x": 0, "y": -31.4 },
					{ "time": 0.3333, "x": 0, "y": 9.61 },
					{ "time": 0.6666, "x": 0, "y": 10.89 },
					{ "time": 1, "x": 0, "y": 2.4 },
					{ "time": 2, "x": 0, "y": 0 }
				],
				"scale": [
					{ "time": 0, "x": 0.057, "y": 1, "curve": "stepped" },
					{ "time": 0.3, "x": 0.057, "y": 1 },
					{ "time": 0.3666, "x": 1.126, "y": 1.126 },
					{ "time": 0.5, "x": 1.022, "y": 1.022 },
					{ "time": 2, "x": 1, "y": 1 }
				]
			},
			"BF": {
				"translate": [
					{ "time": 0, "x": 0, "y": 0, "curve": "stepped" },
					{ "time": 2, "x": 0, "y": 0 }
				],
				"scale": [
					{ "time": 0, "x": 1, "y": 1 },
					{ "time": 0.1666, "x": 0.993, "y": 0.993 },
					{ "time": 0.3333, "x": 1.006, "y": 1.006 },
					{ "time": 0.5, "x": 1, "y": 1, "curve": "stepped" },
					{ "time": 2, "x": 1, "y": 1 }
				]
			}
		}
	},
	"win_L": {
		"slots": {
			"A": {
				"color": [
					{ "time": 0, "color": "ffffffff", "curve": "stepped" },
					{ "time": 3, "color": "ffffffff" }
				]
			},
			"B": {
				"color": [
					{ "time": 0, "color": "ffffffff" }
				]
			},
			"B1": {
				"color": [
					{ "time": 0, "color": "ffffffff", "curve": "stepped" },
					{ "time": 0.5333, "color": "ffffffff" },
					{ "time": 0.8666, "color": "ffffff00" }
				],
				"attachment": [
					{ "time": 0, "name": null },
					{ "time": 0.5333, "name": "B1" }
				]
			},
			"B2": {
				"color": [
					{ "time": 0, "color": "ffffffff", "curve": "stepped" },
					{ "time": 3, "color": "ffffffff" }
				],
				"attachment": [
					{ "time": 0, "name": null },
					{ "time": 3, "name": null }
				]
			},
			"B3": {
				"color": [
					{ "time": 0, "color": "ffffffff", "curve": "stepped" },
					{ "time": 3, "color": "ffffffff" }
				],
				"attachment": [
					{ "time": 0, "name": null },
					{ "time": 3, "name": null }
				]
			},
			"BOOM_A": {
				"attachment": [
					{ "time": 0, "name": "BOOM_A" },
					{ "time": 0.1333, "name": "BOOM_B" },
					{ "time": 0.2666, "name": "BOOM_c" },
					{ "time": 0.3333, "name": null },
					{ "time": 0.4, "name": "BOOM_A" },
					{ "time": 0.5333, "name": "BOOM_B" },
					{ "time": 0.6666, "name": "BOOM_c" },
					{ "time": 0.7333, "name": null },
					{ "time": 0.9333, "name": "BOOM_A" },
					{ "time": 1.0666, "name": "BOOM_B" },
					{ "time": 1.2, "name": "BOOM_c" },
					{ "time": 1.2666, "name": null },
					{ "time": 1.3333, "name": "BOOM_A" },
					{ "time": 1.4666, "name": "BOOM_B" },
					{ "time": 1.6, "name": "BOOM_c" },
					{ "time": 1.6666, "name": null },
					{ "time": 1.8666, "name": "BOOM_A" },
					{ "time": 2, "name": "BOOM_B" },
					{ "time": 2.1333, "name": "BOOM_c" },
					{ "time": 2.2, "name": null },
					{ "time": 2.2666, "name": "BOOM_A" },
					{ "time": 2.4, "name": "BOOM_B" },
					{ "time": 2.5333, "name": "BOOM_c" },
					{ "time": 2.6, "name": null },
					{ "time": 2.8, "name": "BOOM_A" },
					{ "time": 2.9333, "name": "BOOM_B" },
					{ "time": 3.0666, "name": "BOOM_c" },
					{ "time": 3.1333, "name": null },
					{ "time": 3.2, "name": "BOOM_A" },
					{ "time": 3.3333, "name": "BOOM_B" },
					{ "time": 3.4666, "name": "BOOM_c" },
					{ "time": 3.5333, "name": null },
					{ "time": 3.7333, "name": "BOOM_A" },
					{ "time": 3.8666, "name": "BOOM_B" },
					{ "time": 4, "name": "BOOM_c" },
					{ "time": 4.0666, "name": null },
					{ "time": 4.1333, "name": "BOOM_A" },
					{ "time": 4.2666, "name": "BOOM_B" },
					{ "time": 4.4, "name": "BOOM_c" },
					{ "time": 4.4666, "name": null },
					{ "time": 4.6666, "name": "BOOM_A" },
					{ "time": 4.8, "name": "BOOM_B" },
					{ "time": 4.9333, "name": "BOOM_c" },
					{ "time": 5, "name": null }
				]
			},
			"FLY_L": {
				"color": [
					{ "time": 0, "color": "ffffffff", "curve": "stepped" },
					{ "time": 3, "color": "ffffffff" }
				],
				"attachment": [
					{ "time": 0, "name": null },
					{ "time": 3, "name": null }
				]
			},
			"FLY_R": {
				"color": [
					{ "time": 0, "color": "ffffffff", "curve": "stepped" },
					{ "time": 3, "color": "ffffffff" }
				],
				"attachment": [
					{ "time": 0, "name": null },
					{ "time": 3, "name": null }
				]
			},
			"HL": {
				"color": [
					{ "time": 0, "color": "ffffffff", "curve": "stepped" },
					{ "time": 0.0666, "color": "ffffffff" },
					{ "time": 0.6666, "color": "ffffff00" }
				],
				"attachment": [
					{ "time": 0, "name": null },
					{ "time": 0.0666, "name": "HL" }
				]
			},
			"HR": {
				"color": [
					{ "time": 0, "color": "ffffffff" },
					{ "time": 0.0666, "color": "ffffff00" },
					{ "time": 0.1, "color": "ffffffff" },
					{ "time": 0.1666, "color": "ffffff00" },
					{ "time": 0.2, "color": "ffffffff" },
					{ "time": 0.7333, "color": "ffffff00", "curve": "stepped" },
					{ "time": 1.0666, "color": "ffffff00" },
					{ "time": 3, "color": "ffffffff" }
				],
				"attachment": [
					{ "time": 0, "name": null },
					{ "time": 0.1666, "name": "HR" },
					{ "time": 1.0666, "name": null },
					{ "time": 3, "name": null }
				]
			},
			"LIGHT": {
				"color": [
					{ "time": 0, "color": "ffffffff" },
					{ "time": 0.8333, "color": "ffffff7f" },
					{ "time": 1.6666, "color": "ffffffd9" },
					{ "time": 2.3333, "color": "ffffff71" },
					{ "time": 3, "color": "ffffffff" }
				]
			},
			"PL": {
				"color": [
					{ "time": 0, "color": "ffffffff", "curve": "stepped" },
					{ "time": 3, "color": "ffffffff" }
				],
				"attachment": [
					{ "time": 0, "name": null },
					{ "time": 0.1333, "name": "PL" },
					{ "time": 0.4666, "name": null },
					{ "time": 3, "name": null }
				]
			},
			"PR": {
				"color": [
					{ "time": 0, "color": "ffffffff", "curve": "stepped" },
					{ "time": 3, "color": "ffffffff" }
				],
				"attachment": [
					{ "time": 0, "name": null },
					{ "time": 0.2333, "name": "PR" },
					{ "time": 0.5666, "name": null },
					{ "time": 3, "name": null }
				]
			},
			"WIN": {
				"color": [
					{ "time": 1, "color": "ffffffff" },
					{ "time": 1.3333, "color": "ffffff97" },
					{ "time": 1.6666, "color": "ffffffec" },
					{ "time": 2, "color": "ffffff9c" },
					{ "time": 2.3333, "color": "fffffff1" },
					{ "time": 2.6666, "color": "ffffffaa" },
					{ "time": 3, "color": "ffffffff" },
					{ "time": 3.3333, "color": "ffffffaa" },
					{ "time": 3.6666, "color": "ffffffff" },
					{ "time": 4, "color": "ffffffaa" },
					{ "time": 4.3333, "color": "ffffffff" },
					{ "time": 4.6666, "color": "ffffffaa" },
					{ "time": 5, "color": "ffffffff" }
				],
				"attachment": [
					{ "time": 1, "name": "WIN" }
				]
			},
			"X1": {
				"color": [
					{ "time": 0, "color": "ffffffff" },
					{ "time": 1.6666, "color": "ffffff84" },
					{ "time": 3, "color": "ffffffe4" },
					{ "time": 4, "color": "ffffff8b" },
					{ "time": 5, "color": "ffffffff" }
				]
			},
			"X2": {
				"color": [
					{ "time": 0, "color": "ffffffff", "curve": "stepped" },
					{ "time": 3, "color": "ffffffff" }
				]
			},
			"YL": {
				"color": [
					{ "time": 0, "color": "ffffffff", "curve": "stepped" },
					{ "time": 3, "color": "ffffffff" }
				],
				"attachment": [
					{ "time": 0, "name": null },
					{ "time": 3, "name": null }
				]
			},
			"YR": {
				"color": [
					{ "time": 0, "color": "ffffffff", "curve": "stepped" },
					{ "time": 3, "color": "ffffffff" }
				],
				"attachment": [
					{ "time": 0, "name": null },
					{ "time": 3, "name": null }
				]
			},
			"fire_A": {
				"attachment": [
					{ "time": 0, "name": "fire_A" },
					{ "time": 0.1333, "name": "fire_b" },
					{ "time": 0.2666, "name": "fire_c" },
					{ "time": 0.4, "name": "fire_A" },
					{ "time": 0.5333, "name": "fire_b" },
					{ "time": 0.6666, "name": "fire_c" },
					{ "time": 0.8, "name": "fire_A" },
					{ "time": 0.9333, "name": "fire_b" },
					{ "time": 1.0666, "name": "fire_c" },
					{ "time": 1.2, "name": "fire_A" },
					{ "time": 1.3333, "name": "fire_b" },
					{ "time": 1.4666, "name": "fire_c" },
					{ "time": 1.6, "name": "fire_A" },
					{ "time": 1.7333, "name": "fire_b" },
					{ "time": 1.8666, "name": "fire_c" },
					{ "time": 2, "name": "fire_A" },
					{ "time": 2.1333, "name": "fire_b" },
					{ "time": 2.2666, "name": "fire_c" },
					{ "time": 2.4, "name": "fire_A" },
					{ "time": 2.5333, "name": "fire_b" },
					{ "time": 2.6666, "name": "fire_c" },
					{ "time": 2.8, "name": "fire_A" },
					{ "time": 2.9333, "name": "fire_b" },
					{ "time": 3.0666, "name": "fire_c" },
					{ "time": 3.2, "name": "fire_A" },
					{ "time": 3.3333, "name": "fire_b" },
					{ "time": 3.4666, "name": "fire_c" },
					{ "time": 3.6, "name": "fire_A" },
					{ "time": 3.7333, "name": "fire_b" },
					{ "time": 3.8666, "name": "fire_c" },
					{ "time": 4, "name": "fire_A" },
					{ "time": 4.1333, "name": "fire_b" },
					{ "time": 4.2666, "name": "fire_c" },
					{ "time": 4.4, "name": "fire_A" },
					{ "time": 4.5333, "name": "fire_b" },
					{ "time": 4.6666, "name": "fire_c" },
					{ "time": 4.7333, "name": "fire_A" },
					{ "time": 4.8666, "name": "fire_b" },
					{ "time": 5, "name": "fire_c" }
				]
			}
		},
		"bones": {
			"HR": {
				"translate": [
					{ "time": 0.1666, "x": 0, "y": -3.84 },
					{ "time": 0.7333, "x": -3.2, "y": -4.9 }
				],
				"scale": [
					{ "time": 0.1666, "x": 0.623, "y": 0.623 },
					{ "time": 0.7333, "x": 1.156, "y": 1.156 }
				]
			},
			"girl_A": {
				"rotate": [
					{ "time": 0, "angle": 0, "curve": "stepped" },
					{ "time": 3, "angle": 0 }
				],
				"translate": [
					{ "time": 0, "x": 0, "y": 0 },
					{ "time": 1, "x": -0.98, "y": -2.43 },
					{ "time": 2, "x": -46.14, "y": -1.21 },
					{ "time": 3, "x": -45.64, "y": 0 }
				]
			},
			"girl_B": {
				"rotate": [
					{ "time": 0, "angle": 0 },
					{ "time": 0.0666, "angle": 3.37 },
					{ "time": 0.2, "angle": -1.61 },
					{ "time": 0.3333, "angle": -3.74 }
				],
				"translate": [
					{ "time": 0, "x": 0, "y": 0 },
					{ "time": 0.0666, "x": -5.24, "y": -3.14 },
					{ "time": 0.2, "x": -2.39, "y": -1.64 },
					{ "time": 0.3333, "x": -3.04, "y": -2.42 },
					{ "time": 1, "x": 0, "y": 0 },
					{ "time": 2, "x": 41.39, "y": -2.05 }
				]
			},
			"LIGHT": {
				"translate": [
					{ "time": 0, "x": 0, "y": 0, "curve": "stepped" },
					{ "time": 3, "x": 0, "y": 0 }
				],
				"scale": [
					{ "time": 0, "x": 1, "y": 1 },
					{ "time": 1.6666, "x": 1.038, "y": 1.115 },
					{ "time": 3, "x": 1, "y": 1 }
				]
			},
			"PL": {
				"rotate": [
					{ "time": 0.1333, "angle": 21.33 },
					{ "time": 0.2333, "angle": 25.61 },
					{ "time": 0.3, "angle": -17.88 },
					{ "time": 0.4, "angle": -38.98 },
					{ "time": 0.4666, "angle": -20.37 }
				],
				"translate": [
					{ "time": 0.1333, "x": -6.4, "y": -4.48 },
					{ "time": 0.2333, "x": 8.97, "y": 15.6 },
					{ "time": 0.3, "x": 27.9, "y": 19.37 },
					{ "time": 0.4, "x": 54.68, "y": 3.56 },
					{ "time": 0.4666, "x": 68.91, "y": -5.53 }
				],
				"scale": [
					{ "time": 0.1333, "x": 0.962, "y": 0.962 },
					{ "time": 0.4666, "x": 1.116, "y": 1.116 }
				]
			},
			"X1": {
				"translate": [
					{ "time": 0, "x": 0, "y": 0 },
					{ "time": 1.6666, "x": 0, "y": 3.84 },
					{ "time": 3, "x": 0, "y": -4.9 },
					{ "time": 5, "x": 0, "y": 0 }
				],
				"scale": [
					{ "time": 0, "x": 1, "y": 1 },
					{ "time": 1.6666, "x": 1.025, "y": 1.163 },
					{ "time": 3, "x": 1, "y": 1, "curve": "stepped" },
					{ "time": 5, "x": 1, "y": 1 }
				]
			},
			"PR": {
				"rotate": [
					{ "time": 0.2333, "angle": -9.31 },
					{ "time": 0.3, "angle": -24.39 },
					{ "time": 0.4, "angle": 25.37 },
					{ "time": 0.5, "angle": 33.59 },
					{ "time": 0.5666, "angle": 22.36 }
				],
				"translate": [
					{ "time": 0.2333, "x": 6.51, "y": -9.18 },
					{ "time": 0.3, "x": -6.34, "y": 10.59 },
					{ "time": 0.4, "x": -29.24, "y": 19.57 },
					{ "time": 0.5, "x": -44.18, "y": 1.8 },
					{ "time": 0.5666, "x": -52.75, "y": -7.28 }
				],
				"scale": [
					{ "time": 0.2333, "x": 0.922, "y": 0.922 },
					{ "time": 0.5666, "x": 1.085, "y": 1.085 }
				]
			},
			"BOOM1": {
				"translate": [
					{ "time": 0.5333, "x": -36.72, "y": -4.19 }
				],
				"scale": [
					{ "time": 0.5333, "x": 1, "y": 0.491 },
					{ "time": 0.6666, "x": 1, "y": 0.815 },
					{ "time": 0.8666, "x": 1, "y": 0.323 }
				]
			},
			"HL": {
				"scale": [
					{ "time": 0.0666, "x": 1.148, "y": 1.148 },
					{ "time": 0.6666, "x": 0.991, "y": 0.991 }
				]
			},
			"X2": {
				"scale": [
					{ "time": 0, "x": 1, "y": 1 },
					{ "time": 1.6666, "x": 1.038, "y": 1.115 },
					{ "time": 3, "x": 1, "y": 1 }
				]
			},
			"BF": {
				"translate": [
					{ "time": 0, "x": 0, "y": 0, "curve": "stepped" },
					{ "time": 3, "x": 0, "y": 0 }
				],
				"scale": [
					{ "time": 0, "x": 1, "y": 1, "curve": "stepped" },
					{ "time": 3, "x": 1, "y": 1 }
				]
			},
			"LLLLLLLL": {
				"rotate": [
					{ "time": 0, "angle": 0 }
				],
				"translate": [
					{ "time": 0, "x": 0, "y": 0, "curve": "stepped" },
					{ "time": 1, "x": 0, "y": 0 },
					{ "time": 1.1666, "x": 0, "y": -2.09 },
					{ "time": 1.3333, "x": 0, "y": 6.48 },
					{ "time": 1.5, "x": 0, "y": -2.03 },
					{ "time": 1.6666, "x": 0, "y": 0.29 },
					{ "time": 1.8333, "x": 0, "y": -2.09 },
					{ "time": 2, "x": 0, "y": 6.48 },
					{ "time": 2.1666, "x": 0, "y": -2.03 },
					{ "time": 2.3333, "x": 0, "y": 0.29 },
					{ "time": 2.5, "x": 0, "y": -2.09 },
					{ "time": 2.6666, "x": 0, "y": 6.48 },
					{ "time": 2.8333, "x": 0, "y": -2.03 },
					{ "time": 3, "x": 0, "y": 0.29 },
					{ "time": 3.1666, "x": 0, "y": -2.09 },
					{ "time": 3.3333, "x": 0, "y": 6.48 },
					{ "time": 3.5, "x": 0, "y": -2.03 },
					{ "time": 3.6666, "x": 0, "y": 0.29 },
					{ "time": 3.8333, "x": 0, "y": -2.09 },
					{ "time": 4, "x": 0, "y": 6.48 },
					{ "time": 4.1666, "x": 0, "y": -2.03 },
					{ "time": 4.3333, "x": 0, "y": 0.29 },
					{ "time": 4.5, "x": 0, "y": -2.09 },
					{ "time": 4.6666, "x": 0, "y": 6.48 },
					{ "time": 4.8333, "x": 0, "y": -2.03 },
					{ "time": 5, "x": 0, "y": 0.29 }
				],
				"scale": [
					{ "time": 1, "x": 1, "y": 1 },
					{ "time": 1.1666, "x": 1, "y": 0.874 },
					{ "time": 1.3333, "x": 1, "y": 1 },
					{ "time": 1.5, "x": 1, "y": 0.874 },
					{ "time": 1.6666, "x": 1, "y": 1 },
					{ "time": 1.8333, "x": 1, "y": 0.874 },
					{ "time": 2, "x": 1, "y": 1 },
					{ "time": 2.1666, "x": 1, "y": 0.874 },
					{ "time": 2.3333, "x": 1, "y": 1 },
					{ "time": 2.5, "x": 1, "y": 0.874 },
					{ "time": 2.6666, "x": 1, "y": 1 },
					{ "time": 2.8333, "x": 1, "y": 0.874 },
					{ "time": 3, "x": 1, "y": 1 },
					{ "time": 3.1666, "x": 1, "y": 0.874 },
					{ "time": 3.3333, "x": 1, "y": 1 },
					{ "time": 3.5, "x": 1, "y": 0.874 },
					{ "time": 3.6666, "x": 1, "y": 1 },
					{ "time": 3.8333, "x": 1, "y": 0.874 },
					{ "time": 4, "x": 1, "y": 1 },
					{ "time": 4.1666, "x": 1, "y": 0.874 },
					{ "time": 4.3333, "x": 1, "y": 1 },
					{ "time": 4.5, "x": 1, "y": 0.874 },
					{ "time": 4.6666, "x": 1, "y": 1 },
					{ "time": 4.8333, "x": 1, "y": 0.874 },
					{ "time": 5, "x": 1, "y": 1 }
				]
			},
			"RRRRRR": {
				"rotate": [
					{ "time": 0, "angle": 0 },
					{ "time": 0.5, "angle": -2.07 },
					{ "time": 0.5333, "angle": 5.69 },
					{ "time": 0.6333, "angle": -2.57 },
					{ "time": 0.7333, "angle": 2.83 }
				],
				"translate": [
					{ "time": 0, "x": 0, "y": 0 },
					{ "time": 0.5333, "x": -3.14, "y": -3.14 },
					{ "time": 0.6333, "x": 0.65, "y": -3.01 },
					{ "time": 0.7333, "x": -1.47, "y": -2.88 },
					{ "time": 0.8666, "x": -1.38, "y": -15.83 },
					{ "time": 1, "x": -1.29, "y": -29.53 }
				],
				"scale": [
					{ "time": 0.5, "x": 1, "y": 1 },
					{ "time": 0.5333, "x": 1.059, "y": 1.059 },
					{ "time": 0.6333, "x": 0.913, "y": 0.913 },
					{ "time": 0.7333, "x": 1.029, "y": 1.029 },
					{ "time": 0.8666, "x": 1, "y": 0.222 }
				]
			},
			"WIN": {
				"translate": [
					{ "time": 1, "x": -44.59, "y": 6.29 },
					{ "time": 2, "x": -0.52, "y": 6.29 }
				],
				"scale": [
					{ "time": 1, "x": 1.448, "y": 1.448 },
					{ "time": 1.3333, "x": 1.12, "y": 1.12 },
					{ "time": 1.6666, "x": 1.375, "y": 1.375 },
					{ "time": 2, "x": 1.213, "y": 1.213 },
					{ "time": 2.3333, "x": 1.448, "y": 1.448 },
					{ "time": 2.6666, "x": 1.12, "y": 1.12 },
					{ "time": 3, "x": 1.375, "y": 1.375 },
					{ "time": 3.3333, "x": 1.213, "y": 1.213 },
					{ "time": 3.6666, "x": 1.448, "y": 1.448 },
					{ "time": 4, "x": 1.12, "y": 1.12 },
					{ "time": 4.3333, "x": 1.375, "y": 1.375 },
					{ "time": 4.6666, "x": 1.213, "y": 1.213 },
					{ "time": 5, "x": 1.375, "y": 1.375 }
				]
			},
			"fire_A": {
				"rotate": [
					{ "time": 0, "angle": 0 }
				]
			},
			"BOOM_A": {
				"rotate": [
					{ "time": 0, "angle": 0 }
				]
			}
		}
	},
	"win_R": {
		"slots": {
			"A": {
				"color": [
					{ "time": 0, "color": "ffffffff", "curve": "stepped" },
					{ "time": 3, "color": "ffffffff" }
				]
			},
			"B": {
				"color": [
					{ "time": 0, "color": "ffffffff", "curve": "stepped" },
					{ "time": 3, "color": "ffffffff" }
				]
			},
			"B1": {
				"color": [
					{ "time": 0, "color": "ffffffff", "curve": "stepped" },
					{ "time": 0.4, "color": "ffffffff" },
					{ "time": 0.7333, "color": "ffffff00" }
				],
				"attachment": [
					{ "time": 0, "name": null },
					{ "time": 0.4, "name": "B1" }
				]
			},
			"B2": {
				"color": [
					{ "time": 0, "color": "ffffffff", "curve": "stepped" },
					{ "time": 3, "color": "ffffffff" }
				],
				"attachment": [
					{ "time": 0, "name": null },
					{ "time": 3, "name": null }
				]
			},
			"B3": {
				"color": [
					{ "time": 0, "color": "ffffffff", "curve": "stepped" },
					{ "time": 3, "color": "ffffffff" }
				],
				"attachment": [
					{ "time": 0, "name": null },
					{ "time": 3, "name": null }
				]
			},
			"BOOM_A": {
				"attachment": [
					{ "time": 0, "name": "BOOM_A" },
					{ "time": 0.1333, "name": "BOOM_B" },
					{ "time": 0.2666, "name": "BOOM_c" },
					{ "time": 0.3333, "name": null },
					{ "time": 0.4, "name": "BOOM_A" },
					{ "time": 0.5333, "name": "BOOM_B" },
					{ "time": 0.6666, "name": "BOOM_c" },
					{ "time": 0.7333, "name": null },
					{ "time": 0.9333, "name": "BOOM_A" },
					{ "time": 1.0666, "name": "BOOM_B" },
					{ "time": 1.2, "name": "BOOM_c" },
					{ "time": 1.2666, "name": null },
					{ "time": 1.3333, "name": "BOOM_A" },
					{ "time": 1.4666, "name": "BOOM_B" },
					{ "time": 1.6, "name": "BOOM_c" },
					{ "time": 1.6666, "name": null },
					{ "time": 1.8666, "name": "BOOM_A" },
					{ "time": 2, "name": "BOOM_B" },
					{ "time": 2.1333, "name": "BOOM_c" },
					{ "time": 2.2, "name": null },
					{ "time": 2.2666, "name": "BOOM_A" },
					{ "time": 2.4, "name": "BOOM_B" },
					{ "time": 2.5333, "name": "BOOM_c" },
					{ "time": 2.6, "name": null },
					{ "time": 2.8, "name": "BOOM_A" },
					{ "time": 2.9333, "name": "BOOM_B" },
					{ "time": 3.0666, "name": "BOOM_c" },
					{ "time": 3.1333, "name": null },
					{ "time": 3.2, "name": "BOOM_A" },
					{ "time": 3.3333, "name": "BOOM_B" },
					{ "time": 3.4666, "name": "BOOM_c" },
					{ "time": 3.5333, "name": null },
					{ "time": 3.7333, "name": "BOOM_A" },
					{ "time": 3.8666, "name": "BOOM_B" },
					{ "time": 4, "name": "BOOM_c" },
					{ "time": 4.0666, "name": null },
					{ "time": 4.1333, "name": "BOOM_A" },
					{ "time": 4.2666, "name": "BOOM_B" },
					{ "time": 4.4, "name": "BOOM_c" },
					{ "time": 4.4666, "name": null },
					{ "time": 4.6666, "name": "BOOM_A" },
					{ "time": 4.8, "name": "BOOM_B" },
					{ "time": 4.9333, "name": "BOOM_c" },
					{ "time": 5, "name": null }
				]
			},
			"FLY_L": {
				"color": [
					{ "time": 0, "color": "ffffffff", "curve": "stepped" },
					{ "time": 3, "color": "ffffffff" }
				],
				"attachment": [
					{ "time": 0, "name": null },
					{ "time": 3, "name": null }
				]
			},
			"FLY_R": {
				"color": [
					{ "time": 0, "color": "ffffffff", "curve": "stepped" },
					{ "time": 3, "color": "ffffffff" }
				],
				"attachment": [
					{ "time": 0, "name": null },
					{ "time": 3, "name": null }
				]
			},
			"HL": {
				"color": [
					{ "time": 0, "color": "ffffffff", "curve": "stepped" },
					{ "time": 3, "color": "ffffffff" }
				],
				"attachment": [
					{ "time": 0, "name": null },
					{ "time": 3, "name": null }
				]
			},
			"HR": {
				"color": [
					{ "time": 0, "color": "ffffffff" },
					{ "time": 0.0666, "color": "ffffff00" },
					{ "time": 0.1, "color": "ffffffff" },
					{ "time": 0.1666, "color": "ffffff00" },
					{ "time": 0.2, "color": "ffffffff" },
					{ "time": 0.7333, "color": "ffffff00", "curve": "stepped" },
					{ "time": 1.0666, "color": "ffffff00" },
					{ "time": 3, "color": "ffffffff" }
				],
				"attachment": [
					{ "time": 0, "name": null },
					{ "time": 0.1666, "name": "HR" },
					{ "time": 1.0666, "name": null },
					{ "time": 3, "name": null }
				]
			},
			"LIGHT": {
				"color": [
					{ "time": 0, "color": "ffffffff" },
					{ "time": 0.8333, "color": "ffffff7f" },
					{ "time": 1.6666, "color": "ffffffd9" },
					{ "time": 2.3333, "color": "ffffff71" },
					{ "time": 3, "color": "ffffffff" }
				]
			},
			"PL": {
				"color": [
					{ "time": 0, "color": "ffffffff", "curve": "stepped" },
					{ "time": 3, "color": "ffffffff" }
				],
				"attachment": [
					{ "time": 0, "name": null },
					{ "time": 0.0666, "name": "PL" },
					{ "time": 0.4, "name": null },
					{ "time": 3, "name": null }
				]
			},
			"PR": {
				"color": [
					{ "time": 0, "color": "ffffffff", "curve": "stepped" },
					{ "time": 3, "color": "ffffffff" }
				],
				"attachment": [
					{ "time": 0, "name": null },
					{ "time": 0.2333, "name": "PR" },
					{ "time": 0.5666, "name": null },
					{ "time": 3, "name": null }
				]
			},
			"WIN": {
				"color": [
					{ "time": 1, "color": "ffffffff" },
					{ "time": 1.3333, "color": "ffffff97" },
					{ "time": 1.6666, "color": "ffffffec" },
					{ "time": 2, "color": "ffffff9c" },
					{ "time": 2.3333, "color": "fffffff1" },
					{ "time": 2.6666, "color": "ffffffaa" },
					{ "time": 3, "color": "ffffffff" },
					{ "time": 3.3333, "color": "ffffffaa" },
					{ "time": 3.6666, "color": "ffffffff" },
					{ "time": 4, "color": "ffffffaa" },
					{ "time": 4.3333, "color": "ffffffff" },
					{ "time": 4.6666, "color": "ffffffaa" },
					{ "time": 5, "color": "ffffffff" }
				],
				"attachment": [
					{ "time": 1, "name": "WIN" }
				]
			},
			"X1": {
				"color": [
					{ "time": 0, "color": "ffffffff" },
					{ "time": 1.6666, "color": "ffffff84" },
					{ "time": 3, "color": "ffffffff" }
				]
			},
			"X2": {
				"color": [
					{ "time": 0, "color": "ffffffff", "curve": "stepped" },
					{ "time": 3, "color": "ffffffff" }
				]
			},
			"YL": {
				"color": [
					{ "time": 0, "color": "ffffffff", "curve": "stepped" },
					{ "time": 3, "color": "ffffffff" }
				],
				"attachment": [
					{ "time": 0, "name": null },
					{ "time": 3, "name": null }
				]
			},
			"YR": {
				"color": [
					{ "time": 0, "color": "ffffffff", "curve": "stepped" },
					{ "time": 3, "color": "ffffffff" }
				],
				"attachment": [
					{ "time": 0, "name": null },
					{ "time": 3, "name": null }
				]
			},
			"fire_A": {
				"attachment": [
					{ "time": 0, "name": "fire_A" },
					{ "time": 0.1333, "name": "fire_b" },
					{ "time": 0.2666, "name": "fire_c" },
					{ "time": 0.4, "name": "fire_A" },
					{ "time": 0.5333, "name": "fire_b" },
					{ "time": 0.6666, "name": "fire_c" },
					{ "time": 0.8, "name": "fire_A" },
					{ "time": 0.9333, "name": "fire_b" },
					{ "time": 1.0666, "name": "fire_c" },
					{ "time": 1.2, "name": "fire_A" },
					{ "time": 1.3333, "name": "fire_b" },
					{ "time": 1.4666, "name": "fire_c" },
					{ "time": 1.6, "name": "fire_A" },
					{ "time": 1.7333, "name": "fire_b" },
					{ "time": 1.8666, "name": "fire_c" },
					{ "time": 2, "name": "fire_A" },
					{ "time": 2.1333, "name": "fire_b" },
					{ "time": 2.2666, "name": "fire_c" },
					{ "time": 2.4, "name": "fire_A" },
					{ "time": 2.5333, "name": "fire_b" },
					{ "time": 2.6666, "name": "fire_c" },
					{ "time": 2.8, "name": "fire_A" },
					{ "time": 2.9333, "name": "fire_b" },
					{ "time": 3.0666, "name": "fire_c" },
					{ "time": 3.2, "name": "fire_A" },
					{ "time": 3.3333, "name": "fire_b" },
					{ "time": 3.4666, "name": "fire_c" },
					{ "time": 3.6, "name": "fire_A" },
					{ "time": 3.7333, "name": "fire_b" },
					{ "time": 3.8666, "name": "fire_c" },
					{ "time": 4, "name": "fire_A" },
					{ "time": 4.1333, "name": "fire_b" },
					{ "time": 4.2666, "name": "fire_c" },
					{ "time": 4.4, "name": "fire_A" },
					{ "time": 4.5333, "name": "fire_b" },
					{ "time": 4.6666, "name": "fire_c" },
					{ "time": 4.7333, "name": "fire_A" },
					{ "time": 4.8666, "name": "fire_b" },
					{ "time": 5, "name": "fire_c" }
				]
			}
		},
		"bones": {
			"HR": {
				"translate": [
					{ "time": 0.1666, "x": 0, "y": -3.84 },
					{ "time": 0.7333, "x": -3.2, "y": -4.9 }
				],
				"scale": [
					{ "time": 0.1666, "x": 0.623, "y": 0.623 },
					{ "time": 0.7333, "x": 1.156, "y": 1.156 }
				]
			},
			"girl_A": {
				"rotate": [
					{ "time": 0, "angle": 0, "curve": "stepped" },
					{ "time": 3, "angle": 0 }
				],
				"translate": [
					{ "time": 0, "x": 0, "y": 0 },
					{ "time": 0.0666, "x": 0, "y": -1.6 },
					{ "time": 0.2333, "x": 3.2, "y": -3.63 },
					{ "time": 0.4, "x": -1.28, "y": -3.16 },
					{ "time": 1, "x": -0.98, "y": -2.43 },
					{ "time": 2, "x": -46.14, "y": -1.21 },
					{ "time": 3, "x": -45.64, "y": 0 }
				]
			},
			"girl_B": {
				"rotate": [
					{ "time": 0, "angle": 0, "curve": "stepped" },
					{ "time": 3, "angle": 0 }
				],
				"translate": [
					{ "time": 0, "x": 0, "y": 0, "curve": "stepped" },
					{ "time": 3, "x": 0, "y": 0 }
				]
			},
			"LIGHT": {
				"translate": [
					{ "time": 0, "x": 0, "y": 0, "curve": "stepped" },
					{ "time": 3, "x": 0, "y": 0 }
				],
				"scale": [
					{ "time": 0, "x": 1, "y": 1 },
					{ "time": 1.6666, "x": 1.038, "y": 1.115 },
					{ "time": 3, "x": 1, "y": 1 }
				]
			},
			"PL": {
				"rotate": [
					{ "time": 0.0666, "angle": 21.33 },
					{ "time": 0.1666, "angle": 25.61 },
					{ "time": 0.2333, "angle": -17.88 },
					{ "time": 0.3333, "angle": -49.24 },
					{ "time": 0.4, "angle": -29.87 }
				],
				"translate": [
					{ "time": 0.0666, "x": -6.4, "y": -4.48 },
					{ "time": 0.1666, "x": 3.2, "y": 15.53 },
					{ "time": 0.2333, "x": 21.6, "y": 19.27 },
					{ "time": 0.3333, "x": 45.76, "y": 3.34 },
					{ "time": 0.4, "x": 56.85, "y": -5.88 }
				],
				"scale": [
					{ "time": 0.0666, "x": 0.962, "y": 0.962 },
					{ "time": 0.4, "x": 1.116, "y": 1.116 }
				]
			},
			"X1": {
				"translate": [
					{ "time": 0, "x": 0, "y": 0 },
					{ "time": 1.6666, "x": 0, "y": 3.84 },
					{ "time": 3, "x": 0, "y": 0 }
				],
				"scale": [
					{ "time": 0, "x": 1, "y": 1 },
					{ "time": 1.6666, "x": 1.025, "y": 1.163 },
					{ "time": 3, "x": 1, "y": 1 }
				]
			},
			"PR": {
				"rotate": [
					{ "time": 0.2333, "angle": -9.31 },
					{ "time": 0.3, "angle": -24.39 },
					{ "time": 0.4, "angle": 25.37 },
					{ "time": 0.5, "angle": 33.59 },
					{ "time": 0.5666, "angle": 22.36 }
				],
				"translate": [
					{ "time": 0.2333, "x": 6.51, "y": -9.18 },
					{ "time": 0.3, "x": -6.34, "y": 10.59 },
					{ "time": 0.4, "x": -35.54, "y": 19.39 },
					{ "time": 0.5, "x": -56.77, "y": 1.34 },
					{ "time": 0.5666, "x": -69.85, "y": -6.4 }
				],
				"scale": [
					{ "time": 0.2333, "x": 0.922, "y": 0.922 },
					{ "time": 0.5666, "x": 1.085, "y": 1.085 }
				]
			},
			"BOOM1": {
				"translate": [
					{ "time": 0.4, "x": 15.21, "y": -4.19 }
				],
				"scale": [
					{ "time": 0.4, "x": 1, "y": 0.491 },
					{ "time": 0.5333, "x": 1, "y": 0.815 },
					{ "time": 0.7333, "x": 1, "y": 0.323 }
				]
			},
			"X2": {
				"scale": [
					{ "time": 0, "x": 1, "y": 1 },
					{ "time": 1.6666, "x": 1.038, "y": 1.115 },
					{ "time": 3, "x": 1, "y": 1 }
				]
			},
			"BF": {
				"translate": [
					{ "time": 0, "x": 0, "y": 0, "curve": "stepped" },
					{ "time": 3, "x": 0, "y": 0 }
				],
				"scale": [
					{ "time": 0, "x": 1, "y": 1, "curve": "stepped" },
					{ "time": 3, "x": 1, "y": 1 }
				]
			},
			"LLLLLLLL": {
				"rotate": [
					{ "time": 0, "angle": 0 },
					{ "time": 0.5, "angle": -2.07 },
					{ "time": 0.5333, "angle": 5.69 },
					{ "time": 0.6333, "angle": -2.57 },
					{ "time": 0.7333, "angle": 2.83 },
					{ "time": 3, "angle": 0 }
				],
				"translate": [
					{ "time": 0, "x": 0, "y": 0 },
					{ "time": 0.5333, "x": -3.14, "y": -3.14 },
					{ "time": 0.6333, "x": 0.65, "y": -3.01 },
					{ "time": 0.7333, "x": -1.47, "y": -2.88 },
					{ "time": 0.8666, "x": -1.38, "y": -15.83 },
					{ "time": 1, "x": -1.29, "y": -29.53 },
					{ "time": 3, "x": 0, "y": -22.03 }
				],
				"scale": [
					{ "time": 0.5, "x": 1, "y": 1 },
					{ "time": 0.5333, "x": 1.059, "y": 1.059 },
					{ "time": 0.6333, "x": 0.913, "y": 0.913 },
					{ "time": 0.7333, "x": 1.029, "y": 1.029 },
					{ "time": 0.8666, "x": 1, "y": 0.222 }
				]
			},
			"RRRRRR": {
				"rotate": [
					{ "time": 0, "angle": 0, "curve": "stepped" },
					{ "time": 1, "angle": 0, "curve": "stepped" },
					{ "time": 3, "angle": 0, "curve": "stepped" },
					{ "time": 3.6666, "angle": 0, "curve": "stepped" },
					{ "time": 4.3333, "angle": 0, "curve": "stepped" },
					{ "time": 5, "angle": 0 }
				],
				"translate": [
					{ "time": 0, "x": 0, "y": 0, "curve": "stepped" },
					{ "time": 1, "x": 0, "y": 0 },
					{ "time": 1.1666, "x": 0, "y": -2.09 },
					{ "time": 1.3333, "x": 0, "y": 6.48 },
					{ "time": 1.5, "x": 0, "y": -2.03 },
					{ "time": 1.6666, "x": 0, "y": 0.29 },
					{ "time": 1.8333, "x": 0, "y": -2.09 },
					{ "time": 2, "x": 0, "y": 6.48 },
					{ "time": 2.1666, "x": 0, "y": -2.03 },
					{ "time": 2.3333, "x": 0, "y": 0.29 },
					{ "time": 2.5, "x": 0, "y": -2.09 },
					{ "time": 2.6666, "x": 0, "y": 6.48 },
					{ "time": 2.8333, "x": 0, "y": -2.03 },
					{ "time": 3, "x": 0, "y": 0.29 },
					{ "time": 3.1666, "x": 0, "y": -2.09 },
					{ "time": 3.3333, "x": 0, "y": 6.48 },
					{ "time": 3.5, "x": 0, "y": -2.03 },
					{ "time": 3.6666, "x": 0, "y": 0.29 },
					{ "time": 3.8333, "x": 0, "y": -2.09 },
					{ "time": 4, "x": 0, "y": 6.48 },
					{ "time": 4.1666, "x": 0, "y": -2.03 },
					{ "time": 4.3333, "x": 0, "y": 0.29 },
					{ "time": 4.5, "x": 0, "y": -2.09 },
					{ "time": 4.6666, "x": 0, "y": 6.48 },
					{ "time": 4.8333, "x": 0, "y": -2.03 },
					{ "time": 5, "x": 0, "y": 0.29 }
				],
				"scale": [
					{ "time": 1, "x": 1, "y": 1 },
					{ "time": 1.1666, "x": 1, "y": 0.874 },
					{ "time": 1.3333, "x": 1, "y": 1 },
					{ "time": 1.5, "x": 1, "y": 0.874 },
					{ "time": 1.6666, "x": 1, "y": 1 },
					{ "time": 1.8333, "x": 1, "y": 0.874 },
					{ "time": 2, "x": 1, "y": 1 },
					{ "time": 2.1666, "x": 1, "y": 0.874 },
					{ "time": 2.3333, "x": 1, "y": 1 },
					{ "time": 2.5, "x": 1, "y": 0.874 },
					{ "time": 2.6666, "x": 1, "y": 1 },
					{ "time": 2.8333, "x": 1, "y": 0.874 },
					{ "time": 3, "x": 1, "y": 1 },
					{ "time": 3.1666, "x": 1, "y": 0.874 },
					{ "time": 3.3333, "x": 1, "y": 1 },
					{ "time": 3.5, "x": 1, "y": 0.874 },
					{ "time": 3.6666, "x": 1, "y": 1 },
					{ "time": 3.8333, "x": 1, "y": 0.874 },
					{ "time": 4, "x": 1, "y": 1 },
					{ "time": 4.1666, "x": 1, "y": 0.874 },
					{ "time": 4.3333, "x": 1, "y": 1 },
					{ "time": 4.5, "x": 1, "y": 0.874 },
					{ "time": 4.6666, "x": 1, "y": 1 },
					{ "time": 4.8333, "x": 1, "y": 0.874 },
					{ "time": 5, "x": 1, "y": 1 }
				]
			},
			"WIN": {
				"translate": [
					{ "time": 1, "x": 44.59, "y": 6.29 },
					{ "time": 2, "x": -0.52, "y": 6.29 }
				],
				"scale": [
					{ "time": 1, "x": 1.448, "y": 1.448 },
					{ "time": 1.3333, "x": 1.12, "y": 1.12 },
					{ "time": 1.6666, "x": 1.375, "y": 1.375 },
					{ "time": 2, "x": 1.213, "y": 1.213 },
					{ "time": 2.3333, "x": 1.448, "y": 1.448 },
					{ "time": 2.6666, "x": 1.12, "y": 1.12 },
					{ "time": 3, "x": 1.375, "y": 1.375 },
					{ "time": 3.3333, "x": 1.213, "y": 1.213 },
					{ "time": 3.6666, "x": 1.448, "y": 1.448 },
					{ "time": 4, "x": 1.12, "y": 1.12 },
					{ "time": 4.3333, "x": 1.375, "y": 1.375 },
					{ "time": 4.6666, "x": 1.213, "y": 1.213 },
					{ "time": 5, "x": 1.375, "y": 1.375 }
				]
			},
			"fire_A": {
				"rotate": [
					{ "time": 0, "angle": 0 }
				]
			},
			"BOOM_A": {
				"rotate": [
					{ "time": 0, "angle": 0 }
				]
			}
		}
	}
}
}