{
"skeleton": { "hash": "4Ly36DiAagrXYcmISp/91gKIXW8", "spine": "3.2.01", "width": 1224, "height": 790, "images": "" },
"bones": [
	{ "name": "BG_picture" },
	{ "name": "Rain", "parent": "BG_picture", "y": -390 },
	{ "name": "Light", "parent": "Rain" },
	{ "name": "Rain_picture", "parent": "Rain" }
],
"slots": [
	{ "name": "Rain_0001", "bone": "Rain_picture" },
	{ "name": "Sky_light_00", "bone": "Light", "attachment": "Sky_light_00", "blend": "additive" }
],
"skins": {
	"default": {
		"Rain_0001": {
			"Rain_0001": { "width": 1224, "height": 790 },
			"Rain_0002": { "width": 1224, "height": 790 },
			"Rain_0003": { "width": 1224, "height": 790 },
			"Rain_0004": { "width": 1224, "height": 790 },
			"Rain_0005": { "width": 1224, "height": 790 },
			"Rain_0006": { "width": 1224, "height": 790 },
			"Rain_0007": { "width": 1224, "height": 790 },
			"Rain_0008": { "width": 1224, "height": 790 },
			"Rain_0009": { "width": 1224, "height": 790 },
			"Rain_0010": { "width": 1224, "height": 790 }
		},
		"Sky_light_00": {
			"Sky_light_00": { "width": 1224, "height": 790 }
		}
	}
},
"events": {
	"loop": {}
},
"animations": {
	"BG_only_storm_font": {
		"slots": {
			"Rain_0001": {
				"attachment": [
					{ "time": 0, "name": "Rain_0001" },
					{ "time": 0.0333, "name": "Rain_0002" },
					{ "time": 0.0666, "name": "Rain_0003" },
					{ "time": 0.1, "name": "Rain_0004" },
					{ "time": 0.1333, "name": "Rain_0005" },
					{ "time": 0.1666, "name": "Rain_0006" },
					{ "time": 0.2, "name": "Rain_0007" },
					{ "time": 0.2333, "name": "Rain_0008" },
					{ "time": 0.2666, "name": "Rain_0009" },
					{ "time": 0.3, "name": "Rain_0010" },
					{ "time": 0.3333, "name": "Rain_0001" },
					{ "time": 0.3666, "name": "Rain_0002" },
					{ "time": 0.4, "name": "Rain_0003" },
					{ "time": 0.4333, "name": "Rain_0004" },
					{ "time": 0.4666, "name": "Rain_0005" },
					{ "time": 0.5, "name": "Rain_0006" },
					{ "time": 0.5333, "name": "Rain_0007" },
					{ "time": 0.5666, "name": "Rain_0008" },
					{ "time": 0.6, "name": "Rain_0009" },
					{ "time": 0.6333, "name": "Rain_0010" },
					{ "time": 0.6666, "name": "Rain_0001" },
					{ "time": 0.7, "name": "Rain_0002" },
					{ "time": 0.7333, "name": "Rain_0003" },
					{ "time": 0.7666, "name": "Rain_0004" },
					{ "time": 0.8, "name": "Rain_0005" },
					{ "time": 0.8333, "name": "Rain_0006" },
					{ "time": 0.8666, "name": "Rain_0007" },
					{ "time": 0.9, "name": "Rain_0008" },
					{ "time": 0.9333, "name": "Rain_0009" },
					{ "time": 0.9666, "name": "Rain_0010" },
					{ "time": 1, "name": "Rain_0001" },
					{ "time": 1.0333, "name": "Rain_0002" },
					{ "time": 1.0666, "name": "Rain_0003" },
					{ "time": 1.1, "name": "Rain_0004" },
					{ "time": 1.1333, "name": "Rain_0005" },
					{ "time": 1.1666, "name": "Rain_0006" },
					{ "time": 1.2, "name": "Rain_0007" },
					{ "time": 1.2333, "name": "Rain_0008" },
					{ "time": 1.2666, "name": "Rain_0009" },
					{ "time": 1.3, "name": "Rain_0010" },
					{ "time": 1.3333, "name": "Rain_0001" },
					{ "time": 1.3666, "name": "Rain_0002" },
					{ "time": 1.4, "name": "Rain_0003" },
					{ "time": 1.4333, "name": "Rain_0004" },
					{ "time": 1.4666, "name": "Rain_0005" },
					{ "time": 1.5, "name": "Rain_0006" },
					{ "time": 1.5333, "name": "Rain_0007" },
					{ "time": 1.5666, "name": "Rain_0008" },
					{ "time": 1.6, "name": "Rain_0009" },
					{ "time": 1.6333, "name": "Rain_0010" },
					{ "time": 1.6666, "name": "Rain_0001" },
					{ "time": 1.7, "name": "Rain_0002" },
					{ "time": 1.7333, "name": "Rain_0003" },
					{ "time": 1.7666, "name": "Rain_0004" },
					{ "time": 1.8, "name": "Rain_0005" },
					{ "time": 1.8333, "name": "Rain_0006" },
					{ "time": 1.8666, "name": "Rain_0007" },
					{ "time": 1.9, "name": "Rain_0008" },
					{ "time": 1.9333, "name": "Rain_0009" },
					{ "time": 1.9666, "name": "Rain_0010" },
					{ "time": 2, "name": "Rain_0001" },
					{ "time": 2.0333, "name": "Rain_0002" },
					{ "time": 2.0666, "name": "Rain_0003" },
					{ "time": 2.1, "name": "Rain_0004" },
					{ "time": 2.1333, "name": "Rain_0005" },
					{ "time": 2.1666, "name": "Rain_0006" },
					{ "time": 2.2, "name": "Rain_0007" },
					{ "time": 2.2333, "name": "Rain_0008" },
					{ "time": 2.2666, "name": "Rain_0009" },
					{ "time": 2.3, "name": "Rain_0010" },
					{ "time": 2.3333, "name": "Rain_0001" },
					{ "time": 2.3666, "name": "Rain_0002" },
					{ "time": 2.4, "name": "Rain_0003" },
					{ "time": 2.4333, "name": "Rain_0004" },
					{ "time": 2.4666, "name": "Rain_0005" },
					{ "time": 2.5, "name": "Rain_0006" },
					{ "time": 2.5333, "name": "Rain_0007" },
					{ "time": 2.5666, "name": "Rain_0008" },
					{ "time": 2.6, "name": "Rain_0009" },
					{ "time": 2.6333, "name": "Rain_0010" },
					{ "time": 2.6666, "name": "Rain_0001" },
					{ "time": 2.7, "name": "Rain_0002" },
					{ "time": 2.7333, "name": "Rain_0003" },
					{ "time": 2.7666, "name": "Rain_0004" },
					{ "time": 2.8, "name": "Rain_0005" },
					{ "time": 2.8333, "name": "Rain_0006" },
					{ "time": 2.8666, "name": "Rain_0007" },
					{ "time": 2.9, "name": "Rain_0008" },
					{ "time": 2.9333, "name": "Rain_0009" },
					{ "time": 2.9666, "name": "Rain_0010" },
					{ "time": 3, "name": "Rain_0001" },
					{ "time": 3.0333, "name": "Rain_0002" },
					{ "time": 3.0666, "name": "Rain_0003" },
					{ "time": 3.1, "name": "Rain_0004" },
					{ "time": 3.1333, "name": "Rain_0005" },
					{ "time": 3.1666, "name": "Rain_0006" },
					{ "time": 3.2, "name": "Rain_0007" },
					{ "time": 3.2333, "name": "Rain_0008" },
					{ "time": 3.2666, "name": "Rain_0009" },
					{ "time": 3.3, "name": "Rain_0010" },
					{ "time": 3.3333, "name": "Rain_0001" },
					{ "time": 3.3666, "name": "Rain_0002" },
					{ "time": 3.4, "name": "Rain_0003" },
					{ "time": 3.4333, "name": "Rain_0004" },
					{ "time": 3.4666, "name": "Rain_0005" },
					{ "time": 3.5, "name": "Rain_0006" },
					{ "time": 3.5333, "name": "Rain_0007" },
					{ "time": 3.5666, "name": "Rain_0008" },
					{ "time": 3.6, "name": "Rain_0009" },
					{ "time": 3.6333, "name": "Rain_0010" },
					{ "time": 3.6666, "name": "Rain_0001" },
					{ "time": 3.7, "name": "Rain_0002" },
					{ "time": 3.7333, "name": "Rain_0003" },
					{ "time": 3.7666, "name": "Rain_0004" },
					{ "time": 3.8, "name": "Rain_0005" },
					{ "time": 3.8333, "name": "Rain_0006" },
					{ "time": 3.8666, "name": "Rain_0007" },
					{ "time": 3.9, "name": "Rain_0008" },
					{ "time": 3.9333, "name": "Rain_0009" },
					{ "time": 3.9666, "name": "Rain_0010" },
					{ "time": 4, "name": "Rain_0001" },
					{ "time": 4.0333, "name": "Rain_0002" },
					{ "time": 4.0666, "name": "Rain_0003" },
					{ "time": 4.1, "name": "Rain_0004" },
					{ "time": 4.1333, "name": "Rain_0005" },
					{ "time": 4.1666, "name": "Rain_0006" },
					{ "time": 4.2, "name": "Rain_0007" },
					{ "time": 4.2333, "name": "Rain_0008" },
					{ "time": 4.2666, "name": "Rain_0009" },
					{ "time": 4.3, "name": "Rain_0010" },
					{ "time": 4.3333, "name": "Rain_0001" },
					{ "time": 4.3666, "name": "Rain_0002" },
					{ "time": 4.4, "name": "Rain_0003" },
					{ "time": 4.4333, "name": "Rain_0004" },
					{ "time": 4.4666, "name": "Rain_0005" },
					{ "time": 4.5, "name": "Rain_0006" },
					{ "time": 4.5333, "name": "Rain_0007" },
					{ "time": 4.5666, "name": "Rain_0008" },
					{ "time": 4.6, "name": "Rain_0009" },
					{ "time": 4.6333, "name": "Rain_0010" },
					{ "time": 4.6666, "name": "Rain_0001" },
					{ "time": 4.7, "name": "Rain_0002" },
					{ "time": 4.7333, "name": "Rain_0003" },
					{ "time": 4.7666, "name": "Rain_0004" },
					{ "time": 4.8, "name": "Rain_0005" },
					{ "time": 4.8333, "name": "Rain_0006" },
					{ "time": 4.8666, "name": "Rain_0007" },
					{ "time": 4.9, "name": "Rain_0008" },
					{ "time": 4.9333, "name": "Rain_0009" },
					{ "time": 4.9666, "name": "Rain_0010" },
					{ "time": 5, "name": "Rain_0001" },
					{ "time": 5.0333, "name": "Rain_0002" },
					{ "time": 5.0666, "name": "Rain_0003" },
					{ "time": 5.1, "name": "Rain_0004" },
					{ "time": 5.1333, "name": "Rain_0005" },
					{ "time": 5.1666, "name": "Rain_0006" },
					{ "time": 5.2, "name": "Rain_0007" },
					{ "time": 5.2333, "name": "Rain_0008" },
					{ "time": 5.2666, "name": "Rain_0009" },
					{ "time": 5.3, "name": "Rain_0010" },
					{ "time": 5.3333, "name": "Rain_0001" },
					{ "time": 5.3666, "name": "Rain_0002" },
					{ "time": 5.4, "name": "Rain_0003" },
					{ "time": 5.4333, "name": "Rain_0004" },
					{ "time": 5.4666, "name": "Rain_0005" },
					{ "time": 5.5, "name": "Rain_0006" },
					{ "time": 5.5333, "name": "Rain_0007" },
					{ "time": 5.5666, "name": "Rain_0008" },
					{ "time": 5.6, "name": "Rain_0009" },
					{ "time": 5.6333, "name": "Rain_0010" },
					{ "time": 5.6666, "name": "Rain_0001" },
					{ "time": 5.7, "name": "Rain_0002" },
					{ "time": 5.7333, "name": "Rain_0003" },
					{ "time": 5.7666, "name": "Rain_0004" },
					{ "time": 5.8, "name": "Rain_0005" },
					{ "time": 5.8333, "name": "Rain_0006" },
					{ "time": 5.8666, "name": "Rain_0007" },
					{ "time": 5.9, "name": "Rain_0008" },
					{ "time": 5.9333, "name": "Rain_0009" },
					{ "time": 5.9666, "name": "Rain_0010" },
					{ "time": 6, "name": "Rain_0001" },
					{ "time": 6.0333, "name": "Rain_0002" },
					{ "time": 6.0666, "name": "Rain_0003" },
					{ "time": 6.1, "name": "Rain_0004" },
					{ "time": 6.1333, "name": "Rain_0005" },
					{ "time": 6.1666, "name": "Rain_0006" },
					{ "time": 6.2, "name": "Rain_0007" },
					{ "time": 6.2333, "name": "Rain_0008" },
					{ "time": 6.2666, "name": "Rain_0009" },
					{ "time": 6.3, "name": "Rain_0010" },
					{ "time": 6.3333, "name": "Rain_0001" },
					{ "time": 6.3666, "name": "Rain_0002" },
					{ "time": 6.4, "name": "Rain_0003" },
					{ "time": 6.4333, "name": "Rain_0004" },
					{ "time": 6.4666, "name": "Rain_0005" },
					{ "time": 6.5, "name": "Rain_0006" },
					{ "time": 6.5333, "name": "Rain_0007" },
					{ "time": 6.5666, "name": "Rain_0008" },
					{ "time": 6.6, "name": "Rain_0009" },
					{ "time": 6.6333, "name": "Rain_0010" },
					{ "time": 6.6666, "name": "Rain_0001" },
					{ "time": 6.7, "name": "Rain_0002" },
					{ "time": 6.7333, "name": "Rain_0003" },
					{ "time": 6.7666, "name": "Rain_0004" },
					{ "time": 6.8, "name": "Rain_0005" },
					{ "time": 6.8333, "name": "Rain_0006" },
					{ "time": 6.8666, "name": "Rain_0007" },
					{ "time": 6.9, "name": "Rain_0008" },
					{ "time": 6.9333, "name": "Rain_0009" },
					{ "time": 6.9666, "name": "Rain_0010" },
					{ "time": 7, "name": "Rain_0001" },
					{ "time": 7.0333, "name": "Rain_0002" },
					{ "time": 7.0666, "name": "Rain_0003" },
					{ "time": 7.1, "name": "Rain_0004" },
					{ "time": 7.1333, "name": "Rain_0005" },
					{ "time": 7.1666, "name": "Rain_0006" },
					{ "time": 7.2, "name": "Rain_0007" },
					{ "time": 7.2333, "name": "Rain_0008" },
					{ "time": 7.2666, "name": "Rain_0009" },
					{ "time": 7.3, "name": "Rain_0010" },
					{ "time": 7.3333, "name": "Rain_0001" },
					{ "time": 7.3666, "name": "Rain_0002" },
					{ "time": 7.4, "name": "Rain_0003" },
					{ "time": 7.4333, "name": "Rain_0004" },
					{ "time": 7.4666, "name": "Rain_0005" },
					{ "time": 7.5, "name": "Rain_0006" },
					{ "time": 7.5333, "name": "Rain_0007" },
					{ "time": 7.5666, "name": "Rain_0008" },
					{ "time": 7.6, "name": "Rain_0009" },
					{ "time": 7.6333, "name": "Rain_0010" },
					{ "time": 7.6666, "name": "Rain_0001" },
					{ "time": 7.7, "name": "Rain_0002" },
					{ "time": 7.7333, "name": "Rain_0003" },
					{ "time": 7.7666, "name": "Rain_0004" },
					{ "time": 7.8, "name": "Rain_0005" },
					{ "time": 7.8333, "name": "Rain_0006" },
					{ "time": 7.8666, "name": "Rain_0007" },
					{ "time": 7.9, "name": "Rain_0008" },
					{ "time": 7.9333, "name": "Rain_0009" },
					{ "time": 7.9666, "name": "Rain_0010" },
					{ "time": 8, "name": "Rain_0001" },
					{ "time": 8.0333, "name": "Rain_0002" },
					{ "time": 8.0666, "name": "Rain_0003" },
					{ "time": 8.1, "name": "Rain_0004" },
					{ "time": 8.1333, "name": "Rain_0005" },
					{ "time": 8.1666, "name": "Rain_0006" },
					{ "time": 8.2, "name": "Rain_0007" },
					{ "time": 8.2333, "name": "Rain_0008" },
					{ "time": 8.2666, "name": "Rain_0009" },
					{ "time": 8.3, "name": "Rain_0010" },
					{ "time": 8.3333, "name": "Rain_0001" },
					{ "time": 8.3666, "name": "Rain_0002" },
					{ "time": 8.4, "name": "Rain_0003" },
					{ "time": 8.4333, "name": "Rain_0004" },
					{ "time": 8.4666, "name": "Rain_0005" },
					{ "time": 8.5, "name": "Rain_0006" },
					{ "time": 8.5333, "name": "Rain_0007" },
					{ "time": 8.5666, "name": "Rain_0008" },
					{ "time": 8.6, "name": "Rain_0009" },
					{ "time": 8.6333, "name": "Rain_0010" },
					{ "time": 8.6666, "name": "Rain_0001" },
					{ "time": 8.7, "name": "Rain_0002" },
					{ "time": 8.7333, "name": "Rain_0003" },
					{ "time": 8.7666, "name": "Rain_0004" },
					{ "time": 8.8, "name": "Rain_0005" },
					{ "time": 8.8333, "name": "Rain_0006" },
					{ "time": 8.8666, "name": "Rain_0007" },
					{ "time": 8.9, "name": "Rain_0008" },
					{ "time": 8.9333, "name": "Rain_0009" },
					{ "time": 8.9666, "name": "Rain_0010" },
					{ "time": 9, "name": "Rain_0001" },
					{ "time": 9.0333, "name": "Rain_0002" },
					{ "time": 9.0666, "name": "Rain_0003" },
					{ "time": 9.1, "name": "Rain_0004" },
					{ "time": 9.1333, "name": "Rain_0005" },
					{ "time": 9.1666, "name": "Rain_0006" },
					{ "time": 9.2, "name": "Rain_0007" },
					{ "time": 9.2333, "name": "Rain_0008" },
					{ "time": 9.2666, "name": "Rain_0009" },
					{ "time": 9.3, "name": "Rain_0010" },
					{ "time": 9.3333, "name": "Rain_0001" },
					{ "time": 9.3666, "name": "Rain_0002" },
					{ "time": 9.4, "name": "Rain_0003" },
					{ "time": 9.4333, "name": "Rain_0004" },
					{ "time": 9.4666, "name": "Rain_0005" },
					{ "time": 9.5, "name": "Rain_0006" },
					{ "time": 9.5333, "name": "Rain_0007" },
					{ "time": 9.5666, "name": "Rain_0008" },
					{ "time": 9.6, "name": "Rain_0009" },
					{ "time": 9.6333, "name": "Rain_0010" },
					{ "time": 9.6666, "name": "Rain_0001" },
					{ "time": 9.7, "name": "Rain_0002" },
					{ "time": 9.7333, "name": "Rain_0003" },
					{ "time": 9.7666, "name": "Rain_0004" },
					{ "time": 9.8, "name": "Rain_0005" },
					{ "time": 9.8333, "name": "Rain_0006" },
					{ "time": 9.8666, "name": "Rain_0007" },
					{ "time": 9.9, "name": "Rain_0008" },
					{ "time": 9.9333, "name": "Rain_0009" },
					{ "time": 9.9666, "name": "Rain_0010" },
					{ "time": 10, "name": "Rain_0001" },
					{ "time": 10.0333, "name": "Rain_0002" },
					{ "time": 10.0666, "name": "Rain_0003" },
					{ "time": 10.1, "name": "Rain_0004" },
					{ "time": 10.1333, "name": "Rain_0005" },
					{ "time": 10.1666, "name": "Rain_0006" },
					{ "time": 10.2, "name": "Rain_0007" },
					{ "time": 10.2333, "name": "Rain_0008" },
					{ "time": 10.2666, "name": "Rain_0009" },
					{ "time": 10.3, "name": "Rain_0010" },
					{ "time": 10.3333, "name": "Rain_0001" },
					{ "time": 10.3666, "name": "Rain_0002" },
					{ "time": 10.4, "name": "Rain_0003" },
					{ "time": 10.4333, "name": "Rain_0004" },
					{ "time": 10.4666, "name": "Rain_0005" },
					{ "time": 10.5, "name": "Rain_0006" },
					{ "time": 10.5333, "name": "Rain_0007" },
					{ "time": 10.5666, "name": "Rain_0008" },
					{ "time": 10.6, "name": "Rain_0009" },
					{ "time": 10.6333, "name": "Rain_0010" },
					{ "time": 10.6666, "name": "Rain_0001" },
					{ "time": 10.7, "name": "Rain_0002" },
					{ "time": 10.7333, "name": "Rain_0003" },
					{ "time": 10.7666, "name": "Rain_0004" },
					{ "time": 10.8, "name": "Rain_0005" },
					{ "time": 10.8333, "name": "Rain_0006" },
					{ "time": 10.8666, "name": "Rain_0007" },
					{ "time": 10.9, "name": "Rain_0008" },
					{ "time": 10.9333, "name": "Rain_0009" },
					{ "time": 10.9666, "name": "Rain_0010" },
					{ "time": 11, "name": "Rain_0001" },
					{ "time": 11.0333, "name": "Rain_0002" },
					{ "time": 11.0666, "name": "Rain_0003" },
					{ "time": 11.1, "name": "Rain_0004" },
					{ "time": 11.1333, "name": "Rain_0005" },
					{ "time": 11.1666, "name": "Rain_0006" },
					{ "time": 11.2, "name": "Rain_0007" },
					{ "time": 11.2333, "name": "Rain_0008" },
					{ "time": 11.2666, "name": "Rain_0009" },
					{ "time": 11.3, "name": "Rain_0010" },
					{ "time": 11.3333, "name": "Rain_0001" },
					{ "time": 11.3666, "name": "Rain_0002" },
					{ "time": 11.4, "name": "Rain_0003" },
					{ "time": 11.4333, "name": "Rain_0004" },
					{ "time": 11.4666, "name": "Rain_0005" },
					{ "time": 11.5, "name": "Rain_0006" },
					{ "time": 11.5333, "name": "Rain_0007" },
					{ "time": 11.5666, "name": "Rain_0008" },
					{ "time": 11.6, "name": "Rain_0009" },
					{ "time": 11.6333, "name": "Rain_0010" },
					{ "time": 11.6666, "name": "Rain_0001" },
					{ "time": 11.7, "name": "Rain_0002" },
					{ "time": 11.7333, "name": "Rain_0003" },
					{ "time": 11.7666, "name": "Rain_0004" },
					{ "time": 11.8, "name": "Rain_0005" },
					{ "time": 11.8333, "name": "Rain_0006" },
					{ "time": 11.8666, "name": "Rain_0007" },
					{ "time": 11.9, "name": "Rain_0008" },
					{ "time": 11.9333, "name": "Rain_0009" },
					{ "time": 11.9666, "name": "Rain_0010" },
					{ "time": 12, "name": "Rain_0001" },
					{ "time": 12.0333, "name": "Rain_0002" },
					{ "time": 12.0666, "name": "Rain_0003" },
					{ "time": 12.1, "name": "Rain_0004" },
					{ "time": 12.1333, "name": "Rain_0005" },
					{ "time": 12.1666, "name": "Rain_0006" },
					{ "time": 12.2, "name": "Rain_0007" },
					{ "time": 12.2333, "name": "Rain_0008" },
					{ "time": 12.2666, "name": "Rain_0009" },
					{ "time": 12.3, "name": "Rain_0010" },
					{ "time": 12.3333, "name": "Rain_0001" },
					{ "time": 12.3666, "name": "Rain_0002" },
					{ "time": 12.4, "name": "Rain_0003" },
					{ "time": 12.4333, "name": "Rain_0004" },
					{ "time": 12.4666, "name": "Rain_0005" },
					{ "time": 12.5, "name": "Rain_0006" },
					{ "time": 12.5333, "name": "Rain_0007" },
					{ "time": 12.5666, "name": "Rain_0008" },
					{ "time": 12.6, "name": "Rain_0009" },
					{ "time": 12.6333, "name": "Rain_0010" },
					{ "time": 12.6666, "name": "Rain_0001" },
					{ "time": 12.7, "name": "Rain_0002" },
					{ "time": 12.7333, "name": "Rain_0003" },
					{ "time": 12.7666, "name": "Rain_0004" },
					{ "time": 12.8, "name": "Rain_0005" },
					{ "time": 12.8333, "name": "Rain_0006" },
					{ "time": 12.8666, "name": "Rain_0007" },
					{ "time": 12.9, "name": "Rain_0008" },
					{ "time": 12.9333, "name": "Rain_0009" },
					{ "time": 12.9666, "name": "Rain_0010" },
					{ "time": 13, "name": "Rain_0001" },
					{ "time": 13.0333, "name": "Rain_0002" },
					{ "time": 13.0666, "name": "Rain_0003" },
					{ "time": 13.1, "name": "Rain_0004" },
					{ "time": 13.1333, "name": "Rain_0005" },
					{ "time": 13.1666, "name": "Rain_0006" },
					{ "time": 13.2, "name": "Rain_0007" },
					{ "time": 13.2333, "name": "Rain_0008" },
					{ "time": 13.2666, "name": "Rain_0009" },
					{ "time": 13.3, "name": "Rain_0010" },
					{ "time": 13.3333, "name": "Rain_0001" },
					{ "time": 13.3666, "name": "Rain_0002" },
					{ "time": 13.4, "name": "Rain_0003" },
					{ "time": 13.4333, "name": "Rain_0004" },
					{ "time": 13.4666, "name": "Rain_0005" },
					{ "time": 13.5, "name": "Rain_0006" },
					{ "time": 13.5333, "name": "Rain_0007" },
					{ "time": 13.5666, "name": "Rain_0008" },
					{ "time": 13.6, "name": "Rain_0009" },
					{ "time": 13.6333, "name": "Rain_0010" },
					{ "time": 13.6666, "name": "Rain_0001" },
					{ "time": 13.7, "name": "Rain_0002" },
					{ "time": 13.7333, "name": "Rain_0003" },
					{ "time": 13.7666, "name": "Rain_0004" },
					{ "time": 13.8, "name": "Rain_0005" },
					{ "time": 13.8333, "name": "Rain_0006" },
					{ "time": 13.8666, "name": "Rain_0007" },
					{ "time": 13.9, "name": "Rain_0008" },
					{ "time": 13.9333, "name": "Rain_0009" },
					{ "time": 13.9666, "name": "Rain_0010" },
					{ "time": 14, "name": "Rain_0001" },
					{ "time": 14.0333, "name": "Rain_0002" },
					{ "time": 14.0666, "name": "Rain_0003" },
					{ "time": 14.1, "name": "Rain_0004" },
					{ "time": 14.1333, "name": "Rain_0005" },
					{ "time": 14.1666, "name": "Rain_0006" },
					{ "time": 14.2, "name": "Rain_0007" },
					{ "time": 14.2333, "name": "Rain_0008" },
					{ "time": 14.2666, "name": "Rain_0009" },
					{ "time": 14.3, "name": "Rain_0010" },
					{ "time": 14.3333, "name": "Rain_0001" },
					{ "time": 14.3666, "name": "Rain_0002" },
					{ "time": 14.4, "name": "Rain_0003" },
					{ "time": 14.4333, "name": "Rain_0004" },
					{ "time": 14.4666, "name": "Rain_0005" },
					{ "time": 14.5, "name": "Rain_0006" },
					{ "time": 14.5333, "name": "Rain_0007" },
					{ "time": 14.5666, "name": "Rain_0008" },
					{ "time": 14.6, "name": "Rain_0009" },
					{ "time": 14.6333, "name": "Rain_0010" },
					{ "time": 14.6666, "name": "Rain_0001" },
					{ "time": 14.7, "name": "Rain_0002" },
					{ "time": 14.7333, "name": "Rain_0003" },
					{ "time": 14.7666, "name": "Rain_0004" },
					{ "time": 14.8, "name": "Rain_0005" },
					{ "time": 14.8333, "name": "Rain_0006" },
					{ "time": 14.8666, "name": "Rain_0007" },
					{ "time": 14.9, "name": "Rain_0008" },
					{ "time": 14.9333, "name": "Rain_0009" },
					{ "time": 14.9666, "name": "Rain_0010" },
					{ "time": 15, "name": "Rain_0001" },
					{ "time": 15.0333, "name": "Rain_0002" },
					{ "time": 15.0666, "name": "Rain_0003" },
					{ "time": 15.1, "name": "Rain_0004" },
					{ "time": 15.1333, "name": "Rain_0005" },
					{ "time": 15.1666, "name": "Rain_0006" },
					{ "time": 15.2, "name": "Rain_0007" },
					{ "time": 15.2333, "name": "Rain_0008" },
					{ "time": 15.2666, "name": "Rain_0009" },
					{ "time": 15.3, "name": "Rain_0010" },
					{ "time": 15.3333, "name": "Rain_0001" },
					{ "time": 15.3666, "name": "Rain_0002" },
					{ "time": 15.4, "name": "Rain_0003" },
					{ "time": 15.4333, "name": "Rain_0004" },
					{ "time": 15.4666, "name": "Rain_0005" },
					{ "time": 15.5, "name": "Rain_0006" },
					{ "time": 15.5333, "name": "Rain_0007" },
					{ "time": 15.5666, "name": "Rain_0008" },
					{ "time": 15.6, "name": "Rain_0009" },
					{ "time": 15.6333, "name": "Rain_0010" },
					{ "time": 15.6666, "name": "Rain_0001" },
					{ "time": 15.7, "name": "Rain_0002" },
					{ "time": 15.7333, "name": "Rain_0003" },
					{ "time": 15.7666, "name": "Rain_0004" },
					{ "time": 15.8, "name": "Rain_0005" },
					{ "time": 15.8333, "name": "Rain_0006" },
					{ "time": 15.8666, "name": "Rain_0007" },
					{ "time": 15.9, "name": "Rain_0008" },
					{ "time": 15.9333, "name": "Rain_0009" },
					{ "time": 15.9666, "name": "Rain_0010" },
					{ "time": 16, "name": "Rain_0001" },
					{ "time": 16.0333, "name": "Rain_0002" },
					{ "time": 16.0666, "name": "Rain_0003" },
					{ "time": 16.1, "name": "Rain_0004" },
					{ "time": 16.1333, "name": "Rain_0005" },
					{ "time": 16.1666, "name": "Rain_0006" },
					{ "time": 16.2, "name": "Rain_0007" },
					{ "time": 16.2333, "name": "Rain_0008" },
					{ "time": 16.2666, "name": "Rain_0009" },
					{ "time": 16.3, "name": "Rain_0010" },
					{ "time": 16.3333, "name": "Rain_0001" },
					{ "time": 16.3666, "name": "Rain_0002" },
					{ "time": 16.4, "name": "Rain_0003" },
					{ "time": 16.4333, "name": "Rain_0004" },
					{ "time": 16.4666, "name": "Rain_0005" },
					{ "time": 16.5, "name": "Rain_0006" },
					{ "time": 16.5333, "name": "Rain_0007" },
					{ "time": 16.5666, "name": "Rain_0008" },
					{ "time": 16.6, "name": "Rain_0009" },
					{ "time": 16.6333, "name": "Rain_0010" },
					{ "time": 16.6666, "name": "Rain_0001" },
					{ "time": 16.7, "name": "Rain_0002" },
					{ "time": 16.7333, "name": "Rain_0003" },
					{ "time": 16.7666, "name": "Rain_0004" },
					{ "time": 16.8, "name": "Rain_0005" },
					{ "time": 16.8333, "name": "Rain_0006" },
					{ "time": 16.8666, "name": "Rain_0007" },
					{ "time": 16.9, "name": "Rain_0008" },
					{ "time": 16.9333, "name": "Rain_0009" },
					{ "time": 16.9666, "name": "Rain_0010" },
					{ "time": 17, "name": "Rain_0001" },
					{ "time": 17.0333, "name": "Rain_0002" },
					{ "time": 17.0666, "name": "Rain_0003" },
					{ "time": 17.1, "name": "Rain_0004" },
					{ "time": 17.1333, "name": "Rain_0005" },
					{ "time": 17.1666, "name": "Rain_0006" },
					{ "time": 17.2, "name": "Rain_0007" },
					{ "time": 17.2333, "name": "Rain_0008" },
					{ "time": 17.2666, "name": "Rain_0009" },
					{ "time": 17.3, "name": "Rain_0010" },
					{ "time": 17.3333, "name": "Rain_0001" },
					{ "time": 17.3666, "name": "Rain_0002" },
					{ "time": 17.4, "name": "Rain_0003" },
					{ "time": 17.4333, "name": "Rain_0004" },
					{ "time": 17.4666, "name": "Rain_0005" },
					{ "time": 17.5, "name": "Rain_0006" },
					{ "time": 17.5333, "name": "Rain_0007" },
					{ "time": 17.5666, "name": "Rain_0008" },
					{ "time": 17.6, "name": "Rain_0009" },
					{ "time": 17.6333, "name": "Rain_0010" },
					{ "time": 17.6666, "name": "Rain_0001" },
					{ "time": 17.7, "name": "Rain_0002" },
					{ "time": 17.7333, "name": "Rain_0003" },
					{ "time": 17.7666, "name": "Rain_0004" },
					{ "time": 17.8, "name": "Rain_0005" },
					{ "time": 17.8333, "name": "Rain_0006" },
					{ "time": 17.8666, "name": "Rain_0007" },
					{ "time": 17.9, "name": "Rain_0008" },
					{ "time": 17.9333, "name": "Rain_0009" },
					{ "time": 17.9666, "name": "Rain_0010" },
					{ "time": 18, "name": "Rain_0001" },
					{ "time": 18.0333, "name": "Rain_0002" },
					{ "time": 18.0666, "name": "Rain_0003" },
					{ "time": 18.1, "name": "Rain_0004" },
					{ "time": 18.1333, "name": "Rain_0005" },
					{ "time": 18.1666, "name": "Rain_0006" },
					{ "time": 18.2, "name": "Rain_0007" },
					{ "time": 18.2333, "name": "Rain_0008" },
					{ "time": 18.2666, "name": "Rain_0009" },
					{ "time": 18.3, "name": "Rain_0010" },
					{ "time": 18.3333, "name": "Rain_0001" },
					{ "time": 18.3666, "name": "Rain_0002" },
					{ "time": 18.4, "name": "Rain_0003" },
					{ "time": 18.4333, "name": "Rain_0004" },
					{ "time": 18.4666, "name": "Rain_0005" },
					{ "time": 18.5, "name": "Rain_0006" },
					{ "time": 18.5333, "name": "Rain_0007" },
					{ "time": 18.5666, "name": "Rain_0008" },
					{ "time": 18.6, "name": "Rain_0009" },
					{ "time": 18.6333, "name": "Rain_0010" },
					{ "time": 18.6666, "name": "Rain_0001" },
					{ "time": 18.7, "name": "Rain_0002" },
					{ "time": 18.7333, "name": "Rain_0003" },
					{ "time": 18.7666, "name": "Rain_0004" },
					{ "time": 18.8, "name": "Rain_0005" },
					{ "time": 18.8333, "name": "Rain_0006" },
					{ "time": 18.8666, "name": "Rain_0007" },
					{ "time": 18.9, "name": "Rain_0008" },
					{ "time": 18.9333, "name": "Rain_0009" },
					{ "time": 18.9666, "name": "Rain_0010" },
					{ "time": 19, "name": "Rain_0001" },
					{ "time": 19.0333, "name": "Rain_0002" },
					{ "time": 19.0666, "name": "Rain_0003" },
					{ "time": 19.1, "name": "Rain_0004" },
					{ "time": 19.1333, "name": "Rain_0005" },
					{ "time": 19.1666, "name": "Rain_0006" },
					{ "time": 19.2, "name": "Rain_0007" },
					{ "time": 19.2333, "name": "Rain_0008" },
					{ "time": 19.2666, "name": "Rain_0009" },
					{ "time": 19.3, "name": "Rain_0010" },
					{ "time": 19.3333, "name": "Rain_0001" },
					{ "time": 19.3666, "name": "Rain_0002" },
					{ "time": 19.4, "name": "Rain_0003" },
					{ "time": 19.4333, "name": "Rain_0004" },
					{ "time": 19.4666, "name": "Rain_0005" },
					{ "time": 19.5, "name": "Rain_0006" },
					{ "time": 19.5333, "name": "Rain_0007" },
					{ "time": 19.5666, "name": "Rain_0008" },
					{ "time": 19.6, "name": "Rain_0009" },
					{ "time": 19.6333, "name": "Rain_0010" },
					{ "time": 19.6666, "name": "Rain_0001" },
					{ "time": 19.7, "name": "Rain_0002" },
					{ "time": 19.7333, "name": "Rain_0003" },
					{ "time": 19.7666, "name": "Rain_0004" },
					{ "time": 19.8, "name": "Rain_0005" },
					{ "time": 19.8333, "name": "Rain_0006" },
					{ "time": 19.8666, "name": "Rain_0007" },
					{ "time": 19.9, "name": "Rain_0008" },
					{ "time": 19.9333, "name": "Rain_0009" },
					{ "time": 19.9666, "name": "Rain_0010" },
					{ "time": 20, "name": "Rain_0001" },
					{ "time": 20.0333, "name": "Rain_0002" },
					{ "time": 20.0666, "name": "Rain_0003" },
					{ "time": 20.1, "name": "Rain_0004" },
					{ "time": 20.1333, "name": "Rain_0005" },
					{ "time": 20.1666, "name": "Rain_0006" },
					{ "time": 20.2, "name": "Rain_0007" },
					{ "time": 20.2333, "name": "Rain_0008" },
					{ "time": 20.2666, "name": "Rain_0009" },
					{ "time": 20.3, "name": "Rain_0010" },
					{ "time": 20.3333, "name": "Rain_0001" },
					{ "time": 20.3666, "name": "Rain_0002" },
					{ "time": 20.4, "name": "Rain_0003" },
					{ "time": 20.4333, "name": "Rain_0004" },
					{ "time": 20.4666, "name": "Rain_0005" },
					{ "time": 20.5, "name": "Rain_0006" },
					{ "time": 20.5333, "name": "Rain_0007" },
					{ "time": 20.5666, "name": "Rain_0008" },
					{ "time": 20.6, "name": "Rain_0009" },
					{ "time": 20.6333, "name": "Rain_0010" },
					{ "time": 20.6666, "name": "Rain_0001" },
					{ "time": 20.7, "name": "Rain_0002" },
					{ "time": 20.7333, "name": "Rain_0003" },
					{ "time": 20.7666, "name": "Rain_0004" },
					{ "time": 20.8, "name": "Rain_0005" },
					{ "time": 20.8333, "name": "Rain_0006" },
					{ "time": 20.8666, "name": "Rain_0007" },
					{ "time": 20.9, "name": "Rain_0008" },
					{ "time": 20.9333, "name": "Rain_0009" },
					{ "time": 20.9666, "name": "Rain_0010" },
					{ "time": 21, "name": "Rain_0001" },
					{ "time": 21.0333, "name": "Rain_0002" },
					{ "time": 21.0666, "name": "Rain_0003" },
					{ "time": 21.1, "name": "Rain_0004" },
					{ "time": 21.1333, "name": "Rain_0005" },
					{ "time": 21.1666, "name": "Rain_0006" },
					{ "time": 21.2, "name": "Rain_0007" },
					{ "time": 21.2333, "name": "Rain_0008" },
					{ "time": 21.2666, "name": "Rain_0009" },
					{ "time": 21.3, "name": "Rain_0010" },
					{ "time": 21.3333, "name": "Rain_0001" },
					{ "time": 21.3666, "name": "Rain_0002" },
					{ "time": 21.4, "name": "Rain_0003" },
					{ "time": 21.4333, "name": "Rain_0004" },
					{ "time": 21.4666, "name": "Rain_0005" },
					{ "time": 21.5, "name": "Rain_0006" },
					{ "time": 21.5333, "name": "Rain_0007" },
					{ "time": 21.5666, "name": "Rain_0008" },
					{ "time": 21.6, "name": "Rain_0009" },
					{ "time": 21.6333, "name": "Rain_0010" },
					{ "time": 21.6666, "name": "Rain_0001" },
					{ "time": 21.7, "name": "Rain_0002" },
					{ "time": 21.7333, "name": "Rain_0003" },
					{ "time": 21.7666, "name": "Rain_0004" },
					{ "time": 21.8, "name": "Rain_0005" },
					{ "time": 21.8333, "name": "Rain_0006" },
					{ "time": 21.8666, "name": "Rain_0007" },
					{ "time": 21.9, "name": "Rain_0008" },
					{ "time": 21.9333, "name": "Rain_0009" },
					{ "time": 21.9666, "name": "Rain_0010" },
					{ "time": 22, "name": "Rain_0001" },
					{ "time": 22.0333, "name": "Rain_0002" },
					{ "time": 22.0666, "name": "Rain_0003" },
					{ "time": 22.1, "name": "Rain_0004" },
					{ "time": 22.1333, "name": "Rain_0005" },
					{ "time": 22.1666, "name": "Rain_0006" },
					{ "time": 22.2, "name": "Rain_0007" },
					{ "time": 22.2333, "name": "Rain_0008" },
					{ "time": 22.2666, "name": "Rain_0009" },
					{ "time": 22.3, "name": "Rain_0010" },
					{ "time": 22.3333, "name": "Rain_0001" },
					{ "time": 22.3666, "name": "Rain_0002" },
					{ "time": 22.4, "name": "Rain_0003" },
					{ "time": 22.4333, "name": "Rain_0004" },
					{ "time": 22.4666, "name": "Rain_0005" },
					{ "time": 22.5, "name": "Rain_0006" },
					{ "time": 22.5333, "name": "Rain_0007" },
					{ "time": 22.5666, "name": "Rain_0008" },
					{ "time": 22.6, "name": "Rain_0009" },
					{ "time": 22.6333, "name": "Rain_0010" },
					{ "time": 22.6666, "name": "Rain_0001" },
					{ "time": 22.7, "name": "Rain_0002" },
					{ "time": 22.7333, "name": "Rain_0003" },
					{ "time": 22.7666, "name": "Rain_0004" },
					{ "time": 22.8, "name": "Rain_0005" },
					{ "time": 22.8333, "name": "Rain_0006" },
					{ "time": 22.8666, "name": "Rain_0007" },
					{ "time": 22.9, "name": "Rain_0008" },
					{ "time": 22.9333, "name": "Rain_0009" },
					{ "time": 22.9666, "name": "Rain_0010" },
					{ "time": 23, "name": "Rain_0001" },
					{ "time": 23.0333, "name": "Rain_0002" },
					{ "time": 23.0666, "name": "Rain_0003" },
					{ "time": 23.1, "name": "Rain_0004" },
					{ "time": 23.1333, "name": "Rain_0005" },
					{ "time": 23.1666, "name": "Rain_0006" },
					{ "time": 23.2, "name": "Rain_0007" },
					{ "time": 23.2333, "name": "Rain_0008" },
					{ "time": 23.2666, "name": "Rain_0009" },
					{ "time": 23.3, "name": "Rain_0010" },
					{ "time": 23.3333, "name": "Rain_0001" },
					{ "time": 23.3666, "name": "Rain_0002" },
					{ "time": 23.4, "name": "Rain_0003" },
					{ "time": 23.4333, "name": "Rain_0004" },
					{ "time": 23.4666, "name": "Rain_0005" },
					{ "time": 23.5, "name": "Rain_0006" },
					{ "time": 23.5333, "name": "Rain_0007" },
					{ "time": 23.5666, "name": "Rain_0008" },
					{ "time": 23.6, "name": "Rain_0009" },
					{ "time": 23.6333, "name": "Rain_0010" },
					{ "time": 23.6666, "name": "Rain_0001" },
					{ "time": 23.7, "name": "Rain_0002" },
					{ "time": 23.7333, "name": "Rain_0003" },
					{ "time": 23.7666, "name": "Rain_0004" },
					{ "time": 23.8, "name": "Rain_0005" },
					{ "time": 23.8333, "name": "Rain_0006" },
					{ "time": 23.8666, "name": "Rain_0007" },
					{ "time": 23.9, "name": "Rain_0008" },
					{ "time": 23.9333, "name": "Rain_0009" },
					{ "time": 23.9666, "name": "Rain_0010" },
					{ "time": 24, "name": "Rain_0001" },
					{ "time": 24.0333, "name": "Rain_0002" },
					{ "time": 24.0666, "name": "Rain_0003" },
					{ "time": 24.1, "name": "Rain_0004" },
					{ "time": 24.1333, "name": "Rain_0005" },
					{ "time": 24.1666, "name": "Rain_0006" },
					{ "time": 24.2, "name": "Rain_0007" },
					{ "time": 24.2333, "name": "Rain_0008" },
					{ "time": 24.2666, "name": "Rain_0009" },
					{ "time": 24.3, "name": "Rain_0010" },
					{ "time": 24.3333, "name": "Rain_0001" },
					{ "time": 24.3666, "name": "Rain_0002" },
					{ "time": 24.4, "name": "Rain_0003" },
					{ "time": 24.4333, "name": "Rain_0004" },
					{ "time": 24.4666, "name": "Rain_0005" },
					{ "time": 24.5, "name": "Rain_0006" },
					{ "time": 24.5333, "name": "Rain_0007" },
					{ "time": 24.5666, "name": "Rain_0008" },
					{ "time": 24.6, "name": "Rain_0009" },
					{ "time": 24.6333, "name": "Rain_0010" },
					{ "time": 24.6666, "name": "Rain_0001" },
					{ "time": 24.7, "name": "Rain_0002" },
					{ "time": 24.7333, "name": "Rain_0003" },
					{ "time": 24.7666, "name": "Rain_0004" },
					{ "time": 24.8, "name": "Rain_0005" },
					{ "time": 24.8333, "name": "Rain_0006" },
					{ "time": 24.8666, "name": "Rain_0007" },
					{ "time": 24.9, "name": "Rain_0008" },
					{ "time": 24.9333, "name": "Rain_0009" },
					{ "time": 24.9666, "name": "Rain_0010" },
					{ "time": 25, "name": "Rain_0001" },
					{ "time": 25.0333, "name": "Rain_0002" },
					{ "time": 25.0666, "name": "Rain_0003" },
					{ "time": 25.1, "name": "Rain_0004" },
					{ "time": 25.1333, "name": "Rain_0005" },
					{ "time": 25.1666, "name": "Rain_0006" },
					{ "time": 25.2, "name": "Rain_0007" },
					{ "time": 25.2333, "name": "Rain_0008" },
					{ "time": 25.2666, "name": "Rain_0009" },
					{ "time": 25.3, "name": "Rain_0010" },
					{ "time": 25.3333, "name": "Rain_0001" },
					{ "time": 25.3666, "name": "Rain_0002" },
					{ "time": 25.4, "name": "Rain_0003" },
					{ "time": 25.4333, "name": "Rain_0004" },
					{ "time": 25.4666, "name": "Rain_0005" },
					{ "time": 25.5, "name": "Rain_0006" },
					{ "time": 25.5333, "name": "Rain_0007" },
					{ "time": 25.5666, "name": "Rain_0008" },
					{ "time": 25.6, "name": "Rain_0009" },
					{ "time": 25.6333, "name": "Rain_0010" },
					{ "time": 25.6666, "name": "Rain_0001" },
					{ "time": 25.7, "name": "Rain_0002" },
					{ "time": 25.7333, "name": "Rain_0003" },
					{ "time": 25.7666, "name": "Rain_0004" },
					{ "time": 25.8, "name": "Rain_0005" },
					{ "time": 25.8333, "name": "Rain_0006" },
					{ "time": 25.8666, "name": "Rain_0007" },
					{ "time": 25.9, "name": "Rain_0008" },
					{ "time": 25.9333, "name": "Rain_0009" },
					{ "time": 25.9666, "name": "Rain_0010" },
					{ "time": 26, "name": "Rain_0001" },
					{ "time": 26.0333, "name": "Rain_0002" },
					{ "time": 26.0666, "name": "Rain_0003" },
					{ "time": 26.1, "name": "Rain_0004" },
					{ "time": 26.1333, "name": "Rain_0005" },
					{ "time": 26.1666, "name": "Rain_0006" },
					{ "time": 26.2, "name": "Rain_0007" },
					{ "time": 26.2333, "name": "Rain_0008" },
					{ "time": 26.2666, "name": "Rain_0009" },
					{ "time": 26.3, "name": "Rain_0010" },
					{ "time": 26.3333, "name": "Rain_0001" },
					{ "time": 26.3666, "name": "Rain_0002" },
					{ "time": 26.4, "name": "Rain_0003" },
					{ "time": 26.4333, "name": "Rain_0004" },
					{ "time": 26.4666, "name": "Rain_0005" },
					{ "time": 26.5, "name": "Rain_0006" },
					{ "time": 26.5333, "name": "Rain_0007" },
					{ "time": 26.5666, "name": "Rain_0008" },
					{ "time": 26.6, "name": "Rain_0009" },
					{ "time": 26.6333, "name": "Rain_0010" },
					{ "time": 26.6666, "name": "Rain_0001" },
					{ "time": 26.7, "name": "Rain_0002" },
					{ "time": 26.7333, "name": "Rain_0003" },
					{ "time": 26.7666, "name": "Rain_0004" },
					{ "time": 26.8, "name": "Rain_0005" },
					{ "time": 26.8333, "name": "Rain_0006" },
					{ "time": 26.8666, "name": "Rain_0007" },
					{ "time": 26.9, "name": "Rain_0008" },
					{ "time": 26.9333, "name": "Rain_0009" },
					{ "time": 26.9666, "name": "Rain_0010" },
					{ "time": 27, "name": "Rain_0001" },
					{ "time": 27.0333, "name": "Rain_0002" },
					{ "time": 27.0666, "name": "Rain_0003" },
					{ "time": 27.1, "name": "Rain_0004" },
					{ "time": 27.1333, "name": "Rain_0005" },
					{ "time": 27.1666, "name": "Rain_0006" },
					{ "time": 27.2, "name": "Rain_0007" },
					{ "time": 27.2333, "name": "Rain_0008" },
					{ "time": 27.2666, "name": "Rain_0009" },
					{ "time": 27.3, "name": "Rain_0010" },
					{ "time": 27.3333, "name": "Rain_0001" },
					{ "time": 27.3666, "name": "Rain_0002" },
					{ "time": 27.4, "name": "Rain_0003" },
					{ "time": 27.4333, "name": "Rain_0004" },
					{ "time": 27.4666, "name": "Rain_0005" },
					{ "time": 27.5, "name": "Rain_0006" },
					{ "time": 27.5333, "name": "Rain_0007" },
					{ "time": 27.5666, "name": "Rain_0008" },
					{ "time": 27.6, "name": "Rain_0009" },
					{ "time": 27.6333, "name": "Rain_0010" },
					{ "time": 27.6666, "name": "Rain_0001" },
					{ "time": 27.7, "name": "Rain_0002" },
					{ "time": 27.7333, "name": "Rain_0003" },
					{ "time": 27.7666, "name": "Rain_0004" },
					{ "time": 27.8, "name": "Rain_0005" },
					{ "time": 27.8333, "name": "Rain_0006" },
					{ "time": 27.8666, "name": "Rain_0007" },
					{ "time": 27.9, "name": "Rain_0008" },
					{ "time": 27.9333, "name": "Rain_0009" },
					{ "time": 27.9666, "name": "Rain_0010" },
					{ "time": 28, "name": "Rain_0001" },
					{ "time": 28.0333, "name": "Rain_0002" },
					{ "time": 28.0666, "name": "Rain_0003" },
					{ "time": 28.1, "name": "Rain_0004" },
					{ "time": 28.1333, "name": "Rain_0005" },
					{ "time": 28.1666, "name": "Rain_0006" },
					{ "time": 28.2, "name": "Rain_0007" },
					{ "time": 28.2333, "name": "Rain_0008" },
					{ "time": 28.2666, "name": "Rain_0009" },
					{ "time": 28.3, "name": "Rain_0010" },
					{ "time": 28.3333, "name": "Rain_0001" },
					{ "time": 28.3666, "name": "Rain_0002" },
					{ "time": 28.4, "name": "Rain_0003" },
					{ "time": 28.4333, "name": "Rain_0004" },
					{ "time": 28.4666, "name": "Rain_0005" },
					{ "time": 28.5, "name": "Rain_0006" },
					{ "time": 28.5333, "name": "Rain_0007" },
					{ "time": 28.5666, "name": "Rain_0008" },
					{ "time": 28.6, "name": "Rain_0009" },
					{ "time": 28.6333, "name": "Rain_0010" },
					{ "time": 28.6666, "name": "Rain_0001" },
					{ "time": 28.7, "name": "Rain_0002" },
					{ "time": 28.7333, "name": "Rain_0003" },
					{ "time": 28.7666, "name": "Rain_0004" },
					{ "time": 28.8, "name": "Rain_0005" },
					{ "time": 28.8333, "name": "Rain_0006" },
					{ "time": 28.8666, "name": "Rain_0007" },
					{ "time": 28.9, "name": "Rain_0008" },
					{ "time": 28.9333, "name": "Rain_0009" },
					{ "time": 28.9666, "name": "Rain_0010" },
					{ "time": 29, "name": "Rain_0001" },
					{ "time": 29.0333, "name": "Rain_0002" },
					{ "time": 29.0666, "name": "Rain_0003" },
					{ "time": 29.1, "name": "Rain_0004" },
					{ "time": 29.1333, "name": "Rain_0005" },
					{ "time": 29.1666, "name": "Rain_0006" },
					{ "time": 29.2, "name": "Rain_0007" },
					{ "time": 29.2333, "name": "Rain_0008" },
					{ "time": 29.2666, "name": "Rain_0009" },
					{ "time": 29.3, "name": "Rain_0010" },
					{ "time": 29.3333, "name": "Rain_0001" },
					{ "time": 29.3666, "name": "Rain_0002" },
					{ "time": 29.4, "name": "Rain_0003" },
					{ "time": 29.4333, "name": "Rain_0004" },
					{ "time": 29.4666, "name": "Rain_0005" },
					{ "time": 29.5, "name": "Rain_0006" },
					{ "time": 29.5333, "name": "Rain_0007" },
					{ "time": 29.5666, "name": "Rain_0008" },
					{ "time": 29.6, "name": "Rain_0009" },
					{ "time": 29.6333, "name": "Rain_0010" },
					{ "time": 29.6666, "name": "Rain_0001" },
					{ "time": 29.7, "name": "Rain_0002" },
					{ "time": 29.7333, "name": "Rain_0003" },
					{ "time": 29.7666, "name": "Rain_0004" },
					{ "time": 29.8, "name": "Rain_0005" },
					{ "time": 29.8333, "name": "Rain_0006" },
					{ "time": 29.8666, "name": "Rain_0007" },
					{ "time": 29.9, "name": "Rain_0008" },
					{ "time": 29.9333, "name": "Rain_0009" },
					{ "time": 29.9666, "name": "Rain_0010" },
					{ "time": 30, "name": "Rain_0001" },
					{ "time": 30.0333, "name": "Rain_0002" },
					{ "time": 30.0666, "name": "Rain_0003" },
					{ "time": 30.1, "name": "Rain_0004" },
					{ "time": 30.1333, "name": "Rain_0005" },
					{ "time": 30.1666, "name": "Rain_0006" },
					{ "time": 30.2, "name": "Rain_0007" },
					{ "time": 30.2333, "name": "Rain_0008" },
					{ "time": 30.2666, "name": "Rain_0009" },
					{ "time": 30.3, "name": "Rain_0010" },
					{ "time": 30.3333, "name": "Rain_0001" },
					{ "time": 30.3666, "name": "Rain_0002" },
					{ "time": 30.4, "name": "Rain_0003" },
					{ "time": 30.4333, "name": "Rain_0004" },
					{ "time": 30.4666, "name": "Rain_0005" },
					{ "time": 30.5, "name": "Rain_0006" },
					{ "time": 30.5333, "name": "Rain_0007" },
					{ "time": 30.5666, "name": "Rain_0008" },
					{ "time": 30.6, "name": "Rain_0009" },
					{ "time": 30.6333, "name": "Rain_0010" },
					{ "time": 30.6666, "name": "Rain_0001" },
					{ "time": 30.7, "name": "Rain_0002" },
					{ "time": 30.7333, "name": "Rain_0003" },
					{ "time": 30.7666, "name": "Rain_0004" },
					{ "time": 30.8, "name": "Rain_0005" },
					{ "time": 30.8333, "name": "Rain_0006" },
					{ "time": 30.8666, "name": "Rain_0007" },
					{ "time": 30.9, "name": "Rain_0008" },
					{ "time": 30.9333, "name": "Rain_0009" },
					{ "time": 30.9666, "name": "Rain_0010" },
					{ "time": 31, "name": "Rain_0001" },
					{ "time": 31.0333, "name": "Rain_0002" },
					{ "time": 31.0666, "name": "Rain_0003" },
					{ "time": 31.1, "name": "Rain_0004" },
					{ "time": 31.1333, "name": "Rain_0005" },
					{ "time": 31.1666, "name": "Rain_0006" },
					{ "time": 31.2, "name": "Rain_0007" },
					{ "time": 31.2333, "name": "Rain_0008" },
					{ "time": 31.2666, "name": "Rain_0009" },
					{ "time": 31.3, "name": "Rain_0010" },
					{ "time": 31.3333, "name": "Rain_0001" },
					{ "time": 31.3666, "name": "Rain_0002" },
					{ "time": 31.4, "name": "Rain_0003" },
					{ "time": 31.4333, "name": "Rain_0004" },
					{ "time": 31.4666, "name": "Rain_0005" },
					{ "time": 31.5, "name": "Rain_0006" },
					{ "time": 31.5333, "name": "Rain_0007" },
					{ "time": 31.5666, "name": "Rain_0008" },
					{ "time": 31.6, "name": "Rain_0009" },
					{ "time": 31.6333, "name": "Rain_0010" },
					{ "time": 31.6666, "name": "Rain_0001" },
					{ "time": 31.7, "name": "Rain_0002" },
					{ "time": 31.7333, "name": "Rain_0003" },
					{ "time": 31.7666, "name": "Rain_0004" },
					{ "time": 31.8, "name": "Rain_0005" },
					{ "time": 31.8333, "name": "Rain_0006" },
					{ "time": 31.8666, "name": "Rain_0007" },
					{ "time": 31.9, "name": "Rain_0008" },
					{ "time": 31.9333, "name": "Rain_0009" },
					{ "time": 31.9666, "name": "Rain_0010" },
					{ "time": 32, "name": "Rain_0001" },
					{ "time": 32.0333, "name": "Rain_0002" },
					{ "time": 32.0666, "name": "Rain_0003" },
					{ "time": 32.1, "name": "Rain_0004" },
					{ "time": 32.1333, "name": "Rain_0005" },
					{ "time": 32.1666, "name": "Rain_0006" },
					{ "time": 32.2, "name": "Rain_0007" },
					{ "time": 32.2333, "name": "Rain_0008" },
					{ "time": 32.2666, "name": "Rain_0009" },
					{ "time": 32.3, "name": "Rain_0010" },
					{ "time": 32.3333, "name": "Rain_0001" },
					{ "time": 32.3666, "name": "Rain_0002" },
					{ "time": 32.4, "name": "Rain_0003" },
					{ "time": 32.4333, "name": "Rain_0004" },
					{ "time": 32.4666, "name": "Rain_0005" },
					{ "time": 32.5, "name": "Rain_0006" },
					{ "time": 32.5333, "name": "Rain_0007" },
					{ "time": 32.5666, "name": "Rain_0008" },
					{ "time": 32.6, "name": "Rain_0009" },
					{ "time": 32.6333, "name": "Rain_0010" },
					{ "time": 32.6666, "name": "Rain_0001" },
					{ "time": 32.7, "name": "Rain_0002" },
					{ "time": 32.7333, "name": "Rain_0003" },
					{ "time": 32.7666, "name": "Rain_0004" },
					{ "time": 32.8, "name": "Rain_0005" },
					{ "time": 32.8333, "name": "Rain_0006" },
					{ "time": 32.8666, "name": "Rain_0007" },
					{ "time": 32.9, "name": "Rain_0008" },
					{ "time": 32.9333, "name": "Rain_0009" },
					{ "time": 32.9666, "name": "Rain_0010" },
					{ "time": 33, "name": "Rain_0001" },
					{ "time": 33.0333, "name": "Rain_0002" },
					{ "time": 33.0666, "name": "Rain_0003" },
					{ "time": 33.1, "name": "Rain_0004" },
					{ "time": 33.1333, "name": "Rain_0005" },
					{ "time": 33.1666, "name": "Rain_0006" },
					{ "time": 33.2, "name": "Rain_0007" },
					{ "time": 33.2333, "name": "Rain_0008" },
					{ "time": 33.2666, "name": "Rain_0009" },
					{ "time": 33.3, "name": "Rain_0010" },
					{ "time": 33.3333, "name": "Rain_0001" },
					{ "time": 33.3666, "name": "Rain_0002" },
					{ "time": 33.4, "name": "Rain_0003" },
					{ "time": 33.4333, "name": "Rain_0004" },
					{ "time": 33.4666, "name": "Rain_0005" },
					{ "time": 33.5, "name": "Rain_0006" },
					{ "time": 33.5333, "name": "Rain_0007" },
					{ "time": 33.5666, "name": "Rain_0008" },
					{ "time": 33.6, "name": "Rain_0009" },
					{ "time": 33.6333, "name": "Rain_0010" },
					{ "time": 33.6666, "name": "Rain_0001" },
					{ "time": 33.7, "name": "Rain_0002" },
					{ "time": 33.7333, "name": "Rain_0003" },
					{ "time": 33.7666, "name": "Rain_0004" },
					{ "time": 33.8, "name": "Rain_0005" },
					{ "time": 33.8333, "name": "Rain_0006" },
					{ "time": 33.8666, "name": "Rain_0007" },
					{ "time": 33.9, "name": "Rain_0008" },
					{ "time": 33.9333, "name": "Rain_0009" },
					{ "time": 33.9666, "name": "Rain_0010" },
					{ "time": 34, "name": "Rain_0001" },
					{ "time": 34.0333, "name": "Rain_0002" },
					{ "time": 34.0666, "name": "Rain_0003" },
					{ "time": 34.1, "name": "Rain_0004" },
					{ "time": 34.1333, "name": "Rain_0005" },
					{ "time": 34.1666, "name": "Rain_0006" },
					{ "time": 34.2, "name": "Rain_0007" },
					{ "time": 34.2333, "name": "Rain_0008" },
					{ "time": 34.2666, "name": "Rain_0009" },
					{ "time": 34.3, "name": "Rain_0010" },
					{ "time": 34.3333, "name": "Rain_0001" },
					{ "time": 34.3666, "name": "Rain_0002" },
					{ "time": 34.4, "name": "Rain_0003" },
					{ "time": 34.4333, "name": "Rain_0004" },
					{ "time": 34.4666, "name": "Rain_0005" },
					{ "time": 34.5, "name": "Rain_0006" },
					{ "time": 34.5333, "name": "Rain_0007" },
					{ "time": 34.5666, "name": "Rain_0008" },
					{ "time": 34.6, "name": "Rain_0009" },
					{ "time": 34.6333, "name": "Rain_0010" },
					{ "time": 34.6666, "name": "Rain_0001" },
					{ "time": 34.7, "name": "Rain_0002" },
					{ "time": 34.7333, "name": "Rain_0003" },
					{ "time": 34.7666, "name": "Rain_0004" },
					{ "time": 34.8, "name": "Rain_0005" },
					{ "time": 34.8333, "name": "Rain_0006" },
					{ "time": 34.8666, "name": "Rain_0007" },
					{ "time": 34.9, "name": "Rain_0008" },
					{ "time": 34.9333, "name": "Rain_0009" },
					{ "time": 34.9666, "name": "Rain_0010" },
					{ "time": 35, "name": "Rain_0001" },
					{ "time": 35.0333, "name": "Rain_0002" },
					{ "time": 35.0666, "name": "Rain_0003" },
					{ "time": 35.1, "name": "Rain_0004" },
					{ "time": 35.1333, "name": "Rain_0005" },
					{ "time": 35.1666, "name": "Rain_0006" },
					{ "time": 35.2, "name": "Rain_0007" },
					{ "time": 35.2333, "name": "Rain_0008" },
					{ "time": 35.2666, "name": "Rain_0009" },
					{ "time": 35.3, "name": "Rain_0010" },
					{ "time": 35.3333, "name": "Rain_0001" },
					{ "time": 35.3666, "name": "Rain_0002" },
					{ "time": 35.4, "name": "Rain_0003" },
					{ "time": 35.4333, "name": "Rain_0004" },
					{ "time": 35.4666, "name": "Rain_0005" },
					{ "time": 35.5, "name": "Rain_0006" },
					{ "time": 35.5333, "name": "Rain_0007" },
					{ "time": 35.5666, "name": "Rain_0008" },
					{ "time": 35.6, "name": "Rain_0009" },
					{ "time": 35.6333, "name": "Rain_0010" },
					{ "time": 35.6666, "name": "Rain_0001" },
					{ "time": 35.7, "name": "Rain_0002" },
					{ "time": 35.7333, "name": "Rain_0003" },
					{ "time": 35.7666, "name": "Rain_0004" },
					{ "time": 35.8, "name": "Rain_0005" },
					{ "time": 35.8333, "name": "Rain_0006" },
					{ "time": 35.8666, "name": "Rain_0007" },
					{ "time": 35.9, "name": "Rain_0008" },
					{ "time": 35.9333, "name": "Rain_0009" },
					{ "time": 35.9666, "name": "Rain_0010" },
					{ "time": 36, "name": "Rain_0001" },
					{ "time": 36.0333, "name": "Rain_0002" },
					{ "time": 36.0666, "name": "Rain_0003" },
					{ "time": 36.1, "name": "Rain_0004" },
					{ "time": 36.1333, "name": "Rain_0005" },
					{ "time": 36.1666, "name": "Rain_0006" },
					{ "time": 36.2, "name": "Rain_0007" },
					{ "time": 36.2333, "name": "Rain_0008" },
					{ "time": 36.2666, "name": "Rain_0009" },
					{ "time": 36.3, "name": "Rain_0010" },
					{ "time": 36.3333, "name": "Rain_0001" },
					{ "time": 36.3666, "name": "Rain_0002" },
					{ "time": 36.4, "name": "Rain_0003" },
					{ "time": 36.4333, "name": "Rain_0004" },
					{ "time": 36.4666, "name": "Rain_0005" },
					{ "time": 36.5, "name": "Rain_0006" },
					{ "time": 36.5333, "name": "Rain_0007" },
					{ "time": 36.5666, "name": "Rain_0008" },
					{ "time": 36.6, "name": "Rain_0009" },
					{ "time": 36.6333, "name": "Rain_0010" },
					{ "time": 36.6666, "name": "Rain_0001" },
					{ "time": 36.7, "name": "Rain_0002" },
					{ "time": 36.7333, "name": "Rain_0003" },
					{ "time": 36.7666, "name": "Rain_0004" },
					{ "time": 36.8, "name": "Rain_0005" },
					{ "time": 36.8333, "name": "Rain_0006" },
					{ "time": 36.8666, "name": "Rain_0007" },
					{ "time": 36.9, "name": "Rain_0008" },
					{ "time": 36.9333, "name": "Rain_0009" },
					{ "time": 36.9666, "name": "Rain_0010" },
					{ "time": 37, "name": "Rain_0001" },
					{ "time": 37.0333, "name": "Rain_0002" },
					{ "time": 37.0666, "name": "Rain_0003" },
					{ "time": 37.1, "name": "Rain_0004" },
					{ "time": 37.1333, "name": "Rain_0005" },
					{ "time": 37.1666, "name": "Rain_0006" },
					{ "time": 37.2, "name": "Rain_0007" },
					{ "time": 37.2333, "name": "Rain_0008" },
					{ "time": 37.2666, "name": "Rain_0009" },
					{ "time": 37.3, "name": "Rain_0010" },
					{ "time": 37.3333, "name": "Rain_0001" },
					{ "time": 37.3666, "name": "Rain_0002" },
					{ "time": 37.4, "name": "Rain_0003" },
					{ "time": 37.4333, "name": "Rain_0004" },
					{ "time": 37.4666, "name": "Rain_0005" },
					{ "time": 37.5, "name": "Rain_0006" },
					{ "time": 37.5333, "name": "Rain_0007" },
					{ "time": 37.5666, "name": "Rain_0008" },
					{ "time": 37.6, "name": "Rain_0009" },
					{ "time": 37.6333, "name": "Rain_0010" },
					{ "time": 37.6666, "name": "Rain_0001" },
					{ "time": 37.7, "name": "Rain_0002" },
					{ "time": 37.7333, "name": "Rain_0003" },
					{ "time": 37.7666, "name": "Rain_0004" },
					{ "time": 37.8, "name": "Rain_0005" },
					{ "time": 37.8333, "name": "Rain_0006" },
					{ "time": 37.8666, "name": "Rain_0007" },
					{ "time": 37.9, "name": "Rain_0008" },
					{ "time": 37.9333, "name": "Rain_0009" },
					{ "time": 37.9666, "name": "Rain_0010" },
					{ "time": 38, "name": "Rain_0001" },
					{ "time": 38.0333, "name": "Rain_0002" },
					{ "time": 38.0666, "name": "Rain_0003" },
					{ "time": 38.1, "name": "Rain_0004" },
					{ "time": 38.1333, "name": "Rain_0005" },
					{ "time": 38.1666, "name": "Rain_0006" },
					{ "time": 38.2, "name": "Rain_0007" },
					{ "time": 38.2333, "name": "Rain_0008" },
					{ "time": 38.2666, "name": "Rain_0009" },
					{ "time": 38.3, "name": "Rain_0010" },
					{ "time": 38.3333, "name": "Rain_0001" },
					{ "time": 38.3666, "name": "Rain_0002" },
					{ "time": 38.4, "name": "Rain_0003" },
					{ "time": 38.4333, "name": "Rain_0004" },
					{ "time": 38.4666, "name": "Rain_0005" },
					{ "time": 38.5, "name": "Rain_0006" },
					{ "time": 38.5333, "name": "Rain_0007" },
					{ "time": 38.5666, "name": "Rain_0008" },
					{ "time": 38.6, "name": "Rain_0009" },
					{ "time": 38.6333, "name": "Rain_0010" },
					{ "time": 38.6666, "name": "Rain_0001" },
					{ "time": 38.7, "name": "Rain_0002" },
					{ "time": 38.7333, "name": "Rain_0003" },
					{ "time": 38.7666, "name": "Rain_0004" },
					{ "time": 38.8, "name": "Rain_0005" },
					{ "time": 38.8333, "name": "Rain_0006" },
					{ "time": 38.8666, "name": "Rain_0007" },
					{ "time": 38.9, "name": "Rain_0008" },
					{ "time": 38.9333, "name": "Rain_0009" },
					{ "time": 38.9666, "name": "Rain_0010" },
					{ "time": 39, "name": "Rain_0001" },
					{ "time": 39.0333, "name": "Rain_0002" },
					{ "time": 39.0666, "name": "Rain_0003" },
					{ "time": 39.1, "name": "Rain_0004" },
					{ "time": 39.1333, "name": "Rain_0005" },
					{ "time": 39.1666, "name": "Rain_0006" },
					{ "time": 39.2, "name": "Rain_0007" },
					{ "time": 39.2333, "name": "Rain_0008" },
					{ "time": 39.2666, "name": "Rain_0009" },
					{ "time": 39.3, "name": "Rain_0010" },
					{ "time": 39.3333, "name": "Rain_0001" },
					{ "time": 39.3666, "name": "Rain_0002" },
					{ "time": 39.4, "name": "Rain_0003" },
					{ "time": 39.4333, "name": "Rain_0004" },
					{ "time": 39.4666, "name": "Rain_0005" },
					{ "time": 39.5, "name": "Rain_0006" },
					{ "time": 39.5333, "name": "Rain_0007" },
					{ "time": 39.5666, "name": "Rain_0008" },
					{ "time": 39.6, "name": "Rain_0009" },
					{ "time": 39.6333, "name": "Rain_0010" },
					{ "time": 39.6666, "name": "Rain_0001" },
					{ "time": 39.7, "name": "Rain_0002" },
					{ "time": 39.7333, "name": "Rain_0003" },
					{ "time": 39.7666, "name": "Rain_0004" },
					{ "time": 39.8, "name": "Rain_0005" },
					{ "time": 39.8333, "name": "Rain_0006" },
					{ "time": 39.8666, "name": "Rain_0007" },
					{ "time": 39.9, "name": "Rain_0008" },
					{ "time": 39.9333, "name": "Rain_0009" },
					{ "time": 39.9666, "name": "Rain_0010" },
					{ "time": 40, "name": "Rain_0001" },
					{ "time": 40.0333, "name": "Rain_0002" },
					{ "time": 40.0666, "name": "Rain_0003" },
					{ "time": 40.1, "name": "Rain_0004" },
					{ "time": 40.1333, "name": "Rain_0005" },
					{ "time": 40.1666, "name": "Rain_0006" },
					{ "time": 40.2, "name": "Rain_0007" },
					{ "time": 40.2333, "name": "Rain_0008" },
					{ "time": 40.2666, "name": "Rain_0009" },
					{ "time": 40.3, "name": "Rain_0010" },
					{ "time": 40.3333, "name": "Rain_0001" },
					{ "time": 40.3666, "name": "Rain_0002" },
					{ "time": 40.4, "name": "Rain_0003" },
					{ "time": 40.4333, "name": "Rain_0004" },
					{ "time": 40.4666, "name": "Rain_0005" },
					{ "time": 40.5, "name": "Rain_0006" },
					{ "time": 40.5333, "name": "Rain_0007" },
					{ "time": 40.5666, "name": "Rain_0008" },
					{ "time": 40.6, "name": "Rain_0009" },
					{ "time": 40.6333, "name": "Rain_0010" },
					{ "time": 40.6666, "name": "Rain_0001" },
					{ "time": 40.7, "name": "Rain_0002" },
					{ "time": 40.7333, "name": "Rain_0003" },
					{ "time": 40.7666, "name": "Rain_0004" },
					{ "time": 40.8, "name": "Rain_0005" },
					{ "time": 40.8333, "name": "Rain_0006" },
					{ "time": 40.8666, "name": "Rain_0007" },
					{ "time": 40.9, "name": "Rain_0008" },
					{ "time": 40.9333, "name": "Rain_0009" },
					{ "time": 40.9666, "name": "Rain_0010" },
					{ "time": 41, "name": "Rain_0001" },
					{ "time": 41.0333, "name": "Rain_0002" },
					{ "time": 41.0666, "name": "Rain_0003" },
					{ "time": 41.1, "name": "Rain_0004" },
					{ "time": 41.1333, "name": "Rain_0005" },
					{ "time": 41.1666, "name": "Rain_0006" },
					{ "time": 41.2, "name": "Rain_0007" },
					{ "time": 41.2333, "name": "Rain_0008" },
					{ "time": 41.2666, "name": "Rain_0009" },
					{ "time": 41.3, "name": "Rain_0010" },
					{ "time": 41.3333, "name": "Rain_0001" },
					{ "time": 41.3666, "name": "Rain_0002" },
					{ "time": 41.4, "name": "Rain_0003" },
					{ "time": 41.4333, "name": "Rain_0004" },
					{ "time": 41.4666, "name": "Rain_0005" },
					{ "time": 41.5, "name": "Rain_0006" },
					{ "time": 41.5333, "name": "Rain_0007" },
					{ "time": 41.5666, "name": "Rain_0008" },
					{ "time": 41.6, "name": "Rain_0009" },
					{ "time": 41.6333, "name": "Rain_0010" },
					{ "time": 41.6666, "name": "Rain_0001" },
					{ "time": 41.7, "name": "Rain_0002" },
					{ "time": 41.7333, "name": "Rain_0003" },
					{ "time": 41.7666, "name": "Rain_0004" },
					{ "time": 41.8, "name": "Rain_0005" },
					{ "time": 41.8333, "name": "Rain_0006" },
					{ "time": 41.8666, "name": "Rain_0007" },
					{ "time": 41.9, "name": "Rain_0008" },
					{ "time": 41.9333, "name": "Rain_0009" },
					{ "time": 41.9666, "name": "Rain_0010" },
					{ "time": 42, "name": "Rain_0001" },
					{ "time": 42.0333, "name": "Rain_0002" },
					{ "time": 42.0666, "name": "Rain_0003" },
					{ "time": 42.1, "name": "Rain_0004" },
					{ "time": 42.1333, "name": "Rain_0005" },
					{ "time": 42.1666, "name": "Rain_0006" },
					{ "time": 42.2, "name": "Rain_0007" },
					{ "time": 42.2333, "name": "Rain_0008" },
					{ "time": 42.2666, "name": "Rain_0009" },
					{ "time": 42.3, "name": "Rain_0010" },
					{ "time": 42.3333, "name": "Rain_0001" },
					{ "time": 42.3666, "name": "Rain_0002" },
					{ "time": 42.4, "name": "Rain_0003" },
					{ "time": 42.4333, "name": "Rain_0004" },
					{ "time": 42.4666, "name": "Rain_0005" },
					{ "time": 42.5, "name": "Rain_0006" },
					{ "time": 42.5333, "name": "Rain_0007" },
					{ "time": 42.5666, "name": "Rain_0008" },
					{ "time": 42.6, "name": "Rain_0009" },
					{ "time": 42.6333, "name": "Rain_0010" },
					{ "time": 42.6666, "name": "Rain_0001" },
					{ "time": 42.7, "name": "Rain_0002" },
					{ "time": 42.7333, "name": "Rain_0003" },
					{ "time": 42.7666, "name": "Rain_0004" },
					{ "time": 42.8, "name": "Rain_0005" },
					{ "time": 42.8333, "name": "Rain_0006" },
					{ "time": 42.8666, "name": "Rain_0007" },
					{ "time": 42.9, "name": "Rain_0008" },
					{ "time": 42.9333, "name": "Rain_0009" },
					{ "time": 42.9666, "name": "Rain_0010" },
					{ "time": 43, "name": "Rain_0001" },
					{ "time": 43.0333, "name": "Rain_0002" },
					{ "time": 43.0666, "name": "Rain_0003" },
					{ "time": 43.1, "name": "Rain_0004" },
					{ "time": 43.1333, "name": "Rain_0005" },
					{ "time": 43.1666, "name": "Rain_0006" },
					{ "time": 43.2, "name": "Rain_0007" },
					{ "time": 43.2333, "name": "Rain_0008" },
					{ "time": 43.2666, "name": "Rain_0009" },
					{ "time": 43.3, "name": "Rain_0010" },
					{ "time": 43.3333, "name": "Rain_0001" },
					{ "time": 43.3666, "name": "Rain_0002" },
					{ "time": 43.4, "name": "Rain_0003" },
					{ "time": 43.4333, "name": "Rain_0004" },
					{ "time": 43.4666, "name": "Rain_0005" },
					{ "time": 43.5, "name": "Rain_0006" },
					{ "time": 43.5333, "name": "Rain_0007" },
					{ "time": 43.5666, "name": "Rain_0008" },
					{ "time": 43.6, "name": "Rain_0009" },
					{ "time": 43.6333, "name": "Rain_0010" },
					{ "time": 43.6666, "name": "Rain_0001" },
					{ "time": 43.7, "name": "Rain_0002" },
					{ "time": 43.7333, "name": "Rain_0003" },
					{ "time": 43.7666, "name": "Rain_0004" },
					{ "time": 43.8, "name": "Rain_0005" },
					{ "time": 43.8333, "name": "Rain_0006" },
					{ "time": 43.8666, "name": "Rain_0007" },
					{ "time": 43.9, "name": "Rain_0008" },
					{ "time": 43.9333, "name": "Rain_0009" },
					{ "time": 43.9666, "name": "Rain_0010" },
					{ "time": 44, "name": "Rain_0001" },
					{ "time": 44.0333, "name": "Rain_0002" },
					{ "time": 44.0666, "name": "Rain_0003" },
					{ "time": 44.1, "name": "Rain_0004" },
					{ "time": 44.1333, "name": "Rain_0005" },
					{ "time": 44.1666, "name": "Rain_0006" },
					{ "time": 44.2, "name": "Rain_0007" },
					{ "time": 44.2333, "name": "Rain_0008" },
					{ "time": 44.2666, "name": "Rain_0009" },
					{ "time": 44.3, "name": "Rain_0010" },
					{ "time": 44.3333, "name": "Rain_0001" },
					{ "time": 44.3666, "name": "Rain_0002" },
					{ "time": 44.4, "name": "Rain_0003" },
					{ "time": 44.4333, "name": "Rain_0004" },
					{ "time": 44.4666, "name": "Rain_0005" },
					{ "time": 44.5, "name": "Rain_0006" },
					{ "time": 44.5333, "name": "Rain_0007" },
					{ "time": 44.5666, "name": "Rain_0008" },
					{ "time": 44.6, "name": "Rain_0009" },
					{ "time": 44.6333, "name": "Rain_0010" },
					{ "time": 44.6666, "name": "Rain_0001" },
					{ "time": 44.7, "name": "Rain_0002" },
					{ "time": 44.7333, "name": "Rain_0003" },
					{ "time": 44.7666, "name": "Rain_0004" },
					{ "time": 44.8, "name": "Rain_0005" },
					{ "time": 44.8333, "name": "Rain_0006" },
					{ "time": 44.8666, "name": "Rain_0007" },
					{ "time": 44.9, "name": "Rain_0008" },
					{ "time": 44.9333, "name": "Rain_0009" },
					{ "time": 44.9666, "name": "Rain_0010" },
					{ "time": 45, "name": "Rain_0001" },
					{ "time": 45.0333, "name": "Rain_0002" },
					{ "time": 45.0666, "name": "Rain_0003" },
					{ "time": 45.1, "name": "Rain_0004" },
					{ "time": 45.1333, "name": "Rain_0005" },
					{ "time": 45.1666, "name": "Rain_0006" },
					{ "time": 45.2, "name": "Rain_0007" },
					{ "time": 45.2333, "name": "Rain_0008" },
					{ "time": 45.2666, "name": "Rain_0009" },
					{ "time": 45.3, "name": "Rain_0010" },
					{ "time": 45.3333, "name": "Rain_0001" },
					{ "time": 45.3666, "name": "Rain_0002" },
					{ "time": 45.4, "name": "Rain_0003" },
					{ "time": 45.4333, "name": "Rain_0004" },
					{ "time": 45.4666, "name": "Rain_0005" },
					{ "time": 45.5, "name": "Rain_0006" },
					{ "time": 45.5333, "name": "Rain_0007" },
					{ "time": 45.5666, "name": "Rain_0008" },
					{ "time": 45.6, "name": "Rain_0009" },
					{ "time": 45.6333, "name": "Rain_0010" },
					{ "time": 45.6666, "name": "Rain_0001" },
					{ "time": 45.7, "name": "Rain_0002" },
					{ "time": 45.7333, "name": "Rain_0003" },
					{ "time": 45.7666, "name": "Rain_0004" },
					{ "time": 45.8, "name": "Rain_0005" },
					{ "time": 45.8333, "name": "Rain_0006" },
					{ "time": 45.8666, "name": "Rain_0007" },
					{ "time": 45.9, "name": "Rain_0008" },
					{ "time": 45.9333, "name": "Rain_0009" },
					{ "time": 45.9666, "name": "Rain_0010" },
					{ "time": 46, "name": "Rain_0001" },
					{ "time": 46.0333, "name": "Rain_0002" },
					{ "time": 46.0666, "name": "Rain_0003" },
					{ "time": 46.1, "name": "Rain_0004" },
					{ "time": 46.1333, "name": "Rain_0005" },
					{ "time": 46.1666, "name": "Rain_0006" },
					{ "time": 46.2, "name": "Rain_0007" },
					{ "time": 46.2333, "name": "Rain_0008" },
					{ "time": 46.2666, "name": "Rain_0009" },
					{ "time": 46.3, "name": "Rain_0010" },
					{ "time": 46.3333, "name": "Rain_0001" },
					{ "time": 46.3666, "name": "Rain_0002" },
					{ "time": 46.4, "name": "Rain_0003" },
					{ "time": 46.4333, "name": "Rain_0004" },
					{ "time": 46.4666, "name": "Rain_0005" },
					{ "time": 46.5, "name": "Rain_0006" },
					{ "time": 46.5333, "name": "Rain_0007" },
					{ "time": 46.5666, "name": "Rain_0008" },
					{ "time": 46.6, "name": "Rain_0009" },
					{ "time": 46.6333, "name": "Rain_0010" },
					{ "time": 46.6666, "name": "Rain_0001" },
					{ "time": 46.7, "name": "Rain_0002" },
					{ "time": 46.7333, "name": "Rain_0003" },
					{ "time": 46.7666, "name": "Rain_0004" },
					{ "time": 46.8, "name": "Rain_0005" },
					{ "time": 46.8333, "name": "Rain_0006" },
					{ "time": 46.8666, "name": "Rain_0007" },
					{ "time": 46.9, "name": "Rain_0008" },
					{ "time": 46.9333, "name": "Rain_0009" },
					{ "time": 46.9666, "name": "Rain_0010" },
					{ "time": 47, "name": "Rain_0001" },
					{ "time": 47.0333, "name": "Rain_0002" },
					{ "time": 47.0666, "name": "Rain_0003" },
					{ "time": 47.1, "name": "Rain_0004" },
					{ "time": 47.1333, "name": "Rain_0005" },
					{ "time": 47.1666, "name": "Rain_0006" },
					{ "time": 47.2, "name": "Rain_0007" },
					{ "time": 47.2333, "name": "Rain_0008" },
					{ "time": 47.2666, "name": "Rain_0009" },
					{ "time": 47.3, "name": "Rain_0010" },
					{ "time": 47.3333, "name": "Rain_0001" },
					{ "time": 47.3666, "name": "Rain_0002" },
					{ "time": 47.4, "name": "Rain_0003" },
					{ "time": 47.4333, "name": "Rain_0004" },
					{ "time": 47.4666, "name": "Rain_0005" },
					{ "time": 47.5, "name": "Rain_0006" },
					{ "time": 47.5333, "name": "Rain_0007" },
					{ "time": 47.5666, "name": "Rain_0008" },
					{ "time": 47.6, "name": "Rain_0009" },
					{ "time": 47.6333, "name": "Rain_0010" },
					{ "time": 47.6666, "name": "Rain_0001" },
					{ "time": 47.7, "name": "Rain_0002" },
					{ "time": 47.7333, "name": "Rain_0003" },
					{ "time": 47.7666, "name": "Rain_0004" },
					{ "time": 47.8, "name": "Rain_0005" },
					{ "time": 47.8333, "name": "Rain_0006" },
					{ "time": 47.8666, "name": "Rain_0007" },
					{ "time": 47.9, "name": "Rain_0008" },
					{ "time": 47.9333, "name": "Rain_0009" },
					{ "time": 47.9666, "name": "Rain_0010" },
					{ "time": 48, "name": "Rain_0001" },
					{ "time": 48.0333, "name": "Rain_0002" },
					{ "time": 48.0666, "name": "Rain_0003" },
					{ "time": 48.1, "name": "Rain_0004" },
					{ "time": 48.1333, "name": "Rain_0005" },
					{ "time": 48.1666, "name": "Rain_0006" },
					{ "time": 48.2, "name": "Rain_0007" },
					{ "time": 48.2333, "name": "Rain_0008" },
					{ "time": 48.2666, "name": "Rain_0009" },
					{ "time": 48.3, "name": "Rain_0010" },
					{ "time": 48.3333, "name": "Rain_0001" },
					{ "time": 48.3666, "name": "Rain_0002" },
					{ "time": 48.4, "name": "Rain_0003" },
					{ "time": 48.4333, "name": "Rain_0004" },
					{ "time": 48.4666, "name": "Rain_0005" },
					{ "time": 48.5, "name": "Rain_0006" },
					{ "time": 48.5333, "name": "Rain_0007" },
					{ "time": 48.5666, "name": "Rain_0008" },
					{ "time": 48.6, "name": "Rain_0009" },
					{ "time": 48.6333, "name": "Rain_0010" },
					{ "time": 48.6666, "name": "Rain_0001" },
					{ "time": 48.7, "name": "Rain_0002" },
					{ "time": 48.7333, "name": "Rain_0003" },
					{ "time": 48.7666, "name": "Rain_0004" },
					{ "time": 48.8, "name": "Rain_0005" },
					{ "time": 48.8333, "name": "Rain_0006" },
					{ "time": 48.8666, "name": "Rain_0007" },
					{ "time": 48.9, "name": "Rain_0008" },
					{ "time": 48.9333, "name": "Rain_0009" },
					{ "time": 48.9666, "name": "Rain_0010" },
					{ "time": 49, "name": "Rain_0001" },
					{ "time": 49.0333, "name": "Rain_0002" },
					{ "time": 49.0666, "name": "Rain_0003" },
					{ "time": 49.1, "name": "Rain_0004" },
					{ "time": 49.1333, "name": "Rain_0005" },
					{ "time": 49.1666, "name": "Rain_0006" },
					{ "time": 49.2, "name": "Rain_0007" },
					{ "time": 49.2333, "name": "Rain_0008" },
					{ "time": 49.2666, "name": "Rain_0009" },
					{ "time": 49.3, "name": "Rain_0010" },
					{ "time": 49.3333, "name": "Rain_0001" },
					{ "time": 49.3666, "name": "Rain_0002" },
					{ "time": 49.4, "name": "Rain_0003" },
					{ "time": 49.4333, "name": "Rain_0004" },
					{ "time": 49.4666, "name": "Rain_0005" },
					{ "time": 49.5, "name": "Rain_0006" },
					{ "time": 49.5333, "name": "Rain_0007" },
					{ "time": 49.5666, "name": "Rain_0008" },
					{ "time": 49.6, "name": "Rain_0009" },
					{ "time": 49.6333, "name": "Rain_0010" },
					{ "time": 49.6666, "name": "Rain_0001" },
					{ "time": 49.7, "name": "Rain_0002" },
					{ "time": 49.7333, "name": "Rain_0003" },
					{ "time": 49.7666, "name": "Rain_0004" },
					{ "time": 49.8, "name": "Rain_0005" },
					{ "time": 49.8333, "name": "Rain_0006" },
					{ "time": 49.8666, "name": "Rain_0007" },
					{ "time": 49.9, "name": "Rain_0008" },
					{ "time": 49.9333, "name": "Rain_0009" },
					{ "time": 49.9666, "name": "Rain_0010" },
					{ "time": 50, "name": "Rain_0001" },
					{ "time": 50.0333, "name": "Rain_0002" },
					{ "time": 50.0666, "name": "Rain_0003" },
					{ "time": 50.1, "name": "Rain_0004" },
					{ "time": 50.1333, "name": "Rain_0005" },
					{ "time": 50.1666, "name": "Rain_0006" },
					{ "time": 50.2, "name": "Rain_0007" },
					{ "time": 50.2333, "name": "Rain_0008" },
					{ "time": 50.2666, "name": "Rain_0009" },
					{ "time": 50.3, "name": "Rain_0010" },
					{ "time": 50.3333, "name": "Rain_0001" },
					{ "time": 50.3666, "name": "Rain_0002" },
					{ "time": 50.4, "name": "Rain_0003" },
					{ "time": 50.4333, "name": "Rain_0004" },
					{ "time": 50.4666, "name": "Rain_0005" },
					{ "time": 50.5, "name": "Rain_0006" },
					{ "time": 50.5333, "name": "Rain_0007" },
					{ "time": 50.5666, "name": "Rain_0008" },
					{ "time": 50.6, "name": "Rain_0009" },
					{ "time": 50.6333, "name": "Rain_0010" },
					{ "time": 50.6666, "name": "Rain_0001" },
					{ "time": 50.7, "name": "Rain_0002" },
					{ "time": 50.7333, "name": "Rain_0003" },
					{ "time": 50.7666, "name": "Rain_0004" },
					{ "time": 50.8, "name": "Rain_0005" },
					{ "time": 50.8333, "name": "Rain_0006" },
					{ "time": 50.8666, "name": "Rain_0007" },
					{ "time": 50.9, "name": "Rain_0008" },
					{ "time": 50.9333, "name": "Rain_0009" },
					{ "time": 50.9666, "name": "Rain_0010" },
					{ "time": 51, "name": "Rain_0001" },
					{ "time": 51.0333, "name": "Rain_0002" },
					{ "time": 51.0666, "name": "Rain_0003" },
					{ "time": 51.1, "name": "Rain_0004" },
					{ "time": 51.1333, "name": "Rain_0005" },
					{ "time": 51.1666, "name": "Rain_0006" },
					{ "time": 51.2, "name": "Rain_0007" },
					{ "time": 51.2333, "name": "Rain_0008" },
					{ "time": 51.2666, "name": "Rain_0009" },
					{ "time": 51.3, "name": "Rain_0010" },
					{ "time": 51.3333, "name": "Rain_0001" },
					{ "time": 51.3666, "name": "Rain_0002" },
					{ "time": 51.4, "name": "Rain_0003" },
					{ "time": 51.4333, "name": "Rain_0004" },
					{ "time": 51.4666, "name": "Rain_0005" },
					{ "time": 51.5, "name": "Rain_0006" },
					{ "time": 51.5333, "name": "Rain_0007" },
					{ "time": 51.5666, "name": "Rain_0008" },
					{ "time": 51.6, "name": "Rain_0009" },
					{ "time": 51.6333, "name": "Rain_0010" },
					{ "time": 51.6666, "name": "Rain_0001" },
					{ "time": 51.7, "name": "Rain_0002" },
					{ "time": 51.7333, "name": "Rain_0003" },
					{ "time": 51.7666, "name": "Rain_0004" },
					{ "time": 51.8, "name": "Rain_0005" },
					{ "time": 51.8333, "name": "Rain_0006" },
					{ "time": 51.8666, "name": "Rain_0007" },
					{ "time": 51.9, "name": "Rain_0008" },
					{ "time": 51.9333, "name": "Rain_0009" },
					{ "time": 51.9666, "name": "Rain_0010" },
					{ "time": 52, "name": "Rain_0001" },
					{ "time": 52.0333, "name": "Rain_0002" },
					{ "time": 52.0666, "name": "Rain_0003" },
					{ "time": 52.1, "name": "Rain_0004" },
					{ "time": 52.1333, "name": "Rain_0005" },
					{ "time": 52.1666, "name": "Rain_0006" },
					{ "time": 52.2, "name": "Rain_0007" },
					{ "time": 52.2333, "name": "Rain_0008" },
					{ "time": 52.2666, "name": "Rain_0009" },
					{ "time": 52.3, "name": "Rain_0010" },
					{ "time": 52.3333, "name": "Rain_0001" },
					{ "time": 52.3666, "name": "Rain_0002" },
					{ "time": 52.4, "name": "Rain_0003" },
					{ "time": 52.4333, "name": "Rain_0004" },
					{ "time": 52.4666, "name": "Rain_0005" },
					{ "time": 52.5, "name": "Rain_0006" },
					{ "time": 52.5333, "name": "Rain_0007" },
					{ "time": 52.5666, "name": "Rain_0008" },
					{ "time": 52.6, "name": "Rain_0009" },
					{ "time": 52.6333, "name": "Rain_0010" },
					{ "time": 52.6666, "name": "Rain_0001" },
					{ "time": 52.7, "name": "Rain_0002" },
					{ "time": 52.7333, "name": "Rain_0003" },
					{ "time": 52.7666, "name": "Rain_0004" },
					{ "time": 52.8, "name": "Rain_0005" },
					{ "time": 52.8333, "name": "Rain_0006" },
					{ "time": 52.8666, "name": "Rain_0007" },
					{ "time": 52.9, "name": "Rain_0008" },
					{ "time": 52.9333, "name": "Rain_0009" },
					{ "time": 52.9666, "name": "Rain_0010" },
					{ "time": 53, "name": "Rain_0001" },
					{ "time": 53.0333, "name": "Rain_0002" },
					{ "time": 53.0666, "name": "Rain_0003" },
					{ "time": 53.1, "name": "Rain_0004" },
					{ "time": 53.1333, "name": "Rain_0005" },
					{ "time": 53.1666, "name": "Rain_0006" },
					{ "time": 53.2, "name": "Rain_0007" },
					{ "time": 53.2333, "name": "Rain_0008" },
					{ "time": 53.2666, "name": "Rain_0009" },
					{ "time": 53.3, "name": "Rain_0010" },
					{ "time": 53.3333, "name": "Rain_0001" },
					{ "time": 53.3666, "name": "Rain_0002" },
					{ "time": 53.4, "name": "Rain_0003" },
					{ "time": 53.4333, "name": "Rain_0004" },
					{ "time": 53.4666, "name": "Rain_0005" },
					{ "time": 53.5, "name": "Rain_0006" },
					{ "time": 53.5333, "name": "Rain_0007" },
					{ "time": 53.5666, "name": "Rain_0008" },
					{ "time": 53.6, "name": "Rain_0009" },
					{ "time": 53.6333, "name": "Rain_0010" },
					{ "time": 53.6666, "name": "Rain_0001" },
					{ "time": 53.7, "name": "Rain_0002" },
					{ "time": 53.7333, "name": "Rain_0003" },
					{ "time": 53.7666, "name": "Rain_0004" },
					{ "time": 53.8, "name": "Rain_0005" },
					{ "time": 53.8333, "name": "Rain_0006" },
					{ "time": 53.8666, "name": "Rain_0007" },
					{ "time": 53.9, "name": "Rain_0008" },
					{ "time": 53.9333, "name": "Rain_0009" },
					{ "time": 53.9666, "name": "Rain_0010" },
					{ "time": 54, "name": "Rain_0001" },
					{ "time": 54.0333, "name": "Rain_0002" },
					{ "time": 54.0666, "name": "Rain_0003" },
					{ "time": 54.1, "name": "Rain_0004" },
					{ "time": 54.1333, "name": "Rain_0005" },
					{ "time": 54.1666, "name": "Rain_0006" },
					{ "time": 54.2, "name": "Rain_0007" },
					{ "time": 54.2333, "name": "Rain_0008" },
					{ "time": 54.2666, "name": "Rain_0009" },
					{ "time": 54.3, "name": "Rain_0010" },
					{ "time": 54.3333, "name": "Rain_0001" },
					{ "time": 54.3666, "name": "Rain_0002" },
					{ "time": 54.4, "name": "Rain_0003" },
					{ "time": 54.4333, "name": "Rain_0004" },
					{ "time": 54.4666, "name": "Rain_0005" },
					{ "time": 54.5, "name": "Rain_0006" },
					{ "time": 54.5333, "name": "Rain_0007" },
					{ "time": 54.5666, "name": "Rain_0008" },
					{ "time": 54.6, "name": "Rain_0009" },
					{ "time": 54.6333, "name": "Rain_0010" },
					{ "time": 54.6666, "name": "Rain_0001" },
					{ "time": 54.7, "name": "Rain_0002" },
					{ "time": 54.7333, "name": "Rain_0003" },
					{ "time": 54.7666, "name": "Rain_0004" },
					{ "time": 54.8, "name": "Rain_0005" },
					{ "time": 54.8333, "name": "Rain_0006" },
					{ "time": 54.8666, "name": "Rain_0007" },
					{ "time": 54.9, "name": "Rain_0008" },
					{ "time": 54.9333, "name": "Rain_0009" },
					{ "time": 54.9666, "name": "Rain_0010" },
					{ "time": 55, "name": "Rain_0001" },
					{ "time": 55.0333, "name": "Rain_0002" },
					{ "time": 55.0666, "name": "Rain_0003" },
					{ "time": 55.1, "name": "Rain_0004" },
					{ "time": 55.1333, "name": "Rain_0005" },
					{ "time": 55.1666, "name": "Rain_0006" },
					{ "time": 55.2, "name": "Rain_0007" },
					{ "time": 55.2333, "name": "Rain_0008" },
					{ "time": 55.2666, "name": "Rain_0009" },
					{ "time": 55.3, "name": "Rain_0010" },
					{ "time": 55.3333, "name": "Rain_0001" },
					{ "time": 55.3666, "name": "Rain_0002" },
					{ "time": 55.4, "name": "Rain_0003" },
					{ "time": 55.4333, "name": "Rain_0004" },
					{ "time": 55.4666, "name": "Rain_0005" },
					{ "time": 55.5, "name": "Rain_0006" },
					{ "time": 55.5333, "name": "Rain_0007" },
					{ "time": 55.5666, "name": "Rain_0008" },
					{ "time": 55.6, "name": "Rain_0009" },
					{ "time": 55.6333, "name": "Rain_0010" },
					{ "time": 55.6666, "name": "Rain_0001" },
					{ "time": 55.7, "name": "Rain_0002" },
					{ "time": 55.7333, "name": "Rain_0003" },
					{ "time": 55.7666, "name": "Rain_0004" },
					{ "time": 55.8, "name": "Rain_0005" },
					{ "time": 55.8333, "name": "Rain_0006" },
					{ "time": 55.8666, "name": "Rain_0007" },
					{ "time": 55.9, "name": "Rain_0008" },
					{ "time": 55.9333, "name": "Rain_0009" },
					{ "time": 55.9666, "name": "Rain_0010" },
					{ "time": 56, "name": "Rain_0001" },
					{ "time": 56.0333, "name": "Rain_0002" },
					{ "time": 56.0666, "name": "Rain_0003" },
					{ "time": 56.1, "name": "Rain_0004" },
					{ "time": 56.1333, "name": "Rain_0005" },
					{ "time": 56.1666, "name": "Rain_0006" },
					{ "time": 56.2, "name": "Rain_0007" },
					{ "time": 56.2333, "name": "Rain_0008" },
					{ "time": 56.2666, "name": "Rain_0009" },
					{ "time": 56.3, "name": "Rain_0010" },
					{ "time": 56.3333, "name": "Rain_0001" },
					{ "time": 56.3666, "name": "Rain_0002" },
					{ "time": 56.4, "name": "Rain_0003" },
					{ "time": 56.4333, "name": "Rain_0004" },
					{ "time": 56.4666, "name": "Rain_0005" },
					{ "time": 56.5, "name": "Rain_0006" },
					{ "time": 56.5333, "name": "Rain_0007" },
					{ "time": 56.5666, "name": "Rain_0008" },
					{ "time": 56.6, "name": "Rain_0009" },
					{ "time": 56.6333, "name": "Rain_0010" },
					{ "time": 56.6666, "name": "Rain_0001" },
					{ "time": 56.7, "name": "Rain_0002" },
					{ "time": 56.7333, "name": "Rain_0003" },
					{ "time": 56.7666, "name": "Rain_0004" },
					{ "time": 56.8, "name": "Rain_0005" },
					{ "time": 56.8333, "name": "Rain_0006" },
					{ "time": 56.8666, "name": "Rain_0007" },
					{ "time": 56.9, "name": "Rain_0008" },
					{ "time": 56.9333, "name": "Rain_0009" },
					{ "time": 56.9666, "name": "Rain_0010" },
					{ "time": 57, "name": "Rain_0001" },
					{ "time": 57.0333, "name": "Rain_0002" },
					{ "time": 57.0666, "name": "Rain_0003" },
					{ "time": 57.1, "name": "Rain_0004" },
					{ "time": 57.1333, "name": "Rain_0005" },
					{ "time": 57.1666, "name": "Rain_0006" },
					{ "time": 57.2, "name": "Rain_0007" },
					{ "time": 57.2333, "name": "Rain_0008" },
					{ "time": 57.2666, "name": "Rain_0009" },
					{ "time": 57.3, "name": "Rain_0010" },
					{ "time": 57.3333, "name": "Rain_0001" },
					{ "time": 57.3666, "name": "Rain_0002" },
					{ "time": 57.4, "name": "Rain_0003" },
					{ "time": 57.4333, "name": "Rain_0004" },
					{ "time": 57.4666, "name": "Rain_0005" },
					{ "time": 57.5, "name": "Rain_0006" },
					{ "time": 57.5333, "name": "Rain_0007" },
					{ "time": 57.5666, "name": "Rain_0008" },
					{ "time": 57.6, "name": "Rain_0009" },
					{ "time": 57.6333, "name": "Rain_0010" },
					{ "time": 57.6666, "name": "Rain_0001" },
					{ "time": 57.7, "name": "Rain_0002" },
					{ "time": 57.7333, "name": "Rain_0003" },
					{ "time": 57.7666, "name": "Rain_0004" },
					{ "time": 57.8, "name": "Rain_0005" },
					{ "time": 57.8333, "name": "Rain_0006" },
					{ "time": 57.8666, "name": "Rain_0007" },
					{ "time": 57.9, "name": "Rain_0008" },
					{ "time": 57.9333, "name": "Rain_0009" },
					{ "time": 57.9666, "name": "Rain_0010" },
					{ "time": 58, "name": "Rain_0001" },
					{ "time": 58.0333, "name": "Rain_0002" },
					{ "time": 58.0666, "name": "Rain_0003" },
					{ "time": 58.1, "name": "Rain_0004" },
					{ "time": 58.1333, "name": "Rain_0005" },
					{ "time": 58.1666, "name": "Rain_0006" },
					{ "time": 58.2, "name": "Rain_0007" },
					{ "time": 58.2333, "name": "Rain_0008" },
					{ "time": 58.2666, "name": "Rain_0009" },
					{ "time": 58.3, "name": "Rain_0010" },
					{ "time": 58.3333, "name": "Rain_0001" },
					{ "time": 58.3666, "name": "Rain_0002" },
					{ "time": 58.4, "name": "Rain_0003" },
					{ "time": 58.4333, "name": "Rain_0004" },
					{ "time": 58.4666, "name": "Rain_0005" },
					{ "time": 58.5, "name": "Rain_0006" },
					{ "time": 58.5333, "name": "Rain_0007" },
					{ "time": 58.5666, "name": "Rain_0008" },
					{ "time": 58.6, "name": "Rain_0009" },
					{ "time": 58.6333, "name": "Rain_0010" },
					{ "time": 58.6666, "name": "Rain_0001" },
					{ "time": 58.7, "name": "Rain_0002" },
					{ "time": 58.7333, "name": "Rain_0003" },
					{ "time": 58.7666, "name": "Rain_0004" },
					{ "time": 58.8, "name": "Rain_0005" },
					{ "time": 58.8333, "name": "Rain_0006" },
					{ "time": 58.8666, "name": "Rain_0007" },
					{ "time": 58.9, "name": "Rain_0008" },
					{ "time": 58.9333, "name": "Rain_0009" },
					{ "time": 58.9666, "name": "Rain_0010" },
					{ "time": 59, "name": "Rain_0001" },
					{ "time": 59.0333, "name": "Rain_0002" },
					{ "time": 59.0666, "name": "Rain_0003" },
					{ "time": 59.1, "name": "Rain_0004" },
					{ "time": 59.1333, "name": "Rain_0005" },
					{ "time": 59.1666, "name": "Rain_0006" },
					{ "time": 59.2, "name": "Rain_0007" },
					{ "time": 59.2333, "name": "Rain_0008" },
					{ "time": 59.2666, "name": "Rain_0009" },
					{ "time": 59.3, "name": "Rain_0010" },
					{ "time": 59.3333, "name": "Rain_0001" },
					{ "time": 59.3666, "name": "Rain_0002" },
					{ "time": 59.4, "name": "Rain_0003" },
					{ "time": 59.4333, "name": "Rain_0004" },
					{ "time": 59.4666, "name": "Rain_0005" },
					{ "time": 59.5, "name": "Rain_0006" },
					{ "time": 59.5333, "name": "Rain_0007" },
					{ "time": 59.5666, "name": "Rain_0008" },
					{ "time": 59.6, "name": "Rain_0009" },
					{ "time": 59.6333, "name": "Rain_0010" },
					{ "time": 59.6666, "name": "Rain_0001" },
					{ "time": 59.7, "name": "Rain_0002" },
					{ "time": 59.7333, "name": "Rain_0003" },
					{ "time": 59.7666, "name": "Rain_0004" },
					{ "time": 59.8, "name": "Rain_0005" },
					{ "time": 59.8333, "name": "Rain_0006" },
					{ "time": 59.8666, "name": "Rain_0007" },
					{ "time": 59.9, "name": "Rain_0008" },
					{ "time": 59.9333, "name": "Rain_0009" },
					{ "time": 59.9666, "name": "Rain_0010" },
					{ "time": 60, "name": "Rain_0001" },
					{ "time": 60.0333, "name": "Rain_0002" },
					{ "time": 60.0666, "name": "Rain_0003" },
					{ "time": 60.1, "name": "Rain_0004" },
					{ "time": 60.1333, "name": "Rain_0005" },
					{ "time": 60.1666, "name": "Rain_0006" },
					{ "time": 60.2, "name": "Rain_0007" },
					{ "time": 60.2333, "name": "Rain_0008" },
					{ "time": 60.2666, "name": "Rain_0009" },
					{ "time": 60.3, "name": "Rain_0010" },
					{ "time": 60.3333, "name": "Rain_0001" },
					{ "time": 60.3666, "name": "Rain_0002" },
					{ "time": 60.4, "name": "Rain_0003" },
					{ "time": 60.4333, "name": "Rain_0004" },
					{ "time": 60.4666, "name": "Rain_0005" },
					{ "time": 60.5, "name": "Rain_0006" },
					{ "time": 60.5333, "name": "Rain_0007" },
					{ "time": 60.5666, "name": "Rain_0008" },
					{ "time": 60.6, "name": "Rain_0009" },
					{ "time": 60.6333, "name": "Rain_0010" },
					{ "time": 60.6666, "name": "Rain_0001" },
					{ "time": 60.7, "name": "Rain_0002" },
					{ "time": 60.7333, "name": "Rain_0003" },
					{ "time": 60.7666, "name": "Rain_0004" },
					{ "time": 60.8, "name": "Rain_0005" },
					{ "time": 60.8333, "name": "Rain_0006" },
					{ "time": 60.8666, "name": "Rain_0007" },
					{ "time": 60.9, "name": "Rain_0008" },
					{ "time": 60.9333, "name": "Rain_0009" },
					{ "time": 60.9666, "name": "Rain_0010" },
					{ "time": 61, "name": "Rain_0001" },
					{ "time": 61.0333, "name": "Rain_0002" },
					{ "time": 61.0666, "name": "Rain_0003" },
					{ "time": 61.1, "name": "Rain_0004" },
					{ "time": 61.1333, "name": "Rain_0005" },
					{ "time": 61.1666, "name": "Rain_0006" },
					{ "time": 61.2, "name": "Rain_0007" },
					{ "time": 61.2333, "name": "Rain_0008" },
					{ "time": 61.2666, "name": "Rain_0009" },
					{ "time": 61.3, "name": "Rain_0010" },
					{ "time": 61.3333, "name": "Rain_0001" },
					{ "time": 61.3666, "name": "Rain_0002" },
					{ "time": 61.4, "name": "Rain_0003" },
					{ "time": 61.4333, "name": "Rain_0004" },
					{ "time": 61.4666, "name": "Rain_0005" },
					{ "time": 61.5, "name": "Rain_0006" },
					{ "time": 61.5333, "name": "Rain_0007" },
					{ "time": 61.5666, "name": "Rain_0008" },
					{ "time": 61.6, "name": "Rain_0009" },
					{ "time": 61.6333, "name": "Rain_0010" },
					{ "time": 61.6666, "name": "Rain_0001" },
					{ "time": 61.7, "name": "Rain_0002" },
					{ "time": 61.7333, "name": "Rain_0003" },
					{ "time": 61.7666, "name": "Rain_0004" },
					{ "time": 61.8, "name": "Rain_0005" },
					{ "time": 61.8333, "name": "Rain_0006" },
					{ "time": 61.8666, "name": "Rain_0007" },
					{ "time": 61.9, "name": "Rain_0008" },
					{ "time": 61.9333, "name": "Rain_0009" },
					{ "time": 61.9666, "name": "Rain_0010" },
					{ "time": 62, "name": "Rain_0001" }
				]
			},
			"Sky_light_00": {
				"color": [
					{ "time": 0.6666, "color": "ffffff00" },
					{ "time": 0.7666, "color": "ffffffd3" },
					{ "time": 1.5, "color": "ffffff00", "curve": "stepped" },
					{ "time": 3, "color": "ffffff00" },
					{ "time": 3.1, "color": "ffffffd3" },
					{ "time": 3.8333, "color": "ffffff00", "curve": "stepped" },
					{ "time": 6.6666, "color": "ffffff00" },
					{ "time": 6.7666, "color": "ffffffd3" },
					{ "time": 7.5, "color": "ffffff00", "curve": "stepped" },
					{ "time": 10.6666, "color": "ffffff00" },
					{ "time": 10.7666, "color": "ffffffd3" },
					{ "time": 11.5, "color": "ffffff00", "curve": "stepped" },
					{ "time": 15.3333, "color": "ffffff00" },
					{ "time": 15.4333, "color": "ffffffd3" },
					{ "time": 16.1666, "color": "ffffff00", "curve": "stepped" },
					{ "time": 19.5, "color": "ffffff00" },
					{ "time": 19.6, "color": "ffffffd3" },
					{ "time": 20.3333, "color": "ffffff00", "curve": "stepped" },
					{ "time": 27.6666, "color": "ffffff00" },
					{ "time": 27.7666, "color": "ffffffd3" },
					{ "time": 28.5, "color": "ffffff00", "curve": "stepped" },
					{ "time": 32.6666, "color": "ffffff00" },
					{ "time": 32.7666, "color": "ffffffd3" },
					{ "time": 33.5, "color": "ffffff00", "curve": "stepped" },
					{ "time": 37.3333, "color": "ffffff00" },
					{ "time": 37.4333, "color": "ffffffd3" },
					{ "time": 38.1666, "color": "ffffff00", "curve": "stepped" },
					{ "time": 42.6666, "color": "ffffff00" },
					{ "time": 42.7666, "color": "ffffffd3" },
					{ "time": 43.5, "color": "ffffff00", "curve": "stepped" },
					{ "time": 49, "color": "ffffff00" },
					{ "time": 49.1, "color": "ffffffd3" },
					{ "time": 49.8333, "color": "ffffff00", "curve": "stepped" },
					{ "time": 50.6666, "color": "ffffff00" },
					{ "time": 50.7666, "color": "ffffffd3" },
					{ "time": 51.5, "color": "ffffff00" }
				],
				"attachment": [
					{ "time": 0, "name": null },
					{ "time": 0.6666, "name": "Sky_light_00" },
					{ "time": 1.5, "name": null },
					{ "time": 3, "name": "Sky_light_00" },
					{ "time": 3.8333, "name": null },
					{ "time": 6.6666, "name": "Sky_light_00" },
					{ "time": 7.5, "name": null },
					{ "time": 10.6666, "name": "Sky_light_00" },
					{ "time": 11.5, "name": null },
					{ "time": 15.3333, "name": "Sky_light_00" },
					{ "time": 16.1666, "name": null },
					{ "time": 19.5, "name": "Sky_light_00" },
					{ "time": 20.3333, "name": null },
					{ "time": 27.6666, "name": "Sky_light_00" },
					{ "time": 28.5, "name": null },
					{ "time": 32.6666, "name": "Sky_light_00" },
					{ "time": 33.5, "name": null },
					{ "time": 37.3333, "name": "Sky_light_00" },
					{ "time": 38.1666, "name": null },
					{ "time": 42.6666, "name": "Sky_light_00" },
					{ "time": 43.5, "name": null },
					{ "time": 49, "name": "Sky_light_00" },
					{ "time": 49.8333, "name": null },
					{ "time": 50.6666, "name": "Sky_light_00" },
					{ "time": 51.5, "name": null }
				]
			}
		},
		"events": [
			{ "time": 62, "name": "loop" }
		]
	}
}
}