{
"skeleton": { "hash": "goxSsemg4hzRBGxIEe4M1Ixg0Oc", "spine": "3.2.01", "width": 4513.13, "height": 1168, "images": "" },
"bones": [
	{ "name": "BG_picture" },
	{ "name": "Smoke_1", "parent": "BG_picture", "x": -327, "y": 50, "scaleX": 4, "scaleY": -4 },
	{ "name": "Smoke_2", "parent": "BG_picture", "x": -327, "y": 90, "scaleX": 4, "scaleY": 4 }
],
"slots": [
	{ "name": "Smoke_3", "bone": "Smoke_2", "attachment": "Smoke_00" },
	{ "name": "Smoke_5", "bone": "Smoke_1", "attachment": "Smoke_00" },
	{ "name": "Smoke_4", "bone": "Smoke_2", "attachment": "Smoke_00" },
	{ "name": "Smoke_6", "bone": "Smoke_1", "attachment": "Smoke_00" }
],
"skins": {
	"default": {
		"Smoke_3": {
			"Smoke_00": { "scaleX": 1.2, "scaleY": 1.2, "width": 500, "height": 235 }
		},
		"Smoke_4": {
			"Smoke_00": { "x": -528.28, "scaleX": 1.2, "scaleY": 1.2, "width": 500, "height": 235 }
		},
		"Smoke_5": {
			"Smoke_00": { "scaleX": 1.2, "scaleY": 1.2, "width": 500, "height": 235 }
		},
		"Smoke_6": {
			"Smoke_00": { "x": -528.28, "scaleX": 1.2, "scaleY": 1.2, "width": 500, "height": 235 }
		}
	}
},
"events": {
	"loop": {}
},
"animations": {
	"BG_only_fog_front": {
		"slots": {
			"Smoke_3": {
				"attachment": [
					{ "time": 0, "name": "Smoke_00" }
				]
			},
			"Smoke_4": {
				"attachment": [
					{ "time": 0, "name": "Smoke_00" }
				]
			}
		},
		"bones": {
			"Smoke_2": {
				"translate": [
					{ "time": 0, "x": 2848.51, "y": -528 },
					{ "time": 13.3333, "x": 733, "y": -528 }
				]
			},
			"Smoke_1": {
				"translate": [
					{ "time": 0, "x": -83, "y": -546 },
					{ "time": 13.3333, "x": 2034.38, "y": -546 }
				]
			}
		},
		"events": [
			{ "time": 13.3333, "name": "loop" }
		]
	}
}
}