{
"skeleton": { "hash": "DXJYRzeCzsK6MTWWDpCdN2rci3s", "spine": "2.1.27", "width": 1224, "height": 790, "images": "" },
"bones": [
	{ "name": "BG_picture" },
	{ "name": "Rain", "parent": "BG_picture", "y": -390 },
	{ "name": "Rain_picture", "parent": "Rain" }
],
"slots": [
	{ "name": "Rain_0001", "bone": "Rain_picture", "attachment": "Snow_0001" }
],
"skins": {
	"default": {
		"Rain_0001": {
			"Snow_0001": { "width": 1224, "height": 790 },
			"Snow_0002": { "width": 1224, "height": 790 },
			"Snow_0003": { "width": 1224, "height": 790 },
			"Snow_0004": { "width": 1224, "height": 790 },
			"Snow_0005": { "width": 1224, "height": 790 },
			"Snow_0006": { "width": 1224, "height": 790 },
			"Snow_0007": { "width": 1224, "height": 790 },
			"Snow_0008": { "width": 1224, "height": 790 },
			"Snow_0009": { "width": 1224, "height": 790 },
			"Snow_0010": { "width": 1224, "height": 790 },
			"Snow_0011": { "width": 1224, "height": 790 },
			"Snow_0012": { "width": 1224, "height": 790 },
			"Snow_0013": { "width": 1224, "height": 790 },
			"Snow_0014": { "width": 1224, "height": 790 },
			"Snow_0015": { "width": 1224, "height": 790 },
			"Snow_0016": { "width": 1224, "height": 790 },
			"Snow_0017": { "width": 1224, "height": 790 },
			"Snow_0018": { "width": 1224, "height": 790 },
			"Snow_0019": { "width": 1224, "height": 790 },
			"Snow_0020": { "width": 1224, "height": 790 },
			"Snow_0021": { "width": 1224, "height": 790 },
			"Snow_0022": { "width": 1224, "height": 790 },
			"Snow_0023": { "width": 1224, "height": 790 },
			"Snow_0024": { "width": 1224, "height": 790 },
			"Snow_0025": { "width": 1224, "height": 790 },
			"Snow_0026": { "width": 1224, "height": 790 },
			"Snow_0027": { "width": 1224, "height": 790 },
			"Snow_0028": { "width": 1224, "height": 790 },
			"Snow_0029": { "width": 1224, "height": 790 },
			"Snow_0030": { "width": 1224, "height": 790 },
			"Snow_0031": { "width": 1224, "height": 790 },
			"Snow_0032": { "width": 1224, "height": 790 },
			"Snow_0033": { "width": 1224, "height": 790 },
			"Snow_0034": { "width": 1224, "height": 790 },
			"Snow_0035": { "width": 1224, "height": 790 },
			"Snow_0036": { "width": 1224, "height": 790 },
			"Snow_0037": { "width": 1224, "height": 790 },
			"Snow_0038": { "width": 1224, "height": 790 },
			"Snow_0039": { "width": 1224, "height": 790 },
			"Snow_0040": { "width": 1224, "height": 790 }
		}
	}
},
"animations": {
	"BG_Ice_front": {
		"slots": {
			"Rain_0001": {
				"attachment": [
					{ "time": 0, "name": "Snow_0001" },
					{ "time": 0.0666, "name": "Snow_0002" },
					{ "time": 0.1333, "name": "Snow_0003" },
					{ "time": 0.2, "name": "Snow_0004" },
					{ "time": 0.2666, "name": "Snow_0005" },
					{ "time": 0.3333, "name": "Snow_0006" },
					{ "time": 0.4, "name": "Snow_0007" },
					{ "time": 0.4666, "name": "Snow_0008" },
					{ "time": 0.5333, "name": "Snow_0009" },
					{ "time": 0.6, "name": "Snow_0010" },
					{ "time": 0.6666, "name": "Snow_0011" },
					{ "time": 0.7333, "name": "Snow_0012" },
					{ "time": 0.8, "name": "Snow_0013" },
					{ "time": 0.8666, "name": "Snow_0014" },
					{ "time": 0.9333, "name": "Snow_0015" },
					{ "time": 1, "name": "Snow_0016" },
					{ "time": 1.0666, "name": "Snow_0017" },
					{ "time": 1.1333, "name": "Snow_0018" },
					{ "time": 1.2, "name": "Snow_0019" },
					{ "time": 1.2666, "name": "Snow_0020" },
					{ "time": 1.3333, "name": "Snow_0021" },
					{ "time": 1.4, "name": "Snow_0022" },
					{ "time": 1.4666, "name": "Snow_0023" },
					{ "time": 1.5333, "name": "Snow_0024" },
					{ "time": 1.6, "name": "Snow_0025" },
					{ "time": 1.6666, "name": "Snow_0026" },
					{ "time": 1.7333, "name": "Snow_0027" },
					{ "time": 1.8, "name": "Snow_0028" },
					{ "time": 1.8666, "name": "Snow_0029" },
					{ "time": 1.9333, "name": "Snow_0030" },
					{ "time": 2, "name": "Snow_0031" },
					{ "time": 2.0666, "name": "Snow_0032" },
					{ "time": 2.1333, "name": "Snow_0033" },
					{ "time": 2.2, "name": "Snow_0034" },
					{ "time": 2.2666, "name": "Snow_0035" },
					{ "time": 2.3333, "name": "Snow_0036" },
					{ "time": 2.4, "name": "Snow_0037" },
					{ "time": 2.4666, "name": "Snow_0038" },
					{ "time": 2.5333, "name": "Snow_0039" },
					{ "time": 2.6, "name": "Snow_0040" },
					{ "time": 2.6666, "name": "Snow_0001" }
				]
			}
		}
	}
}
}