{
"skeleton": { "hash": "w+30FUMUaxhfzFk7FhmvmhELRS4", "spine": "3.2.01", "width": 0, "height": 0, "images": "" },
"bones": [
	{ "name": "root" },
	{ "name": "bone", "parent": "root" },
	{ "name": "TX", "parent": "bone" },
	{ "name": "Q2", "parent": "TX" },
	{ "name": "box", "parent": "bone", "x": 1.37, "y": 21.99 },
	{ "name": "box_light", "parent": "box", "x": -1.37, "y": -12.96 },
	{ "name": "ice box", "parent": "bone", "x": 2.46, "y": 22.16 },
	{ "name": "light", "parent": "bone", "x": 8, "y": 17 },
	{ "name": "light2", "parent": "bone", "x": 0.13, "y": 17 }
],
"slots": [
	{ "name": "01", "bone": "box" },
	{ "name": "l1", "bone": "light", "blend": "additive" },
	{ "name": "box", "bone": "ice box" },
	{ "name": "l2", "bone": "light2", "blend": "additive" },
	{ "name": "box_light", "bone": "box_light", "blend": "additive" },
	{ "name": "q1", "bone": "TX", "blend": "additive" },
	{ "name": "q2", "bone": "Q2", "blend": "additive" }
],
"skins": {
	"default": {
		"01": {
			"01": { "x": 3.63, "width": 393, "height": 359 },
			"02": { "x": 3.63, "width": 393, "height": 359 },
			"03": { "x": 3.63, "width": 393, "height": 359 },
			"04": { "x": 3.63, "width": 393, "height": 359 },
			"05": { "x": 3.63, "width": 393, "height": 359 },
			"06": { "x": 3.63, "width": 393, "height": 359 },
			"07": { "x": 3.63, "width": 393, "height": 359 },
			"08": { "x": 3.63, "width": 393, "height": 359 },
			"09": { "x": 3.63, "width": 393, "height": 359 },
			"10": { "x": 3.63, "width": 393, "height": 359 },
			"11": { "x": 3.63, "width": 393, "height": 359 },
			"12": { "x": 3.63, "width": 393, "height": 359 },
			"13": { "x": 3.63, "width": 393, "height": 359 },
			"14": { "x": 3.63, "width": 393, "height": 359 },
			"15": { "x": 3.63, "width": 393, "height": 359 }
		},
		"box": {
			"box": { "x": 2.46, "y": 8.21, "width": 393, "height": 359 }
		},
		"box_light": {
			"16": { "path": "11", "x": 5, "y": 12.96, "width": 393, "height": 359 }
		},
		"l1": {
			"l1": { "width": 393, "height": 359 },
			"l2": { "width": 393, "height": 359 },
			"l3": { "width": 393, "height": 359 },
			"l4": { "width": 393, "height": 359 }
		},
		"l2": {
			"l1": { "x": 7.86, "width": 393, "height": 359 },
			"l2": { "x": 7.86, "width": 393, "height": 359 },
			"l3": { "x": 7.86, "width": 393, "height": 359 },
			"l4": { "x": 7.86, "width": 393, "height": 359 }
		},
		"q1": {
			"q1": { "x": 8.21, "y": 20.52, "width": 393, "height": 359 }
		},
		"q2": {
			"q2": { "x": 8.21, "y": 20.52, "width": 393, "height": 359 },
			"q3": { "x": 8.21, "y": 20.52, "width": 393, "height": 359 },
			"q4": { "x": 8.21, "y": 20.52, "width": 393, "height": 359 },
			"q5": { "x": 8.21, "y": 20.52, "width": 393, "height": 359 }
		}
	}
},
"animations": {
	"open": {
		"slots": {
			"01": {
				"attachment": [
					{ "time": 0, "name": "11" },
					{ "time": 0.2333, "name": "11" },
					{ "time": 0.6666, "name": "12" },
					{ "time": 0.7, "name": "13" },
					{ "time": 0.7333, "name": "14" },
					{ "time": 0.7666, "name": "15" }
				]
			},
			"box": {
				"attachment": [
					{ "time": 0.7, "name": "box" }
				]
			},
			"box_light": {
				"color": [
					{ "time": 0.0666, "color": "ffffff1c" },
					{ "time": 0.2666, "color": "ffffff92" },
					{ "time": 0.4, "color": "ffffff3f" },
					{ "time": 0.6, "color": "ffffff87" },
					{ "time": 0.6666, "color": "ffffffff" }
				],
				"attachment": [
					{ "time": 0.0666, "name": "16" },
					{ "time": 0.7, "name": null }
				]
			},
			"l1": {
				"color": [
					{ "time": 0, "color": "ffc3004d" },
					{ "time": 0.5, "color": "ffc3001e" },
					{ "time": 1.0333, "color": "ffc3004d" }
				],
				"attachment": [
					{ "time": 0, "name": "l4" },
					{ "time": 0.0666, "name": "l1" },
					{ "time": 0.1333, "name": "l2" },
					{ "time": 0.2, "name": "l3" },
					{ "time": 0.2666, "name": "l4" },
					{ "time": 0.7, "name": "l1" },
					{ "time": 0.7666, "name": "l2" },
					{ "time": 0.8333, "name": "l3" },
					{ "time": 0.9, "name": "l4" },
					{ "time": 0.9666, "name": "l1" },
					{ "time": 1.0333, "name": "l3" }
				]
			},
			"l2": {
				"color": [
					{ "time": 0.7, "color": "ff8b0058" },
					{ "time": 0.9, "color": "ffa30036" },
					{ "time": 1.2, "color": "ff850090" },
					{ "time": 1.5, "color": "ff9d0049" },
					{ "time": 1.8333, "color": "ff92004d" }
				],
				"attachment": [
					{ "time": 0.7, "name": "l1" },
					{ "time": 0.7666, "name": "l2" },
					{ "time": 0.8333, "name": "l3" },
					{ "time": 0.9, "name": "l4" },
					{ "time": 0.9666, "name": "l1" },
					{ "time": 1.0333, "name": "l2" }
				]
			},
			"q1": {
				"color": [
					{ "time": 0.7, "color": "ffffffd7" },
					{ "time": 1.1666, "color": "ffffff69" },
					{ "time": 1.5, "color": "ffffffcb" },
					{ "time": 1.8333, "color": "ffffffd8" }
				],
				"attachment": [
					{ "time": 0, "name": null },
					{ "time": 0.7, "name": "q1" },
					{ "time": 1.8333, "name": "q1" }
				]
			},
			"q2": {
				"attachment": [
					{ "time": 0.7, "name": "q2" },
					{ "time": 0.7666, "name": "q3" },
					{ "time": 0.8333, "name": "q4" },
					{ "time": 0.9, "name": "q5" },
					{ "time": 0.9666, "name": "q2" },
					{ "time": 1.0333, "name": "q3" },
					{ "time": 1.1, "name": "q4" },
					{ "time": 1.1666, "name": "q5" },
					{ "time": 1.2333, "name": "q2" },
					{ "time": 1.3, "name": "q3" },
					{ "time": 1.3666, "name": "q4" },
					{ "time": 1.4333, "name": "q5" },
					{ "time": 1.5, "name": "q2" },
					{ "time": 1.5666, "name": "q3" },
					{ "time": 1.6333, "name": "q4" },
					{ "time": 1.7, "name": "q5" },
					{ "time": 1.7666, "name": "q2" },
					{ "time": 1.8333, "name": "q3" }
				]
			}
		},
		"bones": {
			"light": {
				"rotate": [
					{ "time": 0, "angle": 0, "curve": "stepped" },
					{ "time": 1.0333, "angle": 0 }
				],
				"translate": [
					{ "time": 0, "x": 0, "y": 0, "curve": "stepped" },
					{ "time": 1.0333, "x": 0, "y": 0 }
				],
				"scale": [
					{ "time": 0, "x": 0.598, "y": 0.598 },
					{ "time": 1.0333, "x": 0.691, "y": 0.691 }
				]
			},
			"box": {
				"rotate": [
					{ "time": 0, "angle": 0 },
					{ "time": 0.0666, "angle": 0.76 },
					{ "time": 0.1333, "angle": -1.5 },
					{ "time": 0.2, "angle": 4.84 },
					{ "time": 0.2333, "angle": -2.5 },
					{ "time": 0.3, "angle": 6.29 },
					{ "time": 0.4, "angle": -10.65 },
					{ "time": 0.5, "angle": 6.07 },
					{ "time": 0.5666, "angle": -10.65 },
					{ "time": 0.7333, "angle": 0, "curve": "stepped" },
					{ "time": 1.0333, "angle": 0 }
				],
				"translate": [
					{ "time": 0, "x": 0, "y": 0 },
					{ "time": 0.4, "x": 1.19, "y": -0.62, "curve": "stepped" },
					{ "time": 0.5666, "x": 1.19, "y": -0.62 },
					{ "time": 1.0333, "x": 0, "y": 0 }
				],
				"scale": [
					{ "time": 0, "x": 1, "y": 1 },
					{ "time": 0.1, "x": 0.992, "y": 0.81 },
					{ "time": 0.2, "x": 0.907, "y": 0.77 },
					{ "time": 0.3, "x": 1.233, "y": 0.785 },
					{ "time": 0.4, "x": 0.8, "y": 0.779 },
					{ "time": 0.5, "x": 1.014, "y": 0.703 },
					{ "time": 0.5666, "x": 0.8, "y": 0.779 },
					{ "time": 0.6333, "x": 0.907, "y": 0.77 },
					{ "time": 0.6666, "x": 1.099, "y": 0.959 },
					{ "time": 1.0333, "x": 1, "y": 1 }
				]
			},
			"bone": {
				"rotate": [
					{ "time": 0, "angle": 0 },
					{ "time": 0.2666, "angle": 1.54 },
					{ "time": 0.8333, "angle": 0, "curve": "stepped" },
					{ "time": 1.0333, "angle": 0 }
				],
				"translate": [
					{ "time": 0, "x": 0, "y": 0 },
					{ "time": 0.2666, "x": 0.6, "y": -1.81 },
					{ "time": 0.7333, "x": 0.45, "y": 1.66 },
					{ "time": 0.8333, "x": 0.3, "y": -1.91 },
					{ "time": 1.0333, "x": 0, "y": 0 }
				],
				"scale": [
					{ "time": 1.0333, "x": 1, "y": 1 }
				]
			},
			"light2": {
				"rotate": [
					{ "time": 0.7, "angle": 0 },
					{ "time": 1.0333, "angle": -48.84 },
					{ "time": 1.5, "angle": -108.38 },
					{ "time": 1.8333, "angle": -153.42 }
				],
				"translate": [
					{ "time": 0.7, "x": -0.02, "y": -1.2 },
					{ "time": 1.0333, "x": 2.42, "y": -12.09, "curve": "stepped" },
					{ "time": 1.8333, "x": 2.42, "y": -12.09 }
				],
				"scale": [
					{ "time": 0.7, "x": 0.803, "y": 0.803 },
					{ "time": 1.0333, "x": 1.046, "y": 1.046 },
					{ "time": 1.8333, "x": 0.875, "y": 0.875 }
				]
			},
			"ice box": {
				"rotate": [
					{ "time": 0.7, "angle": 0, "curve": "stepped" },
					{ "time": 1.8333, "angle": 0 }
				],
				"translate": [
					{ "time": 0.7, "x": 0, "y": 0 },
					{ "time": 1, "x": 0, "y": 1.64, "curve": "stepped" },
					{ "time": 1.1666, "x": 0, "y": 1.64 },
					{ "time": 1.5, "x": 0, "y": -3.28, "curve": "stepped" },
					{ "time": 1.6666, "x": 0, "y": -3.28 },
					{ "time": 1.8333, "x": 0, "y": 0 }
				],
				"scale": [
					{ "time": 0.7, "x": 0.834, "y": 0.834, "curve": "stepped" },
					{ "time": 0.8666, "x": 0.834, "y": 0.834 },
					{ "time": 1.3, "x": 1.041, "y": 1.041 },
					{ "time": 1.6666, "x": 0.834, "y": 0.834 },
					{ "time": 1.8333, "x": 1, "y": 1 }
				]
			},
			"box_light": {
				"rotate": [
					{ "time": 0, "angle": 0, "curve": "stepped" },
					{ "time": 1.8333, "angle": 0 }
				],
				"translate": [
					{ "time": 0, "x": 0, "y": 0, "curve": "stepped" },
					{ "time": 1.8333, "x": 0, "y": 0 }
				],
				"scale": [
					{ "time": 0, "x": 1, "y": 1 },
					{ "time": 0.0666, "x": 1.503, "y": 1.503 },
					{ "time": 0.1333, "x": 1.266, "y": 1.266 },
					{ "time": 0.2, "x": 1.345, "y": 1.345 },
					{ "time": 0.2666, "x": 1.547, "y": 1.428 },
					{ "time": 0.3333, "x": 1.372, "y": 1.277 },
					{ "time": 0.4, "x": 0.703, "y": 0.665 },
					{ "time": 0.6, "x": 1.075, "y": 1.063 },
					{ "time": 0.6666, "x": 1.551, "y": 1.551 },
					{ "time": 1.8333, "x": 1, "y": 1 }
				]
			},
			"TX": {
				"translate": [
					{ "time": 0.7, "x": -1.31, "y": 11.11, "curve": "stepped" },
					{ "time": 1.8333, "x": -1.31, "y": 11.11 }
				]
			}
		},
		"drawOrder": [
			{
				"time": 0,
				"offsets": [
					{ "slot": "01", "offset": 2 }
				]
			},
			{
				"time": 0.7,
				"offsets": [
					{ "slot": "01", "offset": 1 }
				]
			},
			{
				"time": 1.8333,
				"offsets": [
					{ "slot": "01", "offset": 1 }
				]
			}
		]
	},
	"open_stand": {
		"slots": {
			"01": {
				"attachment": [
					{ "time": 0, "name": "15" }
				]
			},
			"box": {
				"attachment": [
					{ "time": 0, "name": "box" }
				]
			},
			"l1": {
				"color": [
					{ "time": 0, "color": "dcff7aff", "curve": "stepped" },
					{ "time": 2, "color": "dcff7aff" }
				],
				"attachment": [
					{ "time": 0, "name": "l3" },
					{ "time": 2, "name": "l3" }
				]
			},
			"l2": {
				"color": [
					{ "time": 0, "color": "ff6d00ca" },
					{ "time": 0.1666, "color": "ffce1490" },
					{ "time": 0.4666, "color": "ff6a0149" },
					{ "time": 1, "color": "ff780078" },
					{ "time": 2, "color": "ff6d00ca" }
				],
				"attachment": [
					{ "time": 0, "name": "l2" },
					{ "time": 2, "name": "l2" }
				]
			},
			"q1": {
				"color": [
					{ "time": 0, "color": "ffffffd7" },
					{ "time": 0.5, "color": "ffffffb5" },
					{ "time": 1, "color": "ffffff5d" },
					{ "time": 1.5, "color": "ffffffbf" },
					{ "time": 2, "color": "ffffffda" }
				],
				"attachment": [
					{ "time": 0, "name": "q1" }
				]
			},
			"q2": {
				"attachment": [
					{ "time": 0, "name": "q2" },
					{ "time": 0.0666, "name": "q3" },
					{ "time": 0.1333, "name": "q4" },
					{ "time": 0.2, "name": "q5" },
					{ "time": 0.2666, "name": null },
					{ "time": 0.5, "name": "q2" },
					{ "time": 0.5666, "name": "q3" },
					{ "time": 0.6333, "name": "q4" },
					{ "time": 0.7, "name": "q5" },
					{ "time": 0.7666, "name": null },
					{ "time": 1, "name": "q2" },
					{ "time": 1.0666, "name": "q3" },
					{ "time": 1.1333, "name": "q4" },
					{ "time": 1.2, "name": "q5" },
					{ "time": 1.2666, "name": null },
					{ "time": 1.5, "name": "q2" },
					{ "time": 1.5666, "name": "q3" },
					{ "time": 1.6333, "name": "q4" },
					{ "time": 1.7, "name": "q5" },
					{ "time": 1.7666, "name": null }
				]
			}
		},
		"bones": {
			"light": {
				"rotate": [
					{ "time": 0, "angle": 0 },
					{ "time": 0.6666, "angle": 142.62 },
					{ "time": 1.3333, "angle": -119.81 },
					{ "time": 2, "angle": 0 }
				],
				"translate": [
					{ "time": 0, "x": 0, "y": 0 },
					{ "time": 0.6666, "x": -13.95, "y": -8.2 },
					{ "time": 2, "x": 0, "y": 0 }
				],
				"scale": [
					{ "time": 0, "x": 0.691, "y": 0.691, "curve": "stepped" },
					{ "time": 2, "x": 0.691, "y": 0.691 }
				]
			},
			"box": {
				"rotate": [
					{ "time": 0, "angle": 0 }
				],
				"translate": [
					{ "time": 0, "x": 0, "y": 0 }
				],
				"scale": [
					{ "time": 0, "x": 1, "y": 1 }
				]
			},
			"bone": {
				"rotate": [
					{ "time": 0, "angle": 0 }
				],
				"translate": [
					{ "time": 0, "x": 0, "y": 0 }
				],
				"scale": [
					{ "time": 0, "x": 1, "y": 1 }
				]
			},
			"light2": {
				"rotate": [
					{ "time": 0, "angle": -48.84 },
					{ "time": 0.4666, "angle": -108.38 },
					{ "time": 1, "angle": -153.42 },
					{ "time": 1.5, "angle": 111.3 },
					{ "time": 2, "angle": -48.84 }
				],
				"translate": [
					{ "time": 0, "x": 2.42, "y": 5.96 },
					{ "time": 1, "x": 2.42, "y": -2.24 },
					{ "time": 2, "x": 2.42, "y": 5.96 }
				],
				"scale": [
					{ "time": 0, "x": 1.046, "y": 1.046 },
					{ "time": 1, "x": 0.875, "y": 0.875 },
					{ "time": 2, "x": 1.046, "y": 1.046 }
				]
			},
			"ice box": {
				"rotate": [
					{ "time": 0, "angle": 0, "curve": "stepped" },
					{ "time": 1, "angle": 0, "curve": "stepped" },
					{ "time": 2, "angle": 0 }
				],
				"translate": [
					{ "time": 0, "x": 0, "y": 0 },
					{ "time": 0.2666, "x": 0, "y": 1.64 },
					{ "time": 0.6, "x": 0, "y": -3.28, "curve": "stepped" },
					{ "time": 0.7666, "x": 0, "y": -3.28 },
					{ "time": 1, "x": 0, "y": 0 },
					{ "time": 1.2666, "x": 0, "y": 1.64 },
					{ "time": 1.6, "x": 0, "y": -3.28, "curve": "stepped" },
					{ "time": 1.7666, "x": 0, "y": -3.28 },
					{ "time": 2, "x": 0, "y": 0 }
				],
				"scale": [
					{ "time": 0, "x": 1, "y": 1 },
					{ "time": 0.4, "x": 1.041, "y": 1.041 },
					{ "time": 0.7666, "x": 0.834, "y": 0.834 },
					{ "time": 1, "x": 1, "y": 1 },
					{ "time": 1.4, "x": 1.041, "y": 1.041 },
					{ "time": 1.7666, "x": 0.834, "y": 0.834 },
					{ "time": 2, "x": 1, "y": 1 }
				]
			},
			"Q2": {
				"translate": [
					{ "time": 0, "x": -1.38, "y": 23.6 }
				]
			}
		},
		"drawOrder": [
			{
				"time": 0,
				"offsets": [
					{ "slot": "01", "offset": 1 }
				]
			},
			{
				"time": 2,
				"offsets": [
					{ "slot": "01", "offset": 1 }
				]
			}
		]
	},
	"stand": {
		"slots": {
			"01": {
				"attachment": [
					{ "time": 0, "name": "11" },
					{ "time": 2, "name": "11" }
				]
			},
			"l1": {
				"color": [
					{ "time": 0, "color": "ffc3004d" },
					{ "time": 0.5, "color": "ffa9002e" },
					{ "time": 1, "color": "ff7e0045" },
					{ "time": 1.5, "color": "ffa80025" },
					{ "time": 2, "color": "ffc3004d" }
				],
				"attachment": [
					{ "time": 0, "name": "l4" },
					{ "time": 0.0666, "name": "l1" },
					{ "time": 0.1333, "name": "l2" },
					{ "time": 0.2, "name": "l3" },
					{ "time": 0.2666, "name": "l4" },
					{ "time": 0.3333, "name": "l1" },
					{ "time": 0.4, "name": "l2" },
					{ "time": 0.4666, "name": "l3" },
					{ "time": 0.5333, "name": "l4" },
					{ "time": 0.6, "name": "l1" },
					{ "time": 0.6666, "name": "l2" },
					{ "time": 0.7333, "name": "l3" },
					{ "time": 0.8, "name": "l4" },
					{ "time": 0.8666, "name": "l1" },
					{ "time": 0.9333, "name": "l2" },
					{ "time": 1, "name": "l3" },
					{ "time": 1.0666, "name": "l4" },
					{ "time": 1.1333, "name": "l1" },
					{ "time": 1.2, "name": "l2" },
					{ "time": 1.2666, "name": "l3" },
					{ "time": 1.3333, "name": "l4" },
					{ "time": 1.4, "name": "l1" },
					{ "time": 1.4666, "name": "l2" },
					{ "time": 1.5333, "name": "l3" },
					{ "time": 1.6, "name": "l4" },
					{ "time": 1.6666, "name": "l1" },
					{ "time": 1.7333, "name": "l2" },
					{ "time": 1.8, "name": "l3" },
					{ "time": 1.8666, "name": "l4" },
					{ "time": 1.9333, "name": "l1" },
					{ "time": 2, "name": "l4" }
				]
			}
		},
		"bones": {
			"box": {
				"rotate": [
					{ "time": 0, "angle": 0, "curve": "stepped" },
					{ "time": 2, "angle": 0 }
				],
				"translate": [
					{ "time": 0, "x": 0, "y": 0, "curve": "stepped" },
					{ "time": 2, "x": 0, "y": 0 }
				],
				"scale": [
					{ "time": 0, "x": 1, "y": 1, "curve": "stepped" },
					{ "time": 2, "x": 1, "y": 1 }
				]
			},
			"light": {
				"rotate": [
					{ "time": 0, "angle": 0, "curve": "stepped" },
					{ "time": 2, "angle": 0 }
				],
				"translate": [
					{ "time": 0, "x": 0, "y": 0, "curve": "stepped" },
					{ "time": 2, "x": 0, "y": 0 }
				],
				"scale": [
					{ "time": 0, "x": 1, "y": 1 },
					{ "time": 1, "x": 0.905, "y": 0.905 },
					{ "time": 2, "x": 1, "y": 1 }
				]
			},
			"bone": {
				"rotate": [
					{ "time": 0, "angle": 0, "curve": "stepped" },
					{ "time": 0.8, "angle": 0 },
					{ "time": 0.8333, "angle": 6.19 },
					{ "time": 0.9, "angle": -4.67 },
					{ "time": 0.9666, "angle": 4.92 },
					{ "time": 1.0333, "angle": -4.56 },
					{ "time": 1.0666, "angle": 0, "curve": "stepped" },
					{ "time": 2, "angle": 0 }
				],
				"translate": [
					{ "time": 0, "x": 0, "y": 0, "curve": "stepped" },
					{ "time": 0.9333, "x": 0, "y": 0 },
					{ "time": 0.9666, "x": 0, "y": 4.7 },
					{ "time": 1.0333, "x": 0, "y": 0, "curve": "stepped" },
					{ "time": 2, "x": 0, "y": 0 }
				]
			}
		},
		"drawOrder": [
			{
				"time": 0,
				"offsets": [
					{ "slot": "01", "offset": 4 }
				]
			},
			{
				"time": 2,
				"offsets": [
					{ "slot": "01", "offset": 4 }
				]
			}
		]
	},
	"stat": {
		"slots": {
			"01": {
				"attachment": [
					{ "time": 0, "name": null },
					{ "time": 0.0333, "name": "01" },
					{ "time": 0.0666, "name": "02" },
					{ "time": 0.1, "name": "03" },
					{ "time": 0.1333, "name": "04" },
					{ "time": 0.1666, "name": "05" },
					{ "time": 0.2, "name": "06" },
					{ "time": 0.2333, "name": "07" },
					{ "time": 0.2666, "name": "08" },
					{ "time": 0.3, "name": "09" },
					{ "time": 0.3333, "name": "10" },
					{ "time": 0.3666, "name": "11" }
				]
			},
			"l1": {
				"color": [
					{ "time": 0.2666, "color": "007fff2e" },
					{ "time": 0.3666, "color": "ffc3004d" }
				],
				"attachment": [
					{ "time": 0.2666, "name": "l1" },
					{ "time": 0.3, "name": "l2" },
					{ "time": 0.3333, "name": "l3" },
					{ "time": 0.3666, "name": "l4" }
				]
			}
		},
		"bones": {
			"bone": {
				"rotate": [
					{ "time": 0, "angle": 0, "curve": "stepped" },
					{ "time": 0.3666, "angle": 0 }
				],
				"translate": [
					{ "time": 0, "x": 0, "y": 0, "curve": "stepped" },
					{ "time": 0.3333, "x": 0, "y": 0 },
					{ "time": 0.4, "x": 0, "y": 18.03 },
					{ "time": 0.4666, "x": 0, "y": 3.92 },
					{ "time": 0.5, "x": 0, "y": 0 }
				],
				"scale": [
					{ "time": 0, "x": 1, "y": 1, "curve": "stepped" },
					{ "time": 0.3666, "x": 1, "y": 1 }
				]
			},
			"light": {
				"rotate": [
					{ "time": 0, "angle": 0, "curve": "stepped" },
					{ "time": 0.3666, "angle": 0 }
				],
				"translate": [
					{ "time": 0, "x": 0, "y": 0 },
					{ "time": 0.2666, "x": -4.7, "y": -0.78 },
					{ "time": 0.3666, "x": 0, "y": 0 }
				],
				"scale": [
					{ "time": 0, "x": 1, "y": 1 },
					{ "time": 0.2666, "x": 0.558, "y": 0.558 },
					{ "time": 0.3666, "x": 1, "y": 1 }
				]
			},
			"box": {
				"rotate": [
					{ "time": 0, "angle": 0, "curve": "stepped" },
					{ "time": 0.3666, "angle": 0 }
				],
				"translate": [
					{ "time": 0, "x": 0, "y": 0, "curve": "stepped" },
					{ "time": 0.3666, "x": 0, "y": 0 }
				],
				"scale": [
					{ "time": 0, "x": 1, "y": 1, "curve": "stepped" },
					{ "time": 0.3666, "x": 1, "y": 1 }
				]
			}
		},
		"drawOrder": [
			{
				"time": 0.2333,
				"offsets": [
					{ "slot": "01", "offset": 4 }
				]
			},
			{
				"time": 0.3666,
				"offsets": [
					{ "slot": "01", "offset": 4 }
				]
			}
		]
	}
}
}