{
"skeleton": { "hash": "3MTH++AhEqxr/12uaSeZVWUQxSQ", "spine": "3.2.01", "width": 287, "height": 147, "images": "" },
"bones": [
	{ "name": "root" },
	{ "name": "bone", "parent": "root" },
	{ "name": "bone2", "parent": "bone" },
	{ "name": "crab", "parent": "bone2" },
	{ "name": "body", "parent": "crab", "x": 4, "y": 41 },
	{ "name": "hand_L2", "parent": "body", "length": 20.34, "rotation": 149.62, "x": -63.36, "y": -3.51 },
	{ "name": "hand_L3", "parent": "hand_L2", "length": 45.55, "rotation": -40.22, "x": 20.34 },
	{ "name": "SH", "parent": "hand_L3", "length": 27.86, "rotation": 126.22, "x": 29.4, "y": -3.93 },
	{ "name": "eye1", "parent": "body", "x": 21.39, "y": 41.32 },
	{ "name": "eye2", "parent": "body", "x": -27.85, "y": 37.47 },
	{ "name": "hand_L3A", "parent": "hand_L2", "length": 33.47, "rotation": -72.14, "x": 19.51, "y": 0.21 },
	{ "name": "hand_R2", "parent": "body", "length": 27.23, "rotation": 53.13, "x": 77.03, "y": 21.9 },
	{ "name": "hand_R3", "parent": "hand_R2", "length": 30.04, "rotation": 71.2, "x": 26.14, "y": 4.47 },
	{ "name": "hand_R3A", "parent": "hand_R2", "length": 37.09, "rotation": 31.25, "x": 27.23 },
	{ "name": "leg_L1", "parent": "crab", "x": -47.8, "y": 26.02 },
	{ "name": "leg_L2", "parent": "crab", "x": -54.46, "y": 26.62 },
	{ "name": "leg_L3", "parent": "crab", "x": -38.73, "y": 15.73 },
	{ "name": "leg_L4", "parent": "crab", "x": -47.8, "y": 18.76 },
	{ "name": "leg_R1", "parent": "crab", "x": 69.59, "y": 43.57 },
	{ "name": "leg_R2", "parent": "crab", "x": 68.98, "y": 45.99 },
	{ "name": "leg_R3", "parent": "crab", "x": 68.98, "y": 34.49 },
	{ "name": "leg_R4", "parent": "crab", "x": 67.77, "y": 26.02 },
	{ "name": "shadow", "parent": "crab", "scaleX": 0.897, "scaleY": 0.897 }
],
"slots": [
	{ "name": "shadow", "bone": "shadow", "attachment": "shadow" },
	{ "name": "leg_L4", "bone": "leg_L4", "attachment": "leg_L4" },
	{ "name": "leg_L3", "bone": "leg_L3", "attachment": "leg_L3" },
	{ "name": "leg_L2", "bone": "leg_L2", "attachment": "leg_L2" },
	{ "name": "leg_L1", "bone": "leg_L1", "attachment": "leg_L1" },
	{ "name": "leg_R4", "bone": "leg_R4", "attachment": "leg_R4" },
	{ "name": "leg_R3", "bone": "leg_R3", "attachment": "leg_R3" },
	{ "name": "leg_R2", "bone": "leg_R2", "attachment": "leg_R2" },
	{ "name": "leg_R1", "bone": "leg_R1", "attachment": "leg_R1" },
	{ "name": "body", "bone": "body", "attachment": "body" },
	{ "name": "eye1", "bone": "eye1", "attachment": "eye1" },
	{ "name": "eye2", "bone": "eye2", "attachment": "eye2" },
	{ "name": "hand_R2", "bone": "hand_R2", "attachment": "hand_R2" },
	{ "name": "hand_R3", "bone": "hand_R3", "attachment": "hand_R3" },
	{ "name": "hand_R3A", "bone": "hand_R3A", "attachment": "hand_R3A" },
	{ "name": "hand_L2", "bone": "hand_L2", "attachment": "hand_L2" },
	{ "name": "hand_L3A", "bone": "hand_L3A", "attachment": "hand_L3A" },
	{ "name": "hand_L3", "bone": "hand_L3", "attachment": "hand_L3" },
	{ "name": "SH", "bone": "SH", "attachment": "SH" }
],
"skins": {
	"default": {
		"SH": {
			"SH": { "x": -35.52, "y": 83.49, "rotation": 124.38, "width": 287, "height": 147 }
		},
		"body": {
			"body": { "x": 1.99, "y": 18, "width": 287, "height": 147 }
		},
		"eye1": {
			"eye1": { "x": -19.39, "y": -23.32, "width": 287, "height": 147 }
		},
		"eye2": {
			"eye2": { "x": 29.85, "y": -19.47, "width": 287, "height": 147 }
		},
		"hand_L2": {
			"hand_L2": { "x": -45.51, "y": -51.61, "rotation": -149.62, "width": 287, "height": 147 }
		},
		"hand_L3": {
			"hand_L3": { "x": -16.95, "y": -81.93, "rotation": -109.39, "width": 287, "height": 147 }
		},
		"hand_L3A": {
			"hand_L3A": { "x": 29.4, "y": -77.78, "rotation": -77.47, "width": 287, "height": 147 }
		},
		"hand_R2": {
			"hand_R2": { "x": -48.14, "y": 57.68, "rotation": -53.13, "width": 287, "height": 147 }
		},
		"hand_R3": {
			"hand_R3": { "x": 26.42, "y": 87.46, "rotation": -124.33, "width": 287, "height": 147 }
		},
		"hand_R3A": {
			"hand_R3A": { "x": -34.51, "y": 88.41, "rotation": -84.38, "width": 287, "height": 147 }
		},
		"leg_L1": {
			"leg_L1": { "x": 53.8, "y": 32.97, "width": 287, "height": 147 }
		},
		"leg_L2": {
			"leg_L2": { "x": 60.46, "y": 32.37, "width": 287, "height": 147 }
		},
		"leg_L3": {
			"leg_L3": { "x": 44.73, "y": 43.26, "width": 287, "height": 147 }
		},
		"leg_L4": {
			"leg_L4": { "x": 53.8, "y": 40.23, "width": 287, "height": 147 }
		},
		"leg_R1": {
			"leg_R1": { "x": -63.59, "y": 15.42, "width": 287, "height": 147 }
		},
		"leg_R2": {
			"leg_R2": { "x": -62.98, "y": 13, "width": 287, "height": 147 }
		},
		"leg_R3": {
			"leg_R3": { "x": -62.98, "y": 24.5, "width": 287, "height": 147 }
		},
		"leg_R4": {
			"leg_R4": { "x": -61.77, "y": 32.97, "width": 287, "height": 147 }
		},
		"shadow": {
			"shadow": { "x": 6, "y": 59, "width": 287, "height": 147 }
		}
	}
},
"animations": {
	"normal": {
		"bones": {
			"crab": {
				"rotate": [
					{ "time": 0, "angle": 0, "curve": "stepped" },
					{ "time": 3.3333, "angle": 0 }
				],
				"translate": [
					{ "time": 0, "x": 0, "y": 0 },
					{ "time": 1.6666, "x": 20.57, "y": 0 },
					{ "time": 3.3333, "x": 0, "y": 0 }
				]
			},
			"shadow": {
				"rotate": [
					{ "time": 0, "angle": 0, "curve": "stepped" },
					{ "time": 3.3333, "angle": 0 }
				],
				"translate": [
					{ "time": 0, "x": 0, "y": 0 },
					{ "time": 0.3333, "x": -11.49, "y": -4.84 },
					{ "time": 0.6666, "x": -3.56, "y": -4.3 },
					{ "time": 1, "x": -11.49, "y": -4.84 },
					{ "time": 1.3333, "x": -3.56, "y": -4.3 },
					{ "time": 1.6666, "x": -11.49, "y": -4.84 },
					{ "time": 2, "x": -3.56, "y": -4.3 },
					{ "time": 2.3333, "x": -11.49, "y": -4.84 },
					{ "time": 2.6666, "x": -3.56, "y": -4.3 },
					{ "time": 3, "x": -11.49, "y": -4.84 },
					{ "time": 3.3333, "x": 0, "y": 0 }
				]
			},
			"leg_L4": {
				"rotate": [
					{ "time": 0, "angle": 0 },
					{ "time": 0.1666, "angle": -9.38 },
					{ "time": 0.3333, "angle": -4.97 },
					{ "time": 0.5, "angle": 7.64 },
					{ "time": 0.6666, "angle": 11.68 },
					{ "time": 0.8333, "angle": -9.38 },
					{ "time": 1, "angle": -4.97 },
					{ "time": 1.1666, "angle": 7.64 },
					{ "time": 1.3333, "angle": 11.68 },
					{ "time": 1.5, "angle": -9.38 },
					{ "time": 1.6666, "angle": -4.97 },
					{ "time": 1.8333, "angle": 7.64 },
					{ "time": 2, "angle": 11.68 },
					{ "time": 2.1666, "angle": -9.38 },
					{ "time": 2.3333, "angle": -4.97 },
					{ "time": 2.5, "angle": 7.64 },
					{ "time": 2.6666, "angle": 11.68 },
					{ "time": 2.8333, "angle": -9.38 },
					{ "time": 3, "angle": -4.97 },
					{ "time": 3.1666, "angle": 7.64 },
					{ "time": 3.3333, "angle": 0 }
				],
				"translate": [
					{ "time": 0, "x": 0, "y": 0 },
					{ "time": 0.5, "x": -19.37, "y": -0.16 },
					{ "time": 0.8333, "x": -12.98, "y": 0.02 },
					{ "time": 1.1666, "x": -19.37, "y": -0.16 },
					{ "time": 1.5, "x": -12.98, "y": 0.02 },
					{ "time": 1.8333, "x": -19.37, "y": -0.16 },
					{ "time": 2.1666, "x": -12.98, "y": 0.02 },
					{ "time": 2.5, "x": -19.37, "y": -0.16 },
					{ "time": 2.8333, "x": -12.98, "y": 0.02 },
					{ "time": 3.3333, "x": 0, "y": 0 }
				]
			},
			"leg_L3": {
				"rotate": [
					{ "time": 0, "angle": 0 },
					{ "time": 0.3333, "angle": 3.02 },
					{ "time": 0.6666, "angle": -28.6 },
					{ "time": 0.8333, "angle": -3.35 },
					{ "time": 1, "angle": 3.02 },
					{ "time": 1.3333, "angle": -28.6 },
					{ "time": 1.5, "angle": -5.2 },
					{ "time": 1.6666, "angle": 3.02 },
					{ "time": 2, "angle": -28.6 },
					{ "time": 2.1666, "angle": -2.66 },
					{ "time": 2.3333, "angle": 3.02 },
					{ "time": 2.6666, "angle": -28.6 },
					{ "time": 2.8333, "angle": -4.87 },
					{ "time": 3, "angle": 3.02 },
					{ "time": 3.1666, "angle": -14.46 },
					{ "time": 3.3333, "angle": 0 }
				],
				"translate": [
					{ "time": 0, "x": 0, "y": 0 },
					{ "time": 0.3333, "x": 0.32, "y": -1.39 },
					{ "time": 0.6666, "x": 0.05, "y": -6.25 },
					{ "time": 1, "x": 0.32, "y": -1.39 },
					{ "time": 1.3333, "x": 0.05, "y": -6.25 },
					{ "time": 1.6666, "x": 0.32, "y": -1.39 },
					{ "time": 2, "x": 0.05, "y": -6.25 },
					{ "time": 2.3333, "x": 0.32, "y": -1.39 },
					{ "time": 2.6666, "x": 0.05, "y": -6.25 },
					{ "time": 3, "x": 0.32, "y": -1.39 },
					{ "time": 3.3333, "x": 0, "y": 0 }
				]
			},
			"leg_L2": {
				"rotate": [
					{ "time": 0, "angle": 0 },
					{ "time": 0.1666, "angle": -7.4 },
					{ "time": 0.3333, "angle": -1.01 },
					{ "time": 0.5, "angle": 8.08 },
					{ "time": 0.6666, "angle": 8.6 },
					{ "time": 0.8333, "angle": -7.4 },
					{ "time": 1, "angle": -1.01 },
					{ "time": 1.1666, "angle": 8.08 },
					{ "time": 1.3333, "angle": 8.6 },
					{ "time": 1.5, "angle": -7.4 },
					{ "time": 1.6666, "angle": -1.01 },
					{ "time": 1.8333, "angle": 8.08 },
					{ "time": 2, "angle": 8.6 },
					{ "time": 2.1666, "angle": -7.4 },
					{ "time": 2.3333, "angle": -1.01 },
					{ "time": 2.5, "angle": 8.08 },
					{ "time": 2.6666, "angle": 8.6 },
					{ "time": 2.8333, "angle": -7.4 },
					{ "time": 3, "angle": -1.01 },
					{ "time": 3.1666, "angle": 8.08 },
					{ "time": 3.3333, "angle": 0 }
				],
				"translate": [
					{ "time": 0, "x": 0, "y": 0 },
					{ "time": 0.4, "x": -4.82, "y": 0.71 },
					{ "time": 0.7333, "x": 1.75, "y": 0.87 },
					{ "time": 1.0666, "x": -4.82, "y": 0.71 },
					{ "time": 1.4, "x": 1.75, "y": 0.87 },
					{ "time": 1.7333, "x": -4.82, "y": 0.71 },
					{ "time": 2.0666, "x": 1.75, "y": 0.87 },
					{ "time": 2.4, "x": -4.82, "y": 0.71 },
					{ "time": 2.7333, "x": 1.75, "y": 0.87 },
					{ "time": 3.0666, "x": -4.82, "y": 0.71 },
					{ "time": 3.3333, "x": 0, "y": 0 }
				]
			},
			"leg_L1": {
				"rotate": [
					{ "time": 0, "angle": 0 },
					{ "time": 0.1666, "angle": -10.99 },
					{ "time": 0.3333, "angle": -8.19 },
					{ "time": 0.5, "angle": 5.42 },
					{ "time": 0.6666, "angle": 10.47 },
					{ "time": 0.8333, "angle": -10.99 },
					{ "time": 1, "angle": -8.19 },
					{ "time": 1.1666, "angle": 5.42 },
					{ "time": 1.3333, "angle": 10.47 },
					{ "time": 1.5, "angle": -10.99 },
					{ "time": 1.6666, "angle": -8.19 },
					{ "time": 1.8333, "angle": 5.42 },
					{ "time": 2, "angle": 10.47 },
					{ "time": 2.1666, "angle": -10.99 },
					{ "time": 2.3333, "angle": -8.19 },
					{ "time": 2.5, "angle": 5.42 },
					{ "time": 2.6666, "angle": 10.47 },
					{ "time": 2.8333, "angle": -10.99 },
					{ "time": 3, "angle": -8.19 },
					{ "time": 3.1666, "angle": 5.42 },
					{ "time": 3.3333, "angle": 0 }
				],
				"translate": [
					{ "time": 0, "x": 0, "y": 0 },
					{ "time": 0.3333, "x": 2.93, "y": -4.2 },
					{ "time": 0.6666, "x": 5.92, "y": -0.09 },
					{ "time": 1, "x": 2.93, "y": -4.2 },
					{ "time": 1.3333, "x": 5.92, "y": -0.09 },
					{ "time": 1.6666, "x": 2.93, "y": -4.2 },
					{ "time": 2, "x": 5.92, "y": -0.09 },
					{ "time": 2.3333, "x": 2.93, "y": -4.2 },
					{ "time": 2.6666, "x": 5.92, "y": -0.09 },
					{ "time": 3, "x": -1.3, "y": -4.2 },
					{ "time": 3.3333, "x": 0, "y": 0 }
				]
			},
			"leg_R4": {
				"rotate": [
					{ "time": 0, "angle": 0 },
					{ "time": 0.1666, "angle": -16.83 },
					{ "time": 0.3333, "angle": -23.5 },
					{ "time": 0.5, "angle": -9.74 },
					{ "time": 0.6666, "angle": -2.63 },
					{ "time": 0.8333, "angle": -16.83 },
					{ "time": 1, "angle": -23.5 },
					{ "time": 1.1666, "angle": 2.81 },
					{ "time": 1.3333, "angle": -2.63 },
					{ "time": 1.5, "angle": -16.83 },
					{ "time": 1.6666, "angle": -23.5 },
					{ "time": 1.8333, "angle": 2.81 },
					{ "time": 2, "angle": -2.63 },
					{ "time": 2.1666, "angle": -16.83 },
					{ "time": 2.3333, "angle": -23.5 },
					{ "time": 2.5, "angle": 2.81 },
					{ "time": 2.6666, "angle": -2.63 },
					{ "time": 2.8333, "angle": -16.83 },
					{ "time": 3, "angle": -23.5 },
					{ "time": 3.1666, "angle": 2.81 },
					{ "time": 3.3333, "angle": 0 }
				],
				"translate": [
					{ "time": 0, "x": 0, "y": 0 },
					{ "time": 0.2333, "x": 2.46, "y": 0.39 },
					{ "time": 0.5, "x": -5.42, "y": -0.17 },
					{ "time": 0.8333, "x": 2.46, "y": 0.39 },
					{ "time": 1.1666, "x": -5.42, "y": -0.17 },
					{ "time": 1.5, "x": 2.46, "y": 0.39 },
					{ "time": 1.8333, "x": -5.42, "y": -0.17 },
					{ "time": 2.1666, "x": 2.46, "y": 0.39 },
					{ "time": 2.5, "x": -5.42, "y": -0.17 },
					{ "time": 2.8333, "x": 9.72, "y": -0.81 },
					{ "time": 3.1, "x": -5.42, "y": -0.17 },
					{ "time": 3.3333, "x": 0, "y": 0 }
				]
			},
			"leg_R3": {
				"rotate": [
					{ "time": 0, "angle": 0 },
					{ "time": 0.3333, "angle": 32.54 },
					{ "time": 0.5, "angle": -4.34 },
					{ "time": 0.6666, "angle": -9.56 },
					{ "time": 1, "angle": 32.54 },
					{ "time": 1.1666, "angle": -3.72 },
					{ "time": 1.3333, "angle": -9.56 },
					{ "time": 1.6666, "angle": 32.54 },
					{ "time": 1.8333, "angle": -3.72 },
					{ "time": 2, "angle": -9.56 },
					{ "time": 2.3333, "angle": 32.54 },
					{ "time": 2.5, "angle": -4.41 },
					{ "time": 2.6666, "angle": -9.56 },
					{ "time": 3, "angle": 32.54 },
					{ "time": 3.1666, "angle": -4.71 },
					{ "time": 3.3333, "angle": 0 }
				],
				"translate": [
					{ "time": 0, "x": 0, "y": 0 },
					{ "time": 0.3333, "x": -6.69, "y": 1.81 },
					{ "time": 0.6666, "x": -7.78, "y": -3.25 },
					{ "time": 1, "x": -6.69, "y": 1.81 },
					{ "time": 1.3333, "x": -7.78, "y": -3.25 },
					{ "time": 1.6666, "x": -6.69, "y": 1.81 },
					{ "time": 2, "x": -7.78, "y": -3.25 },
					{ "time": 2.3333, "x": -6.69, "y": 1.81 },
					{ "time": 2.6666, "x": -7.78, "y": -3.25 },
					{ "time": 3, "x": -6.69, "y": 1.81 },
					{ "time": 3.3333, "x": 0, "y": 0 }
				]
			},
			"leg_R2": {
				"rotate": [
					{ "time": 0, "angle": 0 },
					{ "time": 0.1666, "angle": -11.73 },
					{ "time": 0.3333, "angle": -13.31 },
					{ "time": 0.5, "angle": 15.22 },
					{ "time": 0.6666, "angle": 12 },
					{ "time": 0.8333, "angle": -11.73 },
					{ "time": 1, "angle": -13.31 },
					{ "time": 1.1666, "angle": 15.22 },
					{ "time": 1.3333, "angle": 12 },
					{ "time": 1.5, "angle": -11.73 },
					{ "time": 1.6666, "angle": -13.31 },
					{ "time": 1.8333, "angle": 15.22 },
					{ "time": 2, "angle": 12 },
					{ "time": 2.1666, "angle": -11.73 },
					{ "time": 2.3333, "angle": -13.31 },
					{ "time": 2.5, "angle": 15.22 },
					{ "time": 2.6666, "angle": 12 },
					{ "time": 2.8333, "angle": -11.73 },
					{ "time": 3, "angle": -13.31 },
					{ "time": 3.1666, "angle": 15.22 },
					{ "time": 3.3333, "angle": 0 }
				],
				"translate": [
					{ "time": 0, "x": 0, "y": 0 },
					{ "time": 0.4, "x": -10.31, "y": -0.97 },
					{ "time": 0.7333, "x": -3.4, "y": -8.5 },
					{ "time": 1.0666, "x": -10.31, "y": -0.97 },
					{ "time": 1.4, "x": -3.4, "y": -8.5 },
					{ "time": 1.7333, "x": -10.31, "y": -0.97 },
					{ "time": 2.0666, "x": -3.4, "y": -8.5 },
					{ "time": 2.4, "x": -10.31, "y": -0.97 },
					{ "time": 2.7333, "x": -3.4, "y": -8.5 },
					{ "time": 3.0666, "x": -10.31, "y": -0.97 },
					{ "time": 3.3333, "x": 0, "y": 0 }
				]
			},
			"leg_R1": {
				"rotate": [
					{ "time": 0, "angle": 0 },
					{ "time": 0.1666, "angle": -10.16 },
					{ "time": 0.3333, "angle": -10.17 },
					{ "time": 0.5, "angle": 12.25 },
					{ "time": 0.6666, "angle": 2.92 },
					{ "time": 0.8333, "angle": -10.16 },
					{ "time": 1, "angle": -10.17 },
					{ "time": 1.1666, "angle": 12.25 },
					{ "time": 1.3333, "angle": 2.92 },
					{ "time": 1.5, "angle": -10.16 },
					{ "time": 1.6666, "angle": -10.17 },
					{ "time": 1.8333, "angle": 12.25 },
					{ "time": 2, "angle": 2.92 },
					{ "time": 2.1666, "angle": -10.16 },
					{ "time": 2.3333, "angle": -10.17 },
					{ "time": 2.5, "angle": 12.25 },
					{ "time": 2.6666, "angle": 2.92 },
					{ "time": 2.8333, "angle": -10.16 },
					{ "time": 3, "angle": -10.17 },
					{ "time": 3.1666, "angle": 12.25 },
					{ "time": 3.3333, "angle": 0 }
				],
				"translate": [
					{ "time": 0, "x": 0, "y": 0 },
					{ "time": 0.3333, "x": -6.05, "y": 0.13 },
					{ "time": 0.6666, "x": 0.76, "y": -2.05 },
					{ "time": 1, "x": -6.05, "y": 0.13 },
					{ "time": 1.3333, "x": 0.76, "y": -2.05 },
					{ "time": 1.6666, "x": -6.05, "y": 0.13 },
					{ "time": 2, "x": 0.76, "y": -2.05 },
					{ "time": 2.3333, "x": -6.05, "y": 0.13 },
					{ "time": 2.6666, "x": 0.76, "y": -2.05 },
					{ "time": 3, "x": -6.05, "y": 0.13 },
					{ "time": 3.3333, "x": 0, "y": 0 }
				]
			},
			"hand_R3A": {
				"rotate": [
					{ "time": 0, "angle": 0 },
					{ "time": 0.3333, "angle": -9.95 },
					{ "time": 0.6666, "angle": 4.41 },
					{ "time": 1, "angle": -9.95 },
					{ "time": 1.3333, "angle": 4.41 },
					{ "time": 1.6666, "angle": -9.95 },
					{ "time": 2, "angle": 4.41 },
					{ "time": 2.3333, "angle": -9.95 },
					{ "time": 2.6666, "angle": 4.41 },
					{ "time": 3, "angle": -9.95 },
					{ "time": 3.3333, "angle": 0 }
				],
				"translate": [
					{ "time": 0, "x": 0, "y": 0, "curve": "stepped" },
					{ "time": 3.3333, "x": 0, "y": 0 }
				]
			},
			"hand_R3": {
				"rotate": [
					{ "time": 0, "angle": 0 },
					{ "time": 0.3333, "angle": 24.78 },
					{ "time": 0.6666, "angle": 4.41 },
					{ "time": 1, "angle": 19.09 },
					{ "time": 1.3333, "angle": 33.01 },
					{ "time": 1.6666, "angle": -9.95 },
					{ "time": 2, "angle": 44.11 },
					{ "time": 2.3333, "angle": -9.95 },
					{ "time": 2.6666, "angle": 30.21 },
					{ "time": 3, "angle": -9.95 },
					{ "time": 3.3333, "angle": 0 }
				],
				"translate": [
					{ "time": 0, "x": 0, "y": 0, "curve": "stepped" },
					{ "time": 3.3333, "x": 0, "y": 0 }
				]
			},
			"hand_R2": {
				"rotate": [
					{ "time": 0, "angle": 0 },
					{ "time": 0.3333, "angle": -9.95 },
					{ "time": 0.6666, "angle": 4.09 },
					{ "time": 1, "angle": -9.95 },
					{ "time": 1.3333, "angle": 4.09 },
					{ "time": 1.6666, "angle": -9.95 },
					{ "time": 2, "angle": 4.09 },
					{ "time": 2.3333, "angle": -9.95 },
					{ "time": 2.6666, "angle": 4.09 },
					{ "time": 3, "angle": -9.95 },
					{ "time": 3.3333, "angle": 0 }
				],
				"translate": [
					{ "time": 0, "x": 0, "y": 0, "curve": "stepped" },
					{ "time": 3.3333, "x": 0, "y": 0 }
				]
			},
			"hand_L3A": {
				"rotate": [
					{ "time": 0, "angle": 0 },
					{ "time": 0.3333, "angle": -30.59 },
					{ "time": 0.6666, "angle": 4.41 },
					{ "time": 1, "angle": -28.05 },
					{ "time": 1.3333, "angle": 4.41 },
					{ "time": 1.6666, "angle": -31.1 },
					{ "time": 2, "angle": 4.41 },
					{ "time": 2.3333, "angle": -32.47 },
					{ "time": 2.6666, "angle": 4.41 },
					{ "time": 3, "angle": -34.07 },
					{ "time": 3.3333, "angle": 0 }
				],
				"translate": [
					{ "time": 0, "x": 0, "y": 0, "curve": "stepped" },
					{ "time": 3.3333, "x": 0, "y": 0 }
				]
			},
			"SH": {
				"rotate": [
					{ "time": 0, "angle": 0 },
					{
						"time": 0.3333,
						"angle": -41.21,
						"curve": [ 0.25, 0, 0.164, 1 ]
					},
					{ "time": 0.6666, "angle": 3.11 },
					{
						"time": 1,
						"angle": -42.91,
						"curve": [ 0.25, 0, 0.116, 0.99 ]
					},
					{ "time": 1.3333, "angle": -3.45 },
					{
						"time": 1.6666,
						"angle": -44.96,
						"curve": [ 0.25, 0, 0.111, 1 ]
					},
					{ "time": 2, "angle": -2.87 },
					{
						"time": 2.3333,
						"angle": -30.51,
						"curve": [ 0.25, 0, 0.159, 0.99 ]
					},
					{ "time": 2.6666, "angle": 8.89 },
					{
						"time": 3,
						"angle": -23.72,
						"curve": [ 0.25, 0, 0.126, 0.99 ]
					},
					{ "time": 3.3333, "angle": 0 }
				],
				"translate": [
					{ "time": 0, "x": 0, "y": 0, "curve": "stepped" },
					{ "time": 3.3333, "x": 0, "y": 0 }
				]
			},
			"hand_L3": {
				"rotate": [
					{ "time": 0, "angle": 0 },
					{ "time": 0.3333, "angle": -9.95 },
					{ "time": 0.6666, "angle": 4.41 },
					{ "time": 1, "angle": -9.95 },
					{ "time": 1.3333, "angle": 4.41 },
					{ "time": 1.6666, "angle": -9.95 },
					{ "time": 2, "angle": 4.41 },
					{ "time": 2.3333, "angle": -9.95 },
					{ "time": 2.6666, "angle": 4.41 },
					{ "time": 3, "angle": -9.95 },
					{ "time": 3.3333, "angle": 0 }
				],
				"translate": [
					{ "time": 0, "x": 0, "y": 0, "curve": "stepped" },
					{ "time": 3.3333, "x": 0, "y": 0 }
				]
			},
			"hand_L2": {
				"rotate": [
					{ "time": 0, "angle": 0 },
					{ "time": 0.3333, "angle": -9.95 },
					{ "time": 0.6666, "angle": 4.09 },
					{ "time": 1, "angle": -9.95 },
					{ "time": 1.3333, "angle": 4.09 },
					{ "time": 1.6666, "angle": -9.95 },
					{ "time": 2, "angle": 4.09 },
					{ "time": 2.3333, "angle": -9.95 },
					{ "time": 2.6666, "angle": 4.09 },
					{ "time": 3, "angle": -9.95 },
					{ "time": 3.3333, "angle": 0 }
				],
				"translate": [
					{ "time": 0, "x": 0, "y": 0, "curve": "stepped" },
					{ "time": 3.3333, "x": 0, "y": 0 }
				]
			},
			"eye2": {
				"rotate": [
					{ "time": 0, "angle": 0 },
					{ "time": 0.3333, "angle": 9.89 },
					{ "time": 0.6666, "angle": -10.79 },
					{ "time": 1, "angle": 9.89 },
					{ "time": 1.3333, "angle": -10.79 },
					{ "time": 1.6666, "angle": 9.89 },
					{ "time": 2, "angle": -10.79 },
					{ "time": 2.3333, "angle": 9.89 },
					{ "time": 2.6666, "angle": -10.79 },
					{ "time": 3, "angle": 9.89 },
					{ "time": 3.3333, "angle": 0 }
				],
				"translate": [
					{ "time": 0, "x": 0, "y": 0 },
					{ "time": 1.6666, "x": 0, "y": 1.81 },
					{ "time": 3.3333, "x": 0, "y": 0 }
				]
			},
			"eye1": {
				"rotate": [
					{ "time": 0, "angle": 0 },
					{ "time": 0.3333, "angle": 10.48 },
					{ "time": 0.6666, "angle": -3.95 },
					{ "time": 1, "angle": 10.48 },
					{ "time": 1.3333, "angle": -3.95 },
					{ "time": 1.6666, "angle": 10.48 },
					{ "time": 2, "angle": -3.95 },
					{ "time": 2.3333, "angle": 10.48 },
					{ "time": 2.6666, "angle": -3.95 },
					{ "time": 3, "angle": 10.48 },
					{ "time": 3.3333, "angle": 0 }
				],
				"translate": [
					{ "time": 0, "x": 0, "y": 0 },
					{ "time": 1.6666, "x": 0, "y": 1.81 },
					{ "time": 3.3333, "x": 0, "y": 0 }
				]
			},
			"body": {
				"rotate": [
					{ "time": 0, "angle": 0 },
					{ "time": 0.3333, "angle": 1.3 },
					{ "time": 0.6666, "angle": -2.31 },
					{ "time": 1, "angle": 0.89 },
					{ "time": 1.3333, "angle": -1.95 },
					{ "time": 1.6666, "angle": 0 },
					{ "time": 2, "angle": 1.3 },
					{ "time": 2.3333, "angle": -2.31 },
					{ "time": 2.6666, "angle": 0.89 },
					{ "time": 3, "angle": -1.95 },
					{ "time": 3.3333, "angle": 0 }
				],
				"translate": [
					{ "time": 0, "x": 0, "y": 0 },
					{ "time": 0.3333, "x": 0, "y": 1.21 },
					{ "time": 0.6666, "x": 0, "y": -0.93 },
					{ "time": 1, "x": 0, "y": 1.21 },
					{ "time": 1.3333, "x": 0, "y": -0.93 },
					{ "time": 1.6666, "x": 0, "y": 1.21 },
					{ "time": 2, "x": 0, "y": -0.93 },
					{ "time": 2.3333, "x": 0, "y": 1.21 },
					{ "time": 2.6666, "x": 0, "y": -0.93 },
					{ "time": 3, "x": 0, "y": 1.21 },
					{ "time": 3.3333, "x": 0, "y": 0 }
				]
			}
		}
	}
}
}