{
"skeleton": { "hash": "UzkLqkWwXDCDDWWTld6PXNqUe6g", "spine": "2.1.27", "width": 309.55, "height": 309.49, "images": "" },
"bones": [
	{ "name": "Root_All", "x": 25.09, "y": -5.9, "scaleX": 1.01, "scaleY": 1.01 },
	{ "name": "Ship_All", "parent": "Root_All" },
	{ "name": "Body", "parent": "Ship_All", "length": 255.84, "x": -15.69, "y": 7.42, "rotation": 90 },
	{ "name": "Antiaircraft", "parent": "Body", "length": 44.62, "x": 192.9, "y": -49.65, "rotation": -90 },
	{ "name": "Attack_Point", "parent": "Body", "length": 25.69, "x": 77.63, "y": -37.36, "rotation": -88.64 },
	{ "name": "Damage_Point", "parent": "Body", "length": 22.56, "x": 107.95, "y": 6.48, "rotation": -90 },
	{ "name": "Dialogue", "parent": "Body", "length": 57.85, "x": 182.98, "y": -46.59, "rotation": -90 },
	{ "name": "Expression", "parent": "Body", "length": 46.33, "x": 197.94, "y": -46.25, "rotation": -42.65 },
	{ "name": "Hand_L", "parent": "Body", "length": 41.71, "x": 123.54, "y": 13.11, "rotation": 155.82 },
	{ "name": "Hand_R", "parent": "Body", "length": 34.95, "x": 121, "y": -11.02, "rotation": -120.22 },
	{ "name": "Head", "parent": "Body", "length": 89.11, "x": 134.42, "y": 7.35, "rotation": -2.25 },
	{ "name": "Leg", "parent": "Body", "length": 69.77, "x": 73.47, "y": 6.55, "rotation": -179.54 },
	{ "name": "Ship", "parent": "Body", "length": 21.07, "x": 80.01, "y": 2.06, "rotation": 178.64 },
	{ "name": "Smoke_L1", "parent": "Body", "length": 51.75, "x": 89.89, "y": -47.67, "rotation": -16.57 },
	{ "name": "Smoke_L2", "parent": "Body", "length": 51.75, "x": 99.52, "y": 67.01, "rotation": -16.57 },
	{ "name": "Smoke_L3", "parent": "Body", "length": 51.75, "x": 218.21, "y": -22.81, "rotation": -16.57 },
	{ "name": "Throw_Point", "parent": "Body", "length": 24.91, "x": 135.01, "y": -93.83, "rotation": -88.64 },
	{ "name": "Face", "parent": "Head", "length": 66.94, "x": 44.64, "y": 24.41, "rotation": -87.74 },
	{ "name": "G", "parent": "Hand_R", "length": 10.24, "x": 36.43, "y": 0.78, "rotation": 29.89 },
	{ "name": "J", "parent": "Hand_L", "length": 46.17, "x": 1.69, "y": 19.11, "rotation": 116.92 },
	{ "name": "JB", "parent": "Ship", "length": 85.7, "x": -42.39, "y": -37.44, "rotation": -17.89 },
	{ "name": "hair_1", "parent": "Head", "length": 42.29, "x": 112.33, "y": 7.33, "rotation": 157.7 },
	{ "name": "hair_2", "parent": "hair_1", "length": 46.47, "x": 46.09, "y": 1.69, "rotation": 4.05 },
	{ "name": "hair_3", "parent": "hair_2", "length": 52.22, "x": 50.7, "y": 0.64, "rotation": 83.21 },
	{ "name": "hair_4", "parent": "hair_3", "length": 42.48, "x": 60.9, "y": 2.2, "rotation": 13.39 },
	{ "name": "hair_5", "parent": "hair_4", "length": 33.93, "x": 45.39, "y": -2.13, "rotation": -43.84 },
	{ "name": "hair_6", "parent": "hair_5", "length": 23.81, "x": 35.15, "y": -2.46, "rotation": -85.46 }
],
"slots": [
	{ "name": "hair", "bone": "hair_1", "attachment": "change" },
	{ "name": "Rodney_ship_armor_normal", "bone": "Ship", "attachment": "Rodney_ship_armor_normal" },
	{ "name": "leg", "bone": "Leg", "attachment": "change" },
	{ "name": "leg_light", "bone": "Leg", "attachment": "leg_light", "blend": "additive" },
	{ "name": "hand_R", "bone": "Hand_R", "attachment": "hand_R" },
	{ "name": "Rodney_body_normal", "bone": "Body", "attachment": "Body_Change" },
	{ "name": "JB", "bone": "JB", "attachment": "change" },
	{ "name": "hand_L", "bone": "Hand_L", "attachment": "change" },
	{ "name": "head", "bone": "Head", "attachment": "head" },
	{ "name": "head_light", "bone": "Head", "attachment": "head_light", "blend": "additive" },
	{ "name": "Rodney_eyes_normal", "bone": "Face", "attachment": "Rodney_eyes_normal" },
	{ "name": "Light_Body", "bone": "Body", "attachment": "Rodney_ship_body_normal_light", "blend": "additive" },
	{ "name": "G", "bone": "G", "attachment": "G" },
	{ "name": "J", "bone": "J", "attachment": "J" },
	{ "name": "J_light", "bone": "J", "attachment": "J-light", "blend": "additive" },
	{ "name": "G_light", "bone": "G", "attachment": "G_light", "blend": "additive" }
],
"skins": {
	"default": {
		"G": {
			"G": { "x": -53.16, "y": 27.46, "rotation": 0.33, "width": 300, "height": 300 }
		},
		"G_light": {
			"G_light": { "x": -52.84, "y": 27.86, "rotation": 0.33, "width": 300, "height": 300 }
		},
		"J": {
			"J": { "x": -14.38, "y": 20.23, "rotation": -2.75, "width": 300, "height": 300 }
		},
		"J_light": {
			"J-light": { "x": -13.94, "y": 20.99, "rotation": -2.75, "width": 300, "height": 300 }
		},
		"Light_Body": {
			"Rodney_ship_body_normal_light": { "x": 130.63, "y": 9.19, "rotation": -90, "width": 300, "height": 300 }
		},
		"Rodney_eyes_normal": {
			"Rodney_eyes_damage": { "x": 20.8, "y": -49.36, "width": 300, "height": 300 },
			"Rodney_eyes_normal": { "x": 20.8, "y": -49.36, "width": 300, "height": 300 }
		},
		"Rodney_ship_armor_normal": {
			"Rodney_ship_armor_normal": { "x": -50.44, "y": -8.31, "rotation": 91.35, "width": 300, "height": 300 }
		},
		"hand_R": {
			"hand_R": { "x": -22.45, "y": -1.8, "rotation": 30.22, "width": 300, "height": 300 }
		},
		"head": {
			"head": { "x": -3.28, "y": 3.65, "rotation": -87.74, "width": 300, "height": 300 }
		},
		"head_light": {
			"head_light": { "x": -1.74, "y": 5.32, "rotation": -87.74, "width": 300, "height": 300 }
		},
		"leg_light": {
			"leg_light": { "x": -54.65, "y": -4.36, "rotation": 89.54, "width": 300, "height": 300 }
		}
	},
	"damage": {
		"JB": {
			"change": { "name": "jb_damage", "x": -16.56, "y": 28.38, "rotation": 109.24, "width": 300, "height": 300 }
		},
		"Rodney_body_normal": {
			"Body_Change": { "name": "Rodney_body_damage", "x": 130.63, "y": 9.19, "rotation": -90, "width": 300, "height": 300 }
		},
		"hair": {
			"change": {
				"name": "hair_damage",
				"type": "skinnedmesh",
				"uvs": [ 1, 0.11147, 1, 0.29677, 1, 0.48919, 1, 0.71963, 1, 0.81228, 1, 0.91918, 1, 1, 0.87814, 1, 0.64121, 1, 0.46279, 1, 0.22586, 1, 0, 1, 0, 0.90255, 0, 0.7125, 0, 0.46306, 0, 0.19937, 0, 0, 0.11179, 0, 0.31654, 0, 0.56224, 0, 0.73189, 0, 1, 0, 0.24926, 0.10672, 0.11179, 0.27063, 0.14104, 0.65074, 0.31361, 0.76477, 0.45109, 0.71963, 0.62366, 0.71725, 0.77284, 0.76239, 0.86644, 0.83604, 0.85181, 0.92868, 0.74067, 0.95719, 0.81671, 0.68875, 0.62952, 0.61985, 0.51544, 0.52008, 0.45694, 0.38942, 0.51836, 0.28014, 0.59441, 0.19937, 0.64706, 0.0592, 0.43939, 0.06633, 0.32824, 0.18986, 0.25219, 0.36328, 0.24341, 0.54383, 0.43646, 0.61273, 0.59441, 0.66024, 0.73189, 0.70775, 0.88399, 0.77902, 0.92786, 0.90018 ],
				"triangles": [ 7, 47, 6, 47, 5, 6, 8, 31, 7, 31, 30, 7, 7, 30, 47, 31, 8, 27, 10, 25, 9, 25, 26, 9, 8, 9, 27, 27, 26, 44, 27, 9, 26, 25, 10, 12, 10, 11, 12, 31, 27, 28, 30, 31, 29, 28, 27, 45, 30, 29, 47, 29, 31, 28, 47, 4, 5, 12, 24, 25, 12, 13, 24, 47, 29, 4, 4, 29, 46, 29, 28, 46, 46, 3, 4, 28, 32, 46, 46, 32, 3, 24, 42, 25, 25, 43, 26, 25, 42, 43, 28, 45, 32, 32, 2, 3, 26, 43, 44, 27, 33, 45, 27, 44, 33, 13, 14, 24, 45, 33, 32, 32, 33, 2, 33, 44, 34, 24, 14, 42, 44, 43, 34, 34, 36, 33, 36, 37, 33, 33, 37, 2, 34, 43, 35, 43, 42, 35, 42, 41, 35, 42, 14, 41, 34, 35, 36, 2, 37, 1, 1, 37, 38, 1, 38, 0, 14, 23, 41, 14, 15, 23, 36, 35, 40, 35, 41, 40, 41, 23, 40, 38, 20, 0, 40, 39, 36, 36, 39, 37, 23, 22, 40, 23, 15, 22, 39, 19, 37, 37, 19, 38, 15, 17, 22, 15, 16, 17, 40, 22, 39, 39, 22, 18, 20, 21, 0, 22, 17, 18, 39, 18, 19, 38, 19, 20 ],
				"vertices": [ 3, 21, -34.97, 82.53, 0.68671, 24, 39.84, 127.11, 0.2929, 25, -93.51, 89.38, 0.02038, 3, 21, -1.77, 97.7, 0.49103, 24, 48.61, 91.67, 0.44411, 25, -62.64, 69.89, 0.06485, 4, 21, 32.7, 113.45, 0.20695, 22, -5.42, 112.42, 1.0E-5, 24, 57.72, 54.87, 0.59289, 25, -30.59, 49.65, 0.20012, 3, 21, 73.99, 132.31, 0.01468, 24, 68.62, 10.81, 0.24481, 25, 7.79, 25.42, 0.74049, 2, 21, 90.6, 139.9, 2.9E-4, 25, 23.22, 15.67, 0.9997, 3, 23, 143.17, -6.33, 3.1E-4, 25, 41.03, 4.42999, 0.37949, 26, -6.42, 6.4, 0.62018, 5, 21, 124.23, 155.27, 0, 23, 150.47, -20.48, 0.00223, 24, 81.89, -42.8, 8.1E-4, 25, 54.49, -4.06, 0.05116, 26, 3.11, 19.15, 0.94577, 2, 21, 132.33, 137.53, 0, 26, 18.71999, 7.47, 1, 4, 21, 148.09, 103.05, 0, 23, 99.45, -46.79, 0.3076, 24, 26.16, -56.59, 0.19372, 26, 49.08, -15.23, 0.49867, 4, 21, 159.95, 77.08999, 0, 23, 74.08, -59.87, 0.71248, 24, -1.54, -63.44, 0.1216, 26, 71.94, -32.32, 0.16591, 5, 21, 175.7, 42.61, 0, 23, 40.38, -77.24, 0.94279, 24, -38.34, -72.55, 0.0118, 25, -11.63, -108.79, 0, 26, 102.3, -55.03, 0.0454, 4, 21, 190.72, 9.72999, 0, 23, 8.26, -93.81, 0.97549, 25, -30.92, -139.35, 0, 26, 131.24, -76.67, 0.0245, 5, 21, 173.26, 1.76, 0, 22, 126.85, -8.95, 0.00517, 23, -0.52, -76.75, 0.97253, 25, -47.15, -129.1, 0, 26, 119.74, -92.05, 0.02229, 4, 21, 139.21, -13.79, 0, 22, 91.78, -22.05, 0.11139, 23, -17.68, -43.47, 0.87985, 26, 97.32, -122.03, 0.00874, 5, 21, 94.51, -34.21, 0.02335, 22, 45.75, -39.25, 0.80189, 23, -40.21, 0.19, 0.17472, 24, -98.83, 21.44, 2.0E-5, 25, -120.36, -82.87999, 0, 4, 21, 47.26, -55.8, 0.50953, 22, -2.9, -57.44, 0.48958, 24, -111.3, 71.87, 8.5E-4, 25, -164.29, -55.15, 2.0E-5, 4, 21, 11.54, -72.12, 0.7566, 22, -39.68999, -71.19, 0.24144, 24, -120.74, 109.99, 0.00191, 25, -197.5, -34.18, 4.0E-5, 4, 21, 4.1, -55.85, 0.78748, 22, -45.95, -54.43, 0.21087, 24, -103.37, 114.29, 0.0016, 25, -187.95, -19.04999, 3.0E-5, 2, 21, -9.5, -26.05, 0.92716, 22, -57.42, -23.74, 0.07283, 3, 21, -25.84, 9.68999, 0.93673, 24, -33.41, 131.6, 0.06164, 25, -149.47, 41.88, 0.00162, 3, 21, -37.12, 34.38, 0.81303, 24, -7.06, 138.12, 0.1793, 25, -134.98, 64.83, 0.00765, 3, 21, -54.94, 73.4, 0.71795, 24, 34.57, 148.42, 0.26732, 25, -112.08, 101.1, 0.01471, 2, 21, 14.09, -27.11, 0.90017, 22, -33.96, -26.47, 0.09982, 4, 21, 52.6, -33.68999, 0.35352, 22, 3.98, -35.77, 0.64615, 24, -90.57, 62.53, 3.1E-4, 25, -142.87, -47.52, 0, 3, 22, 72.49, -5.17, 0.19565, 23, -3.2, -22.31, 0.80059, 26, 71.96, -118.26, 0.00374, 5, 21, 127.72, 36.12, 0, 23, 31.62, -29.62, 0.97195, 24, -35.84, -24.19, 0.0023, 25, -43.32, -72.18, 0, 26, 63.3, -83.73, 0.02572, 3, 23, 47.1, -11.64, 0.98435, 25, -39.09, -48.83, 0, 26, 40.36, -77.68, 0.01564, 1, 24, 10.06, -3.19, 1, 4, 23, 96.71, 4.46, 0.01835, 24, 35.36, -6.09, 0.68555, 25, -4.48, -9.8, 0.20126, 26, 4.17999, -40.09999, 0.09482, 1, 25, 15.77, -4.88, 1, 1, 26, 13.68, -6.29, 1, 3, 23, 109.73, -32, 0.02928, 24, 39.58, -44.58, 0.02722, 26, 31.29, -12.45, 0.94348, 4, 21, 80.65, 103.11, 0.01737, 22, 41.66, 98.71, 3.4E-4, 24, 38.68999, 9.67, 0.64055, 25, -13, 3.87, 0.34171, 4, 21, 80.75, 70.23, 0.03203, 22, 39.43, 65.9, 0.0104, 23, 63.46, 18.91, 0.02984, 24, 6.36, 15.65, 0.92771, 4, 21, 70.46, 45.46, 0.0605, 22, 27.41, 41.91999, 0.18258, 23, 38.23, 28.01, 0.58471, 24, -16.07, 30.35, 0.17219, 5, 21, 50.93, 26.25, 0.26718, 22, 6.57, 24.14, 0.37462, 23, 18.12, 46.6, 0.14578, 24, -31.34, 53.08, 0.21017, 25, -93.6, -13.31, 0.00221, 5, 21, 27.27, 26.24, 0.78021, 22, -17.03, 25.81, 0.08413, 23, 16.98, 70.24, 0.00589, 24, -26.97, 76.33999, 0.12601, 25, -106.55, 6.48, 0.00373, 5, 21, 7.74, 30.7, 0.77984, 22, -36.18999, 31.64, 0.02038, 23, 20.51, 89.95, 8.2E-4, 24, -18.98, 94.71, 0.18965, 25, -113.51, 25.26, 0.00929, 3, 21, -20.87, 26.89, 0.86286, 24, -17.44, 123.54, 0.13203, 25, -132.36, 47.13, 0.0051, 4, 21, -5.78, -2.74, 0.99407, 22, -52.06, -0.76, 0.00445, 24, -49.35, 114.19, 0.00147, 25, -148.92, 18.28, 0, 2, 21, 23.73, -8.81, 0.94587, 22, -23.04, -8.89999, 0.05413, 3, 21, 59.86, -5.68, 0.11648, 22, 13.21, -8.34, 0.88351, 25, -115.44, -38.27, 0, 2, 22, 47.02, 2.79, 0.5, 23, 1.69, 3.9, 0.5, 1, 23, 35.37, 6, 1, 1, 24, 2.82, 6.58, 1, 1, 24, 26.42, 2.77, 1, 3, 21, 92.35, 120.29, 0.00421, 24, 53.41, -5, 0.21828, 25, 7.77, 3.48, 0.7775, 2, 25, 31.7, -3.32, 0.5, 26, 0.57, -3.5, 0.5 ],
				"hull": 22,
				"edges": [ 12, 14, 12, 10, 10, 8, 8, 6, 36, 38, 32, 34, 34, 36, 38, 40, 40, 42, 0, 42, 0, 2, 2, 4, 4, 6, 14, 16, 16, 18, 18, 20, 20, 22, 22, 24, 24, 26, 26, 28, 28, 30, 30, 32 ],
				"width": 160,
				"height": 197
			}
		},
		"hand_L": {
			"change": { "name": "hand_L_damage", "x": -10.4, "y": -1.39, "rotation": 114.17, "width": 300, "height": 300 }
		},
		"leg": {
			"change": { "name": "leg_damage", "x": -57.04, "y": -3.33, "rotation": 89.54, "width": 300, "height": 300 }
		}
	},
	"normal": {
		"JB": {
			"change": { "name": "JB", "x": -16.56, "y": 28.38, "rotation": 109.24, "width": 300, "height": 300 }
		},
		"Rodney_body_normal": {
			"Body_Change": { "name": "Rodney_body_normal", "x": 130.63, "y": 9.19, "rotation": -90, "width": 300, "height": 300 }
		},
		"hair": {
			"change": {
				"name": "hair",
				"type": "skinnedmesh",
				"uvs": [ 1, 0.10909, 1, 0.3134, 1, 0.48919, 1, 0.73151, 1, 0.92156, 1, 1, 0.88984, 1, 0.64999, 1, 0.48911, 1, 0.26681, 1, 0, 1, 0, 0.83841, 0, 0.6246, 0, 0.4298, 0, 0.17561, 0, 0, 0.32239, 0, 0.56516, 0, 0.77869, 0, 1, 0, 0.25219, 0.08771, 0.20539, 0.18511, 0.09717, 0.29202, 0.10594, 0.5961, 0.29021, 0.75526, 0.45401, 0.72438, 0.67924, 0.73388, 0.81086, 0.78615, 0.87521, 0.84791, 0.86059, 0.92393, 0.73773, 0.95957, 0.82549, 0.6935, 0.67924, 0.63411, 0.54176, 0.54858, 0.46279, 0.43218, 0.51544, 0.29439, 0.59441, 0.20649, 0.64999, 0.0592, 0.44816, 0.06871, 0.37504, 0.16848, 0.29314, 0.27063, 0.21416, 0.42268, 0.29314, 0.55809, 0.43939, 0.64361, 0.61781, 0.66737, 0.77869, 0.722, 0.89569, 0.7909, 0.94249, 0.90018, 0.90154, 0.95482 ],
				"triangles": [ 6, 48, 5, 5, 48, 4, 48, 47, 4, 7, 30, 6, 30, 29, 6, 6, 29, 48, 30, 7, 26, 9, 24, 8, 24, 25, 8, 7, 8, 26, 26, 25, 44, 26, 8, 25, 24, 9, 11, 9, 10, 11, 30, 27, 29, 27, 26, 45, 27, 30, 26, 48, 29, 47, 29, 28, 47, 29, 27, 28, 47, 3, 4, 28, 46, 47, 47, 46, 3, 28, 27, 46, 11, 23, 24, 11, 12, 23, 3, 46, 31, 46, 27, 31, 27, 45, 31, 24, 43, 25, 24, 42, 43, 24, 23, 42, 26, 32, 45, 26, 44, 32, 31, 2, 3, 25, 43, 44, 45, 32, 31, 31, 32, 2, 43, 33, 44, 44, 33, 32, 33, 43, 34, 1, 2, 32, 12, 13, 23, 23, 41, 42, 23, 13, 41, 43, 42, 34, 42, 41, 34, 34, 35, 33, 32, 33, 36, 33, 35, 36, 1, 32, 36, 18, 1, 36, 36, 37, 18, 41, 40, 34, 34, 40, 35, 13, 22, 41, 13, 14, 22, 41, 22, 40, 40, 22, 21, 18, 0, 1, 40, 39, 35, 35, 39, 36, 22, 14, 21, 40, 21, 39, 39, 38, 36, 38, 17, 36, 36, 17, 37, 21, 20, 39, 20, 21, 15, 21, 14, 15, 20, 16, 39, 39, 16, 38, 18, 19, 0, 20, 15, 16, 38, 16, 17, 37, 17, 18 ],
				"vertices": [ 3, 21, -35.39, 82.33, 0.6828, 24, 39.73, 127.56, 0.29824, 25, -93.91, 89.63, 0.01892, 3, 21, 1.2, 99.06, 0.45932, 24, 49.4, 88.49, 0.46773, 25, -59.87, 68.14, 0.07293, 4, 21, 32.7, 113.45, 0.20769, 22, -5.42, 112.42, 4.1E-4, 24, 57.72, 54.87, 0.58884, 25, -30.59, 49.65, 0.20304, 3, 21, 76.12, 133.29, 0.01303, 24, 69.18, 8.53, 0.19131, 25, 9.76, 24.17, 0.79565, 5, 21, 110.18, 148.84, 0, 23, 143.39, -6.74, 4.3E-4, 24, 78.17, -27.8, 4.0E-5, 25, 41.41999, 4.17999, 0.34364, 26, -6.13, 6.77, 0.65586, 5, 21, 124.23, 155.27, 0, 23, 150.47, -20.48, 0.00191, 24, 81.89, -42.8, 1.4E-4, 25, 54.49, -4.06, 0.0415, 26, 3.11, 19.15, 0.95644, 2, 21, 131.56, 139.23, 0, 26, 17.21999, 8.59, 0.99999, 5, 21, 147.5, 104.33, 0, 23, 100.7, -46.14, 0.32027, 24, 27.52, -56.25, 0.1511, 25, 24.59, -51.41, 0.00124, 26, 47.96, -14.39, 0.52736, 4, 21, 158.2, 80.92, 0, 23, 77.82, -57.94, 0.69738, 24, 2.54, -62.43, 0.09991, 26, 68.57, -29.8, 0.20269, 4, 21, 172.98, 48.56, 0, 23, 46.21, -74.24, 0.93422, 24, -31.98, -70.98, 0.00782, 26, 97.05, -51.1, 0.05794, 3, 21, 190.72, 9.72999, 0, 23, 8.26, -93.81, 0.97414, 26, 131.24, -76.67, 0.02585, 4, 21, 161.77, -3.48, 0, 22, 115.02, -13.37, 0.00892, 23, -6.31, -65.51999, 0.97153, 26, 112.17, -102.16, 0.01953, 3, 22, 75.56, -28.11, 0.26225, 23, -25.62, -28.08, 0.73406, 26, 86.95, -135.89, 0.00368, 4, 21, 88.55, -36.93, 0.04854, 22, 39.61, -41.55, 0.85844, 23, -43.21, 6.02, 0.09301, 24, -100.4, 27.8, 0, 3, 21, 43, -57.74, 0.55237, 22, -7.28, -59.08, 0.44761, 24, -112.43, 76.41, 1.0E-5, 3, 21, 11.54, -72.12, 0.7542, 22, -39.68999, -71.19, 0.24576, 24, -120.74, 109.99, 2.0E-5, 2, 21, -9.89, -25.2, 0.96241, 22, -57.75, -22.87, 0.03757, 3, 21, -26.03, 10.12, 0.93103, 24, -32.96, 131.71, 0.06752, 25, -149.22, 42.27, 0.00144, 3, 21, -40.23, 41.18999, 0.77844, 24, 0.2, 139.92, 0.21277, 25, -130.98, 71.16, 0.00878, 3, 21, -54.94, 73.4, 0.71464, 24, 34.57, 148.42, 0.27197, 25, -112.08, 101.1, 0.01338, 3, 21, 10.49, -28.24, 0.82074, 22, -37.63, -27.34, 0.17925, 24, -77.42, 102.91, 0, 2, 21, 31.05, -27.07, 0.66702, 22, -17.03, -27.64, 0.33297, 2, 21, 57.4, -34.07, 0.26399, 22, 8.75, -36.48, 0.736, 3, 22, 64.37, -14.2, 0.23526, 23, -13.13, -15.32, 0.76138, 26, 70.01, -130.24, 0.00334, 4, 21, 127.57, 31.94, 0, 23, 27.44, -29.68, 0.96186, 24, -39.91999, -23.28, 0.00254, 26, 65.18, -87.47, 0.03559, 3, 23, 47.94, -12.26, 0.96274, 24, -15.94, -11.08, 0.01633, 26, 40.55, -76.65, 0.02092, 4, 23, 80.83, 2.58999, 0.07593, 24, 19.48, -4.23999, 0.87816, 25, -17.23, -19.46999, 0.00492, 26, 12.81, -53.56, 0.04095, 4, 23, 104.27, 3.09, 0.01715, 24, 42.39, -9.17, 0.52835, 25, 2.71, -7.15, 0.36953, 26, 2.10999, -32.71, 0.08495, 2, 25, 18.5, -4.94999, 0.76349, 26, 1.15, -16.79, 0.2365, 4, 23, 123.78, -17.37999, 0.00909, 24, 56.64, -33.61, 0.03996, 25, 29.91, -14.92, 0.23872, 26, 12, -6.2, 0.71221, 5, 21, 134.43, 113.79, 0, 23, 109.53, -32.63, 0.17715, 24, 39.24, -45.15, 0.16141, 25, 25.35, -35.29, 0.03712, 26, 31.94, -12.35, 0.62429, 4, 21, 80.92, 104.78, 0.02145, 22, 42.04, 100.35, 5.6E-4, 24, 40.28, 9.1, 0.67235, 25, -11.46, 4.56, 0.30562, 4, 21, 80, 78.62999, 0.01775, 22, 39.27, 74.33999, 0.00533, 24, 14.75, 14.83, 0.97172, 25, -33.84999, -8.97, 0.00518, 5, 21, 73.81, 51.62, 0.09878, 22, 31.19, 47.83, 0.09689, 23, 44.55, 24.95, 0.29594, 24, -10.63, 25.91, 0.50318, 25, -59.84, -18.58, 0.00518, 5, 21, 58.21, 30.6, 0.2378, 22, 14.13, 27.97, 0.35554, 23, 22.81, 39.54, 0.17764, 24, -28.41, 45.13, 0.22631, 25, -85.97, -17.02, 0.00269, 5, 21, 30.02, 26.98, 0.69094, 22, -14.23, 26.36, 0.12579, 23, 17.85, 67.53, 0.01849, 24, -26.75, 73.5, 0.15975, 25, -104.43, 4.58, 0.00501, 5, 21, 9.02, 31.28, 0.83609, 22, -34.88, 32.13, 0.00327, 23, 21.15, 88.71, 4.0E-5, 24, -18.64, 93.35, 0.15381, 25, -112.33, 24.51, 0.00675, 3, 21, -21.06, 27.31, 0.84181, 24, -16.98, 123.65, 0.15244, 25, -132.11, 47.52, 0.00574, 3, 21, -5.94, -1.27, 0.99719, 22, -52.11, 0.71, 8.9E-4, 24, -47.88, 114.08, 0.00191, 1, 21, 16.79, -3.75, 1, 2, 21, 40.54, -7.3, 0.4917, 22, -6.17, -8.59, 0.50829, 3, 21, 73.03, -6.35, 0.00659, 22, 26.3, -9.93999, 0.9685, 23, -13.4, 22.97, 0.02489, 1, 23, 10.05, 5.05, 1, 1, 23, 38.57, 0.8, 1, 4, 21, 90.04, 72.42, 0.01775, 22, 48.85, 67.42, 0.00533, 24, 6.79, 6.11, 0.97172, 25, -33.56, -20.78, 0.00518, 1, 24, 34.36, 1.85, 1, 3, 21, 93.7, 122.97, 5.2E-4, 24, 55.79, -6.82, 0.15242, 25, 10.75, 3.81, 0.84704, 2, 25, 32.95, -1.34, 0.5, 26, -1.29, -2.09999, 0.5, 1, 26, 10.39, 2.58, 1 ],
				"hull": 20,
				"edges": [ 30, 32, 10, 12, 10, 8, 8, 6, 32, 34, 34, 36, 36, 38, 0, 38, 0, 2, 2, 4, 4, 6, 12, 14, 14, 16, 16, 18, 18, 20, 20, 22, 22, 24, 24, 26, 26, 28, 28, 30 ],
				"width": 160,
				"height": 197
			}
		},
		"hand_L": {
			"change": { "name": "hand_L", "x": -10.4, "y": -1.39, "rotation": 114.17, "width": 300, "height": 300 }
		},
		"leg": {
			"change": { "name": "leg", "x": -57.04, "y": -3.33, "rotation": 89.54, "width": 300, "height": 300 }
		}
	}
},
"events": {
	"Antiaircraft": {},
	"attack_point": {},
	"damage_point": {},
	"throw_point": {}
},
"animations": {
	"Antiaircraft": {
		"slots": {
			"G_light": {
				"attachment": [
					{ "time": 0, "name": null },
					{ "time": 0.0666, "name": "G_light" },
					{ "time": 0.5, "name": "G_light" },
					{ "time": 0.6, "name": null },
					{ "time": 0.8, "name": "G_light" },
					{ "time": 1.2666, "name": "G_light" },
					{ "time": 1.3666, "name": "G_light" },
					{ "time": 2, "name": null }
				],
				"color": [
					{ "time": 0.0666, "color": "fffffffd" },
					{ "time": 0.1666, "color": "ffffff00" },
					{ "time": 0.2, "color": "ffffffff" },
					{ "time": 0.3333, "color": "ffffff00" },
					{ "time": 0.3666, "color": "ffffffff" },
					{ "time": 0.4666, "color": "ffffff00" },
					{ "time": 0.6, "color": "ffffffff" },
					{ "time": 0.7333, "color": "ffffff00" },
					{ "time": 0.8, "color": "ffffffff" },
					{ "time": 0.9, "color": "ffffff00" },
					{ "time": 0.9666, "color": "ffffffff" },
					{ "time": 1.1, "color": "ffffff00" },
					{ "time": 1.1333, "color": "ffffffff" },
					{ "time": 1.2333, "color": "ffffff00" },
					{ "time": 1.3666, "color": "ffffffff" },
					{ "time": 1.4666, "color": "ffffff00" },
					{ "time": 1.5333, "color": "ffffffff" },
					{ "time": 1.6333, "color": "ffffff00" },
					{ "time": 1.7, "color": "ffffffff" },
					{ "time": 1.8333, "color": "ffffff00" },
					{ "time": 1.8666, "color": "ffffffff" },
					{ "time": 1.9666, "color": "ffffff00" }
				]
			},
			"J_light": {
				"attachment": [
					{ "time": 0, "name": null },
					{ "time": 0.0666, "name": "J-light" },
					{ "time": 0.5, "name": null },
					{ "time": 0.6, "name": "J-light" },
					{ "time": 1, "name": null },
					{ "time": 1.2666, "name": null },
					{ "time": 1.3666, "name": "J-light" },
					{ "time": 2, "name": null }
				],
				"color": [
					{ "time": 0.0666, "color": "fffffffd" },
					{ "time": 0.1666, "color": "ffffff00" },
					{ "time": 0.2, "color": "ffffffff" },
					{ "time": 0.3333, "color": "ffffff00" },
					{ "time": 0.3666, "color": "ffffffff" },
					{ "time": 0.4666, "color": "ffffff00" },
					{ "time": 0.6, "color": "ffffffff" },
					{ "time": 0.7333, "color": "ffffff00" },
					{ "time": 0.8, "color": "ffffffff" },
					{ "time": 0.9, "color": "ffffff00" },
					{ "time": 0.9666, "color": "ffffffff" },
					{ "time": 1.1, "color": "ffffff00" },
					{ "time": 1.1333, "color": "ffffffff" },
					{ "time": 1.2333, "color": "ffffff00" },
					{ "time": 1.3666, "color": "ffffffff" },
					{ "time": 1.4666, "color": "ffffff00" },
					{ "time": 1.5333, "color": "ffffffff" },
					{ "time": 1.6333, "color": "ffffff00" },
					{ "time": 1.7, "color": "ffffffff" },
					{ "time": 1.8333, "color": "ffffff00" },
					{ "time": 1.8666, "color": "ffffffff" },
					{ "time": 1.9666, "color": "ffffff00" }
				]
			},
			"Light_Body": {
				"attachment": [
					{ "time": 0, "name": null },
					{ "time": 0.0666, "name": "Rodney_ship_body_normal_light" },
					{ "time": 0.5, "name": "Rodney_ship_body_normal_light" },
					{ "time": 1.2666, "name": "Rodney_ship_body_normal_light" },
					{ "time": 2, "name": null }
				],
				"color": [
					{ "time": 0.0666, "color": "fffffffd" },
					{ "time": 0.1666, "color": "ffffff00" },
					{ "time": 0.2, "color": "ffffffff" },
					{ "time": 0.3333, "color": "ffffff00" },
					{ "time": 0.3666, "color": "ffffffff" },
					{ "time": 0.4666, "color": "ffffff00" },
					{ "time": 0.6, "color": "ffffffff" },
					{ "time": 0.7333, "color": "ffffff00" },
					{ "time": 0.8, "color": "ffffffff" },
					{ "time": 0.9, "color": "ffffff00" },
					{ "time": 0.9666, "color": "ffffffff" },
					{ "time": 1.1, "color": "ffffff00" },
					{ "time": 1.1333, "color": "ffffffff" },
					{ "time": 1.2333, "color": "ffffff00" },
					{ "time": 1.3666, "color": "ffffffff" },
					{ "time": 1.4666, "color": "ffffff00" },
					{ "time": 1.5333, "color": "ffffffff" },
					{ "time": 1.6333, "color": "ffffff00" },
					{ "time": 1.7, "color": "ffffffff" },
					{ "time": 1.8333, "color": "ffffff00" },
					{ "time": 1.8666, "color": "ffffffff" },
					{ "time": 1.9666, "color": "ffffff00" }
				]
			},
			"Rodney_body_normal": {
				"attachment": [
					{ "time": 0, "name": "Body_Change" }
				]
			},
			"head_light": {
				"attachment": [
					{ "time": 0, "name": null },
					{ "time": 0.0666, "name": "head_light" },
					{ "time": 0.5, "name": null },
					{ "time": 0.6, "name": "head_light" },
					{ "time": 0.8, "name": "head_light" },
					{ "time": 1.2666, "name": null },
					{ "time": 1.3666, "name": "head_light" },
					{ "time": 2, "name": null }
				],
				"color": [
					{ "time": 0.0666, "color": "fffffffd" },
					{ "time": 0.1666, "color": "ffffff00" },
					{ "time": 0.2, "color": "ffffffff" },
					{ "time": 0.3333, "color": "ffffff00" },
					{ "time": 0.3666, "color": "ffffffff" },
					{ "time": 0.4666, "color": "ffffff00" },
					{ "time": 0.6, "color": "ffffffff" },
					{ "time": 0.7333, "color": "ffffff00" },
					{ "time": 0.8, "color": "ffffffff" },
					{ "time": 0.9, "color": "ffffff00" },
					{ "time": 0.9666, "color": "ffffffff" },
					{ "time": 1.1, "color": "ffffff00" },
					{ "time": 1.1333, "color": "ffffffff" },
					{ "time": 1.2333, "color": "ffffff00" },
					{ "time": 1.3666, "color": "ffffffff" },
					{ "time": 1.4666, "color": "ffffff00" },
					{ "time": 1.5333, "color": "ffffffff" },
					{ "time": 1.6333, "color": "ffffff00" },
					{ "time": 1.7, "color": "ffffffff" },
					{ "time": 1.8333, "color": "ffffff00" },
					{ "time": 1.8666, "color": "ffffffff" },
					{ "time": 1.9666, "color": "ffffff00" }
				]
			},
			"leg_light": {
				"attachment": [
					{ "time": 0, "name": null },
					{ "time": 0.0666, "name": "leg_light" },
					{ "time": 0.5, "name": null },
					{ "time": 0.6, "name": "leg_light" },
					{ "time": 1, "name": null },
					{ "time": 1.2666, "name": null },
					{ "time": 1.3666, "name": "leg_light" },
					{ "time": 2, "name": null }
				],
				"color": [
					{ "time": 0.0666, "color": "fffffffd" },
					{ "time": 0.1666, "color": "ffffff00" },
					{ "time": 0.2, "color": "ffffffff" },
					{ "time": 0.3333, "color": "ffffff00" },
					{ "time": 0.3666, "color": "ffffffff" },
					{ "time": 0.4666, "color": "ffffff00" },
					{ "time": 0.6, "color": "ffffffff" },
					{ "time": 0.7333, "color": "ffffff00" },
					{ "time": 0.8, "color": "ffffffff" },
					{ "time": 0.9, "color": "ffffff00" },
					{ "time": 0.9666, "color": "ffffffff" },
					{ "time": 1.1, "color": "ffffff00" },
					{ "time": 1.1333, "color": "ffffffff" },
					{ "time": 1.2333, "color": "ffffff00" },
					{ "time": 1.3666, "color": "ffffffff" },
					{ "time": 1.4666, "color": "ffffff00" },
					{ "time": 1.5333, "color": "ffffffff" },
					{ "time": 1.6333, "color": "ffffff00" },
					{ "time": 1.7, "color": "ffffffff" },
					{ "time": 1.8333, "color": "ffffff00" },
					{ "time": 1.8666, "color": "ffffffff" },
					{ "time": 1.9666, "color": "ffffff00" }
				]
			}
		},
		"bones": {
			"Body": {
				"rotate": [
					{ "time": 0, "angle": 0, "curve": "stepped" },
					{ "time": 2, "angle": 0 }
				],
				"translate": [
					{ "time": 0, "x": 0, "y": 0, "curve": "stepped" },
					{ "time": 2, "x": 0, "y": 0 }
				]
			},
			"Root_All": {
				"rotate": [
					{ "time": 0, "angle": 0, "curve": "stepped" },
					{ "time": 2, "angle": 0 }
				],
				"translate": [
					{
						"time": 0,
						"x": 0,
						"y": 0,
						"curve": [ 0.255, 0.35, 0.6, 0.7 ]
					},
					{
						"time": 0.5,
						"x": 0,
						"y": -9.82,
						"curve": [ 0.3, 0.39, 0.641, 0.74 ]
					},
					{
						"time": 1,
						"x": 0,
						"y": -15.66,
						"curve": [ 0.322, 0.37, 0.652, 0.7 ]
					},
					{
						"time": 1.5,
						"x": 0,
						"y": -7.79,
						"curve": [ 0.314, 0.36, 0.644, 0.68 ]
					},
					{ "time": 2, "x": 0, "y": 0 }
				]
			},
			"Ship_All": {
				"rotate": [
					{ "time": 0, "angle": 0, "curve": "stepped" },
					{ "time": 2, "angle": 0 }
				],
				"translate": [
					{ "time": 0, "x": 0, "y": 0, "curve": "stepped" },
					{ "time": 2, "x": 0, "y": 0 }
				]
			},
			"Face": {
				"rotate": [
					{ "time": 0, "angle": 0, "curve": "stepped" },
					{ "time": 2, "angle": 0 }
				],
				"translate": [
					{
						"time": 0,
						"x": 0,
						"y": 0,
						"curve": [ 0.286, 0.34, 0.623, 0.67 ]
					},
					{
						"time": 0.5,
						"x": 0.64,
						"y": 0,
						"curve": [ 0.282, 0.37, 0.624, 0.71 ]
					},
					{
						"time": 1.5,
						"x": -1.28,
						"y": 0,
						"curve": [ 0.321, 0.37, 0.656, 0.71 ]
					},
					{ "time": 2, "x": 0, "y": 0 }
				]
			},
			"Head": {
				"rotate": [
					{ "time": 0, "angle": 0 },
					{ "time": 1, "angle": -5.31 },
					{ "time": 2, "angle": 0 }
				],
				"translate": [
					{ "time": 0, "x": 0, "y": 0, "curve": "stepped" },
					{ "time": 2, "x": 0, "y": 0 }
				]
			},
			"Leg": {
				"rotate": [
					{ "time": 0, "angle": 0 },
					{ "time": 1, "angle": 6.94 },
					{ "time": 2, "angle": 0 }
				],
				"translate": [
					{ "time": 0, "x": 0, "y": 0 },
					{ "time": 1, "x": 1.49, "y": 0 },
					{ "time": 2, "x": 0, "y": 0 }
				]
			},
			"G": {
				"rotate": [
					{ "time": 0, "angle": 0 },
					{ "time": 1, "angle": -1.15 },
					{ "time": 2, "angle": 0 }
				],
				"translate": [
					{ "time": 0, "x": 0, "y": 0, "curve": "stepped" },
					{ "time": 2, "x": 0, "y": 0 }
				]
			},
			"J": {
				"rotate": [
					{ "time": 0, "angle": 0 },
					{ "time": 1, "angle": 2.09 },
					{ "time": 2, "angle": 0 }
				],
				"translate": [
					{ "time": 0, "x": 0, "y": 0, "curve": "stepped" },
					{ "time": 2, "x": 0, "y": 0 }
				]
			},
			"Ship": {
				"rotate": [
					{ "time": 0, "angle": 0, "curve": "stepped" },
					{ "time": 2, "angle": 0 }
				],
				"translate": [
					{ "time": 0, "x": 0, "y": 0 },
					{ "time": 1, "x": 8.61, "y": 2.64 },
					{ "time": 2, "x": 0, "y": 0 }
				]
			},
			"JB": {
				"rotate": [
					{ "time": 0, "angle": 0 },
					{ "time": 1, "angle": -11.88 },
					{ "time": 2, "angle": 0 }
				],
				"translate": [
					{ "time": 0, "x": 0, "y": 0, "curve": "stepped" },
					{ "time": 2, "x": 0, "y": 0 }
				]
			},
			"Hand_R": {
				"rotate": [
					{ "time": 0, "angle": 0 },
					{ "time": 1, "angle": -23.9 },
					{ "time": 2, "angle": 0 }
				],
				"translate": [
					{ "time": 0, "x": 0, "y": 0, "curve": "stepped" },
					{ "time": 2, "x": 0, "y": 0 }
				]
			},
			"Hand_L": {
				"rotate": [
					{ "time": 0, "angle": 0 },
					{ "time": 1, "angle": -14.62 },
					{ "time": 2, "angle": 0 }
				],
				"translate": [
					{ "time": 0, "x": 0, "y": 0, "curve": "stepped" },
					{ "time": 2, "x": 0, "y": 0 }
				]
			},
			"hair_1": {
				"rotate": [
					{ "time": 0, "angle": 0 },
					{ "time": 0.6666, "angle": -4.24 },
					{ "time": 1.3333, "angle": -9.92 },
					{ "time": 2, "angle": 0 }
				],
				"translate": [
					{ "time": 0, "x": 0, "y": 0, "curve": "stepped" },
					{ "time": 2, "x": 0, "y": 0 }
				]
			},
			"hair_6": {
				"rotate": [
					{ "time": 0, "angle": 0 },
					{ "time": 0.6666, "angle": -0.23 },
					{ "time": 1.3333, "angle": -1.89 },
					{ "time": 2, "angle": 0 }
				],
				"translate": [
					{ "time": 0, "x": 0, "y": 0, "curve": "stepped" },
					{ "time": 2, "x": 0, "y": 0 }
				]
			},
			"hair_5": {
				"rotate": [
					{ "time": 0, "angle": 0 },
					{ "time": 0.6666, "angle": -20.13 },
					{ "time": 1.3333, "angle": -24.47 },
					{ "time": 2, "angle": 0 }
				],
				"translate": [
					{ "time": 0, "x": 0, "y": 0, "curve": "stepped" },
					{ "time": 2, "x": 0, "y": 0 }
				]
			},
			"hair_4": {
				"rotate": [
					{ "time": 0, "angle": 0 },
					{ "time": 0.6666, "angle": 14.14 },
					{ "time": 1.3333, "angle": 19.14 },
					{ "time": 2, "angle": 0 }
				],
				"translate": [
					{ "time": 0, "x": 0, "y": 0, "curve": "stepped" },
					{ "time": 2, "x": 0, "y": 0 }
				]
			},
			"hair_3": {
				"rotate": [
					{ "time": 0, "angle": 0 },
					{ "time": 0.6666, "angle": -7.83 },
					{ "time": 1.3333, "angle": 2.15 },
					{ "time": 2, "angle": 0 }
				],
				"translate": [
					{ "time": 0, "x": 0, "y": 0, "curve": "stepped" },
					{ "time": 2, "x": 0, "y": 0 }
				]
			},
			"hair_2": {
				"rotate": [
					{ "time": 0, "angle": 0 },
					{ "time": 0.6666, "angle": 1.53 },
					{ "time": 1.3333, "angle": 6.04 },
					{ "time": 2, "angle": 0 }
				],
				"translate": [
					{ "time": 0, "x": 0, "y": 0, "curve": "stepped" },
					{ "time": 2, "x": 0, "y": 0 }
				]
			}
		},
		"events": [
			{ "time": 0.0666, "name": "Antiaircraft" }
		]
	},
	"attack": {
		"slots": {
			"Light_Body": {
				"attachment": [
					{ "time": 0, "name": null },
					{ "time": 0.0666, "name": null }
				],
				"color": [
					{ "time": 0.5333, "color": "fffffffb" },
					{ "time": 0.8333, "color": "ffffff00" }
				]
			},
			"Rodney_body_normal": {
				"attachment": [
					{ "time": 0, "name": "Body_Change" },
					{ "time": 0.9, "name": "Body_Change" }
				]
			},
			"head_light": {
				"attachment": [
					{ "time": 0, "name": null },
					{ "time": 0.0666, "name": "head_light" },
					{ "time": 0.1, "name": "head_light" },
					{ "time": 0.5, "name": "head_light" }
				],
				"color": [
					{ "time": 0.5333, "color": "fffffffb" },
					{ "time": 0.8333, "color": "ffffff00" }
				]
			}
		},
		"bones": {
			"Root_All": {
				"rotate": [
					{ "time": 0, "angle": 0, "curve": "stepped" },
					{ "time": 1.6666, "angle": 0 }
				],
				"translate": [
					{
						"time": 0,
						"x": 0,
						"y": 0,
						"curve": [ 0.255, 0.35, 0.6, 0.7 ]
					},
					{ "time": 0.0666, "x": 8.69, "y": 0 },
					{ "time": 0.1666, "x": -87.44, "y": 0 },
					{ "time": 0.3333, "x": -61.04, "y": 0 },
					{ "time": 0.5333, "x": -69.84, "y": 0 },
					{ "time": 1, "x": -85.6, "y": 0 },
					{ "time": 1.4, "x": 15.07, "y": 0 },
					{ "time": 1.6666, "x": 0, "y": 0 }
				]
			},
			"Face": {
				"rotate": [
					{ "time": 0, "angle": 0, "curve": "stepped" },
					{ "time": 1.6666, "angle": 0 }
				],
				"translate": [
					{
						"time": 0,
						"x": 0,
						"y": 0,
						"curve": [ 0.286, 0.34, 0.623, 0.67 ]
					},
					{ "time": 0.1666, "x": 0, "y": 3.4 },
					{ "time": 0.3333, "x": -0.2, "y": 1.71 },
					{ "time": 0.9, "x": -0.34, "y": 1.96 },
					{ "time": 1, "x": -0.15, "y": 1.13 },
					{ "time": 1.4, "x": -0.35, "y": 0.55 },
					{ "time": 1.6666, "x": 0, "y": 0 }
				]
			},
			"Ship_All": {
				"rotate": [
					{ "time": 0, "angle": 0, "curve": "stepped" },
					{ "time": 1.6666, "angle": 0 }
				],
				"translate": [
					{ "time": 0, "x": 0, "y": 0, "curve": "stepped" },
					{ "time": 1.6666, "x": 0, "y": 0 }
				]
			},
			"Body": {
				"rotate": [
					{ "time": 0, "angle": 0, "curve": "stepped" },
					{ "time": 1.6666, "angle": 0 }
				],
				"translate": [
					{ "time": 0, "x": 0, "y": 0, "curve": "stepped" },
					{ "time": 1.6666, "x": 0, "y": 0 }
				]
			},
			"Attack_Point": {
				"rotate": [
					{ "time": 0.0666, "angle": 0 }
				],
				"translate": [
					{ "time": 0.0666, "x": 0, "y": 0 }
				]
			},
			"Head": {
				"rotate": [
					{ "time": 0, "angle": 0 },
					{ "time": 0.6666, "angle": -5.2 },
					{ "time": 1.6666, "angle": 0 }
				],
				"translate": [
					{ "time": 0, "x": 0, "y": 0, "curve": "stepped" },
					{ "time": 1.6666, "x": 0, "y": 0 }
				]
			},
			"Leg": {
				"rotate": [
					{ "time": 0, "angle": 0 },
					{ "time": 0.6666, "angle": 6.14 },
					{ "time": 1.1666, "angle": 355.39 },
					{ "time": 1.6666, "angle": 0 }
				],
				"translate": [
					{ "time": 0, "x": 0, "y": 0 },
					{ "time": 0.6666, "x": -0.74, "y": 0 },
					{ "time": 1.6666, "x": 0, "y": 0 }
				]
			}
		},
		"events": [
			{ "time": 0.0666, "name": "attack_point" }
		]
	},
	"damage": {
		"slots": {
			"G": {
				"color": [
					{ "time": 0.0666, "color": "8c4c51ff", "curve": "stepped" },
					{ "time": 0.7666, "color": "8c4c51ff" },
					{ "time": 1.1333, "color": "ffffffff" }
				]
			},
			"G_light": {
				"attachment": [
					{ "time": 0, "name": null },
					{ "time": 0.0666, "name": "G_light" },
					{ "time": 0.7666, "name": null }
				],
				"color": [
					{ "time": 0.5333, "color": "fffffffc" },
					{ "time": 0.7666, "color": "ffffff00" }
				]
			},
			"J": {
				"color": [
					{ "time": 0.0666, "color": "8c4c51ff", "curve": "stepped" },
					{ "time": 0.7666, "color": "8c4c51ff" },
					{ "time": 1.1333, "color": "ffffffff" }
				]
			},
			"JB": {
				"color": [
					{ "time": 0.0666, "color": "8c4c51ff", "curve": "stepped" },
					{ "time": 0.7666, "color": "8c4c51ff" },
					{ "time": 1.1333, "color": "ffffffff" }
				]
			},
			"J_light": {
				"attachment": [
					{ "time": 0, "name": null },
					{ "time": 0.0666, "name": "J-light" },
					{ "time": 0.7666, "name": null }
				],
				"color": [
					{ "time": 0.5333, "color": "fffffffc" },
					{ "time": 0.7666, "color": "ffffff00" }
				]
			},
			"Light_Body": {
				"attachment": [
					{ "time": 0, "name": null },
					{ "time": 0.0666, "name": "Rodney_ship_body_normal_light" },
					{ "time": 0.7666, "name": null }
				],
				"color": [
					{ "time": 0.5333, "color": "fffffffc" },
					{ "time": 0.7666, "color": "ffffff00" }
				]
			},
			"Rodney_body_normal": {
				"attachment": [
					{ "time": 0, "name": "Body_Change" },
					{ "time": 0.8666, "name": "Body_Change" }
				],
				"color": [
					{ "time": 0.0666, "color": "8c4c51ff", "curve": "stepped" },
					{ "time": 0.7666, "color": "8c4c51ff" },
					{ "time": 1.1333, "color": "ffffffff" }
				]
			},
			"Rodney_eyes_normal": {
				"attachment": [
					{ "time": 0.0666, "name": "Rodney_eyes_damage" },
					{ "time": 1.1333, "name": "Rodney_eyes_normal" }
				],
				"color": [
					{ "time": 0.0666, "color": "8c4c51ff", "curve": "stepped" },
					{ "time": 0.7666, "color": "8c4c51ff" },
					{ "time": 1.1333, "color": "ffffffff" }
				]
			},
			"Rodney_ship_armor_normal": {
				"color": [
					{ "time": 0.0666, "color": "8c4c51ff", "curve": "stepped" },
					{ "time": 0.7666, "color": "8c4c51ff" },
					{ "time": 1.1333, "color": "ffffffff" }
				]
			},
			"hair": {
				"color": [
					{ "time": 0.0666, "color": "8c4c51ff", "curve": "stepped" },
					{ "time": 0.7666, "color": "8c4c51ff" },
					{ "time": 1.1333, "color": "ffffffff" }
				]
			},
			"hand_L": {
				"color": [
					{ "time": 0.0666, "color": "8c4c51ff", "curve": "stepped" },
					{ "time": 0.7666, "color": "8c4c51ff" },
					{ "time": 1.1333, "color": "ffffffff" }
				]
			},
			"hand_R": {
				"color": [
					{ "time": 0.0666, "color": "8c4c51ff", "curve": "stepped" },
					{ "time": 0.7666, "color": "8c4c51ff" },
					{ "time": 1.1333, "color": "ffffffff" }
				]
			},
			"head": {
				"color": [
					{ "time": 0.0666, "color": "8c4c51ff", "curve": "stepped" },
					{ "time": 0.7666, "color": "8c4c51ff" },
					{ "time": 1.1333, "color": "ffffffff" }
				]
			},
			"head_light": {
				"attachment": [
					{ "time": 0, "name": null },
					{ "time": 0.0666, "name": "head_light" },
					{ "time": 0.7666, "name": null }
				],
				"color": [
					{ "time": 0.5333, "color": "fffffffc" },
					{ "time": 0.7666, "color": "ffffff00" }
				]
			},
			"leg": {
				"color": [
					{ "time": 0.0666, "color": "8c4c51ff", "curve": "stepped" },
					{ "time": 0.7666, "color": "8c4c51ff" },
					{ "time": 1.1333, "color": "ffffffff" }
				]
			},
			"leg_light": {
				"attachment": [
					{ "time": 0, "name": null },
					{ "time": 0.0666, "name": "leg_light" },
					{ "time": 0.7666, "name": null }
				],
				"color": [
					{ "time": 0.5333, "color": "fffffffc" },
					{ "time": 0.7666, "color": "ffffff00" }
				]
			}
		},
		"bones": {
			"Root_All": {
				"rotate": [
					{ "time": 0, "angle": 0, "curve": "stepped" },
					{ "time": 1.1666, "angle": 0 }
				],
				"translate": [
					{
						"time": 0,
						"x": 0,
						"y": 0,
						"curve": [ 0.255, 0.35, 0.6, 0.7 ]
					},
					{ "time": 0.0666, "x": -27.67, "y": -23.16 },
					{ "time": 0.1333, "x": 20.98, "y": 15.35 },
					{ "time": 0.2333, "x": -19.78, "y": -15.62 },
					{ "time": 0.3666, "x": 14.36, "y": 8.59 },
					{ "time": 0.5666, "x": -3.37, "y": -4.5 },
					{ "time": 0.8666, "x": 5.63, "y": 2.25 },
					{ "time": 1.1666, "x": 0, "y": 0 }
				]
			},
			"Face": {
				"rotate": [
					{ "time": 0, "angle": 0, "curve": "stepped" },
					{ "time": 1.1666, "angle": 0 }
				],
				"translate": [
					{
						"time": 0,
						"x": 0,
						"y": 0,
						"curve": [ 0.286, 0.34, 0.623, 0.67 ]
					},
					{ "time": 0.0666, "x": -5.44, "y": 0 },
					{ "time": 0.1333, "x": -0.44, "y": 0 },
					{ "time": 0.2333, "x": -5.06, "y": 0 },
					{ "time": 0.3666, "x": -2.01, "y": 0 },
					{ "time": 1.1666, "x": 0, "y": 0 }
				]
			},
			"Ship_All": {
				"rotate": [
					{ "time": 0, "angle": 0, "curve": "stepped" },
					{ "time": 1.1666, "angle": 0 }
				],
				"translate": [
					{ "time": 0, "x": 0, "y": 0, "curve": "stepped" },
					{ "time": 1.1666, "x": 0, "y": 0 }
				]
			},
			"Body": {
				"rotate": [
					{ "time": 0, "angle": 0, "curve": "stepped" },
					{ "time": 1.1666, "angle": 0 }
				],
				"translate": [
					{ "time": 0, "x": 0, "y": 0, "curve": "stepped" },
					{ "time": 1.1666, "x": 0, "y": 0 }
				]
			},
			"Damage_Point": {
				"rotate": [
					{ "time": 0.0666, "angle": 0 }
				],
				"translate": [
					{ "time": 0.0666, "x": 0, "y": 0 }
				]
			},
			"Head": {
				"rotate": [
					{ "time": 0, "angle": 0 },
					{ "time": 0.6666, "angle": -6.17 },
					{ "time": 1.1666, "angle": 0 }
				],
				"translate": [
					{ "time": 0, "x": 0, "y": 0, "curve": "stepped" },
					{ "time": 1.1666, "x": 0, "y": 0 }
				]
			},
			"Leg": {
				"rotate": [
					{ "time": 0, "angle": 0 },
					{ "time": 0.3333, "angle": 17.33 },
					{ "time": 0.6666, "angle": 18.44 },
					{ "time": 1.1666, "angle": 0 }
				],
				"translate": [
					{ "time": 0, "x": 0, "y": 0 },
					{ "time": 0.3333, "x": 4.63, "y": 0 },
					{ "time": 0.6666, "x": 2.78, "y": 0 },
					{ "time": 1.1666, "x": 0, "y": 0 }
				]
			},
			"Hand_L": {
				"rotate": [
					{ "time": 0, "angle": 0 },
					{ "time": 0.5, "angle": 17.07 },
					{ "time": 1.1666, "angle": 0 }
				],
				"translate": [
					{ "time": 0, "x": 0, "y": 0, "curve": "stepped" },
					{ "time": 1.1666, "x": 0, "y": 0 }
				]
			},
			"Ship": {
				"rotate": [
					{ "time": 0, "angle": 0 },
					{ "time": 0.3333, "angle": -347.14 },
					{ "time": 0.5, "angle": -349.82 },
					{ "time": 0.6666, "angle": -9.86 },
					{ "time": 1.1666, "angle": 0 }
				],
				"translate": [
					{ "time": 0, "x": 0, "y": 0, "curve": "stepped" },
					{ "time": 1.1666, "x": 0, "y": 0 }
				]
			},
			"hair_1": {
				"rotate": [
					{ "time": 0, "angle": 0 },
					{ "time": 0.3333, "angle": -1.39 },
					{ "time": 0.8333, "angle": -3.72 },
					{ "time": 1.1666, "angle": 0 }
				],
				"translate": [
					{ "time": 0, "x": 0, "y": 0, "curve": "stepped" },
					{ "time": 1.1666, "x": 0, "y": 0 }
				]
			},
			"Hand_R": {
				"rotate": [
					{ "time": 0, "angle": 0 },
					{ "time": 0.3333, "angle": 17.81 },
					{ "time": 1.1666, "angle": 0 }
				],
				"translate": [
					{ "time": 0, "x": 0, "y": 0, "curve": "stepped" },
					{ "time": 1.1666, "x": 0, "y": 0 }
				]
			},
			"JB": {
				"rotate": [
					{ "time": 0, "angle": 0 },
					{ "time": 0.1666, "angle": 44.25 },
					{ "time": 0.6666, "angle": 43.51 },
					{ "time": 1.1666, "angle": 0 }
				],
				"translate": [
					{ "time": 0, "x": 0, "y": 0 },
					{ "time": 0.3, "x": -0.07, "y": 3.31 },
					{ "time": 0.5333, "x": 0.25, "y": -10.87 },
					{ "time": 1.1666, "x": 0, "y": 0 }
				]
			},
			"G": {
				"rotate": [
					{ "time": 0, "angle": 0 },
					{ "time": 0.3333, "angle": -46.91 },
					{ "time": 1.1666, "angle": 0 }
				],
				"translate": [
					{ "time": 0, "x": 0, "y": 0, "curve": "stepped" },
					{ "time": 1.1666, "x": 0, "y": 0 }
				]
			},
			"J": {
				"rotate": [
					{ "time": 0, "angle": 0 },
					{ "time": 0.5, "angle": -24.1 },
					{ "time": 1.1666, "angle": 0 }
				],
				"translate": [
					{ "time": 0, "x": 0, "y": 0, "curve": "stepped" },
					{ "time": 1.1666, "x": 0, "y": 0 }
				]
			},
			"hair_6": {
				"rotate": [
					{ "time": 0, "angle": 0 },
					{ "time": 0.3333, "angle": -2.97 },
					{ "time": 0.8333, "angle": -17.39 },
					{ "time": 1.1666, "angle": 0 }
				],
				"translate": [
					{ "time": 0, "x": 0, "y": 0, "curve": "stepped" },
					{ "time": 1.1666, "x": 0, "y": 0 }
				]
			},
			"hair_5": {
				"rotate": [
					{ "time": 0, "angle": 0 },
					{ "time": 0.3333, "angle": -10.44 },
					{ "time": 0.8333, "angle": -11.18 },
					{ "time": 1.1666, "angle": 0 }
				],
				"translate": [
					{ "time": 0, "x": 0, "y": 0, "curve": "stepped" },
					{ "time": 1.1666, "x": 0, "y": 0 }
				]
			},
			"hair_4": {
				"rotate": [
					{ "time": 0, "angle": 0 },
					{ "time": 0.3333, "angle": -6.87 },
					{ "time": 0.8333, "angle": 7.18 },
					{ "time": 1.1666, "angle": 0 }
				],
				"translate": [
					{ "time": 0, "x": 0, "y": 0, "curve": "stepped" },
					{ "time": 1.1666, "x": 0, "y": 0 }
				]
			},
			"hair_3": {
				"rotate": [
					{ "time": 0, "angle": 0 },
					{ "time": 0.3333, "angle": 7.12 },
					{ "time": 0.8333, "angle": -3.72 },
					{ "time": 1.1666, "angle": 0 }
				],
				"translate": [
					{ "time": 0, "x": 0, "y": 0, "curve": "stepped" },
					{ "time": 1.1666, "x": 0, "y": 0 }
				]
			},
			"hair_2": {
				"rotate": [
					{ "time": 0, "angle": 0 },
					{ "time": 0.3333, "angle": 4.82 },
					{ "time": 0.8333, "angle": -1.04 },
					{ "time": 1.1666, "angle": 0 }
				],
				"translate": [
					{ "time": 0, "x": 0, "y": 0, "curve": "stepped" },
					{ "time": 1.1666, "x": 0, "y": 0 }
				]
			}
		},
		"events": [
			{ "time": 0.0666, "name": "damage_point" }
		]
	},
	"normal": {
		"slots": {
			"G_light": {
				"attachment": [
					{ "time": 0, "name": null }
				]
			},
			"J_light": {
				"attachment": [
					{ "time": 0, "name": null }
				]
			},
			"Light_Body": {
				"attachment": [
					{ "time": 0, "name": null }
				]
			},
			"Rodney_body_normal": {
				"attachment": [
					{ "time": 0, "name": "Body_Change" }
				]
			},
			"head_light": {
				"attachment": [
					{ "time": 0, "name": null }
				]
			},
			"leg_light": {
				"attachment": [
					{ "time": 0, "name": null }
				]
			}
		},
		"bones": {
			"G": {
				"rotate": [
					{ "time": 0, "angle": 0 },
					{ "time": 1, "angle": -1.15 },
					{ "time": 2, "angle": 0 }
				],
				"translate": [
					{ "time": 0, "x": 0, "y": 0, "curve": "stepped" },
					{ "time": 2, "x": 0, "y": 0 }
				]
			},
			"Ship": {
				"rotate": [
					{ "time": 0, "angle": 0, "curve": "stepped" },
					{ "time": 2, "angle": 0 }
				],
				"translate": [
					{ "time": 0, "x": 0, "y": 0 },
					{ "time": 1, "x": 8.61, "y": 2.64 },
					{ "time": 2, "x": 0, "y": 0 }
				]
			},
			"J": {
				"rotate": [
					{ "time": 0, "angle": 0 },
					{ "time": 1, "angle": 2.09 },
					{ "time": 2, "angle": 0 }
				],
				"translate": [
					{ "time": 0, "x": 0, "y": 0, "curve": "stepped" },
					{ "time": 2, "x": 0, "y": 0 }
				]
			},
			"Head": {
				"rotate": [
					{ "time": 0, "angle": 0 },
					{ "time": 1, "angle": -5.31 },
					{ "time": 2, "angle": 0 }
				],
				"translate": [
					{ "time": 0, "x": 0, "y": 0, "curve": "stepped" },
					{ "time": 2, "x": 0, "y": 0 }
				]
			},
			"hair_2": {
				"rotate": [
					{ "time": 0, "angle": 0 },
					{ "time": 0.6666, "angle": 1.53 },
					{ "time": 1.3333, "angle": 6.04 },
					{ "time": 2, "angle": 0 }
				],
				"translate": [
					{ "time": 0, "x": 0, "y": 0, "curve": "stepped" },
					{ "time": 2, "x": 0, "y": 0 }
				]
			},
			"Leg": {
				"rotate": [
					{ "time": 0, "angle": 0 },
					{ "time": 1, "angle": 6.94 },
					{ "time": 2, "angle": 0 }
				],
				"translate": [
					{ "time": 0, "x": 0, "y": 0 },
					{ "time": 1, "x": 1.49, "y": 0 },
					{ "time": 2, "x": 0, "y": 0 }
				]
			},
			"Body": {
				"rotate": [
					{ "time": 0, "angle": 0, "curve": "stepped" },
					{ "time": 2, "angle": 0 }
				],
				"translate": [
					{ "time": 0, "x": 0, "y": 0, "curve": "stepped" },
					{ "time": 2, "x": 0, "y": 0 }
				]
			},
			"Hand_L": {
				"rotate": [
					{ "time": 0, "angle": 0 },
					{ "time": 1, "angle": -14.62 },
					{ "time": 2, "angle": 0 }
				],
				"translate": [
					{ "time": 0, "x": 0, "y": 0, "curve": "stepped" },
					{ "time": 2, "x": 0, "y": 0 }
				]
			},
			"hair_4": {
				"rotate": [
					{ "time": 0, "angle": 0 },
					{ "time": 0.6666, "angle": 14.14 },
					{ "time": 1.3333, "angle": 19.14 },
					{ "time": 2, "angle": 0 }
				],
				"translate": [
					{ "time": 0, "x": 0, "y": 0, "curve": "stepped" },
					{ "time": 2, "x": 0, "y": 0 }
				]
			},
			"hair_1": {
				"rotate": [
					{ "time": 0, "angle": 0 },
					{ "time": 0.6666, "angle": -4.24 },
					{ "time": 1.3333, "angle": -9.92 },
					{ "time": 2, "angle": 0 }
				],
				"translate": [
					{ "time": 0, "x": 0, "y": 0, "curve": "stepped" },
					{ "time": 2, "x": 0, "y": 0 }
				]
			},
			"Hand_R": {
				"rotate": [
					{ "time": 0, "angle": 0 },
					{ "time": 1, "angle": -23.9 },
					{ "time": 2, "angle": 0 }
				],
				"translate": [
					{ "time": 0, "x": 0, "y": 0, "curve": "stepped" },
					{ "time": 2, "x": 0, "y": 0 }
				]
			},
			"Root_All": {
				"rotate": [
					{ "time": 0, "angle": 0, "curve": "stepped" },
					{ "time": 2, "angle": 0 }
				],
				"translate": [
					{
						"time": 0,
						"x": 0,
						"y": 0,
						"curve": [ 0.255, 0.35, 0.6, 0.7 ]
					},
					{
						"time": 0.5,
						"x": 0,
						"y": -9.82,
						"curve": [ 0.3, 0.39, 0.641, 0.74 ]
					},
					{
						"time": 1,
						"x": 0,
						"y": -15.66,
						"curve": [ 0.322, 0.37, 0.652, 0.7 ]
					},
					{
						"time": 1.5,
						"x": 0,
						"y": -7.79,
						"curve": [ 0.314, 0.36, 0.644, 0.68 ]
					},
					{ "time": 2, "x": 0, "y": 0 }
				]
			},
			"hair_3": {
				"rotate": [
					{ "time": 0, "angle": 0 },
					{ "time": 0.6666, "angle": -7.83 },
					{ "time": 1.3333, "angle": 2.15 },
					{ "time": 2, "angle": 0 }
				],
				"translate": [
					{ "time": 0, "x": 0, "y": 0, "curve": "stepped" },
					{ "time": 2, "x": 0, "y": 0 }
				]
			},
			"hair_5": {
				"rotate": [
					{ "time": 0, "angle": 0 },
					{ "time": 0.6666, "angle": -20.13 },
					{ "time": 1.3333, "angle": -24.47 },
					{ "time": 2, "angle": 0 }
				],
				"translate": [
					{ "time": 0, "x": 0, "y": 0, "curve": "stepped" },
					{ "time": 2, "x": 0, "y": 0 }
				]
			},
			"JB": {
				"rotate": [
					{ "time": 0, "angle": 0 },
					{ "time": 1, "angle": -11.88 },
					{ "time": 2, "angle": 0 }
				],
				"translate": [
					{ "time": 0, "x": 0, "y": 0, "curve": "stepped" },
					{ "time": 2, "x": 0, "y": 0 }
				]
			},
			"Ship_All": {
				"rotate": [
					{ "time": 0, "angle": 0, "curve": "stepped" },
					{ "time": 2, "angle": 0 }
				],
				"translate": [
					{ "time": 0, "x": 0, "y": 0, "curve": "stepped" },
					{ "time": 2, "x": 0, "y": 0 }
				]
			},
			"Face": {
				"rotate": [
					{ "time": 0, "angle": 0, "curve": "stepped" },
					{ "time": 2, "angle": 0 }
				],
				"translate": [
					{
						"time": 0,
						"x": 0,
						"y": 0,
						"curve": [ 0.286, 0.34, 0.623, 0.67 ]
					},
					{
						"time": 0.5,
						"x": 0.64,
						"y": 0,
						"curve": [ 0.282, 0.37, 0.624, 0.71 ]
					},
					{
						"time": 1.5,
						"x": -1.28,
						"y": 0,
						"curve": [ 0.321, 0.37, 0.656, 0.71 ]
					},
					{ "time": 2, "x": 0, "y": 0 }
				]
			},
			"hair_6": {
				"rotate": [
					{ "time": 0, "angle": 0 },
					{ "time": 0.6666, "angle": -0.23 },
					{ "time": 1.3333, "angle": -1.89 },
					{ "time": 2, "angle": 0 }
				],
				"translate": [
					{ "time": 0, "x": 0, "y": 0, "curve": "stepped" },
					{ "time": 2, "x": 0, "y": 0 }
				]
			}
		}
	},
	"throw": {
		"slots": {
			"G_light": {
				"attachment": [
					{ "time": 0, "name": null }
				]
			},
			"J": {
				"color": [
					{ "time": 0.8333, "color": "ffffffff" },
					{ "time": 0.8666, "color": "ffffff00" }
				]
			},
			"J_light": {
				"attachment": [
					{ "time": 0, "name": null },
					{ "time": 0.0666, "name": "J-light" },
					{ "time": 0.8333, "name": "J-light" },
					{ "time": 0.8666, "name": null }
				],
				"color": [
					{ "time": 0.3333, "color": "ffffff3f" },
					{ "time": 0.4, "color": "ffffffff" },
					{ "time": 0.4666, "color": "ffffff3a" },
					{ "time": 0.5, "color": "ffffff94" },
					{ "time": 0.5666, "color": "ffffffff" }
				]
			},
			"Light_Body": {
				"attachment": [
					{ "time": 0, "name": null }
				]
			},
			"Rodney_body_normal": {
				"attachment": [
					{ "time": 0, "name": "Body_Change" }
				]
			},
			"head_light": {
				"attachment": [
					{ "time": 0, "name": null }
				]
			},
			"leg_light": {
				"attachment": [
					{ "time": 0, "name": null }
				]
			}
		},
		"bones": {
			"Face": {
				"rotate": [
					{ "time": 0, "angle": 0, "curve": "stepped" },
					{ "time": 1.3333, "angle": 0 }
				],
				"translate": [
					{
						"time": 0,
						"x": 0,
						"y": 0,
						"curve": [ 0.286, 0.34, 0.623, 0.67 ]
					},
					{ "time": 0.3333, "x": 0, "y": -0.7 },
					{ "time": 0.5666, "x": 0, "y": 0.14 },
					{ "time": 1.3333, "x": 0, "y": 0 }
				]
			},
			"Root_All": {
				"rotate": [
					{ "time": 0, "angle": 0, "curve": "stepped" },
					{ "time": 1.3333, "angle": 0 }
				],
				"translate": [
					{ "time": 0, "x": 0, "y": 0, "curve": "stepped" },
					{ "time": 1.3333, "x": 0, "y": 0 }
				]
			},
			"Body": {
				"rotate": [
					{ "time": 0, "angle": 0, "curve": "stepped" },
					{ "time": 1.3333, "angle": 0 }
				],
				"translate": [
					{
						"time": 0,
						"x": 0,
						"y": 0,
						"curve": [ 0.255, 0.35, 0.6, 0.7 ]
					},
					{
						"time": 0.6666,
						"x": -45.04,
						"y": -4.63,
						"curve": [ 0.313, 0.36, 0.649, 0.69 ]
					},
					{
						"time": 1,
						"x": -1.28,
						"y": -2.63,
						"curve": [ 0.321, 0.37, 0.656, 0.71 ]
					},
					{ "time": 1.3333, "x": 0, "y": 0 }
				]
			},
			"Ship_All": {
				"rotate": [
					{ "time": 0, "angle": 0, "curve": "stepped" },
					{ "time": 1.3333, "angle": 0 }
				],
				"translate": [
					{ "time": 0, "x": 0, "y": 0, "curve": "stepped" },
					{ "time": 1.3333, "x": 0, "y": 0 }
				]
			},
			"Throw_Point": {
				"rotate": [
					{ "time": 0.6333, "angle": 0 }
				],
				"translate": [
					{ "time": 0.6333, "x": 0, "y": 0 }
				]
			},
			"Leg": {
				"rotate": [
					{ "time": 0, "angle": 0 },
					{ "time": 0.6666, "angle": 8.24 },
					{ "time": 1.3333, "angle": 0 }
				],
				"translate": [
					{ "time": 0, "x": 0, "y": 0, "curve": "stepped" },
					{ "time": 1.3333, "x": 0, "y": 0 }
				]
			},
			"Head": {
				"rotate": [
					{ "time": 0, "angle": 0 },
					{ "time": 0.6666, "angle": -10.26 },
					{ "time": 1.3333, "angle": 0 }
				],
				"translate": [
					{ "time": 0, "x": 0, "y": 0, "curve": "stepped" },
					{ "time": 1.3333, "x": 0, "y": 0 }
				]
			},
			"J": {
				"rotate": [
					{ "time": 0, "angle": 0 },
					{ "time": 0.5, "angle": 21.99 },
					{ "time": 0.6666, "angle": 26.66 },
					{ "time": 0.8333, "angle": 25.27 },
					{ "time": 1.3333, "angle": 0 }
				],
				"translate": [
					{ "time": 0, "x": 0, "y": 0 },
					{ "time": 0.5, "x": 2.13, "y": 1.23 },
					{ "time": 0.6666, "x": -16.19, "y": 13.41 },
					{ "time": 0.8333, "x": -30.91, "y": 29.72 },
					{ "time": 1.3333, "x": 0, "y": 0 }
				]
			},
			"G": {
				"rotate": [
					{ "time": 0, "angle": 0 },
					{ "time": 0.6666, "angle": -35.81 },
					{ "time": 0.8333, "angle": -34.93 },
					{ "time": 1.3333, "angle": 0 }
				],
				"translate": [
					{ "time": 0, "x": 0, "y": 0, "curve": "stepped" },
					{ "time": 1.3333, "x": 0, "y": 0 }
				]
			},
			"JB": {
				"rotate": [
					{ "time": 0, "angle": 0 },
					{ "time": 0.3333, "angle": -35.6 },
					{ "time": 0.6666, "angle": -25.04 },
					{ "time": 1, "angle": 10.1 },
					{ "time": 1.3333, "angle": 0 }
				],
				"translate": [
					{ "time": 0, "x": 0, "y": 0, "curve": "stepped" },
					{ "time": 1.3333, "x": 0, "y": 0 }
				]
			},
			"Ship": {
				"rotate": [
					{ "time": 0, "angle": 0 },
					{ "time": 0.5, "angle": -356.85 },
					{ "time": 0.8333, "angle": -5.66 },
					{ "time": 1.3333, "angle": 0 }
				],
				"translate": [
					{ "time": 0, "x": 0, "y": 0, "curve": "stepped" },
					{ "time": 1.3333, "x": 0, "y": 0 }
				]
			},
			"hair_1": {
				"rotate": [
					{ "time": 0, "angle": 0 },
					{ "time": 0.3333, "angle": -3.77 },
					{ "time": 1, "angle": -3.41 },
					{ "time": 1.3333, "angle": 0 }
				],
				"translate": [
					{ "time": 0, "x": 0, "y": 0, "curve": "stepped" },
					{ "time": 1.3333, "x": 0, "y": 0 }
				]
			},
			"hair_6": {
				"rotate": [
					{ "time": 0, "angle": 0 },
					{ "time": 0.3333, "angle": 1.5 },
					{ "time": 1, "angle": -10.22 },
					{ "time": 1.3333, "angle": 0 }
				],
				"translate": [
					{ "time": 0, "x": 0, "y": 0, "curve": "stepped" },
					{ "time": 1.3333, "x": 0, "y": 0 }
				]
			},
			"hair_5": {
				"rotate": [
					{ "time": 0, "angle": 0 },
					{ "time": 0.3333, "angle": -3.77 },
					{ "time": 1, "angle": -7.09 },
					{ "time": 1.3333, "angle": 0 }
				],
				"translate": [
					{ "time": 0, "x": 0, "y": 0, "curve": "stepped" },
					{ "time": 1.3333, "x": 0, "y": 0 }
				]
			},
			"hair_4": {
				"rotate": [
					{ "time": 0, "angle": 0 },
					{ "time": 0.3333, "angle": -9.48 },
					{ "time": 1, "angle": -0.45 },
					{ "time": 1.3333, "angle": 0 }
				],
				"translate": [
					{ "time": 0, "x": 0, "y": 0, "curve": "stepped" },
					{ "time": 1.3333, "x": 0, "y": 0 }
				]
			},
			"hair_3": {
				"rotate": [
					{ "time": 0, "angle": 0 },
					{ "time": 0.3333, "angle": -3.77 },
					{ "time": 1, "angle": 12.61 },
					{ "time": 1.3333, "angle": 0 }
				],
				"translate": [
					{ "time": 0, "x": 0, "y": 0, "curve": "stepped" },
					{ "time": 1.3333, "x": 0, "y": 0 }
				]
			},
			"hair_2": {
				"rotate": [
					{ "time": 0, "angle": 0 },
					{ "time": 0.3333, "angle": -3.77 },
					{ "time": 1, "angle": 5.37 },
					{ "time": 1.3333, "angle": 0 }
				],
				"translate": [
					{ "time": 0, "x": 0, "y": 0, "curve": "stepped" },
					{ "time": 1.3333, "x": 0, "y": 0 }
				]
			},
			"Hand_R": {
				"rotate": [
					{ "time": 0, "angle": 0 },
					{ "time": 0.6666, "angle": 11.89 },
					{ "time": 1.3333, "angle": 0 }
				],
				"translate": [
					{ "time": 0, "x": 0, "y": 0, "curve": "stepped" },
					{ "time": 1.3333, "x": 0, "y": 0 }
				]
			},
			"Hand_L": {
				"rotate": [
					{ "time": 0, "angle": 0 },
					{ "time": 0.5, "angle": -16.33 },
					{ "time": 0.6666, "angle": -18.58 },
					{ "time": 1.3333, "angle": 0 }
				],
				"translate": [
					{ "time": 0, "x": 0, "y": 0 },
					{ "time": 0.5, "x": 0, "y": 0.9 },
					{ "time": 0.6666, "x": 0, "y": -2.89 },
					{ "time": 1.3333, "x": 0, "y": 0 }
				]
			}
		},
		"events": [
			{ "time": 0.8333, "name": "throw_point" }
		]
	},
	"wreck": {
		"slots": {
			"G_light": {
				"attachment": [
					{ "time": 0, "name": null }
				]
			},
			"J_light": {
				"attachment": [
					{ "time": 0, "name": null }
				]
			},
			"Light_Body": {
				"attachment": [
					{ "time": 0, "name": null }
				]
			},
			"Rodney_body_normal": {
				"attachment": [
					{ "time": 0, "name": "Body_Change" }
				]
			},
			"Rodney_eyes_normal": {
				"attachment": [
					{ "time": 0, "name": "Rodney_eyes_damage" }
				]
			},
			"head_light": {
				"attachment": [
					{ "time": 0, "name": null }
				]
			},
			"leg_light": {
				"attachment": [
					{ "time": 0, "name": null }
				]
			}
		},
		"bones": {
			"Root_All": {
				"rotate": [
					{ "time": 0, "angle": 0, "curve": "stepped" },
					{ "time": 2, "angle": 0 }
				],
				"translate": [
					{
						"time": 0,
						"x": 0,
						"y": 0,
						"curve": [ 0.255, 0.35, 0.6, 0.7 ]
					},
					{
						"time": 0.5,
						"x": 0,
						"y": -9.82,
						"curve": [ 0.3, 0.39, 0.641, 0.74 ]
					},
					{
						"time": 1,
						"x": 0,
						"y": -15.66,
						"curve": [ 0.322, 0.37, 0.652, 0.7 ]
					},
					{
						"time": 1.5,
						"x": 0,
						"y": -7.79,
						"curve": [ 0.314, 0.36, 0.644, 0.68 ]
					},
					{ "time": 2, "x": 0, "y": 0 }
				]
			},
			"Body": {
				"rotate": [
					{ "time": 0, "angle": 0, "curve": "stepped" },
					{ "time": 2, "angle": 0 }
				],
				"translate": [
					{ "time": 0, "x": 0, "y": 0, "curve": "stepped" },
					{ "time": 2, "x": 0, "y": 0 }
				]
			},
			"Hand_L": {
				"rotate": [
					{ "time": 0, "angle": 0 },
					{ "time": 1, "angle": -14.62 },
					{ "time": 2, "angle": 0 }
				],
				"translate": [
					{ "time": 0, "x": 0, "y": 0, "curve": "stepped" },
					{ "time": 2, "x": 0, "y": 0 }
				]
			},
			"hair_2": {
				"rotate": [
					{ "time": 0, "angle": 0 },
					{ "time": 0.6666, "angle": 1.53 },
					{ "time": 1.3333, "angle": 6.04 },
					{ "time": 2, "angle": 0 }
				],
				"translate": [
					{ "time": 0, "x": 0, "y": 0, "curve": "stepped" },
					{ "time": 2, "x": 0, "y": 0 }
				]
			},
			"Ship": {
				"rotate": [
					{ "time": 0, "angle": 0, "curve": "stepped" },
					{ "time": 2, "angle": 0 }
				],
				"translate": [
					{ "time": 0, "x": 0, "y": 0 },
					{ "time": 1, "x": 8.61, "y": 2.64 },
					{ "time": 2, "x": 0, "y": 0 }
				]
			},
			"hair_5": {
				"rotate": [
					{ "time": 0, "angle": 0 },
					{ "time": 0.6666, "angle": -20.13 },
					{ "time": 1.3333, "angle": -24.47 },
					{ "time": 2, "angle": 0 }
				],
				"translate": [
					{ "time": 0, "x": 0, "y": 0, "curve": "stepped" },
					{ "time": 2, "x": 0, "y": 0 }
				]
			},
			"hair_6": {
				"rotate": [
					{ "time": 0, "angle": 0 },
					{ "time": 0.6666, "angle": -0.23 },
					{ "time": 1.3333, "angle": -1.89 },
					{ "time": 2, "angle": 0 }
				],
				"translate": [
					{ "time": 0, "x": 0, "y": 0, "curve": "stepped" },
					{ "time": 2, "x": 0, "y": 0 }
				]
			},
			"Head": {
				"rotate": [
					{ "time": 0, "angle": 0 },
					{ "time": 1, "angle": -5.31 },
					{ "time": 2, "angle": 0 }
				],
				"translate": [
					{ "time": 0, "x": 0, "y": 0, "curve": "stepped" },
					{ "time": 2, "x": 0, "y": 0 }
				]
			},
			"Hand_R": {
				"rotate": [
					{ "time": 0, "angle": 0 },
					{ "time": 1, "angle": -23.9 },
					{ "time": 2, "angle": 0 }
				],
				"translate": [
					{ "time": 0, "x": 0, "y": 0, "curve": "stepped" },
					{ "time": 2, "x": 0, "y": 0 }
				]
			},
			"G": {
				"rotate": [
					{ "time": 0, "angle": 0 },
					{ "time": 1, "angle": -1.15 },
					{ "time": 2, "angle": 0 }
				],
				"translate": [
					{ "time": 0, "x": 0, "y": 0, "curve": "stepped" },
					{ "time": 2, "x": 0, "y": 0 }
				]
			},
			"Ship_All": {
				"rotate": [
					{ "time": 0, "angle": 0, "curve": "stepped" },
					{ "time": 2, "angle": 0 }
				],
				"translate": [
					{ "time": 0, "x": 0, "y": 0, "curve": "stepped" },
					{ "time": 2, "x": 0, "y": 0 }
				]
			},
			"Face": {
				"rotate": [
					{ "time": 0, "angle": 0, "curve": "stepped" },
					{ "time": 2, "angle": 0 }
				],
				"translate": [
					{
						"time": 0,
						"x": 0,
						"y": 0,
						"curve": [ 0.286, 0.34, 0.623, 0.67 ]
					},
					{
						"time": 0.5,
						"x": 0.64,
						"y": 0,
						"curve": [ 0.282, 0.37, 0.624, 0.71 ]
					},
					{
						"time": 1.5,
						"x": -1.28,
						"y": 0,
						"curve": [ 0.321, 0.37, 0.656, 0.71 ]
					},
					{ "time": 2, "x": 0, "y": 0 }
				]
			},
			"hair_3": {
				"rotate": [
					{ "time": 0, "angle": 0 },
					{ "time": 0.6666, "angle": -7.83 },
					{ "time": 1.3333, "angle": 2.15 },
					{ "time": 2, "angle": 0 }
				],
				"translate": [
					{ "time": 0, "x": 0, "y": 0, "curve": "stepped" },
					{ "time": 2, "x": 0, "y": 0 }
				]
			},
			"Leg": {
				"rotate": [
					{ "time": 0, "angle": 0 },
					{ "time": 1, "angle": 6.94 },
					{ "time": 2, "angle": 0 }
				],
				"translate": [
					{ "time": 0, "x": 0, "y": 0 },
					{ "time": 1, "x": 1.49, "y": 0 },
					{ "time": 2, "x": 0, "y": 0 }
				]
			},
			"J": {
				"rotate": [
					{ "time": 0, "angle": 0 },
					{ "time": 1, "angle": 2.09 },
					{ "time": 2, "angle": 0 }
				],
				"translate": [
					{ "time": 0, "x": 0, "y": 0, "curve": "stepped" },
					{ "time": 2, "x": 0, "y": 0 }
				]
			},
			"hair_1": {
				"rotate": [
					{ "time": 0, "angle": 0 },
					{ "time": 0.6666, "angle": -4.24 },
					{ "time": 1.3333, "angle": -9.92 },
					{ "time": 2, "angle": 0 }
				],
				"translate": [
					{ "time": 0, "x": 0, "y": 0, "curve": "stepped" },
					{ "time": 2, "x": 0, "y": 0 }
				]
			},
			"hair_4": {
				"rotate": [
					{ "time": 0, "angle": 0 },
					{ "time": 0.6666, "angle": 14.14 },
					{ "time": 1.3333, "angle": 19.14 },
					{ "time": 2, "angle": 0 }
				],
				"translate": [
					{ "time": 0, "x": 0, "y": 0, "curve": "stepped" },
					{ "time": 2, "x": 0, "y": 0 }
				]
			},
			"JB": {
				"rotate": [
					{ "time": 0, "angle": 0 },
					{ "time": 1, "angle": -11.88 },
					{ "time": 2, "angle": 0 }
				],
				"translate": [
					{ "time": 0, "x": 0, "y": 0, "curve": "stepped" },
					{ "time": 2, "x": 0, "y": 0 }
				]
			}
		}
	}
}
}