{
"skeleton": { "hash": "79kVnGyvG8gs5NZSXFZMXFDNZ6Q", "spine": "3.2.01", "width": 281.12, "height": 281.12, "images": "" },
"bones": [
	{ "name": "root" },
	{ "name": "bone", "parent": "root", "x": 0.31, "y": 1.97 },
	{ "name": "Expression", "parent": "bone", "x": 28.41, "y": 23.93 },
	{ "name": "fix", "parent": "Expression", "x": -0.42, "y": 0.67, "scaleX": 1.22, "scaleY": 1.22 },
	{ "name": "1", "parent": "fix", "x": 6.59, "y": 3.75 },
	{ "name": "2", "parent": "fix", "x": -1.91, "y": 1.92 },
	{ "name": "3", "parent": "fix", "x": -11.03, "y": 1.01 },
	{ "name": "box", "parent": "fix", "x": -23.19, "y": -21.78 },
	{ "name": "starts", "parent": "bone", "rotation": -38.68, "x": 22.26, "y": 17.39 }
],
"slots": [
	{ "name": "start1", "bone": "starts", "attachment": "start4" },
	{ "name": "fixB", "bone": "box", "attachment": "fixB" },
	{ "name": "fix3", "bone": "3", "attachment": "fix3" },
	{ "name": "fix1", "bone": "1", "attachment": "fix1" },
	{ "name": "fix2", "bone": "2", "attachment": "fix2" },
	{ "name": "fix", "bone": "box", "attachment": "fix" }
],
"skins": {
	"default": {
		"fix": {
			"fix": { "x": 22.35, "y": 24.05, "width": 38, "height": 30 }
		},
		"fix1": {
			"fix1": { "x": -6.59, "y": -3.75, "width": 38, "height": 30 }
		},
		"fix2": {
			"fix2": { "x": 1.91, "y": -1.92, "width": 38, "height": 30 }
		},
		"fix3": {
			"fix3": { "x": 11.03, "y": -1.01, "width": 38, "height": 30 }
		},
		"fixB": {
			"fixB": { "x": 23.19, "y": 21.78, "width": 38, "height": 30 }
		},
		"start1": {
			"start1": { "width": 200, "height": 200 },
			"start2": { "width": 200, "height": 200 },
			"start3": { "width": 200, "height": 200 },
			"start4": { "width": 200, "height": 200 }
		}
	}
},
"animations": {
	"end": {
		"slots": {
			"fix": {
				"attachment": [
					{ "time": 0, "name": "fix" },
					{ "time": 0.2666, "name": null }
				]
			},
			"fix1": {
				"attachment": [
					{ "time": 0.2666, "name": null }
				]
			},
			"fix2": {
				"attachment": [
					{ "time": 0.2666, "name": null }
				]
			},
			"fix3": {
				"attachment": [
					{ "time": 0.2666, "name": null }
				]
			},
			"fixB": {
				"attachment": [
					{ "time": 0.2666, "name": null }
				]
			},
			"start1": {
				"attachment": [
					{ "time": 0.1333, "name": "start4" },
					{ "time": 0.2, "name": "start3" },
					{ "time": 0.2666, "name": "start2" },
					{ "time": 0.3333, "name": "start1" }
				]
			}
		},
		"bones": {
			"root": {
				"rotate": [
					{ "time": 0, "angle": 0 }
				],
				"translate": [
					{ "time": 0, "x": 0, "y": 0 }
				],
				"scale": [
					{ "time": 0, "x": 1, "y": 1 }
				],
				"shear": [
					{ "time": 0, "x": 0, "y": 0 }
				]
			},
			"starts": {
				"rotate": [
					{ "time": 0, "angle": 0 }
				],
				"translate": [
					{ "time": 0, "x": 0, "y": 0 }
				],
				"scale": [
					{ "time": 0, "x": 1, "y": 1 }
				],
				"shear": [
					{ "time": 0, "x": 0, "y": 0 }
				]
			},
			"Expression": {
				"rotate": [
					{ "time": 0, "angle": 0 }
				],
				"translate": [
					{ "time": 0, "x": 0, "y": 0 }
				],
				"scale": [
					{ "time": 0, "x": 1, "y": 1 }
				],
				"shear": [
					{ "time": 0, "x": 0, "y": 0 }
				]
			},
			"bone": {
				"rotate": [
					{ "time": 0, "angle": 0, "curve": "stepped" },
					{ "time": 0.3, "angle": 0 },
					{ "time": 0.3333, "angle": 9.19 },
					{ "time": 0.3666, "angle": -15.35 }
				],
				"translate": [
					{ "time": 0, "x": 0, "y": 0, "curve": "stepped" },
					{ "time": 0.3, "x": 0, "y": 0 },
					{ "time": 0.3333, "x": -9.99, "y": 2 },
					{ "time": 0.3666, "x": 10, "y": -1 }
				],
				"scale": [
					{ "time": 0, "x": 1, "y": 1 },
					{ "time": 0.0666, "x": 0.874, "y": 0.874 },
					{ "time": 0.1333, "x": 1.219, "y": 1.219 }
				],
				"shear": [
					{ "time": 0, "x": 0, "y": 0 }
				]
			},
			"fix": {
				"translate": [
					{ "time": 0, "x": 0, "y": 0 },
					{ "time": 0.2, "x": -1.03, "y": -0.34 }
				],
				"scale": [
					{ "time": 0, "x": 1, "y": 1 },
					{ "time": 0.2, "x": 0.584, "y": 0.584 }
				]
			}
		}
	},
	"event_fix": {
		"slots": {
			"fix": {
				"attachment": [
					{ "time": 0, "name": null },
					{ "time": 0.0666, "name": "fix" }
				]
			},
			"fix1": {
				"attachment": [
					{ "time": 0, "name": null },
					{ "time": 0.0666, "name": "fix1" }
				]
			},
			"fix2": {
				"attachment": [
					{ "time": 0, "name": null },
					{ "time": 0.0666, "name": "fix2" }
				]
			},
			"fix3": {
				"attachment": [
					{ "time": 0, "name": null },
					{ "time": 0.0666, "name": "fix3" }
				]
			},
			"fixB": {
				"attachment": [
					{ "time": 0, "name": null },
					{ "time": 0.0666, "name": "fixB" }
				]
			},
			"start1": {
				"attachment": [
					{ "time": 0, "name": "start1" },
					{ "time": 0.0333, "name": "start2" },
					{ "time": 0.0666, "name": "start3" },
					{ "time": 0.1, "name": "start4" }
				]
			}
		},
		"bones": {
			"Expression": {
				"rotate": [
					{ "time": 0, "angle": 0, "curve": "stepped" },
					{ "time": 2, "angle": 0 }
				],
				"translate": [
					{ "time": 0, "x": 0, "y": 0 },
					{ "time": 2, "x": -0.94, "y": 3.2 }
				],
				"scale": [
					{ "time": 0, "x": 1, "y": 1, "curve": "stepped" },
					{ "time": 2, "x": 1, "y": 1 }
				],
				"shear": [
					{ "time": 0, "x": 0, "y": 0, "curve": "stepped" },
					{ "time": 2, "x": 0, "y": 0 }
				]
			},
			"root": {
				"rotate": [
					{ "time": 0, "angle": 0 }
				],
				"translate": [
					{ "time": 0, "x": 0, "y": 0, "curve": "stepped" },
					{ "time": 2, "x": 0, "y": 0 }
				],
				"scale": [
					{ "time": 0, "x": 1, "y": 1, "curve": "stepped" },
					{ "time": 2, "x": 1, "y": 1 }
				],
				"shear": [
					{ "time": 0, "x": 0, "y": 0, "curve": "stepped" },
					{ "time": 2, "x": 0, "y": 0 }
				]
			},
			"starts": {
				"rotate": [
					{ "time": 0, "angle": 0 }
				],
				"translate": [
					{ "time": 0, "x": 0, "y": 0, "curve": "stepped" },
					{ "time": 2, "x": 0, "y": 0 }
				],
				"scale": [
					{ "time": 0, "x": 1, "y": 1, "curve": "stepped" },
					{ "time": 2, "x": 1, "y": 1 }
				],
				"shear": [
					{ "time": 0, "x": 0, "y": 0, "curve": "stepped" },
					{ "time": 2, "x": 0, "y": 0 }
				]
			},
			"bone": {
				"rotate": [
					{ "time": 0, "angle": 0 },
					{ "time": 0.1666, "angle": 7.81 },
					{ "time": 0.3333, "angle": 0.59 },
					{ "time": 1.1666, "angle": 9.48 },
					{ "time": 2, "angle": 0 }
				],
				"translate": [
					{ "time": 0, "x": 0, "y": 0 },
					{ "time": 0.1666, "x": -0.91, "y": 0 },
					{ "time": 0.3333, "x": -0.52, "y": -0.91 },
					{ "time": 1.1666, "x": -3.57, "y": 0 },
					{ "time": 2, "x": 0, "y": 0 }
				],
				"scale": [
					{ "time": 0, "x": 1, "y": 1, "curve": "stepped" },
					{ "time": 2, "x": 1, "y": 1 }
				],
				"shear": [
					{ "time": 0, "x": 0, "y": 0, "curve": "stepped" },
					{ "time": 2, "x": 0, "y": 0 }
				]
			},
			"fix": {
				"rotate": [
					{ "time": 0.1666, "angle": -12.68 },
					{ "time": 0.3333, "angle": -7.01 },
					{ "time": 1.3333, "angle": -12.27 },
					{ "time": 2, "angle": -5.87 }
				],
				"translate": [
					{ "time": 0, "x": 0, "y": 0 },
					{ "time": 0.0666, "x": -0.48, "y": -1.23 },
					{ "time": 0.1666, "x": 0, "y": 0 },
					{ "time": 0.3333, "x": -0.61, "y": -0.14 },
					{ "time": 1.3333, "x": -4.94, "y": 0.36 },
					{ "time": 2, "x": 1.08, "y": -0.88 }
				],
				"scale": [
					{ "time": 0, "x": 1, "y": 1 },
					{ "time": 0.0666, "x": 0.625, "y": 0.625 },
					{ "time": 0.1, "x": 1, "y": 1 }
				]
			},
			"3": {
				"rotate": [
					{ "time": 0, "angle": 0 },
					{ "time": 0.3333, "angle": 20.62 },
					{ "time": 1, "angle": -1.53 },
					{ "time": 1.5, "angle": -15.76 },
					{ "time": 2, "angle": 0 }
				],
				"translate": [
					{ "time": 0, "x": 0, "y": 0 },
					{ "time": 0.3333, "x": 1.8, "y": 0.2 },
					{ "time": 1, "x": -0.74, "y": 0.39 },
					{ "time": 2, "x": 0, "y": 0 }
				]
			},
			"2": {
				"rotate": [
					{ "time": 0, "angle": 0 },
					{ "time": 0.3333, "angle": 20.62 },
					{ "time": 1, "angle": -1.53 },
					{ "time": 1.5, "angle": 17.12 },
					{ "time": 2, "angle": 0 }
				],
				"translate": [
					{ "time": 0, "x": 0, "y": 0 },
					{ "time": 0.3333, "x": 1.8, "y": 0.2 },
					{ "time": 1, "x": -0.74, "y": 0.39 },
					{ "time": 2, "x": 0, "y": 0 }
				]
			},
			"1": {
				"rotate": [
					{ "time": 0, "angle": 0 },
					{ "time": 0.3333, "angle": 32.4 },
					{ "time": 1, "angle": -5.8 },
					{ "time": 1.5, "angle": 12.86 },
					{ "time": 2, "angle": 0 }
				],
				"translate": [
					{ "time": 0, "x": 0, "y": 0 },
					{ "time": 0.3333, "x": 1.8, "y": 0.2 },
					{ "time": 1, "x": -0.74, "y": 0.39 },
					{ "time": 2, "x": -2.16, "y": -0.22 }
				]
			}
		}
	},
	"fix": {
		"slots": {
			"start1": {
				"attachment": [
					{ "time": 0, "name": "start4" }
				]
			}
		},
		"bones": {
			"Expression": {
				"rotate": [
					{ "time": 0, "angle": 0, "curve": "stepped" },
					{ "time": 2, "angle": 0 }
				],
				"translate": [
					{ "time": 0, "x": -0.94, "y": 3.2, "curve": "stepped" },
					{ "time": 2, "x": -0.94, "y": 3.2 }
				],
				"scale": [
					{ "time": 0, "x": 1, "y": 1, "curve": "stepped" },
					{ "time": 2, "x": 1, "y": 1 }
				],
				"shear": [
					{ "time": 0, "x": 0, "y": 0, "curve": "stepped" },
					{ "time": 2, "x": 0, "y": 0 }
				]
			},
			"root": {
				"rotate": [
					{ "time": 0, "angle": 0 }
				],
				"translate": [
					{ "time": 0, "x": 0, "y": 0, "curve": "stepped" },
					{ "time": 2, "x": 0, "y": 0 }
				],
				"scale": [
					{ "time": 0, "x": 1, "y": 1, "curve": "stepped" },
					{ "time": 2, "x": 1, "y": 1 }
				],
				"shear": [
					{ "time": 0, "x": 0, "y": 0, "curve": "stepped" },
					{ "time": 2, "x": 0, "y": 0 }
				]
			},
			"starts": {
				"rotate": [
					{ "time": 0, "angle": 0 }
				],
				"translate": [
					{ "time": 0, "x": 0, "y": 0, "curve": "stepped" },
					{ "time": 2, "x": 0, "y": 0 }
				],
				"scale": [
					{ "time": 0, "x": 1, "y": 1, "curve": "stepped" },
					{ "time": 2, "x": 1, "y": 1 }
				],
				"shear": [
					{ "time": 0, "x": 0, "y": 0, "curve": "stepped" },
					{ "time": 2, "x": 0, "y": 0 }
				]
			},
			"bone": {
				"rotate": [
					{ "time": 0, "angle": 0 },
					{ "time": 1, "angle": 9.48 },
					{ "time": 2, "angle": 0 }
				],
				"translate": [
					{ "time": 0, "x": 0, "y": 0 },
					{ "time": 1, "x": -3.57, "y": 0 },
					{ "time": 2, "x": 0, "y": 0 }
				],
				"scale": [
					{ "time": 0, "x": 1, "y": 1, "curve": "stepped" },
					{ "time": 2, "x": 1, "y": 1 }
				],
				"shear": [
					{ "time": 0, "x": 0, "y": 0, "curve": "stepped" },
					{ "time": 2, "x": 0, "y": 0 }
				]
			},
			"3": {
				"rotate": [
					{ "time": 0, "angle": 0 },
					{ "time": 0.6666, "angle": -1.53 },
					{ "time": 1.3333, "angle": -15.76 },
					{ "time": 2, "angle": 0 }
				],
				"translate": [
					{ "time": 0, "x": 0, "y": 0 },
					{ "time": 0.6666, "x": -0.74, "y": 0.39 },
					{ "time": 2, "x": 0, "y": 0 }
				]
			},
			"fix": {
				"rotate": [
					{ "time": 0, "angle": -5.87 },
					{ "time": 1.3333, "angle": -12.27 },
					{ "time": 2, "angle": -5.87 }
				],
				"translate": [
					{ "time": 0, "x": 1.08, "y": -0.88 },
					{ "time": 1.3333, "x": -4.94, "y": 0.36 },
					{ "time": 2, "x": 1.08, "y": -0.88 }
				]
			},
			"2": {
				"rotate": [
					{ "time": 0, "angle": 0 },
					{ "time": 0.6666, "angle": -1.53 },
					{ "time": 1.3333, "angle": 17.12 },
					{ "time": 2, "angle": 0 }
				],
				"translate": [
					{ "time": 0, "x": 0, "y": 0 },
					{ "time": 0.6666, "x": -0.74, "y": 0.39 },
					{ "time": 2, "x": 0, "y": 0 }
				]
			},
			"1": {
				"rotate": [
					{ "time": 0, "angle": 0 },
					{ "time": 0.6666, "angle": -5.8 },
					{ "time": 1.3333, "angle": 12.86 },
					{ "time": 2, "angle": 0 }
				],
				"translate": [
					{ "time": 0, "x": -2.16, "y": -0.22 },
					{ "time": 0.6666, "x": -0.74, "y": 0.39 },
					{ "time": 2, "x": -2.16, "y": -0.22 }
				]
			}
		}
	}
}
}