{
"skeleton": { "hash": "pYBIrLa2zLnLs8XyDf9Z/QcJAN4", "spine": "3.2.01", "width": 0, "height": 0, "images": "" },
"bones": [
	{ "name": "BG_picture" },
	{ "name": "Rain_picture", "parent": "BG_picture", "y": -390 }
],
"slots": [
	{ "name": "Rain_0001", "bone": "Rain_picture" }
],
"skins": {
	"default": {
		"Rain_0001": {
			"Rain_0001": { "width": 1224, "height": 790 },
			"Rain_0002": { "width": 1224, "height": 790 },
			"Rain_0003": { "width": 1224, "height": 790 },
			"Rain_0004": { "width": 1224, "height": 790 },
			"Rain_0005": { "width": 1224, "height": 790 },
			"Rain_0006": { "width": 1224, "height": 790 },
			"Rain_0007": { "width": 1224, "height": 790 },
			"Rain_0008": { "width": 1224, "height": 790 },
			"Rain_0009": { "width": 1224, "height": 790 },
			"Rain_0010": { "width": 1224, "height": 790 }
		}
	}
},
"events": {
	"loop": {}
},
"animations": {
	"BG_only_rain_front": {
		"slots": {
			"Rain_0001": {
				"attachment": [
					{ "time": 0, "name": "Rain_0001" },
					{ "time": 0.0333, "name": "Rain_0002" },
					{ "time": 0.0666, "name": "Rain_0003" },
					{ "time": 0.1, "name": "Rain_0004" },
					{ "time": 0.1333, "name": "Rain_0005" },
					{ "time": 0.1666, "name": "Rain_0006" },
					{ "time": 0.2, "name": "Rain_0007" },
					{ "time": 0.2333, "name": "Rain_0008" },
					{ "time": 0.2666, "name": "Rain_0009" },
					{ "time": 0.3, "name": "Rain_0010" },
					{ "time": 0.3333, "name": "Rain_0001" }
				]
			}
		},
		"events": [
			{ "time": 0.3333, "name": "loop" }
		]
	}
}
}