{
"skeleton": { "hash": "slqpnD9v+NHgP329VlxlAKe1lwI", "spine": "2.1.27", "width": 303.11, "height": 303.11, "images": "" },
"bones": [
	{ "name": "Root_All", "x": 9.22, "y": 11.06, "scaleX": 1.01, "scaleY": 1.01 },
	{ "name": "Ship_All", "parent": "Root_All" },
	{ "name": "Body", "parent": "Ship_All", "length": 255.84, "x": 3.47, "y": -18.37, "rotation": 90 },
	{ "name": "Antiaircraft", "parent": "Body", "length": 44.62, "x": 212.03, "y": -41.5, "rotation": -90 },
	{ "name": "Attack_Point", "parent": "Body", "length": 25.69, "x": 105.48, "y": -31.34, "rotation": -88.64 },
	{ "name": "Damage_Point", "parent": "Body", "length": 22.56, "x": 112.54, "y": 13.79, "rotation": -90 },
	{ "name": "Dialogue", "parent": "Body", "length": 57.85, "x": 188.95, "y": -48.26, "rotation": -90 },
	{ "name": "Expression", "parent": "Body", "length": 46.33, "x": 201.45, "y": -44.89, "rotation": -42.65 },
	{ "name": "Face", "parent": "Body", "length": 66.94, "x": 180, "y": 30, "rotation": 270 },
	{ "name": "Hair_L", "parent": "Body", "length": 21.84, "x": 202.21, "y": 65.63, "rotation": 165.01 },
	{ "name": "Hair_R", "parent": "Body", "length": 24.23, "x": 181.78, "y": -29.51, "rotation": -161.56 },
	{ "name": "Ship", "parent": "Body", "length": 127.17, "x": 100, "y": 60, "rotation": 270 },
	{ "name": "Smoke_L1", "parent": "Body", "length": 36.01, "x": 54.59, "y": -59.51, "rotation": -22.4 },
	{ "name": "Smoke_R1", "parent": "Body", "length": 36.01, "x": 81.92, "y": 99.06, "rotation": 40.67 },
	{ "name": "Throw_Point", "parent": "Body", "length": 24.91, "x": 29.28, "y": -48.17, "rotation": -88.64 },
	{ "name": "hand", "parent": "Body", "length": 37.11, "x": 51.84, "y": 60, "rotation": -92.25 },
	{ "name": "Hair_L_2", "parent": "Hair_L", "length": 22.05, "x": 22.46, "y": 0.06, "rotation": -6.73 },
	{ "name": "Hair_R_2", "parent": "Hair_R", "length": 21.61, "x": 26.25, "rotation": 15.4 },
	{ "name": "Hair_L_3", "parent": "Hair_L_2", "length": 18.06, "x": 22.88, "y": -0.5, "rotation": -23.03 },
	{ "name": "Hair_R_3", "parent": "Hair_R_2", "length": 17.44, "x": 24.44, "y": -0.24, "rotation": -9.82 },
	{ "name": "Hair_L_4", "parent": "Hair_L_3", "length": 25.87, "x": 19.86, "y": -0.07, "rotation": 29.05 },
	{ "name": "Hair_R_4", "parent": "Hair_R_3", "length": 14.4, "x": 18.61, "y": -0.59, "rotation": -36.79 }
],
"slots": [
	{ "name": "Rodney_ship_armor_normal", "bone": "Ship", "attachment": "Rodney_ship_armor_normal" },
	{ "name": "Light_Ship", "bone": "Ship", "attachment": "Rodney_armor_normal_light", "blend": "additive" },
	{ "name": "hair_R", "bone": "Hair_R", "attachment": "hair_R" },
	{ "name": "Body_Hand", "bone": "hand", "attachment": "Front_Picture" },
	{ "name": "Body_Fornt_Light", "bone": "hand", "attachment": "Front_Light", "blend": "additive" },
	{ "name": "Rodney_body_normal", "bone": "Body", "attachment": "Body_Change" },
	{ "name": "Rodney_eyes_normal", "bone": "Face", "attachment": "Rodney_eyes_normal" },
	{ "name": "Light_Body", "bone": "Body", "attachment": "Light_Body_Change", "blend": "additive" },
	{ "name": "hair_L", "bone": "Hair_L", "attachment": "hair_L" }
],
"skins": {
	"default": {
		"Light_Ship": {
			"Rodney_armor_normal_light": { "x": 50.12, "y": 28.88, "width": 300, "height": 300 }
		},
		"Rodney_eyes_normal": {
			"Rodney_eyes_damage": { "x": 20.12, "y": -51.11, "width": 300, "height": 300 },
			"Rodney_eyes_normal": { "x": 20.12, "y": -51.11, "width": 300, "height": 300 }
		},
		"Rodney_ship_armor_normal": {
			"Rodney_ship_armor_normal": { "x": 50.12, "y": 28.88, "width": 300, "height": 300 }
		},
		"hair_L": {
			"hair_L": {
				"type": "skinnedmesh",
				"uvs": [ 1, 0.12551, 1, 0.39669, 1, 0.66461, 1, 0.82145, 1, 1, 0.72337, 1, 0.51712, 1, 0.17337, 1, 0, 1, 0, 0.84432, 0, 0.72996, 0, 0.34442, 0, 0.14511, 0, 0, 0.139, 0, 0.29025, 0, 0.70275, 0, 0.86087, 0, 1, 0, 0.83337, 0.08303, 0.75775, 0.22353, 0.6615, 0.36402, 0.58588, 0.46204, 0.469, 0.54699, 0.249, 0.64501, 0.12525, 0.74303, 0.1115, 0.94887, 0.139, 0.86065, 0.24212, 0.84105, 0.304, 0.76263, 0.37963, 0.65155, 0.54462, 0.58947, 0.66838, 0.50125, 0.78525, 0.39996, 0.89525, 0.29214, 0.88837, 0.16471, 0.61337, 0.06343, 0.55838, 0.13857, 0.469, 0.23333, 0.56525, 0.32481, 0.48275, 0.43917, 0.37963, 0.51105, 0.23525, 0.57313, 0.13212, 0.64174 ],
				"triangles": [ 6, 31, 5, 7, 28, 6, 28, 29, 6, 29, 30, 6, 8, 26, 7, 26, 27, 7, 7, 27, 28, 8, 9, 26, 26, 9, 27, 9, 25, 27, 27, 25, 28, 9, 10, 25, 29, 28, 25, 29, 25, 24, 25, 10, 43, 10, 11, 43, 5, 3, 4, 6, 30, 31, 30, 23, 31, 24, 25, 43, 29, 24, 30, 30, 41, 23, 41, 30, 42, 43, 42, 24, 30, 24, 42, 43, 11, 42, 42, 11, 38, 41, 42, 38, 3, 5, 32, 5, 31, 32, 32, 2, 3, 32, 33, 2, 2, 33, 1, 33, 34, 1, 31, 22, 32, 31, 23, 22, 23, 40, 22, 23, 41, 40, 41, 38, 40, 22, 21, 32, 32, 21, 33, 40, 39, 22, 22, 39, 21, 38, 12, 15, 14, 15, 12, 40, 38, 39, 21, 20, 33, 33, 20, 34, 34, 0, 1, 21, 39, 20, 38, 11, 12, 38, 37, 39, 39, 37, 20, 20, 35, 34, 34, 35, 0, 38, 15, 37, 37, 36, 20, 36, 16, 20, 20, 19, 35, 20, 16, 19, 35, 19, 0, 12, 13, 14, 37, 15, 36, 19, 17, 0, 17, 18, 0, 19, 16, 17, 36, 15, 16 ],
				"vertices": [ 2, 9, -3.49, 10.06, 0.99999, 20, -66.1, 22.31, 0, 3, 9, 22.96, 17.15, 0.34479, 16, -1.49, 17.03, 0.65479, 20, -39.73, 29.72, 4.1E-4, 3, 16, 23.64, 27.04, 0.66698, 18, -10.09, 25.64, 0.30109, 20, -13.68, 37.04, 0.03192, 4, 9, 64.4, 28.25, 8.5E-4, 16, 38.34999, 32.9, 0.30232, 18, 1.15, 36.8, 0.47859, 20, 1.56, 41.33, 0.21822, 4, 9, 81.82, 32.91999, 0.00151, 16, 55.1, 39.58, 0.13101, 18, 13.95, 49.5, 0.44538, 20, 18.92, 46.21, 0.42208, 4, 9, 85.26, 20.09, 0.00112, 16, 60.02, 27.24, 0.08126, 18, 23.3, 40.07, 0.35354, 20, 22.51, 33.41999, 0.56407, 4, 9, 87.82, 10.53, 5.9E-4, 16, 63.68, 18.04, 0.02547, 18, 30.27, 33.04, 0.19334, 20, 25.19, 23.89, 0.78058, 3, 9, 92.09, -5.4, 6.0E-5, 18, 41.89, 21.33, 0.00871, 20, 29.65, 8.01, 0.99122, 2, 9, 94.24, -13.44, 0, 20, 31.91, 0, 0.99999, 1, 20, 16.77, -4.25, 1, 1, 20, 5.65, -7.37, 1, 4, 9, 30.28, -30.57, 0.26315, 16, 11.35, -29.51, 0.34157, 18, 0.75, -31.2, 0.37761, 20, -31.83, -17.91, 0.01766, 3, 9, 10.84, -35.78, 0.74898, 16, -7.34, -36.96, 0.14104, 18, -13.54, -45.38, 0.10996, 3, 9, -3.31, -39.57, 0.87713, 16, -20.95, -42.38, 0.06356, 18, -23.94, -55.7, 0.05929, 3, 9, -5.04, -33.13, 0.89059, 16, -23.42, -36.18999, 0.05571, 18, -28.64, -50.96, 0.05369, 3, 9, -6.92, -26.11, 0.92566, 16, -26.11, -29.44, 0.03544, 18, -33.75, -45.81, 0.03888, 2, 9, -12.04, -6.99, 0.99824, 18, -47.7, -31.75, 0.00175, 3, 9, -14, 0.33, 0.99999, 16, -36.24, -4, 0, 20, -76.5, 12.45, 0, 2, 9, -15.73, 6.78, 1, 16, -38.72, 2.2, 0, 2, 9, -5.56, 1.23, 0.99999, 20, -68.07, 13.45, 0, 1, 9, 9.08, 1.39, 1, 2, 9, 23.98, 0.6, 0.5, 16, 1.44, 0.71, 0.5, 1, 16, 11.98, 1, 1, 2, 16, 22.03, -1.02, 0.5, 18, -0.57, -0.81, 0.5, 2, 16, 35.14, -7.17, 0.00376, 18, 13.88, -1.33, 0.99623, 1, 20, 5.29, -1.23, 1, 3, 9, 87.87, -9.6, 3.0E-5, 18, 40.32, 15.58, 0.00451, 20, 25.49, 3.75, 0.99544, 3, 9, 78.92, -10.63, 3.0E-5, 18, 33.06, 10.25, 0.013, 20, 16.54999, 2.60999, 0.98696, 4, 9, 75.73, -6.36, 6.0E-5, 16, 53.65, -0.15, 7.2E-4, 18, 28.17, 12.37, 0.05418, 20, 13.31, 6.84, 0.94502, 4, 9, 67.31, -5.55, 6.0E-5, 16, 45.2, -0.32, 0.00594, 18, 20.45999, 8.89999, 0.26787, 20, 4.88, 7.56, 0.72611, 1, 18, 9.93999, 3.57, 1, 2, 16, 24.67, 3.93, 0.27384, 18, -0.08, 4.78, 0.72615, 1, 16, 14.2, 6.15, 1, 4, 9, 25.95, 7.28, 0.18822, 16, 2.61999, 7.57, 0.81111, 18, -21.81, -0.49, 4.6E-4, 20, -36.63, 19.87999, 1.9E-4, 3, 9, 14.06, 9.56, 0.88619, 16, -9.43999, 8.45, 0.11366, 20, -48.54, 22.02, 1.4E-4, 2, 9, 1.72, 5.91, 0.99998, 20, -60.84, 18.21999, 1.0E-5, 2, 9, -4.73999, -9.47, 0.99631, 18, -40.13, -30.28, 0.00368, 3, 9, 3.26, -10.06, 0.96117, 16, -17.87, -12.3, 0.01802, 18, -32.88, -26.81, 0.02079, 3, 9, 13.62, -11.73, 0.89942, 16, -7.39, -12.75, 0.06645, 18, -23.06, -23.12, 0.0341, 3, 9, 21.35, -4.87, 0.60064, 16, -0.52, -5.04, 0.37691, 18, -19.76, -13.33, 0.02244, 4, 9, 33.53, -5.71, 0.02002, 16, 11.67, -4.44, 0.9178, 18, -8.77, -8.01, 0.06189, 20, -28.88, 6.98, 2.6E-4, 4, 9, 41.82, -8.60999, 0.00266, 16, 20.25, -6.35, 0.34748, 18, -0.13, -6.41, 0.64217, 20, -20.56, 4.17999, 0.00767, 4, 9, 49.67, -13.69, 6.7E-4, 16, 28.64, -10.47, 0.02932, 18, 9.18999, -6.92, 0.90066, 20, -12.65, -0.79, 0.06933, 4, 9, 57.65, -16.67, 2.2E-4, 16, 36.91, -12.5, 0.01348, 18, 17.6, -5.55, 0.61995, 20, -4.63, -3.68, 0.36633 ],
				"hull": 19,
				"edges": [ 16, 18, 14, 16, 0, 36, 34, 36, 32, 34, 18, 20, 12, 14, 0, 2, 2, 4, 20, 22, 30, 32, 22, 24, 24, 26, 26, 28, 28, 30, 8, 10, 10, 12, 4, 6, 6, 8 ],
				"width": 48,
				"height": 101
			}
		},
		"hair_R": {
			"hair_R": {
				"type": "skinnedmesh",
				"uvs": [ 1, 0.23214, 1, 0.41776, 1, 0.70239, 1, 0.92926, 1, 1, 0.72573, 1, 0.56519, 1, 0.29762, 1, 0, 1, 0, 0.80551, 0, 0.60751, 0, 0.26101, 0, 0.12076, 0, 0, 0.2887, 0, 0.68113, 0, 1, 0, 0.13708, 0.08364, 0.25303, 0.18264, 0.35114, 0.31876, 0.53843, 0.44251, 0.68113, 0.55389, 0.79708, 0.66114, 0.83276, 0.78489, 0.77032, 0.93339, 0.83276, 0.50851, 0.65438, 0.37239, 0.49384, 0.27751, 0.62762, 0.19914, 0.52951, 0.07539, 0.15492, 0.33526, 0.27978, 0.43014, 0.44924, 0.54976, 0.56519, 0.65701, 0.63654, 0.80139, 0.58303, 0.89214 ],
				"triangles": [ 34, 22, 23, 35, 33, 34, 23, 2, 3, 24, 34, 23, 24, 23, 3, 35, 34, 24, 9, 7, 8, 32, 7, 9, 7, 32, 33, 7, 33, 35, 6, 7, 35, 5, 6, 35, 24, 5, 35, 24, 3, 4, 5, 24, 4, 21, 26, 25, 33, 20, 21, 22, 21, 25, 25, 1, 2, 22, 25, 2, 23, 22, 2, 22, 34, 33, 22, 33, 21, 30, 18, 19, 26, 28, 0, 27, 28, 26, 25, 26, 0, 31, 30, 19, 20, 27, 26, 19, 27, 20, 32, 31, 19, 1, 25, 0, 20, 32, 19, 20, 26, 21, 10, 11, 30, 10, 30, 31, 32, 20, 33, 32, 9, 10, 31, 32, 10, 29, 14, 15, 17, 13, 14, 12, 13, 17, 18, 17, 14, 18, 14, 29, 28, 29, 15, 15, 16, 0, 28, 15, 0, 11, 12, 17, 30, 11, 17, 27, 18, 29, 27, 29, 28, 19, 18, 27, 18, 30, 17 ],
				"vertices": [ 4, 10, 28.56, 26.18, 0.47747, 17, 9.18999, 24.62, 0.50502, 19, -19.28, 21.89, 0.0154, 21, -43.81, -4.66, 0.0021, 4, 10, 42.65, 21.48, 0.0759, 17, 21.52, 16.34, 0.65485, 19, -5.71, 15.85, 0.26328, 21, -29.33, -1.38, 0.00595, 2, 19, 15.08, 6.58, 0.97298, 21, -7.12, 3.64, 0.02701, 2, 10, 81.47, 8.55, 1.0E-5, 21, 10.57, 7.65, 0.99998, 2, 19, 36.83, -3.1, 0.06469, 21, 16.09, 8.89999, 0.9353, 3, 17, 54.55, -18.02, 0.00196, 19, 32.7, -12.37, 4.8E-4, 21, 18.33, -0.99, 0.99754, 2, 17, 51.24, -22.96, 0.02217, 21, 19.64, -6.78, 0.97782, 2, 17, 45.73, -31.18, 0.0806, 21, 21.83, -16.44, 0.91939, 2, 17, 39.59, -40.33, 0.11792, 21, 24.26, -27.18, 0.88207, 3, 17, 26.67, -31.66, 0.28975, 19, 7.56, -30.57, 0.03497, 21, 9.08, -30.61, 0.67526, 3, 17, 13.51, -22.83, 0.74127, 19, -6.9, -24.12, 0.05462, 21, -6.35, -34.11, 0.2041, 4, 10, 19.06, -9.64999, 0.82591, 17, -9.5, -7.39, 0.17401, 19, -32.22, -12.84, 2.0E-5, 21, -33.39, -40.23, 3.0E-5, 2, 10, 8.41, -6.1, 0.99999, 19, -42.47, -8.28, 0, 2, 10, -0.74, -3.05, 0.99996, 17, -26.84, 4.23, 3.0E-5, 4, 10, 2.61999, 7.08, 0.99376, 17, -20.89, 13.1, 0.00615, 19, -46.95, 5.4, 0, 21, -56.11, -34.41999, 8.0E-5, 4, 10, 7.21, 20.85, 0.85955, 17, -12.8, 25.16, 0.1398, 19, -41.04, 18.67, 0, 21, -59.31, -20.26, 6.4E-4, 3, 10, 10.94, 32.05, 0.78536, 17, -6.23, 34.96, 0.21369, 21, -61.92, -8.76, 9.3E-4, 1, 10, 7.2, -0.35, 1, 3, 10, 16.07, 1.21, 0.99523, 17, -9.49, 3.87, 0.00473, 21, -41.57, -32.48, 2.0E-5, 1, 17, 1.57, 0.82, 1, 2, 17, 13.65, 1.05999, 0.999, 21, -23.62, -17.6, 9.9E-4, 1, 19, -0.56, 0.64, 1, 1, 19, 9.01, 1.07, 1, 1, 21, 0.67, -0.93, 1, 1, 21, 12.77, -0.56, 1, 4, 10, 47.58, 13.32, 0.00521, 17, 24.1, 7.16, 0.411, 19, -1.6, 7.24, 0.58139, 21, -20.87999, -5.81, 0.00236, 4, 10, 35.16, 10.5, 0.09995, 17, 11.38, 7.74, 0.84422, 19, -14.23, 5.64, 0.05424, 21, -30.04, -14.65, 0.00157, 3, 10, 26.09, 7.26, 0.60948, 17, 1.77, 7.04, 0.39039, 21, -36.13, -22.12, 1.1E-4, 4, 10, 21.7, 13.94, 0.66668, 17, -0.67, 14.64, 0.33228, 19, -27.3, 10.38, 3.2E-4, 21, -43.34, -18.68, 7.1E-4, 4, 10, 11.16, 13.62, 0.92673, 17, -10.92, 17.14, 0.07289, 19, -37.82, 11.09, 0, 21, -52.19, -24.4, 3.5E-4, 3, 10, 26.51, -6.09, 0.26728, 17, -1.37, -5.94, 0.72889, 21, -28.86, -33.33, 0.00382, 3, 10, 35.16999, -4.1, 0.00901, 17, 7.5, -6.33, 0.9769, 21, -22.48, -27.15, 0.01407, 3, 17, 18.94, -6.45, 0.65387, 19, -4.36, -7.06, 0.27397, 21, -14.53, -18.92, 0.07214, 3, 17, 28.45, -7.67, 0.20537, 19, 5.21999, -6.63, 0.65109, 21, -7.11, -12.84, 0.14353, 3, 17, 39.52, -11.91, 0.026, 19, 16.84, -8.92, 0.05099, 21, 3.56, -7.72, 0.92299, 3, 17, 44.44, -17.6, 0.04468, 19, 22.67, -13.68, 0.00508, 21, 11.08, -8.04, 0.95022 ],
				"hull": 17,
				"edges": [ 8, 10, 8, 6, 6, 4, 26, 28, 24, 26, 22, 24, 10, 12, 12, 14, 14, 16, 20, 22, 16, 18, 18, 20, 4, 2, 28, 30, 30, 32, 2, 0, 0, 32 ],
				"width": 37,
				"height": 80
			}
		}
	},
	"damage": {
		"Body_Fornt_Light": {
			"Front_Light": { "name": "Rodney_fornt_damage_light", "x": 47.09, "y": 78.93, "rotation": 2.25, "width": 300, "height": 300 }
		},
		"Body_Hand": {
			"Front_Picture": { "name": "Rodney_fornt_damage", "x": 47.09, "y": 78.93, "rotation": 2.25, "width": 300, "height": 300 }
		},
		"Light_Body": {
			"Light_Body_Change": { "name": "Rodney_ship_body_damage_light", "x": 128.88, "y": 9.87, "rotation": -90, "width": 300, "height": 300 }
		},
		"Rodney_body_normal": {
			"Body_Change": { "name": "Rodney_body_damage", "x": 128.88, "y": 9.87, "rotation": -90, "width": 300, "height": 300 }
		}
	},
	"normal": {
		"Body_Fornt_Light": {
			"Front_Light": { "name": "Rodney_fornt_normal_light", "x": 47.09, "y": 78.93, "rotation": 2.25, "width": 300, "height": 300 }
		},
		"Body_Hand": {
			"Front_Picture": { "name": "Rodney_fornt_normal", "x": 47.09, "y": 78.93, "rotation": 2.25, "width": 300, "height": 300 }
		},
		"Light_Body": {
			"Light_Body_Change": { "name": "Rodney_ship_body_normal_light", "x": 128.88, "y": 9.87, "rotation": -90, "width": 300, "height": 300 }
		},
		"Rodney_body_normal": {
			"Body_Change": { "name": "Rodney_body_normal", "x": 128.88, "y": 9.87, "rotation": -90, "width": 300, "height": 300 }
		}
	}
},
"events": {
	"Antiaircraft": {},
	"attack_point": {},
	"damage_point": {},
	"throw_point": {}
},
"animations": {
	"Antiaircraft": {
		"slots": {
			"Body_Fornt_Light": {
				"attachment": [
					{ "time": 0, "name": null },
					{ "time": 0.0666, "name": "Front_Light" },
					{ "time": 0.5, "name": null },
					{ "time": 0.6, "name": "Front_Light" },
					{ "time": 1.2666, "name": null },
					{ "time": 1.3666, "name": "Front_Light" },
					{ "time": 2, "name": null }
				],
				"color": [
					{ "time": 0.0666, "color": "fffffffd" },
					{ "time": 0.1666, "color": "ffffff00" },
					{ "time": 0.2, "color": "ffffffff" },
					{ "time": 0.3333, "color": "ffffff00" },
					{ "time": 0.3666, "color": "ffffffff" },
					{ "time": 0.4666, "color": "ffffff00" },
					{ "time": 0.6, "color": "ffffffff" },
					{ "time": 0.7333, "color": "ffffff00" },
					{ "time": 0.8, "color": "ffffffff" },
					{ "time": 0.9, "color": "ffffff00" },
					{ "time": 0.9666, "color": "ffffffff" },
					{ "time": 1.1, "color": "ffffff00" },
					{ "time": 1.1333, "color": "ffffffff" },
					{ "time": 1.2333, "color": "ffffff00" },
					{ "time": 1.3666, "color": "ffffffff" },
					{ "time": 1.4666, "color": "ffffff00" },
					{ "time": 1.5333, "color": "ffffffff" },
					{ "time": 1.6333, "color": "ffffff00" },
					{ "time": 1.7, "color": "ffffffff" },
					{ "time": 1.8333, "color": "ffffff00" },
					{ "time": 1.8666, "color": "ffffffff" },
					{ "time": 1.9666, "color": "ffffff00" }
				]
			},
			"Body_Hand": {
				"attachment": [
					{ "time": 0, "name": "Front_Picture" }
				]
			},
			"Light_Body": {
				"attachment": [
					{ "time": 0, "name": null },
					{ "time": 0.0666, "name": "Light_Body_Change" },
					{ "time": 0.5, "name": null },
					{ "time": 0.6, "name": "Light_Body_Change" },
					{ "time": 0.8, "name": "Light_Body_Change" },
					{ "time": 1.2666, "name": null },
					{ "time": 1.3666, "name": "Light_Body_Change" },
					{ "time": 2, "name": null }
				],
				"color": [
					{ "time": 0.0666, "color": "fffffffd" },
					{ "time": 0.1666, "color": "ffffff00" },
					{ "time": 0.2, "color": "ffffffff" },
					{ "time": 0.3333, "color": "ffffff00" },
					{ "time": 0.3666, "color": "ffffffff" },
					{ "time": 0.4666, "color": "ffffff00" },
					{ "time": 0.6, "color": "ffffffff" },
					{ "time": 0.7333, "color": "ffffff00" },
					{ "time": 0.8, "color": "ffffffff" },
					{ "time": 0.9, "color": "ffffff00" },
					{ "time": 0.9666, "color": "ffffffff" },
					{ "time": 1.1, "color": "ffffff00" },
					{ "time": 1.1333, "color": "ffffffff" },
					{ "time": 1.2333, "color": "ffffff00" },
					{ "time": 1.3666, "color": "ffffffff" },
					{ "time": 1.4666, "color": "ffffff00" },
					{ "time": 1.5333, "color": "ffffffff" },
					{ "time": 1.6333, "color": "ffffff00" },
					{ "time": 1.7, "color": "ffffffff" },
					{ "time": 1.8333, "color": "ffffff00" },
					{ "time": 1.8666, "color": "ffffffff" },
					{ "time": 1.9666, "color": "ffffff00" }
				]
			},
			"Light_Ship": {
				"attachment": [
					{ "time": 0, "name": null },
					{ "time": 0.5, "name": null },
					{ "time": 1.2666, "name": null },
					{ "time": 2, "name": null }
				],
				"color": [
					{ "time": 0.0666, "color": "fffffffd" },
					{ "time": 0.1666, "color": "ffffff00" },
					{ "time": 0.2, "color": "ffffffff" },
					{ "time": 0.3333, "color": "ffffff00" },
					{ "time": 0.3666, "color": "ffffffff" },
					{ "time": 0.4666, "color": "ffffff00" },
					{ "time": 0.6, "color": "ffffffff" },
					{ "time": 0.7333, "color": "ffffff00" },
					{ "time": 0.8, "color": "ffffffff" },
					{ "time": 0.9, "color": "ffffff00" },
					{ "time": 0.9666, "color": "ffffffff" },
					{ "time": 1.1, "color": "ffffff00" },
					{ "time": 1.1333, "color": "ffffffff" },
					{ "time": 1.2333, "color": "ffffff00" },
					{ "time": 1.3666, "color": "ffffffff" },
					{ "time": 1.4666, "color": "ffffff00" },
					{ "time": 1.5333, "color": "ffffffff" },
					{ "time": 1.6333, "color": "ffffff00" },
					{ "time": 1.7, "color": "ffffffff" },
					{ "time": 1.8333, "color": "ffffff00" },
					{ "time": 1.8666, "color": "ffffffff" },
					{ "time": 1.9666, "color": "ffffff00" }
				]
			},
			"Rodney_body_normal": {
				"attachment": [
					{ "time": 0, "name": "Body_Change" }
				]
			}
		},
		"bones": {
			"Body": {
				"rotate": [
					{ "time": 0, "angle": 0, "curve": "stepped" },
					{ "time": 2, "angle": 0 }
				],
				"translate": [
					{ "time": 0, "x": 0, "y": 0, "curve": "stepped" },
					{ "time": 2, "x": 0, "y": 0 }
				]
			},
			"Ship": {
				"rotate": [
					{ "time": 0, "angle": 0, "curve": "stepped" },
					{ "time": 2, "angle": 0 }
				],
				"translate": [
					{
						"time": 0,
						"x": 0,
						"y": 0,
						"curve": [ 0.319, 0.33, 0.653, 0.66 ]
					},
					{
						"time": 0.5,
						"x": 1.79,
						"y": 0,
						"curve": [ 0.289, 0.43, 0.622, 0.73 ]
					},
					{
						"time": 1.5,
						"x": -2.75,
						"y": 0,
						"curve": [ 0.487, 0.33, 0.657, 0.5 ]
					},
					{ "time": 2, "x": 0, "y": 0 }
				]
			},
			"Root_All": {
				"rotate": [
					{ "time": 0, "angle": 0, "curve": "stepped" },
					{ "time": 2, "angle": 0 }
				],
				"translate": [
					{
						"time": 0,
						"x": 0,
						"y": 0,
						"curve": [ 0.255, 0.35, 0.6, 0.7 ]
					},
					{
						"time": 0.5,
						"x": 0,
						"y": -9.82,
						"curve": [ 0.3, 0.39, 0.641, 0.74 ]
					},
					{
						"time": 1,
						"x": 0,
						"y": -15.66,
						"curve": [ 0.322, 0.37, 0.652, 0.7 ]
					},
					{
						"time": 1.5,
						"x": 0,
						"y": -7.79,
						"curve": [ 0.314, 0.36, 0.644, 0.68 ]
					},
					{ "time": 2, "x": 0, "y": 0 }
				]
			},
			"Ship_All": {
				"rotate": [
					{ "time": 0, "angle": 0, "curve": "stepped" },
					{ "time": 2, "angle": 0 }
				],
				"translate": [
					{ "time": 0, "x": 0, "y": 0, "curve": "stepped" },
					{ "time": 2, "x": 0, "y": 0 }
				]
			},
			"Face": {
				"rotate": [
					{ "time": 0, "angle": 0, "curve": "stepped" },
					{ "time": 2, "angle": 0 }
				],
				"translate": [
					{
						"time": 0,
						"x": 0,
						"y": 0,
						"curve": [ 0.286, 0.34, 0.623, 0.67 ]
					},
					{
						"time": 0.5,
						"x": 0.64,
						"y": 0,
						"curve": [ 0.282, 0.37, 0.624, 0.71 ]
					},
					{
						"time": 1.5,
						"x": -1.28,
						"y": 0,
						"curve": [ 0.321, 0.37, 0.656, 0.71 ]
					},
					{ "time": 2, "x": 0, "y": 0 }
				]
			},
			"hand": {
				"rotate": [
					{ "time": 0, "angle": 0, "curve": "stepped" },
					{ "time": 2, "angle": 0 }
				],
				"translate": [
					{ "time": 0, "x": 0, "y": 0 },
					{ "time": 1, "x": -1.95, "y": -0.51 },
					{ "time": 2, "x": 0, "y": 0 }
				]
			},
			"Hair_R": {
				"rotate": [
					{ "time": 0, "angle": 0 },
					{ "time": 0.5, "angle": 6.95 },
					{ "time": 1, "angle": 0 },
					{ "time": 1.5, "angle": 8.28 },
					{ "time": 2, "angle": 0 }
				],
				"translate": [
					{ "time": 0, "x": 0, "y": 0, "curve": "stepped" },
					{ "time": 1, "x": 0, "y": 0, "curve": "stepped" },
					{ "time": 2, "x": 0, "y": 0 }
				]
			},
			"Hair_R_4": {
				"rotate": [
					{ "time": 0, "angle": 0 },
					{ "time": 0.5, "angle": 6.95 },
					{ "time": 1, "angle": 0 },
					{ "time": 1.5, "angle": 8.28 },
					{ "time": 2, "angle": 0 }
				],
				"translate": [
					{ "time": 0, "x": 0, "y": 0, "curve": "stepped" },
					{ "time": 1, "x": 0, "y": 0, "curve": "stepped" },
					{ "time": 2, "x": 0, "y": 0 }
				]
			},
			"Hair_R_3": {
				"rotate": [
					{ "time": 0, "angle": 0 },
					{ "time": 0.5, "angle": 6.95 },
					{ "time": 1, "angle": 0 },
					{ "time": 1.5, "angle": 8.28 },
					{ "time": 2, "angle": 0 }
				],
				"translate": [
					{ "time": 0, "x": 0, "y": 0, "curve": "stepped" },
					{ "time": 1, "x": 0, "y": 0, "curve": "stepped" },
					{ "time": 2, "x": 0, "y": 0 }
				]
			},
			"Hair_R_2": {
				"rotate": [
					{ "time": 0, "angle": 0 },
					{ "time": 0.5, "angle": 6.95 },
					{ "time": 1, "angle": 0 },
					{ "time": 1.5, "angle": 8.28 },
					{ "time": 2, "angle": 0 }
				],
				"translate": [
					{ "time": 0, "x": 0, "y": 0, "curve": "stepped" },
					{ "time": 1, "x": 0, "y": 0, "curve": "stepped" },
					{ "time": 2, "x": 0, "y": 0 }
				]
			},
			"Hair_L": {
				"rotate": [
					{ "time": 0, "angle": 0 },
					{ "time": 0.5, "angle": -4.73 },
					{ "time": 1, "angle": 0 },
					{ "time": 1.5, "angle": -4.31 },
					{ "time": 2, "angle": 0 }
				],
				"translate": [
					{ "time": 0, "x": 0, "y": 0, "curve": "stepped" },
					{ "time": 1, "x": 0, "y": 0, "curve": "stepped" },
					{ "time": 2, "x": 0, "y": 0 }
				]
			},
			"Hair_L_4": {
				"rotate": [
					{ "time": 0, "angle": 0 },
					{ "time": 0.5, "angle": -4.73 },
					{ "time": 1, "angle": 0 },
					{ "time": 1.5, "angle": -4.31 },
					{ "time": 2, "angle": 0 }
				],
				"translate": [
					{ "time": 0, "x": 0, "y": 0, "curve": "stepped" },
					{ "time": 1, "x": 0, "y": 0, "curve": "stepped" },
					{ "time": 2, "x": 0, "y": 0 }
				]
			},
			"Hair_L_3": {
				"rotate": [
					{ "time": 0, "angle": 0 },
					{ "time": 0.5, "angle": -4.73 },
					{ "time": 1, "angle": 0 },
					{ "time": 1.5, "angle": -4.31 },
					{ "time": 2, "angle": 0 }
				],
				"translate": [
					{ "time": 0, "x": 0, "y": 0, "curve": "stepped" },
					{ "time": 1, "x": 0, "y": 0, "curve": "stepped" },
					{ "time": 2, "x": 0, "y": 0 }
				]
			},
			"Hair_L_2": {
				"rotate": [
					{ "time": 0, "angle": 0 },
					{ "time": 0.5, "angle": -4.73 },
					{ "time": 1, "angle": 0 },
					{ "time": 1.5, "angle": -4.31 },
					{ "time": 2, "angle": 0 }
				],
				"translate": [
					{ "time": 0, "x": 0, "y": 0, "curve": "stepped" },
					{ "time": 1, "x": 0, "y": 0, "curve": "stepped" },
					{ "time": 2, "x": 0, "y": 0 }
				]
			}
		},
		"events": [
			{ "time": 0.0666, "name": "Antiaircraft" }
		]
	},
	"attack": {
		"slots": {
			"Body_Fornt_Light": {
				"attachment": [
					{ "time": 0, "name": null },
					{ "time": 0.1, "name": "Front_Light" },
					{ "time": 0.9, "name": null }
				],
				"color": [
					{ "time": 0.5333, "color": "fffffffb" },
					{ "time": 0.8333, "color": "ffffff00" }
				]
			},
			"Body_Hand": {
				"attachment": [
					{ "time": 0, "name": "Front_Picture" }
				]
			},
			"Light_Body": {
				"attachment": [
					{ "time": 0, "name": null },
					{ "time": 0.0666, "name": null },
					{ "time": 0.1, "name": "Light_Body_Change" },
					{ "time": 0.5, "name": "Light_Body_Change" }
				],
				"color": [
					{ "time": 0.5333, "color": "fffffffb" },
					{ "time": 0.8333, "color": "ffffff00" }
				]
			},
			"Light_Ship": {
				"attachment": [
					{ "time": 0, "name": null }
				],
				"color": [
					{ "time": 0.5333, "color": "fffffffc" },
					{ "time": 0.8333, "color": "ffffff00" }
				]
			},
			"Rodney_body_normal": {
				"attachment": [
					{ "time": 0, "name": "Body_Change" },
					{ "time": 0.9, "name": "Body_Change" }
				]
			}
		},
		"bones": {
			"Root_All": {
				"rotate": [
					{ "time": 0, "angle": 0, "curve": "stepped" },
					{ "time": 1.6666, "angle": 0 }
				],
				"translate": [
					{
						"time": 0,
						"x": 0,
						"y": 0,
						"curve": [ 0.255, 0.35, 0.6, 0.7 ]
					},
					{ "time": 0.0666, "x": 8.69, "y": 0 },
					{ "time": 0.1666, "x": -87.44, "y": 0 },
					{ "time": 0.3333, "x": -61.04, "y": 0 },
					{ "time": 0.5333, "x": -69.84, "y": 0 },
					{ "time": 1, "x": -85.6, "y": 0 },
					{ "time": 1.4, "x": 15.07, "y": 0 },
					{ "time": 1.6666, "x": 0, "y": 0 }
				]
			},
			"Ship": {
				"rotate": [
					{
						"time": 0,
						"angle": 0,
						"curve": [ 0.294, 0.34, 0.629, 0.67 ]
					},
					{
						"time": 0.3333,
						"angle": -345.8,
						"curve": [ 0.259, 0.41, 0.615, 0.76 ]
					},
					{ "time": 1.6666, "angle": 0 }
				],
				"translate": [
					{
						"time": 0,
						"x": 0,
						"y": 0,
						"curve": [ 0.33, 0.33, 0.663, 0.66 ]
					},
					{
						"time": 0.3333,
						"x": -4.86,
						"y": 18.76,
						"curve": [ 0.322, 0.33, 0.656, 0.66 ]
					},
					{ "time": 1.6666, "x": 0, "y": 0 }
				]
			},
			"Face": {
				"rotate": [
					{ "time": 0, "angle": 0, "curve": "stepped" },
					{ "time": 1.6666, "angle": 0 }
				],
				"translate": [
					{
						"time": 0,
						"x": 0,
						"y": 0,
						"curve": [ 0.286, 0.34, 0.623, 0.67 ]
					},
					{ "time": 0.1666, "x": 0, "y": 3.4 },
					{ "time": 0.3333, "x": 0, "y": -0.66 },
					{ "time": 0.9, "x": 0, "y": -1.2 },
					{ "time": 1, "x": 0, "y": -0.44 },
					{ "time": 1.4, "x": 0, "y": -5.01 },
					{ "time": 1.6666, "x": 0, "y": 0 }
				]
			},
			"Ship_All": {
				"rotate": [
					{ "time": 0, "angle": 0, "curve": "stepped" },
					{ "time": 1.6666, "angle": 0 }
				],
				"translate": [
					{ "time": 0, "x": 0, "y": 0, "curve": "stepped" },
					{ "time": 1.6666, "x": 0, "y": 0 }
				]
			},
			"Body": {
				"rotate": [
					{ "time": 0, "angle": 0, "curve": "stepped" },
					{ "time": 1.6666, "angle": 0 }
				],
				"translate": [
					{ "time": 0, "x": 0, "y": 0, "curve": "stepped" },
					{ "time": 1.6666, "x": 0, "y": 0 }
				]
			},
			"Attack_Point": {
				"rotate": [
					{ "time": 0.0666, "angle": 0 }
				],
				"translate": [
					{ "time": 0.0666, "x": 0, "y": 0 }
				]
			},
			"hand": {
				"rotate": [
					{ "time": 0, "angle": 0 },
					{ "time": 0.0666, "angle": -9.27 },
					{ "time": 0.1333, "angle": 18.93 },
					{ "time": 0.2333, "angle": -1.27 },
					{ "time": 0.4, "angle": 6.84 },
					{ "time": 0.8333, "angle": 3.36 },
					{ "time": 1.6666, "angle": 0 }
				],
				"translate": [
					{ "time": 0, "x": 0, "y": 0 },
					{ "time": 0.0666, "x": 5.56, "y": 10.65 },
					{ "time": 0.1333, "x": -12.51, "y": -24.48 },
					{ "time": 0.2333, "x": -2.03, "y": 1.12 },
					{ "time": 0.3333, "x": -6.85, "y": -5.24 },
					{ "time": 0.8333, "x": 0, "y": 1.5 },
					{ "time": 1.6666, "x": 0, "y": 0 }
				]
			},
			"Hair_L": {
				"rotate": [
					{ "time": 0, "angle": 0 },
					{ "time": 0.1666, "angle": 11.87 },
					{ "time": 0.5, "angle": 4.87 },
					{ "time": 1.1666, "angle": -3.76 },
					{ "time": 1.6666, "angle": 0 }
				],
				"translate": [
					{ "time": 0, "x": 0, "y": 0, "curve": "stepped" },
					{ "time": 1.6666, "x": 0, "y": 0 }
				]
			},
			"Hair_L_4": {
				"rotate": [
					{ "time": 0, "angle": 0 },
					{ "time": 0.1666, "angle": 11.87 },
					{ "time": 0.5, "angle": 4.87 },
					{ "time": 1.1666, "angle": -3.76 },
					{ "time": 1.6666, "angle": 0 }
				],
				"translate": [
					{ "time": 0, "x": 0, "y": 0, "curve": "stepped" },
					{ "time": 1.6666, "x": 0, "y": 0 }
				]
			},
			"Hair_L_3": {
				"rotate": [
					{ "time": 0, "angle": 0 },
					{ "time": 0.1666, "angle": 11.87 },
					{ "time": 0.5, "angle": 4.87 },
					{ "time": 1.1666, "angle": -3.76 },
					{ "time": 1.6666, "angle": 0 }
				],
				"translate": [
					{ "time": 0, "x": 0, "y": 0, "curve": "stepped" },
					{ "time": 1.6666, "x": 0, "y": 0 }
				]
			},
			"Hair_L_2": {
				"rotate": [
					{ "time": 0, "angle": 0 },
					{ "time": 0.1666, "angle": 11.87 },
					{ "time": 0.5, "angle": 4.87 },
					{ "time": 1.1666, "angle": -3.76 },
					{ "time": 1.6666, "angle": 0 }
				],
				"translate": [
					{ "time": 0, "x": 0, "y": 0, "curve": "stepped" },
					{ "time": 1.6666, "x": 0, "y": 0 }
				]
			},
			"Hair_R": {
				"rotate": [
					{ "time": 0, "angle": 0 },
					{ "time": 0.1666, "angle": 11.46 },
					{ "time": 0.6666, "angle": -3.2 },
					{ "time": 1.1666, "angle": -11.82 },
					{ "time": 1.6666, "angle": 0 }
				],
				"translate": [
					{ "time": 0, "x": 0, "y": 0, "curve": "stepped" },
					{ "time": 1.6666, "x": 0, "y": 0 }
				]
			},
			"Hair_R_4": {
				"rotate": [
					{ "time": 0, "angle": 0 },
					{ "time": 0.1666, "angle": 11.46 },
					{ "time": 0.6666, "angle": -3.2 },
					{ "time": 1.1666, "angle": -11.82 },
					{ "time": 1.6666, "angle": 0 }
				],
				"translate": [
					{ "time": 0, "x": 0, "y": 0, "curve": "stepped" },
					{ "time": 1.6666, "x": 0, "y": 0 }
				]
			},
			"Hair_R_3": {
				"rotate": [
					{ "time": 0, "angle": 0 },
					{ "time": 0.1666, "angle": 11.46 },
					{ "time": 0.6666, "angle": -3.2 },
					{ "time": 1.1666, "angle": -11.82 },
					{ "time": 1.6666, "angle": 0 }
				],
				"translate": [
					{ "time": 0, "x": 0, "y": 0, "curve": "stepped" },
					{ "time": 1.6666, "x": 0, "y": 0 }
				]
			},
			"Hair_R_2": {
				"rotate": [
					{ "time": 0, "angle": 0 },
					{ "time": 0.1666, "angle": 11.46 },
					{ "time": 0.6666, "angle": -3.2 },
					{ "time": 1.1666, "angle": -11.82 },
					{ "time": 1.6666, "angle": 0 }
				],
				"translate": [
					{ "time": 0, "x": 0, "y": 0, "curve": "stepped" },
					{ "time": 1.6666, "x": 0, "y": 0 }
				]
			}
		},
		"events": [
			{ "time": 0.0666, "name": "attack_point" }
		]
	},
	"damage": {
		"slots": {
			"Body_Fornt_Light": {
				"attachment": [
					{ "time": 0, "name": null },
					{ "time": 0.0666, "name": "Front_Light" },
					{ "time": 0.8666, "name": null }
				],
				"color": [
					{ "time": 0.5333, "color": "fffffffd" },
					{ "time": 0.7666, "color": "ffffff00" }
				]
			},
			"Body_Hand": {
				"attachment": [
					{ "time": 0, "name": "Front_Picture" }
				],
				"color": [
					{ "time": 0.0666, "color": "8c4c51ff", "curve": "stepped" },
					{ "time": 0.7666, "color": "8c4c51ff" },
					{ "time": 1.1333, "color": "ffffffff" }
				]
			},
			"Light_Body": {
				"attachment": [
					{ "time": 0, "name": null },
					{ "time": 0.0666, "name": "Light_Body_Change" },
					{ "time": 0.7666, "name": null }
				],
				"color": [
					{ "time": 0.5333, "color": "fffffffc" },
					{ "time": 0.7666, "color": "ffffff00" }
				]
			},
			"Light_Ship": {
				"attachment": [
					{ "time": 0, "name": null },
					{ "time": 0.7666, "name": null }
				],
				"color": [
					{ "time": 0.5333, "color": "fffffffc" },
					{ "time": 0.7666, "color": "ffffff00" }
				]
			},
			"Rodney_body_normal": {
				"attachment": [
					{ "time": 0, "name": "Body_Change" },
					{ "time": 0.8666, "name": "Body_Change" }
				],
				"color": [
					{ "time": 0.0666, "color": "8c4c51ff", "curve": "stepped" },
					{ "time": 0.7666, "color": "8c4c51ff" },
					{ "time": 1.1333, "color": "ffffffff" }
				]
			},
			"Rodney_eyes_normal": {
				"attachment": [
					{ "time": 0.0666, "name": "Rodney_eyes_damage" },
					{ "time": 1.1333, "name": "Rodney_eyes_normal" }
				],
				"color": [
					{ "time": 0.0666, "color": "8c4c51ff", "curve": "stepped" },
					{ "time": 0.7666, "color": "8c4c51ff" },
					{ "time": 1.1333, "color": "ffffffff" }
				]
			},
			"Rodney_ship_armor_normal": {
				"color": [
					{ "time": 0.0666, "color": "8c4c51ff", "curve": "stepped" },
					{ "time": 0.7666, "color": "8c4c51ff" },
					{ "time": 1.1333, "color": "ffffffff" }
				]
			},
			"hair_L": {
				"color": [
					{ "time": 0, "color": "ffffffff" },
					{ "time": 0.0666, "color": "8c4c51ff", "curve": "stepped" },
					{ "time": 0.7666, "color": "8c4c51ff" },
					{ "time": 1.1666, "color": "ffffffff" }
				]
			},
			"hair_R": {
				"color": [
					{ "time": 0, "color": "ffffffff" },
					{ "time": 0.0666, "color": "8c4c51ff", "curve": "stepped" },
					{ "time": 0.7666, "color": "8c4c51ff" },
					{ "time": 1.1666, "color": "ffffffff" }
				]
			}
		},
		"bones": {
			"Root_All": {
				"rotate": [
					{ "time": 0, "angle": 0, "curve": "stepped" },
					{ "time": 1.1666, "angle": 0 }
				],
				"translate": [
					{
						"time": 0,
						"x": 0,
						"y": 0,
						"curve": [ 0.255, 0.35, 0.6, 0.7 ]
					},
					{ "time": 0.0666, "x": -27.67, "y": -23.16 },
					{ "time": 0.1333, "x": 20.98, "y": 15.35 },
					{ "time": 0.2333, "x": -19.78, "y": -15.62 },
					{ "time": 0.3666, "x": 14.36, "y": 8.59 },
					{ "time": 0.5666, "x": -3.37, "y": -4.5 },
					{ "time": 0.8666, "x": 5.63, "y": 2.25 },
					{ "time": 1.1666, "x": 0, "y": 0 }
				]
			},
			"Ship": {
				"rotate": [
					{
						"time": 0,
						"angle": 0,
						"curve": [ 0.219, 0.41, 0.591, 0.77 ]
					},
					{ "time": 0.0666, "angle": -344.95 },
					{ "time": 0.1666, "angle": -352.01 },
					{ "time": 0.2333, "angle": -343.76 },
					{ "time": 0.3666, "angle": -361.36 },
					{ "time": 1.1666, "angle": 0 }
				],
				"translate": [
					{
						"time": 0,
						"x": 0,
						"y": 0,
						"curve": [ 0.319, 0.33, 0.653, 0.66 ]
					},
					{ "time": 0.0666, "x": -13.57, "y": 7.9 },
					{ "time": 0.1666, "x": 10.65, "y": 9.27 },
					{ "time": 0.2333, "x": -14.89, "y": 12.5 },
					{ "time": 0.3666, "x": 1.18, "y": 0.69 },
					{ "time": 0.5, "x": -12.22, "y": 11 },
					{ "time": 1.1666, "x": 0, "y": 0 }
				]
			},
			"Face": {
				"rotate": [
					{ "time": 0, "angle": 0, "curve": "stepped" },
					{ "time": 1.1666, "angle": 0 }
				],
				"translate": [
					{
						"time": 0,
						"x": 0,
						"y": 0,
						"curve": [ 0.286, 0.34, 0.623, 0.67 ]
					},
					{ "time": 0.0666, "x": -5.44, "y": 0 },
					{ "time": 0.1333, "x": -0.44, "y": 0 },
					{ "time": 0.2333, "x": -5.06, "y": 0 },
					{ "time": 0.3666, "x": -2.01, "y": 0 },
					{ "time": 1.1666, "x": 0, "y": 0 }
				]
			},
			"Ship_All": {
				"rotate": [
					{ "time": 0, "angle": 0, "curve": "stepped" },
					{ "time": 1.1666, "angle": 0 }
				],
				"translate": [
					{ "time": 0, "x": 0, "y": 0, "curve": "stepped" },
					{ "time": 1.1666, "x": 0, "y": 0 }
				]
			},
			"Body": {
				"rotate": [
					{ "time": 0, "angle": 0, "curve": "stepped" },
					{ "time": 1.1666, "angle": 0 }
				],
				"translate": [
					{ "time": 0, "x": 0, "y": 0, "curve": "stepped" },
					{ "time": 1.1666, "x": 0, "y": 0 }
				]
			},
			"Damage_Point": {
				"rotate": [
					{ "time": 0.0666, "angle": 0 }
				],
				"translate": [
					{ "time": 0.0666, "x": 0, "y": 0 }
				]
			},
			"hand": {
				"rotate": [
					{ "time": 0, "angle": 0 },
					{ "time": 0.0666, "angle": 6.43 },
					{ "time": 0.1333, "angle": -0.65 },
					{ "time": 0.2333, "angle": 7.53 },
					{ "time": 0.3666, "angle": 1.05 },
					{ "time": 1.1666, "angle": 0 }
				],
				"translate": [
					{ "time": 0, "x": 0, "y": 0 },
					{ "time": 0.1333, "x": 0, "y": 6.08 },
					{ "time": 0.2333, "x": 0, "y": 4.39 },
					{ "time": 1.1666, "x": 0, "y": 0 }
				]
			},
			"Hair_L": {
				"rotate": [
					{ "time": 0, "angle": 0 },
					{ "time": 0.1666, "angle": -7.75 },
					{ "time": 0.3333, "angle": 5.68 },
					{ "time": 0.5, "angle": -337.31 },
					{ "time": 1.1666, "angle": 0 }
				],
				"translate": [
					{ "time": 0, "x": 0, "y": 0, "curve": "stepped" },
					{ "time": 1.1666, "x": 0, "y": 0 }
				]
			},
			"Hair_R": {
				"rotate": [
					{ "time": 0, "angle": 0 },
					{ "time": 0.1666, "angle": 12.22 },
					{ "time": 0.3333, "angle": -8.26 },
					{ "time": 0.5, "angle": 7.7 },
					{ "time": 0.8333, "angle": -5.7 },
					{ "time": 1.1666, "angle": 0 }
				],
				"translate": [
					{ "time": 0, "x": 0, "y": 0, "curve": "stepped" },
					{ "time": 1.1666, "x": 0, "y": 0 }
				]
			},
			"Hair_L_4": {
				"rotate": [
					{ "time": 0, "angle": 0 },
					{ "time": 0.1666, "angle": -7.75 },
					{ "time": 0.3333, "angle": 5.68 },
					{ "time": 0.5, "angle": 22.68 },
					{ "time": 1.1666, "angle": 0 }
				],
				"translate": [
					{ "time": 0, "x": 0, "y": 0, "curve": "stepped" },
					{ "time": 1.1666, "x": 0, "y": 0 }
				]
			},
			"Hair_L_3": {
				"rotate": [
					{ "time": 0, "angle": 0 },
					{ "time": 0.1666, "angle": -7.75 },
					{ "time": 0.3333, "angle": 5.68 },
					{ "time": 0.5, "angle": 22.68 },
					{ "time": 1.1666, "angle": 0 }
				],
				"translate": [
					{ "time": 0, "x": 0, "y": 0, "curve": "stepped" },
					{ "time": 1.1666, "x": 0, "y": 0 }
				]
			},
			"Hair_L_2": {
				"rotate": [
					{ "time": 0, "angle": 0 },
					{ "time": 0.1666, "angle": -7.75 },
					{ "time": 0.3333, "angle": 5.68 },
					{ "time": 0.5, "angle": 22.68 },
					{ "time": 1.1666, "angle": 0 }
				],
				"translate": [
					{ "time": 0, "x": 0, "y": 0, "curve": "stepped" },
					{ "time": 1.1666, "x": 0, "y": 0 }
				]
			},
			"Hair_R_4": {
				"rotate": [
					{ "time": 0, "angle": 0 },
					{ "time": 0.1666, "angle": 12.22 },
					{ "time": 0.3333, "angle": -8.26 },
					{ "time": 0.5, "angle": 7.7 },
					{ "time": 0.8333, "angle": -5.7 },
					{ "time": 1.1666, "angle": 0 }
				],
				"translate": [
					{ "time": 0, "x": 0, "y": 0, "curve": "stepped" },
					{ "time": 1.1666, "x": 0, "y": 0 }
				]
			},
			"Hair_R_3": {
				"rotate": [
					{ "time": 0, "angle": 0 },
					{ "time": 0.1666, "angle": 12.22 },
					{ "time": 0.3333, "angle": -8.26 },
					{ "time": 0.5, "angle": 7.7 },
					{ "time": 0.8333, "angle": -5.7 },
					{ "time": 1.1666, "angle": 0 }
				],
				"translate": [
					{ "time": 0, "x": 0, "y": 0, "curve": "stepped" },
					{ "time": 1.1666, "x": 0, "y": 0 }
				]
			},
			"Hair_R_2": {
				"rotate": [
					{ "time": 0, "angle": 0 },
					{ "time": 0.1666, "angle": 12.22 },
					{ "time": 0.3333, "angle": -8.26 },
					{ "time": 0.5, "angle": 7.7 },
					{ "time": 0.8333, "angle": -5.7 },
					{ "time": 1.1666, "angle": 0 }
				],
				"translate": [
					{ "time": 0, "x": 0, "y": 0, "curve": "stepped" },
					{ "time": 1.1666, "x": 0, "y": 0 }
				]
			}
		},
		"events": [
			{ "time": 0.0666, "name": "damage_point" }
		]
	},
	"normal": {
		"slots": {
			"Body_Fornt_Light": {
				"attachment": [
					{ "time": 0, "name": null }
				]
			},
			"Body_Hand": {
				"attachment": [
					{ "time": 0, "name": "Front_Picture" }
				]
			},
			"Light_Body": {
				"attachment": [
					{ "time": 0, "name": null },
					{ "time": 0.8, "name": null }
				]
			},
			"Light_Ship": {
				"attachment": [
					{ "time": 0, "name": null }
				]
			},
			"Rodney_body_normal": {
				"attachment": [
					{ "time": 0, "name": "Body_Change" }
				]
			}
		},
		"bones": {
			"Root_All": {
				"rotate": [
					{ "time": 0, "angle": 0, "curve": "stepped" },
					{ "time": 2, "angle": 0 }
				],
				"translate": [
					{
						"time": 0,
						"x": 0,
						"y": 0,
						"curve": [ 0.255, 0.35, 0.6, 0.7 ]
					},
					{
						"time": 0.5,
						"x": 0,
						"y": -9.82,
						"curve": [ 0.3, 0.39, 0.641, 0.74 ]
					},
					{
						"time": 1,
						"x": 0,
						"y": -15.66,
						"curve": [ 0.322, 0.37, 0.652, 0.7 ]
					},
					{
						"time": 1.5,
						"x": 0,
						"y": -7.79,
						"curve": [ 0.314, 0.36, 0.644, 0.68 ]
					},
					{ "time": 2, "x": 0, "y": 0 }
				]
			},
			"Ship_All": {
				"rotate": [
					{ "time": 0, "angle": 0, "curve": "stepped" },
					{ "time": 2, "angle": 0 }
				],
				"translate": [
					{ "time": 0, "x": 0, "y": 0, "curve": "stepped" },
					{ "time": 2, "x": 0, "y": 0 }
				]
			},
			"Body": {
				"rotate": [
					{ "time": 0, "angle": 0, "curve": "stepped" },
					{ "time": 2, "angle": 0 }
				],
				"translate": [
					{ "time": 0, "x": 0, "y": 0, "curve": "stepped" },
					{ "time": 2, "x": 0, "y": 0 }
				]
			},
			"Face": {
				"rotate": [
					{ "time": 0, "angle": 0, "curve": "stepped" },
					{ "time": 2, "angle": 0 }
				],
				"translate": [
					{
						"time": 0,
						"x": 0,
						"y": 0,
						"curve": [ 0.286, 0.34, 0.623, 0.67 ]
					},
					{
						"time": 0.5,
						"x": 0.64,
						"y": 0,
						"curve": [ 0.282, 0.37, 0.624, 0.71 ]
					},
					{
						"time": 1.5,
						"x": -1.28,
						"y": 0,
						"curve": [ 0.321, 0.37, 0.656, 0.71 ]
					},
					{ "time": 2, "x": 0, "y": 0 }
				]
			},
			"Ship": {
				"rotate": [
					{ "time": 0, "angle": 0, "curve": "stepped" },
					{ "time": 2, "angle": 0 }
				],
				"translate": [
					{
						"time": 0,
						"x": 0,
						"y": 0,
						"curve": [ 0.319, 0.33, 0.653, 0.66 ]
					},
					{
						"time": 0.5,
						"x": 1.79,
						"y": 0,
						"curve": [ 0.289, 0.43, 0.622, 0.73 ]
					},
					{
						"time": 1.5,
						"x": -2.75,
						"y": 0,
						"curve": [ 0.487, 0.33, 0.657, 0.5 ]
					},
					{ "time": 2, "x": 0, "y": 0 }
				]
			},
			"hand": {
				"rotate": [
					{ "time": 0, "angle": 0 },
					{ "time": 1, "angle": 4.65 },
					{ "time": 2, "angle": 0 }
				],
				"translate": [
					{ "time": 0, "x": 0, "y": 0 },
					{ "time": 1, "x": -5.39, "y": -6.25 },
					{ "time": 2, "x": 0, "y": 0 }
				]
			},
			"Hair_R": {
				"rotate": [
					{ "time": 0, "angle": 0 },
					{ "time": 1, "angle": 9.32 },
					{ "time": 2, "angle": 0 }
				],
				"translate": [
					{ "time": 0, "x": 0, "y": 0, "curve": "stepped" },
					{ "time": 2, "x": 0, "y": 0 }
				]
			},
			"Hair_R_4": {
				"rotate": [
					{ "time": 0, "angle": 0 },
					{ "time": 1, "angle": 9.32 },
					{ "time": 2, "angle": 0 }
				],
				"translate": [
					{ "time": 0, "x": 0, "y": 0, "curve": "stepped" },
					{ "time": 2, "x": 0, "y": 0 }
				]
			},
			"Hair_R_3": {
				"rotate": [
					{ "time": 0, "angle": 0 },
					{ "time": 1, "angle": 9.32 },
					{ "time": 2, "angle": 0 }
				],
				"translate": [
					{ "time": 0, "x": 0, "y": 0, "curve": "stepped" },
					{ "time": 2, "x": 0, "y": 0 }
				]
			},
			"Hair_R_2": {
				"rotate": [
					{ "time": 0, "angle": 0 },
					{ "time": 1, "angle": 9.32 },
					{ "time": 2, "angle": 0 }
				],
				"translate": [
					{ "time": 0, "x": 0, "y": 0, "curve": "stepped" },
					{ "time": 2, "x": 0, "y": 0 }
				]
			},
			"Hair_L": {
				"rotate": [
					{ "time": 0, "angle": 0 },
					{ "time": 1, "angle": -9.17 },
					{ "time": 2, "angle": 0 }
				],
				"translate": [
					{ "time": 0, "x": 0, "y": 0, "curve": "stepped" },
					{ "time": 2, "x": 0, "y": 0 }
				]
			},
			"Hair_L_4": {
				"rotate": [
					{ "time": 0, "angle": 0 },
					{ "time": 1, "angle": -9.17 },
					{ "time": 2, "angle": 0 }
				],
				"translate": [
					{ "time": 0, "x": 0, "y": 0, "curve": "stepped" },
					{ "time": 2, "x": 0, "y": 0 }
				]
			},
			"Hair_L_3": {
				"rotate": [
					{ "time": 0, "angle": 0 },
					{ "time": 1, "angle": -9.17 },
					{ "time": 2, "angle": 0 }
				],
				"translate": [
					{ "time": 0, "x": 0, "y": 0, "curve": "stepped" },
					{ "time": 2, "x": 0, "y": 0 }
				]
			},
			"Hair_L_2": {
				"rotate": [
					{ "time": 0, "angle": 0 },
					{ "time": 1, "angle": -9.17 },
					{ "time": 2, "angle": 0 }
				],
				"translate": [
					{ "time": 0, "x": 0, "y": 0, "curve": "stepped" },
					{ "time": 2, "x": 0, "y": 0 }
				]
			}
		}
	},
	"throw": {
		"slots": {
			"Body_Fornt_Light": {
				"attachment": [
					{ "time": 0, "name": null }
				]
			},
			"Body_Hand": {
				"attachment": [
					{ "time": 0, "name": "Front_Picture" }
				]
			},
			"Light_Body": {
				"attachment": [
					{ "time": 0, "name": null }
				]
			},
			"Light_Ship": {
				"attachment": [
					{ "time": 0, "name": null }
				]
			},
			"Rodney_body_normal": {
				"attachment": [
					{ "time": 0, "name": "Body_Change" }
				]
			}
		},
		"bones": {
			"Face": {
				"rotate": [
					{ "time": 0, "angle": 0, "curve": "stepped" },
					{ "time": 1.3333, "angle": 0 }
				],
				"translate": [
					{
						"time": 0,
						"x": 0,
						"y": 0,
						"curve": [ 0.286, 0.34, 0.623, 0.67 ]
					},
					{ "time": 0.3333, "x": 0, "y": -0.7 },
					{ "time": 0.5666, "x": 0, "y": 0.14 },
					{ "time": 1.3333, "x": 0, "y": 0 }
				]
			},
			"Root_All": {
				"rotate": [
					{ "time": 0, "angle": 0, "curve": "stepped" },
					{ "time": 1.3333, "angle": 0 }
				],
				"translate": [
					{
						"time": 0,
						"x": 0,
						"y": 0,
						"curve": [ 0.255, 0.35, 0.6, 0.7 ]
					},
					{ "time": 0.6333, "x": -66.66, "y": 0 },
					{ "time": 0.9666, "x": -10.42, "y": -12.42 },
					{ "time": 1.3333, "x": 0, "y": 0 }
				]
			},
			"Ship": {
				"rotate": [
					{
						"time": 0,
						"angle": 0,
						"curve": [ 0.219, 0.41, 0.591, 0.77 ]
					},
					{ "time": 0.3333, "angle": -358.17 },
					{ "time": 0.5666, "angle": -359.21 },
					{ "time": 0.6333, "angle": -363.41 },
					{ "time": 0.7333, "angle": -366.44 },
					{ "time": 0.9666, "angle": -356.42 },
					{ "time": 1.1666, "angle": -361.45 },
					{ "time": 1.3333, "angle": 0 }
				],
				"translate": [
					{
						"time": 0,
						"x": 0,
						"y": 0,
						"curve": [ 0.319, 0.33, 0.653, 0.66 ]
					},
					{ "time": 0.3333, "x": -0.7, "y": -1.37 },
					{ "time": 0.5666, "x": 0, "y": 0.77 },
					{ "time": 0.6333, "x": 1.43, "y": 1.35 },
					{ "time": 0.7333, "x": -0.38, "y": 0.95 },
					{ "time": 0.9666, "x": -0.19, "y": -2.63 },
					{ "time": 1.3333, "x": 0, "y": 0 }
				]
			},
			"Body": {
				"rotate": [
					{
						"time": 0,
						"angle": 0,
						"curve": [ 0.219, 0.41, 0.591, 0.77 ]
					},
					{
						"time": 0.6333,
						"angle": -3.17,
						"curve": [ 0.32, 0.36, 0.653, 0.69 ]
					},
					{
						"time": 0.7333,
						"angle": 0.61,
						"curve": [ 0.319, 0.37, 0.652, 0.7 ]
					},
					{
						"time": 0.9666,
						"angle": -1.72,
						"curve": [ 0.32, 0.38, 0.654, 0.71 ]
					},
					{ "time": 1.3333, "angle": 0 }
				],
				"translate": [
					{
						"time": 0,
						"x": 0,
						"y": 0,
						"curve": [ 0.219, 0.41, 0.591, 0.77 ]
					},
					{
						"time": 0.3333,
						"x": -15.86,
						"y": 0,
						"curve": [ 0.193, 0.39, 0.58, 0.9 ]
					},
					{
						"time": 0.5666,
						"x": -19.36,
						"y": 0,
						"curve": [ 0.142, 0.42, 0.647, 0.94 ]
					},
					{ "time": 0.6333, "x": 92.18, "y": -6.3 },
					{ "time": 0.7333, "x": 111.33, "y": 0 },
					{ "time": 1.3333, "x": 0, "y": 0 }
				]
			},
			"Ship_All": {
				"rotate": [
					{ "time": 0, "angle": 0, "curve": "stepped" },
					{ "time": 1.3333, "angle": 0 }
				],
				"translate": [
					{ "time": 0, "x": 0, "y": 0, "curve": "stepped" },
					{ "time": 1.3333, "x": 0, "y": 0 }
				]
			},
			"Throw_Point": {
				"rotate": [
					{ "time": 0.6333, "angle": 0 }
				],
				"translate": [
					{ "time": 0.6333, "x": 0, "y": 0 }
				]
			},
			"hand": {
				"rotate": [
					{
						"time": 0,
						"angle": 0,
						"curve": [ 0.269, 0.31, 0.61, 0.65 ]
					},
					{
						"time": 0.3333,
						"angle": 28.13,
						"curve": [ 0.288, 0.33, 0.636, 0.68 ]
					},
					{ "time": 1.3333, "angle": 0 }
				],
				"translate": [
					{
						"time": 0,
						"x": 0,
						"y": 0,
						"curve": [ 0.238, 0.3, 0.594, 0.65 ]
					},
					{
						"time": 0.3333,
						"x": -20.34,
						"y": -39.94,
						"curve": [ 0.323, 0.33, 0.658, 0.67 ]
					},
					{
						"time": 0.5,
						"x": -14.25,
						"y": -22.09,
						"curve": [ 0.336, 0.45, 0.704, 0.84 ]
					},
					{ "time": 1.3333, "x": 0, "y": 0 }
				]
			},
			"Hair_L": {
				"rotate": [
					{ "time": 0, "angle": 0 },
					{ "time": 0.5666, "angle": -3.92 },
					{ "time": 0.6666, "angle": -22.32 },
					{ "time": 1.1666, "angle": 10.13 },
					{ "time": 1.3333, "angle": 0 }
				],
				"translate": [
					{ "time": 0, "x": 0, "y": 0, "curve": "stepped" },
					{ "time": 1.3333, "x": 0, "y": 0 }
				]
			},
			"Hair_L_4": {
				"rotate": [
					{ "time": 0, "angle": 0 },
					{ "time": 0.5666, "angle": -3.92 },
					{ "time": 0.6666, "angle": -22.32 },
					{ "time": 1.1666, "angle": 10.13 },
					{ "time": 1.3333, "angle": 0 }
				],
				"translate": [
					{ "time": 0, "x": 0, "y": 0, "curve": "stepped" },
					{ "time": 1.3333, "x": 0, "y": 0 }
				]
			},
			"Hair_L_3": {
				"rotate": [
					{ "time": 0, "angle": 0 },
					{ "time": 0.5666, "angle": -3.92 },
					{ "time": 0.6666, "angle": -22.32 },
					{ "time": 1.1666, "angle": 10.13 },
					{ "time": 1.3333, "angle": 0 }
				],
				"translate": [
					{ "time": 0, "x": 0, "y": 0, "curve": "stepped" },
					{ "time": 1.3333, "x": 0, "y": 0 }
				]
			},
			"Hair_L_2": {
				"rotate": [
					{ "time": 0, "angle": 0 },
					{ "time": 0.5666, "angle": -3.92 },
					{ "time": 0.6666, "angle": -22.32 },
					{ "time": 1.1666, "angle": 10.13 },
					{ "time": 1.3333, "angle": 0 }
				],
				"translate": [
					{ "time": 0, "x": 0, "y": 0, "curve": "stepped" },
					{ "time": 1.3333, "x": 0, "y": 0 }
				]
			},
			"Hair_R": {
				"rotate": [
					{ "time": 0, "angle": 0 },
					{ "time": 0.5333, "angle": -9.17 },
					{ "time": 0.7333, "angle": 326.81 },
					{ "time": 1.1666, "angle": 3.34 }
				],
				"translate": [
					{ "time": 0, "x": 0, "y": 0, "curve": "stepped" },
					{ "time": 1.3333, "x": 0, "y": 0 }
				]
			},
			"Hair_R_4": {
				"rotate": [
					{ "time": 0, "angle": 0 },
					{ "time": 0.5333, "angle": -9.17 },
					{ "time": 0.7333, "angle": -33.18 },
					{ "time": 1.1666, "angle": 3.34 }
				],
				"translate": [
					{ "time": 0, "x": 0, "y": 0, "curve": "stepped" },
					{ "time": 1.3333, "x": 0, "y": 0 }
				]
			},
			"Hair_R_3": {
				"rotate": [
					{ "time": 0, "angle": 0 },
					{ "time": 0.5333, "angle": -9.17 },
					{ "time": 0.7333, "angle": -33.18 },
					{ "time": 1.1666, "angle": 3.34 }
				],
				"translate": [
					{ "time": 0, "x": 0, "y": 0, "curve": "stepped" },
					{ "time": 1.3333, "x": 0, "y": 0 }
				]
			},
			"Hair_R_2": {
				"rotate": [
					{ "time": 0, "angle": 0 },
					{ "time": 0.5333, "angle": -9.17 },
					{ "time": 0.7333, "angle": -33.18 },
					{ "time": 1.1666, "angle": 3.34 }
				],
				"translate": [
					{ "time": 0, "x": 0, "y": 0, "curve": "stepped" },
					{ "time": 1.3333, "x": 0, "y": 0 }
				]
			}
		},
		"events": [
			{ "time": 0.5666, "name": "throw_point" }
		]
	},
	"wreck": {
		"slots": {
			"Body_Fornt_Light": {
				"attachment": [
					{ "time": 0, "name": null },
					{ "time": 1.9333, "name": null }
				]
			},
			"Body_Hand": {
				"attachment": [
					{ "time": 0, "name": "Front_Picture" }
				]
			},
			"Light_Body": {
				"attachment": [
					{ "time": 0, "name": null }
				]
			},
			"Light_Ship": {
				"attachment": [
					{ "time": 0, "name": null }
				]
			},
			"Rodney_body_normal": {
				"attachment": [
					{ "time": 0, "name": "Body_Change" }
				]
			},
			"Rodney_eyes_normal": {
				"attachment": [
					{ "time": 0, "name": "Rodney_eyes_damage" }
				]
			}
		},
		"bones": {
			"Root_All": {
				"rotate": [
					{ "time": 0, "angle": 0, "curve": "stepped" },
					{ "time": 2, "angle": 0 }
				],
				"translate": [
					{
						"time": 0,
						"x": 0,
						"y": 0,
						"curve": [ 0.255, 0.35, 0.6, 0.7 ]
					},
					{
						"time": 0.5,
						"x": 0,
						"y": -9.82,
						"curve": [ 0.3, 0.39, 0.641, 0.74 ]
					},
					{
						"time": 1,
						"x": 0,
						"y": -15.66,
						"curve": [ 0.322, 0.37, 0.652, 0.7 ]
					},
					{
						"time": 1.5,
						"x": 0,
						"y": -7.79,
						"curve": [ 0.314, 0.36, 0.644, 0.68 ]
					},
					{ "time": 2, "x": 0, "y": 0 }
				]
			},
			"Ship_All": {
				"rotate": [
					{ "time": 0, "angle": 0, "curve": "stepped" },
					{ "time": 2, "angle": 0 }
				],
				"translate": [
					{ "time": 0, "x": 0, "y": 0, "curve": "stepped" },
					{ "time": 2, "x": 0, "y": 0 }
				]
			},
			"Body": {
				"rotate": [
					{ "time": 0, "angle": 0, "curve": "stepped" },
					{ "time": 2, "angle": 0 }
				],
				"translate": [
					{ "time": 0, "x": 0, "y": 0, "curve": "stepped" },
					{ "time": 2, "x": 0, "y": 0 }
				]
			},
			"Face": {
				"rotate": [
					{ "time": 0, "angle": 0, "curve": "stepped" },
					{ "time": 2, "angle": 0 }
				],
				"translate": [
					{
						"time": 0,
						"x": 0,
						"y": 0,
						"curve": [ 0.286, 0.34, 0.623, 0.67 ]
					},
					{
						"time": 0.5,
						"x": 0.64,
						"y": 0,
						"curve": [ 0.282, 0.37, 0.624, 0.71 ]
					},
					{
						"time": 1.5,
						"x": -1.28,
						"y": 0,
						"curve": [ 0.321, 0.37, 0.656, 0.71 ]
					},
					{ "time": 2, "x": 0, "y": 0 }
				]
			},
			"Ship": {
				"rotate": [
					{ "time": 0, "angle": 0, "curve": "stepped" },
					{ "time": 2, "angle": 0 }
				],
				"translate": [
					{
						"time": 0,
						"x": 0,
						"y": 0,
						"curve": [ 0.319, 0.33, 0.653, 0.66 ]
					},
					{
						"time": 0.5,
						"x": 1.79,
						"y": 0,
						"curve": [ 0.289, 0.43, 0.622, 0.73 ]
					},
					{
						"time": 1.5,
						"x": -2.75,
						"y": 0,
						"curve": [ 0.487, 0.33, 0.657, 0.5 ]
					},
					{ "time": 2, "x": 0, "y": 0 }
				]
			},
			"hand": {
				"rotate": [
					{ "time": 0, "angle": 0 },
					{ "time": 1, "angle": 22.2 },
					{ "time": 2, "angle": 0 }
				],
				"translate": [
					{ "time": 0, "x": 0, "y": 0 },
					{ "time": 1, "x": -13.59, "y": -29.19 },
					{ "time": 2, "x": 0, "y": 0 }
				]
			},
			"Hair_R": {
				"rotate": [
					{ "time": 0, "angle": 0 },
					{ "time": 1, "angle": 8.02 },
					{ "time": 2, "angle": 0 }
				],
				"translate": [
					{ "time": 0, "x": 0, "y": 0, "curve": "stepped" },
					{ "time": 2, "x": 0, "y": 0 }
				]
			},
			"Hair_R_4": {
				"rotate": [
					{ "time": 0, "angle": 0 },
					{ "time": 1, "angle": 8.02 },
					{ "time": 2, "angle": 0 }
				],
				"translate": [
					{ "time": 0, "x": 0, "y": 0, "curve": "stepped" },
					{ "time": 2, "x": 0, "y": 0 }
				]
			},
			"Hair_R_3": {
				"rotate": [
					{ "time": 0, "angle": 0 },
					{ "time": 1, "angle": 8.02 },
					{ "time": 2, "angle": 0 }
				],
				"translate": [
					{ "time": 0, "x": 0, "y": 0, "curve": "stepped" },
					{ "time": 2, "x": 0, "y": 0 }
				]
			},
			"Hair_R_2": {
				"rotate": [
					{ "time": 0, "angle": 0 },
					{ "time": 1, "angle": 8.02 },
					{ "time": 2, "angle": 0 }
				],
				"translate": [
					{ "time": 0, "x": 0, "y": 0, "curve": "stepped" },
					{ "time": 2, "x": 0, "y": 0 }
				]
			},
			"Hair_L": {
				"rotate": [
					{ "time": 0, "angle": 0 },
					{ "time": 1, "angle": -7.69 },
					{ "time": 2, "angle": 0 }
				],
				"translate": [
					{ "time": 0, "x": 0, "y": 0, "curve": "stepped" },
					{ "time": 2, "x": 0, "y": 0 }
				]
			},
			"Hair_L_4": {
				"rotate": [
					{ "time": 0, "angle": 0 },
					{ "time": 1, "angle": -7.69 },
					{ "time": 2, "angle": 0 }
				],
				"translate": [
					{ "time": 0, "x": 0, "y": 0, "curve": "stepped" },
					{ "time": 2, "x": 0, "y": 0 }
				]
			},
			"Hair_L_3": {
				"rotate": [
					{ "time": 0, "angle": 0 },
					{ "time": 1, "angle": -7.69 },
					{ "time": 2, "angle": 0 }
				],
				"translate": [
					{ "time": 0, "x": 0, "y": 0, "curve": "stepped" },
					{ "time": 2, "x": 0, "y": 0 }
				]
			},
			"Hair_L_2": {
				"rotate": [
					{ "time": 0, "angle": 0 },
					{ "time": 1, "angle": -7.69 },
					{ "time": 2, "angle": 0 }
				],
				"translate": [
					{ "time": 0, "x": 0, "y": 0, "curve": "stepped" },
					{ "time": 2, "x": 0, "y": 0 }
				]
			}
		}
	}
}
}