{
"skeleton": { "hash": "pqVGtYRYGhUfXRJYjcIsVyRMrRs", "spine": "3.2.01", "width": 607.98, "height": 681.7, "images": "" },
"bones": [
	{ "name": "root" },
	{ "name": "bone", "parent": "root" },
	{ "name": "bone2", "parent": "bone" },
	{ "name": "TS", "parent": "bone2", "y": 113.24 },
	{ "name": "1", "parent": "TS" },
	{ "name": "D1", "parent": "1", "length": 202.47, "rotation": -54.7, "x": -98.66, "y": 193.94 },
	{ "name": "G1", "parent": "1", "x": 5.07, "y": -90.71 },
	{ "name": "G4G", "parent": "G1", "x": 78.4, "y": 36.18 },
	{ "name": "G4Y", "parent": "G1", "x": -42.21, "y": 108.55 },
	{ "name": "PZ", "parent": "TS", "y": -132.99 },
	{ "name": "T2", "parent": "TS", "x": -3.31, "y": -124.87 },
	{ "name": "Y", "parent": "T2", "x": 36.13, "y": 114.97 }
],
"slots": [
	{ "name": "PZ", "bone": "PZ", "attachment": "PZ" },
	{ "name": "T2", "bone": "T2", "attachment": "T2" },
	{ "name": "G1", "bone": "G1", "attachment": "G1" },
	{ "name": "D1", "bone": "D1", "attachment": "D1" },
	{ "name": "G4G", "bone": "G4G", "attachment": "G4G" },
	{ "name": "G4Y", "bone": "G4Y", "attachment": "G4Y" },
	{ "name": "Y", "bone": "Y", "attachment": "Y" }
],
"skins": {
	"default": {
		"D1": {
			"D1": { "x": 215.29, "y": -31.54, "rotation": 54.7, "width": 600, "height": 600 }
		},
		"G1": {
			"G1": { "x": -5.07, "y": 90.71, "width": 600, "height": 600 },
			"G2": { "x": -5.07, "y": 90.71, "width": 600, "height": 600 },
			"G3": { "x": -5.07, "y": 90.71, "width": 600, "height": 600 },
			"G4": { "x": -5.07, "y": 90.71, "width": 600, "height": 600 }
		},
		"G4G": {
			"G4G": { "x": -83.47, "y": 54.52, "width": 600, "height": 600 }
		},
		"G4Y": {
			"G4Y": { "x": 37.14, "y": -17.84, "width": 600, "height": 600 }
		},
		"PZ": {
			"PZ": { "x": 6.5, "y": 51.28, "width": 600, "height": 600 }
		},
		"T2": {
			"T2": { "x": 11.3, "y": 47.31, "width": 600, "height": 600 },
			"T3": { "x": 11.3, "y": 47.31, "width": 600, "height": 600 },
			"T4": { "x": 11.3, "y": 47.31, "width": 600, "height": 600 }
		},
		"Y": {
			"Y": { "x": -32.81, "y": 9.89, "width": 600, "height": 600 }
		}
	}
},
"animations": {
	"eat": {
		"slots": {
			"D1": {
				"color": [
					{ "time": 0, "color": "ffffff00" }
				]
			},
			"G1": {
				"color": [
					{ "time": 0, "color": "ffffff00" }
				]
			},
			"G4G": {
				"color": [
					{ "time": 0, "color": "ffffff00" }
				]
			},
			"G4Y": {
				"color": [
					{ "time": 0, "color": "ffffff00" }
				]
			},
			"T2": {
				"color": [
					{ "time": 0.1666, "color": "ffffffff" },
					{ "time": 0.5, "color": "ffffffa4" },
					{ "time": 0.8333, "color": "ffffffe4" },
					{ "time": 1.1666, "color": "ffffffb1" },
					{ "time": 1.5, "color": "ffffffe9" },
					{ "time": 1.8333, "color": "ffffffb1" },
					{ "time": 2.1666, "color": "ffffffff" },
					{ "time": 2.5, "color": "ffffffbf" },
					{ "time": 2.8333, "color": "fffffff7" },
					{ "time": 3.1666, "color": "ffffffa5" },
					{ "time": 3.5, "color": "fffffff2" }
				],
				"attachment": [
					{ "time": 0, "name": "T2" },
					{ "time": 1.8333, "name": "T3" },
					{ "time": 3.1666, "name": "T4" }
				]
			},
			"Y": {
				"color": [
					{ "time": 0, "color": "ffffffff" },
					{ "time": 0.5, "color": "ffffffa2" },
					{ "time": 1, "color": "ffffffff" },
					{ "time": 1.5, "color": "ffffffa2" },
					{ "time": 2, "color": "ffffffff" },
					{ "time": 2.5, "color": "ffffffa2" },
					{ "time": 3, "color": "ffffffff" },
					{ "time": 3.5, "color": "ffffffa2" },
					{ "time": 3.6666, "color": "ffffffff" }
				]
			}
		},
		"bones": {
			"PZ": {
				"rotate": [
					{ "time": 0, "angle": 0 }
				],
				"translate": [
					{ "time": 0, "x": 0, "y": 0 }
				],
				"scale": [
					{ "time": 0, "x": 1, "y": 1 }
				]
			},
			"TS": {
				"rotate": [
					{ "time": 0, "angle": 0, "curve": "stepped" },
					{ "time": 3.6666, "angle": 0 }
				],
				"translate": [
					{ "time": 0, "x": 0, "y": 0 }
				],
				"scale": [
					{ "time": 0, "x": 1, "y": 1 }
				]
			},
			"T2": {
				"scale": [
					{ "time": 0, "x": 1, "y": 1 },
					{ "time": 1.7666, "x": 0.959, "y": 0.959 },
					{ "time": 1.8333, "x": 1, "y": 1 },
					{ "time": 3.1, "x": 0.959, "y": 0.959 },
					{ "time": 3.1666, "x": 1, "y": 1 },
					{ "time": 3.3333, "x": 1.04, "y": 1.04 },
					{ "time": 3.5, "x": 1, "y": 1 }
				]
			},
			"Y": {
				"scale": [
					{ "time": 0, "x": 1, "y": 1 },
					{ "time": 0.5, "x": 1.009, "y": 1.009 },
					{ "time": 1, "x": 0.949, "y": 0.949 },
					{ "time": 1.5, "x": 1.009, "y": 1.009 },
					{ "time": 2, "x": 1, "y": 1 },
					{ "time": 2.5, "x": 1.009, "y": 1.009 },
					{ "time": 3, "x": 0.949, "y": 0.949 },
					{ "time": 3.5, "x": 1.009, "y": 1.009 },
					{ "time": 3.6666, "x": 1, "y": 1 }
				]
			}
		}
	},
	"normal": {
		"slots": {
			"D1": {
				"color": [
					{ "time": 0, "color": "ffffff00" }
				]
			},
			"G1": {
				"color": [
					{ "time": 0, "color": "ffffff00" }
				]
			},
			"G4G": {
				"color": [
					{ "time": 0, "color": "ffffff00" }
				]
			},
			"G4Y": {
				"color": [
					{ "time": 0, "color": "ffffff00" }
				]
			},
			"Y": {
				"color": [
					{ "time": 0, "color": "ffffffff" },
					{ "time": 0.5, "color": "ffffff80" },
					{ "time": 1, "color": "ffffffff" },
					{ "time": 1.5, "color": "ffffff8d" },
					{ "time": 2, "color": "ffffffff" }
				]
			}
		},
		"bones": {
			"PZ": {
				"rotate": [
					{ "time": 0, "angle": 0, "curve": "stepped" },
					{ "time": 1, "angle": 0 }
				],
				"translate": [
					{ "time": 0, "x": 0, "y": 0, "curve": "stepped" },
					{ "time": 1, "x": 0, "y": 0 }
				],
				"scale": [
					{ "time": 0, "x": 1, "y": 1, "curve": "stepped" },
					{ "time": 1, "x": 1, "y": 1 }
				]
			},
			"TS": {
				"rotate": [
					{ "time": 0, "angle": 0, "curve": "stepped" },
					{ "time": 2, "angle": 0 }
				],
				"translate": [
					{ "time": 0, "x": 0, "y": 0, "curve": "stepped" },
					{ "time": 2, "x": 0, "y": 0 }
				],
				"scale": [
					{ "time": 0, "x": 1, "y": 1 },
					{ "time": 1, "x": 0.99, "y": 0.99 },
					{ "time": 2, "x": 1, "y": 1 }
				]
			},
			"D1": {
				"scale": [
					{ "time": 0, "x": 0.964, "y": 0.964 },
					{ "time": 0.5, "x": 0.978, "y": 0.978 },
					{ "time": 1, "x": 0.964, "y": 0.964 },
					{ "time": 1.5, "x": 0.957, "y": 0.957 },
					{ "time": 2, "x": 0.964, "y": 0.964 }
				]
			},
			"Y": {
				"scale": [
					{ "time": 0, "x": 0.964, "y": 0.964 },
					{ "time": 0.5, "x": 0.978, "y": 0.978 },
					{ "time": 1, "x": 0.964, "y": 0.964 },
					{ "time": 1.5, "x": 0.957, "y": 0.957 },
					{ "time": 2, "x": 0.964, "y": 0.964 }
				]
			}
		}
	},
	"normal2": {
		"slots": {
			"D1": {
				"color": [
					{ "time": 0, "color": "ffffff00" }
				]
			},
			"G1": {
				"color": [
					{ "time": 0, "color": "ffffff00" }
				]
			},
			"G4G": {
				"color": [
					{ "time": 0, "color": "ffffff00" }
				]
			},
			"G4Y": {
				"color": [
					{ "time": 0, "color": "ffffff00" }
				]
			},
			"PZ": {
				"attachment": [
					{ "time": 0, "name": "PZ" }
				]
			},
			"T2": {
				"attachment": [
					{ "time": 0, "name": "T4" }
				]
			},
			"Y": {
				"color": [
					{ "time": 0, "color": "ffffffff" },
					{ "time": 0.5, "color": "ffffff80" },
					{ "time": 1, "color": "ffffffff" },
					{ "time": 1.5, "color": "ffffff8d" },
					{ "time": 2, "color": "ffffffff" }
				]
			}
		},
		"bones": {
			"PZ": {
				"rotate": [
					{ "time": 0, "angle": 0, "curve": "stepped" },
					{ "time": 1, "angle": 0 }
				],
				"translate": [
					{ "time": 0, "x": 0, "y": 0, "curve": "stepped" },
					{ "time": 1, "x": 0, "y": 0 }
				],
				"scale": [
					{ "time": 0, "x": 1, "y": 1, "curve": "stepped" },
					{ "time": 1, "x": 1, "y": 1 }
				]
			},
			"TS": {
				"rotate": [
					{ "time": 0, "angle": 0, "curve": "stepped" },
					{ "time": 2, "angle": 0 }
				],
				"translate": [
					{ "time": 0, "x": 0, "y": 0, "curve": "stepped" },
					{ "time": 2, "x": 0, "y": 0 }
				],
				"scale": [
					{ "time": 0, "x": 1, "y": 1 },
					{ "time": 1, "x": 0.99, "y": 0.99 },
					{ "time": 2, "x": 1, "y": 1 }
				]
			},
			"D1": {
				"scale": [
					{ "time": 0, "x": 0.964, "y": 0.964 },
					{ "time": 0.5, "x": 0.978, "y": 0.978 },
					{ "time": 1, "x": 0.964, "y": 0.964 },
					{ "time": 1.5, "x": 0.957, "y": 0.957 },
					{ "time": 2, "x": 0.964, "y": 0.964 }
				]
			},
			"Y": {
				"scale": [
					{ "time": 0, "x": 0.964, "y": 0.964 },
					{ "time": 0.5, "x": 0.978, "y": 0.978 },
					{ "time": 1, "x": 0.964, "y": 0.964 },
					{ "time": 1.5, "x": 0.957, "y": 0.957 },
					{ "time": 2, "x": 0.964, "y": 0.964 }
				]
			}
		}
	},
	"start": {
		"slots": {
			"D1": {
				"color": [
					{ "time": 0, "color": "ffffff00", "curve": "stepped" },
					{ "time": 0.1666, "color": "ffffff00" },
					{ "time": 0.3333, "color": "ffffffff", "curve": "stepped" },
					{ "time": 1.3333, "color": "ffffffff" },
					{ "time": 1.6666, "color": "ffffff00" }
				]
			},
			"G1": {
				"color": [
					{ "time": 0, "color": "ffffff00" },
					{ "time": 0.1666, "color": "ffffffff", "curve": "stepped" },
					{ "time": 2, "color": "ffffffff" },
					{ "time": 2.1666, "color": "ffffff00" }
				],
				"attachment": [
					{ "time": 0.1666, "name": "G1" },
					{ "time": 0.5, "name": "G2" },
					{ "time": 0.8333, "name": "G3" },
					{ "time": 1.1666, "name": "G4" }
				]
			},
			"G4G": {
				"color": [
					{ "time": 0, "color": "ffffff00", "curve": "stepped" },
					{ "time": 1.1333, "color": "ffffff00" },
					{ "time": 1.1666, "color": "ffffffff", "curve": "stepped" },
					{ "time": 2, "color": "ffffffff" },
					{ "time": 2.1666, "color": "ffffff00" }
				]
			},
			"G4Y": {
				"color": [
					{ "time": 0, "color": "ffffff00" },
					{ "time": 1.1666, "color": "ffffff11" },
					{ "time": 1.3333, "color": "ffffffff" },
					{ "time": 1.6666, "color": "ffffffa3" },
					{ "time": 2, "color": "ffffffff" },
					{ "time": 2.1666, "color": "ffffff00" },
					{ "time": 2.3, "color": "ffffff64" },
					{ "time": 2.3333, "color": "ffffff00" }
				]
			},
			"PZ": {
				"color": [
					{ "time": 0, "color": "ffffff00", "curve": "stepped" },
					{ "time": 2.1666, "color": "ffffff00" },
					{ "time": 2.4333, "color": "ffffffff" }
				]
			},
			"T2": {
				"color": [
					{ "time": 0, "color": "ffffff00", "curve": "stepped" },
					{ "time": 2.1666, "color": "ffffff00", "curve": "stepped" },
					{ "time": 2.5666, "color": "ffffff00" },
					{ "time": 2.6333, "color": "ffffff24" },
					{ "time": 2.7666, "color": "ffffffff" }
				]
			},
			"Y": {
				"color": [
					{ "time": 0, "color": "ffffff00", "curve": "stepped" },
					{ "time": 2.6666, "color": "ffffff00" },
					{ "time": 2.8333, "color": "ffffffba" },
					{ "time": 3, "color": "fffffff1" },
					{ "time": 3.2666, "color": "ffffffc7" }
				]
			}
		},
		"bones": {
			"PZ": {
				"rotate": [
					{ "time": 3.2666, "angle": 0 }
				],
				"translate": [
					{ "time": 2.1666, "x": 0, "y": 59.49 },
					{ "time": 2.4333, "x": 0, "y": 0, "curve": "stepped" },
					{ "time": 3.2666, "x": 0, "y": 0 }
				],
				"scale": [
					{ "time": 2.1666, "x": 0.527, "y": 0.527 },
					{ "time": 2.4333, "x": 1, "y": 1, "curve": "stepped" },
					{ "time": 3.2666, "x": 1, "y": 1 }
				]
			},
			"TS": {
				"rotate": [
					{ "time": 2.3333, "angle": 0 }
				],
				"translate": [
					{ "time": 2.3333, "x": 0, "y": 0 }
				],
				"scale": [
					{ "time": 2.3333, "x": 1, "y": 1 }
				]
			},
			"T2": {
				"scale": [
					{ "time": 2.6333, "x": 0.959, "y": 0.959 },
					{ "time": 3.2, "x": 1, "y": 1 }
				]
			},
			"D1": {
				"rotate": [
					{ "time": 0.1666, "angle": -4.7 },
					{ "time": 0.3333, "angle": 0.3 },
					{ "time": 0.5, "angle": -4.7 },
					{ "time": 0.6666, "angle": 0.3 },
					{ "time": 0.8333, "angle": -4.7 },
					{ "time": 1, "angle": 0.3 },
					{ "time": 1.1666, "angle": -4.7 },
					{ "time": 1.3333, "angle": 0.3 }
				],
				"translate": [
					{ "time": 0.1666, "x": -19.33, "y": 4.14 },
					{ "time": 0.3333, "x": -2.76, "y": -4.14 },
					{ "time": 0.5, "x": -19.33, "y": 4.14 },
					{ "time": 0.6666, "x": -2.76, "y": -4.14 },
					{ "time": 0.8333, "x": -19.33, "y": 4.14 },
					{ "time": 1, "x": -2.76, "y": -4.14 },
					{ "time": 1.1666, "x": -19.33, "y": 4.14 },
					{ "time": 1.3333, "x": -2.76, "y": -4.14 }
				]
			},
			"G1": {
				"rotate": [
					{ "time": 0.1666, "angle": 0 },
					{ "time": 0.3333, "angle": 1.24 },
					{ "time": 0.6666, "angle": -1.84 },
					{ "time": 1, "angle": 1.24 },
					{ "time": 1.3333, "angle": -1.84 },
					{ "time": 1.6666, "angle": 0.36 },
					{ "time": 2, "angle": 2.63 },
					{ "time": 2.3333, "angle": 1.46 }
				],
				"translate": [
					{ "time": 0.1666, "x": 0, "y": 0 },
					{ "time": 0.3333, "x": 1.38, "y": 0 },
					{ "time": 0.6666, "x": -2.76, "y": 0 },
					{ "time": 1, "x": 1.38, "y": 0 },
					{ "time": 1.3333, "x": -2.76, "y": 0 }
				]
			},
			"G4G": {
				"rotate": [
					{ "time": 1.1666, "angle": 0.56 },
					{ "time": 1.3333, "angle": -0.41 }
				],
				"translate": [
					{ "time": 1.1666, "x": 1.38, "y": 0 },
					{ "time": 1.3333, "x": 2.76, "y": 0.08 }
				]
			},
			"G4Y": {
				"scale": [
					{ "time": 1.1666, "x": 0.912, "y": 0.912 },
					{ "time": 1.3333, "x": 1.105, "y": 1.105 },
					{ "time": 1.6666, "x": 1.044, "y": 1.044 },
					{ "time": 2, "x": 0.99, "y": 0.99 },
					{ "time": 2.3333, "x": 1.043, "y": 1.043 }
				]
			}
		}
	}
}
}