{
"skeleton": { "hash": "nwRwoNO6FIR07qoBoXoew2cI17U", "spine": "2.1.27", "width": 333.42, "height": 333.42, "images": "" },
"bones": [
	{ "name": "Root_All", "x": 6.14, "y": 12.85, "scaleX": 1.01, "scaleY": 1.01 },
	{ "name": "Ship_All", "parent": "Root_All" },
	{ "name": "Body", "parent": "Ship_All", "length": 255.84, "x": -9.97, "y": -12.23, "scaleX": 1.1, "scaleY": 1.1, "rotation": 90 },
	{ "name": "Antiaircraft", "parent": "Body", "length": 44.62, "x": 158.08, "y": -86.5, "rotation": -90 },
	{ "name": "Attack_Point", "parent": "Body", "length": 25.69, "x": 119.02, "y": -75.67, "rotation": -88.64 },
	{ "name": "Body_Front", "parent": "Body", "length": 37.11, "x": 51.84, "y": 60, "rotation": -92.25 },
	{ "name": "Damage_Point", "parent": "Body", "length": 22.56, "x": 110.17, "y": 0.82, "rotation": -90 },
	{ "name": "Dialogue", "parent": "Body", "length": 57.85, "x": 177.52, "y": -98.91, "rotation": -90 },
	{ "name": "Expression", "parent": "Body", "length": 46.33, "x": 212.41, "y": -84.65, "rotation": -42.65 },
	{ "name": "Gun_L", "parent": "Body", "length": 46.19, "x": 85.36, "y": 57.29, "rotation": 60.44 },
	{ "name": "Gun_R", "parent": "Body", "length": 44.75, "x": 88.8, "y": -71.63, "rotation": -76.7 },
	{ "name": "Lower_jaw", "parent": "Body", "length": 84.87, "x": 79.06, "y": -10.32, "rotation": -147.15 },
	{ "name": "Palate", "parent": "Body", "length": 106.9, "x": 170.74, "y": -11.46, "rotation": -40.37 },
	{ "name": "Rodney_body_back", "parent": "Body", "length": 84.86, "x": 132.01, "y": 35.45, "rotation": 50.15 },
	{ "name": "Ship", "parent": "Body", "length": 127.17, "x": 100, "y": 60, "rotation": 270 },
	{ "name": "Smoke_L1", "parent": "Body", "length": 51.75, "x": 98.26, "y": -97, "rotation": -30.13 },
	{ "name": "Smoke_L2", "parent": "Body", "length": 37.38, "x": 198.58, "y": -89.29, "rotation": -33.38 },
	{ "name": "Smoke_R1", "parent": "Body", "length": 52.12, "x": 76.47, "y": 96.19, "rotation": 36.32 },
	{ "name": "Throw_Point", "parent": "Body", "length": 24.91, "x": 69.83, "y": -72.52, "rotation": -88.64 }
],
"slots": [
	{ "name": "Rodney_ship_armor_normal", "bone": "Ship", "attachment": "Rodney_ship_armor_normal" },
	{ "name": "Light_Ship", "bone": "Ship", "attachment": "Rodney_armor_normal_light", "blend": "additive" },
	{ "name": "Ship", "bone": "Ship", "attachment": "Rodney_armor_normal_fluorescence", "blend": "additive" },
	{ "name": "Rodney_ship_gun_normal", "bone": "Gun_R", "attachment": "Rodney_ship_gun_normal" },
	{ "name": "Gun_R", "bone": "Gun_R", "attachment": "Rodney_ship_gun_normal_light", "blend": "additive" },
	{ "name": "Gun_R2", "bone": "Gun_R", "attachment": "Rodney_ship_gun_normal_fluorescence", "blend": "additive" },
	{ "name": "Rodney_body_back_normal", "bone": "Rodney_body_back", "attachment": "Rodney_body_back_normal" },
	{ "name": "Rodney_body_back", "bone": "Rodney_body_back", "attachment": "Rodney_ship_body_normal_back_light", "blend": "additive" },
	{
		"name": "Rodney_body_back2",
		"bone": "Rodney_body_back",
		"attachment": "Rodney_body_back_normal_fluorescence",
		"blend": "additive"
	},
	{ "name": "Rodney_body_normal", "bone": "Body", "attachment": "Rodney_body_normal" },
	{ "name": "Light_Body", "bone": "Body", "attachment": "Rodney_ship_body_normal_light", "blend": "additive" },
	{ "name": "Rodney_body_down_normal", "bone": "Lower_jaw", "attachment": "Rodney_body_down_normal" },
	{ "name": "Lower_jaw", "bone": "Lower_jaw", "attachment": "Rodney_body_down_normal_light", "blend": "additive" },
	{ "name": "Rodney_body_up_normal", "bone": "Palate", "attachment": "Rodney_body_up_normal" },
	{ "name": "Palate", "bone": "Palate", "attachment": "Rodney_body_up_normal_light", "blend": "additive" },
	{ "name": "Body_Hand", "bone": "Body_Front", "attachment": "Rodney_fornt_normal" },
	{ "name": "Body_Front", "bone": "Body_Front", "attachment": "Rodney_fornt_normal_fluorescence", "blend": "additive" },
	{ "name": "Rodney_fornt_gun_normal", "bone": "Gun_L", "attachment": "Rodney_fornt_gun_normal" },
	{ "name": "Gun_L", "bone": "Gun_L", "attachment": "Rodney_fornt_gun_normal_fluorescence", "blend": "additive" },
	{ "name": "Body_face", "bone": "Body", "attachment": "Rodney_body_normal_fluorescence", "blend": "additive" },
	{ "name": "Palate2", "bone": "Palate", "attachment": "Rodney_body_up_normal_fluorescence", "blend": "additive" },
	{ "name": "Lower_jaw2", "bone": "Lower_jaw", "attachment": "Rodney_body_down_normal_fluorescence", "blend": "additive" }
],
"skins": {
	"default": {
		"Body_Front": {
			"Rodney_fornt_normal_fluorescence": { "x": 65.58, "y": 71.42, "rotation": 2.25, "width": 300, "height": 300 }
		},
		"Body_Hand": {
			"Rodney_fornt_normal": { "x": 65.58, "y": 71.42, "rotation": 2.25, "width": 300, "height": 300 }
		},
		"Body_face": {
			"Rodney_body_normal_fluorescence": { "x": 120.66, "y": -8.3, "rotation": -90, "width": 300, "height": 300 }
		},
		"Gun_L": {
			"Rodney_fornt_gun_normal_fluorescence": { "x": -39.66, "y": -63.05, "rotation": -150.44, "width": 300, "height": 300 }
		},
		"Gun_R": {
			"Rodney_ship_gun_normal_light": { "x": -54.31, "y": 45.55, "rotation": -13.29, "width": 300, "height": 300 }
		},
		"Gun_R2": {
			"Rodney_ship_gun_normal_fluorescence": { "x": -54.31, "y": 45.55, "rotation": -13.29, "width": 300, "height": 300 }
		},
		"Light_Body": {
			"Rodney_ship_body_normal_light": { "x": 120.66, "y": -8.3, "rotation": -90, "width": 300, "height": 300 }
		},
		"Light_Ship": {
			"Rodney_armor_normal_light": { "x": 68.3, "y": 20.66, "width": 300, "height": 300 }
		},
		"Lower_jaw": {
			"Rodney_body_down_normal_light": { "x": -36.04, "y": 20.87, "rotation": 57.15, "width": 300, "height": 300 }
		},
		"Lower_jaw2": {
			"Rodney_body_down_normal_fluorescence": { "x": -36.04, "y": 20.87, "rotation": 57.15, "width": 300, "height": 300 }
		},
		"Palate": {
			"Rodney_body_up_normal_light": { "x": -40.2, "y": -30.03, "rotation": -49.62, "width": 300, "height": 300 }
		},
		"Palate2": {
			"Rodney_body_up_normal_fluorescence": { "x": -40.2, "y": -30.03, "rotation": -49.62, "width": 300, "height": 300 }
		},
		"Rodney_body_back": {
			"Rodney_ship_body_normal_back_light": { "x": -40.87, "y": -19.32, "rotation": -140.15, "width": 300, "height": 300 }
		},
		"Rodney_body_back2": {
			"Rodney_body_back_normal_fluorescence": { "x": -40.87, "y": -19.32, "rotation": -140.15, "width": 300, "height": 300 }
		},
		"Rodney_body_back_normal": {
			"Rodney_body_back_normal": { "x": -40.87, "y": -19.32, "rotation": -140.15, "width": 300, "height": 300 }
		},
		"Rodney_body_down_normal": {
			"Rodney_body_down_normal": { "x": -36.04, "y": 20.87, "rotation": 57.15, "width": 300, "height": 300 }
		},
		"Rodney_body_normal": {
			"Rodney_body_normal": { "x": 120.66, "y": -8.3, "rotation": -90, "width": 300, "height": 300 }
		},
		"Rodney_body_up_normal": {
			"Rodney_body_up_normal": { "x": -40.2, "y": -30.03, "rotation": -49.62, "width": 300, "height": 300 }
		},
		"Rodney_fornt_gun_normal": {
			"Rodney_fornt_gun_normal": { "x": -39.66, "y": -63.05, "rotation": -150.44, "width": 300, "height": 300 }
		},
		"Rodney_ship_armor_normal": {
			"Rodney_ship_armor_normal": { "x": 68.3, "y": 20.66, "width": 300, "height": 300 }
		},
		"Rodney_ship_gun_normal": {
			"Rodney_ship_gun_normal": { "x": -54.31, "y": 45.55, "rotation": -13.29, "width": 300, "height": 300 }
		},
		"Ship": {
			"Rodney_armor_normal_fluorescence": { "x": 68.3, "y": 20.66, "width": 300, "height": 300 }
		}
	}
},
"events": {
	"Antiaircraft": {},
	"attack_point": {},
	"damage_point": {},
	"throw_point": {}
},
"animations": {
	"Antiaircraft": {
		"slots": {
			"Body_Front": {
				"color": [
					{ "time": 0, "color": "ffffff8c" },
					{ "time": 0.5, "color": "ffffffff" },
					{ "time": 1, "color": "ffffff8c" },
					{ "time": 1.5, "color": "ffffffff" },
					{ "time": 2, "color": "ffffff8c" }
				]
			},
			"Body_face": {
				"color": [
					{ "time": 0, "color": "ffffff8c" },
					{ "time": 0.5, "color": "ffffffff" },
					{ "time": 1, "color": "ffffff8c" },
					{ "time": 1.5, "color": "ffffffff" },
					{ "time": 2, "color": "ffffff8c" }
				]
			},
			"Gun_L": {
				"color": [
					{ "time": 0, "color": "ffffff83" },
					{ "time": 0.5, "color": "ffffffff" },
					{ "time": 1, "color": "ffffff83" },
					{ "time": 1.5, "color": "ffffffff" },
					{ "time": 2, "color": "ffffff83" }
				]
			},
			"Gun_R": {
				"attachment": [
					{ "time": 0, "name": null },
					{ "time": 0.0666, "name": "Rodney_ship_gun_normal_light" },
					{ "time": 0.5, "name": null },
					{ "time": 0.6, "name": "Rodney_ship_gun_normal_light" },
					{ "time": 1.2666, "name": null },
					{ "time": 1.3666, "name": "Rodney_ship_gun_normal_light" },
					{ "time": 2, "name": null }
				],
				"color": [
					{ "time": 0.0666, "color": "ffffffff" },
					{ "time": 0.1666, "color": "ffffff00" },
					{ "time": 0.2, "color": "ffffffff" },
					{ "time": 0.3333, "color": "ffffff00" },
					{ "time": 0.3666, "color": "ffffffff" },
					{ "time": 0.4666, "color": "ffffff00" },
					{ "time": 0.6, "color": "ffffffff" },
					{ "time": 0.7333, "color": "ffffff00" },
					{ "time": 0.8, "color": "ffffffff" },
					{ "time": 0.9, "color": "ffffff00" },
					{ "time": 0.9666, "color": "ffffffff" },
					{ "time": 1.1, "color": "ffffff00" },
					{ "time": 1.1333, "color": "ffffffff" },
					{ "time": 1.2333, "color": "ffffff00" },
					{ "time": 1.3666, "color": "ffffffff" },
					{ "time": 1.4666, "color": "ffffff00" },
					{ "time": 1.5333, "color": "ffffffff" },
					{ "time": 1.6666, "color": "ffffff98" },
					{ "time": 1.7, "color": "ffffffff" },
					{ "time": 1.8333, "color": "ffffff00" },
					{ "time": 1.8666, "color": "ffffffff" },
					{ "time": 1.9666, "color": "ffffff00" }
				]
			},
			"Gun_R2": {
				"color": [
					{ "time": 0, "color": "ffffff8a" },
					{ "time": 0.5, "color": "ffffffff" },
					{ "time": 1, "color": "ffffff8a" },
					{ "time": 1.5, "color": "ffffffff" },
					{ "time": 2, "color": "ffffff8a" }
				]
			},
			"Light_Body": {
				"attachment": [
					{ "time": 0, "name": null },
					{ "time": 0.0666, "name": "Rodney_ship_body_normal_light" },
					{ "time": 0.5, "name": null },
					{ "time": 0.6, "name": "Rodney_ship_body_normal_light" },
					{ "time": 1.2666, "name": null },
					{ "time": 1.3666, "name": "Rodney_ship_body_normal_light" },
					{ "time": 2, "name": null }
				],
				"color": [
					{ "time": 0.0666, "color": "fffffffd" },
					{ "time": 0.1666, "color": "ffffff00" },
					{ "time": 0.2, "color": "ffffffff" },
					{ "time": 0.3333, "color": "ffffff00" },
					{ "time": 0.3666, "color": "ffffffff" },
					{ "time": 0.4666, "color": "ffffff00" },
					{ "time": 0.6, "color": "ffffffff" },
					{ "time": 0.7333, "color": "ffffff00" },
					{ "time": 0.8, "color": "ffffffff" },
					{ "time": 0.9, "color": "ffffff00" },
					{ "time": 0.9666, "color": "ffffffff" },
					{ "time": 1.1, "color": "ffffff00" },
					{ "time": 1.1333, "color": "ffffffff" },
					{ "time": 1.2333, "color": "ffffff00" },
					{ "time": 1.3666, "color": "ffffffff" },
					{ "time": 1.4666, "color": "ffffff00" },
					{ "time": 1.5333, "color": "ffffffff" },
					{ "time": 1.6333, "color": "ffffff00" },
					{ "time": 1.7, "color": "ffffffff" },
					{ "time": 1.8333, "color": "ffffff00" },
					{ "time": 1.8666, "color": "ffffffff" },
					{ "time": 1.9666, "color": "ffffff00" }
				]
			},
			"Light_Ship": {
				"attachment": [
					{ "time": 0, "name": null },
					{ "time": 0.0666, "name": "Rodney_armor_normal_light" },
					{ "time": 0.5, "name": null },
					{ "time": 0.6, "name": "Rodney_armor_normal_light" },
					{ "time": 1.2666, "name": null },
					{ "time": 1.3666, "name": "Rodney_armor_normal_light" },
					{ "time": 2, "name": null }
				],
				"color": [
					{ "time": 0.0666, "color": "fffffffd" },
					{ "time": 0.1666, "color": "ffffff00" },
					{ "time": 0.2, "color": "ffffffff" },
					{ "time": 0.3333, "color": "ffffff00" },
					{ "time": 0.3666, "color": "ffffffff" },
					{ "time": 0.4666, "color": "ffffff00" },
					{ "time": 0.6, "color": "ffffffff" },
					{ "time": 0.7333, "color": "ffffff00" },
					{ "time": 0.8, "color": "ffffffff" },
					{ "time": 0.9, "color": "ffffff00" },
					{ "time": 0.9666, "color": "ffffffff" },
					{ "time": 1.1, "color": "ffffff00" },
					{ "time": 1.1333, "color": "ffffffff" },
					{ "time": 1.2333, "color": "ffffff00" },
					{ "time": 1.3666, "color": "ffffffff" },
					{ "time": 1.4666, "color": "ffffff00" },
					{ "time": 1.5333, "color": "ffffffff" },
					{ "time": 1.6333, "color": "ffffff00" },
					{ "time": 1.7, "color": "ffffffff" },
					{ "time": 1.8333, "color": "ffffff00" },
					{ "time": 1.8666, "color": "ffffffff" },
					{ "time": 1.9666, "color": "ffffff00" }
				]
			},
			"Lower_jaw": {
				"attachment": [
					{ "time": 0, "name": null },
					{ "time": 0.0666, "name": "Rodney_body_down_normal_light" },
					{ "time": 0.5, "name": null },
					{ "time": 0.6, "name": "Rodney_body_down_normal_light" },
					{ "time": 1.2666, "name": null },
					{ "time": 1.3666, "name": "Rodney_body_down_normal_light" },
					{ "time": 2, "name": null }
				],
				"color": [
					{ "time": 0.0666, "color": "ffffffff" },
					{ "time": 0.1666, "color": "ffffff00" },
					{ "time": 0.2, "color": "ffffffff" },
					{ "time": 0.3333, "color": "ffffff00" },
					{ "time": 0.3666, "color": "ffffffff" },
					{ "time": 0.4666, "color": "ffffff00" },
					{ "time": 0.6, "color": "ffffffff" },
					{ "time": 0.7333, "color": "ffffff00" },
					{ "time": 0.8, "color": "ffffffff" },
					{ "time": 0.9, "color": "ffffff00" },
					{ "time": 0.9666, "color": "ffffffff" },
					{ "time": 1.1, "color": "ffffff00" },
					{ "time": 1.1333, "color": "ffffffff" },
					{ "time": 1.2333, "color": "ffffff00" },
					{ "time": 1.3666, "color": "ffffffff" },
					{ "time": 1.4666, "color": "ffffff00" },
					{ "time": 1.5333, "color": "ffffffff" },
					{ "time": 1.6666, "color": "ffffff98" },
					{ "time": 1.7, "color": "ffffffff" },
					{ "time": 1.8333, "color": "ffffff00" },
					{ "time": 1.8666, "color": "ffffffff" },
					{ "time": 1.9666, "color": "ffffff00" }
				]
			},
			"Lower_jaw2": {
				"color": [
					{ "time": 0, "color": "ffffff86" },
					{ "time": 0.5, "color": "ffffffff" },
					{ "time": 1, "color": "ffffff86" },
					{ "time": 1.5, "color": "ffffffff" },
					{ "time": 2, "color": "ffffff86" }
				]
			},
			"Palate": {
				"attachment": [
					{ "time": 0, "name": null },
					{ "time": 0.0666, "name": "Rodney_body_up_normal_light" },
					{ "time": 0.5, "name": null },
					{ "time": 0.6, "name": "Rodney_body_up_normal_light" },
					{ "time": 1.2666, "name": null },
					{ "time": 1.3666, "name": "Rodney_body_up_normal_light" },
					{ "time": 2, "name": null }
				],
				"color": [
					{ "time": 0.0666, "color": "ffffffff" },
					{ "time": 0.1666, "color": "ffffff00" },
					{ "time": 0.2, "color": "ffffffff" },
					{ "time": 0.3333, "color": "ffffff00" },
					{ "time": 0.3666, "color": "ffffffff" },
					{ "time": 0.4666, "color": "ffffff00" },
					{ "time": 0.6, "color": "ffffffff" },
					{ "time": 0.7333, "color": "ffffff00" },
					{ "time": 0.8, "color": "ffffffff" },
					{ "time": 0.9, "color": "ffffff00" },
					{ "time": 0.9666, "color": "ffffffff" },
					{ "time": 1.1, "color": "ffffff00" },
					{ "time": 1.1333, "color": "ffffffff" },
					{ "time": 1.2333, "color": "ffffff00" },
					{ "time": 1.3666, "color": "ffffffff" },
					{ "time": 1.4666, "color": "ffffff00" },
					{ "time": 1.5333, "color": "ffffffff" },
					{ "time": 1.6666, "color": "ffffff98" },
					{ "time": 1.7, "color": "ffffffff" },
					{ "time": 1.8333, "color": "ffffff00" },
					{ "time": 1.8666, "color": "ffffffff" },
					{ "time": 1.9666, "color": "ffffff00" }
				]
			},
			"Palate2": {
				"color": [
					{ "time": 0, "color": "ffffff86" },
					{ "time": 0.5, "color": "ffffffff" },
					{ "time": 1, "color": "ffffff86" },
					{ "time": 1.5, "color": "ffffffff" },
					{ "time": 2, "color": "ffffff86" }
				]
			},
			"Rodney_body_back": {
				"attachment": [
					{ "time": 0, "name": null },
					{ "time": 0.0666, "name": "Rodney_ship_body_normal_back_light" },
					{ "time": 0.5, "name": null },
					{ "time": 0.6, "name": "Rodney_ship_body_normal_back_light" },
					{ "time": 1.2666, "name": null },
					{ "time": 1.3666, "name": "Rodney_ship_body_normal_back_light" },
					{ "time": 2, "name": null }
				],
				"color": [
					{ "time": 0.0666, "color": "ffffffff" },
					{ "time": 0.1666, "color": "ffffff00" },
					{ "time": 0.2, "color": "ffffffff" },
					{ "time": 0.3333, "color": "ffffff00" },
					{ "time": 0.3666, "color": "ffffffff" },
					{ "time": 0.4666, "color": "ffffff00" },
					{ "time": 0.6, "color": "ffffffff" },
					{ "time": 0.7333, "color": "ffffff00" },
					{ "time": 0.8, "color": "ffffffff" },
					{ "time": 0.9, "color": "ffffff00" },
					{ "time": 0.9666, "color": "ffffffff" },
					{ "time": 1.1, "color": "ffffff00" },
					{ "time": 1.1333, "color": "ffffffff" },
					{ "time": 1.2333, "color": "ffffff00" },
					{ "time": 1.3666, "color": "ffffffff" },
					{ "time": 1.4666, "color": "ffffff00" },
					{ "time": 1.5333, "color": "ffffffff" },
					{ "time": 1.6666, "color": "ffffff98" },
					{ "time": 1.7, "color": "ffffffff" },
					{ "time": 1.8333, "color": "ffffff00" },
					{ "time": 1.8666, "color": "ffffffff" },
					{ "time": 1.9666, "color": "ffffff00" }
				]
			},
			"Rodney_body_back2": {
				"color": [
					{ "time": 0, "color": "ffffff85" },
					{ "time": 0.5, "color": "ffffffff" },
					{ "time": 1, "color": "ffffff85" },
					{ "time": 1.5, "color": "ffffffff" },
					{ "time": 2, "color": "ffffff85" }
				]
			},
			"Ship": {
				"color": [
					{ "time": 0, "color": "ffffff8a" },
					{ "time": 0.5, "color": "ffffffff" },
					{ "time": 1, "color": "ffffff8a" },
					{ "time": 1.5, "color": "ffffffff" },
					{ "time": 2, "color": "ffffff8a" }
				]
			}
		},
		"bones": {
			"Body": {
				"rotate": [
					{ "time": 0, "angle": 0, "curve": "stepped" },
					{ "time": 2, "angle": 0 }
				],
				"translate": [
					{ "time": 0, "x": 0, "y": 0, "curve": "stepped" },
					{ "time": 2, "x": 0, "y": 0 }
				]
			},
			"Ship": {
				"rotate": [
					{ "time": 0, "angle": 0, "curve": "stepped" },
					{ "time": 2, "angle": 0 }
				],
				"translate": [
					{
						"time": 0,
						"x": 0,
						"y": 0,
						"curve": [ 0.319, 0.33, 0.653, 0.66 ]
					},
					{
						"time": 0.5,
						"x": 1.79,
						"y": 0,
						"curve": [ 0.309, 0.38, 0.643, 0.71 ]
					},
					{
						"time": 1,
						"x": 1.99,
						"y": 0,
						"curve": [ 0.312, 0.37, 0.645, 0.69 ]
					},
					{
						"time": 1.5,
						"x": 1.79,
						"y": 0,
						"curve": [ 0.309, 0.38, 0.643, 0.71 ]
					},
					{ "time": 2, "x": 0, "y": 0 }
				]
			},
			"Root_All": {
				"rotate": [
					{ "time": 0, "angle": 0, "curve": "stepped" },
					{ "time": 2, "angle": 0 }
				],
				"translate": [
					{
						"time": 0,
						"x": 0,
						"y": 0,
						"curve": [ 0.255, 0.35, 0.6, 0.7 ]
					},
					{
						"time": 0.5,
						"x": 0,
						"y": -9.82,
						"curve": [ 0.3, 0.39, 0.641, 0.74 ]
					},
					{
						"time": 1,
						"x": 0,
						"y": -15.66,
						"curve": [ 0.322, 0.37, 0.652, 0.7 ]
					},
					{
						"time": 1.5,
						"x": 0,
						"y": -7.79,
						"curve": [ 0.314, 0.36, 0.644, 0.68 ]
					},
					{ "time": 2, "x": 0, "y": 0 }
				]
			},
			"Ship_All": {
				"rotate": [
					{ "time": 0, "angle": 0, "curve": "stepped" },
					{ "time": 2, "angle": 0 }
				],
				"translate": [
					{ "time": 0, "x": 0, "y": 0, "curve": "stepped" },
					{ "time": 2, "x": 0, "y": 0 }
				]
			},
			"Body_Front": {
				"rotate": [
					{ "time": 0, "angle": 0 },
					{ "time": 0.5, "angle": 0.91 },
					{ "time": 1.5, "angle": -0.85 },
					{ "time": 2, "angle": 0 }
				],
				"translate": [
					{ "time": 0, "x": 0, "y": 0 },
					{ "time": 0.5, "x": 2.22, "y": -0.39 },
					{ "time": 1.5, "x": 2.78, "y": -0.39 },
					{ "time": 2, "x": 0, "y": 0 }
				]
			},
			"Gun_R": {
				"rotate": [
					{ "time": 0, "angle": 0 },
					{ "time": 0.5, "angle": 2.24 },
					{ "time": 1.5, "angle": 1.24 },
					{ "time": 2, "angle": 0 }
				],
				"translate": [
					{ "time": 0, "x": 0, "y": 0 },
					{ "time": 0.5, "x": -0.06, "y": 1.18 },
					{ "time": 1.5, "x": -1.18, "y": 1.18 },
					{ "time": 2, "x": 0, "y": 0 }
				]
			},
			"Gun_L": {
				"translate": [
					{ "time": 0, "x": 0, "y": 0, "curve": "stepped" },
					{ "time": 2, "x": 0, "y": 0 }
				]
			},
			"Lower_jaw": {
				"rotate": [
					{ "time": 0, "angle": 0 },
					{ "time": 0.5, "angle": 1.02 },
					{ "time": 1, "angle": 2.29 },
					{ "time": 1.5, "angle": 1.02 },
					{ "time": 2, "angle": 0 }
				],
				"translate": [
					{ "time": 0, "x": 0, "y": 0 },
					{ "time": 0.5, "x": 4.22, "y": 0.49 },
					{ "time": 1, "x": 7.56, "y": -1.27 },
					{ "time": 1.5, "x": 4.22, "y": 0.49 },
					{ "time": 2, "x": 0, "y": 0 }
				]
			},
			"Palate": {
				"rotate": [
					{ "time": 0, "angle": 0 },
					{ "time": 0.5, "angle": -1.84 },
					{ "time": 1, "angle": -3 },
					{ "time": 1.5, "angle": -1.84 },
					{ "time": 2, "angle": 0 }
				],
				"translate": [
					{ "time": 0, "x": 0, "y": 0 },
					{ "time": 0.5, "x": 2.65, "y": -0.87 },
					{ "time": 1, "x": 4.88, "y": -3.15 },
					{ "time": 1.5, "x": 2.65, "y": -0.87 },
					{ "time": 2, "x": 0, "y": 0 }
				]
			},
			"Damage_Point": {
				"rotate": [
					{ "time": 0, "angle": 0, "curve": "stepped" },
					{ "time": 2, "angle": 0 }
				],
				"translate": [
					{ "time": 0, "x": 0, "y": 0, "curve": "stepped" },
					{ "time": 2, "x": 0, "y": 0 }
				]
			},
			"Smoke_R1": {
				"rotate": [
					{ "time": 0, "angle": 0, "curve": "stepped" },
					{ "time": 2, "angle": 0 }
				],
				"translate": [
					{ "time": 0, "x": 0, "y": 0, "curve": "stepped" },
					{ "time": 2, "x": 0, "y": 0 }
				]
			},
			"Rodney_body_back": {
				"rotate": [
					{ "time": 0, "angle": 0 },
					{ "time": 0.5, "angle": -0.62 },
					{ "time": 1, "angle": -1.16 },
					{ "time": 1.5, "angle": -0.62 },
					{ "time": 2, "angle": 0 }
				],
				"translate": [
					{ "time": 0, "x": 0, "y": 0 },
					{ "time": 0.5, "x": 2.8, "y": 0 },
					{ "time": 1, "x": 5.59, "y": 0 },
					{ "time": 1.5, "x": 2.8, "y": 0 },
					{ "time": 2, "x": 0, "y": 0 }
				]
			},
			"Antiaircraft": {
				"rotate": [
					{ "time": 0, "angle": 0, "curve": "stepped" },
					{ "time": 2, "angle": 0 }
				],
				"translate": [
					{ "time": 0, "x": 0, "y": 0, "curve": "stepped" },
					{ "time": 2, "x": 0, "y": 0 }
				]
			},
			"Attack_Point": {
				"rotate": [
					{ "time": 0, "angle": 0, "curve": "stepped" },
					{ "time": 2, "angle": 0 }
				],
				"translate": [
					{ "time": 0, "x": 0, "y": 0, "curve": "stepped" },
					{ "time": 2, "x": 0, "y": 0 }
				]
			},
			"Dialogue": {
				"rotate": [
					{ "time": 0, "angle": 0, "curve": "stepped" },
					{ "time": 2, "angle": 0 }
				],
				"translate": [
					{ "time": 0, "x": 0, "y": 0, "curve": "stepped" },
					{ "time": 2, "x": 0, "y": 0 }
				]
			},
			"Smoke_L1": {
				"rotate": [
					{ "time": 0, "angle": 0, "curve": "stepped" },
					{ "time": 2, "angle": 0 }
				],
				"translate": [
					{ "time": 0, "x": 0, "y": 0, "curve": "stepped" },
					{ "time": 2, "x": 0, "y": 0 }
				]
			},
			"Throw_Point": {
				"rotate": [
					{ "time": 0, "angle": 0, "curve": "stepped" },
					{ "time": 2, "angle": 0 }
				],
				"translate": [
					{ "time": 0, "x": 0, "y": 0, "curve": "stepped" },
					{ "time": 2, "x": 0, "y": 0 }
				]
			},
			"Smoke_L2": {
				"rotate": [
					{ "time": 0, "angle": 0, "curve": "stepped" },
					{ "time": 2, "angle": 0 }
				],
				"translate": [
					{ "time": 0, "x": 0, "y": 0, "curve": "stepped" },
					{ "time": 2, "x": 0, "y": 0 }
				]
			},
			"Expression": {
				"rotate": [
					{ "time": 0, "angle": 0, "curve": "stepped" },
					{ "time": 2, "angle": 0 }
				],
				"translate": [
					{ "time": 0, "x": 0, "y": 0, "curve": "stepped" },
					{ "time": 2, "x": 0, "y": 0 }
				]
			}
		},
		"events": [
			{ "time": 0.0666, "name": "Antiaircraft" }
		]
	},
	"attack": {
		"slots": {
			"Body_Front": {
				"color": [
					{ "time": 0, "color": "ffffff7c" },
					{ "time": 0.1666, "color": "ffffffff" },
					{ "time": 0.5, "color": "ffffff83" },
					{ "time": 0.8333, "color": "ffffffff" },
					{ "time": 1.1666, "color": "ffffff80" },
					{ "time": 1.5, "color": "ffffffff" },
					{ "time": 1.6666, "color": "ffffff7d" }
				]
			},
			"Body_face": {
				"color": [
					{ "time": 0, "color": "ffffff7c" },
					{ "time": 0.1666, "color": "ffffffff" },
					{ "time": 0.5, "color": "ffffff83" },
					{ "time": 0.8333, "color": "ffffffff" },
					{ "time": 1.1666, "color": "ffffff80" },
					{ "time": 1.5, "color": "ffffffff" },
					{ "time": 1.6666, "color": "ffffff7d" }
				]
			},
			"Gun_L": {
				"color": [
					{ "time": 0, "color": "ffffff7c" },
					{ "time": 0.1666, "color": "ffffffff" },
					{ "time": 0.5, "color": "ffffff83" },
					{ "time": 0.8333, "color": "ffffffff" },
					{ "time": 1.1666, "color": "ffffff80" },
					{ "time": 1.5, "color": "ffffffff" },
					{ "time": 1.6666, "color": "ffffff7d" }
				]
			},
			"Gun_R": {
				"attachment": [
					{ "time": 0, "name": null },
					{ "time": 0.1, "name": "Rodney_ship_gun_normal_light" },
					{ "time": 0.8666, "name": null }
				],
				"color": [
					{ "time": 0.5333, "color": "ffffffff" },
					{ "time": 0.8333, "color": "ffffff00" }
				]
			},
			"Gun_R2": {
				"color": [
					{ "time": 0, "color": "ffffff7c" },
					{ "time": 0.1666, "color": "ffffffff" },
					{ "time": 0.5, "color": "ffffff83" },
					{ "time": 0.8333, "color": "ffffffff" },
					{ "time": 1.1666, "color": "ffffff80" },
					{ "time": 1.5, "color": "ffffffff" },
					{ "time": 1.6666, "color": "ffffff7d" }
				]
			},
			"Light_Body": {
				"attachment": [
					{ "time": 0, "name": null },
					{ "time": 0.0666, "name": null },
					{ "time": 0.1, "name": "Rodney_ship_body_normal_light" }
				],
				"color": [
					{ "time": 0.5333, "color": "fffffffb" },
					{ "time": 0.8333, "color": "ffffff00" }
				]
			},
			"Light_Ship": {
				"attachment": [
					{ "time": 0, "name": null },
					{ "time": 0.1, "name": "Rodney_armor_normal_light" }
				],
				"color": [
					{ "time": 0.5333, "color": "fffffffc" },
					{ "time": 0.8333, "color": "ffffff00" }
				]
			},
			"Lower_jaw": {
				"attachment": [
					{ "time": 0, "name": null },
					{ "time": 0.1, "name": "Rodney_body_down_normal_light" },
					{ "time": 0.8666, "name": null }
				],
				"color": [
					{ "time": 0.5333, "color": "ffffffff" },
					{ "time": 0.8333, "color": "ffffff00" }
				]
			},
			"Lower_jaw2": {
				"color": [
					{ "time": 0, "color": "ffffff8d" },
					{ "time": 0.1666, "color": "ffffffff" },
					{ "time": 0.5, "color": "ffffff87" },
					{ "time": 0.8333, "color": "ffffffff" },
					{ "time": 1.1666, "color": "ffffff87" },
					{ "time": 1.5, "color": "ffffffff" },
					{ "time": 1.6666, "color": "ffffff8a" }
				]
			},
			"Palate": {
				"attachment": [
					{ "time": 0, "name": null },
					{ "time": 0.1, "name": "Rodney_body_up_normal_light" },
					{ "time": 0.8666, "name": null }
				],
				"color": [
					{ "time": 0.5333, "color": "ffffffff" },
					{ "time": 0.8333, "color": "ffffff00" }
				]
			},
			"Palate2": {
				"color": [
					{ "time": 0, "color": "ffffff8d" },
					{ "time": 0.1666, "color": "ffffffff" },
					{ "time": 0.5, "color": "ffffff87" },
					{ "time": 0.8333, "color": "ffffffff" },
					{ "time": 1.1666, "color": "ffffff87" },
					{ "time": 1.5, "color": "ffffffff" },
					{ "time": 1.6666, "color": "ffffff8a" }
				]
			},
			"Rodney_body_back": {
				"attachment": [
					{ "time": 0, "name": null },
					{ "time": 0.1, "name": "Rodney_ship_body_normal_back_light" },
					{ "time": 0.8666, "name": null }
				],
				"color": [
					{ "time": 0.5333, "color": "ffffffff" },
					{ "time": 0.8333, "color": "ffffff00" }
				]
			},
			"Rodney_body_back2": {
				"color": [
					{ "time": 0, "color": "ffffff7c" },
					{ "time": 0.1666, "color": "ffffffff" },
					{ "time": 0.5, "color": "ffffff83" },
					{ "time": 0.8333, "color": "ffffffff" },
					{ "time": 1.1666, "color": "ffffff80" },
					{ "time": 1.5, "color": "ffffffff" },
					{ "time": 1.6666, "color": "ffffff7d" }
				]
			},
			"Ship": {
				"color": [
					{ "time": 0, "color": "ffffff7c" },
					{ "time": 0.1666, "color": "ffffffff" },
					{ "time": 0.5, "color": "ffffff83" },
					{ "time": 0.8333, "color": "ffffffff" },
					{ "time": 1.1666, "color": "ffffff80" },
					{ "time": 1.5, "color": "ffffffff" },
					{ "time": 1.6666, "color": "ffffff7d" }
				]
			}
		},
		"bones": {
			"Root_All": {
				"rotate": [
					{ "time": 0, "angle": 0, "curve": "stepped" },
					{ "time": 1.6666, "angle": 0 }
				],
				"translate": [
					{
						"time": 0,
						"x": 0,
						"y": 0,
						"curve": [ 0.255, 0.35, 0.6, 0.7 ]
					},
					{ "time": 0.0666, "x": 8.69, "y": 0 },
					{ "time": 0.1666, "x": -87.44, "y": 0 },
					{ "time": 0.3333, "x": -61.04, "y": 0 },
					{ "time": 0.5333, "x": -69.84, "y": 0 },
					{ "time": 1, "x": -85.6, "y": 0 },
					{ "time": 1.4, "x": 15.07, "y": 0 },
					{ "time": 1.6666, "x": 0, "y": 0 }
				]
			},
			"Ship": {
				"rotate": [
					{
						"time": 0,
						"angle": 0,
						"curve": [ 0.219, 0.41, 0.591, 0.77 ]
					},
					{ "time": 0.0666, "angle": -357.51 },
					{ "time": 0.1666, "angle": -363.25 },
					{ "time": 0.3333, "angle": -362.08 },
					{ "time": 1.4, "angle": -358.29 },
					{ "time": 1.6666, "angle": 0 }
				],
				"translate": [
					{
						"time": 0,
						"x": 0,
						"y": 0,
						"curve": [ 0.319, 0.33, 0.653, 0.66 ]
					},
					{ "time": 0.0666, "x": 0.81, "y": 0.6 },
					{ "time": 0.1666, "x": 6.07, "y": -0.21 },
					{ "time": 0.3333, "x": 4.52, "y": -2.2 },
					{ "time": 1, "x": 2.26, "y": -1.7 },
					{ "time": 1.4, "x": -0.3, "y": -1.89 },
					{ "time": 1.6666, "x": 0, "y": 0 }
				]
			},
			"Ship_All": {
				"rotate": [
					{ "time": 0, "angle": 0, "curve": "stepped" },
					{ "time": 1.6666, "angle": 0 }
				],
				"translate": [
					{ "time": 0, "x": 0, "y": 0, "curve": "stepped" },
					{ "time": 1.6666, "x": 0, "y": 0 }
				]
			},
			"Body": {
				"rotate": [
					{ "time": 0, "angle": 0, "curve": "stepped" },
					{ "time": 1.6666, "angle": 0 }
				],
				"translate": [
					{ "time": 0, "x": 0, "y": 0, "curve": "stepped" },
					{ "time": 1.6666, "x": 0, "y": 0 }
				]
			},
			"Attack_Point": {
				"rotate": [
					{ "time": 0.0666, "angle": 0 }
				],
				"translate": [
					{ "time": 0.0666, "x": 0, "y": 0 }
				]
			},
			"Body_Front": {
				"rotate": [
					{ "time": 0, "angle": 2.96 },
					{ "time": 0.0666, "angle": 6.84 },
					{ "time": 0.1666, "angle": -4.01 },
					{ "time": 0.3333, "angle": 2.96 },
					{ "time": 1.6666, "angle": 0 }
				],
				"translate": [
					{ "time": 0, "x": 0, "y": 0 },
					{ "time": 0.0666, "x": 0, "y": -3.87 },
					{ "time": 1.6666, "x": 0, "y": 0 }
				]
			}
		},
		"events": [
			{ "time": 0.0666, "name": "attack_point" }
		]
	},
	"damage": {
		"slots": {
			"Body_Front": {
				"color": [
					{ "time": 0, "color": "ffffff84" },
					{ "time": 0.3333, "color": "ffffffff" },
					{ "time": 0.6666, "color": "ffffff8b" },
					{ "time": 1.2333, "color": "ffffffff" },
					{ "time": 1.5666, "color": "ffffff83" }
				]
			},
			"Body_Hand": {
				"color": [
					{ "time": 0.0666, "color": "8c4c51ff", "curve": "stepped" },
					{ "time": 0.9333, "color": "8c4c51ff" },
					{ "time": 1.1333, "color": "ffffffff" }
				]
			},
			"Body_face": {
				"color": [
					{ "time": 0, "color": "ffffff84" },
					{ "time": 0.3333, "color": "ffffffff" },
					{ "time": 0.6666, "color": "ffffff8b" },
					{ "time": 1.2333, "color": "ffffffff" },
					{ "time": 1.5666, "color": "ffffff83" }
				]
			},
			"Gun_L": {
				"color": [
					{ "time": 0, "color": "ffffff84" },
					{ "time": 0.3333, "color": "ffffffff" },
					{ "time": 0.6666, "color": "ffffff8b" },
					{ "time": 1.2333, "color": "ffffffff" },
					{ "time": 1.5666, "color": "ffffff83" }
				]
			},
			"Gun_R": {
				"attachment": [
					{ "time": 0, "name": null },
					{ "time": 0.0666, "name": "Rodney_ship_gun_normal_light" },
					{ "time": 0.7666, "name": null }
				],
				"color": [
					{ "time": 0.0666, "color": "ffffffff", "curve": "stepped" },
					{ "time": 0.6, "color": "ffffffff" },
					{ "time": 0.7333, "color": "ffffff00" }
				]
			},
			"Gun_R2": {
				"color": [
					{ "time": 0, "color": "ffffff84" },
					{ "time": 0.3333, "color": "ffffffff" },
					{ "time": 0.6666, "color": "ffffff8b" },
					{ "time": 1.2333, "color": "ffffffff" },
					{ "time": 1.5666, "color": "ffffff83" }
				]
			},
			"Light_Body": {
				"attachment": [
					{ "time": 0, "name": null },
					{ "time": 0.0666, "name": "Rodney_ship_body_normal_light" },
					{ "time": 0.7666, "name": null },
					{ "time": 1.1666, "name": null },
					{ "time": 1.5666, "name": null }
				],
				"color": [
					{ "time": 0.5333, "color": "fffffffc" },
					{ "time": 0.7666, "color": "ffffff00" }
				]
			},
			"Light_Ship": {
				"attachment": [
					{ "time": 0, "name": null },
					{ "time": 0.0666, "name": "Rodney_armor_normal_light" },
					{ "time": 0.7666, "name": null }
				],
				"color": [
					{ "time": 0.5333, "color": "fffffffc" },
					{ "time": 0.7666, "color": "ffffff00" }
				]
			},
			"Lower_jaw": {
				"attachment": [
					{ "time": 0, "name": null },
					{ "time": 0.0666, "name": "Rodney_body_down_normal_light" },
					{ "time": 0.7666, "name": null }
				],
				"color": [
					{ "time": 0.0666, "color": "ffffffff", "curve": "stepped" },
					{ "time": 0.6, "color": "ffffffff" },
					{ "time": 0.7333, "color": "ffffff00" }
				]
			},
			"Lower_jaw2": {
				"color": [
					{ "time": 0, "color": "ffffff8c" },
					{ "time": 0.3333, "color": "ffffffff" },
					{ "time": 0.6666, "color": "ffffff89" },
					{ "time": 1.1666, "color": "ffffffff" },
					{ "time": 1.5666, "color": "ffffff88" }
				]
			},
			"Palate": {
				"attachment": [
					{ "time": 0, "name": null },
					{ "time": 0.0666, "name": "Rodney_body_up_normal_light" },
					{ "time": 0.7666, "name": null }
				],
				"color": [
					{ "time": 0.0666, "color": "ffffffff", "curve": "stepped" },
					{ "time": 0.6, "color": "ffffffff" },
					{ "time": 0.7333, "color": "ffffff00" }
				]
			},
			"Palate2": {
				"color": [
					{ "time": 0, "color": "ffffff8c" },
					{ "time": 0.3333, "color": "ffffffff" },
					{ "time": 0.6666, "color": "ffffff89" },
					{ "time": 1.1666, "color": "ffffffff" },
					{ "time": 1.5666, "color": "ffffff88" }
				]
			},
			"Rodney_body_back": {
				"attachment": [
					{ "time": 0, "name": null },
					{ "time": 0.0666, "name": "Rodney_ship_body_normal_back_light" },
					{ "time": 0.7666, "name": null }
				],
				"color": [
					{ "time": 0.0666, "color": "ffffffff", "curve": "stepped" },
					{ "time": 0.6, "color": "ffffffff" },
					{ "time": 0.7333, "color": "ffffff00" }
				]
			},
			"Rodney_body_back2": {
				"color": [
					{ "time": 0, "color": "ffffff84" },
					{ "time": 0.3333, "color": "ffffffff" },
					{ "time": 0.6666, "color": "ffffff8b" },
					{ "time": 1.2333, "color": "ffffffff" },
					{ "time": 1.5666, "color": "ffffff83" }
				]
			},
			"Rodney_body_back_normal": {
				"color": [
					{ "time": 0.0666, "color": "8c4c51ff", "curve": "stepped" },
					{ "time": 0.9333, "color": "8c4c51ff" },
					{ "time": 1.1333, "color": "ffffffff" }
				]
			},
			"Rodney_body_down_normal": {
				"color": [
					{ "time": 0.0666, "color": "8c4c51ff", "curve": "stepped" },
					{ "time": 0.9333, "color": "8c4c51ff" },
					{ "time": 1.1333, "color": "ffffffff" }
				]
			},
			"Rodney_body_normal": {
				"color": [
					{ "time": 0.0666, "color": "8c4c51ff", "curve": "stepped" },
					{ "time": 0.7666, "color": "8c4c51ff" },
					{ "time": 1.1333, "color": "ffffffff" }
				]
			},
			"Rodney_body_up_normal": {
				"color": [
					{ "time": 0.0666, "color": "8c4c51ff", "curve": "stepped" },
					{ "time": 0.9333, "color": "8c4c51ff" },
					{ "time": 1.1333, "color": "ffffffff" }
				]
			},
			"Rodney_fornt_gun_normal": {
				"color": [
					{ "time": 0.0666, "color": "8c4c51ff" },
					{ "time": 1.1666, "color": "ffffffff" }
				]
			},
			"Rodney_ship_armor_normal": {
				"color": [
					{ "time": 0.0666, "color": "8c4c51ff", "curve": "stepped" },
					{ "time": 0.7666, "color": "8c4c51ff" },
					{ "time": 1.1333, "color": "ffffffff" }
				]
			},
			"Rodney_ship_gun_normal": {
				"color": [
					{ "time": 0.0666, "color": "8c4c51ff", "curve": "stepped" },
					{ "time": 0.9333, "color": "8c4c51ff" },
					{ "time": 1.1333, "color": "ffffffff" }
				]
			},
			"Ship": {
				"color": [
					{ "time": 0, "color": "ffffff84" },
					{ "time": 0.3333, "color": "ffffffff" },
					{ "time": 0.6666, "color": "ffffff8b" },
					{ "time": 1.2333, "color": "ffffffff" },
					{ "time": 1.5666, "color": "ffffff83" }
				]
			}
		},
		"bones": {
			"Root_All": {
				"rotate": [
					{ "time": 0, "angle": 0, "curve": "stepped" },
					{ "time": 1.1666, "angle": 0 }
				],
				"translate": [
					{
						"time": 0,
						"x": 0,
						"y": 0,
						"curve": [ 0.255, 0.35, 0.6, 0.7 ]
					},
					{ "time": 0.0666, "x": -27.67, "y": -23.16 },
					{ "time": 0.1333, "x": 20.98, "y": 15.35 },
					{ "time": 0.2333, "x": -19.78, "y": -15.62 },
					{ "time": 0.3666, "x": 14.36, "y": 8.59 },
					{ "time": 0.5666, "x": -3.37, "y": -4.5 },
					{ "time": 0.8666, "x": 5.63, "y": 2.25 },
					{ "time": 1.1666, "x": 0, "y": 0 }
				]
			},
			"Ship": {
				"rotate": [
					{
						"time": 0,
						"angle": 0,
						"curve": [ 0.219, 0.41, 0.591, 0.77 ]
					},
					{ "time": 0.0666, "angle": -354.41 },
					{ "time": 0.1333, "angle": -364.42 },
					{ "time": 0.2333, "angle": -358.04 },
					{ "time": 0.3666, "angle": -361.36 },
					{ "time": 1.1666, "angle": 0 }
				],
				"translate": [
					{
						"time": 0,
						"x": 0,
						"y": 0,
						"curve": [ 0.319, 0.33, 0.653, 0.66 ]
					},
					{ "time": 0.0666, "x": -3.15, "y": -2.52 },
					{ "time": 0.1333, "x": 5.59, "y": 0.55 },
					{ "time": 0.2333, "x": -3.77, "y": -1.39 },
					{ "time": 0.3666, "x": 1.18, "y": 0.69 },
					{ "time": 1.1666, "x": 0, "y": 0 }
				]
			},
			"Ship_All": {
				"rotate": [
					{ "time": 0, "angle": 0, "curve": "stepped" },
					{ "time": 1.1666, "angle": 0 }
				],
				"translate": [
					{ "time": 0, "x": 0, "y": 0, "curve": "stepped" },
					{ "time": 1.1666, "x": 0, "y": 0 }
				]
			},
			"Body": {
				"rotate": [
					{ "time": 0, "angle": 0, "curve": "stepped" },
					{ "time": 1.1666, "angle": 0 }
				],
				"translate": [
					{ "time": 0, "x": 0, "y": 0, "curve": "stepped" },
					{ "time": 1.1666, "x": 0, "y": 0 }
				]
			},
			"Damage_Point": {
				"rotate": [
					{ "time": 0.0666, "angle": 0 }
				],
				"translate": [
					{ "time": 0.0666, "x": 0, "y": 0 }
				]
			},
			"Body_Front": {
				"rotate": [
					{ "time": 0, "angle": 0 },
					{ "time": 0.0666, "angle": 6.43 },
					{ "time": 0.1333, "angle": -0.65 },
					{ "time": 0.2333, "angle": 7.53 },
					{ "time": 0.3666, "angle": 1.05 },
					{ "time": 1.1666, "angle": 0 }
				],
				"translate": [
					{ "time": 0, "x": 0, "y": 0 },
					{ "time": 0.1333, "x": 0, "y": 6.08 },
					{ "time": 0.2333, "x": 0, "y": 4.39 },
					{ "time": 1.1666, "x": 0, "y": 0 }
				]
			}
		},
		"events": [
			{ "time": 0.0666, "name": "damage_point" }
		]
	},
	"normal": {
		"slots": {
			"Body_Front": {
				"color": [
					{ "time": 0, "color": "ffffff8c" },
					{ "time": 0.5, "color": "ffffffff" },
					{ "time": 1, "color": "ffffff8c" },
					{ "time": 1.5, "color": "ffffffff" },
					{ "time": 2, "color": "ffffff8c" }
				]
			},
			"Body_face": {
				"color": [
					{ "time": 0, "color": "ffffff8c" },
					{ "time": 0.5, "color": "ffffffff" },
					{ "time": 1, "color": "ffffff8c" },
					{ "time": 1.5, "color": "ffffffff" },
					{ "time": 2, "color": "ffffff8c" }
				]
			},
			"Gun_L": {
				"color": [
					{ "time": 0, "color": "ffffff83" },
					{ "time": 0.5, "color": "ffffffff" },
					{ "time": 1, "color": "ffffff83" },
					{ "time": 1.5, "color": "ffffffff" },
					{ "time": 2, "color": "ffffff83" }
				]
			},
			"Gun_R": {
				"attachment": [
					{ "time": 0, "name": null }
				]
			},
			"Gun_R2": {
				"color": [
					{ "time": 0, "color": "ffffff8a" },
					{ "time": 0.5, "color": "ffffffff" },
					{ "time": 1, "color": "ffffff8a" },
					{ "time": 1.5, "color": "ffffffff" },
					{ "time": 2, "color": "ffffff8a" }
				]
			},
			"Light_Body": {
				"attachment": [
					{ "time": 0, "name": null }
				]
			},
			"Light_Ship": {
				"attachment": [
					{ "time": 0, "name": null }
				]
			},
			"Lower_jaw": {
				"attachment": [
					{ "time": 0, "name": null },
					{ "time": 1.5, "name": null }
				]
			},
			"Lower_jaw2": {
				"color": [
					{ "time": 0, "color": "ffffff86" },
					{ "time": 0.5, "color": "ffffffff" },
					{ "time": 1, "color": "ffffff86" },
					{ "time": 1.5, "color": "ffffffff" },
					{ "time": 2, "color": "ffffff86" }
				]
			},
			"Palate": {
				"attachment": [
					{ "time": 0, "name": null }
				]
			},
			"Palate2": {
				"color": [
					{ "time": 0, "color": "ffffff86" },
					{ "time": 0.5, "color": "ffffffff" },
					{ "time": 1, "color": "ffffff86" },
					{ "time": 1.5, "color": "ffffffff" },
					{ "time": 2, "color": "ffffff86" }
				]
			},
			"Rodney_body_back": {
				"attachment": [
					{ "time": 0, "name": null }
				]
			},
			"Rodney_body_back2": {
				"color": [
					{ "time": 0, "color": "ffffff85" },
					{ "time": 0.5, "color": "ffffffff" },
					{ "time": 1, "color": "ffffff85" },
					{ "time": 1.5, "color": "ffffffff" },
					{ "time": 2, "color": "ffffff85" }
				]
			},
			"Ship": {
				"color": [
					{ "time": 0, "color": "ffffff8a" },
					{ "time": 0.5, "color": "ffffffff" },
					{ "time": 1, "color": "ffffff8a" },
					{ "time": 1.5, "color": "ffffffff" },
					{ "time": 2, "color": "ffffff8a" }
				]
			}
		},
		"bones": {
			"Root_All": {
				"rotate": [
					{ "time": 0, "angle": 0, "curve": "stepped" },
					{ "time": 2, "angle": 0 }
				],
				"translate": [
					{
						"time": 0,
						"x": 0,
						"y": 0,
						"curve": [ 0.255, 0.35, 0.6, 0.7 ]
					},
					{
						"time": 0.5,
						"x": 0,
						"y": -9.82,
						"curve": [ 0.3, 0.39, 0.641, 0.74 ]
					},
					{
						"time": 1,
						"x": 0,
						"y": -15.66,
						"curve": [ 0.322, 0.37, 0.652, 0.7 ]
					},
					{
						"time": 1.5,
						"x": 0,
						"y": -7.79,
						"curve": [ 0.314, 0.36, 0.644, 0.68 ]
					},
					{ "time": 2, "x": 0, "y": 0 }
				]
			},
			"Ship_All": {
				"rotate": [
					{ "time": 0, "angle": 0, "curve": "stepped" },
					{ "time": 2, "angle": 0 }
				],
				"translate": [
					{ "time": 0, "x": 0, "y": 0, "curve": "stepped" },
					{ "time": 2, "x": 0, "y": 0 }
				]
			},
			"Body": {
				"rotate": [
					{ "time": 0, "angle": 0, "curve": "stepped" },
					{ "time": 2, "angle": 0 }
				],
				"translate": [
					{ "time": 0, "x": 0, "y": 0, "curve": "stepped" },
					{ "time": 2, "x": 0, "y": 0 }
				]
			},
			"Ship": {
				"rotate": [
					{ "time": 0, "angle": 0, "curve": "stepped" },
					{ "time": 2, "angle": 0 }
				],
				"translate": [
					{
						"time": 0,
						"x": 0,
						"y": 0,
						"curve": [ 0.319, 0.33, 0.653, 0.66 ]
					},
					{
						"time": 0.5,
						"x": 1.79,
						"y": 0,
						"curve": [ 0.309, 0.38, 0.643, 0.71 ]
					},
					{
						"time": 1,
						"x": 1.99,
						"y": 0,
						"curve": [ 0.312, 0.37, 0.645, 0.69 ]
					},
					{
						"time": 1.5,
						"x": 1.79,
						"y": 0,
						"curve": [ 0.309, 0.38, 0.643, 0.71 ]
					},
					{ "time": 2, "x": 0, "y": 0 }
				]
			},
			"Body_Front": {
				"rotate": [
					{ "time": 0, "angle": 0 },
					{ "time": 0.5, "angle": 0.91 },
					{ "time": 1.5, "angle": -0.85 },
					{ "time": 2, "angle": 0 }
				],
				"translate": [
					{ "time": 0, "x": 0, "y": 0 },
					{ "time": 0.5, "x": 2.22, "y": -0.39 },
					{ "time": 1.5, "x": 2.78, "y": -0.39 },
					{ "time": 2, "x": 0, "y": 0 }
				]
			},
			"Gun_R": {
				"rotate": [
					{ "time": 0, "angle": 0 },
					{ "time": 0.5, "angle": 2.24 },
					{ "time": 1.5, "angle": 1.24 },
					{ "time": 2, "angle": 0 }
				],
				"translate": [
					{ "time": 0, "x": 0, "y": 0 },
					{ "time": 0.5, "x": -0.06, "y": 1.18 },
					{ "time": 1.5, "x": -1.18, "y": 1.18 },
					{ "time": 2, "x": 0, "y": 0 }
				]
			},
			"Lower_jaw": {
				"rotate": [
					{ "time": 0, "angle": 0 },
					{ "time": 0.5, "angle": 1.02 },
					{ "time": 1, "angle": 2.29 },
					{ "time": 1.5, "angle": 1.02 },
					{ "time": 2, "angle": 0 }
				],
				"translate": [
					{ "time": 0, "x": 0, "y": 0 },
					{ "time": 0.5, "x": 4.22, "y": 0.49 },
					{ "time": 1, "x": 7.56, "y": -1.27 },
					{ "time": 1.5, "x": 4.22, "y": 0.49 },
					{ "time": 2, "x": 0, "y": 0 }
				]
			},
			"Palate": {
				"rotate": [
					{ "time": 0, "angle": 0 },
					{ "time": 0.5, "angle": -1.84 },
					{ "time": 1, "angle": -3 },
					{ "time": 1.5, "angle": -1.84 },
					{ "time": 2, "angle": 0 }
				],
				"translate": [
					{ "time": 0, "x": 0, "y": 0 },
					{ "time": 0.5, "x": 2.65, "y": -0.87 },
					{ "time": 1, "x": 4.88, "y": -3.15 },
					{ "time": 1.5, "x": 2.65, "y": -0.87 },
					{ "time": 2, "x": 0, "y": 0 }
				]
			},
			"Rodney_body_back": {
				"rotate": [
					{ "time": 0, "angle": 0 },
					{ "time": 0.5, "angle": -0.62 },
					{ "time": 1, "angle": -1.16 },
					{ "time": 1.5, "angle": -0.62 },
					{ "time": 2, "angle": 0 }
				],
				"translate": [
					{ "time": 0, "x": 0, "y": 0 },
					{ "time": 0.5, "x": 2.8, "y": 0 },
					{ "time": 1, "x": 5.59, "y": 0 },
					{ "time": 1.5, "x": 2.8, "y": 0 },
					{ "time": 2, "x": 0, "y": 0 }
				]
			},
			"Antiaircraft": {
				"rotate": [
					{ "time": 0, "angle": 0, "curve": "stepped" },
					{ "time": 2, "angle": 0 }
				],
				"translate": [
					{ "time": 0, "x": 0, "y": 0, "curve": "stepped" },
					{ "time": 2, "x": 0, "y": 0 }
				]
			},
			"Attack_Point": {
				"rotate": [
					{ "time": 0, "angle": 0, "curve": "stepped" },
					{ "time": 2, "angle": 0 }
				],
				"translate": [
					{ "time": 0, "x": 0, "y": 0, "curve": "stepped" },
					{ "time": 2, "x": 0, "y": 0 }
				]
			},
			"Damage_Point": {
				"rotate": [
					{ "time": 0, "angle": 0, "curve": "stepped" },
					{ "time": 2, "angle": 0 }
				],
				"translate": [
					{ "time": 0, "x": 0, "y": 0, "curve": "stepped" },
					{ "time": 2, "x": 0, "y": 0 }
				]
			},
			"Dialogue": {
				"rotate": [
					{ "time": 0, "angle": 0, "curve": "stepped" },
					{ "time": 2, "angle": 0 }
				],
				"translate": [
					{ "time": 0, "x": 0, "y": 0, "curve": "stepped" },
					{ "time": 2, "x": 0, "y": 0 }
				]
			},
			"Expression": {
				"rotate": [
					{ "time": 0, "angle": 0, "curve": "stepped" },
					{ "time": 2, "angle": 0 }
				],
				"translate": [
					{ "time": 0, "x": 0, "y": 0, "curve": "stepped" },
					{ "time": 2, "x": 0, "y": 0 }
				]
			},
			"Smoke_L1": {
				"rotate": [
					{ "time": 0, "angle": 0, "curve": "stepped" },
					{ "time": 2, "angle": 0 }
				],
				"translate": [
					{ "time": 0, "x": 0, "y": 0, "curve": "stepped" },
					{ "time": 2, "x": 0, "y": 0 }
				]
			},
			"Smoke_L2": {
				"rotate": [
					{ "time": 0, "angle": 0, "curve": "stepped" },
					{ "time": 2, "angle": 0 }
				],
				"translate": [
					{ "time": 0, "x": 0, "y": 0, "curve": "stepped" },
					{ "time": 2, "x": 0, "y": 0 }
				]
			},
			"Smoke_R1": {
				"rotate": [
					{ "time": 0, "angle": 0, "curve": "stepped" },
					{ "time": 2, "angle": 0 }
				],
				"translate": [
					{ "time": 0, "x": 0, "y": 0, "curve": "stepped" },
					{ "time": 2, "x": 0, "y": 0 }
				]
			},
			"Throw_Point": {
				"rotate": [
					{ "time": 0, "angle": 0, "curve": "stepped" },
					{ "time": 2, "angle": 0 }
				],
				"translate": [
					{ "time": 0, "x": 0, "y": 0, "curve": "stepped" },
					{ "time": 2, "x": 0, "y": 0 }
				]
			},
			"Gun_L": {
				"translate": [
					{ "time": 0, "x": 0, "y": 0, "curve": "stepped" },
					{ "time": 2, "x": 0, "y": 0 }
				]
			}
		}
	},
	"throw": {
		"slots": {
			"Body_Front": {
				"color": [
					{ "time": 0, "color": "ffffff8a" },
					{ "time": 0.5, "color": "ffffffff" },
					{ "time": 0.8333, "color": "ffffff86" },
					{ "time": 1.1666, "color": "ffffffff" },
					{ "time": 1.5, "color": "ffffff8a" }
				]
			},
			"Body_face": {
				"color": [
					{ "time": 0, "color": "ffffff8a" },
					{ "time": 0.5, "color": "ffffffff" },
					{ "time": 0.8333, "color": "ffffff86" },
					{ "time": 1.1666, "color": "ffffffff" },
					{ "time": 1.5, "color": "ffffff8a" }
				]
			},
			"Gun_L": {
				"color": [
					{ "time": 0, "color": "ffffff8a" },
					{ "time": 0.5, "color": "ffffffff" },
					{ "time": 0.8333, "color": "ffffff86" },
					{ "time": 1.1666, "color": "ffffffff" },
					{ "time": 1.5, "color": "ffffff8a" }
				]
			},
			"Gun_R": {
				"attachment": [
					{ "time": 0, "name": null },
					{ "time": 1.5, "name": null }
				]
			},
			"Gun_R2": {
				"color": [
					{ "time": 0, "color": "ffffff8a" },
					{ "time": 0.5, "color": "ffffffff" },
					{ "time": 0.8333, "color": "ffffff86" },
					{ "time": 1.1666, "color": "ffffffff" },
					{ "time": 1.5, "color": "ffffff8a" }
				]
			},
			"Light_Body": {
				"attachment": [
					{ "time": 0, "name": null },
					{ "time": 1.3333, "name": null },
					{ "time": 1.5, "name": null }
				]
			},
			"Light_Ship": {
				"attachment": [
					{ "time": 0, "name": null },
					{ "time": 1.5, "name": null }
				]
			},
			"Lower_jaw": {
				"attachment": [
					{ "time": 0, "name": null },
					{ "time": 1.5, "name": null }
				]
			},
			"Lower_jaw2": {
				"color": [
					{ "time": 0, "color": "ffffff8a" },
					{ "time": 0.5, "color": "ffffffff" },
					{ "time": 0.8333, "color": "ffffff86" },
					{ "time": 1.1666, "color": "ffffffff" },
					{ "time": 1.5, "color": "ffffff88" }
				]
			},
			"Palate": {
				"attachment": [
					{ "time": 0, "name": null },
					{ "time": 1.5, "name": null }
				]
			},
			"Palate2": {
				"color": [
					{ "time": 0, "color": "ffffff8a" },
					{ "time": 0.5, "color": "ffffffff" },
					{ "time": 0.8333, "color": "ffffff86" },
					{ "time": 1.1666, "color": "ffffffff" },
					{ "time": 1.5, "color": "ffffff88" }
				]
			},
			"Rodney_body_back": {
				"attachment": [
					{ "time": 0, "name": null },
					{ "time": 1.5, "name": null }
				]
			},
			"Rodney_body_back2": {
				"color": [
					{ "time": 0, "color": "ffffff8a" },
					{ "time": 0.5, "color": "ffffffff" },
					{ "time": 0.8333, "color": "ffffff86" },
					{ "time": 1.1666, "color": "ffffffff" },
					{ "time": 1.5, "color": "ffffff8a" }
				]
			},
			"Ship": {
				"color": [
					{ "time": 0, "color": "ffffff8a" },
					{ "time": 0.5, "color": "ffffffff" },
					{ "time": 0.8333, "color": "ffffff86" },
					{ "time": 1.1666, "color": "ffffffff" },
					{ "time": 1.5, "color": "ffffff8a" }
				]
			}
		},
		"bones": {
			"Root_All": {
				"rotate": [
					{ "time": 0, "angle": 0, "curve": "stepped" },
					{ "time": 1.3333, "angle": 0, "curve": "stepped" },
					{ "time": 1.5, "angle": 0 }
				],
				"translate": [
					{
						"time": 0,
						"x": 0,
						"y": 0,
						"curve": [ 0.255, 0.35, 0.6, 0.7 ]
					},
					{ "time": 0.6333, "x": -66.66, "y": 0 },
					{ "time": 0.9666, "x": -10.42, "y": -12.42 },
					{ "time": 1.3333, "x": 0, "y": 0, "curve": "stepped" },
					{ "time": 1.5, "x": 0, "y": 0 }
				]
			},
			"Ship": {
				"rotate": [
					{ "time": 0, "angle": 0 },
					{ "time": 0.5666, "angle": -360.84 },
					{ "time": 0.6333, "angle": -357.44 },
					{ "time": 1.5, "angle": 0 }
				],
				"translate": [
					{
						"time": 0,
						"x": 0,
						"y": 0,
						"curve": [ 0.319, 0.33, 0.653, 0.66 ]
					},
					{ "time": 0.3333, "x": -0.7, "y": -1.37 },
					{ "time": 0.5666, "x": 0, "y": 0.77 },
					{ "time": 0.6333, "x": 1.43, "y": 1.35 },
					{ "time": 0.7333, "x": -0.38, "y": 0.95 },
					{ "time": 0.9666, "x": -0.19, "y": -2.63 },
					{ "time": 1.3333, "x": 0, "y": 0, "curve": "stepped" },
					{ "time": 1.5, "x": 0, "y": 0 }
				]
			},
			"Body": {
				"rotate": [
					{
						"time": 0,
						"angle": 0,
						"curve": [ 0.219, 0.41, 0.591, 0.77 ]
					},
					{
						"time": 0.6333,
						"angle": -3.17,
						"curve": [ 0.32, 0.36, 0.653, 0.69 ]
					},
					{
						"time": 0.7333,
						"angle": 0.61,
						"curve": [ 0.319, 0.37, 0.652, 0.7 ]
					},
					{
						"time": 0.9666,
						"angle": -1.72,
						"curve": [ 0.32, 0.38, 0.654, 0.71 ]
					},
					{ "time": 1.3333, "angle": 0, "curve": "stepped" },
					{ "time": 1.5, "angle": 0 }
				],
				"translate": [
					{
						"time": 0,
						"x": 0,
						"y": 0,
						"curve": [ 0.219, 0.41, 0.591, 0.77 ]
					},
					{
						"time": 0.3333,
						"x": -15.86,
						"y": 0,
						"curve": [ 0.193, 0.39, 0.58, 0.9 ]
					},
					{
						"time": 0.5666,
						"x": -19.36,
						"y": 0,
						"curve": [ 0.142, 0.42, 0.647, 0.94 ]
					},
					{ "time": 0.6333, "x": 92.18, "y": -6.3 },
					{ "time": 0.7333, "x": 111.33, "y": 0 },
					{ "time": 1.3333, "x": 0, "y": 0, "curve": "stepped" },
					{ "time": 1.5, "x": 0, "y": 0 }
				]
			},
			"Ship_All": {
				"rotate": [
					{ "time": 0, "angle": 0, "curve": "stepped" },
					{ "time": 1.3333, "angle": 0, "curve": "stepped" },
					{ "time": 1.5, "angle": 0 }
				],
				"translate": [
					{ "time": 0, "x": 0, "y": 0, "curve": "stepped" },
					{ "time": 1.3333, "x": 0, "y": 0, "curve": "stepped" },
					{ "time": 1.5, "x": 0, "y": 0 }
				]
			},
			"Throw_Point": {
				"rotate": [
					{ "time": 0, "angle": 0, "curve": "stepped" },
					{ "time": 0.6333, "angle": 0, "curve": "stepped" },
					{ "time": 1.5, "angle": 0 }
				],
				"translate": [
					{ "time": 0, "x": 0, "y": 0, "curve": "stepped" },
					{ "time": 0.6333, "x": 0, "y": 0, "curve": "stepped" },
					{ "time": 1.5, "x": 0, "y": 0 }
				]
			},
			"Body_Front": {
				"rotate": [
					{ "time": 0, "angle": 0 },
					{ "time": 0.5666, "angle": 4.95 },
					{ "time": 0.6666, "angle": -11.16 },
					{ "time": 1.5, "angle": 0 }
				],
				"translate": [
					{
						"time": 0,
						"x": 0,
						"y": 0,
						"curve": [ 0.235, 0.3, 0.594, 0.66 ]
					},
					{
						"time": 0.5666,
						"x": -5.93,
						"y": -19.16,
						"curve": [ 0.327, 0.33, 0.661, 0.67 ]
					},
					{
						"time": 0.6666,
						"x": 6.19,
						"y": 4.56,
						"curve": [ 0.325, 0.38, 0.671, 0.73 ]
					},
					{
						"time": 1.1333,
						"x": 0.61,
						"y": 1.22,
						"curve": [ 0.352, 0.43, 0.691, 0.78 ]
					},
					{ "time": 1.4333, "x": 0, "y": 0, "curve": "stepped" },
					{ "time": 1.5, "x": 0, "y": 0 }
				]
			},
			"Gun_R": {
				"rotate": [
					{ "time": 0, "angle": 0 },
					{ "time": 0.5666, "angle": -5.78 },
					{ "time": 0.6333, "angle": 2.71 },
					{ "time": 1.5, "angle": 0 }
				],
				"translate": [
					{ "time": 0, "x": 0, "y": 0 },
					{ "time": 0.5666, "x": 3.65, "y": 0 },
					{ "time": 0.7333, "x": -2.98, "y": 8.03 },
					{ "time": 1.5, "x": 0, "y": 0 }
				]
			},
			"Rodney_body_back": {
				"rotate": [
					{ "time": 0, "angle": 0, "curve": "stepped" },
					{ "time": 1.5, "angle": 0 }
				],
				"translate": [
					{ "time": 0, "x": 0, "y": 0 },
					{ "time": 0.3333, "x": 0, "y": 9.36 },
					{ "time": 0.5, "x": 0, "y": 4.85 },
					{ "time": 0.5666, "x": 0, "y": 4.9 },
					{ "time": 1.5, "x": 0, "y": 0 }
				],
				"scale": [
					{ "time": 0, "x": 1.001, "y": 1 },
					{ "time": 0.3333, "x": 1.066, "y": 1 },
					{ "time": 0.5666, "x": 1.086, "y": 1 },
					{ "time": 0.6, "x": 1.001, "y": 1 }
				]
			},
			"Gun_L": {
				"rotate": [
					{ "time": 0, "angle": 0 },
					{ "time": 0.5666, "angle": 7.34 },
					{ "time": 0.6333, "angle": -3 },
					{ "time": 1.5, "angle": 0 }
				],
				"translate": [
					{ "time": 0, "x": 0, "y": 0 },
					{ "time": 0.5666, "x": -3.42, "y": -7.73 },
					{ "time": 0.6666, "x": 4.18, "y": 7.59 },
					{ "time": 1.3333, "x": -0.33, "y": 0.37 },
					{ "time": 1.5, "x": 0, "y": 0 }
				]
			},
			"Palate": {
				"rotate": [
					{ "time": 0, "angle": 0 },
					{ "time": 0.5666, "angle": -2.88 },
					{ "time": 1.5, "angle": 0 }
				],
				"translate": [
					{ "time": 0, "x": 0, "y": 0 },
					{ "time": 0.3333, "x": -6.23, "y": 0 },
					{ "time": 0.5666, "x": -11.89, "y": -1.82 },
					{ "time": 0.6333, "x": 1.59, "y": 0 },
					{ "time": 0.7, "x": -3.88, "y": 0 },
					{ "time": 1.5, "x": 0, "y": 0 }
				]
			},
			"Lower_jaw": {
				"rotate": [
					{ "time": 0, "angle": 0 },
					{ "time": 0.5666, "angle": -0.83 },
					{ "time": 1.5, "angle": 0 }
				],
				"translate": [
					{ "time": 0, "x": 0, "y": 0 },
					{ "time": 0.3333, "x": 6.36, "y": 0 },
					{ "time": 0.5666, "x": 9.29, "y": -7.16 },
					{ "time": 0.6333, "x": 2.05, "y": 0 },
					{ "time": 0.7, "x": 9.04, "y": 0 },
					{ "time": 1.5, "x": 0, "y": 0 }
				]
			},
			"Antiaircraft": {
				"rotate": [
					{ "time": 0, "angle": 0, "curve": "stepped" },
					{ "time": 1.5, "angle": 0 }
				],
				"translate": [
					{ "time": 0, "x": 0, "y": 0, "curve": "stepped" },
					{ "time": 1.5, "x": 0, "y": 0 }
				]
			},
			"Attack_Point": {
				"rotate": [
					{ "time": 0, "angle": 0, "curve": "stepped" },
					{ "time": 1.5, "angle": 0 }
				],
				"translate": [
					{ "time": 0, "x": 0, "y": 0, "curve": "stepped" },
					{ "time": 1.5, "x": 0, "y": 0 }
				]
			},
			"Damage_Point": {
				"rotate": [
					{ "time": 0, "angle": 0, "curve": "stepped" },
					{ "time": 1.5, "angle": 0 }
				],
				"translate": [
					{ "time": 0, "x": 0, "y": 0, "curve": "stepped" },
					{ "time": 1.5, "x": 0, "y": 0 }
				]
			},
			"Dialogue": {
				"rotate": [
					{ "time": 0, "angle": 0, "curve": "stepped" },
					{ "time": 1.5, "angle": 0 }
				],
				"translate": [
					{ "time": 0, "x": 0, "y": 0, "curve": "stepped" },
					{ "time": 1.5, "x": 0, "y": 0 }
				]
			},
			"Expression": {
				"rotate": [
					{ "time": 0, "angle": 0, "curve": "stepped" },
					{ "time": 1.5, "angle": 0 }
				],
				"translate": [
					{ "time": 0, "x": 0, "y": 0, "curve": "stepped" },
					{ "time": 1.5, "x": 0, "y": 0 }
				]
			},
			"Smoke_L1": {
				"rotate": [
					{ "time": 0, "angle": 0, "curve": "stepped" },
					{ "time": 1.5, "angle": 0 }
				],
				"translate": [
					{ "time": 0, "x": 0, "y": 0, "curve": "stepped" },
					{ "time": 1.5, "x": 0, "y": 0 }
				]
			},
			"Smoke_L2": {
				"rotate": [
					{ "time": 0, "angle": 0, "curve": "stepped" },
					{ "time": 1.5, "angle": 0 }
				],
				"translate": [
					{ "time": 0, "x": 0, "y": 0, "curve": "stepped" },
					{ "time": 1.5, "x": 0, "y": 0 }
				]
			},
			"Smoke_R1": {
				"rotate": [
					{ "time": 0, "angle": 0, "curve": "stepped" },
					{ "time": 1.5, "angle": 0 }
				],
				"translate": [
					{ "time": 0, "x": 0, "y": 0, "curve": "stepped" },
					{ "time": 1.5, "x": 0, "y": 0 }
				]
			}
		},
		"events": [
			{ "time": 0.6333, "name": "throw_point" }
		]
	},
	"wreck": {
		"slots": {
			"Body_Front": {
				"color": [
					{ "time": 0, "color": "ffffff00" }
				]
			},
			"Body_face": {
				"color": [
					{ "time": 0, "color": "ffffff00" }
				]
			},
			"Gun_L": {
				"attachment": [
					{ "time": 0, "name": null }
				]
			},
			"Gun_R": {
				"attachment": [
					{ "time": 0, "name": null }
				]
			},
			"Gun_R2": {
				"color": [
					{ "time": 0, "color": "ffffff00" }
				]
			},
			"Light_Body": {
				"attachment": [
					{ "time": 0, "name": null }
				]
			},
			"Light_Ship": {
				"attachment": [
					{ "time": 0, "name": null }
				]
			},
			"Lower_jaw": {
				"attachment": [
					{ "time": 0, "name": null },
					{ "time": 1.5, "name": null }
				]
			},
			"Lower_jaw2": {
				"color": [
					{ "time": 0, "color": "ffffff00" }
				]
			},
			"Palate": {
				"attachment": [
					{ "time": 0, "name": null }
				]
			},
			"Palate2": {
				"color": [
					{ "time": 0, "color": "ffffff00" }
				]
			},
			"Rodney_body_back": {
				"attachment": [
					{ "time": 0, "name": null }
				]
			},
			"Rodney_body_back2": {
				"color": [
					{ "time": 0, "color": "ffffff00" }
				]
			},
			"Ship": {
				"color": [
					{ "time": 0, "color": "ffffff00" }
				]
			}
		},
		"bones": {
			"Body": {
				"rotate": [
					{ "time": 0, "angle": 0, "curve": "stepped" },
					{ "time": 2, "angle": 0 }
				],
				"translate": [
					{ "time": 0, "x": 0, "y": 0, "curve": "stepped" },
					{ "time": 2, "x": 0, "y": 0 }
				]
			},
			"Gun_R": {
				"rotate": [
					{ "time": 0, "angle": 0 },
					{ "time": 0.5, "angle": 2.24 },
					{ "time": 1.5, "angle": 1.24 },
					{ "time": 2, "angle": 0 }
				],
				"translate": [
					{ "time": 0, "x": 0, "y": 0 },
					{ "time": 0.5, "x": -0.06, "y": 1.18 },
					{ "time": 1.5, "x": -1.18, "y": 1.18 },
					{ "time": 2, "x": 0, "y": 0 }
				]
			},
			"Body_Front": {
				"rotate": [
					{ "time": 0, "angle": 0 },
					{ "time": 0.5, "angle": 0.91 },
					{ "time": 1.5, "angle": -0.85 },
					{ "time": 2, "angle": 0 }
				],
				"translate": [
					{ "time": 0, "x": 0, "y": 0 },
					{ "time": 0.5, "x": 2.22, "y": -0.39 },
					{ "time": 1.5, "x": 2.78, "y": -0.39 },
					{ "time": 2, "x": 0, "y": 0 }
				]
			},
			"Ship": {
				"rotate": [
					{ "time": 0, "angle": 0, "curve": "stepped" },
					{ "time": 2, "angle": 0 }
				],
				"translate": [
					{
						"time": 0,
						"x": 0,
						"y": 0,
						"curve": [ 0.319, 0.33, 0.653, 0.66 ]
					},
					{
						"time": 0.5,
						"x": 1.79,
						"y": 0,
						"curve": [ 0.309, 0.38, 0.643, 0.71 ]
					},
					{
						"time": 1,
						"x": 1.99,
						"y": 0,
						"curve": [ 0.312, 0.37, 0.645, 0.69 ]
					},
					{
						"time": 1.5,
						"x": 1.79,
						"y": 0,
						"curve": [ 0.309, 0.38, 0.643, 0.71 ]
					},
					{ "time": 2, "x": 0, "y": 0 }
				]
			},
			"Lower_jaw": {
				"rotate": [
					{ "time": 0, "angle": 0 },
					{ "time": 0.5, "angle": 1.02 },
					{ "time": 1, "angle": 2.29 },
					{ "time": 1.5, "angle": 1.02 },
					{ "time": 2, "angle": 0 }
				],
				"translate": [
					{ "time": 0, "x": 0, "y": 0 },
					{ "time": 0.5, "x": 4.22, "y": 0.49 },
					{ "time": 1, "x": 7.56, "y": -1.27 },
					{ "time": 1.5, "x": 4.22, "y": 0.49 },
					{ "time": 2, "x": 0, "y": 0 }
				]
			},
			"Palate": {
				"rotate": [
					{ "time": 0, "angle": 0 },
					{ "time": 0.5, "angle": -1.84 },
					{ "time": 1, "angle": -3 },
					{ "time": 1.5, "angle": -1.84 },
					{ "time": 2, "angle": 0 }
				],
				"translate": [
					{ "time": 0, "x": 0, "y": 0 },
					{ "time": 0.5, "x": 2.65, "y": -0.87 },
					{ "time": 1, "x": 4.88, "y": -3.15 },
					{ "time": 1.5, "x": 2.65, "y": -0.87 },
					{ "time": 2, "x": 0, "y": 0 }
				]
			},
			"Throw_Point": {
				"rotate": [
					{ "time": 0, "angle": 0, "curve": "stepped" },
					{ "time": 2, "angle": 0 }
				],
				"translate": [
					{ "time": 0, "x": 0, "y": 0, "curve": "stepped" },
					{ "time": 2, "x": 0, "y": 0 }
				]
			},
			"Smoke_R1": {
				"rotate": [
					{ "time": 0, "angle": 0, "curve": "stepped" },
					{ "time": 2, "angle": 0 }
				],
				"translate": [
					{ "time": 0, "x": 0, "y": 0, "curve": "stepped" },
					{ "time": 2, "x": 0, "y": 0 }
				]
			},
			"Damage_Point": {
				"rotate": [
					{ "time": 0, "angle": 0, "curve": "stepped" },
					{ "time": 2, "angle": 0 }
				],
				"translate": [
					{ "time": 0, "x": 0, "y": 0, "curve": "stepped" },
					{ "time": 2, "x": 0, "y": 0 }
				]
			},
			"Rodney_body_back": {
				"rotate": [
					{ "time": 0, "angle": 0 },
					{ "time": 0.5, "angle": -0.62 },
					{ "time": 1, "angle": -1.16 },
					{ "time": 1.5, "angle": -0.62 },
					{ "time": 2, "angle": 0 }
				],
				"translate": [
					{ "time": 0, "x": 0, "y": 0 },
					{ "time": 0.5, "x": 2.8, "y": 0 },
					{ "time": 1, "x": 5.59, "y": 0 },
					{ "time": 1.5, "x": 2.8, "y": 0 },
					{ "time": 2, "x": 0, "y": 0 }
				]
			},
			"Root_All": {
				"rotate": [
					{ "time": 0, "angle": 0, "curve": "stepped" },
					{ "time": 2, "angle": 0 }
				],
				"translate": [
					{
						"time": 0,
						"x": 0,
						"y": 0,
						"curve": [ 0.255, 0.35, 0.6, 0.7 ]
					},
					{
						"time": 0.5,
						"x": 0,
						"y": -9.82,
						"curve": [ 0.3, 0.39, 0.641, 0.74 ]
					},
					{
						"time": 1,
						"x": 0,
						"y": -15.66,
						"curve": [ 0.322, 0.37, 0.652, 0.7 ]
					},
					{
						"time": 1.5,
						"x": 0,
						"y": -7.79,
						"curve": [ 0.314, 0.36, 0.644, 0.68 ]
					},
					{ "time": 2, "x": 0, "y": 0 }
				]
			},
			"Ship_All": {
				"rotate": [
					{ "time": 0, "angle": 0, "curve": "stepped" },
					{ "time": 2, "angle": 0 }
				],
				"translate": [
					{ "time": 0, "x": 0, "y": 0, "curve": "stepped" },
					{ "time": 2, "x": 0, "y": 0 }
				]
			},
			"Antiaircraft": {
				"rotate": [
					{ "time": 0, "angle": 0, "curve": "stepped" },
					{ "time": 2, "angle": 0 }
				],
				"translate": [
					{ "time": 0, "x": 0, "y": 0, "curve": "stepped" },
					{ "time": 2, "x": 0, "y": 0 }
				]
			},
			"Dialogue": {
				"rotate": [
					{ "time": 0, "angle": 0, "curve": "stepped" },
					{ "time": 2, "angle": 0 }
				],
				"translate": [
					{ "time": 0, "x": 0, "y": 0, "curve": "stepped" },
					{ "time": 2, "x": 0, "y": 0 }
				]
			},
			"Smoke_L1": {
				"rotate": [
					{ "time": 0, "angle": 0, "curve": "stepped" },
					{ "time": 2, "angle": 0 }
				],
				"translate": [
					{ "time": 0, "x": 0, "y": 0, "curve": "stepped" },
					{ "time": 2, "x": 0, "y": 0 }
				]
			},
			"Smoke_L2": {
				"rotate": [
					{ "time": 0, "angle": 0, "curve": "stepped" },
					{ "time": 2, "angle": 0 }
				],
				"translate": [
					{ "time": 0, "x": 0, "y": 0, "curve": "stepped" },
					{ "time": 2, "x": 0, "y": 0 }
				]
			},
			"Expression": {
				"rotate": [
					{ "time": 0, "angle": 0, "curve": "stepped" },
					{ "time": 2, "angle": 0 }
				],
				"translate": [
					{ "time": 0, "x": 0, "y": 0, "curve": "stepped" },
					{ "time": 2, "x": 0, "y": 0 }
				]
			},
			"Attack_Point": {
				"rotate": [
					{ "time": 0, "angle": 0, "curve": "stepped" },
					{ "time": 2, "angle": 0 }
				],
				"translate": [
					{ "time": 0, "x": 0, "y": 0, "curve": "stepped" },
					{ "time": 2, "x": 0, "y": 0 }
				]
			},
			"Gun_L": {
				"translate": [
					{ "time": 0, "x": 0, "y": 0, "curve": "stepped" },
					{ "time": 2, "x": 0, "y": 0 }
				]
			}
		}
	}
}
}