{
"skeleton": { "hash": "rn4pn3MQ6iAs260FsIg6geK6QQM", "spine": "2.1.27", "width": 312.02, "height": 309.4, "images": "" },
"bones": [
	{ "name": "Root_All", "x": 25.09, "y": -5.9, "scaleX": 1.01, "scaleY": 1.01 },
	{ "name": "Ship_All", "parent": "Root_All" },
	{ "name": "Body", "parent": "Ship_All", "length": 255.84, "x": -16.1, "y": 9.11, "rotation": 90 },
	{ "name": "Antiaircraft", "parent": "Body", "length": 44.62, "x": 197.33, "y": -39.67, "rotation": -90 },
	{ "name": "Attack_Point", "parent": "Body", "length": 25.69, "x": 107.57, "y": -41.79, "rotation": -88.64 },
	{ "name": "Damage_Point", "parent": "Body", "length": 22.56, "x": 111.83, "y": 18.67, "rotation": -90 },
	{ "name": "Dialogue", "parent": "Body", "length": 57.85, "x": 188.52, "y": -40.49, "rotation": -90 },
	{ "name": "Expression", "parent": "Body", "length": 46.33, "x": 199.6, "y": -36.27, "rotation": -42.65 },
	{ "name": "Hand", "parent": "Body", "length": 23.04, "x": 123.03, "y": -16.75, "rotation": -17.48 },
	{ "name": "Head", "parent": "Body", "length": 89.11, "x": 131.53, "y": 7.35, "rotation": -2.25 },
	{ "name": "JZ", "parent": "Body", "length": 34.54, "x": 131.86, "y": 20.94, "rotation": -179.09 },
	{ "name": "QZ_1", "parent": "Body", "length": 12.68, "x": 93.79, "y": 17.41, "rotation": 180 },
	{ "name": "Smoke_L1", "parent": "Body", "length": 51.75, "x": 105.97, "y": -39.9, "rotation": -16.57 },
	{ "name": "Smoke_L2", "parent": "Body", "length": 51.75, "x": 101.18, "y": 71.44, "rotation": 30.92 },
	{ "name": "Throw_Point", "parent": "Body", "length": 24.91, "x": 53.17, "y": -12.16, "rotation": -88.64 },
	{ "name": "flay", "parent": "Body", "length": 9.79, "x": 85.33, "y": 39.97, "rotation": 149.77 },
	{ "name": "leg_L", "parent": "Body", "length": 74.23, "x": 75.16, "y": 35.74, "rotation": -157.18 },
	{ "name": "leg_R", "parent": "Body", "length": 36.79, "x": 74.05, "y": 9.66, "rotation": -143.78 },
	{ "name": "Cap", "parent": "Head", "length": 33.5, "x": 74.53, "y": 22.99, "rotation": 50.34 },
	{ "name": "Face", "parent": "Head", "length": 66.94, "x": 44.64, "y": 24.41, "rotation": -87.74 },
	{ "name": "JZ_L", "parent": "JZ", "length": 48.61, "x": 36.63, "y": -1.99, "rotation": -74.05 },
	{ "name": "JZ_R", "parent": "JZ", "length": 53.61, "x": 33.88, "y": 2.98, "rotation": 86.84 },
	{ "name": "hair_L", "parent": "Head", "length": 59.2, "x": 21.24, "y": 31.33, "rotation": 146.63 },
	{ "name": "hair_R", "parent": "Head", "length": 62.74, "x": 18.66, "y": -25.75, "rotation": -142.5 },
	{ "name": "qz_L", "parent": "QZ_1", "length": 18.73, "x": 11.98, "y": -4.93, "rotation": -70.48 },
	{ "name": "qz_R", "parent": "QZ_1", "length": 15.39, "x": 14.09, "y": 1.4, "rotation": 74.05 },
	{ "name": "qz_3", "parent": "qz_L", "length": 13.37, "x": 21.85, "y": 0.48, "rotation": -0.9 },
	{ "name": "qz_5", "parent": "qz_R", "length": 10.26, "x": 19.36, "y": -1.06 }
],
"slots": [
	{ "name": "JZ_R", "bone": "JZ_R", "attachment": "change" },
	{ "name": "JZ_L", "bone": "JZ_L", "attachment": "change" },
	{ "name": "hair_R", "bone": "hair_R", "attachment": "hair_R" },
	{ "name": "hair_L", "bone": "hair_L", "attachment": "hair_L" },
	{ "name": "leg_R", "bone": "leg_R", "attachment": "leg_R" },
	{ "name": "leg_R_light", "bone": "leg_R", "attachment": "leg_R_light", "blend": "additive" },
	{ "name": "leg_L", "bone": "leg_L", "attachment": "change" },
	{ "name": "QZ", "bone": "QZ_1", "attachment": "change" },
	{ "name": "Rodney_body_normal", "bone": "Body", "attachment": "Body_Change" },
	{ "name": "head", "bone": "Head", "attachment": "head" },
	{ "name": "head_light", "bone": "Head", "attachment": "head_light", "blend": "additive" },
	{ "name": "Rodney_eyes_normal", "bone": "Face", "attachment": "Rodney_eyes_normal" },
	{ "name": "Light_Body", "bone": "Body", "attachment": "Rodney_ship_body_normal_light", "blend": "additive" },
	{ "name": "hand", "bone": "Hand", "attachment": "hand" },
	{ "name": "cap", "bone": "Cap", "attachment": "cap" },
	{ "name": "cap_light", "bone": "Cap", "attachment": "cap_light", "blend": "additive" },
	{ "name": "flay", "bone": "flay", "attachment": "flay" },
	{ "name": "JZ_R_light", "bone": "JZ_R", "attachment": "change", "blend": "additive" },
	{ "name": "TX", "bone": "JZ_L", "attachment": "change" },
	{ "name": "TX_R", "bone": "JZ_R", "attachment": "change" }
],
"skins": {
	"default": {
		"Light_Body": {
			"Rodney_ship_body_normal_light": { "x": 130.63, "y": 9.19, "rotation": -90, "width": 300, "height": 300 }
		},
		"Rodney_eyes_normal": {
			"Rodney_eyes_damage": { "x": 20.8, "y": -49.36, "width": 300, "height": 300 },
			"Rodney_eyes_normal": { "x": 20.8, "y": -49.36, "width": 300, "height": 300 }
		},
		"cap": {
			"cap": { "x": -65.21, "y": 45.89, "rotation": -138.08, "width": 300, "height": 300 }
		},
		"cap_light": {
			"cap_light": { "x": -66.76, "y": 45.52, "rotation": -137.44, "width": 300, "height": 300 }
		},
		"flay": {
			"flay": { "x": -52.36, "y": -1.95, "rotation": 120.22, "width": 300, "height": 300 }
		},
		"hair_L": {
			"hair_L": { "x": 5.33, "y": 40.61, "rotation": 125.62, "width": 300, "height": 300 }
		},
		"hair_R": {
			"hair_R": { "x": 3.33, "y": -35.46, "rotation": 54.76, "width": 300, "height": 300 }
		},
		"hand": {
			"hand": { "x": -0.65, "y": 27.35, "rotation": -72.51, "width": 300, "height": 300 }
		},
		"head": {
			"head": { "x": -3.28, "y": 3.65, "rotation": -87.74, "width": 300, "height": 300 }
		},
		"head_light": {
			"head_light": { "x": -1.74, "y": 5.32, "rotation": -87.74, "width": 300, "height": 300 }
		},
		"leg_R": {
			"leg_R": { "x": -44.19, "y": 36.47, "rotation": 53.78, "width": 300, "height": 300 }
		},
		"leg_R_light": {
			"leg_R_light": { "x": -44.19, "y": 36.47, "rotation": 53.78, "width": 300, "height": 300 }
		}
	},
	"damage": {
		"JZ_L": {
			"change": { "name": "JZ_L_damage", "x": -21.6, "y": -29.97, "rotation": 163.15, "width": 300, "height": 300 }
		},
		"JZ_R": {
			"change": { "name": "JZ_R_damge", "x": 5.78, "y": 32.38, "rotation": 2.25, "width": 300, "height": 300 }
		},
		"JZ_R_light": {
			"change": { "name": "JZ_R_damage_light", "x": 5.78, "y": 32.38, "rotation": 2.25, "width": 300, "height": 300 }
		},
		"QZ": {
			"change": {
				"name": "QZ_damage",
				"type": "skinnedmesh",
				"uvs": [ 1, 0.22624, 1, 0.41952, 1, 0.72409, 1, 1, 0.76411, 1, 0.52426, 1, 0.21061, 1, 0, 1, 0, 0.77095, 0, 0.42538, 0, 0, 0.14911, 0, 0.50274, 0, 0.77026, 0, 1, 0, 0.08146, 0.12667, 0.26289, 0.10324, 0.50581, 0.1911, 0.72721, 0.12081, 0.95168, 0.10324, 0.91171, 0.72409, 0.74566, 0.88809, 0.30901, 0.85881, 0.10914, 0.68895, 0.17064, 0.41367, 0.32131, 0.49567, 0.50581, 0.51324, 0.65034, 0.50152, 0.80101, 0.37267 ],
				"triangles": [ 3, 20, 2, 20, 3, 21, 5, 21, 4, 3, 4, 21, 21, 27, 20, 20, 1, 2, 27, 28, 20, 20, 28, 1, 28, 0, 1, 0, 18, 19, 0, 28, 18, 19, 14, 0, 19, 13, 14, 22, 26, 5, 21, 26, 27, 21, 5, 26, 27, 26, 17, 28, 27, 17, 18, 13, 19, 6, 22, 5, 23, 22, 6, 23, 6, 8, 8, 6, 7, 22, 23, 25, 8, 9, 23, 23, 24, 25, 23, 9, 24, 9, 15, 24, 9, 10, 15, 22, 25, 26, 17, 26, 25, 25, 24, 17, 24, 16, 17, 24, 15, 16, 15, 11, 16, 15, 10, 11, 16, 11, 12, 17, 18, 28, 16, 12, 17, 17, 12, 18, 18, 12, 13 ],
				"vertices": [ 5, 11, 8.22999, 38.31, 0.04304, 24, -42.02, 10.9, 3.0E-4, 26, -64.03, 9.41, 0, 25, 33.87, 15.77, 0.12112, 27, 14.5, 16.84, 0.83551, 5, 11, 16.35, 38.31, 0.00927, 24, -39.31, 18.54999, 5.0E-5, 26, -61.44, 17.1, 0, 25, 36.09999, 7.97, 0.01748, 27, 16.73, 9.03, 0.97317, 1, 27, 20.25, -3.26, 1, 1, 27, 23.43, -14.4, 1, 5, 11, 40.73, 19.44, 0, 24, -13.38, 35.23, 0.02496, 26, -35.78, 34.18999, 0.00125, 25, 24.65, -20.65, 0.26806, 27, 5.28, -19.58, 0.7057, 5, 11, 40.73, 0.25, 0, 24, 4.69999, 28.82, 0.16706, 26, -17.59, 28.07, 0.05715, 25, 6.2, -25.92, 0.62181, 27, -13.16, -24.85, 0.15395, 5, 11, 40.73, -24.83, 0, 24, 28.35, 20.45, 0.09273, 26, 6.18, 20.06, 0.7214, 25, -17.92, -32.81, 0.18062, 27, -37.28, -31.74, 0.00524, 2, 26, 22.15, 14.69, 0.98287, 25, -34.12, -37.43999, 0.01712, 2, 26, 19.08, 5.57, 0.99249, 25, -36.75999, -28.19, 0.0075, 2, 24, 36.18, -7.92, 0.1358, 26, 14.45, -8.17, 0.86419, 4, 24, 30.21, -24.76, 0.52687, 26, 8.75, -25.11, 0.47311, 25, -45.65, 2.94, 0, 27, -65.01999, 4, 0, 5, 11, -1.26, -29.75, 0.00679, 24, 18.96999, -20.77, 0.69631, 26, -2.55, -21.3, 0.29688, 25, -34.18, 6.21, 0, 27, -53.55, 7.28, 0, 4, 11, -1.26, -1.46, 0.96534, 24, -7.69, -11.33, 0.03457, 26, -29.36, -12.28, 0, 27, -26.35, 15.05, 7.0E-5, 5, 11, -1.26, 19.93, 0.2947, 24, -27.86, -4.19, 0.00106, 26, -49.64, -5.45, 0, 25, 13.59, 19.86, 0.47368, 27, -5.77, 20.93, 0.23054, 5, 11, -1.26, 38.31, 0.06891, 24, -45.19, 1.94, 5.1E-4, 26, -67.06, 0.4, 0, 25, 31.26, 24.91, 0.19726, 27, 11.89, 25.98, 0.7333, 5, 11, 4.05, -35.16, 1.1E-4, 24, 25.85, -17.57, 0.53544, 26, 4.27, -17.99, 0.46443, 25, -37.93, -0.38, 0, 27, -57.29, 0.68, 0, 5, 11, 3.06, -20.65, 0.06559, 24, 11.84, -13.65, 0.86534, 26, -9.79, -14.29, 0.06904, 25, -24.24, 4.54, 0, 27, -43.61, 5.61, 0, 1, 11, 6.75, -1.22, 1, 5, 11, 3.8, 16.49, 0.30903, 24, -22.92, -0.55, 8.3E-4, 26, -44.76, -1.74, 0, 25, 11.67, 14.04, 0.53318, 27, -7.69, 15.1, 0.15693, 5, 11, 3.06, 34.43999, 0.07492, 24, -40.09999, 4.73999, 5.0E-4, 26, -62.02, 3.28, 0, 25, 28.73, 19.68, 0.21027, 27, 9.37, 20.74, 0.71428, 3, 24, -28.38, 28.25, 6.7E-4, 25, 32.82, -6.26, 0.01275, 27, 13.45, -5.19999, 0.98657, 5, 11, 36.03, 17.95999, 0, 24, -13.56, 30.31, 0.0284, 26, -35.88, 29.26, 0.0018, 25, 21.94, -16.54, 0.30692, 27, 2.57, -15.47, 0.66285, 5, 11, 34.8, -16.95999, 0, 24, 18.95, 17.49, 0.2168, 26, -3.17, 16.95, 0.46406, 25, -11.98, -24.95, 0.30361, 27, -31.34, -23.88, 0.01551, 4, 11, 27.66, -32.95, 0, 26, 9.7, 5.09, 0.97448, 25, -29.31, -22.48, 0.02549, 27, -48.68, -21.41, 2.0E-5, 2, 24, 23.14, -3.82, 0.60802, 26, 1.35, -4.29, 0.39197, 4, 24, 12.93, 3.44, 0.77529, 26, -8.96, 2.81, 0.02467, 25, -15.22, -10.01, 0.19536, 27, -34.59, -8.93999, 0.00466, 4, 24, -0.73, 9.06, 0.37127, 26, -22.72, 8.22, 0.0124, 25, -0.82, -6.67, 0.59851, 27, -20.19, -5.6, 0.01781, 4, 24, -11.79, 12.46, 0.00688, 26, -33.83, 11.44, 2.6E-4, 25, 10.14999, -3.02, 0.95882, 27, -9.21, -1.95, 0.03401, 5, 11, 14.38, 22.39, 0.04968, 24, -24.96, 11.38, 9.0E-5, 26, -46.98, 10.16, 0, 25, 20.25, 5.49, 0.43117, 27, 0.89, 6.55, 0.51904 ],
				"hull": 15,
				"edges": [ 18, 20, 20, 22, 22, 24, 24, 26, 26, 28, 2, 0, 0, 28, 2, 4, 4, 6, 6, 8, 8, 10, 10, 12, 12, 14, 14, 16, 16, 18 ],
				"width": 80,
				"height": 42
			}
		},
		"Rodney_body_normal": {
			"Body_Change": { "name": "Rodney_body_damage", "x": 130.63, "y": 9.19, "rotation": -90, "width": 300, "height": 300 }
		},
		"TX": {
			"change": { "name": "TX_L", "x": -23.28, "y": -28.28, "rotation": 163.15, "width": 300, "height": 300 }
		},
		"TX_R": {
			"change": { "name": "TX_R", "x": 4.51, "y": 29.82, "rotation": 2.25, "width": 300, "height": 300 }
		},
		"leg_L": {
			"change": { "name": "leg_L_damage", "x": -39.38, "y": 48.44, "rotation": 67.18, "width": 300, "height": 300 }
		}
	},
	"normal": {
		"JZ_L": {
			"change": { "name": "JZ_L", "x": -24.24, "y": -31.38, "rotation": 163.15, "width": 300, "height": 300 }
		},
		"JZ_R": {
			"change": { "name": "JZ_R", "x": 7.81, "y": 34.58, "rotation": 2.25, "width": 300, "height": 300 }
		},
		"JZ_R_light": {
			"change": { "name": "JZ_R_light", "x": 7.81, "y": 34.58, "rotation": 2.25, "width": 300, "height": 300 }
		},
		"QZ": {
			"change": {
				"name": "QZ",
				"type": "skinnedmesh",
				"uvs": [ 1, 0.18526, 1, 0.47812, 1, 0.77097, 1, 1, 0.74568, 1, 0.53658, 1, 0.26598, 1, 0, 1, 0, 0.77097, 0, 0.30826, 0, 0, 0.14913, 0, 0.52121, 0, 0.74876, 0, 1, 0, 0.07226, 0.1384, 0.25983, 0.11498, 0.49353, 0.19112, 0.68726, 0.1384, 0.89635, 0.0974, 0.94863, 0.60112, 0.8287, 0.86469, 0.72723, 0.89983, 0.29366, 0.89983, 0.15836, 0.77683, 0.05073, 0.57183, 0.17988, 0.34926, 0.30903, 0.53669, 0.50276, 0.53083, 0.66881, 0.50155, 0.78566, 0.39026 ],
				"triangles": [ 4, 21, 3, 21, 2, 3, 5, 22, 4, 4, 22, 21, 22, 29, 21, 21, 20, 2, 21, 29, 20, 20, 1, 2, 29, 30, 20, 20, 30, 1, 30, 0, 1, 30, 19, 0, 30, 18, 19, 19, 14, 0, 19, 13, 14, 6, 23, 5, 5, 23, 28, 5, 28, 22, 28, 29, 22, 28, 17, 29, 30, 29, 17, 18, 13, 19, 23, 6, 24, 6, 7, 24, 7, 8, 24, 23, 24, 27, 8, 25, 24, 24, 25, 27, 8, 9, 25, 25, 26, 27, 25, 9, 26, 9, 15, 26, 9, 10, 15, 23, 27, 28, 27, 26, 17, 27, 17, 28, 17, 26, 16, 26, 15, 16, 15, 11, 16, 15, 10, 11, 16, 11, 12, 30, 17, 18, 17, 12, 18, 17, 16, 12, 18, 12, 13 ],
				"vertices": [ 4, 11, 6.51, 38.31, 0.09747, 24, -42.59, 9.27, 2.1E-4, 25, 33.39, 17.43, 0.13594, 27, 14.03, 18.49, 0.76636, 4, 11, 18.81, 38.31, 0.01058, 24, -38.48, 20.87, 1.0E-5, 25, 36.77, 5.6, 0.00455, 27, 17.41, 6.67, 0.98485, 1, 27, 20.78, -5.15, 1, 1, 27, 23.43, -14.4, 1, 4, 24, -11.99, 34.74, 0.03501, 26, -34.38, 33.71, 0.00351, 25, 23.23, -21.05, 0.28027, 27, 3.86, -19.99, 0.68118, 4, 24, 3.77, 29.15, 0.17185, 26, -18.53, 28.38, 0.05861, 25, 7.15, -25.65, 0.58696, 27, -12.21, -24.58, 0.18256, 4, 24, 24.18, 21.93, 0.19426, 26, 1.98, 21.47, 0.55947, 25, -13.66, -31.59, 0.23063, 27, -33.03, -30.53, 0.01562, 2, 26, 22.15, 14.69, 0.99088, 25, -34.12, -37.43999, 0.00911, 2, 26, 19.08, 5.57, 0.99719, 25, -36.75999, -28.19, 0.0028, 5, 11, 11.67, -41.68, 5.6E-4, 24, 34.54, -12.55, 0.29843, 26, 12.88, -12.84, 0.70099, 25, -42.1, -9.5, 0, 27, -61.47, -8.43999, 0, 3, 24, 30.21, -24.76, 0.53333, 26, 8.75, -25.11, 0.46666, 27, -65.01999, 4, 0, 5, 11, -1.27, -29.75, 0.0143, 24, 18.96999, -20.78, 0.78264, 26, -2.55, -21.3, 0.203, 25, -34.18, 6.21, 4.0E-5, 27, -53.55, 7.28, 0, 2, 11, -1.27, 0.01, 0.99999, 27, -24.93, 15.46, 0, 4, 11, -1.27, 18.20999, 0.41804, 24, -26.24, -4.76, 7.9E-4, 25, 11.93, 19.39, 0.4583, 27, -7.42, 20.45999, 0.12285, 4, 11, -1.27, 38.31, 0.13141, 24, -45.19, 1.94, 3.1E-4, 25, 31.26, 24.91, 0.18791, 27, 11.89, 25.98, 0.68036, 5, 11, 4.54, -35.9, 0.00356, 24, 26.71, -17.35, 0.58041, 26, 5.13, -17.76, 0.416, 25, -38.5, -1.04999, 1.0E-5, 27, -57.87, 0, 0, 5, 11, 3.55, -20.89, 0.03888, 24, 12.23, -13.27, 0.91483, 26, -9.39999, -13.9, 0.04619, 25, -24.34, 4, 8.0E-5, 27, -43.71, 5.07, 0, 2, 11, 6.75, -2.2, 0.57792, 24, -4.31, -4.01, 0.42207, 4, 11, 4.54, 13.29, 0.54859, 24, -19.66, -0.92, 6.8E-4, 25, 8.8, 12.45, 0.43857, 27, -10.56, 13.51, 0.01214, 4, 11, 2.82, 30.02, 0.1628, 24, -36.00999, 3.03, 3.6E-4, 25, 24.41, 18.7, 0.2492, 27, 5.04, 19.76, 0.58762, 2, 11, 23.97, 34.2, 0.00308, 27, 14.87, 0.57, 0.99691, 3, 24, -20.15, 31.6, 0.00675, 25, 28.06, -13.76, 0.0604, 27, 8.68999, -12.7, 0.93284, 4, 24, -12, 30.28, 0.0473, 26, -34.33, 29.26, 0.00597, 25, 20.66, -17.41, 0.3655, 27, 1.29, -16.35, 0.5812, 4, 24, 20.69, 18.7, 0.25865, 26, -1.45, 18.19, 0.40365, 25, -12.69, -26.94, 0.31128, 27, -32.05, -25.87, 0.0264, 4, 24, 29.16, 10.22, 0.04738, 26, 7.15, 9.85, 0.89031, 25, -24.51, -24.95, 0.06057, 27, -43.88, -23.88, 0.00172, 1, 26, 12.56, -1.04999, 1, 2, 24, 21.55, -6.13, 0.33785, 26, -0.2, -6.62, 0.66214, 4, 24, 14.43, 4.73, 0.84127, 26, -7.48, 4.13, 0.0527, 25, -15.69, -11.94, 0.10173, 27, -35.06, -10.87, 0.00428, 5, 11, 21.02, -1.46, 0.01279, 24, -0.25, 9.67, 0.31322, 26, -22.25, 8.84, 0.01175, 25, -0.86, -7.44, 0.64253, 27, -20.21999, -6.38, 0.01967, 4, 24, -13.18, 12.95, 0.01411, 26, -35.23, 11.91, 0.00103, 25, 11.57, -2.60999, 0.87482, 27, -7.79, -1.55, 0.11003, 3, 11, 15.12, 21.16, 0.02565, 25, 19.27, 4.44, 0.22335, 27, -0.08, 5.51, 0.75099 ],
				"hull": 15,
				"edges": [ 0, 28, 18, 20, 20, 22, 22, 24, 24, 26, 26, 28, 0, 2, 2, 4, 4, 6, 6, 8, 8, 10, 10, 12, 12, 14, 14, 16, 16, 18 ],
				"width": 80,
				"height": 42
			}
		},
		"Rodney_body_normal": {
			"Body_Change": { "name": "Rodney_body_normal", "x": 130.63, "y": 9.19, "rotation": -90, "width": 300, "height": 300 }
		},
		"leg_L": {
			"change": { "name": "leg_L", "x": -39.38, "y": 48.45, "rotation": 67.18, "width": 300, "height": 300 }
		}
	}
},
"events": {
	"Antiaircraft": {},
	"attack_point": {},
	"damage_point": {},
	"throw_point": {}
},
"animations": {
	"Antiaircraft": {
		"slots": {
			"JZ_R_light": {
				"attachment": [
					{ "time": 0, "name": null },
					{ "time": 0.0666, "name": "change" }
				],
				"color": [
					{ "time": 0.0666, "color": "fffffffd" },
					{ "time": 0.1666, "color": "ffffff00" },
					{ "time": 0.2, "color": "ffffffff" },
					{ "time": 0.3333, "color": "ffffff00" },
					{ "time": 0.3666, "color": "ffffffff" },
					{ "time": 0.4666, "color": "ffffff00" },
					{ "time": 0.6, "color": "ffffffff" },
					{ "time": 0.7333, "color": "ffffff00" },
					{ "time": 0.8, "color": "ffffffff" },
					{ "time": 0.9, "color": "ffffff00" },
					{ "time": 0.9666, "color": "ffffffff" },
					{ "time": 1.1, "color": "ffffff00" },
					{ "time": 1.1333, "color": "ffffffff" },
					{ "time": 1.2333, "color": "ffffff00" },
					{ "time": 1.3666, "color": "ffffffff" },
					{ "time": 1.4666, "color": "ffffff00" },
					{ "time": 1.5333, "color": "ffffffff" },
					{ "time": 1.6333, "color": "ffffff00" },
					{ "time": 1.7, "color": "ffffffff" },
					{ "time": 1.8333, "color": "ffffff00" },
					{ "time": 1.8666, "color": "ffffffff" },
					{ "time": 1.9666, "color": "ffffff00" }
				]
			},
			"Light_Body": {
				"attachment": [
					{ "time": 0, "name": null },
					{ "time": 0.0666, "name": "Rodney_ship_body_normal_light" },
					{ "time": 0.5, "name": "Rodney_ship_body_normal_light" },
					{ "time": 1.2666, "name": "Rodney_ship_body_normal_light" },
					{ "time": 2, "name": null }
				],
				"color": [
					{ "time": 0.0666, "color": "fffffffd" },
					{ "time": 0.1666, "color": "ffffff00" },
					{ "time": 0.2, "color": "ffffffff" },
					{ "time": 0.3333, "color": "ffffff00" },
					{ "time": 0.3666, "color": "ffffffff" },
					{ "time": 0.4666, "color": "ffffff00" },
					{ "time": 0.6, "color": "ffffffff" },
					{ "time": 0.7333, "color": "ffffff00" },
					{ "time": 0.8, "color": "ffffffff" },
					{ "time": 0.9, "color": "ffffff00" },
					{ "time": 0.9666, "color": "ffffffff" },
					{ "time": 1.1, "color": "ffffff00" },
					{ "time": 1.1333, "color": "ffffffff" },
					{ "time": 1.2333, "color": "ffffff00" },
					{ "time": 1.3666, "color": "ffffffff" },
					{ "time": 1.4666, "color": "ffffff00" },
					{ "time": 1.5333, "color": "ffffffff" },
					{ "time": 1.6333, "color": "ffffff00" },
					{ "time": 1.7, "color": "ffffffff" },
					{ "time": 1.8333, "color": "ffffff00" },
					{ "time": 1.8666, "color": "ffffffff" },
					{ "time": 1.9666, "color": "ffffff00" }
				]
			},
			"Rodney_body_normal": {
				"attachment": [
					{ "time": 0, "name": "Body_Change" }
				]
			},
			"TX": {
				"attachment": [
					{ "time": 0, "name": null }
				]
			},
			"TX_R": {
				"attachment": [
					{ "time": 0, "name": null }
				]
			},
			"cap_light": {
				"attachment": [
					{ "time": 0, "name": null },
					{ "time": 0.0666, "name": "cap_light" }
				],
				"color": [
					{ "time": 0.0666, "color": "fffffffd" },
					{ "time": 0.1666, "color": "ffffff00" },
					{ "time": 0.2, "color": "ffffffff" },
					{ "time": 0.3333, "color": "ffffff00" },
					{ "time": 0.3666, "color": "ffffffff" },
					{ "time": 0.4666, "color": "ffffff00" },
					{ "time": 0.6, "color": "ffffffff" },
					{ "time": 0.7333, "color": "ffffff00" },
					{ "time": 0.8, "color": "ffffffff" },
					{ "time": 0.9, "color": "ffffff00" },
					{ "time": 0.9666, "color": "ffffffff" },
					{ "time": 1.1, "color": "ffffff00" },
					{ "time": 1.1333, "color": "ffffffff" },
					{ "time": 1.2333, "color": "ffffff00" },
					{ "time": 1.3666, "color": "ffffffff" },
					{ "time": 1.4666, "color": "ffffff00" },
					{ "time": 1.5333, "color": "ffffffff" },
					{ "time": 1.6333, "color": "ffffff00" },
					{ "time": 1.7, "color": "ffffffff" },
					{ "time": 1.8333, "color": "ffffff00" },
					{ "time": 1.8666, "color": "ffffffff" },
					{ "time": 1.9666, "color": "ffffff00" }
				]
			},
			"head_light": {
				"attachment": [
					{ "time": 0, "name": null },
					{ "time": 0.0666, "name": "head_light" },
					{ "time": 0.5, "name": null },
					{ "time": 0.6, "name": "head_light" },
					{ "time": 0.8, "name": "head_light" },
					{ "time": 1.2666, "name": null },
					{ "time": 1.3666, "name": "head_light" },
					{ "time": 2, "name": null }
				],
				"color": [
					{ "time": 0.0666, "color": "fffffffd" },
					{ "time": 0.1666, "color": "ffffff00" },
					{ "time": 0.2, "color": "ffffffff" },
					{ "time": 0.3333, "color": "ffffff00" },
					{ "time": 0.3666, "color": "ffffffff" },
					{ "time": 0.4666, "color": "ffffff00" },
					{ "time": 0.6, "color": "ffffffff" },
					{ "time": 0.7333, "color": "ffffff00" },
					{ "time": 0.8, "color": "ffffffff" },
					{ "time": 0.9, "color": "ffffff00" },
					{ "time": 0.9666, "color": "ffffffff" },
					{ "time": 1.1, "color": "ffffff00" },
					{ "time": 1.1333, "color": "ffffffff" },
					{ "time": 1.2333, "color": "ffffff00" },
					{ "time": 1.3666, "color": "ffffffff" },
					{ "time": 1.4666, "color": "ffffff00" },
					{ "time": 1.5333, "color": "ffffffff" },
					{ "time": 1.6333, "color": "ffffff00" },
					{ "time": 1.7, "color": "ffffffff" },
					{ "time": 1.8333, "color": "ffffff00" },
					{ "time": 1.8666, "color": "ffffffff" },
					{ "time": 1.9666, "color": "ffffff00" }
				]
			},
			"leg_R_light": {
				"color": [
					{ "time": 0.0666, "color": "fffffffd" },
					{ "time": 0.1666, "color": "ffffff00" },
					{ "time": 0.2, "color": "ffffffff" },
					{ "time": 0.3333, "color": "ffffff00" },
					{ "time": 0.3666, "color": "ffffffff" },
					{ "time": 0.4666, "color": "ffffff00" },
					{ "time": 0.6, "color": "ffffffff" },
					{ "time": 0.7333, "color": "ffffff00" },
					{ "time": 0.8, "color": "ffffffff" },
					{ "time": 0.9, "color": "ffffff00" },
					{ "time": 0.9666, "color": "ffffffff" },
					{ "time": 1.1, "color": "ffffff00" },
					{ "time": 1.1333, "color": "ffffffff" },
					{ "time": 1.2333, "color": "ffffff00" },
					{ "time": 1.3666, "color": "ffffffff" },
					{ "time": 1.4666, "color": "ffffff00" },
					{ "time": 1.5333, "color": "ffffffff" },
					{ "time": 1.6333, "color": "ffffff00" },
					{ "time": 1.7, "color": "ffffffff" },
					{ "time": 1.8333, "color": "ffffff00" },
					{ "time": 1.8666, "color": "ffffffff" },
					{ "time": 1.9666, "color": "ffffff00" }
				]
			}
		},
		"bones": {
			"Body": {
				"rotate": [
					{ "time": 0, "angle": 0, "curve": "stepped" },
					{ "time": 2, "angle": 0 }
				],
				"translate": [
					{ "time": 0, "x": 0, "y": 0, "curve": "stepped" },
					{ "time": 2, "x": 0, "y": 0 }
				]
			},
			"Root_All": {
				"rotate": [
					{ "time": 0, "angle": 0, "curve": "stepped" },
					{ "time": 2, "angle": 0 }
				],
				"translate": [
					{
						"time": 0,
						"x": 0,
						"y": 0,
						"curve": [ 0.255, 0.35, 0.6, 0.7 ]
					},
					{
						"time": 0.5,
						"x": 0,
						"y": -9.82,
						"curve": [ 0.3, 0.39, 0.641, 0.74 ]
					},
					{
						"time": 1,
						"x": 0,
						"y": -15.66,
						"curve": [ 0.322, 0.37, 0.652, 0.7 ]
					},
					{
						"time": 1.5,
						"x": 0,
						"y": -7.79,
						"curve": [ 0.314, 0.36, 0.644, 0.68 ]
					},
					{ "time": 2, "x": 0, "y": 0 }
				]
			},
			"Ship_All": {
				"rotate": [
					{ "time": 0, "angle": 0, "curve": "stepped" },
					{ "time": 2, "angle": 0 }
				],
				"translate": [
					{ "time": 0, "x": 0, "y": 0, "curve": "stepped" },
					{ "time": 2, "x": 0, "y": 0 }
				]
			},
			"Face": {
				"rotate": [
					{ "time": 0, "angle": 0, "curve": "stepped" },
					{ "time": 2, "angle": 0 }
				],
				"translate": [
					{
						"time": 0,
						"x": 0,
						"y": 0,
						"curve": [ 0.286, 0.34, 0.623, 0.67 ]
					},
					{
						"time": 0.5,
						"x": 0.64,
						"y": 0,
						"curve": [ 0.282, 0.37, 0.624, 0.71 ]
					},
					{
						"time": 1.5,
						"x": -1.28,
						"y": 0,
						"curve": [ 0.321, 0.37, 0.656, 0.71 ]
					},
					{ "time": 2, "x": 0, "y": 0 }
				]
			},
			"Head": {
				"rotate": [
					{ "time": 0, "angle": 0 },
					{ "time": 1, "angle": -4.44 },
					{ "time": 2, "angle": 0 }
				],
				"translate": [
					{ "time": 0, "x": 0, "y": 0, "curve": "stepped" },
					{ "time": 2, "x": 0, "y": 0 }
				]
			},
			"Cap": {
				"rotate": [
					{ "time": 0, "angle": 0 },
					{ "time": 1, "angle": 7.02 },
					{ "time": 2, "angle": 0 }
				],
				"translate": [
					{ "time": 0, "x": 0, "y": 0 },
					{ "time": 1, "x": -2.07, "y": 4.26 },
					{ "time": 2, "x": 0, "y": 0 }
				]
			},
			"hair_L": {
				"rotate": [
					{ "time": 0, "angle": 0 },
					{ "time": 1, "angle": -11.17 },
					{ "time": 2, "angle": 0 }
				],
				"translate": [
					{ "time": 0, "x": 0, "y": 0, "curve": "stepped" },
					{ "time": 2, "x": 0, "y": 0 }
				]
			},
			"hair_R": {
				"rotate": [
					{ "time": 0, "angle": 0 },
					{ "time": 1, "angle": 18.49 },
					{ "time": 2, "angle": 0 }
				],
				"translate": [
					{ "time": 0, "x": 0, "y": 0, "curve": "stepped" },
					{ "time": 2, "x": 0, "y": 0 }
				]
			},
			"leg_R": {
				"rotate": [
					{ "time": 0, "angle": 0 },
					{ "time": 1, "angle": -0.26 },
					{ "time": 2, "angle": 0 }
				],
				"translate": [
					{ "time": 0, "x": 0, "y": 0 },
					{ "time": 1, "x": 3.15, "y": 0 },
					{ "time": 2, "x": 0, "y": 0 }
				]
			},
			"JZ_R": {
				"rotate": [
					{ "time": 0, "angle": 0 },
					{ "time": 1, "angle": 9.49 },
					{ "time": 2, "angle": 0 }
				],
				"translate": [
					{ "time": 0, "x": 0, "y": 0, "curve": "stepped" },
					{ "time": 2, "x": 0, "y": 0 }
				]
			},
			"Hand": {
				"rotate": [
					{ "time": 0, "angle": 0 },
					{ "time": 1, "angle": 18.13 },
					{ "time": 2, "angle": 0 }
				],
				"translate": [
					{ "time": 0, "x": 0, "y": 0, "curve": "stepped" },
					{ "time": 2, "x": 0, "y": 0 }
				]
			},
			"JZ": {
				"rotate": [
					{ "time": 0, "angle": 0, "curve": "stepped" },
					{ "time": 2, "angle": 0 }
				],
				"translate": [
					{ "time": 0, "x": 0, "y": 0, "curve": "stepped" },
					{ "time": 2, "x": 0, "y": 0 }
				]
			},
			"JZ_L": {
				"rotate": [
					{ "time": 0, "angle": 0 },
					{ "time": 1, "angle": -11.08 },
					{ "time": 2, "angle": 0 }
				],
				"translate": [
					{ "time": 0, "x": 0, "y": 0, "curve": "stepped" },
					{ "time": 2, "x": 0, "y": 0 }
				]
			},
			"leg_L": {
				"rotate": [
					{ "time": 0, "angle": 0 },
					{ "time": 1, "angle": 4.05 },
					{ "time": 2, "angle": 0 }
				],
				"translate": [
					{ "time": 0, "x": 0, "y": 0 },
					{ "time": 1, "x": 4.41, "y": 0 },
					{ "time": 2, "x": 0, "y": 0 }
				]
			},
			"flay": {
				"rotate": [
					{ "time": 0, "angle": 0 },
					{ "time": 0.5, "angle": -21.03 },
					{ "time": 1.5, "angle": 11.42 },
					{ "time": 2, "angle": 0 }
				],
				"translate": [
					{ "time": 0, "x": 0, "y": 0, "curve": "stepped" },
					{ "time": 2, "x": 0, "y": 0 }
				]
			},
			"QZ_1": {
				"rotate": [
					{ "time": 0, "angle": 0 },
					{ "time": 0.5, "angle": -0.39 },
					{ "time": 1, "angle": 0 },
					{ "time": 1.5, "angle": -4.57 },
					{ "time": 2, "angle": 0 }
				],
				"translate": [
					{ "time": 0, "x": 0, "y": 0, "curve": "stepped" },
					{ "time": 1, "x": 0, "y": 0, "curve": "stepped" },
					{ "time": 2, "x": 0, "y": 0 }
				]
			},
			"qz_5": {
				"rotate": [
					{ "time": 0, "angle": 0 },
					{ "time": 0.5, "angle": -10.76 },
					{ "time": 1, "angle": 0 },
					{ "time": 1.5, "angle": 6.39 },
					{ "time": 2, "angle": 0 }
				],
				"translate": [
					{ "time": 0, "x": 0, "y": 0, "curve": "stepped" },
					{ "time": 1, "x": 0, "y": 0, "curve": "stepped" },
					{ "time": 2, "x": 0, "y": 0 }
				]
			},
			"qz_R": {
				"rotate": [
					{ "time": 0, "angle": 0 },
					{ "time": 0.5, "angle": -4.47 },
					{ "time": 1, "angle": 0 },
					{ "time": 1.5, "angle": 12.37 },
					{ "time": 2, "angle": 0 }
				],
				"translate": [
					{ "time": 0, "x": 0, "y": 0, "curve": "stepped" },
					{ "time": 1, "x": 0, "y": 0, "curve": "stepped" },
					{ "time": 2, "x": 0, "y": 0 }
				]
			},
			"qz_3": {
				"rotate": [
					{ "time": 0, "angle": 0 },
					{ "time": 0.5, "angle": -8.76 },
					{ "time": 1, "angle": 0 },
					{ "time": 1.5, "angle": 14.11 },
					{ "time": 2, "angle": 0 }
				],
				"translate": [
					{ "time": 0, "x": 0, "y": 0, "curve": "stepped" },
					{ "time": 1, "x": 0, "y": 0, "curve": "stepped" },
					{ "time": 2, "x": 0, "y": 0 }
				]
			},
			"qz_L": {
				"rotate": [
					{ "time": 0, "angle": 0 },
					{ "time": 0.5, "angle": 2.72 },
					{ "time": 1, "angle": 0 },
					{ "time": 1.5, "angle": 7.63 },
					{ "time": 2, "angle": 0 }
				],
				"translate": [
					{ "time": 0, "x": 0, "y": 0, "curve": "stepped" },
					{ "time": 1, "x": 0, "y": 0, "curve": "stepped" },
					{ "time": 2, "x": 0, "y": 0 }
				]
			}
		},
		"events": [
			{ "time": 0.0666, "name": "Antiaircraft" }
		]
	},
	"attack": {
		"slots": {
			"JZ_R_light": {
				"attachment": [
					{ "time": 0, "name": null },
					{ "time": 0.0666, "name": "change" }
				],
				"color": [
					{ "time": 0.5333, "color": "fffffffb" },
					{ "time": 0.8333, "color": "ffffff00" }
				]
			},
			"Light_Body": {
				"attachment": [
					{ "time": 0, "name": null },
					{ "time": 0.0666, "name": "Rodney_ship_body_normal_light" }
				],
				"color": [
					{ "time": 0.5333, "color": "fffffffb" },
					{ "time": 0.8333, "color": "ffffff00" }
				]
			},
			"Rodney_body_normal": {
				"attachment": [
					{ "time": 0, "name": "Body_Change" },
					{ "time": 0.9, "name": "Body_Change" }
				]
			},
			"TX": {
				"attachment": [
					{ "time": 0, "name": null }
				]
			},
			"TX_R": {
				"attachment": [
					{ "time": 0, "name": null },
					{ "time": 0.0666, "name": "change" },
					{ "time": 0.6666, "name": "change" },
					{ "time": 1.2, "name": null }
				],
				"color": [
					{ "time": 0.6666, "color": "ffffffff" },
					{ "time": 1.2, "color": "ffffff07" }
				]
			},
			"cap_light": {
				"attachment": [
					{ "time": 0, "name": null },
					{ "time": 0.0666, "name": "cap_light" },
					{ "time": 0.1, "name": "cap_light" },
					{ "time": 0.5, "name": "cap_light" }
				],
				"color": [
					{ "time": 0.5333, "color": "fffffffb" },
					{ "time": 0.8333, "color": "ffffff00" }
				]
			},
			"head_light": {
				"attachment": [
					{ "time": 0, "name": null },
					{ "time": 0.0666, "name": "head_light" },
					{ "time": 0.1, "name": "head_light" },
					{ "time": 0.5, "name": "head_light" }
				],
				"color": [
					{ "time": 0.5333, "color": "fffffffb" },
					{ "time": 0.8333, "color": "ffffff00" }
				]
			},
			"leg_R_light": {
				"attachment": [
					{ "time": 0, "name": null },
					{ "time": 0.0666, "name": "leg_R_light" }
				],
				"color": [
					{ "time": 0.5333, "color": "fffffffb" },
					{ "time": 0.8333, "color": "ffffff00" }
				]
			}
		},
		"bones": {
			"Root_All": {
				"rotate": [
					{ "time": 0, "angle": 0, "curve": "stepped" },
					{ "time": 1.6666, "angle": 0 }
				],
				"translate": [
					{
						"time": 0,
						"x": 0,
						"y": 0,
						"curve": [ 0.255, 0.35, 0.6, 0.7 ]
					},
					{ "time": 0.0666, "x": 8.69, "y": 0 },
					{ "time": 0.1666, "x": -87.44, "y": 0 },
					{ "time": 0.3333, "x": -61.04, "y": 0 },
					{ "time": 0.5333, "x": -69.84, "y": 0 },
					{ "time": 1, "x": -85.6, "y": 0 },
					{ "time": 1.4, "x": 15.07, "y": 0 },
					{ "time": 1.6666, "x": 0, "y": 0 }
				]
			},
			"Face": {
				"rotate": [
					{ "time": 0, "angle": 0, "curve": "stepped" },
					{ "time": 1.6666, "angle": 0 }
				],
				"translate": [
					{
						"time": 0,
						"x": 0,
						"y": 0,
						"curve": [ 0.286, 0.34, 0.623, 0.67 ]
					},
					{ "time": 0.1666, "x": 0, "y": 3.4 },
					{ "time": 0.3333, "x": -0.2, "y": 1.71 },
					{ "time": 0.9, "x": -0.34, "y": 1.96 },
					{ "time": 1, "x": -0.15, "y": 1.13 },
					{ "time": 1.4, "x": -0.35, "y": 0.55 },
					{ "time": 1.6666, "x": 0, "y": 0 }
				]
			},
			"Ship_All": {
				"rotate": [
					{ "time": 0, "angle": 0, "curve": "stepped" },
					{ "time": 1.6666, "angle": 0 }
				],
				"translate": [
					{ "time": 0, "x": 0, "y": 0, "curve": "stepped" },
					{ "time": 1.6666, "x": 0, "y": 0 }
				]
			},
			"Body": {
				"rotate": [
					{ "time": 0, "angle": 0, "curve": "stepped" },
					{ "time": 1.6666, "angle": 0 }
				],
				"translate": [
					{ "time": 0, "x": 0, "y": 0, "curve": "stepped" },
					{ "time": 1.6666, "x": 0, "y": 0 }
				]
			},
			"Attack_Point": {
				"rotate": [
					{ "time": 0.0666, "angle": 0 }
				],
				"translate": [
					{ "time": 0.0666, "x": 0, "y": 0 }
				]
			},
			"Cap": {
				"rotate": [
					{ "time": 0, "angle": 0 },
					{ "time": 0.8333, "angle": 7.67 },
					{ "time": 1.6666, "angle": 0 }
				],
				"translate": [
					{ "time": 0, "x": 0, "y": 0 },
					{ "time": 0.8333, "x": -0.05, "y": 1.49 },
					{ "time": 1.6666, "x": 0, "y": 0 }
				]
			},
			"Head": {
				"rotate": [
					{ "time": 0, "angle": 0 },
					{ "time": 0.6666, "angle": -5.2 },
					{ "time": 1.6666, "angle": 0 }
				],
				"translate": [
					{ "time": 0, "x": 0, "y": 0, "curve": "stepped" },
					{ "time": 1.6666, "x": 0, "y": 0 }
				]
			},
			"hair_R": {
				"rotate": [
					{ "time": 0, "angle": 0 },
					{ "time": 0.6666, "angle": 12.57 },
					{ "time": 1.1666, "angle": -13.39 },
					{ "time": 1.6666, "angle": 0 }
				],
				"translate": [
					{ "time": 0, "x": 0, "y": 0, "curve": "stepped" },
					{ "time": 1.6666, "x": 0, "y": 0 }
				]
			},
			"hair_L": {
				"rotate": [
					{ "time": 0, "angle": 0 },
					{ "time": 0.6666, "angle": 17.68 },
					{ "time": 1.1666, "angle": -10.7 },
					{ "time": 1.6666, "angle": 0 }
				],
				"translate": [
					{ "time": 0, "x": 0, "y": 0, "curve": "stepped" },
					{ "time": 1.6666, "x": 0, "y": 0 }
				]
			},
			"leg_R": {
				"rotate": [
					{ "time": 0, "angle": 0 },
					{ "time": 1, "angle": 6.78 },
					{ "time": 1.6666, "angle": 0 }
				],
				"translate": [
					{ "time": 0, "x": 0, "y": 0, "curve": "stepped" },
					{ "time": 1.6666, "x": 0, "y": 0 }
				]
			},
			"JZ_R": {
				"rotate": [
					{ "time": 0, "angle": 0 },
					{ "time": 0.8333, "angle": 9.7 },
					{ "time": 1.1666, "angle": -1.98 },
					{ "time": 1.6666, "angle": 0 }
				],
				"translate": [
					{ "time": 0, "x": 0, "y": 0, "curve": "stepped" },
					{ "time": 1.6666, "x": 0, "y": 0 }
				]
			},
			"JZ_L": {
				"rotate": [
					{ "time": 0, "angle": 0 },
					{ "time": 1, "angle": 8.63 },
					{ "time": 1.3333, "angle": -8.49 },
					{ "time": 1.6666, "angle": 0 }
				],
				"translate": [
					{ "time": 0, "x": 0, "y": 0, "curve": "stepped" },
					{ "time": 1.6666, "x": 0, "y": 0 }
				]
			},
			"leg_L": {
				"rotate": [
					{ "time": 0, "angle": 0 },
					{ "time": 1, "angle": 6.78 },
					{ "time": 1.6666, "angle": 0 }
				],
				"translate": [
					{ "time": 0, "x": 0, "y": 0, "curve": "stepped" },
					{ "time": 1.6666, "x": 0, "y": 0 }
				]
			},
			"flay": {
				"rotate": [
					{ "time": 0, "angle": 0 },
					{
						"time": 0.8333,
						"angle": -17.41,
						"curve": [ 0.546, 0.16, 0.289, 0.95 ]
					},
					{
						"time": 1.3333,
						"angle": 8.89,
						"curve": [ 0.55, 0.06, 0.466, 0.97 ]
					},
					{ "time": 1.6666, "angle": 0 }
				],
				"translate": [
					{ "time": 0, "x": 0, "y": 0, "curve": "stepped" },
					{ "time": 1.6666, "x": 0, "y": 0 }
				]
			},
			"QZ_1": {
				"rotate": [
					{ "time": 0, "angle": 0 },
					{ "time": 0.8333, "angle": -352.65 },
					{ "time": 1.3333, "angle": -11.92 },
					{ "time": 1.6666, "angle": 0 }
				],
				"translate": [
					{ "time": 0, "x": 0, "y": 0, "curve": "stepped" },
					{ "time": 1.6666, "x": 0, "y": 0 }
				]
			},
			"qz_5": {
				"rotate": [
					{ "time": 0, "angle": 0 },
					{ "time": 0.8333, "angle": 4.37 },
					{ "time": 1.3333, "angle": 2.68 },
					{ "time": 1.6666, "angle": 0 }
				],
				"translate": [
					{ "time": 0, "x": 0, "y": 0, "curve": "stepped" },
					{ "time": 1.6666, "x": 0, "y": 0 }
				]
			},
			"qz_R": {
				"rotate": [
					{ "time": 0, "angle": 0 },
					{ "time": 0.8333, "angle": 5.49 },
					{ "time": 1.3333, "angle": 14.81 },
					{ "time": 1.6666, "angle": 0 }
				],
				"translate": [
					{ "time": 0, "x": 0, "y": 0, "curve": "stepped" },
					{ "time": 1.6666, "x": 0, "y": 0 }
				]
			},
			"qz_3": {
				"rotate": [
					{ "time": 0, "angle": 0 },
					{ "time": 0.8333, "angle": -3.39 },
					{ "time": 1.3333, "angle": -13.97 },
					{ "time": 1.6666, "angle": 0 }
				],
				"translate": [
					{ "time": 0, "x": 0, "y": 0, "curve": "stepped" },
					{ "time": 1.6666, "x": 0, "y": 0 }
				]
			},
			"qz_L": {
				"rotate": [
					{ "time": 0, "angle": 0 },
					{ "time": 0.8333, "angle": 7.99 },
					{ "time": 1.3333, "angle": 9.01 },
					{ "time": 1.6666, "angle": 0 }
				],
				"translate": [
					{ "time": 0, "x": 0, "y": 0, "curve": "stepped" },
					{ "time": 1.6666, "x": 0, "y": 0 }
				]
			},
			"JZ": {
				"rotate": [
					{ "time": 0, "angle": 0, "curve": "stepped" },
					{ "time": 1.6666, "angle": 0 }
				],
				"translate": [
					{ "time": 0, "x": 0, "y": 0, "curve": "stepped" },
					{ "time": 1.6666, "x": 0, "y": 0 }
				]
			}
		},
		"events": [
			{ "time": 0.0666, "name": "attack_point" }
		]
	},
	"damage": {
		"slots": {
			"JZ_L": {
				"color": [
					{ "time": 0.0666, "color": "8c4c51ff", "curve": "stepped" },
					{ "time": 0.7666, "color": "8c4c51ff" },
					{ "time": 1.1333, "color": "ffffffff" }
				]
			},
			"JZ_R": {
				"color": [
					{ "time": 0.0666, "color": "8c4c51ff", "curve": "stepped" },
					{ "time": 0.7666, "color": "8c4c51ff" },
					{ "time": 1.1333, "color": "ffffffff" }
				]
			},
			"JZ_R_light": {
				"attachment": [
					{ "time": 0, "name": null },
					{ "time": 0.0666, "name": "change" }
				],
				"color": [
					{ "time": 0.5333, "color": "fffffffc" },
					{ "time": 0.7666, "color": "ffffff00" }
				]
			},
			"Light_Body": {
				"attachment": [
					{ "time": 0, "name": null },
					{ "time": 0.0666, "name": "Rodney_ship_body_normal_light" },
					{ "time": 0.7666, "name": null }
				],
				"color": [
					{ "time": 0.5333, "color": "fffffffc" },
					{ "time": 0.7666, "color": "ffffff00" }
				]
			},
			"QZ": {
				"color": [
					{ "time": 0.0666, "color": "8c4c51ff", "curve": "stepped" },
					{ "time": 0.7666, "color": "8c4c51ff" },
					{ "time": 1.1333, "color": "ffffffff" }
				]
			},
			"Rodney_body_normal": {
				"attachment": [
					{ "time": 0, "name": "Body_Change" },
					{ "time": 0.8666, "name": "Body_Change" }
				],
				"color": [
					{ "time": 0.0666, "color": "8c4c51ff", "curve": "stepped" },
					{ "time": 0.7666, "color": "8c4c51ff" },
					{ "time": 1.1333, "color": "ffffffff" }
				]
			},
			"Rodney_eyes_normal": {
				"attachment": [
					{ "time": 0.0666, "name": "Rodney_eyes_damage" },
					{ "time": 1.1333, "name": "Rodney_eyes_normal" }
				],
				"color": [
					{ "time": 0.0666, "color": "8c4c51ff", "curve": "stepped" },
					{ "time": 0.7666, "color": "8c4c51ff" },
					{ "time": 1.1333, "color": "ffffffff" }
				]
			},
			"TX": {
				"attachment": [
					{ "time": 0, "name": null }
				]
			},
			"TX_R": {
				"attachment": [
					{ "time": 0, "name": null }
				]
			},
			"cap": {
				"color": [
					{ "time": 0.0666, "color": "8c4c51ff", "curve": "stepped" },
					{ "time": 0.7666, "color": "8c4c51ff" },
					{ "time": 1.1333, "color": "ffffffff" }
				]
			},
			"cap_light": {
				"attachment": [
					{ "time": 0, "name": null },
					{ "time": 0.0666, "name": "cap_light" }
				],
				"color": [
					{ "time": 0.5333, "color": "fffffffc" },
					{ "time": 0.7666, "color": "ffffff00" }
				]
			},
			"flay": {
				"color": [
					{ "time": 0.0666, "color": "8c4c51ff", "curve": "stepped" },
					{ "time": 0.7666, "color": "8c4c51ff" },
					{ "time": 1.1333, "color": "ffffffff" }
				]
			},
			"hair_L": {
				"color": [
					{ "time": 0.0666, "color": "8c4c51ff", "curve": "stepped" },
					{ "time": 0.7666, "color": "8c4c51ff" },
					{ "time": 1.1333, "color": "ffffffff" }
				]
			},
			"hair_R": {
				"color": [
					{ "time": 0.0666, "color": "8c4c51ff", "curve": "stepped" },
					{ "time": 0.7666, "color": "8c4c51ff" },
					{ "time": 1.1333, "color": "ffffffff" }
				]
			},
			"hand": {
				"color": [
					{ "time": 0.0666, "color": "8c4c51ff", "curve": "stepped" },
					{ "time": 0.7666, "color": "8c4c51ff" },
					{ "time": 1.1333, "color": "ffffffff" }
				]
			},
			"head": {
				"color": [
					{ "time": 0.0666, "color": "8c4c51ff", "curve": "stepped" },
					{ "time": 0.7666, "color": "8c4c51ff" },
					{ "time": 1.1333, "color": "ffffffff" }
				]
			},
			"head_light": {
				"attachment": [
					{ "time": 0, "name": null },
					{ "time": 0.0666, "name": "head_light" },
					{ "time": 0.7666, "name": null }
				],
				"color": [
					{ "time": 0.5333, "color": "fffffffc" },
					{ "time": 0.7666, "color": "ffffff00" }
				]
			},
			"leg_L": {
				"color": [
					{ "time": 0.0666, "color": "8c4c51ff", "curve": "stepped" },
					{ "time": 0.7666, "color": "8c4c51ff" },
					{ "time": 1.1333, "color": "ffffffff" }
				]
			},
			"leg_R": {
				"color": [
					{ "time": 0.0666, "color": "8c4c51ff", "curve": "stepped" },
					{ "time": 0.7666, "color": "8c4c51ff" },
					{ "time": 1.1333, "color": "ffffffff" }
				]
			},
			"leg_R_light": {
				"attachment": [
					{ "time": 0, "name": null },
					{ "time": 0.0666, "name": "leg_R_light" },
					{ "time": 0.7666, "name": null }
				],
				"color": [
					{ "time": 0.5333, "color": "fffffffc" },
					{ "time": 0.7666, "color": "ffffff00" }
				]
			}
		},
		"bones": {
			"Root_All": {
				"rotate": [
					{ "time": 0, "angle": 0, "curve": "stepped" },
					{ "time": 1.1666, "angle": 0 }
				],
				"translate": [
					{
						"time": 0,
						"x": 0,
						"y": 0,
						"curve": [ 0.255, 0.35, 0.6, 0.7 ]
					},
					{ "time": 0.0666, "x": -27.67, "y": -23.16 },
					{ "time": 0.1333, "x": 20.98, "y": 15.35 },
					{ "time": 0.2333, "x": -19.78, "y": -15.62 },
					{ "time": 0.3666, "x": 14.36, "y": 8.59 },
					{ "time": 0.5666, "x": -3.37, "y": -4.5 },
					{ "time": 0.8666, "x": 5.63, "y": 2.25 },
					{ "time": 1.1666, "x": 0, "y": 0 }
				]
			},
			"Face": {
				"rotate": [
					{ "time": 0, "angle": 0, "curve": "stepped" },
					{ "time": 1.1666, "angle": 0 }
				],
				"translate": [
					{
						"time": 0,
						"x": 0,
						"y": 0,
						"curve": [ 0.286, 0.34, 0.623, 0.67 ]
					},
					{ "time": 0.0666, "x": -5.44, "y": 0 },
					{ "time": 0.1333, "x": -0.44, "y": 0 },
					{ "time": 0.2333, "x": -5.06, "y": 0 },
					{ "time": 0.3666, "x": -2.01, "y": 0 },
					{ "time": 1.1666, "x": 0, "y": 0 }
				]
			},
			"Ship_All": {
				"rotate": [
					{ "time": 0, "angle": 0, "curve": "stepped" },
					{ "time": 1.1666, "angle": 0 }
				],
				"translate": [
					{ "time": 0, "x": 0, "y": 0, "curve": "stepped" },
					{ "time": 1.1666, "x": 0, "y": 0 }
				]
			},
			"Body": {
				"rotate": [
					{ "time": 0, "angle": 0, "curve": "stepped" },
					{ "time": 1.1666, "angle": 0 }
				],
				"translate": [
					{ "time": 0, "x": 0, "y": 0, "curve": "stepped" },
					{ "time": 1.1666, "x": 0, "y": 0 }
				]
			},
			"Damage_Point": {
				"rotate": [
					{ "time": 0.0666, "angle": 0 }
				],
				"translate": [
					{ "time": 0.0666, "x": 0, "y": 0 }
				]
			},
			"Head": {
				"rotate": [
					{ "time": 0, "angle": 0 },
					{ "time": 0.6666, "angle": -6.17 },
					{ "time": 1.1666, "angle": 0 }
				],
				"translate": [
					{ "time": 0, "x": 0, "y": 0, "curve": "stepped" },
					{ "time": 1.1666, "x": 0, "y": 0 }
				]
			},
			"Cap": {
				"rotate": [
					{ "time": 0, "angle": 0 },
					{ "time": 0.3333, "angle": -7.3 },
					{ "time": 1.1666, "angle": 0 }
				],
				"translate": [
					{ "time": 0, "x": 0, "y": 0 },
					{ "time": 0.3333, "x": -5.63, "y": 5.21 },
					{ "time": 1.1666, "x": 0, "y": 0 }
				]
			},
			"hair_L": {
				"rotate": [
					{ "time": 0, "angle": 0 },
					{ "time": 0.3333, "angle": 14.8 },
					{ "time": 0.5, "angle": 3.53 },
					{ "time": 0.6666, "angle": 14.03 },
					{ "time": 1.1666, "angle": 0 }
				],
				"translate": [
					{ "time": 0, "x": 0, "y": 0, "curve": "stepped" },
					{ "time": 1.1666, "x": 0, "y": 0 }
				]
			},
			"hair_R": {
				"rotate": [
					{ "time": 0, "angle": 0 },
					{ "time": 0.3333, "angle": -13.79 },
					{ "time": 0.5, "angle": -1.8 },
					{ "time": 0.6666, "angle": -12.93 },
					{ "time": 1.1666, "angle": 0 }
				],
				"translate": [
					{ "time": 0, "x": 0, "y": 0, "curve": "stepped" },
					{ "time": 1.1666, "x": 0, "y": 0 }
				]
			},
			"Hand": {
				"rotate": [
					{ "time": 0, "angle": 0 },
					{ "time": 0.5, "angle": 7.46 },
					{ "time": 1.1666, "angle": 0 }
				],
				"translate": [
					{ "time": 0, "x": 0, "y": 0, "curve": "stepped" },
					{ "time": 1.1666, "x": 0, "y": 0 }
				]
			},
			"JZ_L": {
				"rotate": [
					{ "time": 0, "angle": 0 },
					{ "time": 0.5, "angle": -11.68 },
					{ "time": 0.8333, "angle": 12.34 },
					{ "time": 1.1666, "angle": 0 }
				],
				"translate": [
					{ "time": 0, "x": 0, "y": 0, "curve": "stepped" },
					{ "time": 1.1666, "x": 0, "y": 0 }
				]
			},
			"JZ_R": {
				"rotate": [
					{ "time": 0, "angle": 0 },
					{ "time": 0.5, "angle": 10.48 },
					{ "time": 0.8333, "angle": -10.43 },
					{ "time": 1.1666, "angle": 0 }
				],
				"translate": [
					{ "time": 0, "x": 0, "y": 0, "curve": "stepped" },
					{ "time": 1.1666, "x": 0, "y": 0 }
				]
			},
			"QZ_1": {
				"rotate": [
					{ "time": 0, "angle": 0 },
					{ "time": 0.5, "angle": -355.22 },
					{ "time": 0.8333, "angle": -358.16 },
					{ "time": 1.1666, "angle": 0 }
				],
				"translate": [
					{ "time": 0, "x": 0, "y": 0, "curve": "stepped" },
					{ "time": 1.1666, "x": 0, "y": 0 }
				]
			},
			"leg_L": {
				"rotate": [
					{ "time": 0, "angle": 0 },
					{ "time": 0.5, "angle": 4.35 },
					{ "time": 0.8333, "angle": -3.08 },
					{ "time": 1.1666, "angle": 0 }
				],
				"translate": [
					{ "time": 0, "x": 0, "y": 0, "curve": "stepped" },
					{ "time": 1.1666, "x": 0, "y": 0 }
				]
			},
			"leg_R": {
				"rotate": [
					{ "time": 0, "angle": 0 },
					{ "time": 0.5, "angle": 4.35 },
					{ "time": 0.8333, "angle": -3.08 },
					{ "time": 1.1666, "angle": 0 }
				],
				"translate": [
					{ "time": 0, "x": 0, "y": 0, "curve": "stepped" },
					{ "time": 1.1666, "x": 0, "y": 0 }
				]
			},
			"JZ": {
				"rotate": [
					{ "time": 0, "angle": 0 },
					{ "time": 0.5, "angle": 358.81 },
					{ "time": 0.8333, "angle": 2.63 },
					{ "time": 1.1666, "angle": 0 }
				],
				"translate": [
					{ "time": 0, "x": 0, "y": 0, "curve": "stepped" },
					{ "time": 1.1666, "x": 0, "y": 0 }
				]
			},
			"qz_5": {
				"rotate": [
					{ "time": 0, "angle": 0 },
					{ "time": 0.5, "angle": 5.55 },
					{ "time": 0.8333, "angle": -11.73 },
					{ "time": 1.1666, "angle": 0 }
				],
				"translate": [
					{ "time": 0, "x": 0, "y": 0, "curve": "stepped" },
					{ "time": 1.1666, "x": 0, "y": 0 }
				]
			},
			"qz_R": {
				"rotate": [
					{ "time": 0, "angle": 0 },
					{ "time": 0.5, "angle": 11.51 },
					{ "time": 0.8333, "angle": 0.63 },
					{ "time": 1.1666, "angle": 0 }
				],
				"translate": [
					{ "time": 0, "x": 0, "y": 0, "curve": "stepped" },
					{ "time": 1.1666, "x": 0, "y": 0 }
				]
			},
			"qz_3": {
				"rotate": [
					{ "time": 0, "angle": 0 },
					{ "time": 0.5, "angle": 13.62 },
					{ "time": 0.8333, "angle": -10.12 },
					{ "time": 1.1666, "angle": 0 }
				],
				"translate": [
					{ "time": 0, "x": 0, "y": 0, "curve": "stepped" },
					{ "time": 1.1666, "x": 0, "y": 0 }
				]
			},
			"qz_L": {
				"rotate": [
					{ "time": 0, "angle": 0 },
					{ "time": 0.5, "angle": 12.06 },
					{ "time": 0.8333, "angle": -10.51 },
					{ "time": 1.1666, "angle": 0 }
				],
				"translate": [
					{ "time": 0, "x": 0, "y": 0, "curve": "stepped" },
					{ "time": 1.1666, "x": 0, "y": 0 }
				]
			}
		},
		"events": [
			{ "time": 0.0666, "name": "damage_point" }
		]
	},
	"normal": {
		"slots": {
			"JZ_R_light": {
				"attachment": [
					{ "time": 0, "name": null }
				]
			},
			"Light_Body": {
				"attachment": [
					{ "time": 0, "name": null }
				]
			},
			"Rodney_body_normal": {
				"attachment": [
					{ "time": 0, "name": "Body_Change" }
				]
			},
			"TX": {
				"attachment": [
					{ "time": 0, "name": null },
					{ "time": 0.9333, "name": null },
					{ "time": 1, "name": "change" },
					{ "time": 1.0666, "name": null },
					{ "time": 1.1333, "name": "change" },
					{ "time": 1.2, "name": null },
					{ "time": 1.2666, "name": "change" },
					{ "time": 1.3333, "name": null },
					{ "time": 1.4, "name": "change" },
					{ "time": 1.4666, "name": null },
					{ "time": 2, "name": null }
				]
			},
			"TX_R": {
				"attachment": [
					{ "time": 0, "name": null },
					{ "time": 1.0666, "name": null },
					{ "time": 1.1333, "name": "change" },
					{ "time": 1.2, "name": "change" },
					{ "time": 1.2666, "name": "change" },
					{ "time": 1.3333, "name": "change" },
					{ "time": 1.4, "name": null },
					{ "time": 1.4666, "name": "change" },
					{ "time": 1.5333, "name": "change" },
					{ "time": 1.6, "name": null },
					{ "time": 1.6666, "name": "change" },
					{ "time": 1.7333, "name": "change" },
					{ "time": 2, "name": null }
				]
			},
			"cap_light": {
				"attachment": [
					{ "time": 0, "name": null }
				]
			},
			"head_light": {
				"attachment": [
					{ "time": 0, "name": null }
				]
			},
			"leg_R_light": {
				"attachment": [
					{ "time": 0, "name": null }
				]
			}
		},
		"bones": {
			"JZ_R": {
				"rotate": [
					{ "time": 0, "angle": 0 },
					{ "time": 1, "angle": 9.49 },
					{ "time": 2, "angle": 0 }
				],
				"translate": [
					{ "time": 0, "x": 0, "y": 0, "curve": "stepped" },
					{ "time": 2, "x": 0, "y": 0 }
				]
			},
			"Head": {
				"rotate": [
					{ "time": 0, "angle": 0 },
					{ "time": 1, "angle": -4.44 },
					{ "time": 2, "angle": 0 }
				],
				"translate": [
					{ "time": 0, "x": 0, "y": 0, "curve": "stepped" },
					{ "time": 2, "x": 0, "y": 0 }
				]
			},
			"qz_R": {
				"rotate": [
					{ "time": 0, "angle": 0 },
					{ "time": 0.5, "angle": -4.47 },
					{ "time": 1, "angle": 0 },
					{ "time": 1.5, "angle": 12.37 },
					{ "time": 2, "angle": 0 }
				],
				"translate": [
					{ "time": 0, "x": 0, "y": 0, "curve": "stepped" },
					{ "time": 1, "x": 0, "y": 0, "curve": "stepped" },
					{ "time": 2, "x": 0, "y": 0 }
				]
			},
			"hair_R": {
				"rotate": [
					{ "time": 0, "angle": 0 },
					{ "time": 1, "angle": 18.49 },
					{ "time": 2, "angle": 0 }
				],
				"translate": [
					{ "time": 0, "x": 0, "y": 0, "curve": "stepped" },
					{ "time": 2, "x": 0, "y": 0 }
				]
			},
			"qz_L": {
				"rotate": [
					{ "time": 0, "angle": 0 },
					{ "time": 0.5, "angle": 2.72 },
					{ "time": 1, "angle": 0 },
					{ "time": 1.5, "angle": 7.63 },
					{ "time": 2, "angle": 0 }
				],
				"translate": [
					{ "time": 0, "x": 0, "y": 0, "curve": "stepped" },
					{ "time": 1, "x": 0, "y": 0, "curve": "stepped" },
					{ "time": 2, "x": 0, "y": 0 }
				]
			},
			"JZ": {
				"rotate": [
					{ "time": 0, "angle": 0, "curve": "stepped" },
					{ "time": 2, "angle": 0 }
				],
				"translate": [
					{ "time": 0, "x": 0, "y": 0, "curve": "stepped" },
					{ "time": 2, "x": 0, "y": 0 }
				]
			},
			"qz_5": {
				"rotate": [
					{ "time": 0, "angle": 0 },
					{ "time": 0.5, "angle": -10.76 },
					{ "time": 1, "angle": 0 },
					{ "time": 1.5, "angle": 6.39 },
					{ "time": 2, "angle": 0 }
				],
				"translate": [
					{ "time": 0, "x": 0, "y": 0, "curve": "stepped" },
					{ "time": 1, "x": 0, "y": 0, "curve": "stepped" },
					{ "time": 2, "x": 0, "y": 0 }
				]
			},
			"Face": {
				"rotate": [
					{ "time": 0, "angle": 0, "curve": "stepped" },
					{ "time": 2, "angle": 0 }
				],
				"translate": [
					{
						"time": 0,
						"x": 0,
						"y": 0,
						"curve": [ 0.286, 0.34, 0.623, 0.67 ]
					},
					{
						"time": 0.5,
						"x": 0.64,
						"y": 0,
						"curve": [ 0.282, 0.37, 0.624, 0.71 ]
					},
					{
						"time": 1.5,
						"x": -1.28,
						"y": 0,
						"curve": [ 0.321, 0.37, 0.656, 0.71 ]
					},
					{ "time": 2, "x": 0, "y": 0 }
				]
			},
			"Body": {
				"rotate": [
					{ "time": 0, "angle": 0, "curve": "stepped" },
					{ "time": 2, "angle": 0 }
				],
				"translate": [
					{ "time": 0, "x": 0, "y": 0, "curve": "stepped" },
					{ "time": 2, "x": 0, "y": 0 }
				]
			},
			"Cap": {
				"rotate": [
					{ "time": 0, "angle": 0 },
					{ "time": 1, "angle": 7.02 },
					{ "time": 2, "angle": 0 }
				],
				"translate": [
					{ "time": 0, "x": 0, "y": 0 },
					{ "time": 1, "x": -2.07, "y": 4.26 },
					{ "time": 2, "x": 0, "y": 0 }
				]
			},
			"JZ_L": {
				"rotate": [
					{ "time": 0, "angle": 0 },
					{ "time": 1, "angle": -11.08 },
					{ "time": 2, "angle": 0 }
				],
				"translate": [
					{ "time": 0, "x": 0, "y": 0, "curve": "stepped" },
					{ "time": 2, "x": 0, "y": 0 }
				]
			},
			"hair_L": {
				"rotate": [
					{ "time": 0, "angle": 0 },
					{ "time": 1, "angle": -11.17 },
					{ "time": 2, "angle": 0 }
				],
				"translate": [
					{ "time": 0, "x": 0, "y": 0, "curve": "stepped" },
					{ "time": 2, "x": 0, "y": 0 }
				]
			},
			"leg_R": {
				"rotate": [
					{ "time": 0, "angle": 0 },
					{ "time": 1, "angle": -0.26 },
					{ "time": 2, "angle": 0 }
				],
				"translate": [
					{ "time": 0, "x": 0, "y": 0 },
					{ "time": 1, "x": 3.15, "y": 0 },
					{ "time": 2, "x": 0, "y": 0 }
				]
			},
			"qz_3": {
				"rotate": [
					{ "time": 0, "angle": 0 },
					{ "time": 0.5, "angle": -8.76 },
					{ "time": 1, "angle": 0 },
					{ "time": 1.5, "angle": 14.11 },
					{ "time": 2, "angle": 0 }
				],
				"translate": [
					{ "time": 0, "x": 0, "y": 0, "curve": "stepped" },
					{ "time": 1, "x": 0, "y": 0, "curve": "stepped" },
					{ "time": 2, "x": 0, "y": 0 }
				]
			},
			"QZ_1": {
				"rotate": [
					{ "time": 0, "angle": 0 },
					{ "time": 0.5, "angle": -0.39 },
					{ "time": 1, "angle": 0 },
					{ "time": 1.5, "angle": -4.57 },
					{ "time": 2, "angle": 0 }
				],
				"translate": [
					{ "time": 0, "x": 0, "y": 0, "curve": "stepped" },
					{ "time": 1, "x": 0, "y": 0, "curve": "stepped" },
					{ "time": 2, "x": 0, "y": 0 }
				]
			},
			"Hand": {
				"rotate": [
					{ "time": 0, "angle": 0 },
					{ "time": 1, "angle": 18.13 },
					{ "time": 2, "angle": 0 }
				],
				"translate": [
					{ "time": 0, "x": 0, "y": 0, "curve": "stepped" },
					{ "time": 2, "x": 0, "y": 0 }
				]
			},
			"flay": {
				"rotate": [
					{ "time": 0, "angle": 0 },
					{ "time": 0.5, "angle": -21.03 },
					{ "time": 1.5, "angle": 11.42 },
					{ "time": 2, "angle": 0 }
				],
				"translate": [
					{ "time": 0, "x": 0, "y": 0, "curve": "stepped" },
					{ "time": 2, "x": 0, "y": 0 }
				]
			},
			"leg_L": {
				"rotate": [
					{ "time": 0, "angle": 0 },
					{ "time": 1, "angle": 4.05 },
					{ "time": 2, "angle": 0 }
				],
				"translate": [
					{ "time": 0, "x": 0, "y": 0 },
					{ "time": 1, "x": 4.41, "y": 0 },
					{ "time": 2, "x": 0, "y": 0 }
				]
			},
			"Ship_All": {
				"rotate": [
					{ "time": 0, "angle": 0, "curve": "stepped" },
					{ "time": 2, "angle": 0 }
				],
				"translate": [
					{ "time": 0, "x": 0, "y": 0, "curve": "stepped" },
					{ "time": 2, "x": 0, "y": 0 }
				]
			},
			"Root_All": {
				"rotate": [
					{ "time": 0, "angle": 0, "curve": "stepped" },
					{ "time": 2, "angle": 0 }
				],
				"translate": [
					{
						"time": 0,
						"x": 0,
						"y": 0,
						"curve": [ 0.255, 0.35, 0.6, 0.7 ]
					},
					{
						"time": 0.5,
						"x": 0,
						"y": -9.82,
						"curve": [ 0.3, 0.39, 0.641, 0.74 ]
					},
					{
						"time": 1,
						"x": 0,
						"y": -15.66,
						"curve": [ 0.322, 0.37, 0.652, 0.7 ]
					},
					{
						"time": 1.5,
						"x": 0,
						"y": -7.79,
						"curve": [ 0.314, 0.36, 0.644, 0.68 ]
					},
					{ "time": 2, "x": 0, "y": 0 }
				]
			}
		}
	},
	"throw": {
		"slots": {
			"JZ_R_light": {
				"attachment": [
					{ "time": 0, "name": null }
				]
			},
			"Light_Body": {
				"attachment": [
					{ "time": 0, "name": null }
				]
			},
			"Rodney_body_normal": {
				"attachment": [
					{ "time": 0, "name": "Body_Change" }
				]
			},
			"TX": {
				"attachment": [
					{ "time": 0, "name": null }
				]
			},
			"TX_R": {
				"attachment": [
					{ "time": 0, "name": null }
				]
			},
			"cap_light": {
				"attachment": [
					{ "time": 0, "name": null }
				]
			},
			"head_light": {
				"attachment": [
					{ "time": 0, "name": null }
				]
			},
			"leg_R_light": {
				"attachment": [
					{ "time": 0, "name": null }
				]
			}
		},
		"bones": {
			"Face": {
				"rotate": [
					{ "time": 0, "angle": 0, "curve": "stepped" },
					{ "time": 1.3333, "angle": 0 }
				],
				"translate": [
					{
						"time": 0,
						"x": 0,
						"y": 0,
						"curve": [ 0.286, 0.34, 0.623, 0.67 ]
					},
					{ "time": 0.3333, "x": 0, "y": -0.7 },
					{ "time": 0.5666, "x": 0, "y": 0.14 },
					{ "time": 1.3333, "x": 0, "y": 0 }
				]
			},
			"Root_All": {
				"rotate": [
					{ "time": 0, "angle": 0, "curve": "stepped" },
					{ "time": 1.3333, "angle": 0 }
				],
				"translate": [
					{
						"time": 0,
						"x": 0,
						"y": 0,
						"curve": [ 0.255, 0.35, 0.6, 0.7 ]
					},
					{ "time": 0.6333, "x": -66.66, "y": 0 },
					{ "time": 0.9666, "x": -10.42, "y": -12.42 },
					{ "time": 1.3333, "x": 0, "y": 0 }
				]
			},
			"Body": {
				"rotate": [
					{
						"time": 0,
						"angle": 0,
						"curve": [ 0.219, 0.41, 0.591, 0.77 ]
					},
					{
						"time": 0.6333,
						"angle": -3.17,
						"curve": [ 0.32, 0.36, 0.653, 0.69 ]
					},
					{
						"time": 0.7333,
						"angle": 0.61,
						"curve": [ 0.319, 0.37, 0.652, 0.7 ]
					},
					{
						"time": 0.9666,
						"angle": -1.72,
						"curve": [ 0.32, 0.38, 0.654, 0.71 ]
					},
					{ "time": 1.3333, "angle": 0 }
				],
				"translate": [
					{
						"time": 0,
						"x": 0,
						"y": 0,
						"curve": [ 0.219, 0.41, 0.591, 0.77 ]
					},
					{
						"time": 0.3333,
						"x": -15.86,
						"y": 0,
						"curve": [ 0.193, 0.39, 0.58, 0.9 ]
					},
					{
						"time": 0.5666,
						"x": -19.36,
						"y": 0,
						"curve": [ 0.142, 0.42, 0.647, 0.94 ]
					},
					{ "time": 0.6333, "x": 92.18, "y": -6.3 },
					{ "time": 0.7333, "x": 111.33, "y": 0 },
					{ "time": 1.3333, "x": 0, "y": 0 }
				]
			},
			"Ship_All": {
				"rotate": [
					{ "time": 0, "angle": 0, "curve": "stepped" },
					{ "time": 1.3333, "angle": 0 }
				],
				"translate": [
					{ "time": 0, "x": 0, "y": 0, "curve": "stepped" },
					{ "time": 1.3333, "x": 0, "y": 0 }
				]
			},
			"Throw_Point": {
				"rotate": [
					{ "time": 0.6333, "angle": 0 }
				],
				"translate": [
					{ "time": 0.6333, "x": 0, "y": 0 }
				]
			},
			"Head": {
				"rotate": [
					{ "time": 0, "angle": 0 },
					{ "time": 0.1666, "angle": 6.86 },
					{ "time": 0.6666, "angle": -6.51 },
					{ "time": 1.3333, "angle": 0 }
				],
				"translate": [
					{ "time": 0, "x": 0, "y": 0, "curve": "stepped" },
					{ "time": 1.3333, "x": 0, "y": 0 }
				]
			},
			"hair_R": {
				"rotate": [
					{ "time": 0, "angle": 0 },
					{ "time": 0.8333, "angle": -11.8 },
					{ "time": 1.1666, "angle": 3.3 },
					{ "time": 1.3333, "angle": 0 }
				],
				"translate": [
					{ "time": 0, "x": 0, "y": 0, "curve": "stepped" },
					{ "time": 1.3333, "x": 0, "y": 0 }
				]
			},
			"hair_L": {
				"rotate": [
					{ "time": 0, "angle": 0 },
					{ "time": 0.8333, "angle": -13.95 },
					{ "time": 1.1666, "angle": 6.96 },
					{ "time": 1.3333, "angle": 0 }
				],
				"translate": [
					{ "time": 0, "x": 0, "y": 0, "curve": "stepped" },
					{ "time": 1.3333, "x": 0, "y": 0 }
				]
			},
			"Cap": {
				"rotate": [
					{ "time": 0, "angle": 0 },
					{ "time": 0.3333, "angle": 10.44 },
					{ "time": 0.8333, "angle": 3.92 },
					{ "time": 1.3333, "angle": 0 }
				],
				"translate": [
					{ "time": 0, "x": 0, "y": 0 },
					{ "time": 0.3333, "x": -1.34, "y": 4.55 },
					{ "time": 0.8333, "x": -3.05, "y": 2.33 },
					{ "time": 1.3333, "x": 0, "y": 0 }
				]
			},
			"JZ_R": {
				"rotate": [
					{ "time": 0, "angle": 0 },
					{ "time": 0.5, "angle": -10.74 },
					{ "time": 0.8333, "angle": 0.42 },
					{ "time": 1, "angle": -3.22 },
					{ "time": 1.3333, "angle": 0 }
				],
				"translate": [
					{ "time": 0, "x": 0, "y": 0, "curve": "stepped" },
					{ "time": 1.3333, "x": 0, "y": 0 }
				]
			},
			"JZ_L": {
				"rotate": [
					{ "time": 0, "angle": 0 },
					{ "time": 0.5, "angle": -10.81 },
					{ "time": 0.8333, "angle": 4.52 },
					{ "time": 1, "angle": -2.11 },
					{ "time": 1.3333, "angle": 0 }
				],
				"translate": [
					{ "time": 0, "x": 0, "y": 0, "curve": "stepped" },
					{ "time": 1.3333, "x": 0, "y": 0 }
				]
			},
			"leg_R": {
				"rotate": [
					{ "time": 0, "angle": 0 },
					{ "time": 0.6666, "angle": -16.47 },
					{ "time": 1.3333, "angle": 0 }
				],
				"translate": [
					{ "time": 0, "x": 0, "y": 0, "curve": "stepped" },
					{ "time": 1.3333, "x": 0, "y": 0 }
				]
			},
			"leg_L": {
				"rotate": [
					{ "time": 0, "angle": 0 },
					{ "time": 0.6666, "angle": -4.85 },
					{ "time": 1.3333, "angle": 0 }
				],
				"translate": [
					{ "time": 0, "x": 0, "y": 0 },
					{ "time": 0.6666, "x": 4.43, "y": 0.13 },
					{ "time": 1.3333, "x": 0, "y": 0 }
				]
			},
			"flay": {
				"rotate": [
					{ "time": 0, "angle": 0 },
					{ "time": 0.6666, "angle": -16.4 },
					{ "time": 1, "angle": 14.57 },
					{ "time": 1.3333, "angle": 0 }
				],
				"translate": [
					{ "time": 0, "x": 0, "y": 0, "curve": "stepped" },
					{ "time": 1.3333, "x": 0, "y": 0 }
				]
			},
			"JZ": {
				"rotate": [
					{ "time": 0, "angle": 0 },
					{ "time": 0.5, "angle": 354.91 },
					{ "time": 0.8333, "angle": 6.12 },
					{ "time": 1.3333, "angle": 0 }
				],
				"translate": [
					{ "time": 0, "x": 0, "y": 0, "curve": "stepped" },
					{ "time": 1.3333, "x": 0, "y": 0 }
				]
			}
		},
		"events": [
			{ "time": 0.6333, "name": "throw_point" }
		]
	},
	"wreck": {
		"slots": {
			"JZ_R_light": {
				"attachment": [
					{ "time": 0, "name": null }
				]
			},
			"Light_Body": {
				"attachment": [
					{ "time": 0, "name": null }
				]
			},
			"Rodney_body_normal": {
				"attachment": [
					{ "time": 0, "name": "Body_Change" }
				]
			},
			"Rodney_eyes_normal": {
				"attachment": [
					{ "time": 0, "name": "Rodney_eyes_damage" }
				]
			},
			"TX": {
				"attachment": [
					{ "time": 0, "name": null },
					{ "time": 0.9333, "name": null },
					{ "time": 1, "name": "change" },
					{ "time": 1.0666, "name": null },
					{ "time": 1.1333, "name": "change" },
					{ "time": 1.2, "name": null },
					{ "time": 1.2666, "name": "change" },
					{ "time": 1.3333, "name": null },
					{ "time": 1.4, "name": "change" },
					{ "time": 1.4666, "name": null },
					{ "time": 2, "name": null }
				]
			},
			"TX_R": {
				"attachment": [
					{ "time": 0, "name": null },
					{ "time": 1.0666, "name": null },
					{ "time": 1.1333, "name": "change" },
					{ "time": 1.2, "name": "change" },
					{ "time": 1.2666, "name": "change" },
					{ "time": 1.3333, "name": "change" },
					{ "time": 1.4, "name": null },
					{ "time": 1.4666, "name": "change" },
					{ "time": 1.5333, "name": "change" },
					{ "time": 1.6, "name": null },
					{ "time": 1.6666, "name": "change" },
					{ "time": 1.7333, "name": "change" },
					{ "time": 2, "name": null }
				]
			},
			"cap_light": {
				"attachment": [
					{ "time": 0, "name": null }
				]
			},
			"head_light": {
				"attachment": [
					{ "time": 0, "name": null }
				]
			},
			"leg_R_light": {
				"attachment": [
					{ "time": 0, "name": null }
				]
			}
		},
		"bones": {
			"JZ": {
				"rotate": [
					{ "time": 0, "angle": 0, "curve": "stepped" },
					{ "time": 2, "angle": 0 }
				],
				"translate": [
					{ "time": 0, "x": 0, "y": 0, "curve": "stepped" },
					{ "time": 2, "x": 0, "y": 0 }
				]
			},
			"Face": {
				"rotate": [
					{ "time": 0, "angle": 0, "curve": "stepped" },
					{ "time": 2, "angle": 0 }
				],
				"translate": [
					{
						"time": 0,
						"x": 0,
						"y": 0,
						"curve": [ 0.286, 0.34, 0.623, 0.67 ]
					},
					{
						"time": 0.5,
						"x": 0.64,
						"y": 0,
						"curve": [ 0.282, 0.37, 0.624, 0.71 ]
					},
					{
						"time": 1.5,
						"x": -1.28,
						"y": 0,
						"curve": [ 0.321, 0.37, 0.656, 0.71 ]
					},
					{ "time": 2, "x": 0, "y": 0 }
				]
			},
			"Hand": {
				"rotate": [
					{ "time": 0, "angle": 0 },
					{ "time": 1, "angle": 18.13 },
					{ "time": 2, "angle": 0 }
				],
				"translate": [
					{ "time": 0, "x": 0, "y": 0, "curve": "stepped" },
					{ "time": 2, "x": 0, "y": 0 }
				]
			},
			"qz_5": {
				"rotate": [
					{ "time": 0, "angle": 0 },
					{ "time": 0.5, "angle": -10.76 },
					{ "time": 1, "angle": 0 },
					{ "time": 1.5, "angle": 6.39 },
					{ "time": 2, "angle": 0 }
				],
				"translate": [
					{ "time": 0, "x": 0, "y": 0, "curve": "stepped" },
					{ "time": 1, "x": 0, "y": 0, "curve": "stepped" },
					{ "time": 2, "x": 0, "y": 0 }
				]
			},
			"flay": {
				"rotate": [
					{ "time": 0, "angle": 0 },
					{ "time": 0.5, "angle": -21.03 },
					{ "time": 1.5, "angle": 11.42 },
					{ "time": 2, "angle": 0 }
				],
				"translate": [
					{ "time": 0, "x": 0, "y": 0, "curve": "stepped" },
					{ "time": 2, "x": 0, "y": 0 }
				]
			},
			"leg_R": {
				"rotate": [
					{ "time": 0, "angle": 0 },
					{ "time": 1, "angle": -0.26 },
					{ "time": 2, "angle": 0 }
				],
				"translate": [
					{ "time": 0, "x": 0, "y": 0 },
					{ "time": 1, "x": 3.15, "y": 0 },
					{ "time": 2, "x": 0, "y": 0 }
				]
			},
			"JZ_R": {
				"rotate": [
					{ "time": 0, "angle": 0 },
					{ "time": 1, "angle": 9.49 },
					{ "time": 2, "angle": 0 }
				],
				"translate": [
					{ "time": 0, "x": 0, "y": 0, "curve": "stepped" },
					{ "time": 2, "x": 0, "y": 0 }
				]
			},
			"QZ_1": {
				"rotate": [
					{ "time": 0, "angle": 0 },
					{ "time": 0.5, "angle": -0.39 },
					{ "time": 1, "angle": 0 },
					{ "time": 1.5, "angle": -4.57 },
					{ "time": 2, "angle": 0 }
				],
				"translate": [
					{ "time": 0, "x": 0, "y": 0, "curve": "stepped" },
					{ "time": 1, "x": 0, "y": 0, "curve": "stepped" },
					{ "time": 2, "x": 0, "y": 0 }
				]
			},
			"Cap": {
				"rotate": [
					{ "time": 0, "angle": 0 },
					{ "time": 1, "angle": 7.02 },
					{ "time": 2, "angle": 0 }
				],
				"translate": [
					{ "time": 0, "x": 0, "y": 0 },
					{ "time": 1, "x": -2.07, "y": 4.26 },
					{ "time": 2, "x": 0, "y": 0 }
				]
			},
			"Body": {
				"rotate": [
					{ "time": 0, "angle": 0, "curve": "stepped" },
					{ "time": 2, "angle": 0 }
				],
				"translate": [
					{ "time": 0, "x": 0, "y": 0, "curve": "stepped" },
					{ "time": 2, "x": 0, "y": 0 }
				]
			},
			"Head": {
				"rotate": [
					{ "time": 0, "angle": 0 },
					{ "time": 1, "angle": -4.44 },
					{ "time": 2, "angle": 0 }
				],
				"translate": [
					{ "time": 0, "x": 0, "y": 0, "curve": "stepped" },
					{ "time": 2, "x": 0, "y": 0 }
				]
			},
			"hair_L": {
				"rotate": [
					{ "time": 0, "angle": 0 },
					{ "time": 1, "angle": -11.17 },
					{ "time": 2, "angle": 0 }
				],
				"translate": [
					{ "time": 0, "x": 0, "y": 0, "curve": "stepped" },
					{ "time": 2, "x": 0, "y": 0 }
				]
			},
			"qz_L": {
				"rotate": [
					{ "time": 0, "angle": 0 },
					{ "time": 0.5, "angle": 2.72 },
					{ "time": 1, "angle": 0 },
					{ "time": 1.5, "angle": 7.63 },
					{ "time": 2, "angle": 0 }
				],
				"translate": [
					{ "time": 0, "x": 0, "y": 0, "curve": "stepped" },
					{ "time": 1, "x": 0, "y": 0, "curve": "stepped" },
					{ "time": 2, "x": 0, "y": 0 }
				]
			},
			"hair_R": {
				"rotate": [
					{ "time": 0, "angle": 0 },
					{ "time": 1, "angle": 18.49 },
					{ "time": 2, "angle": 0 }
				],
				"translate": [
					{ "time": 0, "x": 0, "y": 0, "curve": "stepped" },
					{ "time": 2, "x": 0, "y": 0 }
				]
			},
			"qz_R": {
				"rotate": [
					{ "time": 0, "angle": 0 },
					{ "time": 0.5, "angle": -4.47 },
					{ "time": 1, "angle": 0 },
					{ "time": 1.5, "angle": 12.37 },
					{ "time": 2, "angle": 0 }
				],
				"translate": [
					{ "time": 0, "x": 0, "y": 0, "curve": "stepped" },
					{ "time": 1, "x": 0, "y": 0, "curve": "stepped" },
					{ "time": 2, "x": 0, "y": 0 }
				]
			},
			"Ship_All": {
				"rotate": [
					{ "time": 0, "angle": 0, "curve": "stepped" },
					{ "time": 2, "angle": 0 }
				],
				"translate": [
					{ "time": 0, "x": 0, "y": 0, "curve": "stepped" },
					{ "time": 2, "x": 0, "y": 0 }
				]
			},
			"qz_3": {
				"rotate": [
					{ "time": 0, "angle": 0 },
					{ "time": 0.5, "angle": -8.76 },
					{ "time": 1, "angle": 0 },
					{ "time": 1.5, "angle": 14.11 },
					{ "time": 2, "angle": 0 }
				],
				"translate": [
					{ "time": 0, "x": 0, "y": 0, "curve": "stepped" },
					{ "time": 1, "x": 0, "y": 0, "curve": "stepped" },
					{ "time": 2, "x": 0, "y": 0 }
				]
			},
			"JZ_L": {
				"rotate": [
					{ "time": 0, "angle": 0 },
					{ "time": 1, "angle": -11.08 },
					{ "time": 2, "angle": 0 }
				],
				"translate": [
					{ "time": 0, "x": 0, "y": 0, "curve": "stepped" },
					{ "time": 2, "x": 0, "y": 0 }
				]
			},
			"Root_All": {
				"rotate": [
					{ "time": 0, "angle": 0, "curve": "stepped" },
					{ "time": 2, "angle": 0 }
				],
				"translate": [
					{
						"time": 0,
						"x": 0,
						"y": 0,
						"curve": [ 0.255, 0.35, 0.6, 0.7 ]
					},
					{
						"time": 0.5,
						"x": 0,
						"y": -9.82,
						"curve": [ 0.3, 0.39, 0.641, 0.74 ]
					},
					{
						"time": 1,
						"x": 0,
						"y": -15.66,
						"curve": [ 0.322, 0.37, 0.652, 0.7 ]
					},
					{
						"time": 1.5,
						"x": 0,
						"y": -7.79,
						"curve": [ 0.314, 0.36, 0.644, 0.68 ]
					},
					{ "time": 2, "x": 0, "y": 0 }
				]
			},
			"leg_L": {
				"rotate": [
					{ "time": 0, "angle": 0 },
					{ "time": 1, "angle": 4.05 },
					{ "time": 2, "angle": 0 }
				],
				"translate": [
					{ "time": 0, "x": 0, "y": 0 },
					{ "time": 1, "x": 4.41, "y": 0 },
					{ "time": 2, "x": 0, "y": 0 }
				]
			}
		}
	}
}
}