{
"skeleton": { "hash": "SoO+vngCYiLyv6Btizk9CwIM6I8", "spine": "3.2.01", "width": 170, "height": 170, "images": "" },
"bones": [
	{ "name": "root" },
	{ "name": "bone", "parent": "root" },
	{ "name": "1", "parent": "bone" },
	{ "name": "AAAA", "parent": "bone" },
	{ "name": "3", "parent": "AAAA", "x": -26.23, "y": -27.65 },
	{ "name": "6", "parent": "AAAA", "x": 54.59 },
	{ "name": "5", "parent": "6", "x": -33.32, "y": 3.54 }
],
"slots": [
	{ "name": "1", "bone": "1", "attachment": "1" },
	{ "name": "3", "bone": "3", "attachment": "3" },
	{ "name": "4", "bone": "3", "attachment": "4" },
	{ "name": "5", "bone": "5", "attachment": "5" },
	{ "name": "6", "bone": "6", "attachment": "6" }
],
"skins": {
	"default": {
		"1": {
			"1": { "width": 170, "height": 170 },
			"2": { "width": 170, "height": 170 }
		},
		"3": {
			"3": { "x": 26.23, "y": 27.65, "width": 170, "height": 170 }
		},
		"4": {
			"4": { "x": 26.23, "y": 27.65, "width": 170, "height": 170 }
		},
		"5": {
			"5": { "x": -21.26, "y": -3.54, "width": 170, "height": 170 }
		},
		"6": {
			"6": { "x": -54.59, "width": 170, "height": 170 }
		}
	}
},
"animations": {
	"end": {
		"slots": {
			"1": {
				"color": [
					{ "time": 0, "color": "ffffffff" },
					{ "time": 0.2666, "color": "ffffff00" }
				],
				"attachment": [
					{ "time": 0, "name": "1" },
					{ "time": 0.1333, "name": "2" },
					{ "time": 0.2666, "name": "1" }
				]
			},
			"3": {
				"color": [
					{ "time": 0, "color": "ffffff00" }
				]
			},
			"4": {
				"color": [
					{ "time": 0, "color": "ffffff00" }
				]
			},
			"5": {
				"color": [
					{ "time": 0, "color": "ffffff00" }
				]
			},
			"6": {
				"color": [
					{ "time": 0, "color": "ffffff00" }
				]
			}
		},
		"bones": {
			"AAAA": {
				"rotate": [
					{ "time": 0, "angle": 0, "curve": "stepped" },
					{ "time": 0.2666, "angle": 0 }
				],
				"translate": [
					{ "time": 0, "x": 0, "y": 0, "curve": "stepped" },
					{ "time": 0.2666, "x": 0, "y": 0 }
				],
				"scale": [
					{ "time": 0, "x": 1, "y": 1 },
					{ "time": 0.0666, "x": 1.119, "y": 1.119 },
					{ "time": 0.2666, "x": 0.152, "y": 0.152 }
				]
			},
			"1": {
				"rotate": [
					{ "time": 0, "angle": 0, "curve": "stepped" },
					{ "time": 0.2666, "angle": 0 }
				],
				"translate": [
					{ "time": 0, "x": 0, "y": 0, "curve": "stepped" },
					{ "time": 0.2666, "x": 0, "y": 0 }
				],
				"scale": [
					{ "time": 0, "x": 1.119, "y": 1.119 },
					{ "time": 0.1333, "x": 1, "y": 1 },
					{ "time": 0.2666, "x": 0.152, "y": 0.152 }
				]
			}
		}
	},
	"normal": {
		"slots": {
			"1": {
				"attachment": [
					{ "time": 0, "name": "1" },
					{ "time": 0.1333, "name": "2" },
					{ "time": 0.2666, "name": "1" },
					{ "time": 0.4, "name": "2" },
					{ "time": 0.5333, "name": "1" },
					{ "time": 0.6666, "name": "2" },
					{ "time": 0.8, "name": "1" },
					{ "time": 0.9333, "name": "2" },
					{ "time": 1.0666, "name": "1" },
					{ "time": 1.2, "name": "2" },
					{ "time": 1.3333, "name": "1" },
					{ "time": 1.4666, "name": "2" },
					{ "time": 1.6, "name": "1" },
					{ "time": 1.7333, "name": "2" },
					{ "time": 1.8666, "name": "2" },
					{ "time": 2, "name": "2" },
					{ "time": 2.1333, "name": "1" },
					{ "time": 2.2666, "name": "2" },
					{ "time": 2.4, "name": "1" },
					{ "time": 2.5333, "name": "2" },
					{ "time": 2.6666, "name": "1" },
					{ "time": 2.8, "name": "2" },
					{ "time": 2.9333, "name": "1" },
					{ "time": 3.0666, "name": "2" },
					{ "time": 3.2, "name": "1" },
					{ "time": 3.3333, "name": "2" },
					{ "time": 3.4666, "name": "1" },
					{ "time": 3.6, "name": "2" },
					{ "time": 3.7333, "name": "1" },
					{ "time": 3.8666, "name": "2" },
					{ "time": 4, "name": "1" },
					{ "time": 4.1333, "name": "2" },
					{ "time": 4.2666, "name": "1" },
					{ "time": 4.4, "name": "2" },
					{ "time": 4.5333, "name": "1" },
					{ "time": 4.6666, "name": "2" },
					{ "time": 4.8, "name": "1" }
				]
			},
			"3": {
				"color": [
					{ "time": 0, "color": "ffffff00", "curve": "stepped" },
					{ "time": 0.1666, "color": "ffffff00" },
					{ "time": 0.3333, "color": "ffffffff" }
				]
			},
			"4": {
				"color": [
					{ "time": 0, "color": "ffffff00", "curve": "stepped" },
					{ "time": 0.8333, "color": "ffffff00" },
					{ "time": 3.8666, "color": "ffffffff" }
				]
			},
			"5": {
				"color": [
					{ "time": 0, "color": "ffffff00", "curve": "stepped" },
					{ "time": 0.8333, "color": "ffffff00" },
					{ "time": 1, "color": "ffffffff" },
					{ "time": 2, "color": "ffffff86" },
					{ "time": 2.6666, "color": "ffffffd2" },
					{ "time": 3.3333, "color": "ffffff8d" },
					{ "time": 3.8666, "color": "ffffff00" }
				]
			},
			"6": {
				"color": [
					{ "time": 0, "color": "ffffff00", "curve": "stepped" },
					{ "time": 0.5, "color": "ffffff00" },
					{ "time": 0.6666, "color": "ffffffff" }
				]
			}
		},
		"bones": {
			"AAAA": {
				"rotate": [
					{ "time": 0, "angle": 0, "curve": "stepped" },
					{ "time": 2.6666, "angle": 0 }
				],
				"translate": [
					{ "time": 0, "x": 0, "y": 0, "curve": "stepped" },
					{ "time": 2.6666, "x": 0, "y": 0 }
				],
				"scale": [
					{ "time": 0, "x": 1, "y": 1, "curve": "stepped" },
					{ "time": 2.6666, "x": 1, "y": 1 }
				]
			},
			"6": {
				"rotate": [
					{ "time": 0, "angle": 0 },
					{ "time": 0.5, "angle": 4.28 },
					{ "time": 0.6666, "angle": 0 },
					{ "time": 1.3333, "angle": -2.92, "curve": "stepped" },
					{ "time": 2.6666, "angle": -2.92 },
					{ "time": 4.8, "angle": 0 }
				],
				"translate": [
					{ "time": 0, "x": 0, "y": 0 },
					{ "time": 0.5, "x": 6.38, "y": -4.96 },
					{ "time": 0.6666, "x": 0, "y": 0 },
					{ "time": 1.3333, "x": 1.41, "y": 2.12 },
					{ "time": 2, "x": -4.96, "y": -10.28 },
					{ "time": 2.6666, "x": 1.41, "y": 2.12 },
					{ "time": 3.3333, "x": -4.96, "y": -10.28 },
					{ "time": 4.8, "x": 0, "y": 0 }
				],
				"scale": [
					{ "time": 0, "x": 1, "y": 1, "curve": "stepped" },
					{ "time": 0.6666, "x": 1, "y": 1 },
					{ "time": 1.3333, "x": 0.914, "y": 0.914 },
					{ "time": 2, "x": 1, "y": 1 },
					{ "time": 2.6666, "x": 0.914, "y": 0.914 },
					{ "time": 3.3333, "x": 1, "y": 1, "curve": "stepped" },
					{ "time": 4.8, "x": 1, "y": 1 }
				]
			},
			"5": {
				"rotate": [
					{ "time": 0, "angle": 0, "curve": "stepped" },
					{ "time": 4, "angle": 0 }
				],
				"translate": [
					{ "time": 0, "x": 0, "y": 0, "curve": "stepped" },
					{ "time": 4, "x": 0, "y": 0 }
				],
				"scale": [
					{ "time": 0, "x": 1, "y": 1 },
					{ "time": 0.8333, "x": 0.744, "y": 0.744 },
					{ "time": 1, "x": 1.085, "y": 1.085 },
					{ "time": 2, "x": 0.893, "y": 0.893 },
					{ "time": 2.6666, "x": 1.106, "y": 1.106 },
					{ "time": 3.3333, "x": 0.767, "y": 0.767 },
					{ "time": 4, "x": 1, "y": 1 }
				]
			},
			"3": {
				"rotate": [
					{ "time": 0, "angle": 0 },
					{ "time": 0.1666, "angle": -8.11 },
					{ "time": 0.3333, "angle": 0 },
					{ "time": 1, "angle": 4.74 },
					{ "time": 2, "angle": -6.98 },
					{ "time": 3, "angle": 4.74 },
					{ "time": 4.8, "angle": 0 }
				],
				"translate": [
					{ "time": 0, "x": 0, "y": 0 },
					{ "time": 0.1666, "x": 0, "y": -8.5 },
					{ "time": 0.3333, "x": 0, "y": 0, "curve": "stepped" },
					{ "time": 4.8, "x": 0, "y": 0 }
				],
				"scale": [
					{ "time": 0, "x": 1, "y": 1, "curve": "stepped" },
					{ "time": 4.8, "x": 1, "y": 1 }
				]
			},
			"1": {
				"rotate": [
					{ "time": 0, "angle": 0, "curve": "stepped" },
					{ "time": 4.8, "angle": 0 }
				],
				"translate": [
					{ "time": 0, "x": 0, "y": 0, "curve": "stepped" },
					{ "time": 4.8, "x": 0, "y": 0 }
				],
				"scale": [
					{ "time": 0, "x": 1, "y": 1, "curve": "stepped" },
					{ "time": 4.8, "x": 1, "y": 1 }
				]
			},
			"bone": {
				"rotate": [
					{ "time": 1.8666, "angle": 0 }
				],
				"translate": [
					{ "time": 1.8666, "x": 0, "y": 0 }
				],
				"scale": [
					{ "time": 1.8666, "x": 1, "y": 1 }
				]
			}
		}
	},
	"start": {
		"slots": {
			"1": {
				"color": [
					{ "time": 0, "color": "ffffff00" },
					{ "time": 0.2666, "color": "ffffffff" }
				],
				"attachment": [
					{ "time": 0, "name": "1" },
					{ "time": 0.1333, "name": "2" },
					{ "time": 0.2666, "name": "1" }
				]
			},
			"3": {
				"color": [
					{ "time": 0, "color": "ffffff00", "curve": "stepped" },
					{ "time": 0.2666, "color": "ffffff00" }
				]
			},
			"4": {
				"color": [
					{ "time": 0, "color": "ffffff00", "curve": "stepped" },
					{ "time": 0.2666, "color": "ffffff00" }
				]
			},
			"5": {
				"color": [
					{ "time": 0, "color": "ffffff00", "curve": "stepped" },
					{ "time": 0.2666, "color": "ffffff00" }
				]
			},
			"6": {
				"color": [
					{ "time": 0, "color": "ffffff00", "curve": "stepped" },
					{ "time": 0.2666, "color": "ffffff00" }
				]
			}
		},
		"bones": {
			"AAAA": {
				"rotate": [
					{ "time": 0, "angle": 0, "curve": "stepped" },
					{ "time": 0.2666, "angle": 0 }
				],
				"translate": [
					{ "time": 0, "x": 0, "y": 0, "curve": "stepped" },
					{ "time": 0.2666, "x": 0, "y": 0 }
				],
				"scale": [
					{ "time": 0, "x": 0.152, "y": 0.152 },
					{ "time": 0.2, "x": 1.119, "y": 1.119 },
					{ "time": 0.2666, "x": 1, "y": 1 }
				]
			},
			"1": {
				"rotate": [
					{ "time": 0, "angle": 0, "curve": "stepped" },
					{ "time": 0.2666, "angle": 0 }
				],
				"translate": [
					{ "time": 0, "x": 0, "y": 0, "curve": "stepped" },
					{ "time": 0.2666, "x": 0, "y": 0 }
				],
				"scale": [
					{ "time": 0, "x": 0.152, "y": 0.152 },
					{ "time": 0.2, "x": 1.119, "y": 1.119 },
					{ "time": 0.2666, "x": 1, "y": 1 }
				]
			}
		}
	}
}
}