{
"skeleton": { "hash": "ydY0c9IyHwPvmjsZfzl6/qKjKdc", "spine": "3.2.01", "width": 602.15, "height": 1041.6, "images": "" },
"bones": [
	{ "name": "root" },
	{ "name": "bone", "parent": "root" },
	{ "name": "bone2", "parent": "bone" },
	{ "name": "TS", "parent": "bone2" },
	{ "name": "1", "parent": "TS", "y": -65.19 },
	{ "name": "F1", "parent": "TS", "length": 61.34, "rotation": 91.56, "x": -7.62, "y": -26.59 },
	{ "name": "F2", "parent": "TS", "length": 61.34, "rotation": 91.56, "x": 36.05, "y": 122.08 },
	{ "name": "F3", "parent": "TS", "length": 61.34, "rotation": 91.56, "x": 87.29, "y": 42.28 },
	{ "name": "F4", "parent": "TS", "length": 61.34, "rotation": 91.56, "x": -25.26, "y": 59.08 },
	{ "name": "F5", "parent": "TS", "length": 61.34, "rotation": 91.56, "x": -87.42, "y": 112.84 },
	{ "name": "F6", "parent": "TS", "length": 61.34, "rotation": 91.56, "x": -126.9, "y": 28 },
	{ "name": "H1", "parent": "1", "x": 86.25, "y": 644.85 },
	{ "name": "H2", "parent": "1", "x": 8.99, "y": 410.15 },
	{ "name": "H3", "parent": "1", "x": -10.33, "y": 582.82 },
	{ "name": "PZ", "parent": "TS" },
	{ "name": "PZTX", "parent": "TS", "x": -21.45, "y": 42.11 },
	{ "name": "T1", "parent": "1", "x": 26.15, "y": 490.85 },
	{ "name": "T2", "parent": "TS" },
	{ "name": "TDH1", "parent": "1", "x": -117.05, "y": 652.01 },
	{ "name": "TDH2", "parent": "1", "x": -151.41, "y": 492.42 },
	{ "name": "TDH3", "parent": "1", "x": 63.02, "y": 719.11 },
	{ "name": "TX", "parent": "TS", "x": -18.53, "y": 68.99 },
	{ "name": "V1", "parent": "1", "x": -51.06, "y": 713.08 }
],
"slots": [
	{ "name": "PZ", "bone": "PZ", "attachment": "PZ" },
	{ "name": "T2", "bone": "T2", "attachment": "T2" },
	{ "name": "V1", "bone": "V1", "attachment": "V1" },
	{ "name": "H1", "bone": "H1", "attachment": "H1" },
	{ "name": "TDH3", "bone": "TDH3", "attachment": "TDH3" },
	{ "name": "T1", "bone": "T1", "attachment": "T1" },
	{ "name": "H2", "bone": "H2", "attachment": "H2" },
	{ "name": "TDH1", "bone": "TDH1", "attachment": "TDH1" },
	{ "name": "TDH2", "bone": "TDH2", "attachment": "TDH2" },
	{ "name": "H3", "bone": "H3", "attachment": "H3" },
	{ "name": "F1", "bone": "F1", "attachment": "F1" },
	{ "name": "F2", "bone": "F2", "attachment": "F2" },
	{ "name": "F3", "bone": "F3", "attachment": "F3" },
	{ "name": "F4", "bone": "F4", "attachment": "F4" },
	{ "name": "F5", "bone": "F5", "attachment": "F5" },
	{ "name": "F6", "bone": "F6", "attachment": "F6" },
	{ "name": "PZTX", "bone": "PZTX", "attachment": "PZTX" },
	{ "name": "TX1", "bone": "TX", "attachment": "TX1" },
	{ "name": "TX2", "bone": "TX", "attachment": "TX2" }
],
"skins": {
	"default": {
		"F1": {
			"F1": { "x": 75.22, "y": -2.68, "rotation": -91.56, "width": 600, "height": 600 }
		},
		"F2": {
			"F2": { "x": -72.2, "y": 45.05, "rotation": -91.56, "width": 600, "height": 600 }
		},
		"F3": {
			"F3": { "x": 8.97, "y": 94.09, "rotation": -91.56, "width": 600, "height": 600 }
		},
		"F4": {
			"F4": { "x": -10.9, "y": -17.96, "rotation": -91.56, "width": 600, "height": 600 }
		},
		"F5": {
			"F5": { "x": -66.34, "y": -78.63, "rotation": -91.56, "width": 600, "height": 600 }
		},
		"F6": {
			"F6": { "x": 17.37, "y": -120.41, "rotation": -91.56, "width": 600, "height": 600 }
		},
		"H1": {
			"H1": { "x": -94.85, "y": -95.71, "width": 600, "height": 600 }
		},
		"H2": {
			"H2": { "x": -17.6, "y": 138.99, "width": 600, "height": 600 }
		},
		"H3": {
			"H3": { "x": 1.73, "y": -33.68, "width": 600, "height": 600 }
		},
		"PZ": {
			"PZ": { "x": -8.42, "y": 51.28, "width": 600, "height": 600 }
		},
		"PZTX": {
			"PZTX": { "x": 12.29, "y": 9.78, "width": 600, "height": 600 }
		},
		"T1": {
			"T1": { "x": -34.75, "y": 63.27, "width": 600, "height": 600 }
		},
		"T2": {
			"T2": { "x": -8.6, "y": 47.31, "width": 600, "height": 600 },
			"T3": { "x": -8.6, "y": 47.31, "width": 600, "height": 600 },
			"T4": { "x": -8.6, "y": 47.31, "width": 600, "height": 600 }
		},
		"TDH1": {
			"TDH1": { "x": 108.45, "y": -102.87, "width": 600, "height": 600 }
		},
		"TDH2": {
			"TDH2": { "x": 142.81, "y": 56.71, "width": 600, "height": 600 }
		},
		"TDH3": {
			"TDH3": { "x": -71.62, "y": -169.97, "width": 600, "height": 600 }
		},
		"TX1": {
			"TX1": { "x": 9.37, "y": -17.1, "width": 600, "height": 600 }
		},
		"TX2": {
			"TX2": { "x": 9.37, "y": -17.1, "width": 600, "height": 600 }
		},
		"V1": {
			"V1": { "x": 42.45, "y": -163.94, "width": 600, "height": 600 }
		}
	}
},
"animations": {
	"eat": {
		"slots": {
			"F1": {
				"color": [
					{ "time": 0, "color": "ffffffff" },
					{ "time": 0.3333, "color": "ffffffbf" },
					{ "time": 0.6666, "color": "fffffffd" },
					{ "time": 1, "color": "ffffffce" },
					{ "time": 1.5, "color": "ffffffd7" },
					{ "time": 1.6666, "color": "ffffffff" },
					{ "time": 2.1666, "color": "ffffff00" },
					{ "time": 2.6666, "color": "ffffffff" },
					{ "time": 2.8333, "color": "ffffff00", "curve": "stepped" },
					{ "time": 4, "color": "ffffff00" }
				]
			},
			"F2": {
				"color": [
					{ "time": 0, "color": "ffffffff" },
					{ "time": 0.3333, "color": "ffffffbf" },
					{ "time": 0.6666, "color": "fffffffd" },
					{ "time": 1, "color": "ffffffce" },
					{ "time": 1.5, "color": "ffffffd7" },
					{ "time": 1.6666, "color": "ffffffff", "curve": "stepped" },
					{ "time": 2.1666, "color": "ffffffff" },
					{ "time": 2.3333, "color": "ffffff00" },
					{ "time": 2.6666, "color": "ffffffff" },
					{ "time": 2.8333, "color": "ffffff00", "curve": "stepped" },
					{ "time": 4, "color": "ffffff00" }
				]
			},
			"F3": {
				"color": [
					{ "time": 0, "color": "ffffffff" },
					{ "time": 0.3333, "color": "ffffffbf" },
					{ "time": 0.6666, "color": "fffffffd" },
					{ "time": 1, "color": "ffffffce" },
					{ "time": 1.3333, "color": "ffffff5f" },
					{ "time": 1.5, "color": "ffffff00" },
					{ "time": 2.5, "color": "ffffff15" },
					{ "time": 4, "color": "ffffff00" }
				]
			},
			"F4": {
				"color": [
					{ "time": 0, "color": "ffffffff" },
					{ "time": 0.3333, "color": "ffffffbf" },
					{ "time": 0.6666, "color": "fffffffd" },
					{ "time": 1, "color": "ffffffce" },
					{ "time": 1.5, "color": "ffffffd7" },
					{ "time": 1.6666, "color": "ffffffff" },
					{ "time": 2.3333, "color": "ffffff00" },
					{ "time": 2.6666, "color": "ffffffff" },
					{ "time": 2.8333, "color": "ffffff00", "curve": "stepped" },
					{ "time": 4, "color": "ffffff00" }
				]
			},
			"F5": {
				"color": [
					{ "time": 0, "color": "ffffffff" },
					{ "time": 0.3333, "color": "ffffffbf" },
					{ "time": 0.6666, "color": "fffffffd" },
					{ "time": 1, "color": "ffffffce" },
					{ "time": 1.5, "color": "ffffffd7" },
					{ "time": 1.6666, "color": "ffffffff" },
					{ "time": 2.1666, "color": "ffffff00" },
					{ "time": 2.6666, "color": "ffffffff" },
					{ "time": 2.8333, "color": "ffffff00", "curve": "stepped" },
					{ "time": 4, "color": "ffffff00" }
				]
			},
			"F6": {
				"color": [
					{ "time": 0, "color": "ffffffff" },
					{ "time": 0.3333, "color": "ffffffbf" },
					{ "time": 0.6666, "color": "fffffffd" },
					{ "time": 1, "color": "ffffffce" },
					{ "time": 1.5, "color": "ffffffd7" },
					{ "time": 1.6666, "color": "ffffffff" },
					{ "time": 2.3333, "color": "ffffff00" },
					{ "time": 2.6666, "color": "ffffffff" },
					{ "time": 2.8333, "color": "ffffff00", "curve": "stepped" },
					{ "time": 4, "color": "ffffff00" }
				]
			},
			"H1": {
				"color": [
					{ "time": 0, "color": "ffffff00" }
				]
			},
			"H2": {
				"color": [
					{ "time": 0, "color": "ffffff00" }
				]
			},
			"H3": {
				"color": [
					{ "time": 0, "color": "ffffff00" }
				]
			},
			"PZTX": {
				"color": [
					{ "time": 0, "color": "ffffff00" }
				]
			},
			"T1": {
				"color": [
					{ "time": 0, "color": "ffffff00" }
				]
			},
			"T2": {
				"color": [
					{ "time": 0.1666, "color": "ffffffff" },
					{ "time": 0.5, "color": "ffffffa4" },
					{ "time": 0.8333, "color": "ffffffe4" },
					{ "time": 1.1666, "color": "ffffffb1", "curve": "stepped" },
					{ "time": 1.5, "color": "ffffffb1" },
					{ "time": 1.8333, "color": "ffffffff" },
					{ "time": 2.1666, "color": "ffffffbf" },
					{ "time": 2.5, "color": "fffffff7" },
					{ "time": 2.8333, "color": "ffffffa5" },
					{ "time": 3.1666, "color": "ffffffd0" },
					{ "time": 3.5, "color": "ffffffee" },
					{ "time": 3.8333, "color": "ffffffc2" },
					{ "time": 4, "color": "ffffffff" }
				],
				"attachment": [
					{ "time": 0, "name": "T2" },
					{ "time": 1.5, "name": "T3" },
					{ "time": 2.8333, "name": "T4" }
				]
			},
			"TDH1": {
				"color": [
					{ "time": 0, "color": "ffffff00" }
				]
			},
			"TDH2": {
				"color": [
					{ "time": 0, "color": "ffffff00" }
				]
			},
			"TDH3": {
				"color": [
					{ "time": 0, "color": "ffffff00" }
				]
			},
			"TX1": {
				"color": [
					{ "time": 0, "color": "ffffff86" },
					{ "time": 1, "color": "ffffff58" },
					{ "time": 2, "color": "ffffff75" },
					{ "time": 3, "color": "ffffff65" },
					{ "time": 4, "color": "ffffff86" }
				]
			},
			"TX2": {
				"attachment": [
					{ "time": 0, "name": null }
				]
			},
			"V1": {
				"color": [
					{ "time": 0, "color": "ffffff00" }
				]
			}
		},
		"bones": {
			"PZ": {
				"rotate": [
					{ "time": 0, "angle": 0 }
				],
				"translate": [
					{ "time": 0, "x": 0, "y": 0 }
				],
				"scale": [
					{ "time": 0, "x": 1, "y": 1 }
				]
			},
			"TS": {
				"rotate": [
					{ "time": 0, "angle": 0, "curve": "stepped" },
					{ "time": 3.6666, "angle": 0 }
				],
				"translate": [
					{ "time": 0, "x": 0, "y": 0 }
				],
				"scale": [
					{ "time": 0, "x": 1, "y": 1 }
				]
			},
			"T2": {
				"scale": [
					{ "time": 0, "x": 1, "y": 1 },
					{ "time": 1.4333, "x": 0.959, "y": 0.959 },
					{ "time": 1.5, "x": 1, "y": 1 },
					{ "time": 2.7666, "x": 0.959, "y": 0.959 },
					{ "time": 2.8333, "x": 1, "y": 1 },
					{ "time": 3, "x": 1.04, "y": 1.04 },
					{ "time": 3.1666, "x": 1, "y": 1, "curve": "stepped" },
					{ "time": 4, "x": 1, "y": 1 }
				]
			},
			"TX": {
				"translate": [
					{ "time": 0, "x": 0, "y": 0 },
					{ "time": 1, "x": -19.64, "y": 0 },
					{ "time": 2, "x": 0, "y": 0 },
					{ "time": 3, "x": 10.71, "y": 0 },
					{ "time": 4, "x": 0, "y": 0 }
				],
				"scale": [
					{ "time": 0, "x": 1, "y": 1 },
					{ "time": 1, "x": 1.125, "y": 1.125 },
					{ "time": 2, "x": 1, "y": 1 },
					{ "time": 3, "x": 0.932, "y": 0.932 },
					{ "time": 4, "x": 1, "y": 1 }
				]
			},
			"F6": {
				"rotate": [
					{ "time": 0, "angle": 0 },
					{ "time": 1, "angle": -3.35 },
					{ "time": 2, "angle": 1.45 },
					{ "time": 3, "angle": -4.42 },
					{ "time": 4, "angle": 0 }
				],
				"translate": [
					{ "time": 0, "x": 0, "y": 0, "curve": "stepped" },
					{ "time": 4, "x": 0, "y": 0 }
				],
				"scale": [
					{ "time": 0, "x": 1, "y": 1 },
					{ "time": 1, "x": 1.017, "y": 1.017 },
					{ "time": 2, "x": 0.961, "y": 0.961 },
					{ "time": 3, "x": 1.069, "y": 1.069 },
					{ "time": 4, "x": 1, "y": 1 }
				]
			},
			"F5": {
				"rotate": [
					{ "time": 0, "angle": 0 },
					{ "time": 1, "angle": -3.35 },
					{ "time": 2, "angle": 1.45 },
					{ "time": 3, "angle": -4.42 },
					{ "time": 4, "angle": 0 }
				],
				"translate": [
					{ "time": 0, "x": 0, "y": 0, "curve": "stepped" },
					{ "time": 4, "x": 0, "y": 0 }
				],
				"scale": [
					{ "time": 0, "x": 1, "y": 1 },
					{ "time": 1, "x": 1.017, "y": 1.017 },
					{ "time": 2, "x": 0.961, "y": 0.961 },
					{ "time": 3, "x": 1.069, "y": 1.069 },
					{ "time": 4, "x": 1, "y": 1 }
				]
			},
			"F4": {
				"rotate": [
					{ "time": 0, "angle": 0 },
					{ "time": 1, "angle": -3.35 },
					{ "time": 2, "angle": 1.45 },
					{ "time": 3, "angle": -4.42 },
					{ "time": 4, "angle": 0 }
				],
				"translate": [
					{ "time": 0, "x": 0, "y": 0, "curve": "stepped" },
					{ "time": 4, "x": 0, "y": 0 }
				],
				"scale": [
					{ "time": 0, "x": 1, "y": 1 },
					{ "time": 1, "x": 1.017, "y": 1.017 },
					{ "time": 2, "x": 0.961, "y": 0.961 },
					{ "time": 3, "x": 1.069, "y": 1.069 },
					{ "time": 4, "x": 1, "y": 1 }
				]
			},
			"F3": {
				"rotate": [
					{ "time": 0, "angle": 0 },
					{ "time": 1, "angle": -3.35 },
					{ "time": 2, "angle": 1.45 },
					{ "time": 3, "angle": -4.42 },
					{ "time": 4, "angle": 0 }
				],
				"translate": [
					{ "time": 0, "x": 0, "y": 0, "curve": "stepped" },
					{ "time": 4, "x": 0, "y": 0 }
				],
				"scale": [
					{ "time": 0, "x": 1, "y": 1 },
					{ "time": 1, "x": 1.017, "y": 1.017 },
					{ "time": 2, "x": 0.961, "y": 0.961 },
					{ "time": 3, "x": 1.069, "y": 1.069 },
					{ "time": 4, "x": 1, "y": 1 }
				]
			},
			"F2": {
				"rotate": [
					{ "time": 0, "angle": 0 },
					{ "time": 1, "angle": -3.35 },
					{ "time": 2, "angle": 1.45 },
					{ "time": 3, "angle": -4.42 },
					{ "time": 4, "angle": 0 }
				],
				"translate": [
					{ "time": 0, "x": 0, "y": 0, "curve": "stepped" },
					{ "time": 4, "x": 0, "y": 0 }
				],
				"scale": [
					{ "time": 0, "x": 1, "y": 1 },
					{ "time": 1, "x": 1.017, "y": 1.017 },
					{ "time": 2, "x": 0.961, "y": 0.961 },
					{ "time": 3, "x": 1.069, "y": 1.069 },
					{ "time": 4, "x": 1, "y": 1 }
				]
			},
			"F1": {
				"rotate": [
					{ "time": 0, "angle": 0 },
					{ "time": 1, "angle": -3.35 },
					{ "time": 2, "angle": 1.45 },
					{ "time": 3, "angle": -4.42 },
					{ "time": 4, "angle": 0 }
				],
				"translate": [
					{ "time": 0, "x": 0, "y": 0, "curve": "stepped" },
					{ "time": 4, "x": 0, "y": 0 }
				],
				"scale": [
					{ "time": 0, "x": 1, "y": 1 },
					{ "time": 1, "x": 1.017, "y": 1.017 },
					{ "time": 2, "x": 0.961, "y": 0.961 },
					{ "time": 3, "x": 1.069, "y": 1.069 },
					{ "time": 4, "x": 1, "y": 1 }
				]
			}
		}
	},
	"normal": {
		"slots": {
			"H1": {
				"color": [
					{ "time": 0, "color": "ffffff00" }
				]
			},
			"H2": {
				"color": [
					{ "time": 0, "color": "ffffff00" }
				]
			},
			"H3": {
				"color": [
					{ "time": 0, "color": "ffffff00" }
				]
			},
			"PZTX": {
				"color": [
					{ "time": 0, "color": "ffffff00" }
				]
			},
			"T1": {
				"color": [
					{ "time": 0, "color": "ffffff00" }
				]
			},
			"TDH1": {
				"color": [
					{ "time": 0, "color": "ffffff00" }
				]
			},
			"TDH2": {
				"color": [
					{ "time": 0, "color": "ffffff00" }
				]
			},
			"TDH3": {
				"color": [
					{ "time": 0, "color": "ffffff00" }
				]
			},
			"TX1": {
				"color": [
					{ "time": 0, "color": "ffffffae" },
					{ "time": 0.6666, "color": "ffffff5c" },
					{ "time": 1.3333, "color": "ffffffd9" },
					{ "time": 2, "color": "ffffffae" }
				]
			},
			"TX2": {
				"color": [
					{ "time": 0, "color": "ffffff00" }
				]
			},
			"V1": {
				"color": [
					{ "time": 0, "color": "ffffff00" }
				]
			}
		},
		"bones": {
			"PZ": {
				"rotate": [
					{ "time": 0, "angle": 0, "curve": "stepped" },
					{ "time": 1, "angle": 0 }
				],
				"translate": [
					{ "time": 0, "x": 0, "y": 0, "curve": "stepped" },
					{ "time": 1, "x": 0, "y": 0 }
				],
				"scale": [
					{ "time": 0, "x": 1, "y": 1, "curve": "stepped" },
					{ "time": 1, "x": 1, "y": 1 }
				]
			},
			"TS": {
				"rotate": [
					{ "time": 0, "angle": 0, "curve": "stepped" },
					{ "time": 2, "angle": 0 }
				],
				"translate": [
					{ "time": 0, "x": 0, "y": 0, "curve": "stepped" },
					{ "time": 2, "x": 0, "y": 0 }
				],
				"scale": [
					{ "time": 0, "x": 1, "y": 1 },
					{ "time": 1, "x": 0.99, "y": 0.99 },
					{ "time": 2, "x": 1, "y": 1 }
				]
			},
			"F6": {
				"rotate": [
					{ "time": 0, "angle": 0 },
					{ "time": 0.5, "angle": 3.88 },
					{ "time": 1.3333, "angle": -3.62 },
					{ "time": 2, "angle": 0 }
				],
				"translate": [
					{ "time": 0, "x": 0, "y": 0, "curve": "stepped" },
					{ "time": 2, "x": 0, "y": 0 }
				],
				"scale": [
					{ "time": 0, "x": 1, "y": 1 },
					{ "time": 1, "x": 1.065, "y": 1.065 },
					{ "time": 2, "x": 1, "y": 1 }
				]
			},
			"F5": {
				"rotate": [
					{ "time": 0, "angle": 0 },
					{ "time": 0.5, "angle": 3.88 },
					{ "time": 1.3333, "angle": -3.62 },
					{ "time": 2, "angle": 0 }
				],
				"translate": [
					{ "time": 0, "x": 0, "y": 0, "curve": "stepped" },
					{ "time": 2, "x": 0, "y": 0 }
				],
				"scale": [
					{ "time": 0, "x": 1, "y": 1 },
					{ "time": 1, "x": 1.065, "y": 1.065 },
					{ "time": 2, "x": 1, "y": 1 }
				]
			},
			"F4": {
				"rotate": [
					{ "time": 0, "angle": 0 },
					{ "time": 0.5, "angle": 3.88 },
					{ "time": 1.3333, "angle": -3.62 },
					{ "time": 2, "angle": 0 }
				],
				"translate": [
					{ "time": 0, "x": 0, "y": 0, "curve": "stepped" },
					{ "time": 2, "x": 0, "y": 0 }
				],
				"scale": [
					{ "time": 0, "x": 1, "y": 1 },
					{ "time": 1, "x": 1.065, "y": 1.065 },
					{ "time": 2, "x": 1, "y": 1 }
				]
			},
			"F3": {
				"rotate": [
					{ "time": 0, "angle": 0 },
					{ "time": 0.5, "angle": 3.88 },
					{ "time": 1.3333, "angle": -3.62 },
					{ "time": 2, "angle": 0 }
				],
				"translate": [
					{ "time": 0, "x": 0, "y": 0, "curve": "stepped" },
					{ "time": 2, "x": 0, "y": 0 }
				],
				"scale": [
					{ "time": 0, "x": 1, "y": 1 },
					{ "time": 1, "x": 1.065, "y": 1.065 },
					{ "time": 2, "x": 1, "y": 1 }
				]
			},
			"F2": {
				"rotate": [
					{ "time": 0, "angle": 0 },
					{ "time": 0.5, "angle": 3.88 },
					{ "time": 1.3333, "angle": -3.62 },
					{ "time": 2, "angle": 0 }
				],
				"translate": [
					{ "time": 0, "x": 0, "y": 0, "curve": "stepped" },
					{ "time": 2, "x": 0, "y": 0 }
				],
				"scale": [
					{ "time": 0, "x": 1, "y": 1 },
					{ "time": 1, "x": 1.065, "y": 1.065 },
					{ "time": 2, "x": 1, "y": 1 }
				]
			},
			"F1": {
				"rotate": [
					{ "time": 0, "angle": 0 },
					{ "time": 0.5, "angle": 3.88 },
					{ "time": 1.3333, "angle": -3.62 },
					{ "time": 2, "angle": 0 }
				],
				"translate": [
					{ "time": 0, "x": 0, "y": 0, "curve": "stepped" },
					{ "time": 2, "x": 0, "y": 0 }
				],
				"scale": [
					{ "time": 0, "x": 1, "y": 1 },
					{ "time": 1, "x": 1.065, "y": 1.065 },
					{ "time": 2, "x": 1, "y": 1 }
				]
			},
			"TX": {
				"translate": [
					{ "time": 0, "x": 0, "y": 0 },
					{ "time": 1, "x": -36.08, "y": 0 },
					{ "time": 2, "x": 0, "y": 0 }
				],
				"scale": [
					{ "time": 0, "x": 1, "y": 1 },
					{ "time": 1, "x": 1.22, "y": 1.22 },
					{ "time": 2, "x": 1, "y": 1 }
				]
			}
		}
	},
	"normal2": {
		"slots": {
			"F1": {
				"color": [
					{ "time": 0, "color": "ffffff00" }
				]
			},
			"F2": {
				"color": [
					{ "time": 0, "color": "ffffff00" }
				]
			},
			"F3": {
				"color": [
					{ "time": 0, "color": "ffffff00" }
				]
			},
			"F4": {
				"color": [
					{ "time": 0, "color": "ffffff00" }
				]
			},
			"F5": {
				"color": [
					{ "time": 0, "color": "ffffff00" }
				]
			},
			"F6": {
				"color": [
					{ "time": 0, "color": "ffffff00" }
				]
			},
			"H1": {
				"color": [
					{ "time": 0, "color": "ffffff00" }
				]
			},
			"H2": {
				"color": [
					{ "time": 0, "color": "ffffff00" }
				]
			},
			"H3": {
				"color": [
					{ "time": 0, "color": "ffffff00" }
				]
			},
			"PZ": {
				"attachment": [
					{ "time": 0, "name": "PZ" }
				]
			},
			"PZTX": {
				"color": [
					{ "time": 0, "color": "ffffffff", "curve": "stepped" },
					{ "time": 0.1666, "color": "ffffffff" },
					{ "time": 0.2, "color": "ffffff00" },
					{ "time": 0.8333, "color": "ffffffff", "curve": "stepped" },
					{ "time": 1, "color": "ffffffff" },
					{ "time": 1.0333, "color": "ffffff00" },
					{ "time": 1.5, "color": "ffffffff", "curve": "stepped" },
					{ "time": 1.6666, "color": "ffffffff" },
					{ "time": 1.7, "color": "ffffff00" }
				]
			},
			"T1": {
				"color": [
					{ "time": 0, "color": "ffffff00" }
				]
			},
			"T2": {
				"color": [
					{ "time": 0, "color": "ffffffff" }
				],
				"attachment": [
					{ "time": 0, "name": "T4" }
				]
			},
			"TDH1": {
				"color": [
					{ "time": 0, "color": "ffffff00" }
				]
			},
			"TDH2": {
				"color": [
					{ "time": 0, "color": "ffffff00" }
				]
			},
			"TDH3": {
				"color": [
					{ "time": 0, "color": "ffffff00" }
				]
			},
			"TX1": {
				"attachment": [
					{ "time": 0, "name": null }
				]
			},
			"TX2": {
				"color": [
					{ "time": 0, "color": "ffffffd2" },
					{ "time": 0.3333, "color": "ffffffee" },
					{ "time": 1, "color": "ffffff5d" },
					{ "time": 1.5, "color": "ffffffde" },
					{ "time": 2, "color": "ffffffd2" }
				]
			},
			"V1": {
				"color": [
					{ "time": 0, "color": "ffffff00" }
				]
			}
		},
		"bones": {
			"PZ": {
				"rotate": [
					{ "time": 0, "angle": 0, "curve": "stepped" },
					{ "time": 1, "angle": 0 }
				],
				"translate": [
					{ "time": 0, "x": 0, "y": 0, "curve": "stepped" },
					{ "time": 1, "x": 0, "y": 0 }
				],
				"scale": [
					{ "time": 0, "x": 1, "y": 1, "curve": "stepped" },
					{ "time": 1, "x": 1, "y": 1 }
				]
			},
			"TS": {
				"rotate": [
					{ "time": 0, "angle": 0, "curve": "stepped" },
					{ "time": 2, "angle": 0 }
				],
				"translate": [
					{ "time": 0, "x": 0, "y": 0, "curve": "stepped" },
					{ "time": 2, "x": 0, "y": 0 }
				],
				"scale": [
					{ "time": 0, "x": 1, "y": 1 },
					{ "time": 1, "x": 0.99, "y": 0.99 },
					{ "time": 2, "x": 1, "y": 1 }
				]
			},
			"T2": {
				"scale": [
					{ "time": 0, "x": 1, "y": 1 },
					{ "time": 0.5, "x": 0.892, "y": 0.892 },
					{ "time": 0.6666, "x": 0.988, "y": 0.988 },
					{ "time": 1.3333, "x": 0.892, "y": 0.892 },
					{ "time": 1.5, "x": 0.988, "y": 0.988 },
					{ "time": 2, "x": 1, "y": 1 }
				]
			},
			"PZTX": {
				"translate": [
					{ "time": 0, "x": -12.5, "y": 0 },
					{ "time": 0.1666, "x": 19.64, "y": 0 },
					{ "time": 0.8333, "x": -12.5, "y": 0 },
					{ "time": 1, "x": 19.64, "y": 0 },
					{ "time": 1.5, "x": -12.5, "y": 0 },
					{ "time": 1.6666, "x": 19.64, "y": 0 },
					{ "time": 2, "x": -12.5, "y": 0 }
				]
			},
			"TX": {
				"scale": [
					{ "time": 0, "x": 1, "y": 1 },
					{ "time": 0.6666, "x": 0.961, "y": 0.961 },
					{ "time": 1, "x": 0.821, "y": 0.821 },
					{ "time": 2, "x": 1, "y": 1 }
				]
			}
		}
	},
	"start": {
		"slots": {
			"F1": {
				"color": [
					{ "time": 0, "color": "ffffff00", "curve": "stepped" },
					{ "time": 1, "color": "ffffff00" },
					{ "time": 1.1666, "color": "ffffffff" }
				]
			},
			"F2": {
				"color": [
					{ "time": 0, "color": "ffffff00", "curve": "stepped" },
					{ "time": 1, "color": "ffffff00" },
					{ "time": 1.1666, "color": "ffffffff" }
				]
			},
			"F3": {
				"color": [
					{ "time": 0, "color": "ffffff00", "curve": "stepped" },
					{ "time": 1, "color": "ffffff00" },
					{ "time": 1.1666, "color": "ffffffff" }
				]
			},
			"F4": {
				"color": [
					{ "time": 0, "color": "ffffff00", "curve": "stepped" },
					{ "time": 1, "color": "ffffff00" },
					{ "time": 1.1666, "color": "ffffffff" }
				]
			},
			"F5": {
				"color": [
					{ "time": 0, "color": "ffffff00", "curve": "stepped" },
					{ "time": 1, "color": "ffffff00" },
					{ "time": 1.1666, "color": "ffffffff" }
				]
			},
			"F6": {
				"color": [
					{ "time": 0, "color": "ffffff00", "curve": "stepped" },
					{ "time": 1, "color": "ffffff00" },
					{ "time": 1.1666, "color": "ffffffff" }
				]
			},
			"H1": {
				"color": [
					{ "time": 0, "color": "ffffff00", "curve": "stepped" },
					{ "time": 0.3333, "color": "ffffff00" },
					{ "time": 0.5, "color": "ffffffff", "curve": "stepped" },
					{ "time": 1, "color": "ffffffff" },
					{ "time": 1.1666, "color": "ffffff00" }
				]
			},
			"H2": {
				"color": [
					{ "time": 0, "color": "ffffff00", "curve": "stepped" },
					{ "time": 0.3333, "color": "ffffff00" },
					{ "time": 0.5, "color": "ffffffff", "curve": "stepped" },
					{ "time": 1, "color": "ffffffff" },
					{ "time": 1.1666, "color": "ffffff00" }
				]
			},
			"H3": {
				"color": [
					{ "time": 0, "color": "ffffff00", "curve": "stepped" },
					{ "time": 0.3333, "color": "ffffff00" },
					{ "time": 0.5, "color": "ffffffff", "curve": "stepped" },
					{ "time": 1, "color": "ffffffff" },
					{ "time": 1.1666, "color": "ffffff00" }
				]
			},
			"PZ": {
				"color": [
					{ "time": 0, "color": "ffffff00" },
					{ "time": 0.2666, "color": "ffffffff" }
				]
			},
			"PZTX": {
				"color": [
					{ "time": 0, "color": "ffffff00" }
				]
			},
			"T1": {
				"color": [
					{ "time": 0, "color": "ffffff00", "curve": "stepped" },
					{ "time": 0.1666, "color": "ffffff00" },
					{ "time": 0.3333, "color": "ffffffff", "curve": "stepped" },
					{ "time": 0.8333, "color": "ffffffff" },
					{ "time": 1, "color": "ffffff00" }
				]
			},
			"T2": {
				"color": [
					{ "time": 0, "color": "ffffff00", "curve": "stepped" },
					{ "time": 0.8, "color": "ffffff00" },
					{ "time": 0.8666, "color": "ffffff24" },
					{ "time": 1, "color": "ffffffff" }
				]
			},
			"TDH1": {
				"color": [
					{ "time": 0, "color": "ffffff00", "curve": "stepped" },
					{ "time": 0.3333, "color": "ffffff00" },
					{ "time": 0.5, "color": "ffffffff", "curve": "stepped" },
					{ "time": 1, "color": "ffffffff" },
					{ "time": 1.1666, "color": "ffffff00" }
				]
			},
			"TDH2": {
				"color": [
					{ "time": 0, "color": "ffffff00", "curve": "stepped" },
					{ "time": 0.3333, "color": "ffffff00" },
					{ "time": 0.5, "color": "ffffffff", "curve": "stepped" },
					{ "time": 1, "color": "ffffffff" },
					{ "time": 1.1666, "color": "ffffff00" }
				]
			},
			"TDH3": {
				"color": [
					{ "time": 0, "color": "ffffff00", "curve": "stepped" },
					{ "time": 0.3333, "color": "ffffff00" },
					{ "time": 0.5, "color": "ffffffff", "curve": "stepped" },
					{ "time": 1, "color": "ffffffff" },
					{ "time": 1.1666, "color": "ffffff00" }
				]
			},
			"TX1": {
				"color": [
					{ "time": 0, "color": "ffffff00" }
				]
			},
			"TX2": {
				"color": [
					{ "time": 0, "color": "ffffff00" }
				]
			},
			"V1": {
				"color": [
					{ "time": 0, "color": "ffffff00", "curve": "stepped" },
					{ "time": 0.3333, "color": "ffffff00" },
					{ "time": 0.5, "color": "ffffffff", "curve": "stepped" },
					{ "time": 1, "color": "ffffffff" },
					{ "time": 1.1666, "color": "ffffff00" }
				]
			}
		},
		"bones": {
			"PZ": {
				"rotate": [
					{ "time": 1.5, "angle": 0 }
				],
				"translate": [
					{ "time": 0, "x": 0, "y": 59.49 },
					{ "time": 0.2666, "x": 0, "y": 0, "curve": "stepped" },
					{ "time": 1.5, "x": 0, "y": 0 }
				],
				"scale": [
					{ "time": 0, "x": 0.527, "y": 0.527 },
					{ "time": 0.2666, "x": 1, "y": 1, "curve": "stepped" },
					{ "time": 1.5, "x": 1, "y": 1 }
				]
			},
			"TS": {
				"rotate": [
					{ "time": 1.5, "angle": 0 }
				],
				"translate": [
					{ "time": 1.5, "x": 0, "y": 0 }
				],
				"scale": [
					{ "time": 1.5, "x": 1, "y": 1 }
				]
			},
			"T2": {
				"scale": [
					{ "time": 0.8666, "x": 0.959, "y": 0.959 },
					{ "time": 1.4333, "x": 1, "y": 1 }
				]
			},
			"H1": {
				"rotate": [
					{ "time": 0.3333, "angle": 0.81 },
					{ "time": 1.1, "angle": 39.03 }
				],
				"translate": [
					{ "time": 0.3333, "x": 0, "y": 103.29 },
					{ "time": 1.1, "x": 0, "y": -476.49 }
				]
			},
			"TDH1": {
				"rotate": [
					{ "time": 0.3333, "angle": 2.94 },
					{ "time": 1.1, "angle": -28.69 }
				],
				"translate": [
					{ "time": 0.3333, "x": 0, "y": 109.85 },
					{ "time": 1.1, "x": 0, "y": -514.47 }
				]
			},
			"H2": {
				"rotate": [
					{ "time": 0.3333, "angle": 8.78 },
					{ "time": 1.1, "angle": -39.29 }
				],
				"translate": [
					{ "time": 0.3333, "x": 0, "y": 156 },
					{ "time": 1.1, "x": 0, "y": -361.54 }
				]
			},
			"TDH2": {
				"rotate": [
					{ "time": 0.3333, "angle": 2.94 },
					{ "time": 1.1, "angle": -28.69 }
				],
				"translate": [
					{ "time": 0.3333, "x": 0, "y": 109.85 },
					{ "time": 1.1, "x": 0, "y": -380.11 }
				]
			},
			"TDH3": {
				"rotate": [
					{ "time": 0.3333, "angle": 2.94 },
					{ "time": 1.1, "angle": -28.69 }
				],
				"translate": [
					{ "time": 0.3333, "x": 0, "y": 109.85 },
					{ "time": 1.1, "x": 0, "y": -541.69 }
				]
			},
			"T1": {
				"rotate": [
					{ "time": 0.1666, "angle": 3.47 },
					{ "time": 0.9333, "angle": -3.79 }
				],
				"translate": [
					{ "time": 0.1666, "x": 0, "y": 5.53 },
					{ "time": 0.9333, "x": 0, "y": -377.5 }
				],
				"scale": [
					{ "time": 0.1666, "x": 0.879, "y": 0.879 },
					{ "time": 0.9333, "x": 1.003, "y": 1.003 }
				]
			},
			"H3": {
				"rotate": [
					{ "time": 0.3333, "angle": 2.06 },
					{ "time": 1.1, "angle": -47.47 }
				],
				"translate": [
					{ "time": 0.3333, "x": 0, "y": 258.32 },
					{ "time": 1.1, "x": 0, "y": -400.12 }
				],
				"scale": [
					{ "time": 0.3333, "x": 0.79, "y": 0.79 },
					{ "time": 1.1, "x": 1, "y": 1 }
				]
			},
			"V1": {
				"rotate": [
					{ "time": 0.3333, "angle": 2.03 },
					{ "time": 1.1666, "angle": -10.78 }
				],
				"translate": [
					{ "time": 0.3333, "x": 0, "y": -96.04 },
					{ "time": 1.1666, "x": 0, "y": -577.81 }
				],
				"scale": [
					{ "time": 0.3333, "x": 0.9, "y": 0.9 },
					{ "time": 1.1666, "x": 1, "y": 1 }
				]
			},
			"F1": {
				"rotate": [
					{ "time": 0, "angle": 0 },
					{ "time": 1, "angle": 1.9 },
					{ "time": 1.3333, "angle": -1.91 },
					{ "time": 1.5, "angle": 0 }
				],
				"translate": [
					{ "time": 0, "x": 0, "y": 0, "curve": "stepped" },
					{ "time": 1.5, "x": 0, "y": 0 }
				],
				"scale": [
					{ "time": 0, "x": 1, "y": 1 },
					{ "time": 1, "x": 0.964, "y": 0.964 },
					{ "time": 1.1666, "x": 1.065, "y": 1.065 },
					{ "time": 1.5, "x": 1, "y": 1 }
				]
			},
			"F2": {
				"rotate": [
					{ "time": 0, "angle": 0 },
					{ "time": 1, "angle": 1.9 },
					{ "time": 1.3333, "angle": -1.91 },
					{ "time": 1.5, "angle": 0 }
				],
				"translate": [
					{ "time": 0, "x": 0, "y": 0, "curve": "stepped" },
					{ "time": 1.5, "x": 0, "y": 0 }
				],
				"scale": [
					{ "time": 0, "x": 1, "y": 1 },
					{ "time": 1, "x": 0.964, "y": 0.964 },
					{ "time": 1.1666, "x": 1.065, "y": 1.065 },
					{ "time": 1.5, "x": 1, "y": 1 }
				]
			},
			"F3": {
				"rotate": [
					{ "time": 0, "angle": 0 },
					{ "time": 1, "angle": 1.9 },
					{ "time": 1.3333, "angle": -1.91 },
					{ "time": 1.5, "angle": 0 }
				],
				"translate": [
					{ "time": 0, "x": 0, "y": 0, "curve": "stepped" },
					{ "time": 1.5, "x": 0, "y": 0 }
				],
				"scale": [
					{ "time": 0, "x": 1, "y": 1 },
					{ "time": 1, "x": 0.964, "y": 0.964 },
					{ "time": 1.1666, "x": 1.065, "y": 1.065 },
					{ "time": 1.5, "x": 1, "y": 1 }
				]
			},
			"F4": {
				"rotate": [
					{ "time": 0, "angle": 0 },
					{ "time": 1, "angle": 1.9 },
					{ "time": 1.3333, "angle": -1.91 },
					{ "time": 1.5, "angle": 0 }
				],
				"translate": [
					{ "time": 0, "x": 0, "y": 0, "curve": "stepped" },
					{ "time": 1.5, "x": 0, "y": 0 }
				],
				"scale": [
					{ "time": 0, "x": 1, "y": 1 },
					{ "time": 1, "x": 0.964, "y": 0.964 },
					{ "time": 1.1666, "x": 1.065, "y": 1.065 },
					{ "time": 1.5, "x": 1, "y": 1 }
				]
			},
			"F5": {
				"rotate": [
					{ "time": 0, "angle": 0 },
					{ "time": 1, "angle": 1.9 },
					{ "time": 1.3333, "angle": -1.91 },
					{ "time": 1.5, "angle": 0 }
				],
				"translate": [
					{ "time": 0, "x": 0, "y": 0, "curve": "stepped" },
					{ "time": 1.5, "x": 0, "y": 0 }
				],
				"scale": [
					{ "time": 0, "x": 1, "y": 1 },
					{ "time": 1, "x": 0.964, "y": 0.964 },
					{ "time": 1.1666, "x": 1.065, "y": 1.065 },
					{ "time": 1.5, "x": 1, "y": 1 }
				]
			},
			"F6": {
				"rotate": [
					{ "time": 0, "angle": 0 },
					{ "time": 1, "angle": 1.9 },
					{ "time": 1.3333, "angle": -1.91 },
					{ "time": 1.5, "angle": 0 }
				],
				"translate": [
					{ "time": 0, "x": 0, "y": 0, "curve": "stepped" },
					{ "time": 1.5, "x": 0, "y": 0 }
				],
				"scale": [
					{ "time": 0, "x": 1, "y": 1 },
					{ "time": 1, "x": 0.964, "y": 0.964 },
					{ "time": 1.1666, "x": 1.065, "y": 1.065 },
					{ "time": 1.5, "x": 1, "y": 1 }
				]
			}
		}
	}
}
}