{
"skeleton": { "hash": "ko0tJYYpJPJQKxNNSLHJMXW+t9I", "spine": "2.1.27", "width": 5483.59, "height": 232.41, "images": "" },
"bones": [
	{ "name": "BG_picture" },
	{ "name": "Sky", "parent": "BG_picture" },
	{ "name": "Cloud_N", "parent": "Sky" },
	{ "name": "Moon", "parent": "Sky" },
	{ "name": "Sky_picture", "parent": "Sky" },
	{ "name": "Star_0", "parent": "Sky", "x": 334.55, "y": -19.75 },
	{ "name": "Star_1", "parent": "Sky", "x": 32.71, "flipX": true },
	{ "name": "Star_2", "parent": "Sky", "x": -26.94 }
],
"slots": [
	{ "name": "Sky", "bone": "Sky_picture", "attachment": "Sky_night" },
	{ "name": "Moon", "bone": "Moon", "attachment": "Moon" },
	{ "name": "Mountain", "bone": "Sky_picture", "attachment": "Mountain_night" },
	{ "name": "Cloud_Night2", "bone": "Cloud_N", "attachment": "Cloud_Night" },
	{ "name": "Cloud_Night", "bone": "Cloud_N", "attachment": "Cloud_Night" },
	{ "name": "Star_light", "bone": "Star_2", "attachment": "Star_light_00", "blend": "additive" },
	{ "name": "Star_light2", "bone": "Star_0", "attachment": "Star_light_00", "blend": "additive" },
	{ "name": "Star_light3", "bone": "Star_1", "attachment": "Star_light_00", "blend": "additive" }
],
"skins": {
	"default": {
		"Cloud_Night": {
			"Cloud_Night": { "x": -1228, "y": -116.58, "scaleX": 5, "scaleY": 5, "width": 470, "height": 46 }
		},
		"Cloud_Night2": {
			"Cloud_Night": { "x": -3640.68, "y": -116.58, "scaleX": 5, "scaleY": 5, "width": 470, "height": 46 }
		},
		"Moon": {
			"Moon": { "x": 234.04, "y": -53.97, "scaleX": 1.5, "scaleY": 1.5, "width": 66, "height": 66 }
		},
		"Mountain": {
			"Mountain_night": { "y": -83.5, "scaleX": 2, "scaleY": 2, "width": 612, "height": 84 }
		},
		"Sky": {
			"Sky_night": { "y": -83.5, "scaleX": 2, "scaleY": 2, "width": 612, "height": 84 }
		},
		"Star_light": {
			"Star_light_00": { "x": -353.88, "y": -55.56, "scaleX": 1.2, "scaleY": 1.2, "width": 400, "height": 94 }
		},
		"Star_light2": {
			"Star_light_00": { "x": -373.64, "y": -41.19, "width": 400, "height": 94 }
		},
		"Star_light3": {
			"Star_light_00": { "x": -395.19, "y": -55.56, "scaleX": 1.2, "scaleY": 1.2, "width": 400, "height": 94 }
		}
	}
},
"animations": {
	"BG_sea_Normal_night": {
		"slots": {
			"Star_light": {
				"color": [
					{ "time": 0, "color": "ffffff4b" },
					{ "time": 0.5666, "color": "ffffffff" },
					{ "time": 1.5333, "color": "ffffff4b" },
					{ "time": 2.1, "color": "ffffffff" },
					{ "time": 3.0666, "color": "ffffff4b" },
					{ "time": 3.6333, "color": "ffffffff" },
					{ "time": 4.6, "color": "ffffff4b" },
					{ "time": 5.1666, "color": "ffffffff" },
					{ "time": 6.1333, "color": "ffffff4b" },
					{ "time": 6.7, "color": "ffffffff" },
					{ "time": 7.6666, "color": "ffffff4b" },
					{ "time": 8.2333, "color": "ffffffff" },
					{ "time": 9.2, "color": "ffffff4b" },
					{ "time": 9.7666, "color": "ffffffff" },
					{ "time": 10.7333, "color": "ffffff4b" },
					{ "time": 11.3, "color": "ffffffff" },
					{ "time": 12.2666, "color": "ffffff4b" },
					{ "time": 12.8333, "color": "ffffffff" },
					{ "time": 13.8, "color": "ffffff4b" },
					{ "time": 14.3666, "color": "ffffffff" },
					{ "time": 15.3333, "color": "ffffff4b" },
					{ "time": 15.9, "color": "ffffffff" },
					{ "time": 16.8666, "color": "ffffff4b" },
					{ "time": 17.4333, "color": "ffffffff" },
					{ "time": 18.4, "color": "ffffff4b" },
					{ "time": 18.9666, "color": "ffffffff" },
					{ "time": 19.9333, "color": "ffffff4b" },
					{ "time": 20.5, "color": "ffffffff" },
					{ "time": 21.4666, "color": "ffffff4b" },
					{ "time": 22.0333, "color": "ffffffff" },
					{ "time": 23, "color": "ffffff4b" },
					{ "time": 23.5666, "color": "ffffffff" },
					{ "time": 24.5333, "color": "ffffff4b" },
					{ "time": 25.1, "color": "ffffffff" },
					{ "time": 26.0666, "color": "ffffff4b" },
					{ "time": 26.6333, "color": "ffffffff" },
					{ "time": 27.6, "color": "ffffff4b" },
					{ "time": 28.1666, "color": "ffffffff" },
					{ "time": 29.1333, "color": "ffffff4b" },
					{ "time": 29.7, "color": "ffffffff" },
					{ "time": 30.6666, "color": "ffffff4b" },
					{ "time": 31.2333, "color": "ffffffff" },
					{ "time": 32.2, "color": "ffffff4b" },
					{ "time": 32.7666, "color": "ffffffff" },
					{ "time": 33.7333, "color": "ffffff4b" },
					{ "time": 34.3, "color": "ffffffff" },
					{ "time": 35.2666, "color": "ffffff4b" },
					{ "time": 35.8333, "color": "ffffffff" },
					{ "time": 36.8, "color": "ffffff4b" },
					{ "time": 37.3666, "color": "ffffffff" },
					{ "time": 38.3333, "color": "ffffff4b" },
					{ "time": 38.9, "color": "ffffffff" },
					{ "time": 39.8666, "color": "ffffff4b" },
					{ "time": 40.4333, "color": "ffffffff" },
					{ "time": 41.4, "color": "ffffff4b" },
					{ "time": 41.9666, "color": "ffffffff" },
					{ "time": 42.9333, "color": "ffffff4b" },
					{ "time": 43.5, "color": "ffffffff" },
					{ "time": 44.4666, "color": "ffffff4b" },
					{ "time": 45.0333, "color": "ffffffff" },
					{ "time": 46, "color": "ffffff4b" },
					{ "time": 46.5666, "color": "ffffffff" },
					{ "time": 47.5333, "color": "ffffff4b" },
					{ "time": 48.1, "color": "ffffffff" },
					{ "time": 49.0666, "color": "ffffff4b" },
					{ "time": 49.6333, "color": "ffffffff" },
					{ "time": 50.6, "color": "ffffff4b" },
					{ "time": 51.1666, "color": "ffffffff" },
					{ "time": 52.1333, "color": "ffffff4b" },
					{ "time": 52.7, "color": "ffffffff" },
					{ "time": 53.6666, "color": "ffffff4b" },
					{ "time": 54.2333, "color": "ffffffff" },
					{ "time": 55.2, "color": "ffffff4b" },
					{ "time": 55.7666, "color": "ffffffff" },
					{ "time": 56.7333, "color": "ffffff4b" },
					{ "time": 57.3, "color": "ffffffff" },
					{ "time": 58.2666, "color": "ffffff4b" },
					{ "time": 58.8333, "color": "ffffffff" },
					{ "time": 59.8, "color": "ffffff4b" },
					{ "time": 60.3666, "color": "ffffffff" },
					{ "time": 61.3333, "color": "ffffff4b" },
					{ "time": 61.9, "color": "ffffffff" },
					{ "time": 62.8666, "color": "ffffff4b" },
					{ "time": 63.4333, "color": "ffffffff" },
					{ "time": 64.4, "color": "ffffff4b" },
					{ "time": 64.9666, "color": "ffffffff" },
					{ "time": 65.9333, "color": "ffffff4b" },
					{ "time": 66.5, "color": "ffffffff" },
					{ "time": 67.4666, "color": "ffffff4b" },
					{ "time": 68.0333, "color": "ffffffff" },
					{ "time": 69, "color": "ffffff4b" },
					{ "time": 69.5666, "color": "ffffffff" },
					{ "time": 70.5333, "color": "ffffff4b" },
					{ "time": 71.1, "color": "ffffffff" },
					{ "time": 72.0666, "color": "ffffff4b" },
					{ "time": 72.6333, "color": "ffffffff" },
					{ "time": 73.6, "color": "ffffff4b" },
					{ "time": 74.1666, "color": "ffffffff" },
					{ "time": 75.1333, "color": "ffffff4b" },
					{ "time": 75.7, "color": "ffffffff" },
					{ "time": 76.6666, "color": "ffffff4b" },
					{ "time": 77.2333, "color": "ffffffff" },
					{ "time": 78.2, "color": "ffffff4b" },
					{ "time": 78.7666, "color": "ffffffff" },
					{ "time": 79.7333, "color": "ffffff4b" },
					{ "time": 80.3, "color": "ffffffff" },
					{ "time": 81.2666, "color": "ffffff4b" },
					{ "time": 81.8333, "color": "ffffffff" },
					{ "time": 82.8, "color": "ffffff4b" },
					{ "time": 83.3666, "color": "ffffffff" },
					{ "time": 84.3333, "color": "ffffff4b" },
					{ "time": 84.9, "color": "ffffffff" },
					{ "time": 85.8666, "color": "ffffff4b" },
					{ "time": 86.4333, "color": "ffffffff" },
					{ "time": 87.4, "color": "ffffff4b" },
					{ "time": 87.9666, "color": "ffffffff" },
					{ "time": 88.9333, "color": "ffffff4b" },
					{ "time": 89.5, "color": "ffffffff" },
					{ "time": 90.4666, "color": "ffffff4b" },
					{ "time": 91.0333, "color": "ffffffff" },
					{ "time": 92, "color": "ffffff4b" },
					{ "time": 92.5666, "color": "ffffffff" },
					{ "time": 93.5333, "color": "ffffff4b" },
					{ "time": 94.1, "color": "ffffffff" },
					{ "time": 95.0666, "color": "ffffff4b" },
					{ "time": 95.6333, "color": "ffffffff" },
					{ "time": 96.6, "color": "ffffff4b" },
					{ "time": 97.1666, "color": "ffffffff" },
					{ "time": 98.1333, "color": "ffffff4b" },
					{ "time": 98.7, "color": "ffffffff" },
					{ "time": 99.6666, "color": "ffffff4b" },
					{ "time": 100.2333, "color": "ffffffff" },
					{ "time": 101.2, "color": "ffffff4b" },
					{ "time": 101.7666, "color": "ffffffff" },
					{ "time": 102.7333, "color": "ffffff4b" },
					{ "time": 103.3, "color": "ffffffff" },
					{ "time": 104.2666, "color": "ffffff4b" },
					{ "time": 104.8333, "color": "ffffffff" },
					{ "time": 105.8, "color": "ffffff4b" },
					{ "time": 106.3666, "color": "ffffffff" },
					{ "time": 107.3333, "color": "ffffff4b" },
					{ "time": 107.9, "color": "ffffffff" },
					{ "time": 108.8666, "color": "ffffff4b" },
					{ "time": 109.4333, "color": "ffffffff" },
					{ "time": 110.4, "color": "ffffff4b" },
					{ "time": 110.9666, "color": "ffffffff" },
					{ "time": 111.9333, "color": "ffffff4b" },
					{ "time": 112.5, "color": "ffffffff" },
					{ "time": 113.4666, "color": "ffffff4b" },
					{ "time": 114.0333, "color": "ffffffff" },
					{ "time": 115, "color": "ffffff4b" },
					{ "time": 115.5666, "color": "ffffffff" },
					{ "time": 116.5333, "color": "ffffff4b" },
					{ "time": 117.1, "color": "ffffffff" },
					{ "time": 118.0666, "color": "ffffff4b" },
					{ "time": 118.6333, "color": "ffffffff" },
					{ "time": 119.6, "color": "ffffff4b" },
					{ "time": 120.1666, "color": "ffffffff" },
					{ "time": 121.1333, "color": "ffffff4b" },
					{ "time": 121.7, "color": "ffffffff" },
					{ "time": 122.6666, "color": "ffffff4b" },
					{ "time": 123.2333, "color": "ffffffff" },
					{ "time": 124.2, "color": "ffffff4b" },
					{ "time": 124.7666, "color": "ffffffff" },
					{ "time": 125.7333, "color": "ffffff4b" },
					{ "time": 126.3, "color": "ffffffff" },
					{ "time": 127.2666, "color": "ffffff4b" },
					{ "time": 127.8333, "color": "ffffffff" },
					{ "time": 128.8, "color": "ffffff4b" },
					{ "time": 129.3666, "color": "ffffffff" },
					{ "time": 130.3333, "color": "ffffff4b" },
					{ "time": 130.9, "color": "ffffffff" },
					{ "time": 131.8666, "color": "ffffff4b" },
					{ "time": 132.4333, "color": "ffffffff" },
					{ "time": 133.4, "color": "ffffff4b" },
					{ "time": 133.9666, "color": "ffffffff" },
					{ "time": 134.9333, "color": "ffffff4b" },
					{ "time": 135.5, "color": "ffffffff" },
					{ "time": 136.4666, "color": "ffffff4b" },
					{ "time": 137.0333, "color": "ffffffff" },
					{ "time": 138, "color": "ffffff4b" },
					{ "time": 138.5666, "color": "ffffffff" },
					{ "time": 139.5333, "color": "ffffff4b" },
					{ "time": 140.1, "color": "ffffffff" },
					{ "time": 141.0666, "color": "ffffff4b" },
					{ "time": 141.6333, "color": "ffffffff" },
					{ "time": 142.6, "color": "ffffff4b" },
					{ "time": 143.1666, "color": "ffffffff" },
					{ "time": 144.1333, "color": "ffffff4b" },
					{ "time": 144.7, "color": "ffffffff" },
					{ "time": 145.6666, "color": "ffffff4b" },
					{ "time": 146.2333, "color": "ffffffff" },
					{ "time": 147.2, "color": "ffffff4b" },
					{ "time": 147.7666, "color": "ffffffff" },
					{ "time": 148.7333, "color": "ffffff4b" },
					{ "time": 149.3, "color": "ffffffff" },
					{ "time": 150.2666, "color": "ffffff4b" },
					{ "time": 150.8333, "color": "ffffffff" },
					{ "time": 151.8, "color": "ffffff4b" },
					{ "time": 152.3666, "color": "ffffffff" },
					{ "time": 153.3333, "color": "ffffff4b" },
					{ "time": 153.9, "color": "ffffffff" },
					{ "time": 154.8666, "color": "ffffff4b" },
					{ "time": 155.4333, "color": "ffffffff" },
					{ "time": 156.4, "color": "ffffff4b" },
					{ "time": 156.9666, "color": "ffffffff" },
					{ "time": 157.9333, "color": "ffffff4b" },
					{ "time": 158.5, "color": "ffffffff" },
					{ "time": 159.4666, "color": "ffffff4b" },
					{ "time": 159.8, "color": "ffffffff" },
					{ "time": 160, "color": "ffffff4b" }
				]
			},
			"Star_light2": {
				"color": [
					{ "time": 0, "color": "ffffff4b" },
					{ "time": 0.9, "color": "ffffffff" },
					{ "time": 2, "color": "ffffff4b" },
					{ "time": 2.9, "color": "ffffffff" },
					{ "time": 4, "color": "ffffff4b" },
					{ "time": 4.9, "color": "ffffffff" },
					{ "time": 6, "color": "ffffff4b" },
					{ "time": 6.9, "color": "ffffffff" },
					{ "time": 8, "color": "ffffff4b" },
					{ "time": 8.9, "color": "ffffffff" },
					{ "time": 10, "color": "ffffff4b" },
					{ "time": 10.9, "color": "ffffffff" },
					{ "time": 12, "color": "ffffff4b" },
					{ "time": 12.9, "color": "ffffffff" },
					{ "time": 14, "color": "ffffff4b" },
					{ "time": 14.9, "color": "ffffffff" },
					{ "time": 16, "color": "ffffff4b" },
					{ "time": 16.9, "color": "ffffffff" },
					{ "time": 18, "color": "ffffff4b" },
					{ "time": 18.9, "color": "ffffffff" },
					{ "time": 20, "color": "ffffff4b" },
					{ "time": 20.9, "color": "ffffffff" },
					{ "time": 22, "color": "ffffff4b" },
					{ "time": 22.9, "color": "ffffffff" },
					{ "time": 24, "color": "ffffff4b" },
					{ "time": 24.9, "color": "ffffffff" },
					{ "time": 26, "color": "ffffff4b" },
					{ "time": 26.9, "color": "ffffffff" },
					{ "time": 28, "color": "ffffff4b" },
					{ "time": 28.9, "color": "ffffffff" },
					{ "time": 30, "color": "ffffff4b" },
					{ "time": 30.9, "color": "ffffffff" },
					{ "time": 32, "color": "ffffff4b" },
					{ "time": 32.9, "color": "ffffffff" },
					{ "time": 34, "color": "ffffff4b" },
					{ "time": 34.9, "color": "ffffffff" },
					{ "time": 36, "color": "ffffff4b" },
					{ "time": 36.9, "color": "ffffffff" },
					{ "time": 38, "color": "ffffff4b" },
					{ "time": 38.9, "color": "ffffffff" },
					{ "time": 40, "color": "ffffff4b" },
					{ "time": 40.9, "color": "ffffffff" },
					{ "time": 42, "color": "ffffff4b" },
					{ "time": 42.9, "color": "ffffffff" },
					{ "time": 44, "color": "ffffff4b" },
					{ "time": 44.9, "color": "ffffffff" },
					{ "time": 46, "color": "ffffff4b" },
					{ "time": 46.9, "color": "ffffffff" },
					{ "time": 48, "color": "ffffff4b" },
					{ "time": 48.9, "color": "ffffffff" },
					{ "time": 50, "color": "ffffff4b" },
					{ "time": 50.9, "color": "ffffffff" },
					{ "time": 52, "color": "ffffff4b" },
					{ "time": 52.9, "color": "ffffffff" },
					{ "time": 54, "color": "ffffff4b" },
					{ "time": 54.9, "color": "ffffffff" },
					{ "time": 56, "color": "ffffff4b" },
					{ "time": 56.9, "color": "ffffffff" },
					{ "time": 58, "color": "ffffff4b" },
					{ "time": 58.9, "color": "ffffffff" },
					{ "time": 60, "color": "ffffff4b" },
					{ "time": 60.9, "color": "ffffffff" },
					{ "time": 62, "color": "ffffff4b" },
					{ "time": 62.9, "color": "ffffffff" },
					{ "time": 64, "color": "ffffff4b" },
					{ "time": 64.9, "color": "ffffffff" },
					{ "time": 66, "color": "ffffff4b" },
					{ "time": 66.9, "color": "ffffffff" },
					{ "time": 68, "color": "ffffff4b" },
					{ "time": 68.9, "color": "ffffffff" },
					{ "time": 70, "color": "ffffff4b" },
					{ "time": 70.9, "color": "ffffffff" },
					{ "time": 72, "color": "ffffff4b" },
					{ "time": 72.9, "color": "ffffffff" },
					{ "time": 74, "color": "ffffff4b" },
					{ "time": 74.9, "color": "ffffffff" },
					{ "time": 76, "color": "ffffff4b" },
					{ "time": 76.9, "color": "ffffffff" },
					{ "time": 78, "color": "ffffff4b" },
					{ "time": 78.9, "color": "ffffffff" },
					{ "time": 80, "color": "ffffff4b" },
					{ "time": 80.9, "color": "ffffffff" },
					{ "time": 82, "color": "ffffff4b" },
					{ "time": 82.9, "color": "ffffffff" },
					{ "time": 84, "color": "ffffff4b" },
					{ "time": 84.9, "color": "ffffffff" },
					{ "time": 86, "color": "ffffff4b" },
					{ "time": 86.9, "color": "ffffffff" },
					{ "time": 88, "color": "ffffff4b" },
					{ "time": 88.9, "color": "ffffffff" },
					{ "time": 90, "color": "ffffff4b" },
					{ "time": 90.9, "color": "ffffffff" },
					{ "time": 92, "color": "ffffff4b" },
					{ "time": 92.9, "color": "ffffffff" },
					{ "time": 94, "color": "ffffff4b" },
					{ "time": 94.9, "color": "ffffffff" },
					{ "time": 96, "color": "ffffff4b" },
					{ "time": 96.9, "color": "ffffffff" },
					{ "time": 98, "color": "ffffff4b" },
					{ "time": 98.9, "color": "ffffffff" },
					{ "time": 100, "color": "ffffff4b" },
					{ "time": 100.9, "color": "ffffffff" },
					{ "time": 102, "color": "ffffff4b" },
					{ "time": 102.9, "color": "ffffffff" },
					{ "time": 104, "color": "ffffff4b" },
					{ "time": 104.9, "color": "ffffffff" },
					{ "time": 106, "color": "ffffff4b" },
					{ "time": 106.9, "color": "ffffffff" },
					{ "time": 108, "color": "ffffff4b" },
					{ "time": 108.9, "color": "ffffffff" },
					{ "time": 110, "color": "ffffff4b" },
					{ "time": 110.9, "color": "ffffffff" },
					{ "time": 112, "color": "ffffff4b" },
					{ "time": 112.9, "color": "ffffffff" },
					{ "time": 114, "color": "ffffff4b" },
					{ "time": 114.9, "color": "ffffffff" },
					{ "time": 116, "color": "ffffff4b" },
					{ "time": 116.9, "color": "ffffffff" },
					{ "time": 118, "color": "ffffff4b" },
					{ "time": 118.9, "color": "ffffffff" },
					{ "time": 120, "color": "ffffff4b" },
					{ "time": 120.9, "color": "ffffffff" },
					{ "time": 122, "color": "ffffff4b" },
					{ "time": 122.9, "color": "ffffffff" },
					{ "time": 124, "color": "ffffff4b" },
					{ "time": 124.9, "color": "ffffffff" },
					{ "time": 126, "color": "ffffff4b" },
					{ "time": 126.9, "color": "ffffffff" },
					{ "time": 128, "color": "ffffff4b" },
					{ "time": 128.9, "color": "ffffffff" },
					{ "time": 130, "color": "ffffff4b" },
					{ "time": 130.9, "color": "ffffffff" },
					{ "time": 132, "color": "ffffff4b" },
					{ "time": 132.9, "color": "ffffffff" },
					{ "time": 134, "color": "ffffff4b" },
					{ "time": 134.9, "color": "ffffffff" },
					{ "time": 136, "color": "ffffff4b" },
					{ "time": 136.9, "color": "ffffffff" },
					{ "time": 138, "color": "ffffff4b" },
					{ "time": 138.9, "color": "ffffffff" },
					{ "time": 140, "color": "ffffff4b" },
					{ "time": 140.9, "color": "ffffffff" },
					{ "time": 142, "color": "ffffff4b" },
					{ "time": 142.9, "color": "ffffffff" },
					{ "time": 144, "color": "ffffff4b" },
					{ "time": 144.9, "color": "ffffffff" },
					{ "time": 146, "color": "ffffff4b" },
					{ "time": 146.9, "color": "ffffffff" },
					{ "time": 148, "color": "ffffff4b" },
					{ "time": 148.9, "color": "ffffffff" },
					{ "time": 150, "color": "ffffff4b" },
					{ "time": 150.9, "color": "ffffffff" },
					{ "time": 152, "color": "ffffff4b" },
					{ "time": 152.9, "color": "ffffffff" },
					{ "time": 154, "color": "ffffff4b" },
					{ "time": 154.9, "color": "ffffffff" },
					{ "time": 156, "color": "ffffff4b" },
					{ "time": 156.9, "color": "ffffffff" },
					{ "time": 158, "color": "ffffff4b" },
					{ "time": 158.9, "color": "ffffffff" },
					{ "time": 160, "color": "ffffff4b" }
				]
			},
			"Star_light3": {
				"color": [
					{ "time": 0, "color": "ffffff4b" },
					{ "time": 1.3333, "color": "ffffffff" },
					{ "time": 2.4666, "color": "ffffff4b" },
					{ "time": 3.8, "color": "ffffffff" },
					{ "time": 4.9333, "color": "ffffff4b" },
					{ "time": 6.2666, "color": "ffffffff" },
					{ "time": 7.4, "color": "ffffff4b" },
					{ "time": 8.7333, "color": "ffffffff" },
					{ "time": 9.8666, "color": "ffffff4b" },
					{ "time": 11.2, "color": "ffffffff" },
					{ "time": 12.3333, "color": "ffffff4b" },
					{ "time": 13.6666, "color": "ffffffff" },
					{ "time": 14.8, "color": "ffffff4b" },
					{ "time": 16.1333, "color": "ffffffff" },
					{ "time": 17.2666, "color": "ffffff4b" },
					{ "time": 18.6, "color": "ffffffff" },
					{ "time": 19.7333, "color": "ffffff4b" },
					{ "time": 21.0666, "color": "ffffffff" },
					{ "time": 22.2, "color": "ffffff4b" },
					{ "time": 23.5333, "color": "ffffffff" },
					{ "time": 24.6666, "color": "ffffff4b" },
					{ "time": 26, "color": "ffffffff" },
					{ "time": 27.1333, "color": "ffffff4b" },
					{ "time": 28.4666, "color": "ffffffff" },
					{ "time": 29.6, "color": "ffffff4b" },
					{ "time": 30.9333, "color": "ffffffff" },
					{ "time": 32.0666, "color": "ffffff4b" },
					{ "time": 33.4, "color": "ffffffff" },
					{ "time": 34.5333, "color": "ffffff4b" },
					{ "time": 35.8666, "color": "ffffffff" },
					{ "time": 37, "color": "ffffff4b" },
					{ "time": 38.3333, "color": "ffffffff" },
					{ "time": 39.4666, "color": "ffffff4b" },
					{ "time": 40.8, "color": "ffffffff" },
					{ "time": 41.9333, "color": "ffffff4b" },
					{ "time": 43.2666, "color": "ffffffff" },
					{ "time": 44.4, "color": "ffffff4b" },
					{ "time": 45.7333, "color": "ffffffff" },
					{ "time": 46.8666, "color": "ffffff4b" },
					{ "time": 48.2, "color": "ffffffff" },
					{ "time": 49.3333, "color": "ffffff4b" },
					{ "time": 50.6666, "color": "ffffffff" },
					{ "time": 51.8, "color": "ffffff4b" },
					{ "time": 53.1333, "color": "ffffffff" },
					{ "time": 54.2666, "color": "ffffff4b" },
					{ "time": 55.6, "color": "ffffffff" },
					{ "time": 56.7333, "color": "ffffff4b" },
					{ "time": 58.0666, "color": "ffffffff" },
					{ "time": 59.2, "color": "ffffff4b" },
					{ "time": 60.5333, "color": "ffffffff" },
					{ "time": 61.6666, "color": "ffffff4b" },
					{ "time": 63, "color": "ffffffff" },
					{ "time": 64.1333, "color": "ffffff4b" },
					{ "time": 65.4666, "color": "ffffffff" },
					{ "time": 66.6, "color": "ffffff4b" },
					{ "time": 67.9333, "color": "ffffffff" },
					{ "time": 69.0666, "color": "ffffff4b" },
					{ "time": 70.4, "color": "ffffffff" },
					{ "time": 71.5333, "color": "ffffff4b" },
					{ "time": 72.8666, "color": "ffffffff" },
					{ "time": 74, "color": "ffffff4b" },
					{ "time": 75.3333, "color": "ffffffff" },
					{ "time": 76.4666, "color": "ffffff4b" },
					{ "time": 77.8, "color": "ffffffff" },
					{ "time": 78.9333, "color": "ffffff4b" },
					{ "time": 80.2666, "color": "ffffffff" },
					{ "time": 81.4, "color": "ffffff4b" },
					{ "time": 82.7333, "color": "ffffffff" },
					{ "time": 83.8666, "color": "ffffff4b" },
					{ "time": 85.2, "color": "ffffffff" },
					{ "time": 86.3333, "color": "ffffff4b" },
					{ "time": 87.6666, "color": "ffffffff" },
					{ "time": 88.8, "color": "ffffff4b" },
					{ "time": 90.1333, "color": "ffffffff" },
					{ "time": 91.2666, "color": "ffffff4b" },
					{ "time": 92.6, "color": "ffffffff" },
					{ "time": 93.7333, "color": "ffffff4b" },
					{ "time": 95.0666, "color": "ffffffff" },
					{ "time": 96.2, "color": "ffffff4b" },
					{ "time": 97.5333, "color": "ffffffff" },
					{ "time": 98.6666, "color": "ffffff4b" },
					{ "time": 100, "color": "ffffffff" },
					{ "time": 101.1333, "color": "ffffff4b" },
					{ "time": 102.4666, "color": "ffffffff" },
					{ "time": 103.6, "color": "ffffff4b" },
					{ "time": 104.9333, "color": "ffffffff" },
					{ "time": 106.0666, "color": "ffffff4b" },
					{ "time": 107.4, "color": "ffffffff" },
					{ "time": 108.5333, "color": "ffffff4b" },
					{ "time": 109.8666, "color": "ffffffff" },
					{ "time": 111, "color": "ffffff4b" },
					{ "time": 112.3333, "color": "ffffffff" },
					{ "time": 113.4666, "color": "ffffff4b" },
					{ "time": 114.8, "color": "ffffffff" },
					{ "time": 115.9333, "color": "ffffff4b" },
					{ "time": 117.2666, "color": "ffffffff" },
					{ "time": 118.4, "color": "ffffff4b" },
					{ "time": 119.7333, "color": "ffffffff" },
					{ "time": 120.8666, "color": "ffffff4b" },
					{ "time": 122.2, "color": "ffffffff" },
					{ "time": 123.3333, "color": "ffffff4b" },
					{ "time": 124.6666, "color": "ffffffff" },
					{ "time": 125.8, "color": "ffffff4b" },
					{ "time": 127.1333, "color": "ffffffff" },
					{ "time": 128.2666, "color": "ffffff4b" },
					{ "time": 129.6, "color": "ffffffff" },
					{ "time": 130.7333, "color": "ffffff4b" },
					{ "time": 132.0666, "color": "ffffffff" },
					{ "time": 133.2, "color": "ffffff4b" },
					{ "time": 134.5333, "color": "ffffffff" },
					{ "time": 135.6666, "color": "ffffff4b" },
					{ "time": 137, "color": "ffffffff" },
					{ "time": 138.1333, "color": "ffffff4b" },
					{ "time": 139.4666, "color": "ffffffff" },
					{ "time": 140.6, "color": "ffffff4b" },
					{ "time": 141.9333, "color": "ffffffff" },
					{ "time": 143.0666, "color": "ffffff4b" },
					{ "time": 144.4, "color": "ffffffff" },
					{ "time": 145.5333, "color": "ffffff4b" },
					{ "time": 146.8666, "color": "ffffffff" },
					{ "time": 148, "color": "ffffff4b" },
					{ "time": 149.3333, "color": "ffffffff" },
					{ "time": 150.4666, "color": "ffffff4b" },
					{ "time": 151.8, "color": "ffffffff" },
					{ "time": 152.9333, "color": "ffffff4b" },
					{ "time": 154.2666, "color": "ffffffff" },
					{ "time": 155.4, "color": "ffffff4b" },
					{ "time": 156.7333, "color": "ffffffff" },
					{ "time": 157.8666, "color": "ffffff4b" },
					{ "time": 159.2, "color": "ffffffff" },
					{ "time": 160, "color": "ffffff4b" }
				]
			}
		},
		"bones": {
			"Moon": {
				"translate": [
					{ "time": 0, "x": 54.51, "y": 0 }
				]
			},
			"Cloud_N": {
				"translate": [
					{ "time": 0, "x": 589.18, "y": 0 },
					{ "time": 160, "x": 3001.85, "y": 0 }
				]
			}
		}
	}
}
}