{
"skeleton": { "hash": "sCyMTzZHAJvSheTXJritpRI4xB0", "spine": "3.2.01", "width": 208.56, "height": 192.84, "images": "" },
"bones": [
	{ "name": "root" },
	{ "name": "bone", "parent": "root" },
	{ "name": "bone2", "parent": "bone" },
	{ "name": "crab", "parent": "bone2" },
	{ "name": "body", "parent": "crab", "x": 4, "y": 41 },
	{ "name": "hand_L1", "parent": "body", "length": 18.44, "rotation": -33.69, "x": -27.52, "y": 22.63 },
	{ "name": "hand_L2", "parent": "hand_L1", "length": 20.34, "rotation": 33.01, "x": 20.69, "y": -1.43 },
	{ "name": "SH", "parent": "hand_L2", "length": 27.86, "rotation": -98.19, "x": 38.96, "y": -0.95 },
	{ "name": "head", "parent": "body", "x": -4.21, "y": 48.21 },
	{ "name": "eye1", "parent": "head", "x": 42.48, "y": 19.24 },
	{ "name": "eye2", "parent": "head", "x": 14.47, "y": 20.3 },
	{ "name": "hand_L3", "parent": "hand_L2", "length": 45.55, "rotation": 21.31, "x": 23.95, "y": 1.07 },
	{ "name": "hand_R", "parent": "body", "length": 27.31, "rotation": 12.01, "x": 17.38, "y": 16.94 },
	{ "name": "hand_R2", "parent": "hand_R", "length": 27.23, "rotation": 5.15, "x": 25.33, "y": -0.9 },
	{ "name": "leg_L1", "parent": "crab", "x": -24.5, "y": 11.81 },
	{ "name": "leg_L2", "parent": "crab", "x": -32.86, "y": 13.55 },
	{ "name": "leg_L3", "parent": "crab", "x": -41.02, "y": 13.53 },
	{ "name": "leg_R1", "parent": "crab", "x": 18.54, "y": 13.6 },
	{ "name": "shadow", "parent": "crab", "scaleX": 0.897, "scaleY": 0.897 },
	{ "name": "tail", "parent": "crab", "x": -12.72, "y": 15.88 }
],
"slots": [
	{ "name": "shadow", "bone": "shadow", "attachment": "shadow" },
	{ "name": "tail", "bone": "tail", "attachment": "tail" },
	{ "name": "leg_L3", "bone": "leg_L3", "attachment": "leg_L3" },
	{ "name": "leg_L2", "bone": "leg_L2", "attachment": "leg_L2" },
	{ "name": "leg_L1", "bone": "leg_L1", "attachment": "leg_L1" },
	{ "name": "leg_R", "bone": "leg_R1", "attachment": "leg_R" },
	{ "name": "hand_R", "bone": "hand_R", "attachment": "hand_R" },
	{ "name": "body", "bone": "body", "attachment": "body" },
	{ "name": "head", "bone": "head", "attachment": "head" },
	{ "name": "eye1", "bone": "eye1", "attachment": "eye1" },
	{ "name": "eye2", "bone": "eye2", "attachment": "eye2" },
	{ "name": "hand_L", "bone": "hand_L1", "attachment": "hand_L" },
	{ "name": "hand_R2", "bone": "hand_R2", "attachment": "hand_R2" },
	{ "name": "hand_L2", "bone": "hand_L2", "attachment": "hand_L2" },
	{ "name": "SH", "bone": "SH", "attachment": "SH" },
	{ "name": "hand_L3", "bone": "hand_L3", "attachment": "hand_L3" }
],
"skins": {
	"default": {
		"SH": {
			"SH": { "x": -14.14, "y": -23.61, "rotation": 79.19, "width": 170, "height": 144 }
		},
		"body": {
			"body": { "x": 1.99, "y": 18, "width": 170, "height": 144 }
		},
		"eye1": {
			"eye1": { "x": -36.26, "y": -49.45, "width": 170, "height": 144 }
		},
		"eye2": {
			"eye2": { "x": -8.25, "y": -50.51, "width": 170, "height": 144 }
		},
		"hand_L": {
			"hand_L": { "x": 27.9, "y": 13.86, "rotation": 33.69, "width": 170, "height": 144 }
		},
		"hand_L2": {
			"hand_L2": { "x": 13, "y": 8.19, "rotation": 0.67, "width": 170, "height": 144 }
		},
		"hand_L3": {
			"hand_L3": { "x": -7.61, "y": 10.61, "rotation": -20.64, "width": 170, "height": 144 }
		},
		"hand_R": {
			"hand_R": { "x": -13.32, "y": 4.61, "rotation": -12.01, "width": 170, "height": 144 }
		},
		"hand_R2": {
			"hand_R2": { "x": -39.54, "y": 8.72, "rotation": -17.16, "width": 170, "height": 144 }
		},
		"head": {
			"head": { "x": 7.6, "y": -29.52, "width": 170, "height": 144 }
		},
		"leg_L1": {
			"leg_L1": { "x": 30.5, "y": 47.18, "width": 170, "height": 144 }
		},
		"leg_L2": {
			"leg_L2": { "x": 38.86, "y": 45.44, "width": 170, "height": 144 }
		},
		"leg_L3": {
			"leg_L3": { "x": 47.02, "y": 45.46, "width": 170, "height": 144 }
		},
		"leg_R": {
			"leg_R": { "x": -11.15, "y": 46.07, "width": 170, "height": 144 }
		},
		"shadow": {
			"shadow": { "x": 6, "y": 59, "width": 170, "height": 144 }
		},
		"tail": {
			"tail": { "x": 20.1, "y": 43.8, "width": 170, "height": 144 }
		}
	}
},
"animations": {
	"normal": {
		"bones": {
			"crab": {
				"rotate": [
					{ "time": 0, "angle": 0, "curve": "stepped" },
					{ "time": 2.6666, "angle": 0 }
				],
				"translate": [
					{ "time": 0, "x": 0, "y": 0, "curve": "stepped" },
					{ "time": 2.6666, "x": 0, "y": 0 }
				]
			},
			"shadow": {
				"rotate": [
					{ "time": 0, "angle": 0, "curve": "stepped" },
					{ "time": 2.6666, "angle": 0 }
				],
				"translate": [
					{ "time": 0, "x": 0, "y": 0, "curve": "stepped" },
					{ "time": 2.6666, "x": 0, "y": 0 }
				]
			},
			"leg_L3": {
				"rotate": [
					{ "time": 0, "angle": 0 },
					{ "time": 0.3333, "angle": 4.34 },
					{ "time": 0.5, "angle": -15.18 },
					{ "time": 0.8333, "angle": 3.85 },
					{ "time": 2.6666, "angle": 0 }
				],
				"translate": [
					{ "time": 0, "x": 0, "y": 0, "curve": "stepped" },
					{ "time": 2.6666, "x": 0, "y": 0 }
				]
			},
			"leg_L2": {
				"rotate": [
					{ "time": 0, "angle": 0 },
					{ "time": 0.3333, "angle": -3.66 },
					{ "time": 0.4, "angle": -13.66 },
					{ "time": 0.7333, "angle": 1.1 },
					{ "time": 2.6666, "angle": 0 }
				],
				"translate": [
					{ "time": 0, "x": 0, "y": 0, "curve": "stepped" },
					{ "time": 2.6666, "x": 0, "y": 0 }
				]
			},
			"leg_L1": {
				"rotate": [
					{ "time": 0, "angle": 0 },
					{ "time": 0.3333, "angle": -10.4 },
					{ "time": 0.6666, "angle": 2.22 },
					{ "time": 2.6666, "angle": 0 }
				],
				"translate": [
					{ "time": 0, "x": 0, "y": 0, "curve": "stepped" },
					{ "time": 2.6666, "x": 0, "y": 0 }
				]
			},
			"hand_R2": {
				"rotate": [
					{ "time": 0, "angle": 0 },
					{ "time": 0.3333, "angle": 62.7 },
					{ "time": 0.6666, "angle": -2.66 },
					{ "time": 2, "angle": 6.64 },
					{ "time": 2.6666, "angle": 0 }
				],
				"translate": [
					{ "time": 0, "x": 0, "y": 0, "curve": "stepped" },
					{ "time": 2.6666, "x": 0, "y": 0 }
				]
			},
			"SH": {
				"rotate": [
					{ "time": 0, "angle": 0 },
					{
						"time": 0.3333,
						"angle": 42.94,
						"curve": [ 0.25, 0, 0.059, 1 ]
					},
					{ "time": 0.6666, "angle": 43.84 },
					{ "time": 1.1666, "angle": -14.2 },
					{ "time": 1.6666, "angle": 33.13 },
					{ "time": 2.1666, "angle": 0.25 },
					{ "time": 2.5, "angle": 13.76 },
					{ "time": 2.6666, "angle": 0 }
				],
				"translate": [
					{ "time": 0, "x": 0, "y": 0, "curve": "stepped" },
					{ "time": 2.6666, "x": 0, "y": 0 }
				]
			},
			"hand_L3": {
				"rotate": [
					{ "time": 0, "angle": 0 },
					{ "time": 0.3333, "angle": 38.33 },
					{ "time": 0.6666, "angle": -18.6 },
					{ "time": 2, "angle": -11.85 },
					{ "time": 2.6666, "angle": 0 }
				],
				"translate": [
					{ "time": 0, "x": 0, "y": 0, "curve": "stepped" },
					{ "time": 2.6666, "x": 0, "y": 0 }
				]
			},
			"hand_L2": {
				"rotate": [
					{ "time": 0, "angle": 0 },
					{ "time": 0.3333, "angle": 36.97 },
					{ "time": 0.6666, "angle": -8.19 },
					{ "time": 2, "angle": -9.38 },
					{ "time": 2.6666, "angle": 0 }
				],
				"translate": [
					{ "time": 0, "x": 0, "y": 0, "curve": "stepped" },
					{ "time": 2.6666, "x": 0, "y": 0 }
				]
			},
			"eye2": {
				"rotate": [
					{ "time": 0, "angle": 0 },
					{ "time": 0.3333, "angle": 12.91 },
					{ "time": 0.6666, "angle": -5.56 },
					{ "time": 2, "angle": -7.27 },
					{ "time": 2.6666, "angle": 0 }
				],
				"translate": [
					{ "time": 0, "x": 0, "y": 0 },
					{ "time": 0.3333, "x": 0.09, "y": 0.53 },
					{ "time": 0.6666, "x": 0.24, "y": -1.16 },
					{ "time": 2.6666, "x": 0, "y": 0 }
				]
			},
			"eye1": {
				"rotate": [
					{ "time": 0, "angle": 0 },
					{ "time": 0.3333, "angle": 12.91 },
					{ "time": 0.6666, "angle": -5.56 },
					{ "time": 2, "angle": -7.27 },
					{ "time": 2.6666, "angle": 0 }
				],
				"translate": [
					{ "time": 0, "x": 0, "y": 0 },
					{ "time": 0.3333, "x": 0.09, "y": 0.53 },
					{ "time": 0.6666, "x": 0.24, "y": -1.16 },
					{ "time": 2.6666, "x": 0, "y": 0 }
				]
			},
			"body": {
				"rotate": [
					{ "time": 0, "angle": 0 },
					{ "time": 0.3333, "angle": 3.15 },
					{ "time": 0.6666, "angle": -1.47 },
					{ "time": 2, "angle": -1.89 },
					{ "time": 2.6666, "angle": 0 }
				],
				"translate": [
					{ "time": 0, "x": 0, "y": 0, "curve": "stepped" },
					{ "time": 2.6666, "x": 0, "y": 0 }
				]
			},
			"tail": {
				"rotate": [
					{ "time": 0, "angle": 0 },
					{ "time": 0.3333, "angle": -10.18 },
					{ "time": 0.6666, "angle": 2.59 },
					{ "time": 2, "angle": 4.26 },
					{ "time": 2.6666, "angle": 0 }
				],
				"translate": [
					{ "time": 0, "x": 0, "y": 0 },
					{ "time": 0.3333, "x": -2.17, "y": 1.08 },
					{ "time": 2.6666, "x": 0, "y": 0 }
				]
			},
			"leg_R1": {
				"rotate": [
					{ "time": 0, "angle": 0 },
					{ "time": 0.3333, "angle": 20.91 },
					{ "time": 0.6666, "angle": -5.09 },
					{ "time": 2.6666, "angle": 0 }
				],
				"translate": [
					{ "time": 0, "x": 0, "y": 0, "curve": "stepped" },
					{ "time": 2.6666, "x": 0, "y": 0 }
				]
			},
			"head": {
				"rotate": [
					{ "time": 0, "angle": 0 },
					{ "time": 0.3333, "angle": 9.76 },
					{ "time": 0.6666, "angle": -5.76 },
					{ "time": 2, "angle": -5.92 },
					{ "time": 2.6666, "angle": 0 }
				],
				"translate": [
					{ "time": 0, "x": 0, "y": 0, "curve": "stepped" },
					{ "time": 2.6666, "x": 0, "y": 0 }
				]
			},
			"hand_R": {
				"rotate": [
					{ "time": 0, "angle": 0 },
					{ "time": 0.3333, "angle": -26.68 },
					{ "time": 0.6666, "angle": -47.33 },
					{ "time": 2, "angle": -41.39 },
					{ "time": 2.6666, "angle": 0 }
				],
				"translate": [
					{ "time": 0, "x": 0, "y": 0, "curve": "stepped" },
					{ "time": 2.6666, "x": 0, "y": 0 }
				]
			},
			"hand_L1": {
				"rotate": [
					{ "time": 0, "angle": 0 },
					{ "time": 0.3333, "angle": -0.35 },
					{ "time": 0.6666, "angle": -8.19 },
					{ "time": 2, "angle": -9.38 },
					{ "time": 2.6666, "angle": 0 }
				],
				"translate": [
					{ "time": 0, "x": 0, "y": 0, "curve": "stepped" },
					{ "time": 2.6666, "x": 0, "y": 0 }
				]
			}
		}
	}
}
}