{
"skeleton": { "hash": "vMHgILYZC8bjbwedX63Mps83ElU", "spine": "2.1.27", "width": 303.11, "height": 303.11, "images": "" },
"bones": [
	{ "name": "Root_All", "scaleX": 1.01, "scaleY": 1.01 },
	{ "name": "Ship_All", "parent": "Root_All" },
	{ "name": "Body", "parent": "Ship_All", "length": 255.84, "x": 2.91, "y": -5.87, "rotation": 90 },
	{ "name": "Antiaircraft", "parent": "Body", "length": 44.62, "x": 152.4, "y": -50.57, "rotation": -90 },
	{ "name": "Attack_Point", "parent": "Body", "length": 25.69, "x": 122.83, "y": -42.8, "rotation": -88.64 },
	{ "name": "Body_Front", "parent": "Body", "length": 37.11, "x": 51.84, "y": 60, "rotation": -92.25 },
	{ "name": "Damage_Point", "parent": "Body", "length": 22.56, "x": 114.49, "y": 8.16, "rotation": -90 },
	{ "name": "Dialogue", "parent": "Body", "length": 57.85, "x": 184.07, "y": -52.94, "rotation": -90 },
	{ "name": "Expression", "parent": "Body", "length": 46.33, "x": 217.62, "y": -46.58, "rotation": -42.65 },
	{ "name": "Face", "parent": "Body", "length": 66.94, "x": 180, "y": 30, "rotation": 270 },
	{ "name": "Hair_00", "parent": "Body", "length": 35.33, "x": 225.73, "y": 10.73, "rotation": 180 },
	{ "name": "Other_move", "parent": "Body", "length": 124.33, "x": 145.12, "y": -8.04, "rotation": -136.62 },
	{ "name": "Smoke_L1", "parent": "Body", "length": 81.39, "x": 102.95, "y": -45.45, "rotation": -26.74 },
	{ "name": "Throw_Point", "parent": "Body", "length": 24.91, "x": 68.42, "y": -23.15, "rotation": -88.64 },
	{ "name": "Hair_01", "parent": "Hair_00", "length": 32.23, "x": 33.15, "y": -1.08, "rotation": -5.39 },
	{ "name": "Hair_02", "parent": "Hair_01", "length": 27.52, "x": 32.23, "y": -0.23, "rotation": -3.6 },
	{ "name": "Hair_03", "parent": "Hair_02", "length": 26.29, "x": 28.06, "y": 0.04, "rotation": -9.01 },
	{ "name": "Hair_04", "parent": "Hair_03", "length": 29.57, "x": 26.29, "y": -0.01, "rotation": 0.9 },
	{ "name": "Hair_05", "parent": "Hair_04", "length": 23.74, "x": 29.57, "y": 0.01, "rotation": 0.9 },
	{ "name": "Hair_06", "parent": "Hair_05", "length": 20.91, "x": 23.74, "y": 0.11, "rotation": 7.18 }
],
"slots": [
	{ "name": "Rodney_ship_armor_normal", "bone": "Hair_06", "attachment": "Rodney_ship_armor_normal" },
	{ "name": "Body_Hand", "bone": "Body_Front", "attachment": "Rodney_fornt_normal" },
	{ "name": "Other", "bone": "Other_move", "attachment": "Other_change" },
	{ "name": "Other_light", "bone": "Other_move", "attachment": "Other_light_change", "blend": "additive" },
	{ "name": "Rodney_body_normal", "bone": "Body", "attachment": "Rodney_body_normal" },
	{ "name": "Rodney_eyes_normal", "bone": "Face", "attachment": "Rodney_eyes_normal" },
	{ "name": "Light_Body", "bone": "Body", "attachment": "Rodney_ship_body_normal_light", "blend": "additive" }
],
"skins": {
	"default": {
		"Body_Hand": {
			"Rodney_fornt_normal": { "x": 46.46, "y": 80.46, "rotation": 2.25, "width": 300, "height": 300 }
		},
		"Light_Body": {
			"Rodney_ship_body_normal_light": { "x": 130.44, "y": 10.44, "rotation": -90, "width": 300, "height": 300 }
		},
		"Rodney_body_normal": {
			"Rodney_body_normal": { "x": 130.44, "y": 10.44, "rotation": -90, "width": 300, "height": 300 }
		},
		"Rodney_eyes_normal": {
			"Rodney_eyes_damage": { "x": 19.55, "y": -49.55, "width": 300, "height": 300 },
			"Rodney_eyes_normal": { "x": 19.55, "y": -49.55, "width": 300, "height": 300 }
		},
		"Rodney_ship_armor_normal": {
			"Rodney_ship_armor_normal": {
				"type": "skinnedmesh",
				"uvs": [ 1, 0.09551, 1, 0.14125, 1, 0.18946, 1, 0.24879, 1, 0.33285, 1, 0.40083, 1, 0.46635, 1, 0.53361, 1, 0.59985, 1, 0.65794, 1, 0.71604, 1, 0.78032, 1, 0.831, 1, 0.86685, 1, 0.90516, 1, 0.9373, 1, 0.96697, 1, 1, 0.94082, 1, 0.88187, 1, 0.81079, 1, 0.7137, 1, 0.61661, 1, 0.55072, 1, 0.49524, 1, 0.4513, 1, 0.41494, 1, 0.3367, 1, 0.24654, 1, 0.19626, 1, 0.14425, 1, 0.0801, 1, 0.03329, 1, 0, 1, 0, 0.97191, 0, 0.94101, 0, 0.8928, 0, 0.84583, 0, 0.79639, 0, 0.74694, 0, 0.69538, 0, 0.63027, 0, 0.56923, 0, 0.50837, 0, 0.44162, 0, 0.39094, 0, 0.34521, 0, 0.30071, 0, 0.2525, 0, 0.20924, 0, 0.16103, 0, 0.10293, 0, 0.04854, 0, 0, 0.05756, 0, 0.12171, 0, 0.18413, 0, 0.23614, 0, 0.28123, 0, 0.38948, 0, 0.4727, 0, 0.57153, 0, 0.67382, 0, 0.75878, 0, 0.86107, 0, 1, 0, 0.26791, 0.05105, 0.25269, 0.10531, 0.23176, 0.16093, 0.20703, 0.21518, 0.1861, 0.25181, 0.15756, 0.30742, 0.13283, 0.34541, 0.09668, 0.40102, 0.06053, 0.44714, 0.03009, 0.50683, 0.02221, 0.74979, 0.04694, 0.79542, 0.08621, 0.84208, 0.14148, 0.88564, 0.19385, 0.91467, 0.25639, 0.95097, 0.33203, 0.98105, 0.48766, 0.97793, 0.54585, 0.96342, 0.61275, 0.94267, 0.71021, 0.92608, 0.79603, 0.89497, 0.8513, 0.85764, 0.89494, 0.8203, 0.92985, 0.7726, 0.96039, 0.71763, 0.97348, 0.65648, 0.98404, 0.59874, 0.96683, 0.19069, 0.91655, 0.14372, 0.8524, 0.10046, 0.75357, 0.04854, 0.67035, 0.02011, 0.66438, 0.06338, 0.65397, 0.10417, 0.63837, 0.1499, 0.61583, 0.19811, 0.59849, 0.24508, 0.57596, 0.29082, 0.54995, 0.34274, 0.52914, 0.39342, 0.50314, 0.43792, 0.48233, 0.48612, 0.46326, 0.52939, 0.44419, 0.5776, 0.42685, 0.62457, 0.41125, 0.67525, 0.40085, 0.72346, 0.39044, 0.77043, 0.38871, 0.81122, 0.38871, 0.85448, 0.39391, 0.89651, 0.41298, 0.93978, 0.43032, 0.97439, 0.83602, 0.13878, 0.82735, 0.1771, 0.81695, 0.22283, 0.80828, 0.26362, 0.79094, 0.31925, 0.77707, 0.36251, 0.75973, 0.40825, 0.73893, 0.46264, 0.71466, 0.51208, 0.70079, 0.55782, 0.67825, 0.60479, 0.65051, 0.66289, 0.6297, 0.70615, 0.6089, 0.75807, 0.58983, 0.81122, 0.56729, 0.85325, 0.55168, 0.88909, 0.52394, 0.94596, 0.92964, 0.21912, 0.93484, 0.25992, 0.93831, 0.30071, 0.92097, 0.18451, 0.93831, 0.3588, 0.94005, 0.41443, 0.93311, 0.46635, 0.92271, 0.52815, 0.90364, 0.58378, 0.89323, 0.63322, 0.87243, 0.69132, 0.84989, 0.74447, 0.82908, 0.78403, 0.79441, 0.83347, 0.75453, 0.8755, 0.46846, 0.05101, 0.43725, 0.1054, 0.40605, 0.16103, 0.38177, 0.20429, 0.3523, 0.25126, 0.32976, 0.30442, 0.30202, 0.35633, 0.27775, 0.40207, 0.24654, 0.45646, 0.21707, 0.52444, 0.20493, 0.57265, 0.19106, 0.63569, 0.18413, 0.68637, 0.18759, 0.74323, 0.19973, 0.79144, 0.21533, 0.83841, 0.24827, 0.88168, 0.28122, 0.91876, 0.31763, 0.95214 ],
				"triangles": [ 78, 77, 166, 38, 39, 76, 38, 76, 77, 79, 78, 167, 37, 38, 77, 37, 77, 78, 168, 79, 167, 36, 37, 78, 170, 169, 116, 80, 79, 168, 80, 168, 169, 137, 118, 117, 79, 35, 36, 136, 137, 117, 84, 137, 136, 81, 169, 170, 80, 169, 81, 171, 170, 117, 171, 117, 118, 81, 170, 171, 85, 84, 136, 35, 32, 34, 78, 79, 36, 83, 119, 118, 137, 83, 118, 82, 171, 118, 26, 82, 118, 32, 33, 34, 32, 35, 31, 79, 31, 35, 30, 31, 79, 80, 30, 79, 29, 80, 81, 30, 80, 29, 28, 29, 81, 26, 27, 82, 28, 81, 171, 171, 82, 28, 27, 28, 82, 118, 119, 26, 25, 119, 83, 26, 119, 25, 84, 24, 83, 84, 83, 137, 25, 83, 24, 22, 23, 84, 24, 84, 23, 22, 84, 85, 40, 76, 39, 165, 166, 76, 167, 166, 114, 77, 76, 166, 114, 168, 167, 135, 115, 114, 115, 168, 114, 167, 78, 166, 134, 135, 114, 115, 169, 168, 116, 115, 135, 116, 169, 115, 136, 116, 135, 87, 151, 88, 152, 151, 87, 117, 116, 136, 117, 170, 116, 86, 134, 152, 85, 135, 134, 85, 136, 135, 134, 86, 85, 15, 88, 14, 87, 88, 19, 21, 22, 85, 86, 20, 21, 87, 86, 152, 21, 85, 86, 19, 20, 87, 88, 15, 19, 20, 86, 87, 15, 18, 19, 16, 18, 15, 18, 16, 17, 75, 44, 74, 43, 44, 75, 42, 43, 75, 162, 75, 74, 163, 75, 162, 42, 164, 41, 163, 42, 75, 163, 164, 42, 112, 164, 163, 111, 112, 163, 165, 41, 164, 113, 165, 164, 40, 41, 165, 112, 111, 132, 112, 113, 164, 166, 165, 113, 165, 76, 40, 133, 112, 132, 113, 112, 133, 114, 166, 113, 90, 148, 91, 149, 148, 90, 91, 10, 11, 90, 91, 11, 132, 131, 150, 134, 113, 133, 114, 113, 134, 89, 149, 90, 150, 149, 89, 90, 11, 12, 89, 90, 12, 151, 132, 150, 133, 132, 151, 152, 134, 133, 88, 150, 89, 151, 150, 88, 89, 12, 13, 151, 152, 133, 89, 13, 14, 88, 89, 14, 161, 160, 109, 110, 161, 109, 162, 161, 110, 111, 162, 110, 163, 162, 111, 131, 109, 130, 110, 109, 131, 132, 111, 110, 131, 132, 110, 91, 92, 10, 91, 148, 92, 149, 130, 148, 131, 130, 149, 150, 131, 149, 74, 44, 45, 161, 72, 160, 144, 126, 143, 143, 5, 6, 144, 143, 6, 108, 159, 107, 160, 159, 108, 128, 106, 127, 107, 106, 128, 162, 73, 161, 74, 73, 162, 144, 127, 126, 145, 127, 144, 109, 160, 108, 144, 6, 7, 145, 144, 7, 129, 107, 128, 108, 107, 129, 146, 127, 145, 128, 127, 146, 129, 128, 146, 93, 145, 7, 146, 145, 93, 93, 7, 8, 130, 108, 129, 109, 108, 130, 147, 129, 146, 93, 147, 146, 92, 147, 93, 9, 92, 93, 9, 93, 8, 147, 130, 129, 148, 130, 147, 92, 9, 10, 92, 148, 147, 105, 156, 104, 157, 156, 105, 158, 157, 105, 142, 140, 4, 125, 103, 124, 104, 103, 125, 106, 158, 105, 142, 4, 5, 160, 71, 159, 72, 71, 160, 126, 104, 125, 105, 104, 126, 143, 142, 5, 107, 158, 106, 159, 158, 107, 73, 72, 161, 127, 105, 126, 106, 105, 127, 143, 124, 142, 143, 125, 124, 143, 126, 125, 98, 61, 62, 52, 53, 54, 63, 98, 62, 97, 98, 63, 153, 59, 60, 66, 57, 58, 99, 61, 98, 99, 98, 97, 64, 65, 0, 64, 97, 63, 96, 64, 0, 96, 97, 64, 51, 52, 54, 100, 61, 99, 66, 56, 57, 154, 59, 153, 120, 97, 96, 95, 96, 0, 1, 95, 0, 120, 96, 95, 101, 61, 100, 56, 67, 55, 66, 67, 56, 55, 50, 51, 154, 66, 59, 121, 97, 120, 94, 141, 95, 1, 94, 95, 2, 94, 1, 101, 60, 61, 155, 66, 154, 59, 66, 58, 155, 67, 66, 156, 67, 155, 68, 67, 156, 69, 49, 50, 67, 68, 55, 138, 141, 94, 121, 99, 97, 101, 102, 60, 94, 2, 3, 138, 94, 3, 157, 68, 156, 69, 68, 157, 102, 153, 60, 102, 154, 153, 68, 69, 55, 69, 48, 49, 54, 55, 51, 69, 50, 55, 70, 48, 69, 139, 138, 3, 121, 122, 99, 102, 103, 154, 103, 155, 154, 104, 155, 103, 156, 155, 104, 122, 100, 99, 140, 139, 3, 71, 47, 48, 158, 69, 157, 70, 69, 158, 70, 71, 48, 122, 123, 100, 123, 101, 100, 123, 102, 101, 123, 103, 102, 124, 103, 123, 121, 120, 95, 121, 95, 141, 140, 3, 4, 72, 46, 47, 71, 72, 47, 159, 70, 158, 71, 70, 159, 123, 139, 140, 122, 121, 141, 122, 141, 138, 73, 45, 46, 72, 73, 46, 73, 74, 45, 122, 138, 139, 123, 122, 139, 140, 142, 123, 142, 124, 123 ],
				"vertices": [ 3, 10, -3.02, 60.08, 0.93357, 14, -41.77, 57.49, 0.05888, 15, -77.48, 52.96, 0.00753, 3, 10, 6.85, 60.08, 0.86808, 14, -31.93, 58.42, 0.11043, 15, -67.73, 54.5, 0.02148, 4, 10, 17.26, 60.08, 0.76963, 14, -21.57, 59.4, 0.1828, 15, -57.44, 56.13, 0.04687, 16, -93.25, 41.98, 6.8E-4, 5, 10, 30.08, 60.08, 0.60947, 14, -8.81, 60.61, 0.28549, 15, -44.78, 58.14, 0.09997, 16, -81.06, 45.94, 0.00502, 17, -106.63, 47.64, 3.0E-5, 5, 10, 48.23, 60.08, 0.36076, 14, 9.26, 62.31, 0.38866, 15, -26.85, 60.98, 0.22058, 16, -63.8, 51.56, 0.02626, 17, -89.27, 52.99, 0.00371, 6, 10, 62.92, 60.08, 0.19768, 14, 23.88, 63.69, 0.38235, 15, -12.35, 63.27, 0.33506, 16, -49.83, 56.11, 0.06635, 17, -75.24, 57.31, 0.01634, 18, -103.9, 58.94, 0.00218, 6, 10, 77.07, 60.08, 0.09239, 14, 37.97, 65.01999, 0.31246, 15, 1.62, 65.49, 0.41591, 16, -36.38, 60.49, 0.12636, 17, -61.72, 61.48, 0.04309, 18, -90.31, 62.89, 0.00975, 6, 10, 91.6, 60.08, 0.03317, 14, 52.43, 66.39, 0.21505, 15, 15.97, 67.76, 0.43592, 16, -22.56, 64.98, 0.19892, 17, -47.83, 65.76, 0.08956, 18, -76.36, 66.94999, 0.02734, 7, 10, 105.91, 60.08, 0.00825, 14, 66.68, 67.73, 0.12904, 15, 30.1, 70, 0.39226, 16, -8.96, 69.41, 0.25876, 17, -34.16, 69.97, 0.152, 18, -62.63, 70.94999, 0.05882, 19, -76.83, 81.08, 8.4E-4, 7, 10, 118.45, 60.08, 0.00103, 14, 79.17, 68.91, 0.07407, 15, 42.5, 71.96, 0.3236, 16, 2.97, 73.29, 0.28459, 17, -22.17, 73.67, 0.21141, 18, -50.58, 74.46, 0.10021, 19, -64.44, 83.05, 0.00507, 6, 14, 91.66, 70.08999, 0.03804, 15, 54.89, 73.92, 0.24775, 16, 14.9, 77.18, 0.28123, 17, -10.18, 77.36, 0.26396, 18, -38.53, 77.96, 0.15404, 19, -52.04, 85.03, 0.01492, 6, 14, 105.48, 71.4, 0.01591, 15, 68.6, 76.08999, 0.17483, 16, 28.1, 81.47, 0.25246, 17, 3.08, 81.44999, 0.29975, 18, -25.2, 81.83999, 0.22253, 19, -38.33, 87.21, 0.03449, 6, 14, 116.38, 72.43, 0.00663, 15, 79.42, 77.81, 0.12993, 16, 38.50999, 84.86, 0.2242, 17, 13.54, 84.67, 0.31082, 18, -14.69, 84.9, 0.27364, 19, -27.52, 88.93, 0.05476, 6, 14, 124.09, 73.16, 0.00298, 15, 87.06, 79.01999, 0.10473, 16, 45.87, 87.26, 0.20426, 17, 20.94, 86.96, 0.31174, 18, -7.25, 87.07, 0.30581, 19, -19.87999, 90.14, 0.07044, 6, 14, 132.33, 73.93, 0.001, 15, 95.24, 80.31, 0.0852, 16, 53.74, 89.82, 0.1869, 17, 28.85, 89.39, 0.3087, 18, 0.69, 89.38, 0.33261, 19, -11.7, 91.45, 0.08556, 6, 14, 139.24, 74.58999, 2.5E-4, 15, 102.09, 81.4, 0.07315, 16, 60.35, 91.97, 0.17499, 17, 35.49, 91.44, 0.30469, 18, 7.35, 91.32, 0.34988, 19, -4.85, 92.54, 0.09701, 6, 14, 145.62, 75.19, 0, 15, 108.42, 82.4, 0.06654, 16, 66.44, 93.95, 0.16838, 17, 41.61, 93.32, 0.30217, 18, 13.5, 93.11, 0.35946, 19, 1.47, 93.54, 0.10342, 5, 15, 115.47, 83.51, 0.06372, 16, 73.22, 96.16, 0.16536, 17, 48.43, 95.43, 0.30069, 18, 20.35, 95.1, 0.3636, 19, 8.52, 94.66, 0.10661, 5, 15, 116.89, 74.51, 0.06109, 16, 76.04, 87.49, 0.16113, 17, 51.11, 86.72, 0.29756, 18, 22.9, 86.35, 0.36735, 19, 9.95, 85.66, 0.11282, 5, 15, 118.31, 65.55, 0.05477, 16, 78.85, 78.86, 0.15031, 17, 53.79, 78.04, 0.28886, 18, 25.44, 77.64, 0.37628, 19, 11.38, 76.69999, 0.12975, 5, 15, 120.03, 54.74, 0.04392, 16, 82.24, 68.44999, 0.12958, 17, 57.01, 67.58, 0.26801, 18, 28.5, 67.12999, 0.39113, 19, 13.1, 65.89, 0.16733, 5, 15, 122.36, 39.97, 0.0259, 16, 86.87, 54.23, 0.09034, 17, 61.41, 53.29, 0.21679, 18, 32.66999, 52.77, 0.41024, 19, 15.45, 51.12, 0.25671, 5, 15, 124.7, 25.2, 0.01014, 16, 91.49, 40.02, 0.04772, 17, 65.82, 39, 0.13231, 18, 36.84999, 38.41, 0.38578, 19, 17.79999, 36.36, 0.42402, 5, 15, 126.29, 15.18, 0.00359, 16, 94.63, 30.37, 0.02416, 17, 68.8, 29.31, 0.0683, 18, 39.68999, 28.67, 0.29758, 19, 19.39, 26.34, 0.60635, 5, 15, 127.63, 6.74, 8.5E-4, 16, 97.28, 22.24, 0.01021, 17, 71.32, 21.14, 0.02618, 18, 42.07, 20.46999, 0.17766, 19, 20.73, 17.9, 0.78508, 5, 15, 128.68, 0.06, 1.1E-4, 16, 99.37, 15.81, 0.00356, 17, 73.31, 14.67, 0.00713, 18, 43.97, 13.97, 0.07282, 19, 21.8, 11.22, 0.91635, 4, 16, 101.11, 10.47999, 6.4E-4, 17, 74.96, 9.32, 6.7E-4, 18, 45.53, 8.59, 0.01463, 19, 22.68, 5.69, 0.98404, 1, 19, 24.57, -6.2, 1, 2, 18, 52.78, -16.29999, 0.07675, 19, 26.75, -19.92, 0.92324, 3, 17, 84.88, -22.85, 0.00314, 18, 54.94, -23.73, 0.12157, 19, 27.97, -27.56, 0.87527, 3, 17, 87.24, -30.51, 0.00664, 18, 57.18, -31.42, 0.15013, 19, 29.23, -35.47, 0.84322, 4, 15, 137.63, -56.4, 2.0E-5, 17, 90.15, -39.95, 0.01426, 18, 59.94, -40.91, 0.17835, 19, 30.78, -45.23, 0.80736, 3, 17, 92.27, -46.84, 0.01688, 18, 61.95, -47.83, 0.18775, 19, 31.91, -52.35, 0.79535, 5, 15, 139.55, -68.58, 4.0E-5, 16, 120.88, -50.27, 2.0E-5, 17, 93.78, -51.74, 0.01806, 18, 63.39, -52.75, 0.19075, 19, 32.72, -57.41, 0.79111, 6, 14, 161.16, -78.01999, 0, 15, 133.56, -69.53, 3.7E-4, 16, 115.12, -52.15, 2.9E-4, 17, 87.99, -53.52, 0.02211, 18, 57.56, -54.45, 0.19807, 19, 26.73, -58.37, 0.77913, 6, 14, 154.52, -78.65, 9.0E-5, 15, 126.97, -70.57, 0.00146, 16, 108.77, -54.21, 0.0014, 17, 81.61, -55.49, 0.0336, 18, 51.15, -56.31, 0.21633, 19, 20.14, -59.41, 0.74709, 6, 14, 144.15, -79.62, 5.9E-4, 15, 116.69, -72.19999, 0.00472, 16, 98.87, -57.43, 0.0052, 17, 71.66, -58.55, 0.065, 18, 41.16, -59.22, 0.26172, 19, 9.85, -61.05, 0.66274, 6, 14, 134.05, -80.58, 0.00236, 15, 106.66, -73.79, 0.01139, 16, 89.22, -60.57, 0.0143, 17, 61.96, -61.54, 0.1141, 18, 31.41, -62.06, 0.30528, 19, -0.16, -62.65, 0.55254, 7, 10, 148.36, -93.91, 3.1E-4, 14, 123.42, -81.58, 0.0065, 15, 96.12, -75.46, 0.02325, 16, 79.06, -63.88, 0.03109, 17, 51.75, -64.69, 0.17713, 18, 21.16, -65.04, 0.33398, 19, -10.7, -64.32, 0.4277, 7, 10, 137.68, -93.91, 0.00199, 14, 112.79, -82.58999, 0.01425, 15, 85.57, -77.12999, 0.04162, 16, 68.91, -67.19, 0.05705, 17, 41.55, -67.83, 0.24363, 18, 10.91, -68.03, 0.33177, 19, -21.25, -66, 0.30965, 7, 10, 126.54, -93.91, 0.00687, 14, 101.7, -83.62999, 0.02791, 15, 74.57, -78.87, 0.06868, 16, 58.32, -70.62999, 0.09176, 17, 30.9, -71.11, 0.29493, 18, 0.21, -71.14, 0.30055, 19, -32.25, -67.75, 0.20927, 7, 10, 112.48, -93.91, 0.02137, 14, 87.7, -84.96, 0.05576, 15, 60.68, -81.07, 0.1118, 16, 44.94, -74.99, 0.13679, 17, 17.45999, -75.25, 0.32086, 18, -13.28, -75.07, 0.23672, 19, -46.14, -69.96, 0.11666, 7, 10, 99.29, -93.91, 0.04805, 14, 74.57, -86.2, 0.09373, 15, 47.65, -83.12999, 0.15442, 16, 32.41, -79.07, 0.16658, 17, 4.86, -79.14, 0.30412, 18, -25.94, -78.75, 0.17159, 19, -59.16, -72.03, 0.06146, 7, 10, 86.15, -93.91, 0.09193, 14, 61.48, -87.43, 0.14015, 15, 34.66999, -85.19, 0.18848, 16, 19.91, -83.12999, 0.17487, 17, -7.69, -83.01, 0.26128, 18, -38.56, -82.43, 0.11526, 19, -72.14, -74.1, 0.028, 7, 10, 71.73, -93.91, 0.16404, 14, 47.13, -88.79, 0.19348, 15, 20.43, -87.44, 0.20588, 16, 6.2, -87.6, 0.15845, 17, -21.47, -87.25, 0.20014, 18, -52.41, -86.45, 0.06879, 19, -86.38, -76.37, 0.00918, 7, 10, 60.78, -93.91, 0.23907, 14, 36.23, -89.82, 0.2252, 15, 9.62, -89.16, 0.19819, 16, -4.19999, -90.98, 0.13343, 17, -31.93, -90.48, 0.15617, 18, -62.92, -89.51, 0.04486, 19, -97.19, -78.08999, 0.00304, 7, 10, 50.9, -93.91, 0.31764, 14, 26.39, -90.74, 0.24321, 15, -0.13, -90.7, 0.1808, 16, -13.6, -94.04, 0.10828, 17, -41.37, -93.39, 0.12058, 18, -72.4, -92.27, 0.02885, 19, -106.95, -79.64, 6.0E-4, 7, 10, 41.29, -93.91, 0.402, 14, 16.83, -91.65, 0.24904, 15, -9.62, -92.2, 0.15607, 16, -22.74, -97.02, 0.08375, 17, -50.56, -96.22, 0.09114, 18, -81.62999, -94.96, 0.01794, 19, -116.44, -81.15, 2.0E-5, 6, 10, 30.88, -93.91, 0.49606, 14, 6.46, -92.63, 0.24058, 15, -19.91, -93.83, 0.12634, 16, -32.64, -100.24, 0.06068, 17, -60.51, -99.29, 0.0661, 18, -91.63, -97.87, 0.0102, 6, 10, 21.53, -93.91, 0.57821, 14, -2.84, -93.51, 0.22608, 15, -29.14, -95.29, 0.0999, 16, -41.52, -103.13, 0.04274, 17, -69.44, -102.04, 0.0476, 18, -100.6, -100.48, 0.00544, 6, 10, 11.12, -93.91, 0.6595, 14, -13.2, -94.48, 0.20382, 15, -39.41999, -96.92, 0.07435, 16, -51.43, -106.35, 0.02747, 17, -79.39, -105.1, 0.03248, 18, -110.6, -103.39, 0.00236, 6, 10, -1.42, -93.91, 0.73485, 14, -25.7, -95.66, 0.17799, 15, -51.82, -98.88, 0.05142, 16, -63.36, -110.24, 0.01489, 17, -91.38, -108.8, 0.02025, 18, -122.65, -106.9, 5.6E-4, 6, 10, -13.17, -93.91, 0.77852, 14, -37.39, -96.77, 0.1605, 15, -63.42, -100.72, 0.0386, 16, -74.53, -113.87, 0.00835, 17, -102.61, -112.26, 0.01395, 18, -133.93, -110.18, 4.0E-5, 5, 10, -23.65, -93.91, 0.79273, 14, -47.83, -97.75, 0.15436, 15, -73.78, -102.36, 0.03451, 16, -84.5, -117.12, 0.00635, 17, -112.63, -115.35, 0.01202, 5, 10, -23.65, -85.05, 0.79816, 14, -48.66, -88.93, 0.15133, 15, -75.16, -93.61, 0.0331, 16, -87.25, -108.69, 0.0059, 17, -115.24, -106.88, 0.01147, 5, 10, -23.65, -75.17, 0.81324, 14, -49.59, -79.08999, 0.14244, 15, -76.71, -83.85, 0.02937, 16, -90.3, -99.3, 0.00484, 17, -118.15, -97.43, 0.01009, 5, 10, -23.65, -65.56, 0.83502, 14, -50.5, -69.51999, 0.12897, 15, -78.21, -74.35, 0.02421, 16, -93.28, -90.16, 0.00352, 17, -120.98, -88.25, 0.00825, 5, 10, -23.65, -57.55, 0.86073, 14, -51.25, -61.55, 0.11214, 15, -79.47, -66.44, 0.01863, 16, -95.76, -82.54, 0.00218, 17, -123.34, -80.58999, 0.0063, 5, 10, -23.65, -50.6, 0.88304, 14, -51.9, -54.64, 0.09674, 15, -80.55, -59.59, 0.01412, 16, -97.91, -75.94, 0.00129, 17, -125.38, -73.96, 0.00479, 4, 10, -23.65, -33.93, 0.94798, 14, -53.47, -38.04, 0.04655, 15, -83.16, -43.12, 0.004, 17, -130.29, -58.03, 0.00144, 4, 10, -23.65, -21.11, 0.98511, 14, -54.67, -25.28, 0.01431, 15, -85.16, -30.46, 4.0E-4, 17, -134.07, -45.78, 1.6E-4, 1, 10, -23.65, -5.9, 1, 1, 10, -23.65, 9.85, 1, 2, 10, -23.65, 22.93, 0.99906, 14, -58.82, 18.57, 9.3E-4, 2, 10, -23.65, 38.68, 0.98897, 14, -60.3, 34.25, 0.01102, 2, 10, -23.65, 60.08, 0.98124, 14, -62.31, 55.55, 0.01875, 5, 10, -12.62, -52.65, 0.88374, 14, -40.73, -55.64, 0.09583, 15, -69.33999, -59.89, 0.01397, 16, -86.78, -74.47, 0.0016, 17, -114.24, -72.67, 0.00484, 6, 10, -0.9, -55, 0.82232, 14, -28.84, -56.87, 0.13518, 15, -57.4, -60.37, 0.02691, 16, -74.91, -73.07, 0.00586, 17, -102.35, -71.46, 0.00966, 18, -133.03, -69.39, 4.0E-5, 6, 10, 11.1, -58.22, 0.75253, 14, -16.58, -58.95, 0.17965, 15, -45.03, -61.67, 0.04121, 16, -62.49, -72.42, 0.01162, 17, -89.92, -71, 0.01457, 18, -120.6, -69.12999, 3.9E-4, 6, 10, 22.82, -62.03, 0.61732, 14, -4.55, -61.64, 0.23354, 15, -32.86, -63.6, 0.08291, 16, -50.17, -72.42, 0.03057, 17, -77.6, -71.19, 0.03297, 18, -108.28, -69.51, 0.00265, 6, 10, 30.73, -65.25, 0.48327, 14, 3.62, -64.11, 0.26256, 15, -24.54, -65.55, 0.12928, 16, -41.65, -73.03, 0.05766, 17, -69.08999, -71.94, 0.05895, 18, -99.78, -70.39, 0.00825, 6, 10, 42.74, -69.65, 0.34464, 14, 15.99, -67.35, 0.27877, 15, -11.99, -68.01, 0.18022, 16, -28.87, -73.49, 0.09098, 17, -56.32, -72.6, 0.08858, 18, -87.02, -71.26, 0.01679, 6, 10, 50.95, -73.46, 0.34464, 14, 24.51, -70.37, 0.27877, 15, -3.29, -70.49, 0.18022, 16, -19.89, -74.58, 0.09098, 17, -47.35, -73.83, 0.08858, 18, -78.08, -72.62, 0.01679, 7, 10, 62.96, -79.01999, 0.27519, 14, 37, -74.79, 0.24454, 15, 9.43999, -74.11, 0.1958, 16, -6.74, -76.15, 0.12016, 17, -34.23, -75.61, 0.13072, 18, -64.99, -74.61, 0.03258, 19, -97.38, -63.04, 9.9E-4, 7, 10, 72.92, -84.59, 0.15746, 14, 47.44, -79.39, 0.19598, 15, 20.15, -78.05, 0.21309, 16, 4.44999, -78.36, 0.16319, 17, -23.07, -77.99, 0.19721, 18, -53.87, -77.17, 0.06504, 19, -86.67, -66.97, 0.00799, 7, 10, 85.81, -89.28, 0.09193, 14, 60.71, -82.85, 0.14015, 15, 33.62, -80.66, 0.18848, 16, 18.16, -78.83, 0.17487, 17, -9.37, -78.68, 0.26128, 18, -40.18, -78.07, 0.11526, 19, -73.19999, -69.58, 0.028, 7, 10, 138.29, -90.49, 0.00199, 14, 113.08, -79.12, 0.01425, 15, 85.64, -73.65, 0.04162, 16, 68.43, -63.74, 0.05705, 17, 41.13, -64.37999, 0.24363, 18, 10.54, -64.57, 0.33177, 19, -21.18, -62.53, 0.30965, 7, 10, 148.15, -86.68, 3.1E-4, 14, 122.53, -74.41, 0.0065, 15, 94.78, -68.35, 0.02325, 16, 76.62999, -57.07, 0.03109, 17, 49.42, -57.84, 0.17713, 18, 18.94, -58.16, 0.33398, 19, -12.05, -57.22, 0.4277, 6, 14, 132, -67.44, 0.00397, 15, 103.79, -60.8, 0.01678, 16, 84.34, -48.2, 0.02274, 17, 57.28, -49.09, 0.15933, 18, 26.93, -49.53, 0.35007, 19, -3.04, -49.66, 0.44709, 6, 14, 140.56, -58.08, 4.8E-4, 15, 111.75, -50.92, 0.00445, 16, 90.65, -37.18999, 0.00469, 17, 63.76, -38.18999, 0.06473, 18, 33.58, -38.73, 0.2809, 19, 4.9, -39.78, 0.64471, 6, 14, 146.05, -49.46, 9.0E-5, 15, 116.68, -41.98, 0.00196, 16, 94.12, -27.59, 0.00146, 17, 67.37999, -28.63, 0.03565, 18, 37.34999, -29.24, 0.28964, 19, 9.83, -30.83, 0.67116, 2, 18, 42.19, -17.79999, 0.07323, 19, 16.06, -20.08, 0.92676, 1, 19, 20.64, -7.56, 1, 5, 15, 123.1, 4.84, 2.5E-4, 16, 93.11, 19.66, 0.00517, 17, 67.11, 18.62, 0.0116, 18, 37.83, 18.02, 0.10657, 19, 16.20999, 16, 0.87638, 5, 15, 118.6, 13.2, 0.00668, 16, 87.35, 27.21, 0.03594, 17, 61.47, 26.26, 0.10751, 18, 32.31, 25.74, 0.38461, 19, 11.71, 24.35, 0.46523, 5, 15, 112.57, 22.68, 0.00668, 16, 79.9, 35.62, 0.03594, 17, 54.16, 34.79, 0.10751, 18, 25.13, 34.38, 0.38461, 19, 5.66, 33.82, 0.46523, 5, 15, 106.68, 36.93999, 0.03514, 16, 71.85, 48.78, 0.10847, 17, 46.31, 48.08, 0.25159, 18, 17.49, 47.79, 0.40303, 19, -0.23, 48.08, 0.20175, 6, 14, 133.09, 42.46, 6.5E-4, 15, 97.98, 48.94, 0.07086, 16, 61.37, 59.27, 0.16641, 17, 36, 58.73, 0.31504, 18, 7.35, 58.6, 0.34406, 19, -8.93999, 60.08, 0.10295, 6, 14, 124.26, 50.17, 6.5E-4, 15, 88.68, 56.09, 0.07086, 16, 51.07, 64.87, 0.16641, 17, 25.79, 64.49, 0.31504, 18, -2.76, 64.51999, 0.34406, 19, -18.24, 67.22, 0.10295, 6, 14, 115.6, 56.1, 0.01068, 15, 79.66, 61.46, 0.15291, 16, 41.32, 68.76, 0.24279, 17, 16.1, 68.53, 0.31147, 18, -12.38, 68.72, 0.24089, 19, -27.26, 72.58999, 0.04122, 6, 14, 104.84, 60.49, 0.01068, 15, 68.65, 65.16, 0.15291, 16, 29.86, 70.69, 0.24279, 17, 4.67, 70.64, 0.31147, 18, -23.78, 71.01, 0.24089, 19, -38.28, 76.28, 0.04122, 6, 14, 92.58, 64.05, 0.0333, 15, 56.18, 67.94999, 0.23809, 16, 17.11, 71.48, 0.28367, 17, -8.05, 71.62999, 0.27214, 18, -36.49, 72.19999, 0.15719, 19, -50.75, 79.06, 0.01557, 7, 10, 118.14, 56, 0.00103, 14, 79.24, 64.82, 0.07407, 15, 42.82, 67.87999, 0.3236, 16, 3.93, 69.31, 0.28459, 17, -21.27, 69.67, 0.21141, 18, -49.74, 70.44999, 0.10021, 19, -64.11, 78.97, 0.00507, 7, 10, 105.67, 57.62, 0.00825, 14, 66.67, 65.26999, 0.12904, 15, 30.25, 67.53, 0.39226, 16, -8.42, 67, 0.25876, 17, -33.66999, 67.55, 0.152, 18, -62.17, 68.51999, 0.05882, 19, -76.68, 78.62, 8.4E-4, 4, 10, 17.53, 54.97, 0.77978, 14, -20.82, 54.34, 0.17622, 15, -56.38, 51.13, 0.04353, 16, -91.41, 37.2, 4.4E-4, 3, 10, 7.38, 47.23, 0.85873, 14, -30.19, 45.68, 0.11793, 15, -65.19, 41.9, 0.02333, 3, 10, -1.95, 37.34999, 0.95661, 14, -38.57, 34.96, 0.03908, 15, -72.87, 30.68, 0.00429, 1, 10, -13.17, 22.13, 1, 1, 10, -19.31, 9.31, 1, 1, 10, -9.96, 8.39, 1, 1, 10, -1.15, 6.79, 1, 1, 10, 8.72, 4.39, 1, 1, 10, 19.12999, 0.92, 1, 2, 10, 29.28, -1.74, 0.5, 14, -3.79, -1.02, 0.5, 2, 10, 39.16, -5.21, 0.5, 14, 6.36, -3.54, 0.5, 5, 10, 50.37, -9.22, 0.01562, 14, 17.9, -6.48, 0.87006, 15, -13.9, -7.13, 0.10505, 16, -40.32, -13.67, 0.00568, 17, -66.82, -12.61, 0.00356, 6, 10, 61.32, -12.42, 0.0031, 14, 29.1, -8.64, 0.41243, 15, -2.58999, -8.59, 0.52107, 16, -28.92, -13.33, 0.05184, 17, -55.42, -12.45, 0.01146, 18, -85.18, -11.12, 8.0E-5, 6, 10, 70.93, -16.43, 0.0031, 14, 39.05, -11.72, 0.41243, 15, 7.52, -11.04, 0.52107, 16, -18.54, -14.16, 0.05184, 17, -45.05, -13.44, 0.01146, 18, -74.83, -12.28, 8.0E-5, 6, 10, 81.33999, -19.62999, 0.00188, 14, 49.71, -13.93, 0.14512, 15, 18.31, -12.57, 0.65133, 16, -7.64, -13.99, 0.17846, 17, -34.16, -13.44, 0.02255, 18, -63.93, -12.45, 6.2E-4, 6, 10, 90.69, -22.57, 3.5E-4, 14, 59.29, -15.98, 0.0084, 15, 28, -14.01, 0.31832, 16, 2.14, -13.89, 0.61292, 17, -24.36, -13.49, 0.05968, 18, -54.14, -12.66, 2.9E-4, 6, 10, 101.1, -25.51, 3.5E-4, 14, 69.94, -17.92, 0.0084, 15, 38.74, -15.29, 0.31832, 16, 12.95, -13.46, 0.61292, 17, -13.55, -13.23, 0.05968, 18, -43.32, -12.57, 2.9E-4, 7, 10, 111.25, -28.18, 6.7E-4, 14, 80.29, -19.62999, 0.00744, 15, 49.18, -16.34, 0.10553, 16, 23.43, -12.86, 0.5217, 17, -3.06, -12.8, 0.35374, 18, -32.83, -12.29, 0.00983, 19, -57.69, -5.23999, 0.00104, 6, 14, 91.41, -20.99, 0.00126, 15, 60.37, -17, 0.02277, 16, 34.58, -11.75, 0.23618, 17, 8.1, -11.87, 0.69654, 18, -21.65, -11.54, 0.03791, 19, -46.5, -5.89, 0.00529, 6, 14, 101.93, -21.61, 0.0012, 15, 70.9, -16.95, 0.0111, 16, 44.98, -10.06, 0.05285, 17, 18.52, -10.33, 0.65394, 18, -11.21, -10.17, 0.25033, 19, -35.96, -5.83, 0.03056, 2, 17, 28.69, -8.88, 0.5, 18, -1.02, -8.87, 0.5, 4, 15, 89.92, -15.83, 6.0E-4, 17, 37.18999, -6.54, 0.01768, 18, 7.51, -6.67, 0.88674, 19, -16.95, -4.69999, 0.09495, 4, 15, 99.15, -14.37, 6.0E-4, 17, 46.12, -3.78, 0.01768, 18, 16.48, -4.06, 0.88674, 19, -7.72, -3.23, 0.09495, 2, 18, 24.97, -0.75, 0.5, 19, 1.11, -1.02, 0.5, 1, 19, 9.88, 3.34, 1, 4, 16, 95.11, 11.03, 0.00207, 17, 68.98, 9.96, 0.00271, 18, 39.56, 9.32, 0.06871, 19, 16.84, 7.16, 0.92649, 3, 10, 6.31, 34.83, 0.89665, 14, -30.09, 33.23, 0.08865, 15, -64.31, 29.48, 0.01468, 3, 10, 14.59, 33.49, 0.91298, 14, -21.72, 32.68, 0.07619, 15, -55.92, 29.46, 0.01081, 4, 10, 24.47, 31.89, 0.70855, 14, -11.74, 32.00999, 0.24654, 15, -45.91, 29.42, 0.04467, 16, -77.67, 17.4, 2.2E-4, 4, 10, 33.28, 30.55, 0.70855, 14, -2.84, 31.51, 0.24654, 15, -37, 29.48, 0.04467, 16, -68.87999, 18.86, 2.2E-4, 4, 10, 45.3, 27.88, 0.40529, 14, 9.35999, 29.98, 0.46363, 15, -24.72, 28.72, 0.12555, 16, -56.63, 20.04, 0.00551, 5, 10, 54.64, 25.75, 0.1353, 14, 18.87, 28.74, 0.51884, 15, -15.15, 28.07, 0.3166, 16, -47.08, 20.9, 0.026, 17, -73.04, 22.07, 0.00323, 5, 10, 64.51999, 23.08, 0.1353, 14, 28.95, 27.01, 0.51884, 15, -4.98, 26.98, 0.3166, 16, -36.86, 21.42, 0.026, 17, -62.81, 22.42, 0.00323, 6, 10, 76.26999, 19.87, 0.03988, 14, 40.95, 24.92, 0.30634, 15, 7.12, 25.65, 0.51432, 16, -24.7, 22.01, 0.11126, 17, -50.64, 22.82, 0.02434, 18, -79.85, 24.07, 0.00382, 6, 10, 86.95, 16.14, 0.00331, 14, 51.93, 22.2, 0.16111, 15, 18.25, 23.63, 0.64949, 16, -13.38, 21.76, 0.16, 17, -39.34, 22.39, 0.02266, 18, -68.55, 23.46, 0.00339, 5, 14, 61.97, 21.01, 0.02391, 15, 28.34, 23.07, 0.50501, 16, -3.33, 22.78, 0.41343, 17, -29.27, 23.26, 0.05068, 18, -58.47, 24.17, 0.00696, 5, 14, 72.4, 18.51, 0.0468, 15, 38.9, 21.22, 0.39917, 16, 7.38, 22.62, 0.38765, 17, -18.54999, 22.93, 0.14112, 18, -47.75, 23.67, 0.02524, 5, 14, 85.29, 15.43, 0.00824, 15, 51.97, 18.96999, 0.21349, 16, 20.64, 22.45, 0.47476, 17, -5.3, 22.55, 0.26848, 18, -34.50999, 23.08, 0.035, 6, 14, 94.9, 13.12, 7.6E-4, 15, 61.7, 17.26, 0.07583, 16, 30.52, 22.29, 0.27257, 17, 4.57, 22.24, 0.49531, 18, -24.64, 22.61, 0.14928, 19, -45.19, 28.37, 0.00621, 6, 14, 106.36, 10.98, 7.6E-4, 15, 73.28, 15.85, 0.07583, 16, 42.17, 22.72, 0.27257, 17, 16.23, 22.48, 0.49531, 18, -12.98, 22.67, 0.14928, 19, -33.61, 26.97, 0.00621, 5, 15, 85.07, 14.75, 0.03086, 16, 54, 23.48, 0.11964, 17, 28.06, 23.05, 0.45252, 18, -1.14, 23.06, 0.3508, 19, -21.81, 25.88, 0.04615, 5, 15, 94.58, 12.74, 0.01056, 16, 63.7, 22.98, 0.05103, 17, 37.75999, 22.41, 0.25988, 18, 8.54, 22.26, 0.52082, 19, -12.3, 23.87, 0.15767, 5, 15, 102.61, 11.58, 0.00339, 16, 71.81, 23.1, 0.02366, 17, 45.87, 22.39, 0.09031, 18, 16.65, 22.12, 0.47933, 19, -4.28, 22.72, 0.40329, 5, 15, 115.41, 9.28, 0.00112, 16, 84.81, 22.83, 0.01217, 17, 58.86, 21.93, 0.03393, 18, 29.63, 21.45, 0.25018, 19, 8.51, 20.43, 0.70257, 4, 10, 23.67, 49.24, 0.67691, 14, -14.17, 49.22, 0.2499, 15, -49.42, 46.43, 0.07099, 16, -83.8, 33.66, 0.00218, 5, 10, 32.48, 50.05, 0.50439, 14, -5.47, 50.84, 0.35393, 15, -40.84, 48.6, 0.13249, 16, -75.67, 37.15, 0.00874, 17, -101.37, 38.75999, 4.1E-4, 5, 10, 41.29, 50.58, 0.50439, 14, 3.24, 52.2, 0.35393, 15, -32.22, 50.51, 0.13249, 16, -67.46, 40.38, 0.00874, 17, -93.11, 41.86, 4.1E-4, 4, 10, 16.19, 47.91, 0.75089, 14, -21.48, 47.19, 0.1975, 15, -56.59, 43.95, 0.05078, 16, -90.5, 30.07, 8.0E-4, 6, 10, 53.84, 50.58, 0.28262, 14, 15.73, 53.38, 0.42454, 15, -19.83, 52.47, 0.25562, 16, -55.53, 44.26, 0.03187, 17, -81.12, 45.56, 0.00516, 18, -109.96, 47.28, 1.5E-4, 6, 10, 65.86, 50.85, 0.12605, 14, 27.67, 54.78, 0.37065, 15, -8, 54.61, 0.39336, 16, -44.18, 48.24, 0.08459, 17, -69.72, 49.35, 0.02185, 18, -98.5, 50.9, 0.00346, 6, 10, 77.07, 49.78, 0.04371, 14, 38.93999, 54.77, 0.25299, 15, 3.23, 55.31, 0.4589, 16, -33.18999, 50.69, 0.16796, 17, -58.68, 51.63, 0.0612, 18, -87.43, 53, 0.01522, 6, 10, 90.42, 48.18, 0.04371, 14, 52.38, 54.43, 0.25299, 15, 16.67, 55.82, 0.4589, 16, -20, 53.3, 0.16796, 17, -45.45, 54.04, 0.0612, 18, -74.17, 55.2, 0.01522, 7, 10, 102.43, 45.24, 0.01066, 14, 64.61, 52.63, 0.14417, 15, 28.99, 54.8, 0.42334, 16, -7.66, 54.23, 0.253, 17, -33.11, 54.77, 0.12702, 18, -61.81, 55.73, 0.04175, 19, -77.93, 65.87999, 2.0E-5, 7, 10, 113.11, 43.64, 0.00131, 14, 75.4, 52.04, 0.07645, 15, 39.79, 54.89, 0.33569, 16, 2.98, 56.01, 0.29227, 17, -22.43, 56.38, 0.20372, 18, -51.11, 57.18, 0.08721, 19, -67.12999, 65.98, 0.00329, 6, 14, 88.19, 50.03, 0.0359, 15, 52.69, 53.68, 0.2578, 16, 15.9, 56.84, 0.30864, 17, -9.49, 57.02, 0.26657, 18, -38.16999, 57.61, 0.12265, 19, -54.23, 64.79, 0.00837, 6, 14, 99.95, 47.66, 0.0147, 15, 64.57, 52.05, 0.17524, 16, 27.89, 57.1, 0.27052, 17, 2.49, 57.08, 0.31777, 18, -26.17, 57.49, 0.19594, 19, -42.35, 63.16, 0.0258, 6, 14, 108.76, 45.27, 0.0147, 15, 73.51, 50.22, 0.17524, 16, 37.00999, 56.69, 0.27052, 17, 11.6, 56.53, 0.31777, 18, -17.07, 56.8, 0.19594, 19, -33.41, 61.34, 0.0258, 6, 14, 119.89, 40.96, 6.5E-4, 15, 84.89, 46.62, 0.07086, 16, 48.82, 54.92, 0.16641, 17, 23.38, 54.58, 0.31504, 18, -5.33, 54.65, 0.34406, 19, -22.02, 57.75, 0.10295, 6, 14, 129.51, 35.7, 6.5E-4, 15, 94.82, 41.97, 0.07086, 16, 59.35, 51.89, 0.16641, 17, 33.86, 51.38, 0.31504, 18, 5.1, 51.29, 0.34406, 19, -12.09, 53.11, 0.10295, 3, 10, -12.63, -21.77, 0.99544, 14, -43.64, -24.89, 0.00452, 17, -123.34, -43.16, 3.0E-5, 5, 10, -0.88, -26.57, 0.94497, 14, -31.49, -28.57, 0.04881, 15, -61.82, -32.29, 0.00422, 16, -83.69, -46.04, 2.5E-4, 17, -110.7, -44.29, 0.00172, 5, 10, 11.12, -31.38, 0.89641, 14, -19.08, -32.23, 0.09263, 15, -49.2, -35.16, 0.00695, 16, -70.78, -46.89, 0.00109, 17, -97.8, -45.35, 0.0029, 6, 10, 20.46999, -35.12, 0.71848, 14, -9.43, -35.07, 0.22282, 15, -39.39, -37.39, 0.0374, 16, -60.74, -47.55, 0.0096, 17, -87.77, -46.17, 0.01143, 18, -118.06, -44.33, 2.5E-4, 6, 10, 30.61, -39.66, 0.43893, 14, 1.09, -38.64, 0.40348, 15, -28.66, -40.29, 0.10413, 16, -49.68, -48.73, 0.02802, 17, -76.74, -47.51, 0.02385, 18, -107.05, -45.85, 0.00155, 6, 10, 42.09, -43.13, 0.43893, 14, 12.85, -41.00999, 0.40348, 15, -16.77, -41.91999, 0.10413, 16, -37.68999, -48.48, 0.02802, 17, -64.75, -47.45, 0.02385, 18, -95.05, -45.97, 0.00155, 6, 10, 53.31, -47.4, 0.2452, 14, 24.41, -44.21, 0.3435, 15, -5.03, -44.38, 0.23421, 16, -25.71, -49.07, 0.09538, 17, -52.77, -48.23, 0.07075, 18, -83.08999, -46.94, 0.01092, 7, 10, 63.19, -51.14, 0.10136, 14, 34.59999, -47.01, 0.23726, 15, 5.3, -46.53, 0.30535, 16, -15.16, -49.57, 0.19068, 17, -42.23, -48.89, 0.13533, 18, -72.56, -47.77, 0.02851, 19, -101.54, -35.47, 0.00146, 7, 10, 74.93, -55.94, 0.10136, 14, 46.75, -50.69, 0.23726, 15, 17.66, -49.44, 0.30535, 16, -2.5, -50.5, 0.19068, 17, -29.59, -50.03, 0.13533, 18, -59.94, -49.1, 0.02851, 19, -89.18, -38.37, 0.00146, 7, 10, 89.62, -60.48, 0.04939, 14, 61.8, -53.82, 0.11825, 15, 32.87, -51.63, 0.23192, 16, 12.86, -50.27, 0.24794, 17, -14.22, -50.04, 0.25797, 18, -44.57, -49.36, 0.07959, 19, -73.97, -40.54, 0.01491, 7, 10, 100.03, -62.35, 0.0192, 14, 72.33999, -54.71, 0.05708, 15, 43.45, -51.84, 0.14707, 16, 23.34, -48.83, 0.22345, 17, -3.72, -48.76, 0.36249, 18, -34.05, -48.24, 0.1479, 19, -63.39, -40.75, 0.04277, 7, 10, 113.65, -64.49, 0.00685, 14, 86.1, -55.55, 0.02801, 15, 57.23, -51.83, 0.07791, 16, 36.95, -46.64, 0.12565, 17, 9.92, -46.79, 0.36847, 18, -20.37999, -46.49, 0.27458, 19, -49.61, -40.72, 0.11848, 7, 10, 124.6, -65.56, 0.00685, 14, 97.09, -55.59, 0.02801, 15, 68.21, -51.17, 0.07791, 16, 47.69, -44.27, 0.12565, 17, 20.69, -44.59, 0.36847, 18, -9.57, -44.45, 0.27458, 19, -38.63, -40.05, 0.11848, 7, 10, 136.88, -65.01999, 0.0018, 14, 109.27, -53.9, 0.01332, 15, 80.26, -48.72, 0.04355, 16, 59.2, -39.96, 0.07254, 17, 32.27, -40.46, 0.32413, 18, 2.06, -40.50999, 0.35028, 19, -26.58, -37.59999, 0.19433, 7, 10, 147.29, -63.15, 1.4E-4, 14, 119.46, -51.06, 0.00584, 15, 90.25, -45.25, 0.02355, 16, 68.53, -34.96, 0.03858, 17, 41.66999, -35.61, 0.24839, 18, 11.54, -35.81, 0.40334, 19, -16.59, -34.11, 0.28011, 6, 14, 129.34, -47.71, 0.00116, 15, 99.9, -41.28, 0.00752, 16, 77.43, -29.54, 0.00961, 17, 50.66, -30.32, 0.11382, 18, 20.61, -30.66, 0.40345, 19, -6.95, -30.15, 0.4644, 6, 14, 138.16, -41.79, 9.0E-5, 15, 108.33, -34.81, 0.00196, 16, 84.75, -21.82, 0.00146, 17, 58.1, -22.72, 0.03565, 18, 28.16, -23.18, 0.28964, 19, 1.47, -23.67, 0.67116, 4, 15, 115.45, -28.55, 2.8E-4, 17, 64.26, -15.52, 0.00626, 18, 34.43999, -16.07, 0.18818, 19, 8.59, -17.4, 0.80525, 4, 15, 121.69, -21.88, 1.0E-5, 17, 69.5, -8.03, 3.5E-4, 18, 39.79, -8.67, 0.10078, 19, 14.82, -10.73, 0.89885 ],
				"hull": 66,
				"edges": [ 82, 84, 80, 82, 50, 52, 14, 12, 12, 10, 10, 8, 8, 6, 120, 122, 116, 118, 118, 120, 122, 124, 124, 126, 126, 128, 128, 130, 0, 130, 0, 2, 2, 4, 4, 6, 14, 16, 16, 18, 18, 20, 20, 22, 22, 24, 24, 26, 26, 28, 28, 30, 30, 32, 32, 34, 34, 36, 36, 38, 38, 40, 40, 42, 42, 44, 44, 46, 46, 48, 48, 50, 52, 54, 54, 56, 56, 58, 58, 60, 60, 62, 62, 64, 64, 66, 66, 68, 68, 70, 70, 72, 72, 74, 74, 76, 76, 78, 78, 80, 84, 86, 86, 88, 88, 90, 90, 92, 92, 94, 94, 96, 96, 98, 98, 100, 100, 102, 102, 104, 104, 106, 106, 108, 108, 110, 110, 112, 112, 114, 114, 116 ],
				"width": 154,
				"height": 216
			}
		}
	},
	"damage": {
		"Other": {
			"Other_change": { "name": "Rodney_other_damage", "x": -2.03, "y": -23.53, "rotation": 46.62, "width": 300, "height": 300 }
		},
		"Other_light": {
			"Other_light_change": { "name": "Rodney_other_damage_light", "x": -2.03, "y": -23.53, "rotation": 46.62, "width": 300, "height": 300 }
		}
	},
	"normal": {
		"Other": {
			"Other_change": { "name": "Rodney_other_normal", "x": -2.03, "y": -23.53, "rotation": 46.62, "width": 300, "height": 300 }
		},
		"Other_light": {
			"Other_light_change": { "name": "Rodney_other_normal_light", "x": -2.03, "y": -23.53, "rotation": 46.62, "width": 300, "height": 300 }
		}
	}
},
"events": {
	"Antiaircraft": {},
	"attack_point": {},
	"damage_point": {},
	"throw_point": {}
},
"animations": {
	"Antiaircraft": {
		"slots": {
			"Light_Body": {
				"attachment": [
					{ "time": 0, "name": null },
					{ "time": 0.0666, "name": "Rodney_ship_body_normal_light" },
					{ "time": 0.5, "name": null },
					{ "time": 0.6, "name": "Rodney_ship_body_normal_light" },
					{ "time": 1.2666, "name": null },
					{ "time": 1.3666, "name": "Rodney_ship_body_normal_light" },
					{ "time": 2, "name": null }
				],
				"color": [
					{ "time": 0.0666, "color": "fffffffd" },
					{ "time": 0.1666, "color": "ffffff00" },
					{ "time": 0.2, "color": "ffffffff" },
					{ "time": 0.3333, "color": "ffffff00" },
					{ "time": 0.3666, "color": "ffffffff" },
					{ "time": 0.4666, "color": "ffffff00" },
					{ "time": 0.6, "color": "ffffffff" },
					{ "time": 0.7333, "color": "ffffff00" },
					{ "time": 0.8, "color": "ffffffff" },
					{ "time": 0.9, "color": "ffffff00" },
					{ "time": 0.9666, "color": "ffffffff" },
					{ "time": 1.1, "color": "ffffff00" },
					{ "time": 1.1333, "color": "ffffffff" },
					{ "time": 1.2333, "color": "ffffff00" },
					{ "time": 1.3666, "color": "ffffffff" },
					{ "time": 1.4666, "color": "ffffff00" },
					{ "time": 1.5333, "color": "ffffffff" },
					{ "time": 1.6333, "color": "ffffff00" },
					{ "time": 1.7, "color": "ffffffff" },
					{ "time": 1.8333, "color": "ffffff00" },
					{ "time": 1.8666, "color": "ffffffff" },
					{ "time": 1.9666, "color": "ffffff00" }
				]
			},
			"Other_light": {
				"attachment": [
					{ "time": 0, "name": null },
					{ "time": 0.0666, "name": "Other_light_change" },
					{ "time": 0.5, "name": null },
					{ "time": 0.6, "name": "Other_light_change" },
					{ "time": 1.2666, "name": null },
					{ "time": 1.3666, "name": "Other_light_change" },
					{ "time": 2, "name": null }
				],
				"color": [
					{ "time": 0.0666, "color": "ffffffff" },
					{ "time": 0.1666, "color": "ffffff00" },
					{ "time": 0.2, "color": "ffffffff" },
					{ "time": 0.3333, "color": "ffffff00" },
					{ "time": 0.3666, "color": "ffffffff" },
					{ "time": 0.4666, "color": "ffffff00" },
					{ "time": 0.6, "color": "ffffffff" },
					{ "time": 0.7333, "color": "ffffff00" },
					{ "time": 0.8, "color": "ffffffff" },
					{ "time": 0.9, "color": "ffffff00" },
					{ "time": 0.9666, "color": "ffffffff" },
					{ "time": 1.1, "color": "ffffff00" },
					{ "time": 1.1333, "color": "ffffffff" },
					{ "time": 1.2333, "color": "ffffff00" },
					{ "time": 1.3666, "color": "ffffffff" },
					{ "time": 1.4666, "color": "ffffff00" },
					{ "time": 1.5333, "color": "ffffffff" },
					{ "time": 1.6333, "color": "ffffff00" },
					{ "time": 1.7, "color": "ffffffff" },
					{ "time": 1.8333, "color": "ffffff00" },
					{ "time": 1.8666, "color": "ffffffff" },
					{ "time": 1.9666, "color": "ffffff00" }
				]
			}
		},
		"bones": {
			"Body": {
				"rotate": [
					{ "time": 0, "angle": 0, "curve": "stepped" },
					{ "time": 2, "angle": 0 }
				],
				"translate": [
					{ "time": 0, "x": 0, "y": 0, "curve": "stepped" },
					{ "time": 2, "x": 0, "y": 0 }
				]
			},
			"Root_All": {
				"rotate": [
					{ "time": 0, "angle": 0, "curve": "stepped" },
					{ "time": 2, "angle": 0 }
				],
				"translate": [
					{
						"time": 0,
						"x": 0,
						"y": 0,
						"curve": [ 0.255, 0.35, 0.6, 0.7 ]
					},
					{
						"time": 0.5,
						"x": 0,
						"y": -9.82,
						"curve": [ 0.3, 0.39, 0.641, 0.74 ]
					},
					{
						"time": 1,
						"x": 0,
						"y": -15.66,
						"curve": [ 0.322, 0.37, 0.652, 0.7 ]
					},
					{
						"time": 1.5,
						"x": 0,
						"y": -7.79,
						"curve": [ 0.314, 0.36, 0.644, 0.68 ]
					},
					{ "time": 2, "x": 0, "y": 0 }
				]
			},
			"Ship_All": {
				"rotate": [
					{ "time": 0, "angle": 0, "curve": "stepped" },
					{ "time": 2, "angle": 0 }
				],
				"translate": [
					{ "time": 0, "x": 0, "y": 0, "curve": "stepped" },
					{ "time": 2, "x": 0, "y": 0 }
				]
			},
			"Face": {
				"rotate": [
					{ "time": 0, "angle": 0, "curve": "stepped" },
					{ "time": 2, "angle": 0 }
				],
				"translate": [
					{
						"time": 0,
						"x": 0,
						"y": 0,
						"curve": [ 0.286, 0.34, 0.623, 0.67 ]
					},
					{
						"time": 0.5,
						"x": 0.64,
						"y": 0,
						"curve": [ 0.282, 0.37, 0.624, 0.71 ]
					},
					{
						"time": 1.5,
						"x": -1.28,
						"y": 0,
						"curve": [ 0.321, 0.37, 0.656, 0.71 ]
					},
					{ "time": 2, "x": 0, "y": 0 }
				]
			},
			"Body_Front": {
				"rotate": [
					{ "time": 0, "angle": 0, "curve": "stepped" },
					{ "time": 2, "angle": 0 }
				],
				"translate": [
					{ "time": 0, "x": 0, "y": 0 },
					{ "time": 1, "x": -6.08, "y": 0 },
					{ "time": 2, "x": 0, "y": 0 }
				]
			},
			"Other_move": {
				"rotate": [
					{ "time": 0, "angle": 0 },
					{ "time": 0.5, "angle": 4.46 },
					{ "time": 1.5, "angle": -1.94 },
					{ "time": 2, "angle": 0 }
				],
				"translate": [
					{ "time": 0, "x": 0, "y": 0 },
					{ "time": 0.5, "x": 3.32, "y": 0 },
					{ "time": 1.5, "x": -1.55, "y": 0 },
					{ "time": 2, "x": 0, "y": 0 }
				]
			},
			"Hair_01": {
				"rotate": [
					{ "time": 0, "angle": 0 },
					{ "time": 0.5, "angle": 4.7 },
					{ "time": 1, "angle": 1.71 },
					{ "time": 1.5, "angle": -1.26 },
					{ "time": 2, "angle": 0 }
				]
			},
			"Hair_05": {
				"rotate": [
					{ "time": 0, "angle": 0 },
					{ "time": 0.5, "angle": -12.72 },
					{ "time": 1, "angle": -0.27 },
					{ "time": 1.5, "angle": -3.96 },
					{ "time": 2, "angle": 0 }
				]
			},
			"Hair_04": {
				"rotate": [
					{ "time": 0, "angle": 0 },
					{ "time": 0.5, "angle": 3.29 },
					{ "time": 1, "angle": 0.27 },
					{ "time": 1.5, "angle": -2.75 },
					{ "time": 2, "angle": 0 }
				]
			},
			"Hair_02": {
				"rotate": [
					{ "time": 0, "angle": 0 },
					{ "time": 0.5, "angle": 5.92 },
					{ "time": 1, "angle": 3.38 },
					{ "time": 1.5, "angle": 0.85 },
					{ "time": 2, "angle": 0 }
				]
			},
			"Hair_06": {
				"rotate": [
					{ "time": 0, "angle": 0 },
					{ "time": 0.5, "angle": -20.89 },
					{ "time": 1, "angle": 7.71 },
					{ "time": 1.5, "angle": 0.56 },
					{ "time": 2, "angle": 0 }
				]
			},
			"Hair_00": {
				"rotate": [
					{ "time": 0, "angle": 0 },
					{ "time": 0.5, "angle": -1.6 },
					{ "time": 1, "angle": -3.07 },
					{ "time": 1.5, "angle": -4.55 },
					{ "time": 2, "angle": 0 }
				]
			},
			"Hair_03": {
				"rotate": [
					{ "time": 0, "angle": 0 },
					{ "time": 0.5, "angle": 9.32 },
					{ "time": 1, "angle": 1.39 },
					{ "time": 1.5, "angle": -6.53 },
					{ "time": 2, "angle": 0 }
				]
			}
		},
		"events": [
			{ "time": 0.0666, "name": "Antiaircraft" }
		]
	},
	"attack": {
		"slots": {
			"Light_Body": {
				"attachment": [
					{ "time": 0, "name": null },
					{ "time": 0.0666, "name": null },
					{ "time": 0.1, "name": "Rodney_ship_body_normal_light" }
				],
				"color": [
					{ "time": 0.5333, "color": "fffffffb" },
					{ "time": 0.8333, "color": "ffffff00" }
				]
			},
			"Other_light": {
				"attachment": [
					{ "time": 0, "name": null },
					{ "time": 0.1, "name": "Other_light_change" }
				],
				"color": [
					{ "time": 0.5333, "color": "ffffffff" },
					{ "time": 0.8333, "color": "ffffff00" }
				]
			}
		},
		"bones": {
			"Root_All": {
				"rotate": [
					{ "time": 0, "angle": 0, "curve": "stepped" },
					{ "time": 1.6666, "angle": 0 }
				],
				"translate": [
					{
						"time": 0,
						"x": 0,
						"y": 0,
						"curve": [ 0.255, 0.35, 0.6, 0.7 ]
					},
					{ "time": 0.0666, "x": 8.69, "y": 0 },
					{ "time": 0.1666, "x": -87.44, "y": 0 },
					{ "time": 0.3333, "x": -61.04, "y": 0 },
					{ "time": 0.5333, "x": -69.84, "y": 0 },
					{ "time": 1, "x": -85.6, "y": 0 },
					{ "time": 1.4, "x": 15.07, "y": 0 },
					{ "time": 1.6666, "x": 0, "y": 0 }
				]
			},
			"Face": {
				"rotate": [
					{ "time": 0, "angle": 0, "curve": "stepped" },
					{ "time": 1.6666, "angle": 0 }
				],
				"translate": [
					{
						"time": 0,
						"x": 0,
						"y": 0,
						"curve": [ 0.286, 0.34, 0.623, 0.67 ]
					},
					{ "time": 0.1666, "x": 0, "y": 3.4 },
					{ "time": 0.3333, "x": 0, "y": -0.66 },
					{ "time": 0.9, "x": 0, "y": -1.2 },
					{ "time": 1, "x": 0, "y": -0.44 },
					{ "time": 1.4, "x": 0, "y": -5.01 },
					{ "time": 1.6666, "x": 0, "y": 0 }
				]
			},
			"Ship_All": {
				"rotate": [
					{ "time": 0, "angle": 0, "curve": "stepped" },
					{ "time": 1.6666, "angle": 0 }
				],
				"translate": [
					{ "time": 0, "x": 0, "y": 0, "curve": "stepped" },
					{ "time": 1.6666, "x": 0, "y": 0 }
				]
			},
			"Body": {
				"rotate": [
					{ "time": 0, "angle": 0, "curve": "stepped" },
					{ "time": 1.6666, "angle": 0 }
				],
				"translate": [
					{ "time": 0, "x": 0, "y": 0, "curve": "stepped" },
					{ "time": 1.6666, "x": 0, "y": 0 }
				]
			},
			"Attack_Point": {
				"rotate": [
					{ "time": 0.0666, "angle": 0 }
				],
				"translate": [
					{ "time": 0.0666, "x": 0, "y": 0 }
				]
			},
			"Body_Front": {
				"rotate": [
					{ "time": 0, "angle": 0 },
					{ "time": 0.0666, "angle": -9.27 },
					{ "time": 0.1333, "angle": 20.82 },
					{ "time": 0.2333, "angle": -1.27 },
					{ "time": 0.4, "angle": 6.84 },
					{ "time": 1.6666, "angle": 0 }
				],
				"translate": [
					{ "time": 0, "x": 0, "y": 0 },
					{ "time": 0.0666, "x": 0, "y": -3.87 },
					{ "time": 1.6666, "x": 0, "y": 0 }
				]
			},
			"Other_move": {
				"rotate": [
					{ "time": 0, "angle": 0 },
					{ "time": 0.0666, "angle": -7.92 },
					{ "time": 0.1666, "angle": 9.05 },
					{ "time": 0.3333, "angle": -6.62 },
					{ "time": 0.6666, "angle": 7.01 },
					{ "time": 1, "angle": -5.94 },
					{ "time": 1.4, "angle": 6.21 },
					{ "time": 1.6666, "angle": 0 }
				],
				"translate": [
					{ "time": 0, "x": 0, "y": 0 },
					{ "time": 0.0666, "x": 1.66, "y": 0 },
					{ "time": 0.1666, "x": 9.96, "y": 1.15 },
					{ "time": 0.3333, "x": 1.56, "y": 4.99 },
					{ "time": 0.6666, "x": 1.17, "y": 0.62 },
					{ "time": 1, "x": 0.78, "y": 1.24 },
					{ "time": 1.4, "x": 0.31, "y": -2.33 },
					{ "time": 1.6666, "x": 0, "y": 0 }
				]
			},
			"Hair_06": {
				"rotate": [
					{ "time": 0, "angle": 0 },
					{ "time": 0.1, "angle": -20.89 },
					{ "time": 0.3333, "angle": 0.56 },
					{ "time": 0.5666, "angle": -22.1 },
					{ "time": 0.8, "angle": -18.72 },
					{ "time": 1.0666, "angle": 1.14 },
					{ "time": 1.3666, "angle": 8.78 },
					{ "time": 1.6666, "angle": 0 }
				]
			},
			"Hair_04": {
				"rotate": [
					{ "time": 0, "angle": 0 },
					{ "time": 0.1, "angle": 3.29 },
					{ "time": 0.3333, "angle": -2.75 },
					{ "time": 0.5666, "angle": 2.08 },
					{ "time": 0.8, "angle": 5.47 },
					{ "time": 1.0666, "angle": -2.18 },
					{ "time": 1.3666, "angle": 1.33 },
					{ "time": 1.6666, "angle": 0 }
				]
			},
			"Hair_00": {
				"rotate": [
					{ "time": 0, "angle": 0 },
					{ "time": 0.1, "angle": -1.6 },
					{ "time": 0.3333, "angle": -4.55 },
					{ "time": 0.5666, "angle": -2.81 },
					{ "time": 0.8, "angle": -359.43 },
					{ "time": 1.0666, "angle": -3.98 },
					{ "time": 1.3666, "angle": -2.01 },
					{ "time": 1.6666, "angle": 0 }
				]
			},
			"Hair_01": {
				"rotate": [
					{ "time": 0, "angle": 0 },
					{ "time": 0.1, "angle": 4.7 },
					{ "time": 0.3333, "angle": -1.26 },
					{ "time": 0.5666, "angle": 3.49 },
					{ "time": 0.8, "angle": 6.87 },
					{ "time": 1.0666, "angle": -0.69 },
					{ "time": 1.3666, "angle": 2.78 },
					{ "time": 1.6666, "angle": 0 }
				]
			},
			"Hair_02": {
				"rotate": [
					{ "time": 0, "angle": 0 },
					{ "time": 0.1, "angle": 5.92 },
					{ "time": 0.3333, "angle": 0.85 },
					{ "time": 0.5666, "angle": 4.71 },
					{ "time": 0.8, "angle": 8.09 },
					{ "time": 1.0666, "angle": 1.43 },
					{ "time": 1.3666, "angle": 4.45 },
					{ "time": 1.6666, "angle": 0 }
				]
			},
			"Hair_05": {
				"rotate": [
					{ "time": 0, "angle": 0 },
					{ "time": 0.1, "angle": -12.72 },
					{ "time": 0.3333, "angle": -3.96 },
					{ "time": 0.5666, "angle": -13.93 },
					{ "time": 0.8, "angle": -10.54 },
					{ "time": 1.0666, "angle": -3.38 },
					{ "time": 1.3666, "angle": 0.78 },
					{ "time": 1.6666, "angle": 0 }
				]
			},
			"Hair_03": {
				"rotate": [
					{ "time": 0, "angle": 0 },
					{ "time": 0.1, "angle": 9.32 },
					{ "time": 0.3333, "angle": -6.53 },
					{ "time": 0.5666, "angle": 8.11 },
					{ "time": 0.8, "angle": 11.49 },
					{ "time": 1.0666, "angle": -5.96 },
					{ "time": 1.3666, "angle": 2.45 },
					{ "time": 1.6666, "angle": 0 }
				]
			}
		},
		"events": [
			{ "time": 0.0666, "name": "attack_point" }
		]
	},
	"damage": {
		"slots": {
			"Body_Hand": {
				"color": [
					{ "time": 0.0666, "color": "8c4c51ff", "curve": "stepped" },
					{ "time": 0.7666, "color": "8c4c51ff" },
					{ "time": 1.1333, "color": "ffffffff" }
				]
			},
			"Light_Body": {
				"attachment": [
					{ "time": 0, "name": null },
					{ "time": 0.0666, "name": "Rodney_ship_body_normal_light" },
					{ "time": 0.7666, "name": null }
				],
				"color": [
					{ "time": 0.5333, "color": "ffffffff" },
					{ "time": 0.7666, "color": "ffffff00" }
				]
			},
			"Other": {
				"color": [
					{ "time": 0.0666, "color": "8c4c51ff", "curve": "stepped" },
					{ "time": 0.7666, "color": "8c4c51ff" },
					{ "time": 1.1333, "color": "ffffffff" }
				]
			},
			"Other_light": {
				"attachment": [
					{ "time": 0, "name": null },
					{ "time": 0.0666, "name": "Other_light_change" }
				],
				"color": [
					{ "time": 0.0666, "color": "ffffffff", "curve": "stepped" },
					{ "time": 0.5333, "color": "ffffffff" },
					{ "time": 0.7666, "color": "ffffff00" }
				]
			},
			"Rodney_body_normal": {
				"color": [
					{ "time": 0.0666, "color": "8c4c51ff", "curve": "stepped" },
					{ "time": 0.7666, "color": "8c4c51ff" },
					{ "time": 1.1333, "color": "ffffffff" }
				]
			},
			"Rodney_eyes_normal": {
				"attachment": [
					{ "time": 0.0666, "name": "Rodney_eyes_damage" },
					{ "time": 1.1333, "name": "Rodney_eyes_normal" }
				],
				"color": [
					{ "time": 0.0666, "color": "8c4c51ff", "curve": "stepped" },
					{ "time": 0.7666, "color": "8c4c51ff" },
					{ "time": 1.1333, "color": "ffffffff" }
				]
			},
			"Rodney_ship_armor_normal": {
				"color": [
					{ "time": 0.0666, "color": "8c4c51ff", "curve": "stepped" },
					{ "time": 0.7666, "color": "8c4c51ff" },
					{ "time": 1.1333, "color": "ffffffff" }
				]
			}
		},
		"bones": {
			"Root_All": {
				"rotate": [
					{ "time": 0, "angle": 0, "curve": "stepped" },
					{ "time": 1.1666, "angle": 0 }
				],
				"translate": [
					{
						"time": 0,
						"x": 0,
						"y": 0,
						"curve": [ 0.255, 0.35, 0.6, 0.7 ]
					},
					{ "time": 0.0666, "x": -27.67, "y": -23.16 },
					{ "time": 0.1333, "x": 20.98, "y": 15.35 },
					{ "time": 0.2333, "x": -19.78, "y": -15.62 },
					{ "time": 0.3666, "x": 14.36, "y": 8.59 },
					{ "time": 0.5666, "x": -3.37, "y": -4.5 },
					{ "time": 0.8666, "x": 5.63, "y": 2.25 },
					{ "time": 1.1666, "x": 0, "y": 0 }
				]
			},
			"Face": {
				"rotate": [
					{ "time": 0, "angle": 0, "curve": "stepped" },
					{ "time": 1.1666, "angle": 0 }
				],
				"translate": [
					{
						"time": 0,
						"x": 0,
						"y": 0,
						"curve": [ 0.286, 0.34, 0.623, 0.67 ]
					},
					{ "time": 0.0666, "x": -5.44, "y": 0 },
					{ "time": 0.1333, "x": -0.44, "y": 0 },
					{ "time": 0.2333, "x": -5.06, "y": 0 },
					{ "time": 0.3666, "x": -2.01, "y": 0 },
					{ "time": 1.1666, "x": 0, "y": 0 }
				]
			},
			"Ship_All": {
				"rotate": [
					{ "time": 0, "angle": 0, "curve": "stepped" },
					{ "time": 1.1666, "angle": 0 }
				],
				"translate": [
					{ "time": 0, "x": 0, "y": 0, "curve": "stepped" },
					{ "time": 1.1666, "x": 0, "y": 0 }
				]
			},
			"Body": {
				"rotate": [
					{ "time": 0, "angle": 0, "curve": "stepped" },
					{ "time": 1.1666, "angle": 0 }
				],
				"translate": [
					{ "time": 0, "x": 0, "y": 0, "curve": "stepped" },
					{ "time": 1.1666, "x": 0, "y": 0 }
				]
			},
			"Damage_Point": {
				"rotate": [
					{ "time": 0.0666, "angle": 0 }
				],
				"translate": [
					{ "time": 0.0666, "x": 0, "y": 0 }
				]
			},
			"Body_Front": {
				"rotate": [
					{ "time": 0, "angle": 0 },
					{ "time": 0.0666, "angle": 6.43 },
					{ "time": 0.1333, "angle": -0.65 },
					{ "time": 0.2333, "angle": 7.53 },
					{ "time": 0.3666, "angle": 1.05 },
					{ "time": 1.1666, "angle": 0 }
				],
				"translate": [
					{ "time": 0, "x": 0, "y": 0 },
					{ "time": 0.1333, "x": 0, "y": 6.08 },
					{ "time": 0.2333, "x": 0, "y": 4.39 },
					{ "time": 1.1666, "x": 0, "y": 0 }
				]
			},
			"Other_move": {
				"rotate": [
					{ "time": 0, "angle": 0 },
					{ "time": 0.0666, "angle": 17.88 },
					{ "time": 0.1333, "angle": -5.26 },
					{ "time": 0.2333, "angle": 11.42 },
					{ "time": 0.3666, "angle": -1.87 },
					{ "time": 0.6333, "angle": 5.79 },
					{ "time": 0.9, "angle": -1.95 },
					{ "time": 1.1666, "angle": 0 }
				],
				"translate": [
					{ "time": 0, "x": 0, "y": 0 },
					{ "time": 0.0666, "x": 4.68, "y": 0 },
					{ "time": 0.1333, "x": -2.34, "y": 0 },
					{ "time": 0.2333, "x": 1.17, "y": 0 },
					{ "time": 0.3666, "x": -2.34, "y": 0 },
					{ "time": 0.6333, "x": -1.17, "y": 0 },
					{ "time": 0.9, "x": -3.51, "y": 0 },
					{ "time": 1.1666, "x": 0, "y": 0 }
				]
			},
			"Hair_06": {
				"rotate": [
					{ "time": 0, "angle": 0 },
					{ "time": 0.0666, "angle": -20.89 },
					{ "time": 0.1666, "angle": 0.56 },
					{ "time": 0.3, "angle": -22.1 },
					{ "time": 0.4666, "angle": -18.72 },
					{ "time": 0.7, "angle": 1.14 },
					{ "time": 0.9333, "angle": 8.78 },
					{ "time": 1.1666, "angle": 0 }
				]
			},
			"Hair_03": {
				"rotate": [
					{ "time": 0, "angle": 0 },
					{ "time": 0.0666, "angle": 9.32 },
					{ "time": 0.1666, "angle": -6.53 },
					{ "time": 0.3, "angle": 8.11 },
					{ "time": 0.4666, "angle": 11.49 },
					{ "time": 0.7, "angle": -5.96 },
					{ "time": 0.9333, "angle": 2.45 },
					{ "time": 1.1666, "angle": 0 }
				]
			},
			"Hair_05": {
				"rotate": [
					{ "time": 0, "angle": 0 },
					{ "time": 0.0666, "angle": -12.72 },
					{ "time": 0.1666, "angle": -3.96 },
					{ "time": 0.3, "angle": -13.93 },
					{ "time": 0.4666, "angle": -10.54 },
					{ "time": 0.7, "angle": -3.38 },
					{ "time": 0.9333, "angle": 0.78 },
					{ "time": 1.1666, "angle": 0 }
				]
			},
			"Hair_01": {
				"rotate": [
					{ "time": 0, "angle": 0 },
					{ "time": 0.0666, "angle": 4.7 },
					{ "time": 0.1666, "angle": -1.26 },
					{ "time": 0.3, "angle": 3.49 },
					{ "time": 0.4666, "angle": 6.87 },
					{ "time": 0.7, "angle": -0.69 },
					{ "time": 0.9333, "angle": 2.78 },
					{ "time": 1.1666, "angle": 0 }
				]
			},
			"Hair_02": {
				"rotate": [
					{ "time": 0, "angle": 0 },
					{ "time": 0.0666, "angle": 5.92 },
					{ "time": 0.1666, "angle": 0.85 },
					{ "time": 0.3, "angle": 4.71 },
					{ "time": 0.4666, "angle": 8.09 },
					{ "time": 0.7, "angle": 1.43 },
					{ "time": 0.9333, "angle": 4.45 },
					{ "time": 1.1666, "angle": 0 }
				]
			},
			"Hair_00": {
				"rotate": [
					{ "time": 0, "angle": 0 },
					{ "time": 0.0666, "angle": -1.6 },
					{ "time": 0.1666, "angle": -4.55 },
					{ "time": 0.3, "angle": -2.81 },
					{ "time": 0.4666, "angle": -359.43 },
					{ "time": 0.7, "angle": -3.98 },
					{ "time": 0.9333, "angle": -2.01 },
					{ "time": 1.1666, "angle": 0 }
				]
			},
			"Hair_04": {
				"rotate": [
					{ "time": 0, "angle": 0 },
					{ "time": 0.0666, "angle": 3.29 },
					{ "time": 0.1666, "angle": -2.75 },
					{ "time": 0.3, "angle": 2.08 },
					{ "time": 0.4666, "angle": 5.47 },
					{ "time": 0.7, "angle": -2.18 },
					{ "time": 0.9333, "angle": 1.33 },
					{ "time": 1.1666, "angle": 0 }
				]
			}
		},
		"events": [
			{ "time": 0.0666, "name": "damage_point" }
		]
	},
	"normal": {
		"slots": {
			"Light_Body": {
				"attachment": [
					{ "time": 0, "name": null },
					{ "time": 0.8, "name": null }
				]
			},
			"Other_light": {
				"attachment": [
					{ "time": 0, "name": null }
				]
			}
		},
		"bones": {
			"Root_All": {
				"rotate": [
					{ "time": 0, "angle": 0, "curve": "stepped" },
					{ "time": 2, "angle": 0 }
				],
				"translate": [
					{
						"time": 0,
						"x": 0,
						"y": 0,
						"curve": [ 0.255, 0.35, 0.6, 0.7 ]
					},
					{
						"time": 0.5,
						"x": 0,
						"y": -9.82,
						"curve": [ 0.3, 0.39, 0.641, 0.74 ]
					},
					{
						"time": 1,
						"x": 0,
						"y": -15.66,
						"curve": [ 0.322, 0.37, 0.652, 0.7 ]
					},
					{
						"time": 1.5,
						"x": 0,
						"y": -7.79,
						"curve": [ 0.314, 0.36, 0.644, 0.68 ]
					},
					{ "time": 2, "x": 0, "y": 0 }
				]
			},
			"Ship_All": {
				"rotate": [
					{ "time": 0, "angle": 0, "curve": "stepped" },
					{ "time": 2, "angle": 0 }
				],
				"translate": [
					{ "time": 0, "x": 0, "y": 0, "curve": "stepped" },
					{ "time": 2, "x": 0, "y": 0 }
				]
			},
			"Body": {
				"rotate": [
					{ "time": 0, "angle": 0, "curve": "stepped" },
					{ "time": 2, "angle": 0 }
				],
				"translate": [
					{ "time": 0, "x": 0, "y": 0, "curve": "stepped" },
					{ "time": 2, "x": 0, "y": 0 }
				]
			},
			"Face": {
				"rotate": [
					{ "time": 0, "angle": 0, "curve": "stepped" },
					{ "time": 2, "angle": 0 }
				],
				"translate": [
					{
						"time": 0,
						"x": 0,
						"y": 0,
						"curve": [ 0.286, 0.34, 0.623, 0.67 ]
					},
					{
						"time": 0.5,
						"x": 0.64,
						"y": 0,
						"curve": [ 0.282, 0.37, 0.624, 0.71 ]
					},
					{
						"time": 1.5,
						"x": -1.28,
						"y": 0,
						"curve": [ 0.321, 0.37, 0.656, 0.71 ]
					},
					{ "time": 2, "x": 0, "y": 0 }
				]
			},
			"Body_Front": {
				"rotate": [
					{ "time": 0, "angle": 0, "curve": "stepped" },
					{ "time": 2, "angle": 0 }
				],
				"translate": [
					{ "time": 0, "x": 0, "y": 0 },
					{ "time": 1, "x": -6.08, "y": 0 },
					{ "time": 2, "x": 0, "y": 0 }
				]
			},
			"Other_move": {
				"rotate": [
					{ "time": 0, "angle": 0 },
					{ "time": 0.5, "angle": 4.46 },
					{ "time": 1.5, "angle": -1.94 },
					{ "time": 2, "angle": 0 }
				],
				"translate": [
					{ "time": 0, "x": 0, "y": 0 },
					{ "time": 0.5, "x": 3.32, "y": 0 },
					{ "time": 1.5, "x": -1.55, "y": 0 },
					{ "time": 2, "x": 0, "y": 0 }
				]
			},
			"Hair_00": {
				"rotate": [
					{ "time": 0, "angle": 0 },
					{ "time": 0.5, "angle": -1.6 },
					{ "time": 1, "angle": -3.07 },
					{ "time": 1.5, "angle": -4.55 },
					{ "time": 2, "angle": 0 }
				]
			},
			"Hair_06": {
				"rotate": [
					{ "time": 0, "angle": 0 },
					{ "time": 0.5, "angle": -20.89 },
					{ "time": 1, "angle": 7.71 },
					{ "time": 1.5, "angle": 0.56 },
					{ "time": 2, "angle": 0 }
				]
			},
			"Hair_05": {
				"rotate": [
					{ "time": 0, "angle": 0 },
					{ "time": 0.5, "angle": -12.72 },
					{ "time": 1, "angle": -0.27 },
					{ "time": 1.5, "angle": -3.96 },
					{ "time": 2, "angle": 0 }
				]
			},
			"Hair_04": {
				"rotate": [
					{ "time": 0, "angle": 0 },
					{ "time": 0.5, "angle": 3.29 },
					{ "time": 1, "angle": 0.27 },
					{ "time": 1.5, "angle": -2.75 },
					{ "time": 2, "angle": 0 }
				]
			},
			"Hair_03": {
				"rotate": [
					{ "time": 0, "angle": 0 },
					{ "time": 0.5, "angle": 9.32 },
					{ "time": 1, "angle": 1.39 },
					{ "time": 1.5, "angle": -6.53 },
					{ "time": 2, "angle": 0 }
				]
			},
			"Hair_02": {
				"rotate": [
					{ "time": 0, "angle": 0 },
					{ "time": 0.5, "angle": 5.92 },
					{ "time": 1, "angle": 3.38 },
					{ "time": 1.5, "angle": 0.85 },
					{ "time": 2, "angle": 0 }
				]
			},
			"Hair_01": {
				"rotate": [
					{ "time": 0, "angle": 0 },
					{ "time": 0.5, "angle": 4.7 },
					{ "time": 1, "angle": 1.71 },
					{ "time": 1.5, "angle": -1.26 },
					{ "time": 2, "angle": 0 }
				]
			}
		}
	},
	"throw": {
		"slots": {
			"Light_Body": {
				"attachment": [
					{ "time": 0, "name": null }
				]
			},
			"Other_light": {
				"attachment": [
					{ "time": 0, "name": null },
					{ "time": 1.3333, "name": null }
				]
			}
		},
		"bones": {
			"Face": {
				"rotate": [
					{ "time": 0, "angle": 0, "curve": "stepped" },
					{ "time": 1.3333, "angle": 0 }
				],
				"translate": [
					{
						"time": 0,
						"x": 0,
						"y": 0,
						"curve": [ 0.286, 0.34, 0.623, 0.67 ]
					},
					{ "time": 0.3333, "x": 0, "y": -0.7 },
					{ "time": 0.5666, "x": 0, "y": 0.14 },
					{ "time": 1.3333, "x": 0, "y": 0 }
				]
			},
			"Root_All": {
				"rotate": [
					{ "time": 0, "angle": 0, "curve": "stepped" },
					{ "time": 1.3333, "angle": 0 }
				],
				"translate": [
					{
						"time": 0,
						"x": 0,
						"y": 0,
						"curve": [ 0.255, 0.35, 0.6, 0.7 ]
					},
					{ "time": 0.6333, "x": -66.66, "y": 0 },
					{ "time": 0.9666, "x": -10.42, "y": -12.42 },
					{ "time": 1.3333, "x": 0, "y": 0 }
				]
			},
			"Body": {
				"rotate": [
					{
						"time": 0,
						"angle": 0,
						"curve": [ 0.219, 0.41, 0.591, 0.77 ]
					},
					{
						"time": 0.6333,
						"angle": -3.17,
						"curve": [ 0.32, 0.36, 0.653, 0.69 ]
					},
					{
						"time": 0.7333,
						"angle": 0.61,
						"curve": [ 0.319, 0.37, 0.652, 0.7 ]
					},
					{
						"time": 0.9666,
						"angle": -1.72,
						"curve": [ 0.32, 0.38, 0.654, 0.71 ]
					},
					{ "time": 1.3333, "angle": 0 }
				],
				"translate": [
					{
						"time": 0,
						"x": 0,
						"y": 0,
						"curve": [ 0.219, 0.41, 0.591, 0.77 ]
					},
					{
						"time": 0.3333,
						"x": -15.86,
						"y": 0,
						"curve": [ 0.193, 0.39, 0.58, 0.9 ]
					},
					{
						"time": 0.5666,
						"x": -19.36,
						"y": 0,
						"curve": [ 0.142, 0.42, 0.647, 0.94 ]
					},
					{ "time": 0.6333, "x": 92.18, "y": -6.3 },
					{ "time": 0.7333, "x": 111.33, "y": 0 },
					{ "time": 1.3333, "x": 0, "y": 0 }
				]
			},
			"Ship_All": {
				"rotate": [
					{ "time": 0, "angle": 0, "curve": "stepped" },
					{ "time": 1.3333, "angle": 0 }
				],
				"translate": [
					{ "time": 0, "x": 0, "y": 0, "curve": "stepped" },
					{ "time": 1.3333, "x": 0, "y": 0 }
				]
			},
			"Throw_Point": {
				"rotate": [
					{ "time": 0.6333, "angle": 0 }
				],
				"translate": [
					{ "time": 0.6333, "x": 0, "y": 0 }
				]
			},
			"Body_Front": {
				"rotate": [
					{
						"time": 0,
						"angle": 0,
						"curve": [ 0.221, 0.3, 0.596, 0.68 ]
					},
					{
						"time": 0.3333,
						"angle": 14.49,
						"curve": [ 0.334, 0.41, 0.685, 0.77 ]
					},
					{
						"time": 0.5666,
						"angle": -1.2,
						"curve": [ 0.346, 0.4, 0.681, 0.73 ]
					},
					{ "time": 0.6333, "angle": -17.42 },
					{ "time": 0.7333, "angle": -17.75 },
					{ "time": 0.9666, "angle": 6.11 },
					{ "time": 1.1666, "angle": 14.43 },
					{ "time": 1.3333, "angle": 0 }
				],
				"translate": [
					{
						"time": 0,
						"x": 0,
						"y": 0,
						"curve": [ 0.203, 0.35, 0.678, 0.86 ]
					},
					{ "time": 0.3333, "x": -2.74, "y": -7.78 },
					{ "time": 0.5666, "x": -3.34, "y": -5.05 },
					{ "time": 0.6333, "x": 5.38, "y": 0.08 },
					{ "time": 0.7333, "x": 3.36, "y": -0.92 },
					{ "time": 0.9666, "x": -2.76, "y": -10.64 },
					{ "time": 1.1666, "x": -1.12, "y": -5.38 },
					{ "time": 1.3333, "x": 0, "y": 0 }
				]
			},
			"Other_move": {
				"rotate": [
					{ "time": 0, "angle": 0 },
					{ "time": 0.3, "angle": 13.37 },
					{ "time": 0.5666, "angle": 6.62 },
					{ "time": 0.6333, "angle": -14.44 },
					{ "time": 0.7333, "angle": -2.12 },
					{ "time": 0.9333, "angle": 16.87 },
					{ "time": 1.0333, "angle": 13.12 },
					{ "time": 1.2333, "angle": -4.34 },
					{ "time": 1.3333, "angle": 0 }
				],
				"translate": [
					{ "time": 0, "x": 0, "y": 0 },
					{ "time": 0.3, "x": -5.78, "y": 7.58 },
					{ "time": 0.5666, "x": -6.86, "y": 11.03 },
					{ "time": 0.6333, "x": 0, "y": 5.81 },
					{ "time": 0.7333, "x": -4.89, "y": -1.6 },
					{ "time": 0.9333, "x": -8.44, "y": 9.82 },
					{ "time": 1.0333, "x": -6.13, "y": 9.16 },
					{ "time": 1.2333, "x": 0, "y": -2.73 },
					{ "time": 1.3333, "x": 0, "y": 0 }
				]
			},
			"Hair_01": {
				"rotate": [
					{ "time": 0, "angle": 0 },
					{ "time": 0.1666, "angle": 4.7 },
					{ "time": 0.5333, "angle": 1.71 },
					{ "time": 0.7, "angle": -3.14 },
					{ "time": 1.1, "angle": 4.7 },
					{ "time": 1.3333, "angle": 0 }
				]
			},
			"Hair_05": {
				"rotate": [
					{ "time": 0, "angle": 0 },
					{ "time": 0.1666, "angle": -12.72 },
					{ "time": 0.5333, "angle": -0.27 },
					{ "time": 0.7, "angle": -5.83 },
					{ "time": 1.1, "angle": -12.72 },
					{ "time": 1.3333, "angle": 0 }
				]
			},
			"Hair_04": {
				"rotate": [
					{ "time": 0, "angle": 0 },
					{ "time": 0.1666, "angle": 3.29 },
					{ "time": 0.5333, "angle": 0.27 },
					{ "time": 0.7, "angle": -4.63 },
					{ "time": 1.1, "angle": 3.29 },
					{ "time": 1.3333, "angle": 0 }
				]
			},
			"Hair_02": {
				"rotate": [
					{ "time": 0, "angle": 0 },
					{ "time": 0.1666, "angle": 5.92 },
					{ "time": 0.5333, "angle": 3.38 },
					{ "time": 0.7, "angle": -1.01 },
					{ "time": 1.1, "angle": 5.92 },
					{ "time": 1.3333, "angle": 0 }
				]
			},
			"Hair_06": {
				"rotate": [
					{ "time": 0, "angle": 0 },
					{ "time": 0.1666, "angle": -20.89 },
					{ "time": 0.5333, "angle": 7.71 },
					{ "time": 0.7, "angle": -1.3 },
					{ "time": 1.1, "angle": -20.89 },
					{ "time": 1.3333, "angle": 0 }
				]
			},
			"Hair_00": {
				"rotate": [
					{ "time": 0, "angle": 0 },
					{ "time": 0.1666, "angle": -1.6 },
					{ "time": 0.5333, "angle": -3.07 },
					{ "time": 0.7, "angle": -6.43 },
					{ "time": 1.1, "angle": -1.6 },
					{ "time": 1.3333, "angle": 0 }
				]
			},
			"Hair_03": {
				"rotate": [
					{ "time": 0, "angle": 0 },
					{ "time": 0.1666, "angle": 9.32 },
					{ "time": 0.5333, "angle": 1.39 },
					{ "time": 0.7, "angle": -8.41 },
					{ "time": 1.1, "angle": 9.32 },
					{ "time": 1.3333, "angle": 0 }
				]
			}
		},
		"events": [
			{ "time": 0.6333, "name": "throw_point" }
		]
	},
	"wreck": {
		"slots": {
			"Light_Body": {
				"attachment": [
					{ "time": 0, "name": null }
				]
			},
			"Other_light": {
				"attachment": [
					{ "time": 0, "name": null }
				]
			},
			"Rodney_eyes_normal": {
				"attachment": [
					{ "time": 0, "name": "Rodney_eyes_damage" }
				]
			}
		},
		"bones": {
			"Root_All": {
				"rotate": [
					{ "time": 0, "angle": 0, "curve": "stepped" },
					{ "time": 2, "angle": 0 }
				],
				"translate": [
					{
						"time": 0,
						"x": 0,
						"y": 0,
						"curve": [ 0.255, 0.35, 0.6, 0.7 ]
					},
					{
						"time": 0.5,
						"x": 0,
						"y": -9.82,
						"curve": [ 0.3, 0.39, 0.641, 0.74 ]
					},
					{
						"time": 1,
						"x": 0,
						"y": -15.66,
						"curve": [ 0.322, 0.37, 0.652, 0.7 ]
					},
					{
						"time": 1.5,
						"x": 0,
						"y": -7.79,
						"curve": [ 0.314, 0.36, 0.644, 0.68 ]
					},
					{ "time": 2, "x": 0, "y": 0 }
				]
			},
			"Ship_All": {
				"rotate": [
					{ "time": 0, "angle": 0, "curve": "stepped" },
					{ "time": 2, "angle": 0 }
				],
				"translate": [
					{ "time": 0, "x": 0, "y": 0, "curve": "stepped" },
					{ "time": 2, "x": 0, "y": 0 }
				]
			},
			"Body": {
				"rotate": [
					{ "time": 0, "angle": 0, "curve": "stepped" },
					{ "time": 2, "angle": 0 }
				],
				"translate": [
					{ "time": 0, "x": 0, "y": 0, "curve": "stepped" },
					{ "time": 2, "x": 0, "y": 0 }
				]
			},
			"Face": {
				"rotate": [
					{ "time": 0, "angle": 0, "curve": "stepped" },
					{ "time": 2, "angle": 0 }
				],
				"translate": [
					{
						"time": 0,
						"x": 0,
						"y": 0,
						"curve": [ 0.286, 0.34, 0.623, 0.67 ]
					},
					{
						"time": 0.5,
						"x": 0.64,
						"y": 0,
						"curve": [ 0.282, 0.37, 0.624, 0.71 ]
					},
					{
						"time": 1.5,
						"x": -1.28,
						"y": 0,
						"curve": [ 0.321, 0.37, 0.656, 0.71 ]
					},
					{ "time": 2, "x": 0, "y": 0 }
				]
			},
			"Body_Front": {
				"rotate": [
					{ "time": 0, "angle": 0, "curve": "stepped" },
					{ "time": 2, "angle": 0 }
				],
				"translate": [
					{ "time": 0, "x": 0, "y": 0 },
					{ "time": 1, "x": -6.64, "y": 0 },
					{ "time": 2, "x": 0, "y": 0 }
				]
			},
			"Other_move": {
				"rotate": [
					{ "time": 0, "angle": 0 },
					{ "time": 0.5, "angle": 4.46 },
					{ "time": 1.5, "angle": -1.94 },
					{ "time": 2, "angle": 0 }
				],
				"translate": [
					{ "time": 0, "x": 0, "y": 0 },
					{ "time": 0.5, "x": 3.32, "y": 0 },
					{ "time": 1.5, "x": -1.55, "y": 0 },
					{ "time": 2, "x": 0, "y": 0 }
				]
			},
			"Hair_01": {
				"rotate": [
					{ "time": 0, "angle": 0 },
					{ "time": 0.5, "angle": 4.7 },
					{ "time": 1, "angle": 1.71 },
					{ "time": 1.5, "angle": -1.26 },
					{ "time": 2, "angle": 0 }
				]
			},
			"Hair_05": {
				"rotate": [
					{ "time": 0, "angle": 0 },
					{ "time": 0.5, "angle": -12.72 },
					{ "time": 1, "angle": -0.27 },
					{ "time": 1.5, "angle": -3.96 },
					{ "time": 2, "angle": 0 }
				]
			},
			"Hair_04": {
				"rotate": [
					{ "time": 0, "angle": 0 },
					{ "time": 0.5, "angle": 3.29 },
					{ "time": 1, "angle": 0.27 },
					{ "time": 1.5, "angle": -2.75 },
					{ "time": 2, "angle": 0 }
				]
			},
			"Hair_02": {
				"rotate": [
					{ "time": 0, "angle": 0 },
					{ "time": 0.5, "angle": 5.92 },
					{ "time": 1, "angle": 3.38 },
					{ "time": 1.5, "angle": 0.85 },
					{ "time": 2, "angle": 0 }
				]
			},
			"Hair_06": {
				"rotate": [
					{ "time": 0, "angle": 0 },
					{ "time": 0.5, "angle": -20.89 },
					{ "time": 1, "angle": 7.71 },
					{ "time": 1.5, "angle": 0.56 },
					{ "time": 2, "angle": 0 }
				]
			},
			"Hair_00": {
				"rotate": [
					{ "time": 0, "angle": 0 },
					{ "time": 0.5, "angle": -1.6 },
					{ "time": 1, "angle": -3.07 },
					{ "time": 1.5, "angle": -4.55 },
					{ "time": 2, "angle": 0 }
				]
			},
			"Hair_03": {
				"rotate": [
					{ "time": 0, "angle": 0 },
					{ "time": 0.5, "angle": 9.32 },
					{ "time": 1, "angle": 1.39 },
					{ "time": 1.5, "angle": -6.53 },
					{ "time": 2, "angle": 0 }
				]
			}
		}
	}
}
}