{
"skeleton": { "hash": "FZXJ1fwuwHGRVAstmGkFQ1ATsmU", "spine": "2.1.27", "width": 309.68, "height": 315.25, "images": "" },
"bones": [
	{ "name": "Root_All", "x": 5.76, "y": 9.39, "scaleX": 1.01, "scaleY": 1.01 },
	{ "name": "Ship_All", "parent": "Root_All" },
	{ "name": "Body", "parent": "Ship_All", "length": 255.84, "x": -5.11, "y": -14.83, "rotation": 90 },
	{ "name": "Antiaircraft", "parent": "Body", "length": 44.62, "x": 194.31, "y": -53.43, "rotation": -90 },
	{ "name": "Attack_Point", "parent": "Body", "length": 25.69, "x": 94.02, "y": -57.27, "rotation": -88.64 },
	{ "name": "Behand", "parent": "Body", "length": 56.75, "x": 114.39, "y": 18.9, "rotation": -0.9 },
	{ "name": "Damage_Point", "parent": "Body", "length": 22.56, "x": 107.06, "y": -3.68, "rotation": -90 },
	{ "name": "Dialogue", "parent": "Body", "length": 57.85, "x": 196.89, "y": -52.07, "rotation": -90 },
	{ "name": "Expression", "parent": "Body", "length": 46.33, "x": 208.88, "y": -46.37, "rotation": -42.65 },
	{ "name": "Head", "parent": "Body", "length": 66.72, "x": 131.91, "y": 11.39, "rotation": -0.9 },
	{ "name": "Smoke_L1", "parent": "Body", "length": 51.75, "x": 95.72, "y": -18.74, "rotation": -54.55 },
	{ "name": "Smoke_R1", "parent": "Body", "length": 79.5, "x": 99.73, "y": 53.73, "rotation": 21.87 },
	{ "name": "Throw_Point", "parent": "Body", "length": 24.91, "x": 64.66, "y": -37.9, "rotation": -88.64 },
	{ "name": "hand", "parent": "Body", "length": 21.67, "x": 125.88, "y": 17.49, "rotation": 52.62 },
	{ "name": "Face", "parent": "Head", "length": 66.94, "x": 47.91, "y": 21, "rotation": -89.09 },
	{ "name": "YD", "parent": "Behand", "length": 28.57, "x": -12.66, "y": -4.69, "rotation": -108.6 },
	{ "name": "hair1", "parent": "Head", "length": 39.98, "x": 92.07, "y": -43.73, "rotation": 160.08 },
	{ "name": "hair2", "parent": "Head", "length": 44.73, "x": 87.53, "y": -46.42, "rotation": 160.48 },
	{ "name": "hand2", "parent": "hand", "length": 31.28, "x": 18.77, "y": -0.63, "rotation": -52.06 },
	{ "name": "JZ_L", "parent": "YD", "length": 55.42, "x": -6.15, "y": -1.78, "rotation": -116.09 },
	{ "name": "JZ_R", "parent": "YD", "length": 48.52, "x": 28.98, "y": 3.07, "rotation": -29.38 },
	{ "name": "bone2", "parent": "hair1", "length": 40.69, "x": 41.67, "y": -0.95, "rotation": -6.78 },
	{ "name": "bone3", "parent": "bone2", "length": 30.76, "x": 42.45, "y": -0.69, "rotation": -33.05 },
	{ "name": "bone4", "parent": "bone3", "length": 48.58, "x": 32.47, "y": -0.99, "rotation": -24.54 },
	{ "name": "bone5", "parent": "bone4", "length": 37.62, "x": 54.45, "y": -0.63, "rotation": 35.02 }
],
"slots": [
	{ "name": "hair2", "bone": "hair2", "attachment": "hair2" },
	{ "name": "hair", "bone": "hair1", "attachment": "hair" },
	{ "name": "Rodney_body_normal", "bone": "Body", "attachment": "change" },
	{ "name": "Light_Body", "bone": "Body", "attachment": "change", "blend": "additive" },
	{ "name": "YD", "bone": "YD", "attachment": "YD" },
	{ "name": "JZ_R", "bone": "JZ_R", "attachment": "change" },
	{ "name": "JZ_R_light", "bone": "JZ_R", "attachment": "change", "blend": "additive" },
	{ "name": "head", "bone": "Head", "attachment": "head" },
	{ "name": "head_light", "bone": "Head", "attachment": "head_light", "blend": "additive" },
	{ "name": "Rodney_eyes_normal", "bone": "Face", "attachment": "Rodney_eyes_normal" },
	{ "name": "hand", "bone": "hand", "attachment": "change" },
	{ "name": "hand2", "bone": "hand2", "attachment": "change" },
	{ "name": "JZ_L", "bone": "JZ_L", "attachment": "change" }
],
"skins": {
	"default": {
		"Rodney_eyes_normal": {
			"Rodney_eyes_damage": { "x": 19.21, "y": -48.69, "width": 300, "height": 300 },
			"Rodney_eyes_normal": { "x": 19.21, "y": -48.69, "width": 300, "height": 300 }
		},
		"YD": {
			"YD": { "x": -5.13, "y": 35.23, "rotation": 19.51, "width": 300, "height": 300 }
		},
		"hair": {
			"hair": {
				"type": "skinnedmesh",
				"uvs": [ 1, 0.03711, 1, 0.08581, 1, 0.1618, 1, 0.22219, 1, 0.28259, 1, 0.35078, 1, 0.41702, 1, 0.48911, 1, 0.5534, 1, 0.61964, 1, 0.68199, 1, 0.75212, 1, 0.81836, 1, 0.86902, 1, 0.92747, 1, 1, 0.927, 1, 0.85664, 1, 0.8012, 1, 0.72445, 1, 0.65622, 1, 0.588, 1, 0.50485, 1, 0.42596, 1, 0.33002, 1, 0.25966, 1, 0.19356, 1, 0.12747, 1, 0.04645, 1, 0, 1, 0, 0.94695, 0, 0.88655, 0, 0.80862, 0, 0.74433, 0, 0.68199, 0, 0.6138, 0, 0.55535, 0, 0.4969, 0, 0.44624, 0, 0.39169, 0, 0.3274, 0, 0.27285, 0, 0.21245, 0, 0.15205, 0, 0.09361, 0, 0.0488, 0, 0, 0.06351, 0, 0.14026, 0, 0.21062, 0, 0.27671, 0, 0.33641, 0, 0.40037, 0, 0.48566, 0, 0.53469, 0, 0.60932, 0, 0.69034, 0, 0.7479, 0, 0.80334, 0, 0.86943, 0, 0.93042, 0, 1, 0, 0.86943, 0.03711, 0.83532, 0.0975, 0.82466, 0.16959, 0.81826, 0.22024, 0.80334, 0.27869, 0.77562, 0.32935, 0.74577, 0.39559, 0.70739, 0.44624, 0.67541, 0.493, 0.64769, 0.5495, 0.57734, 0.57288, 0.48566, 0.58457, 0.41743, 0.59431, 0.3492, 0.59237, 0.26179, 0.59237, 0.1893, 0.59626, 0.11468, 0.6099, 0.05711, 0.62938, 0.05498, 0.92357, 0.08696, 0.85928, 0.1232, 0.77745, 0.21488, 0.74238, 0.30017, 0.71121, 0.37692, 0.69562, 0.44301, 0.68783, 0.50058, 0.68588, 0.57947, 0.68199, 0.66475, 0.65276, 0.74151, 0.61574, 0.79694, 0.58652, 0.83958, 0.53781, 0.87796, 0.48326, 0.90141, 0.42092, 0.92273, 0.35467, 0.95045, 0.28454, 0.96751, 0.22024, 0.93766, 0.05659, 0.91847, 0.11114, 0.90567, 0.16569, 0.89288, 0.2105, 0.88435, 0.27285, 0.85877, 0.3235, 0.83958, 0.37026, 0.80973, 0.41702, 0.78841, 0.46183, 0.72871, 0.52807, 0.6882, 0.56899, 0.64556, 0.60211, 0.5816, 0.62938, 0.50698, 0.64497, 0.44088, 0.64692, 0.35347, 0.6625, 0.27032, 0.66445, 0.17437, 0.67809, 0.11468, 0.69757, 0.07203, 0.75212, 0.04432, 0.79304, 0.03792, 0.85149, 0.03579, 0.95085, 0.77562, 0.05659, 0.75003, 0.15985, 0.67968, 0.25921, 0.62424, 0.36442, 0.588, 0.42092, 0.51764, 0.47742, 0.39398, 0.51638, 0.27458, 0.49885, 0.14666, 0.51833, 0.05071, 0.56899, 0.93126, 0.53002, 0.89075, 0.63718, 0.82892, 0.70731, 0.72871, 0.75407, 0.61785, 0.77161, 0.50911, 0.79304, 0.4153, 0.79693, 0.27245, 0.832, 0.19996, 0.85928, 0.16585, 0.93526 ],
				"triangles": [ 45, 46, 47, 44, 45, 47, 48, 43, 44, 48, 42, 43, 48, 41, 42, 48, 40, 41, 48, 39, 40, 129, 38, 39, 53, 124, 52, 129, 37, 38, 128, 49, 50, 128, 51, 52, 128, 50, 51, 128, 52, 127, 39, 49, 128, 49, 39, 48, 37, 130, 36, 47, 48, 44, 128, 129, 39, 129, 130, 37, 128, 77, 129, 76, 77, 128, 78, 130, 129, 78, 129, 77, 35, 36, 130, 79, 130, 78, 35, 130, 79, 115, 78, 77, 34, 35, 79, 116, 78, 115, 79, 78, 116, 34, 79, 116, 77, 114, 115, 83, 115, 114, 117, 33, 34, 116, 117, 34, 83, 82, 116, 83, 116, 115, 117, 116, 82, 118, 33, 117, 32, 33, 118, 119, 32, 118, 118, 117, 82, 139, 82, 83, 81, 118, 82, 81, 82, 139, 119, 118, 81, 31, 32, 119, 80, 119, 81, 31, 119, 80, 140, 81, 139, 80, 81, 140, 30, 31, 80, 120, 30, 80, 29, 30, 120, 28, 120, 80, 29, 120, 28, 27, 80, 140, 28, 80, 27, 25, 26, 140, 27, 140, 26, 126, 127, 52, 73, 127, 126, 73, 126, 72, 75, 76, 128, 127, 75, 128, 74, 75, 127, 73, 74, 127, 111, 73, 72, 110, 111, 72, 112, 74, 73, 112, 73, 111, 113, 75, 74, 113, 74, 112, 114, 76, 75, 114, 75, 113, 88, 111, 110, 88, 110, 89, 87, 112, 111, 87, 111, 88, 86, 112, 87, 85, 113, 112, 86, 85, 112, 84, 114, 113, 84, 113, 85, 114, 77, 76, 83, 114, 84, 135, 88, 89, 136, 87, 88, 136, 88, 135, 137, 85, 86, 86, 87, 136, 137, 86, 136, 138, 83, 84, 139, 83, 138, 84, 85, 137, 138, 84, 137, 25, 139, 138, 25, 140, 139, 24, 138, 137, 25, 138, 24, 22, 23, 137, 24, 137, 23, 136, 22, 137, 21, 136, 135, 22, 136, 21, 19, 20, 135, 21, 135, 20, 125, 124, 69, 125, 126, 124, 70, 125, 69, 126, 52, 124, 107, 69, 106, 70, 69, 107, 107, 106, 92, 71, 125, 70, 108, 71, 70, 126, 125, 71, 107, 108, 70, 72, 126, 71, 91, 107, 92, 109, 72, 71, 109, 71, 108, 90, 107, 91, 108, 107, 90, 110, 72, 109, 132, 92, 131, 132, 131, 9, 91, 92, 132, 89, 109, 108, 89, 108, 90, 110, 109, 89, 132, 9, 10, 133, 91, 132, 90, 91, 133, 132, 10, 11, 133, 132, 11, 134, 89, 90, 134, 90, 133, 135, 89, 134, 133, 11, 12, 133, 12, 13, 18, 134, 133, 134, 19, 135, 133, 13, 18, 13, 17, 18, 19, 134, 18, 13, 16, 17, 14, 16, 13, 16, 14, 15, 66, 65, 102, 66, 123, 65, 103, 66, 102, 67, 123, 66, 67, 66, 103, 96, 4, 5, 95, 102, 96, 95, 96, 5, 103, 102, 95, 68, 124, 123, 104, 67, 103, 104, 103, 95, 67, 68, 123, 105, 68, 67, 95, 5, 6, 104, 105, 67, 94, 104, 95, 94, 95, 6, 105, 104, 94, 123, 124, 54, 69, 124, 68, 106, 68, 105, 69, 68, 106, 93, 105, 94, 106, 105, 93, 94, 6, 7, 131, 93, 94, 7, 131, 94, 92, 106, 93, 92, 93, 131, 131, 7, 8, 131, 8, 9, 60, 61, 0, 62, 59, 60, 121, 57, 58, 98, 60, 0, 62, 60, 98, 98, 0, 1, 58, 62, 121, 62, 58, 59, 63, 121, 62, 99, 62, 98, 99, 98, 1, 63, 62, 99, 121, 56, 57, 122, 121, 63, 99, 1, 2, 100, 63, 99, 100, 99, 2, 64, 122, 63, 64, 63, 100, 101, 64, 100, 65, 122, 64, 65, 64, 101, 97, 100, 2, 101, 100, 97, 97, 2, 3, 122, 123, 55, 122, 56, 121, 122, 55, 56, 102, 65, 101, 65, 123, 122, 97, 3, 4, 96, 101, 97, 96, 97, 4, 102, 101, 96, 123, 54, 55, 53, 54, 124 ],
				"vertices": [ 1, 16, -5.01, 7.33, 1, 1, 16, 3.04, 9.95, 1, 2, 16, 15.61, 14.04, 0.9638, 21, -27.64, 11.81, 0.03619, 2, 16, 25.6, 17.29, 0.79231, 21, -18.1, 16.21999, 0.20768, 2, 16, 35.59999, 20.54, 0.52683, 21, -8.56, 20.62, 0.47315, 3, 16, 46.88, 24.2, 0.26107, 21, 2.2, 25.6, 0.721, 22, -48.08, 0.08, 0.01791, 4, 16, 57.84, 27.77, 0.09627, 21, 12.66, 30.43, 0.81539, 22, -41.93999, 9.84, 0.08743, 23, -72.19999, -21.05, 8.8E-4, 4, 16, 69.76999, 31.64, 0.02113, 21, 24.05, 35.68999, 0.73751, 22, -35.27, 20.45999, 0.23132, 23, -70.54, -8.62, 0.01001, 4, 16, 80.41, 35.09999, 0.00206, 21, 34.2, 40.39, 0.58655, 22, -29.31, 29.93, 0.37767, 23, -69.06, 2.46, 0.0337, 3, 21, 44.67, 45.22, 0.42554, 22, -23.18, 39.68999, 0.49841, 23, -67.53, 13.88, 0.07604, 3, 21, 54.51, 49.77, 0.30197, 22, -17.41, 48.87, 0.57044, 23, -66.08999, 24.63, 0.12757, 3, 21, 65.58999, 54.89, 0.19956, 22, -10.91, 59.2, 0.61191, 23, -64.47, 36.73, 0.18851, 3, 21, 76.06, 59.72, 0.13421, 22, -4.78, 68.96, 0.62523, 23, -62.95, 48.16, 0.24054, 3, 21, 84.06, 63.42, 0.10403, 22, -0.08, 76.42, 0.62671, 23, -61.78, 56.89, 0.26924, 3, 21, 93.29, 67.68, 0.08168, 22, 5.32, 85.03, 0.62462, 23, -60.43, 66.97, 0.29368, 3, 21, 104.75, 72.98, 0.07181, 22, 12.04, 95.72, 0.62232, 23, -58.76, 79.48, 0.30585, 3, 21, 109.61, 62.44, 0.06641, 22, 21.86, 89.54, 0.61433, 23, -47.25, 77.94, 0.31924, 3, 21, 114.31, 52.28, 0.05444, 22, 31.33, 83.58999, 0.59131, 23, -36.16999, 76.46, 0.35423, 3, 21, 118, 44.28, 0.04287, 22, 38.79, 78.9, 0.56316, 23, -27.43, 75.29, 0.39395, 4, 21, 123.12, 33.2, 0.02601, 22, 49.13, 72.4, 0.50461, 23, -15.33, 73.68, 0.46931, 24, -14.5, 100.91, 4.0E-5, 4, 21, 127.67, 23.36, 0.0136, 22, 58.31, 66.62999, 0.43906, 23, -4.58, 72.24, 0.54455, 24, -6.52, 93.56, 0.00276, 4, 21, 132.22, 13.51, 0.00513, 22, 67.49, 60.85, 0.3615, 23, 6.16, 70.8, 0.62207, 24, 1.45, 86.21, 0.01128, 4, 21, 137.76, 1.51, 7.0E-4, 22, 78.69, 53.82, 0.26567, 23, 19.27, 69.05, 0.69477, 24, 11.18, 77.26, 0.03884, 3, 22, 89.31, 47.14, 0.18186, 23, 31.7, 67.39, 0.72595, 24, 20.4, 68.76, 0.09218, 3, 22, 102.22, 39.02, 0.10164, 23, 46.82, 65.37, 0.68171, 24, 31.63, 58.43, 0.21664, 3, 22, 111.69, 33.07, 0.05981, 23, 57.91, 63.88, 0.57963, 24, 39.84999, 50.85, 0.36055, 3, 22, 120.59, 27.47, 0.03184, 23, 68.32, 62.49, 0.43734, 24, 47.59, 43.73, 0.5308, 3, 22, 129.48, 21.88, 0.0136, 23, 78.74, 61.1, 0.29204, 24, 55.32, 36.61, 0.69435, 3, 22, 140.39, 15.02, 0.00155, 23, 91.51, 59.39, 0.15105, 24, 64.79, 27.89, 0.84738, 3, 22, 146.64, 11.09, 0, 23, 98.83, 58.41, 0.13017, 24, 70.23, 22.89, 0.86982, 2, 23, 97.61, 49.27, 0.11427, 24, 63.98, 16.1, 0.88572, 2, 23, 96.21, 38.84999, 0.07143, 24, 56.86, 8.35999, 0.92855, 2, 23, 94.42, 25.41, 0.00666, 24, 47.67, -1.6, 0.99333, 2, 16, 161.16, -105.83, 9.0E-5, 24, 40.09, -9.83, 0.9999, 2, 16, 150.84, -109.18, 0.00102, 24, 32.75, -17.81, 0.99897, 2, 16, 139.56, -112.85, 0.00366, 24, 24.71, -26.54, 0.99633, 4, 16, 129.89, -116, 0.0087, 21, 101.19, -103.8, 3.0E-5, 23, 88.58, -18.26, 0.00345, 24, 17.82, -34.02, 0.9878, 4, 16, 120.21, -119.14, 0.01672, 21, 91.96, -108.07, 6.5E-4, 23, 87.23, -28.34, 0.02468, 24, 10.93, -41.5, 0.95793, 4, 16, 111.83, -121.86, 0.02613, 21, 83.96, -111.76, 0.00186, 23, 86.06, -37.08, 0.0461, 24, 4.96, -47.99, 0.9259, 4, 16, 102.8, -124.8, 0.03898, 21, 75.33999, -115.74, 0.00398, 23, 84.81, -46.49, 0.06729, 24, -1.46, -54.97, 0.88971, 4, 16, 92.17, -128.26, 0.05698, 21, 65.19, -120.44, 0.00734, 23, 83.32, -57.58, 0.08321, 24, -9.04, -63.2, 0.85244, 4, 16, 83.14, -131.19, 0.07366, 21, 56.57, -124.42, 0.01063, 23, 82.07, -66.98, 0.08955, 24, -15.47, -70.18, 0.82614, 4, 16, 73.14, -134.44, 0.09139, 21, 47.03, -128.82, 0.01385, 23, 80.67, -77.4, 0.09022, 24, -22.58, -77.91, 0.80452, 4, 16, 63.15, -137.69, 0.10683, 21, 37.49, -133.23, 0.01651, 23, 79.28, -87.82, 0.08862, 24, -29.7, -85.64, 0.78801, 4, 16, 53.48, -140.83, 0.1186, 21, 28.26, -137.5, 0.01854, 23, 77.93, -97.9, 0.08625, 24, -36.59, -93.12, 0.77658, 4, 16, 46.06, -143.24, 0.12367, 21, 21.18, -140.77, 0.01926, 23, 76.9, -105.62, 0.08482, 24, -41.87, -98.86, 0.77222, 4, 16, 37.99, -145.87, 0.12627, 21, 13.47, -144.33, 0.01974, 23, 75.78, -114.04, 0.08426, 24, -47.62, -105.11, 0.76971, 4, 16, 34.87, -136.26, 0.13096, 21, 9.24, -135.16, 0.02174, 23, 65.76999, -112.7, 0.08599, 24, -55.05, -98.27, 0.76129, 5, 16, 31.09, -124.66, 0.14709, 21, 4.12, -124.08, 0.02885, 22, 35.15, -124.34, 7.6E-4, 23, 53.67, -111.09, 0.09169, 24, -64.03, -90, 0.73159, 5, 16, 27.63, -114.02, 0.1729, 21, -0.56, -113.93, 0.03987, 22, 25.68, -118.38, 0.00257, 23, 42.58, -109.6, 0.09785, 24, -72.26, -82.42, 0.68679, 5, 16, 24.39, -104.02, 0.21482, 21, -4.96999, -104.39, 0.05571, 22, 16.78, -112.79, 0.00548, 23, 32.16999, -108.21, 0.09991, 24, -79.99, -75.3, 0.62405, 5, 16, 21.45, -95, 0.25566, 21, -8.95, -95.77, 0.07114, 22, 8.75, -107.74, 0.00832, 23, 22.76, -106.95, 0.10193, 24, -86.97, -68.87999, 0.56291, 5, 16, 18.31, -85.33, 0.31654, 21, -13.22, -86.54, 0.09118, 22, 0.14, -102.32, 0.01192, 23, 12.68, -105.61, 0.09782, 24, -94.46, -61.99, 0.48251, 5, 16, 14.12, -72.43, 0.42603, 21, -18.9, -74.23, 0.11264, 22, -11.33, -95.11, 0.01267, 23, -0.75, -103.81, 0.08062, 24, -104.43, -52.8, 0.36802, 5, 16, 11.71, -65.01, 0.49843, 21, -22.17, -67.15, 0.11964, 22, -17.93, -90.96, 0.01204, 23, -8.47999, -102.78, 0.06824, 24, -110.17, -47.52, 0.30163, 5, 16, 8.04, -53.73, 0.62392, 21, -27.15, -56.38, 0.11564, 22, -27.98, -84.64, 0.00762, 23, -20.24, -101.21, 0.04582, 24, -118.9, -39.48, 0.20699, 5, 16, 4.06, -41.48, 0.76657, 21, -32.55, -44.68, 0.08577, 22, -38.88, -77.78, 0.0023, 23, -33.00999, -99.5, 0.02435, 24, -128.37, -30.76, 0.12097, 5, 16, 1.23, -32.77, 0.86162, 21, -36.39, -36.37, 0.04989, 22, -46.63, -72.91, 3.9E-4, 23, -42.08, -98.29, 0.01344, 24, -135.11, -24.56, 0.07463, 4, 16, -1.49, -24.39, 0.93387, 21, -40.09, -28.37, 0.01952, 23, -50.82, -97.12, 0.00618, 24, -141.59, -18.59, 0.04041, 4, 16, -4.73999, -14.4, 0.98443, 21, -44.5, -18.83, 4.4E-4, 23, -61.24, -95.73, 0.00153, 24, -149.32, -11.47, 0.01358, 3, 16, -7.73, -5.17999, 0.99819, 23, -70.85, -94.44, 8.0E-5, 24, -156.45, -4.9, 0.00172, 2, 16, -11.15, 5.34, 0.99992, 24, -164.59, 2.58, 7.0E-5, 4, 16, 1.39, -12.4, 0.97167, 21, -38.63, -16.12999, 0.00629, 23, -60.38, -89.33, 0.00253, 24, -144.95, -6.72, 0.01949, 4, 16, 13.07, -14.31, 0.98683, 21, -26.82, -16.64, 0.00264, 23, -53.61, -79.62999, 0.0011, 24, -133.84, -2.66, 0.00941, 5, 16, 25.52, -12.05, 0.8112, 21, -14.72, -12.92, 0.15443, 22, -41.25999, -41.43, 0.00162, 23, -50.27, -67.42, 0.0055, 24, -124.09, 5.41, 0.02723, 4, 16, 34.21, -10.29, 0.63818, 21, -6.29, -10.14999, 0.35162, 23, -48.09, -58.82, 0.00165, 24, -117.38, 11.2, 0.00853, 4, 16, 44.62, -9.39999, 0.31197, 21, 3.92, -8.04, 0.67512, 23, -44.39, -49.05, 0.00271, 24, -108.74, 17.08, 0.01018, 4, 16, 54.36, -10.87, 0.31197, 21, 13.77, -8.34, 0.67512, 23, -38.86, -40.9, 0.00271, 24, -99.53, 20.58, 0.01018, 5, 16, 66.79, -11.82, 0.07898, 21, 26.23, -7.81, 0.79234, 22, -9.71, -14.82, 0.10106, 23, -32.63, -30.1, 0.00941, 24, -88.23, 25.84, 0.01818, 4, 16, 77.06, -14.9, 0.00747, 21, 36.79, -9.66, 0.24119, 22, 0.14, -10.61, 0.74084, 24, -77.76999, 28.19, 0.01049, 4, 16, 86.37, -17.21999, 0.00747, 21, 46.31, -10.86, 0.24119, 22, 8.77, -6.42, 0.74084, 24, -68.51999, 30.73, 0.01049, 1, 22, 17.74, -0.45, 1, 2, 22, 29.37, -2.96, 0.5, 23, -2, -3.08, 0.5, 5, 16, 110.85, -40.99, 0.00596, 21, 73.42, -31.57, 0.00611, 22, 42.8, -8.99, 0.1914, 23, 12.71, -2.99, 0.77216, 24, -35.53, 22.02, 0.02435, 1, 23, 23.69, -2.75, 1, 3, 16, 118.85, -61.2, 9.3E-4, 21, 83.75, -50.7, 1.4E-4, 23, 34.4, -4.52, 0.99891, 4, 16, 123.14, -74.42, 0.00529, 21, 89.58, -63.31, 0.00115, 23, 48.17, -6.36, 0.5097, 24, -8.43, -1.09, 0.48384, 1, 24, 0.5, -8.39999, 1, 3, 16, 133.28, -95.72, 0.00486, 21, 102.16, -83.26999, 4.0E-5, 24, 10.84, -14.69, 0.99508, 2, 16, 139.33, -103.38, 0.00295, 24, 19.87, -18.39, 0.99704, 3, 22, 132.16, 4.48999, 0.00342, 23, 88.4, 46.39, 0.15615, 24, 54.79, 19.02, 0.84042, 3, 22, 121.91, -2.27, 6.1E-4, 23, 81.87999, 35.98, 0.06046, 24, 43.47, 14.24, 0.93891, 3, 22, 109.45, -11.25, 0.00241, 23, 74.28, 22.63, 0.10902, 24, 29.59, 7.67, 0.88856, 3, 22, 93.86, -8.66, 0.00397, 23, 59.02, 18.51, 0.42713, 24, 14.73, 13.05, 0.56888, 3, 22, 79.49, -6.04, 0.0082, 23, 44.86, 14.93, 0.92202, 24, 1.08, 18.25, 0.06977, 2, 22, 67.72, -1.84, 0.03871, 23, 32.41, 13.86, 0.96128, 2, 22, 58.1, 2.59999, 0.03871, 23, 21.81, 13.91, 0.96128, 2, 22, 50.17, 7.18, 0.19583, 23, 12.7, 14.79, 0.80416, 2, 22, 39.18999, 13.29, 0.35965, 23, 0.17, 15.78, 0.64033, 3, 21, 72.25, -0.74, 0.0199, 22, 25, 16.2, 0.63729, 23, -13.93, 12.53, 0.3428, 3, 21, 61.29, 7.63, 0.2302, 22, 11.24, 17.24, 0.68257, 23, -26.88, 7.77, 0.08721, 3, 21, 52.97, 13.49, 0.2302, 22, 1.08, 17.62999, 0.68257, 23, -36.29, 3.89, 0.08721, 3, 21, 42.44, 16.09, 0.56282, 22, -9.16, 14.06, 0.43025, 23, -44.13, -3.6, 0.00691, 4, 16, 74.8, 12.88, 0.00985, 21, 31.26, 17.65, 0.75074, 22, -19.37999, 9.27, 0.23173, 23, -51.44, -12.2, 0.00764, 3, 16, 63.33, 13.07, 0.09314, 21, 19.85, 16.49, 0.85504, 22, -28.31, 2.07, 0.0518, 2, 16, 51.32, 12.73, 0.32519, 21, 7.96, 14.73, 0.6748, 2, 16, 38.36, 13.15, 0.52683, 21, -4.94999, 13.62, 0.47315, 2, 16, 26.88, 12.27, 0.79231, 21, -16.25, 11.39, 0.20768, 1, 16, 1.26, -1.04, 1, 1, 16, 11.24, -1, 1, 1, 16, 20.89, 0, 1, 4, 16, 28.93, 0.46, 0.86975, 21, -12.81, -0.09, 0.12596, 23, -60.08, -58.93, 4.9E-4, 24, -127.25, 17.99, 0.00378, 2, 16, 39.66999, 2.53, 0.5, 21, -2.39, 3.22, 0.5, 2, 16, 49.31, 1.38, 0.32519, 21, 7.31, 3.23, 0.6748, 1, 21, 15.97, 3.87, 1, 2, 21, 25.35, 2.97, 0.84478, 22, -16.33, -6.25, 0.15521, 3, 21, 33.84999, 3.16, 0.71101, 22, -9.31, -1.45, 0.2858, 24, -85.41, 38.91, 0.00317, 2, 21, 48.29, -0.61, 0.21558, 22, 4.85, 3.24, 0.78441, 1, 22, 14.09, 5.84, 1, 3, 21, 65.53, -7.21, 0.01382, 22, 22.9, 7.11, 0.80969, 23, -12.07, 3.39, 0.17647, 2, 22, 34.03, 5.72, 0.48218, 23, -1.37, 6.75, 0.51781, 2, 22, 45.52, 1.7, 0.19583, 23, 10.74, 7.86, 0.80416, 1, 23, 21.21, 6.81, 1, 2, 22, 67.81, -8.7, 0.00467, 23, 35.34, 7.66, 0.99532, 1, 23, 48.49, 6.24, 1, 1, 24, 11.89, 0.46, 1, 1, 24, 21.17, -3.46, 1, 1, 24, 32.59, -1.07, 1, 1, 24, 40.65, 1.16999, 1, 3, 22, 127.78, -7.57, 6.1E-4, 23, 89.43, 33.59999, 0.06046, 24, 48.29, 7.96, 0.93891, 3, 22, 137.27, 6.88, 0.00171, 23, 92.05, 50.69, 0.15064, 24, 60.25, 20.45, 0.84762, 5, 16, 9.22999, -25.54, 0.90412, 21, -29.3, -28.24, 0.04786, 22, -45.12, -62.23, 2.4E-4, 23, -45.15, -87.94, 0.00694, 24, -131.68, -14.33, 0.04081, 5, 16, 27.57, -23.85, 0.74013, 21, -11.28, -24.4, 0.16731, 22, -32.11, -49.18, 0.00628, 23, -38.73, -70.67, 0.01624, 24, -116.51, -3.87, 0.07002, 5, 16, 47.47, -29.15, 0.25856, 21, 9.09, -27.31, 0.53245, 22, -13.44, -40.5, 0.10278, 23, -25.36, -55.02, 0.03658, 24, -96.57, 1.27, 0.06958, 5, 16, 67.61, -31.87, 0.06341, 21, 29.41, -27.63, 0.51209, 22, 3.75, -29.7, 0.33798, 23, -14.19, -38.04, 0.04477, 24, -77.69, 8.76, 0.04173, 5, 16, 78.74, -34.31, 0.04472, 21, 40.75, -28.74, 0.20149, 22, 13.86, -24.44, 0.46571, 23, -7.18, -29.06, 0.21787, 24, -66.79, 12.09, 0.07018, 5, 16, 91.55, -41.91, 0.02849, 21, 54.37, -34.77, 0.05662, 22, 28.57, -22.07, 0.33637, 23, 5.19999, -20.79999, 0.49228, 24, -51.9, 11.74, 0.08621, 5, 16, 104.07, -58.52, 0.03104, 21, 68.76999, -49.78, 0.02905, 22, 48.82, -26.8, 0.10073, 23, 25.59, -16.68, 0.65069, 24, -32.84999, 3.41, 0.18847, 5, 16, 107.04, -77.51, 0.02615, 21, 73.96, -68.29, 0.00807, 22, 63.27, -39.48, 0.00514, 23, 44, -22.22, 0.34972, 24, -20.95, -11.68, 0.61088, 4, 16, 116.55, -95.81, 0.01146, 21, 85.57, -85.33, 0.00176, 23, 64.61, -21.56, 0.22439, 24, -3.69, -22.96, 0.76237, 2, 16, 129.65, -107.59, 0.00625, 24, 13.5, -26.81, 0.99374, 4, 16, 79.92, 23.45, 3.0E-4, 21, 35.09, 28.76, 0.56769, 22, -22.23, 20.67, 0.39595, 23, -58.76, -3.01, 0.03602, 3, 21, 54.72, 30.73, 0.2854, 22, -6.85, 33.03, 0.60091, 23, -49.91, 14.61, 0.11368, 3, 21, 69.92, 26.93, 0.13717, 22, 7.96, 38.13, 0.64608, 23, -38.55, 25.4, 0.21673, 3, 21, 83.99, 15.87, 0.04594, 22, 25.78, 36.53, 0.60935, 23, -21.68, 31.35, 0.3447, 4, 21, 94.15, 1.15, 0.00433, 22, 42.32, 29.73, 0.40074, 23, -3.8, 32.04, 0.59436, 24, -28.95, 60.19, 5.5E-4, 3, 22, 58.95, 23.69, 0.23126, 23, 13.82, 33.45, 0.76364, 24, -13.71, 51.23, 0.00509, 3, 22, 71.93, 16.32, 0.13401, 23, 28.7, 32.14, 0.81295, 24, -2.27, 41.62, 0.05302, 3, 22, 94.41, 9.39999, 0.05684, 23, 52.02, 35.18, 0.68542, 24, 18.56, 30.73, 0.25772, 3, 22, 106.69, 7.29, 0.02491, 23, 64.07, 38.36, 0.48793, 24, 30.25, 26.41, 0.48715, 3, 22, 118.32, 15.59, 0.02537, 23, 71.19999, 50.74, 0.40607, 24, 43.2, 32.46, 0.56853 ],
				"hull": 62,
				"edges": [ 120, 122, 66, 68, 64, 66, 62, 64, 58, 60, 60, 62, 56, 58, 4, 2, 2, 0, 0, 122, 92, 94, 94, 96, 96, 98, 98, 100, 100, 102, 102, 104, 104, 106, 106, 108, 108, 110, 110, 112, 112, 114, 114, 116, 116, 118, 118, 120, 4, 6, 6, 8, 8, 10, 10, 12, 12, 14, 14, 16, 16, 18, 18, 20, 20, 22, 22, 24, 24, 26, 26, 28, 28, 30, 30, 32, 32, 34, 34, 36, 36, 38, 38, 40, 40, 42, 42, 44, 44, 46, 46, 48, 48, 50, 50, 52, 52, 54, 54, 56, 68, 70, 70, 72, 72, 74, 74, 76, 76, 78, 78, 80, 80, 82, 82, 84, 84, 86, 86, 88, 88, 90, 90, 92 ],
				"width": 159,
				"height": 174
			}
		},
		"hair2": {
			"hair2": { "x": 86.15, "y": -12.96, "rotation": 110.41, "width": 300, "height": 300 }
		},
		"head": {
			"head": { "x": -0.98, "y": 0.85, "rotation": -89.09, "width": 300, "height": 300 }
		},
		"head_light": {
			"head_light": { "x": -0.98, "y": 0.85, "rotation": -89.09, "width": 300, "height": 300 }
		}
	},
	"damage": {
		"JZ_L": {
			"change": { "name": "JZ_L_damage", "x": -30.23, "y": -19.74, "rotation": 135.6, "width": 300, "height": 300 }
		},
		"JZ_R": {
			"change": { "name": "JZ_R_damage", "x": -48.27, "y": 11.83, "rotation": 48.9, "width": 300, "height": 300 }
		},
		"JZ_R_light": {
			"change": { "name": "JZ_R_damage_light", "x": -48.27, "y": 11.83, "rotation": 48.9, "width": 300, "height": 300 }
		},
		"Light_Body": {
			"change": { "name": "Rodney_ship_body_damage_light", "x": 131.3, "y": 10.78, "rotation": -90, "width": 300, "height": 300 }
		},
		"Rodney_body_normal": {
			"change": { "name": "Rodney_body_damage", "x": 131.3, "y": 10.78, "rotation": -90, "width": 300, "height": 300 }
		},
		"hand": {
			"change": { "name": "hand_damage", "x": -2.74, "y": -7.78, "rotation": -142.62, "width": 300, "height": 300 }
		},
		"hand2": {
			"change": { "name": "hand2_damage", "x": -7.58, "y": -21.37, "rotation": -90.56, "width": 300, "height": 300 }
		}
	},
	"normal": {
		"JZ_L": {
			"change": { "name": "JZ_L", "x": -34.41, "y": -18.08, "rotation": 135.6, "width": 300, "height": 300 }
		},
		"JZ_R": {
			"change": { "name": "JZ_R", "x": -48.27, "y": 11.83, "rotation": 48.9, "width": 300, "height": 300 }
		},
		"JZ_R_light": {
			"change": { "name": "JZ_R_light", "x": -48.27, "y": 11.83, "rotation": 48.9, "width": 300, "height": 300 }
		},
		"Light_Body": {
			"change": { "name": "Rodney_ship_body_normal_light", "x": 131.3, "y": 10.78, "rotation": -90, "width": 300, "height": 300 }
		},
		"Rodney_body_normal": {
			"change": { "name": "Rodney_body_normal", "x": 131.3, "y": 10.78, "rotation": -90, "width": 300, "height": 300 }
		},
		"hand": {
			"change": { "name": "hand", "x": -2.74, "y": -7.78, "rotation": -142.62, "width": 300, "height": 300 }
		},
		"hand2": {
			"change": { "name": "hand2", "x": -7.58, "y": -21.37, "rotation": -90.56, "width": 300, "height": 300 }
		}
	}
},
"events": {
	"Antiaircraft": {},
	"attack_point": {},
	"damage_point": {},
	"throw_point": {}
},
"animations": {
	"Antiaircraft": {
		"slots": {
			"JZ_R_light": {
				"attachment": [
					{ "time": 0, "name": null },
					{ "time": 0.0666, "name": "change" },
					{ "time": 0.5, "name": null },
					{ "time": 0.6, "name": "change" },
					{ "time": 1.2666, "name": null },
					{ "time": 1.3666, "name": "change" },
					{ "time": 2, "name": null }
				],
				"color": [
					{ "time": 0.0666, "color": "fffffffd" },
					{ "time": 0.1666, "color": "ffffff00" },
					{ "time": 0.2, "color": "ffffffff" },
					{ "time": 0.3333, "color": "ffffff00" },
					{ "time": 0.3666, "color": "ffffffff" },
					{ "time": 0.4666, "color": "ffffff00" },
					{ "time": 0.6, "color": "ffffffff" },
					{ "time": 0.7333, "color": "ffffff00" },
					{ "time": 0.8, "color": "ffffffff" },
					{ "time": 0.9, "color": "ffffff00" },
					{ "time": 0.9666, "color": "ffffffff" },
					{ "time": 1.1, "color": "ffffff00" },
					{ "time": 1.1333, "color": "ffffffff" },
					{ "time": 1.2333, "color": "ffffff00" },
					{ "time": 1.3666, "color": "ffffffff" },
					{ "time": 1.4666, "color": "ffffff00" },
					{ "time": 1.5333, "color": "ffffffff" },
					{ "time": 1.6333, "color": "ffffff00" },
					{ "time": 1.7, "color": "ffffffff" },
					{ "time": 1.8333, "color": "ffffff00" },
					{ "time": 1.8666, "color": "ffffffff" },
					{ "time": 1.9666, "color": "ffffff00" }
				]
			},
			"Light_Body": {
				"attachment": [
					{ "time": 0, "name": null },
					{ "time": 0.0666, "name": "change" },
					{ "time": 0.5, "name": "change" },
					{ "time": 1.2666, "name": null },
					{ "time": 1.3666, "name": "change" },
					{ "time": 2, "name": null }
				],
				"color": [
					{ "time": 0.0666, "color": "fffffffd" },
					{ "time": 0.1666, "color": "ffffff00" },
					{ "time": 0.2, "color": "ffffffff" },
					{ "time": 0.3333, "color": "ffffff00" },
					{ "time": 0.3666, "color": "ffffffff" },
					{ "time": 0.4666, "color": "ffffff00" },
					{ "time": 0.6, "color": "ffffffff" },
					{ "time": 0.7333, "color": "ffffff00" },
					{ "time": 0.8, "color": "ffffffff" },
					{ "time": 0.9, "color": "ffffff00" },
					{ "time": 0.9666, "color": "ffffffff" },
					{ "time": 1.1, "color": "ffffff00" },
					{ "time": 1.1333, "color": "ffffffff" },
					{ "time": 1.2333, "color": "ffffff00" },
					{ "time": 1.3666, "color": "ffffffff" },
					{ "time": 1.4666, "color": "ffffff00" },
					{ "time": 1.5333, "color": "ffffffff" },
					{ "time": 1.6333, "color": "ffffff00" },
					{ "time": 1.7, "color": "ffffffff" },
					{ "time": 1.8333, "color": "ffffff00" },
					{ "time": 1.8666, "color": "ffffffff" },
					{ "time": 1.9666, "color": "ffffff00" }
				]
			},
			"Rodney_eyes_normal": {
				"attachment": [
					{ "time": 0, "name": "Rodney_eyes_normal" }
				]
			},
			"head_light": {
				"attachment": [
					{ "time": 0, "name": null },
					{ "time": 0.0666, "name": "head_light" }
				],
				"color": [
					{ "time": 0.0666, "color": "fffffffd" },
					{ "time": 0.1666, "color": "ffffff00" },
					{ "time": 0.2, "color": "ffffffff" },
					{ "time": 0.3333, "color": "ffffff00" },
					{ "time": 0.3666, "color": "ffffffff" },
					{ "time": 0.4666, "color": "ffffff00" },
					{ "time": 0.6, "color": "ffffffff" },
					{ "time": 0.7333, "color": "ffffff00" },
					{ "time": 0.8, "color": "ffffffff" },
					{ "time": 0.9, "color": "ffffff00" },
					{ "time": 0.9666, "color": "ffffffff" },
					{ "time": 1.1, "color": "ffffff00" },
					{ "time": 1.1333, "color": "ffffffff" },
					{ "time": 1.2333, "color": "ffffff00" },
					{ "time": 1.3666, "color": "ffffffff" },
					{ "time": 1.4666, "color": "ffffff00" },
					{ "time": 1.5333, "color": "ffffffff" },
					{ "time": 1.6333, "color": "ffffff00" },
					{ "time": 1.7, "color": "ffffffff" },
					{ "time": 1.8333, "color": "ffffff00" },
					{ "time": 1.8666, "color": "ffffffff" },
					{ "time": 1.9666, "color": "ffffff00" }
				]
			}
		},
		"bones": {
			"Body": {
				"rotate": [
					{ "time": 0, "angle": 0, "curve": "stepped" },
					{ "time": 2, "angle": 0 }
				],
				"translate": [
					{ "time": 0, "x": 0, "y": 0, "curve": "stepped" },
					{ "time": 2, "x": 0, "y": 0 }
				]
			},
			"Root_All": {
				"rotate": [
					{ "time": 0, "angle": 0, "curve": "stepped" },
					{ "time": 2, "angle": 0 }
				],
				"translate": [
					{
						"time": 0,
						"x": 0,
						"y": 0,
						"curve": [ 0.255, 0.35, 0.6, 0.7 ]
					},
					{
						"time": 0.5,
						"x": 0,
						"y": -9.82,
						"curve": [ 0.3, 0.39, 0.641, 0.74 ]
					},
					{
						"time": 1,
						"x": 0,
						"y": -15.66,
						"curve": [ 0.322, 0.37, 0.652, 0.7 ]
					},
					{
						"time": 1.5,
						"x": 0,
						"y": -7.79,
						"curve": [ 0.314, 0.36, 0.644, 0.68 ]
					},
					{ "time": 2, "x": 0, "y": 0 }
				]
			},
			"Ship_All": {
				"rotate": [
					{ "time": 0, "angle": 0, "curve": "stepped" },
					{ "time": 2, "angle": 0 }
				],
				"translate": [
					{ "time": 0, "x": 0, "y": 0, "curve": "stepped" },
					{ "time": 2, "x": 0, "y": 0 }
				]
			},
			"Face": {
				"rotate": [
					{ "time": 0, "angle": 0, "curve": "stepped" },
					{ "time": 2, "angle": 0 }
				],
				"translate": [
					{
						"time": 0,
						"x": 0,
						"y": 0,
						"curve": [ 0.286, 0.34, 0.623, 0.67 ]
					},
					{
						"time": 0.5,
						"x": 0.64,
						"y": 0,
						"curve": [ 0.282, 0.37, 0.624, 0.71 ]
					},
					{
						"time": 1.5,
						"x": -1.28,
						"y": 0,
						"curve": [ 0.321, 0.37, 0.656, 0.71 ]
					},
					{ "time": 2, "x": 0, "y": 0 }
				]
			},
			"Head": {
				"rotate": [
					{ "time": 0, "angle": 0 },
					{ "time": 0.5, "angle": -3.17 },
					{ "time": 1, "angle": 0 },
					{ "time": 1.5, "angle": 0.89 },
					{ "time": 2, "angle": 0 }
				],
				"translate": [
					{ "time": 0, "x": 0, "y": 0, "curve": "stepped" },
					{ "time": 1, "x": 0, "y": 0, "curve": "stepped" },
					{ "time": 2, "x": 0, "y": 0 }
				]
			},
			"JZ_R": {
				"rotate": [
					{ "time": 0, "angle": 0 },
					{ "time": 1, "angle": 10.64 },
					{ "time": 2, "angle": 0 }
				],
				"translate": [
					{ "time": 0, "x": 0, "y": 0 },
					{ "time": 1, "x": 1.57, "y": 0.02 },
					{ "time": 2, "x": 0, "y": 0 }
				]
			},
			"Behand": {
				"rotate": [
					{ "time": 0, "angle": 0 },
					{ "time": 1, "angle": 2.49 },
					{ "time": 2, "angle": 0 }
				],
				"translate": [
					{ "time": 0, "x": 0, "y": 0 },
					{ "time": 1, "x": 0, "y": 1.65 },
					{ "time": 2, "x": 0, "y": 0 }
				]
			},
			"JZ_L": {
				"rotate": [
					{ "time": 0, "angle": 0 },
					{ "time": 1, "angle": -10.32 },
					{ "time": 2, "angle": 0 }
				],
				"translate": [
					{ "time": 0, "x": 0, "y": 0, "curve": "stepped" },
					{ "time": 2, "x": 0, "y": 0 }
				]
			},
			"hand2": {
				"rotate": [
					{ "time": 0, "angle": 0 },
					{ "time": 1, "angle": 29.32 },
					{ "time": 2, "angle": 0 }
				],
				"translate": [
					{ "time": 0, "x": 0, "y": 0, "curve": "stepped" },
					{ "time": 2, "x": 0, "y": 0 }
				]
			},
			"hand": {
				"rotate": [
					{ "time": 0, "angle": 0 },
					{ "time": 1, "angle": -9.79 },
					{ "time": 2, "angle": 0 }
				],
				"translate": [
					{ "time": 0, "x": 0, "y": 0, "curve": "stepped" },
					{ "time": 2, "x": 0, "y": 0 }
				]
			},
			"Throw_Point": {
				"rotate": [
					{ "time": 0, "angle": 0, "curve": "stepped" },
					{ "time": 2, "angle": 0 }
				],
				"translate": [
					{ "time": 0, "x": 0, "y": 0, "curve": "stepped" },
					{ "time": 2, "x": 0, "y": 0 }
				]
			},
			"Smoke_R1": {
				"rotate": [
					{ "time": 0, "angle": 0, "curve": "stepped" },
					{ "time": 2, "angle": 0 }
				],
				"translate": [
					{ "time": 0, "x": 0, "y": 0, "curve": "stepped" },
					{ "time": 2, "x": 0, "y": 0 }
				]
			},
			"Smoke_L1": {
				"rotate": [
					{ "time": 0, "angle": 0, "curve": "stepped" },
					{ "time": 2, "angle": 0 }
				],
				"translate": [
					{ "time": 0, "x": 0, "y": 0, "curve": "stepped" },
					{ "time": 2, "x": 0, "y": 0 }
				]
			},
			"hair2": {
				"rotate": [
					{ "time": 0, "angle": 0 },
					{ "time": 1, "angle": 1.56 },
					{ "time": 2, "angle": 0 }
				],
				"translate": [
					{ "time": 0, "x": 0, "y": 0, "curve": "stepped" },
					{ "time": 2, "x": 0, "y": 0 }
				]
			},
			"bone5": {
				"rotate": [
					{ "time": 0, "angle": 0 },
					{ "time": 1, "angle": 11.82 },
					{ "time": 2, "angle": 0 }
				],
				"translate": [
					{ "time": 0, "x": 0, "y": 0, "curve": "stepped" },
					{ "time": 2, "x": 0, "y": 0 }
				]
			},
			"bone4": {
				"rotate": [
					{ "time": 0, "angle": 0 },
					{ "time": 1, "angle": 11.82 },
					{ "time": 2, "angle": 0 }
				],
				"translate": [
					{ "time": 0, "x": 0, "y": 0, "curve": "stepped" },
					{ "time": 2, "x": 0, "y": 0 }
				]
			},
			"bone3": {
				"rotate": [
					{ "time": 0, "angle": 0 },
					{ "time": 1, "angle": -3.74 },
					{ "time": 2, "angle": 0 }
				],
				"translate": [
					{ "time": 0, "x": 0, "y": 0, "curve": "stepped" },
					{ "time": 2, "x": 0, "y": 0 }
				]
			},
			"bone2": {
				"rotate": [
					{ "time": 0, "angle": 0 },
					{ "time": 1, "angle": -3.74 },
					{ "time": 2, "angle": 0 }
				],
				"translate": [
					{ "time": 0, "x": 0, "y": 0, "curve": "stepped" },
					{ "time": 2, "x": 0, "y": 0 }
				]
			},
			"hair1": {
				"rotate": [
					{ "time": 0, "angle": 0 },
					{ "time": 1, "angle": -3.74 },
					{ "time": 2, "angle": 0 }
				],
				"translate": [
					{ "time": 0, "x": 0, "y": 0, "curve": "stepped" },
					{ "time": 2, "x": 0, "y": 0 }
				]
			},
			"Expression": {
				"rotate": [
					{ "time": 0, "angle": 0, "curve": "stepped" },
					{ "time": 2, "angle": 0 }
				],
				"translate": [
					{ "time": 0, "x": 0, "y": 0, "curve": "stepped" },
					{ "time": 2, "x": 0, "y": 0 }
				]
			},
			"Dialogue": {
				"rotate": [
					{ "time": 0, "angle": 0, "curve": "stepped" },
					{ "time": 2, "angle": 0 }
				],
				"translate": [
					{ "time": 0, "x": 0, "y": 0, "curve": "stepped" },
					{ "time": 2, "x": 0, "y": 0 }
				]
			},
			"Damage_Point": {
				"rotate": [
					{ "time": 0, "angle": 0, "curve": "stepped" },
					{ "time": 2, "angle": 0 }
				],
				"translate": [
					{ "time": 0, "x": 0, "y": 0, "curve": "stepped" },
					{ "time": 2, "x": 0, "y": 0 }
				]
			},
			"YD": {
				"rotate": [
					{ "time": 0, "angle": 0, "curve": "stepped" },
					{ "time": 2, "angle": 0 }
				],
				"translate": [
					{ "time": 0, "x": 0, "y": 0, "curve": "stepped" },
					{ "time": 2, "x": 0, "y": 0 }
				]
			},
			"Attack_Point": {
				"rotate": [
					{ "time": 0, "angle": 0, "curve": "stepped" },
					{ "time": 2, "angle": 0 }
				],
				"translate": [
					{ "time": 0, "x": 0, "y": 0, "curve": "stepped" },
					{ "time": 2, "x": 0, "y": 0 }
				]
			},
			"Antiaircraft": {
				"rotate": [
					{ "time": 0, "angle": 0, "curve": "stepped" },
					{ "time": 2, "angle": 0 }
				],
				"translate": [
					{ "time": 0, "x": 0, "y": 0, "curve": "stepped" },
					{ "time": 2, "x": 0, "y": 0 }
				]
			}
		},
		"events": [
			{ "time": 0.0666, "name": "Antiaircraft" }
		]
	},
	"attack": {
		"slots": {
			"JZ_R_light": {
				"attachment": [
					{ "time": 0, "name": null },
					{ "time": 0.0666, "name": "change" },
					{ "time": 0.1, "name": "change" }
				],
				"color": [
					{ "time": 0.5333, "color": "fffffffb" },
					{ "time": 0.8333, "color": "ffffff00" }
				]
			},
			"Light_Body": {
				"attachment": [
					{ "time": 0, "name": null },
					{ "time": 0.0666, "name": "change" }
				],
				"color": [
					{ "time": 0.5333, "color": "fffffffb" },
					{ "time": 0.8333, "color": "ffffff00" }
				]
			},
			"head_light": {
				"attachment": [
					{ "time": 0, "name": null },
					{ "time": 0.0666, "name": "head_light" }
				],
				"color": [
					{ "time": 0.5333, "color": "fffffffb" },
					{ "time": 0.8333, "color": "ffffff00" }
				]
			}
		},
		"bones": {
			"Root_All": {
				"rotate": [
					{ "time": 0, "angle": 0, "curve": "stepped" },
					{ "time": 1.6666, "angle": 0 }
				],
				"translate": [
					{
						"time": 0,
						"x": 0,
						"y": 0,
						"curve": [ 0.255, 0.35, 0.6, 0.7 ]
					},
					{ "time": 0.0666, "x": 8.69, "y": 0 },
					{ "time": 0.1666, "x": -87.44, "y": 0 },
					{ "time": 0.3333, "x": -61.04, "y": 0 },
					{ "time": 0.5333, "x": -69.84, "y": 0 },
					{ "time": 1, "x": -85.6, "y": 0 },
					{ "time": 1.4, "x": 15.07, "y": 0 },
					{ "time": 1.6666, "x": 0, "y": 0 }
				]
			},
			"Face": {
				"rotate": [
					{ "time": 0, "angle": 0, "curve": "stepped" },
					{ "time": 1.6666, "angle": 0 }
				],
				"translate": [
					{
						"time": 0,
						"x": 0,
						"y": 0,
						"curve": [ 0.286, 0.34, 0.623, 0.67 ]
					},
					{ "time": 0.1666, "x": 0, "y": 3.4 },
					{ "time": 0.3333, "x": 0, "y": -0.66 },
					{ "time": 0.9, "x": 0, "y": -1.2 },
					{ "time": 1, "x": 0, "y": -0.44 },
					{ "time": 1.6666, "x": 0, "y": 0 }
				]
			},
			"Ship_All": {
				"rotate": [
					{ "time": 0, "angle": 0, "curve": "stepped" },
					{ "time": 1.6666, "angle": 0 }
				],
				"translate": [
					{ "time": 0, "x": 0, "y": 0, "curve": "stepped" },
					{ "time": 1.6666, "x": 0, "y": 0 }
				]
			},
			"Body": {
				"rotate": [
					{
						"time": 0,
						"angle": 0,
						"curve": [ 0.312, 0.33, 0.646, 0.67 ]
					},
					{
						"time": 0.1666,
						"angle": 3.1,
						"curve": [ 0.288, 0.34, 0.625, 0.68 ]
					},
					{
						"time": 0.6666,
						"angle": -3.74,
						"curve": [ 0.288, 0.4, 0.634, 0.75 ]
					},
					{ "time": 1.6666, "angle": 0 }
				],
				"translate": [
					{
						"time": 0,
						"x": 0,
						"y": 0,
						"curve": [ 0.312, 0.33, 0.646, 0.67 ]
					},
					{
						"time": 0.1666,
						"x": -24.76,
						"y": 17.26,
						"curve": [ 0.288, 0.34, 0.625, 0.68 ]
					},
					{
						"time": 0.6666,
						"x": 3,
						"y": 4.9,
						"curve": [ 0.288, 0.4, 0.634, 0.75 ]
					},
					{ "time": 1.6666, "x": 0, "y": 0 }
				]
			},
			"Attack_Point": {
				"rotate": [
					{ "time": 0.0666, "angle": 0 }
				],
				"translate": [
					{ "time": 0.0666, "x": 0, "y": 0 }
				]
			},
			"Head": {
				"rotate": [
					{ "time": 0, "angle": 0 },
					{ "time": 0.1666, "angle": -5.14 },
					{ "time": 0.5, "angle": -1.89 },
					{ "time": 0.8333, "angle": -0.08 },
					{ "time": 1.3333, "angle": 1.69 },
					{ "time": 1.6666, "angle": 0 }
				],
				"translate": [
					{ "time": 0, "x": 0, "y": 0, "curve": "stepped" },
					{ "time": 1.6666, "x": 0, "y": 0 }
				]
			},
			"JZ_R": {
				"rotate": [
					{ "time": 0, "angle": 0, "curve": "stepped" },
					{ "time": 1.6666, "angle": 0 }
				],
				"translate": [
					{ "time": 0, "x": 0, "y": 0 },
					{ "time": 1, "x": 0.44, "y": 0 },
					{ "time": 1.6666, "x": 0, "y": 0 }
				]
			},
			"Behand": {
				"rotate": [
					{ "time": 0, "angle": 0 },
					{ "time": 0.3333, "angle": 8.44 },
					{ "time": 0.6666, "angle": 4.51 },
					{ "time": 1.6666, "angle": 0 }
				],
				"translate": [
					{ "time": 0, "x": 0, "y": 0 },
					{ "time": 0.1666, "x": 0, "y": 0.52 },
					{ "time": 0.3333, "x": 0, "y": 6.28 },
					{ "time": 0.6666, "x": 0, "y": -2.09 },
					{ "time": 1.6666, "x": 0, "y": 0 }
				]
			},
			"JZ_L": {
				"rotate": [
					{ "time": 0, "angle": 0 },
					{ "time": 0.1666, "angle": 57.53 },
					{ "time": 1.6666, "angle": 0 }
				],
				"translate": [
					{ "time": 0, "x": 0, "y": 0 },
					{ "time": 0.8333, "x": 6.74, "y": 0 },
					{ "time": 1.6666, "x": 0, "y": 0 }
				]
			},
			"hair2": {
				"rotate": [
					{ "time": 0, "angle": 0 },
					{ "time": 0.6666, "angle": 14.79 },
					{ "time": 1.3333, "angle": -13.76 },
					{ "time": 1.6666, "angle": 0 }
				],
				"translate": [
					{ "time": 0, "x": 0, "y": 0, "curve": "stepped" },
					{ "time": 1.6666, "x": 0, "y": 0 }
				]
			},
			"hair1": {
				"rotate": [
					{ "time": 0, "angle": 0 },
					{ "time": 0.6666, "angle": 4.06 },
					{ "time": 1.1666, "angle": -6.26 },
					{ "time": 1.6666, "angle": 0 }
				],
				"translate": [
					{ "time": 0, "x": 0, "y": 0, "curve": "stepped" },
					{ "time": 1.6666, "x": 0, "y": 0 }
				]
			},
			"bone5": {
				"rotate": [
					{ "time": 0, "angle": 0 },
					{ "time": 0.6666, "angle": -8.45 },
					{ "time": 1.1666, "angle": -6.26 },
					{ "time": 1.6666, "angle": 0 }
				],
				"translate": [
					{ "time": 0, "x": 0, "y": 0, "curve": "stepped" },
					{ "time": 1.6666, "x": 0, "y": 0 }
				]
			},
			"bone4": {
				"rotate": [
					{ "time": 0, "angle": 0 },
					{ "time": 0.6666, "angle": -8.45 },
					{ "time": 1.1666, "angle": -6.26 },
					{ "time": 1.6666, "angle": 0 }
				],
				"translate": [
					{ "time": 0, "x": 0, "y": 0, "curve": "stepped" },
					{ "time": 1.6666, "x": 0, "y": 0 }
				]
			},
			"bone3": {
				"rotate": [
					{ "time": 0, "angle": 0 },
					{ "time": 0.6666, "angle": -8.45 },
					{ "time": 1.1666, "angle": -6.26 },
					{ "time": 1.6666, "angle": 0 }
				],
				"translate": [
					{ "time": 0, "x": 0, "y": 0, "curve": "stepped" },
					{ "time": 1.6666, "x": 0, "y": 0 }
				]
			},
			"bone2": {
				"rotate": [
					{ "time": 0, "angle": 0 },
					{ "time": 0.6666, "angle": 4.06 },
					{ "time": 1.1666, "angle": -6.26 },
					{ "time": 1.6666, "angle": 0 }
				],
				"translate": [
					{ "time": 0, "x": 0, "y": 0, "curve": "stepped" },
					{ "time": 1.6666, "x": 0, "y": 0 }
				]
			},
			"hand": {
				"rotate": [
					{ "time": 0, "angle": 0 },
					{ "time": 0.5, "angle": 22.48 },
					{ "time": 1.6666, "angle": 0 }
				],
				"translate": [
					{ "time": 0, "x": 0, "y": 0, "curve": "stepped" },
					{ "time": 1.6666, "x": 0, "y": 0 }
				]
			},
			"hand2": {
				"rotate": [
					{ "time": 0, "angle": 0 },
					{ "time": 0.5, "angle": -13.85 },
					{ "time": 1.6666, "angle": 0 }
				],
				"translate": [
					{ "time": 0, "x": 0, "y": 0, "curve": "stepped" },
					{ "time": 1.6666, "x": 0, "y": 0 }
				]
			},
			"YD": {
				"rotate": [
					{ "time": 0, "angle": 0, "curve": "stepped" },
					{ "time": 1.6666, "angle": 0 }
				],
				"translate": [
					{ "time": 0, "x": 0, "y": 0 },
					{ "time": 0.3333, "x": 1.38, "y": 9.78 },
					{ "time": 1.6666, "x": 0, "y": 0 }
				]
			}
		},
		"events": [
			{ "time": 0.0666, "name": "attack_point" }
		]
	},
	"damage": {
		"slots": {
			"JZ_L": {
				"color": [
					{ "time": 0.0666, "color": "8c4c51ff", "curve": "stepped" },
					{ "time": 0.7666, "color": "8c4c51ff" },
					{ "time": 1.1333, "color": "ffffffff" }
				]
			},
			"JZ_R": {
				"color": [
					{ "time": 0.0666, "color": "8c4c51ff", "curve": "stepped" },
					{ "time": 0.7666, "color": "8c4c51ff" },
					{ "time": 1.1333, "color": "ffffffff" }
				]
			},
			"JZ_R_light": {
				"attachment": [
					{ "time": 0, "name": null },
					{ "time": 0.0666, "name": "change" },
					{ "time": 0.3333, "name": "change" },
					{ "time": 0.5, "name": "change" },
					{ "time": 0.7666, "name": null }
				],
				"color": [
					{ "time": 0.5333, "color": "fffffffc" },
					{ "time": 0.7666, "color": "ffffff00" }
				]
			},
			"Light_Body": {
				"attachment": [
					{ "time": 0, "name": null },
					{ "time": 0.0666, "name": "change" },
					{ "time": 0.7666, "name": null }
				],
				"color": [
					{ "time": 0.5333, "color": "fffffffc" },
					{ "time": 0.7666, "color": "ffffff00" }
				]
			},
			"Rodney_body_normal": {
				"color": [
					{ "time": 0.0666, "color": "8c4c51ff", "curve": "stepped" },
					{ "time": 0.7666, "color": "8c4c51ff" },
					{ "time": 1.1333, "color": "ffffffff" }
				]
			},
			"Rodney_eyes_normal": {
				"attachment": [
					{ "time": 0.0666, "name": "Rodney_eyes_damage" },
					{ "time": 1.1333, "name": "Rodney_eyes_normal" }
				],
				"color": [
					{ "time": 0.0666, "color": "8c4c51ff", "curve": "stepped" },
					{ "time": 0.7666, "color": "8c4c51ff" },
					{ "time": 1.1333, "color": "ffffffff" }
				]
			},
			"YD": {
				"color": [
					{ "time": 0.0666, "color": "8c4c51ff", "curve": "stepped" },
					{ "time": 0.7666, "color": "8c4c51ff" },
					{ "time": 1.1333, "color": "ffffffff" }
				]
			},
			"hair": {
				"color": [
					{ "time": 0.0666, "color": "8c4c51ff", "curve": "stepped" },
					{ "time": 0.7666, "color": "8c4c51ff" },
					{ "time": 1.1333, "color": "ffffffff" }
				]
			},
			"hair2": {
				"color": [
					{ "time": 0.0666, "color": "8c4c51ff", "curve": "stepped" },
					{ "time": 0.7666, "color": "8c4c51ff" },
					{ "time": 1.1333, "color": "ffffffff" }
				]
			},
			"hand": {
				"color": [
					{ "time": 0.0666, "color": "8c4c51ff", "curve": "stepped" },
					{ "time": 0.7666, "color": "8c4c51ff" },
					{ "time": 1.1333, "color": "ffffffff" }
				]
			},
			"hand2": {
				"color": [
					{ "time": 0.0666, "color": "8c4c51ff", "curve": "stepped" },
					{ "time": 0.7666, "color": "8c4c51ff" },
					{ "time": 1.1333, "color": "ffffffff" }
				]
			},
			"head": {
				"color": [
					{ "time": 0.0666, "color": "8c4c51ff", "curve": "stepped" },
					{ "time": 0.7666, "color": "8c4c51ff" },
					{ "time": 1.1333, "color": "ffffffff" }
				]
			},
			"head_light": {
				"attachment": [
					{ "time": 0, "name": null },
					{ "time": 0.0666, "name": "head_light" }
				],
				"color": [
					{ "time": 0.5333, "color": "fffffffc" },
					{ "time": 0.7666, "color": "ffffff00" }
				]
			}
		},
		"bones": {
			"Root_All": {
				"rotate": [
					{ "time": 0, "angle": 0, "curve": "stepped" },
					{ "time": 1.1666, "angle": 0 }
				],
				"translate": [
					{
						"time": 0,
						"x": 0,
						"y": 0,
						"curve": [ 0.255, 0.35, 0.6, 0.7 ]
					},
					{ "time": 0.0666, "x": -27.67, "y": -23.16 },
					{ "time": 0.1333, "x": 20.98, "y": 15.35 },
					{ "time": 0.2333, "x": -19.78, "y": -15.62 },
					{ "time": 0.3666, "x": 14.36, "y": 8.59 },
					{ "time": 0.5666, "x": -3.37, "y": -4.5 },
					{ "time": 0.8666, "x": 5.63, "y": 2.25 },
					{ "time": 1.1666, "x": 0, "y": 0 }
				]
			},
			"Face": {
				"rotate": [
					{ "time": 0, "angle": 0, "curve": "stepped" },
					{ "time": 1.1666, "angle": 0 }
				],
				"translate": [
					{
						"time": 0,
						"x": 0,
						"y": 0,
						"curve": [ 0.286, 0.34, 0.623, 0.67 ]
					},
					{ "time": 0.0666, "x": -5.44, "y": 0 },
					{ "time": 0.1333, "x": -0.44, "y": 0 },
					{ "time": 0.2333, "x": -5.06, "y": 0 },
					{ "time": 0.3666, "x": -2.01, "y": 0 },
					{ "time": 1.1666, "x": 0, "y": 0 }
				]
			},
			"Ship_All": {
				"rotate": [
					{ "time": 0, "angle": 0, "curve": "stepped" },
					{ "time": 1.1666, "angle": 0 }
				],
				"translate": [
					{ "time": 0, "x": 0, "y": 0, "curve": "stepped" },
					{ "time": 1.1666, "x": 0, "y": 0 }
				]
			},
			"Body": {
				"rotate": [
					{ "time": 0, "angle": 0, "curve": "stepped" },
					{ "time": 1.1666, "angle": 0 }
				],
				"translate": [
					{ "time": 0, "x": 0, "y": 0, "curve": "stepped" },
					{ "time": 1.1666, "x": 0, "y": 0 }
				]
			},
			"Damage_Point": {
				"rotate": [
					{ "time": 0, "angle": 0, "curve": "stepped" },
					{ "time": 0.0666, "angle": 0, "curve": "stepped" },
					{ "time": 1.1666, "angle": 0 }
				],
				"translate": [
					{ "time": 0, "x": 0, "y": 0, "curve": "stepped" },
					{ "time": 0.0666, "x": 0, "y": 0, "curve": "stepped" },
					{ "time": 1.1666, "x": 0, "y": 0 }
				]
			},
			"Head": {
				"rotate": [
					{ "time": 0, "angle": 0 },
					{ "time": 0.1666, "angle": 6.68 },
					{ "time": 0.4, "angle": -5.58 },
					{ "time": 0.9333, "angle": -3.55 },
					{ "time": 1.1666, "angle": 0 }
				],
				"translate": [
					{ "time": 0, "x": 0, "y": 0, "curve": "stepped" },
					{ "time": 1.1666, "x": 0, "y": 0 }
				]
			},
			"JZ_R": {
				"rotate": [
					{ "time": 0, "angle": 0 },
					{ "time": 0.3333, "angle": 11.86 },
					{ "time": 0.8333, "angle": -9.79 },
					{ "time": 1.1666, "angle": 0 }
				],
				"translate": [
					{ "time": 0, "x": 0, "y": 0 },
					{ "time": 0.0666, "x": -3.12, "y": 1.45 },
					{ "time": 1.1666, "x": 0, "y": 0 }
				]
			},
			"Behand": {
				"rotate": [
					{ "time": 0, "angle": 0, "curve": "stepped" },
					{ "time": 1.1666, "angle": 0 }
				],
				"translate": [
					{ "time": 0, "x": 0, "y": 0, "curve": "stepped" },
					{ "time": 1.1666, "x": 0, "y": 0 }
				]
			},
			"JZ_L": {
				"rotate": [
					{ "time": 0, "angle": 0 },
					{ "time": 0.3333, "angle": -13.08 },
					{ "time": 0.6666, "angle": 7.45 },
					{ "time": 1.1666, "angle": 0 }
				],
				"translate": [
					{ "time": 0, "x": 0, "y": 0 },
					{ "time": 0.0666, "x": 4.14, "y": 0.18 },
					{ "time": 1.1666, "x": 0, "y": 0 }
				]
			},
			"hair1": {
				"rotate": [
					{ "time": 0, "angle": 0 },
					{ "time": 0.3333, "angle": 5.74 },
					{ "time": 1.1666, "angle": 0 }
				],
				"translate": [
					{ "time": 0, "x": 0, "y": 0, "curve": "stepped" },
					{ "time": 1.1666, "x": 0, "y": 0 }
				]
			},
			"hair2": {
				"rotate": [
					{ "time": 0, "angle": 0 },
					{ "time": 0.3333, "angle": 3.84 },
					{ "time": 0.8666, "angle": -8.19 },
					{ "time": 1.1666, "angle": 0 }
				],
				"translate": [
					{ "time": 0, "x": 0, "y": 0, "curve": "stepped" },
					{ "time": 1.1666, "x": 0, "y": 0 }
				]
			},
			"hand2": {
				"rotate": [
					{ "time": 0, "angle": 0 },
					{ "time": 0.3333, "angle": -21.52 },
					{ "time": 1.1666, "angle": 0 }
				],
				"translate": [
					{ "time": 0, "x": 0, "y": 0, "curve": "stepped" },
					{ "time": 1.1666, "x": 0, "y": 0 }
				]
			},
			"hand": {
				"rotate": [
					{ "time": 0, "angle": 0 },
					{ "time": 0.3333, "angle": 24.84 },
					{ "time": 1.1666, "angle": 0 }
				],
				"translate": [
					{ "time": 0, "x": 0, "y": 0, "curve": "stepped" },
					{ "time": 1.1666, "x": 0, "y": 0 }
				]
			},
			"Throw_Point": {
				"rotate": [
					{ "time": 0, "angle": 0, "curve": "stepped" },
					{ "time": 1.1666, "angle": 0 }
				],
				"translate": [
					{ "time": 0, "x": 0, "y": 0, "curve": "stepped" },
					{ "time": 1.1666, "x": 0, "y": 0 }
				]
			},
			"Smoke_R1": {
				"rotate": [
					{ "time": 0, "angle": 0, "curve": "stepped" },
					{ "time": 1.1666, "angle": 0 }
				],
				"translate": [
					{ "time": 0, "x": 0, "y": 0, "curve": "stepped" },
					{ "time": 1.1666, "x": 0, "y": 0 }
				]
			},
			"Smoke_L1": {
				"rotate": [
					{ "time": 0, "angle": 0, "curve": "stepped" },
					{ "time": 1.1666, "angle": 0 }
				],
				"translate": [
					{ "time": 0, "x": 0, "y": 0, "curve": "stepped" },
					{ "time": 1.1666, "x": 0, "y": 0 }
				]
			},
			"bone5": {
				"rotate": [
					{ "time": 0, "angle": 0 },
					{ "time": 0.3333, "angle": -8.4 },
					{ "time": 1.1666, "angle": 0 }
				],
				"translate": [
					{ "time": 0, "x": 0, "y": 0, "curve": "stepped" },
					{ "time": 1.1666, "x": 0, "y": 0 }
				]
			},
			"bone4": {
				"rotate": [
					{ "time": 0, "angle": 0 },
					{ "time": 0.3333, "angle": -8.4 },
					{ "time": 1.1666, "angle": 0 }
				],
				"translate": [
					{ "time": 0, "x": 0, "y": 0, "curve": "stepped" },
					{ "time": 1.1666, "x": 0, "y": 0 }
				]
			},
			"bone3": {
				"rotate": [
					{ "time": 0, "angle": 0 },
					{ "time": 0.3333, "angle": -8.4 },
					{ "time": 1.1666, "angle": 0 }
				],
				"translate": [
					{ "time": 0, "x": 0, "y": 0, "curve": "stepped" },
					{ "time": 1.1666, "x": 0, "y": 0 }
				]
			},
			"bone2": {
				"rotate": [
					{ "time": 0, "angle": 0 },
					{ "time": 0.3333, "angle": 5.74 },
					{ "time": 1.1666, "angle": 0 }
				],
				"translate": [
					{ "time": 0, "x": 0, "y": 0, "curve": "stepped" },
					{ "time": 1.1666, "x": 0, "y": 0 }
				]
			},
			"Expression": {
				"rotate": [
					{ "time": 0, "angle": 0, "curve": "stepped" },
					{ "time": 1.1666, "angle": 0 }
				],
				"translate": [
					{ "time": 0, "x": 0, "y": 0, "curve": "stepped" },
					{ "time": 1.1666, "x": 0, "y": 0 }
				]
			},
			"Dialogue": {
				"rotate": [
					{ "time": 0, "angle": 0, "curve": "stepped" },
					{ "time": 1.1666, "angle": 0 }
				],
				"translate": [
					{ "time": 0, "x": 0, "y": 0, "curve": "stepped" },
					{ "time": 1.1666, "x": 0, "y": 0 }
				]
			},
			"YD": {
				"rotate": [
					{ "time": 0, "angle": 0, "curve": "stepped" },
					{ "time": 1.1666, "angle": 0 }
				],
				"translate": [
					{ "time": 0, "x": 0, "y": 0, "curve": "stepped" },
					{ "time": 1.1666, "x": 0, "y": 0 }
				]
			},
			"Attack_Point": {
				"rotate": [
					{ "time": 0, "angle": 0, "curve": "stepped" },
					{ "time": 1.1666, "angle": 0 }
				],
				"translate": [
					{ "time": 0, "x": 0, "y": 0, "curve": "stepped" },
					{ "time": 1.1666, "x": 0, "y": 0 }
				]
			},
			"Antiaircraft": {
				"rotate": [
					{ "time": 0, "angle": 0, "curve": "stepped" },
					{ "time": 1.1666, "angle": 0 }
				],
				"translate": [
					{ "time": 0, "x": 0, "y": 0, "curve": "stepped" },
					{ "time": 1.1666, "x": 0, "y": 0 }
				]
			}
		},
		"events": [
			{ "time": 0.0666, "name": "damage_point" }
		]
	},
	"normal": {
		"slots": {
			"JZ_R_light": {
				"attachment": [
					{ "time": 0, "name": null }
				]
			},
			"Light_Body": {
				"attachment": [
					{ "time": 0, "name": null }
				]
			},
			"Rodney_eyes_normal": {
				"attachment": [
					{ "time": 0, "name": "Rodney_eyes_normal" }
				]
			},
			"head_light": {
				"attachment": [
					{ "time": 0, "name": null }
				]
			}
		},
		"bones": {
			"JZ_R": {
				"rotate": [
					{ "time": 0, "angle": 0 },
					{ "time": 1, "angle": 10.64 },
					{ "time": 2, "angle": 0 }
				],
				"translate": [
					{ "time": 0, "x": 0, "y": 0 },
					{ "time": 1, "x": 1.57, "y": 0.02 },
					{ "time": 2, "x": 0, "y": 0 }
				]
			},
			"hand": {
				"rotate": [
					{ "time": 0, "angle": 0 },
					{ "time": 1, "angle": -9.79 },
					{ "time": 2, "angle": 0 }
				],
				"translate": [
					{ "time": 0, "x": 0, "y": 0, "curve": "stepped" },
					{ "time": 2, "x": 0, "y": 0 }
				]
			},
			"Root_All": {
				"rotate": [
					{ "time": 0, "angle": 0, "curve": "stepped" },
					{ "time": 2, "angle": 0 }
				],
				"translate": [
					{
						"time": 0,
						"x": 0,
						"y": 0,
						"curve": [ 0.255, 0.35, 0.6, 0.7 ]
					},
					{
						"time": 0.5,
						"x": 0,
						"y": -9.82,
						"curve": [ 0.3, 0.39, 0.641, 0.74 ]
					},
					{
						"time": 1,
						"x": 0,
						"y": -15.66,
						"curve": [ 0.322, 0.37, 0.652, 0.7 ]
					},
					{
						"time": 1.5,
						"x": 0,
						"y": -7.79,
						"curve": [ 0.314, 0.36, 0.644, 0.68 ]
					},
					{ "time": 2, "x": 0, "y": 0 }
				]
			},
			"Head": {
				"rotate": [
					{ "time": 0, "angle": 0 },
					{ "time": 0.5, "angle": -3.17 },
					{ "time": 1, "angle": 0 },
					{ "time": 1.5, "angle": 0.89 },
					{ "time": 2, "angle": 0 }
				],
				"translate": [
					{ "time": 0, "x": 0, "y": 0, "curve": "stepped" },
					{ "time": 1, "x": 0, "y": 0, "curve": "stepped" },
					{ "time": 2, "x": 0, "y": 0 }
				]
			},
			"bone5": {
				"rotate": [
					{ "time": 0, "angle": 0 },
					{ "time": 1, "angle": 11.82 },
					{ "time": 2, "angle": 0 }
				],
				"translate": [
					{ "time": 0, "x": 0, "y": 0, "curve": "stepped" },
					{ "time": 2, "x": 0, "y": 0 }
				]
			},
			"Body": {
				"rotate": [
					{ "time": 0, "angle": 0, "curve": "stepped" },
					{ "time": 2, "angle": 0 }
				],
				"translate": [
					{ "time": 0, "x": 0, "y": 0, "curve": "stepped" },
					{ "time": 2, "x": 0, "y": 0 }
				]
			},
			"bone4": {
				"rotate": [
					{ "time": 0, "angle": 0 },
					{ "time": 1, "angle": 11.82 },
					{ "time": 2, "angle": 0 }
				],
				"translate": [
					{ "time": 0, "x": 0, "y": 0, "curve": "stepped" },
					{ "time": 2, "x": 0, "y": 0 }
				]
			},
			"hair1": {
				"rotate": [
					{ "time": 0, "angle": 0 },
					{ "time": 1, "angle": -3.74 },
					{ "time": 2, "angle": 0 }
				],
				"translate": [
					{ "time": 0, "x": 0, "y": 0, "curve": "stepped" },
					{ "time": 2, "x": 0, "y": 0 }
				]
			},
			"JZ_L": {
				"rotate": [
					{ "time": 0, "angle": 0 },
					{ "time": 1, "angle": -10.32 },
					{ "time": 2, "angle": 0 }
				],
				"translate": [
					{ "time": 0, "x": 0, "y": 0, "curve": "stepped" },
					{ "time": 2, "x": 0, "y": 0 }
				]
			},
			"Antiaircraft": {
				"rotate": [
					{ "time": 0, "angle": 0, "curve": "stepped" },
					{ "time": 2, "angle": 0 }
				],
				"translate": [
					{ "time": 0, "x": 0, "y": 0, "curve": "stepped" },
					{ "time": 2, "x": 0, "y": 0 }
				]
			},
			"bone2": {
				"rotate": [
					{ "time": 0, "angle": 0 },
					{ "time": 1, "angle": -3.74 },
					{ "time": 2, "angle": 0 }
				],
				"translate": [
					{ "time": 0, "x": 0, "y": 0, "curve": "stepped" },
					{ "time": 2, "x": 0, "y": 0 }
				]
			},
			"Face": {
				"rotate": [
					{ "time": 0, "angle": 0, "curve": "stepped" },
					{ "time": 2, "angle": 0 }
				],
				"translate": [
					{
						"time": 0,
						"x": 0,
						"y": 0,
						"curve": [ 0.286, 0.34, 0.623, 0.67 ]
					},
					{
						"time": 0.5,
						"x": 0.64,
						"y": 0,
						"curve": [ 0.282, 0.37, 0.624, 0.71 ]
					},
					{
						"time": 1.5,
						"x": -1.28,
						"y": 0,
						"curve": [ 0.321, 0.37, 0.656, 0.71 ]
					},
					{ "time": 2, "x": 0, "y": 0 }
				]
			},
			"Dialogue": {
				"rotate": [
					{ "time": 0, "angle": 0, "curve": "stepped" },
					{ "time": 2, "angle": 0 }
				],
				"translate": [
					{ "time": 0, "x": 0, "y": 0, "curve": "stepped" },
					{ "time": 2, "x": 0, "y": 0 }
				]
			},
			"YD": {
				"rotate": [
					{ "time": 0, "angle": 0, "curve": "stepped" },
					{ "time": 2, "angle": 0 }
				],
				"translate": [
					{ "time": 0, "x": 0, "y": 0, "curve": "stepped" },
					{ "time": 2, "x": 0, "y": 0 }
				]
			},
			"hand2": {
				"rotate": [
					{ "time": 0, "angle": 0 },
					{ "time": 1, "angle": 29.32 },
					{ "time": 2, "angle": 0 }
				],
				"translate": [
					{ "time": 0, "x": 0, "y": 0, "curve": "stepped" },
					{ "time": 2, "x": 0, "y": 0 }
				]
			},
			"Smoke_L1": {
				"rotate": [
					{ "time": 0, "angle": 0, "curve": "stepped" },
					{ "time": 2, "angle": 0 }
				],
				"translate": [
					{ "time": 0, "x": 0, "y": 0, "curve": "stepped" },
					{ "time": 2, "x": 0, "y": 0 }
				]
			},
			"Behand": {
				"rotate": [
					{ "time": 0, "angle": 0 },
					{ "time": 1, "angle": 2.49 },
					{ "time": 2, "angle": 0 }
				],
				"translate": [
					{ "time": 0, "x": 0, "y": 0 },
					{ "time": 1, "x": 0, "y": 1.65 },
					{ "time": 2, "x": 0, "y": 0 }
				]
			},
			"Smoke_R1": {
				"rotate": [
					{ "time": 0, "angle": 0, "curve": "stepped" },
					{ "time": 2, "angle": 0 }
				],
				"translate": [
					{ "time": 0, "x": 0, "y": 0, "curve": "stepped" },
					{ "time": 2, "x": 0, "y": 0 }
				]
			},
			"bone3": {
				"rotate": [
					{ "time": 0, "angle": 0 },
					{ "time": 1, "angle": -3.74 },
					{ "time": 2, "angle": 0 }
				],
				"translate": [
					{ "time": 0, "x": 0, "y": 0, "curve": "stepped" },
					{ "time": 2, "x": 0, "y": 0 }
				]
			},
			"Ship_All": {
				"rotate": [
					{ "time": 0, "angle": 0, "curve": "stepped" },
					{ "time": 2, "angle": 0 }
				],
				"translate": [
					{ "time": 0, "x": 0, "y": 0, "curve": "stepped" },
					{ "time": 2, "x": 0, "y": 0 }
				]
			},
			"hair2": {
				"rotate": [
					{ "time": 0, "angle": 0 },
					{ "time": 1, "angle": 1.56 },
					{ "time": 2, "angle": 0 }
				],
				"translate": [
					{ "time": 0, "x": 0, "y": 0, "curve": "stepped" },
					{ "time": 2, "x": 0, "y": 0 }
				]
			},
			"Damage_Point": {
				"rotate": [
					{ "time": 0, "angle": 0, "curve": "stepped" },
					{ "time": 2, "angle": 0 }
				],
				"translate": [
					{ "time": 0, "x": 0, "y": 0, "curve": "stepped" },
					{ "time": 2, "x": 0, "y": 0 }
				]
			},
			"Expression": {
				"rotate": [
					{ "time": 0, "angle": 0, "curve": "stepped" },
					{ "time": 2, "angle": 0 }
				],
				"translate": [
					{ "time": 0, "x": 0, "y": 0, "curve": "stepped" },
					{ "time": 2, "x": 0, "y": 0 }
				]
			},
			"Throw_Point": {
				"rotate": [
					{ "time": 0, "angle": 0, "curve": "stepped" },
					{ "time": 2, "angle": 0 }
				],
				"translate": [
					{ "time": 0, "x": 0, "y": 0, "curve": "stepped" },
					{ "time": 2, "x": 0, "y": 0 }
				]
			},
			"Attack_Point": {
				"rotate": [
					{ "time": 0, "angle": 0, "curve": "stepped" },
					{ "time": 2, "angle": 0 }
				],
				"translate": [
					{ "time": 0, "x": 0, "y": 0, "curve": "stepped" },
					{ "time": 2, "x": 0, "y": 0 }
				]
			}
		}
	},
	"throw": {
		"slots": {
			"JZ_R_light": {
				"attachment": [
					{ "time": 0, "name": null }
				]
			},
			"Light_Body": {
				"attachment": [
					{ "time": 0, "name": null }
				]
			},
			"head_light": {
				"attachment": [
					{ "time": 0, "name": null }
				]
			}
		},
		"bones": {
			"Face": {
				"rotate": [
					{ "time": 0, "angle": 0, "curve": "stepped" },
					{ "time": 1.3333, "angle": 0 }
				],
				"translate": [
					{
						"time": 0,
						"x": 0,
						"y": 0,
						"curve": [ 0.286, 0.34, 0.623, 0.67 ]
					},
					{ "time": 0.3333, "x": 0, "y": -0.7 },
					{ "time": 0.5666, "x": 0, "y": 0.14 },
					{ "time": 1.3333, "x": 0, "y": 0 }
				]
			},
			"Root_All": {
				"rotate": [
					{ "time": 0, "angle": 0, "curve": "stepped" },
					{ "time": 1.3333, "angle": 0 }
				],
				"translate": [
					{
						"time": 0,
						"x": 0,
						"y": 0,
						"curve": [ 0.255, 0.35, 0.6, 0.7 ]
					},
					{ "time": 0.6333, "x": -66.66, "y": 0 },
					{ "time": 0.9666, "x": -10.42, "y": -12.42 },
					{ "time": 1.3333, "x": 0, "y": 0 }
				]
			},
			"Body": {
				"rotate": [
					{
						"time": 0,
						"angle": 0,
						"curve": [ 0.219, 0.41, 0.591, 0.77 ]
					},
					{
						"time": 0.6333,
						"angle": -3.17,
						"curve": [ 0.32, 0.36, 0.653, 0.69 ]
					},
					{
						"time": 0.7333,
						"angle": 0.61,
						"curve": [ 0.319, 0.37, 0.652, 0.7 ]
					},
					{
						"time": 0.9666,
						"angle": -1.72,
						"curve": [ 0.32, 0.38, 0.654, 0.71 ]
					},
					{ "time": 1.3333, "angle": 0 }
				],
				"translate": [
					{
						"time": 0,
						"x": 0,
						"y": 0,
						"curve": [ 0.219, 0.41, 0.591, 0.77 ]
					},
					{
						"time": 0.3333,
						"x": -15.86,
						"y": 0,
						"curve": [ 0.193, 0.39, 0.58, 0.9 ]
					},
					{
						"time": 0.5666,
						"x": -19.36,
						"y": 0,
						"curve": [ 0.142, 0.42, 0.647, 0.94 ]
					},
					{ "time": 0.6333, "x": 92.18, "y": -6.3 },
					{ "time": 0.7333, "x": 111.33, "y": 0 },
					{ "time": 1.3333, "x": 0, "y": 0 }
				]
			},
			"Ship_All": {
				"rotate": [
					{ "time": 0, "angle": 0, "curve": "stepped" },
					{ "time": 1.3333, "angle": 0 }
				],
				"translate": [
					{ "time": 0, "x": 0, "y": 0, "curve": "stepped" },
					{ "time": 1.3333, "x": 0, "y": 0 }
				]
			},
			"Throw_Point": {
				"rotate": [
					{ "time": 0, "angle": 0, "curve": "stepped" },
					{ "time": 0.6333, "angle": 0, "curve": "stepped" },
					{ "time": 1.3333, "angle": 0 }
				],
				"translate": [
					{ "time": 0, "x": 0, "y": 0, "curve": "stepped" },
					{ "time": 0.6333, "x": 0, "y": 0, "curve": "stepped" },
					{ "time": 1.3333, "x": 0, "y": 0 }
				]
			},
			"Head": {
				"rotate": [
					{ "time": 0, "angle": 0 },
					{ "time": 0.3333, "angle": 0.25 },
					{ "time": 0.8333, "angle": -5.25 },
					{ "time": 1.3333, "angle": 0 }
				],
				"translate": [
					{ "time": 0, "x": 0, "y": 0, "curve": "stepped" },
					{ "time": 1.3333, "x": 0, "y": 0 }
				]
			},
			"JZ_R": {
				"rotate": [
					{ "time": 0, "angle": 0 },
					{ "time": 0.3333, "angle": -58.44 },
					{ "time": 0.5, "angle": -64.55 },
					{ "time": 0.6666, "angle": 6.3 },
					{ "time": 1.3333, "angle": 0 }
				],
				"translate": [
					{ "time": 0, "x": 0, "y": 0, "curve": "stepped" },
					{ "time": 1.3333, "x": 0, "y": 0 }
				]
			},
			"JZ_L": {
				"rotate": [
					{ "time": 0, "angle": 0 },
					{ "time": 0.3333, "angle": -13.48 },
					{ "time": 1, "angle": 8.43 },
					{ "time": 1.3333, "angle": 0 }
				],
				"translate": [
					{ "time": 0, "x": 0, "y": 0, "curve": "stepped" },
					{ "time": 1.3333, "x": 0, "y": 0 }
				]
			},
			"hand2": {
				"rotate": [
					{ "time": 0, "angle": 0 },
					{ "time": 0.5, "angle": -39.12 },
					{ "time": 0.8333, "angle": 35.6 },
					{ "time": 1.3333, "angle": 0 }
				],
				"translate": [
					{ "time": 0, "x": 0, "y": 0, "curve": "stepped" },
					{ "time": 1.3333, "x": 0, "y": 0 }
				]
			},
			"hand": {
				"rotate": [
					{ "time": 0, "angle": 0 },
					{ "time": 0.5, "angle": 25 },
					{ "time": 1.3333, "angle": 0 }
				],
				"translate": [
					{ "time": 0, "x": 0, "y": 0, "curve": "stepped" },
					{ "time": 1.3333, "x": 0, "y": 0 }
				]
			},
			"Smoke_R1": {
				"rotate": [
					{ "time": 0, "angle": 0, "curve": "stepped" },
					{ "time": 1.3333, "angle": 0 }
				],
				"translate": [
					{ "time": 0, "x": 0, "y": 0, "curve": "stepped" },
					{ "time": 1.3333, "x": 0, "y": 0 }
				]
			},
			"Smoke_L1": {
				"rotate": [
					{ "time": 0, "angle": 0, "curve": "stepped" },
					{ "time": 1.3333, "angle": 0 }
				],
				"translate": [
					{ "time": 0, "x": 0, "y": 0, "curve": "stepped" },
					{ "time": 1.3333, "x": 0, "y": 0 }
				]
			},
			"hair2": {
				"rotate": [
					{ "time": 0, "angle": 0 },
					{ "time": 0.5, "angle": -14.33 },
					{ "time": 1, "angle": 4.86 },
					{ "time": 1.3333, "angle": 0 }
				],
				"translate": [
					{ "time": 0, "x": 0, "y": 0, "curve": "stepped" },
					{ "time": 1.3333, "x": 0, "y": 0 }
				]
			},
			"bone5": {
				"rotate": [
					{ "time": 0, "angle": 0 },
					{ "time": 0.5, "angle": 9.37 },
					{ "time": 1, "angle": 3.56 },
					{ "time": 1.3333, "angle": 0 }
				],
				"translate": [
					{ "time": 0, "x": 0, "y": 0, "curve": "stepped" },
					{ "time": 1.3333, "x": 0, "y": 0 }
				]
			},
			"bone4": {
				"rotate": [
					{ "time": 0, "angle": 0 },
					{ "time": 0.5, "angle": 9.37 },
					{ "time": 1, "angle": 3.56 },
					{ "time": 1.3333, "angle": 0 }
				],
				"translate": [
					{ "time": 0, "x": 0, "y": 0, "curve": "stepped" },
					{ "time": 1.3333, "x": 0, "y": 0 }
				]
			},
			"bone3": {
				"rotate": [
					{ "time": 0, "angle": 0 },
					{ "time": 0.5, "angle": 1.03 },
					{ "time": 1, "angle": 3.56 },
					{ "time": 1.3333, "angle": 0 }
				],
				"translate": [
					{ "time": 0, "x": 0, "y": 0, "curve": "stepped" },
					{ "time": 1.3333, "x": 0, "y": 0 }
				]
			},
			"bone2": {
				"rotate": [
					{ "time": 0, "angle": 0 },
					{ "time": 0.5, "angle": -6.91 },
					{ "time": 1, "angle": 3.56 },
					{ "time": 1.3333, "angle": 0 }
				],
				"translate": [
					{ "time": 0, "x": 0, "y": 0, "curve": "stepped" },
					{ "time": 1.3333, "x": 0, "y": 0 }
				]
			},
			"hair1": {
				"rotate": [
					{ "time": 0, "angle": 0 },
					{ "time": 0.5, "angle": -6.91 },
					{ "time": 1, "angle": 3.56 },
					{ "time": 1.3333, "angle": 0 }
				],
				"translate": [
					{ "time": 0, "x": 0, "y": 0, "curve": "stepped" },
					{ "time": 1.3333, "x": 0, "y": 0 }
				]
			},
			"Expression": {
				"rotate": [
					{ "time": 0, "angle": 0, "curve": "stepped" },
					{ "time": 1.3333, "angle": 0 }
				],
				"translate": [
					{ "time": 0, "x": 0, "y": 0, "curve": "stepped" },
					{ "time": 1.3333, "x": 0, "y": 0 }
				]
			},
			"Dialogue": {
				"rotate": [
					{ "time": 0, "angle": 0, "curve": "stepped" },
					{ "time": 1.3333, "angle": 0 }
				],
				"translate": [
					{ "time": 0, "x": 0, "y": 0, "curve": "stepped" },
					{ "time": 1.3333, "x": 0, "y": 0 }
				]
			},
			"Damage_Point": {
				"rotate": [
					{ "time": 0, "angle": 0, "curve": "stepped" },
					{ "time": 1.3333, "angle": 0 }
				],
				"translate": [
					{ "time": 0, "x": 0, "y": 0, "curve": "stepped" },
					{ "time": 1.3333, "x": 0, "y": 0 }
				]
			},
			"YD": {
				"rotate": [
					{ "time": 0, "angle": 0, "curve": "stepped" },
					{ "time": 1.3333, "angle": 0 }
				],
				"translate": [
					{ "time": 0, "x": 0, "y": 0, "curve": "stepped" },
					{ "time": 1.3333, "x": 0, "y": 0 }
				]
			},
			"Behand": {
				"rotate": [
					{ "time": 0, "angle": 0, "curve": "stepped" },
					{ "time": 1.3333, "angle": 0 }
				],
				"translate": [
					{ "time": 0, "x": 0, "y": 0, "curve": "stepped" },
					{ "time": 1.3333, "x": 0, "y": 0 }
				]
			},
			"Attack_Point": {
				"rotate": [
					{ "time": 0, "angle": 0, "curve": "stepped" },
					{ "time": 1.3333, "angle": 0 }
				],
				"translate": [
					{ "time": 0, "x": 0, "y": 0, "curve": "stepped" },
					{ "time": 1.3333, "x": 0, "y": 0 }
				]
			},
			"Antiaircraft": {
				"rotate": [
					{ "time": 0, "angle": 0, "curve": "stepped" },
					{ "time": 1.3333, "angle": 0 }
				],
				"translate": [
					{ "time": 0, "x": 0, "y": 0, "curve": "stepped" },
					{ "time": 1.3333, "x": 0, "y": 0 }
				]
			}
		},
		"events": [
			{ "time": 0.5666, "name": "throw_point" }
		]
	},
	"wreck": {
		"slots": {
			"JZ_R_light": {
				"attachment": [
					{ "time": 0, "name": null }
				]
			},
			"Light_Body": {
				"attachment": [
					{ "time": 0, "name": null }
				]
			},
			"Rodney_eyes_normal": {
				"attachment": [
					{ "time": 0, "name": "Rodney_eyes_damage" }
				]
			},
			"head_light": {
				"attachment": [
					{ "time": 0, "name": null }
				]
			}
		},
		"bones": {
			"JZ_L": {
				"rotate": [
					{ "time": 0, "angle": 0 },
					{ "time": 1, "angle": -10.32 },
					{ "time": 2, "angle": 0 }
				],
				"translate": [
					{ "time": 0, "x": 0, "y": 0, "curve": "stepped" },
					{ "time": 2, "x": 0, "y": 0 }
				]
			},
			"Head": {
				"rotate": [
					{ "time": 0, "angle": 0 },
					{ "time": 0.5, "angle": -3.17 },
					{ "time": 1, "angle": 0 },
					{ "time": 1.5, "angle": 0.89 },
					{ "time": 2, "angle": 0 }
				],
				"translate": [
					{ "time": 0, "x": 0, "y": 0, "curve": "stepped" },
					{ "time": 1, "x": 0, "y": 0, "curve": "stepped" },
					{ "time": 2, "x": 0, "y": 0 }
				]
			},
			"Throw_Point": {
				"rotate": [
					{ "time": 0, "angle": 0, "curve": "stepped" },
					{ "time": 2, "angle": 0 }
				],
				"translate": [
					{ "time": 0, "x": 0, "y": 0, "curve": "stepped" },
					{ "time": 2, "x": 0, "y": 0 }
				]
			},
			"Damage_Point": {
				"rotate": [
					{ "time": 0, "angle": 0, "curve": "stepped" },
					{ "time": 2, "angle": 0 }
				],
				"translate": [
					{ "time": 0, "x": 0, "y": 0, "curve": "stepped" },
					{ "time": 2, "x": 0, "y": 0 }
				]
			},
			"hand2": {
				"rotate": [
					{ "time": 0, "angle": 0 },
					{ "time": 1, "angle": 29.32 },
					{ "time": 2, "angle": 0 }
				],
				"translate": [
					{ "time": 0, "x": 0, "y": 0, "curve": "stepped" },
					{ "time": 2, "x": 0, "y": 0 }
				]
			},
			"hair2": {
				"rotate": [
					{ "time": 0, "angle": 0 },
					{ "time": 1, "angle": 1.56 },
					{ "time": 2, "angle": 0 }
				],
				"translate": [
					{ "time": 0, "x": 0, "y": 0, "curve": "stepped" },
					{ "time": 2, "x": 0, "y": 0 }
				]
			},
			"Dialogue": {
				"rotate": [
					{ "time": 0, "angle": 0, "curve": "stepped" },
					{ "time": 2, "angle": 0 }
				],
				"translate": [
					{ "time": 0, "x": 0, "y": 0, "curve": "stepped" },
					{ "time": 2, "x": 0, "y": 0 }
				]
			},
			"JZ_R": {
				"rotate": [
					{ "time": 0, "angle": 0 },
					{ "time": 1, "angle": 10.64 },
					{ "time": 2, "angle": 0 }
				],
				"translate": [
					{ "time": 0, "x": 0, "y": 0 },
					{ "time": 1, "x": 1.57, "y": 0.02 },
					{ "time": 2, "x": 0, "y": 0 }
				]
			},
			"bone4": {
				"rotate": [
					{ "time": 0, "angle": 0 },
					{ "time": 1, "angle": 11.82 },
					{ "time": 2, "angle": 0 }
				],
				"translate": [
					{ "time": 0, "x": 0, "y": 0, "curve": "stepped" },
					{ "time": 2, "x": 0, "y": 0 }
				]
			},
			"Behand": {
				"rotate": [
					{ "time": 0, "angle": 0 },
					{ "time": 1, "angle": 2.49 },
					{ "time": 2, "angle": 0 }
				],
				"translate": [
					{ "time": 0, "x": 0, "y": 0 },
					{ "time": 1, "x": 0, "y": 1.65 },
					{ "time": 2, "x": 0, "y": 0 }
				]
			},
			"Root_All": {
				"rotate": [
					{ "time": 0, "angle": 0, "curve": "stepped" },
					{ "time": 2, "angle": 0 }
				],
				"translate": [
					{
						"time": 0,
						"x": 0,
						"y": 0,
						"curve": [ 0.255, 0.35, 0.6, 0.7 ]
					},
					{
						"time": 0.5,
						"x": 0,
						"y": -9.82,
						"curve": [ 0.3, 0.39, 0.641, 0.74 ]
					},
					{
						"time": 1,
						"x": 0,
						"y": -15.66,
						"curve": [ 0.322, 0.37, 0.652, 0.7 ]
					},
					{
						"time": 1.5,
						"x": 0,
						"y": -7.79,
						"curve": [ 0.314, 0.36, 0.644, 0.68 ]
					},
					{ "time": 2, "x": 0, "y": 0 }
				]
			},
			"Body": {
				"rotate": [
					{ "time": 0, "angle": 0, "curve": "stepped" },
					{ "time": 2, "angle": 0 }
				],
				"translate": [
					{ "time": 0, "x": 0, "y": 0, "curve": "stepped" },
					{ "time": 2, "x": 0, "y": 0 }
				]
			},
			"Ship_All": {
				"rotate": [
					{ "time": 0, "angle": 0, "curve": "stepped" },
					{ "time": 2, "angle": 0 }
				],
				"translate": [
					{ "time": 0, "x": 0, "y": 0, "curve": "stepped" },
					{ "time": 2, "x": 0, "y": 0 }
				]
			},
			"bone2": {
				"rotate": [
					{ "time": 0, "angle": 0 },
					{ "time": 1, "angle": -3.74 },
					{ "time": 2, "angle": 0 }
				],
				"translate": [
					{ "time": 0, "x": 0, "y": 0, "curve": "stepped" },
					{ "time": 2, "x": 0, "y": 0 }
				]
			},
			"YD": {
				"rotate": [
					{ "time": 0, "angle": 0, "curve": "stepped" },
					{ "time": 2, "angle": 0 }
				],
				"translate": [
					{ "time": 0, "x": 0, "y": 0, "curve": "stepped" },
					{ "time": 2, "x": 0, "y": 0 }
				]
			},
			"Face": {
				"rotate": [
					{ "time": 0, "angle": 0, "curve": "stepped" },
					{ "time": 2, "angle": 0 }
				],
				"translate": [
					{
						"time": 0,
						"x": 0,
						"y": 0,
						"curve": [ 0.286, 0.34, 0.623, 0.67 ]
					},
					{
						"time": 0.5,
						"x": 0.64,
						"y": 0,
						"curve": [ 0.282, 0.37, 0.624, 0.71 ]
					},
					{
						"time": 1.5,
						"x": -1.28,
						"y": 0,
						"curve": [ 0.321, 0.37, 0.656, 0.71 ]
					},
					{ "time": 2, "x": 0, "y": 0 }
				]
			},
			"bone5": {
				"rotate": [
					{ "time": 0, "angle": 0 },
					{ "time": 1, "angle": 11.82 },
					{ "time": 2, "angle": 0 }
				],
				"translate": [
					{ "time": 0, "x": 0, "y": 0, "curve": "stepped" },
					{ "time": 2, "x": 0, "y": 0 }
				]
			},
			"Antiaircraft": {
				"rotate": [
					{ "time": 0, "angle": 0, "curve": "stepped" },
					{ "time": 2, "angle": 0 }
				],
				"translate": [
					{ "time": 0, "x": 0, "y": 0, "curve": "stepped" },
					{ "time": 2, "x": 0, "y": 0 }
				]
			},
			"hand": {
				"rotate": [
					{ "time": 0, "angle": 0 },
					{ "time": 1, "angle": -9.79 },
					{ "time": 2, "angle": 0 }
				],
				"translate": [
					{ "time": 0, "x": 0, "y": 0, "curve": "stepped" },
					{ "time": 2, "x": 0, "y": 0 }
				]
			},
			"Smoke_R1": {
				"rotate": [
					{ "time": 0, "angle": 0, "curve": "stepped" },
					{ "time": 2, "angle": 0 }
				],
				"translate": [
					{ "time": 0, "x": 0, "y": 0, "curve": "stepped" },
					{ "time": 2, "x": 0, "y": 0 }
				]
			},
			"bone3": {
				"rotate": [
					{ "time": 0, "angle": 0 },
					{ "time": 1, "angle": -3.74 },
					{ "time": 2, "angle": 0 }
				],
				"translate": [
					{ "time": 0, "x": 0, "y": 0, "curve": "stepped" },
					{ "time": 2, "x": 0, "y": 0 }
				]
			},
			"Expression": {
				"rotate": [
					{ "time": 0, "angle": 0, "curve": "stepped" },
					{ "time": 2, "angle": 0 }
				],
				"translate": [
					{ "time": 0, "x": 0, "y": 0, "curve": "stepped" },
					{ "time": 2, "x": 0, "y": 0 }
				]
			},
			"Smoke_L1": {
				"rotate": [
					{ "time": 0, "angle": 0, "curve": "stepped" },
					{ "time": 2, "angle": 0 }
				],
				"translate": [
					{ "time": 0, "x": 0, "y": 0, "curve": "stepped" },
					{ "time": 2, "x": 0, "y": 0 }
				]
			},
			"Attack_Point": {
				"rotate": [
					{ "time": 0, "angle": 0, "curve": "stepped" },
					{ "time": 2, "angle": 0 }
				],
				"translate": [
					{ "time": 0, "x": 0, "y": 0, "curve": "stepped" },
					{ "time": 2, "x": 0, "y": 0 }
				]
			},
			"hair1": {
				"rotate": [
					{ "time": 0, "angle": 0 },
					{ "time": 1, "angle": -3.74 },
					{ "time": 2, "angle": 0 }
				],
				"translate": [
					{ "time": 0, "x": 0, "y": 0, "curve": "stepped" },
					{ "time": 2, "x": 0, "y": 0 }
				]
			}
		}
	}
}
}