{
"skeleton": { "hash": "Bkay3iSHu4KJsMjfjUI7JPlN2jc", "spine": "3.2.01", "width": 1024, "height": 768, "images": "" },
"bones": [
	{ "name": "root" },
	{ "name": "bone", "parent": "root" },
	{ "name": "bone2", "parent": "bone" },
	{ "name": "bone3", "parent": "bone2" },
	{ "name": "car", "parent": "bone3", "y": 64 },
	{ "name": "A", "parent": "car", "y": -64 },
	{ "name": "C", "parent": "car", "x": -69.92, "y": -4.76 },
	{ "name": "L1", "parent": "car", "x": -4.05, "y": -32.93 },
	{ "name": "L2", "parent": "car", "x": 79.17, "y": -41.75 },
	{ "name": "Z", "parent": "C", "length": 40.91, "rotation": -156.13, "x": 2.62, "y": 16.37 },
	{ "name": "LZ1", "parent": "Z", "x": 58.57, "y": 17.51 },
	{ "name": "LZ2", "parent": "Z", "x": 56.98, "y": -1.75 },
	{ "name": "LZ3", "parent": "Z", "x": 52.43, "y": -23 }
],
"slots": [
	{ "name": "A", "bone": "A", "attachment": "A" },
	{ "name": "C", "bone": "C", "attachment": "C" },
	{ "name": "Z2", "bone": "Z", "attachment": "Z2" },
	{ "name": "L1", "bone": "L1", "attachment": "L1" },
	{ "name": "L2", "bone": "L2", "attachment": "L2" },
	{ "name": "LZ3", "bone": "LZ3", "attachment": "LZ3" },
	{ "name": "LZ2", "bone": "LZ2", "attachment": "LZ2" },
	{ "name": "LZ1", "bone": "LZ1", "attachment": "LZ1" },
	{ "name": "Z1", "bone": "Z", "attachment": "Z1" },
	{ "name": "C2", "bone": "C", "attachment": "C2" }
],
"skins": {
	"default": {
		"A": {
			"A": { "x": 116.73, "y": 261.11, "width": 1024, "height": 768 }
		},
		"C": {
			"C": { "x": 186.65, "y": 201.88, "width": 1024, "height": 768 }
		},
		"C2": {
			"C2": { "x": 186.65, "y": 201.88, "width": 1024, "height": 768 }
		},
		"L1": {
			"L1": { "x": 120.79, "y": 230.05, "width": 1024, "height": 768 }
		},
		"L2": {
			"L2": { "x": 37.56, "y": 238.87, "width": 1024, "height": 768 }
		},
		"LZ1": {
			"LZ1": { "x": -301.92, "y": -112.72, "rotation": 156.13, "width": 1024, "height": 768 }
		},
		"LZ2": {
			"LZ2": { "x": -300.33, "y": -93.44, "rotation": 156.13, "width": 1024, "height": 768 }
		},
		"LZ3": {
			"LZ3": { "x": -295.78, "y": -72.19, "rotation": 156.13, "width": 1024, "height": 768 }
		},
		"Z1": {
			"Z1": { "x": -243.34, "y": -95.2, "rotation": 156.13, "width": 1024, "height": 768 }
		},
		"Z2": {
			"Z2": { "x": -243.34, "y": -95.2, "rotation": 156.13, "width": 1024, "height": 768 }
		}
	}
},
"animations": {
	"normal": {
		"bones": {
			"car": {
				"rotate": [
					{ "time": 0, "angle": 0, "curve": "stepped" },
					{ "time": 2, "angle": 0 }
				],
				"translate": [
					{ "time": 0, "x": 0, "y": 0, "curve": "stepped" },
					{ "time": 2, "x": 0, "y": 0 }
				]
			},
			"A": {
				"translate": [
					{ "time": 0, "x": 0, "y": 0 },
					{ "time": 1, "x": 0, "y": -1 },
					{ "time": 2, "x": 0, "y": 0 }
				]
			}
		}
	},
	"start": {
		"bones": {
			"car": {
				"rotate": [
					{ "time": 0, "angle": 0, "curve": "stepped" },
					{ "time": 2, "angle": 0 }
				],
				"translate": [
					{ "time": 0, "x": 0, "y": 0, "curve": "stepped" },
					{ "time": 2, "x": 0, "y": 0 }
				]
			},
			"A": {
				"rotate": [
					{ "time": 0, "angle": 0, "curve": "stepped" },
					{ "time": 2, "angle": 0 }
				],
				"translate": [
					{ "time": 0, "x": 0, "y": 0 },
					{ "time": 0.3333, "x": 0, "y": -2 },
					{ "time": 0.6666, "x": 0, "y": 2.4 },
					{ "time": 1, "x": 0, "y": -2 },
					{ "time": 1.3333, "x": 0, "y": 2.4 },
					{ "time": 1.6666, "x": 0, "y": -2 },
					{ "time": 2, "x": 0, "y": 0 }
				]
			},
			"L2": {
				"rotate": [
					{ "time": 0, "angle": 0 },
					{ "time": 0.6666, "angle": 127.4 },
					{ "time": 1.3333, "angle": -104.44 },
					{ "time": 2, "angle": 0 }
				],
				"translate": [
					{ "time": 0, "x": 0, "y": 0, "curve": "stepped" },
					{ "time": 2, "x": 0, "y": 0 }
				]
			},
			"L1": {
				"rotate": [
					{ "time": 0, "angle": 0 },
					{ "time": 0.6666, "angle": 127.4 },
					{ "time": 1.3333, "angle": -104.44 },
					{ "time": 2, "angle": 0 }
				],
				"translate": [
					{ "time": 0, "x": 0, "y": 0, "curve": "stepped" },
					{ "time": 2, "x": 0, "y": 0 }
				]
			},
			"LZ3": {
				"rotate": [
					{ "time": 0, "angle": 0 },
					{ "time": 0.3333, "angle": 115.44 },
					{ "time": 0.6666, "angle": -136.36 },
					{ "time": 1, "angle": 0 },
					{ "time": 1.3333, "angle": 115.44 },
					{ "time": 1.6666, "angle": -136.36 },
					{ "time": 2, "angle": 0 }
				],
				"translate": [
					{ "time": 0, "x": 0, "y": 0, "curve": "stepped" },
					{ "time": 2, "x": 0, "y": 0 }
				]
			},
			"LZ2": {
				"rotate": [
					{ "time": 0, "angle": 0 },
					{ "time": 0.3333, "angle": 115.44 },
					{ "time": 0.6666, "angle": -136.36 },
					{ "time": 1, "angle": 0 },
					{ "time": 1.3333, "angle": 115.44 },
					{ "time": 1.6666, "angle": -136.36 },
					{ "time": 2, "angle": 0 }
				],
				"translate": [
					{ "time": 0, "x": 0, "y": 0, "curve": "stepped" },
					{ "time": 2, "x": 0, "y": 0 }
				]
			},
			"LZ1": {
				"rotate": [
					{ "time": 0, "angle": 0 },
					{ "time": 0.3333, "angle": 115.44 },
					{ "time": 0.6666, "angle": -136.36 },
					{ "time": 1, "angle": 0 },
					{ "time": 1.3333, "angle": 115.44 },
					{ "time": 1.6666, "angle": -136.36 },
					{ "time": 2, "angle": 0 }
				],
				"translate": [
					{ "time": 0, "x": 0, "y": 0, "curve": "stepped" },
					{ "time": 2, "x": 0, "y": 0 }
				]
			},
			"Z": {
				"rotate": [
					{ "time": 0, "angle": 0 },
					{ "time": 0.3333, "angle": -2.15 },
					{ "time": 0.6666, "angle": 1.18 },
					{ "time": 1, "angle": -2.15 },
					{ "time": 1.3333, "angle": 1.18 },
					{ "time": 1.6666, "angle": -2.15 },
					{ "time": 2, "angle": 0 }
				],
				"translate": [
					{ "time": 0, "x": 0, "y": 0, "curve": "stepped" },
					{ "time": 2, "x": 0, "y": 0 }
				]
			},
			"C": {
				"rotate": [
					{ "time": 0, "angle": 0, "curve": "stepped" },
					{ "time": 2, "angle": 0 }
				],
				"translate": [
					{ "time": 0, "x": 0, "y": 0, "curve": "stepped" },
					{ "time": 2, "x": 0, "y": 0 }
				]
			}
		}
	}
}
}