{
"skeleton": { "hash": "QbT1RYIcvArXQWs5YFLy/Ce1iBs", "spine": "3.2.01", "width": 602.55, "height": 681.76, "images": "" },
"bones": [
	{ "name": "root" },
	{ "name": "bone", "parent": "root" },
	{ "name": "bone2", "parent": "bone" },
	{ "name": "TS", "parent": "bone2" },
	{ "name": "GJ", "parent": "TS", "x": 106.04, "y": 168.64 },
	{ "name": "M1", "parent": "TS", "x": -52.38, "y": 56.21 },
	{ "name": "M2", "parent": "TS", "x": 112.42, "y": 47.27 },
	{ "name": "M3", "parent": "TS", "x": 117.53, "y": 24.27 },
	{ "name": "PZ", "parent": "TS" },
	{ "name": "XXX", "parent": "TS" },
	{ "name": "shadow", "parent": "TS" }
],
"slots": [
	{ "name": "PZ", "bone": "PZ", "attachment": "PZ" },
	{ "name": "shadow", "bone": "shadow", "attachment": "shadow" },
	{ "name": "xxx", "bone": "XXX" },
	{ "name": "M1", "bone": "M1", "attachment": "M1" },
	{ "name": "M3", "bone": "M3", "attachment": "M3" },
	{ "name": "M2", "bone": "M2", "attachment": "M2" },
	{ "name": "GJ", "bone": "GJ", "attachment": "GJ" }
],
"skins": {
	"default": {
		"GJ": {
			"GJ": { "x": -121.04, "y": -78.64, "width": 600, "height": 600 }
		},
		"M1": {
			"M1": { "x": 37.38, "y": 33.78, "width": 600, "height": 600 },
			"M1B": { "x": 62.93, "y": 52.94, "width": 600, "height": 600 }
		},
		"M2": {
			"M2": { "x": -127.42, "y": 42.72, "width": 600, "height": 600 },
			"M2A": { "x": -127.81, "y": 42.98, "width": 600, "height": 600 },
			"M2B": { "x": -127.42, "y": 42.72, "width": 600, "height": 600 }
		},
		"M3": {
			"M3": { "x": -129.98, "y": 147.49, "width": 600, "height": 600 }
		},
		"PZ": {
			"PZ": { "x": -14.99, "y": 89.99, "width": 600, "height": 600 }
		},
		"shadow": {
			"shadow": { "x": -14.99, "y": 89.99, "width": 600, "height": 600 },
			"shadow2": { "x": -14.99, "y": 89.99, "width": 600, "height": 600 },
			"shadow3": { "x": -14.99, "y": 89.99, "width": 600, "height": 600 }
		},
		"xxx": {
			"XXX2": { "x": -14.99, "y": 89.99, "width": 600, "height": 600 },
			"xxx": { "x": -14.99, "y": 89.99, "width": 600, "height": 600 }
		}
	}
},
"animations": {
	"eat": {
		"slots": {
			"GJ": {
				"attachment": [
					{ "time": 0, "name": null }
				]
			},
			"M1": {
				"color": [
					{ "time": 0.1666, "color": "ffffff50" },
					{ "time": 0.3333, "color": "ffffffff" },
					{ "time": 0.5, "color": "ffffff61" },
					{ "time": 0.6666, "color": "ffffffff" },
					{ "time": 0.7666, "color": "ffffff47" },
					{ "time": 0.8333, "color": "ffffffff", "curve": "stepped" },
					{ "time": 2, "color": "ffffffff" },
					{ "time": 2.1666, "color": "ffffff54" },
					{ "time": 2.3333, "color": "fffffff3" },
					{ "time": 2.5, "color": "ffffff55" },
					{ "time": 2.6666, "color": "ffffff00" }
				],
				"attachment": [
					{ "time": 0, "name": "M1" },
					{ "time": 0.3333, "name": "M1B" }
				]
			},
			"M2": {
				"color": [
					{ "time": 1, "color": "ffffffff" },
					{ "time": 1.1333, "color": "ffffff3f" },
					{ "time": 1.2333, "color": "ffffffff", "curve": "stepped" },
					{ "time": 2.5, "color": "ffffffff" },
					{ "time": 2.6666, "color": "ffffff37" },
					{ "time": 2.8333, "color": "ffffffff" },
					{ "time": 2.9333, "color": "ffffff3f" },
					{ "time": 3.0666, "color": "ffffffd9" },
					{ "time": 3.1666, "color": "ffffff00" }
				],
				"attachment": [
					{ "time": 0, "name": "M2A" },
					{ "time": 1.2333, "name": "M2B" }
				]
			},
			"M3": {
				"color": [
					{ "time": 1.3333, "color": "ffffffff" },
					{ "time": 1.4333, "color": "ffffff6c" },
					{ "time": 1.5333, "color": "ffffffff" },
					{ "time": 1.6333, "color": "ffffff00" }
				]
			},
			"shadow": {
				"color": [
					{ "time": 2, "color": "ffffffe2" },
					{ "time": 2.5, "color": "ffffff40" },
					{ "time": 2.8333, "color": "ffffff00" }
				],
				"attachment": [
					{ "time": 0, "name": "shadow2" },
					{ "time": 0.8333, "name": "shadow3" }
				]
			},
			"xxx": {
				"color": [
					{ "time": 0.3333, "color": "ffffff24" },
					{ "time": 0.5, "color": "ffffff9d" },
					{ "time": 0.6666, "color": "ffffff41" },
					{ "time": 0.8333, "color": "ffffffff", "curve": "stepped" },
					{ "time": 2.1666, "color": "ffffffff" },
					{ "time": 2.3333, "color": "ffffffb5" },
					{ "time": 2.5, "color": "fffffff1" },
					{ "time": 2.6666, "color": "ffffff5f" },
					{ "time": 2.8333, "color": "ffffffff" }
				],
				"attachment": [
					{ "time": 0.3333, "name": "xxx" },
					{ "time": 2.6666, "name": "XXX2" }
				]
			}
		},
		"bones": {
			"M2": {
				"rotate": [
					{ "time": 0, "angle": 10.49, "curve": "stepped" },
					{ "time": 1.6333, "angle": 10.49 },
					{ "time": 1.6666, "angle": -0.92 },
					{ "time": 2, "angle": 10.49 }
				],
				"translate": [
					{ "time": 0, "x": -36, "y": -23.48, "curve": "stepped" },
					{ "time": 1.2, "x": -36, "y": -23.48 },
					{ "time": 1.2333, "x": -16.37, "y": 7.06, "curve": "stepped" },
					{ "time": 1.6333, "x": -16.37, "y": 7.06 },
					{ "time": 1.6666, "x": -1.51, "y": 0.87 }
				],
				"scale": [
					{ "time": 0, "x": 1, "y": 1 }
				]
			},
			"PZ": {
				"rotate": [
					{ "time": 0, "angle": 0 }
				],
				"translate": [
					{ "time": 0, "x": 0, "y": 0 }
				],
				"scale": [
					{ "time": 0, "x": 1, "y": 1 }
				]
			},
			"TS": {
				"rotate": [
					{ "time": 0, "angle": 0, "curve": "stepped" },
					{ "time": 3.6666, "angle": 0 }
				],
				"translate": [
					{ "time": 0, "x": 0, "y": 0 }
				],
				"scale": [
					{ "time": 0, "x": 1, "y": 1 }
				]
			},
			"shadow": {
				"rotate": [
					{ "time": 0, "angle": 0 }
				],
				"translate": [
					{ "time": 0, "x": 0, "y": 0 }
				],
				"scale": [
					{ "time": 0, "x": 0.968, "y": 0.968 }
				]
			},
			"M3": {
				"rotate": [
					{ "time": 0, "angle": -25.43 }
				],
				"translate": [
					{ "time": 0, "x": -29.74, "y": -7.82 }
				],
				"scale": [
					{ "time": 0, "x": 1, "y": 1 }
				]
			},
			"XXX": {
				"rotate": [
					{ "time": 0, "angle": 0 }
				],
				"translate": [
					{ "time": 0, "x": 0, "y": 0 }
				],
				"scale": [
					{ "time": 0, "x": 1, "y": 1 }
				]
			},
			"GJ": {
				"rotate": [
					{ "time": 0, "angle": 0 }
				],
				"translate": [
					{ "time": 0, "x": -29.74, "y": -102.91 }
				],
				"scale": [
					{ "time": 0, "x": 0.847, "y": 0.847 }
				]
			},
			"M1": {
				"rotate": [
					{ "time": 0, "angle": 0, "curve": "stepped" },
					{ "time": 2, "angle": 0 }
				],
				"translate": [
					{ "time": 0, "x": 0, "y": 0, "curve": "stepped" },
					{ "time": 0.8, "x": 0, "y": 0 },
					{ "time": 0.8333, "x": -21.81, "y": -21.82, "curve": "stepped" },
					{ "time": 2, "x": -21.81, "y": -21.82 }
				],
				"scale": [
					{ "time": 0, "x": 1, "y": 1 }
				]
			}
		}
	},
	"normal": {
		"slots": {
			"GJ": {
				"attachment": [
					{ "time": 0, "name": null }
				]
			},
			"M2": {
				"attachment": [
					{ "time": 0, "name": "M2A" }
				]
			},
			"shadow": {
				"attachment": [
					{ "time": 0, "name": "shadow2" }
				]
			}
		},
		"bones": {
			"M2": {
				"rotate": [
					{ "time": 0, "angle": 10.49, "curve": "stepped" },
					{ "time": 1, "angle": 10.49 }
				],
				"translate": [
					{ "time": 0, "x": -36, "y": -23.48, "curve": "stepped" },
					{ "time": 1, "x": -36, "y": -23.48 }
				],
				"scale": [
					{ "time": 0, "x": 1, "y": 1, "curve": "stepped" },
					{ "time": 1, "x": 1, "y": 1 }
				]
			},
			"PZ": {
				"rotate": [
					{ "time": 0, "angle": 0, "curve": "stepped" },
					{ "time": 1, "angle": 0 }
				],
				"translate": [
					{ "time": 0, "x": 0, "y": 0, "curve": "stepped" },
					{ "time": 1, "x": 0, "y": 0 }
				],
				"scale": [
					{ "time": 0, "x": 1, "y": 1, "curve": "stepped" },
					{ "time": 1, "x": 1, "y": 1 }
				]
			},
			"TS": {
				"rotate": [
					{ "time": 0, "angle": 0, "curve": "stepped" },
					{ "time": 2, "angle": 0 }
				],
				"translate": [
					{ "time": 0, "x": 0, "y": 0, "curve": "stepped" },
					{ "time": 2, "x": 0, "y": 0 }
				],
				"scale": [
					{ "time": 0, "x": 1, "y": 1 },
					{ "time": 1, "x": 0.99, "y": 0.99 },
					{ "time": 2, "x": 1, "y": 1 }
				]
			},
			"GJ": {
				"rotate": [
					{ "time": 0, "angle": 0, "curve": "stepped" },
					{ "time": 1, "angle": 0 }
				],
				"translate": [
					{ "time": 0, "x": -29.74, "y": -102.91, "curve": "stepped" },
					{ "time": 1, "x": -29.74, "y": -102.91 }
				],
				"scale": [
					{ "time": 0, "x": 0.847, "y": 0.847, "curve": "stepped" },
					{ "time": 1, "x": 0.847, "y": 0.847 }
				]
			},
			"M1": {
				"rotate": [
					{ "time": 0, "angle": 0, "curve": "stepped" },
					{ "time": 1, "angle": 0 }
				],
				"translate": [
					{ "time": 0, "x": 0, "y": 0, "curve": "stepped" },
					{ "time": 1, "x": 0, "y": 0 }
				],
				"scale": [
					{ "time": 0, "x": 1, "y": 1, "curve": "stepped" },
					{ "time": 1, "x": 1, "y": 1 }
				]
			},
			"M3": {
				"rotate": [
					{ "time": 0, "angle": -25.43, "curve": "stepped" },
					{ "time": 1, "angle": -25.43 }
				],
				"translate": [
					{ "time": 0, "x": -29.74, "y": -7.82, "curve": "stepped" },
					{ "time": 1, "x": -29.74, "y": -7.82 }
				],
				"scale": [
					{ "time": 0, "x": 1, "y": 1, "curve": "stepped" },
					{ "time": 1, "x": 1, "y": 1 }
				]
			},
			"shadow": {
				"rotate": [
					{ "time": 0, "angle": 0, "curve": "stepped" },
					{ "time": 1, "angle": 0 }
				],
				"translate": [
					{ "time": 0, "x": 0, "y": 0, "curve": "stepped" },
					{ "time": 1, "x": 0, "y": 0 }
				],
				"scale": [
					{ "time": 0, "x": 0.968, "y": 0.968, "curve": "stepped" },
					{ "time": 1, "x": 0.968, "y": 0.968 }
				]
			},
			"XXX": {
				"rotate": [
					{ "time": 0, "angle": 0, "curve": "stepped" },
					{ "time": 1, "angle": 0 }
				],
				"translate": [
					{ "time": 0, "x": 0, "y": 0, "curve": "stepped" },
					{ "time": 1, "x": 0, "y": 0 }
				],
				"scale": [
					{ "time": 0, "x": 1, "y": 1, "curve": "stepped" },
					{ "time": 1, "x": 1, "y": 1 }
				]
			}
		}
	},
	"normal2": {
		"slots": {
			"GJ": {
				"attachment": [
					{ "time": 0, "name": null }
				]
			},
			"M1": {
				"attachment": [
					{ "time": 0, "name": null }
				]
			},
			"M2": {
				"attachment": [
					{ "time": 0, "name": null }
				]
			},
			"M3": {
				"attachment": [
					{ "time": 0, "name": null }
				]
			},
			"PZ": {
				"attachment": [
					{ "time": 0, "name": "PZ" }
				]
			},
			"shadow": {
				"attachment": [
					{ "time": 0, "name": null }
				]
			},
			"xxx": {
				"attachment": [
					{ "time": 0, "name": "XXX2" }
				]
			}
		},
		"bones": {
			"M2": {
				"rotate": [
					{ "time": 0, "angle": 10.49, "curve": "stepped" },
					{ "time": 1, "angle": 10.49 }
				],
				"translate": [
					{ "time": 0, "x": -36, "y": -23.48, "curve": "stepped" },
					{ "time": 1, "x": -36, "y": -23.48 }
				],
				"scale": [
					{ "time": 0, "x": 1, "y": 1, "curve": "stepped" },
					{ "time": 1, "x": 1, "y": 1 }
				]
			},
			"PZ": {
				"rotate": [
					{ "time": 0, "angle": 0, "curve": "stepped" },
					{ "time": 1, "angle": 0 }
				],
				"translate": [
					{ "time": 0, "x": 0, "y": 0, "curve": "stepped" },
					{ "time": 1, "x": 0, "y": 0 }
				],
				"scale": [
					{ "time": 0, "x": 1, "y": 1, "curve": "stepped" },
					{ "time": 1, "x": 1, "y": 1 }
				]
			},
			"TS": {
				"rotate": [
					{ "time": 0, "angle": 0, "curve": "stepped" },
					{ "time": 2, "angle": 0 }
				],
				"translate": [
					{ "time": 0, "x": 0, "y": 0, "curve": "stepped" },
					{ "time": 2, "x": 0, "y": 0 }
				],
				"scale": [
					{ "time": 0, "x": 1, "y": 1 },
					{ "time": 1, "x": 0.99, "y": 0.99 },
					{ "time": 2, "x": 1, "y": 1 }
				]
			},
			"GJ": {
				"rotate": [
					{ "time": 0, "angle": 0, "curve": "stepped" },
					{ "time": 1, "angle": 0 }
				],
				"translate": [
					{ "time": 0, "x": -29.74, "y": -102.91, "curve": "stepped" },
					{ "time": 1, "x": -29.74, "y": -102.91 }
				],
				"scale": [
					{ "time": 0, "x": 0.847, "y": 0.847, "curve": "stepped" },
					{ "time": 1, "x": 0.847, "y": 0.847 }
				]
			},
			"M1": {
				"rotate": [
					{ "time": 0, "angle": 0, "curve": "stepped" },
					{ "time": 1, "angle": 0 }
				],
				"translate": [
					{ "time": 0, "x": 0, "y": 0, "curve": "stepped" },
					{ "time": 1, "x": 0, "y": 0 }
				],
				"scale": [
					{ "time": 0, "x": 1, "y": 1, "curve": "stepped" },
					{ "time": 1, "x": 1, "y": 1 }
				]
			},
			"M3": {
				"rotate": [
					{ "time": 0, "angle": -25.43, "curve": "stepped" },
					{ "time": 1, "angle": -25.43 }
				],
				"translate": [
					{ "time": 0, "x": -29.74, "y": -7.82, "curve": "stepped" },
					{ "time": 1, "x": -29.74, "y": -7.82 }
				],
				"scale": [
					{ "time": 0, "x": 1, "y": 1, "curve": "stepped" },
					{ "time": 1, "x": 1, "y": 1 }
				]
			},
			"shadow": {
				"rotate": [
					{ "time": 0, "angle": 0, "curve": "stepped" },
					{ "time": 1, "angle": 0 }
				],
				"translate": [
					{ "time": 0, "x": 0, "y": 0, "curve": "stepped" },
					{ "time": 1, "x": 0, "y": 0 }
				],
				"scale": [
					{ "time": 0, "x": 0.968, "y": 0.968, "curve": "stepped" },
					{ "time": 1, "x": 0.968, "y": 0.968 }
				]
			},
			"XXX": {
				"rotate": [
					{ "time": 0, "angle": 0, "curve": "stepped" },
					{ "time": 1, "angle": 0 }
				],
				"translate": [
					{ "time": 0, "x": 0, "y": 0, "curve": "stepped" },
					{ "time": 1, "x": 0, "y": 0 }
				],
				"scale": [
					{ "time": 0, "x": 1, "y": 1, "curve": "stepped" },
					{ "time": 1, "x": 1, "y": 1 }
				]
			}
		}
	},
	"start": {
		"slots": {
			"GJ": {
				"color": [
					{ "time": 0, "color": "ffffff00", "curve": "stepped" },
					{ "time": 1, "color": "ffffff00" },
					{ "time": 1.1666, "color": "ffffffff" }
				],
				"attachment": [
					{ "time": 0, "name": "GJ" },
					{ "time": 1.3333, "name": "GJ" },
					{ "time": 1.3666, "name": null }
				]
			},
			"M1": {
				"color": [
					{ "time": 0, "color": "ffffff00", "curve": "stepped" },
					{ "time": 0.2, "color": "ffffff00" },
					{ "time": 0.2666, "color": "ffffffff" }
				]
			},
			"M2": {
				"color": [
					{ "time": 0, "color": "ffffff00", "curve": "stepped" },
					{ "time": 0.8333, "color": "ffffff00" },
					{ "time": 0.9333, "color": "ffffffff" }
				],
				"attachment": [
					{ "time": 0, "name": "M2" },
					{ "time": 1.3333, "name": "M2" },
					{ "time": 1.3666, "name": "M2A" }
				]
			},
			"M3": {
				"color": [
					{ "time": 0, "color": "ffffff00", "curve": "stepped" },
					{ "time": 0.5666, "color": "ffffff00" },
					{ "time": 0.6666, "color": "ffffffff" }
				]
			},
			"PZ": {
				"color": [
					{ "time": 0, "color": "ffffff00" },
					{ "time": 0.2666, "color": "ffffffff" }
				]
			},
			"shadow": {
				"color": [
					{ "time": 0, "color": "ffffff00", "curve": "stepped" },
					{ "time": 0.3, "color": "ffffff00" },
					{ "time": 0.3333, "color": "ffffff23" },
					{ "time": 0.6666, "color": "ffffff2e" },
					{ "time": 1.3333, "color": "ffffffff" }
				],
				"attachment": [
					{ "time": 0, "name": "shadow" },
					{ "time": 0.6666, "name": "shadow2" }
				]
			}
		},
		"bones": {
			"M1": {
				"rotate": [
					{ "time": 0.2666, "angle": -3.97 },
					{ "time": 0.5, "angle": 2.54 },
					{ "time": 0.6, "angle": -3.77 },
					{ "time": 0.6666, "angle": -0.08 },
					{ "time": 1.5, "angle": 0 }
				],
				"translate": [
					{ "time": 0, "x": 0, "y": 217.19, "curve": "stepped" },
					{ "time": 0.2666, "x": 0, "y": 217.19 },
					{ "time": 0.5, "x": 0, "y": -3.05 },
					{ "time": 0.6, "x": 0, "y": 3.34 },
					{ "time": 0.6666, "x": 0, "y": -1.58 },
					{ "time": 1.5, "x": 0, "y": 0 }
				],
				"scale": [
					{ "time": 0.2666, "x": 0.921, "y": 0.921 },
					{ "time": 0.5, "x": 1, "y": 1, "curve": "stepped" },
					{ "time": 1.5, "x": 1, "y": 1 }
				]
			},
			"shadow": {
				"rotate": [
					{ "time": 1.5, "angle": 0 }
				],
				"translate": [
					{ "time": 0, "x": -3.13, "y": 3.13 },
					{ "time": 1.5, "x": 0, "y": 0 }
				],
				"scale": [
					{ "time": 0, "x": 0.796, "y": 0.796 },
					{ "time": 0.6666, "x": 0.985, "y": 0.985 },
					{ "time": 1.5, "x": 0.968, "y": 0.968 }
				]
			},
			"PZ": {
				"rotate": [
					{ "time": 1.5, "angle": 0 }
				],
				"translate": [
					{ "time": 0, "x": 0, "y": 59.49 },
					{ "time": 0.2666, "x": 0, "y": 0, "curve": "stepped" },
					{ "time": 1.5, "x": 0, "y": 0 }
				],
				"scale": [
					{ "time": 0, "x": 0.527, "y": 0.527 },
					{ "time": 0.2666, "x": 1, "y": 1, "curve": "stepped" },
					{ "time": 1.5, "x": 1, "y": 1 }
				]
			},
			"M3": {
				"rotate": [
					{ "time": 0.6666, "angle": -1.69 },
					{ "time": 0.8333, "angle": -25.43 },
					{ "time": 0.9333, "angle": -22.96 },
					{ "time": 1.1666, "angle": -25.43, "curve": "stepped" },
					{ "time": 1.5, "angle": -25.43 }
				],
				"translate": [
					{ "time": 0, "x": 0, "y": 270.84 },
					{ "time": 0.6666, "x": -28.18, "y": 270.84 },
					{ "time": 0.8333, "x": -29.74, "y": -7.82 },
					{ "time": 0.9333, "x": -29.74, "y": -3.13 },
					{ "time": 1.1666, "x": -29.74, "y": -7.82, "curve": "stepped" },
					{ "time": 1.5, "x": -29.74, "y": -7.82 }
				],
				"scale": [
					{ "time": 0.6666, "x": 0.843, "y": 0.843 },
					{ "time": 0.8333, "x": 1, "y": 1, "curve": "stepped" },
					{ "time": 1.5, "x": 1, "y": 1 }
				]
			},
			"M2": {
				"rotate": [
					{ "time": 0.9333, "angle": 34.96 },
					{ "time": 1.0333, "angle": 15.14 },
					{ "time": 1.1666, "angle": 10.49, "curve": "stepped" },
					{ "time": 1.5, "angle": 10.49 }
				],
				"translate": [
					{ "time": 0, "x": 0, "y": 295.12 },
					{ "time": 0.9333, "x": -14.09, "y": 295.12 },
					{ "time": 1.0333, "x": -36, "y": -20.35 },
					{ "time": 1.1666, "x": -36, "y": -23.48, "curve": "stepped" },
					{ "time": 1.5, "x": -36, "y": -23.48 }
				],
				"scale": [
					{ "time": 0.9333, "x": 0.923, "y": 0.923 },
					{ "time": 1.0333, "x": 1, "y": 1, "curve": "stepped" },
					{ "time": 1.5, "x": 1, "y": 1 }
				]
			},
			"GJ": {
				"rotate": [
					{ "time": 1.1666, "angle": 0, "curve": "stepped" },
					{ "time": 1.5, "angle": 0 }
				],
				"translate": [
					{ "time": 0, "x": 0, "y": 275.95 },
					{ "time": 1.1666, "x": -29.74, "y": 275.95 },
					{ "time": 1.3333, "x": -29.74, "y": -102.91, "curve": "stepped" },
					{ "time": 1.5, "x": -29.74, "y": -102.91 }
				],
				"scale": [
					{ "time": 1, "x": 0.655, "y": 0.655 },
					{ "time": 1.1666, "x": 0.617, "y": 0.617 },
					{ "time": 1.3333, "x": 0.847, "y": 0.847, "curve": "stepped" },
					{ "time": 1.5, "x": 0.847, "y": 0.847 }
				]
			},
			"TS": {
				"rotate": [
					{ "time": 1.5, "angle": 0 }
				],
				"translate": [
					{ "time": 1.5, "x": 0, "y": 0 }
				],
				"scale": [
					{ "time": 1.5, "x": 1, "y": 1 }
				]
			},
			"XXX": {
				"rotate": [
					{ "time": 1.5, "angle": 0 }
				],
				"translate": [
					{ "time": 1.5, "x": 0, "y": 0 }
				],
				"scale": [
					{ "time": 1.5, "x": 1, "y": 1 }
				]
			}
		}
	}
}
}