{
"skeleton": { "hash": "t8mbhDlj/cz4M5O5qW3L2Us1DiQ", "spine": "2.1.27", "width": 334.36, "height": 336.94, "images": "" },
"bones": [
	{ "name": "Root_All", "x": 9.22, "y": 11.06, "scaleX": 1.01, "scaleY": 1.01 },
	{ "name": "Ship_All", "parent": "Root_All" },
	{ "name": "Body", "parent": "Ship_All", "length": 255.84, "x": -2.15, "y": 6.63, "rotation": 90 },
	{ "name": "Antiaircraft", "parent": "Body", "length": 44.62, "x": 188.82, "y": -38.35, "rotation": -90 },
	{ "name": "Attack_Point", "parent": "Body", "length": 25.69, "x": 89.23, "y": -25.07, "rotation": -88.64 },
	{ "name": "BB", "parent": "Body", "length": 6.44, "x": 111.14, "y": 10.19, "rotation": 7.68 },
	{ "name": "Damage_Point", "parent": "Body", "length": 22.56, "x": 100.9, "y": 12.75, "rotation": -90 },
	{ "name": "Dialogue", "parent": "Body", "length": 57.85, "x": 188.67, "y": -42.48, "rotation": -90 },
	{ "name": "Expression", "parent": "Body", "length": 46.33, "x": 204.77, "y": -27.87, "rotation": -42.65 },
	{ "name": "Hand_L", "parent": "Body", "length": 17.06, "x": 96.54, "y": 35.73, "rotation": -8.94 },
	{ "name": "Hand_R", "parent": "Body", "length": 21.22, "x": 108.5, "y": -5.57, "rotation": -76.7 },
	{ "name": "Head", "parent": "Body", "length": 66.72, "x": 131.75, "y": 9.76, "rotation": -0.9 },
	{ "name": "Leg_L", "parent": "Body", "length": 56.71, "x": 59.95, "y": 23.13, "rotation": -175.49 },
	{ "name": "Leg_R", "parent": "Body", "length": 28.39, "x": 67.3, "y": 1.08, "rotation": 167.56 },
	{ "name": "Ship", "parent": "Body", "length": 127.17, "x": 100, "y": 60, "rotation": 270 },
	{ "name": "Smoke_L1", "parent": "Body", "length": 51.75, "x": 95.72, "y": -18.74, "rotation": -54.55 },
	{ "name": "Smoke_R1", "parent": "Body", "length": 79.5, "x": 99.73, "y": 53.73, "rotation": 21.87 },
	{ "name": "Throw_Point", "parent": "Body", "length": 24.91, "x": 76.3, "y": -16.67, "rotation": -88.64 },
	{ "name": "BOOM_L", "parent": "Hand_L", "length": 30.45, "x": 10.42, "y": -3.3, "rotation": -172.85 },
	{ "name": "BOOM_R", "parent": "Hand_R", "length": 30.45, "x": 23.47, "y": 9.53, "rotation": -101.48 },
	{ "name": "Face", "parent": "Head", "length": 66.94, "x": 47.91, "y": 21, "rotation": -89.09 },
	{ "name": "b1", "parent": "BB", "length": 5.22, "x": 2.94, "y": 11.01, "rotation": -10.78 },
	{ "name": "b2", "parent": "BB", "length": 4.72, "x": 0.19, "y": -9.39, "rotation": 2.93 },
	{ "name": "bl", "parent": "BB", "length": 7.25, "x": -6.9, "y": 11.76, "rotation": -9.9 },
	{ "name": "br", "parent": "BB", "length": 7.54, "x": -10.5, "y": -10.58, "rotation": -9.82 },
	{ "name": "dl", "parent": "BOOM_L", "length": 8.19, "x": 33.7, "y": -2.95, "rotation": 4.05 },
	{ "name": "dr", "parent": "BOOM_R", "length": 6.33, "x": 34.9, "y": 2.67, "rotation": -4.98 },
	{ "name": "dl2", "parent": "dl", "length": 14.14, "x": 8.92, "y": -0.35, "rotation": -1.8 },
	{ "name": "dr2", "parent": "dr", "length": 14.89, "x": 6.71, "rotation": 4.5 },
	{ "name": "dl3", "parent": "dl2", "length": 7.81, "x": 14.88, "y": -0.48 },
	{ "name": "dr3", "parent": "dr2", "length": 8.19, "x": 15.25, "y": -0.34, "rotation": 0.9 },
	{ "name": "dl4", "parent": "dl3", "length": 17.49, "x": 8.18, "y": -0.43 },
	{ "name": "dr4", "parent": "dr3", "length": 20.84, "x": 8.19, "y": 0.05, "rotation": -1.8 }
],
"slots": [
	{ "name": "Rodney_ship_armor_normal", "bone": "Ship", "attachment": "Ship_armor_normal" },
	{ "name": "leg_R", "bone": "Leg_R", "attachment": "leg_R" },
	{ "name": "leg_L", "bone": "Leg_L", "attachment": "leg_L" },
	{ "name": "hand_R", "bone": "Hand_R", "attachment": "hand_R" },
	{ "name": "Rodney_body_normal", "bone": "Body", "attachment": "Body_Change" },
	{ "name": "Light_Body", "bone": "Body", "attachment": "change", "blend": "additive" },
	{ "name": "BB", "bone": "BB", "attachment": "change" },
	{ "name": "hand_L", "bone": "Hand_L", "attachment": "hand_L" },
	{ "name": "DR", "bone": "dr", "attachment": "DR" },
	{ "name": "DL", "bone": "dl", "attachment": "change" },
	{ "name": "BOOM_R", "bone": "BOOM_R", "attachment": "BOOM_R" },
	{ "name": "BOOM_L", "bone": "BOOM_L", "attachment": "BOOM_L" },
	{ "name": "head", "bone": "Head", "attachment": "head" },
	{ "name": "head_light", "bone": "Head", "attachment": "head_light", "blend": "additive" },
	{ "name": "Rodney_eyes_normal", "bone": "Face", "attachment": "Rodney_eyes_normal" }
],
"skins": {
	"default": {
		"BOOM_L": {
			"BOOM_L": { "x": -23.2, "y": 18.7, "rotation": 91.8, "width": 330, "height": 330 }
		},
		"BOOM_R": {
			"BOOM_R": { "x": -6.94, "y": -37.44, "rotation": 88.19, "width": 330, "height": 330 }
		},
		"DR": {
			"DR": {
				"type": "skinnedmesh",
				"uvs": [ 1, 0.14311, 1, 0.29111, 1, 0.49311, 1, 0.73711, 1, 1, 0.47709, 1, 0, 1, 0, 0.74111, 0, 0.49311, 0, 0.29111, 0, 0.13511, 0, 0, 0.45176, 0, 1, 0, 0.46442, 0.09711, 0.47076, 0.16511, 0.48342, 0.27711, 0.47076, 0.40711, 0.46442, 0.45111, 0.47076, 0.56711, 0.46442, 0.72311, 0.48976, 0.91111, 0.38842, 0.07112, 0.23009, 0.21311, 0.24909, 0.37111, 0.31242, 0.43511, 0.32509, 0.55111, 0.29976, 0.69511, 0.31242, 0.88911, 0.62909, 0.89311, 0.64176, 0.70311, 0.64176, 0.55511, 0.66076, 0.44111, 0.71142, 0.37311, 0.71776, 0.21311, 0.55942, 0.07311 ],
				"triangles": [ 4, 5, 29, 5, 21, 29, 29, 3, 4, 6, 28, 5, 5, 28, 21, 6, 7, 28, 29, 21, 20, 21, 28, 20, 29, 30, 3, 29, 20, 30, 7, 27, 28, 28, 27, 20, 7, 8, 27, 30, 31, 3, 3, 31, 2, 20, 27, 19, 20, 19, 30, 19, 27, 26, 30, 19, 31, 27, 8, 26, 2, 31, 32, 32, 33, 2, 24, 26, 8, 26, 18, 19, 19, 18, 31, 31, 18, 32, 26, 25, 18, 18, 17, 32, 18, 25, 17, 26, 24, 25, 8, 9, 24, 33, 1, 2, 33, 32, 16, 17, 25, 16, 32, 17, 16, 16, 25, 24, 15, 16, 23, 33, 34, 1, 33, 16, 34, 9, 23, 24, 24, 23, 16, 9, 10, 23, 34, 0, 1, 34, 16, 15, 14, 15, 22, 22, 15, 23, 34, 15, 35, 0, 34, 13, 22, 23, 11, 15, 14, 35, 34, 35, 13, 23, 10, 11, 22, 12, 14, 14, 12, 35, 35, 12, 13, 22, 11, 12 ],
				"vertices": [ 2, 26, 5.5, 8.68999, 0.53135, 28, -0.52, 8.76, 0.46863, 3, 26, 13.92, 9.16, 0.01847, 28, 7.9, 8.57, 0.92393, 30, -7.21, 9.04, 0.05757, 3, 28, 19.41, 8.31, 0.14552, 30, 4.29, 8.59, 0.71358, 32, -4.17, 8.41, 0.14089, 2, 30, 18.19, 8.06, 0.00793, 32, 9.72999, 8.32, 0.99206, 1, 32, 21.72, 8.22999, 1, 1, 32, 21.66, -0.17, 1, 1, 32, 21.6, -8.76, 1, 2, 30, 17.76, -8.93, 0.00863, 32, 9.84, -8.68, 0.99135, 3, 28, 19.03, -8.67, 0.1645, 30, 3.63, -8.38, 0.67654, 32, -4.29, -8.58, 0.15895, 3, 26, 14.86, -7.81, 0.01977, 28, 7.52, -8.41, 0.93644, 30, -7.86, -7.94, 0.04377, 2, 26, 5.98, -8.3, 0.58817, 28, -1.36, -8.21, 0.41182, 2, 26, -1.7, -8.72, 0.97963, 28, -9.06, -8.04, 0.02036, 1, 26, -2.15, -0.61, 1, 2, 26, -2.64, 8.24, 0.98394, 28, -8.68, 8.93999, 0.01605, 1, 26, 3.36, -0.07, 1, 2, 26, 7.22, 0.25, 0.5, 28, 0.52999, 0.21, 0.5, 1, 28, 6.91, 0.29, 1, 2, 28, 14.32, -0.09, 0.5, 30, -0.93, 0.26, 0.5, 1, 30, 1.56, 0.05, 1, 2, 30, 8.18, -0.08, 0.5, 32, -0.01, -0.13, 0.5, 1, 32, 8.87, -0.31, 1, 1, 32, 19.59, 0.06, 1, 1, 26, 1.95, -1.52, 1, 3, 26, 10.18999, -3.92, 0.0895, 28, 3.17, -4.17, 0.91033, 30, -12.14, -3.63, 1.6E-4, 2, 28, 12.18, -4.03, 0.86885, 30, -3.13, -3.63, 0.13113, 2, 28, 15.85, -2.97, 0.38026, 30, 0.55, -2.64, 0.61973, 2, 30, 7.16, -2.66, 0.48873, 32, -0.94, -2.75, 0.51125, 2, 30, 15.35, -3.43, 0.01616, 32, 7.26, -3.26, 0.98383, 1, 32, 18.32, -3.11, 1, 1, 32, 18.58, 2.58, 1, 2, 30, 16.04, 2.69, 0.01554, 32, 7.76, 2.88, 0.98445, 2, 30, 7.61, 3.01, 0.64812, 32, -0.67, 2.94, 0.35187, 2, 28, 16.33, 3.28, 0.26727, 30, 1.13, 3.61, 0.73272, 2, 28, 12.48, 4.27, 0.73184, 30, -2.7, 4.67, 0.26815, 2, 26, 9.71, 4.84, 0.13229, 28, 3.36, 4.59, 0.8677, 2, 26, 1.9, 1.55, 0.9914, 28, -4.67, 1.92, 0.00859 ],
				"hull": 14,
				"edges": [ 22, 24, 24, 26, 8, 10, 10, 12, 18, 20, 20, 22, 16, 18, 12, 14, 14, 16, 6, 8, 2, 4, 4, 6, 2, 0, 0, 26 ],
				"width": 18,
				"height": 57
			}
		},
		"Rodney_eyes_normal": {
			"Rodney_eyes_damage": { "x": 19.21, "y": -48.69, "width": 330, "height": 330 },
			"Rodney_eyes_normal": { "x": 19.21, "y": -48.69, "width": 330, "height": 330 }
		},
		"hand_L": {
			"hand_L": { "x": 39.22, "y": -18.47, "rotation": -81.05, "width": 330, "height": 330 }
		},
		"hand_R": {
			"hand_R": { "x": -11.01, "y": 27.16, "rotation": -13.29, "width": 330, "height": 330 }
		},
		"head": {
			"head": { "x": -0.98, "y": 0.85, "rotation": -89.09, "width": 330, "height": 330 }
		},
		"head_light": {
			"head_light": { "x": -0.98, "y": 0.85, "rotation": -89.09, "width": 330, "height": 330 }
		},
		"leg_L": {
			"leg_L": { "x": -71.31, "y": 18.34, "rotation": 85.49, "width": 330, "height": 330 }
		},
		"leg_R": {
			"leg_R": { "x": -61.64, "y": -23.15, "rotation": 102.43, "width": 330, "height": 330 }
		}
	},
	"damage": {
		"BB": {
			"change": {
				"name": "BB_damage",
				"type": "skinnedmesh",
				"uvs": [ 1, 0.25824, 1, 0.53476, 1, 0.80606, 1, 1, 0.81032, 1, 0.50717, 1, 0.25769, 1, 0, 1, 0, 0.77997, 0, 0.56606, 0, 0.2791, 0, 0, 0.26401, 0, 0.56085, 0, 0.80401, 0, 1, 0, 0.21348, 0.56084, 0.40611, 0.55563, 0.62401, 0.55041, 0.83243, 0.55041, 0.18822, 0.10171, 0.4219, 0.08084, 0.53243, 0.08084, 0.74401, 0.11215, 0.83559, 0.19041, 0.93664, 0.29476, 0.94296, 0.73823, 0.85138, 0.90519, 0.61454, 0.90519, 0.39033, 0.90519, 0.25138, 0.92084, 0.0619, 0.8165, 0.04927, 0.31563 ],
				"triangles": [ 13, 21, 12, 22, 21, 13, 20, 11, 12, 23, 13, 14, 22, 13, 23, 24, 14, 15, 23, 14, 24, 24, 15, 0, 10, 11, 20, 25, 24, 0, 32, 10, 20, 25, 0, 1, 18, 22, 23, 18, 23, 24, 19, 18, 24, 25, 19, 24, 1, 19, 25, 21, 20, 12, 17, 20, 21, 16, 32, 20, 17, 21, 22, 18, 17, 22, 17, 16, 20, 9, 10, 32, 9, 32, 16, 26, 19, 1, 31, 8, 9, 26, 1, 2, 16, 31, 9, 29, 16, 17, 30, 31, 16, 27, 19, 26, 27, 26, 2, 28, 17, 18, 29, 17, 28, 28, 18, 19, 28, 19, 27, 29, 30, 16, 7, 8, 31, 7, 31, 30, 6, 30, 29, 7, 30, 6, 5, 29, 28, 6, 29, 5, 4, 28, 27, 5, 28, 4, 27, 2, 3, 4, 27, 3 ],
				"vertices": [ 3, 22, -2.22, -10.06, 0.12922, 23, 10.7, -29.92, 0, 24, 10.39, -7.3, 0.87076, 1, 24, 4.04, -7.54, 1, 1, 24, -2.19, -7.78, 1, 1, 24, -6.65, -7.95, 1, 3, 5, -17.45, -10.14, 0.01577, 23, -6.62, -23.39, 0.0204, 24, -6.92, -0.75, 0.96382, 3, 5, -15.91, 1.27, 0.22756, 23, -7.07, -11.88, 0.45784, 24, -7.35, 10.76, 0.31458, 3, 5, -14.65, 10.66, 0.0554, 23, -7.44, -2.41, 0.91477, 24, -7.71, 20.23, 0.02982, 1, 23, -7.83, 7.37, 1, 2, 21, -12.7, 6.41, 0.02357, 23, -2.77, 7.57, 0.97642, 5, 5, -3.45, 19.04, 3.0E-5, 21, -7.79, 6.68, 0.19025, 22, -2.18, 28.58, 0, 23, 2.14, 7.76, 0.8097, 24, 1.88, 30.39, 0, 5, 5, 3.08, 18.16, 0.00454, 21, -1.2, 7.04, 0.80617, 22, 4.29, 27.37, 2.0E-5, 23, 8.72999, 8.02, 0.18925, 24, 8.47999, 30.64, 0, 4, 5, 9.43999, 17.29999, 0.01444, 21, 5.19999, 7.39, 0.98547, 22, 10.6, 26.19, 7.0E-5, 24, 14.89, 30.88, 0, 5, 5, 8.1, 7.36, 0.12033, 21, 5.75, -2.61999, 0.87607, 22, 8.76, 16.33, 6.2E-4, 23, 15.54, -1.74, 0.00296, 24, 15.27, 20.86, 0, 5, 5, 6.6, -3.81, 0.65257, 21, 6.36, -13.88, 0.00126, 22, 6.68, 5.23999, 0.34603, 23, 15.98, -13.01, 5.0E-5, 24, 15.7, 9.59, 7.0E-5, 3, 22, 4.98, -3.83, 0.72144, 23, 16.35, -22.25, 0, 24, 16.04999, 0.35, 0.27855, 3, 22, 3.61, -11.15, 0.31893, 23, 16.64, -29.69, 0, 24, 16.33, -7.08, 0.68106, 1, 23, 2.57, -0.33, 1, 4, 5, -5.27, 3.71, 0.44965, 22, -4.79, 13.37, 0.00199, 23, 2.98, -7.64, 0.50693, 24, 2.7, 14.98, 0.0414, 4, 5, -6.26, -4.5, 0.38843, 22, -6.19, 5.21, 0.18903, 23, 3.43, -15.91, 0.07024, 24, 3.14, 6.71, 0.35228, 1, 24, 3.44, -1.19, 1, 1, 21, 3.25, 0.12, 1, 3, 5, 5.46, 1.66, 0.94186, 21, 4.21999, -8.71, 0.05111, 23, 13.92, -7.81, 0.00702, 2, 5, 4.9, -2.49, 0.89124, 22, 5.05, 6.64, 0.10875, 2, 22, 2.87, -1.12, 0.91749, 24, 13.38, 2.53, 0.0825, 3, 22, 0.46, -4.21, 0.33584, 23, 12.02, -23.62, 0, 24, 11.72, -1, 0.66415, 3, 22, -2.59999, -7.54, 0.14714, 23, 9.77, -27.55, 0, 24, 9.46, -4.92999, 0.85285, 1, 24, -0.71, -5.56, 1, 3, 5, -15.49, -11.98, 0.00509, 23, -4.38, -24.86, 0.00772, 24, -4.67999, -2.22, 0.98718, 4, 5, -14.29, -3.06, 0.1918, 22, -14.15, 7.06, 0.00115, 23, -4.73, -15.87, 0.25027, 24, -5.02, 6.76, 0.55676, 3, 5, -13.16, 5.38, 0.18096, 23, -5.06, -7.36, 0.69208, 24, -5.34, 15.27, 0.12694, 3, 5, -12.81, 10.66, 0.04405, 23, -5.63, -2.08999, 0.93422, 24, -5.9, 20.54, 0.02172, 2, 21, -13.41, 4.02, 0.01243, 23, -3.52, 5.17999, 0.98756, 5, 5, 2, 16.42, 0.00224, 21, -1.94, 5.12, 0.67109, 22, 3.12, 25.68, 1.0E-5, 23, 7.97, 6.12, 0.32663, 24, 7.71, 28.74, 0 ],
				"hull": 16,
				"edges": [ 22, 24, 24, 26, 26, 28, 28, 30, 2, 0, 0, 30, 2, 4, 4, 6, 6, 8, 8, 10, 10, 12, 12, 14, 14, 16, 16, 18, 18, 20, 20, 22 ],
				"width": 38,
				"height": 23
			}
		},
		"DL": {
			"change": {
				"name": "DL_damge",
				"type": "skinnedmesh",
				"uvs": [ 1, 0.12657, 1, 0.29953, 1, 0.48362, 1, 0.71235, 1, 1, 0.53766, 1, 0, 1, 0, 0.68167, 0, 0.46688, 0, 0.28181, 0, 0.12099, 0, 0, 0.504, 0, 1, 0, 0.51522, 0.16487, 0.53766, 0.40939, 0.52644, 0.57241, 0.53766, 0.74606, 0.45911, 0.08336, 0.26833, 0.20739, 0.27955, 0.36332, 0.35811, 0.51571, 0.33566, 0.72125, 0.36933, 0.88072, 0.68355, 0.88072, 0.69477, 0.71771, 0.68355, 0.5228, 0.73966, 0.36332, 0.73966, 0.21448, 0.60301, 0.08057 ],
				"triangles": [ 5, 24, 4, 4, 24, 3, 24, 25, 3, 6, 23, 5, 23, 17, 5, 5, 17, 24, 6, 22, 23, 6, 7, 22, 24, 17, 25, 23, 22, 17, 22, 16, 17, 17, 16, 25, 22, 21, 16, 22, 7, 21, 16, 26, 25, 25, 26, 3, 26, 2, 3, 21, 8, 20, 21, 7, 8, 16, 21, 15, 16, 15, 26, 26, 27, 2, 26, 15, 27, 21, 20, 15, 27, 1, 2, 8, 9, 20, 20, 14, 15, 27, 15, 28, 9, 19, 20, 14, 20, 19, 27, 28, 1, 9, 10, 19, 19, 10, 11, 14, 19, 18, 28, 15, 14, 14, 29, 28, 28, 0, 1, 0, 28, 13, 18, 19, 11, 14, 18, 29, 28, 29, 13, 18, 12, 29, 18, 11, 12, 29, 12, 13 ],
				"vertices": [ 3, 25, 6.16, 7.7, 0.97516, 27, -3.01, 7.96, 0.02483, 29, -17.9, 8.45, 0, 3, 25, 16.01, 7.31, 0.22325, 27, 6.84, 7.88, 0.77674, 29, -8.04, 8.37, 0, 4, 25, 26.49, 6.9, 4.2E-4, 27, 17.33, 7.8, 0.83085, 29, 2.44, 8.29, 0.1043, 31, -5.73, 8.72999, 0.06441, 2, 27, 30.37, 7.7, 0.01204, 31, 7.29, 8.63, 0.98795, 1, 31, 20.69, 8.52, 1, 1, 31, 20.62999, 1.2, 1, 1, 31, 20.54999, -8.47, 1, 2, 29, 13.6, -8.79, 0.22994, 31, 5.41, -8.35, 0.77005, 3, 27, 16.24, -9.18, 0.08533, 29, 1.36, -8.68999, 0.88323, 31, -6.82, -8.25, 0.03142, 2, 27, 5.69, -9.1, 0.8419, 29, -9.18, -8.60999, 0.15809, 3, 25, 5.17, -9.26, 0.24904, 27, -3.46, -9.02, 0.74855, 29, -18.35, -8.54, 0.00239, 2, 25, -1.71, -8.99, 0.58727, 27, -10.35999, -8.97, 0.41272, 1, 25, -1.35, 0.06, 1, 2, 25, -1.04, 7.99, 1, 27, -10.22999, 8.02, 0, 1, 25, 8.04, -0.09, 1, 2, 25, 21.98, -0.24, 1.4E-4, 27, 13.04, 0.51, 0.99985, 2, 29, 7.44, 0.73, 0.5, 31, -0.73, 1.16, 0.5, 1, 31, 9.16, 1.29, 1, 2, 25, 3.35, -0.92, 0.95945, 27, -5.54, -0.74, 0.04053, 3, 25, 10.28, -4.63, 0.00474, 27, 1.49, -4.23, 0.9678, 29, -13.39, -3.74, 0.02744, 2, 27, 10.38, -4.1, 0.77516, 29, -4.5, -3.61, 0.22483, 2, 29, 4.19, -2.27, 0.96484, 31, -3.99, -1.83, 0.03515, 2, 29, 15.9, -2.76, 0.01286, 31, 7.71, -2.33, 0.98713, 1, 31, 16.81, -1.79, 1, 1, 31, 16.85, 3.85, 1, 2, 27, 30.64, 3.2, 0.00712, 31, 7.56, 4.13, 0.99287, 3, 27, 19.53, 3.09, 0.31478, 29, 4.64, 3.58, 0.45717, 31, -3.54, 4.01, 0.22803, 2, 25, 19.5, 3.49, 0.02634, 27, 10.43999, 4.17, 0.97365, 3, 25, 11.02, 3.82, 0.68316, 27, 1.96, 4.23999, 0.31683, 29, -12.92, 4.73, 0, 1, 25, 3.3, 1.66, 1 ],
				"hull": 14,
				"edges": [ 22, 24, 24, 26, 8, 10, 10, 12, 18, 20, 20, 22, 16, 18, 12, 14, 14, 16, 6, 8, 2, 4, 4, 6, 2, 0, 0, 26 ],
				"width": 18,
				"height": 57
			}
		},
		"Light_Body": {
			"change": { "name": "Rodney_ship_body_damage_light", "x": 131.31, "y": 11.43, "rotation": -90, "width": 330, "height": 330 }
		},
		"Rodney_body_normal": {
			"Body_Change": { "name": "Rodney_body_damage", "x": 131.3, "y": 10.78, "rotation": -90, "width": 330, "height": 330 }
		},
		"Rodney_ship_armor_normal": {
			"Ship_armor_normal": { "name": "Rodney_ship_armor_damage", "x": 49.21, "y": 31.3, "width": 330, "height": 330 }
		}
	},
	"normal": {
		"BB": {
			"change": {
				"name": "BB",
				"type": "skinnedmesh",
				"uvs": [ 1, 0.27209, 1, 0.55513, 1, 0.78426, 1, 1, 0.75673, 1, 0.48752, 1, 0.25503, 1, 0, 1, 0, 0.80448, 0, 0.5484, 0, 0.27209, 0, 0, 0.23871, 0, 0.52016, 0, 0.75673, 0, 1, 0, 0.14489, 0.56187, 0.37331, 0.5484, 0.64252, 0.5484, 0.87502, 0.55513, 0.19792, 0.10361, 0.40595, 0.10361, 0.61805, 0.12383, 0.79752, 0.11035, 0.92397, 0.30579, 0.90358, 0.83818, 0.63437, 0.89883, 0.38555, 0.89209, 0.10818, 0.87187, 0.08779, 0.25861 ],
				"triangles": [ 21, 12, 13, 20, 11, 12, 20, 12, 21, 23, 14, 15, 22, 13, 14, 22, 14, 23, 21, 13, 22, 29, 11, 20, 10, 11, 29, 23, 15, 0, 24, 23, 0, 9, 10, 29, 21, 29, 20, 17, 21, 22, 17, 29, 21, 16, 9, 29, 24, 18, 22, 24, 22, 23, 17, 22, 18, 19, 18, 24, 24, 0, 1, 19, 24, 1, 17, 16, 29, 19, 1, 2, 8, 9, 16, 25, 19, 2, 28, 8, 16, 27, 17, 18, 16, 17, 27, 28, 16, 27, 26, 27, 18, 25, 26, 18, 25, 18, 19, 7, 8, 28, 6, 28, 27, 7, 28, 6, 5, 27, 26, 6, 27, 5, 4, 26, 25, 5, 26, 4, 25, 2, 3, 4, 25, 3 ],
				"vertices": [ 5, 5, -1.82, -19.51, 6.0E-5, 21, 1.02, -30.88, 2.0E-5, 22, -2.53, -10, 0.16047, 23, 10.38, -29.93, 0, 24, 10.07, -7.31, 0.83941, 2, 21, -5.47, -31.24, 0, 24, 3.57, -7.56, 0.99999, 2, 21, -10.73, -31.52, 0, 24, -1.69, -7.76, 0.99999, 2, 5, -18.41, -17.28, 2.0E-5, 24, -6.65, -7.94, 0.99997, 3, 5, -17.18, -8.12, 0.04654, 23, -6.7, -21.35, 0.04703, 24, -7, 1.28, 0.90641, 3, 5, -15.81, 2.01, 0.24266, 23, -7.1, -11.13, 0.47582, 24, -7.38, 11.51, 0.2815, 3, 5, -14.64, 10.77, 0.05918, 23, -7.45, -2.3, 0.90919, 24, -7.72, 20.34, 0.03162, 1, 23, -7.83, 7.37, 1, 2, 21, -13.27, 6.38, 0.0144, 23, -3.33, 7.55, 0.98559, 5, 5, -3.05, 18.99, 7.0E-5, 21, -7.39, 6.71, 0.21707, 22, -1.78, 28.51, 0, 23, 2.54, 7.78, 0.78284, 24, 2.29, 30.41, 0, 5, 5, 3.24, 18.14, 0.00249, 21, -1.04, 7.05, 0.8054, 22, 4.44999, 27.34, 8.0E-5, 23, 8.89, 8.03, 0.192, 24, 8.64, 30.65, 0, 4, 5, 9.43999, 17.31, 0.00745, 21, 5.19999, 7.39, 0.99227, 22, 10.6, 26.19, 2.6E-4, 24, 14.89, 30.89, 0, 4, 5, 8.22999, 8.32, 0.05131, 21, 5.69, -1.65, 0.94687, 22, 8.93, 17.28, 0.0018, 24, 15.23, 21.82, 0, 3, 5, 6.81, -2.27, 0.9581, 22, 6.97, 6.76, 0.04189, 24, 15.64, 11.14, 0, 2, 22, 5.31, -2.06, 0.93997, 24, 15.98, 2.15, 0.06002, 5, 5, 4.38, -20.34, 5.1E-4, 21, 7.27, -30.54, 5.0E-5, 22, 3.61, -11.15, 0.39613, 23, 16.64, -29.68, 0, 24, 16.33, -7.07, 0.60328, 2, 21, -7.4, 1.19, 0.02172, 23, 2.45, 2.27, 0.97827, 4, 5, -4.94, 4.92999, 0.38064, 22, -4.39, 14.57, 6.2E-4, 23, 3.1, -6.38, 0.57861, 24, 2.82, 16.24, 0.04011, 4, 5, -6.3, -5.19999, 0.3176, 22, -6.28, 4.51, 0.08422, 23, 3.5, -16.61, 0.09244, 24, 3.21, 6.01, 0.50572, 2, 21, -5.73, -26.49, 0, 24, 3.39, -2.81, 0.99999, 1, 21, 3.23, -0.24, 1, 3, 5, 5.02, 2.33999, 0.97578, 21, 3.66, -8.13, 0.01679, 23, 13.37, -7.22, 0.00741, 3, 5, 3.49, -5.58, 0.42285, 21, 3.64, -16.2, 0.00429, 22, 3.48, 3.63, 0.57283, 5, 5, 2.89, -12.38, 8.0E-4, 21, 4.32, -22.99, 3.0E-5, 22, 2.53, -3.12, 0.83272, 23, 13.8, -22.09, 0, 24, 13.5, 0.51, 0.16643, 5, 5, -2.2, -16.54, 0, 21, 0.09, -28.04, 2.0E-5, 22, -2.76, -7.02, 0.11224, 23, 9.5, -27.07, 0, 24, 9.18999, -4.44999, 0.88772, 2, 21, -12.17, -27.93, 0, 24, -3.07, -4.14, 0.99999, 4, 5, -14.25, -3.82, 0.19381, 22, -14.14, 6.3, 6.6E-4, 23, -4.56, -16.61, 0.22182, 24, -4.85, 6.02, 0.58369, 3, 5, -12.84, 5.52, 0.21419, 23, -4.77, -7.16, 0.64266, 24, -5.05, 15.47, 0.14313, 4, 5, -10.97, 15.91, 9.3E-4, 21, -14.59, 2.19, 8.6E-4, 23, -4.71999, 3.38, 0.99751, 24, -4.98, 26.02, 6.9E-4, 5, 5, 3.1, 14.79, 0.00218, 21, -0.55, 3.74, 0.90144, 22, 4.14, 24.01, 7.0E-5, 23, 9.33, 4.71, 0.0963, 24, 9.07, 27.33, 0 ],
				"hull": 16,
				"edges": [ 22, 24, 24, 26, 26, 28, 28, 30, 2, 0, 0, 30, 2, 4, 4, 6, 6, 8, 8, 10, 10, 12, 12, 14, 14, 16, 16, 18, 18, 20, 20, 22 ],
				"width": 38,
				"height": 23
			}
		},
		"DL": {
			"change": {
				"name": "DL",
				"type": "skinnedmesh",
				"uvs": [ 1, 0.15724, 1, 0.29672, 1, 0.48082, 1, 0.7235, 1, 1, 0.51914, 1, 0, 1, 0, 0.6984, 0, 0.48919, 0, 0.28556, 0, 0.13772, 0, 0, 0.52797, 0, 1, 0, 0.5103, 0.16282, 0.50147, 0.29114, 0.51914, 0.40272, 0.51914, 0.51708, 0.51914, 0.61193, 0.51914, 0.75698, 0.43964, 0.07914, 0.26297, 0.21024, 0.2453, 0.36087, 0.34247, 0.46966, 0.3513, 0.5645, 0.33364, 0.71792, 0.3248, 0.87692, 0.6693, 0.8825, 0.68697, 0.7235, 0.6693, 0.56171, 0.6693, 0.46687, 0.73997, 0.36366, 0.7488, 0.22419, 0.59864, 0.08751 ],
				"triangles": [ 5, 27, 4, 4, 27, 3, 27, 28, 3, 6, 26, 5, 5, 19, 27, 5, 26, 19, 6, 7, 26, 27, 19, 28, 26, 25, 19, 26, 7, 25, 25, 18, 19, 19, 18, 28, 3, 29, 2, 18, 29, 28, 3, 28, 29, 25, 24, 18, 25, 7, 24, 18, 17, 29, 24, 8, 23, 23, 8, 22, 8, 24, 7, 24, 17, 18, 24, 23, 17, 23, 16, 17, 8, 9, 22, 23, 22, 15, 22, 9, 21, 2, 30, 31, 17, 30, 29, 2, 29, 30, 17, 16, 30, 31, 1, 2, 16, 23, 15, 30, 16, 31, 16, 15, 31, 31, 15, 32, 31, 32, 1, 22, 21, 15, 15, 21, 14, 9, 10, 21, 20, 21, 11, 21, 10, 11, 32, 15, 14, 32, 14, 33, 32, 0, 1, 14, 21, 20, 0, 32, 13, 14, 20, 33, 32, 33, 13, 20, 12, 33, 33, 12, 13, 20, 11, 12 ],
				"vertices": [ 2, 25, 7.92, 8.07, 0.89167, 27, -1.26, 8.39, 0.10832, 3, 25, 15.87, 7.76, 0.21825, 27, 6.68, 8.33, 0.78174, 29, -8.2, 8.81, 0, 3, 25, 26.35, 7.35, 0.00204, 27, 17.17, 8.24, 0.94557, 31, -5.89, 9.17, 0.05238, 2, 27, 31.01, 8.13, 0.02668, 31, 7.93, 9.06, 0.97331, 1, 31, 20.69, 8.96, 1, 1, 31, 20.62999, 1.29999, 1, 2, 25, 52.26, -10.67, 0, 31, 20.56, -8.03, 1, 3, 25, 38.08, -10.12, 0, 29, 14.55, -8.35, 0.23964, 31, 6.37, -7.92, 0.76035, 3, 25, 26.16, -9.64999, 0, 29, 2.63, -8.26, 0.97036, 31, -5.55, -7.82, 0.02963, 3, 25, 14.56, -9.18999, 0, 27, 5.91, -8.66, 0.38813, 29, -8.97, -8.17, 0.61185, 3, 25, 6.14, -8.85999, 0.04387, 27, -2.51, -8.59, 0.86981, 29, -17.39, -8.1, 0.0863, 2, 25, -1.69, -8.55, 0.46375, 27, -10.35999, -8.53, 0.53624, 2, 25, -1.32, 0.93, 0.99999, 29, -25.17, 1.45, 0, 2, 25, -1.02, 8.42, 0.99999, 29, -25.11, 8.95, 0, 1, 25, 7.93, 0.25, 1, 1, 27, 6.3, 0.35, 1, 2, 25, 21.6, -0.12, 1.0E-4, 27, 12.66, 0.62, 0.99989, 3, 27, 19.18, 0.57, 0.32275, 29, 4.29, 1.05999, 0.6323, 31, -3.88, 1.5, 0.04492, 3, 27, 24.59, 0.52999, 0.04541, 29, 9.7, 1.02, 0.10586, 31, 1.51, 1.46, 0.84872, 1, 31, 9.78, 1.39, 1, 1, 25, 3.12, -0.82, 1, 2, 27, 1.66, -3.89, 0.94195, 29, -13.22, -3.4, 0.05804, 3, 25, 19.03, -4.94999, 0, 27, 10.24, -4.28, 0.16342, 29, -4.64, -3.79, 0.83657, 3, 25, 25.29, -3.44, 0, 29, 1.57, -2.08999, 0.99463, 31, -6.61, -1.65, 0.00535, 3, 25, 30.7, -3.5, 0, 29, 6.97, -1.97, 0.72407, 31, -1.2, -1.53, 0.27592, 3, 25, 39.43, -4.16, 0, 29, 15.72, -2.35999, 0.05019, 31, 7.53, -1.92, 0.9498, 1, 31, 16.59, -2.15, 1, 1, 31, 16.95999, 4.04, 1, 2, 27, 30.97, 3.5, 0.01448, 31, 7.9, 4.42999, 0.98551, 3, 27, 21.75, 3.25, 0.30382, 29, 6.86, 3.74, 0.09113, 31, -1.32, 4.17999, 0.60504, 3, 25, 25.36, 2.43, 0.00115, 27, 16.34, 3.3, 0.99617, 31, -6.72, 4.21999, 0.00267, 2, 25, 19.54, 3.93, 0.0216, 27, 10.47, 4.62, 0.97839, 2, 25, 11.6, 4.4, 0.57024, 27, 2.52, 4.84, 0.42975, 1, 25, 3.71, 2.01, 1 ],
				"hull": 14,
				"edges": [ 22, 24, 24, 26, 8, 10, 10, 12, 18, 20, 20, 22, 16, 18, 12, 14, 14, 16, 6, 8, 2, 4, 4, 6, 2, 0, 0, 26 ],
				"width": 18,
				"height": 57
			}
		},
		"Light_Body": {
			"change": { "name": "Rodney_ship_body_normal_light", "x": 131.3, "y": 10.78, "rotation": -90, "width": 330, "height": 330 }
		},
		"Rodney_body_normal": {
			"Body_Change": { "name": "Rodney_body_normal", "x": 131.3, "y": 10.78, "rotation": -90, "width": 330, "height": 330 }
		},
		"Rodney_ship_armor_normal": {
			"Ship_armor_normal": { "name": "Rodney_ship_armor_normal", "x": 49.21, "y": 31.3, "width": 330, "height": 330 }
		}
	}
},
"events": {
	"Antiaircraft": {},
	"attack_point": {},
	"damage_point": {},
	"throw_point": {}
},
"animations": {
	"Antiaircraft": {
		"slots": {
			"Light_Body": {
				"attachment": [
					{ "time": 0, "name": null },
					{ "time": 0.0666, "name": "change" },
					{ "time": 0.5, "name": null },
					{ "time": 0.6, "name": "change" },
					{ "time": 1.2666, "name": null },
					{ "time": 1.3666, "name": "change" },
					{ "time": 2, "name": null }
				],
				"color": [
					{ "time": 0.0666, "color": "fffffffd" },
					{ "time": 0.1666, "color": "ffffff00" },
					{ "time": 0.2, "color": "ffffffff" },
					{ "time": 0.3333, "color": "ffffff00" },
					{ "time": 0.3666, "color": "ffffffff" },
					{ "time": 0.4666, "color": "ffffff00" },
					{ "time": 0.6, "color": "ffffffff" },
					{ "time": 0.7333, "color": "ffffff00" },
					{ "time": 0.8, "color": "ffffffff" },
					{ "time": 0.9, "color": "ffffff00" },
					{ "time": 0.9666, "color": "ffffffff" },
					{ "time": 1.1, "color": "ffffff00" },
					{ "time": 1.1333, "color": "ffffffff" },
					{ "time": 1.2333, "color": "ffffff00" },
					{ "time": 1.3666, "color": "ffffffff" },
					{ "time": 1.4666, "color": "ffffff00" },
					{ "time": 1.5333, "color": "ffffffff" },
					{ "time": 1.6333, "color": "ffffff00" },
					{ "time": 1.7, "color": "ffffffff" },
					{ "time": 1.8333, "color": "ffffff00" },
					{ "time": 1.8666, "color": "ffffffff" },
					{ "time": 1.9666, "color": "ffffff00" }
				]
			},
			"Rodney_body_normal": {
				"attachment": [
					{ "time": 0, "name": "Body_Change" }
				]
			},
			"Rodney_ship_armor_normal": {
				"attachment": [
					{ "time": 0, "name": "Ship_armor_normal" }
				]
			},
			"head_light": {
				"attachment": [
					{ "time": 0, "name": null },
					{ "time": 0.0666, "name": "head_light" }
				],
				"color": [
					{ "time": 0.0666, "color": "fffffffd" },
					{ "time": 0.1666, "color": "ffffff00" },
					{ "time": 0.2, "color": "ffffffff" },
					{ "time": 0.3333, "color": "ffffff00" },
					{ "time": 0.3666, "color": "ffffffff" },
					{ "time": 0.4666, "color": "ffffff00" },
					{ "time": 0.6, "color": "ffffffff" },
					{ "time": 0.7333, "color": "ffffff00" },
					{ "time": 0.8, "color": "ffffffff" },
					{ "time": 0.9, "color": "ffffff00" },
					{ "time": 0.9666, "color": "ffffffff" },
					{ "time": 1.1, "color": "ffffff00" },
					{ "time": 1.1333, "color": "ffffffff" },
					{ "time": 1.2333, "color": "ffffff00" },
					{ "time": 1.3666, "color": "ffffffff" },
					{ "time": 1.4666, "color": "ffffff00" },
					{ "time": 1.5333, "color": "ffffffff" },
					{ "time": 1.6333, "color": "ffffff00" },
					{ "time": 1.7, "color": "ffffffff" },
					{ "time": 1.8333, "color": "ffffff00" },
					{ "time": 1.8666, "color": "ffffffff" },
					{ "time": 1.9666, "color": "ffffff00" }
				]
			}
		},
		"bones": {
			"Body": {
				"rotate": [
					{ "time": 0, "angle": 0, "curve": "stepped" },
					{ "time": 2, "angle": 0 }
				],
				"translate": [
					{ "time": 0, "x": 0, "y": 0, "curve": "stepped" },
					{ "time": 2, "x": 0, "y": 0 }
				]
			},
			"Ship": {
				"rotate": [
					{
						"time": 0,
						"angle": 0,
						"curve": [ 0.286, 0.34, 0.623, 0.67 ]
					},
					{
						"time": 0.5,
						"angle": -363.3,
						"curve": [ 0.282, 0.37, 0.624, 0.71 ]
					},
					{
						"time": 1.5,
						"angle": -355.22,
						"curve": [ 0.321, 0.37, 0.656, 0.71 ]
					},
					{ "time": 2, "angle": 0 }
				],
				"translate": [
					{
						"time": 0,
						"x": 0,
						"y": 0,
						"curve": [ 0.329, 0.33, 0.663, 0.66 ]
					},
					{
						"time": 0.5,
						"x": -7.29,
						"y": 0,
						"curve": [ 0.326, 0.33, 0.659, 0.66 ]
					},
					{
						"time": 1.5,
						"x": 1.6,
						"y": 0,
						"curve": [ 0.33, 0.33, 0.663, 0.66 ]
					},
					{ "time": 2, "x": 0, "y": 0 }
				]
			},
			"Root_All": {
				"rotate": [
					{ "time": 0, "angle": 0, "curve": "stepped" },
					{ "time": 2, "angle": 0 }
				],
				"translate": [
					{
						"time": 0,
						"x": 0,
						"y": 0,
						"curve": [ 0.255, 0.35, 0.6, 0.7 ]
					},
					{
						"time": 0.5,
						"x": 0,
						"y": -9.82,
						"curve": [ 0.3, 0.39, 0.641, 0.74 ]
					},
					{
						"time": 1,
						"x": 0,
						"y": -15.66,
						"curve": [ 0.322, 0.37, 0.652, 0.7 ]
					},
					{
						"time": 1.5,
						"x": 0,
						"y": -7.79,
						"curve": [ 0.314, 0.36, 0.644, 0.68 ]
					},
					{ "time": 2, "x": 0, "y": 0 }
				]
			},
			"Ship_All": {
				"rotate": [
					{ "time": 0, "angle": 0, "curve": "stepped" },
					{ "time": 2, "angle": 0 }
				],
				"translate": [
					{ "time": 0, "x": 0, "y": 0, "curve": "stepped" },
					{ "time": 2, "x": 0, "y": 0 }
				]
			},
			"Face": {
				"rotate": [
					{ "time": 0, "angle": 0, "curve": "stepped" },
					{ "time": 2, "angle": 0 }
				],
				"translate": [
					{
						"time": 0,
						"x": 0,
						"y": 0,
						"curve": [ 0.286, 0.34, 0.623, 0.67 ]
					},
					{
						"time": 0.5,
						"x": 0.64,
						"y": 0,
						"curve": [ 0.282, 0.37, 0.624, 0.71 ]
					},
					{
						"time": 1.5,
						"x": -1.28,
						"y": 0,
						"curve": [ 0.321, 0.37, 0.656, 0.71 ]
					},
					{ "time": 2, "x": 0, "y": 0 }
				]
			},
			"Head": {
				"rotate": [
					{ "time": 0, "angle": 0 },
					{ "time": 0.5, "angle": -5.96 },
					{ "time": 1, "angle": 0 },
					{ "time": 1.5, "angle": 3.91 },
					{ "time": 2, "angle": 0 }
				],
				"translate": [
					{ "time": 0, "x": 0, "y": 0, "curve": "stepped" },
					{ "time": 1, "x": 0, "y": 0, "curve": "stepped" },
					{ "time": 2, "x": 0, "y": 0 }
				]
			},
			"Leg_R": {
				"rotate": [
					{ "time": 0, "angle": 0 },
					{ "time": 1, "angle": -12.17 },
					{ "time": 2, "angle": 0 }
				],
				"translate": [
					{ "time": 0, "x": 0, "y": 0, "curve": "stepped" },
					{ "time": 2, "x": 0, "y": 0 }
				]
			},
			"Leg_L": {
				"rotate": [
					{ "time": 0, "angle": 0 },
					{ "time": 1, "angle": 0.81 },
					{ "time": 2, "angle": 0 }
				],
				"translate": [
					{ "time": 0, "x": 0, "y": 0 },
					{ "time": 1, "x": 3.8, "y": 0 },
					{ "time": 2, "x": 0, "y": 0 }
				]
			},
			"Hand_R": {
				"rotate": [
					{ "time": 0, "angle": 0 },
					{ "time": 0.5, "angle": 6.91 },
					{ "time": 1, "angle": 0 },
					{ "time": 1.5, "angle": -4.4 },
					{ "time": 2, "angle": 0 }
				],
				"translate": [
					{ "time": 0, "x": 0, "y": 0 },
					{ "time": 0.5, "x": 7.84, "y": -3.98 },
					{ "time": 1, "x": 0, "y": 0 },
					{ "time": 1.5, "x": -1.87, "y": 0 },
					{ "time": 2, "x": 0, "y": 0 }
				]
			},
			"dr4": {
				"rotate": [
					{ "time": 0, "angle": 0 },
					{ "time": 0.5, "angle": 27.07 },
					{ "time": 1, "angle": 0 },
					{ "time": 1.5, "angle": -16.55 },
					{ "time": 2, "angle": 0 }
				],
				"translate": [
					{ "time": 0, "x": 0, "y": 0, "curve": "stepped" },
					{ "time": 1, "x": 0, "y": 0, "curve": "stepped" },
					{ "time": 2, "x": 0, "y": 0 }
				]
			},
			"dr3": {
				"rotate": [
					{ "time": 0, "angle": 0 },
					{ "time": 0.5, "angle": 22.91 },
					{ "time": 1, "angle": 0 },
					{ "time": 1.5, "angle": -33.75 },
					{ "time": 2, "angle": 0 }
				],
				"translate": [
					{ "time": 0, "x": 0, "y": 0, "curve": "stepped" },
					{ "time": 1, "x": 0, "y": 0, "curve": "stepped" },
					{ "time": 2, "x": 0, "y": 0 }
				]
			},
			"dr2": {
				"rotate": [
					{ "time": 0, "angle": 0 },
					{ "time": 0.5, "angle": 9.51 },
					{ "time": 1, "angle": 0 },
					{ "time": 1.5, "angle": -8.99 },
					{ "time": 2, "angle": 0 }
				],
				"translate": [
					{ "time": 0, "x": 0, "y": 0, "curve": "stepped" },
					{ "time": 1, "x": 0, "y": 0, "curve": "stepped" },
					{ "time": 2, "x": 0, "y": 0 }
				]
			},
			"dr": {
				"rotate": [
					{ "time": 0, "angle": 0 },
					{ "time": 0.5, "angle": 1.76 },
					{ "time": 1, "angle": 0 },
					{ "time": 1.5, "angle": -10.33 },
					{ "time": 2, "angle": 0 }
				],
				"translate": [
					{ "time": 0, "x": 0, "y": 0, "curve": "stepped" },
					{ "time": 1, "x": 0, "y": 0, "curve": "stepped" },
					{ "time": 2, "x": 0, "y": 0 }
				]
			},
			"BOOM_R": {
				"rotate": [
					{ "time": 0, "angle": 0 },
					{ "time": 0.5, "angle": -20.07 },
					{ "time": 1, "angle": 0 },
					{ "time": 1.5, "angle": 23.58 },
					{ "time": 2, "angle": 0 }
				],
				"translate": [
					{ "time": 0, "x": 0, "y": 0, "curve": "stepped" },
					{ "time": 1, "x": 0, "y": 0, "curve": "stepped" },
					{ "time": 2, "x": 0, "y": 0 }
				]
			},
			"dl4": {
				"rotate": [
					{ "time": 0, "angle": 0 },
					{ "time": 0.5, "angle": -16.08 },
					{ "time": 1, "angle": 0 },
					{ "time": 1.5, "angle": 20.89 },
					{ "time": 2, "angle": 0 }
				],
				"translate": [
					{ "time": 0, "x": 0, "y": 0, "curve": "stepped" },
					{ "time": 1, "x": 0, "y": 0, "curve": "stepped" },
					{ "time": 2, "x": 0, "y": 0 }
				]
			},
			"dl3": {
				"rotate": [
					{ "time": 0, "angle": 0 },
					{ "time": 0.5, "angle": -12.04 },
					{ "time": 1, "angle": 0 },
					{ "time": 1.5, "angle": -0.88 },
					{ "time": 2, "angle": 0 }
				],
				"translate": [
					{ "time": 0, "x": 0, "y": 0, "curve": "stepped" },
					{ "time": 1, "x": 0, "y": 0, "curve": "stepped" },
					{ "time": 2, "x": 0, "y": 0 }
				]
			},
			"dl2": {
				"rotate": [
					{ "time": 0, "angle": 0 },
					{ "time": 0.5, "angle": -7.21 },
					{ "time": 1, "angle": 0 },
					{ "time": 1.5, "angle": 13 },
					{ "time": 2, "angle": 0 }
				],
				"translate": [
					{ "time": 0, "x": 0, "y": 0, "curve": "stepped" },
					{ "time": 1, "x": 0, "y": 0, "curve": "stepped" },
					{ "time": 2, "x": 0, "y": 0 }
				]
			},
			"dl": {
				"rotate": [
					{ "time": 0, "angle": 0 },
					{ "time": 0.5, "angle": -13.17 },
					{ "time": 1, "angle": 0 },
					{ "time": 1.5, "angle": 9.66 },
					{ "time": 2, "angle": 0 }
				],
				"translate": [
					{ "time": 0, "x": 0, "y": 0, "curve": "stepped" },
					{ "time": 1, "x": 0, "y": 0, "curve": "stepped" },
					{ "time": 2, "x": 0, "y": 0 }
				]
			},
			"BOOM_L": {
				"rotate": [
					{ "time": 0, "angle": 0 },
					{ "time": 0.5, "angle": 4.06 },
					{ "time": 1, "angle": 0 },
					{ "time": 1.5, "angle": 10.55 },
					{ "time": 2, "angle": 0 }
				],
				"translate": [
					{ "time": 0, "x": 0, "y": 0, "curve": "stepped" },
					{ "time": 1, "x": 0, "y": 0, "curve": "stepped" },
					{ "time": 2, "x": 0, "y": 0 }
				]
			},
			"Hand_L": {
				"rotate": [
					{ "time": 0, "angle": 0 },
					{ "time": 0.5, "angle": -9.44 },
					{ "time": 1, "angle": 0 },
					{ "time": 1.5, "angle": 6.43 },
					{ "time": 2, "angle": 0 }
				],
				"translate": [
					{ "time": 0, "x": 0, "y": 0 },
					{ "time": 0.5, "x": -3.75, "y": 0 },
					{ "time": 1, "x": 0, "y": 0 },
					{ "time": 1.5, "x": 0.62, "y": 0 },
					{ "time": 2, "x": 0, "y": 0 }
				]
			},
			"BB": {
				"rotate": [
					{ "time": 0, "angle": 0, "curve": "stepped" },
					{ "time": 2, "angle": 0 }
				],
				"translate": [
					{ "time": 0, "x": 0, "y": 0 },
					{ "time": 1, "x": 1.33, "y": 0 },
					{ "time": 2, "x": 0, "y": 0 }
				]
			},
			"br": {
				"rotate": [
					{ "time": 0, "angle": 0 },
					{ "time": 0.5, "angle": -5.04 },
					{ "time": 1.5, "angle": 4.62 },
					{ "time": 2, "angle": 0 }
				],
				"translate": [
					{ "time": 0, "x": 0, "y": 0 },
					{ "time": 0.5, "x": 0.75, "y": -0.99 },
					{ "time": 1.5, "x": -1.3, "y": -0.99 },
					{ "time": 2, "x": 0, "y": 0 }
				]
			},
			"bl": {
				"rotate": [
					{ "time": 0, "angle": 0 },
					{ "time": 0.5, "angle": 6.83 },
					{ "time": 1.5, "angle": -3.22 },
					{ "time": 2, "angle": 0 }
				],
				"translate": [
					{ "time": 0, "x": 0, "y": 0 },
					{ "time": 0.5, "x": 1.61, "y": 0.96 },
					{ "time": 1.5, "x": -0.71, "y": 1.96 },
					{ "time": 2, "x": 0, "y": 0 }
				]
			},
			"b2": {
				"rotate": [
					{ "time": 0, "angle": 0 },
					{ "time": 1.5, "angle": 6 },
					{ "time": 2, "angle": 0 }
				],
				"translate": [
					{ "time": 0, "x": 0, "y": 0 },
					{ "time": 0.5, "x": 0.87, "y": -0.11 },
					{ "time": 1.5, "x": -1.76, "y": 0.23 },
					{ "time": 2, "x": 0, "y": 0 }
				]
			},
			"b1": {
				"rotate": [
					{ "time": 0, "angle": 0 },
					{ "time": 1.5, "angle": -3.83 },
					{ "time": 2, "angle": 0 }
				],
				"translate": [
					{ "time": 0, "x": 0, "y": 0 },
					{ "time": 0.5, "x": 0.58, "y": -0.07 },
					{ "time": 1.5, "x": -1.86, "y": 0.25 },
					{ "time": 2, "x": 0, "y": 0 }
				]
			}
		},
		"events": [
			{ "time": 0.0666, "name": "Antiaircraft" }
		]
	},
	"attack": {
		"slots": {
			"Light_Body": {
				"attachment": [
					{ "time": 0, "name": null },
					{ "time": 0.0666, "name": null },
					{ "time": 0.1, "name": "change" }
				],
				"color": [
					{ "time": 0.5333, "color": "fffffffb" },
					{ "time": 0.8333, "color": "ffffff00" }
				]
			},
			"Rodney_body_normal": {
				"attachment": [
					{ "time": 0, "name": "Body_Change" },
					{ "time": 0.9, "name": "Body_Change" }
				]
			},
			"Rodney_ship_armor_normal": {
				"attachment": [
					{ "time": 0, "name": "Ship_armor_normal" },
					{ "time": 0.9, "name": "Ship_armor_normal" },
					{ "time": 1.6666, "name": "Ship_armor_normal" }
				]
			},
			"head_light": {
				"color": [
					{ "time": 0.5333, "color": "fffffffb" },
					{ "time": 0.8333, "color": "ffffff00" }
				]
			}
		},
		"bones": {
			"Root_All": {
				"rotate": [
					{ "time": 0, "angle": 0, "curve": "stepped" },
					{ "time": 1.6666, "angle": 0 }
				],
				"translate": [
					{
						"time": 0,
						"x": 0,
						"y": 0,
						"curve": [ 0.255, 0.35, 0.6, 0.7 ]
					},
					{ "time": 0.0666, "x": 8.69, "y": 0 },
					{ "time": 0.1666, "x": -87.44, "y": 0 },
					{ "time": 0.3333, "x": -61.04, "y": 0 },
					{ "time": 0.5333, "x": -69.84, "y": 0 },
					{ "time": 1, "x": -85.6, "y": 0 },
					{ "time": 1.4, "x": 15.07, "y": 0 },
					{ "time": 1.6666, "x": 0, "y": 0 }
				]
			},
			"Ship": {
				"rotate": [
					{
						"time": 0,
						"angle": 0,
						"curve": [ 0.219, 0.41, 0.591, 0.77 ]
					},
					{ "time": 0.0666, "angle": -366.07 },
					{ "time": 0.1666, "angle": -347.63 },
					{ "time": 0.3333, "angle": -366.65 },
					{ "time": 0.5, "angle": -355.68 },
					{ "time": 0.8, "angle": -359.77 },
					{ "time": 1.2666, "angle": -357.23 },
					{ "time": 1.6666, "angle": 0 }
				],
				"translate": [
					{
						"time": 0,
						"x": 0,
						"y": 0,
						"curve": [ 0.319, 0.33, 0.653, 0.66 ]
					},
					{ "time": 0.0666, "x": 0.81, "y": 0.6 },
					{ "time": 0.1666, "x": 6.07, "y": 11.62 },
					{ "time": 0.3333, "x": 4.52, "y": 9.69 },
					{ "time": 0.5, "x": 2.26, "y": 9.22 },
					{ "time": 0.8, "x": 1.68, "y": -2.14 },
					{ "time": 1.2666, "x": 0.73, "y": -0.09 },
					{ "time": 1.6666, "x": 0, "y": 0 }
				]
			},
			"Face": {
				"rotate": [
					{ "time": 0, "angle": 0, "curve": "stepped" },
					{ "time": 1.6666, "angle": 0 }
				],
				"translate": [
					{
						"time": 0,
						"x": 0,
						"y": 0,
						"curve": [ 0.286, 0.34, 0.623, 0.67 ]
					},
					{ "time": 0.1666, "x": 0, "y": 3.4 },
					{ "time": 0.3333, "x": 0, "y": -0.66 },
					{ "time": 0.9, "x": 0, "y": -1.2 },
					{ "time": 1, "x": 0, "y": -0.44 },
					{ "time": 1.6666, "x": 0, "y": 0 }
				]
			},
			"Ship_All": {
				"rotate": [
					{ "time": 0, "angle": 0, "curve": "stepped" },
					{ "time": 1.6666, "angle": 0 }
				],
				"translate": [
					{ "time": 0, "x": 0, "y": 0, "curve": "stepped" },
					{ "time": 1.6666, "x": 0, "y": 0 }
				]
			},
			"Body": {
				"rotate": [
					{ "time": 0, "angle": 0, "curve": "stepped" },
					{ "time": 1.6666, "angle": 0 }
				],
				"translate": [
					{ "time": 0, "x": 0, "y": 0, "curve": "stepped" },
					{ "time": 1.6666, "x": 0, "y": 0 }
				]
			},
			"Attack_Point": {
				"rotate": [
					{ "time": 0.0666, "angle": 0 }
				],
				"translate": [
					{ "time": 0.0666, "x": 0, "y": 0 }
				]
			},
			"Head": {
				"rotate": [
					{ "time": 0, "angle": 0 },
					{ "time": 0.8333, "angle": -5.02 },
					{ "time": 1.3333, "angle": 1.69 },
					{ "time": 1.6666, "angle": 0 }
				],
				"translate": [
					{ "time": 0, "x": 0, "y": 0, "curve": "stepped" },
					{ "time": 1.6666, "x": 0, "y": 0 }
				]
			},
			"Leg_R": {
				"rotate": [
					{ "time": 0, "angle": 0 },
					{ "time": 0.8333, "angle": -346.17 },
					{ "time": 1.3333, "angle": -6.42 },
					{ "time": 1.6666, "angle": 0 }
				],
				"translate": [
					{ "time": 0, "x": 0, "y": 0 },
					{ "time": 0.8333, "x": -0.69, "y": 0 },
					{ "time": 1.6666, "x": 0, "y": 0 }
				]
			},
			"Leg_L": {
				"rotate": [
					{ "time": 0, "angle": 0 },
					{ "time": 0.8333, "angle": 6.05 },
					{ "time": 1.3333, "angle": -4.14 },
					{ "time": 1.6666, "angle": 0 }
				],
				"translate": [
					{ "time": 0, "x": 0, "y": 0 },
					{ "time": 0.8333, "x": 1.38, "y": 0 },
					{ "time": 1.6666, "x": 0, "y": 0 }
				]
			},
			"Hand_R": {
				"rotate": [
					{ "time": 0, "angle": 0 },
					{ "time": 0.3333, "angle": 19.9 },
					{ "time": 1.3333, "angle": -11.27 },
					{ "time": 1.6666, "angle": 0 }
				],
				"translate": [
					{ "time": 0, "x": 0, "y": 0 },
					{ "time": 0.3333, "x": 5.54, "y": 0 },
					{ "time": 1.3333, "x": -0.55, "y": 0 },
					{ "time": 1.6666, "x": 0, "y": 0 }
				]
			},
			"dr4": {
				"rotate": [
					{ "time": 0, "angle": 0 },
					{ "time": 0.8333, "angle": 16.24 },
					{ "time": 1.3333, "angle": -21.58 },
					{ "time": 1.6666, "angle": 0 }
				],
				"translate": [
					{ "time": 0, "x": 0, "y": 0, "curve": "stepped" },
					{ "time": 1.6666, "x": 0, "y": 0 }
				]
			},
			"dr3": {
				"rotate": [
					{ "time": 0, "angle": 0 },
					{ "time": 0.8333, "angle": 9.98 },
					{ "time": 1.3333, "angle": -11.46 },
					{ "time": 1.6666, "angle": 0 }
				],
				"translate": [
					{ "time": 0, "x": 0, "y": 0, "curve": "stepped" },
					{ "time": 1.6666, "x": 0, "y": 0 }
				]
			},
			"dr2": {
				"rotate": [
					{ "time": 0, "angle": 0 },
					{ "time": 0.8333, "angle": 11.09 },
					{ "time": 1.3333, "angle": -11 },
					{ "time": 1.6666, "angle": 0 }
				],
				"translate": [
					{ "time": 0, "x": 0, "y": 0, "curve": "stepped" },
					{ "time": 1.6666, "x": 0, "y": 0 }
				]
			},
			"dr": {
				"rotate": [
					{ "time": 0, "angle": 0 },
					{ "time": 0.8333, "angle": 14.4 },
					{ "time": 1.3333, "angle": -6.09 },
					{ "time": 1.6666, "angle": 0 }
				],
				"translate": [
					{ "time": 0, "x": 0, "y": 0, "curve": "stepped" },
					{ "time": 1.6666, "x": 0, "y": 0 }
				]
			},
			"BOOM_R": {
				"rotate": [
					{ "time": 0, "angle": 0 },
					{ "time": 0.8333, "angle": 15.58 },
					{ "time": 1.6666, "angle": 0 }
				],
				"translate": [
					{ "time": 0, "x": 0, "y": 0, "curve": "stepped" },
					{ "time": 1.6666, "x": 0, "y": 0 }
				]
			},
			"dl4": {
				"rotate": [
					{ "time": 0, "angle": 0 },
					{ "time": 0.8333, "angle": 15.13 },
					{ "time": 1.3333, "angle": -14.86 },
					{ "time": 1.6666, "angle": 0 }
				],
				"translate": [
					{ "time": 0, "x": 0, "y": 0, "curve": "stepped" },
					{ "time": 1.6666, "x": 0, "y": 0 }
				]
			},
			"dl3": {
				"rotate": [
					{ "time": 0, "angle": 0 },
					{ "time": 0.8333, "angle": 10.92 },
					{ "time": 1.3333, "angle": -9.06 },
					{ "time": 1.6666, "angle": 0 }
				],
				"translate": [
					{ "time": 0, "x": 0, "y": 0, "curve": "stepped" },
					{ "time": 1.6666, "x": 0, "y": 0 }
				]
			},
			"dl2": {
				"rotate": [
					{ "time": 0, "angle": 0 },
					{ "time": 0.8333, "angle": 9.01 },
					{ "time": 1.3333, "angle": -10.9 },
					{ "time": 1.6666, "angle": 0 }
				],
				"translate": [
					{ "time": 0, "x": 0, "y": 0, "curve": "stepped" },
					{ "time": 1.6666, "x": 0, "y": 0 }
				]
			},
			"dl": {
				"rotate": [
					{ "time": 0, "angle": 0 },
					{ "time": 0.8333, "angle": 14.06 },
					{ "time": 1.3333, "angle": -10.67 },
					{ "time": 1.6666, "angle": 0 }
				],
				"translate": [
					{ "time": 0, "x": 0, "y": 0, "curve": "stepped" },
					{ "time": 1.6666, "x": 0, "y": 0 }
				]
			},
			"BOOM_L": {
				"rotate": [
					{ "time": 0, "angle": 0 },
					{ "time": 0.8333, "angle": 11.15 },
					{ "time": 1.6666, "angle": 0 }
				],
				"translate": [
					{ "time": 0, "x": 0, "y": 0, "curve": "stepped" },
					{ "time": 1.6666, "x": 0, "y": 0 }
				]
			},
			"Hand_L": {
				"rotate": [
					{ "time": 0, "angle": 0 },
					{ "time": 0.1666, "angle": 7.62 },
					{ "time": 0.5, "angle": 11.53 },
					{ "time": 1.3333, "angle": -5.89 },
					{ "time": 1.6666, "angle": 0 }
				],
				"translate": [
					{ "time": 0, "x": 0, "y": 0 },
					{ "time": 0.1666, "x": 5.26, "y": 0 },
					{ "time": 0.5, "x": 6.23, "y": 0 },
					{ "time": 1.3333, "x": -1.66, "y": 0 },
					{ "time": 1.6666, "x": 0, "y": 0 }
				]
			},
			"BB": {
				"rotate": [
					{ "time": 0, "angle": 0, "curve": "stepped" },
					{ "time": 1.6666, "angle": 0 }
				],
				"translate": [
					{ "time": 0, "x": 0, "y": 0 },
					{ "time": 0.3333, "x": 1.78, "y": 0 },
					{ "time": 0.5, "x": -1.22, "y": 0 },
					{ "time": 0.6666, "x": 1.41, "y": 0 },
					{ "time": 0.8333, "x": -0.75, "y": 0 },
					{ "time": 1.6666, "x": 0, "y": 0 }
				]
			},
			"br": {
				"rotate": [
					{ "time": 0, "angle": 0 },
					{ "time": 0.5, "angle": -4.98 },
					{ "time": 1.1666, "angle": 5.71 },
					{ "time": 1.6666, "angle": 0 }
				],
				"translate": [
					{ "time": 0, "x": 0, "y": 0 },
					{ "time": 0.5, "x": 1.12, "y": 1.27 },
					{ "time": 1.1666, "x": -3.45, "y": -0.04 },
					{ "time": 1.6666, "x": 0, "y": 0 }
				]
			},
			"bl": {
				"rotate": [
					{ "time": 0, "angle": 0 },
					{ "time": 0.5, "angle": -5.08 },
					{ "time": 1.1666, "angle": -5.27 },
					{ "time": 1.6666, "angle": 0 }
				],
				"translate": [
					{ "time": 0, "x": 0, "y": 0 },
					{ "time": 0.5, "x": 4.38, "y": 0.83 },
					{ "time": 1.1666, "x": -1.76, "y": 1.91 },
					{ "time": 1.6666, "x": 0, "y": 0 }
				]
			},
			"b2": {
				"rotate": [
					{ "time": 0, "angle": 0 },
					{ "time": 0.5, "angle": 4.87 },
					{ "time": 1.1666, "angle": -7.01 },
					{ "time": 1.6666, "angle": 0 }
				],
				"translate": [
					{ "time": 0, "x": 0, "y": 0 },
					{ "time": 0.5, "x": 2.33, "y": -0.31 },
					{ "time": 1.1666, "x": -1.52, "y": -1.21 },
					{ "time": 1.6666, "x": 0, "y": 0 }
				]
			},
			"b1": {
				"rotate": [
					{ "time": 0, "angle": 0 },
					{ "time": 0.5, "angle": -6.45 },
					{ "time": 1.1666, "angle": 3.16 },
					{ "time": 1.6666, "angle": 0 }
				],
				"translate": [
					{ "time": 0, "x": 0, "y": 0 },
					{ "time": 0.5, "x": 1.86, "y": -0.25 },
					{ "time": 1.1666, "x": -0.75, "y": 2.47 },
					{ "time": 1.6666, "x": 0, "y": 0 }
				]
			}
		},
		"events": [
			{ "time": 0.0666, "name": "attack_point" }
		]
	},
	"damage": {
		"slots": {
			"BB": {
				"color": [
					{ "time": 0.0666, "color": "8c4c51ff", "curve": "stepped" },
					{ "time": 0.7666, "color": "8c4c51ff" },
					{ "time": 1.1333, "color": "ffffffff" }
				]
			},
			"BOOM_L": {
				"color": [
					{ "time": 0.0666, "color": "8c4c51ff", "curve": "stepped" },
					{ "time": 0.7666, "color": "8c4c51ff" },
					{ "time": 1.1333, "color": "ffffffff" }
				]
			},
			"BOOM_R": {
				"color": [
					{ "time": 0.0666, "color": "8c4c51ff", "curve": "stepped" },
					{ "time": 0.7666, "color": "8c4c51ff" },
					{ "time": 1.1333, "color": "ffffffff" }
				]
			},
			"DL": {
				"color": [
					{ "time": 0.0666, "color": "8c4c51ff", "curve": "stepped" },
					{ "time": 0.7666, "color": "8c4c51ff" },
					{ "time": 1.1333, "color": "ffffffff" }
				]
			},
			"DR": {
				"color": [
					{ "time": 0.0666, "color": "8c4c51ff", "curve": "stepped" },
					{ "time": 0.7666, "color": "8c4c51ff" },
					{ "time": 1.1333, "color": "ffffffff" }
				]
			},
			"Light_Body": {
				"attachment": [
					{ "time": 0, "name": null },
					{ "time": 0.0666, "name": "change" },
					{ "time": 0.7666, "name": null }
				],
				"color": [
					{ "time": 0.5333, "color": "fffffffc" },
					{ "time": 0.7666, "color": "ffffff00" }
				]
			},
			"Rodney_body_normal": {
				"attachment": [
					{ "time": 0, "name": "Body_Change" },
					{ "time": 0.8666, "name": "Body_Change" }
				],
				"color": [
					{ "time": 0.0666, "color": "8c4c51ff", "curve": "stepped" },
					{ "time": 0.7666, "color": "8c4c51ff" },
					{ "time": 1.1333, "color": "ffffffff" }
				]
			},
			"Rodney_eyes_normal": {
				"attachment": [
					{ "time": 0.0666, "name": "Rodney_eyes_damage" },
					{ "time": 1.1333, "name": "Rodney_eyes_normal" }
				],
				"color": [
					{ "time": 0.0666, "color": "8c4c51ff", "curve": "stepped" },
					{ "time": 0.7666, "color": "8c4c51ff" },
					{ "time": 1.1333, "color": "ffffffff" }
				]
			},
			"Rodney_ship_armor_normal": {
				"attachment": [
					{ "time": 0, "name": "Ship_armor_normal" },
					{ "time": 0.8666, "name": "Ship_armor_normal" },
					{ "time": 1.1666, "name": "Ship_armor_normal" }
				],
				"color": [
					{ "time": 0.0666, "color": "8c4c51ff", "curve": "stepped" },
					{ "time": 0.7666, "color": "8c4c51ff" },
					{ "time": 1.1333, "color": "ffffffff" }
				]
			},
			"hand_L": {
				"color": [
					{ "time": 0.0666, "color": "8c4c51ff", "curve": "stepped" },
					{ "time": 0.7666, "color": "8c4c51ff" },
					{ "time": 1.1333, "color": "ffffffff" }
				]
			},
			"hand_R": {
				"color": [
					{ "time": 0.0666, "color": "8c4c51ff", "curve": "stepped" },
					{ "time": 0.7666, "color": "8c4c51ff" },
					{ "time": 1.1333, "color": "ffffffff" }
				]
			},
			"head": {
				"color": [
					{ "time": 0.0666, "color": "8c4c51ff", "curve": "stepped" },
					{ "time": 0.7666, "color": "8c4c51ff" },
					{ "time": 1.1333, "color": "ffffffff" }
				]
			},
			"head_light": {
				"attachment": [
					{ "time": 0, "name": null },
					{ "time": 0.0666, "name": "head_light" }
				],
				"color": [
					{ "time": 0.5333, "color": "fffffffc" },
					{ "time": 0.7666, "color": "ffffff00" }
				]
			},
			"leg_L": {
				"color": [
					{ "time": 0.0666, "color": "8c4c51ff", "curve": "stepped" },
					{ "time": 0.7666, "color": "8c4c51ff" },
					{ "time": 1.1333, "color": "ffffffff" }
				]
			},
			"leg_R": {
				"color": [
					{ "time": 0.0666, "color": "8c4c51ff", "curve": "stepped" },
					{ "time": 0.7666, "color": "8c4c51ff" },
					{ "time": 1.1333, "color": "ffffffff" }
				]
			}
		},
		"bones": {
			"Root_All": {
				"rotate": [
					{ "time": 0, "angle": 0, "curve": "stepped" },
					{ "time": 1.1666, "angle": 0 }
				],
				"translate": [
					{
						"time": 0,
						"x": 0,
						"y": 0,
						"curve": [ 0.255, 0.35, 0.6, 0.7 ]
					},
					{ "time": 0.0666, "x": -27.67, "y": -23.16 },
					{ "time": 0.1333, "x": 20.98, "y": 15.35 },
					{ "time": 0.2333, "x": -19.78, "y": -15.62 },
					{ "time": 0.3666, "x": 14.36, "y": 8.59 },
					{ "time": 0.5666, "x": -3.37, "y": -4.5 },
					{ "time": 0.8666, "x": 5.63, "y": 2.25 },
					{ "time": 1.1666, "x": 0, "y": 0 }
				]
			},
			"Ship": {
				"rotate": [
					{
						"time": 0,
						"angle": 0,
						"curve": [ 0.219, 0.41, 0.591, 0.77 ]
					},
					{ "time": 0.0666, "angle": -342.87 },
					{ "time": 0.1666, "angle": -362.21 },
					{ "time": 0.3333, "angle": -347.43 },
					{ "time": 0.5, "angle": -367.24 },
					{ "time": 0.8333, "angle": -354.33 },
					{ "time": 1.1666, "angle": 0 }
				],
				"translate": [
					{
						"time": 0,
						"x": 0,
						"y": 0,
						"curve": [ 0.319, 0.33, 0.653, 0.66 ]
					},
					{ "time": 0.0666, "x": -3.15, "y": -2.52 },
					{ "time": 0.1666, "x": -5.01, "y": 5.53 },
					{ "time": 0.3333, "x": -4.8, "y": 9.03 },
					{ "time": 0.5, "x": -3.6, "y": 2.15 },
					{ "time": 0.8333, "x": 0.55, "y": 0.73 },
					{ "time": 1.1666, "x": 0, "y": 0 }
				]
			},
			"Face": {
				"rotate": [
					{ "time": 0, "angle": 0, "curve": "stepped" },
					{ "time": 1.1666, "angle": 0 }
				],
				"translate": [
					{
						"time": 0,
						"x": 0,
						"y": 0,
						"curve": [ 0.286, 0.34, 0.623, 0.67 ]
					},
					{ "time": 0.0666, "x": -5.44, "y": 0 },
					{ "time": 0.1333, "x": -0.44, "y": 0 },
					{ "time": 0.2333, "x": -5.06, "y": 0 },
					{ "time": 0.3666, "x": -2.01, "y": 0 },
					{ "time": 1.1666, "x": 0, "y": 0 }
				]
			},
			"Ship_All": {
				"rotate": [
					{ "time": 0, "angle": 0, "curve": "stepped" },
					{ "time": 1.1666, "angle": 0 }
				],
				"translate": [
					{ "time": 0, "x": 0, "y": 0, "curve": "stepped" },
					{ "time": 1.1666, "x": 0, "y": 0 }
				]
			},
			"Body": {
				"rotate": [
					{ "time": 0, "angle": 0, "curve": "stepped" },
					{ "time": 1.1666, "angle": 0 }
				],
				"translate": [
					{ "time": 0, "x": 0, "y": 0, "curve": "stepped" },
					{ "time": 1.1666, "x": 0, "y": 0 }
				]
			},
			"Damage_Point": {
				"rotate": [
					{ "time": 0.0666, "angle": 0 }
				],
				"translate": [
					{ "time": 0.0666, "x": 0, "y": 0 }
				]
			},
			"BB": {
				"rotate": [
					{ "time": 0, "angle": 0, "curve": "stepped" },
					{ "time": 1.1666, "angle": 0 }
				],
				"translate": [
					{ "time": 0, "x": 0, "y": 0 },
					{ "time": 0.6666, "x": 0.96, "y": 0 },
					{ "time": 0.8333, "x": -1.15, "y": 0 },
					{ "time": 1, "x": 1.54, "y": 0 },
					{ "time": 1.1666, "x": 0, "y": 0 }
				]
			},
			"Hand_L": {
				"rotate": [
					{ "time": 0, "angle": 0 },
					{ "time": 0.3333, "angle": 7.62 },
					{ "time": 1.1666, "angle": 0 }
				],
				"translate": [
					{ "time": 0, "x": 0, "y": 0, "curve": "stepped" },
					{ "time": 1.1666, "x": 0, "y": 0 }
				]
			},
			"BOOM_R": {
				"rotate": [
					{ "time": 0, "angle": 0 },
					{ "time": 0.3333, "angle": 14.99 },
					{ "time": 0.8333, "angle": 14.73 },
					{ "time": 1.1666, "angle": 0 }
				],
				"translate": [
					{ "time": 0, "x": 0, "y": 0, "curve": "stepped" },
					{ "time": 1.1666, "x": 0, "y": 0 }
				]
			},
			"BOOM_L": {
				"rotate": [
					{ "time": 0, "angle": 0 },
					{ "time": 0.3333, "angle": 344.72 },
					{ "time": 0.8333, "angle": 4.23 },
					{ "time": 1.1666, "angle": 0 }
				],
				"translate": [
					{ "time": 0, "x": 0, "y": 0, "curve": "stepped" },
					{ "time": 1.1666, "x": 0, "y": 0 }
				]
			},
			"dl": {
				"rotate": [
					{ "time": 0, "angle": 0 },
					{ "time": 0.3333, "angle": -12.43 },
					{ "time": 0.8333, "angle": 2.87 },
					{ "time": 1.1666, "angle": 0 }
				],
				"translate": [
					{ "time": 0, "x": 0, "y": 0, "curve": "stepped" },
					{ "time": 1.1666, "x": 0, "y": 0 }
				]
			},
			"Hand_R": {
				"rotate": [
					{ "time": 0, "angle": 0 },
					{ "time": 0.3333, "angle": -8.19 },
					{ "time": 1.1666, "angle": 0 }
				],
				"translate": [
					{ "time": 0, "x": 0, "y": 0, "curve": "stepped" },
					{ "time": 1.1666, "x": 0, "y": 0 }
				]
			},
			"dr": {
				"rotate": [
					{ "time": 0, "angle": 0 },
					{ "time": 0.3333, "angle": -10.19 },
					{ "time": 0.8333, "angle": 7.01 },
					{ "time": 1.1666, "angle": 0 }
				],
				"translate": [
					{ "time": 0, "x": 0, "y": 0, "curve": "stepped" },
					{ "time": 1.1666, "x": 0, "y": 0 }
				]
			},
			"Head": {
				"rotate": [
					{ "time": 0, "angle": 0 },
					{ "time": 0.1666, "angle": 6.68 },
					{ "time": 0.4, "angle": -5.58 },
					{ "time": 0.9333, "angle": -3.55 },
					{ "time": 1.1666, "angle": 0 }
				],
				"translate": [
					{ "time": 0, "x": 0, "y": 0, "curve": "stepped" },
					{ "time": 1.1666, "x": 0, "y": 0 }
				]
			},
			"Leg_L": {
				"rotate": [
					{ "time": 0, "angle": 0 },
					{ "time": 0.5666, "angle": 5.4 },
					{ "time": 1.1666, "angle": 0 }
				],
				"translate": [
					{ "time": 0, "x": 0, "y": 0, "curve": "stepped" },
					{ "time": 1.1666, "x": 0, "y": 0 }
				]
			},
			"Leg_R": {
				"rotate": [
					{ "time": 0, "angle": 0 },
					{ "time": 0.5666, "angle": -10.75 },
					{ "time": 1.1666, "angle": 0 }
				],
				"translate": [
					{ "time": 0, "x": 0, "y": 0, "curve": "stepped" },
					{ "time": 1.1666, "x": 0, "y": 0 }
				]
			},
			"dr4": {
				"rotate": [
					{ "time": 0, "angle": 0 },
					{ "time": 0.3333, "angle": -26.97 },
					{ "time": 0.8333, "angle": 7.35 },
					{ "time": 1.1666, "angle": 0 }
				],
				"translate": [
					{ "time": 0, "x": 0, "y": 0, "curve": "stepped" },
					{ "time": 1.1666, "x": 0, "y": 0 }
				]
			},
			"dr3": {
				"rotate": [
					{ "time": 0, "angle": 0 },
					{ "time": 0.3333, "angle": -14.42 },
					{ "time": 0.8333, "angle": 6.39 },
					{ "time": 1.1666, "angle": 0 }
				],
				"translate": [
					{ "time": 0, "x": 0, "y": 0, "curve": "stepped" },
					{ "time": 1.1666, "x": 0, "y": 0 }
				]
			},
			"dr2": {
				"rotate": [
					{ "time": 0, "angle": 0 },
					{ "time": 0.3333, "angle": -10.08 },
					{ "time": 0.8333, "angle": 8.03 },
					{ "time": 1.1666, "angle": 0 }
				],
				"translate": [
					{ "time": 0, "x": 0, "y": 0, "curve": "stepped" },
					{ "time": 1.1666, "x": 0, "y": 0 }
				]
			},
			"dl4": {
				"rotate": [
					{ "time": 0, "angle": 0 },
					{ "time": 0.3333, "angle": -14.38 },
					{ "time": 0.8333, "angle": 14.44 },
					{ "time": 1.1666, "angle": 0 }
				],
				"translate": [
					{ "time": 0, "x": 0, "y": 0, "curve": "stepped" },
					{ "time": 1.1666, "x": 0, "y": 0 }
				]
			},
			"dl3": {
				"rotate": [
					{ "time": 0, "angle": 0 },
					{ "time": 0.3333, "angle": -5.46 },
					{ "time": 0.8333, "angle": 6.57 },
					{ "time": 1.1666, "angle": 0 }
				],
				"translate": [
					{ "time": 0, "x": 0, "y": 0, "curve": "stepped" },
					{ "time": 1.1666, "x": 0, "y": 0 }
				]
			},
			"dl2": {
				"rotate": [
					{ "time": 0, "angle": 0 },
					{ "time": 0.3333, "angle": -7.65 },
					{ "time": 0.8333, "angle": 6.03 },
					{ "time": 1.1666, "angle": 0 }
				],
				"translate": [
					{ "time": 0, "x": 0, "y": 0, "curve": "stepped" },
					{ "time": 1.1666, "x": 0, "y": 0 }
				]
			},
			"br": {
				"rotate": [
					{ "time": 0, "angle": 0 },
					{ "time": 0.5, "angle": 5.79 },
					{ "time": 0.6666, "angle": 5.17 },
					{ "time": 0.8333, "angle": 5.79 },
					{ "time": 1.1666, "angle": 0 }
				],
				"translate": [
					{ "time": 0, "x": 0, "y": 0 },
					{ "time": 0.5, "x": 1.43, "y": -0.19 },
					{ "time": 0.6666, "x": -1.66, "y": -2.21 },
					{ "time": 0.8333, "x": 1.43, "y": -0.19 },
					{ "time": 1.1666, "x": 0, "y": 0 }
				]
			},
			"bl": {
				"rotate": [
					{ "time": 0, "angle": 0 },
					{ "time": 0.5, "angle": 2.18 },
					{ "time": 0.6666, "angle": -4.82 },
					{ "time": 0.8333, "angle": 2.18 },
					{ "time": 1.1666, "angle": 0 }
				],
				"translate": [
					{ "time": 0, "x": 0, "y": 0 },
					{ "time": 0.5, "x": 1.78, "y": -1.21 },
					{ "time": 0.6666, "x": -0.87, "y": 2.16 },
					{ "time": 0.8333, "x": 1.78, "y": -1.21 },
					{ "time": 1.1666, "x": 0, "y": 0 }
				]
			},
			"b2": {
				"rotate": [
					{ "time": 0, "angle": 0 },
					{ "time": 0.5, "angle": 2.56 },
					{ "time": 0.6666, "angle": -4.26 },
					{ "time": 0.8333, "angle": 2.56 },
					{ "time": 1.1666, "angle": 0 }
				],
				"translate": [
					{ "time": 0, "x": 0, "y": 0 },
					{ "time": 0.5, "x": 1.43, "y": -0.19 },
					{ "time": 0.6666, "x": -0.38, "y": 0.05 },
					{ "time": 0.8333, "x": 1.43, "y": -0.19 },
					{ "time": 1.1666, "x": 0, "y": 0 }
				]
			},
			"b1": {
				"rotate": [
					{ "time": 0, "angle": 0 },
					{ "time": 0.5, "angle": -5.79 },
					{ "time": 0.6666, "angle": 0.32 },
					{ "time": 0.8333, "angle": -5.79 },
					{ "time": 1.1666, "angle": 0 }
				],
				"translate": [
					{ "time": 0, "x": 0, "y": 0 },
					{ "time": 0.5, "x": 0.95, "y": -0.12 },
					{ "time": 0.6666, "x": -0.85, "y": 1.57 },
					{ "time": 0.8333, "x": 0.95, "y": -0.12 },
					{ "time": 1.1666, "x": 0, "y": 0 }
				]
			}
		},
		"events": [
			{ "time": 0.0666, "name": "damage_point" }
		]
	},
	"normal": {
		"slots": {
			"Light_Body": {
				"attachment": [
					{ "time": 0, "name": null },
					{ "time": 2, "name": null }
				]
			},
			"Rodney_body_normal": {
				"attachment": [
					{ "time": 0, "name": "Body_Change" }
				]
			},
			"Rodney_ship_armor_normal": {
				"attachment": [
					{ "time": 0, "name": "Ship_armor_normal" }
				]
			},
			"head_light": {
				"attachment": [
					{ "time": 0, "name": null }
				]
			}
		},
		"bones": {
			"dr3": {
				"rotate": [
					{ "time": 0, "angle": 0 },
					{ "time": 0.5, "angle": 22.91 },
					{ "time": 1, "angle": 0 },
					{ "time": 1.5, "angle": -33.75 },
					{ "time": 2, "angle": 0 }
				],
				"translate": [
					{ "time": 0, "x": 0, "y": 0, "curve": "stepped" },
					{ "time": 1, "x": 0, "y": 0, "curve": "stepped" },
					{ "time": 2, "x": 0, "y": 0 }
				]
			},
			"dr4": {
				"rotate": [
					{ "time": 0, "angle": 0 },
					{ "time": 0.5, "angle": 27.07 },
					{ "time": 1, "angle": 0 },
					{ "time": 1.5, "angle": -16.55 },
					{ "time": 2, "angle": 0 }
				],
				"translate": [
					{ "time": 0, "x": 0, "y": 0, "curve": "stepped" },
					{ "time": 1, "x": 0, "y": 0, "curve": "stepped" },
					{ "time": 2, "x": 0, "y": 0 }
				]
			},
			"br": {
				"rotate": [
					{ "time": 0, "angle": 0 },
					{ "time": 0.5, "angle": -5.04 },
					{ "time": 1.5, "angle": 4.62 },
					{ "time": 2, "angle": 0 }
				],
				"translate": [
					{ "time": 0, "x": 0, "y": 0 },
					{ "time": 0.5, "x": 0.75, "y": -0.99 },
					{ "time": 1.5, "x": -1.3, "y": -0.99 },
					{ "time": 2, "x": 0, "y": 0 }
				]
			},
			"dl2": {
				"rotate": [
					{ "time": 0, "angle": 0 },
					{ "time": 0.5, "angle": -7.21 },
					{ "time": 1, "angle": 0 },
					{ "time": 1.5, "angle": 13 },
					{ "time": 2, "angle": 0 }
				],
				"translate": [
					{ "time": 0, "x": 0, "y": 0, "curve": "stepped" },
					{ "time": 1, "x": 0, "y": 0, "curve": "stepped" },
					{ "time": 2, "x": 0, "y": 0 }
				]
			},
			"dl4": {
				"rotate": [
					{ "time": 0, "angle": 0 },
					{ "time": 0.5, "angle": -16.08 },
					{ "time": 1, "angle": 0 },
					{ "time": 1.5, "angle": 20.89 },
					{ "time": 2, "angle": 0 }
				],
				"translate": [
					{ "time": 0, "x": 0, "y": 0, "curve": "stepped" },
					{ "time": 1, "x": 0, "y": 0, "curve": "stepped" },
					{ "time": 2, "x": 0, "y": 0 }
				]
			},
			"Body": {
				"rotate": [
					{ "time": 0, "angle": 0, "curve": "stepped" },
					{ "time": 2, "angle": 0 }
				],
				"translate": [
					{ "time": 0, "x": 0, "y": 0, "curve": "stepped" },
					{ "time": 2, "x": 0, "y": 0 }
				]
			},
			"BOOM_L": {
				"rotate": [
					{ "time": 0, "angle": 0 },
					{ "time": 0.5, "angle": 4.06 },
					{ "time": 1, "angle": 0 },
					{ "time": 1.5, "angle": 10.55 },
					{ "time": 2, "angle": 0 }
				],
				"translate": [
					{ "time": 0, "x": 0, "y": 0, "curve": "stepped" },
					{ "time": 1, "x": 0, "y": 0, "curve": "stepped" },
					{ "time": 2, "x": 0, "y": 0 }
				]
			},
			"BB": {
				"rotate": [
					{ "time": 0, "angle": 0, "curve": "stepped" },
					{ "time": 2, "angle": 0 }
				],
				"translate": [
					{ "time": 0, "x": 0, "y": 0 },
					{ "time": 1, "x": 1.33, "y": 0 },
					{ "time": 2, "x": 0, "y": 0 }
				]
			},
			"Leg_L": {
				"rotate": [
					{ "time": 0, "angle": 0 },
					{ "time": 1, "angle": 0.81 },
					{ "time": 2, "angle": 0 }
				],
				"translate": [
					{ "time": 0, "x": 0, "y": 0 },
					{ "time": 1, "x": 3.8, "y": 0 },
					{ "time": 2, "x": 0, "y": 0 }
				]
			},
			"dl": {
				"rotate": [
					{ "time": 0, "angle": 0 },
					{ "time": 0.5, "angle": -13.17 },
					{ "time": 1, "angle": 0 },
					{ "time": 1.5, "angle": 9.66 },
					{ "time": 2, "angle": 0 }
				],
				"translate": [
					{ "time": 0, "x": 0, "y": 0, "curve": "stepped" },
					{ "time": 1, "x": 0, "y": 0, "curve": "stepped" },
					{ "time": 2, "x": 0, "y": 0 }
				]
			},
			"Hand_R": {
				"rotate": [
					{ "time": 0, "angle": 0 },
					{ "time": 0.5, "angle": 6.91 },
					{ "time": 1, "angle": 0 },
					{ "time": 1.5, "angle": -4.4 },
					{ "time": 2, "angle": 0 }
				],
				"translate": [
					{ "time": 0, "x": 0, "y": 0 },
					{ "time": 0.5, "x": 7.84, "y": -3.98 },
					{ "time": 1, "x": 0, "y": 0 },
					{ "time": 1.5, "x": -1.87, "y": 0 },
					{ "time": 2, "x": 0, "y": 0 }
				]
			},
			"Root_All": {
				"rotate": [
					{ "time": 0, "angle": 0, "curve": "stepped" },
					{ "time": 2, "angle": 0 }
				],
				"translate": [
					{
						"time": 0,
						"x": 0,
						"y": 0,
						"curve": [ 0.255, 0.35, 0.6, 0.7 ]
					},
					{
						"time": 0.5,
						"x": 0,
						"y": -9.82,
						"curve": [ 0.3, 0.39, 0.641, 0.74 ]
					},
					{
						"time": 1,
						"x": 0,
						"y": -15.66,
						"curve": [ 0.322, 0.37, 0.652, 0.7 ]
					},
					{
						"time": 1.5,
						"x": 0,
						"y": -7.79,
						"curve": [ 0.314, 0.36, 0.644, 0.68 ]
					},
					{ "time": 2, "x": 0, "y": 0 }
				]
			},
			"dr": {
				"rotate": [
					{ "time": 0, "angle": 0 },
					{ "time": 0.5, "angle": 1.76 },
					{ "time": 1, "angle": 0 },
					{ "time": 1.5, "angle": -10.33 },
					{ "time": 2, "angle": 0 }
				],
				"translate": [
					{ "time": 0, "x": 0, "y": 0, "curve": "stepped" },
					{ "time": 1, "x": 0, "y": 0, "curve": "stepped" },
					{ "time": 2, "x": 0, "y": 0 }
				]
			},
			"Leg_R": {
				"rotate": [
					{ "time": 0, "angle": 0 },
					{ "time": 1, "angle": -12.17 },
					{ "time": 2, "angle": 0 }
				],
				"translate": [
					{ "time": 0, "x": 0, "y": 0, "curve": "stepped" },
					{ "time": 2, "x": 0, "y": 0 }
				]
			},
			"Face": {
				"rotate": [
					{ "time": 0, "angle": 0, "curve": "stepped" },
					{ "time": 2, "angle": 0 }
				],
				"translate": [
					{
						"time": 0,
						"x": 0,
						"y": 0,
						"curve": [ 0.286, 0.34, 0.623, 0.67 ]
					},
					{
						"time": 0.5,
						"x": 0.64,
						"y": 0,
						"curve": [ 0.282, 0.37, 0.624, 0.71 ]
					},
					{
						"time": 1.5,
						"x": -1.28,
						"y": 0,
						"curve": [ 0.321, 0.37, 0.656, 0.71 ]
					},
					{ "time": 2, "x": 0, "y": 0 }
				]
			},
			"Ship_All": {
				"rotate": [
					{ "time": 0, "angle": 0, "curve": "stepped" },
					{ "time": 2, "angle": 0 }
				],
				"translate": [
					{ "time": 0, "x": 0, "y": 0, "curve": "stepped" },
					{ "time": 2, "x": 0, "y": 0 }
				]
			},
			"Head": {
				"rotate": [
					{ "time": 0, "angle": 0 },
					{ "time": 0.5, "angle": -5.96 },
					{ "time": 1, "angle": 0 },
					{ "time": 1.5, "angle": 3.91 },
					{ "time": 2, "angle": 0 }
				],
				"translate": [
					{ "time": 0, "x": 0, "y": 0, "curve": "stepped" },
					{ "time": 1, "x": 0, "y": 0, "curve": "stepped" },
					{ "time": 2, "x": 0, "y": 0 }
				]
			},
			"bl": {
				"rotate": [
					{ "time": 0, "angle": 0 },
					{ "time": 0.5, "angle": 6.83 },
					{ "time": 1.5, "angle": -3.22 },
					{ "time": 2, "angle": 0 }
				],
				"translate": [
					{ "time": 0, "x": 0, "y": 0 },
					{ "time": 0.5, "x": 1.61, "y": 0.96 },
					{ "time": 1.5, "x": -0.71, "y": 1.96 },
					{ "time": 2, "x": 0, "y": 0 }
				]
			},
			"Hand_L": {
				"rotate": [
					{ "time": 0, "angle": 0 },
					{ "time": 0.5, "angle": -9.44 },
					{ "time": 1, "angle": 0 },
					{ "time": 1.5, "angle": 6.43 },
					{ "time": 2, "angle": 0 }
				],
				"translate": [
					{ "time": 0, "x": 0, "y": 0 },
					{ "time": 0.5, "x": -3.75, "y": 0 },
					{ "time": 1, "x": 0, "y": 0 },
					{ "time": 1.5, "x": 0.62, "y": 0 },
					{ "time": 2, "x": 0, "y": 0 }
				]
			},
			"BOOM_R": {
				"rotate": [
					{ "time": 0, "angle": 0 },
					{ "time": 0.5, "angle": -20.07 },
					{ "time": 1, "angle": 0 },
					{ "time": 1.5, "angle": 23.58 },
					{ "time": 2, "angle": 0 }
				],
				"translate": [
					{ "time": 0, "x": 0, "y": 0, "curve": "stepped" },
					{ "time": 1, "x": 0, "y": 0, "curve": "stepped" },
					{ "time": 2, "x": 0, "y": 0 }
				]
			},
			"dl3": {
				"rotate": [
					{ "time": 0, "angle": 0 },
					{ "time": 0.5, "angle": -12.04 },
					{ "time": 1, "angle": 0 },
					{ "time": 1.5, "angle": -0.88 },
					{ "time": 2, "angle": 0 }
				],
				"translate": [
					{ "time": 0, "x": 0, "y": 0, "curve": "stepped" },
					{ "time": 1, "x": 0, "y": 0, "curve": "stepped" },
					{ "time": 2, "x": 0, "y": 0 }
				]
			},
			"Ship": {
				"rotate": [
					{
						"time": 0,
						"angle": 0,
						"curve": [ 0.286, 0.34, 0.623, 0.67 ]
					},
					{
						"time": 0.5,
						"angle": -363.3,
						"curve": [ 0.282, 0.37, 0.624, 0.71 ]
					},
					{
						"time": 1.5,
						"angle": -355.22,
						"curve": [ 0.321, 0.37, 0.656, 0.71 ]
					},
					{ "time": 2, "angle": 0 }
				],
				"translate": [
					{
						"time": 0,
						"x": 0,
						"y": 0,
						"curve": [ 0.329, 0.33, 0.663, 0.66 ]
					},
					{
						"time": 0.5,
						"x": -7.29,
						"y": 0,
						"curve": [ 0.326, 0.33, 0.659, 0.66 ]
					},
					{
						"time": 1.5,
						"x": 1.6,
						"y": 0,
						"curve": [ 0.33, 0.33, 0.663, 0.66 ]
					},
					{ "time": 2, "x": 0, "y": 0 }
				]
			},
			"b1": {
				"rotate": [
					{ "time": 0, "angle": 0 },
					{ "time": 1.5, "angle": -3.83 },
					{ "time": 2, "angle": 0 }
				],
				"translate": [
					{ "time": 0, "x": 0, "y": 0 },
					{ "time": 0.5, "x": 0.58, "y": -0.07 },
					{ "time": 1.5, "x": -1.86, "y": 0.25 },
					{ "time": 2, "x": 0, "y": 0 }
				]
			},
			"dr2": {
				"rotate": [
					{ "time": 0, "angle": 0 },
					{ "time": 0.5, "angle": 9.51 },
					{ "time": 1, "angle": 0 },
					{ "time": 1.5, "angle": -8.99 },
					{ "time": 2, "angle": 0 }
				],
				"translate": [
					{ "time": 0, "x": 0, "y": 0, "curve": "stepped" },
					{ "time": 1, "x": 0, "y": 0, "curve": "stepped" },
					{ "time": 2, "x": 0, "y": 0 }
				]
			},
			"b2": {
				"rotate": [
					{ "time": 0, "angle": 0 },
					{ "time": 1.5, "angle": 6 },
					{ "time": 2, "angle": 0 }
				],
				"translate": [
					{ "time": 0, "x": 0, "y": 0 },
					{ "time": 0.5, "x": 0.87, "y": -0.11 },
					{ "time": 1.5, "x": -1.76, "y": 0.23 },
					{ "time": 2, "x": 0, "y": 0 }
				]
			}
		}
	},
	"throw": {
		"slots": {
			"Light_Body": {
				"attachment": [
					{ "time": 0, "name": null }
				]
			},
			"Rodney_body_normal": {
				"attachment": [
					{ "time": 0, "name": "Body_Change" }
				]
			},
			"Rodney_ship_armor_normal": {
				"attachment": [
					{ "time": 0, "name": "Ship_armor_normal" },
					{ "time": 1.3333, "name": "Ship_armor_normal" }
				]
			},
			"head_light": {
				"attachment": [
					{ "time": 0, "name": null }
				]
			}
		},
		"bones": {
			"Face": {
				"rotate": [
					{ "time": 0, "angle": 0, "curve": "stepped" },
					{ "time": 1.3333, "angle": 0 }
				],
				"translate": [
					{
						"time": 0,
						"x": 0,
						"y": 0,
						"curve": [ 0.286, 0.34, 0.623, 0.67 ]
					},
					{ "time": 0.3333, "x": 0, "y": -0.7 },
					{ "time": 0.5666, "x": 0, "y": 0.14 },
					{ "time": 1.3333, "x": 0, "y": 0 }
				]
			},
			"Root_All": {
				"rotate": [
					{ "time": 0, "angle": 0, "curve": "stepped" },
					{ "time": 1.3333, "angle": 0 }
				],
				"translate": [
					{
						"time": 0,
						"x": 0,
						"y": 0,
						"curve": [ 0.255, 0.35, 0.6, 0.7 ]
					},
					{ "time": 0.6333, "x": -66.66, "y": 0 },
					{ "time": 0.9666, "x": -10.42, "y": -12.42 },
					{ "time": 1.3333, "x": 0, "y": 0 }
				]
			},
			"Ship": {
				"rotate": [
					{
						"time": 0,
						"angle": 0,
						"curve": [ 0.219, 0.41, 0.591, 0.77 ]
					},
					{ "time": 0.3333, "angle": -368.78 },
					{ "time": 0.5666, "angle": -364.51 },
					{ "time": 0.7333, "angle": -337.56 },
					{ "time": 1.0333, "angle": -350.62 },
					{ "time": 1.3333, "angle": 0 }
				],
				"translate": [
					{
						"time": 0,
						"x": 0,
						"y": 0,
						"curve": [ 0.319, 0.33, 0.653, 0.66 ]
					},
					{ "time": 0.3333, "x": 17.55, "y": 14.97 },
					{ "time": 0.5666, "x": -2.97, "y": 1.92 },
					{ "time": 0.7333, "x": -13.52, "y": 0.11 },
					{ "time": 1.0333, "x": -12.05, "y": -2.5 },
					{ "time": 1.3333, "x": 0, "y": 0 }
				]
			},
			"Body": {
				"rotate": [
					{
						"time": 0,
						"angle": 0,
						"curve": [ 0.219, 0.41, 0.591, 0.77 ]
					},
					{
						"time": 0.6333,
						"angle": -3.17,
						"curve": [ 0.32, 0.36, 0.653, 0.69 ]
					},
					{
						"time": 0.7333,
						"angle": 0.61,
						"curve": [ 0.319, 0.37, 0.652, 0.7 ]
					},
					{
						"time": 0.9666,
						"angle": -1.72,
						"curve": [ 0.32, 0.38, 0.654, 0.71 ]
					},
					{ "time": 1.3333, "angle": 0 }
				],
				"translate": [
					{
						"time": 0,
						"x": 0,
						"y": 0,
						"curve": [ 0.219, 0.41, 0.591, 0.77 ]
					},
					{
						"time": 0.3333,
						"x": -15.86,
						"y": 0,
						"curve": [ 0.193, 0.39, 0.58, 0.9 ]
					},
					{
						"time": 0.5666,
						"x": -19.36,
						"y": 0,
						"curve": [ 0.142, 0.42, 0.647, 0.94 ]
					},
					{ "time": 0.6333, "x": 92.18, "y": -6.3 },
					{ "time": 0.7333, "x": 111.33, "y": 0 },
					{ "time": 1.3333, "x": 0, "y": 0 }
				]
			},
			"Ship_All": {
				"rotate": [
					{ "time": 0, "angle": 0, "curve": "stepped" },
					{ "time": 1.3333, "angle": 0 }
				],
				"translate": [
					{ "time": 0, "x": 0, "y": 0, "curve": "stepped" },
					{ "time": 1.3333, "x": 0, "y": 0 }
				]
			},
			"Throw_Point": {
				"rotate": [
					{ "time": 0.6333, "angle": 0 }
				],
				"translate": [
					{ "time": 0.6333, "x": 0, "y": 0 }
				]
			},
			"Leg_R": {
				"rotate": [
					{ "time": 0, "angle": 0 },
					{ "time": 0.5, "angle": -337.02 },
					{ "time": 0.8333, "angle": -332.74 },
					{ "time": 1.3333, "angle": 0 }
				],
				"translate": [
					{ "time": 0, "x": 0, "y": 0 },
					{ "time": 0.5, "x": 5.85, "y": 0.28 },
					{ "time": 0.8333, "x": 6.44, "y": 0.19 },
					{ "time": 1.3333, "x": 0, "y": 0 }
				]
			},
			"Leg_L": {
				"rotate": [
					{ "time": 0, "angle": 0 },
					{ "time": 0.5, "angle": 14.82 },
					{ "time": 0.8333, "angle": 16 },
					{ "time": 1.3333, "angle": 0 }
				],
				"translate": [
					{ "time": 0, "x": 0, "y": 0 },
					{ "time": 0.8333, "x": 2.92, "y": 0.02 },
					{ "time": 1.3333, "x": 0, "y": 0 }
				]
			},
			"Head": {
				"rotate": [
					{ "time": 0, "angle": 0 },
					{ "time": 0.3333, "angle": 0.25 },
					{ "time": 0.8333, "angle": -5.25 },
					{ "time": 1.3333, "angle": 0 }
				],
				"translate": [
					{ "time": 0, "x": 0, "y": 0, "curve": "stepped" },
					{ "time": 1.3333, "x": 0, "y": 0 }
				]
			},
			"Hand_R": {
				"rotate": [
					{ "time": 0, "angle": 0 },
					{ "time": 0.5, "angle": 9.43 },
					{ "time": 1, "angle": 2.42 },
					{ "time": 1.3333, "angle": 0 }
				],
				"translate": [
					{ "time": 0, "x": 0, "y": 0 },
					{ "time": 1, "x": -2.92, "y": -0.07 },
					{ "time": 1.3333, "x": 0, "y": 0 }
				]
			},
			"dr4": {
				"rotate": [
					{ "time": 0, "angle": 0 },
					{ "time": 0.5, "angle": -8.14 },
					{ "time": 1, "angle": 15.44 },
					{ "time": 1.3333, "angle": 0 }
				],
				"translate": [
					{ "time": 0, "x": 0, "y": 0, "curve": "stepped" },
					{ "time": 1.3333, "x": 0, "y": 0 }
				]
			},
			"dr3": {
				"rotate": [
					{ "time": 0, "angle": 0 },
					{ "time": 0.5, "angle": -6.21 },
					{ "time": 1, "angle": 3.72 },
					{ "time": 1.3333, "angle": 0 }
				],
				"translate": [
					{ "time": 0, "x": 0, "y": 0, "curve": "stepped" },
					{ "time": 1.3333, "x": 0, "y": 0 }
				]
			},
			"dr2": {
				"rotate": [
					{ "time": 0, "angle": 0 },
					{ "time": 0.5, "angle": -3.17 },
					{ "time": 1, "angle": 11.43 },
					{ "time": 1.3333, "angle": 0 }
				],
				"translate": [
					{ "time": 0, "x": 0, "y": 0, "curve": "stepped" },
					{ "time": 1.3333, "x": 0, "y": 0 }
				]
			},
			"dr": {
				"rotate": [
					{ "time": 0, "angle": 0 },
					{ "time": 0.5, "angle": -13.69 },
					{ "time": 1, "angle": 4.95 },
					{ "time": 1.3333, "angle": 0 }
				],
				"translate": [
					{ "time": 0, "x": 0, "y": 0, "curve": "stepped" },
					{ "time": 1.3333, "x": 0, "y": 0 }
				]
			},
			"BOOM_R": {
				"rotate": [
					{ "time": 0, "angle": 0 },
					{ "time": 0.5, "angle": -12.08 },
					{ "time": 1, "angle": 6.09 },
					{ "time": 1.3333, "angle": 0 }
				],
				"translate": [
					{ "time": 0, "x": 0, "y": 0 },
					{ "time": 0.5, "x": 1.33, "y": 3.67 },
					{ "time": 1.3333, "x": 0, "y": 0 }
				]
			},
			"dl4": {
				"rotate": [
					{ "time": 0, "angle": 0 },
					{ "time": 0.4333, "angle": -16.53 },
					{ "time": 0.9333, "angle": 16.7 },
					{ "time": 1.3333, "angle": 0 }
				],
				"translate": [
					{ "time": 0, "x": 0, "y": 0, "curve": "stepped" },
					{ "time": 1.3333, "x": 0, "y": 0 }
				]
			},
			"dl3": {
				"rotate": [
					{ "time": 0, "angle": 0 },
					{ "time": 0.4333, "angle": -4.42 },
					{ "time": 0.9333, "angle": 14.43 },
					{ "time": 1.3333, "angle": 0 }
				],
				"translate": [
					{ "time": 0, "x": 0, "y": 0, "curve": "stepped" },
					{ "time": 1.3333, "x": 0, "y": 0 }
				]
			},
			"dl2": {
				"rotate": [
					{ "time": 0, "angle": 0 },
					{ "time": 0.4333, "angle": -5.39 },
					{ "time": 0.9333, "angle": 11.48 },
					{ "time": 1.3333, "angle": 0 }
				],
				"translate": [
					{ "time": 0, "x": 0, "y": 0, "curve": "stepped" },
					{ "time": 1.3333, "x": 0, "y": 0 }
				]
			},
			"dl": {
				"rotate": [
					{ "time": 0, "angle": 0 },
					{ "time": 0.4333, "angle": -9.33 },
					{ "time": 0.9333, "angle": 3.94 },
					{ "time": 1.3333, "angle": 0 }
				],
				"translate": [
					{ "time": 0, "x": 0, "y": 0, "curve": "stepped" },
					{ "time": 1.3333, "x": 0, "y": 0 }
				]
			},
			"BOOM_L": {
				"rotate": [
					{ "time": 0, "angle": 0 },
					{ "time": 0.4333, "angle": 350.21 },
					{ "time": 0.9333, "angle": 10.44 },
					{ "time": 1.3333, "angle": 0 }
				],
				"translate": [
					{ "time": 0, "x": 0, "y": 0, "curve": "stepped" },
					{ "time": 1.3333, "x": 0, "y": 0 }
				]
			},
			"Hand_L": {
				"rotate": [
					{ "time": 0, "angle": 0 },
					{ "time": 0.5, "angle": 6.74 },
					{ "time": 1, "angle": -2.33 },
					{ "time": 1.3333, "angle": 0 }
				],
				"translate": [
					{ "time": 0, "x": 0, "y": 0, "curve": "stepped" },
					{ "time": 1.3333, "x": 0, "y": 0 }
				]
			},
			"BB": {
				"rotate": [
					{ "time": 0, "angle": 0, "curve": "stepped" },
					{ "time": 1.3333, "angle": 0 }
				],
				"translate": [
					{ "time": 0, "x": 0, "y": 0 },
					{ "time": 0.3333, "x": 0.84, "y": -1.55 },
					{ "time": 1.3333, "x": 0, "y": 0 }
				]
			},
			"br": {
				"rotate": [
					{ "time": 0, "angle": 0 },
					{ "time": 0.5, "angle": -0.96 },
					{ "time": 0.6666, "angle": 2.83 },
					{ "time": 0.9333, "angle": -0.96 },
					{ "time": 1.1666, "angle": 2.83 },
					{ "time": 1.3333, "angle": 0 }
				],
				"translate": [
					{ "time": 0, "x": 0, "y": 0 },
					{ "time": 0.5, "x": 1.64, "y": 0.65 },
					{ "time": 0.6666, "x": -1.95, "y": -1.84 },
					{ "time": 0.9333, "x": 1.64, "y": 0.65 },
					{ "time": 1.1666, "x": -1.95, "y": -1.84 },
					{ "time": 1.3333, "x": 0, "y": 0 }
				]
			},
			"bl": {
				"rotate": [
					{ "time": 0, "angle": 0 },
					{ "time": 0.5, "angle": 4.9 },
					{ "time": 0.6666, "angle": -1.13 },
					{ "time": 0.9333, "angle": 4.9 },
					{ "time": 1.1666, "angle": -1.13 },
					{ "time": 1.3333, "angle": 0 }
				],
				"translate": [
					{ "time": 0, "x": 0, "y": 0 },
					{ "time": 0.5, "x": 0.72, "y": -0.85 },
					{ "time": 0.6666, "x": -1.03, "y": 2.18 },
					{ "time": 0.9333, "x": 0.72, "y": -0.85 },
					{ "time": 1.1666, "x": -1.03, "y": 2.18 },
					{ "time": 1.3333, "x": 0, "y": 0 }
				]
			},
			"b2": {
				"rotate": [
					{ "time": 0, "angle": 0 },
					{ "time": 0.6666, "angle": 0.85, "curve": "stepped" },
					{ "time": 1.1666, "angle": 0.85 },
					{ "time": 1.3333, "angle": 0 }
				],
				"translate": [
					{ "time": 0, "x": 0, "y": 0 },
					{ "time": 0.5, "x": 1.44, "y": -1.71 },
					{ "time": 0.6666, "x": -0.99, "y": -0.51 },
					{ "time": 0.9333, "x": 1.44, "y": -1.71 },
					{ "time": 1.1666, "x": -0.99, "y": -0.51 },
					{ "time": 1.3333, "x": 0, "y": 0 }
				]
			},
			"b1": {
				"rotate": [
					{ "time": 0, "angle": 0 },
					{ "time": 0.6666, "angle": -1.79, "curve": "stepped" },
					{ "time": 1.1666, "angle": -1.79 },
					{ "time": 1.3333, "angle": 0 }
				],
				"translate": [
					{ "time": 0, "x": 0, "y": 0 },
					{ "time": 0.5, "x": 1.5, "y": -0.92 },
					{ "time": 0.6666, "x": -1.41, "y": 3.03 },
					{ "time": 0.9333, "x": 1.5, "y": -0.92 },
					{ "time": 1.1666, "x": -1.41, "y": 3.03 },
					{ "time": 1.3333, "x": 0, "y": 0 }
				]
			}
		},
		"events": [
			{ "time": 0.5666, "name": "throw_point" }
		]
	},
	"wreck": {
		"slots": {
			"Light_Body": {
				"attachment": [
					{ "time": 0, "name": null },
					{ "time": 2, "name": null }
				]
			},
			"Rodney_body_normal": {
				"attachment": [
					{ "time": 0, "name": "Body_Change" }
				]
			},
			"Rodney_eyes_normal": {
				"attachment": [
					{ "time": 0, "name": "Rodney_eyes_damage" }
				]
			},
			"Rodney_ship_armor_normal": {
				"attachment": [
					{ "time": 0, "name": "Ship_armor_normal" }
				]
			},
			"head_light": {
				"attachment": [
					{ "time": 0, "name": null }
				]
			}
		},
		"bones": {
			"b1": {
				"rotate": [
					{ "time": 0, "angle": 0 },
					{ "time": 1.5, "angle": -3.83 },
					{ "time": 2, "angle": 0 }
				],
				"translate": [
					{ "time": 0, "x": 0, "y": 0 },
					{ "time": 0.5, "x": 0.58, "y": -0.07 },
					{ "time": 1.5, "x": -1.86, "y": 0.25 },
					{ "time": 2, "x": 0, "y": 0 }
				]
			},
			"bl": {
				"rotate": [
					{ "time": 0, "angle": 0 },
					{ "time": 0.5, "angle": 6.83 },
					{ "time": 1.5, "angle": -3.22 },
					{ "time": 2, "angle": 0 }
				],
				"translate": [
					{ "time": 0, "x": 0, "y": 0 },
					{ "time": 0.5, "x": 1.61, "y": 0.96 },
					{ "time": 1.5, "x": -0.71, "y": 1.96 },
					{ "time": 2, "x": 0, "y": 0 }
				]
			},
			"Hand_R": {
				"rotate": [
					{ "time": 0, "angle": 0 },
					{ "time": 0.5, "angle": 6.91 },
					{ "time": 1, "angle": 0 },
					{ "time": 1.5, "angle": -4.4 },
					{ "time": 2, "angle": 0 }
				],
				"translate": [
					{ "time": 0, "x": 0, "y": 0 },
					{ "time": 0.5, "x": -0.85, "y": -3.98 },
					{ "time": 1, "x": 0, "y": 0 },
					{ "time": 1.5, "x": -1.87, "y": 0 },
					{ "time": 2, "x": 0, "y": 0 }
				]
			},
			"dl4": {
				"rotate": [
					{ "time": 0, "angle": 0 },
					{ "time": 0.5, "angle": -16.08 },
					{ "time": 1, "angle": 0 },
					{ "time": 1.5, "angle": 20.89 },
					{ "time": 2, "angle": 0 }
				],
				"translate": [
					{ "time": 0, "x": 0, "y": 0, "curve": "stepped" },
					{ "time": 1, "x": 0, "y": 0, "curve": "stepped" },
					{ "time": 2, "x": 0, "y": 0 }
				]
			},
			"Hand_L": {
				"rotate": [
					{ "time": 0, "angle": 0 },
					{ "time": 0.5, "angle": -9.44 },
					{ "time": 1, "angle": 0 },
					{ "time": 1.5, "angle": 6.43 },
					{ "time": 2, "angle": 0 }
				],
				"translate": [
					{ "time": 0, "x": 0, "y": 0 },
					{ "time": 0.5, "x": -3.75, "y": 0 },
					{ "time": 1, "x": 0, "y": 0 },
					{ "time": 1.5, "x": 0.62, "y": 0 },
					{ "time": 2, "x": 0, "y": 0 }
				]
			},
			"dr3": {
				"rotate": [
					{ "time": 0, "angle": 0 },
					{ "time": 0.5, "angle": 22.91 },
					{ "time": 1, "angle": 0 },
					{ "time": 1.5, "angle": -33.75 },
					{ "time": 2, "angle": 0 }
				],
				"translate": [
					{ "time": 0, "x": 0, "y": 0, "curve": "stepped" },
					{ "time": 1, "x": 0, "y": 0, "curve": "stepped" },
					{ "time": 2, "x": 0, "y": 0 }
				]
			},
			"Ship": {
				"rotate": [
					{
						"time": 0,
						"angle": 0,
						"curve": [ 0.286, 0.34, 0.623, 0.67 ]
					},
					{
						"time": 0.5,
						"angle": -363.3,
						"curve": [ 0.282, 0.37, 0.624, 0.71 ]
					},
					{
						"time": 1.5,
						"angle": -355.22,
						"curve": [ 0.321, 0.37, 0.656, 0.71 ]
					},
					{ "time": 2, "angle": 0 }
				],
				"translate": [
					{
						"time": 0,
						"x": 0,
						"y": 0,
						"curve": [ 0.329, 0.33, 0.663, 0.66 ]
					},
					{
						"time": 0.5,
						"x": -7.29,
						"y": 0,
						"curve": [ 0.326, 0.33, 0.659, 0.66 ]
					},
					{
						"time": 1.5,
						"x": 1.6,
						"y": 0,
						"curve": [ 0.33, 0.33, 0.663, 0.66 ]
					},
					{ "time": 2, "x": 0, "y": 0 }
				]
			},
			"BOOM_L": {
				"rotate": [
					{ "time": 0, "angle": 0 },
					{ "time": 0.5, "angle": 4.06 },
					{ "time": 1, "angle": 0 },
					{ "time": 1.5, "angle": 10.55 },
					{ "time": 2, "angle": 0 }
				],
				"translate": [
					{ "time": 0, "x": 0, "y": 0, "curve": "stepped" },
					{ "time": 1, "x": 0, "y": 0, "curve": "stepped" },
					{ "time": 2, "x": 0, "y": 0 }
				]
			},
			"dl": {
				"rotate": [
					{ "time": 0, "angle": 0 },
					{ "time": 0.5, "angle": -13.17 },
					{ "time": 1, "angle": 0 },
					{ "time": 1.5, "angle": 9.66 },
					{ "time": 2, "angle": 0 }
				],
				"translate": [
					{ "time": 0, "x": 0, "y": 0, "curve": "stepped" },
					{ "time": 1, "x": 0, "y": 0, "curve": "stepped" },
					{ "time": 2, "x": 0, "y": 0 }
				]
			},
			"dr4": {
				"rotate": [
					{ "time": 0, "angle": 0 },
					{ "time": 0.5, "angle": 27.07 },
					{ "time": 1, "angle": 0 },
					{ "time": 1.5, "angle": -16.55 },
					{ "time": 2, "angle": 0 }
				],
				"translate": [
					{ "time": 0, "x": 0, "y": 0, "curve": "stepped" },
					{ "time": 1, "x": 0, "y": 0, "curve": "stepped" },
					{ "time": 2, "x": 0, "y": 0 }
				]
			},
			"BB": {
				"rotate": [
					{ "time": 0, "angle": 0, "curve": "stepped" },
					{ "time": 2, "angle": 0 }
				],
				"translate": [
					{ "time": 0, "x": 0, "y": 0 },
					{ "time": 1, "x": 1.33, "y": 0 },
					{ "time": 2, "x": 0, "y": 0 }
				]
			},
			"Leg_L": {
				"rotate": [
					{ "time": 0, "angle": 0 },
					{ "time": 1, "angle": 0.81 },
					{ "time": 2, "angle": 0 }
				],
				"translate": [
					{ "time": 0, "x": 0, "y": 0 },
					{ "time": 1, "x": 3.8, "y": 0 },
					{ "time": 2, "x": 0, "y": 0 }
				]
			},
			"BOOM_R": {
				"rotate": [
					{ "time": 0, "angle": 0 },
					{ "time": 0.5, "angle": -20.07 },
					{ "time": 1, "angle": 0 },
					{ "time": 1.5, "angle": 23.58 },
					{ "time": 2, "angle": 0 }
				],
				"translate": [
					{ "time": 0, "x": 0, "y": 0, "curve": "stepped" },
					{ "time": 1, "x": 0, "y": 0, "curve": "stepped" },
					{ "time": 2, "x": 0, "y": 0 }
				]
			},
			"br": {
				"rotate": [
					{ "time": 0, "angle": 0 },
					{ "time": 0.5, "angle": -5.04 },
					{ "time": 1.5, "angle": 4.62 },
					{ "time": 2, "angle": 0 }
				],
				"translate": [
					{ "time": 0, "x": 0, "y": 0 },
					{ "time": 0.5, "x": 0.75, "y": -0.99 },
					{ "time": 1.5, "x": -1.3, "y": -0.99 },
					{ "time": 2, "x": 0, "y": 0 }
				]
			},
			"dl3": {
				"rotate": [
					{ "time": 0, "angle": 0 },
					{ "time": 0.5, "angle": -12.04 },
					{ "time": 1, "angle": 0 },
					{ "time": 1.5, "angle": -0.88 },
					{ "time": 2, "angle": 0 }
				],
				"translate": [
					{ "time": 0, "x": 0, "y": 0, "curve": "stepped" },
					{ "time": 1, "x": 0, "y": 0, "curve": "stepped" },
					{ "time": 2, "x": 0, "y": 0 }
				]
			},
			"Body": {
				"rotate": [
					{ "time": 0, "angle": 0, "curve": "stepped" },
					{ "time": 2, "angle": 0 }
				],
				"translate": [
					{ "time": 0, "x": 0, "y": 0, "curve": "stepped" },
					{ "time": 2, "x": 0, "y": 0 }
				]
			},
			"Root_All": {
				"rotate": [
					{ "time": 0, "angle": 0, "curve": "stepped" },
					{ "time": 2, "angle": 0 }
				],
				"translate": [
					{
						"time": 0,
						"x": 0,
						"y": 0,
						"curve": [ 0.255, 0.35, 0.6, 0.7 ]
					},
					{
						"time": 0.5,
						"x": 0,
						"y": -9.82,
						"curve": [ 0.3, 0.39, 0.641, 0.74 ]
					},
					{
						"time": 1,
						"x": 0,
						"y": -15.66,
						"curve": [ 0.322, 0.37, 0.652, 0.7 ]
					},
					{
						"time": 1.5,
						"x": 0,
						"y": -7.79,
						"curve": [ 0.314, 0.36, 0.644, 0.68 ]
					},
					{ "time": 2, "x": 0, "y": 0 }
				]
			},
			"dr": {
				"rotate": [
					{ "time": 0, "angle": 0 },
					{ "time": 0.5, "angle": 1.76 },
					{ "time": 1, "angle": 0 },
					{ "time": 1.5, "angle": -10.33 },
					{ "time": 2, "angle": 0 }
				],
				"translate": [
					{ "time": 0, "x": 0, "y": 0, "curve": "stepped" },
					{ "time": 1, "x": 0, "y": 0, "curve": "stepped" },
					{ "time": 2, "x": 0, "y": 0 }
				]
			},
			"Head": {
				"rotate": [
					{ "time": 0, "angle": 0 },
					{ "time": 0.5, "angle": -5.96 },
					{ "time": 1, "angle": 0 },
					{ "time": 1.5, "angle": 3.91 },
					{ "time": 2, "angle": 0 }
				],
				"translate": [
					{ "time": 0, "x": 0, "y": 0, "curve": "stepped" },
					{ "time": 1, "x": 0, "y": 0, "curve": "stepped" },
					{ "time": 2, "x": 0, "y": 0 }
				]
			},
			"b2": {
				"rotate": [
					{ "time": 0, "angle": 0 },
					{ "time": 1.5, "angle": 6 },
					{ "time": 2, "angle": 0 }
				],
				"translate": [
					{ "time": 0, "x": 0, "y": 0 },
					{ "time": 0.5, "x": 0.87, "y": -0.11 },
					{ "time": 1.5, "x": -1.76, "y": 0.23 },
					{ "time": 2, "x": 0, "y": 0 }
				]
			},
			"Face": {
				"rotate": [
					{ "time": 0, "angle": 0, "curve": "stepped" },
					{ "time": 2, "angle": 0 }
				],
				"translate": [
					{
						"time": 0,
						"x": 0,
						"y": 0,
						"curve": [ 0.286, 0.34, 0.623, 0.67 ]
					},
					{
						"time": 0.5,
						"x": 0.64,
						"y": 0,
						"curve": [ 0.282, 0.37, 0.624, 0.71 ]
					},
					{
						"time": 1.5,
						"x": -1.28,
						"y": 0,
						"curve": [ 0.321, 0.37, 0.656, 0.71 ]
					},
					{ "time": 2, "x": 0, "y": 0 }
				]
			},
			"dl2": {
				"rotate": [
					{ "time": 0, "angle": 0 },
					{ "time": 0.5, "angle": -7.21 },
					{ "time": 1, "angle": 0 },
					{ "time": 1.5, "angle": 13 },
					{ "time": 2, "angle": 0 }
				],
				"translate": [
					{ "time": 0, "x": 0, "y": 0, "curve": "stepped" },
					{ "time": 1, "x": 0, "y": 0, "curve": "stepped" },
					{ "time": 2, "x": 0, "y": 0 }
				]
			},
			"dr2": {
				"rotate": [
					{ "time": 0, "angle": 0 },
					{ "time": 0.5, "angle": 9.51 },
					{ "time": 1, "angle": 0 },
					{ "time": 1.5, "angle": -8.99 },
					{ "time": 2, "angle": 0 }
				],
				"translate": [
					{ "time": 0, "x": 0, "y": 0, "curve": "stepped" },
					{ "time": 1, "x": 0, "y": 0, "curve": "stepped" },
					{ "time": 2, "x": 0, "y": 0 }
				]
			},
			"Ship_All": {
				"rotate": [
					{ "time": 0, "angle": 0, "curve": "stepped" },
					{ "time": 2, "angle": 0 }
				],
				"translate": [
					{ "time": 0, "x": 0, "y": 0, "curve": "stepped" },
					{ "time": 2, "x": 0, "y": 0 }
				]
			},
			"Leg_R": {
				"rotate": [
					{ "time": 0, "angle": 0 },
					{ "time": 1, "angle": -12.17 },
					{ "time": 2, "angle": 0 }
				],
				"translate": [
					{ "time": 0, "x": 0, "y": 0, "curve": "stepped" },
					{ "time": 2, "x": 0, "y": 0 }
				]
			}
		}
	}
}
}