{
"skeleton": { "hash": "2eEqozOhvNmlXXuonlOiYMF+HZg", "spine": "3.2.01", "width": 1141.66, "height": 1024, "images": "" },
"bones": [
	{ "name": "Gunfire_picture" },
	{ "name": "Actor_picture", "parent": "Gunfire_picture", "x": -255 },
	{ "name": "Actor_picture_black", "parent": "Gunfire_picture", "x": -255 },
	{ "name": "Gunfire_black", "parent": "Gunfire_picture", "x": -255 }
],
"slots": [
	{ "name": "Gunfire_black", "bone": "Gunfire_black", "attachment": "Color_change" },
	{ "name": "Actor_picture_black", "bone": "Actor_picture_black", "color": "0000006c", "attachment": "Actor_picture" },
	{ "name": "Actor_picture", "bone": "Actor_picture", "attachment": "Actor_picture" }
],
"skins": {
	"default": {
		"Actor_picture": {
			"Actor_picture": {
				"type": "mesh",
				"uvs": [ 1, 1, 0, 1, 0, 0, 1, 0 ],
				"triangles": [ 1, 2, 3, 1, 3, 0 ],
				"vertices": [ 534.33, -557.73, -489.66, -557.73, -489.66, 466.26, 534.33, 466.26 ],
				"hull": 4,
				"edges": [ 0, 2, 2, 4, 4, 6, 0, 6 ],
				"width": 1024,
				"height": 1024
			}
		},
		"Actor_picture_black": {
			"Actor_picture": {
				"type": "mesh",
				"uvs": [ 1, 1, 0, 1, 0, 0, 1, 0 ],
				"triangles": [ 1, 2, 3, 1, 3, 0 ],
				"vertices": [ 534.33, -557.73, -489.66, -557.73, -489.66, 466.26, 534.33, 466.26 ],
				"hull": 4,
				"edges": [ 0, 2, 2, 4, 4, 6, 0, 6 ],
				"width": 1024,
				"height": 1024
			}
		}
	},
	"Ship_star_1": {
		"Gunfire_black": {
			"Color_change": { "name": "BG_change/Ship_star_1", "x": 140, "y": -1.5, "scaleX": 4, "scaleY": 4, "width": 256, "height": 192 }
		}
	},
	"Ship_star_2": {
		"Gunfire_black": {
			"Color_change": { "name": "BG_change/Ship_star_2", "x": 140, "y": -1.5, "scaleX": 4, "scaleY": 4, "width": 256, "height": 192 }
		}
	},
	"Ship_star_3": {
		"Gunfire_black": {
			"Color_change": { "name": "BG_change/Ship_star_3", "x": 140, "y": -1.5, "scaleX": 4, "scaleY": 4, "width": 256, "height": 192 }
		}
	},
	"Ship_star_4": {
		"Gunfire_black": {
			"Color_change": { "name": "BG_change/Ship_star_4", "x": 140, "y": -1.5, "scaleX": 4, "scaleY": 4, "width": 256, "height": 192 }
		}
	},
	"Ship_star_5": {
		"Gunfire_black": {
			"Color_change": { "name": "BG_change/Ship_star_5", "x": 140, "y": -1.5, "scaleX": 4, "scaleY": 4, "width": 256, "height": 192 }
		}
	},
	"Ship_star_6": {
		"Gunfire_black": {
			"Color_change": { "name": "BG_change/Ship_star_6", "x": 140, "y": -1.5, "scaleX": 4, "scaleY": 4, "width": 256, "height": 192 }
		}
	}
},
"events": {
	"End": {}
},
"animations": {
	"Gunfire_L_1": {
		"slots": {
			"Actor_picture": {
				"color": [
					{ "time": 0, "color": "ffffff00" },
					{ "time": 0.2333, "color": "ffffffff", "curve": "stepped" },
					{ "time": 0.6666, "color": "ffffffff" },
					{ "time": 1.1666, "color": "ffffff00" }
				]
			},
			"Actor_picture_black": {
				"color": [
					{ "time": 0, "color": "00000000" },
					{ "time": 0.2333, "color": "00000079", "curve": "stepped" },
					{ "time": 0.6666, "color": "00000079" },
					{ "time": 1.1666, "color": "00000000" }
				]
			},
			"Gunfire_black": {
				"color": [
					{ "time": 0, "color": "ffffff00" },
					{ "time": 0.3333, "color": "ffffffff", "curve": "stepped" },
					{ "time": 0.8333, "color": "ffffffff" },
					{ "time": 1.1666, "color": "ffffff00" }
				]
			}
		},
		"bones": {
			"Actor_picture_black": {
				"translate": [
					{
						"time": 0,
						"x": -501.25,
						"y": 0,
						"curve": [ 0.219, 0.52, 0.673, 0.91 ]
					},
					{ "time": 0.2333, "x": -58.29, "y": 0 },
					{
						"time": 0.6666,
						"x": -43.29,
						"y": 0,
						"curve": [ 0.193, 0.54, 0.632, 0.93 ]
					},
					{ "time": 1.1666, "x": 212.01, "y": 0 }
				],
				"scale": [
					{ "time": 0, "x": 0.8, "y": 0.8 },
					{ "time": 0.2333, "x": 1, "y": 1 },
					{ "time": 0.6666, "x": 1.03, "y": 1.03 },
					{ "time": 1.1666, "x": 1.1, "y": 1.1 }
				]
			},
			"Actor_picture": {
				"translate": [
					{
						"time": 0,
						"x": -501.25,
						"y": 0,
						"curve": [ 0.244, 0.47, 0.591, 0.85 ]
					},
					{ "time": 0.2333, "x": -51.21, "y": 0 },
					{
						"time": 0.6666,
						"x": -11.45,
						"y": 0,
						"curve": [ 0.239, 0.52, 0.575, 0.88 ]
					},
					{ "time": 1.1666, "x": 299.37, "y": 0 }
				],
				"scale": [
					{ "time": 0, "x": 0.8, "y": 0.8 },
					{ "time": 0.2333, "x": 1, "y": 1 },
					{ "time": 0.6666, "x": 1.05, "y": 1.05 },
					{ "time": 1.1666, "x": 1.3, "y": 1.3 }
				]
			},
			"Gunfire_black": {
				"translate": [
					{ "time": 0, "x": 88.19, "y": 4 }
				]
			}
		},
		"events": [
			{ "time": 1.1666, "name": "End" }
		]
	},
	"Gunfire_L_2": {
		"slots": {
			"Actor_picture": {
				"color": [
					{ "time": 0, "color": "ffffff00" },
					{ "time": 0.2333, "color": "ffffffff", "curve": "stepped" },
					{ "time": 0.6666, "color": "ffffffff" },
					{ "time": 1.1666, "color": "ffffff00" }
				]
			},
			"Actor_picture_black": {
				"color": [
					{ "time": 0, "color": "00000000" },
					{ "time": 0.2333, "color": "00000079", "curve": "stepped" },
					{ "time": 0.6666, "color": "00000079" },
					{ "time": 1.1666, "color": "00000000" }
				]
			},
			"Gunfire_black": {
				"color": [
					{ "time": 0, "color": "ffffff00" },
					{ "time": 0.3333, "color": "ffffffff", "curve": "stepped" },
					{ "time": 0.8333, "color": "ffffffff" },
					{ "time": 1.1666, "color": "ffffff00" }
				]
			}
		},
		"bones": {
			"Gunfire_black": {
				"translate": [
					{ "time": 0, "x": 88.19, "y": 4 }
				]
			},
			"Actor_picture": {
				"translate": [
					{
						"time": 0,
						"x": -501.25,
						"y": 396.96,
						"curve": [ 0.244, 0.47, 0.591, 0.85 ]
					},
					{ "time": 0.2333, "x": -51.21, "y": 19.74 },
					{
						"time": 0.6666,
						"x": -11.45,
						"y": 0,
						"curve": [ 0.239, 0.52, 0.575, 0.88 ]
					},
					{ "time": 1.1666, "x": 299.37, "y": -151.71 }
				],
				"scale": [
					{ "time": 0, "x": 0.8, "y": 0.8 },
					{ "time": 0.2333, "x": 1, "y": 1 },
					{ "time": 0.6666, "x": 1.05, "y": 1.05 },
					{ "time": 1.1666, "x": 1.3, "y": 1.3 }
				]
			},
			"Actor_picture_black": {
				"translate": [
					{
						"time": 0,
						"x": -501.25,
						"y": 396.96,
						"curve": [ 0.219, 0.52, 0.673, 0.91 ]
					},
					{ "time": 0.2333, "x": -58.29, "y": 19.74 },
					{
						"time": 0.6666,
						"x": -35.73,
						"y": 13.82,
						"curve": [ 0.193, 0.54, 0.632, 0.93 ]
					},
					{ "time": 1.1666, "x": 213.73, "y": -84.24 }
				],
				"scale": [
					{ "time": 0, "x": 0.8, "y": 0.8 },
					{ "time": 0.2333, "x": 1, "y": 1 },
					{ "time": 0.6666, "x": 1.03, "y": 1.03 },
					{ "time": 1.1666, "x": 1.1, "y": 1.1 }
				]
			}
		},
		"events": [
			{ "time": 1.1666, "name": "End" }
		]
	},
	"Gunfire_L_3": {
		"slots": {
			"Actor_picture": {
				"color": [
					{ "time": 0, "color": "ffffff00" },
					{ "time": 0.2333, "color": "ffffffff", "curve": "stepped" },
					{ "time": 0.6666, "color": "ffffffff" },
					{ "time": 1.1666, "color": "ffffff00" }
				]
			},
			"Actor_picture_black": {
				"color": [
					{ "time": 0, "color": "00000000" },
					{ "time": 0.2333, "color": "00000079", "curve": "stepped" },
					{ "time": 0.6666, "color": "00000079" },
					{ "time": 1.1666, "color": "00000000" }
				]
			},
			"Gunfire_black": {
				"color": [
					{ "time": 0, "color": "ffffff00" },
					{ "time": 0.3333, "color": "ffffffff", "curve": "stepped" },
					{ "time": 0.8333, "color": "ffffffff" },
					{ "time": 1.1666, "color": "ffffff00" }
				]
			}
		},
		"bones": {
			"Actor_picture": {
				"translate": [
					{
						"time": 0,
						"x": -501.25,
						"y": -184.74,
						"curve": [ 0.244, 0.47, 0.591, 0.85 ]
					},
					{ "time": 0.2333, "x": -51.21, "y": 17.24 },
					{
						"time": 0.6666,
						"x": -11.45,
						"y": 30.45,
						"curve": [ 0.253, 0.47, 0.588, 0.81 ]
					},
					{ "time": 1.1666, "x": 275.1, "y": 116.15 }
				],
				"scale": [
					{ "time": 0, "x": 0.8, "y": 0.8 },
					{ "time": 0.2333, "x": 1, "y": 1 },
					{ "time": 0.6666, "x": 1.05, "y": 1.05 },
					{ "time": 1.1666, "x": 1.3, "y": 1.3 }
				]
			},
			"Actor_picture_black": {
				"translate": [
					{
						"time": 0,
						"x": -501.25,
						"y": -184.74,
						"curve": [ 0.219, 0.52, 0.673, 0.91 ]
					},
					{ "time": 0.2333, "x": -58.29, "y": 17.24 },
					{
						"time": 0.6666,
						"x": -40.21,
						"y": 14.59,
						"curve": [ 0.193, 0.54, 0.632, 0.93 ]
					},
					{ "time": 1.1666, "x": 176.79, "y": 58.02 }
				],
				"scale": [
					{ "time": 0, "x": 0.8, "y": 0.8 },
					{ "time": 0.2333, "x": 1, "y": 1 },
					{ "time": 0.6666, "x": 1.03, "y": 1.03 },
					{ "time": 1.1666, "x": 1.1, "y": 1.1 }
				]
			},
			"Gunfire_black": {
				"translate": [
					{ "time": 0, "x": 88.19, "y": 4 }
				]
			}
		},
		"events": [
			{ "time": 1.1666, "name": "End" }
		]
	},
	"Gunfire_R_1": {
		"slots": {
			"Actor_picture": {
				"color": [
					{ "time": 0, "color": "ffffff00" },
					{ "time": 0.2333, "color": "ffffffff", "curve": "stepped" },
					{ "time": 0.6666, "color": "ffffffff" },
					{ "time": 1.1666, "color": "ffffff00" }
				]
			},
			"Actor_picture_black": {
				"color": [
					{ "time": 0, "color": "00000000" },
					{ "time": 0.2333, "color": "00000079", "curve": "stepped" },
					{ "time": 0.6666, "color": "00000079" },
					{ "time": 1.1666, "color": "00000000" }
				]
			},
			"Gunfire_black": {
				"color": [
					{ "time": 0, "color": "ffffff00" },
					{ "time": 0.3333, "color": "ffffffff", "curve": "stepped" },
					{ "time": 0.8333, "color": "ffffffff" },
					{ "time": 1.1666, "color": "ffffff00" }
				]
			}
		},
		"bones": {
			"Gunfire_black": {
				"translate": [
					{ "time": 0, "x": 88.19, "y": 4 }
				]
			},
			"Actor_picture_black": {
				"translate": [
					{
						"time": 0,
						"x": -501.25,
						"y": 0,
						"curve": [ 0.219, 0.52, 0.673, 0.91 ]
					},
					{ "time": 0.2333, "x": -58.29, "y": 0 },
					{
						"time": 0.6666,
						"x": -43.29,
						"y": 0,
						"curve": [ 0.193, 0.54, 0.632, 0.93 ]
					},
					{ "time": 1.1666, "x": 212.01, "y": 0 }
				],
				"scale": [
					{ "time": 0, "x": -0.8, "y": 0.8 },
					{ "time": 0.2333, "x": -1, "y": 1 },
					{ "time": 0.6666, "x": -1.03, "y": 1.03 },
					{ "time": 1.1666, "x": -1.1, "y": 1.1 }
				]
			},
			"Actor_picture": {
				"translate": [
					{
						"time": 0,
						"x": -501.25,
						"y": 0,
						"curve": [ 0.244, 0.47, 0.591, 0.85 ]
					},
					{ "time": 0.2333, "x": -51.21, "y": 0 },
					{
						"time": 0.6666,
						"x": -11.45,
						"y": 0,
						"curve": [ 0.239, 0.52, 0.575, 0.88 ]
					},
					{ "time": 1.1666, "x": 299.37, "y": 0 }
				],
				"scale": [
					{ "time": 0, "x": -0.8, "y": 0.8 },
					{ "time": 0.2333, "x": -1, "y": 1 },
					{ "time": 0.6666, "x": -1.05, "y": 1.05 },
					{ "time": 1.1666, "x": -1.3, "y": 1.3 }
				]
			}
		},
		"events": [
			{ "time": 1.1666, "name": "End" }
		]
	},
	"Gunfire_R_2": {
		"slots": {
			"Actor_picture": {
				"color": [
					{ "time": 0, "color": "ffffff00" },
					{ "time": 0.2333, "color": "ffffffff", "curve": "stepped" },
					{ "time": 0.6666, "color": "ffffffff" },
					{ "time": 1.1666, "color": "ffffff00" }
				]
			},
			"Actor_picture_black": {
				"color": [
					{ "time": 0, "color": "00000000" },
					{ "time": 0.2333, "color": "00000079", "curve": "stepped" },
					{ "time": 0.6666, "color": "00000079" },
					{ "time": 1.1666, "color": "00000000" }
				]
			},
			"Gunfire_black": {
				"color": [
					{ "time": 0, "color": "ffffff00" },
					{ "time": 0.3333, "color": "ffffffff", "curve": "stepped" },
					{ "time": 0.8333, "color": "ffffffff" },
					{ "time": 1.1666, "color": "ffffff00" }
				]
			}
		},
		"bones": {
			"Actor_picture_black": {
				"translate": [
					{
						"time": 0,
						"x": -501.25,
						"y": 396.96,
						"curve": [ 0.219, 0.52, 0.673, 0.91 ]
					},
					{ "time": 0.2333, "x": -58.29, "y": 19.74 },
					{
						"time": 0.6666,
						"x": -35.73,
						"y": 13.82,
						"curve": [ 0.193, 0.54, 0.632, 0.93 ]
					},
					{ "time": 1.1666, "x": 213.73, "y": -84.24 }
				],
				"scale": [
					{ "time": 0, "x": -0.8, "y": 0.8 },
					{ "time": 0.2333, "x": -1, "y": 1 },
					{ "time": 0.6666, "x": -1.03, "y": 1.03 },
					{ "time": 1.1666, "x": -1.1, "y": 1.1 }
				]
			},
			"Actor_picture": {
				"translate": [
					{
						"time": 0,
						"x": -501.25,
						"y": 396.96,
						"curve": [ 0.244, 0.47, 0.591, 0.85 ]
					},
					{ "time": 0.2333, "x": -51.21, "y": 19.74 },
					{
						"time": 0.6666,
						"x": -11.45,
						"y": 0,
						"curve": [ 0.239, 0.52, 0.575, 0.88 ]
					},
					{ "time": 1.1666, "x": 299.37, "y": -151.71 }
				],
				"scale": [
					{ "time": 0, "x": -0.8, "y": 0.8 },
					{ "time": 0.2333, "x": -1, "y": 1 },
					{ "time": 0.6666, "x": -1.05, "y": 1.05 },
					{ "time": 1.1666, "x": -1.3, "y": 1.3 }
				]
			},
			"Gunfire_black": {
				"translate": [
					{ "time": 0, "x": 88.19, "y": 4 }
				]
			}
		},
		"events": [
			{ "time": 1.1666, "name": "End" }
		]
	},
	"Gunfire_R_3": {
		"slots": {
			"Actor_picture": {
				"color": [
					{ "time": 0, "color": "ffffff00" },
					{ "time": 0.2333, "color": "ffffffff", "curve": "stepped" },
					{ "time": 0.6666, "color": "ffffffff" },
					{ "time": 1.1666, "color": "ffffff00" }
				]
			},
			"Actor_picture_black": {
				"color": [
					{ "time": 0, "color": "00000000" },
					{ "time": 0.2333, "color": "00000079", "curve": "stepped" },
					{ "time": 0.6666, "color": "00000079" },
					{ "time": 1.1666, "color": "00000000" }
				]
			},
			"Gunfire_black": {
				"color": [
					{ "time": 0, "color": "ffffff00" },
					{ "time": 0.3333, "color": "ffffffff", "curve": "stepped" },
					{ "time": 0.8333, "color": "ffffffff" },
					{ "time": 1.1666, "color": "ffffff00" }
				]
			}
		},
		"bones": {
			"Actor_picture_black": {
				"translate": [
					{
						"time": 0,
						"x": -501.25,
						"y": -184.74,
						"curve": [ 0.219, 0.52, 0.673, 0.91 ]
					},
					{ "time": 0.2333, "x": -58.29, "y": 17.24 },
					{
						"time": 0.6666,
						"x": -40.21,
						"y": 14.59,
						"curve": [ 0.193, 0.54, 0.632, 0.93 ]
					},
					{ "time": 1.1666, "x": 176.79, "y": 58.02 }
				],
				"scale": [
					{ "time": 0, "x": -0.8, "y": 0.8 },
					{ "time": 0.2333, "x": -1, "y": 1 },
					{ "time": 0.6666, "x": -1.03, "y": 1.03 },
					{ "time": 1.1666, "x": -1.1, "y": 1.1 }
				]
			},
			"Actor_picture": {
				"translate": [
					{
						"time": 0,
						"x": -501.25,
						"y": -184.74,
						"curve": [ 0.244, 0.47, 0.591, 0.85 ]
					},
					{ "time": 0.2333, "x": -51.21, "y": 17.24 },
					{
						"time": 0.6666,
						"x": -11.45,
						"y": 30.45,
						"curve": [ 0.253, 0.47, 0.588, 0.81 ]
					},
					{ "time": 1.1666, "x": 275.1, "y": 116.15 }
				],
				"scale": [
					{ "time": 0, "x": -0.8, "y": 0.8 },
					{ "time": 0.2333, "x": -1, "y": 1 },
					{ "time": 0.6666, "x": -1.05, "y": 1.05 },
					{ "time": 1.1666, "x": -1.3, "y": 1.3 }
				]
			},
			"Gunfire_black": {
				"translate": [
					{ "time": 0, "x": 88.19, "y": 4 }
				]
			}
		},
		"events": [
			{ "time": 1.1666, "name": "End" }
		]
	}
}
}