{
"skeleton": { "hash": "E84sUmFcJHRBTO7b4ZzMLqMgLX0", "spine": "3.2.01", "width": 5507.06, "height": 404.58, "images": "" },
"bones": [
	{ "name": "BG_picture" },
	{ "name": "Sky", "parent": "BG_picture" },
	{ "name": "Cloud_Other_picture", "parent": "Sky", "y": -50.58 },
	{ "name": "Item_1", "parent": "Sky", "x": -315.6, "y": -125.5 },
	{ "name": "Light_01", "parent": "Sky" },
	{ "name": "Light_1", "parent": "Sky", "x": -498.5, "y": -98.52 },
	{ "name": "Light_02", "parent": "Sky" },
	{ "name": "Light_2", "parent": "Sky", "x": 448.3, "y": -94.04 },
	{ "name": "Sky_picture", "parent": "Sky" },
	{ "name": "White_light", "parent": "Sky" }
],
"slots": [
	{ "name": "Sky", "bone": "Sky_picture", "attachment": "Sky" },
	{ "name": "Light_00", "bone": "Light_01", "attachment": "Light_00_1", "blend": "additive" },
	{ "name": "Light_01", "bone": "Light_02", "attachment": "Light_01_1", "blend": "additive" },
	{ "name": "Blue_light_00", "bone": "White_light", "attachment": "Blue_light_00", "blend": "additive" },
	{ "name": "Cloud_U", "bone": "Cloud_Other_picture", "color": "132240c7", "attachment": "Cloud_Day_U_1" },
	{ "name": "Cloud_U2", "bone": "Cloud_Other_picture", "color": "132240c7", "attachment": "Cloud_Day_U_1" },
	{ "name": "Item_00", "bone": "Item_1", "attachment": "Item_00" },
	{ "name": "Sky_picture", "bone": "Sky_picture", "attachment": "Mountain" },
	{ "name": "Light_1", "bone": "Light_2", "attachment": "Light_01", "blend": "additive" },
	{ "name": "Light_0", "bone": "Light_1", "attachment": "Light_00", "blend": "additive" }
],
"skins": {
	"default": {
		"Blue_light_00": {
			"Blue_light_00": { "scaleX": 5, "scaleY": 5, "width": 166, "height": 64 }
		},
		"Cloud_U": {
			"Cloud_Day_U_1": { "x": -3720.06, "y": -48, "scaleX": 5, "scaleY": 5, "width": 470, "height": 46 }
		},
		"Cloud_U2": {
			"Cloud_Day_U_1": { "x": -1178, "y": -48, "scaleX": 5, "scaleY": 5, "width": 470, "height": 46 }
		},
		"Item_00": {
			"Item_00": { "width": 33, "height": 38 }
		},
		"Light_0": {
			"Light_00": { "x": 192.54, "y": -46.92, "scaleX": 2, "scaleY": 2, "width": 216, "height": 64 }
		},
		"Light_00": {
			"Light_00_1": { "scaleX": 2, "scaleY": 2, "width": 156, "height": 191 }
		},
		"Light_01": {
			"Light_01_1": { "scaleX": 2, "scaleY": 2, "width": 156, "height": 173 }
		},
		"Light_1": {
			"Light_01": { "scaleX": 2, "scaleY": 2, "width": 162, "height": 68 }
		},
		"Sky": {
			"Sky": { "y": -83.5, "scaleX": 2, "scaleY": 2, "width": 612, "height": 84 }
		},
		"Sky_picture": {
			"Mountain": { "y": -83.5, "scaleX": 2, "scaleY": 2, "width": 612, "height": 84 }
		}
	}
},
"events": {
	"loop": {}
},
"animations": {
	"BG_Mediterranean_storm_night": {
		"slots": {
			"Blue_light_00": {
				"color": [
					{ "time": 0.6666, "color": "ffffff00" },
					{ "time": 0.7333, "color": "ffffffff" },
					{ "time": 0.8333, "color": "ffffff61" },
					{ "time": 1, "color": "ffffffbf" },
					{ "time": 1.3333, "color": "ffffff00", "curve": "stepped" },
					{ "time": 3, "color": "ffffff00" },
					{ "time": 3.0666, "color": "ffffffff" },
					{ "time": 3.1666, "color": "ffffff61" },
					{ "time": 3.3333, "color": "ffffffbf" },
					{ "time": 3.6666, "color": "ffffff00", "curve": "stepped" },
					{ "time": 4, "color": "ffffff00" },
					{ "time": 4.0666, "color": "ffffffff" },
					{ "time": 4.1666, "color": "ffffff61" },
					{ "time": 4.3333, "color": "ffffffbf" },
					{ "time": 4.6666, "color": "ffffff00", "curve": "stepped" },
					{ "time": 6.6666, "color": "ffffff00" },
					{ "time": 6.7333, "color": "ffffffff" },
					{ "time": 6.8333, "color": "ffffff61" },
					{ "time": 7, "color": "ffffffbf" },
					{ "time": 7.3333, "color": "ffffff00", "curve": "stepped" },
					{ "time": 8.5, "color": "ffffff00" },
					{ "time": 8.5666, "color": "ffffffff" },
					{ "time": 8.6666, "color": "ffffff61" },
					{ "time": 8.8333, "color": "ffffffbf" },
					{ "time": 9.1666, "color": "ffffff00", "curve": "stepped" },
					{ "time": 10.6666, "color": "ffffff00" },
					{ "time": 10.7333, "color": "ffffffff" },
					{ "time": 10.8333, "color": "ffffff61" },
					{ "time": 11, "color": "ffffffbf" },
					{ "time": 11.3333, "color": "ffffff00", "curve": "stepped" },
					{ "time": 11.8333, "color": "ffffff00" },
					{ "time": 11.9, "color": "ffffffff" },
					{ "time": 12, "color": "ffffff61" },
					{ "time": 12.1666, "color": "ffffffbf" },
					{ "time": 12.5, "color": "ffffff00", "curve": "stepped" },
					{ "time": 15.3333, "color": "ffffff00" },
					{ "time": 15.4, "color": "ffffffff" },
					{ "time": 15.5, "color": "ffffff61" },
					{ "time": 15.6666, "color": "ffffffbf" },
					{ "time": 16, "color": "ffffff00", "curve": "stepped" },
					{ "time": 17.6666, "color": "ffffff00" },
					{ "time": 17.7333, "color": "ffffffff" },
					{ "time": 17.8333, "color": "ffffff61" },
					{ "time": 18, "color": "ffffffbf" },
					{ "time": 18.3333, "color": "ffffff00", "curve": "stepped" },
					{ "time": 19.5, "color": "ffffff00" },
					{ "time": 19.5666, "color": "ffffffff" },
					{ "time": 19.6666, "color": "ffffff61" },
					{ "time": 19.8333, "color": "ffffffbf" },
					{ "time": 20.1666, "color": "ffffff00", "curve": "stepped" },
					{ "time": 22, "color": "ffffff00" },
					{ "time": 22.0666, "color": "ffffffff" },
					{ "time": 22.1666, "color": "ffffff61" },
					{ "time": 22.3333, "color": "ffffffbf" },
					{ "time": 22.6666, "color": "ffffff00", "curve": "stepped" },
					{ "time": 23, "color": "ffffff00" },
					{ "time": 23.0666, "color": "ffffffff" },
					{ "time": 23.1666, "color": "ffffff61" },
					{ "time": 23.3333, "color": "ffffffbf" },
					{ "time": 23.6666, "color": "ffffff00", "curve": "stepped" },
					{ "time": 25.5, "color": "ffffff00" },
					{ "time": 25.5666, "color": "ffffffff" },
					{ "time": 25.6666, "color": "ffffff61" },
					{ "time": 25.8333, "color": "ffffffbf" },
					{ "time": 26.1666, "color": "ffffff00", "curve": "stepped" },
					{ "time": 27.6666, "color": "ffffff00" },
					{ "time": 27.7333, "color": "ffffffff" },
					{ "time": 27.8333, "color": "ffffff61" },
					{ "time": 28, "color": "ffffffbf" },
					{ "time": 28.3333, "color": "ffffff00", "curve": "stepped" },
					{ "time": 28.6666, "color": "ffffff00" },
					{ "time": 28.7333, "color": "ffffffff" },
					{ "time": 28.8333, "color": "ffffff61" },
					{ "time": 29, "color": "ffffffbf" },
					{ "time": 29.3333, "color": "ffffff00", "curve": "stepped" },
					{ "time": 30.5, "color": "ffffff00" },
					{ "time": 30.5666, "color": "ffffffff" },
					{ "time": 30.6666, "color": "ffffff61" },
					{ "time": 30.8333, "color": "ffffffbf" },
					{ "time": 31.1666, "color": "ffffff00", "curve": "stepped" },
					{ "time": 32.6666, "color": "ffffff00" },
					{ "time": 32.7333, "color": "ffffffff" },
					{ "time": 32.8333, "color": "ffffff61" },
					{ "time": 33, "color": "ffffffbf" },
					{ "time": 33.3333, "color": "ffffff00", "curve": "stepped" },
					{ "time": 35.6666, "color": "ffffff00" },
					{ "time": 35.7333, "color": "ffffffff" },
					{ "time": 35.8333, "color": "ffffff61" },
					{ "time": 36, "color": "ffffffbf" },
					{ "time": 36.3333, "color": "ffffff00", "curve": "stepped" },
					{ "time": 37.3333, "color": "ffffff00" },
					{ "time": 37.4, "color": "ffffffff" },
					{ "time": 37.5, "color": "ffffff61" },
					{ "time": 37.6666, "color": "ffffffbf" },
					{ "time": 38, "color": "ffffff00", "curve": "stepped" },
					{ "time": 39.8333, "color": "ffffff00" },
					{ "time": 39.9, "color": "ffffffff" },
					{ "time": 40, "color": "ffffff61" },
					{ "time": 40.1666, "color": "ffffffbf" },
					{ "time": 40.5, "color": "ffffff00", "curve": "stepped" },
					{ "time": 40.6666, "color": "ffffff00" },
					{ "time": 40.7333, "color": "ffffffff" },
					{ "time": 40.8333, "color": "ffffff61" },
					{ "time": 41, "color": "ffffffbf" },
					{ "time": 41.3333, "color": "ffffff00", "curve": "stepped" },
					{ "time": 42.6666, "color": "ffffff00" },
					{ "time": 42.7333, "color": "ffffffff" },
					{ "time": 42.8333, "color": "ffffff61" },
					{ "time": 43, "color": "ffffffbf" },
					{ "time": 43.3333, "color": "ffffff00", "curve": "stepped" },
					{ "time": 45, "color": "ffffff00" },
					{ "time": 45.0666, "color": "ffffffff" },
					{ "time": 45.1666, "color": "ffffff61" },
					{ "time": 45.3333, "color": "ffffffbf" },
					{ "time": 45.6666, "color": "ffffff00", "curve": "stepped" },
					{ "time": 48, "color": "ffffff00" },
					{ "time": 48.0666, "color": "ffffffff" },
					{ "time": 48.1666, "color": "ffffff61" },
					{ "time": 48.3333, "color": "ffffffbf" },
					{ "time": 48.6666, "color": "ffffff00", "curve": "stepped" },
					{ "time": 49, "color": "ffffff00" },
					{ "time": 49.0666, "color": "ffffffff" },
					{ "time": 49.1666, "color": "ffffff61" },
					{ "time": 49.3333, "color": "ffffffbf" },
					{ "time": 49.6666, "color": "ffffff00", "curve": "stepped" },
					{ "time": 50.6666, "color": "ffffff00" },
					{ "time": 50.7333, "color": "ffffffff" },
					{ "time": 50.8333, "color": "ffffff61" },
					{ "time": 51, "color": "ffffffbf" },
					{ "time": 51.3333, "color": "ffffff00", "curve": "stepped" },
					{ "time": 53.3333, "color": "ffffff00" },
					{ "time": 53.4, "color": "ffffffff" },
					{ "time": 53.5, "color": "ffffff61" },
					{ "time": 53.6666, "color": "ffffffbf" },
					{ "time": 54, "color": "ffffff00", "curve": "stepped" },
					{ "time": 56, "color": "ffffff00" },
					{ "time": 56.0666, "color": "ffffffff" },
					{ "time": 56.1666, "color": "ffffff61" },
					{ "time": 56.3333, "color": "ffffffbf" },
					{ "time": 56.6666, "color": "ffffff00", "curve": "stepped" },
					{ "time": 59.6666, "color": "ffffff00" },
					{ "time": 59.7333, "color": "ffffffff" },
					{ "time": 59.8333, "color": "ffffff61" },
					{ "time": 60, "color": "ffffffbf" },
					{ "time": 60.3333, "color": "ffffff00" }
				],
				"attachment": [
					{ "time": 0, "name": null },
					{ "time": 0.6666, "name": "Blue_light_00" },
					{ "time": 1.3333, "name": null },
					{ "time": 3, "name": "Blue_light_00" },
					{ "time": 3.6666, "name": null },
					{ "time": 4, "name": "Blue_light_00" },
					{ "time": 4.6666, "name": null },
					{ "time": 6.6666, "name": "Blue_light_00" },
					{ "time": 7.3333, "name": null },
					{ "time": 8.5, "name": "Blue_light_00" },
					{ "time": 9.1666, "name": null },
					{ "time": 10.6666, "name": "Blue_light_00" },
					{ "time": 11.3333, "name": null },
					{ "time": 11.8333, "name": "Blue_light_00" },
					{ "time": 12.5, "name": null },
					{ "time": 15.3333, "name": "Blue_light_00" },
					{ "time": 16, "name": null },
					{ "time": 17.6666, "name": "Blue_light_00" },
					{ "time": 18.3333, "name": null },
					{ "time": 19.5, "name": "Blue_light_00" },
					{ "time": 20.1666, "name": null },
					{ "time": 22, "name": "Blue_light_00" },
					{ "time": 22.6666, "name": null },
					{ "time": 23, "name": "Blue_light_00" },
					{ "time": 23.6666, "name": null },
					{ "time": 25.5, "name": "Blue_light_00" },
					{ "time": 26.1666, "name": null },
					{ "time": 27.6666, "name": "Blue_light_00" },
					{ "time": 28.3333, "name": null },
					{ "time": 28.6666, "name": "Blue_light_00" },
					{ "time": 29.3333, "name": null },
					{ "time": 30.5, "name": "Blue_light_00" },
					{ "time": 31.1666, "name": null },
					{ "time": 32.6666, "name": "Blue_light_00" },
					{ "time": 33.3333, "name": null },
					{ "time": 35.6666, "name": "Blue_light_00" },
					{ "time": 36.3333, "name": null },
					{ "time": 37.3333, "name": "Blue_light_00" },
					{ "time": 38, "name": null },
					{ "time": 39.8333, "name": "Blue_light_00" },
					{ "time": 40.5, "name": null },
					{ "time": 40.6666, "name": "Blue_light_00" },
					{ "time": 41.3333, "name": null },
					{ "time": 42.6666, "name": "Blue_light_00" },
					{ "time": 43.3333, "name": null },
					{ "time": 45, "name": "Blue_light_00" },
					{ "time": 45.6666, "name": null },
					{ "time": 48, "name": "Blue_light_00" },
					{ "time": 48.6666, "name": null },
					{ "time": 49, "name": "Blue_light_00" },
					{ "time": 49.6666, "name": null },
					{ "time": 50.6666, "name": "Blue_light_00" },
					{ "time": 51.3333, "name": null },
					{ "time": 53.3333, "name": "Blue_light_00" },
					{ "time": 54, "name": null },
					{ "time": 56, "name": "Blue_light_00" },
					{ "time": 56.6666, "name": null },
					{ "time": 59.6666, "name": "Blue_light_00" },
					{ "time": 60.3333, "name": null }
				]
			},
			"Light_00": {
				"color": [
					{ "time": 0.6666, "color": "ffffff29" },
					{ "time": 0.7, "color": "ffffffff" },
					{ "time": 0.7666, "color": "ffffff1e" },
					{ "time": 0.8333, "color": "ffffffeb" },
					{ "time": 1, "color": "ffffff00" },
					{ "time": 6.6666, "color": "ffffff29" },
					{ "time": 6.7, "color": "ffffffff" },
					{ "time": 6.7666, "color": "ffffff1e" },
					{ "time": 6.8333, "color": "ffffffeb" },
					{ "time": 7, "color": "ffffff00" },
					{ "time": 10.6666, "color": "ffffff29" },
					{ "time": 10.7, "color": "ffffffff" },
					{ "time": 10.7666, "color": "ffffff1e" },
					{ "time": 10.8333, "color": "ffffffeb" },
					{ "time": 11, "color": "ffffff00" },
					{ "time": 19.5, "color": "ffffff29" },
					{ "time": 19.5333, "color": "ffffffff" },
					{ "time": 19.6, "color": "ffffff1e" },
					{ "time": 19.6666, "color": "ffffffeb" },
					{ "time": 19.8333, "color": "ffffff00" },
					{ "time": 32.6666, "color": "ffffff29" },
					{ "time": 32.7, "color": "ffffffff" },
					{ "time": 32.7666, "color": "ffffff1e" },
					{ "time": 32.8333, "color": "ffffffeb" },
					{ "time": 33, "color": "ffffff00" },
					{ "time": 42.6666, "color": "ffffff29" },
					{ "time": 42.7, "color": "ffffffff" },
					{ "time": 42.7666, "color": "ffffff1e" },
					{ "time": 42.8333, "color": "ffffffeb" },
					{ "time": 43, "color": "ffffff00" },
					{ "time": 49, "color": "ffffff29" },
					{ "time": 49.0333, "color": "ffffffff" },
					{ "time": 49.1, "color": "ffffff1e" },
					{ "time": 49.1666, "color": "ffffffeb" },
					{ "time": 49.3333, "color": "ffffff00" }
				],
				"attachment": [
					{ "time": 0, "name": null },
					{ "time": 0.6666, "name": "Light_00_1" },
					{ "time": 1, "name": null },
					{ "time": 6.6666, "name": "Light_00_1" },
					{ "time": 7, "name": null },
					{ "time": 10.6666, "name": "Light_00_1" },
					{ "time": 11, "name": null },
					{ "time": 19.5, "name": "Light_00_1" },
					{ "time": 19.8333, "name": null },
					{ "time": 32.6666, "name": "Light_00_1" },
					{ "time": 33, "name": null },
					{ "time": 42.6666, "name": "Light_00_1" },
					{ "time": 43, "name": null },
					{ "time": 49, "name": "Light_00_1" },
					{ "time": 49.3333, "name": null }
				]
			},
			"Light_0": {
				"color": [
					{ "time": 0, "color": "ffffff00" },
					{ "time": 0.5, "color": "ffffffd2" },
					{ "time": 1.3333, "color": "ffffff8d" },
					{ "time": 2, "color": "ffffff00" },
					{ "time": 2.8333, "color": "ffffffd2" },
					{ "time": 3.5, "color": "ffffff8d" },
					{ "time": 4, "color": "ffffff00" },
					{ "time": 4.5, "color": "ffffffd2" },
					{ "time": 5.3333, "color": "ffffff8d" },
					{ "time": 6, "color": "ffffff00" },
					{ "time": 6.8333, "color": "ffffffd2" },
					{ "time": 7.5, "color": "ffffff8d" },
					{ "time": 8, "color": "ffffff00" },
					{ "time": 8.5, "color": "ffffffd2" },
					{ "time": 9.3333, "color": "ffffff8d" },
					{ "time": 10, "color": "ffffff00" },
					{ "time": 10.8333, "color": "ffffffd2" },
					{ "time": 11.5, "color": "ffffff8d" },
					{ "time": 12, "color": "ffffff00" },
					{ "time": 12.5, "color": "ffffffd2" },
					{ "time": 13.3333, "color": "ffffff8d" },
					{ "time": 14, "color": "ffffff00" },
					{ "time": 14.8333, "color": "ffffffd2" },
					{ "time": 15.5, "color": "ffffff8d" },
					{ "time": 16, "color": "ffffff00" },
					{ "time": 16.5, "color": "ffffffd2" },
					{ "time": 17.3333, "color": "ffffff8d" },
					{ "time": 18, "color": "ffffff00" },
					{ "time": 18.8333, "color": "ffffffd2" },
					{ "time": 19.5, "color": "ffffff8d" },
					{ "time": 20, "color": "ffffff00" },
					{ "time": 20.5, "color": "ffffffd2" },
					{ "time": 21.3333, "color": "ffffff8d" },
					{ "time": 22, "color": "ffffff00" },
					{ "time": 22.8333, "color": "ffffffd2" },
					{ "time": 23.5, "color": "ffffff8d" },
					{ "time": 24, "color": "ffffff00" },
					{ "time": 24.5, "color": "ffffffd2" },
					{ "time": 25.3333, "color": "ffffff8d" },
					{ "time": 26, "color": "ffffff00" },
					{ "time": 26.8333, "color": "ffffffd2" },
					{ "time": 27.5, "color": "ffffff8d" },
					{ "time": 28, "color": "ffffff00" },
					{ "time": 28.5, "color": "ffffffd2" },
					{ "time": 29.3333, "color": "ffffff8d" },
					{ "time": 30, "color": "ffffff00" },
					{ "time": 30.8333, "color": "ffffffd2" },
					{ "time": 31.5, "color": "ffffff8d" },
					{ "time": 32, "color": "ffffff00" },
					{ "time": 32.5, "color": "ffffffd2" },
					{ "time": 33.3333, "color": "ffffff8d" },
					{ "time": 34, "color": "ffffff00" },
					{ "time": 34.8333, "color": "ffffffd2" },
					{ "time": 35.5, "color": "ffffff8d" },
					{ "time": 36, "color": "ffffff00" },
					{ "time": 36.5, "color": "ffffffd2" },
					{ "time": 37.3333, "color": "ffffff8d" },
					{ "time": 38, "color": "ffffff00" },
					{ "time": 38.8333, "color": "ffffffd2" },
					{ "time": 39.5, "color": "ffffff8d" },
					{ "time": 40, "color": "ffffff00" },
					{ "time": 40.5, "color": "ffffffd2" },
					{ "time": 41.3333, "color": "ffffff8d" },
					{ "time": 42, "color": "ffffff00" },
					{ "time": 42.8333, "color": "ffffffd2" },
					{ "time": 43.5, "color": "ffffff8d" },
					{ "time": 44, "color": "ffffff00" },
					{ "time": 44.5, "color": "ffffffd2" },
					{ "time": 45.3333, "color": "ffffff8d" },
					{ "time": 46, "color": "ffffff00" },
					{ "time": 46.8333, "color": "ffffffd2" },
					{ "time": 47.5, "color": "ffffff8d" },
					{ "time": 48, "color": "ffffff00" },
					{ "time": 48.5, "color": "ffffffd2" },
					{ "time": 49.3333, "color": "ffffff8d" },
					{ "time": 50, "color": "ffffff00" },
					{ "time": 50.8333, "color": "ffffffd2" },
					{ "time": 51.5, "color": "ffffff8d" },
					{ "time": 52, "color": "ffffff00" },
					{ "time": 52.5, "color": "ffffffd2" },
					{ "time": 53.3333, "color": "ffffff8d" },
					{ "time": 54, "color": "ffffff00" },
					{ "time": 54.8333, "color": "ffffffd2" },
					{ "time": 55.5, "color": "ffffff8d" },
					{ "time": 56, "color": "ffffff00" },
					{ "time": 56.5, "color": "ffffffd2" },
					{ "time": 57.3333, "color": "ffffff8d" },
					{ "time": 58, "color": "ffffff00" },
					{ "time": 58.8333, "color": "ffffffd2" },
					{ "time": 59.5, "color": "ffffff8d" },
					{ "time": 60, "color": "ffffff00" },
					{ "time": 60.5, "color": "ffffffd2" },
					{ "time": 61.3333, "color": "ffffff8d" },
					{ "time": 62, "color": "ffffff00" }
				]
			},
			"Light_01": {
				"color": [
					{ "time": 3, "color": "ffffff00" },
					{ "time": 3.0333, "color": "ffffffff" },
					{ "time": 3.1, "color": "ffffff3d" },
					{ "time": 3.2, "color": "ffffffff" },
					{ "time": 3.5, "color": "ffffff00", "curve": "stepped" },
					{ "time": 15.3333, "color": "ffffff00" },
					{ "time": 15.3666, "color": "ffffffff" },
					{ "time": 15.4333, "color": "ffffff3d" },
					{ "time": 15.5333, "color": "ffffffff" },
					{ "time": 15.8333, "color": "ffffff00", "curve": "stepped" },
					{ "time": 27.6666, "color": "ffffff00" },
					{ "time": 27.7, "color": "ffffffff" },
					{ "time": 27.7666, "color": "ffffff3d" },
					{ "time": 27.8666, "color": "ffffffff" },
					{ "time": 28.1666, "color": "ffffff00", "curve": "stepped" },
					{ "time": 37.3333, "color": "ffffff00" },
					{ "time": 37.3666, "color": "ffffffff" },
					{ "time": 37.4333, "color": "ffffff3d" },
					{ "time": 37.5333, "color": "ffffffff" },
					{ "time": 37.8333, "color": "ffffff00", "curve": "stepped" },
					{ "time": 50.6666, "color": "ffffff00" },
					{ "time": 50.7, "color": "ffffffff" },
					{ "time": 50.7666, "color": "ffffff3d" },
					{ "time": 50.8666, "color": "ffffffff" },
					{ "time": 51.1666, "color": "ffffff00" }
				],
				"attachment": [
					{ "time": 0, "name": null },
					{ "time": 3, "name": "Light_01_1" },
					{ "time": 3.5, "name": null },
					{ "time": 15.3333, "name": "Light_01_1" },
					{ "time": 15.8333, "name": null },
					{ "time": 27.6666, "name": "Light_01_1" },
					{ "time": 28.1666, "name": null },
					{ "time": 37.3333, "name": "Light_01_1" },
					{ "time": 37.8333, "name": null },
					{ "time": 50.6666, "name": "Light_01_1" },
					{ "time": 51.1666, "name": null }
				]
			},
			"Light_1": {
				"color": [
					{ "time": 0, "color": "ffffff00" },
					{ "time": 0.8333, "color": "ffffff60" },
					{ "time": 2.3333, "color": "ffffff00" },
					{ "time": 3.1666, "color": "ffffff60" },
					{ "time": 4.6666, "color": "ffffff00" },
					{ "time": 5.5, "color": "ffffff60" },
					{ "time": 7, "color": "ffffff00" },
					{ "time": 7.8333, "color": "ffffff60" },
					{ "time": 9.3333, "color": "ffffff00" },
					{ "time": 10.1666, "color": "ffffff60" },
					{ "time": 11.6666, "color": "ffffff00" },
					{ "time": 12.5, "color": "ffffff60" },
					{ "time": 14, "color": "ffffff00" },
					{ "time": 14.8333, "color": "ffffff60" },
					{ "time": 16.3333, "color": "ffffff00" },
					{ "time": 17.1666, "color": "ffffff60" },
					{ "time": 18.6666, "color": "ffffff00" },
					{ "time": 19.5, "color": "ffffff60" },
					{ "time": 21, "color": "ffffff00" },
					{ "time": 21.8333, "color": "ffffff60" },
					{ "time": 23.3333, "color": "ffffff00" },
					{ "time": 24.1666, "color": "ffffff60" },
					{ "time": 25.6666, "color": "ffffff00" },
					{ "time": 26.5, "color": "ffffff60" },
					{ "time": 28, "color": "ffffff00" },
					{ "time": 28.8333, "color": "ffffff60" },
					{ "time": 30.3333, "color": "ffffff00" },
					{ "time": 31.1666, "color": "ffffff60" },
					{ "time": 32.6666, "color": "ffffff00" },
					{ "time": 33.5, "color": "ffffff60" },
					{ "time": 35, "color": "ffffff00" },
					{ "time": 35.8333, "color": "ffffff60" },
					{ "time": 37.3333, "color": "ffffff00" },
					{ "time": 38.1666, "color": "ffffff60" },
					{ "time": 39.6666, "color": "ffffff00" },
					{ "time": 40.5, "color": "ffffff60" },
					{ "time": 42, "color": "ffffff00" },
					{ "time": 42.8333, "color": "ffffff60" },
					{ "time": 44.3333, "color": "ffffff00" },
					{ "time": 45.1666, "color": "ffffff60" },
					{ "time": 46.6666, "color": "ffffff00" },
					{ "time": 47.5, "color": "ffffff60" },
					{ "time": 49, "color": "ffffff00" },
					{ "time": 49.8333, "color": "ffffff60" },
					{ "time": 51.3333, "color": "ffffff00" },
					{ "time": 52.1666, "color": "ffffff60" },
					{ "time": 53.6666, "color": "ffffff00" },
					{ "time": 54.5, "color": "ffffff60" },
					{ "time": 56, "color": "ffffff00" },
					{ "time": 56.8333, "color": "ffffff60" },
					{ "time": 58, "color": "ffffff00" },
					{ "time": 58.6666, "color": "ffffff60" },
					{ "time": 60, "color": "ffffff00" },
					{ "time": 60.6666, "color": "ffffff60" },
					{ "time": 62, "color": "ffffff00" }
				]
			}
		},
		"bones": {
			"Cloud_Other_picture": {
				"translate": [
					{ "time": 0, "x": 629.17, "y": 2.87 },
					{ "time": 62, "x": 3171.04, "y": 2.87 }
				]
			},
			"Light_02": {
				"translate": [
					{ "time": 3, "x": 174.7, "y": -115.85, "curve": "stepped" },
					{ "time": 3.5, "x": 174.7, "y": -115.85 },
					{ "time": 15.3333, "x": -119, "y": -115.85, "curve": "stepped" },
					{ "time": 15.8333, "x": -119, "y": -115.85 },
					{ "time": 27.6666, "x": 450.32, "y": -115.85, "curve": "stepped" },
					{ "time": 28.1666, "x": 450.32, "y": -115.85 },
					{ "time": 37.3333, "x": -301.35, "y": -115.85, "curve": "stepped" },
					{ "time": 37.8333, "x": -301.35, "y": -115.85 },
					{ "time": 50.6666, "x": -81.42, "y": -115.85, "curve": "stepped" },
					{ "time": 51.1666, "x": -81.42, "y": -115.85 }
				]
			},
			"Light_01": {
				"rotate": [
					{ "time": 0.6666, "angle": 20.77, "curve": "stepped" },
					{ "time": 1, "angle": 20.77 },
					{ "time": 6.6666, "angle": -5.21, "curve": "stepped" },
					{ "time": 7, "angle": -5.21 },
					{ "time": 10.6666, "angle": 9.55, "curve": "stepped" },
					{ "time": 11, "angle": 9.55, "curve": "stepped" },
					{ "time": 19.5, "angle": 9.55, "curve": "stepped" },
					{ "time": 19.8333, "angle": 9.55 },
					{ "time": 32.6666, "angle": -13.49, "curve": "stepped" },
					{ "time": 33, "angle": -13.49 },
					{ "time": 42.6666, "angle": 6.1, "curve": "stepped" },
					{ "time": 43, "angle": 6.1, "curve": "stepped" },
					{ "time": 49, "angle": 6.1, "curve": "stepped" },
					{ "time": 49.3333, "angle": 6.1 }
				],
				"translate": [
					{ "time": 0.6666, "x": -5.86, "y": -80.96, "curve": "stepped" },
					{ "time": 1, "x": -5.86, "y": -80.96 },
					{ "time": 6.6666, "x": 178.35, "y": -79.92, "curve": "stepped" },
					{ "time": 7, "x": 178.35, "y": -79.92 },
					{ "time": 10.6666, "x": -167.65, "y": -88.4, "curve": "stepped" },
					{ "time": 11, "x": -167.65, "y": -88.4 },
					{ "time": 19.5, "x": -358.11, "y": -87.63, "curve": "stepped" },
					{ "time": 19.8333, "x": -358.11, "y": -87.63 },
					{ "time": 32.6666, "x": 239.68, "y": -83.35, "curve": "stepped" },
					{ "time": 33, "x": 239.68, "y": -83.35 },
					{ "time": 42.6666, "x": -14.82, "y": -81.69, "curve": "stepped" },
					{ "time": 43, "x": -14.82, "y": -81.69 },
					{ "time": 49, "x": 258.18, "y": -88.91, "curve": "stepped" },
					{ "time": 49.3333, "x": 258.18, "y": -88.91 }
				],
				"scale": [
					{ "time": 0.6666, "x": 0.6, "y": 0.6, "curve": "stepped" },
					{ "time": 6.6666, "x": 0.6, "y": 0.6, "curve": "stepped" },
					{ "time": 10.6666, "x": 0.6, "y": 0.6, "curve": "stepped" },
					{ "time": 19.5, "x": 0.6, "y": 0.6, "curve": "stepped" },
					{ "time": 32.6666, "x": 0.6, "y": 0.6, "curve": "stepped" },
					{ "time": 42.6666, "x": 0.6, "y": 0.6, "curve": "stepped" },
					{ "time": 49, "x": 0.6, "y": 0.6 }
				]
			},
			"White_light": {
				"scale": [
					{ "time": 0.6666, "x": 3, "y": 2, "curve": "stepped" },
					{ "time": 3, "x": 3, "y": 2, "curve": "stepped" },
					{ "time": 4, "x": 3, "y": 2, "curve": "stepped" },
					{ "time": 6.6666, "x": 3, "y": 2, "curve": "stepped" },
					{ "time": 8.5, "x": 3, "y": 2, "curve": "stepped" },
					{ "time": 10.6666, "x": 3, "y": 2, "curve": "stepped" },
					{ "time": 11.8333, "x": 3, "y": 2, "curve": "stepped" },
					{ "time": 15.3333, "x": 3, "y": 2, "curve": "stepped" },
					{ "time": 17.6666, "x": 3, "y": 2, "curve": "stepped" },
					{ "time": 19.5, "x": 3, "y": 2, "curve": "stepped" },
					{ "time": 22, "x": 3, "y": 2, "curve": "stepped" },
					{ "time": 23, "x": 3, "y": 2, "curve": "stepped" },
					{ "time": 25.5, "x": 3, "y": 2, "curve": "stepped" },
					{ "time": 27.6666, "x": 3, "y": 2, "curve": "stepped" },
					{ "time": 28.6666, "x": 3, "y": 2, "curve": "stepped" },
					{ "time": 30.5, "x": 3, "y": 2, "curve": "stepped" },
					{ "time": 32.6666, "x": 3, "y": 2, "curve": "stepped" },
					{ "time": 35.6666, "x": 3, "y": 2, "curve": "stepped" },
					{ "time": 37.3333, "x": 3, "y": 2, "curve": "stepped" },
					{ "time": 39.8333, "x": 3, "y": 2, "curve": "stepped" },
					{ "time": 40.6666, "x": 3, "y": 2, "curve": "stepped" },
					{ "time": 42.6666, "x": 3, "y": 2, "curve": "stepped" },
					{ "time": 45, "x": 3, "y": 2, "curve": "stepped" },
					{ "time": 48, "x": 3, "y": 2, "curve": "stepped" },
					{ "time": 49, "x": 3, "y": 2, "curve": "stepped" },
					{ "time": 50.6666, "x": 3, "y": 2, "curve": "stepped" },
					{ "time": 53.3333, "x": 3, "y": 2, "curve": "stepped" },
					{ "time": 56, "x": 3, "y": 2, "curve": "stepped" },
					{ "time": 59.6666, "x": 3, "y": 2 }
				]
			},
			"Item_1": {
				"translate": [
					{ "time": 0, "x": 0, "y": 0 },
					{ "time": 0.6666, "x": 0, "y": -5.8 },
					{ "time": 1.6666, "x": 0, "y": 0 },
					{ "time": 2.3333, "x": 0, "y": -5.8 },
					{ "time": 3.3333, "x": 0, "y": 0 },
					{ "time": 4, "x": 0, "y": -5.8 },
					{ "time": 5, "x": 0, "y": 0 },
					{ "time": 5.6666, "x": 0, "y": -5.8 },
					{ "time": 6.6666, "x": 0, "y": 0 },
					{ "time": 7.3333, "x": 0, "y": -5.8 },
					{ "time": 8.3333, "x": 0, "y": 0 },
					{ "time": 9, "x": 0, "y": -5.8 },
					{ "time": 10, "x": 0, "y": 0 },
					{ "time": 10.6666, "x": 0, "y": -5.8 },
					{ "time": 11.6666, "x": 0, "y": 0 },
					{ "time": 12.3333, "x": 0, "y": -5.8 },
					{ "time": 13.3333, "x": 0, "y": 0 },
					{ "time": 14, "x": 0, "y": -5.8 },
					{ "time": 15, "x": 0, "y": 0 },
					{ "time": 15.6666, "x": 0, "y": -5.8 },
					{ "time": 16.6666, "x": 0, "y": 0 },
					{ "time": 17.3333, "x": 0, "y": -5.8 },
					{ "time": 18.3333, "x": 0, "y": 0 },
					{ "time": 19, "x": 0, "y": -5.8 },
					{ "time": 20, "x": 0, "y": 0 },
					{ "time": 20.6666, "x": 0, "y": -5.8 },
					{ "time": 21.6666, "x": 0, "y": 0 },
					{ "time": 22.3333, "x": 0, "y": -5.8 },
					{ "time": 23.3333, "x": 0, "y": 0 },
					{ "time": 24, "x": 0, "y": -5.8 },
					{ "time": 25, "x": 0, "y": 0 },
					{ "time": 25.6666, "x": 0, "y": -5.8 },
					{ "time": 26.6666, "x": 0, "y": 0 },
					{ "time": 27.3333, "x": 0, "y": -5.8 },
					{ "time": 28.3333, "x": 0, "y": 0 },
					{ "time": 29, "x": 0, "y": -5.8 },
					{ "time": 30, "x": 0, "y": 0 },
					{ "time": 30.6666, "x": 0, "y": -5.8 },
					{ "time": 31.6666, "x": 0, "y": 0 },
					{ "time": 32.3333, "x": 0, "y": -5.8 },
					{ "time": 33.3333, "x": 0, "y": 0 },
					{ "time": 34, "x": 0, "y": -5.8 },
					{ "time": 35, "x": 0, "y": 0 },
					{ "time": 35.6666, "x": 0, "y": -5.8 },
					{ "time": 36.6666, "x": 0, "y": 0 },
					{ "time": 37.3333, "x": 0, "y": -5.8 },
					{ "time": 38.3333, "x": 0, "y": 0 },
					{ "time": 39, "x": 0, "y": -5.8 },
					{ "time": 40, "x": 0, "y": 0 },
					{ "time": 40.6666, "x": 0, "y": -5.8 },
					{ "time": 41.6666, "x": 0, "y": 0 },
					{ "time": 42.3333, "x": 0, "y": -5.8 },
					{ "time": 43.3333, "x": 0, "y": 0 },
					{ "time": 44, "x": 0, "y": -5.8 },
					{ "time": 45, "x": 0, "y": 0 },
					{ "time": 45.6666, "x": 0, "y": -5.8 },
					{ "time": 46.6666, "x": 0, "y": 0 },
					{ "time": 47.3333, "x": 0, "y": -5.8 },
					{ "time": 48.3333, "x": 0, "y": 0 },
					{ "time": 49, "x": 0, "y": -5.8 },
					{ "time": 50, "x": 0, "y": 0 },
					{ "time": 50.6666, "x": 0, "y": -5.8 },
					{ "time": 51.6666, "x": 0, "y": 0 },
					{ "time": 52.3333, "x": 0, "y": -5.8 },
					{ "time": 53.3333, "x": 0, "y": 0 },
					{ "time": 54, "x": 0, "y": -5.8 },
					{ "time": 55, "x": 0, "y": 0 },
					{ "time": 55.6666, "x": 0, "y": -5.8 },
					{ "time": 56.6666, "x": 0, "y": 0 },
					{ "time": 57.3333, "x": 0, "y": -5.8 },
					{ "time": 58.3333, "x": 0, "y": 0 },
					{ "time": 59, "x": 0, "y": -5.8 },
					{ "time": 60, "x": 0, "y": 0 },
					{ "time": 60.8333, "x": 0, "y": -5.8 },
					{ "time": 62, "x": 0, "y": 0 }
				]
			},
			"Light_1": {
				"rotate": [
					{ "time": 0, "angle": -16.53 },
					{ "time": 1, "angle": 0 },
					{ "time": 1.9666, "angle": 2.65, "curve": "stepped" },
					{ "time": 2, "angle": -4.67 },
					{ "time": 3, "angle": 0 },
					{ "time": 3.9666, "angle": 14.03, "curve": "stepped" },
					{ "time": 4, "angle": -16.53 },
					{ "time": 5, "angle": 0 },
					{ "time": 5.9666, "angle": 2.65, "curve": "stepped" },
					{ "time": 6, "angle": -4.67 },
					{ "time": 7, "angle": 0 },
					{ "time": 7.9666, "angle": 14.03, "curve": "stepped" },
					{ "time": 8, "angle": -16.53 },
					{ "time": 9, "angle": 0 },
					{ "time": 9.9666, "angle": 2.65, "curve": "stepped" },
					{ "time": 10, "angle": -4.67 },
					{ "time": 11, "angle": 0 },
					{ "time": 11.9666, "angle": 14.03, "curve": "stepped" },
					{ "time": 12, "angle": -16.53 },
					{ "time": 13, "angle": 0 },
					{ "time": 13.9666, "angle": 2.65, "curve": "stepped" },
					{ "time": 14, "angle": -4.67 },
					{ "time": 15, "angle": 0 },
					{ "time": 15.9666, "angle": 14.03, "curve": "stepped" },
					{ "time": 16, "angle": -16.53 },
					{ "time": 17, "angle": 0 },
					{ "time": 17.9666, "angle": 2.65, "curve": "stepped" },
					{ "time": 18, "angle": -4.67 },
					{ "time": 19, "angle": 0 },
					{ "time": 19.9666, "angle": 14.03, "curve": "stepped" },
					{ "time": 20, "angle": -16.53 },
					{ "time": 21, "angle": 0 },
					{ "time": 21.9666, "angle": 2.65, "curve": "stepped" },
					{ "time": 22, "angle": -4.67 },
					{ "time": 23, "angle": 0 },
					{ "time": 23.9666, "angle": 14.03, "curve": "stepped" },
					{ "time": 24, "angle": -16.53 },
					{ "time": 25, "angle": 0 },
					{ "time": 25.9666, "angle": 2.65, "curve": "stepped" },
					{ "time": 26, "angle": -4.67 },
					{ "time": 27, "angle": 0 },
					{ "time": 27.9666, "angle": 14.03, "curve": "stepped" },
					{ "time": 28, "angle": -16.53 },
					{ "time": 29, "angle": 0 },
					{ "time": 29.9666, "angle": 2.65, "curve": "stepped" },
					{ "time": 30, "angle": -4.67 },
					{ "time": 31, "angle": 0 },
					{ "time": 31.9666, "angle": 14.03, "curve": "stepped" },
					{ "time": 32, "angle": -16.53 },
					{ "time": 33, "angle": 0 },
					{ "time": 33.9666, "angle": 2.65, "curve": "stepped" },
					{ "time": 34, "angle": -4.67 },
					{ "time": 35, "angle": 0 },
					{ "time": 35.9666, "angle": 14.03, "curve": "stepped" },
					{ "time": 36, "angle": -16.53 },
					{ "time": 37, "angle": 0 },
					{ "time": 37.9666, "angle": 2.65, "curve": "stepped" },
					{ "time": 38, "angle": -4.67 },
					{ "time": 39, "angle": 0 },
					{ "time": 39.9666, "angle": 14.03, "curve": "stepped" },
					{ "time": 40, "angle": -16.53 },
					{ "time": 41, "angle": 0 },
					{ "time": 41.9666, "angle": 2.65, "curve": "stepped" },
					{ "time": 42, "angle": -4.67 },
					{ "time": 43, "angle": 0 },
					{ "time": 43.9666, "angle": 14.03, "curve": "stepped" },
					{ "time": 44, "angle": -16.53 },
					{ "time": 45, "angle": 0 },
					{ "time": 45.9666, "angle": 2.65, "curve": "stepped" },
					{ "time": 46, "angle": -4.67 },
					{ "time": 47, "angle": 0 },
					{ "time": 47.9666, "angle": 14.03, "curve": "stepped" },
					{ "time": 48, "angle": -16.53 },
					{ "time": 49, "angle": 0 },
					{ "time": 49.9666, "angle": 2.65, "curve": "stepped" },
					{ "time": 50, "angle": -4.67 },
					{ "time": 51, "angle": 0 },
					{ "time": 51.9666, "angle": 14.03, "curve": "stepped" },
					{ "time": 52, "angle": -16.53 },
					{ "time": 53, "angle": 0 },
					{ "time": 53.9666, "angle": 2.65, "curve": "stepped" },
					{ "time": 54, "angle": -4.67 },
					{ "time": 55, "angle": 0 },
					{ "time": 55.9666, "angle": 14.03, "curve": "stepped" },
					{ "time": 56, "angle": -16.53 },
					{ "time": 57, "angle": 0 },
					{ "time": 57.9666, "angle": 2.65, "curve": "stepped" },
					{ "time": 58, "angle": -4.67 },
					{ "time": 59, "angle": 0 },
					{ "time": 59.9666, "angle": 14.03, "curve": "stepped" },
					{ "time": 60, "angle": -16.53 },
					{ "time": 61, "angle": 0 },
					{ "time": 61.9666, "angle": 2.65, "curve": "stepped" },
					{ "time": 62, "angle": -4.67 }
				],
				"scale": [
					{ "time": 0, "x": 0.321, "y": 0.702 },
					{ "time": 1, "x": 1, "y": 1 },
					{ "time": 1.9666, "x": 0.564, "y": 1, "curve": "stepped" },
					{ "time": 2, "x": -0.474, "y": 0.517 },
					{ "time": 3, "x": -1, "y": 1 },
					{ "time": 3.9666, "x": -0.561, "y": 0.954, "curve": "stepped" },
					{ "time": 4, "x": 0.321, "y": 0.702 },
					{ "time": 5, "x": 1, "y": 1 },
					{ "time": 5.9666, "x": 0.564, "y": 1, "curve": "stepped" },
					{ "time": 6, "x": -0.474, "y": 0.517 },
					{ "time": 7, "x": -1, "y": 1 },
					{ "time": 7.9666, "x": -0.561, "y": 0.954, "curve": "stepped" },
					{ "time": 8, "x": 0.321, "y": 0.702 },
					{ "time": 9, "x": 1, "y": 1 },
					{ "time": 9.9666, "x": 0.564, "y": 1, "curve": "stepped" },
					{ "time": 10, "x": -0.474, "y": 0.517 },
					{ "time": 11, "x": -1, "y": 1 },
					{ "time": 11.9666, "x": -0.561, "y": 0.954, "curve": "stepped" },
					{ "time": 12, "x": 0.321, "y": 0.702 },
					{ "time": 13, "x": 1, "y": 1 },
					{ "time": 13.9666, "x": 0.564, "y": 1, "curve": "stepped" },
					{ "time": 14, "x": -0.474, "y": 0.517 },
					{ "time": 15, "x": -1, "y": 1 },
					{ "time": 15.9666, "x": -0.561, "y": 0.954, "curve": "stepped" },
					{ "time": 16, "x": 0.321, "y": 0.702 },
					{ "time": 17, "x": 1, "y": 1 },
					{ "time": 17.9666, "x": 0.564, "y": 1, "curve": "stepped" },
					{ "time": 18, "x": -0.474, "y": 0.517 },
					{ "time": 19, "x": -1, "y": 1 },
					{ "time": 19.9666, "x": -0.561, "y": 0.954, "curve": "stepped" },
					{ "time": 20, "x": 0.321, "y": 0.702 },
					{ "time": 21, "x": 1, "y": 1 },
					{ "time": 21.9666, "x": 0.564, "y": 1, "curve": "stepped" },
					{ "time": 22, "x": -0.474, "y": 0.517 },
					{ "time": 23, "x": -1, "y": 1 },
					{ "time": 23.9666, "x": -0.561, "y": 0.954, "curve": "stepped" },
					{ "time": 24, "x": 0.321, "y": 0.702 },
					{ "time": 25, "x": 1, "y": 1 },
					{ "time": 25.9666, "x": 0.564, "y": 1, "curve": "stepped" },
					{ "time": 26, "x": -0.474, "y": 0.517 },
					{ "time": 27, "x": -1, "y": 1 },
					{ "time": 27.9666, "x": -0.561, "y": 0.954, "curve": "stepped" },
					{ "time": 28, "x": 0.321, "y": 0.702 },
					{ "time": 29, "x": 1, "y": 1 },
					{ "time": 29.9666, "x": 0.564, "y": 1, "curve": "stepped" },
					{ "time": 30, "x": -0.474, "y": 0.517 },
					{ "time": 31, "x": -1, "y": 1 },
					{ "time": 31.9666, "x": -0.561, "y": 0.954, "curve": "stepped" },
					{ "time": 32, "x": 0.321, "y": 0.702 },
					{ "time": 33, "x": 1, "y": 1 },
					{ "time": 33.9666, "x": 0.564, "y": 1, "curve": "stepped" },
					{ "time": 34, "x": -0.474, "y": 0.517 },
					{ "time": 35, "x": -1, "y": 1 },
					{ "time": 35.9666, "x": -0.561, "y": 0.954, "curve": "stepped" },
					{ "time": 36, "x": 0.321, "y": 0.702 },
					{ "time": 37, "x": 1, "y": 1 },
					{ "time": 37.9666, "x": 0.564, "y": 1, "curve": "stepped" },
					{ "time": 38, "x": -0.474, "y": 0.517 },
					{ "time": 39, "x": -1, "y": 1 },
					{ "time": 39.9666, "x": -0.561, "y": 0.954, "curve": "stepped" },
					{ "time": 40, "x": 0.321, "y": 0.702 },
					{ "time": 41, "x": 1, "y": 1 },
					{ "time": 41.9666, "x": 0.564, "y": 1, "curve": "stepped" },
					{ "time": 42, "x": -0.474, "y": 0.517 },
					{ "time": 43, "x": -1, "y": 1 },
					{ "time": 43.9666, "x": -0.561, "y": 0.954, "curve": "stepped" },
					{ "time": 44, "x": 0.321, "y": 0.702 },
					{ "time": 45, "x": 1, "y": 1 },
					{ "time": 45.9666, "x": 0.564, "y": 1, "curve": "stepped" },
					{ "time": 46, "x": -0.474, "y": 0.517 },
					{ "time": 47, "x": -1, "y": 1 },
					{ "time": 47.9666, "x": -0.561, "y": 0.954, "curve": "stepped" },
					{ "time": 48, "x": 0.321, "y": 0.702 },
					{ "time": 49, "x": 1, "y": 1 },
					{ "time": 49.9666, "x": 0.564, "y": 1, "curve": "stepped" },
					{ "time": 50, "x": -0.474, "y": 0.517 },
					{ "time": 51, "x": -1, "y": 1 },
					{ "time": 51.9666, "x": -0.561, "y": 0.954, "curve": "stepped" },
					{ "time": 52, "x": 0.321, "y": 0.702 },
					{ "time": 53, "x": 1, "y": 1 },
					{ "time": 53.9666, "x": 0.564, "y": 1, "curve": "stepped" },
					{ "time": 54, "x": -0.474, "y": 0.517 },
					{ "time": 55, "x": -1, "y": 1 },
					{ "time": 55.9666, "x": -0.561, "y": 0.954, "curve": "stepped" },
					{ "time": 56, "x": 0.321, "y": 0.702 },
					{ "time": 57, "x": 1, "y": 1 },
					{ "time": 57.9666, "x": 0.564, "y": 1, "curve": "stepped" },
					{ "time": 58, "x": -0.474, "y": 0.517 },
					{ "time": 59, "x": -1, "y": 1 },
					{ "time": 59.9666, "x": -0.561, "y": 0.954, "curve": "stepped" },
					{ "time": 60, "x": 0.321, "y": 0.702 },
					{ "time": 61, "x": 1, "y": 1 },
					{ "time": 61.9666, "x": 0.564, "y": 1, "curve": "stepped" },
					{ "time": 62, "x": -0.474, "y": 0.517 }
				]
			}
		},
		"events": [
			{ "time": 62, "name": "loop" }
		]
	}
}
}