{
"skeleton": { "hash": "F7MMLdp6EfCM+xGCLq9BGQ82Ano", "spine": "3.2.01", "width": 621.48, "height": 1040.81, "images": "" },
"bones": [
	{ "name": "root" },
	{ "name": "bone", "parent": "root" },
	{ "name": "bone2", "parent": "bone" },
	{ "name": "TS", "parent": "bone2" },
	{ "name": "1", "parent": "TS", "y": -65.19 },
	{ "name": "H1", "parent": "1", "x": -31.82, "y": 496.66 },
	{ "name": "H2", "parent": "1", "x": -7.51, "y": 579.91 },
	{ "name": "H3", "parent": "1", "x": 112.42, "y": 407.81 },
	{ "name": "H4", "parent": "1", "x": 144.81, "y": 671.27 },
	{ "name": "N1", "parent": "TS", "x": 62.37, "y": -134.13 },
	{ "name": "PZ", "parent": "TS" },
	{ "name": "PZ2", "parent": "TS", "x": -8.94, "y": -59.06 },
	{ "name": "T1", "parent": "1", "x": -1.65, "y": 531.02 },
	{ "name": "T2", "parent": "TS", "x": -3.58, "y": -119.92 },
	{ "name": "T2A", "parent": "TS", "x": -111.25, "y": -85.83 },
	{ "name": "T2B", "parent": "TS", "x": 71.32, "y": -75.09 },
	{ "name": "T2C", "parent": "TS", "x": 135.76, "y": -26.76 },
	{ "name": "TDH1", "parent": "1", "x": -115.83, "y": 452.34 },
	{ "name": "TDH2", "parent": "1", "x": -94.94, "y": 386.64 },
	{ "name": "TDH3", "parent": "1", "x": -134.73, "y": 576.97 },
	{ "name": "Y1", "parent": "1", "x": 3.58, "y": 507.32 },
	{ "name": "Y2", "parent": "1", "x": 3.58, "y": 507.32 },
	{ "name": "Y3", "parent": "1", "x": 3.58, "y": 507.32 },
	{ "name": "YZ1", "parent": "TS", "length": 66.83, "rotation": 7.69, "x": 83.85, "y": -110.89 },
	{ "name": "shadow", "parent": "TS" }
],
"slots": [
	{ "name": "PZ", "bone": "PZ", "attachment": "PZ" },
	{ "name": "PZ2", "bone": "PZ2", "attachment": "PZ2" },
	{ "name": "shadow2", "bone": "shadow", "attachment": "shadow2", "blend": "multiply" },
	{ "name": "N1_shadow", "bone": "shadow", "attachment": "N1_shadow" },
	{ "name": "T2C", "bone": "T2C", "attachment": "T2C" },
	{ "name": "T2A", "bone": "T2A", "attachment": "T2A" },
	{ "name": "T2B", "bone": "T2B", "attachment": "T2B" },
	{ "name": "T2", "bone": "T2", "attachment": "T2" },
	{ "name": "H1", "bone": "H1", "attachment": "H1" },
	{ "name": "Y2", "bone": "Y2", "attachment": "Y2" },
	{ "name": "H2", "bone": "H2", "attachment": "H2" },
	{ "name": "TDH1", "bone": "TDH1", "attachment": "TDH1" },
	{ "name": "TDH2", "bone": "TDH2", "attachment": "TDH2" },
	{ "name": "H3", "bone": "H3", "attachment": "H3" },
	{ "name": "H4", "bone": "H4", "attachment": "H4" },
	{ "name": "YZ1", "bone": "YZ1", "attachment": "YZ1" },
	{ "name": "N1", "bone": "N1", "attachment": "N1" },
	{ "name": "Y1", "bone": "Y1", "attachment": "Y1" },
	{ "name": "Y3", "bone": "Y3", "attachment": "Y3" }
],
"skins": {
	"default": {
		"H1": {
			"H1": { "x": 23.22, "y": 52.48, "width": 600, "height": 600 }
		},
		"H2": {
			"H2": { "x": -1.09, "y": -30.76, "width": 600, "height": 600 }
		},
		"H3": {
			"H3": { "x": -121.02, "y": 141.32, "width": 600, "height": 600 }
		},
		"H4": {
			"H4": { "x": -153.41, "y": -122.12, "width": 600, "height": 600 }
		},
		"N1": {
			"N1": { "x": -74.9, "y": 182.46, "width": 600, "height": 600 },
			"N2": { "x": -74.9, "y": 182.46, "width": 600, "height": 600 }
		},
		"N1_shadow": {
			"N1_shadow": { "x": -12.53, "y": 48.33, "width": 600, "height": 600 }
		},
		"PZ": {
			"PZ": { "x": -8.42, "y": 51.28, "width": 600, "height": 600 }
		},
		"PZ2": {
			"PZ2": { "x": -3.58, "y": 107.4, "width": 600, "height": 600 }
		},
		"T2": {
			"T2": { "x": -5.02, "y": 167.24, "width": 600, "height": 600 },
			"T3": { "x": -5.02, "y": 167.24, "width": 600, "height": 600 },
			"T4": { "x": -5.02, "y": 167.24, "width": 600, "height": 600 }
		},
		"T2A": {
			"T2A": { "x": 93.35, "y": 132.37, "width": 600, "height": 600 }
		},
		"T2B": {
			"T2B": { "x": -89.22, "y": 121.63, "width": 600, "height": 600 }
		},
		"T2C": {
			"T2C": { "x": -153.66, "y": 73.3, "width": 600, "height": 600 }
		},
		"TDH1": {
			"TDH1": { "x": 107.23, "y": 96.79, "width": 600, "height": 600 }
		},
		"TDH2": {
			"TDH2": { "x": 86.34, "y": 162.5, "width": 600, "height": 600 }
		},
		"Y1": {
			"Y1": { "y": 8.94, "width": 600, "height": 600 }
		},
		"Y2": {
			"Y2": { "y": 8.94, "width": 600, "height": 600 }
		},
		"Y3": {
			"Y3": { "y": 8.94, "width": 600, "height": 600 }
		},
		"YZ1": {
			"YZ1": { "x": -79.75, "y": 169.64, "rotation": -7.69, "width": 600, "height": 600 }
		},
		"shadow2": {
			"shadow2": { "x": -8.29, "y": 43.13, "width": 600, "height": 600 },
			"shadow3": { "x": -8.29, "y": 43.13, "width": 600, "height": 600 }
		}
	}
},
"animations": {
	"eat": {
		"slots": {
			"H1": {
				"color": [
					{ "time": 0, "color": "ffffff00" }
				]
			},
			"H2": {
				"color": [
					{ "time": 0, "color": "ffffff00" }
				]
			},
			"H3": {
				"color": [
					{ "time": 0, "color": "ffffff00" }
				]
			},
			"H4": {
				"color": [
					{ "time": 0, "color": "ffffff00" }
				]
			},
			"N1": {
				"color": [
					{ "time": 0, "color": "ffffffff" },
					{ "time": 0.3333, "color": "ffffff86" },
					{ "time": 0.6666, "color": "ffffffe1" },
					{ "time": 1, "color": "ffffff8a" },
					{ "time": 1.1666, "color": "ffffffdc" }
				],
				"attachment": [
					{ "time": 1.1666, "name": "N2" }
				]
			},
			"N1_shadow": {
				"color": [
					{ "time": 0, "color": "ffffffff" }
				]
			},
			"T2": {
				"color": [
					{ "time": 0.1666, "color": "ffffffff" },
					{ "time": 0.5, "color": "ffffffa4" },
					{ "time": 0.8333, "color": "ffffffe4" },
					{ "time": 1.1666, "color": "ffffffb1", "curve": "stepped" },
					{ "time": 1.5, "color": "ffffffb1" },
					{ "time": 1.8333, "color": "ffffffff" },
					{ "time": 2.1666, "color": "ffffffbf" },
					{ "time": 2.5, "color": "fffffff7" },
					{ "time": 2.8333, "color": "ffffffa5" },
					{ "time": 3.1666, "color": "ffffffd0" },
					{ "time": 3.5, "color": "ffffffee" },
					{ "time": 3.8333, "color": "ffffffc2" },
					{ "time": 4, "color": "ffffff00" }
				],
				"attachment": [
					{ "time": 0, "name": "T2" },
					{ "time": 1.5, "name": "T3" },
					{ "time": 2.8333, "name": "T4" }
				]
			},
			"T2A": {
				"color": [
					{ "time": 0.1666, "color": "ffffffff" },
					{ "time": 0.5, "color": "ffffffa4" },
					{ "time": 0.8333, "color": "ffffff00" }
				]
			},
			"T2B": {
				"color": [
					{ "time": 0.1666, "color": "ffffffff" },
					{ "time": 0.5, "color": "ffffffa4" },
					{ "time": 0.8333, "color": "ffffffe4" },
					{ "time": 1.1666, "color": "ffffffb1" },
					{ "time": 1.5, "color": "ffffff00" }
				]
			},
			"T2C": {
				"color": [
					{ "time": 0.1666, "color": "ffffffff" },
					{ "time": 0.5, "color": "ffffffa4" },
					{ "time": 0.8333, "color": "ffffff00" }
				]
			},
			"TDH1": {
				"color": [
					{ "time": 0, "color": "ffffff00" }
				]
			},
			"TDH2": {
				"color": [
					{ "time": 0, "color": "ffffff00" }
				]
			},
			"Y1": {
				"color": [
					{ "time": 0, "color": "ffffff00" }
				]
			},
			"Y2": {
				"color": [
					{ "time": 0, "color": "ffffff00" }
				]
			},
			"Y3": {
				"color": [
					{ "time": 0, "color": "ffffff00" }
				]
			},
			"shadow2": {
				"color": [
					{ "time": 0, "color": "ffffffff" },
					{ "time": 0.3333, "color": "ffffffb5" },
					{ "time": 0.8333, "color": "ffffff24" },
					{ "time": 1.4666, "color": "ffffff15" },
					{ "time": 1.5, "color": "ffffffcb" },
					{ "time": 4, "color": "ffffff12" }
				],
				"attachment": [
					{ "time": 1.5, "name": "shadow3" },
					{ "time": 4, "name": null }
				]
			}
		},
		"bones": {
			"PZ": {
				"rotate": [
					{ "time": 0, "angle": 0 }
				],
				"translate": [
					{ "time": 0, "x": 0, "y": 0 }
				],
				"scale": [
					{ "time": 0, "x": 1, "y": 1 }
				]
			},
			"TS": {
				"rotate": [
					{ "time": 0, "angle": 0, "curve": "stepped" },
					{ "time": 3.6666, "angle": 0 }
				],
				"translate": [
					{ "time": 0, "x": 0, "y": 0 }
				],
				"scale": [
					{ "time": 0, "x": 1, "y": 1 }
				]
			},
			"T2": {
				"scale": [
					{ "time": 0, "x": 1, "y": 1 },
					{ "time": 1.4333, "x": 0.959, "y": 0.959 },
					{ "time": 1.5, "x": 1, "y": 1 },
					{ "time": 2.7666, "x": 0.959, "y": 0.959 },
					{ "time": 2.8333, "x": 1, "y": 1 },
					{ "time": 3, "x": 1.04, "y": 1.04 },
					{ "time": 3.1666, "x": 1, "y": 1 }
				]
			},
			"T2A": {
				"rotate": [
					{ "time": 0, "angle": 0 },
					{ "time": 0.8333, "angle": -6.87 }
				],
				"translate": [
					{ "time": 0, "x": 0, "y": 0 }
				]
			},
			"T2B": {
				"rotate": [
					{ "time": 0, "angle": 0 },
					{ "time": 0.8333, "angle": 2.89 }
				],
				"translate": [
					{ "time": 0, "x": 0, "y": 0 }
				]
			},
			"T2C": {
				"rotate": [
					{ "time": 0, "angle": 0 },
					{ "time": 0.8333, "angle": 6.78 }
				],
				"translate": [
					{ "time": 0, "x": 0, "y": 0 }
				]
			},
			"YZ1": {
				"rotate": [
					{ "time": 0, "angle": 0 },
					{ "time": 1, "angle": 1.82 },
					{ "time": 2, "angle": 0 },
					{ "time": 3, "angle": 1.34 },
					{ "time": 4, "angle": 0 }
				]
			}
		}
	},
	"normal": {
		"slots": {
			"H1": {
				"color": [
					{ "time": 0, "color": "ffffff00" }
				]
			},
			"H2": {
				"color": [
					{ "time": 0, "color": "ffffff00" }
				]
			},
			"H3": {
				"color": [
					{ "time": 0, "color": "ffffff00" }
				]
			},
			"H4": {
				"color": [
					{ "time": 0, "color": "ffffff00" }
				]
			},
			"TDH1": {
				"color": [
					{ "time": 0, "color": "ffffff00" }
				]
			},
			"TDH2": {
				"color": [
					{ "time": 0, "color": "ffffff00" }
				]
			},
			"Y1": {
				"color": [
					{ "time": 0, "color": "ffffff00" }
				]
			},
			"Y2": {
				"color": [
					{ "time": 0, "color": "ffffff00" }
				]
			},
			"Y3": {
				"color": [
					{ "time": 0, "color": "ffffff00" }
				]
			}
		},
		"bones": {
			"PZ": {
				"rotate": [
					{ "time": 0, "angle": 0, "curve": "stepped" },
					{ "time": 1, "angle": 0, "curve": "stepped" },
					{ "time": 2, "angle": 0 }
				],
				"translate": [
					{ "time": 0, "x": 0, "y": 0, "curve": "stepped" },
					{ "time": 1, "x": 0, "y": 0, "curve": "stepped" },
					{ "time": 2, "x": 0, "y": 0 }
				],
				"scale": [
					{ "time": 0, "x": 1, "y": 1, "curve": "stepped" },
					{ "time": 1, "x": 1, "y": 1 }
				]
			},
			"TS": {
				"rotate": [
					{ "time": 0, "angle": 0, "curve": "stepped" },
					{ "time": 2, "angle": 0 }
				],
				"translate": [
					{ "time": 0, "x": 0, "y": 0, "curve": "stepped" },
					{ "time": 2, "x": 0, "y": 0 }
				],
				"scale": [
					{ "time": 0, "x": 1, "y": 1 },
					{ "time": 1, "x": 0.99, "y": 0.99 },
					{ "time": 2, "x": 1, "y": 1 }
				]
			},
			"YZ1": {
				"rotate": [
					{ "time": 0, "angle": 0 },
					{ "time": 1, "angle": 1.59 },
					{ "time": 2, "angle": 0 }
				],
				"translate": [
					{ "time": 0, "x": 0, "y": 0, "curve": "stepped" },
					{ "time": 2, "x": 0, "y": 0 }
				]
			},
			"T2C": {
				"rotate": [
					{ "time": 0, "angle": 0 },
					{ "time": 1, "angle": 0.72 },
					{ "time": 2, "angle": 0 }
				],
				"translate": [
					{ "time": 0, "x": 0, "y": 0, "curve": "stepped" },
					{ "time": 2, "x": 0, "y": 0 }
				]
			},
			"T2B": {
				"rotate": [
					{ "time": 0, "angle": 0 },
					{ "time": 1, "angle": 0.15 },
					{ "time": 2, "angle": 0 }
				],
				"translate": [
					{ "time": 0, "x": 0, "y": 0, "curve": "stepped" },
					{ "time": 2, "x": 0, "y": 0 }
				]
			},
			"T2A": {
				"rotate": [
					{ "time": 0, "angle": 0 },
					{ "time": 1, "angle": -0.28 },
					{ "time": 2, "angle": 0 }
				],
				"translate": [
					{ "time": 0, "x": 0, "y": 0, "curve": "stepped" },
					{ "time": 2, "x": 0, "y": 0 }
				]
			},
			"T2": {
				"rotate": [
					{ "time": 0, "angle": 0, "curve": "stepped" },
					{ "time": 1, "angle": 0, "curve": "stepped" },
					{ "time": 2, "angle": 0 }
				],
				"translate": [
					{ "time": 0, "x": 0, "y": 0, "curve": "stepped" },
					{ "time": 2, "x": 0, "y": 0 }
				]
			},
			"PZ2": {
				"rotate": [
					{ "time": 0, "angle": 0, "curve": "stepped" },
					{ "time": 2, "angle": 0 }
				],
				"translate": [
					{ "time": 0, "x": 0, "y": 0, "curve": "stepped" },
					{ "time": 2, "x": 0, "y": 0 }
				]
			},
			"N1": {
				"rotate": [
					{ "time": 0, "angle": 0 },
					{ "time": 1, "angle": 1.61 },
					{ "time": 2, "angle": 0 }
				],
				"translate": [
					{ "time": 0, "x": 0, "y": 0, "curve": "stepped" },
					{ "time": 2, "x": 0, "y": 0 }
				]
			}
		}
	},
	"normal2": {
		"slots": {
			"H1": {
				"color": [
					{ "time": 0, "color": "ffffff00" }
				]
			},
			"H2": {
				"color": [
					{ "time": 0, "color": "ffffff00" }
				]
			},
			"H3": {
				"color": [
					{ "time": 0, "color": "ffffff00" }
				]
			},
			"H4": {
				"color": [
					{ "time": 0, "color": "ffffff00" }
				]
			},
			"N1": {
				"attachment": [
					{ "time": 0, "name": "N2" }
				]
			},
			"PZ": {
				"attachment": [
					{ "time": 0, "name": "PZ" }
				]
			},
			"T2": {
				"color": [
					{ "time": 0, "color": "ffffffff" }
				],
				"attachment": [
					{ "time": 0, "name": "T4" }
				]
			},
			"T2A": {
				"color": [
					{ "time": 0, "color": "ffffff00" }
				]
			},
			"T2B": {
				"color": [
					{ "time": 0, "color": "ffffff00" }
				]
			},
			"T2C": {
				"color": [
					{ "time": 0, "color": "ffffff00" }
				]
			},
			"TDH1": {
				"color": [
					{ "time": 0, "color": "ffffff00" }
				]
			},
			"TDH2": {
				"color": [
					{ "time": 0, "color": "ffffff00" }
				]
			},
			"Y1": {
				"color": [
					{ "time": 0, "color": "ffffff00" }
				]
			},
			"Y2": {
				"color": [
					{ "time": 0, "color": "ffffff00" }
				]
			},
			"Y3": {
				"color": [
					{ "time": 0, "color": "ffffff00" }
				]
			},
			"shadow2": {
				"color": [
					{ "time": 0, "color": "ffffff00" }
				]
			}
		},
		"bones": {
			"PZ": {
				"rotate": [
					{ "time": 0, "angle": 0, "curve": "stepped" },
					{ "time": 1, "angle": 0 }
				],
				"translate": [
					{ "time": 0, "x": 0, "y": 0, "curve": "stepped" },
					{ "time": 1, "x": 0, "y": 0 }
				],
				"scale": [
					{ "time": 0, "x": 1, "y": 1, "curve": "stepped" },
					{ "time": 1, "x": 1, "y": 1 }
				]
			},
			"TS": {
				"rotate": [
					{ "time": 0, "angle": 0, "curve": "stepped" },
					{ "time": 2, "angle": 0 }
				],
				"translate": [
					{ "time": 0, "x": 0, "y": 0, "curve": "stepped" },
					{ "time": 2, "x": 0, "y": 0 }
				],
				"scale": [
					{ "time": 0, "x": 1, "y": 1 },
					{ "time": 1, "x": 0.99, "y": 0.99 },
					{ "time": 2, "x": 1, "y": 1 }
				]
			}
		}
	},
	"start": {
		"slots": {
			"H1": {
				"color": [
					{ "time": 0, "color": "ffffff00", "curve": "stepped" },
					{ "time": 0.3333, "color": "ffffff00" },
					{ "time": 0.5, "color": "ffffffff", "curve": "stepped" },
					{ "time": 1, "color": "ffffffff" },
					{ "time": 1.1666, "color": "ffffff00" }
				]
			},
			"H2": {
				"color": [
					{ "time": 0, "color": "ffffff00", "curve": "stepped" },
					{ "time": 0.3333, "color": "ffffff00" },
					{ "time": 0.5, "color": "ffffffff", "curve": "stepped" },
					{ "time": 1, "color": "ffffffff" },
					{ "time": 1.1666, "color": "ffffff00" }
				]
			},
			"H3": {
				"color": [
					{ "time": 0, "color": "ffffff00", "curve": "stepped" },
					{ "time": 0.3333, "color": "ffffff00" },
					{ "time": 0.5, "color": "ffffffff", "curve": "stepped" },
					{ "time": 1, "color": "ffffffff" },
					{ "time": 1.1666, "color": "ffffff00" }
				]
			},
			"H4": {
				"color": [
					{ "time": 0, "color": "ffffff00", "curve": "stepped" },
					{ "time": 0.3333, "color": "ffffff00" },
					{ "time": 0.5, "color": "ffffffff", "curve": "stepped" },
					{ "time": 1, "color": "ffffffff" },
					{ "time": 1.1666, "color": "ffffff00" }
				]
			},
			"N1": {
				"color": [
					{ "time": 0, "color": "ffffff00", "curve": "stepped" },
					{ "time": 0.8, "color": "ffffff00" },
					{ "time": 0.8666, "color": "ffffff24" },
					{ "time": 1, "color": "ffffffff" }
				]
			},
			"N1_shadow": {
				"color": [
					{ "time": 0, "color": "ffffff00", "curve": "stepped" },
					{ "time": 0.3333, "color": "ffffff00", "curve": "stepped" },
					{ "time": 0.8333, "color": "ffffff00" },
					{ "time": 0.9, "color": "ffffff56" },
					{ "time": 1.5, "color": "ffffffff" }
				]
			},
			"PZ": {
				"color": [
					{ "time": 0, "color": "ffffff00" },
					{ "time": 0.2666, "color": "ffffffff" }
				]
			},
			"PZ2": {
				"color": [
					{ "time": 0, "color": "ffffff00" },
					{ "time": 0.1666, "color": "ffffff6f" },
					{ "time": 0.5, "color": "ffffffff" }
				]
			},
			"T2": {
				"color": [
					{ "time": 0, "color": "ffffff00", "curve": "stepped" },
					{ "time": 0.8, "color": "ffffff00" },
					{ "time": 0.8666, "color": "ffffff24" },
					{ "time": 1, "color": "ffffffff" }
				]
			},
			"T2A": {
				"color": [
					{ "time": 0, "color": "ffffff00", "curve": "stepped" },
					{ "time": 0.8, "color": "ffffff00" },
					{ "time": 0.8666, "color": "ffffff24" },
					{ "time": 1, "color": "ffffffff" }
				]
			},
			"T2B": {
				"color": [
					{ "time": 0, "color": "ffffff00", "curve": "stepped" },
					{ "time": 0.8, "color": "ffffff00" },
					{ "time": 0.8666, "color": "ffffff24" },
					{ "time": 1, "color": "ffffffff" }
				]
			},
			"T2C": {
				"color": [
					{ "time": 0, "color": "ffffff00", "curve": "stepped" },
					{ "time": 0.8, "color": "ffffff00" },
					{ "time": 0.8666, "color": "ffffff24" },
					{ "time": 1, "color": "ffffffff" }
				]
			},
			"TDH1": {
				"color": [
					{ "time": 0, "color": "ffffff00", "curve": "stepped" },
					{ "time": 0.3333, "color": "ffffff00" },
					{ "time": 0.5, "color": "ffffffff", "curve": "stepped" },
					{ "time": 1, "color": "ffffffff" },
					{ "time": 1.1666, "color": "ffffff00" }
				]
			},
			"TDH2": {
				"color": [
					{ "time": 0, "color": "ffffff00", "curve": "stepped" },
					{ "time": 0.3333, "color": "ffffff00" },
					{ "time": 0.5, "color": "ffffffff", "curve": "stepped" },
					{ "time": 1, "color": "ffffffff" },
					{ "time": 1.1666, "color": "ffffff00" }
				]
			},
			"Y1": {
				"color": [
					{ "time": 0, "color": "ffffff00", "curve": "stepped" },
					{ "time": 0.1666, "color": "ffffff00", "curve": "stepped" },
					{ "time": 0.3333, "color": "ffffff00" },
					{ "time": 0.8333, "color": "fffffff2" },
					{ "time": 1, "color": "ffffff00" }
				]
			},
			"Y2": {
				"color": [
					{ "time": 0, "color": "ffffff00", "curve": "stepped" },
					{ "time": 0.1666, "color": "ffffff00", "curve": "stepped" },
					{ "time": 0.3333, "color": "ffffff00" },
					{ "time": 0.8333, "color": "fffffff2" },
					{ "time": 1, "color": "ffffff00" }
				]
			},
			"Y3": {
				"color": [
					{ "time": 0, "color": "ffffff00", "curve": "stepped" },
					{ "time": 0.1666, "color": "ffffff00", "curve": "stepped" },
					{ "time": 0.3333, "color": "ffffff00" },
					{ "time": 0.8333, "color": "fffffff2" },
					{ "time": 1, "color": "ffffff00" }
				]
			},
			"YZ1": {
				"color": [
					{ "time": 0, "color": "ffffff00", "curve": "stepped" },
					{ "time": 0.8, "color": "ffffff00" },
					{ "time": 0.8666, "color": "ffffff24" },
					{ "time": 1, "color": "ffffffff" }
				]
			},
			"shadow2": {
				"color": [
					{ "time": 0, "color": "ffffff00", "curve": "stepped" },
					{ "time": 0.3333, "color": "ffffff00", "curve": "stepped" },
					{ "time": 0.8333, "color": "ffffff00" },
					{ "time": 0.9, "color": "ffffff56" },
					{ "time": 1.5, "color": "ffffffff" }
				]
			}
		},
		"bones": {
			"PZ": {
				"rotate": [
					{ "time": 1.5, "angle": 0 }
				],
				"translate": [
					{ "time": 0, "x": 0, "y": 59.49 },
					{ "time": 0.2666, "x": 0, "y": 0, "curve": "stepped" },
					{ "time": 1.5, "x": 0, "y": 0 }
				],
				"scale": [
					{ "time": 0, "x": 0.527, "y": 0.527 },
					{ "time": 0.2666, "x": 1, "y": 1, "curve": "stepped" },
					{ "time": 1.5, "x": 1, "y": 1 }
				]
			},
			"TS": {
				"rotate": [
					{ "time": 1.5, "angle": 0 }
				],
				"translate": [
					{ "time": 1.5, "x": 0, "y": 0 }
				],
				"scale": [
					{ "time": 1.5, "x": 1, "y": 1 }
				]
			},
			"T2": {
				"scale": [
					{ "time": 0.8666, "x": 0.959, "y": 0.959 },
					{ "time": 1.4333, "x": 1, "y": 1 }
				]
			},
			"H1": {
				"rotate": [
					{ "time": 0.3333, "angle": 0.81 },
					{ "time": 1.1, "angle": 39.03 }
				],
				"translate": [
					{ "time": 0.3333, "x": 0, "y": 103.29 },
					{ "time": 1.1, "x": 0, "y": -387.24 }
				]
			},
			"TDH1": {
				"rotate": [
					{ "time": 0.3333, "angle": 2.94 },
					{ "time": 1.1, "angle": -28.69 }
				],
				"translate": [
					{ "time": 0.3333, "x": 0, "y": 109.85 },
					{ "time": 1.1, "x": 0, "y": -510.12 }
				]
			},
			"H2": {
				"rotate": [
					{ "time": 0.3333, "angle": 8.78 },
					{ "time": 1.1, "angle": 74.41 }
				],
				"translate": [
					{ "time": 0.3333, "x": 0, "y": 156 },
					{ "time": 1.1, "x": 0, "y": -331.06 }
				]
			},
			"TDH2": {
				"rotate": [
					{ "time": 0.3333, "angle": 2.94 },
					{ "time": 1.1, "angle": -28.69 }
				],
				"translate": [
					{ "time": 0.3333, "x": 0, "y": 109.85 },
					{ "time": 1.1, "x": 0, "y": -469.37 }
				]
			},
			"TDH3": {
				"rotate": [
					{ "time": 0.3333, "angle": 2.94 },
					{ "time": 1.1, "angle": -28.69 }
				],
				"translate": [
					{ "time": 0.3333, "x": 0, "y": 109.85 },
					{ "time": 1.1, "x": 0, "y": -437.19 }
				]
			},
			"T1": {
				"rotate": [
					{ "time": 0.1666, "angle": 3.47 },
					{ "time": 0.9333, "angle": -3.79 }
				],
				"translate": [
					{ "time": 0.1666, "x": 0, "y": 5.53 },
					{ "time": 0.9333, "x": 0, "y": -296.95 }
				],
				"scale": [
					{ "time": 0.1666, "x": 0.879, "y": 0.879 },
					{ "time": 0.9333, "x": 1.003, "y": 1.003 }
				]
			},
			"H3": {
				"rotate": [
					{ "time": 0.3333, "angle": 2.06 },
					{ "time": 1.1, "angle": -47.47 }
				],
				"translate": [
					{ "time": 0.3333, "x": 0, "y": 258.32 },
					{ "time": 1.1, "x": 0, "y": -522.03 }
				],
				"scale": [
					{ "time": 0.3333, "x": 0.79, "y": 0.79 },
					{ "time": 1.1, "x": 1, "y": 1 }
				]
			},
			"H4": {
				"rotate": [
					{ "time": 0.3333, "angle": 2.94 },
					{ "time": 1.1, "angle": -28.69 }
				],
				"translate": [
					{ "time": 0.3333, "x": 0, "y": 39.63 },
					{ "time": 1.1, "x": 0, "y": -453.36 }
				]
			},
			"shadow": {
				"scale": [
					{ "time": 0.3333, "x": 0.79, "y": 0.79 },
					{ "time": 1.1, "x": 1, "y": 1 }
				]
			},
			"PZ2": {
				"rotate": [
					{ "time": 1.5, "angle": 0 }
				],
				"translate": [
					{ "time": 0.1666, "x": 0, "y": 188.78 },
					{ "time": 0.5, "x": 0, "y": 0, "curve": "stepped" },
					{ "time": 1.5, "x": 0, "y": 0 }
				],
				"scale": [
					{ "time": 0.1666, "x": 0.527, "y": 0.527 },
					{ "time": 0.5, "x": 1, "y": 1, "curve": "stepped" },
					{ "time": 1.5, "x": 1, "y": 1 }
				]
			},
			"T2A": {
				"scale": [
					{ "time": 0.8666, "x": 0.959, "y": 0.959 },
					{ "time": 1.4333, "x": 1, "y": 1 }
				]
			},
			"T2B": {
				"scale": [
					{ "time": 0.8666, "x": 0.959, "y": 0.959 },
					{ "time": 1.4333, "x": 1, "y": 1 }
				]
			},
			"T2C": {
				"scale": [
					{ "time": 0.8666, "x": 0.959, "y": 0.959 },
					{ "time": 1.4333, "x": 1, "y": 1 }
				]
			},
			"N1": {
				"scale": [
					{ "time": 0.8666, "x": 0.959, "y": 0.959 },
					{ "time": 1.4333, "x": 1, "y": 1 }
				]
			},
			"YZ1": {
				"scale": [
					{ "time": 0.8666, "x": 0.959, "y": 0.959 },
					{ "time": 1.4333, "x": 1, "y": 1 }
				]
			},
			"Y1": {
				"rotate": [
					{ "time": 0, "angle": -0.57 },
					{ "time": 0.8333, "angle": -68.65 }
				],
				"translate": [
					{ "time": 0.3333, "x": 0, "y": 165.65 },
					{ "time": 0.8333, "x": 0, "y": -198.78 },
					{ "time": 1, "x": 0, "y": -261.89 }
				],
				"scale": [
					{ "time": 0, "x": 0.731, "y": 0.731 },
					{ "time": 0.8333, "x": 1.078, "y": 1.078 }
				]
			},
			"Y2": {
				"rotate": [
					{ "time": 0, "angle": -0.57 },
					{ "time": 0.8333, "angle": 118.27 }
				],
				"translate": [
					{ "time": 0.3333, "x": 0, "y": 165.65 },
					{ "time": 0.8333, "x": 0, "y": -198.78 },
					{ "time": 1, "x": 0, "y": -261.89 }
				],
				"scale": [
					{ "time": 0, "x": 0.731, "y": 0.731 },
					{ "time": 0.8333, "x": 1.078, "y": 1.078 }
				]
			},
			"Y3": {
				"rotate": [
					{ "time": 0, "angle": -0.57 },
					{ "time": 0.8333, "angle": -52.07 }
				],
				"translate": [
					{ "time": 0.3333, "x": 0, "y": 165.65 },
					{ "time": 0.8333, "x": 0, "y": -198.78 },
					{ "time": 1, "x": 0, "y": -261.89 }
				],
				"scale": [
					{ "time": 0, "x": 0.731, "y": 0.731 },
					{ "time": 0.8333, "x": 1.078, "y": 1.078 }
				]
			}
		}
	}
}
}