{
"skeleton": { "hash": "RMh6z+/X71L3u27NGsIQSz//NlQ", "spine": "2.1.27", "width": 338.35, "height": 341.63, "images": "" },
"bones": [
	{ "name": "Root_All", "x": 6.14, "y": 12.85, "scaleX": 1.01, "scaleY": 1.01 },
	{ "name": "Ship_All", "parent": "Root_All" },
	{ "name": "Body", "parent": "Ship_All", "length": 255.84, "x": -9.97, "y": -12.23, "scaleX": 1.1, "scaleY": 1.1, "rotation": 90 },
	{ "name": "Antiaircraft", "parent": "Body", "length": 44.62, "x": 207.76, "y": -59.97, "rotation": -48.59 },
	{ "name": "Attack_Point", "parent": "Body", "length": 25.69, "x": 81.4, "y": -102.18, "rotation": -82.38 },
	{ "name": "Damage_Point", "parent": "Body", "length": 22.56, "x": 120.27, "y": -4.19, "rotation": -97.26 },
	{ "name": "Dialogue", "parent": "Body", "length": 57.85, "x": 210.26, "y": -56.74, "rotation": -52.1 },
	{ "name": "Driver", "parent": "Body", "length": 39.18, "x": 139.12, "y": 10.17, "rotation": 87.74 },
	{ "name": "Expression", "parent": "Body", "length": 46.33, "x": 206.77, "y": -69.44, "rotation": -57.23 },
	{ "name": "Smoke_L1", "parent": "Body", "length": 51.75, "x": 98.26, "y": -97, "rotation": -30.13 },
	{ "name": "Smoke_L2", "parent": "Body", "length": 37.38, "x": 198.58, "y": -89.29, "rotation": -33.38 },
	{ "name": "Smoke_R1", "parent": "Body", "length": 52.12, "x": 76.47, "y": 96.19, "rotation": 36.32 },
	{ "name": "Throw_Point", "parent": "Body", "length": 24.91, "x": 92.93, "y": -121.55, "rotation": -96.09 },
	{ "name": "girl", "parent": "Body", "length": 75.66, "x": 119.72, "y": -9.25, "rotation": 179.01 },
	{ "name": "GUN", "parent": "girl", "length": 42.8, "x": -6.74, "y": 15.12, "scaleX": 1.109, "scaleY": 1.109, "rotation": 30.94 },
	{ "name": "cs1_1", "parent": "Driver", "length": 11.01, "x": 38.29, "y": 43.89, "rotation": 175.41 },
	{ "name": "cs2_1", "parent": "girl", "length": 12.28, "x": 30.6, "y": 13.12, "rotation": 52.52 },
	{ "name": "cs3_1", "parent": "girl", "length": 13.98, "x": -33.13, "y": 33.05, "rotation": 141.23 },
	{ "name": "head", "parent": "girl", "length": 106.47, "x": -7.87, "y": -7.25, "rotation": 172.51 },
	{ "name": "tail", "parent": "girl", "length": 10.44, "x": 42.86, "y": -27.08, "rotation": -52.81 },
	{ "name": "cs1_2", "parent": "cs1_1", "length": 11.94, "x": 12.21, "y": 1.34, "rotation": 52.14 },
	{ "name": "cs2_2", "parent": "cs2_1", "length": 16.98, "x": 13.84, "y": 0.1, "rotation": 43.06 },
	{ "name": "cs3_2", "parent": "cs3_1", "length": 13.7, "x": 15.99, "y": -0.57, "rotation": -19.45 },
	{ "name": "tail2", "parent": "tail", "length": 11.79, "x": 11.13, "y": -0.54, "rotation": -26.61 },
	{ "name": "cs1_3", "parent": "cs1_2", "length": 11.54, "x": 12.89, "y": 0.45, "rotation": 44.29 },
	{ "name": "cs2_3", "parent": "cs2_2", "length": 14.21, "x": 17.63, "y": -0.36, "rotation": 9.89 },
	{ "name": "cs3_3", "parent": "cs3_2", "length": 13.1, "x": 14.39, "y": -0.25, "rotation": -19.62 },
	{ "name": "tail3", "parent": "tail2", "length": 10.85, "x": 11.79, "y": 0.02, "rotation": -21.79 },
	{ "name": "cs1_4", "parent": "cs1_3", "length": 11.66, "x": 13.43, "rotation": 30.33 },
	{ "name": "cs2_4", "parent": "cs2_3", "length": 15.96, "x": 14.21, "y": -0.05, "rotation": 26.93 },
	{ "name": "cs3_4", "parent": "cs3_3", "length": 11.77, "x": 13.8, "y": -0.13, "rotation": -24.44 },
	{ "name": "tail4", "parent": "tail3", "length": 13.21, "x": 11.67, "y": -0.12, "rotation": -19.2 },
	{ "name": "cs2_5", "parent": "cs2_4", "length": 15.71, "x": 17.92, "y": 0.79, "rotation": 31.27 },
	{ "name": "cs3_5", "parent": "cs3_4", "length": 10.65, "x": 12.81, "y": -0.14, "rotation": -54.53 },
	{ "name": "tail5", "parent": "tail4", "length": 23.47, "x": 15.34, "y": -1.03, "rotation": -19.48 },
	{ "name": "cs2_6", "parent": "cs2_5", "length": 13.9, "x": 17.11, "y": 0.4, "rotation": -40.43 },
	{ "name": "cs3_6", "parent": "cs3_5", "length": 10.2, "x": 10.65, "y": -0.04, "rotation": -6.46 }
],
"slots": [
	{ "name": "tail", "bone": "tail", "attachment": "tail" },
	{ "name": "cs3", "bone": "cs3_1", "attachment": "cs3" },
	{ "name": "driver", "bone": "Driver", "attachment": "driver" },
	{ "name": "Gun", "bone": "GUN", "attachment": "gun" },
	{ "name": "Gun_L", "bone": "GUN", "attachment": "gun_light", "blend": "additive" },
	{ "name": "cs2", "bone": "cs2_1", "attachment": "cs2" },
	{ "name": "Rodney_body_normal", "bone": "girl", "attachment": "Rodney_body_normal" },
	{ "name": "Light_Body", "bone": "girl", "attachment": "Rodney_ship_body_normal_light", "blend": "additive" },
	{ "name": "head", "bone": "head", "attachment": "head" },
	{ "name": "head_light", "bone": "head", "attachment": "head_light", "blend": "additive" },
	{ "name": "cs1", "bone": "cs1_1", "attachment": "cs1" }
],
"skins": {
	"default": {
		"Gun": {
			"gun": { "x": -24.01, "y": 2.08, "scaleX": 0.909, "scaleY": 0.909, "rotation": 60.03, "width": 300, "height": 300 }
		},
		"Gun_L": {
			"gun_light": { "x": -24.01, "y": 2.08, "scaleX": 0.909, "scaleY": 0.909, "rotation": 60.03, "width": 300, "height": 300 }
		},
		"Light_Body": {
			"Rodney_ship_body_normal_light": { "x": -24.55, "y": 0.28, "rotation": 90.98, "width": 300, "height": 300 }
		},
		"Rodney_body_normal": {
			"Rodney_body_normal": { "x": -24.57, "y": 1.41, "rotation": 90.98, "width": 300, "height": 300 }
		},
		"cs1": {
			"cs1": {
				"type": "skinnedmesh",
				"uvs": [ 1, 0.06445, 1, 0.13993, 1, 0.23554, 1, 0.31858, 1, 0.40916, 1, 0.48967, 1, 0.56516, 1, 0.68593, 1, 0.78657, 1, 0.90232, 1, 0.95264, 1, 1, 0.77289, 1, 0.4976, 1, 0.20395, 1, 0, 1, 0, 0.90735, 0, 0.78909, 0, 0.67335, 0, 0.59787, 0, 0.5098, 0, 0.42425, 0, 0.31606, 0, 0.22296, 0, 0.14496, 0, 0.06193, 0, 0, 0.23148, 0, 0.48842, 0, 0.71783, 0, 1, 0, 0.15807, 0.77651, 0.23148, 0.66077, 0.30489, 0.55006, 0.35995, 0.43935, 0.44254, 0.35129, 0.44254, 0.21793, 0.46089, 0.12735, 0.51595, 0.03929, 0.67195, 0.12484, 0.76371, 0.22548, 0.79124, 0.34877, 0.83712, 0.43432, 0.83712, 0.53999, 0.82795, 0.66328, 0.80959, 0.80419, 0.72701, 0.92999, 0.52513, 0.95767, 0.3416, 0.92496, 0.47007, 0.85199, 0.56183, 0.75386, 0.58936, 0.64819, 0.59854, 0.54503, 0.63524, 0.44187, 0.60771, 0.33116, 0.59854, 0.20535 ],
				"triangles": [ 38, 28, 29, 25, 26, 27, 29, 30, 0, 39, 38, 29, 37, 27, 28, 37, 28, 38, 40, 29, 0, 40, 39, 29, 24, 25, 27, 55, 38, 39, 37, 38, 55, 36, 27, 37, 36, 37, 55, 23, 24, 27, 0, 1, 40, 55, 39, 40, 40, 1, 2, 36, 23, 27, 41, 40, 2, 54, 55, 40, 36, 55, 54, 23, 36, 34, 23, 34, 22, 3, 41, 2, 54, 40, 41, 35, 36, 54, 42, 41, 3, 34, 21, 22, 4, 42, 3, 36, 35, 34, 53, 54, 41, 53, 41, 42, 42, 4, 5, 33, 20, 21, 53, 42, 43, 53, 52, 35, 53, 35, 54, 34, 35, 52, 34, 33, 21, 52, 33, 34, 33, 32, 20, 43, 42, 5, 52, 53, 43, 43, 5, 6, 32, 19, 20, 51, 33, 52, 44, 52, 43, 44, 43, 6, 51, 52, 44, 18, 19, 32, 44, 6, 7, 50, 33, 51, 32, 33, 50, 31, 18, 32, 44, 7, 8, 17, 18, 31, 45, 51, 44, 45, 44, 8, 50, 51, 45, 49, 32, 50, 48, 31, 32, 45, 8, 9, 16, 17, 31, 49, 48, 32, 46, 50, 45, 47, 49, 50, 12, 45, 9, 12, 46, 45, 46, 47, 50, 13, 48, 49, 16, 14, 15, 31, 14, 16, 31, 48, 14, 47, 13, 49, 14, 48, 13, 9, 10, 12, 47, 46, 12, 13, 47, 12, 12, 10, 11 ],
				"vertices": [ 1, 28, 10.12, -7.45, 1, 1, 28, 5.89, -6.98, 1, 2, 24, 14.42, -6.32, 0.19023, 28, 0.52999, -6.38, 0.80976, 3, 20, 23.09, -4.89, 0.00521, 24, 9.74, -6.12, 0.77004, 28, -4.11, -5.85, 0.22474, 3, 20, 17.99, -5.08, 0.17814, 24, 4.64, -5.91, 0.8203, 28, -9.18, -5.28, 0.00155, 2, 20, 13.46, -5.25, 0.72526, 24, 0.11, -5.72, 0.27473, 3, 15, 22.86, 2.19, 9.0E-5, 20, 9.21, -5.41, 0.99685, 24, -4.13, -5.55, 0.00304, 2, 15, 17.43, -1.91, 0.23071, 20, 2.41, -5.66, 0.76928, 2, 15, 12.91, -5.33, 0.91291, 20, -3.25, -5.87, 0.08708, 1, 15, 7.71, -9.27, 1, 1, 15, 5.45, -10.98, 1, 1, 15, 3.33, -12.59, 1, 1, 15, 1.21, -9.8, 1, 1, 15, -1.35, -6.41, 1, 1, 15, -4.09, -2.79, 1, 1, 15, -6, -0.28, 1, 2, 15, -1.83, 2.86, 0.99119, 20, -10.63, 9.31, 0.0088, 3, 15, 3.47, 6.89, 0.53019, 20, -3.97, 9.56, 0.45339, 24, -16.1, 10.39999, 0.01641, 3, 15, 8.67, 10.83, 0.00731, 20, 2.54, 9.8, 0.82685, 24, -9.58, 10.13, 0.16583, 2, 20, 6.79, 9.96, 0.59061, 24, -5.33, 9.96, 0.40938, 2, 20, 11.75, 10.14, 0.21475, 24, -0.37, 9.75, 0.78524, 3, 20, 16.57, 10.32, 0.02634, 24, 4.42999, 9.55, 0.96521, 28, -8.3, 10.16, 0.00844, 2, 24, 10.53, 9.3, 0.7964, 28, -2.24, 9.47999, 0.20359, 2, 24, 15.77, 9.08, 0.33865, 28, 2.97, 8.89, 0.66134, 2, 24, 20.16, 8.89999, 0.07107, 28, 7.33, 8.39999, 0.92892, 2, 24, 24.83, 8.7, 0.00204, 28, 11.98, 7.87, 0.99795, 1, 28, 15.45, 7.48, 1, 1, 28, 15.05, 3.93, 1, 1, 28, 14.61, -0.01, 1, 1, 28, 14.21, -3.53, 1, 1, 28, 13.72, -7.86, 1, 3, 15, 5.51, 5.37, 0.53197, 20, -3.17, 7.14, 0.45157, 24, -15.49, 7.93, 0.01643, 3, 15, 11.39, 8.39999, 0.00267, 20, 3.38, 6.25, 0.83847, 24, -9.02, 6.53, 0.15885, 2, 20, 9.66, 5.35, 0.40421, 24, -2.84, 5.14, 0.59578, 2, 20, 15.93, 4.73, 0.0366, 24, 3.35, 4.03, 0.96339, 1, 24, 8.26, 2.55, 1, 2, 24, 15.77, 2.24, 0.11636, 28, 2.48, 2.06, 0.88363, 2, 24, 20.86, 1.74, 0.00306, 28, 7.52, 1.21, 0.99693, 1, 28, 12.36, -0.18, 1, 1, 28, 7.3, -2.04, 1, 2, 24, 15.14, -2.69, 0.01808, 28, 1.51, -2.81, 0.98191, 3, 20, 21.27, -1.73, 0.01945, 24, 8.18, -2.83, 0.92774, 28, -5.44, -2.46, 0.05279, 2, 20, 16.48, -2.61999, 0.21848, 24, 3.33, -3.34, 0.78151, 2, 20, 10.53, -2.84, 0.99039, 24, -2.60999, -3.09, 0.0096, 2, 15, 16.84, 0.97, 0.07305, 20, 3.58, -2.95, 0.92694, 2, 15, 10.34, -3.59, 0.99306, 20, -4.35, -2.97, 0.00693, 1, 15, 3.92, -6.85, 1, 1, 15, 0.8, -5.31, 1, 1, 15, 0.55, -1.93, 1, 1, 15, 5.03, -1.03, 1, 3, 15, 10.29, 1.16999, 0.64734, 20, -1.66, 0.96, 0.35227, 24, -14.47, 1.65, 3.7E-4, 2, 20, 4.3, 0.75, 0.99851, 24, -8.54, 0.98, 0.00148, 2, 20, 10.10999, 0.83, 0.97817, 24, -2.74, 0.58999, 0.02182, 1, 24, 3.04, -0.2, 1, 1, 24, 9.29, -0.04, 1, 1, 28, 2.92, -0.4, 1 ],
				"hull": 31,
				"edges": [ 28, 30, 30, 32, 32, 34, 34, 36, 36, 38, 38, 40, 40, 42, 42, 44, 44, 46, 46, 48, 48, 50, 50, 52, 52, 54, 54, 56, 56, 58, 58, 60, 0, 60, 0, 2, 2, 4, 4, 6, 6, 8, 8, 10, 10, 12, 12, 14, 14, 16, 16, 18, 18, 20, 20, 22, 22, 24, 24, 26, 26, 28 ],
				"width": 17,
				"height": 62
			}
		},
		"cs2": {
			"cs2": {
				"type": "skinnedmesh",
				"uvs": [ 1, 0.0611, 1, 0.12037, 1, 0.17963, 1, 0.23018, 1, 0.28771, 1, 0.35917, 1, 0.42193, 1, 0.48293, 1, 0.54917, 1, 0.61541, 1, 0.69211, 1, 0.79495, 1, 0.85596, 1, 0.89257, 1, 0.96752, 1, 1, 0.82592, 1, 0.62536, 1, 0.42481, 1, 0.19258, 1, 0, 1, 0, 0.95183, 0, 0.88385, 0, 0.81413, 0, 0.7566, 0, 0.68514, 0, 0.62064, 0, 0.5422, 0, 0.48293, 0, 0.4167, 0, 0.34697, 0, 0.2755, 0, 0.20578, 0, 0.12385, 0, 0.06459, 0, 0, 0.2137, 0, 0.45647, 0, 0.70981, 0, 1, 0, 0.16092, 0.75486, 0.2137, 0.66596, 0.2137, 0.59275, 0.22425, 0.51431, 0.25592, 0.44807, 0.29814, 0.38183, 0.30869, 0.31908, 0.30869, 0.24936, 0.37203, 0.19358, 0.45647, 0.1256, 0.54092, 0.07156, 0.72036, 0.03147, 0.8048, 0.06459, 0.74148, 0.13954, 0.72036, 0.20404, 0.75203, 0.25806, 0.75203, 0.32082, 0.81536, 0.38184, 0.82592, 0.4533, 0.83647, 0.5178, 0.82592, 0.60147, 0.83647, 0.67991, 0.82592, 0.77578, 0.81536, 0.84027, 0.83647, 0.95881, 0.43536, 0.94312, 0.49869, 0.87514, 0.48814, 0.81238, 0.51981, 0.75835, 0.53036, 0.68514, 0.53036, 0.59798, 0.51981, 0.52477, 0.50925, 0.44807, 0.54092, 0.39055, 0.49869, 0.32083, 0.54092, 0.24761, 0.55147, 0.20055, 0.62536, 0.11165 ],
				"triangles": [ 48, 47, 36, 48, 49, 75, 53, 52, 2, 36, 47, 33, 47, 32, 33, 54, 77, 53, 49, 50, 76, 76, 50, 77, 48, 37, 49, 48, 36, 37, 52, 1, 2, 77, 51, 53, 53, 51, 52, 49, 37, 50, 33, 34, 36, 52, 0, 1, 51, 77, 38, 77, 50, 38, 50, 37, 38, 34, 35, 36, 0, 52, 39, 39, 52, 38, 52, 51, 38, 45, 74, 72, 45, 46, 74, 55, 56, 75, 54, 75, 76, 45, 44, 30, 74, 75, 73, 75, 56, 73, 45, 30, 46, 4, 57, 55, 30, 31, 46, 46, 48, 74, 74, 48, 75, 57, 56, 55, 55, 75, 54, 31, 47, 46, 46, 47, 48, 55, 3, 4, 31, 32, 47, 2, 3, 55, 75, 49, 76, 55, 54, 53, 2, 55, 53, 76, 77, 54, 69, 43, 44, 71, 45, 72, 44, 45, 69, 60, 71, 73, 73, 59, 60, 58, 73, 56, 58, 56, 57, 59, 73, 58, 59, 7, 8, 27, 28, 43, 71, 72, 73, 59, 58, 7, 44, 43, 29, 58, 6, 7, 43, 28, 29, 58, 57, 6, 72, 74, 73, 57, 5, 6, 44, 29, 30, 5, 57, 4, 43, 69, 42, 61, 69, 70, 61, 71, 60, 45, 70, 69, 61, 9, 10, 70, 45, 71, 25, 26, 41, 61, 60, 9, 26, 42, 41, 69, 41, 42, 26, 27, 42, 60, 8, 9, 60, 59, 8, 61, 70, 71, 42, 27, 43, 63, 17, 68, 65, 40, 67, 67, 40, 41, 63, 12, 13, 22, 23, 40, 66, 67, 68, 12, 63, 11, 63, 62, 11, 63, 68, 62, 23, 24, 40, 67, 41, 69, 68, 67, 69, 11, 62, 10, 62, 61, 10, 68, 69, 62, 62, 69, 61, 24, 25, 40, 40, 25, 41, 16, 64, 15, 64, 14, 15, 16, 17, 64, 18, 65, 17, 65, 66, 17, 17, 63, 64, 18, 19, 65, 40, 65, 19, 22, 40, 19, 21, 19, 20, 64, 13, 14, 64, 63, 13, 19, 21, 22, 65, 67, 66, 17, 66, 68 ],
				"vertices": [ 3, 21, 78.67, -7.83, 0, 32, 28.84, -6.8, 2.0E-5, 35, 13.07, -4.31, 0.99997, 3, 21, 72.8, -7.92, 0, 32, 22.97, -6.84, 0.08196, 35, 7.37, -5.7, 0.91803, 3, 21, 66.93, -8.01, 0, 32, 17.1, -6.88, 0.63937, 35, 1.66, -7.1, 0.36062, 1, 32, 12.09, -6.92, 1, 4, 16, 70.19, -7.2, 0, 21, 56.22, -8.18, 0, 29, 24.74, -5.75, 0.05701, 32, 6.39, -6.96, 0.94298, 4, 16, 63.11, -7.42, 0, 21, 49.14, -8.3, 0, 29, 17.68, -6.25, 0.60364, 32, -0.68, -7.02, 0.39635, 3, 16, 56.9, -7.62, 0, 21, 42.92, -8.39999, 0, 29, 11.47, -6.69, 0.99999, 4, 16, 50.85, -7.81, 0, 21, 36.88, -8.49, 0, 25, 19.6, -7.21, 0.09067, 29, 5.44, -7.12, 0.90932, 2, 25, 13.05, -7.63, 0.57645, 29, -1.09, -7.58, 0.42354, 3, 21, 23.75, -8.7, 0.03714, 25, 6.5, -8.04, 0.93278, 29, -7.64, -8.04, 0.03007, 2, 21, 16.15, -8.82, 0.52594, 25, -1.07, -8.52, 0.47405, 3, 16, 19.95, -8.79, 0.06124, 21, 5.96, -8.97999, 0.93333, 25, -11.24, -9.16, 0.00542, 2, 16, 13.91, -8.97999, 0.40109, 21, -0.07, -9.08, 0.5989, 2, 16, 10.28, -9.09, 0.7597, 21, -3.7, -9.14, 0.24029, 2, 16, 2.86, -9.33, 0.99662, 21, -11.12, -9.26, 0.00337, 1, 16, -0.35, -9.43, 1, 1, 16, -0.44, -6.58, 1, 1, 16, -0.54, -3.3, 1, 1, 16, -0.64, -0.02, 1, 4, 16, -0.77, 3.76, 0.99912, 25, -32.34999, 2.73, 8.7E-4, 32, -64.28, 5.71, 0, 35, -80.43, -13.54, 0, 4, 16, -0.86, 6.91, 0.99861, 25, -32.55, 5.88, 0.00138, 32, -64.3, 8.85999, 0, 35, -81.18, -10.47999, 0, 4, 16, 3.9, 7.07, 0.99771, 25, -27.79, 6.18, 0.00227, 32, -59.53, 8.89999, 0, 35, -76.54, -9.35, 0, 2, 16, 10.63, 7.28, 0.7391, 21, -3.1, 7.23, 0.26089, 3, 16, 17.53, 7.5, 0.07378, 21, 3.8, 7.34, 0.9261, 32, -45.89, 9, 1.0E-4, 4, 21, 9.5, 7.43, 0.98647, 25, -8.47999, 7.4, 0.01316, 32, -40.18999, 9.04, 3.5E-4, 35, -57.75, -4.76, 0, 5, 16, 30.31, 7.9, 0.01014, 21, 16.58, 7.54, 0.54479, 25, -1.41, 7.85, 0.44305, 32, -33.09999, 9.1, 0.002, 35, -50.87, -3.08, 0, 6, 16, 36.7, 8.1, 0.00364, 21, 22.97, 7.64, 0.07137, 25, 4.94999, 8.25, 0.90245, 29, -9.32, 8.22999, 0.01847, 32, -26.71, 9.14, 0.00404, 35, -44.66, -1.56, 0, 6, 16, 44.47, 8.35, 0.00116, 21, 30.74, 7.77, 0.00731, 25, 12.71, 8.74, 0.65826, 29, -1.56, 8.78, 0.28668, 32, -18.94, 9.2, 0.04657, 35, -37.11, 0.27, 0, 5, 16, 50.34, 8.54, 3.4E-4, 21, 36.62, 7.86, 0.00181, 25, 18.57, 9.10999, 0.27039, 29, 4.29, 9.2, 0.632, 32, -13.07, 9.25, 0.09543, 5, 16, 56.9, 8.74, 0, 21, 43.18, 7.96, 0.0034, 25, 25.12, 9.52, 0.01016, 29, 10.83, 9.66, 0.57222, 32, -6.5, 9.29, 0.41419, 5, 16, 63.8, 8.96, 0, 21, 50.09, 8.07, 0.00191, 29, 17.71999, 10.14999, 0.10404, 32, 0.39, 9.35, 0.87625, 35, -18.32, 4.86, 0.01777, 3, 21, 57.17, 8.18999, 5.8E-4, 32, 7.48, 9.39999, 0.83308, 35, -11.44, 6.54, 0.16633, 3, 21, 64.08, 8.3, 9.0E-5, 32, 14.38, 9.45, 0.31015, 35, -4.73, 8.18, 0.68974, 3, 21, 72.19, 8.43, 2.0E-5, 32, 22.5, 9.51, 0.06171, 35, 3.15, 10.1, 0.93826, 1, 35, 8.85, 11.5, 1, 3, 21, 84.46, 8.62, 0, 32, 34.77, 9.6, 0.01283, 35, 15.07, 13.01, 0.98716, 3, 21, 84.52, 5.13, 0, 32, 34.8, 6.11, 0.00854, 35, 15.9, 9.62, 0.99144, 3, 21, 84.58, 1.15, 0, 32, 34.83, 2.13, 0.00412, 35, 16.84, 5.76, 0.99587, 3, 21, 84.65, -2.98, 0, 32, 34.86, -2, 7.5E-4, 35, 17.83, 1.73, 0.99924, 3, 21, 84.73, -7.73, 0, 32, 34.9, -6.75, 2.0E-5, 35, 18.95, -2.87, 0.99997, 4, 21, 9.72, 4.8, 0.98647, 25, -8.14, 4.78, 0.01316, 32, -39.99, 6.41, 3.5E-4, 35, -56.96, -7.28, 0, 5, 16, 32.32, 4.46999, 0.00342, 21, 18.54, 4.07, 0.1653, 25, 0.69, 4.48, 0.82928, 32, -31.18, 5.61, 0.00197, 35, -48.2, -6.03, 0, 5, 16, 39.57, 4.69999, 8.3E-4, 25, 7.93, 4.92999, 0.86741, 29, -6.31, 4.94, 0.12044, 32, -23.92, 5.67, 0.0113, 35, -41.15, -4.31, 0, 6, 16, 47.34, 4.77, 3.1E-4, 21, 33.57, 4.14, 2.1E-4, 25, 15.7, 5.25, 0.37571, 29, 1.44, 5.32, 0.59554, 32, -16.15, 5.55, 0.02819, 35, -33.56, -2.63, 0, 4, 16, 53.92, 4.46, 2.0E-5, 21, 40.14, 3.73, 0.00197, 29, 8.03, 5.26, 0.89975, 32, -9.58, 5.08, 0.09825, 5, 16, 60.5, 3.98, 0, 21, 46.71, 3.14, 0.00159, 29, 14.62, 5.04, 0.26479, 32, -3.01, 4.44, 0.7322, 35, -20.52, -0.69, 0.0014, 3, 21, 52.93, 3.07, 3.3E-4, 32, 3.2, 4.32, 0.98513, 35, -14.44, 0.61, 0.01452, 3, 21, 59.84, 3.18, 1.0E-4, 32, 10.1, 4.37, 0.87446, 35, -7.72, 2.24, 0.12543, 3, 21, 65.37999, 2.23, 1.0E-5, 32, 15.64, 3.37, 0.39307, 35, -2.10999, 2.55, 0.60691, 2, 21, 72.14, 0.95, 0, 35, 4.75, 2.8, 0.99999, 1, 35, 10.28, 2.73, 1, 3, 21, 81.53, -3.2, 0, 32, 31.74, -2.2, 5.6E-4, 35, 14.84, 0.82, 0.99942, 1, 35, 11.98, -1.29, 1, 2, 32, 21.04, -2.61999, 5.0E-5, 35, 4.52, -2.04, 0.99994, 1, 32, 14.65, -2.33, 1, 2, 29, 27.38, -1.49, 0.0057, 32, 9.3, -2.88, 0.99429, 2, 29, 21.18, -1.93, 0.18807, 32, 3.08, -2.93, 0.81192, 1, 29, 15.22, -3.39, 1, 1, 29, 8.17, -4.07, 1, 2, 25, 15.99, -4.76, 0.23355, 29, 1.81, -4.69, 0.76644, 2, 25, 7.7, -5.11, 0.91845, 29, -6.46, -5.1, 0.08154, 2, 21, 17.32, -6.13, 0.52594, 25, -0.03, -5.77, 0.47405, 3, 16, 21.76, -5.88, 0.02264, 21, 7.82, -6.11, 0.97703, 25, -9.53, -6.2, 3.2E-4, 2, 16, 15.37, -5.91, 0.29756, 21, 1.42, -6.03, 0.70242, 1, 16, 3.64, -6.63, 1, 1, 16, 4.98, -0.02, 1, 1, 16, 11.75, -0.84, 1, 1, 21, 4.1, -0.64, 1, 1, 21, 9.46, -1.07, 1, 2, 21, 16.71999, -1.13, 0.5, 25, -0.87, -0.81, 0.5, 1, 25, 7.74, -0.26, 1, 2, 25, 14.97, 0.36, 0.5, 29, 0.75, 0.42, 0.5, 1, 29, 8.32, 1.13, 1, 3, 16, 59.76, -0.01, 0, 21, 45.91, -0.83, 3.6E-4, 29, 14.04, 1.01, 0.99963, 1, 32, 3.05, 1.21, 1, 1, 32, 10.31, 0.57, 1, 1, 32, 14.97, 0.43, 1, 1, 35, 6.75, 0.45, 1 ],
				"hull": 40,
				"edges": [ 40, 42, 42, 44, 44, 46, 30, 32, 46, 48, 48, 50, 50, 52, 52, 54, 54, 56, 56, 58, 58, 60, 60, 62, 62, 64, 64, 66, 66, 68, 68, 70, 70, 72, 72, 74, 74, 76, 76, 78, 0, 78, 0, 2, 2, 4, 4, 6, 6, 8, 8, 10, 10, 12, 12, 14, 14, 16, 16, 18, 18, 20, 20, 22, 22, 24, 24, 26, 26, 28, 28, 30, 32, 34, 34, 36, 36, 38, 38, 40 ],
				"width": 18,
				"height": 109
			}
		},
		"cs3": {
			"cs3": {
				"type": "skinnedmesh",
				"uvs": [ 1, 0.05373, 1, 0.10832, 1, 0.17602, 1, 0.24154, 1, 0.30269, 1, 0.39223, 1, 0.47959, 1, 0.54947, 1, 0.61499, 1, 0.70016, 1, 0.76568, 1, 0.83556, 1, 0.89671, 1, 0.95131, 1, 1, 0.84185, 1, 0.63665, 1, 0.44665, 1, 0.22625, 1, 0, 1, 0, 0.93166, 0, 0.86395, 0, 0.79407, 0, 0.71763, 0, 0.6412, 0, 0.54729, 0, 0.47522, 0, 0.38786, 0, 0.29396, 0, 0.19786, 0, 0.13235, 0, 0.06683, 0, 0, 0.18065, 0, 0.32505, 0, 0.54545, 0, 0.73545, 0, 1, 0, 0.15025, 0.94039, 0.15785, 0.87924, 0.18065, 0.83338, 0.30225, 0.7897, 0.35545, 0.71108, 0.37825, 0.64775, 0.33265, 0.59315, 0.36305, 0.52982, 0.35545, 0.45556, 0.34785, 0.3835, 0.33265, 0.33108, 0.28705, 0.2743, 0.27185, 0.19568, 0.24905, 0.12579, 0.25665, 0.06028, 0.87225, 0.04936, 0.87225, 0.12143, 0.87985, 0.19131, 0.87985, 0.25901, 0.86465, 0.32016, 0.85705, 0.3835, 0.82665, 0.45993, 0.82665, 0.532, 0.81905, 0.60844, 0.81145, 0.66959, 0.75825, 0.72418, 0.74305, 0.78315, 0.67465, 0.82683, 0.54545, 0.87051, 0.38585, 0.90326, 0.32505, 0.95568, 0.59865, 0.05809, 0.59865, 0.12361, 0.60625, 0.1935, 0.62145, 0.26338, 0.61385, 0.34419, 0.61385, 0.41844, 0.62145, 0.48177, 0.62145, 0.56258, 0.57585, 0.63464, 0.53785, 0.71982, 0.47705, 0.79844, 0.34785, 0.85959, 0.26425, 0.912 ],
				"triangles": [ 15, 13, 14, 16, 65, 15, 13, 15, 12, 17, 66, 16, 18, 68, 17, 68, 67, 17, 17, 67, 66, 19, 38, 18, 18, 81, 68, 18, 38, 81, 19, 20, 38, 68, 80, 67, 68, 81, 80, 38, 39, 81, 38, 20, 39, 20, 21, 39, 39, 40, 81, 81, 41, 80, 39, 21, 22, 65, 64, 15, 16, 66, 65, 12, 15, 11, 81, 40, 41, 67, 79, 66, 67, 80, 79, 11, 15, 64, 11, 64, 63, 11, 63, 10, 40, 39, 22, 65, 66, 78, 79, 80, 42, 40, 44, 41, 66, 79, 78, 64, 65, 63, 80, 41, 42, 79, 42, 78, 40, 22, 23, 42, 41, 44, 63, 65, 78, 24, 40, 23, 63, 62, 10, 62, 9, 10, 78, 77, 63, 77, 76, 63, 62, 63, 61, 42, 43, 78, 78, 43, 77, 24, 44, 40, 42, 44, 43, 9, 62, 8, 62, 61, 8, 61, 63, 76, 77, 43, 45, 24, 25, 44, 43, 44, 45, 77, 45, 76, 61, 7, 8, 61, 60, 7, 61, 76, 60, 46, 45, 44, 76, 75, 60, 76, 45, 75, 60, 6, 7, 46, 44, 26, 46, 26, 47, 26, 44, 25, 75, 59, 60, 60, 59, 6, 45, 46, 75, 46, 74, 75, 75, 74, 59, 59, 58, 6, 58, 5, 6, 46, 47, 74, 47, 26, 48, 49, 48, 27, 48, 26, 27, 58, 59, 73, 47, 73, 74, 59, 74, 73, 58, 57, 5, 57, 4, 5, 27, 28, 49, 47, 48, 73, 58, 73, 57, 73, 72, 57, 73, 48, 72, 71, 48, 49, 48, 71, 72, 57, 56, 4, 57, 72, 56, 56, 3, 4, 28, 50, 49, 50, 29, 51, 50, 28, 29, 70, 49, 50, 56, 72, 55, 56, 55, 3, 71, 49, 70, 70, 34, 35, 50, 34, 70, 72, 71, 55, 55, 2, 3, 29, 30, 51, 50, 51, 34, 34, 51, 52, 54, 71, 70, 71, 54, 55, 54, 70, 36, 36, 70, 69, 55, 54, 2, 54, 1, 2, 30, 33, 51, 30, 31, 33, 51, 33, 52, 70, 35, 69, 54, 53, 1, 54, 36, 53, 53, 0, 1, 31, 32, 33, 52, 33, 34, 69, 35, 36, 53, 37, 0, 53, 36, 37 ],
				"vertices": [ 3, 17, 4.19999, 10.35999, 0.99992, 26, -27.77, 7.64, 7.0E-5, 36, -64.69999, 7.46, 0, 4, 17, 8.5, 9.89, 0.99261, 22, -8.14, 9.97999, 0.0073, 26, -23.46, 7.89, 8.0E-5, 36, -60.42, 8.01, 0, 3, 17, 13.82, 9.32, 0.83729, 22, -2.79, 9.74, 0.1627, 36, -55.11, 8.68999, 0, 4, 17, 18.96999, 8.76, 0.40707, 22, 2.38, 9.51, 0.58962, 26, -12.94, 8.49, 0.0033, 36, -49.97, 9.34, 0, 4, 17, 23.78, 8.24, 0.08213, 22, 7.21, 9.3, 0.82725, 26, -8.10999, 8.77, 0.09061, 36, -45.17, 9.96, 0, 4, 22, 14.28, 8.97999, 0.44059, 26, -1.04, 9.18, 0.55879, 30, -14.46, 9.89, 6.0E-4, 36, -38.14, 10.86, 0, 4, 22, 21.18, 8.68, 0.0486, 26, 5.85, 9.58, 0.85683, 30, -7.55, 10.02, 0.09456, 36, -31.29, 11.73, 0, 2, 26, 11.37, 9.89999, 0.59256, 30, -2.03, 10.12, 0.40743, 3, 26, 16.54, 10.2, 0.23375, 30, 3.14, 10.21, 0.7459, 33, -13.32, 4.82, 0.02033, 4, 26, 23.27, 10.59, 0.0165, 30, 9.88, 10.34, 0.72137, 33, -7.38, 8, 0.2572, 36, -13.99, 13.94, 0.00491, 3, 30, 15.06, 10.43, 0.39184, 33, -2.81, 10.43999, 0.55202, 36, -8.85, 14.6, 0.05612, 3, 30, 20.59, 10.53, 0.126, 33, 2.06, 13.05, 0.65433, 36, -3.36, 15.3, 0.21965, 3, 30, 25.42, 10.62, 0.03204, 33, 6.32, 15.33, 0.53946, 36, 1.42, 15.91, 0.42847, 3, 30, 29.74, 10.7, 0.00369, 33, 10.13, 17.37, 0.41627, 36, 5.71, 16.45999, 0.58003, 2, 33, 13.53, 19.18, 0.37341, 36, 9.53, 16.95, 0.62658, 2, 33, 15.22, 16.01, 0.34528, 36, 9.97999, 13.38, 0.65471, 2, 33, 17.42, 11.9, 0.21566, 36, 10.57, 8.76, 0.78433, 2, 33, 19.45999, 8.09, 0.05729, 36, 11.12, 4.48, 0.9427, 2, 30, 33.91, -6.8, 0, 36, 11.76, -0.48, 0.99999, 2, 30, 34, -11.95, 8.0E-5, 36, 12.41, -5.58, 0.99991, 2, 33, 19.48, -3.4, 0.01269, 36, 7.05, -6.27, 0.9873, 3, 30, 23.25, -12.14, 0.00179, 33, 14.75, -5.92, 0.30354, 36, 1.73, -6.95, 0.69466, 3, 30, 17.71999, -12.24, 0.07604, 33, 9.88, -8.53, 0.71669, 36, -3.74, -7.65, 0.20725, 4, 26, 25.96, -12.01, 0.01614, 30, 11.68, -12.35, 0.35293, 33, 4.55, -11.38, 0.61492, 36, -9.72999, -8.42, 0.01599, 4, 22, 32.95, -14.58, 4.3E-4, 26, 19.92, -12.36, 0.14026, 30, 5.63, -12.46, 0.58784, 33, -0.77, -14.23, 0.27145, 5, 22, 25.53, -14.25, 0.05172, 26, 12.51, -12.79, 0.51597, 30, -1.79, -12.6, 0.38252, 33, -7.32, -17.73, 0.04978, 36, -23.1, -10.12, 0, 5, 22, 19.83, -14, 0.21807, 26, 6.82, -13.12, 0.65267, 30, -7.48, -12.7, 0.12413, 33, -12.35, -20.42, 0.0051, 36, -28.75, -10.85, 0, 4, 22, 12.93, -13.7, 0.58264, 26, -0.07, -13.52, 0.40874, 30, -14.39, -12.83, 0.0086, 36, -35.61, -11.72, 0, 4, 17, 20.65, -14.27, 0.04139, 22, 5.51, -13.37, 0.85022, 26, -7.49, -13.95, 0.10837, 36, -42.97, -12.66, 0, 4, 17, 13.1, -13.45, 0.31051, 22, -2.07, -13.03, 0.68334, 26, -15.07, -14.39, 0.00614, 36, -50.51, -13.63, 0, 3, 17, 7.95, -12.9, 0.62614, 22, -7.25, -12.8, 0.37385, 36, -55.65, -14.28, 0, 4, 17, 2.79, -12.34, 0.86939, 22, -12.43, -12.57, 0.13059, 26, -25.42, -14.98, 0, 36, -60.79, -14.94, 0, 4, 17, -2.45, -11.77, 0.952, 22, -17.70999, -12.34, 0.04798, 26, -30.7, -15.29, 0, 36, -66.04, -15.61, 0, 4, 17, -2.01, -7.69, 0.96285, 22, -17.52, -8.24, 0.03712, 26, -30.94, -11.19, 0, 36, -66.56, -11.54, 0, 3, 17, -1.66, -4.42999, 0.98852, 22, -17.37999, -4.96, 0.01147, 36, -66.97, -8.28, 0, 3, 17, -1.12, 0.54, 0.99999, 26, -31.41, -2.91, 0, 36, -67.61, -3.31, 0, 3, 17, -0.66, 4.84, 0.99996, 26, -31.66, 1.39, 3.0E-5, 36, -68.15, 0.96, 0, 4, 17, -0.01, 10.81, 0.99993, 22, -16.7, 10.35999, 0, 26, -32.00999, 7.39, 6.0E-5, 36, -68.92, 6.92, 0, 2, 30, 29.23, -8.62, 1.0E-5, 36, 7.3, -2.79, 0.99998, 3, 30, 24.39, -8.53, 0.00113, 33, 14.13, -2.19, 0.31571, 36, 2.48, -3.24, 0.68313, 3, 30, 20.75, -8.08, 0.02097, 33, 10.69, -3.44, 0.61997, 36, -1.16999, -3.18, 0.35904, 2, 30, 17.25, -5.38, 0.02029, 33, 6.34, -2.63, 0.9797, 2, 30, 11.01, -4.28, 0.42783, 33, 0.28, -4.5, 0.57216, 4, 26, 19.94, -3.75, 0.03612, 30, 5.99, -3.86, 0.92787, 33, -4.37, -6.41, 0.03599, 36, -16.31, -0.58999, 0, 4, 22, 29.49, -6.86, 0.00188, 26, 15.69, -5.03, 0.22454, 30, 1.69, -4.96999, 0.66702, 33, -7.69, -9.35999, 0.10654, 4, 22, 24.51, -5.95, 0.02952, 26, 10.65, -4.63, 0.71167, 30, -3.32, -4.37, 0.24892, 33, -12.43, -11.11, 0.00988, 4, 22, 18.64, -5.86, 0.20305, 26, 4.8, -5.14, 0.79611, 30, -9.18999, -4.65, 8.3E-4, 36, -31.32, -3.03, 0, 3, 22, 12.94, -5.78, 0.50919, 26, -0.87, -5.65, 0.4908, 36, -36.95, -3.92, 0, 4, 17, 24.38, -7.07, 4.4E-4, 22, 8.78, -5.94, 0.88069, 26, -4.98999, -6.23, 0.11886, 36, -41.02, -4.79, 0, 4, 17, 19.81, -7.61, 0.02195, 22, 4.25, -6.78, 0.92431, 26, -9.42, -7.52, 0.05372, 36, -45.34, -6.39, 0, 3, 17, 13.59, -7.29, 0.42528, 22, -1.97, -6.85, 0.57471, 36, -51.47, -7.52, 0, 3, 17, 8.04, -7.21, 0.64436, 22, -7.52, -7.12, 0.35563, 36, -56.88, -8.74, 0, 4, 17, 2.9, -6.48, 0.94787, 22, -12.68, -6.72, 0.05212, 26, -26.27, -9.18999, 0, 36, -62.05, -9.22, 0, 3, 17, 3.55, 7.51, 0.99993, 26, -27.94, 4.71999, 6.0E-5, 36, -64.68, 4.54, 0, 4, 17, 9.22, 6.9, 0.9588, 22, -7.23, 7.03, 0.04113, 26, -22.25, 5.05, 6.0E-5, 36, -59.02, 5.26, 0, 3, 17, 14.73, 6.48, 0.63579, 22, -1.7, 6.96, 0.3642, 36, -53.56, 6.13, 0, 4, 17, 20.04999, 5.9, 0.16432, 22, 3.64, 6.72, 0.80937, 26, -11.4, 5.85, 0.0263, 36, -48.25, 6.81, 0, 4, 17, 24.82, 5.04, 0.024, 22, 8.45, 6.16, 0.8391, 26, -6.55, 5.78, 0.13688, 36, -43.41, 7.08, 0, 3, 22, 13.45, 5.77, 0.54784, 26, -1.54, 5.9, 0.45215, 36, -38.41999, 7.55, 0, 4, 22, 19.45999, 4.81, 0.0701, 26, 4.52, 5.56, 0.89231, 30, -9.04, 6.05, 0.03757, 36, -32.33, 7.63, 0, 3, 26, 10.21, 5.89, 0.61425, 30, -3.34, 6.16, 0.38574, 36, -26.68, 8.35, 0, 3, 26, 16.26, 6.06, 0.13876, 30, 2.7, 6.09, 0.85062, 33, -11.83, 0.95, 0.01061, 4, 26, 21.1, 6.17, 0.02438, 30, 7.54, 6.01, 0.82161, 33, -7.49, 3.08, 0.15321, 36, -15.84, 9.39, 7.7E-4, 3, 30, 11.88, 4.88, 0.54934, 33, -3.11, 4.05, 0.43917, 36, -11.41, 8.72999, 0.01148, 3, 30, 16.54999, 4.62, 0.17867, 33, 1.16, 5.95, 0.71515, 36, -6.74, 8.97999, 0.10616, 3, 30, 20.03, 3.13, 0.03632, 33, 4.92999, 6.2, 0.73795, 36, -3.11, 7.88, 0.22572, 3, 30, 23.54, 0.25, 0.00125, 33, 9.37, 5.23999, 0.57762, 36, 0.68, 5.4, 0.42112, 2, 33, 13.36, 3.27, 0.33142, 36, 3.71, 2.13, 0.66857, 2, 33, 17.67, 4, 0.01496, 36, 7.99, 1.29, 0.98503, 3, 17, 3.57, 1.25, 0.99998, 26, -26.9, -1.44, 1.0E-5, 36, -63.2, -1.53, 0, 1, 17, 8.72, 0.7, 1, 1, 17, 14.23, 0.27, 1, 1, 22, 3.72, 0.84, 1, 1, 22, 10.1, 0.38, 1, 2, 22, 15.96, 0.12, 0.5, 26, 1.53, 0.54, 0.5, 3, 26, 6.52, 1, 0.97674, 30, -7.22, 1.42, 0.02325, 36, -30.03, 3.22, 0, 2, 26, 12.9, 1.37, 0.5, 30, -0.83, 1.54, 0.5, 1, 30, 4.87, 0.6, 1, 2, 30, 11.63, -0.13, 0.5, 33, -1.04999, -0.52, 0.5, 1, 33, 5.07, 1.17999, 1, 2, 33, 10.72, 0.88, 0.5, 36, 0.39, 0.84, 0.5, 1, 36, 4.73999, -0.51, 1 ],
				"hull": 38,
				"edges": [ 36, 38, 68, 70, 70, 72, 72, 74, 64, 66, 66, 68, 62, 64, 60, 62, 58, 60, 56, 58, 54, 56, 52, 54, 50, 52, 48, 50, 46, 48, 44, 46, 42, 44, 38, 40, 40, 42, 34, 36, 32, 34, 28, 30, 30, 32, 28, 26, 26, 24, 24, 22, 22, 20, 20, 18, 18, 16, 16, 14, 14, 12, 12, 10, 10, 8, 8, 6, 6, 4, 4, 2, 2, 0, 0, 74 ],
				"width": 25,
				"height": 87
			}
		},
		"driver": {
			"driver": { "x": -15.62, "y": -1.49, "scaleX": 0.909, "scaleY": 0.909, "rotation": -177.74, "width": 300, "height": 300 }
		},
		"head": {
			"head": { "x": 14.65, "y": -0.97, "scaleX": 0.909, "scaleY": 0.909, "rotation": -81.52, "width": 300, "height": 300 }
		},
		"head_light": {
			"head_light": { "x": 14.65, "y": -0.97, "scaleX": 0.909, "scaleY": 0.909, "rotation": -81.52, "width": 300, "height": 300 }
		},
		"tail": {
			"tail": {
				"type": "skinnedmesh",
				"uvs": [ 1, 0.0549, 1, 0.11552, 1, 0.19633, 1, 0.26561, 1, 0.33199, 1, 0.38395, 1, 0.446, 1, 0.51239, 1, 0.58166, 1, 0.64083, 1, 0.73031, 1, 0.8068, 1, 0.87319, 1, 0.93236, 1, 0.96988, 1, 1, 0.86066, 1, 0.66381, 1, 0.42886, 1, 0.16278, 1, 0, 1, 0, 0.97421, 0, 0.93813, 0, 0.87896, 0, 0.81834, 0, 0.7332, 0, 0.65959, 0, 0.59609, 0, 0.52105, 0, 0.46332, 0, 0.39838, 0, 0.34787, 0, 0.30602, 0, 0.25839, 0, 0.18623, 0, 0.10974, 0, 0.04624, 0, 0, 0.21296, 0, 0.46061, 0, 0.70826, 0, 1, 0, 0.15433, 0.92862, 0.16278, 0.85373, 0.17968, 0.78459, 0.19658, 0.70969, 0.18813, 0.65016, 0.18813, 0.59447, 0.18813, 0.52341, 0.20503, 0.45811, 0.21348, 0.40434, 0.22193, 0.34481, 0.26418, 0.31216, 0.15433, 0.28143, 0.10501, 0.18335, 0.14946, 0.10686, 0.15581, 0.04769, 0.69556, 0.04769, 0.77176, 0.11263, 0.80351, 0.18623, 0.86066, 0.26128, 0.70826, 0.2887, 0.62571, 0.31612, 0.65111, 0.35364, 0.64476, 0.41137, 0.64476, 0.45611, 0.65746, 0.52827, 0.65746, 0.59609, 0.67016, 0.65526, 0.67016, 0.71588, 0.65111, 0.78659, 0.65746, 0.85154, 0.67651, 0.92081, 0.40346, 0.91937, 0.39711, 0.85731, 0.41616, 0.78804, 0.42251, 0.71299, 0.41616, 0.65671, 0.40981, 0.59465, 0.42251, 0.52971, 0.41616, 0.46332, 0.42251, 0.41281, 0.43521, 0.3522, 0.43521, 0.31467, 0.43521, 0.25839, 0.46061, 0.1819, 0.46696, 0.12417, 0.45426, 0.06212 ],
				"triangles": [ 65, 61, 8, 7, 61, 6, 63, 61, 64, 61, 60, 6, 60, 5, 6, 64, 62, 63, 60, 4, 5, 63, 62, 61, 52, 83, 82, 82, 83, 62, 60, 3, 4, 62, 57, 61, 52, 84, 83, 62, 83, 84, 55, 85, 52, 84, 52, 85, 32, 33, 53, 62, 84, 85, 86, 57, 62, 62, 85, 86, 61, 59, 60, 61, 58, 59, 61, 57, 58, 55, 38, 85, 33, 54, 53, 54, 55, 53, 52, 53, 55, 60, 2, 3, 60, 59, 2, 86, 85, 38, 55, 56, 38, 33, 34, 54, 59, 1, 2, 34, 35, 54, 59, 58, 1, 54, 35, 55, 86, 38, 87, 86, 87, 57, 58, 0, 1, 57, 40, 58, 0, 58, 41, 35, 36, 55, 55, 36, 56, 87, 39, 57, 87, 38, 39, 58, 40, 41, 38, 56, 37, 57, 39, 40, 56, 36, 37, 66, 77, 65, 81, 65, 80, 81, 64, 65, 81, 82, 64, 82, 62, 64, 49, 79, 48, 80, 49, 50, 49, 80, 79, 80, 50, 81, 52, 81, 50, 65, 79, 80, 8, 66, 65, 49, 48, 29, 48, 28, 29, 52, 50, 51, 29, 30, 49, 49, 30, 50, 61, 65, 64, 81, 52, 82, 30, 53, 50, 50, 53, 51, 30, 31, 53, 31, 32, 53, 51, 53, 52, 67, 77, 66, 77, 67, 68, 78, 79, 65, 26, 27, 46, 46, 78, 77, 65, 77, 78, 9, 68, 8, 67, 66, 8, 27, 47, 46, 46, 47, 78, 8, 61, 7, 8, 68, 67, 47, 27, 48, 78, 47, 79, 27, 28, 48, 79, 47, 48, 24, 25, 44, 70, 69, 11, 69, 10, 11, 44, 45, 75, 75, 76, 70, 75, 45, 76, 69, 70, 68, 68, 76, 77, 44, 25, 45, 45, 26, 46, 45, 25, 26, 69, 68, 10, 68, 9, 10, 45, 77, 76, 70, 76, 68, 45, 46, 77, 16, 14, 15, 17, 72, 16, 14, 16, 13, 17, 18, 72, 19, 73, 18, 18, 73, 71, 18, 71, 72, 71, 75, 70, 74, 75, 71, 19, 21, 42, 19, 42, 73, 73, 43, 74, 43, 73, 42, 19, 20, 21, 21, 22, 42, 13, 16, 12, 22, 23, 42, 11, 12, 16, 42, 23, 43, 16, 72, 71, 71, 73, 74, 23, 24, 43, 16, 71, 11, 43, 44, 74, 74, 44, 75, 43, 24, 44, 71, 70, 11 ],
				"vertices": [ 4, 19, 71.23, -10.3, 0, 23, 59.76, -11.64, 0, 31, 36.38, -11.17, 0, 34, 21.04, -10.13, 0.99999, 3, 23, 54.92, -11.55, 0, 31, 31.53, -11.11, 0, 34, 16.19, -10.08, 0.99999, 3, 19, 59.92, -10.45, 0, 23, 48.45, -11.43, 0, 34, 9.72, -10.01, 0.99999, 4, 19, 54.38, -10.52, 3.0E-5, 23, 42.91, -11.32, 0, 31, 19.53, -10.98, 0.00227, 34, 4.17999, -9.93999, 0.99769, 5, 19, 49.07, -10.58, 1.4E-4, 23, 37.59999, -11.22, 0, 27, 25.89, -11.04, 7.0E-4, 31, 14.21, -10.92, 0.12097, 34, -1.12, -9.88, 0.87815, 5, 19, 44.91, -10.63, 3.9E-4, 23, 33.45, -11.14, 1.0E-5, 27, 21.74, -11, 0.02345, 31, 10.06, -10.87, 0.37971, 34, -5.27, -9.84, 0.59642, 4, 19, 39.95, -10.69, 9.9E-4, 27, 16.77, -10.94, 0.16306, 31, 5.09, -10.81, 0.59119, 34, -10.24, -9.78, 0.24472, 5, 19, 34.64, -10.76, 0.00188, 23, 23.17, -10.95, 0.01086, 27, 11.46, -10.88, 0.49383, 31, -0.21, -10.75, 0.43337, 34, -15.55, -9.72, 0.06003, 4, 23, 17.62999, -10.84, 0.11992, 27, 5.92, -10.82, 0.74926, 31, -5.75, -10.69, 0.12706, 34, -21.09, -9.66, 0.00374, 5, 19, 24.36, -10.89, 0.01701, 23, 12.9, -10.75, 0.40012, 27, 1.19, -10.76, 0.52742, 31, -10.47999, -10.64, 0.05385, 34, -25.82, -9.6, 0.00158, 4, 19, 17.20999, -10.98, 0.12144, 23, 5.74, -10.62, 0.71903, 27, -5.96, -10.68, 0.15891, 34, -32.98, -9.52, 6.0E-4, 4, 19, 11.09, -11.05, 0.47364, 23, -0.37, -10.5, 0.49788, 27, -12.08, -10.61, 0.02803, 34, -39.09999, -9.45, 4.4E-4, 3, 19, 5.78, -11.12, 0.80513, 23, -5.68, -10.39999, 0.19464, 34, -44.41, -9.39, 2.1E-4, 3, 19, 1.04, -11.18, 0.96251, 23, -10.41, -10.31, 0.03739, 34, -49.14, -9.34, 9.0E-5, 4, 19, -1.95, -11.22, 0.99389, 23, -13.41, -10.25, 0.00604, 27, -25.12, -10.47, 0, 34, -52.15, -9.31, 6.0E-5, 4, 19, -4.36, -11.25, 0.9998, 23, -15.82, -10.21, 1.4E-4, 27, -27.53, -10.43999, 0, 34, -54.55, -9.28, 5.0E-5, 3, 19, -4.39, -8.71, 0.99994, 27, -27.51, -7.91, 0, 34, -54.53, -6.74, 5.0E-5, 2, 19, -4.42999, -5.14, 0.99997, 34, -54.49, -3.17, 2.0E-5, 3, 19, -4.48999, -0.86, 0.99999, 27, -27.42, -0.06, 0, 34, -54.44, 1.1, 0, 2, 19, -4.55, 3.96, 0.99999, 27, -27.36, 4.77, 0, 3, 19, -4.58, 6.92, 0.99999, 27, -27.33, 7.73, 0, 34, -54.35, 8.89, 0, 3, 19, -2.52, 6.95, 0.99999, 27, -25.27, 7.71, 0, 34, -52.29, 8.87, 0, 3, 19, 0.36, 6.98, 0.99999, 27, -22.38, 7.68, 0, 34, -49.4, 8.84, 0, 4, 19, 5.09, 7.04, 0.93518, 23, -5.79, 7.78, 0.06481, 27, -17.65, 7.62, 0, 34, -44.67, 8.78, 0, 2, 19, 9.93999, 7.1, 0.56399, 23, -0.94, 7.68, 0.436, 4, 19, 16.75, 7.19, 0.05488, 23, 5.86, 7.56, 0.88365, 27, -5.99, 7.49, 0.06146, 34, -33.00999, 8.64999, 0, 3, 23, 11.74, 7.44, 0.50502, 27, -0.1, 7.42, 0.49497, 34, -27.12, 8.58, 0, 4, 23, 16.82, 7.35, 0.09686, 27, 4.96999, 7.37, 0.85731, 31, -6.7, 7.49, 0.04582, 34, -22.04, 8.53, 0, 3, 27, 10.97, 7.3, 0.48946, 31, -0.69, 7.42, 0.51053, 34, -16.04, 8.46, 0, 2, 27, 15.59, 7.25, 0.11474, 31, 3.91, 7.37, 0.88525, 3, 27, 20.79, 7.19, 0.00236, 31, 9.10999, 7.31, 0.99387, 34, -6.22, 8.35, 0.00375, 2, 31, 13.15, 7.27, 0.87118, 34, -2.18, 8.3, 0.12881, 2, 31, 16.5, 7.23, 0.57766, 34, 1.16, 8.26, 0.42233, 2, 31, 20.31, 7.19, 0.23027, 34, 4.96999, 8.22, 0.76972, 2, 31, 26.08, 7.12, 0.02258, 34, 10.74, 8.16, 0.97741, 1, 34, 16.86, 8.09, 1, 2, 31, 37.28, 6.99, 2.0E-5, 34, 21.94, 8.03, 0.99997, 2, 31, 40.98, 6.95, 3.0E-5, 34, 25.64, 7.99, 0.99996, 2, 31, 40.93, 3.08, 1.0E-5, 34, 25.59, 4.12, 0.99998, 2, 19, 75.5, -0.44, 0, 34, 25.54, -0.38, 1, 3, 19, 75.56, -4.94999, 0, 31, 40.83, -5.91, 0, 34, 25.49, -4.88, 1, 3, 19, 75.62999, -10.25, 0, 31, 40.77, -11.22, 0, 34, 25.43, -10.18, 1, 2, 19, 1.15, 4.19, 0.99999, 27, -21.65, 4.86, 0, 3, 19, 7.14, 4.11, 0.91529, 23, -3.83, 4.78, 0.0847, 27, -15.66, 4.64, 0, 2, 19, 12.68, 3.87, 0.43301, 23, 1.68, 4.37, 0.56698, 3, 19, 18.67, 3.64, 0.01753, 23, 7.67, 3.95, 0.89222, 27, -4.15, 3.89, 0.09024, 3, 23, 12.43, 4.01, 0.43849, 27, 0.61, 3.99, 0.5615, 34, -26.4, 5.16, 0, 2, 23, 16.89, 3.93, 0.00918, 27, 5.06, 3.94, 0.9908, 2, 27, 10.75, 3.88, 0.68722, 31, -0.92, 4.01, 0.31277, 2, 27, 15.97, 3.51, 0.04206, 31, 4.29, 3.64, 0.95793, 2, 27, 20.27, 3.31, 0.00314, 31, 8.59, 3.44, 0.99685, 2, 31, 13.35, 3.23, 0.81936, 34, -1.98, 4.26, 0.18063, 2, 31, 15.95, 2.43, 0.38673, 34, 0.61, 3.47, 0.61325, 2, 31, 18.43, 4.4, 0.37954, 34, 3.09, 5.44, 0.62045, 2, 31, 26.29, 5.21, 0.00536, 34, 10.95, 6.24, 0.99463, 1, 34, 17.06, 5.37, 1, 2, 31, 37.13, 4.16, 1.0E-5, 34, 21.79, 5.19999, 0.99998, 4, 19, 71.74, -4.76, 0, 23, 60.45, -6.12, 0, 31, 37.02, -5.64, 0, 34, 21.68, -4.61, 1, 3, 23, 55.23, -7.41, 0, 31, 31.81, -6.97, 0, 34, 16.46999, -5.93, 0.99999, 3, 19, 60.68, -6.86, 0, 23, 49.33, -7.87, 0, 34, 10.57, -6.44, 0.99999, 4, 19, 54.69, -7.98, 3.0E-5, 23, 43.31, -8.8, 0, 31, 19.9, -8.45, 0.00171, 34, 4.56, -7.41, 0.99825, 3, 19, 52.47, -5.23, 2.0E-5, 23, 41.16, -5.98, 0, 34, 2.4, -4.62, 0.99997, 4, 19, 50.25, -3.76, 4.0E-5, 23, 39, -4.44, 0, 31, 15.56, -4.13, 0.00739, 34, 0.22, -3.09, 0.99256, 5, 19, 47.26, -4.26, 9.0E-5, 23, 35.99, -4.85, 0, 27, 24.23, -4.67999, 9.0E-5, 31, 12.55, -4.56, 0.51595, 34, -2.78, -3.52, 0.48384, 5, 19, 42.64, -4.19999, 2.0E-4, 23, 31.38, -4.64, 0, 27, 19.62, -4.51, 0.00946, 31, 7.94, -4.39, 0.8344, 34, -7.39, -3.35, 0.15592, 4, 19, 39.06, -4.25, 5.2E-4, 27, 16.04, -4.46999, 0.09624, 31, 4.36, -4.35, 0.75719, 34, -10.97, -3.31, 0.14602, 5, 19, 33.29, -4.55, 8.3E-4, 23, 22.02, -4.69999, 0.00141, 27, 10.26, -4.64, 0.43544, 31, -1.41, -4.51, 0.5281, 34, -16.75, -3.48, 0.03419, 5, 19, 27.87, -4.62, 2.2E-4, 23, 16.6, -4.59, 0.07689, 27, 4.84, -4.58, 0.86771, 31, -6.83, -4.44999, 0.05485, 34, -22.17, -3.42, 3.1E-4, 3, 23, 11.86, -4.73999, 0.31763, 27, 0.1, -4.76, 0.67826, 31, -11.57, -4.63, 0.0041, 4, 19, 18.29, -4.96999, 0.03816, 23, 7.01, -4.64, 0.8121, 27, -4.73999, -4.69999, 0.14948, 34, -31.76, -3.54, 2.5E-4, 4, 19, 12.63, -4.69, 0.39505, 23, 1.36, -4.19, 0.59747, 27, -10.39, -4.29, 0.00719, 34, -37.41, -3.13, 2.6E-4, 3, 19, 7.43, -4.87, 0.88285, 23, -3.83, -4.21, 0.11704, 34, -42.61, -3.19, 9.0E-5, 3, 19, 1.89, -5.29, 0.97823, 23, -9.37, -4.44999, 0.0217, 34, -48.15, -3.47, 6.0E-5, 1, 19, 1.95, -0.32, 1, 1, 19, 6.91, -0.14, 1, 3, 19, 12.46, -0.42, 0.28143, 23, 1.33, 0.07, 0.71845, 34, -37.48, 1.13, 9.0E-5, 1, 23, 7.33, -0.15, 1, 2, 23, 11.83, -0.12, 0.5, 27, 0.04, -0.14, 0.5, 1, 27, 5, -0.08, 1, 2, 27, 10.2, -0.37, 0.5, 31, -1.47, -0.24, 0.5, 1, 31, 3.83, -0.18, 1, 1, 31, 7.87, -0.35, 1, 1, 31, 12.71, -0.63, 1, 1, 34, 0.37, 0.36, 1, 1, 34, 4.88, 0.31, 1, 1, 34, 10.99, -0.21, 1, 1, 34, 15.61, -0.38, 1, 2, 19, 70.53, -0.39, 0, 34, 20.57, -0.21, 1 ],
				"hull": 42,
				"edges": [ 38, 40, 34, 36, 36, 38, 74, 76, 76, 78, 78, 80, 80, 82, 0, 82, 0, 2, 2, 4, 4, 6, 6, 8, 8, 10, 10, 12, 12, 14, 14, 16, 16, 18, 18, 20, 20, 22, 22, 24, 24, 26, 26, 28, 28, 30, 30, 32, 32, 34, 40, 42, 42, 44, 44, 46, 46, 48, 48, 50, 50, 52, 52, 54, 54, 56, 56, 58, 58, 60, 60, 62, 62, 64, 64, 66, 66, 68, 68, 70, 70, 72, 72, 74 ],
				"width": 20,
				"height": 88
			}
		}
	}
},
"events": {
	"Antiaircraft": {},
	"attack_point": {},
	"damage_point": {},
	"throw_point": {}
},
"animations": {
	"Antiaircraft": {
		"slots": {
			"Gun_L": {
				"attachment": [
					{ "time": 0, "name": null },
					{ "time": 0.5, "name": null },
					{ "time": 1.2666, "name": null },
					{ "time": 2, "name": null }
				],
				"color": [
					{ "time": 0, "color": "ffffff83" },
					{ "time": 0.0666, "color": "fffffffd" },
					{ "time": 0.1666, "color": "ffffff00" },
					{ "time": 0.2, "color": "ffffffff" },
					{ "time": 0.3333, "color": "ffffff00" },
					{ "time": 0.3666, "color": "ffffffff" },
					{ "time": 0.4666, "color": "ffffff00" },
					{ "time": 0.5, "color": "ffffffff", "curve": "stepped" },
					{ "time": 0.6, "color": "ffffffff" },
					{ "time": 0.7333, "color": "ffffff00" },
					{ "time": 0.8, "color": "ffffffff" },
					{ "time": 0.9, "color": "ffffff00" },
					{ "time": 0.9666, "color": "ffffffff" },
					{ "time": 1, "color": "ffffff83" },
					{ "time": 1.1, "color": "ffffff00" },
					{ "time": 1.1333, "color": "ffffffff" },
					{ "time": 1.2333, "color": "ffffff00" },
					{ "time": 1.3666, "color": "ffffffff" },
					{ "time": 1.4666, "color": "ffffff00" },
					{ "time": 1.5, "color": "ffffffff", "curve": "stepped" },
					{ "time": 1.5333, "color": "ffffffff" },
					{ "time": 1.6333, "color": "ffffff00" },
					{ "time": 1.7, "color": "ffffffff" },
					{ "time": 1.8333, "color": "ffffff00" },
					{ "time": 1.8666, "color": "ffffffff" },
					{ "time": 1.9666, "color": "ffffff00" },
					{ "time": 2, "color": "ffffff83" }
				]
			},
			"Light_Body": {
				"attachment": [
					{ "time": 0, "name": null },
					{ "time": 0.0666, "name": "Rodney_ship_body_normal_light" },
					{ "time": 0.5, "name": null },
					{ "time": 0.6, "name": "Rodney_ship_body_normal_light" },
					{ "time": 1.2666, "name": null },
					{ "time": 1.3666, "name": "Rodney_ship_body_normal_light" },
					{ "time": 2, "name": null }
				],
				"color": [
					{ "time": 0.0666, "color": "fffffffd" },
					{ "time": 0.1666, "color": "ffffff00" },
					{ "time": 0.2, "color": "ffffffff" },
					{ "time": 0.3333, "color": "ffffff00" },
					{ "time": 0.3666, "color": "ffffffff" },
					{ "time": 0.4666, "color": "ffffff00" },
					{ "time": 0.6, "color": "ffffffff" },
					{ "time": 0.7333, "color": "ffffff00" },
					{ "time": 0.8, "color": "ffffffff" },
					{ "time": 0.9, "color": "ffffff00" },
					{ "time": 0.9666, "color": "ffffffff" },
					{ "time": 1.1, "color": "ffffff00" },
					{ "time": 1.1333, "color": "ffffffff" },
					{ "time": 1.2333, "color": "ffffff00" },
					{ "time": 1.3666, "color": "ffffffff" },
					{ "time": 1.4666, "color": "ffffff00" },
					{ "time": 1.5333, "color": "ffffffff" },
					{ "time": 1.6333, "color": "ffffff00" },
					{ "time": 1.7, "color": "ffffffff" },
					{ "time": 1.8333, "color": "ffffff00" },
					{ "time": 1.8666, "color": "ffffffff" },
					{ "time": 1.9666, "color": "ffffff00" }
				]
			}
		},
		"bones": {
			"Body": {
				"rotate": [
					{ "time": 0, "angle": 0, "curve": "stepped" },
					{ "time": 2, "angle": 0 }
				],
				"translate": [
					{ "time": 0, "x": 0, "y": 0, "curve": "stepped" },
					{ "time": 2, "x": 0, "y": 0 }
				]
			},
			"Root_All": {
				"rotate": [
					{ "time": 0, "angle": 0, "curve": "stepped" },
					{ "time": 2, "angle": 0 }
				],
				"translate": [
					{
						"time": 0,
						"x": 0,
						"y": 0,
						"curve": [ 0.255, 0.35, 0.6, 0.7 ]
					},
					{
						"time": 0.5,
						"x": 0,
						"y": -9.82,
						"curve": [ 0.3, 0.39, 0.641, 0.74 ]
					},
					{
						"time": 1,
						"x": 0,
						"y": -15.66,
						"curve": [ 0.322, 0.37, 0.652, 0.7 ]
					},
					{
						"time": 1.5,
						"x": 0,
						"y": -7.79,
						"curve": [ 0.314, 0.36, 0.644, 0.68 ]
					},
					{ "time": 2, "x": 0, "y": 0 }
				]
			},
			"Ship_All": {
				"rotate": [
					{ "time": 0, "angle": 0, "curve": "stepped" },
					{ "time": 2, "angle": 0 }
				],
				"translate": [
					{ "time": 0, "x": 0, "y": 0, "curve": "stepped" },
					{ "time": 2, "x": 0, "y": 0 }
				]
			},
			"Damage_Point": {
				"rotate": [
					{ "time": 0, "angle": 0, "curve": "stepped" },
					{ "time": 2, "angle": 0 }
				],
				"translate": [
					{ "time": 0, "x": 0, "y": 0, "curve": "stepped" },
					{ "time": 2, "x": 0, "y": 0 }
				]
			},
			"Smoke_R1": {
				"rotate": [
					{ "time": 0, "angle": 0, "curve": "stepped" },
					{ "time": 2, "angle": 0 }
				],
				"translate": [
					{ "time": 0, "x": 0, "y": 0, "curve": "stepped" },
					{ "time": 2, "x": 0, "y": 0 }
				]
			},
			"Antiaircraft": {
				"rotate": [
					{ "time": 0, "angle": 0, "curve": "stepped" },
					{ "time": 2, "angle": 0 }
				],
				"translate": [
					{ "time": 0, "x": 0, "y": 0, "curve": "stepped" },
					{ "time": 2, "x": 0, "y": 0 }
				]
			},
			"Attack_Point": {
				"rotate": [
					{ "time": 0, "angle": 0, "curve": "stepped" },
					{ "time": 2, "angle": 0 }
				],
				"translate": [
					{ "time": 0, "x": 0, "y": 0, "curve": "stepped" },
					{ "time": 2, "x": 0, "y": 0 }
				]
			},
			"Dialogue": {
				"rotate": [
					{ "time": 0, "angle": 0, "curve": "stepped" },
					{ "time": 2, "angle": 0 }
				],
				"translate": [
					{ "time": 0, "x": 0, "y": 0, "curve": "stepped" },
					{ "time": 2, "x": 0, "y": 0 }
				]
			},
			"Smoke_L1": {
				"rotate": [
					{ "time": 0, "angle": 0, "curve": "stepped" },
					{ "time": 2, "angle": 0 }
				],
				"translate": [
					{ "time": 0, "x": 0, "y": 0, "curve": "stepped" },
					{ "time": 2, "x": 0, "y": 0 }
				]
			},
			"Throw_Point": {
				"rotate": [
					{ "time": 0, "angle": 0, "curve": "stepped" },
					{ "time": 2, "angle": 0 }
				],
				"translate": [
					{ "time": 0, "x": 0, "y": 0, "curve": "stepped" },
					{ "time": 2, "x": 0, "y": 0 }
				]
			},
			"Smoke_L2": {
				"rotate": [
					{ "time": 0, "angle": 0, "curve": "stepped" },
					{ "time": 2, "angle": 0 }
				],
				"translate": [
					{ "time": 0, "x": 0, "y": 0, "curve": "stepped" },
					{ "time": 2, "x": 0, "y": 0 }
				]
			},
			"Expression": {
				"rotate": [
					{ "time": 0, "angle": 0, "curve": "stepped" },
					{ "time": 2, "angle": 0 }
				],
				"translate": [
					{ "time": 0, "x": 0, "y": 0, "curve": "stepped" },
					{ "time": 2, "x": 0, "y": 0 }
				]
			},
			"girl": {
				"rotate": [
					{ "time": 0, "angle": 0 },
					{ "time": 0.5, "angle": -5.18 },
					{ "time": 1, "angle": 5.97 },
					{ "time": 2, "angle": 0 }
				],
				"translate": [
					{ "time": 0, "x": 0, "y": 0 },
					{ "time": 1, "x": 3.98, "y": 0 },
					{ "time": 2, "x": 0, "y": 0 }
				]
			}
		},
		"events": [
			{ "time": 0.0666, "name": "Antiaircraft" }
		]
	},
	"attack": {
		"slots": {
			"Gun_L": {
				"attachment": [
					{ "time": 0, "name": null },
					{ "time": 0.8333, "name": null }
				],
				"color": [
					{ "time": 0.5666, "color": "ffffffff" },
					{ "time": 0.8333, "color": "ffffff00" }
				]
			},
			"Light_Body": {
				"attachment": [
					{ "time": 0, "name": null },
					{ "time": 0.0666, "name": null },
					{ "time": 0.1, "name": "Rodney_ship_body_normal_light" }
				],
				"color": [
					{ "time": 0.5333, "color": "fffffffb" },
					{ "time": 0.8333, "color": "ffffff00" }
				]
			}
		},
		"bones": {
			"Root_All": {
				"rotate": [
					{
						"time": 0,
						"angle": 0,
						"curve": [ 0.279, 0.34, 0.617, 0.68 ]
					},
					{
						"time": 0.3333,
						"angle": -3.2,
						"curve": [ 0.321, 0.34, 0.654, 0.67 ]
					},
					{
						"time": 0.6666,
						"angle": -3.05,
						"curve": [ 0.314, 0.35, 0.648, 0.68 ]
					},
					{
						"time": 1,
						"angle": 3.72,
						"curve": [ 0.309, 0.39, 0.648, 0.73 ]
					},
					{ "time": 1.6666, "angle": 0 }
				],
				"translate": [
					{
						"time": 0,
						"x": 0,
						"y": 0,
						"curve": [ 0.312, 0.33, 0.646, 0.67 ]
					},
					{
						"time": 0.1666,
						"x": 71.44,
						"y": 0,
						"curve": [ 0.324, 0.33, 0.657, 0.66 ]
					},
					{
						"time": 0.3333,
						"x": 110.42,
						"y": 0,
						"curve": [ 0.325, 0.33, 0.658, 0.66 ]
					},
					{
						"time": 0.6666,
						"x": 77.75,
						"y": 0,
						"curve": [ 0.312, 0.34, 0.646, 0.67 ]
					},
					{
						"time": 1,
						"x": -18.02,
						"y": 0,
						"curve": [ 0.324, 0.33, 0.658, 0.67 ]
					},
					{
						"time": 1.3333,
						"x": -32.99,
						"y": 0,
						"curve": [ 0.325, 0.33, 0.659, 0.67 ]
					},
					{ "time": 1.6666, "x": 0, "y": 0 }
				]
			},
			"Ship_All": {
				"rotate": [
					{ "time": 0, "angle": 0, "curve": "stepped" },
					{ "time": 1.6666, "angle": 0 }
				],
				"translate": [
					{ "time": 0, "x": 0, "y": 0, "curve": "stepped" },
					{ "time": 1.6666, "x": 0, "y": 0 }
				]
			},
			"Body": {
				"rotate": [
					{ "time": 0, "angle": 0, "curve": "stepped" },
					{ "time": 1.6666, "angle": 0 }
				],
				"translate": [
					{ "time": 0, "x": 0, "y": 0, "curve": "stepped" },
					{ "time": 1.6666, "x": 0, "y": 0 }
				]
			},
			"Attack_Point": {
				"rotate": [
					{ "time": 0.0666, "angle": 0 }
				],
				"translate": [
					{ "time": 0.0666, "x": 0, "y": 0 }
				]
			},
			"girl": {
				"rotate": [
					{ "time": 0, "angle": 0 },
					{ "time": 0.6666, "angle": 7.94 },
					{ "time": 1.3333, "angle": 1.23 },
					{ "time": 1.6666, "angle": 0 }
				],
				"translate": [
					{ "time": 0, "x": 0, "y": 0 },
					{ "time": 0.6666, "x": -5.75, "y": -4.29 },
					{ "time": 1.3333, "x": -1.09, "y": -7.43 },
					{ "time": 1.6666, "x": 0, "y": 0 }
				]
			}
		},
		"events": [
			{ "time": 0.0666, "name": "attack_point" }
		]
	},
	"damage": {
		"slots": {
			"Gun": {
				"color": [
					{ "time": 0.0666, "color": "8c4c51ff" },
					{ "time": 1.1666, "color": "ffffffff" }
				]
			},
			"Gun_L": {
				"attachment": [
					{ "time": 0, "name": null },
					{ "time": 0.0666, "name": "gun_light" },
					{ "time": 0.7666, "name": null },
					{ "time": 1.1666, "name": null },
					{ "time": 1.5666, "name": null }
				],
				"color": [
					{ "time": 0, "color": "ffffff84" },
					{ "time": 0.3333, "color": "ffffffff" },
					{ "time": 0.5333, "color": "fffffffc" },
					{ "time": 0.6, "color": "ffffffff" },
					{ "time": 0.6666, "color": "ffffff8b" },
					{ "time": 0.7333, "color": "ffffff00", "curve": "stepped" },
					{ "time": 0.7666, "color": "ffffff00" },
					{ "time": 1.2333, "color": "ffffffff" },
					{ "time": 1.5666, "color": "ffffff03" }
				]
			},
			"Light_Body": {
				"attachment": [
					{ "time": 0, "name": null },
					{ "time": 0.0666, "name": "Rodney_ship_body_normal_light" },
					{ "time": 0.7666, "name": null },
					{ "time": 1.1666, "name": null },
					{ "time": 1.5666, "name": null }
				],
				"color": [
					{ "time": 0.5333, "color": "fffffffc" },
					{ "time": 0.7666, "color": "ffffff00" }
				]
			},
			"Rodney_body_normal": {
				"color": [
					{ "time": 0.0666, "color": "8c4c51ff", "curve": "stepped" },
					{ "time": 0.7666, "color": "8c4c51ff" },
					{ "time": 1.1333, "color": "ffffffff" }
				]
			},
			"cs1": {
				"color": [
					{ "time": 0.0666, "color": "8c4c51ff", "curve": "stepped" },
					{ "time": 0.7666, "color": "8c4c51ff" },
					{ "time": 1.1333, "color": "ffffffff" }
				]
			},
			"cs2": {
				"color": [
					{ "time": 0.0666, "color": "8c4c51ff", "curve": "stepped" },
					{ "time": 0.7666, "color": "8c4c51ff" },
					{ "time": 1.1333, "color": "ffffffff" }
				]
			},
			"cs3": {
				"color": [
					{ "time": 0.0666, "color": "8c4c51ff", "curve": "stepped" },
					{ "time": 0.7666, "color": "8c4c51ff" },
					{ "time": 1.1333, "color": "ffffffff" }
				]
			},
			"driver": {
				"color": [
					{ "time": 0.0666, "color": "8c4c51ff", "curve": "stepped" },
					{ "time": 0.7666, "color": "8c4c51ff" },
					{ "time": 1.1333, "color": "ffffffff" }
				]
			},
			"head": {
				"color": [
					{ "time": 0.0666, "color": "8c4c51ff", "curve": "stepped" },
					{ "time": 0.7666, "color": "8c4c51ff" },
					{ "time": 1.1333, "color": "ffffffff" }
				]
			},
			"head_light": {
				"attachment": [
					{ "time": 0, "name": null },
					{ "time": 0.0666, "name": "head_light" },
					{ "time": 0.7666, "name": null },
					{ "time": 1.1666, "name": null },
					{ "time": 1.5666, "name": null }
				],
				"color": [
					{ "time": 0.5333, "color": "fffffffc" },
					{ "time": 0.7666, "color": "ffffff00" }
				]
			},
			"tail": {
				"color": [
					{ "time": 0.0666, "color": "8c4c51ff", "curve": "stepped" },
					{ "time": 0.7666, "color": "8c4c51ff" },
					{ "time": 1.1333, "color": "ffffffff" }
				]
			}
		},
		"bones": {
			"Root_All": {
				"rotate": [
					{ "time": 0, "angle": 0, "curve": "stepped" },
					{ "time": 1.1666, "angle": 0 }
				],
				"translate": [
					{
						"time": 0,
						"x": 0,
						"y": 0,
						"curve": [ 0.255, 0.35, 0.6, 0.7 ]
					},
					{ "time": 0.0666, "x": -27.67, "y": -23.16 },
					{ "time": 0.1333, "x": 20.98, "y": 15.35 },
					{ "time": 0.2333, "x": -19.78, "y": -15.62 },
					{ "time": 0.3666, "x": 14.36, "y": 8.59 },
					{ "time": 0.5666, "x": -3.37, "y": -4.5 },
					{ "time": 0.8666, "x": 5.63, "y": 2.25 },
					{ "time": 1.1666, "x": 0, "y": 0 }
				]
			},
			"Ship_All": {
				"rotate": [
					{ "time": 0, "angle": 0, "curve": "stepped" },
					{ "time": 1.1666, "angle": 0 }
				],
				"translate": [
					{ "time": 0, "x": 0, "y": 0, "curve": "stepped" },
					{ "time": 1.1666, "x": 0, "y": 0 }
				]
			},
			"Body": {
				"rotate": [
					{ "time": 0, "angle": 0, "curve": "stepped" },
					{ "time": 1.1666, "angle": 0 }
				],
				"translate": [
					{ "time": 0, "x": 0, "y": 0, "curve": "stepped" },
					{ "time": 1.1666, "x": 0, "y": 0 }
				]
			},
			"Damage_Point": {
				"rotate": [
					{ "time": 0.0666, "angle": 0 }
				],
				"translate": [
					{ "time": 0.0666, "x": 0, "y": 0 }
				]
			},
			"girl": {
				"rotate": [
					{ "time": 0, "angle": 0 },
					{ "time": 0.3333, "angle": -11.78 },
					{ "time": 0.6666, "angle": 2.51 },
					{ "time": 1, "angle": -1.27 },
					{ "time": 1.5666, "angle": 0 }
				],
				"translate": [
					{ "time": 0, "x": 0, "y": 0 },
					{ "time": 0.3333, "x": 13.58, "y": 16.09 },
					{ "time": 0.6666, "x": -3.98, "y": 11.11 },
					{ "time": 1, "x": -2, "y": 13.92 },
					{ "time": 1.5666, "x": 0, "y": 0 }
				]
			},
			"GUN": {
				"rotate": [
					{ "time": 0, "angle": 0 },
					{ "time": 0.6666, "angle": 13.34 },
					{ "time": 1, "angle": -0.25 },
					{ "time": 1.5666, "angle": 0 }
				],
				"translate": [
					{ "time": 0, "x": 0, "y": 0, "curve": "stepped" },
					{ "time": 1.5666, "x": 0, "y": 0 }
				]
			},
			"head": {
				"rotate": [
					{ "time": 0, "angle": 0 },
					{ "time": 0.5, "angle": -4.37 },
					{ "time": 0.8333, "angle": 1.21 },
					{ "time": 1.1666, "angle": -3.11 },
					{ "time": 1.5666, "angle": 0 }
				],
				"translate": [
					{ "time": 0, "x": 0, "y": 0, "curve": "stepped" },
					{ "time": 1.5666, "x": 0, "y": 0 }
				]
			},
			"tail": {
				"rotate": [
					{ "time": 0, "angle": 0 },
					{ "time": 0.5, "angle": -9.66 },
					{ "time": 1, "angle": 13.46 },
					{ "time": 1.5666, "angle": 0 }
				],
				"translate": [
					{ "time": 0, "x": 0, "y": 0, "curve": "stepped" },
					{ "time": 1.5666, "x": 0, "y": 0 }
				]
			},
			"cs3_1": {
				"rotate": [
					{ "time": 0, "angle": 0 },
					{ "time": 0.5, "angle": -29.18 },
					{ "time": 1.5666, "angle": 0 }
				],
				"translate": [
					{ "time": 0, "x": 0, "y": 0, "curve": "stepped" },
					{ "time": 1.5666, "x": 0, "y": 0 }
				]
			},
			"cs2_1": {
				"rotate": [
					{ "time": 0, "angle": 0 },
					{ "time": 0.5, "angle": 7.49 },
					{ "time": 1.5666, "angle": 0 }
				],
				"translate": [
					{ "time": 0, "x": 0, "y": 0, "curve": "stepped" },
					{ "time": 1.5666, "x": 0, "y": 0 }
				]
			},
			"cs1_1": {
				"rotate": [
					{ "time": 0, "angle": 0 },
					{ "time": 0.5, "angle": -327.59 },
					{ "time": 1.5666, "angle": 0 }
				],
				"translate": [
					{ "time": 0, "x": 0, "y": 0, "curve": "stepped" },
					{ "time": 1.5666, "x": 0, "y": 0 }
				]
			},
			"Driver": {
				"rotate": [
					{ "time": 0, "angle": 0, "curve": "stepped" },
					{ "time": 1.5666, "angle": 0 }
				],
				"translate": [
					{ "time": 0, "x": 0, "y": 0 },
					{ "time": 0.5, "x": 3.29, "y": 0 },
					{ "time": 0.8333, "x": -5.97, "y": 0 },
					{ "time": 1.1666, "x": 4.98, "y": 0 },
					{ "time": 1.5666, "x": 0, "y": 0 }
				]
			},
			"tail5": {
				"rotate": [
					{ "time": 0, "angle": 0 },
					{ "time": 0.5, "angle": -24.88 },
					{ "time": 1, "angle": 42.86 },
					{ "time": 1.5666, "angle": 0 }
				],
				"translate": [
					{ "time": 0, "x": 0, "y": 0, "curve": "stepped" },
					{ "time": 1.5666, "x": 0, "y": 0 }
				]
			},
			"tail4": {
				"rotate": [
					{ "time": 0, "angle": 0 },
					{ "time": 0.5, "angle": -9.66 },
					{ "time": 1, "angle": 13.46 },
					{ "time": 1.5666, "angle": 0 }
				],
				"translate": [
					{ "time": 0, "x": 0, "y": 0, "curve": "stepped" },
					{ "time": 1.5666, "x": 0, "y": 0 }
				]
			},
			"tail3": {
				"rotate": [
					{ "time": 0, "angle": 0 },
					{ "time": 0.5, "angle": -9.66 },
					{ "time": 1, "angle": 13.46 },
					{ "time": 1.5666, "angle": 0 }
				],
				"translate": [
					{ "time": 0, "x": 0, "y": 0, "curve": "stepped" },
					{ "time": 1.5666, "x": 0, "y": 0 }
				]
			},
			"tail2": {
				"rotate": [
					{ "time": 0, "angle": 0 },
					{ "time": 0.5, "angle": -9.66 },
					{ "time": 1, "angle": 13.46 },
					{ "time": 1.5666, "angle": 0 }
				],
				"translate": [
					{ "time": 0, "x": 0, "y": 0, "curve": "stepped" },
					{ "time": 1.5666, "x": 0, "y": 0 }
				]
			},
			"cs3_6": {
				"rotate": [
					{ "time": 0, "angle": 0 },
					{ "time": 0.5, "angle": -29.18 },
					{ "time": 1.5666, "angle": 0 }
				],
				"translate": [
					{ "time": 0, "x": 0, "y": 0, "curve": "stepped" },
					{ "time": 1.5666, "x": 0, "y": 0 }
				]
			},
			"cs3_5": {
				"rotate": [
					{ "time": 0, "angle": 0 },
					{ "time": 0.5, "angle": -29.18 },
					{ "time": 1.5666, "angle": 0 }
				],
				"translate": [
					{ "time": 0, "x": 0, "y": 0, "curve": "stepped" },
					{ "time": 1.5666, "x": 0, "y": 0 }
				]
			},
			"cs3_4": {
				"rotate": [
					{ "time": 0, "angle": 0 },
					{ "time": 0.5, "angle": -29.18 },
					{ "time": 1.5666, "angle": 0 }
				],
				"translate": [
					{ "time": 0, "x": 0, "y": 0, "curve": "stepped" },
					{ "time": 1.5666, "x": 0, "y": 0 }
				]
			},
			"cs3_3": {
				"rotate": [
					{ "time": 0, "angle": 0 },
					{ "time": 0.5, "angle": -29.18 },
					{ "time": 1.5666, "angle": 0 }
				],
				"translate": [
					{ "time": 0, "x": 0, "y": 0, "curve": "stepped" },
					{ "time": 1.5666, "x": 0, "y": 0 }
				]
			},
			"cs3_2": {
				"rotate": [
					{ "time": 0, "angle": 0 },
					{ "time": 0.5, "angle": -29.18 },
					{ "time": 1.5666, "angle": 0 }
				],
				"translate": [
					{ "time": 0, "x": 0, "y": 0, "curve": "stepped" },
					{ "time": 1.5666, "x": 0, "y": 0 }
				]
			},
			"cs2_6": {
				"rotate": [
					{ "time": 0, "angle": 0 },
					{ "time": 0.5, "angle": 107.17 },
					{ "time": 1.5666, "angle": 0 }
				],
				"translate": [
					{ "time": 0, "x": 0, "y": 0, "curve": "stepped" },
					{ "time": 1.5666, "x": 0, "y": 0 }
				]
			},
			"cs2_5": {
				"rotate": [
					{ "time": 0, "angle": 0 },
					{ "time": 0.5, "angle": 30.31 },
					{ "time": 1.5666, "angle": 0 }
				],
				"translate": [
					{ "time": 0, "x": 0, "y": 0, "curve": "stepped" },
					{ "time": 1.5666, "x": 0, "y": 0 }
				]
			},
			"cs2_4": {
				"rotate": [
					{ "time": 0, "angle": 0 },
					{ "time": 0.5, "angle": 20.23 },
					{ "time": 1.5666, "angle": 0 }
				],
				"translate": [
					{ "time": 0, "x": 0, "y": 0, "curve": "stepped" },
					{ "time": 1.5666, "x": 0, "y": 0 }
				]
			},
			"cs2_3": {
				"rotate": [
					{ "time": 0, "angle": 0 },
					{ "time": 0.5, "angle": 7.49 },
					{ "time": 1.5666, "angle": 0 }
				],
				"translate": [
					{ "time": 0, "x": 0, "y": 0, "curve": "stepped" },
					{ "time": 1.5666, "x": 0, "y": 0 }
				]
			},
			"cs2_2": {
				"rotate": [
					{ "time": 0, "angle": 0 },
					{ "time": 0.5, "angle": 7.49 },
					{ "time": 1.5666, "angle": 0 }
				],
				"translate": [
					{ "time": 0, "x": 0, "y": 0, "curve": "stepped" },
					{ "time": 1.5666, "x": 0, "y": 0 }
				]
			},
			"cs1_4": {
				"rotate": [
					{ "time": 0, "angle": 0 },
					{ "time": 0.5, "angle": 32.4 },
					{ "time": 1.5666, "angle": 0 }
				],
				"translate": [
					{ "time": 0, "x": 0, "y": 0, "curve": "stepped" },
					{ "time": 1.5666, "x": 0, "y": 0 }
				]
			},
			"cs1_3": {
				"rotate": [
					{ "time": 0, "angle": 0 },
					{ "time": 0.5, "angle": 32.4 },
					{ "time": 1.5666, "angle": 0 }
				],
				"translate": [
					{ "time": 0, "x": 0, "y": 0, "curve": "stepped" },
					{ "time": 1.5666, "x": 0, "y": 0 }
				]
			},
			"cs1_2": {
				"rotate": [
					{ "time": 0, "angle": 0 },
					{ "time": 0.5, "angle": 32.4 },
					{ "time": 1.5666, "angle": 0 }
				],
				"translate": [
					{ "time": 0, "x": 0, "y": 0, "curve": "stepped" },
					{ "time": 1.5666, "x": 0, "y": 0 }
				]
			}
		},
		"events": [
			{ "time": 0.0666, "name": "damage_point" }
		]
	},
	"normal": {
		"slots": {
			"Gun_L": {
				"attachment": [
					{ "time": 0, "name": null }
				]
			},
			"Light_Body": {
				"attachment": [
					{ "time": 0, "name": null },
					{ "time": 2, "name": null }
				]
			},
			"head_light": {
				"attachment": [
					{ "time": 0, "name": null }
				]
			}
		},
		"bones": {
			"girl": {
				"rotate": [
					{ "time": 0, "angle": 0 },
					{ "time": 1, "angle": -356.55 },
					{ "time": 2, "angle": 0 }
				],
				"translate": [
					{ "time": 0, "x": 0, "y": 0, "curve": "stepped" },
					{ "time": 2, "x": 0, "y": 0 }
				]
			},
			"Smoke_L2": {
				"rotate": [
					{ "time": 0, "angle": 0, "curve": "stepped" },
					{ "time": 2, "angle": 0 }
				],
				"translate": [
					{ "time": 0, "x": 0, "y": 0, "curve": "stepped" },
					{ "time": 2, "x": 0, "y": 0 }
				]
			},
			"Root_All": {
				"rotate": [
					{ "time": 0, "angle": 0, "curve": "stepped" },
					{ "time": 2, "angle": 0 }
				],
				"translate": [
					{
						"time": 0,
						"x": 0,
						"y": 0,
						"curve": [ 0.255, 0.35, 0.6, 0.7 ]
					},
					{
						"time": 0.5,
						"x": 0,
						"y": -9.82,
						"curve": [ 0.3, 0.39, 0.641, 0.74 ]
					},
					{
						"time": 1,
						"x": 0,
						"y": -15.66,
						"curve": [ 0.322, 0.37, 0.652, 0.7 ]
					},
					{
						"time": 1.5,
						"x": 0,
						"y": -7.79,
						"curve": [ 0.314, 0.36, 0.644, 0.68 ]
					},
					{ "time": 2, "x": 0, "y": 0 }
				]
			},
			"Antiaircraft": {
				"rotate": [
					{ "time": 0, "angle": 0, "curve": "stepped" },
					{ "time": 2, "angle": 0 }
				],
				"translate": [
					{ "time": 0, "x": 0, "y": 0, "curve": "stepped" },
					{ "time": 2, "x": 0, "y": 0 }
				]
			},
			"Dialogue": {
				"rotate": [
					{ "time": 0, "angle": 0, "curve": "stepped" },
					{ "time": 2, "angle": 0 }
				],
				"translate": [
					{ "time": 0, "x": 0, "y": 0, "curve": "stepped" },
					{ "time": 2, "x": 0, "y": 0 }
				]
			},
			"Smoke_L1": {
				"rotate": [
					{ "time": 0, "angle": 0, "curve": "stepped" },
					{ "time": 2, "angle": 0 }
				],
				"translate": [
					{ "time": 0, "x": 0, "y": 0, "curve": "stepped" },
					{ "time": 2, "x": 0, "y": 0 }
				]
			},
			"Expression": {
				"rotate": [
					{ "time": 0, "angle": 0, "curve": "stepped" },
					{ "time": 2, "angle": 0 }
				],
				"translate": [
					{ "time": 0, "x": 0, "y": 0, "curve": "stepped" },
					{ "time": 2, "x": 0, "y": 0 }
				]
			},
			"Attack_Point": {
				"rotate": [
					{ "time": 0, "angle": 0, "curve": "stepped" },
					{ "time": 2, "angle": 0 }
				],
				"translate": [
					{ "time": 0, "x": 0, "y": 0, "curve": "stepped" },
					{ "time": 2, "x": 0, "y": 0 }
				]
			},
			"Smoke_R1": {
				"rotate": [
					{ "time": 0, "angle": 0, "curve": "stepped" },
					{ "time": 2, "angle": 0 }
				],
				"translate": [
					{ "time": 0, "x": 0, "y": 0, "curve": "stepped" },
					{ "time": 2, "x": 0, "y": 0 }
				]
			},
			"Throw_Point": {
				"rotate": [
					{ "time": 0, "angle": 0, "curve": "stepped" },
					{ "time": 2, "angle": 0 }
				],
				"translate": [
					{ "time": 0, "x": 0, "y": 0, "curve": "stepped" },
					{ "time": 2, "x": 0, "y": 0 }
				]
			},
			"Body": {
				"rotate": [
					{ "time": 0, "angle": 0, "curve": "stepped" },
					{ "time": 2, "angle": 0 }
				],
				"translate": [
					{ "time": 0, "x": 0, "y": 0, "curve": "stepped" },
					{ "time": 2, "x": 0, "y": 0 }
				]
			},
			"Ship_All": {
				"rotate": [
					{ "time": 0, "angle": 0, "curve": "stepped" },
					{ "time": 2, "angle": 0 }
				],
				"translate": [
					{ "time": 0, "x": 0, "y": 0, "curve": "stepped" },
					{ "time": 2, "x": 0, "y": 0 }
				]
			},
			"Damage_Point": {
				"rotate": [
					{ "time": 0, "angle": 0, "curve": "stepped" },
					{ "time": 2, "angle": 0 }
				],
				"translate": [
					{ "time": 0, "x": 0, "y": 0, "curve": "stepped" },
					{ "time": 2, "x": 0, "y": 0 }
				]
			},
			"GUN": {
				"rotate": [
					{ "time": 0, "angle": 0 },
					{ "time": 1, "angle": 7.46 },
					{ "time": 2, "angle": 0 }
				],
				"translate": [
					{ "time": 0, "x": 0, "y": 0 },
					{ "time": 1, "x": 3.29, "y": 0 },
					{ "time": 2, "x": 0, "y": 0 }
				]
			},
			"tail": {
				"rotate": [
					{ "time": 0, "angle": 0 },
					{ "time": 0.6666, "angle": 31.09 },
					{ "time": 1.3333, "angle": -49.55 },
					{ "time": 2, "angle": 0 }
				],
				"translate": [
					{ "time": 0, "x": 0, "y": 0, "curve": "stepped" },
					{ "time": 2, "x": 0, "y": 0 }
				]
			},
			"tail5": {
				"rotate": [
					{ "time": 0, "angle": 0 },
					{ "time": 0.6666, "angle": -10.99 },
					{ "time": 1.3333, "angle": 41.76 },
					{ "time": 2, "angle": 0 }
				],
				"translate": [
					{ "time": 0, "x": 0, "y": 0, "curve": "stepped" },
					{ "time": 2, "x": 0, "y": 0 }
				]
			},
			"tail4": {
				"rotate": [
					{ "time": 0, "angle": 0 },
					{ "time": 0.6666, "angle": -3.35 },
					{ "time": 1.3333, "angle": 33.04 },
					{ "time": 2, "angle": 0 }
				],
				"translate": [
					{ "time": 0, "x": 0, "y": 0, "curve": "stepped" },
					{ "time": 2, "x": 0, "y": 0 }
				]
			},
			"tail3": {
				"rotate": [
					{ "time": 0, "angle": 0 },
					{ "time": 0.6666, "angle": -2.76 },
					{ "time": 1.3333, "angle": 40.57 },
					{ "time": 2, "angle": 0 }
				],
				"translate": [
					{ "time": 0, "x": 0, "y": 0, "curve": "stepped" },
					{ "time": 2, "x": 0, "y": 0 }
				]
			},
			"tail2": {
				"rotate": [
					{ "time": 0, "angle": 0 },
					{ "time": 0.6666, "angle": 5.04 },
					{ "time": 1.3333, "angle": 41.93 },
					{ "time": 2, "angle": 0 }
				],
				"translate": [
					{ "time": 0, "x": 0, "y": 0, "curve": "stepped" },
					{ "time": 2, "x": 0, "y": 0 }
				]
			},
			"head": {
				"rotate": [
					{ "time": 0, "angle": 0 },
					{ "time": 1, "angle": -0.55 },
					{ "time": 2, "angle": 0 }
				],
				"translate": [
					{ "time": 0, "x": 0, "y": 0 },
					{ "time": 1, "x": 1.64, "y": -0.07 },
					{ "time": 2, "x": 0, "y": 0 }
				]
			},
			"cs3_1": {
				"rotate": [
					{ "time": 0, "angle": 0 },
					{ "time": 0.6666, "angle": 5.15 },
					{ "time": 2, "angle": 0 }
				],
				"translate": [
					{ "time": 0, "x": 0, "y": 0, "curve": "stepped" },
					{ "time": 2, "x": 0, "y": 0 }
				]
			},
			"cs3_6": {
				"rotate": [
					{ "time": 0, "angle": 0 },
					{ "time": 0.6666, "angle": 20.41 },
					{ "time": 1.3333, "angle": 51.61 },
					{ "time": 2, "angle": 0 }
				],
				"translate": [
					{ "time": 0, "x": 0, "y": 0, "curve": "stepped" },
					{ "time": 2, "x": 0, "y": 0 }
				]
			},
			"cs3_5": {
				"rotate": [
					{ "time": 0, "angle": 0 },
					{ "time": 0.6666, "angle": 57.03 },
					{ "time": 1.3333, "angle": 70.9 },
					{ "time": 2, "angle": 0 }
				],
				"translate": [
					{ "time": 0, "x": 0, "y": 0, "curve": "stepped" },
					{ "time": 2, "x": 0, "y": 0 }
				]
			},
			"cs3_4": {
				"rotate": [
					{ "time": 0, "angle": 0 },
					{ "time": 0.6666, "angle": 46.12 },
					{ "time": 1.3333, "angle": 50.74 },
					{ "time": 2, "angle": 0 }
				],
				"translate": [
					{ "time": 0, "x": 0, "y": 0, "curve": "stepped" },
					{ "time": 2, "x": 0, "y": 0 }
				]
			},
			"cs3_3": {
				"rotate": [
					{ "time": 0, "angle": 0 },
					{ "time": 0.6666, "angle": 19.27 },
					{ "time": 1.3333, "angle": 42.98 },
					{ "time": 2, "angle": 0 }
				],
				"translate": [
					{ "time": 0, "x": 0, "y": 0, "curve": "stepped" },
					{ "time": 2, "x": 0, "y": 0 }
				]
			},
			"cs3_2": {
				"rotate": [
					{ "time": 0, "angle": 0 },
					{ "time": 0.6666, "angle": 20.29 },
					{ "time": 1.3333, "angle": -92.08 },
					{ "time": 2, "angle": 0 }
				],
				"translate": [
					{ "time": 0, "x": 0, "y": 0, "curve": "stepped" },
					{ "time": 2, "x": 0, "y": 0 }
				]
			},
			"cs2_1": {
				"rotate": [
					{ "time": 0, "angle": 0 },
					{ "time": 0.6666, "angle": -17.57 },
					{ "time": 1.3333, "angle": 39.07 },
					{ "time": 2, "angle": 0 }
				],
				"translate": [
					{ "time": 0, "x": 0, "y": 0, "curve": "stepped" },
					{ "time": 2, "x": 0, "y": 0 }
				]
			},
			"cs2_6": {
				"rotate": [
					{ "time": 0, "angle": 0 },
					{ "time": 0.6666, "angle": 49.03 },
					{ "time": 1.3333, "angle": -6.61 },
					{ "time": 2, "angle": 0 }
				],
				"translate": [
					{ "time": 0, "x": 0, "y": 0, "curve": "stepped" },
					{ "time": 2, "x": 0, "y": 0 }
				]
			},
			"cs2_5": {
				"rotate": [
					{ "time": 0, "angle": 0 },
					{ "time": 0.6666, "angle": -1.96 },
					{ "time": 1.3333, "angle": -50.8 },
					{ "time": 2, "angle": 0 }
				],
				"translate": [
					{ "time": 0, "x": 0, "y": 0, "curve": "stepped" },
					{ "time": 2, "x": 0, "y": 0 }
				]
			},
			"cs2_4": {
				"rotate": [
					{ "time": 0, "angle": 0 },
					{ "time": 0.6666, "angle": 2.57 },
					{ "time": 1.3333, "angle": -36.89 },
					{ "time": 2, "angle": 0 }
				],
				"translate": [
					{ "time": 0, "x": 0, "y": 0, "curve": "stepped" },
					{ "time": 2, "x": 0, "y": 0 }
				]
			},
			"cs2_3": {
				"rotate": [
					{ "time": 0, "angle": 0 },
					{ "time": 0.6666, "angle": 3.06 },
					{ "time": 1.3333, "angle": -31.53 },
					{ "time": 2, "angle": 0 }
				],
				"translate": [
					{ "time": 0, "x": 0, "y": 0, "curve": "stepped" },
					{ "time": 2, "x": 0, "y": 0 }
				]
			},
			"cs2_2": {
				"rotate": [
					{ "time": 0, "angle": 0 },
					{ "time": 0.6666, "angle": -33.21 },
					{ "time": 1.3333, "angle": -29.89 },
					{ "time": 2, "angle": 0 }
				],
				"translate": [
					{ "time": 0, "x": 0, "y": 0, "curve": "stepped" },
					{ "time": 2, "x": 0, "y": 0 }
				]
			},
			"cs1_1": {
				"rotate": [
					{ "time": 0, "angle": 0 },
					{ "time": 0.6666, "angle": -326.72 },
					{ "time": 1.3333, "angle": 1.9 },
					{ "time": 2, "angle": 0 }
				],
				"translate": [
					{ "time": 0, "x": 0, "y": 0 },
					{ "time": 0.6666, "x": 1.59, "y": 1.29 },
					{ "time": 1.3333, "x": 1.71, "y": -1.58 },
					{ "time": 2, "x": 0, "y": 0 }
				]
			},
			"cs1_4": {
				"rotate": [
					{ "time": 0, "angle": 0 },
					{ "time": 0.6666, "angle": -66.21 },
					{ "time": 1.3333, "angle": -62.95 },
					{ "time": 2, "angle": 0 }
				],
				"translate": [
					{ "time": 0, "x": 0, "y": 0, "curve": "stepped" },
					{ "time": 2, "x": 0, "y": 0 }
				]
			},
			"cs1_3": {
				"rotate": [
					{ "time": 0, "angle": 0 },
					{ "time": 0.6666, "angle": -68.22 },
					{ "time": 1.3333, "angle": -65.25 },
					{ "time": 2, "angle": 0 }
				],
				"translate": [
					{ "time": 0, "x": 0, "y": 0, "curve": "stepped" },
					{ "time": 2, "x": 0, "y": 0 }
				]
			},
			"cs1_2": {
				"rotate": [
					{ "time": 0, "angle": 0 },
					{ "time": 0.6666, "angle": -20.24 },
					{ "time": 1.3333, "angle": -34.23 },
					{ "time": 2, "angle": 0 }
				],
				"translate": [
					{ "time": 0, "x": 0, "y": 0, "curve": "stepped" },
					{ "time": 2, "x": 0, "y": 0 }
				]
			},
			"Driver": {
				"rotate": [
					{ "time": 0, "angle": 0, "curve": "stepped" },
					{ "time": 2, "angle": 0 }
				],
				"translate": [
					{ "time": 0, "x": 0, "y": 0 },
					{ "time": 1, "x": -9.06, "y": 0 },
					{ "time": 2, "x": 0, "y": 0 }
				]
			}
		}
	},
	"throw": {
		"slots": {
			"Gun_L": {
				"attachment": [
					{ "time": 0, "name": "gun_light" }
				],
				"color": [
					{ "time": 0, "color": "ffffff00", "curve": "stepped" },
					{ "time": 0.5, "color": "ffffff00" },
					{ "time": 0.6666, "color": "ffffffff", "curve": "stepped" },
					{ "time": 1, "color": "ffffffff" },
					{ "time": 1.1666, "color": "ffffff00", "curve": "stepped" },
					{ "time": 1.4666, "color": "ffffff00", "curve": "stepped" },
					{ "time": 1.5, "color": "ffffff00" }
				]
			},
			"Light_Body": {
				"attachment": [
					{ "time": 0, "name": "Rodney_ship_body_normal_light" },
					{ "time": 1.3333, "name": null },
					{ "time": 1.5, "name": null }
				],
				"color": [
					{ "time": 0, "color": "ffffff00" },
					{ "time": 0.5, "color": "ffffff03" },
					{ "time": 0.6666, "color": "ffffffff", "curve": "stepped" },
					{ "time": 1, "color": "ffffffff" },
					{ "time": 1.1666, "color": "ffffff00" }
				]
			},
			"head_light": {
				"color": [
					{ "time": 0, "color": "ffffff00", "curve": "stepped" },
					{ "time": 0.5, "color": "ffffff00" },
					{ "time": 0.6666, "color": "ffffffff", "curve": "stepped" },
					{ "time": 1, "color": "ffffffff" },
					{ "time": 1.1666, "color": "ffffff00" }
				]
			}
		},
		"bones": {
			"Root_All": {
				"rotate": [
					{ "time": 0, "angle": 0, "curve": "stepped" },
					{ "time": 1.5, "angle": 0 }
				],
				"translate": [
					{ "time": 0, "x": 0, "y": 0, "curve": "stepped" },
					{ "time": 1.5, "x": 0, "y": 0 }
				]
			},
			"Body": {
				"rotate": [
					{
						"time": 0,
						"angle": 0,
						"curve": [ 0.28, 0.34, 0.618, 0.68 ]
					},
					{
						"time": 0.8333,
						"angle": 4.43,
						"curve": [ 0.306, 0.35, 0.642, 0.68 ]
					},
					{ "time": 1.5, "angle": 0 }
				],
				"translate": [
					{
						"time": 0,
						"x": 0,
						"y": 0,
						"curve": [ 0.296, 0.34, 0.631, 0.67 ]
					},
					{
						"time": 0.5,
						"x": 11.78,
						"y": 0,
						"curve": [ 0.315, 0.34, 0.649, 0.67 ]
					},
					{
						"time": 0.8333,
						"x": -155.84,
						"y": -28.09,
						"curve": [ 0.306, 0.35, 0.642, 0.68 ]
					},
					{ "time": 1.5, "x": 0, "y": 0 }
				]
			},
			"Ship_All": {
				"rotate": [
					{ "time": 0, "angle": 0, "curve": "stepped" },
					{ "time": 1.5, "angle": 0 }
				],
				"translate": [
					{ "time": 0, "x": 0, "y": 0, "curve": "stepped" },
					{ "time": 1.5, "x": 0, "y": 0 }
				]
			},
			"Throw_Point": {
				"rotate": [
					{ "time": 0, "angle": 0, "curve": "stepped" },
					{ "time": 0.6333, "angle": 0, "curve": "stepped" },
					{ "time": 1.5, "angle": 0 }
				],
				"translate": [
					{ "time": 0, "x": 0, "y": 0, "curve": "stepped" },
					{ "time": 0.6333, "x": 0, "y": 0, "curve": "stepped" },
					{ "time": 1.5, "x": 0, "y": 0 }
				]
			},
			"Antiaircraft": {
				"rotate": [
					{ "time": 0, "angle": 0, "curve": "stepped" },
					{ "time": 1.5, "angle": 0 }
				],
				"translate": [
					{ "time": 0, "x": 0, "y": 0, "curve": "stepped" },
					{ "time": 1.5, "x": 0, "y": 0 }
				]
			},
			"Attack_Point": {
				"rotate": [
					{ "time": 0, "angle": 0, "curve": "stepped" },
					{ "time": 1.5, "angle": 0 }
				],
				"translate": [
					{ "time": 0, "x": 0, "y": 0, "curve": "stepped" },
					{ "time": 1.5, "x": 0, "y": 0 }
				]
			},
			"Damage_Point": {
				"rotate": [
					{ "time": 0, "angle": 0, "curve": "stepped" },
					{ "time": 1.5, "angle": 0 }
				],
				"translate": [
					{ "time": 0, "x": 0, "y": 0, "curve": "stepped" },
					{ "time": 1.5, "x": 0, "y": 0 }
				]
			},
			"Dialogue": {
				"rotate": [
					{ "time": 0, "angle": 0, "curve": "stepped" },
					{ "time": 1.5, "angle": 0 }
				],
				"translate": [
					{ "time": 0, "x": 0, "y": 0, "curve": "stepped" },
					{ "time": 1.5, "x": 0, "y": 0 }
				]
			},
			"Expression": {
				"rotate": [
					{ "time": 0, "angle": 0, "curve": "stepped" },
					{ "time": 1.5, "angle": 0 }
				],
				"translate": [
					{ "time": 0, "x": 0, "y": 0, "curve": "stepped" },
					{ "time": 1.5, "x": 0, "y": 0 }
				]
			},
			"Smoke_L1": {
				"rotate": [
					{ "time": 0, "angle": 0, "curve": "stepped" },
					{ "time": 1.5, "angle": 0 }
				],
				"translate": [
					{ "time": 0, "x": 0, "y": 0, "curve": "stepped" },
					{ "time": 1.5, "x": 0, "y": 0 }
				]
			},
			"Smoke_L2": {
				"rotate": [
					{ "time": 0, "angle": 0, "curve": "stepped" },
					{ "time": 1.5, "angle": 0 }
				],
				"translate": [
					{ "time": 0, "x": 0, "y": 0, "curve": "stepped" },
					{ "time": 1.5, "x": 0, "y": 0 }
				]
			},
			"Smoke_R1": {
				"rotate": [
					{ "time": 0, "angle": 0, "curve": "stepped" },
					{ "time": 1.5, "angle": 0 }
				],
				"translate": [
					{ "time": 0, "x": 0, "y": 0, "curve": "stepped" },
					{ "time": 1.5, "x": 0, "y": 0 }
				]
			},
			"girl": {
				"rotate": [
					{ "time": 0, "angle": 0 },
					{ "time": 0.5, "angle": -4.62 },
					{ "time": 0.8333, "angle": -356.82 },
					{ "time": 1.5, "angle": 0 }
				],
				"translate": [
					{ "time": 0, "x": 0, "y": 0, "curve": "stepped" },
					{ "time": 1.5, "x": 0, "y": 0 }
				]
			},
			"GUN": {
				"rotate": [
					{ "time": 0, "angle": 0 },
					{ "time": 0.5, "angle": 13.75 },
					{ "time": 0.6666, "angle": 1.27 },
					{ "time": 1, "angle": 30.91 },
					{ "time": 1.5, "angle": 0 }
				],
				"translate": [
					{ "time": 0, "x": 0, "y": 0 },
					{ "time": 0.5, "x": 0.9, "y": -1.6 },
					{ "time": 0.6666, "x": -6, "y": -29.95 },
					{ "time": 1, "x": 5.59, "y": -5.07 },
					{ "time": 1.5, "x": 0, "y": 0 }
				]
			},
			"cs3_1": {
				"rotate": [
					{ "time": 0, "angle": 0 },
					{ "time": 0.5, "angle": -278.42 },
					{ "time": 0.8, "angle": -46.3 },
					{ "time": 1, "angle": -46.49 },
					{ "time": 1.5, "angle": 0 }
				],
				"translate": [
					{ "time": 0, "x": 0, "y": 0, "curve": "stepped" },
					{ "time": 1.5, "x": 0, "y": 0 }
				]
			},
			"cs3_6": {
				"rotate": [
					{ "time": 0, "angle": 0 },
					{ "time": 0.5, "angle": 20.91 },
					{ "time": 0.8, "angle": 28.98 },
					{ "time": 1, "angle": -1.88 },
					{ "time": 1.5, "angle": 0 }
				],
				"translate": [
					{ "time": 0, "x": 0, "y": 0, "curve": "stepped" },
					{ "time": 1.5, "x": 0, "y": 0 }
				]
			},
			"cs3_5": {
				"rotate": [
					{ "time": 0, "angle": 0 },
					{ "time": 0.5, "angle": 13.57 },
					{ "time": 0.6666, "angle": 61.83 },
					{ "time": 0.8, "angle": 45.81 },
					{ "time": 1, "angle": 40.84 },
					{ "time": 1.5, "angle": 0 }
				],
				"translate": [
					{ "time": 0, "x": 0, "y": 0, "curve": "stepped" },
					{ "time": 1.5, "x": 0, "y": 0 }
				]
			},
			"cs3_4": {
				"rotate": [
					{ "time": 0, "angle": 0 },
					{ "time": 0.5, "angle": 2.52 },
					{ "time": 0.6666, "angle": 48.08 },
					{ "time": 0.8, "angle": 28.54 },
					{ "time": 1, "angle": 38.24 },
					{ "time": 1.5, "angle": 0 }
				],
				"translate": [
					{ "time": 0, "x": 0, "y": 0, "curve": "stepped" },
					{ "time": 1.5, "x": 0, "y": 0 }
				]
			},
			"cs3_3": {
				"rotate": [
					{ "time": 0, "angle": 0 },
					{ "time": 0.5, "angle": -32.27 },
					{ "time": 0.6666, "angle": 58.81 },
					{ "time": 0.8, "angle": 9.55 },
					{ "time": 1, "angle": -1.67 },
					{ "time": 1.5, "angle": 0 }
				],
				"translate": [
					{ "time": 0, "x": 0, "y": 0, "curve": "stepped" },
					{ "time": 1.5, "x": 0, "y": 0 }
				]
			},
			"cs3_2": {
				"rotate": [
					{ "time": 0, "angle": 0 },
					{ "time": 0.5, "angle": -32.34 },
					{ "time": 0.6666, "angle": 3.92 },
					{ "time": 0.8, "angle": -1.49 },
					{ "time": 1, "angle": 11.9 },
					{ "time": 1.5, "angle": 0 }
				],
				"translate": [
					{ "time": 0, "x": 0, "y": 0, "curve": "stepped" },
					{ "time": 1.5, "x": 0, "y": 0 }
				]
			},
			"cs2_1": {
				"rotate": [
					{ "time": 0, "angle": 0 },
					{ "time": 0.5, "angle": -92.11 },
					{ "time": 1, "angle": 15.58 },
					{ "time": 1.5, "angle": 0 }
				],
				"translate": [
					{ "time": 0, "x": 0, "y": 0, "curve": "stepped" },
					{ "time": 1.5, "x": 0, "y": 0 }
				]
			},
			"cs2_6": {
				"rotate": [
					{ "time": 0, "angle": 0 },
					{ "time": 0.5, "angle": 68.39 },
					{ "time": 0.8333, "angle": 19.83 },
					{ "time": 1, "angle": 19.51 },
					{ "time": 1.5, "angle": 0 }
				],
				"translate": [
					{ "time": 0, "x": 0, "y": 0, "curve": "stepped" },
					{ "time": 1.5, "x": 0, "y": 0 }
				]
			},
			"cs2_5": {
				"rotate": [
					{ "time": 0, "angle": 0 },
					{ "time": 0.5, "angle": -12.59 },
					{ "time": 0.8333, "angle": -52.66 },
					{ "time": 1, "angle": -34.86 },
					{ "time": 1.5, "angle": 0 }
				],
				"translate": [
					{ "time": 0, "x": 0, "y": 0, "curve": "stepped" },
					{ "time": 1.5, "x": 0, "y": 0 }
				]
			},
			"cs2_4": {
				"rotate": [
					{ "time": 0, "angle": 0 },
					{ "time": 0.5, "angle": -13.82 },
					{ "time": 0.8333, "angle": -33.17 },
					{ "time": 1, "angle": -20.24 },
					{ "time": 1.5, "angle": 0 }
				],
				"translate": [
					{ "time": 0, "x": 0, "y": 0, "curve": "stepped" },
					{ "time": 1.5, "x": 0, "y": 0 }
				]
			},
			"cs2_3": {
				"rotate": [
					{ "time": 0, "angle": 0 },
					{ "time": 0.5, "angle": -22.43 },
					{ "time": 0.8333, "angle": -30.12 },
					{ "time": 1, "angle": -17.95 },
					{ "time": 1.5, "angle": 0 }
				],
				"translate": [
					{ "time": 0, "x": 0, "y": 0, "curve": "stepped" },
					{ "time": 1.5, "x": 0, "y": 0 }
				]
			},
			"cs2_2": {
				"rotate": [
					{ "time": 0, "angle": 0 },
					{ "time": 0.8333, "angle": 70.44 },
					{ "time": 1, "angle": 3.87 },
					{ "time": 1.5, "angle": 0 }
				],
				"translate": [
					{ "time": 0, "x": 0, "y": 0, "curve": "stepped" },
					{ "time": 1.5, "x": 0, "y": 0 }
				]
			},
			"cs1_1": {
				"rotate": [
					{ "time": 0, "angle": 0 },
					{ "time": 0.5, "angle": -273.71 },
					{ "time": 0.8333, "angle": -45.48 },
					{ "time": 1, "angle": -48 },
					{ "time": 1.5, "angle": 0 }
				],
				"translate": [
					{ "time": 0, "x": 0, "y": 0 },
					{ "time": 0.5, "x": 0.81, "y": 2.62 },
					{ "time": 0.8333, "x": -0.09, "y": -2.46 },
					{ "time": 1.5, "x": 0, "y": 0 }
				]
			},
			"cs1_4": {
				"rotate": [
					{ "time": 0, "angle": 0 },
					{ "time": 0.5, "angle": -73.4 },
					{ "time": 0.8333, "angle": -4.92 },
					{ "time": 1, "angle": -34.92 },
					{ "time": 1.5, "angle": 0 }
				],
				"translate": [
					{ "time": 0, "x": 0, "y": 0, "curve": "stepped" },
					{ "time": 1.5, "x": 0, "y": 0 }
				]
			},
			"cs1_3": {
				"rotate": [
					{ "time": 0, "angle": 0 },
					{ "time": 0.5, "angle": -98.85 },
					{ "time": 0.8333, "angle": -26.1 },
					{ "time": 1, "angle": -32.87 },
					{ "time": 1.5, "angle": 0 }
				],
				"translate": [
					{ "time": 0, "x": 0, "y": 0, "curve": "stepped" },
					{ "time": 1.5, "x": 0, "y": 0 }
				]
			},
			"cs1_2": {
				"rotate": [
					{ "time": 0, "angle": 0 },
					{ "time": 0.5, "angle": -48.87 },
					{ "time": 0.8333, "angle": -24.07 },
					{ "time": 1.5, "angle": 0 }
				],
				"translate": [
					{ "time": 0, "x": 0, "y": 0, "curve": "stepped" },
					{ "time": 1.5, "x": 0, "y": 0 }
				]
			},
			"tail": {
				"rotate": [
					{ "time": 0, "angle": 0 },
					{ "time": 0.5, "angle": -9.85 },
					{ "time": 0.6666, "angle": -26.97 },
					{ "time": 0.8333, "angle": 41.91 },
					{ "time": 1, "angle": 36.11 },
					{ "time": 1.5, "angle": 0 }
				],
				"translate": [
					{ "time": 0, "x": 0, "y": 0 },
					{ "time": 0.5, "x": 1.2, "y": 11.5 },
					{ "time": 0.6666, "x": -5.31, "y": 12.25 },
					{ "time": 0.8333, "x": -5.79, "y": 1.17 },
					{ "time": 1.5, "x": 0, "y": 0 }
				]
			},
			"tail5": {
				"rotate": [
					{ "time": 0, "angle": 0 },
					{ "time": 0.5, "angle": -39.82 },
					{ "time": 0.8333, "angle": 55.45 },
					{ "time": 1, "angle": 66.64 },
					{ "time": 1.3333, "angle": 45.92 },
					{ "time": 1.5, "angle": 0 }
				],
				"translate": [
					{ "time": 0, "x": 0, "y": 0, "curve": "stepped" },
					{ "time": 1.5, "x": 0, "y": 0 }
				]
			},
			"tail4": {
				"rotate": [
					{ "time": 0, "angle": 0 },
					{ "time": 0.5, "angle": -27.92 },
					{ "time": 0.8333, "angle": 41.91 },
					{ "time": 1, "angle": 36.11 },
					{ "time": 1.5, "angle": 0 }
				],
				"translate": [
					{ "time": 0, "x": 0, "y": 0, "curve": "stepped" },
					{ "time": 1.5, "x": 0, "y": 0 }
				]
			},
			"tail3": {
				"rotate": [
					{ "time": 0, "angle": 0 },
					{ "time": 0.5, "angle": -23.42 },
					{ "time": 0.8333, "angle": 32.04 },
					{ "time": 1, "angle": 28.71 },
					{ "time": 1.5, "angle": 0 }
				],
				"translate": [
					{ "time": 0, "x": 0, "y": 0, "curve": "stepped" },
					{ "time": 1.5, "x": 0, "y": 0 }
				]
			},
			"tail2": {
				"rotate": [
					{ "time": 0, "angle": 0 },
					{ "time": 0.5, "angle": -8.61 },
					{ "time": 0.8333, "angle": 41.91 },
					{ "time": 1, "angle": 36.11 },
					{ "time": 1.5, "angle": 0 }
				],
				"translate": [
					{ "time": 0, "x": 0, "y": 0, "curve": "stepped" },
					{ "time": 1.5, "x": 0, "y": 0 }
				]
			},
			"Driver": {
				"rotate": [
					{ "time": 0, "angle": 0 },
					{ "time": 0.5, "angle": -19.63 },
					{ "time": 1, "angle": -15.18 },
					{ "time": 1.5, "angle": 0 }
				],
				"translate": [
					{ "time": 0, "x": 0, "y": 0 },
					{ "time": 0.5, "x": 0.25, "y": 5.34 },
					{ "time": 1, "x": -4.48, "y": -6.34 },
					{ "time": 1.5, "x": 0, "y": 0 }
				]
			},
			"head": {
				"rotate": [
					{ "time": 0, "angle": 0 },
					{ "time": 0.5, "angle": 6.59 },
					{ "time": 0.8333, "angle": -6.75 },
					{ "time": 1.5, "angle": 0 }
				],
				"translate": [
					{ "time": 0, "x": 0, "y": 0, "curve": "stepped" },
					{ "time": 1.5, "x": 0, "y": 0 }
				]
			}
		},
		"events": [
			{ "time": 0.6333, "name": "throw_point" }
		]
	},
	"wreck": {
		"slots": {
			"Gun_L": {
				"attachment": [
					{ "time": 0, "name": null }
				]
			},
			"Light_Body": {
				"attachment": [
					{ "time": 0, "name": null },
					{ "time": 2, "name": null }
				]
			},
			"head_light": {
				"attachment": [
					{ "time": 0, "name": null }
				]
			}
		},
		"bones": {
			"Body": {
				"rotate": [
					{ "time": 0, "angle": 0, "curve": "stepped" },
					{ "time": 2, "angle": 0 }
				],
				"translate": [
					{ "time": 0, "x": 0, "y": 0, "curve": "stepped" },
					{ "time": 2, "x": 0, "y": 0 }
				]
			},
			"cs2_6": {
				"rotate": [
					{ "time": 0, "angle": 0 },
					{ "time": 0.6666, "angle": 49.03 },
					{ "time": 1.3333, "angle": -6.61 },
					{ "time": 2, "angle": 0 }
				],
				"translate": [
					{ "time": 0, "x": 0, "y": 0, "curve": "stepped" },
					{ "time": 2, "x": 0, "y": 0 }
				]
			},
			"head": {
				"rotate": [
					{ "time": 0, "angle": 0 },
					{ "time": 1, "angle": -0.55 },
					{ "time": 2, "angle": 0 }
				],
				"translate": [
					{ "time": 0, "x": 0, "y": 0 },
					{ "time": 1, "x": 1.64, "y": -0.07 },
					{ "time": 2, "x": 0, "y": 0 }
				]
			},
			"cs1_1": {
				"rotate": [
					{ "time": 0, "angle": 0 },
					{ "time": 0.6666, "angle": -326.72 },
					{ "time": 1.3333, "angle": 1.9 },
					{ "time": 2, "angle": 0 }
				],
				"translate": [
					{ "time": 0, "x": 0, "y": 0 },
					{ "time": 0.6666, "x": 1.59, "y": 1.29 },
					{ "time": 1.3333, "x": 1.71, "y": -1.58 },
					{ "time": 2, "x": 0, "y": 0 }
				]
			},
			"tail4": {
				"rotate": [
					{ "time": 0, "angle": 0 },
					{ "time": 0.6666, "angle": -3.35 },
					{ "time": 1.3333, "angle": 33.04 },
					{ "time": 2, "angle": 0 }
				],
				"translate": [
					{ "time": 0, "x": 0, "y": 0, "curve": "stepped" },
					{ "time": 2, "x": 0, "y": 0 }
				]
			},
			"cs1_3": {
				"rotate": [
					{ "time": 0, "angle": 0 },
					{ "time": 0.6666, "angle": -68.22 },
					{ "time": 1.3333, "angle": -65.25 },
					{ "time": 2, "angle": 0 }
				],
				"translate": [
					{ "time": 0, "x": 0, "y": 0, "curve": "stepped" },
					{ "time": 2, "x": 0, "y": 0 }
				]
			},
			"cs3_1": {
				"rotate": [
					{ "time": 0, "angle": 0 },
					{ "time": 0.6666, "angle": 5.15 },
					{ "time": 2, "angle": 0 }
				],
				"translate": [
					{ "time": 0, "x": 0, "y": 0, "curve": "stepped" },
					{ "time": 2, "x": 0, "y": 0 }
				]
			},
			"GUN": {
				"rotate": [
					{ "time": 0, "angle": 0 },
					{ "time": 1, "angle": 7.46 },
					{ "time": 2, "angle": 0 }
				],
				"translate": [
					{ "time": 0, "x": 0, "y": 0 },
					{ "time": 1, "x": 3.29, "y": 0 },
					{ "time": 2, "x": 0, "y": 0 }
				]
			},
			"cs2_2": {
				"rotate": [
					{ "time": 0, "angle": 0 },
					{ "time": 0.6666, "angle": -33.21 },
					{ "time": 1.3333, "angle": -29.89 },
					{ "time": 2, "angle": 0 }
				],
				"translate": [
					{ "time": 0, "x": 0, "y": 0, "curve": "stepped" },
					{ "time": 2, "x": 0, "y": 0 }
				]
			},
			"Smoke_L1": {
				"rotate": [
					{ "time": 0, "angle": 0, "curve": "stepped" },
					{ "time": 2, "angle": 0 }
				],
				"translate": [
					{ "time": 0, "x": 0, "y": 0, "curve": "stepped" },
					{ "time": 2, "x": 0, "y": 0 }
				]
			},
			"Driver": {
				"rotate": [
					{ "time": 0, "angle": 0, "curve": "stepped" },
					{ "time": 2, "angle": 0 }
				],
				"translate": [
					{ "time": 0, "x": 0, "y": 0 },
					{ "time": 1, "x": -9.06, "y": 0 },
					{ "time": 2, "x": 0, "y": 0 }
				]
			},
			"cs1_2": {
				"rotate": [
					{ "time": 0, "angle": 0 },
					{ "time": 0.6666, "angle": -20.24 },
					{ "time": 1.3333, "angle": -34.23 },
					{ "time": 2, "angle": 0 }
				],
				"translate": [
					{ "time": 0, "x": 0, "y": 0, "curve": "stepped" },
					{ "time": 2, "x": 0, "y": 0 }
				]
			},
			"Root_All": {
				"rotate": [
					{ "time": 0, "angle": 0, "curve": "stepped" },
					{ "time": 2, "angle": 0 }
				],
				"translate": [
					{
						"time": 0,
						"x": 0,
						"y": 0,
						"curve": [ 0.255, 0.35, 0.6, 0.7 ]
					},
					{
						"time": 0.5,
						"x": 0,
						"y": -9.82,
						"curve": [ 0.3, 0.39, 0.641, 0.74 ]
					},
					{
						"time": 1,
						"x": 0,
						"y": -15.66,
						"curve": [ 0.322, 0.37, 0.652, 0.7 ]
					},
					{
						"time": 1.5,
						"x": 0,
						"y": -7.79,
						"curve": [ 0.314, 0.36, 0.644, 0.68 ]
					},
					{ "time": 2, "x": 0, "y": 0 }
				]
			},
			"Ship_All": {
				"rotate": [
					{ "time": 0, "angle": 0, "curve": "stepped" },
					{ "time": 2, "angle": 0 }
				],
				"translate": [
					{ "time": 0, "x": 0, "y": 0, "curve": "stepped" },
					{ "time": 2, "x": 0, "y": 0 }
				]
			},
			"cs2_1": {
				"rotate": [
					{ "time": 0, "angle": 0 },
					{ "time": 0.6666, "angle": -17.57 },
					{ "time": 1.3333, "angle": 39.07 },
					{ "time": 2, "angle": 0 }
				],
				"translate": [
					{ "time": 0, "x": 0, "y": 0, "curve": "stepped" },
					{ "time": 2, "x": 0, "y": 0 }
				]
			},
			"cs1_4": {
				"rotate": [
					{ "time": 0, "angle": 0 },
					{ "time": 0.6666, "angle": -66.21 },
					{ "time": 1.3333, "angle": -62.95 },
					{ "time": 2, "angle": 0 }
				],
				"translate": [
					{ "time": 0, "x": 0, "y": 0, "curve": "stepped" },
					{ "time": 2, "x": 0, "y": 0 }
				]
			},
			"Attack_Point": {
				"rotate": [
					{ "time": 0, "angle": 0, "curve": "stepped" },
					{ "time": 2, "angle": 0 }
				],
				"translate": [
					{ "time": 0, "x": 0, "y": 0, "curve": "stepped" },
					{ "time": 2, "x": 0, "y": 0 }
				]
			},
			"cs2_4": {
				"rotate": [
					{ "time": 0, "angle": 0 },
					{ "time": 0.6666, "angle": 2.57 },
					{ "time": 1.3333, "angle": -36.89 },
					{ "time": 2, "angle": 0 }
				],
				"translate": [
					{ "time": 0, "x": 0, "y": 0, "curve": "stepped" },
					{ "time": 2, "x": 0, "y": 0 }
				]
			},
			"Antiaircraft": {
				"rotate": [
					{ "time": 0, "angle": 0, "curve": "stepped" },
					{ "time": 2, "angle": 0 }
				],
				"translate": [
					{ "time": 0, "x": 0, "y": 0, "curve": "stepped" },
					{ "time": 2, "x": 0, "y": 0 }
				]
			},
			"girl": {
				"rotate": [
					{ "time": 0, "angle": 0 },
					{ "time": 1, "angle": -356.55 },
					{ "time": 2, "angle": 0 }
				],
				"translate": [
					{ "time": 0, "x": 0, "y": 0, "curve": "stepped" },
					{ "time": 2, "x": 0, "y": 0 }
				]
			},
			"tail": {
				"rotate": [
					{ "time": 0, "angle": 0 },
					{ "time": 1.3333, "angle": -49.55 },
					{ "time": 2, "angle": 0 }
				],
				"translate": [
					{ "time": 0, "x": 0, "y": 0, "curve": "stepped" },
					{ "time": 2, "x": 0, "y": 0 }
				]
			},
			"cs3_3": {
				"rotate": [
					{ "time": 0, "angle": 0 },
					{ "time": 0.6666, "angle": 19.27 },
					{ "time": 1.3333, "angle": 42.98 },
					{ "time": 2, "angle": 0 }
				],
				"translate": [
					{ "time": 0, "x": 0, "y": 0, "curve": "stepped" },
					{ "time": 2, "x": 0, "y": 0 }
				]
			},
			"Throw_Point": {
				"rotate": [
					{ "time": 0, "angle": 0, "curve": "stepped" },
					{ "time": 2, "angle": 0 }
				],
				"translate": [
					{ "time": 0, "x": 0, "y": 0, "curve": "stepped" },
					{ "time": 2, "x": 0, "y": 0 }
				]
			},
			"cs3_4": {
				"rotate": [
					{ "time": 0, "angle": 0 },
					{ "time": 0.6666, "angle": 46.12 },
					{ "time": 1.3333, "angle": 50.74 },
					{ "time": 2, "angle": 0 }
				],
				"translate": [
					{ "time": 0, "x": 0, "y": 0, "curve": "stepped" },
					{ "time": 2, "x": 0, "y": 0 }
				]
			},
			"cs3_6": {
				"rotate": [
					{ "time": 0, "angle": 0 },
					{ "time": 0.6666, "angle": 20.41 },
					{ "time": 1.3333, "angle": 51.61 },
					{ "time": 2, "angle": 0 }
				],
				"translate": [
					{ "time": 0, "x": 0, "y": 0, "curve": "stepped" },
					{ "time": 2, "x": 0, "y": 0 }
				]
			},
			"Expression": {
				"rotate": [
					{ "time": 0, "angle": 0, "curve": "stepped" },
					{ "time": 2, "angle": 0 }
				],
				"translate": [
					{ "time": 0, "x": 0, "y": 0, "curve": "stepped" },
					{ "time": 2, "x": 0, "y": 0 }
				]
			},
			"Dialogue": {
				"rotate": [
					{ "time": 0, "angle": 0, "curve": "stepped" },
					{ "time": 2, "angle": 0 }
				],
				"translate": [
					{ "time": 0, "x": 0, "y": 0, "curve": "stepped" },
					{ "time": 2, "x": 0, "y": 0 }
				]
			},
			"tail5": {
				"rotate": [
					{ "time": 0, "angle": 0 },
					{ "time": 0.6666, "angle": -10.99 },
					{ "time": 1.3333, "angle": 41.76 },
					{ "time": 2, "angle": 0 }
				],
				"translate": [
					{ "time": 0, "x": 0, "y": 0, "curve": "stepped" },
					{ "time": 2, "x": 0, "y": 0 }
				]
			},
			"cs2_3": {
				"rotate": [
					{ "time": 0, "angle": 0 },
					{ "time": 0.6666, "angle": 3.06 },
					{ "time": 1.3333, "angle": -31.53 },
					{ "time": 2, "angle": 0 }
				],
				"translate": [
					{ "time": 0, "x": 0, "y": 0, "curve": "stepped" },
					{ "time": 2, "x": 0, "y": 0 }
				]
			},
			"tail2": {
				"rotate": [
					{ "time": 0, "angle": 0 },
					{ "time": 0.6666, "angle": 5.04 },
					{ "time": 1.3333, "angle": 41.93 },
					{ "time": 2, "angle": 0 }
				],
				"translate": [
					{ "time": 0, "x": 0, "y": 0, "curve": "stepped" },
					{ "time": 2, "x": 0, "y": 0 }
				]
			},
			"cs3_5": {
				"rotate": [
					{ "time": 0, "angle": 0 },
					{ "time": 0.6666, "angle": 57.03 },
					{ "time": 1.3333, "angle": 70.9 },
					{ "time": 2, "angle": 0 }
				],
				"translate": [
					{ "time": 0, "x": 0, "y": 0, "curve": "stepped" },
					{ "time": 2, "x": 0, "y": 0 }
				]
			},
			"Damage_Point": {
				"rotate": [
					{ "time": 0, "angle": 0, "curve": "stepped" },
					{ "time": 2, "angle": 0 }
				],
				"translate": [
					{ "time": 0, "x": 0, "y": 0, "curve": "stepped" },
					{ "time": 2, "x": 0, "y": 0 }
				]
			},
			"cs2_5": {
				"rotate": [
					{ "time": 0, "angle": 0 },
					{ "time": 0.6666, "angle": -1.96 },
					{ "time": 1.3333, "angle": -50.8 },
					{ "time": 2, "angle": 0 }
				],
				"translate": [
					{ "time": 0, "x": 0, "y": 0, "curve": "stepped" },
					{ "time": 2, "x": 0, "y": 0 }
				]
			},
			"cs3_2": {
				"rotate": [
					{ "time": 0, "angle": 0 },
					{ "time": 0.6666, "angle": 20.29 },
					{ "time": 1.3333, "angle": -92.08 },
					{ "time": 2, "angle": 0 }
				],
				"translate": [
					{ "time": 0, "x": 0, "y": 0, "curve": "stepped" },
					{ "time": 2, "x": 0, "y": 0 }
				]
			},
			"Smoke_L2": {
				"rotate": [
					{ "time": 0, "angle": 0, "curve": "stepped" },
					{ "time": 2, "angle": 0 }
				],
				"translate": [
					{ "time": 0, "x": 0, "y": 0, "curve": "stepped" },
					{ "time": 2, "x": 0, "y": 0 }
				]
			},
			"Smoke_R1": {
				"rotate": [
					{ "time": 0, "angle": 0, "curve": "stepped" },
					{ "time": 2, "angle": 0 }
				],
				"translate": [
					{ "time": 0, "x": 0, "y": 0, "curve": "stepped" },
					{ "time": 2, "x": 0, "y": 0 }
				]
			},
			"tail3": {
				"rotate": [
					{ "time": 0, "angle": 0 },
					{ "time": 0.6666, "angle": -2.76 },
					{ "time": 1.3333, "angle": 40.57 },
					{ "time": 2, "angle": 0 }
				],
				"translate": [
					{ "time": 0, "x": 0, "y": 0, "curve": "stepped" },
					{ "time": 2, "x": 0, "y": 0 }
				]
			}
		}
	}
}
}