{
"skeleton": { "hash": "vfahv37ddYQdhgl+iGqt+6KFmUY", "spine": "2.1.27", "width": 48.42, "height": 46.9, "images": "" },
"bones": [
	{ "name": "Diamond_ring" },
	{ "name": "Diamond_ring_all", "parent": "Diamond_ring", "scaleX": 0.3, "scaleY": 0.3 },
	{ "name": "Diamond_ring_light", "parent": "Diamond_ring", "scaleX": 0.2, "scaleY": 0.2 },
	{ "name": "Diamond_ring_new", "parent": "Diamond_ring", "x": 7.67, "y": 3.45, "scaleX": 0.3, "scaleY": 0.3 },
	{ "name": "Light_large", "parent": "Diamond_ring", "scaleX": 0.3, "scaleY": 0.3 },
	{ "name": "Light_small", "parent": "Diamond_ring", "x": 17, "y": -0.24, "scaleX": 0.4, "scaleY": 0.4 },
	{ "name": "Light_small2", "parent": "Diamond_ring", "x": 17, "y": -0.24, "scaleX": 0.4, "scaleY": 0.4 },
	{ "name": "Light_small3", "parent": "Diamond_ring", "x": 17, "y": -0.24, "scaleX": 0.4, "scaleY": 0.4 }
],
"slots": [
	{ "name": "Change_picture", "bone": "Diamond_ring_all" },
	{ "name": "Change_Ball", "bone": "Diamond_ring_new" },
	{ "name": "Light_0002", "bone": "Diamond_ring_light" },
	{ "name": "Diamond_ring_light_large", "bone": "Light_large" },
	{ "name": "Diamond_ring_light_small", "bone": "Light_small", "attachment": "Light_Large" },
	{ "name": "Diamond_ring_light_small2", "bone": "Light_small2", "attachment": "Light_Large" },
	{ "name": "Diamond_ring_light_small3", "bone": "Light_small3", "attachment": "Light_Large" }
],
"skins": {
	"default": {
		"Change_Ball": {
			"Change_0000": { "width": 84, "height": 84 }
		},
		"Change_picture": {
			"Change_0001": { "width": 500, "height": 500 },
			"Change_0002": { "width": 500, "height": 500 },
			"Change_0003": { "width": 500, "height": 500 },
			"Change_0004": { "width": 500, "height": 500 },
			"Change_0005": { "width": 500, "height": 500 },
			"Change_0006": { "width": 500, "height": 500 },
			"Change_0007": { "width": 500, "height": 500 },
			"Change_0008": { "width": 500, "height": 500 },
			"Change_0009": { "width": 500, "height": 500 },
			"Change_0010": { "width": 500, "height": 500 },
			"Change_0011": { "width": 500, "height": 500 },
			"Change_0012": { "width": 500, "height": 500 },
			"Change_0013": { "width": 500, "height": 500 },
			"Change_0014": { "width": 500, "height": 500 },
			"Change_0015": { "width": 500, "height": 500 },
			"Change_0016": { "width": 500, "height": 500 },
			"Change_0017": { "width": 500, "height": 500 },
			"Change_0018": { "width": 500, "height": 500 },
			"Change_0019": { "width": 500, "height": 500 },
			"Change_0020": { "width": 500, "height": 500 },
			"Change_0021": { "width": 500, "height": 500 },
			"Change_0022": { "width": 500, "height": 500 },
			"Change_0023": { "width": 500, "height": 500 },
			"Change_0024": { "width": 500, "height": 500 },
			"Change_0025": { "width": 500, "height": 500 },
			"Change_0026": { "width": 500, "height": 500 },
			"Change_0027": { "width": 500, "height": 500 },
			"Change_0028": { "width": 500, "height": 500 },
			"Change_0029": { "width": 500, "height": 500 },
			"Change_0030": { "width": 500, "height": 500 },
			"Change_0031": { "width": 500, "height": 500 },
			"Change_0032": { "width": 500, "height": 500 },
			"Change_0033": { "width": 500, "height": 500 },
			"Change_0034": { "width": 500, "height": 500 },
			"Change_0035": { "width": 500, "height": 500 },
			"Change_0036": { "width": 500, "height": 500 },
			"Change_0037": { "width": 500, "height": 500 },
			"Change_0038": { "width": 500, "height": 500 },
			"Change_0039": { "width": 500, "height": 500 },
			"Change_0040": { "width": 500, "height": 500 },
			"Change_0041": { "width": 500, "height": 500 }
		},
		"Diamond_ring_light_large": {
			"Light_Large": { "x": -1.34, "y": -14.03, "width": 500, "height": 473 }
		},
		"Diamond_ring_light_small": {
			"Light_Large": { "x": -0.94, "y": -2.44, "scaleX": 0.2, "scaleY": 0.2, "rotation": 345, "width": 500, "height": 473 }
		},
		"Diamond_ring_light_small2": {
			"Light_Large": { "x": -0.94, "y": -2.44, "scaleX": 0.2, "scaleY": 0.2, "rotation": 345, "width": 500, "height": 473 }
		},
		"Diamond_ring_light_small3": {
			"Light_Large": { "x": -0.94, "y": -2.44, "scaleX": 0.2, "scaleY": 0.2, "rotation": 345, "width": 500, "height": 473 }
		},
		"Light_0002": {
			"Light_0002": { "width": 70, "height": 70 },
			"Light_0003": { "width": 70, "height": 70 },
			"Light_0004": { "width": 70, "height": 70 },
			"Light_0005": { "width": 70, "height": 70 },
			"Light_0006": { "width": 70, "height": 70 },
			"Light_0007": { "width": 70, "height": 70 },
			"Light_0008": { "width": 70, "height": 70 },
			"Light_0009": { "width": 70, "height": 70 },
			"Light_0010": { "width": 70, "height": 70 }
		}
	}
},
"animations": {
	"Diamond_ring_appear": {
		"slots": {
			"Change_Ball": {
				"attachment": [
					{ "time": 0, "name": null },
					{ "time": 1.3333, "name": "Change_0000" }
				]
			},
			"Change_picture": {
				"attachment": [
					{ "time": 0, "name": "Change_0001" },
					{ "time": 0.0333, "name": "Change_0002" },
					{ "time": 0.0666, "name": "Change_0003" },
					{ "time": 0.1, "name": "Change_0004" },
					{ "time": 0.1333, "name": "Change_0005" },
					{ "time": 0.1666, "name": "Change_0006" },
					{ "time": 0.2, "name": "Change_0007" },
					{ "time": 0.2333, "name": "Change_0008" },
					{ "time": 0.2666, "name": "Change_0009" },
					{ "time": 0.3, "name": "Change_0010" },
					{ "time": 0.3333, "name": "Change_0011" },
					{ "time": 0.3666, "name": "Change_0012" },
					{ "time": 0.4, "name": "Change_0013" },
					{ "time": 0.4333, "name": "Change_0014" },
					{ "time": 0.4666, "name": "Change_0015" },
					{ "time": 0.5, "name": "Change_0016" },
					{ "time": 0.5333, "name": "Change_0017" },
					{ "time": 0.5666, "name": "Change_0018" },
					{ "time": 0.6, "name": "Change_0019" },
					{ "time": 0.6333, "name": "Change_0020" },
					{ "time": 0.6666, "name": "Change_0021" },
					{ "time": 0.7, "name": "Change_0022" },
					{ "time": 0.7333, "name": "Change_0023" },
					{ "time": 0.7666, "name": "Change_0024" },
					{ "time": 0.8, "name": "Change_0025" },
					{ "time": 0.8333, "name": "Change_0026" },
					{ "time": 0.8666, "name": "Change_0027" },
					{ "time": 0.9, "name": "Change_0028" },
					{ "time": 0.9333, "name": "Change_0029" },
					{ "time": 0.9666, "name": "Change_0030" },
					{ "time": 1, "name": "Change_0031" },
					{ "time": 1.0333, "name": "Change_0032" },
					{ "time": 1.0666, "name": "Change_0033" },
					{ "time": 1.1, "name": "Change_0034" },
					{ "time": 1.1333, "name": "Change_0035" },
					{ "time": 1.1666, "name": "Change_0036" },
					{ "time": 1.2, "name": "Change_0037" },
					{ "time": 1.2333, "name": "Change_0038" },
					{ "time": 1.2666, "name": "Change_0039" },
					{ "time": 1.3, "name": "Change_0040" },
					{ "time": 1.3333, "name": "Change_0041" }
				]
			},
			"Diamond_ring_light_large": {
				"attachment": [
					{ "time": 0, "name": null },
					{ "time": 1.6666, "name": "Light_Large" },
					{ "time": 2.3666, "name": null }
				]
			},
			"Diamond_ring_light_small": {
				"attachment": [
					{ "time": 0, "name": null }
				]
			},
			"Diamond_ring_light_small2": {
				"attachment": [
					{ "time": 0, "name": null }
				]
			},
			"Diamond_ring_light_small3": {
				"attachment": [
					{ "time": 0, "name": null }
				]
			},
			"Light_0002": {
				"attachment": [
					{ "time": 0, "name": null }
				]
			}
		},
		"bones": {
			"Diamond_ring_new": {
				"translate": [
					{ "time": 0, "x": 1.2, "y": 0.06 }
				],
				"scale": [
					{
						"time": 1.3333,
						"x": 0.033,
						"y": 0.033,
						"curve": [ 0.183, 0.52, 0.544, 0.77 ]
					},
					{
						"time": 1.4,
						"x": 1.166,
						"y": 1.166,
						"curve": [ 0.619, 0.2, 0.883, 0.44 ]
					},
					{ "time": 1.5333, "x": 0.833, "y": 0.833 },
					{ "time": 1.6666, "x": 1, "y": 1 }
				]
			},
			"Diamond_ring_all": {
				"translate": [
					{ "time": 0, "x": 1.26, "y": -0.15 }
				]
			},
			"Light_large": {
				"rotate": [
					{ "time": 1.6666, "angle": 0 },
					{ "time": 2.3333, "angle": -39.81 }
				],
				"translate": [
					{ "time": 0, "x": 9.69, "y": 9.96, "curve": "stepped" },
					{ "time": 1.6666, "x": 9.69, "y": 9.96 }
				],
				"scale": [
					{ "time": 1.6666, "x": 0.066, "y": 0.066 },
					{ "time": 1.8333, "x": 1, "y": 1 },
					{ "time": 2.3333, "x": 0.066, "y": 0.066 }
				]
			},
			"Light_small": {
				"translate": [
					{ "time": 0, "x": 55.13, "y": -11.09 }
				]
			},
			"Diamond_ring_light": {
				"translate": [
					{ "time": 0, "x": 64.77, "y": 0 }
				]
			},
			"Diamond_ring": {
				"translate": [
					{ "time": 0, "x": -3.86, "y": 3.34 }
				]
			}
		}
	},
	"Diamond_ring_loop": {
		"slots": {
			"Change_Ball": {
				"attachment": [
					{ "time": 0, "name": "Change_0000" }
				]
			},
			"Change_picture": {
				"attachment": [
					{ "time": 0, "name": "Change_0041" }
				]
			},
			"Diamond_ring_light_large": {
				"attachment": [
					{ "time": 0, "name": null },
					{ "time": 4, "name": null }
				]
			},
			"Diamond_ring_light_small": {
				"attachment": [
					{ "time": 0, "name": null },
					{ "time": 0.9, "name": "Light_Large" },
					{ "time": 1.3666, "name": null }
				]
			},
			"Light_0002": {
				"attachment": [
					{ "time": 0, "name": "Light_0002" },
					{ "time": 0.0666, "name": "Light_0003" },
					{ "time": 0.1333, "name": "Light_0004" },
					{ "time": 0.2, "name": "Light_0005" },
					{ "time": 0.2666, "name": "Light_0006" },
					{ "time": 0.3333, "name": "Light_0007" },
					{ "time": 0.4, "name": "Light_0008" },
					{ "time": 0.4666, "name": "Light_0009" },
					{ "time": 0.5333, "name": "Light_0010" },
					{ "time": 0.6, "name": null }
				]
			}
		},
		"bones": {
			"Light_small": {
				"rotate": [
					{ "time": 0.9, "angle": 0 },
					{ "time": 1.3333, "angle": -52.09 }
				],
				"translate": [
					{ "time": 0, "x": -26.59, "y": 14.03, "curve": "stepped" },
					{ "time": 0.9, "x": -26.59, "y": 14.03 }
				],
				"scale": [
					{ "time": 0, "x": 0.024, "y": 0.024, "curve": "stepped" },
					{
						"time": 0.9,
						"x": 0.024,
						"y": 0.024,
						"curve": [ 0.178, 0.46, 0.565, 0.85 ]
					},
					{ "time": 1, "x": 1, "y": 1 },
					{ "time": 1.3333, "x": 0.024, "y": 0.024 }
				]
			},
			"Light_large": {
				"translate": [
					{ "time": 0, "x": 45.82, "y": 0 }
				]
			},
			"Diamond_ring_new": {
				"translate": [
					{ "time": 0, "x": 1.2, "y": 0.06 }
				]
			},
			"Diamond_ring_light": {
				"translate": [
					{ "time": 0, "x": 9.11, "y": 3.97 }
				],
				"scale": [
					{ "time": 0, "x": 1.5, "y": 1.5 }
				]
			},
			"Diamond_ring": {
				"translate": [
					{ "time": 0, "x": -3.86, "y": 3.34 }
				]
			},
			"Diamond_ring_all": {
				"translate": [
					{ "time": 0, "x": 1.26, "y": -0.15 }
				]
			},
			"Light_small2": {
				"rotate": [
					{ "time": 2.0666, "angle": 0 },
					{ "time": 2.5, "angle": -52.09 }
				],
				"translate": [
					{ "time": 0, "x": -4.47, "y": 9.75, "curve": "stepped" },
					{ "time": 2.0666, "x": -4.47, "y": 9.75 }
				],
				"scale": [
					{ "time": 0, "x": 0.024, "y": 0.024, "curve": "stepped" },
					{
						"time": 2.0666,
						"x": 0.024,
						"y": 0.024,
						"curve": [ 0.178, 0.46, 0.565, 0.85 ]
					},
					{ "time": 2.1666, "x": 1, "y": 1 },
					{ "time": 2.5, "x": 0.024, "y": 0.024 }
				]
			},
			"Light_small3": {
				"rotate": [
					{ "time": 2.9, "angle": 0 },
					{ "time": 3.3333, "angle": -52.09 }
				],
				"translate": [
					{ "time": 0, "x": -13.17, "y": -9.86, "curve": "stepped" },
					{ "time": 2.9, "x": -13.17, "y": -9.86 }
				],
				"scale": [
					{ "time": 0, "x": 0.024, "y": 0.024, "curve": "stepped" },
					{
						"time": 2.9,
						"x": 0.024,
						"y": 0.024,
						"curve": [ 0.178, 0.46, 0.565, 0.85 ]
					},
					{ "time": 3, "x": 1, "y": 1 },
					{ "time": 3.3333, "x": 0.024, "y": 0.024 }
				]
			}
		}
	}
}
}