{
"skeleton": { "hash": "5uCUGOhEsKYCXfGXicu7jdmcaRs", "spine": "3.2.01", "width": 1024, "height": 768, "images": "" },
"bones": [
	{ "name": "root" },
	{ "name": "bone", "parent": "root" },
	{ "name": "bone2", "parent": "bone", "scaleX": 2, "scaleY": 2 }
],
"slots": [
	{ "name": "light", "bone": "bone2", "attachment": "light", "blend": "additive" }
],
"skins": {
	"default": {
		"light": {
			"light": { "width": 512, "height": 384 }
		}
	}
},
"animations": {
	"normal": {
		"slots": {
			"light": {
				"color": [
					{ "time": 0, "color": "ffffffff" },
					{ "time": 1, "color": "ffffff97" },
					{ "time": 2, "color": "ffffffff" }
				]
			}
		},
		"bones": {
			"bone2": {
				"translate": [
					{ "time": 0, "x": 0, "y": 0, "curve": "stepped" },
					{ "time": 2, "x": 0, "y": 0 }
				]
			}
		}
	}
}
}