{
"skeleton": { "hash": "9V0LPa9NNzBJjG4GNRny1ptRv/U", "spine": "3.2.01", "width": 275.98, "height": 262.5, "images": "" },
"bones": [
	{ "name": "Root_All", "y": 80, "scaleX": 0.7, "scaleY": 0.7 },
	{ "name": "Ship_All", "parent": "Root_All" },
	{ "name": "Body", "parent": "Ship_All", "length": 126.21, "rotation": 90, "x": -3.75, "y": 17.87, "scaleX": 1.25, "scaleY": 1.25 },
	{ "name": "Attack_Point", "parent": "Body", "length": 25.69, "rotation": -88.64, "x": -16.04, "y": -79.82 },
	{ "name": "Damage_Point", "parent": "Body", "length": 22.56, "rotation": -90, "x": -6.22, "y": -3.02 },
	{ "name": "Items_00", "parent": "Body", "x": 3.7, "y": 61.96, "scaleY": 0.88 },
	{ "name": "Other_01", "parent": "Body", "x": -105.72, "y": -3 },
	{ "name": "Throw_Point", "parent": "Body", "length": 24.71, "rotation": -142.06, "x": -19.35, "y": 3.05 },
	{ "name": "body_new_00", "parent": "Body", "x": -14.2, "y": 12.82 },
	{ "name": "body_00_1", "parent": "body_new_00", "length": 20.9, "rotation": 135, "x": 12.59, "y": -15.61 },
	{ "name": "body_00_2", "parent": "body_00_1", "length": 17.6, "rotation": -24.2, "x": 20.9 },
	{ "name": "cap_01", "parent": "Body", "x": 50.76, "y": -10.12 },
	{ "name": "cao_01_1", "parent": "cap_01", "length": 22.08, "rotation": -166.49, "x": -7.08, "y": -21.66 },
	{ "name": "cao_01_2", "parent": "cao_01_1", "length": 20.9, "rotation": -33.39, "x": 22.08 },
	{ "name": "cap_00", "parent": "Body", "x": 54.23, "y": -18.95 },
	{ "name": "cap_00_1", "parent": "cap_00", "length": 28.87, "rotation": -1.66, "x": -42.48, "y": -0.42 },
	{ "name": "cap_00_2", "parent": "cap_00_1", "length": 30.62, "rotation": 12.15, "x": 28.87 },
	{ "name": "cap_01_1", "parent": "cap_01", "length": 17.15, "rotation": 80.41, "x": 0.39, "y": -0.01 },
	{ "name": "cap_01_2", "parent": "cap_01_1", "length": 14.72, "rotation": 21.68, "x": 17.15 },
	{ "name": "cap_01_3", "parent": "cap_01_2", "length": 14.16, "rotation": 5.75, "x": 14.72 },
	{ "name": "cap_01_4", "parent": "cap_01_3", "length": 15.55, "rotation": -30.15, "x": 14.16 },
	{ "name": "face_00", "parent": "Body", "x": 3.86, "y": -11.65 },
	{ "name": "fighters_00", "parent": "Body", "x": -3.12, "y": 16.31 },
	{ "name": "fighters_01", "parent": "Body", "x": -3.29, "y": 0.99 },
	{ "name": "fighters_02", "parent": "Body", "x": -26.81, "y": -31.41 },
	{ "name": "fighters_02_1", "parent": "fighters_02", "length": 7.55, "rotation": 155.22, "x": -0.07, "y": 0.33 },
	{ "name": "fighters_02_2", "parent": "fighters_02_1", "length": 7.56, "rotation": -4.47, "x": 7.55 },
	{ "name": "fighters_02_3", "parent": "fighters_02_2", "length": 6.95, "rotation": -2.83, "x": 7.56 },
	{ "name": "fighters_02_4", "parent": "fighters_02_3", "length": 6.32, "rotation": -6.7, "x": 6.95 },
	{ "name": "hair_00", "parent": "Body", "x": 34.75, "y": -8.74 },
	{ "name": "haie_00_1", "parent": "hair_00", "length": 15.32, "rotation": 163.63, "x": 11.23, "y": -10.78 },
	{ "name": "haie_00_2", "parent": "haie_00_1", "length": 21.89, "rotation": -10.43, "x": 15.32 },
	{ "name": "leg_new_00", "parent": "Body", "x": -21.48, "y": 20.39 },
	{ "name": "leg_00_1", "parent": "leg_new_00", "length": 20.44, "rotation": 138.01, "x": 0.32, "y": 0.59 },
	{ "name": "leg_00_2", "parent": "leg_00_1", "length": 22.54, "rotation": -6.72, "x": 20.44 },
	{ "name": "leg_new_01", "parent": "Body", "rotation": -90, "x": -28.77, "y": 13.69 },
	{ "name": "leg_01_1", "parent": "leg_new_01", "length": 12.04, "rotation": -115.64, "x": 1.82, "y": -1.4 },
	{ "name": "leg_01_2", "parent": "leg_01_1", "length": 13.11, "rotation": -3.04, "x": 12.04 },
	{ "name": "tail_00", "parent": "Body", "x": -17.43, "y": 27.1 },
	{ "name": "tail_01", "parent": "tail_00", "length": 9.44, "rotation": 90, "x": 0.28, "y": 0.36 },
	{ "name": "tail_02", "parent": "tail_01", "length": 9, "rotation": -0.56, "x": 9.44 },
	{ "name": "tail_03", "parent": "tail_02", "length": 7.39, "rotation": 1.25, "x": 9 },
	{ "name": "tail_04", "parent": "tail_03", "length": 8.82, "rotation": -0.11, "x": 7.39 },
	{ "name": "tail_05", "parent": "tail_04", "length": 7.48, "rotation": -0.57, "x": 8.82 },
	{ "name": "tail_06", "parent": "tail_05", "length": 8.11, "rotation": 1.25, "x": 7.48 },
	{ "name": "tail_07", "parent": "tail_06", "length": 9.45, "rotation": 1.44, "x": 8.11, "y": -0.08 }
],
"slots": [
	{ "name": "Other", "bone": "Items_00", "attachment": "Item_03" },
	{ "name": "Rodney_tail_normal_00", "bone": "tail_00", "attachment": "tail_00" },
	{ "name": "Rodney_leg_normal_01", "bone": "leg_new_01", "attachment": "leg_new_01" },
	{ "name": "Rodney_leg_normal", "bone": "leg_new_00", "attachment": "leg_new_00" },
	{ "name": "Rodney_body_normal", "bone": "body_new_00", "attachment": "Body_change" },
	{ "name": "Rodney_cap_normal_01", "bone": "cap_01", "attachment": "Rodney_cap_normal_01" },
	{ "name": "Rodney_face_normal_00", "bone": "face_00", "attachment": "face_00" },
	{ "name": "Rodney_hair_normal_00", "bone": "hair_00", "attachment": "hair_00" },
	{ "name": "Rodney_cap_normal_00", "bone": "cap_00", "attachment": "cap_00" },
	{ "name": "Rodney_fighters_normal_00", "bone": "fighters_00", "attachment": "fighters_00" },
	{ "name": "Rodney_fighters_normal_02", "bone": "fighters_02", "attachment": "fighters_02" },
	{ "name": "Rodney_fighters_normal_01", "bone": "fighters_01", "attachment": "fighters_01" },
	{ "name": "Rodney_body_normal_light", "bone": "Body", "attachment": "Light_change", "blend": "additive" },
	{ "name": "weapon_effect_0001", "bone": "Other_01", "attachment": "weapon_effect_0001" }
],
"skins": {
	"default": {
		"Other": {
			"Item_02": { "x": 4.57, "scaleX": 1.8, "scaleY": 1.6, "rotation": -90, "width": 17, "height": 59 },
			"Item_03": { "scaleX": 1.8, "scaleY": 1.6, "rotation": -90, "width": 15, "height": 59 }
		},
		"weapon_effect_0001": {
			"weapon_effect_0001": { "x": 91.42, "rotation": -90, "width": 50, "height": 50 },
			"weapon_effect_0003": { "x": 91.42, "rotation": -90, "width": 50, "height": 50 },
			"weapon_effect_0005": { "x": 91.42, "rotation": -90, "width": 50, "height": 50 },
			"weapon_effect_0007": { "x": 91.42, "rotation": -90, "width": 50, "height": 50 },
			"weapon_effect_0009": { "x": 91.42, "rotation": -90, "width": 50, "height": 50 },
			"weapon_effect_0011": { "x": 91.42, "rotation": -90, "width": 50, "height": 50 },
			"weapon_effect_0013": { "x": 91.42, "rotation": -90, "width": 50, "height": 50 },
			"weapon_effect_0015": { "x": 91.42, "rotation": -90, "width": 50, "height": 50 },
			"weapon_effect_0017": { "x": 91.42, "rotation": -90, "width": 50, "height": 50 },
			"weapon_effect_0019": { "x": 91.42, "rotation": -90, "width": 50, "height": 50 }
		}
	},
	"27": {
		"Rodney_body_normal": {
			"Body_change": {
				"name": "body_00",
				"type": "weightedmesh",
				"uvs": [ 1, 0.5759, 1, 1, 0.62405, 1, 0.20661, 1, 0, 1, 0, 0.51697, 0, 0, 0.13583, 0, 0.35105, 0, 0.51716, 0, 1, 0, 0.47382, 0.55163, 0.75838, 0.41817, 0.20949, 0.5707 ],
				"triangles": [ 2, 0, 1, 2, 3, 11, 3, 13, 11, 2, 12, 0, 2, 11, 12, 3, 4, 13, 4, 5, 13, 12, 10, 0, 5, 7, 13, 13, 8, 11, 13, 7, 8, 11, 9, 12, 11, 8, 9, 5, 6, 7, 12, 9, 10 ],
				"vertices": [ 2, 9, 3.26, 19.36, 0.96944, 10, -24.02, 10.43, 0.03055, 2, 9, 16.76, 32.86, 0.84789, 10, -17.25, 28.27, 0.1521, 2, 9, 31.11, 18.5, 0.45903, 10, 1.72, 21.06, 0.54096, 1, 10, 22.79, 13.06, 1, 1, 10, 33.22, 9.1, 1, 2, 9, 39.57, -20.69, 0.01109, 10, 25.51, -11.21, 0.9889, 2, 9, 23.12, -37.14, 0.17581, 10, 17.25, -32.96, 0.82418, 2, 9, 17.94, -31.95, 0.23222, 10, 10.39, -30.35, 0.76777, 2, 9, 9.72, -23.73, 0.52932, 10, -0.46, -26.23, 0.47067, 2, 9, 3.38, -17.39, 0.82074, 10, -8.85, -23.05, 0.17925, 2, 9, -15.05, 1.04, 0.99999, 10, -33.22, -13.79, 0, 2, 9, 22.58, -1.49, 0.41848, 10, 2.14, -0.67, 0.58151, 2, 9, 7.47, 5.12, 0.98875, 10, -14.35, -0.83, 0.01124, 2, 9, 33.28, -10.98, 8.5E-4, 10, 15.79, -4.92999, 0.99914 ],
				"hull": 11,
				"edges": [ 8, 10, 10, 12, 18, 20, 24, 18, 2, 0, 0, 20, 24, 0, 20, 24, 24, 22, 22, 26, 26, 10, 12, 14, 26, 14, 14, 16, 16, 18, 22, 16, 2, 4, 22, 4, 4, 6, 6, 8, 26, 6 ],
				"width": 54,
				"height": 45
			}
		},
		"Rodney_body_normal_light": {
			"Light_change": { "name": "fire_light_00", "x": -15.18, "y": -64, "rotation": -90, "width": 300, "height": 300 }
		},
		"Rodney_cap_normal_00": {
			"cap_00": { "x": 2.29, "y": -1.66, "rotation": -90, "width": 33, "height": 27 }
		},
		"Rodney_cap_normal_01": {
			"Rodney_cap_normal_01": {
				"name": "cap_01",
				"type": "weightedmesh",
				"uvs": [ 1, 0.62457, 1, 1, 0.82026, 1, 0.63249, 1, 0.41035, 1, 0.19927, 1, 0, 1, 0, 0.60223, 0, 0, 0.22013, 0, 0.42508, 0, 0.6239, 0, 0.83376, 0, 1, 0, 0.24836, 0.72792, 0.43613, 0.68043, 0.62758, 0.4905, 0.80185, 0.43185 ],
				"triangles": [ 17, 11, 12, 16, 11, 17, 7, 8, 9, 17, 12, 13, 0, 17, 13, 16, 15, 10, 16, 10, 11, 7, 9, 14, 15, 9, 10, 15, 14, 9, 6, 7, 14, 5, 6, 14, 4, 14, 15, 5, 14, 4, 16, 2, 3, 17, 2, 16, 15, 16, 3, 4, 15, 3, 17, 0, 2, 2, 0, 1 ],
				"vertices": [ 1, 17, -3.06, 0.37, 1, 1, 17, -4.88, 11.1, 1, 2, 17, 6.81, 13.08, 0.86504, 18, -4.77, 15.97, 0.13495, 3, 17, 19.03, 15.14, 0.202, 18, 7.34, 13.38, 0.66816, 19, -6, 14.05, 0.12982, 3, 18, 21.67, 10.31, 0.1099, 19, 7.95, 9.56, 0.87757, 20, -10.17, 5.14, 0.01252, 2, 19, 21.21, 5.29, 0.1016, 20, 3.43, 8.10999, 0.89839, 1, 20, 16.28, 10.91, 1, 2, 19, 30.19, -9.72, 3.0E-5, 20, 18.74, -0.35, 0.99996, 3, 18, 42.08, -23.72, 6.5E-4, 19, 24.84, -26.34, 0.06301, 20, 22.46, -17.41, 0.93632, 3, 18, 27.87, -20.67, 0.12749, 19, 11.01, -21.89, 0.28949, 20, 8.26, -20.51, 0.583, 4, 17, 37.36, -11.16, 0.00394, 18, 14.65, -17.84, 0.60481, 19, -1.86, -17.74, 0.30502, 20, -4.94, -23.39, 0.08619, 4, 17, 24.42, -13.35, 0.27068, 18, 1.82, -15.09, 0.70643, 19, -14.35, -13.72, 0.02286, 20, -17.77, -26.19, 1.0E-5, 2, 17, 10.76, -15.65, 0.90732, 18, -11.72, -12.19, 0.09267, 1, 17, -0.05, -17.48, 1, 1, 20, 1.94, -0.28, 1, 1, 19, 3.49, 1.26, 1, 1, 18, 4.56, -1.13, 1, 2, 17, 10.75, -2.95, 0.98874, 18, -7.03, -0.38, 0.01125 ],
				"hull": 14,
				"edges": [ 12, 14, 14, 16, 2, 0, 0, 26, 24, 26, 34, 24, 2, 4, 34, 4, 0, 34, 34, 32, 32, 30, 30, 28, 28, 14, 16, 18, 28, 18, 10, 12, 28, 10, 18, 20, 30, 20, 8, 10, 30, 8, 20, 22, 22, 24, 32, 22, 4, 6, 6, 8, 32, 6 ],
				"width": 66,
				"height": 29
			}
		},
		"Rodney_face_normal_00": {
			"face_00": { "name": "head_00", "x": 15.94, "y": 1.45, "rotation": -90, "width": 56, "height": 46 }
		},
		"Rodney_fighters_normal_00": {
			"fighters_00": { "x": 3.83, "y": 24.23, "rotation": -97.41, "width": 66, "height": 64 }
		},
		"Rodney_fighters_normal_01": {
			"fighters_01": { "x": -13.99, "y": -34.25, "rotation": -90, "width": 97, "height": 42 }
		},
		"Rodney_hair_normal_00": {
			"hair_00": {
				"type": "weightedmesh",
				"uvs": [ 1, 0.34758, 1, 1, 0.77168, 1, 0.50356, 1, 0.27256, 1, 0, 1, 0, 0.49212, 0, 0, 0.29456, 0, 0.40731, 0, 0.52143, 0, 0.61768, 0, 0.71531, 0, 0.81156, 0, 1, 0, 0.19831, 0.26442, 0.29868, 0.36144, 0.41281, 0.43074, 0.57368, 0.47628, 0.75106, 0.48222, 0.89956, 0.43668 ],
				"triangles": [ 1, 19, 20, 20, 0, 1, 2, 18, 19, 1, 2, 19, 18, 2, 3, 18, 3, 17, 3, 4, 17, 17, 4, 16, 16, 5, 6, 5, 16, 4, 6, 15, 16, 6, 7, 15, 20, 19, 12, 12, 19, 18, 18, 11, 12, 12, 13, 20, 17, 10, 18, 18, 10, 11, 20, 13, 0, 17, 16, 10, 10, 16, 9, 16, 15, 9, 9, 15, 8, 13, 14, 0, 15, 7, 8 ],
				"vertices": [ 2, 30, 0.01, 24.46, 0.88988, 31, -19.49, 21.28, 0.11011, 2, 30, 31.31, 33.65, 0.26255, 31, 9.60999, 35.99, 0.73744, 2, 30, 35.93999, 17.87999, 0.13286, 31, 17.03, 21.31, 0.86713, 1, 31, 25.73, 4.08, 1, 1, 31, 33.23, -10.75, 1, 2, 30, 51.6, -35.41999, 0.00214, 31, 42.08, -28.27, 0.99785, 2, 30, 27.23, -42.58, 0.19183, 31, 19.42, -39.72, 0.80816, 2, 30, 3.62, -49.51, 0.42708, 31, -2.53, -50.82, 0.57291, 2, 30, -2.34999, -29.17, 0.62181, 31, -12.1, -31.89, 0.37818, 2, 30, -4.63, -21.38, 0.78182, 31, -15.76, -24.64, 0.21817, 2, 30, -6.95, -13.49, 0.92836, 31, -19.45999, -17.31, 0.07163, 2, 30, -8.89999, -6.84, 0.99035, 31, -22.59, -11.12, 0.00964, 1, 30, -10.88, -0.1, 1, 1, 30, -12.83, 6.54, 1, 1, 30, -16.66, 19.56, 1, 2, 30, 12.28, -32.09, 0.40116, 31, 2.82, -32.11, 0.59883, 2, 30, 14.9, -23.79, 0.39901, 31, 3.89, -23.47, 0.60098, 2, 30, 15.91, -14.93, 0.40913, 31, 3.28, -14.57, 0.59086, 2, 30, 14.83, -3.17, 0.67418, 31, 0.08, -3.21, 0.3258, 2, 30, 11.52, 9.16, 0.63506, 31, -5.4, 8.31, 0.36493, 2, 30, 6.32, 18.77, 0.83858, 31, -12.25, 16.83, 0.16141 ],
				"hull": 15,
				"edges": [ 14, 30, 30, 32, 32, 34, 34, 36, 36, 38, 38, 40, 2, 0, 0, 28, 40, 0, 40, 2, 2, 4, 38, 4, 4, 6, 36, 6, 6, 8, 8, 10, 34, 8, 32, 10, 10, 12, 12, 14, 30, 12, 14, 16, 30, 16, 26, 28, 40, 26, 24, 26, 38, 24, 22, 24, 36, 22, 20, 22, 34, 20, 16, 18, 18, 20, 32, 18 ],
				"width": 72,
				"height": 50
			}
		},
		"Rodney_leg_normal": {
			"leg_new_00": {
				"name": "leg_00",
				"type": "weightedmesh",
				"uvs": [ 1, 0.15709, 1, 1, 0.67183, 1, 0, 1, 0, 0, 0.48588, 0, 1, 0, 0.51822, 0.54764 ],
				"triangles": [ 5, 6, 0, 7, 5, 0, 7, 3, 4, 7, 4, 5, 1, 2, 7, 3, 7, 2, 1, 7, 0 ],
				"vertices": [ 1, 33, -3.11, 2.16, 1, 2, 33, 19.43, 22.46, 0.6937, 34, -3.63, 22.19, 0.30629, 2, 33, 29.75, 11, 0.24658, 34, 7.95, 12.01, 0.75341, 1, 34, 31.68, -8.81, 1, 2, 33, 24.12, -36.55, 0.21039, 34, 7.92, -35.86, 0.7896, 2, 33, 8.84, -19.57, 0.70559, 34, -9.22999, -20.79, 0.2944, 1, 33, -7.31, -1.61, 1, 2, 33, 22.48, -5.25, 0.22915, 34, 2.63, -4.98, 0.77084 ],
				"hull": 7,
				"edges": [ 6, 8, 2, 0, 0, 12, 0, 14, 14, 6, 8, 10, 10, 12, 14, 10, 2, 4, 4, 6, 14, 4 ],
				"width": 47,
				"height": 36
			}
		},
		"Rodney_leg_normal_01": {
			"leg_new_01": {
				"name": "leg_01",
				"type": "weightedmesh",
				"uvs": [ 1, 1, 0, 1, 0, 0, 1, 0, 0.51161, 0.49271 ],
				"triangles": [ 1, 4, 0, 4, 3, 0, 1, 2, 4, 4, 2, 3 ],
				"vertices": [ 2, 36, 20.69, 12.45, 0.00921, 37, 7.97, 12.89, 0.99078, 2, 36, 32.81, -12.79, 0.00283, 37, 21.41, -11.67, 0.99716, 2, 36, 5.76, -25.77, 0.7245, 37, -4.89, -26.07, 0.27548, 1, 36, -6.35, -0.52999, 1, 2, 36, 12.89, -6.46, 0.39963, 37, 1.19, -6.4, 0.60035 ],
				"hull": 4,
				"edges": [ 0, 2, 2, 4, 4, 6, 0, 6, 6, 8, 8, 2, 8, 4, 8, 0 ],
				"width": 28,
				"height": 30
			}
		}
	},
	"28": {
		"Rodney_body_normal": {
			"Body_change": {
				"name": "body_00_second",
				"type": "weightedmesh",
				"uvs": [ 1, 0.71252, 1, 1, 0.4474, 1, 0, 1, 0, 0.76985, 0, 0, 0.14506, 0, 0.38559, 0, 1, 0, 0.40843, 0.62831, 0.60526, 0.41926 ],
				"triangles": [ 10, 7, 8, 9, 7, 10, 6, 7, 9, 10, 8, 0, 4, 5, 6, 4, 6, 9, 2, 3, 4, 0, 2, 9, 0, 9, 10, 2, 4, 9, 2, 0, 1 ],
				"vertices": [ 2, 9, -6.21, 34.11, 0.9991, 10, -38.72, 19.99, 8.9E-4, 2, 9, 3.54, 43.87, 0.99517, 10, -33.82, 32.89, 0.00482, 2, 9, 28.55, 18.86, 0.53283, 10, -0.76, 20.34, 0.46716, 1, 10, 26, 10.17, 1, 1, 10, 22.08, -0.14, 1, 2, 9, 14.86, -35.32, 0.56308, 10, 8.96, -34.68999, 0.43691, 2, 9, 8.29, -28.75, 0.65596, 10, 0.29, -31.4, 0.34403, 2, 9, -2.58, -17.87, 0.94735, 10, -14.1, -25.93, 0.05264, 1, 9, -30.39, 9.93, 1, 2, 9, 17.7, 4.48, 0.7671, 10, -4.76, 2.77, 0.23289, 2, 9, 1.69, 6.29, 0.999, 10, -20.1, -2.13, 9.9E-4 ],
				"hull": 9,
				"edges": [ 6, 8, 8, 10, 18, 8, 10, 12, 18, 12, 2, 4, 4, 6, 18, 4, 16, 20, 20, 18, 2, 0, 0, 16, 20, 0, 12, 14, 14, 16, 20, 14 ],
				"width": 64,
				"height": 48
			}
		},
		"Rodney_body_normal_light": {
			"Light_change": { "name": "fire_light_01", "x": -19.31, "y": -75.2, "rotation": -90, "width": 300, "height": 300 }
		},
		"Rodney_cap_normal_00": {
			"cap_00": {
				"name": "cao_00_second",
				"type": "weightedmesh",
				"uvs": [ 1, 0.46717, 1, 1, 0.75326, 1, 0.44606, 1, 0.20222, 1, 0, 1, 0, 0.65398, 0, 0.35819, 0, 0, 0.59198, 0, 1, 0, 0.30398, 0.39127, 0.1235, 0.67733, 0.65918, 0.257, 0.84542, 0.30371, 0.93758, 0.47495, 0.75326, 0.61895, 0.40958, 0.58003 ],
				"triangles": [ 1, 16, 15, 15, 0, 1, 3, 16, 2, 1, 2, 16, 3, 12, 17, 3, 17, 16, 5, 12, 4, 3, 4, 12, 5, 6, 12, 17, 12, 11, 11, 12, 7, 12, 6, 7, 17, 13, 16, 16, 14, 15, 16, 13, 14, 17, 11, 13, 15, 14, 0, 14, 10, 0, 13, 11, 9, 9, 11, 8, 11, 7, 8, 14, 13, 10, 13, 9, 10 ],
				"vertices": [ 2, 15, 26.34, -31.2, 0.6348, 16, -9.03, -29.97, 0.36519, 1, 15, -13.06, -32.34, 1, 1, 15, -13.6, -13.84, 1, 1, 15, -14.26, 9.18, 1, 2, 15, -14.79, 27.46, 0.99568, 16, -36.91, 36.04, 0.00431, 2, 15, -15.23, 42.62, 0.98792, 16, -34.15, 50.95, 0.01207, 2, 15, 10.35, 43.36, 0.80085, 16, -8.97, 46.29, 0.19914, 2, 15, 32.23, 44, 0.35507, 16, 12.54, 42.3, 0.64492, 2, 15, 58.73, 44.76, 0.04873, 16, 38.61, 37.47, 0.95126, 1, 16, 30.52, -6.17, 1, 2, 15, 60.9, -30.2, 0.04789, 16, 24.95, -36.25999, 0.9521, 2, 15, 30.44, 21.13, 0.38587, 16, 5.99, 20.33, 0.61412, 2, 15, 8.89, 34.05, 0.86361, 16, -12.35, 37.49, 0.13638, 2, 15, 41.15, -5.19999, 0.02817, 16, 10.9, -7.66, 0.97182, 2, 15, 38.09999, -19.26, 0.33231, 16, 4.96, -20.77, 0.66768, 2, 15, 25.63, -26.53, 0.71587, 16, -8.75, -25.26, 0.28412, 2, 15, 14.58, -13.03, 0.95295, 16, -16.70999, -9.72999, 0.04704, 2, 15, 16.70999, 12.81, 0.9132, 16, -9.18, 15.09, 0.08679 ],
				"hull": 11,
				"edges": [ 16, 22, 22, 24, 8, 10, 24, 8, 10, 12, 24, 12, 12, 14, 14, 16, 22, 14, 22, 26, 16, 18, 18, 20, 26, 18, 26, 28, 28, 30, 2, 0, 0, 20, 30, 0, 28, 20, 26, 32, 2, 4, 32, 4, 32, 30, 30, 2, 32, 34, 4, 6, 6, 8, 34, 6, 34, 22, 34, 24 ],
				"width": 75,
				"height": 74
			}
		},
		"Rodney_cap_normal_01": {
			"Rodney_cap_normal_01": {
				"name": "cao_01_second",
				"type": "weightedmesh",
				"uvs": [ 1, 0.46102, 1, 1, 0.544, 1, 0, 1, 0, 0.51345, 0, 0, 0.40931, 0, 1, 0, 0.49646, 0.5172 ],
				"triangles": [ 1, 8, 0, 3, 8, 2, 1, 2, 8, 3, 4, 8, 4, 6, 8, 0, 8, 7, 4, 5, 6, 8, 6, 7 ],
				"vertices": [ 2, 12, 23.25, 15.38, 0.63193, 13, -7.48, 13.49, 0.36806, 1, 13, 20.37999, 23.57, 1, 1, 13, 26.43, 6.85, 1, 1, 13, 33.65, -13.09, 1, 2, 12, 16.95, -23.2, 0.45926, 13, 8.47999, -22.19, 0.54073, 1, 12, -10.5, -16.6, 1, 1, 12, -6.77, -1.08, 1, 1, 12, -1.39, 21.31, 1, 2, 12, 21.67, -4.42, 0.33202, 13, 2.08999, -3.92, 0.66797 ],
				"hull": 8,
				"edges": [ 10, 12, 12, 14, 12, 16, 2, 4, 4, 6, 16, 4, 2, 0, 0, 14, 16, 0, 6, 8, 8, 10, 16, 8 ],
				"width": 39,
				"height": 55
			}
		},
		"Rodney_face_normal_00": {
			"face_00": { "name": "face_00_second", "x": 20.15, "y": -5.15, "rotation": -90, "width": 50, "height": 50 }
		},
		"Rodney_fighters_normal_00": {
			"fighters_00": { "name": "fighters_00_second", "x": 2.34, "y": 13.72, "rotation": -93.48, "width": 100, "height": 90 }
		},
		"Rodney_fighters_normal_01": {
			"fighters_01": { "name": "fighters_01_second", "x": -18.45, "y": -40.44, "rotation": -90, "width": 106, "height": 53 }
		},
		"Rodney_fighters_normal_02": {
			"fighters_02": {
				"name": "fighters_02_second",
				"type": "weightedmesh",
				"uvs": [ 1, 0.32599, 1, 0.61333, 1, 0.9758, 1, 1, 0.49637, 1, 0, 1, 0, 0.66967, 0, 0.49126, 0, 0.26214, 0, 0, 0.7325, 0, 1, 0, 0.6555, 0.29031, 0.55283, 0.48375, 0.41937, 0.64714, 0.2551, 0.8218 ],
				"triangles": [ 4, 2, 3, 5, 15, 4, 15, 14, 4, 4, 14, 2, 5, 6, 15, 2, 14, 1, 14, 13, 1, 15, 6, 14, 6, 7, 14, 14, 7, 13, 13, 12, 1, 12, 0, 1, 7, 8, 13, 13, 8, 12, 12, 10, 0, 10, 11, 0, 10, 12, 9, 12, 8, 9 ],
				"vertices": [ 3, 25, -3.24, 9.79, 0.94332, 26, -11.53, 8.92, 0.05182, 27, -19.52, 7.96, 0.00485, 4, 25, 7.44, 14.73, 0.34537, 26, -1.25, 14.68, 0.44321, 27, -9.53, 14.22, 0.20562, 28, -18.04, 12.2, 0.00578, 4, 25, 20.94, 20.95999, 0.0044, 26, 11.7, 21.94, 0.36741, 27, 3.05, 22.12, 0.52705, 28, -6.46, 21.51, 0.10112, 4, 25, 21.84, 21.37, 0.00357, 26, 12.57, 22.42, 0.36616, 27, 3.89, 22.64, 0.52824, 28, -5.68, 22.13, 0.10201, 3, 26, 19.95, 9.24, 0.0869, 27, 11.91, 9.84, 0.38193, 28, 3.77, 10.35, 0.53115, 1, 28, 13.1, -1.25, 1, 4, 25, 22.11, -11.53, 0.02239, 26, 15.41, -10.35999, 0.08597, 27, 8.35, -9.96, 0.39772, 28, 2.54, -9.72999, 0.4939, 4, 25, 15.47, -14.6, 0.20187, 26, 9.03, -13.93, 0.3199, 27, 2.15, -13.84, 0.36445, 28, -3.15, -14.31, 0.11375, 4, 25, 6.94, -18.53, 0.61727, 26, 0.83, -18.52, 0.27832, 27, -5.8, -18.83, 0.10087, 28, -10.47, -20.2, 0.00352, 3, 25, -2.81, -23.04, 0.82386, 26, -8.54, -23.78, 0.15862, 27, -14.91, -24.54, 0.01751, 3, 25, -12.01, -3.08, 0.99864, 26, -19.27, -4.6, 0.00129, 27, -26.58, -5.92, 6.0E-5, 3, 25, -15.38, 4.19, 0.99985, 26, -23.19, 2.39, 1.0E-4, 27, -30.84, 0.87, 4.0E-5, 1, 25, -0.24, -0.19, 1, 2, 25, 8.24, 0.32, 0.5, 26, 0.66, 0.38, 0.5, 2, 26, 8.46, 0.16, 0.5, 27, 0.88, 0.2, 0.5, 1, 28, 2.60999, 0.13, 1 ],
				"hull": 12,
				"edges": [ 18, 20, 20, 22, 20, 24, 24, 26, 26, 28, 28, 30, 30, 10, 24, 18, 0, 22, 24, 0, 0, 2, 26, 2, 16, 18, 26, 16, 2, 4, 4, 6, 28, 4, 14, 16, 28, 14, 6, 8, 8, 10, 30, 8, 10, 12, 12, 14, 30, 12 ],
				"width": 30,
				"height": 41
			}
		},
		"Rodney_hair_normal_00": {
			"hair_00": {
				"name": "hair_00_second",
				"type": "weightedmesh",
				"uvs": [ 1, 0.29404, 1, 1, 0.89158, 1, 0.69304, 1, 0.47932, 1, 0.12498, 1, 0, 1, 0, 0.28551, 0, 0, 0.24907, 0, 0.45037, 0, 0.63926, 0, 0.79782, 0, 1, 0, 0.19392, 0.36087, 0.44348, 0.37509, 0.6627, 0.37082, 0.86814, 0.33528 ],
				"triangles": [ 7, 8, 9, 12, 13, 0, 17, 12, 0, 14, 7, 9, 16, 11, 12, 16, 12, 17, 15, 9, 10, 14, 9, 15, 15, 10, 11, 16, 15, 11, 6, 7, 14, 5, 6, 14, 15, 5, 14, 4, 15, 16, 5, 15, 4, 2, 3, 16, 4, 16, 3, 1, 2, 17, 2, 16, 17, 1, 17, 0 ],
				"vertices": [ 2, 30, 0.35, 33.09, 0.77265, 31, -20.71999, 29.83, 0.22734, 2, 30, 43.7, 45.82, 0.08845, 31, 19.6, 50.21, 0.91154, 2, 30, 45.72, 38.96, 0.07801, 31, 22.82, 43.82, 0.92198, 2, 30, 49.41, 26.39, 0.03193, 31, 28.73, 32.12, 0.96805, 2, 30, 53.38, 12.85, 9.6E-4, 31, 35.09999, 19.54, 0.99903, 1, 31, 45.64, -1.33, 1, 1, 31, 49.36, -8.68999, 1, 2, 30, 18.43, -30.38, 0.39233, 31, 8.55, -29.31, 0.60766, 2, 30, 0.89, -35.53, 0.64709, 31, -7.75, -37.55, 0.3529, 2, 30, -3.73, -19.75, 0.79792, 31, -15.16, -22.88, 0.20207, 2, 30, -7.47, -7.01, 0.95529, 31, -21.16, -11.02, 0.0447, 1, 30, -10.99, 4.94999, 1, 2, 30, -13.94, 14.99, 0.9816, 31, -31.5, 9.43999, 0.01839, 2, 30, -17.7, 27.79, 0.96618, 31, -37.50999, 21.34, 0.03381, 2, 30, 19.45, -16.74, 0.16623, 31, 7.08, -15.71, 0.83376, 2, 30, 15.68, -0.68, 0.5, 31, 0.47, -0.6, 0.5, 2, 30, 11.34, 13.12, 0.56478, 31, -6.29, 12.18, 0.43521, 2, 30, 5.33, 25.49, 0.70626, 31, -14.44, 23.25, 0.29373 ],
				"hull": 14,
				"edges": [ 12, 14, 14, 16, 2, 0, 0, 26, 14, 28, 28, 30, 30, 32, 32, 34, 34, 0, 24, 26, 34, 24, 22, 24, 32, 22, 20, 22, 30, 20, 16, 18, 18, 20, 28, 18, 10, 12, 28, 10, 8, 10, 30, 8, 6, 8, 32, 6, 2, 4, 4, 6, 34, 4 ],
				"width": 66,
				"height": 64
			}
		},
		"Rodney_leg_normal": {
			"leg_new_00": {
				"name": "leg_00_second",
				"type": "weightedmesh",
				"uvs": [ 1, 1, 0, 1, 0, 0, 1, 0, 0.50852, 0.54658 ],
				"triangles": [ 4, 2, 3, 1, 2, 4, 4, 3, 0, 1, 4, 0 ],
				"vertices": [ 2, 33, 25.16, 28.86, 0.37926, 34, 1.29999, 29.21, 0.62073, 1, 34, 32.84999, 1.5, 1, 2, 33, 19.06, -33.12, 0.69443, 34, 2.5, -33.06, 0.30556, 2, 33, -9.02, -1.9, 1, 34, -29.05, -5.34, 0, 1, 34, 3.04, -0.07, 1 ],
				"hull": 4,
				"edges": [ 0, 2, 2, 4, 4, 6, 0, 6, 8, 6, 8, 4, 8, 2, 8, 0 ],
				"width": 42,
				"height": 46
			}
		},
		"Rodney_leg_normal_01": {
			"leg_new_01": {
				"name": "leg_01_second",
				"type": "weightedmesh",
				"uvs": [ 1, 0.60106, 1, 1, 0, 1, 0, 0.28106, 0, 0, 0.73716, 0, 1, 0, 0.52134, 0.43906 ],
				"triangles": [ 2, 7, 1, 7, 0, 1, 2, 3, 7, 7, 5, 0, 5, 6, 0, 5, 7, 4, 7, 3, 4 ],
				"vertices": [ 2, 36, 8.78, 12.72, 0.54149, 37, -3.92, 12.53, 0.4585, 2, 36, 21.01, 18.59, 0.06549, 37, 7.97, 19.04, 0.9345, 1, 37, 19.01, -1.12, 1, 2, 36, 8.93, -12.71, 0.86587, 37, -2.43, -12.86, 0.13412, 1, 36, 0.31, -16.84, 1, 1, 36, -7.02, -1.56, 1, 1, 36, -9.63, 3.88, 1, 1, 36, 8.58, 0.42, 1 ],
				"hull": 7,
				"edges": [ 2, 4, 8, 10, 10, 12, 10, 14, 14, 4, 2, 0, 0, 12, 14, 0, 4, 6, 6, 8, 14, 6 ],
				"width": 23,
				"height": 34
			}
		},
		"Rodney_tail_normal_00": {
			"tail_00": {
				"name": "tail_00_second",
				"type": "weightedmesh",
				"uvs": [ 0, 0, 0.14285, 0, 0.28571, 0, 0.42857, 0, 0.57142, 0, 0.71428, 0, 0.85714, 0, 1, 0, 1, 0.57142, 1, 1, 0.85714, 1, 0.71428, 1, 0.57142, 1, 0.42857, 1, 0.28571, 1, 0.14285, 1, 0, 1, 0, 0.57142, 0.14285, 0.57142, 0.28571, 0.57142, 0.42857, 0.57142, 0.57142, 0.57142, 0.71428, 0.57142, 0.85714, 0.57142 ],
				"triangles": [ 17, 0, 1, 18, 1, 2, 17, 1, 18, 19, 2, 3, 18, 2, 19, 21, 20, 3, 19, 3, 20, 21, 4, 5, 21, 3, 4, 22, 5, 6, 21, 5, 22, 23, 6, 7, 22, 6, 23, 23, 7, 8, 15, 16, 17, 14, 15, 18, 15, 17, 18, 13, 14, 19, 14, 18, 19, 12, 13, 20, 13, 19, 20, 11, 12, 21, 12, 20, 21, 10, 11, 22, 11, 21, 22, 9, 10, 23, 10, 22, 23, 9, 23, 8 ],
				"vertices": [ 3, 39, 62.73, -3.46, 0, 42, 36.84, -3.83, 0, 45, 12.27, -4.21999, 1, 4, 39, 53.3, -3.46, 0, 42, 27.42, -3.74, 0, 44, 11.06, -3.79, 0.0627, 45, 2.85, -3.78, 0.93729, 4, 39, 43.88, -3.46, 0, 42, 17.99, -3.64, 1.2E-4, 43, 9.2, -3.55, 0.20068, 44, 1.63, -3.59, 0.79918, 2, 42, 8.56, -3.55, 0.55598, 43, -0.22, -3.55, 0.44401, 3, 39, 25.02, -3.46, 0, 41, 6.52, -3.45, 0.67364, 42, -0.86, -3.45, 0.32635, 2, 40, 6.17, -3.4, 0.92834, 41, -2.89, -3.34, 0.07165, 3, 39, 6.16, -3.46, 0.96209, 40, -3.24, -3.49, 0.03788, 41, -12.32, -3.22, 0, 2, 39, -3.26, -3.46, 0.99999, 40, -12.67, -3.59, 0, 2, 39, -3.26, 1.1, 0.99999, 40, -12.72, 0.98, 0, 2, 39, -3.26, 4.53, 0.99998, 40, -12.75, 4.4, 1.0E-5, 2, 39, 6.16, 4.53, 0.90077, 40, -3.32, 4.5, 0.09922, 3, 39, 15.59, 4.53, 2.5E-4, 40, 6.1, 4.59, 0.86006, 41, -2.8, 4.65, 0.13968, 3, 39, 25.02, 4.53, 0, 41, 6.62, 4.54, 0.61122, 42, -0.78, 4.54, 0.38877, 3, 39, 34.45, 4.53, 0, 42, 8.64, 4.44, 0.54338, 43, -0.22, 4.44, 0.4566, 3, 39, 43.88, 4.53, 0, 43, 9.2, 4.44, 0.18336, 44, 1.81, 4.4, 0.81663, 5, 39, 53.3, 4.53, 0, 42, 27.5, 4.25, 0, 43, 18.62999, 4.44, 3.0E-5, 44, 11.23, 4.19999, 0.08647, 45, 3.23, 4.19999, 0.91348, 4, 39, 62.73, 4.53, 0, 42, 36.93, 4.16, 0, 44, 20.66, 3.99, 0, 45, 12.65, 3.76, 0.99999, 4, 39, 62.73, 1.1, 0, 42, 36.89, 0.73, 0, 44, 20.59, 0.56, 0, 45, 12.49, 0.34, 0.99999, 2, 43, 18.62999, 1.01, 0, 45, 3.07, 0.78, 0.99999, 2, 39, 43.88, 1.1, 0, 44, 1.73, 0.97, 1, 2, 42, 8.60999, 1.01, 0.5, 43, -0.22, 1.01, 0.5, 2, 41, 6.58, 1.11, 0.64909, 42, -0.81, 1.11, 0.3509, 1, 40, 6.13, 1.16, 1, 2, 39, 6.16, 1.1, 0.99852, 40, -3.29, 1.07, 0.00147 ],
				"hull": 18,
				"edges": [ 0, 2, 2, 4, 4, 6, 6, 8, 8, 10, 10, 12, 12, 14, 18, 20, 20, 22, 22, 24, 24, 26, 26, 28, 28, 30, 30, 32, 32, 34, 34, 0, 14, 16, 16, 18 ],
				"width": 66,
				"height": 8
			}
		}
	}
},
"events": {
	"attack_point": {},
	"crash_point": {},
	"damage_point": {}
},
"animations": {
	"attack": {
		"slots": {
			"Other": {
				"attachment": [
					{ "time": 0, "name": "Item_02" },
					{ "time": 0.0333, "name": "Item_03" },
					{ "time": 0.0666, "name": "Item_02" },
					{ "time": 0.1, "name": "Item_03" },
					{ "time": 0.1333, "name": "Item_02" },
					{ "time": 0.1666, "name": "Item_03" },
					{ "time": 0.2, "name": "Item_02" },
					{ "time": 0.2333, "name": "Item_03" },
					{ "time": 0.2666, "name": "Item_02" },
					{ "time": 0.3, "name": "Item_03" },
					{ "time": 0.3333, "name": "Item_02" },
					{ "time": 0.3666, "name": "Item_03" },
					{ "time": 0.4, "name": "Item_02" },
					{ "time": 0.4333, "name": "Item_03" },
					{ "time": 0.4666, "name": "Item_02" },
					{ "time": 0.5, "name": "Item_03" },
					{ "time": 0.5333, "name": "Item_02" },
					{ "time": 0.5666, "name": "Item_03" },
					{ "time": 0.6, "name": "Item_02" },
					{ "time": 0.6333, "name": "Item_03" },
					{ "time": 0.6666, "name": "Item_02" },
					{ "time": 0.7, "name": "Item_03" },
					{ "time": 0.7333, "name": "Item_02" },
					{ "time": 0.7666, "name": "Item_03" },
					{ "time": 0.8, "name": "Item_02" },
					{ "time": 0.8333, "name": "Item_03" },
					{ "time": 0.8666, "name": "Item_02" },
					{ "time": 0.9, "name": "Item_03" },
					{ "time": 0.9333, "name": "Item_02" },
					{ "time": 0.9666, "name": "Item_03" },
					{ "time": 1, "name": "Item_02" }
				]
			},
			"Rodney_body_normal_light": {
				"color": [
					{ "time": 0.0333, "color": "fffffffb" },
					{ "time": 0.1, "color": "ffffff00" },
					{ "time": 0.1333, "color": "fffffffd" },
					{ "time": 0.2, "color": "ffffff00" },
					{ "time": 0.2666, "color": "ffffffff" },
					{ "time": 0.3, "color": "ffffff00" },
					{ "time": 0.3333, "color": "ffffffff" },
					{ "time": 0.3666, "color": "ffffff00" },
					{ "time": 0.4, "color": "ffffffff" },
					{ "time": 0.4666, "color": "ffffff00" },
					{ "time": 0.5, "color": "ffffffff" },
					{ "time": 0.5666, "color": "ffffff00" },
					{ "time": 0.6333, "color": "ffffffff" },
					{ "time": 0.6666, "color": "ffffff00" },
					{ "time": 0.7, "color": "ffffffff" },
					{ "time": 0.7333, "color": "ffffff00" },
					{ "time": 0.7666, "color": "ffffffff" },
					{ "time": 0.8, "color": "ffffff00" },
					{ "time": 0.8666, "color": "ffffffff" },
					{ "time": 0.9, "color": "ffffff00" },
					{ "time": 0.9333, "color": "ffffffff" },
					{ "time": 0.9666, "color": "ffffff00" },
					{ "time": 1, "color": "ffffffff" }
				],
				"attachment": [
					{ "time": 0, "name": null },
					{ "time": 0.0333, "name": "Light_change" }
				]
			},
			"weapon_effect_0001": {
				"attachment": [
					{ "time": 0, "name": null },
					{ "time": 0.0333, "name": "weapon_effect_0001" },
					{ "time": 0.0666, "name": "weapon_effect_0003" },
					{ "time": 0.1, "name": "weapon_effect_0005" },
					{ "time": 0.1333, "name": "weapon_effect_0007" },
					{ "time": 0.1666, "name": "weapon_effect_0009" },
					{ "time": 0.2, "name": "weapon_effect_0011" },
					{ "time": 0.2333, "name": "weapon_effect_0013" },
					{ "time": 0.2666, "name": "weapon_effect_0015" },
					{ "time": 0.3, "name": "weapon_effect_0017" },
					{ "time": 0.3333, "name": "weapon_effect_0019" },
					{ "time": 0.3666, "name": "weapon_effect_0001" },
					{ "time": 0.4, "name": "weapon_effect_0003" },
					{ "time": 0.4333, "name": "weapon_effect_0005" },
					{ "time": 0.4666, "name": "weapon_effect_0007" },
					{ "time": 0.5, "name": "weapon_effect_0009" },
					{ "time": 0.5333, "name": "weapon_effect_0011" },
					{ "time": 0.5666, "name": "weapon_effect_0013" },
					{ "time": 0.6, "name": "weapon_effect_0015" },
					{ "time": 0.6333, "name": "weapon_effect_0017" },
					{ "time": 0.6666, "name": "weapon_effect_0019" },
					{ "time": 0.7, "name": "weapon_effect_0001" },
					{ "time": 0.7333, "name": "weapon_effect_0003" },
					{ "time": 0.7666, "name": "weapon_effect_0005" },
					{ "time": 0.8, "name": "weapon_effect_0007" },
					{ "time": 0.8333, "name": "weapon_effect_0009" },
					{ "time": 0.8666, "name": "weapon_effect_0011" },
					{ "time": 0.9, "name": "weapon_effect_0013" },
					{ "time": 0.9333, "name": "weapon_effect_0015" },
					{ "time": 0.9666, "name": "weapon_effect_0017" },
					{ "time": 1, "name": "weapon_effect_0019" }
				]
			}
		},
		"bones": {
			"Body": {
				"rotate": [
					{ "time": 0, "angle": 0, "curve": "stepped" },
					{ "time": 1, "angle": 0 }
				],
				"translate": [
					{
						"time": 0,
						"x": 0,
						"y": -126.57,
						"curve": [ 0.167, 0.49, 0.75, 1 ]
					},
					{
						"time": 0.5,
						"x": 0,
						"y": -133.47,
						"curve": [ 0.332, 0.56, 0.56, 0.74 ]
					},
					{ "time": 1, "x": 0, "y": -126.57 }
				]
			},
			"face_00": {
				"rotate": [
					{ "time": 0, "angle": 0 },
					{ "time": 0.3333, "angle": -2.67 },
					{ "time": 0.6666, "angle": 1.62 },
					{ "time": 1, "angle": 0 }
				],
				"translate": [
					{ "time": 0, "x": 0, "y": 0 },
					{ "time": 0.3333, "x": 0, "y": 0.54 },
					{ "time": 0.6666, "x": 0, "y": -1.08 },
					{ "time": 1, "x": 0, "y": 0 }
				]
			},
			"body_00_2": {
				"rotate": [
					{ "time": 0, "angle": 0.59 },
					{ "time": 0.3333, "angle": 16.56 },
					{ "time": 0.6666, "angle": -2.35 },
					{ "time": 1, "angle": 0.59 }
				]
			},
			"tail_01": {
				"rotate": [
					{ "time": 0, "angle": 36.88 },
					{ "time": 0.3333, "angle": 19.24 },
					{ "time": 0.6666, "angle": 2.69 },
					{ "time": 1, "angle": 36.88 }
				]
			},
			"fighters_01": {
				"translate": [
					{ "time": 0, "x": 0, "y": 0 },
					{ "time": 0.0333, "x": -0.46, "y": 2.93 },
					{ "time": 0.0666, "x": 0, "y": 0 },
					{ "time": 0.1, "x": -0.46, "y": 2.93 },
					{ "time": 0.1333, "x": 0, "y": 0 },
					{ "time": 0.1666, "x": -0.46, "y": 2.93 },
					{ "time": 0.2, "x": 0, "y": 0 },
					{ "time": 0.2333, "x": -0.46, "y": 2.93 },
					{ "time": 0.2666, "x": 0, "y": 0 },
					{ "time": 0.3, "x": -0.46, "y": 2.93 },
					{ "time": 0.3333, "x": 0, "y": 0 },
					{ "time": 0.3666, "x": -0.46, "y": 2.93 },
					{ "time": 0.4, "x": 0, "y": 0 },
					{ "time": 0.4333, "x": -0.46, "y": 2.93 },
					{ "time": 0.4666, "x": 0, "y": 0 },
					{ "time": 0.5, "x": -0.46, "y": 2.93 },
					{ "time": 0.5333, "x": 0, "y": 0 },
					{ "time": 0.5666, "x": -0.46, "y": 2.93 },
					{ "time": 0.6, "x": 0, "y": 0 },
					{ "time": 0.6333, "x": -0.46, "y": 2.93 },
					{ "time": 0.6666, "x": 0, "y": 0 },
					{ "time": 0.7, "x": -0.46, "y": 2.93 },
					{ "time": 0.7333, "x": 0, "y": 0 },
					{ "time": 0.7666, "x": -0.46, "y": 2.93 },
					{ "time": 0.8, "x": 0, "y": 0 },
					{ "time": 0.8333, "x": -0.46, "y": 2.93 },
					{ "time": 0.8666, "x": 0, "y": 0 },
					{ "time": 0.9, "x": -0.46, "y": 2.93 },
					{ "time": 0.9333, "x": 0, "y": 0 },
					{ "time": 0.9666, "x": -0.46, "y": 2.93 },
					{ "time": 1, "x": 0, "y": 0 }
				]
			},
			"fighters_02": {
				"translate": [
					{ "time": 0, "x": 0, "y": 0 },
					{ "time": 0.3333, "x": 0, "y": 1.84 },
					{ "time": 0.6666, "x": 0, "y": -0.69 },
					{ "time": 1, "x": 0, "y": 0 }
				]
			},
			"tail_02": {
				"rotate": [
					{ "time": 0, "angle": -17.47 },
					{ "time": 0.3333, "angle": 21.16 },
					{ "time": 0.6666, "angle": -11.64 },
					{ "time": 1, "angle": -17.47 }
				]
			},
			"tail_05": {
				"rotate": [
					{ "time": 0, "angle": 12.92 },
					{ "time": 0.1666, "angle": -7.68 },
					{ "time": 0.3333, "angle": -14.41 },
					{ "time": 0.6666, "angle": 18.09 },
					{ "time": 1, "angle": 12.92 }
				]
			},
			"tail_04": {
				"rotate": [
					{ "time": 0, "angle": -23.4 },
					{ "time": 0.3333, "angle": 5.35 },
					{ "time": 0.6666, "angle": 22.53 },
					{ "time": 1, "angle": -23.4 }
				]
			},
			"body_00_1": {
				"rotate": [
					{ "time": 0, "angle": 0 },
					{ "time": 0.3333, "angle": -3.56 },
					{ "time": 0.6666, "angle": 4.58 },
					{ "time": 1, "angle": 0 }
				]
			},
			"leg_01_1": {
				"rotate": [
					{ "time": 0, "angle": 0 },
					{ "time": 0.3333, "angle": 3.19 },
					{ "time": 0.6666, "angle": -7.54 },
					{ "time": 1, "angle": 0 }
				]
			},
			"cap_01_3": {
				"rotate": [
					{ "time": 0, "angle": 0 },
					{ "time": 0.1666, "angle": 12.76 },
					{ "time": 0.3333, "angle": 12.66 },
					{ "time": 0.6666, "angle": -22.02 },
					{ "time": 0.8666, "angle": -6.9 },
					{ "time": 1, "angle": 0 }
				]
			},
			"leg_01_2": {
				"rotate": [
					{ "time": 0, "angle": 0 },
					{ "time": 0.3333, "angle": 3.19 },
					{ "time": 0.6666, "angle": -7.54 },
					{ "time": 1, "angle": 0 }
				]
			},
			"fighters_02_1": {
				"rotate": [
					{ "time": 0, "angle": 0 },
					{ "time": 0.3333, "angle": -6.4 },
					{ "time": 1, "angle": 0 }
				]
			},
			"cao_01_1": {
				"rotate": [
					{ "time": 0, "angle": 0 },
					{ "time": 0.3333, "angle": -5.89 },
					{ "time": 0.6666, "angle": -0.67 },
					{ "time": 1, "angle": 0 }
				]
			},
			"leg_00_1": {
				"rotate": [
					{ "time": 0, "angle": 0 },
					{ "time": 0.3333, "angle": 5.31 },
					{ "time": 0.6666, "angle": -2.56 },
					{ "time": 1, "angle": 0 }
				]
			},
			"fighters_02_2": {
				"rotate": [
					{ "time": 0, "angle": 0 },
					{ "time": 0.3333, "angle": -6.4 },
					{ "time": 1, "angle": 0 }
				]
			},
			"haie_00_2": {
				"rotate": [
					{ "time": 0, "angle": 0 },
					{ "time": 0.3333, "angle": -10 },
					{ "time": 0.6666, "angle": -11.43 },
					{ "time": 1, "angle": 0 }
				]
			},
			"tail_07": {
				"rotate": [
					{ "time": 0, "angle": 25.92 },
					{ "time": 0.1666, "angle": -16.34 },
					{ "time": 0.3333, "angle": -22.2 },
					{ "time": 0.6666, "angle": 29.7 },
					{ "time": 1, "angle": 25.92 }
				]
			},
			"cap_00_2": {
				"rotate": [
					{ "time": 0, "angle": 0 },
					{ "time": 0.3333, "angle": -4.81 },
					{ "time": 0.6666, "angle": 4.68 },
					{ "time": 1, "angle": 0 }
				]
			},
			"Root_All": {
				"rotate": [
					{ "time": 0, "angle": 0 }
				],
				"translate": [
					{ "time": 0, "x": 0, "y": 0 }
				]
			},
			"cao_01_2": {
				"rotate": [
					{ "time": 0, "angle": 0 },
					{ "time": 0.3333, "angle": 3.14 },
					{ "time": 0.6666, "angle": -0.39 },
					{ "time": 1, "angle": 0 }
				]
			},
			"cap_01_1": {
				"rotate": [
					{ "time": 0, "angle": 0 },
					{ "time": 0.3333, "angle": -7.48 },
					{ "time": 0.6666, "angle": 22.93 },
					{ "time": 1, "angle": 0 }
				]
			},
			"tail_06": {
				"rotate": [
					{ "time": 0, "angle": 20.15 },
					{ "time": 0.1666, "angle": -10.74 },
					{ "time": 0.3333, "angle": -16.97 },
					{ "time": 0.6666, "angle": 25.15 },
					{ "time": 1, "angle": 20.15 }
				]
			},
			"cap_01_2": {
				"rotate": [
					{ "time": 0, "angle": 0 },
					{ "time": 0.3333, "angle": -15.52 },
					{ "time": 0.6666, "angle": -19.28 },
					{ "time": 1, "angle": 0 }
				]
			},
			"leg_00_2": {
				"rotate": [
					{ "time": 0, "angle": 0 },
					{ "time": 0.3333, "angle": 5.31 },
					{ "time": 0.6666, "angle": -2.56 },
					{ "time": 1, "angle": 0 }
				]
			},
			"haie_00_1": {
				"rotate": [
					{ "time": 0, "angle": 0 },
					{ "time": 0.3333, "angle": -1.23 },
					{ "time": 0.6666, "angle": 5.5 },
					{ "time": 1, "angle": 0 }
				]
			},
			"tail_03": {
				"rotate": [
					{ "time": 0, "angle": -21.45 },
					{ "time": 0.3333, "angle": 11.03 },
					{ "time": 0.6666, "angle": 1.42 },
					{ "time": 1, "angle": -21.45 }
				]
			},
			"cap_00_1": {
				"rotate": [
					{ "time": 0, "angle": 0 },
					{ "time": 0.3333, "angle": 2.29 },
					{ "time": 0.6666, "angle": -1.47 },
					{ "time": 1, "angle": 0 }
				]
			},
			"fighters_02_4": {
				"rotate": [
					{ "time": 0, "angle": 0 },
					{ "time": 0.3333, "angle": -6.4 },
					{ "time": 1, "angle": 0 }
				]
			},
			"fighters_02_3": {
				"rotate": [
					{ "time": 0, "angle": 0 },
					{ "time": 0.3333, "angle": -6.4 },
					{ "time": 1, "angle": 0 }
				]
			},
			"fighters_00": {
				"rotate": [
					{ "time": 0, "angle": 0 },
					{ "time": 0.3333, "angle": 0.7 },
					{ "time": 0.6666, "angle": -1.91 },
					{ "time": 1, "angle": 0 }
				]
			},
			"tail_00": {
				"rotate": [
					{ "time": 0, "angle": -17.33 }
				]
			},
			"cap_01_4": {
				"rotate": [
					{ "time": 0, "angle": 0 },
					{ "time": 0.1666, "angle": 15.65 },
					{ "time": 0.3333, "angle": 391.53 },
					{ "time": 0.6666, "angle": -0.3 },
					{ "time": 1, "angle": 0 }
				]
			},
			"Ship_All": {
				"rotate": [
					{ "time": 0, "angle": 0 }
				],
				"translate": [
					{ "time": 0, "x": 0, "y": 0 }
				]
			},
			"Other_01": {
				"translate": [
					{ "time": 0, "x": -77.58, "y": 15.98 }
				],
				"scale": [
					{ "time": 0, "x": 2, "y": 2 }
				]
			}
		},
		"events": [
			{ "time": 0.0333, "name": "attack_point" }
		]
	},
	"normal": {
		"slots": {
			"Other": {
				"attachment": [
					{ "time": 0, "name": "Item_02" },
					{ "time": 0.0333, "name": "Item_03" },
					{ "time": 0.0666, "name": "Item_02" },
					{ "time": 0.1, "name": "Item_03" },
					{ "time": 0.1333, "name": "Item_02" },
					{ "time": 0.1666, "name": "Item_03" },
					{ "time": 0.2, "name": "Item_02" },
					{ "time": 0.2333, "name": "Item_03" },
					{ "time": 0.2666, "name": "Item_02" },
					{ "time": 0.3, "name": "Item_03" },
					{ "time": 0.3333, "name": "Item_02" },
					{ "time": 0.3666, "name": "Item_03" },
					{ "time": 0.4, "name": "Item_02" },
					{ "time": 0.4333, "name": "Item_03" },
					{ "time": 0.4666, "name": "Item_02" },
					{ "time": 0.5, "name": "Item_03" },
					{ "time": 0.5333, "name": "Item_02" },
					{ "time": 0.5666, "name": "Item_03" },
					{ "time": 0.6, "name": "Item_02" },
					{ "time": 0.6333, "name": "Item_03" },
					{ "time": 0.6666, "name": "Item_02" },
					{ "time": 0.7, "name": "Item_03" },
					{ "time": 0.7333, "name": "Item_02" },
					{ "time": 0.7666, "name": "Item_03" },
					{ "time": 0.8, "name": "Item_02" },
					{ "time": 0.8333, "name": "Item_03" },
					{ "time": 0.8666, "name": "Item_02" },
					{ "time": 0.9, "name": "Item_03" },
					{ "time": 0.9333, "name": "Item_02" },
					{ "time": 0.9666, "name": "Item_03" },
					{ "time": 1, "name": "Item_02" }
				]
			},
			"Rodney_body_normal_light": {
				"attachment": [
					{ "time": 0, "name": null }
				]
			},
			"weapon_effect_0001": {
				"attachment": [
					{ "time": 0, "name": null }
				]
			}
		},
		"bones": {
			"Root_All": {
				"rotate": [
					{ "time": 0, "angle": 0 }
				],
				"translate": [
					{ "time": 0, "x": 0, "y": 0 }
				]
			},
			"Ship_All": {
				"rotate": [
					{ "time": 0, "angle": 0 }
				],
				"translate": [
					{ "time": 0, "x": 0, "y": 0 }
				]
			},
			"Body": {
				"rotate": [
					{ "time": 0, "angle": 0, "curve": "stepped" },
					{ "time": 1, "angle": 0 }
				],
				"translate": [
					{
						"time": 0,
						"x": 0,
						"y": -126.57,
						"curve": [ 0.167, 0.49, 0.75, 1 ]
					},
					{
						"time": 0.5,
						"x": 0,
						"y": -133.47,
						"curve": [ 0.332, 0.56, 0.56, 0.74 ]
					},
					{ "time": 1, "x": 0, "y": -126.57 }
				]
			},
			"body_00_2": {
				"rotate": [
					{ "time": 0, "angle": 0.59 },
					{ "time": 0.3333, "angle": 16.56 },
					{ "time": 0.6666, "angle": -2.35 },
					{ "time": 1, "angle": 0.59 }
				]
			},
			"cap_01_1": {
				"rotate": [
					{ "time": 0, "angle": 0 },
					{ "time": 0.3333, "angle": -7.48 },
					{ "time": 0.6666, "angle": 22.93 },
					{ "time": 1, "angle": 0 }
				]
			},
			"cap_01_4": {
				"rotate": [
					{ "time": 0, "angle": 0 },
					{ "time": 0.1666, "angle": 15.65 },
					{ "time": 0.3333, "angle": 391.53 },
					{ "time": 0.6666, "angle": -0.3 },
					{ "time": 1, "angle": 0 }
				]
			},
			"cap_01_3": {
				"rotate": [
					{ "time": 0, "angle": 0 },
					{ "time": 0.1666, "angle": 12.76 },
					{ "time": 0.3333, "angle": 12.66 },
					{ "time": 0.6666, "angle": -22.02 },
					{ "time": 0.8666, "angle": -6.9 },
					{ "time": 1, "angle": 0 }
				]
			},
			"cap_01_2": {
				"rotate": [
					{ "time": 0, "angle": 0 },
					{ "time": 0.3333, "angle": -15.52 },
					{ "time": 0.6666, "angle": -19.28 },
					{ "time": 1, "angle": 0 }
				]
			},
			"fighters_02_1": {
				"rotate": [
					{ "time": 0, "angle": 0 },
					{ "time": 0.3333, "angle": -6.4 },
					{ "time": 1, "angle": 0 }
				]
			},
			"fighters_02_4": {
				"rotate": [
					{ "time": 0, "angle": 0 },
					{ "time": 0.3333, "angle": -6.4 },
					{ "time": 1, "angle": 0 }
				]
			},
			"fighters_02_3": {
				"rotate": [
					{ "time": 0, "angle": 0 },
					{ "time": 0.3333, "angle": -6.4 },
					{ "time": 1, "angle": 0 }
				]
			},
			"fighters_02_2": {
				"rotate": [
					{ "time": 0, "angle": 0 },
					{ "time": 0.3333, "angle": -6.4 },
					{ "time": 1, "angle": 0 }
				]
			},
			"tail_01": {
				"rotate": [
					{ "time": 0, "angle": 36.88 },
					{ "time": 0.3333, "angle": 19.24 },
					{ "time": 0.6666, "angle": 2.69 },
					{ "time": 1, "angle": 36.88 }
				]
			},
			"tail_07": {
				"rotate": [
					{ "time": 0, "angle": 25.92 },
					{ "time": 0.1666, "angle": -16.34 },
					{ "time": 0.3333, "angle": -22.2 },
					{ "time": 0.6666, "angle": 29.7 },
					{ "time": 1, "angle": 25.92 }
				]
			},
			"tail_06": {
				"rotate": [
					{ "time": 0, "angle": 20.15 },
					{ "time": 0.1666, "angle": -10.74 },
					{ "time": 0.3333, "angle": -16.97 },
					{ "time": 0.6666, "angle": 25.15 },
					{ "time": 1, "angle": 20.15 }
				]
			},
			"tail_05": {
				"rotate": [
					{ "time": 0, "angle": 12.92 },
					{ "time": 0.1666, "angle": -7.68 },
					{ "time": 0.3333, "angle": -14.41 },
					{ "time": 0.6666, "angle": 18.09 },
					{ "time": 1, "angle": 12.92 }
				]
			},
			"tail_04": {
				"rotate": [
					{ "time": 0, "angle": -23.4 },
					{ "time": 0.3333, "angle": 5.35 },
					{ "time": 0.6666, "angle": 22.53 },
					{ "time": 1, "angle": -23.4 }
				]
			},
			"tail_03": {
				"rotate": [
					{ "time": 0, "angle": -21.45 },
					{ "time": 0.3333, "angle": 11.03 },
					{ "time": 0.6666, "angle": 1.42 },
					{ "time": 1, "angle": -21.45 }
				]
			},
			"tail_02": {
				"rotate": [
					{ "time": 0, "angle": -17.47 },
					{ "time": 0.3333, "angle": 21.16 },
					{ "time": 0.6666, "angle": -11.64 },
					{ "time": 1, "angle": -17.47 }
				]
			},
			"tail_00": {
				"rotate": [
					{ "time": 0, "angle": -17.33 }
				]
			},
			"body_00_1": {
				"rotate": [
					{ "time": 0, "angle": 0 },
					{ "time": 0.3333, "angle": -3.56 },
					{ "time": 0.6666, "angle": 4.58 },
					{ "time": 1, "angle": 0 }
				]
			},
			"leg_00_1": {
				"rotate": [
					{ "time": 0, "angle": 0 },
					{ "time": 0.3333, "angle": 5.31 },
					{ "time": 0.6666, "angle": -2.56 },
					{ "time": 1, "angle": 0 }
				]
			},
			"leg_00_2": {
				"rotate": [
					{ "time": 0, "angle": 0 },
					{ "time": 0.3333, "angle": 5.31 },
					{ "time": 0.6666, "angle": -2.56 },
					{ "time": 1, "angle": 0 }
				]
			},
			"leg_01_1": {
				"rotate": [
					{ "time": 0, "angle": 0 },
					{ "time": 0.3333, "angle": 3.19 },
					{ "time": 0.6666, "angle": -7.54 },
					{ "time": 1, "angle": 0 }
				]
			},
			"leg_01_2": {
				"rotate": [
					{ "time": 0, "angle": 0 },
					{ "time": 0.3333, "angle": 3.19 },
					{ "time": 0.6666, "angle": -7.54 },
					{ "time": 1, "angle": 0 }
				]
			},
			"fighters_00": {
				"rotate": [
					{ "time": 0, "angle": 0 },
					{ "time": 0.3333, "angle": 0.7 },
					{ "time": 0.6666, "angle": -1.91 },
					{ "time": 1, "angle": 0 }
				]
			},
			"haie_00_1": {
				"rotate": [
					{ "time": 0, "angle": 0 },
					{ "time": 0.3333, "angle": -1.23 },
					{ "time": 0.6666, "angle": 5.5 },
					{ "time": 1, "angle": 0 }
				]
			},
			"haie_00_2": {
				"rotate": [
					{ "time": 0, "angle": 0 },
					{ "time": 0.3333, "angle": -10 },
					{ "time": 0.6666, "angle": -11.43 },
					{ "time": 1, "angle": 0 }
				]
			},
			"face_00": {
				"rotate": [
					{ "time": 0, "angle": 0 },
					{ "time": 0.3333, "angle": -2.67 },
					{ "time": 0.6666, "angle": 1.62 },
					{ "time": 1, "angle": 0 }
				],
				"translate": [
					{ "time": 0, "x": 0, "y": 0 },
					{ "time": 0.3333, "x": 0, "y": 0.54 },
					{ "time": 0.6666, "x": 0, "y": -1.08 },
					{ "time": 1, "x": 0, "y": 0 }
				]
			},
			"fighters_01": {
				"translate": [
					{ "time": 0, "x": 0, "y": 0 },
					{ "time": 0.3333, "x": -0.35, "y": 1.33 },
					{ "time": 0.6666, "x": 0.24, "y": -1.32 },
					{ "time": 1, "x": 0, "y": 0 }
				]
			},
			"cao_01_1": {
				"rotate": [
					{ "time": 0, "angle": 0 },
					{ "time": 0.3333, "angle": -5.89 },
					{ "time": 0.6666, "angle": -0.67 },
					{ "time": 1, "angle": 0 }
				]
			},
			"cao_01_2": {
				"rotate": [
					{ "time": 0, "angle": 0 },
					{ "time": 0.3333, "angle": 3.14 },
					{ "time": 0.6666, "angle": -0.39 },
					{ "time": 1, "angle": 0 }
				]
			},
			"cap_00_1": {
				"rotate": [
					{ "time": 0, "angle": 0 },
					{ "time": 0.3333, "angle": 2.29 },
					{ "time": 0.6666, "angle": -1.47 },
					{ "time": 1, "angle": 0 }
				]
			},
			"cap_00_2": {
				"rotate": [
					{ "time": 0, "angle": 0 },
					{ "time": 0.3333, "angle": -4.81 },
					{ "time": 0.6666, "angle": 4.68 },
					{ "time": 1, "angle": 0 }
				]
			},
			"fighters_02": {
				"translate": [
					{ "time": 0, "x": 0, "y": 0 },
					{ "time": 0.3333, "x": 0, "y": 1.84 },
					{ "time": 0.6666, "x": 0, "y": -0.69 },
					{ "time": 1, "x": 0, "y": 0 }
				]
			}
		}
	}
}
}