{
"skeleton": { "hash": "cO/O7245RVD8bWb3GDFaKyRNHK4", "spine": "3.2.01", "width": 616.59, "height": 1111.59, "images": "" },
"bones": [
	{ "name": "root" },
	{ "name": "bone", "parent": "root" },
	{ "name": "bone2", "parent": "bone" },
	{ "name": "TS", "parent": "bone2", "y": 69.06 },
	{ "name": "1", "parent": "TS" },
	{ "name": "F1", "parent": "1", "x": -30.86, "y": 540.42 },
	{ "name": "F2", "parent": "TS", "x": -32.02, "y": -95.1 },
	{ "name": "H1", "parent": "1", "x": -27.71, "y": 442.66 },
	{ "name": "H2", "parent": "TS", "x": 66.19, "y": -16.82 },
	{ "name": "PZ", "parent": "TS" },
	{ "name": "T1", "parent": "1", "x": -77.31, "y": 656.98 },
	{ "name": "T2", "parent": "TS", "x": -3.31 },
	{ "name": "TD", "parent": "TS", "x": -30.6, "y": -39.59 },
	{ "name": "TDH1", "parent": "1", "x": 4.9, "y": 650.32 },
	{ "name": "TDH2", "parent": "1", "x": 7.53, "y": 553.24 },
	{ "name": "TDH3", "parent": "1", "x": 91.68, "y": 453.43 },
	{ "name": "TDH4", "parent": "1", "x": 91.68, "y": 400.41 },
	{ "name": "shadow", "parent": "TS", "x": 17.79, "y": -79.45 }
],
"slots": [
	{ "name": "PZ", "bone": "PZ", "attachment": "PZ" },
	{ "name": "shadow1", "bone": "shadow", "attachment": "shadow1" },
	{ "name": "TD2", "bone": "TD", "attachment": "TD2" },
	{ "name": "T2", "bone": "T2", "attachment": "T2" },
	{ "name": "TDH2", "bone": "TDH2", "attachment": "TDH2" },
	{ "name": "TDH3", "bone": "TDH3", "attachment": "TDH3" },
	{ "name": "TDH4", "bone": "TDH4", "attachment": "TDH4" },
	{ "name": "T1", "bone": "T1", "attachment": "T1" },
	{ "name": "TDH1", "bone": "TDH1", "attachment": "TDH1" },
	{ "name": "H1", "bone": "H1", "attachment": "H1" },
	{ "name": "F2", "bone": "F2", "attachment": "F2" },
	{ "name": "H2", "bone": "H2", "attachment": "H2" },
	{ "name": "F1", "bone": "F1", "attachment": "F1" }
],
"skins": {
	"default": {
		"F1": {
			"F1": { "x": 22.26, "y": 8.72, "width": 600, "height": 600 }
		},
		"F2": {
			"F2": { "x": 32.02, "y": 132.66, "width": 600, "height": 600 }
		},
		"H1": {
			"H1": { "x": 19.1, "y": 106.48, "width": 600, "height": 600 }
		},
		"H2": {
			"H2": { "x": -66.19, "y": 54.37, "width": 600, "height": 600 }
		},
		"PZ": {
			"PZ": { "x": 6.5, "y": 51.28, "width": 600, "height": 600 }
		},
		"T1": {
			"T1": { "x": 68.7, "y": -107.83, "width": 600, "height": 600 }
		},
		"T2": {
			"T2": { "x": 11.3, "y": 47.31, "width": 600, "height": 600 },
			"T3": { "x": 11.3, "y": 47.31, "width": 600, "height": 600 },
			"T4": { "x": 11.3, "y": 47.31, "width": 600, "height": 600 }
		},
		"TD2": {
			"TD2": { "x": 30.6, "y": 77.14, "width": 600, "height": 600 },
			"TD3": { "x": 30.6, "y": 77.14, "width": 600, "height": 600 }
		},
		"TDH1": {
			"TDH1": { "x": -13.51, "y": -101.18, "width": 600, "height": 600 }
		},
		"TDH2": {
			"TDH2": { "x": -16.13, "y": -4.1, "width": 600, "height": 600 }
		},
		"TDH3": {
			"TDH3": { "x": -100.28, "y": 95.71, "width": 600, "height": 600 }
		},
		"TDH4": {
			"TDH4": { "x": -100.28, "y": 148.73, "width": 600, "height": 600 }
		},
		"shadow1": {
			"shadow1": { "x": -17.79, "y": 117, "width": 600, "height": 600 },
			"shadow2": { "x": -17.79, "y": 117, "width": 600, "height": 600 }
		}
	}
},
"animations": {
	"eat": {
		"slots": {
			"F1": {
				"color": [
					{ "time": 0, "color": "ffffff00" }
				]
			},
			"F2": {
				"color": [
					{ "time": 0.1666, "color": "ffffffff" },
					{ "time": 0.5, "color": "ffffffaa" },
					{ "time": 0.8333, "color": "ffffffff" },
					{ "time": 1.1666, "color": "ffffffaa" },
					{ "time": 1.5, "color": "ffffffff" },
					{ "time": 1.8333, "color": "ffffffaa" },
					{ "time": 2.1666, "color": "ffffffff" },
					{ "time": 2.5, "color": "ffffffaa" },
					{ "time": 2.8333, "color": "ffffffff" },
					{ "time": 3.1666, "color": "ffffffaa" },
					{ "time": 3.5, "color": "ffffffff" }
				]
			},
			"H1": {
				"color": [
					{ "time": 0, "color": "ffffff00" }
				]
			},
			"H2": {
				"color": [
					{ "time": 0.1666, "color": "ffffffff" },
					{ "time": 0.5, "color": "ffffffaa" },
					{ "time": 0.8333, "color": "ffffffff" },
					{ "time": 1.1666, "color": "ffffffaa" },
					{ "time": 1.5, "color": "ffffffff" },
					{ "time": 1.8333, "color": "ffffffaa" },
					{ "time": 2.1666, "color": "ffffffff" },
					{ "time": 2.5, "color": "ffffffaa" }
				],
				"attachment": [
					{ "time": 1.5, "name": null }
				]
			},
			"T1": {
				"color": [
					{ "time": 0, "color": "ffffff00" }
				]
			},
			"T2": {
				"color": [
					{ "time": 0.1666, "color": "ffffffff" },
					{ "time": 0.5, "color": "ffffffa4" },
					{ "time": 0.8333, "color": "ffffffe4" },
					{ "time": 1.1666, "color": "ffffffb1" },
					{ "time": 1.5, "color": "ffffffe9" },
					{ "time": 1.8333, "color": "ffffffb1" },
					{ "time": 2.1666, "color": "ffffffff" },
					{ "time": 2.5, "color": "ffffffbf" },
					{ "time": 2.8333, "color": "fffffff7" },
					{ "time": 3.1666, "color": "ffffffa5" },
					{ "time": 3.5, "color": "fffffff2" }
				],
				"attachment": [
					{ "time": 0, "name": "T2" },
					{ "time": 1.8333, "name": "T3" },
					{ "time": 3.1666, "name": "T4" }
				]
			},
			"TD2": {
				"color": [
					{ "time": 0.1666, "color": "ffffffff" },
					{ "time": 0.5, "color": "ffffffaa" },
					{ "time": 0.8333, "color": "ffffffff" },
					{ "time": 1.1666, "color": "ffffffaa" },
					{ "time": 1.5, "color": "ffffffff" },
					{ "time": 1.8333, "color": "ffffffaa" },
					{ "time": 2.1666, "color": "ffffffff" },
					{ "time": 2.5, "color": "ffffffaa" },
					{ "time": 2.8333, "color": "ffffffff" },
					{ "time": 3.1666, "color": "ffffffaa" }
				],
				"attachment": [
					{ "time": 1.8333, "name": "TD3" },
					{ "time": 3.1666, "name": null }
				]
			},
			"TDH1": {
				"color": [
					{ "time": 0, "color": "ffffff00" }
				]
			},
			"TDH2": {
				"color": [
					{ "time": 0, "color": "ffffff00" }
				]
			},
			"TDH3": {
				"color": [
					{ "time": 0, "color": "ffffff00" }
				]
			},
			"TDH4": {
				"color": [
					{ "time": 0, "color": "ffffff00" }
				]
			},
			"shadow1": {
				"attachment": [
					{ "time": 1.8333, "name": "shadow2" },
					{ "time": 3.1666, "name": null }
				]
			}
		},
		"bones": {
			"PZ": {
				"rotate": [
					{ "time": 0, "angle": 0 }
				],
				"translate": [
					{ "time": 0, "x": 0, "y": 0 }
				],
				"scale": [
					{ "time": 0, "x": 1, "y": 1 }
				]
			},
			"TS": {
				"rotate": [
					{ "time": 0, "angle": 0, "curve": "stepped" },
					{ "time": 3.6666, "angle": 0 }
				],
				"translate": [
					{ "time": 0, "x": 0, "y": 0 }
				],
				"scale": [
					{ "time": 0, "x": 1, "y": 1 }
				]
			},
			"F2": {
				"rotate": [
					{ "time": 1.8, "angle": 0 },
					{ "time": 1.8333, "angle": -8.78, "curve": "stepped" },
					{ "time": 3.1333, "angle": -8.78 },
					{ "time": 3.1666, "angle": 6.9 }
				],
				"translate": [
					{ "time": 1.8, "x": 0, "y": 0 },
					{ "time": 1.8333, "x": 6.89, "y": -6.89, "curve": "stepped" },
					{ "time": 3.1333, "x": 6.89, "y": -6.89 },
					{ "time": 3.1666, "x": 6.89, "y": -20.67 }
				]
			}
		}
	},
	"normal": {
		"slots": {
			"F1": {
				"color": [
					{ "time": 0, "color": "ffffff00" }
				]
			},
			"H1": {
				"color": [
					{ "time": 0, "color": "ffffff00" }
				]
			},
			"T1": {
				"color": [
					{ "time": 0, "color": "ffffff00" }
				]
			},
			"TDH1": {
				"color": [
					{ "time": 0, "color": "ffffff00" }
				]
			},
			"TDH2": {
				"color": [
					{ "time": 0, "color": "ffffff00" }
				]
			},
			"TDH3": {
				"color": [
					{ "time": 0, "color": "ffffff00" }
				]
			},
			"TDH4": {
				"color": [
					{ "time": 0, "color": "ffffff00" }
				]
			}
		},
		"bones": {
			"PZ": {
				"rotate": [
					{ "time": 0, "angle": 0, "curve": "stepped" },
					{ "time": 1, "angle": 0 }
				],
				"translate": [
					{ "time": 0, "x": 0, "y": 0, "curve": "stepped" },
					{ "time": 1, "x": 0, "y": 0 }
				],
				"scale": [
					{ "time": 0, "x": 1, "y": 1, "curve": "stepped" },
					{ "time": 1, "x": 1, "y": 1 }
				]
			},
			"TS": {
				"rotate": [
					{ "time": 0, "angle": 0, "curve": "stepped" },
					{ "time": 2, "angle": 0 }
				],
				"translate": [
					{ "time": 0, "x": 0, "y": 0, "curve": "stepped" },
					{ "time": 2, "x": 0, "y": 0 }
				],
				"scale": [
					{ "time": 0, "x": 1, "y": 1 },
					{ "time": 1, "x": 0.99, "y": 0.99 },
					{ "time": 2, "x": 1, "y": 1 }
				]
			}
		}
	},
	"normal2": {
		"slots": {
			"F1": {
				"color": [
					{ "time": 0, "color": "ffffff00" }
				]
			},
			"F2": {
				"color": [
					{ "time": 0, "color": "ffffffff" }
				]
			},
			"H1": {
				"color": [
					{ "time": 0, "color": "ffffff00" }
				]
			},
			"H2": {
				"color": [
					{ "time": 0, "color": "ffffff00" }
				]
			},
			"PZ": {
				"attachment": [
					{ "time": 0, "name": "PZ" }
				]
			},
			"T1": {
				"color": [
					{ "time": 0, "color": "ffffff00" }
				]
			},
			"T2": {
				"attachment": [
					{ "time": 0, "name": "T4" }
				]
			},
			"TD2": {
				"color": [
					{ "time": 0, "color": "ffffff00" }
				]
			},
			"TDH1": {
				"color": [
					{ "time": 0, "color": "ffffff00" }
				]
			},
			"TDH2": {
				"color": [
					{ "time": 0, "color": "ffffff00" }
				]
			},
			"TDH3": {
				"color": [
					{ "time": 0, "color": "ffffff00" }
				]
			},
			"TDH4": {
				"color": [
					{ "time": 0, "color": "ffffff00" }
				]
			},
			"shadow1": {
				"color": [
					{ "time": 0, "color": "ffffff00" }
				]
			}
		},
		"bones": {
			"PZ": {
				"rotate": [
					{ "time": 0, "angle": 0, "curve": "stepped" },
					{ "time": 1, "angle": 0 }
				],
				"translate": [
					{ "time": 0, "x": 0, "y": 0, "curve": "stepped" },
					{ "time": 1, "x": 0, "y": 0 }
				],
				"scale": [
					{ "time": 0, "x": 1, "y": 1, "curve": "stepped" },
					{ "time": 1, "x": 1, "y": 1 }
				]
			},
			"TS": {
				"rotate": [
					{ "time": 0, "angle": 0, "curve": "stepped" },
					{ "time": 2, "angle": 0 }
				],
				"translate": [
					{ "time": 0, "x": 0, "y": 0, "curve": "stepped" },
					{ "time": 2, "x": 0, "y": 0 }
				],
				"scale": [
					{ "time": 0, "x": 1, "y": 1 },
					{ "time": 1, "x": 0.99, "y": 0.99 },
					{ "time": 2, "x": 1, "y": 1 }
				]
			},
			"F2": {
				"rotate": [
					{ "time": 0, "angle": 6.9 }
				],
				"translate": [
					{ "time": 0, "x": 6.89, "y": -20.67 }
				]
			}
		}
	},
	"start": {
		"slots": {
			"F1": {
				"color": [
					{ "time": 0, "color": "ffffff00", "curve": "stepped" },
					{ "time": 0.3333, "color": "ffffff00" },
					{ "time": 0.5, "color": "ffffffff", "curve": "stepped" },
					{ "time": 1.1666, "color": "ffffffff" },
					{ "time": 1.3333, "color": "ffffff00" }
				]
			},
			"F2": {
				"color": [
					{ "time": 0, "color": "ffffff00", "curve": "stepped" },
					{ "time": 1, "color": "ffffff00" },
					{ "time": 1.1666, "color": "ffffffff" }
				]
			},
			"H1": {
				"color": [
					{ "time": 0, "color": "ffffff00", "curve": "stepped" },
					{ "time": 0.3333, "color": "ffffff00" },
					{ "time": 0.5, "color": "ffffffff", "curve": "stepped" },
					{ "time": 1, "color": "ffffffff" },
					{ "time": 1.1666, "color": "ffffff00" }
				]
			},
			"H2": {
				"color": [
					{ "time": 0, "color": "ffffff00", "curve": "stepped" },
					{ "time": 1, "color": "ffffff00" },
					{ "time": 1.1666, "color": "ffffffff" }
				]
			},
			"PZ": {
				"color": [
					{ "time": 0, "color": "ffffff00" },
					{ "time": 0.2666, "color": "ffffffff" }
				]
			},
			"T1": {
				"color": [
					{ "time": 0, "color": "ffffff00", "curve": "stepped" },
					{ "time": 0.1666, "color": "ffffff00" },
					{ "time": 0.3333, "color": "ffffffff", "curve": "stepped" },
					{ "time": 0.8333, "color": "ffffffff" },
					{ "time": 1, "color": "ffffff00" }
				]
			},
			"T2": {
				"color": [
					{ "time": 0, "color": "ffffff00", "curve": "stepped" },
					{ "time": 0.8, "color": "ffffff00" },
					{ "time": 0.8666, "color": "ffffff24" },
					{ "time": 1, "color": "ffffffff" }
				]
			},
			"TD2": {
				"color": [
					{ "time": 0, "color": "ffffff00", "curve": "stepped" },
					{ "time": 1, "color": "ffffff00" },
					{ "time": 1.1666, "color": "ffffffff" }
				]
			},
			"TDH1": {
				"color": [
					{ "time": 0, "color": "ffffff00", "curve": "stepped" },
					{ "time": 0.3333, "color": "ffffff00" },
					{ "time": 0.5, "color": "ffffffff", "curve": "stepped" },
					{ "time": 1, "color": "ffffffff" },
					{ "time": 1.1666, "color": "ffffff00" }
				]
			},
			"TDH2": {
				"color": [
					{ "time": 0, "color": "ffffff00", "curve": "stepped" },
					{ "time": 0.3333, "color": "ffffff00" },
					{ "time": 0.5, "color": "ffffffff", "curve": "stepped" },
					{ "time": 1, "color": "ffffffff" },
					{ "time": 1.1666, "color": "ffffff00" }
				]
			},
			"TDH3": {
				"color": [
					{ "time": 0, "color": "ffffff00", "curve": "stepped" },
					{ "time": 0.3333, "color": "ffffff00" },
					{ "time": 0.5, "color": "ffffffff", "curve": "stepped" },
					{ "time": 1, "color": "ffffffff" },
					{ "time": 1.1666, "color": "ffffff00" }
				]
			},
			"TDH4": {
				"color": [
					{ "time": 0, "color": "ffffff00", "curve": "stepped" },
					{ "time": 0.3333, "color": "ffffff00" },
					{ "time": 0.5, "color": "ffffffff", "curve": "stepped" },
					{ "time": 1, "color": "ffffffff" },
					{ "time": 1.1666, "color": "ffffff00" }
				]
			},
			"shadow1": {
				"color": [
					{ "time": 0, "color": "ffffff00", "curve": "stepped" },
					{ "time": 0.8333, "color": "ffffff00" },
					{ "time": 1.3333, "color": "ffffffff" }
				]
			}
		},
		"bones": {
			"PZ": {
				"rotate": [
					{ "time": 1.5, "angle": 0 }
				],
				"translate": [
					{ "time": 0, "x": 0, "y": 59.49 },
					{ "time": 0.2666, "x": 0, "y": 0, "curve": "stepped" },
					{ "time": 1.5, "x": 0, "y": 0 }
				],
				"scale": [
					{ "time": 0, "x": 0.527, "y": 0.527 },
					{ "time": 0.2666, "x": 1, "y": 1, "curve": "stepped" },
					{ "time": 1.5, "x": 1, "y": 1 }
				]
			},
			"TS": {
				"rotate": [
					{ "time": 1.5, "angle": 0 }
				],
				"translate": [
					{ "time": 1.5, "x": 0, "y": 0 }
				],
				"scale": [
					{ "time": 1.5, "x": 1, "y": 1 }
				]
			},
			"T2": {
				"rotate": [
					{ "time": 1.1666, "angle": 0 }
				],
				"scale": [
					{ "time": 0.8666, "x": 0.959, "y": 0.959 },
					{ "time": 1.4333, "x": 1, "y": 1 }
				]
			},
			"H1": {
				"rotate": [
					{ "time": 0.3333, "angle": 4 },
					{ "time": 1.1, "angle": -118.86 }
				],
				"translate": [
					{ "time": 0.3333, "x": 0, "y": 33.41 },
					{ "time": 1.1, "x": 0, "y": -476.48 }
				]
			},
			"TDH1": {
				"rotate": [
					{ "time": 0.3333, "angle": 2.94 },
					{ "time": 1.1, "angle": -79.74 }
				],
				"translate": [
					{ "time": 0.3, "x": 0, "y": 67.01 },
					{ "time": 0.3333, "x": 0, "y": 109.85 },
					{ "time": 1.1, "x": 0, "y": -620.28 }
				]
			},
			"TDH2": {
				"rotate": [
					{ "time": 0.3333, "angle": 2.94 },
					{ "time": 1.1, "angle": -28.69 }
				],
				"translate": [
					{ "time": 0.3333, "x": 0, "y": 3.55 },
					{ "time": 1.1, "x": 0, "y": -660.61 }
				]
			},
			"TDH3": {
				"rotate": [
					{ "time": 0.3333, "angle": 2.94 },
					{ "time": 1.1, "angle": -28.69 }
				],
				"translate": [
					{ "time": 0.3333, "x": 0, "y": 8.17 },
					{ "time": 1.1, "x": 0, "y": -496.47 }
				]
			},
			"T1": {
				"rotate": [
					{ "time": 0.1666, "angle": 3.47 },
					{ "time": 0.9333, "angle": -3.79 }
				],
				"translate": [
					{ "time": 0.1666, "x": 34.75, "y": -167.79 },
					{ "time": 0.9333, "x": 48.12, "y": -618.19 }
				],
				"scale": [
					{ "time": 0.1666, "x": 0.879, "y": 0.879 },
					{ "time": 0.9333, "x": 1.003, "y": 1.003 }
				]
			},
			"F1": {
				"rotate": [
					{ "time": 0.3333, "angle": -60.37 },
					{ "time": 1.2666, "angle": -164.66 }
				],
				"translate": [
					{ "time": 0.3333, "x": 0, "y": -12.06 },
					{ "time": 1.2666, "x": 24.06, "y": -596.64 }
				]
			},
			"TD": {
				"rotate": [
					{ "time": 1, "angle": 5.14 },
					{ "time": 1.1666, "angle": 0 }
				],
				"scale": [
					{ "time": 1, "x": 0.927, "y": 0.927 },
					{ "time": 1.1666, "x": 1, "y": 1 }
				]
			},
			"TDH4": {
				"rotate": [
					{ "time": 0.3333, "angle": 2.94 },
					{ "time": 1.1, "angle": -28.69 }
				],
				"translate": [
					{ "time": 0.3333, "x": 0, "y": 8.17 },
					{ "time": 1.1, "x": 0, "y": -496.47 }
				]
			},
			"F2": {
				"rotate": [
					{ "time": 1, "angle": 6.45 },
					{ "time": 1.1666, "angle": 0 }
				]
			},
			"H2": {
				"rotate": [
					{ "time": 1.1666, "angle": 0 }
				]
			}
		}
	}
}
}