{
"skeleton": { "hash": "uL+Gk93Nv8HJPTqRp+AhsRb5gjs", "spine": "2.1.27", "width": 305.87, "height": 425.24, "images": "" },
"bones": [
	{ "name": "Root_All", "scaleX": 1.01, "scaleY": 1.01 },
	{ "name": "Light_00", "parent": "Root_All" },
	{ "name": "Light_01", "parent": "Root_All" },
	{ "name": "Shadow_00", "parent": "Root_All" },
	{ "name": "Ship_All", "parent": "Root_All" },
	{ "name": "Body", "parent": "Ship_All", "length": 255.84, "x": 7.65, "y": -9.46, "rotation": 90 },
	{ "name": "Antiaircraft", "parent": "Body", "length": 44.62, "x": 161.59, "y": -61.04, "rotation": -90 },
	{ "name": "Attack_Point", "parent": "Body", "length": 25.69, "x": 110.62, "y": -83.52, "rotation": -88.64 },
	{ "name": "Body_Front", "parent": "Body", "length": 37.11, "x": 51.84, "y": 60, "rotation": -92.25 },
	{ "name": "Damage_Point", "parent": "Body", "length": 22.56, "x": 114.34, "y": -0.01, "rotation": -90 },
	{ "name": "Dialogue", "parent": "Body", "length": 57.85, "x": 187.87, "y": -65.3, "rotation": -90 },
	{ "name": "Expression", "parent": "Body", "length": 46.33, "x": 221.51, "y": -45.5, "rotation": -42.65 },
	{ "name": "Face", "parent": "Body", "length": 66.94, "x": 180, "y": 30, "rotation": 270 },
	{ "name": "Ship", "parent": "Body", "length": 127.17, "x": 100, "y": 60, "rotation": 270 },
	{ "name": "Smoke_L1", "parent": "Body", "length": 62.03, "x": 110.16, "y": -56.21, "rotation": -36.59 },
	{ "name": "Smoke_R1", "parent": "Body", "length": 98.78, "x": 72.12, "y": 88.5, "rotation": 10.72 },
	{ "name": "Throw_Point", "parent": "Body", "length": 24.91, "x": 53.87, "y": -61.9, "rotation": -88.64 }
],
"slots": [
	{ "name": "Rodney_ship_armor_normal", "bone": "Ship", "attachment": "Ship_armor_normal" },
	{ "name": "Light_Ship", "bone": "Ship", "blend": "additive" },
	{ "name": "Rodney_body_normal", "bone": "Body", "attachment": "Rodney_body_normal" },
	{ "name": "Rodney_eyes_normal", "bone": "Face", "attachment": "Rodney_eyes_normal" },
	{ "name": "Light_Body", "bone": "Body", "attachment": "Rodney_ship_body_normal_light", "blend": "additive" },
	{ "name": "Body_Hand", "bone": "Body_Front", "attachment": "Front_Picture" },
	{ "name": "Body_Fornt_Light", "bone": "Body_Front", "attachment": "Front_Light", "blend": "additive" },
	{ "name": "Rodney_body_shadow_00", "bone": "Shadow_00", "attachment": "Rodney_body_shadow_00" },
	{ "name": "Light_new_01_0001", "bone": "Light_01", "attachment": "Light_new_01_0001", "blend": "additive" },
	{ "name": "Light_new_02_0001", "bone": "Light_01", "attachment": "Light_new_02_0001", "blend": "additive" },
	{ "name": "Light_red", "bone": "Light_00", "attachment": "Light_red", "blend": "additive" }
],
"skins": {
	"default": {
		"Light_Body": {
			"Rodney_ship_body_normal_light": { "x": 130.44, "y": 10.44, "rotation": -90, "width": 300, "height": 300 }
		},
		"Light_new_01_0001": {
			"Light_new_01_0001": { "width": 250, "height": 150 },
			"Light_new_01_0002": { "width": 250, "height": 150 },
			"Light_new_01_0003": { "width": 250, "height": 150 },
			"Light_new_01_0004": { "width": 250, "height": 150 },
			"Light_new_01_0005": { "width": 250, "height": 150 },
			"Light_new_01_0006": { "width": 250, "height": 150 },
			"Light_new_01_0007": { "width": 250, "height": 150 },
			"Light_new_01_0008": { "width": 250, "height": 150 },
			"Light_new_01_0009": { "width": 250, "height": 150 },
			"Light_new_01_0010": { "width": 250, "height": 150 }
		},
		"Light_new_02_0001": {
			"Light_new_02_0001": { "width": 250, "height": 150 },
			"Light_new_02_0002": { "width": 250, "height": 150 },
			"Light_new_02_0003": { "width": 250, "height": 150 },
			"Light_new_02_0004": { "width": 250, "height": 150 },
			"Light_new_02_0005": { "width": 250, "height": 150 },
			"Light_new_02_0006": { "width": 250, "height": 150 },
			"Light_new_02_0007": { "width": 250, "height": 150 },
			"Light_new_02_0008": { "width": 250, "height": 150 }
		},
		"Light_red": {
			"Light_red": { "width": 96, "height": 249 }
		},
		"Rodney_body_normal": {
			"Rodney_body_normal": { "x": 130.44, "y": 10.44, "rotation": -90, "width": 300, "height": 300 }
		},
		"Rodney_body_shadow_00": {
			"Rodney_body_shadow_00": { "width": 300, "height": 300 }
		},
		"Rodney_eyes_normal": {
			"Rodney_eyes_damage": { "x": 19.55, "y": -49.55, "width": 300, "height": 300 },
			"Rodney_eyes_normal": { "x": 19.55, "y": -49.55, "width": 300, "height": 300 }
		}
	},
	"damage": {
		"Body_Fornt_Light": {
			"Front_Light": { "name": "Rodney_fornt_damage_light", "x": 46.46, "y": 80.46, "rotation": 2.25, "width": 300, "height": 300 }
		},
		"Body_Hand": {
			"Front_Picture": { "name": "Rodney_fornt_damage", "x": 46.46, "y": 80.46, "rotation": 2.25, "width": 300, "height": 300 }
		},
		"Light_Ship": {
			"Ship_light_change": { "name": "Rodney_armor_damage_light", "x": 49.55, "y": 30.44, "width": 300, "height": 300 }
		},
		"Rodney_ship_armor_normal": {
			"Ship_armor_normal": { "name": "Rodney_ship_armor_damage", "x": 49.55, "y": 30.44, "width": 300, "height": 300 }
		}
	},
	"normal": {
		"Body_Fornt_Light": {
			"Front_Light": { "name": "Rodney_fornt_normal_light", "x": 46.46, "y": 80.46, "rotation": 2.25, "width": 300, "height": 300 }
		},
		"Body_Hand": {
			"Front_Picture": { "name": "Rodney_fornt_normal", "x": 46.46, "y": 80.46, "rotation": 2.25, "width": 300, "height": 300 }
		},
		"Light_Ship": {
			"Ship_light_change": { "name": "Rodney_armor_normal_light", "x": 49.55, "y": 30.44, "width": 300, "height": 300 }
		},
		"Rodney_ship_armor_normal": {
			"Ship_armor_normal": { "name": "Rodney_ship_armor_normal", "x": 49.55, "y": 30.44, "width": 300, "height": 300 }
		}
	}
},
"events": {
	"Antiaircraft": {},
	"Dodging_point": {},
	"End": {},
	"Hit_point": {},
	"attack_point": {},
	"damage_point": {},
	"throw_point": {}
},
"animations": {
	"Antiaircraft": {
		"slots": {
			"Body_Fornt_Light": {
				"attachment": [
					{ "time": 0, "name": null },
					{ "time": 0.0666, "name": "Front_Light" },
					{ "time": 0.5, "name": null },
					{ "time": 0.6, "name": "Front_Light" },
					{ "time": 1.2666, "name": null },
					{ "time": 1.3666, "name": "Front_Light" },
					{ "time": 2, "name": null }
				],
				"color": [
					{ "time": 0.0666, "color": "fffffffd" },
					{ "time": 0.1666, "color": "ffffff00" },
					{ "time": 0.2, "color": "ffffffff" },
					{ "time": 0.3333, "color": "ffffff00" },
					{ "time": 0.3666, "color": "ffffffff" },
					{ "time": 0.4666, "color": "ffffff00" },
					{ "time": 0.6, "color": "ffffffff" },
					{ "time": 0.7333, "color": "ffffff00" },
					{ "time": 0.8, "color": "ffffffff" },
					{ "time": 0.9, "color": "ffffff00" },
					{ "time": 0.9666, "color": "ffffffff" },
					{ "time": 1.1, "color": "ffffff00" },
					{ "time": 1.1333, "color": "ffffffff" },
					{ "time": 1.2333, "color": "ffffff00" },
					{ "time": 1.3666, "color": "ffffffff" },
					{ "time": 1.4666, "color": "ffffff00" },
					{ "time": 1.5333, "color": "ffffffff" },
					{ "time": 1.6333, "color": "ffffff00" },
					{ "time": 1.7, "color": "ffffffff" },
					{ "time": 1.8333, "color": "ffffff00" },
					{ "time": 1.8666, "color": "ffffffff" },
					{ "time": 1.9666, "color": "ffffff00" }
				]
			},
			"Body_Hand": {
				"attachment": [
					{ "time": 0, "name": "Front_Picture" }
				]
			},
			"Light_Body": {
				"attachment": [
					{ "time": 0, "name": null },
					{ "time": 0.0666, "name": "Rodney_ship_body_normal_light" },
					{ "time": 0.5, "name": null },
					{ "time": 0.6, "name": "Rodney_ship_body_normal_light" },
					{ "time": 1.2666, "name": null },
					{ "time": 1.3666, "name": "Rodney_ship_body_normal_light" },
					{ "time": 2, "name": null }
				],
				"color": [
					{ "time": 0.0666, "color": "fffffffd" },
					{ "time": 0.1666, "color": "ffffff00" },
					{ "time": 0.2, "color": "ffffffff" },
					{ "time": 0.3333, "color": "ffffff00" },
					{ "time": 0.3666, "color": "ffffffff" },
					{ "time": 0.4666, "color": "ffffff00" },
					{ "time": 0.6, "color": "ffffffff" },
					{ "time": 0.7333, "color": "ffffff00" },
					{ "time": 0.8, "color": "ffffffff" },
					{ "time": 0.9, "color": "ffffff00" },
					{ "time": 0.9666, "color": "ffffffff" },
					{ "time": 1.1, "color": "ffffff00" },
					{ "time": 1.1333, "color": "ffffffff" },
					{ "time": 1.2333, "color": "ffffff00" },
					{ "time": 1.3666, "color": "ffffffff" },
					{ "time": 1.4666, "color": "ffffff00" },
					{ "time": 1.5333, "color": "ffffffff" },
					{ "time": 1.6333, "color": "ffffff00" },
					{ "time": 1.7, "color": "ffffffff" },
					{ "time": 1.8333, "color": "ffffff00" },
					{ "time": 1.8666, "color": "ffffffff" },
					{ "time": 1.9666, "color": "ffffff00" }
				]
			},
			"Light_Ship": {
				"attachment": [
					{ "time": 0, "name": null },
					{ "time": 0.0666, "name": "Ship_light_change" },
					{ "time": 0.5, "name": null },
					{ "time": 0.6, "name": "Ship_light_change" },
					{ "time": 1.2666, "name": null },
					{ "time": 1.3666, "name": "Ship_light_change" },
					{ "time": 2, "name": null }
				],
				"color": [
					{ "time": 0.0666, "color": "fffffffd" },
					{ "time": 0.1666, "color": "ffffff00" },
					{ "time": 0.2, "color": "ffffffff" },
					{ "time": 0.3333, "color": "ffffff00" },
					{ "time": 0.3666, "color": "ffffffff" },
					{ "time": 0.4666, "color": "ffffff00" },
					{ "time": 0.6, "color": "ffffffff" },
					{ "time": 0.7333, "color": "ffffff00" },
					{ "time": 0.8, "color": "ffffffff" },
					{ "time": 0.9, "color": "ffffff00" },
					{ "time": 0.9666, "color": "ffffffff" },
					{ "time": 1.1, "color": "ffffff00" },
					{ "time": 1.1333, "color": "ffffffff" },
					{ "time": 1.2333, "color": "ffffff00" },
					{ "time": 1.3666, "color": "ffffffff" },
					{ "time": 1.4666, "color": "ffffff00" },
					{ "time": 1.5333, "color": "ffffffff" },
					{ "time": 1.6333, "color": "ffffff00" },
					{ "time": 1.7, "color": "ffffffff" },
					{ "time": 1.8333, "color": "ffffff00" },
					{ "time": 1.8666, "color": "ffffffff" },
					{ "time": 1.9666, "color": "ffffff00" }
				]
			},
			"Light_new_01_0001": {
				"attachment": [
					{ "time": 0, "name": null }
				]
			},
			"Light_new_02_0001": {
				"attachment": [
					{ "time": 0, "name": null }
				]
			},
			"Light_red": {
				"attachment": [
					{ "time": 0, "name": null }
				]
			},
			"Rodney_body_shadow_00": {
				"attachment": [
					{ "time": 0, "name": null }
				]
			},
			"Rodney_ship_armor_normal": {
				"attachment": [
					{ "time": 0, "name": "Ship_armor_normal" }
				]
			}
		},
		"bones": {
			"Body": {
				"rotate": [
					{ "time": 0, "angle": 0, "curve": "stepped" },
					{ "time": 2, "angle": 0 }
				],
				"translate": [
					{ "time": 0, "x": 0, "y": 0, "curve": "stepped" },
					{ "time": 2, "x": 0, "y": 0 }
				]
			},
			"Ship": {
				"rotate": [
					{ "time": 0, "angle": 0, "curve": "stepped" },
					{ "time": 2, "angle": 0 }
				],
				"translate": [
					{
						"time": 0,
						"x": 0,
						"y": 0,
						"curve": [ 0.319, 0.33, 0.653, 0.66 ]
					},
					{
						"time": 0.5,
						"x": 1.79,
						"y": 0,
						"curve": [ 0.289, 0.43, 0.622, 0.73 ]
					},
					{
						"time": 1.5,
						"x": -2.75,
						"y": 0,
						"curve": [ 0.487, 0.33, 0.657, 0.5 ]
					},
					{ "time": 2, "x": 0, "y": 0 }
				]
			},
			"Root_All": {
				"rotate": [
					{ "time": 0, "angle": 0, "curve": "stepped" },
					{ "time": 2, "angle": 0 }
				],
				"translate": [
					{
						"time": 0,
						"x": 0,
						"y": 0,
						"curve": [ 0.255, 0.35, 0.6, 0.7 ]
					},
					{
						"time": 0.5,
						"x": 0,
						"y": -9.82,
						"curve": [ 0.3, 0.39, 0.641, 0.74 ]
					},
					{
						"time": 1,
						"x": 0,
						"y": -15.66,
						"curve": [ 0.322, 0.37, 0.652, 0.7 ]
					},
					{
						"time": 1.5,
						"x": 0,
						"y": -7.79,
						"curve": [ 0.314, 0.36, 0.644, 0.68 ]
					},
					{ "time": 2, "x": 0, "y": 0 }
				]
			},
			"Ship_All": {
				"rotate": [
					{ "time": 0, "angle": 0, "curve": "stepped" },
					{ "time": 2, "angle": 0 }
				],
				"translate": [
					{ "time": 0, "x": 0, "y": 0, "curve": "stepped" },
					{ "time": 2, "x": 0, "y": 0 }
				]
			},
			"Face": {
				"rotate": [
					{ "time": 0, "angle": 0, "curve": "stepped" },
					{ "time": 2, "angle": 0 }
				],
				"translate": [
					{
						"time": 0,
						"x": 0,
						"y": 0,
						"curve": [ 0.286, 0.34, 0.623, 0.67 ]
					},
					{
						"time": 0.5,
						"x": 0.64,
						"y": 0,
						"curve": [ 0.282, 0.37, 0.624, 0.71 ]
					},
					{
						"time": 1.5,
						"x": -1.28,
						"y": 0,
						"curve": [ 0.321, 0.37, 0.656, 0.71 ]
					},
					{ "time": 2, "x": 0, "y": 0 }
				]
			},
			"Body_Front": {
				"rotate": [
					{ "time": 0, "angle": 0, "curve": "stepped" },
					{ "time": 2, "angle": 0 }
				],
				"translate": [
					{ "time": 0, "x": 0, "y": 0 },
					{ "time": 1, "x": -6.08, "y": 0 },
					{ "time": 2, "x": 0, "y": 0 }
				]
			}
		},
		"events": [
			{ "time": 0.0666, "name": "Antiaircraft" }
		]
	},
	"Dodging": {
		"slots": {
			"Body_Fornt_Light": {
				"attachment": [
					{ "time": 0, "name": null },
					{ "time": 0.8333, "name": null }
				]
			},
			"Body_Hand": {
				"attachment": [
					{ "time": 0, "name": null },
					{ "time": 0.3333, "name": "Front_Picture" },
					{ "time": 0.8333, "name": "Front_Picture" }
				]
			},
			"Light_Body": {
				"attachment": [
					{ "time": 0, "name": null },
					{ "time": 0.8333, "name": null }
				]
			},
			"Light_Ship": {
				"attachment": [
					{ "time": 0, "name": null },
					{ "time": 0.8333, "name": null }
				]
			},
			"Light_new_01_0001": {
				"attachment": [
					{ "time": 0, "name": null },
					{ "time": 0.8333, "name": null }
				]
			},
			"Light_new_02_0001": {
				"attachment": [
					{ "time": 0, "name": null }
				]
			},
			"Light_red": {
				"attachment": [
					{ "time": 0, "name": null },
					{ "time": 0.8333, "name": null }
				]
			},
			"Rodney_body_normal": {
				"attachment": [
					{ "time": 0, "name": null },
					{ "time": 0.3333, "name": "Rodney_body_normal" }
				]
			},
			"Rodney_body_shadow_00": {
				"attachment": [
					{ "time": 0, "name": "Rodney_body_shadow_00" },
					{ "time": 0.8333, "name": null }
				],
				"color": [
					{ "time": 0, "color": "ffffffff" },
					{ "time": 0.0666, "color": "ffffff00" },
					{ "time": 0.1333, "color": "ffffffff" },
					{ "time": 0.2, "color": "ffffff00" }
				]
			},
			"Rodney_eyes_normal": {
				"attachment": [
					{ "time": 0, "name": null },
					{ "time": 0.3333, "name": "Rodney_eyes_normal" }
				]
			},
			"Rodney_ship_armor_normal": {
				"attachment": [
					{ "time": 0, "name": null },
					{ "time": 0.3333, "name": "Ship_armor_normal" }
				]
			}
		},
		"bones": {
			"Body": {
				"rotate": [
					{ "time": 0, "angle": 0 },
					{ "time": 0.3333, "angle": -3.5 },
					{ "time": 0.3666, "angle": 1.42 },
					{ "time": 0.4333, "angle": 3.24 },
					{ "time": 0.6, "angle": -1.71 },
					{ "time": 0.8333, "angle": 0 }
				],
				"translate": [
					{
						"time": 0,
						"x": 0,
						"y": 0,
						"curve": [ 0.266, 0.35, 0.607, 0.69 ]
					},
					{
						"time": 0.3333,
						"x": 76.72,
						"y": -2.77,
						"curve": [ 0.329, 0.33, 0.663, 0.67 ]
					},
					{
						"time": 0.3666,
						"x": 0.97,
						"y": -2.28,
						"curve": [ 0.328, 0.34, 0.662, 0.67 ]
					},
					{
						"time": 0.4333,
						"x": -89.74,
						"y": -1.82,
						"curve": [ 0.314, 0.35, 0.648, 0.68 ]
					},
					{
						"time": 0.6,
						"x": 17.4,
						"y": -2.13,
						"curve": [ 0.328, 0.35, 0.662, 0.69 ]
					},
					{ "time": 0.8333, "x": 0, "y": 0 }
				]
			},
			"Ship_All": {
				"rotate": [
					{ "time": 0, "angle": 0, "curve": "stepped" },
					{ "time": 0.8333, "angle": 0 }
				],
				"translate": [
					{ "time": 0, "x": 0, "y": 0, "curve": "stepped" },
					{ "time": 0.8333, "x": 0, "y": 0 }
				]
			},
			"Ship": {
				"rotate": [
					{
						"time": 0,
						"angle": 0,
						"curve": [ 0.266, 0.35, 0.607, 0.69 ]
					},
					{
						"time": 0.3333,
						"angle": -368.97,
						"curve": [ 0.329, 0.33, 0.662, 0.66 ]
					},
					{
						"time": 0.3666,
						"angle": -365.5,
						"curve": [ 0.325, 0.34, 0.659, 0.67 ]
					},
					{
						"time": 0.4333,
						"angle": -358.75,
						"curve": [ 0.315, 0.36, 0.65, 0.69 ]
					},
					{
						"time": 0.6333,
						"angle": -364.85,
						"curve": [ 0.322, 0.37, 0.657, 0.71 ]
					},
					{ "time": 0.8333, "angle": 0 }
				],
				"translate": [
					{
						"time": 0,
						"x": 0,
						"y": 0,
						"curve": [ 0.327, 0.33, 0.661, 0.66 ]
					},
					{
						"time": 0.3333,
						"x": 17.81,
						"y": -16.27,
						"curve": [ 0.332, 0.33, 0.666, 0.66 ]
					},
					{
						"time": 0.3666,
						"x": 8.84,
						"y": -3.9,
						"curve": [ 0.332, 0.33, 0.665, 0.66 ]
					},
					{
						"time": 0.4333,
						"x": -1.5,
						"y": 14.89,
						"curve": [ 0.33, 0.33, 0.663, 0.66 ]
					},
					{
						"time": 0.6333,
						"x": 9.29,
						"y": -4.01,
						"curve": [ 0.33, 0.33, 0.663, 0.66 ]
					},
					{ "time": 0.8333, "x": 0, "y": 0 }
				]
			},
			"Body_Front": {
				"rotate": [
					{ "time": 0, "angle": 0 },
					{ "time": 0.3333, "angle": -19.27 },
					{ "time": 0.3666, "angle": -7.35 },
					{ "time": 0.4333, "angle": 5.66 },
					{ "time": 0.6, "angle": -11.41 },
					{ "time": 0.8333, "angle": 0 }
				],
				"translate": [
					{ "time": 0, "x": 0, "y": 0 },
					{ "time": 0.3333, "x": -1.12, "y": -20.99 },
					{ "time": 0.3666, "x": -1.87, "y": -8.77 },
					{ "time": 0.4333, "x": -1.38, "y": 10.04 },
					{ "time": 0.6, "x": -1.35, "y": -9.39 },
					{ "time": 0.8333, "x": 0, "y": 0 }
				]
			},
			"Face": {
				"rotate": [
					{ "time": 0, "angle": 0, "curve": "stepped" },
					{ "time": 0.8333, "angle": 0 }
				],
				"translate": [
					{ "time": 0, "x": 0, "y": 0, "curve": "stepped" },
					{ "time": 0.8333, "x": 0, "y": 0 }
				]
			},
			"Root_All": {
				"rotate": [
					{ "time": 0, "angle": 0, "curve": "stepped" },
					{ "time": 0.8333, "angle": 0 }
				],
				"translate": [
					{ "time": 0, "x": 0, "y": 0, "curve": "stepped" },
					{ "time": 0.8333, "x": 0, "y": 0 }
				]
			},
			"Shadow_00": {
				"translate": [
					{ "time": 0, "x": -119.53, "y": 119.52 },
					{ "time": 0.0666, "x": 124.74, "y": 122.39 },
					{ "time": 0.1333, "x": -68.17, "y": 122.39 },
					{ "time": 0.2, "x": 0.56, "y": 122.39 }
				],
				"scale": [
					{ "time": 0, "x": 1.5, "y": 1 },
					{ "time": 0.2, "x": 1, "y": 1 }
				]
			}
		},
		"events": [
			{ "time": 0, "name": "Dodging_point" },
			{ "time": 0.8333, "name": "End" }
		]
	},
	"Hit": {
		"slots": {
			"Body_Fornt_Light": {
				"attachment": [
					{ "time": 0, "name": null },
					{ "time": 1, "name": null }
				]
			},
			"Body_Hand": {
				"attachment": [
					{ "time": 0, "name": "Front_Picture" },
					{ "time": 1, "name": "Front_Picture" }
				]
			},
			"Light_Body": {
				"attachment": [
					{ "time": 0, "name": null },
					{ "time": 1, "name": null }
				]
			},
			"Light_Ship": {
				"attachment": [
					{ "time": 0, "name": null },
					{ "time": 1, "name": null }
				]
			},
			"Light_new_01_0001": {
				"attachment": [
					{ "time": 0, "name": null },
					{ "time": 0.1666, "name": "Light_new_01_0001" },
					{ "time": 0.2, "name": "Light_new_01_0002" },
					{ "time": 0.2333, "name": "Light_new_01_0003" },
					{ "time": 0.2666, "name": "Light_new_01_0004" },
					{ "time": 0.3, "name": "Light_new_01_0005" },
					{ "time": 0.3333, "name": "Light_new_01_0006" },
					{ "time": 0.3666, "name": "Light_new_01_0007" },
					{ "time": 0.4, "name": "Light_new_01_0008" },
					{ "time": 0.4333, "name": "Light_new_01_0009" },
					{ "time": 0.4666, "name": "Light_new_01_0010" },
					{ "time": 0.5, "name": null },
					{ "time": 1, "name": null }
				]
			},
			"Light_new_02_0001": {
				"attachment": [
					{ "time": 0, "name": null },
					{ "time": 0.1666, "name": "Light_new_02_0001" },
					{ "time": 0.2, "name": "Light_new_02_0002" },
					{ "time": 0.2333, "name": "Light_new_02_0003" },
					{ "time": 0.2666, "name": "Light_new_02_0004" },
					{ "time": 0.3, "name": "Light_new_02_0005" },
					{ "time": 0.3333, "name": "Light_new_02_0006" },
					{ "time": 0.3666, "name": "Light_new_02_0007" },
					{ "time": 0.4, "name": "Light_new_02_0008" },
					{ "time": 0.4333, "name": null },
					{ "time": 1, "name": null }
				]
			},
			"Light_red": {
				"attachment": [
					{ "time": 0, "name": null },
					{ "time": 0.1666, "name": "Light_red" },
					{ "time": 1, "name": null }
				],
				"color": [
					{
						"time": 0.1666,
						"color": "ffffff00",
						"curve": [ 0.15, 0.32, 0.509, 0.67 ]
					},
					{
						"time": 0.2333,
						"color": "ffffffff",
						"curve": [ 0.248, 0.5, 0.664, 0.95 ]
					},
					{ "time": 0.4, "color": "ffffff00" }
				]
			},
			"Rodney_body_shadow_00": {
				"attachment": [
					{ "time": 0, "name": "Rodney_body_shadow_00" },
					{ "time": 1, "name": null }
				],
				"color": [
					{ "time": 0.2333, "color": "ffffffff" },
					{ "time": 0.3333, "color": "ffffff00" }
				]
			}
		},
		"bones": {
			"Body": {
				"rotate": [
					{
						"time": 0,
						"angle": 9.44,
						"curve": [ 0.299, 0.33, 0.634, 0.67 ]
					},
					{
						"time": 0.1666,
						"angle": -2.67,
						"curve": [ 0.308, 0.34, 0.643, 0.67 ]
					},
					{
						"time": 0.2666,
						"angle": 5.68,
						"curve": [ 0.321, 0.34, 0.655, 0.67 ]
					},
					{
						"time": 0.4666,
						"angle": -4.56,
						"curve": [ 0.321, 0.34, 0.655, 0.67 ]
					},
					{
						"time": 0.7333,
						"angle": 1.73,
						"curve": [ 0.324, 0.36, 0.659, 0.7 ]
					},
					{ "time": 1, "angle": 0 }
				],
				"translate": [
					{
						"time": 0,
						"x": -359.36,
						"y": 0,
						"curve": [ 0.299, 0.33, 0.634, 0.67 ]
					},
					{
						"time": 0.1666,
						"x": 6.08,
						"y": -1.78,
						"curve": [ 0.33, 0.33, 0.663, 0.66 ]
					},
					{
						"time": 0.2666,
						"x": -24.97,
						"y": 0.28,
						"curve": [ 0.329, 0.33, 0.662, 0.66 ]
					},
					{
						"time": 0.4666,
						"x": -0.07,
						"y": -0.1,
						"curve": [ 0.324, 0.33, 0.658, 0.67 ]
					},
					{
						"time": 0.7333,
						"x": -1.62,
						"y": -0.09,
						"curve": [ 0.325, 0.33, 0.658, 0.67 ]
					},
					{ "time": 1, "x": 0, "y": 0 }
				]
			},
			"Ship": {
				"rotate": [
					{
						"time": 0,
						"angle": -358.39,
						"curve": [ 0.299, 0.33, 0.634, 0.67 ]
					},
					{
						"time": 0.1666,
						"angle": -369.19,
						"curve": [ 0.308, 0.34, 0.643, 0.67 ]
					},
					{
						"time": 0.3333,
						"angle": -359.36,
						"curve": [ 0.311, 0.34, 0.646, 0.68 ]
					},
					{
						"time": 0.5333,
						"angle": -366.56,
						"curve": [ 0.316, 0.36, 0.651, 0.69 ]
					},
					{
						"time": 0.7666,
						"angle": -356.78,
						"curve": [ 0.322, 0.37, 0.657, 0.7 ]
					},
					{ "time": 1, "angle": 0 }
				],
				"translate": [
					{
						"time": 0,
						"x": -0.48,
						"y": 67.05,
						"curve": [ 0.33, 0.33, 0.664, 0.66 ]
					},
					{
						"time": 0.1666,
						"x": 14.59,
						"y": -46.23,
						"curve": [ 0.33, 0.33, 0.664, 0.66 ]
					},
					{
						"time": 0.3333,
						"x": -1.74,
						"y": 14.41,
						"curve": [ 0.33, 0.33, 0.663, 0.66 ]
					},
					{
						"time": 0.5333,
						"x": 10.65,
						"y": -3.71,
						"curve": [ 0.33, 0.33, 0.663, 0.66 ]
					},
					{
						"time": 0.7666,
						"x": -5.16,
						"y": 11.19,
						"curve": [ 0.33, 0.33, 0.663, 0.66 ]
					},
					{ "time": 1, "x": 0, "y": 0 }
				]
			},
			"Face": {
				"rotate": [
					{ "time": 0, "angle": 0, "curve": "stepped" },
					{ "time": 1, "angle": 0 }
				],
				"translate": [
					{ "time": 0, "x": 0, "y": 0, "curve": "stepped" },
					{ "time": 1, "x": 0, "y": 0 }
				]
			},
			"Body_Front": {
				"rotate": [
					{ "time": 0, "angle": 17.91 },
					{ "time": 0.1666, "angle": -25.07 },
					{ "time": 0.3333, "angle": 12.41 },
					{ "time": 0.5333, "angle": -10.2 },
					{ "time": 0.7666, "angle": 4.59 },
					{ "time": 1, "angle": 0 }
				],
				"translate": [
					{ "time": 0, "x": 15.16, "y": 72.86 },
					{ "time": 0.1666, "x": 1.02, "y": -16.85 },
					{ "time": 0.3333, "x": -2.26, "y": 12.95 },
					{ "time": 0.5333, "x": -1.05, "y": -3.93 },
					{ "time": 0.7666, "x": -1.11, "y": 5.1 },
					{ "time": 1, "x": 0, "y": 0 }
				]
			},
			"Root_All": {
				"rotate": [
					{ "time": 0, "angle": 0, "curve": "stepped" },
					{ "time": 1, "angle": 0 }
				],
				"translate": [
					{ "time": 0, "x": 0, "y": 0, "curve": "stepped" },
					{ "time": 1, "x": 0, "y": 0 }
				]
			},
			"Light_00": {
				"translate": [
					{ "time": 0.1666, "x": 28.21, "y": 111.46 },
					{ "time": 0.2333, "x": 51.25, "y": 111.46 },
					{ "time": 0.4, "x": 60.65, "y": 111.46 }
				],
				"scale": [
					{
						"time": 0.1666,
						"x": 0.719,
						"y": 0.641,
						"curve": [ 0.119, 0.59, 0.598, 0.93 ]
					},
					{ "time": 0.4, "x": 1.954, "y": 1.326 }
				]
			},
			"Shadow_00": {
				"rotate": [
					{ "time": 0, "angle": 5.06 },
					{ "time": 0.1666, "angle": -0.42 }
				],
				"translate": [
					{ "time": 0, "x": -418.18, "y": 112.02 },
					{ "time": 0.1666, "x": -23.02, "y": 119.95 }
				],
				"scale": [
					{ "time": 0, "x": 1.2, "y": 1 },
					{ "time": 0.1666, "x": 1.3, "y": 1 },
					{ "time": 0.3333, "x": 1, "y": 1 }
				]
			},
			"Ship_All": {
				"rotate": [
					{ "time": 0, "angle": 0, "curve": "stepped" },
					{ "time": 1, "angle": 0 }
				],
				"translate": [
					{ "time": 0, "x": 0, "y": 0, "curve": "stepped" },
					{ "time": 1, "x": 0, "y": 0 }
				]
			},
			"Light_01": {
				"rotate": [
					{ "time": 0.1666, "angle": 24.06 }
				],
				"translate": [
					{ "time": 0.1666, "x": 60.27, "y": 119.55 }
				],
				"scale": [
					{ "time": 0.1666, "x": 1.4, "y": 1.6 }
				]
			}
		},
		"events": [
			{ "time": 0.1666, "name": "Hit_point" },
			{ "time": 1, "name": "End" }
		]
	},
	"attack": {
		"slots": {
			"Body_Fornt_Light": {
				"attachment": [
					{ "time": 0, "name": null },
					{ "time": 0.1, "name": "Front_Light" },
					{ "time": 0.9, "name": null }
				],
				"color": [
					{ "time": 0.5333, "color": "fffffffb" },
					{ "time": 0.8333, "color": "ffffff00" }
				]
			},
			"Body_Hand": {
				"attachment": [
					{ "time": 0, "name": "Front_Picture" }
				]
			},
			"Light_Body": {
				"attachment": [
					{ "time": 0, "name": null },
					{ "time": 0.0666, "name": null },
					{ "time": 0.1, "name": "Rodney_ship_body_normal_light" }
				],
				"color": [
					{ "time": 0.5333, "color": "fffffffb" },
					{ "time": 0.8333, "color": "ffffff00" }
				]
			},
			"Light_Ship": {
				"attachment": [
					{ "time": 0, "name": null },
					{ "time": 0.1, "name": "Ship_light_change" },
					{ "time": 0.5, "name": "Ship_light_change" }
				],
				"color": [
					{ "time": 0.5333, "color": "fffffffc" },
					{ "time": 0.8333, "color": "ffffff00" }
				]
			},
			"Light_new_01_0001": {
				"attachment": [
					{ "time": 0, "name": null }
				]
			},
			"Light_new_02_0001": {
				"attachment": [
					{ "time": 0, "name": null }
				]
			},
			"Light_red": {
				"attachment": [
					{ "time": 0, "name": null }
				]
			},
			"Rodney_body_shadow_00": {
				"attachment": [
					{ "time": 0, "name": null }
				]
			},
			"Rodney_ship_armor_normal": {
				"attachment": [
					{ "time": 0, "name": "Ship_armor_normal" },
					{ "time": 0.9, "name": "Ship_armor_normal" },
					{ "time": 1.6666, "name": "Ship_armor_normal" }
				]
			}
		},
		"bones": {
			"Root_All": {
				"rotate": [
					{ "time": 0, "angle": 0, "curve": "stepped" },
					{ "time": 1.6666, "angle": 0 }
				],
				"translate": [
					{
						"time": 0,
						"x": 0,
						"y": 0,
						"curve": [ 0.255, 0.35, 0.6, 0.7 ]
					},
					{ "time": 0.0666, "x": 8.69, "y": 0 },
					{ "time": 0.1666, "x": -87.44, "y": 0 },
					{ "time": 0.3333, "x": -61.04, "y": 0 },
					{ "time": 0.5333, "x": -69.84, "y": 0 },
					{ "time": 1, "x": -85.6, "y": 0 },
					{ "time": 1.4, "x": 15.07, "y": 0 },
					{ "time": 1.6666, "x": 0, "y": 0 }
				]
			},
			"Ship": {
				"rotate": [
					{
						"time": 0,
						"angle": 0,
						"curve": [ 0.219, 0.41, 0.591, 0.77 ]
					},
					{ "time": 0.0666, "angle": -357.51 },
					{ "time": 0.1666, "angle": -363.25 },
					{ "time": 0.3333, "angle": -362.08 },
					{ "time": 1.4, "angle": -358.29 },
					{ "time": 1.6666, "angle": 0 }
				],
				"translate": [
					{
						"time": 0,
						"x": 0,
						"y": 0,
						"curve": [ 0.319, 0.33, 0.653, 0.66 ]
					},
					{ "time": 0.0666, "x": 0.81, "y": 0.6 },
					{ "time": 0.1666, "x": 6.07, "y": -0.21 },
					{ "time": 0.3333, "x": 4.52, "y": -2.2 },
					{ "time": 1, "x": 2.26, "y": -1.7 },
					{ "time": 1.4, "x": -0.3, "y": -1.89 },
					{ "time": 1.6666, "x": 0, "y": 0 }
				]
			},
			"Face": {
				"rotate": [
					{ "time": 0, "angle": 0, "curve": "stepped" },
					{ "time": 1.6666, "angle": 0 }
				],
				"translate": [
					{
						"time": 0,
						"x": 0,
						"y": 0,
						"curve": [ 0.286, 0.34, 0.623, 0.67 ]
					},
					{ "time": 0.1666, "x": 0, "y": 3.4 },
					{ "time": 0.3333, "x": 0, "y": -0.66 },
					{ "time": 0.9, "x": 0, "y": -1.2 },
					{ "time": 1, "x": 0, "y": -0.44 },
					{ "time": 1.4, "x": 0, "y": -5.01 },
					{ "time": 1.6666, "x": 0, "y": 0 }
				]
			},
			"Ship_All": {
				"rotate": [
					{ "time": 0, "angle": 0, "curve": "stepped" },
					{ "time": 1.6666, "angle": 0 }
				],
				"translate": [
					{ "time": 0, "x": 0, "y": 0, "curve": "stepped" },
					{ "time": 1.6666, "x": 0, "y": 0 }
				]
			},
			"Body": {
				"rotate": [
					{ "time": 0, "angle": 0, "curve": "stepped" },
					{ "time": 1.6666, "angle": 0 }
				],
				"translate": [
					{ "time": 0, "x": 0, "y": 0, "curve": "stepped" },
					{ "time": 1.6666, "x": 0, "y": 0 }
				]
			},
			"Attack_Point": {
				"rotate": [
					{ "time": 0.0666, "angle": 0 }
				],
				"translate": [
					{ "time": 0.0666, "x": 0, "y": 0 }
				]
			},
			"Body_Front": {
				"rotate": [
					{ "time": 0, "angle": 0 },
					{ "time": 0.0666, "angle": -9.27 },
					{ "time": 0.1333, "angle": 20.82 },
					{ "time": 0.2333, "angle": -1.27 },
					{ "time": 0.4, "angle": 6.84 },
					{ "time": 1.6666, "angle": 0 }
				],
				"translate": [
					{ "time": 0, "x": 0, "y": 0 },
					{ "time": 0.0666, "x": 0, "y": -3.87 },
					{ "time": 1.6666, "x": 0, "y": 0 }
				]
			}
		},
		"events": [
			{ "time": 0.0666, "name": "attack_point" }
		]
	},
	"damage": {
		"slots": {
			"Body_Fornt_Light": {
				"attachment": [
					{ "time": 0, "name": null },
					{ "time": 0.0666, "name": "Front_Light" },
					{ "time": 0.8666, "name": null }
				],
				"color": [
					{ "time": 0.5333, "color": "fffffffd" },
					{ "time": 0.7666, "color": "ffffff00" }
				]
			},
			"Body_Hand": {
				"attachment": [
					{ "time": 0, "name": "Front_Picture" }
				],
				"color": [
					{ "time": 0.0666, "color": "8c4c51ff", "curve": "stepped" },
					{ "time": 0.7666, "color": "8c4c51ff" },
					{ "time": 1.1333, "color": "ffffffff" }
				]
			},
			"Light_Body": {
				"attachment": [
					{ "time": 0, "name": null },
					{ "time": 0.0666, "name": "Rodney_ship_body_normal_light" },
					{ "time": 0.7666, "name": null }
				],
				"color": [
					{ "time": 0.5333, "color": "fffffffc" },
					{ "time": 0.7666, "color": "ffffff00" }
				]
			},
			"Light_Ship": {
				"attachment": [
					{ "time": 0, "name": null },
					{ "time": 0.0666, "name": "Ship_light_change" },
					{ "time": 0.7666, "name": null }
				],
				"color": [
					{ "time": 0.5333, "color": "fffffffc" },
					{ "time": 0.7666, "color": "ffffff00" }
				]
			},
			"Light_new_01_0001": {
				"attachment": [
					{ "time": 0, "name": null }
				]
			},
			"Light_new_02_0001": {
				"attachment": [
					{ "time": 0, "name": null }
				]
			},
			"Light_red": {
				"attachment": [
					{ "time": 0, "name": null }
				]
			},
			"Rodney_body_normal": {
				"color": [
					{ "time": 0.0666, "color": "8c4c51ff", "curve": "stepped" },
					{ "time": 0.7666, "color": "8c4c51ff" },
					{ "time": 1.1333, "color": "ffffffff" }
				]
			},
			"Rodney_body_shadow_00": {
				"attachment": [
					{ "time": 0, "name": null }
				]
			},
			"Rodney_eyes_normal": {
				"attachment": [
					{ "time": 0.0666, "name": "Rodney_eyes_damage" },
					{ "time": 1.1333, "name": "Rodney_eyes_normal" }
				],
				"color": [
					{ "time": 0.0666, "color": "8c4c51ff", "curve": "stepped" },
					{ "time": 0.7666, "color": "8c4c51ff" },
					{ "time": 1.1333, "color": "ffffffff" }
				]
			},
			"Rodney_ship_armor_normal": {
				"attachment": [
					{ "time": 0, "name": "Ship_armor_normal" },
					{ "time": 0.8666, "name": "Ship_armor_normal" },
					{ "time": 1.1666, "name": "Ship_armor_normal" }
				],
				"color": [
					{ "time": 0.0666, "color": "8c4c51ff", "curve": "stepped" },
					{ "time": 0.7666, "color": "8c4c51ff" },
					{ "time": 1.1333, "color": "ffffffff" }
				]
			}
		},
		"bones": {
			"Root_All": {
				"rotate": [
					{ "time": 0, "angle": 0, "curve": "stepped" },
					{ "time": 1.1666, "angle": 0 }
				],
				"translate": [
					{
						"time": 0,
						"x": 0,
						"y": 0,
						"curve": [ 0.255, 0.35, 0.6, 0.7 ]
					},
					{ "time": 0.0666, "x": -27.67, "y": -23.16 },
					{ "time": 0.1333, "x": 20.98, "y": 15.35 },
					{ "time": 0.2333, "x": -19.78, "y": -15.62 },
					{ "time": 0.3666, "x": 14.36, "y": 8.59 },
					{ "time": 0.5666, "x": -3.37, "y": -4.5 },
					{ "time": 0.8666, "x": 5.63, "y": 2.25 },
					{ "time": 1.1666, "x": 0, "y": 0 }
				]
			},
			"Ship": {
				"rotate": [
					{
						"time": 0,
						"angle": 0,
						"curve": [ 0.219, 0.41, 0.591, 0.77 ]
					},
					{ "time": 0.0666, "angle": -354.41 },
					{ "time": 0.1333, "angle": -364.42 },
					{ "time": 0.2333, "angle": -358.04 },
					{ "time": 0.3666, "angle": -361.36 },
					{ "time": 1.1666, "angle": 0 }
				],
				"translate": [
					{
						"time": 0,
						"x": 0,
						"y": 0,
						"curve": [ 0.319, 0.33, 0.653, 0.66 ]
					},
					{ "time": 0.0666, "x": -3.15, "y": -2.52 },
					{ "time": 0.1333, "x": 5.59, "y": 0.55 },
					{ "time": 0.2333, "x": -3.77, "y": -1.39 },
					{ "time": 0.3666, "x": 1.18, "y": 0.69 },
					{ "time": 1.1666, "x": 0, "y": 0 }
				]
			},
			"Face": {
				"rotate": [
					{ "time": 0, "angle": 0, "curve": "stepped" },
					{ "time": 1.1666, "angle": 0 }
				],
				"translate": [
					{
						"time": 0,
						"x": 0,
						"y": 0,
						"curve": [ 0.286, 0.34, 0.623, 0.67 ]
					},
					{ "time": 0.0666, "x": -5.44, "y": 0 },
					{ "time": 0.1333, "x": -0.44, "y": 0 },
					{ "time": 0.2333, "x": -5.06, "y": 0 },
					{ "time": 0.3666, "x": -2.01, "y": 0 },
					{ "time": 1.1666, "x": 0, "y": 0 }
				]
			},
			"Ship_All": {
				"rotate": [
					{ "time": 0, "angle": 0, "curve": "stepped" },
					{ "time": 1.1666, "angle": 0 }
				],
				"translate": [
					{ "time": 0, "x": 0, "y": 0, "curve": "stepped" },
					{ "time": 1.1666, "x": 0, "y": 0 }
				]
			},
			"Body": {
				"rotate": [
					{ "time": 0, "angle": 0, "curve": "stepped" },
					{ "time": 1.1666, "angle": 0 }
				],
				"translate": [
					{ "time": 0, "x": 0, "y": 0, "curve": "stepped" },
					{ "time": 1.1666, "x": 0, "y": 0 }
				]
			},
			"Damage_Point": {
				"rotate": [
					{ "time": 0.0666, "angle": 0 }
				],
				"translate": [
					{ "time": 0.0666, "x": 0, "y": 0 }
				]
			},
			"Body_Front": {
				"rotate": [
					{ "time": 0, "angle": 0 },
					{ "time": 0.0666, "angle": 6.43 },
					{ "time": 0.1333, "angle": -0.65 },
					{ "time": 0.2333, "angle": 7.53 },
					{ "time": 0.3666, "angle": 1.05 },
					{ "time": 1.1666, "angle": 0 }
				],
				"translate": [
					{ "time": 0, "x": 0, "y": 0 },
					{ "time": 0.1333, "x": 0, "y": 6.08 },
					{ "time": 0.2333, "x": 0, "y": 4.39 },
					{ "time": 1.1666, "x": 0, "y": 0 }
				]
			}
		},
		"events": [
			{ "time": 0.0666, "name": "damage_point" }
		]
	},
	"normal": {
		"slots": {
			"Body_Fornt_Light": {
				"attachment": [
					{ "time": 0, "name": null }
				]
			},
			"Body_Hand": {
				"attachment": [
					{ "time": 0, "name": "Front_Picture" }
				]
			},
			"Light_Body": {
				"attachment": [
					{ "time": 0, "name": null },
					{ "time": 0.8, "name": null }
				]
			},
			"Light_Ship": {
				"attachment": [
					{ "time": 0, "name": null }
				]
			},
			"Light_new_01_0001": {
				"attachment": [
					{ "time": 0, "name": null }
				]
			},
			"Light_new_02_0001": {
				"attachment": [
					{ "time": 0, "name": null }
				]
			},
			"Light_red": {
				"attachment": [
					{ "time": 0, "name": null }
				]
			},
			"Rodney_body_shadow_00": {
				"attachment": [
					{ "time": 0, "name": null }
				]
			}
		},
		"bones": {
			"Root_All": {
				"rotate": [
					{ "time": 0, "angle": 0, "curve": "stepped" },
					{ "time": 2, "angle": 0 }
				],
				"translate": [
					{
						"time": 0,
						"x": 0,
						"y": 0,
						"curve": [ 0.255, 0.35, 0.6, 0.7 ]
					},
					{
						"time": 0.5,
						"x": 0,
						"y": -9.82,
						"curve": [ 0.3, 0.39, 0.641, 0.74 ]
					},
					{
						"time": 1,
						"x": 0,
						"y": -15.66,
						"curve": [ 0.322, 0.37, 0.652, 0.7 ]
					},
					{
						"time": 1.5,
						"x": 0,
						"y": -7.79,
						"curve": [ 0.314, 0.36, 0.644, 0.68 ]
					},
					{ "time": 2, "x": 0, "y": 0 }
				]
			},
			"Ship_All": {
				"rotate": [
					{ "time": 0, "angle": 0, "curve": "stepped" },
					{ "time": 2, "angle": 0 }
				],
				"translate": [
					{ "time": 0, "x": 0, "y": 0, "curve": "stepped" },
					{ "time": 2, "x": 0, "y": 0 }
				]
			},
			"Body": {
				"rotate": [
					{ "time": 0, "angle": 0, "curve": "stepped" },
					{ "time": 2, "angle": 0 }
				],
				"translate": [
					{ "time": 0, "x": 0, "y": 0, "curve": "stepped" },
					{ "time": 2, "x": 0, "y": 0 }
				]
			},
			"Face": {
				"rotate": [
					{ "time": 0, "angle": 0, "curve": "stepped" },
					{ "time": 2, "angle": 0 }
				],
				"translate": [
					{
						"time": 0,
						"x": 0,
						"y": 0,
						"curve": [ 0.286, 0.34, 0.623, 0.67 ]
					},
					{
						"time": 0.5,
						"x": 0.64,
						"y": 0,
						"curve": [ 0.282, 0.37, 0.624, 0.71 ]
					},
					{
						"time": 1.5,
						"x": -1.28,
						"y": 0,
						"curve": [ 0.321, 0.37, 0.656, 0.71 ]
					},
					{ "time": 2, "x": 0, "y": 0 }
				]
			},
			"Ship": {
				"rotate": [
					{ "time": 0, "angle": 0, "curve": "stepped" },
					{ "time": 2, "angle": 0 }
				],
				"translate": [
					{
						"time": 0,
						"x": 0,
						"y": 0,
						"curve": [ 0.319, 0.33, 0.653, 0.66 ]
					},
					{
						"time": 0.5,
						"x": 1.79,
						"y": 0,
						"curve": [ 0.289, 0.43, 0.622, 0.73 ]
					},
					{
						"time": 1.5,
						"x": -2.75,
						"y": 0,
						"curve": [ 0.487, 0.33, 0.657, 0.5 ]
					},
					{ "time": 2, "x": 0, "y": 0 }
				]
			},
			"Body_Front": {
				"rotate": [
					{ "time": 0, "angle": 0, "curve": "stepped" },
					{ "time": 2, "angle": 0 }
				],
				"translate": [
					{ "time": 0, "x": 0, "y": 0 },
					{ "time": 1, "x": -6.08, "y": 0 },
					{ "time": 2, "x": 0, "y": 0 }
				]
			}
		}
	},
	"throw": {
		"slots": {
			"Body_Fornt_Light": {
				"attachment": [
					{ "time": 0, "name": null }
				]
			},
			"Body_Hand": {
				"attachment": [
					{ "time": 0, "name": "Front_Picture" }
				]
			},
			"Light_Body": {
				"attachment": [
					{ "time": 0, "name": null }
				]
			},
			"Light_new_01_0001": {
				"attachment": [
					{ "time": 0, "name": null }
				]
			},
			"Light_new_02_0001": {
				"attachment": [
					{ "time": 0, "name": null }
				]
			},
			"Light_red": {
				"attachment": [
					{ "time": 0, "name": null }
				]
			},
			"Rodney_body_shadow_00": {
				"attachment": [
					{ "time": 0, "name": null }
				]
			},
			"Rodney_ship_armor_normal": {
				"attachment": [
					{ "time": 0, "name": "Ship_armor_normal" },
					{ "time": 1.3333, "name": "Ship_armor_normal" }
				]
			}
		},
		"bones": {
			"Face": {
				"rotate": [
					{ "time": 0, "angle": 0, "curve": "stepped" },
					{ "time": 1.3333, "angle": 0 }
				],
				"translate": [
					{
						"time": 0,
						"x": 0,
						"y": 0,
						"curve": [ 0.286, 0.34, 0.623, 0.67 ]
					},
					{ "time": 0.3333, "x": 0, "y": -0.7 },
					{ "time": 0.5666, "x": 0, "y": 0.14 },
					{ "time": 1.3333, "x": 0, "y": 0 }
				]
			},
			"Root_All": {
				"rotate": [
					{ "time": 0, "angle": 0, "curve": "stepped" },
					{ "time": 1.3333, "angle": 0 }
				],
				"translate": [
					{
						"time": 0,
						"x": 0,
						"y": 0,
						"curve": [ 0.255, 0.35, 0.6, 0.7 ]
					},
					{ "time": 0.6333, "x": -66.66, "y": 0 },
					{ "time": 0.9666, "x": -10.42, "y": -12.42 },
					{ "time": 1.3333, "x": 0, "y": 0 }
				]
			},
			"Ship": {
				"rotate": [
					{
						"time": 0,
						"angle": 0,
						"curve": [ 0.219, 0.41, 0.591, 0.77 ]
					},
					{ "time": 0.4, "angle": -354.04 },
					{ "time": 0.6666, "angle": -360.35 },
					{ "time": 0.8333, "angle": -356.42 },
					{ "time": 1.0333, "angle": -363.4 },
					{ "time": 1.3333, "angle": 0 }
				],
				"translate": [
					{
						"time": 0,
						"x": 0,
						"y": 0,
						"curve": [ 0.319, 0.33, 0.653, 0.66 ]
					},
					{ "time": 0.4, "x": -9.35, "y": -27.53 },
					{ "time": 0.6666, "x": 3.13, "y": -5.23 },
					{ "time": 0.8333, "x": 1.03, "y": 1.87 },
					{ "time": 1.0333, "x": 9.74, "y": -1.71 },
					{ "time": 1.3333, "x": 0, "y": 0 }
				]
			},
			"Body": {
				"rotate": [
					{
						"time": 0,
						"angle": 0,
						"curve": [ 0.219, 0.41, 0.591, 0.77 ]
					},
					{
						"time": 0.6333,
						"angle": -3.17,
						"curve": [ 0.32, 0.36, 0.653, 0.69 ]
					},
					{
						"time": 0.7333,
						"angle": 0.61,
						"curve": [ 0.319, 0.37, 0.652, 0.7 ]
					},
					{
						"time": 0.9666,
						"angle": -1.72,
						"curve": [ 0.32, 0.38, 0.654, 0.71 ]
					},
					{ "time": 1.3333, "angle": 0 }
				],
				"translate": [
					{
						"time": 0,
						"x": 0,
						"y": 0,
						"curve": [ 0.219, 0.41, 0.591, 0.77 ]
					},
					{
						"time": 0.3333,
						"x": -15.86,
						"y": 0,
						"curve": [ 0.193, 0.39, 0.58, 0.9 ]
					},
					{
						"time": 0.5666,
						"x": -19.36,
						"y": 0,
						"curve": [ 0.142, 0.42, 0.647, 0.94 ]
					},
					{ "time": 0.6333, "x": 92.18, "y": -6.3 },
					{ "time": 0.7333, "x": 111.33, "y": 0 },
					{ "time": 1.3333, "x": 0, "y": 0 }
				]
			},
			"Ship_All": {
				"rotate": [
					{ "time": 0, "angle": 0, "curve": "stepped" },
					{ "time": 1.3333, "angle": 0 }
				],
				"translate": [
					{ "time": 0, "x": 0, "y": 0, "curve": "stepped" },
					{ "time": 1.3333, "x": 0, "y": 0 }
				]
			},
			"Throw_Point": {
				"rotate": [
					{ "time": 0.6333, "angle": 0 }
				],
				"translate": [
					{ "time": 0.6333, "x": 0, "y": 0 }
				]
			},
			"Body_Front": {
				"rotate": [
					{
						"time": 0,
						"angle": 0,
						"curve": [ 0.221, 0.3, 0.596, 0.68 ]
					},
					{
						"time": 0.3333,
						"angle": 8.61,
						"curve": [ 0.334, 0.41, 0.685, 0.77 ]
					},
					{
						"time": 0.6333,
						"angle": -1.2,
						"curve": [ 0.346, 0.4, 0.681, 0.73 ]
					},
					{ "time": 0.7666, "angle": -1.05 },
					{ "time": 1, "angle": 4.34 },
					{ "time": 1.3333, "angle": 0 }
				],
				"translate": [
					{
						"time": 0,
						"x": 0,
						"y": 0,
						"curve": [ 0.203, 0.35, 0.678, 0.86 ]
					},
					{ "time": 0.3333, "x": -1.01, "y": -28.9 },
					{ "time": 0.6333, "x": -0.51, "y": -1.35 },
					{ "time": 0.7666, "x": -2.76, "y": -10.64 },
					{ "time": 1, "x": -4.44, "y": 5.84 },
					{ "time": 1.3333, "x": 0, "y": 0 }
				]
			}
		},
		"events": [
			{ "time": 0.6333, "name": "throw_point" }
		]
	},
	"wreck": {
		"slots": {
			"Body_Fornt_Light": {
				"attachment": [
					{ "time": 0, "name": null },
					{ "time": 1.9333, "name": null }
				]
			},
			"Body_Hand": {
				"attachment": [
					{ "time": 0, "name": "Front_Picture" }
				]
			},
			"Light_Body": {
				"attachment": [
					{ "time": 0, "name": null }
				]
			},
			"Light_Ship": {
				"attachment": [
					{ "time": 0, "name": null }
				]
			},
			"Light_new_01_0001": {
				"attachment": [
					{ "time": 0, "name": null }
				]
			},
			"Light_new_02_0001": {
				"attachment": [
					{ "time": 0, "name": null }
				]
			},
			"Light_red": {
				"attachment": [
					{ "time": 0, "name": null }
				]
			},
			"Rodney_body_shadow_00": {
				"attachment": [
					{ "time": 0, "name": null }
				]
			},
			"Rodney_eyes_normal": {
				"attachment": [
					{ "time": 0, "name": "Rodney_eyes_damage" }
				]
			}
		},
		"bones": {
			"Root_All": {
				"rotate": [
					{ "time": 0, "angle": 0, "curve": "stepped" },
					{ "time": 2, "angle": 0 }
				],
				"translate": [
					{
						"time": 0,
						"x": 0,
						"y": 0,
						"curve": [ 0.255, 0.35, 0.6, 0.7 ]
					},
					{
						"time": 0.5,
						"x": 0,
						"y": -9.82,
						"curve": [ 0.3, 0.39, 0.641, 0.74 ]
					},
					{
						"time": 1,
						"x": 0,
						"y": -15.66,
						"curve": [ 0.322, 0.37, 0.652, 0.7 ]
					},
					{
						"time": 1.5,
						"x": 0,
						"y": -7.79,
						"curve": [ 0.314, 0.36, 0.644, 0.68 ]
					},
					{ "time": 2, "x": 0, "y": 0 }
				]
			},
			"Ship_All": {
				"rotate": [
					{ "time": 0, "angle": 0, "curve": "stepped" },
					{ "time": 2, "angle": 0 }
				],
				"translate": [
					{ "time": 0, "x": 0, "y": 0, "curve": "stepped" },
					{ "time": 2, "x": 0, "y": 0 }
				]
			},
			"Body": {
				"rotate": [
					{ "time": 0, "angle": 0, "curve": "stepped" },
					{ "time": 2, "angle": 0 }
				],
				"translate": [
					{ "time": 0, "x": 0, "y": 0, "curve": "stepped" },
					{ "time": 2, "x": 0, "y": 0 }
				]
			},
			"Face": {
				"rotate": [
					{ "time": 0, "angle": 0, "curve": "stepped" },
					{ "time": 2, "angle": 0 }
				],
				"translate": [
					{
						"time": 0,
						"x": 0,
						"y": 0,
						"curve": [ 0.286, 0.34, 0.623, 0.67 ]
					},
					{
						"time": 0.5,
						"x": 0.64,
						"y": 0,
						"curve": [ 0.282, 0.37, 0.624, 0.71 ]
					},
					{
						"time": 1.5,
						"x": -1.28,
						"y": 0,
						"curve": [ 0.321, 0.37, 0.656, 0.71 ]
					},
					{ "time": 2, "x": 0, "y": 0 }
				]
			},
			"Ship": {
				"rotate": [
					{ "time": 0, "angle": 0, "curve": "stepped" },
					{ "time": 2, "angle": 0 }
				],
				"translate": [
					{
						"time": 0,
						"x": 0,
						"y": 0,
						"curve": [ 0.319, 0.33, 0.653, 0.66 ]
					},
					{
						"time": 0.5,
						"x": 1.79,
						"y": 0,
						"curve": [ 0.289, 0.43, 0.622, 0.73 ]
					},
					{
						"time": 1.5,
						"x": -2.75,
						"y": 0,
						"curve": [ 0.487, 0.33, 0.657, 0.5 ]
					},
					{ "time": 2, "x": 0, "y": 0 }
				]
			},
			"Body_Front": {
				"rotate": [
					{ "time": 0, "angle": 0, "curve": "stepped" },
					{ "time": 2, "angle": 0 }
				],
				"translate": [
					{ "time": 0, "x": 0, "y": 0 },
					{ "time": 1, "x": -6.64, "y": 0 },
					{ "time": 2, "x": 0, "y": 0 }
				]
			}
		}
	}
}
}