{
"skeleton": { "hash": "NgRUn0T9GgLCFi6l2Jk8bcPGnxE", "spine": "3.2.01", "width": 224.2, "height": 169.04, "images": "" },
"bones": [
	{ "name": "root" },
	{ "name": "bone", "parent": "root", "scaleX": 0.5, "scaleY": 0.5 },
	{ "name": "desk", "parent": "bone" },
	{ "name": "1", "parent": "desk", "x": 24.01, "y": 80.94 },
	{ "name": "2", "parent": "desk", "x": 12.31, "y": 86.4 },
	{ "name": "3", "parent": "desk", "x": -17.31, "y": 90.3 },
	{ "name": "4", "parent": "desk", "x": -6.91, "y": 93.61 },
	{ "name": "A", "parent": "desk", "x": -18.71, "y": 123.21 },
	{ "name": "B", "parent": "desk", "x": 26.51, "y": 127.89 },
	{ "name": "P", "parent": "desk", "length": 7.83, "rotation": 175.6, "x": 4.45, "y": 125.84 },
	{ "name": "TX", "parent": "desk", "x": 2.05, "y": 86.77 },
	{ "name": "TX1", "parent": "1", "x": -0.55, "y": 0.69 },
	{ "name": "TX2", "parent": "2", "x": -1.23, "y": 0.24 },
	{ "name": "TX3", "parent": "3", "x": -1.62, "y": 0.57 },
	{ "name": "TX4", "parent": "4", "x": 0.63, "y": 0.07 },
	{ "name": "boom", "parent": "desk", "x": 9.86, "y": 124.63 },
	{ "name": "box", "parent": "bone", "x": 47.72, "y": 0.45 },
	{ "name": "card1", "parent": "desk", "x": -58.04, "y": 90.38 },
	{ "name": "card2", "parent": "desk", "x": 61.55, "y": 89.17 },
	{ "name": "cup", "parent": "desk", "x": 86.56, "y": 92.02 },
	{ "name": "end", "parent": "desk", "x": 0.73, "y": 134.43 }
],
"slots": [
	{ "name": "shadow", "bone": "bone", "attachment": "shadow" },
	{ "name": "desk", "bone": "desk", "attachment": "desk" },
	{ "name": "1", "bone": "1", "attachment": "1" },
	{ "name": "1a", "bone": "TX1", "attachment": "1a", "blend": "additive" },
	{ "name": "2", "bone": "2", "attachment": "2" },
	{ "name": "2a", "bone": "TX2", "attachment": "2a", "blend": "additive" },
	{ "name": "3", "bone": "3", "attachment": "3" },
	{ "name": "3a", "bone": "TX4", "attachment": "3a", "blend": "additive" },
	{ "name": "4", "bone": "4", "attachment": "4" },
	{ "name": "4a", "bone": "TX3", "attachment": "4a", "blend": "additive" },
	{ "name": "BOX", "bone": "box", "attachment": "BOX" },
	{ "name": "TX", "bone": "TX", "attachment": "TX", "blend": "additive" },
	{ "name": "act1", "bone": "A", "attachment": "act1", "blend": "additive" },
	{ "name": "act2", "bone": "B", "attachment": "act2", "blend": "additive" },
	{ "name": "end", "bone": "end", "attachment": "end", "blend": "additive" },
	{ "name": "P", "bone": "P", "attachment": "P", "blend": "additive" },
	{ "name": "boom", "bone": "boom", "attachment": "boom", "blend": "additive" },
	{ "name": "cup", "bone": "cup", "attachment": "cup" },
	{ "name": "card1", "bone": "card1", "attachment": "card1" },
	{ "name": "card2", "bone": "card2", "attachment": "card2" }
],
"skins": {
	"default": {
		"1": {
			"1": { "x": -13.01, "y": -7.94, "width": 448, "height": 336 }
		},
		"1a": {
			"1a": { "x": -12.45, "y": -8.63, "width": 448, "height": 336 }
		},
		"2": {
			"2": { "x": -1.31, "y": -13.4, "width": 448, "height": 336 }
		},
		"2a": {
			"2a": { "x": -0.08, "y": -13.65, "width": 448, "height": 336 }
		},
		"3": {
			"3": { "x": 28.31, "y": -17.3, "width": 448, "height": 336 }
		},
		"3a": {
			"3a": { "x": 17.27, "y": -20.69, "width": 448, "height": 336 }
		},
		"4": {
			"4": { "x": 17.91, "y": -20.61, "width": 448, "height": 336 }
		},
		"4a": {
			"4a": { "x": 29.94, "y": -17.87, "width": 448, "height": 336 }
		},
		"BOX": {
			"BOX": { "x": -36.72, "y": 72.54, "width": 448, "height": 336 }
		},
		"P": {
			"P": { "x": -10.57, "y": 52.18, "rotation": -175.6, "width": 448, "height": 336 }
		},
		"TX": {
			"TX": { "x": 8.94, "y": -13.77, "width": 448, "height": 336 }
		},
		"act1": {
			"act1": { "x": 29.71, "y": -50.21, "width": 448, "height": 336 }
		},
		"act2": {
			"act2": { "x": -15.51, "y": -54.89, "width": 448, "height": 336 }
		},
		"boom": {
			"boom": { "x": 1.13, "y": -51.63, "width": 448, "height": 336 }
		},
		"card1": {
			"card1": { "x": 69.46, "y": -19.46, "width": 448, "height": 336 }
		},
		"card2": {
			"card2": { "x": -50.13, "y": -18.26, "width": 448, "height": 336 }
		},
		"cup": {
			"cup": { "x": -75.56, "y": -19.02, "width": 448, "height": 336 }
		},
		"desk": {
			"desk": { "x": 11, "y": 73, "width": 448, "height": 336 }
		},
		"end": {
			"end": { "x": 10.26, "y": -61.43, "width": 448, "height": 336 }
		},
		"shadow": {
			"shadow": { "x": 11, "y": 73, "width": 448, "height": 336 }
		}
	}
},
"animations": {
	"close": {
		"slots": {
			"1a": {
				"color": [
					{ "time": 0, "color": "ffffff00", "curve": "stepped" },
					{ "time": 2, "color": "ffffff00" }
				]
			},
			"2a": {
				"color": [
					{ "time": 0, "color": "ffffff00", "curve": "stepped" },
					{ "time": 2, "color": "ffffff00" }
				]
			},
			"3a": {
				"color": [
					{ "time": 0, "color": "ffffff00", "curve": "stepped" },
					{ "time": 2, "color": "ffffff00" }
				]
			},
			"4a": {
				"color": [
					{ "time": 0, "color": "ffffff00", "curve": "stepped" },
					{ "time": 2, "color": "ffffff00" }
				]
			},
			"P": {
				"color": [
					{ "time": 0, "color": "ffffff00" }
				]
			},
			"TX": {
				"color": [
					{ "time": 0, "color": "ffffff58" },
					{ "time": 1, "color": "ffffff9b" },
					{ "time": 2, "color": "ffffff58" }
				]
			},
			"act1": {
				"color": [
					{ "time": 0, "color": "ffffff00" }
				]
			},
			"act2": {
				"color": [
					{ "time": 0, "color": "ffffff00" }
				]
			},
			"boom": {
				"color": [
					{ "time": 0, "color": "ffffff00", "curve": "stepped" },
					{ "time": 2, "color": "ffffff00" }
				]
			},
			"end": {
				"color": [
					{ "time": 0, "color": "ffffff00" }
				]
			}
		},
		"bones": {
			"bone": {
				"rotate": [
					{ "time": 0, "angle": 0, "curve": "stepped" },
					{ "time": 2, "angle": 0 }
				],
				"translate": [
					{ "time": 0, "x": 0, "y": 0, "curve": "stepped" },
					{ "time": 2, "x": 0, "y": 0 }
				]
			},
			"card2": {
				"rotate": [
					{ "time": 0, "angle": 0, "curve": "stepped" },
					{ "time": 2, "angle": 0 }
				],
				"translate": [
					{ "time": 0, "x": 0, "y": 0, "curve": "stepped" },
					{ "time": 2, "x": 0, "y": 0 }
				]
			},
			"card1": {
				"rotate": [
					{ "time": 0, "angle": 0, "curve": "stepped" },
					{ "time": 2, "angle": 0 }
				],
				"translate": [
					{ "time": 0, "x": 0, "y": 0, "curve": "stepped" },
					{ "time": 2, "x": 0, "y": 0 }
				]
			},
			"boom": {
				"rotate": [
					{ "time": 0, "angle": 0, "curve": "stepped" },
					{ "time": 2, "angle": 0 }
				],
				"translate": [
					{ "time": 0, "x": 0, "y": 0, "curve": "stepped" },
					{ "time": 2, "x": 0, "y": 0 }
				]
			},
			"TX": {
				"rotate": [
					{ "time": 0, "angle": 0, "curve": "stepped" },
					{ "time": 2, "angle": 0 }
				],
				"translate": [
					{ "time": 0, "x": 0, "y": 0, "curve": "stepped" },
					{ "time": 2, "x": 0, "y": 0 }
				]
			},
			"P": {
				"rotate": [
					{ "time": 0, "angle": 0, "curve": "stepped" },
					{ "time": 2, "angle": 0 }
				],
				"translate": [
					{ "time": 0, "x": 0, "y": 0, "curve": "stepped" },
					{ "time": 2, "x": 0, "y": 0 }
				]
			},
			"cup": {
				"rotate": [
					{ "time": 0, "angle": 0, "curve": "stepped" },
					{ "time": 2, "angle": 0 }
				],
				"translate": [
					{ "time": 0, "x": 0, "y": 0, "curve": "stepped" },
					{ "time": 2, "x": 0, "y": 0 }
				]
			},
			"B": {
				"rotate": [
					{ "time": 0, "angle": 0, "curve": "stepped" },
					{ "time": 2, "angle": 0 }
				],
				"translate": [
					{ "time": 0, "x": 0, "y": 0, "curve": "stepped" },
					{ "time": 2, "x": 0, "y": 0 }
				]
			},
			"A": {
				"rotate": [
					{ "time": 0, "angle": 0, "curve": "stepped" },
					{ "time": 2, "angle": 0 }
				],
				"translate": [
					{ "time": 0, "x": 0, "y": 0, "curve": "stepped" },
					{ "time": 2, "x": 0, "y": 0 }
				]
			},
			"TX4": {
				"rotate": [
					{ "time": 0, "angle": 0, "curve": "stepped" },
					{ "time": 2, "angle": 0 }
				],
				"translate": [
					{ "time": 0, "x": 0, "y": 0, "curve": "stepped" },
					{ "time": 2, "x": 0, "y": 0 }
				]
			},
			"4": {
				"rotate": [
					{ "time": 0, "angle": 0, "curve": "stepped" },
					{ "time": 2, "angle": 0 }
				],
				"translate": [
					{ "time": 0, "x": 0, "y": 0, "curve": "stepped" },
					{ "time": 2, "x": 0, "y": 0 }
				]
			},
			"TX3": {
				"rotate": [
					{ "time": 0, "angle": 0, "curve": "stepped" },
					{ "time": 2, "angle": 0 }
				],
				"translate": [
					{ "time": 0, "x": 0, "y": 0, "curve": "stepped" },
					{ "time": 2, "x": 0, "y": 0 }
				]
			},
			"3": {
				"rotate": [
					{ "time": 0, "angle": 0, "curve": "stepped" },
					{ "time": 2, "angle": 0 }
				],
				"translate": [
					{ "time": 0, "x": 0, "y": 0, "curve": "stepped" },
					{ "time": 2, "x": 0, "y": 0 }
				]
			},
			"TX2": {
				"rotate": [
					{ "time": 0, "angle": 0, "curve": "stepped" },
					{ "time": 2, "angle": 0 }
				],
				"translate": [
					{ "time": 0, "x": 0, "y": 0, "curve": "stepped" },
					{ "time": 2, "x": 0, "y": 0 }
				]
			},
			"2": {
				"rotate": [
					{ "time": 0, "angle": 0, "curve": "stepped" },
					{ "time": 2, "angle": 0 }
				],
				"translate": [
					{ "time": 0, "x": 0, "y": 0, "curve": "stepped" },
					{ "time": 2, "x": 0, "y": 0 }
				]
			},
			"TX1": {
				"rotate": [
					{ "time": 0, "angle": 0, "curve": "stepped" },
					{ "time": 2, "angle": 0 }
				],
				"translate": [
					{ "time": 0, "x": 0, "y": 0, "curve": "stepped" },
					{ "time": 2, "x": 0, "y": 0 }
				]
			},
			"1": {
				"rotate": [
					{ "time": 0, "angle": 0, "curve": "stepped" },
					{ "time": 2, "angle": 0 }
				],
				"translate": [
					{ "time": 0, "x": 0, "y": 0, "curve": "stepped" },
					{ "time": 2, "x": 0, "y": 0 }
				]
			},
			"desk": {
				"rotate": [
					{ "time": 0, "angle": 0, "curve": "stepped" },
					{ "time": 2, "angle": 0 }
				],
				"translate": [
					{ "time": 0, "x": 0, "y": 0, "curve": "stepped" },
					{ "time": 2, "x": 0, "y": 0 }
				]
			},
			"box": {
				"rotate": [
					{ "time": 0, "angle": 0 },
					{ "time": 1, "angle": 2.65 },
					{ "time": 2, "angle": 0 }
				],
				"translate": [
					{ "time": 0, "x": 0, "y": 0, "curve": "stepped" },
					{ "time": 2, "x": 0, "y": 0 }
				]
			}
		}
	},
	"end": {
		"slots": {
			"1a": {
				"color": [
					{ "time": 0, "color": "ffffffff" },
					{ "time": 1, "color": "ffffff00" }
				]
			},
			"2a": {
				"color": [
					{ "time": 1, "color": "ffffff00" }
				]
			},
			"3a": {
				"color": [
					{ "time": 0, "color": "ffffffff" },
					{ "time": 1, "color": "ffffff00" }
				]
			},
			"4a": {
				"color": [
					{ "time": 1, "color": "ffffff00" }
				]
			},
			"P": {
				"color": [
					{ "time": 0, "color": "ffffff00", "curve": "stepped" },
					{ "time": 1, "color": "ffffff00" }
				]
			},
			"TX": {
				"color": [
					{ "time": 0, "color": "ffffffff" },
					{ "time": 1, "color": "ffffff58" }
				]
			},
			"act1": {
				"color": [
					{ "time": 0, "color": "ffffffff" },
					{ "time": 1, "color": "ffffff00" }
				]
			},
			"act2": {
				"color": [
					{ "time": 0, "color": "ffffffff" },
					{ "time": 1, "color": "ffffff00" }
				]
			},
			"boom": {
				"color": [
					{ "time": 0, "color": "ffffff00", "curve": "stepped" },
					{ "time": 1, "color": "ffffff00" }
				]
			},
			"end": {
				"color": [
					{ "time": 0, "color": "ffffffe8" },
					{ "time": 1, "color": "ffffff00" }
				]
			}
		},
		"bones": {
			"TX": {
				"rotate": [
					{ "time": 0, "angle": 0, "curve": "stepped" },
					{ "time": 1, "angle": 0 }
				],
				"translate": [
					{ "time": 0, "x": 0, "y": 0, "curve": "stepped" },
					{ "time": 1, "x": 0, "y": 0 }
				],
				"scale": [
					{ "time": 0, "x": 1, "y": 1 },
					{ "time": 0.5, "x": 0.02, "y": 1 }
				]
			},
			"A": {
				"rotate": [
					{ "time": 0, "angle": 0, "curve": "stepped" },
					{ "time": 1, "angle": 0 }
				],
				"translate": [
					{ "time": 0, "x": 0, "y": 0, "curve": "stepped" },
					{ "time": 1, "x": 0, "y": 0 }
				]
			},
			"TX2": {
				"rotate": [
					{ "time": 0, "angle": 0, "curve": "stepped" },
					{ "time": 1, "angle": 0 }
				],
				"translate": [
					{ "time": 0, "x": 0, "y": 0, "curve": "stepped" },
					{ "time": 1, "x": 0, "y": 0 }
				],
				"scale": [
					{ "time": 0, "x": 1, "y": 1 },
					{ "time": 0.5, "x": 0.174, "y": 1 }
				]
			},
			"4": {
				"rotate": [
					{ "time": 0, "angle": 0, "curve": "stepped" },
					{ "time": 1, "angle": 0 }
				],
				"translate": [
					{ "time": 0, "x": 0, "y": 0, "curve": "stepped" },
					{ "time": 1, "x": 0, "y": 0 }
				]
			},
			"card2": {
				"rotate": [
					{ "time": 0, "angle": 0, "curve": "stepped" },
					{ "time": 1, "angle": 0 }
				],
				"translate": [
					{ "time": 0, "x": 0, "y": 0, "curve": "stepped" },
					{ "time": 1, "x": 0, "y": 0 }
				],
				"scale": [
					{ "time": 0, "x": 1, "y": 1 }
				]
			},
			"card1": {
				"rotate": [
					{ "time": 0, "angle": 0, "curve": "stepped" },
					{ "time": 1, "angle": 0 }
				],
				"translate": [
					{ "time": 0, "x": 0, "y": 0, "curve": "stepped" },
					{ "time": 1, "x": 0, "y": 0 }
				],
				"scale": [
					{ "time": 0, "x": 1, "y": 1 }
				]
			},
			"boom": {
				"rotate": [
					{ "time": 0, "angle": 0, "curve": "stepped" },
					{ "time": 1, "angle": 0 }
				],
				"translate": [
					{ "time": 0, "x": 0, "y": 0, "curve": "stepped" },
					{ "time": 1, "x": 0, "y": 0 }
				]
			},
			"1": {
				"rotate": [
					{ "time": 0, "angle": 0, "curve": "stepped" },
					{ "time": 1, "angle": 0 }
				],
				"translate": [
					{ "time": 0, "x": 0, "y": 0, "curve": "stepped" },
					{ "time": 1, "x": 0, "y": 0 }
				]
			},
			"TX1": {
				"rotate": [
					{ "time": 0, "angle": 0, "curve": "stepped" },
					{ "time": 1, "angle": 0 }
				],
				"translate": [
					{ "time": 0, "x": 0, "y": 0, "curve": "stepped" },
					{ "time": 1, "x": 0, "y": 0 }
				],
				"scale": [
					{ "time": 0, "x": 1, "y": 1 },
					{ "time": 0.5, "x": 0.174, "y": 1 }
				]
			},
			"P": {
				"rotate": [
					{ "time": 0, "angle": 0, "curve": "stepped" },
					{ "time": 1, "angle": 0 }
				],
				"translate": [
					{ "time": 0, "x": 0, "y": 0, "curve": "stepped" },
					{ "time": 1, "x": 0, "y": 0 }
				]
			},
			"box": {
				"rotate": [
					{ "time": 0, "angle": 0, "curve": "stepped" },
					{ "time": 1, "angle": 0 }
				],
				"translate": [
					{ "time": 0, "x": 0, "y": 0, "curve": "stepped" },
					{ "time": 1, "x": 0, "y": 0 }
				]
			},
			"B": {
				"rotate": [
					{ "time": 0, "angle": 0, "curve": "stepped" },
					{ "time": 1, "angle": 0 }
				],
				"translate": [
					{ "time": 0, "x": 0, "y": 0, "curve": "stepped" },
					{ "time": 1, "x": 0, "y": 0 }
				],
				"scale": [
					{ "time": 0, "x": 1, "y": 1 }
				]
			},
			"TX3": {
				"rotate": [
					{ "time": 0, "angle": 0, "curve": "stepped" },
					{ "time": 1, "angle": 0 }
				],
				"translate": [
					{ "time": 0, "x": 0, "y": 0, "curve": "stepped" },
					{ "time": 1, "x": 0, "y": 0 }
				],
				"scale": [
					{ "time": 0, "x": 1, "y": 1 },
					{ "time": 0.5, "x": 0.174, "y": 1 }
				]
			},
			"3": {
				"rotate": [
					{ "time": 0, "angle": 0, "curve": "stepped" },
					{ "time": 1, "angle": 0 }
				],
				"translate": [
					{ "time": 0, "x": 0, "y": 0, "curve": "stepped" },
					{ "time": 1, "x": 0, "y": 0 }
				]
			},
			"bone": {
				"rotate": [
					{ "time": 0, "angle": 0, "curve": "stepped" },
					{ "time": 1, "angle": 0 }
				],
				"translate": [
					{ "time": 0, "x": 0, "y": 0, "curve": "stepped" },
					{ "time": 1, "x": 0, "y": 0 }
				]
			},
			"end": {
				"scale": [
					{ "time": 0, "x": 1, "y": 1 },
					{ "time": 0.1666, "x": 1.687, "y": 1.687 },
					{ "time": 0.3333, "x": 0.944, "y": 0.944 },
					{ "time": 0.5, "x": 0.02, "y": 0.958 },
					{ "time": 1, "x": 1, "y": 1 }
				]
			},
			"cup": {
				"rotate": [
					{ "time": 0, "angle": 0, "curve": "stepped" },
					{ "time": 1, "angle": 0 }
				],
				"translate": [
					{ "time": 0, "x": 0, "y": 0, "curve": "stepped" },
					{ "time": 1, "x": 0, "y": 0 }
				]
			},
			"TX4": {
				"rotate": [
					{ "time": 0, "angle": 0, "curve": "stepped" },
					{ "time": 1, "angle": 0 }
				],
				"translate": [
					{ "time": 0, "x": 0, "y": 0, "curve": "stepped" },
					{ "time": 1, "x": 0, "y": 0 }
				],
				"scale": [
					{ "time": 0, "x": 1, "y": 1 },
					{ "time": 0.5, "x": 0.174, "y": 1 }
				]
			},
			"2": {
				"rotate": [
					{ "time": 0, "angle": 0, "curve": "stepped" },
					{ "time": 1, "angle": 0 }
				],
				"translate": [
					{ "time": 0, "x": 0, "y": 0, "curve": "stepped" },
					{ "time": 1, "x": 0, "y": 0 }
				]
			},
			"desk": {
				"rotate": [
					{ "time": 0, "angle": 0, "curve": "stepped" },
					{ "time": 1, "angle": 0 }
				],
				"translate": [
					{ "time": 0, "x": 0, "y": 0, "curve": "stepped" },
					{ "time": 1, "x": 0, "y": 0 }
				]
			}
		}
	},
	"normal": {
		"slots": {
			"1a": {
				"color": [
					{ "time": 0, "color": "ffffffff" },
					{ "time": 0.6666, "color": "ffffff98" },
					{ "time": 1.3333, "color": "ffffffff" },
					{ "time": 1.4333, "color": "ffffff08" },
					{ "time": 1.5333, "color": "ffffffdf" },
					{ "time": 1.6, "color": "ffffff09" },
					{ "time": 1.7, "color": "ffffffff" },
					{ "time": 1.7666, "color": "ffffff23" },
					{ "time": 2.4, "color": "ffffff2d" },
					{ "time": 2.5, "color": "ffffffff" },
					{ "time": 2.6, "color": "ffffff08" },
					{ "time": 2.7, "color": "ffffffdf" },
					{ "time": 2.7666, "color": "ffffff09" },
					{ "time": 2.8666, "color": "ffffffff" },
					{ "time": 2.9333, "color": "ffffff23" },
					{ "time": 3.8333, "color": "ffffff00" },
					{ "time": 4, "color": "ffffffff" }
				]
			},
			"2a": {
				"color": [
					{ "time": 0.6666, "color": "ffffff78" },
					{ "time": 1.5, "color": "ffffffff" }
				]
			},
			"3a": {
				"color": [
					{ "time": 0, "color": "ffffffff" },
					{ "time": 0.3333, "color": "ffffff59" },
					{ "time": 0.6666, "color": "fffffffd" },
					{ "time": 0.9666, "color": "ffffff6f" },
					{ "time": 1.1666, "color": "ffffffff", "curve": "stepped" },
					{ "time": 1.6666, "color": "ffffffff" },
					{ "time": 1.7666, "color": "ffffff52" },
					{ "time": 1.9333, "color": "ffffffd8" },
					{ "time": 2.0666, "color": "ffffff5b" },
					{ "time": 2.1666, "color": "ffffffff" }
				]
			},
			"P": {
				"color": [
					{ "time": 0, "color": "ffffff00", "curve": "stepped" },
					{ "time": 1.6333, "color": "ffffff00" },
					{ "time": 1.6666, "color": "ffffffff", "curve": "stepped" },
					{ "time": 1.9666, "color": "ffffffff" },
					{ "time": 2, "color": "ffffff00", "curve": "stepped" },
					{ "time": 2.6333, "color": "ffffff00" },
					{ "time": 2.6666, "color": "ffffffff", "curve": "stepped" },
					{ "time": 2.9666, "color": "ffffffff" },
					{ "time": 3, "color": "ffffff00" }
				]
			},
			"TX": {
				"color": [
					{ "time": 0, "color": "ffffffff" },
					{ "time": 1, "color": "ffffff75" },
					{ "time": 2, "color": "ffffffff" },
					{ "time": 3, "color": "ffffff79" },
					{ "time": 4, "color": "ffffffff" }
				]
			},
			"act1": {
				"color": [
					{ "time": 0, "color": "ffffffff" },
					{ "time": 0.6666, "color": "ffffff74" },
					{ "time": 1.3333, "color": "ffffffff", "curve": "stepped" },
					{ "time": 2, "color": "ffffffff" },
					{ "time": 2.1666, "color": "ffffff8b" },
					{ "time": 2.3333, "color": "ffffffb5" },
					{ "time": 3, "color": "ffffff68" },
					{ "time": 3.6666, "color": "fffffff2" },
					{ "time": 4, "color": "ffffffff" }
				]
			},
			"act2": {
				"color": [
					{ "time": 0, "color": "ffffffff" },
					{ "time": 0.6666, "color": "ffffff74" },
					{ "time": 1.3333, "color": "ffffffff" },
					{ "time": 1.6666, "color": "ffffffef" },
					{ "time": 1.8333, "color": "ffffffc3" },
					{ "time": 2, "color": "ffffffff" },
					{ "time": 2.5, "color": "ffffff6d" },
					{ "time": 2.9, "color": "ffffffff" },
					{ "time": 3.0666, "color": "ffffff7b" },
					{ "time": 3.2333, "color": "ffffffe7" },
					{ "time": 3.3666, "color": "ffffff98" },
					{ "time": 4, "color": "ffffffff" }
				]
			},
			"boom": {
				"color": [
					{ "time": 0, "color": "ffffff00", "curve": "stepped" },
					{ "time": 1.6333, "color": "ffffff00" },
					{ "time": 1.6666, "color": "ffffffff", "curve": "stepped" },
					{ "time": 1.8333, "color": "ffffffff" },
					{ "time": 2, "color": "ffffff00", "curve": "stepped" },
					{ "time": 2.4666, "color": "ffffff00" },
					{ "time": 2.5, "color": "ffffffff", "curve": "stepped" },
					{ "time": 2.6666, "color": "ffffffff" },
					{ "time": 2.8333, "color": "ffffff00" }
				]
			},
			"end": {
				"color": [
					{ "time": 0, "color": "ffffff00" }
				]
			}
		},
		"bones": {
			"bone": {
				"rotate": [
					{ "time": 0, "angle": 0, "curve": "stepped" },
					{ "time": 4, "angle": 0 }
				],
				"translate": [
					{ "time": 0, "x": 0, "y": 0, "curve": "stepped" },
					{ "time": 4, "x": 0, "y": 0 }
				]
			},
			"card2": {
				"rotate": [
					{ "time": 0, "angle": 0 },
					{
						"time": 0.1666,
						"angle": -13.16,
						"curve": [ 0.25, 0, 0.75, 1 ]
					},
					{ "time": 0.3333, "angle": 7.92 },
					{ "time": 0.5, "angle": 0, "curve": "stepped" },
					{ "time": 1.3333, "angle": 0 },
					{
						"time": 1.5,
						"angle": -13.16,
						"curve": [ 0.25, 0, 0.75, 1 ]
					},
					{ "time": 1.6666, "angle": 7.92 },
					{ "time": 1.8333, "angle": 0, "curve": "stepped" },
					{ "time": 4, "angle": 0 }
				],
				"translate": [
					{ "time": 0, "x": 0, "y": 0 },
					{
						"time": 0.1666,
						"x": 2.53,
						"y": 24.11,
						"curve": [ 0.25, 0, 0.75, 1 ]
					},
					{ "time": 0.3333, "x": -3.53, "y": -0.9 },
					{ "time": 0.5, "x": 0, "y": 0, "curve": "stepped" },
					{ "time": 1.3333, "x": 0, "y": 0 },
					{
						"time": 1.5,
						"x": 2.53,
						"y": 24.11,
						"curve": [ 0.25, 0, 0.75, 1 ]
					},
					{ "time": 1.6666, "x": -3.53, "y": -0.9 },
					{ "time": 1.8333, "x": 0, "y": 0, "curve": "stepped" },
					{ "time": 4, "x": 0, "y": 0 }
				],
				"scale": [
					{ "time": 0, "x": 1, "y": 1 },
					{ "time": 0.1666, "x": 0.974, "y": 0.974 },
					{ "time": 0.2666, "x": 1.004, "y": 1.004 },
					{ "time": 0.3333, "x": 1.099, "y": 1.099 },
					{ "time": 0.5, "x": 1, "y": 1, "curve": "stepped" },
					{ "time": 1.3333, "x": 1, "y": 1 },
					{ "time": 1.5, "x": 0.974, "y": 0.974 },
					{ "time": 1.6, "x": 1.004, "y": 1.004 },
					{ "time": 1.6666, "x": 1.099, "y": 1.099 },
					{ "time": 1.8333, "x": 1, "y": 1, "curve": "stepped" },
					{ "time": 4, "x": 1, "y": 1 }
				]
			},
			"card1": {
				"rotate": [
					{ "time": 0, "angle": 0, "curve": "stepped" },
					{ "time": 0.6666, "angle": 0 },
					{ "time": 0.8333, "angle": 12.14 },
					{ "time": 1, "angle": -5.13 },
					{ "time": 1.1666, "angle": 0, "curve": "stepped" },
					{ "time": 1.8333, "angle": 0 },
					{ "time": 2, "angle": 12.14 },
					{ "time": 2.1666, "angle": -5.13 },
					{ "time": 2.3333, "angle": 0, "curve": "stepped" },
					{ "time": 4, "angle": 0 }
				],
				"translate": [
					{ "time": 0, "x": 0, "y": 0, "curve": "stepped" },
					{ "time": 0.6666, "x": 0, "y": 0 },
					{ "time": 0.8333, "x": -0.63, "y": 22.21 },
					{ "time": 1, "x": -1.84, "y": -2.65 },
					{ "time": 1.1666, "x": 0, "y": 0, "curve": "stepped" },
					{ "time": 1.8333, "x": 0, "y": 0 },
					{ "time": 2, "x": -0.63, "y": 22.21 },
					{ "time": 2.1666, "x": -1.84, "y": -2.65 },
					{ "time": 2.3333, "x": 0, "y": 0, "curve": "stepped" },
					{ "time": 4, "x": 0, "y": 0 }
				],
				"scale": [
					{ "time": 0, "x": 1, "y": 1, "curve": "stepped" },
					{ "time": 0.6666, "x": 1, "y": 1 },
					{ "time": 0.8333, "x": 0.953, "y": 0.953 },
					{ "time": 0.9333, "x": 0.961, "y": 0.961 },
					{ "time": 1, "x": 1.079, "y": 1.079 },
					{ "time": 1.1666, "x": 1, "y": 1, "curve": "stepped" },
					{ "time": 1.8333, "x": 1, "y": 1 },
					{ "time": 2, "x": 0.953, "y": 0.953 },
					{ "time": 2.1, "x": 0.961, "y": 0.961 },
					{ "time": 2.1666, "x": 1.079, "y": 1.079 },
					{ "time": 2.3333, "x": 1, "y": 1, "curve": "stepped" },
					{ "time": 4, "x": 1, "y": 1 }
				]
			},
			"boom": {
				"rotate": [
					{ "time": 0, "angle": 0, "curve": "stepped" },
					{ "time": 4, "angle": 0 }
				],
				"translate": [
					{ "time": 0, "x": 0, "y": 0 },
					{ "time": 1.6666, "x": 5.84, "y": -0.97 },
					{ "time": 2, "x": 4.23, "y": -0.29 },
					{ "time": 2.5, "x": -21.91, "y": 0.73 },
					{ "time": 2.8333, "x": -20.7, "y": 1.29 },
					{ "time": 4, "x": 0, "y": 0 }
				],
				"scale": [
					{ "time": 1.6666, "x": 0.784, "y": 0.784 },
					{ "time": 1.8, "x": 1.408, "y": 1.408 },
					{ "time": 2, "x": 0.8, "y": 0.8 },
					{ "time": 2.5, "x": 0.784, "y": 0.784 },
					{ "time": 2.6333, "x": 1.408, "y": 1.408 },
					{ "time": 2.8333, "x": 0.8, "y": 0.8 }
				]
			},
			"TX": {
				"rotate": [
					{ "time": 0, "angle": 0, "curve": "stepped" },
					{ "time": 4, "angle": 0 }
				],
				"translate": [
					{ "time": 0, "x": 0, "y": 0, "curve": "stepped" },
					{ "time": 4, "x": 0, "y": 0 }
				],
				"scale": [
					{ "time": 0, "x": 1, "y": 1 },
					{ "time": 2, "x": 0.924, "y": 0.924 },
					{ "time": 4, "x": 1, "y": 1 }
				]
			},
			"P": {
				"rotate": [
					{ "time": 0, "angle": 0 },
					{ "time": 1.6666, "angle": -20.51 },
					{ "time": 1.8333, "angle": 2.68 },
					{ "time": 2, "angle": -337.25 },
					{ "time": 2.6666, "angle": -146.2 },
					{ "time": 2.8333, "angle": -174.7 },
					{ "time": 3, "angle": -202.13 },
					{ "time": 4, "angle": 0 }
				],
				"translate": [
					{ "time": 0, "x": 0, "y": 0 },
					{ "time": 1.6666, "x": 10.22, "y": 0 },
					{ "time": 1.8333, "x": -0.73, "y": 10.22 },
					{ "time": 2, "x": -24.84, "y": 2.92 },
					{ "time": 2.6666, "x": -26.79, "y": 1.94 },
					{ "time": 2.8333, "x": -4.81, "y": 15.22 },
					{ "time": 3, "x": 14.24, "y": 0.73 },
					{ "time": 4, "x": 0, "y": 0 }
				]
			},
			"cup": {
				"rotate": [
					{ "time": 0, "angle": 0 },
					{ "time": 1.3333, "angle": 4.85 },
					{ "time": 2.6666, "angle": -3.8 },
					{ "time": 4, "angle": 0 }
				],
				"translate": [
					{ "time": 0, "x": 0, "y": 0, "curve": "stepped" },
					{ "time": 4, "x": 0, "y": 0 }
				]
			},
			"B": {
				"rotate": [
					{ "time": 0, "angle": 0 },
					{ "time": 0.6666, "angle": 0.47 },
					{ "time": 0.8333, "angle": 6.86 },
					{ "time": 1, "angle": 3.7 },
					{ "time": 1.6666, "angle": 5.44 },
					{ "time": 1.8333, "angle": 0.39 },
					{ "time": 2, "angle": 3.85, "curve": "stepped" },
					{ "time": 2.9, "angle": 3.85 },
					{ "time": 3, "angle": 3.08 },
					{ "time": 3.1666, "angle": -13.21 },
					{ "time": 3.3333, "angle": 0.69 },
					{ "time": 4, "angle": 0 }
				],
				"translate": [
					{ "time": 0, "x": 0, "y": 0 },
					{ "time": 0.6666, "x": 0.73, "y": 0 },
					{ "time": 0.8333, "x": -0.76, "y": 0 },
					{ "time": 1, "x": 1.46, "y": 0 },
					{ "time": 1.6666, "x": 1.87, "y": 0 },
					{ "time": 1.8333, "x": 10.63, "y": 0 },
					{ "time": 2, "x": 1.87, "y": 0, "curve": "stepped" },
					{ "time": 2.9, "x": 1.87, "y": 0 },
					{ "time": 3, "x": -0.52, "y": -8.03 },
					{ "time": 3.1666, "x": 4.55, "y": 0 },
					{ "time": 3.3333, "x": 0, "y": 0 },
					{ "time": 3.6666, "x": 5.84, "y": 0.73 },
					{ "time": 4, "x": 0, "y": 0 }
				],
				"scale": [
					{ "time": 0, "x": 1, "y": 1, "curve": "stepped" },
					{ "time": 2.9666, "x": 1, "y": 1 },
					{ "time": 3, "x": 1, "y": 0.349 },
					{ "time": 3.1666, "x": 1, "y": 0.867 },
					{ "time": 3.3333, "x": 1, "y": 0.349 },
					{ "time": 3.3666, "x": 1, "y": 1, "curve": "stepped" },
					{ "time": 4, "x": 1, "y": 1 }
				]
			},
			"A": {
				"rotate": [
					{ "time": 0, "angle": 0 },
					{ "time": 1.3333, "angle": 1.8 },
					{ "time": 1.5, "angle": 5.88 },
					{ "time": 1.6666, "angle": 1.23 },
					{ "time": 2, "angle": 1.06 },
					{ "time": 2.1, "angle": 10.75 },
					{ "time": 2.2333, "angle": -13.09 },
					{ "time": 2.3333, "angle": 0.88 },
					{ "time": 4, "angle": 0 }
				],
				"translate": [
					{ "time": 0, "x": 0, "y": 0 },
					{ "time": 1.3333, "x": -0.73, "y": 0 },
					{ "time": 1.5, "x": -4.34, "y": 0 },
					{ "time": 1.6666, "x": -0.45, "y": 0 },
					{ "time": 2, "x": -0.36, "y": 0 },
					{ "time": 2.3333, "x": -0.27, "y": 0 },
					{ "time": 2.5, "x": -0.22, "y": 0 },
					{ "time": 2.6666, "x": -6.03, "y": 0.73 },
					{ "time": 2.8333, "x": -0.22, "y": 0 },
					{ "time": 4, "x": 0, "y": 0 }
				],
				"scale": [
					{ "time": 2, "x": 1, "y": 1 },
					{ "time": 2.1666, "x": 1, "y": 0.364 },
					{ "time": 2.3333, "x": 1, "y": 1 }
				]
			},
			"TX4": {
				"rotate": [
					{ "time": 0, "angle": 0, "curve": "stepped" },
					{ "time": 4, "angle": 0 }
				],
				"translate": [
					{ "time": 0, "x": 0, "y": 0, "curve": "stepped" },
					{ "time": 4, "x": 0, "y": 0 }
				],
				"scale": [
					{ "time": 0, "x": 1, "y": 1 },
					{ "time": 1, "x": 0.81, "y": 0.81 },
					{ "time": 2, "x": 0.993, "y": 0.993 },
					{ "time": 3, "x": 0.858, "y": 0.858 },
					{ "time": 4, "x": 1, "y": 1 }
				]
			},
			"4": {
				"rotate": [
					{ "time": 0, "angle": 0, "curve": "stepped" },
					{ "time": 2.3333, "angle": 0, "curve": "stepped" },
					{ "time": 4, "angle": 0 }
				],
				"translate": [
					{ "time": 0, "x": 0, "y": 0, "curve": "stepped" },
					{ "time": 2.3333, "x": 0, "y": 0 },
					{ "time": 2.5, "x": 6.34, "y": -12.69, "curve": "stepped" },
					{ "time": 3.8333, "x": 6.34, "y": -12.69 },
					{ "time": 4, "x": 0, "y": 0 }
				],
				"scale": [
					{ "time": 2.5, "x": 1, "y": 1 },
					{ "time": 2.6666, "x": 1.227, "y": 1.227 },
					{ "time": 2.8333, "x": 0.858, "y": 0.858 },
					{ "time": 3, "x": 1, "y": 1 }
				]
			},
			"TX3": {
				"rotate": [
					{ "time": 0, "angle": 0, "curve": "stepped" },
					{ "time": 4, "angle": 0 }
				],
				"translate": [
					{ "time": 0, "x": 0, "y": 0, "curve": "stepped" },
					{ "time": 4, "x": 0, "y": 0 }
				],
				"scale": [
					{ "time": 0, "x": 1, "y": 1 },
					{ "time": 1, "x": 0.81, "y": 0.81 },
					{ "time": 2, "x": 0.993, "y": 0.993 },
					{ "time": 3, "x": 0.858, "y": 0.858 },
					{ "time": 4, "x": 1, "y": 1 }
				]
			},
			"3": {
				"rotate": [
					{ "time": 0, "angle": 0, "curve": "stepped" },
					{ "time": 1.1666, "angle": 0, "curve": "stepped" },
					{ "time": 4, "angle": 0 }
				],
				"translate": [
					{ "time": 0, "x": 0, "y": 0, "curve": "stepped" },
					{ "time": 1.1666, "x": 0, "y": 0 },
					{ "time": 1.3333, "x": 10.15, "y": -5.71, "curve": "stepped" },
					{ "time": 1.6666, "x": 10.15, "y": -5.71 },
					{ "time": 1.8333, "x": 3.8, "y": -5.71 },
					{ "time": 2, "x": 6.87, "y": -5.71 },
					{ "time": 2.1666, "x": 10.15, "y": -5.71, "curve": "stepped" },
					{ "time": 3.8333, "x": 10.15, "y": -5.71 },
					{ "time": 4, "x": 0, "y": 0 }
				],
				"scale": [
					{ "time": 1.6666, "x": 1, "y": 1 },
					{ "time": 1.8333, "x": 1.248, "y": 1.248 },
					{ "time": 2, "x": 0.87, "y": 0.87 },
					{ "time": 2.1666, "x": 1, "y": 1 }
				]
			},
			"TX2": {
				"rotate": [
					{ "time": 0, "angle": 0, "curve": "stepped" },
					{ "time": 4, "angle": 0 }
				],
				"translate": [
					{ "time": 0, "x": 0, "y": 0, "curve": "stepped" },
					{ "time": 4, "x": 0, "y": 0 }
				],
				"scale": [
					{ "time": 0, "x": 1, "y": 1 },
					{ "time": 1, "x": 0.81, "y": 0.81 },
					{ "time": 2, "x": 0.993, "y": 0.993 },
					{ "time": 3, "x": 0.858, "y": 0.858 },
					{ "time": 4, "x": 1, "y": 1 }
				]
			},
			"2": {
				"rotate": [
					{ "time": 0, "angle": 0, "curve": "stepped" },
					{ "time": 1.5, "angle": 0, "curve": "stepped" },
					{ "time": 4, "angle": 0 }
				],
				"translate": [
					{ "time": 0, "x": 0, "y": 0, "curve": "stepped" },
					{ "time": 1.5, "x": 0, "y": 0 },
					{ "time": 1.6666, "x": -6.34, "y": 0.63, "curve": "stepped" },
					{ "time": 3.5, "x": -6.34, "y": 0.63 },
					{ "time": 4, "x": 0, "y": 0 }
				],
				"scale": [
					{ "time": 1.5, "x": 1, "y": 1 },
					{ "time": 1.6666, "x": 1.301, "y": 1.301 },
					{ "time": 1.8333, "x": 0.882, "y": 0.882 },
					{ "time": 2, "x": 1, "y": 1 }
				]
			},
			"TX1": {
				"rotate": [
					{ "time": 0, "angle": 0, "curve": "stepped" },
					{ "time": 4, "angle": 0 }
				],
				"translate": [
					{ "time": 0, "x": 0, "y": 0, "curve": "stepped" },
					{ "time": 4, "x": 0, "y": 0 }
				],
				"scale": [
					{ "time": 0, "x": 1, "y": 1 },
					{ "time": 1, "x": 0.81, "y": 0.81 },
					{ "time": 2, "x": 0.993, "y": 0.993 },
					{ "time": 3, "x": 0.858, "y": 0.858 },
					{ "time": 4, "x": 1, "y": 1 }
				]
			},
			"1": {
				"rotate": [
					{ "time": 0, "angle": 0, "curve": "stepped" },
					{ "time": 4, "angle": 0 }
				],
				"translate": [
					{ "time": 0, "x": 0, "y": 0 },
					{ "time": 0.5, "x": -0.63, "y": 0 },
					{ "time": 0.6666, "x": -9.47, "y": -1.9, "curve": "stepped" },
					{ "time": 1.3333, "x": -9.47, "y": -1.9 },
					{ "time": 1.5, "x": -5.66, "y": -1.9 },
					{ "time": 1.6666, "x": -12.01, "y": -1.9 },
					{ "time": 1.8333, "x": -9.47, "y": -1.9, "curve": "stepped" },
					{ "time": 2.5, "x": -9.47, "y": -1.9 },
					{ "time": 2.6666, "x": -7.01, "y": -1.9 },
					{ "time": 2.8333, "x": -10.49, "y": -1.9 },
					{ "time": 3, "x": -9.47, "y": -1.9, "curve": "stepped" },
					{ "time": 3.6666, "x": -9.47, "y": -1.9 },
					{ "time": 4, "x": 0, "y": 0 }
				],
				"scale": [
					{ "time": 1.3333, "x": 1, "y": 1 },
					{ "time": 1.5, "x": 1.327, "y": 1.327 },
					{ "time": 1.6666, "x": 0.864, "y": 0.864 },
					{ "time": 1.8333, "x": 1, "y": 1 }
				]
			},
			"desk": {
				"rotate": [
					{ "time": 0, "angle": 0, "curve": "stepped" },
					{ "time": 4, "angle": 0 }
				],
				"translate": [
					{ "time": 0, "x": 0, "y": 0, "curve": "stepped" },
					{ "time": 4, "x": 0, "y": 0 }
				]
			},
			"box": {
				"rotate": [
					{ "time": 0, "angle": 0 },
					{ "time": 1, "angle": 1.99 },
					{ "time": 2, "angle": -3.49 },
					{ "time": 4, "angle": 0 }
				],
				"translate": [
					{ "time": 0, "x": 0, "y": 0, "curve": "stepped" },
					{ "time": 4, "x": 0, "y": 0 }
				]
			}
		}
	},
	"start": {
		"slots": {
			"1a": {
				"color": [
					{ "time": 0, "color": "ffffff00" },
					{ "time": 1, "color": "ffffffff" }
				]
			},
			"2a": {
				"color": [
					{ "time": 0, "color": "ffffff00" },
					{ "time": 1, "color": "ffffffff" }
				]
			},
			"3a": {
				"color": [
					{ "time": 0, "color": "ffffff00" },
					{ "time": 1, "color": "ffffffff" }
				]
			},
			"4a": {
				"color": [
					{ "time": 0, "color": "ffffff00" },
					{ "time": 1, "color": "ffffffff" }
				]
			},
			"P": {
				"color": [
					{ "time": 0, "color": "ffffff00", "curve": "stepped" },
					{ "time": 1, "color": "ffffff00" }
				]
			},
			"TX": {
				"color": [
					{ "time": 0, "color": "ffffff58" },
					{ "time": 1, "color": "ffffffff" }
				]
			},
			"act1": {
				"color": [
					{ "time": 0, "color": "ffffff00", "curve": "stepped" },
					{ "time": 0.5, "color": "ffffff00" },
					{ "time": 1, "color": "ffffffff" }
				]
			},
			"act2": {
				"color": [
					{ "time": 0, "color": "ffffff00", "curve": "stepped" },
					{ "time": 0.6666, "color": "ffffff00" },
					{ "time": 1, "color": "ffffffff" }
				]
			},
			"boom": {
				"color": [
					{ "time": 0, "color": "ffffff00", "curve": "stepped" },
					{ "time": 1, "color": "ffffff00" }
				]
			},
			"end": {
				"color": [
					{ "time": 0, "color": "ffffff00", "curve": "stepped" },
					{ "time": 1, "color": "ffffff00" }
				]
			}
		},
		"bones": {
			"TX": {
				"rotate": [
					{ "time": 0, "angle": 0, "curve": "stepped" },
					{ "time": 1, "angle": 0 }
				],
				"translate": [
					{ "time": 0, "x": 0, "y": 0, "curve": "stepped" },
					{ "time": 1, "x": 0, "y": 0 }
				],
				"scale": [
					{ "time": 0, "x": 0.028, "y": 1 },
					{ "time": 0.5, "x": 0.996, "y": 1 },
					{ "time": 1, "x": 1, "y": 1 }
				]
			},
			"TX2": {
				"rotate": [
					{ "time": 0, "angle": 0, "curve": "stepped" },
					{ "time": 1, "angle": 0 }
				],
				"translate": [
					{ "time": 0, "x": 0, "y": 0, "curve": "stepped" },
					{ "time": 1, "x": 0, "y": 0 }
				],
				"scale": [
					{ "time": 0, "x": 0.712, "y": 0.5 },
					{ "time": 0.1666, "x": 0.87, "y": 0.283 },
					{ "time": 0.5, "x": 1.186, "y": 1.726 },
					{ "time": 1, "x": 1, "y": 1 }
				]
			},
			"4": {
				"rotate": [
					{ "time": 0, "angle": 0, "curve": "stepped" },
					{ "time": 1, "angle": 0 }
				],
				"translate": [
					{ "time": 0, "x": 0, "y": 0, "curve": "stepped" },
					{ "time": 1, "x": 0, "y": 0 }
				]
			},
			"card2": {
				"rotate": [
					{ "time": 0, "angle": 0, "curve": "stepped" },
					{ "time": 1, "angle": 0 }
				],
				"translate": [
					{ "time": 0, "x": 0, "y": 0, "curve": "stepped" },
					{ "time": 1, "x": 0, "y": 0 }
				],
				"scale": [
					{ "time": 1, "x": 1, "y": 1 }
				]
			},
			"boom": {
				"rotate": [
					{ "time": 0, "angle": 0, "curve": "stepped" },
					{ "time": 1, "angle": 0 }
				],
				"translate": [
					{ "time": 0, "x": 0, "y": 0, "curve": "stepped" },
					{ "time": 1, "x": 0, "y": 0 }
				]
			},
			"card1": {
				"rotate": [
					{ "time": 0, "angle": 0, "curve": "stepped" },
					{ "time": 1, "angle": 0 }
				],
				"translate": [
					{ "time": 0, "x": 0, "y": 0, "curve": "stepped" },
					{ "time": 1, "x": 0, "y": 0 }
				],
				"scale": [
					{ "time": 1, "x": 1, "y": 1 }
				]
			},
			"A": {
				"rotate": [
					{ "time": 0, "angle": 0, "curve": "stepped" },
					{ "time": 1, "angle": 0 }
				],
				"translate": [
					{ "time": 0, "x": 0, "y": 0, "curve": "stepped" },
					{ "time": 1, "x": 0, "y": 0 }
				]
			},
			"TX1": {
				"rotate": [
					{ "time": 0, "angle": 0, "curve": "stepped" },
					{ "time": 1, "angle": 0 }
				],
				"translate": [
					{ "time": 0, "x": 0, "y": 0, "curve": "stepped" },
					{ "time": 1, "x": 0, "y": 0 }
				],
				"scale": [
					{ "time": 0, "x": 0.712, "y": 0.5 },
					{ "time": 0.1666, "x": 0.87, "y": 0.283 },
					{ "time": 0.5, "x": 1.186, "y": 1.726 },
					{ "time": 1, "x": 1, "y": 1 }
				]
			},
			"1": {
				"rotate": [
					{ "time": 0, "angle": 0, "curve": "stepped" },
					{ "time": 1, "angle": 0 }
				],
				"translate": [
					{ "time": 0, "x": 0, "y": 0, "curve": "stepped" },
					{ "time": 1, "x": 0, "y": 0 }
				]
			},
			"P": {
				"rotate": [
					{ "time": 0, "angle": 0, "curve": "stepped" },
					{ "time": 1, "angle": 0 }
				],
				"translate": [
					{ "time": 0, "x": 0, "y": 0, "curve": "stepped" },
					{ "time": 1, "x": 0, "y": 0 }
				]
			},
			"box": {
				"rotate": [
					{ "time": 0, "angle": 0, "curve": "stepped" },
					{ "time": 1, "angle": 0 }
				],
				"translate": [
					{ "time": 0, "x": 0, "y": 0, "curve": "stepped" },
					{ "time": 1, "x": 0, "y": 0 }
				]
			},
			"cup": {
				"rotate": [
					{ "time": 0, "angle": 0, "curve": "stepped" },
					{ "time": 1, "angle": 0 }
				],
				"translate": [
					{ "time": 0, "x": 0, "y": 0, "curve": "stepped" },
					{ "time": 1, "x": 0, "y": 0 }
				]
			},
			"desk": {
				"rotate": [
					{ "time": 0, "angle": 0, "curve": "stepped" },
					{ "time": 1, "angle": 0 }
				],
				"translate": [
					{ "time": 0, "x": 0, "y": 0, "curve": "stepped" },
					{ "time": 1, "x": 0, "y": 0 }
				]
			},
			"TX3": {
				"rotate": [
					{ "time": 0, "angle": 0, "curve": "stepped" },
					{ "time": 1, "angle": 0 }
				],
				"translate": [
					{ "time": 0, "x": 0, "y": 0, "curve": "stepped" },
					{ "time": 1, "x": 0, "y": 0 }
				],
				"scale": [
					{ "time": 0, "x": 0.712, "y": 0.5 },
					{ "time": 0.1666, "x": 0.87, "y": 0.283 },
					{ "time": 0.5, "x": 1.186, "y": 1.726 },
					{ "time": 1, "x": 1, "y": 1 }
				]
			},
			"3": {
				"rotate": [
					{ "time": 0, "angle": 0, "curve": "stepped" },
					{ "time": 1, "angle": 0 }
				],
				"translate": [
					{ "time": 0, "x": 0, "y": 0, "curve": "stepped" },
					{ "time": 1, "x": 0, "y": 0 }
				]
			},
			"bone": {
				"rotate": [
					{ "time": 0, "angle": 0, "curve": "stepped" },
					{ "time": 1, "angle": 0 }
				],
				"translate": [
					{ "time": 0, "x": 0, "y": 0, "curve": "stepped" },
					{ "time": 1, "x": 0, "y": 0 }
				]
			},
			"B": {
				"rotate": [
					{ "time": 0, "angle": 0, "curve": "stepped" },
					{ "time": 1, "angle": 0 }
				],
				"translate": [
					{ "time": 0, "x": 0, "y": 0, "curve": "stepped" },
					{ "time": 1, "x": 0, "y": 0 }
				],
				"scale": [
					{ "time": 1, "x": 1, "y": 1 }
				]
			},
			"TX4": {
				"rotate": [
					{ "time": 0, "angle": 0, "curve": "stepped" },
					{ "time": 1, "angle": 0 }
				],
				"translate": [
					{ "time": 0, "x": 0, "y": 0, "curve": "stepped" },
					{ "time": 1, "x": 0, "y": 0 }
				],
				"scale": [
					{ "time": 0, "x": 0.712, "y": 0.5 },
					{ "time": 0.1666, "x": 0.87, "y": 0.283 },
					{ "time": 0.5, "x": 1.186, "y": 1.726 },
					{ "time": 1, "x": 1, "y": 1 }
				]
			},
			"2": {
				"rotate": [
					{ "time": 0, "angle": 0, "curve": "stepped" },
					{ "time": 1, "angle": 0 }
				],
				"translate": [
					{ "time": 0, "x": 0, "y": 0, "curve": "stepped" },
					{ "time": 1, "x": 0, "y": 0 }
				]
			}
		}
	},
	"win_L": {
		"slots": {
			"1a": {
				"color": [
					{ "time": 0, "color": "ffffffff" },
					{ "time": 0.6666, "color": "ffffff98" },
					{ "time": 1.3333, "color": "ffffffff" },
					{ "time": 1.4333, "color": "ffffff08" },
					{ "time": 1.5333, "color": "ffffffdf" },
					{ "time": 1.6, "color": "ffffff09" },
					{ "time": 1.7, "color": "ffffffff" },
					{ "time": 1.7666, "color": "ffffff23" },
					{ "time": 2.4, "color": "ffffff2d" },
					{ "time": 2.5, "color": "ffffffff" },
					{ "time": 2.6, "color": "ffffff08" },
					{ "time": 2.7, "color": "ffffffdf" },
					{ "time": 2.7666, "color": "ffffff09" },
					{ "time": 2.8666, "color": "ffffffff" },
					{ "time": 2.9333, "color": "ffffff23" },
					{ "time": 3.8333, "color": "ffffff00" },
					{ "time": 4, "color": "ffffffff" }
				]
			},
			"2a": {
				"color": [
					{ "time": 0.6666, "color": "ffffff78" },
					{ "time": 1.5, "color": "ffffffff" }
				]
			},
			"3a": {
				"color": [
					{ "time": 0, "color": "ffffffff" },
					{ "time": 0.3333, "color": "ffffff59" },
					{ "time": 0.6666, "color": "fffffffd" },
					{ "time": 0.9666, "color": "ffffff6f" },
					{ "time": 1.1666, "color": "ffffffff", "curve": "stepped" },
					{ "time": 1.6666, "color": "ffffffff" },
					{ "time": 1.7666, "color": "ffffff52" },
					{ "time": 1.9333, "color": "ffffffd8" },
					{ "time": 2.0666, "color": "ffffff5b" },
					{ "time": 2.1666, "color": "ffffffff" }
				]
			},
			"P": {
				"color": [
					{ "time": 0, "color": "ffffff00", "curve": "stepped" },
					{ "time": 1.6333, "color": "ffffff00" },
					{ "time": 1.6666, "color": "ffffffff", "curve": "stepped" },
					{ "time": 1.9666, "color": "ffffffff" },
					{ "time": 2, "color": "ffffff00", "curve": "stepped" },
					{ "time": 2.6333, "color": "ffffff00" },
					{ "time": 2.6666, "color": "ffffffff", "curve": "stepped" },
					{ "time": 2.9666, "color": "ffffffff" },
					{ "time": 3, "color": "ffffff00" }
				]
			},
			"TX": {
				"color": [
					{ "time": 0, "color": "ffffffff" },
					{ "time": 1, "color": "ffffff75" },
					{ "time": 2, "color": "ffffffff" },
					{ "time": 3, "color": "ffffff79" },
					{ "time": 4, "color": "ffffffff" }
				]
			},
			"act1": {
				"color": [
					{ "time": 0, "color": "ffffffff" },
					{ "time": 0.6666, "color": "ffffff74" },
					{ "time": 1.3333, "color": "ffffffff", "curve": "stepped" },
					{ "time": 2, "color": "ffffffff" },
					{ "time": 2.1666, "color": "ffffff8b" },
					{ "time": 2.3333, "color": "ffffffb5" },
					{ "time": 3, "color": "ffffff68" },
					{ "time": 3.6666, "color": "fffffff2" },
					{ "time": 4, "color": "ffffffff" }
				]
			},
			"act2": {
				"color": [
					{ "time": 0, "color": "ffffffff" },
					{ "time": 0.6666, "color": "ffffff74" },
					{ "time": 1.3333, "color": "ffffffff" },
					{ "time": 1.6666, "color": "ffffffef" },
					{ "time": 1.8333, "color": "ffffffc3" },
					{ "time": 2, "color": "ffffffff" },
					{ "time": 2.5, "color": "ffffff6d" },
					{ "time": 2.9, "color": "ffffffff" },
					{ "time": 3.0666, "color": "ffffff7b" },
					{ "time": 3.1666, "color": "ffffff00", "curve": "stepped" },
					{ "time": 3.6666, "color": "ffffff00" },
					{ "time": 4, "color": "ffffffff" }
				]
			},
			"boom": {
				"color": [
					{ "time": 0, "color": "ffffff00", "curve": "stepped" },
					{ "time": 1.6333, "color": "ffffff00" },
					{ "time": 1.6666, "color": "ffffffff", "curve": "stepped" },
					{ "time": 1.8333, "color": "ffffffff" },
					{ "time": 2, "color": "ffffff00", "curve": "stepped" },
					{ "time": 2.4666, "color": "ffffff00" },
					{ "time": 2.5, "color": "ffffffff", "curve": "stepped" },
					{ "time": 2.6666, "color": "ffffffff" },
					{ "time": 2.8333, "color": "ffffff00" }
				]
			},
			"end": {
				"color": [
					{ "time": 0, "color": "ffffff00", "curve": "stepped" },
					{ "time": 3.1666, "color": "ffffff00" },
					{ "time": 3.2, "color": "ffffffff", "curve": "stepped" },
					{ "time": 3.3666, "color": "ffffffff" }
				]
			}
		},
		"bones": {
			"bone": {
				"rotate": [
					{ "time": 0, "angle": 0, "curve": "stepped" },
					{ "time": 4, "angle": 0 }
				],
				"translate": [
					{ "time": 0, "x": 0, "y": 0, "curve": "stepped" },
					{ "time": 4, "x": 0, "y": 0 }
				]
			},
			"card2": {
				"rotate": [
					{ "time": 0, "angle": 0 },
					{
						"time": 0.1666,
						"angle": -13.16,
						"curve": [ 0.25, 0, 0.75, 1 ]
					},
					{ "time": 0.3333, "angle": 7.92 },
					{ "time": 0.5, "angle": 0, "curve": "stepped" },
					{ "time": 1.3333, "angle": 0 },
					{
						"time": 1.5,
						"angle": -13.16,
						"curve": [ 0.25, 0, 0.75, 1 ]
					},
					{ "time": 1.6666, "angle": 7.92 },
					{ "time": 1.8333, "angle": 0, "curve": "stepped" },
					{ "time": 4, "angle": 0 }
				],
				"translate": [
					{ "time": 0, "x": 0, "y": 0 },
					{
						"time": 0.1666,
						"x": 2.53,
						"y": 24.11,
						"curve": [ 0.25, 0, 0.75, 1 ]
					},
					{ "time": 0.3333, "x": -3.53, "y": -0.9 },
					{ "time": 0.5, "x": 0, "y": 0, "curve": "stepped" },
					{ "time": 1.3333, "x": 0, "y": 0 },
					{
						"time": 1.5,
						"x": 2.53,
						"y": 24.11,
						"curve": [ 0.25, 0, 0.75, 1 ]
					},
					{ "time": 1.6666, "x": -3.53, "y": -0.9 },
					{ "time": 1.8333, "x": 0, "y": 0, "curve": "stepped" },
					{ "time": 4, "x": 0, "y": 0 }
				],
				"scale": [
					{ "time": 0, "x": 1, "y": 1 },
					{ "time": 0.1666, "x": 0.974, "y": 0.974 },
					{ "time": 0.2666, "x": 1.004, "y": 1.004 },
					{ "time": 0.3333, "x": 1.099, "y": 1.099 },
					{ "time": 0.5, "x": 1, "y": 1, "curve": "stepped" },
					{ "time": 1.3333, "x": 1, "y": 1 },
					{ "time": 1.5, "x": 0.974, "y": 0.974 },
					{ "time": 1.6, "x": 1.004, "y": 1.004 },
					{ "time": 1.6666, "x": 1.099, "y": 1.099 },
					{ "time": 1.8333, "x": 1, "y": 1, "curve": "stepped" },
					{ "time": 4, "x": 1, "y": 1 }
				]
			},
			"card1": {
				"rotate": [
					{ "time": 0, "angle": 0, "curve": "stepped" },
					{ "time": 0.6666, "angle": 0 },
					{ "time": 0.8333, "angle": 12.14 },
					{ "time": 1, "angle": -5.13 },
					{ "time": 1.1666, "angle": 0, "curve": "stepped" },
					{ "time": 1.8333, "angle": 0 },
					{ "time": 2, "angle": 12.14 },
					{ "time": 2.1666, "angle": -5.13 },
					{ "time": 2.3333, "angle": 0, "curve": "stepped" },
					{ "time": 4, "angle": 0 }
				],
				"translate": [
					{ "time": 0, "x": 0, "y": 0, "curve": "stepped" },
					{ "time": 0.6666, "x": 0, "y": 0 },
					{ "time": 0.8333, "x": -0.63, "y": 22.21 },
					{ "time": 1, "x": -1.84, "y": -2.65 },
					{ "time": 1.1666, "x": 0, "y": 0, "curve": "stepped" },
					{ "time": 1.8333, "x": 0, "y": 0 },
					{ "time": 2, "x": -0.63, "y": 22.21 },
					{ "time": 2.1666, "x": -1.84, "y": -2.65 },
					{ "time": 2.3333, "x": 0, "y": 0, "curve": "stepped" },
					{ "time": 4, "x": 0, "y": 0 }
				],
				"scale": [
					{ "time": 0, "x": 1, "y": 1, "curve": "stepped" },
					{ "time": 0.6666, "x": 1, "y": 1 },
					{ "time": 0.8333, "x": 0.953, "y": 0.953 },
					{ "time": 0.9333, "x": 0.961, "y": 0.961 },
					{ "time": 1, "x": 1.079, "y": 1.079 },
					{ "time": 1.1666, "x": 1, "y": 1, "curve": "stepped" },
					{ "time": 1.8333, "x": 1, "y": 1 },
					{ "time": 2, "x": 0.953, "y": 0.953 },
					{ "time": 2.1, "x": 0.961, "y": 0.961 },
					{ "time": 2.1666, "x": 1.079, "y": 1.079 },
					{ "time": 2.3333, "x": 1, "y": 1, "curve": "stepped" },
					{ "time": 4, "x": 1, "y": 1 }
				]
			},
			"boom": {
				"rotate": [
					{ "time": 0, "angle": 0, "curve": "stepped" },
					{ "time": 4, "angle": 0 }
				],
				"translate": [
					{ "time": 0, "x": 0, "y": 0 },
					{ "time": 1.6666, "x": 5.84, "y": -0.97 },
					{ "time": 2, "x": 4.23, "y": -0.29 },
					{ "time": 2.5, "x": -21.91, "y": 0.73 },
					{ "time": 2.8333, "x": -20.7, "y": 1.29 },
					{ "time": 4, "x": 0, "y": 0 }
				],
				"scale": [
					{ "time": 1.6666, "x": 0.784, "y": 0.784 },
					{ "time": 1.8, "x": 1.408, "y": 1.408 },
					{ "time": 2, "x": 0.8, "y": 0.8 },
					{ "time": 2.5, "x": 0.784, "y": 0.784 },
					{ "time": 2.6333, "x": 1.408, "y": 1.408 },
					{ "time": 2.8333, "x": 0.8, "y": 0.8 }
				]
			},
			"TX": {
				"rotate": [
					{ "time": 0, "angle": 0, "curve": "stepped" },
					{ "time": 4, "angle": 0 }
				],
				"translate": [
					{ "time": 0, "x": 0, "y": 0, "curve": "stepped" },
					{ "time": 4, "x": 0, "y": 0 }
				],
				"scale": [
					{ "time": 0, "x": 1, "y": 1 },
					{ "time": 2, "x": 0.924, "y": 0.924 },
					{ "time": 4, "x": 1, "y": 1 }
				]
			},
			"P": {
				"rotate": [
					{ "time": 0, "angle": 0 },
					{ "time": 1.6666, "angle": -20.51 },
					{ "time": 1.8333, "angle": 2.68 },
					{ "time": 2, "angle": -337.25 },
					{ "time": 2.6666, "angle": -146.2 },
					{ "time": 2.8333, "angle": -174.7 },
					{ "time": 3, "angle": -202.13 },
					{ "time": 4, "angle": 0 }
				],
				"translate": [
					{ "time": 0, "x": 0, "y": 0 },
					{ "time": 1.6666, "x": 10.22, "y": 0 },
					{ "time": 1.8333, "x": -0.73, "y": 10.22 },
					{ "time": 2, "x": -24.84, "y": 2.92 },
					{ "time": 2.6666, "x": -26.79, "y": 1.94 },
					{ "time": 2.8333, "x": -4.81, "y": 15.22 },
					{ "time": 3, "x": 14.24, "y": 0.73 },
					{ "time": 4, "x": 0, "y": 0 }
				]
			},
			"cup": {
				"rotate": [
					{ "time": 0, "angle": 0 },
					{ "time": 1.3333, "angle": 4.85 },
					{ "time": 2.6666, "angle": -3.8 },
					{ "time": 4, "angle": 0 }
				],
				"translate": [
					{ "time": 0, "x": 0, "y": 0, "curve": "stepped" },
					{ "time": 4, "x": 0, "y": 0 }
				]
			},
			"B": {
				"rotate": [
					{ "time": 0, "angle": 0 },
					{ "time": 0.6666, "angle": 0.47 },
					{ "time": 0.8333, "angle": 6.86 },
					{ "time": 1, "angle": 3.7 },
					{ "time": 1.6666, "angle": 5.44 },
					{ "time": 1.8333, "angle": 0.39 },
					{ "time": 2, "angle": 3.85, "curve": "stepped" },
					{ "time": 2.9, "angle": 3.85 },
					{ "time": 3, "angle": 3.08 },
					{ "time": 4, "angle": 0 }
				],
				"translate": [
					{ "time": 0, "x": 0, "y": 0 },
					{ "time": 0.6666, "x": 0.73, "y": 0 },
					{ "time": 0.8333, "x": -0.76, "y": 0 },
					{ "time": 1, "x": 1.46, "y": 0 },
					{ "time": 1.6666, "x": 1.87, "y": 0 },
					{ "time": 1.8333, "x": 10.63, "y": 0 },
					{ "time": 2, "x": 1.87, "y": 0, "curve": "stepped" },
					{ "time": 2.9, "x": 1.87, "y": 0 },
					{ "time": 3, "x": -0.52, "y": -8.03 },
					{ "time": 4, "x": 0, "y": 0 }
				],
				"scale": [
					{ "time": 0, "x": 1, "y": 1, "curve": "stepped" },
					{ "time": 2.9666, "x": 1, "y": 1 },
					{ "time": 3, "x": 1, "y": 0.349 },
					{ "time": 3.0666, "x": 1, "y": 0.131 },
					{ "time": 4, "x": 1, "y": 1 }
				]
			},
			"A": {
				"rotate": [
					{ "time": 0, "angle": 0 },
					{ "time": 1.3333, "angle": 1.8 },
					{ "time": 1.5, "angle": 5.88 },
					{ "time": 1.6666, "angle": 1.23 },
					{ "time": 2, "angle": 1.06 },
					{ "time": 2.1, "angle": 10.75 },
					{ "time": 2.2333, "angle": -13.09 },
					{ "time": 2.3333, "angle": 0.88 },
					{ "time": 4, "angle": 0 }
				],
				"translate": [
					{ "time": 0, "x": 0, "y": 0 },
					{ "time": 1.3333, "x": -0.73, "y": 0 },
					{ "time": 1.5, "x": -4.34, "y": 0 },
					{ "time": 1.6666, "x": -0.45, "y": 0 },
					{ "time": 2, "x": -0.36, "y": 0 },
					{ "time": 2.3333, "x": -0.27, "y": 0 },
					{ "time": 2.5, "x": -0.22, "y": 0 },
					{ "time": 2.6666, "x": -6.03, "y": 0.73 },
					{ "time": 2.8333, "x": -0.22, "y": 0 },
					{ "time": 4, "x": 0, "y": 0 }
				],
				"scale": [
					{ "time": 2, "x": 1, "y": 1 },
					{ "time": 2.1666, "x": 1, "y": 0.364 },
					{ "time": 2.3333, "x": 1, "y": 1 }
				]
			},
			"TX4": {
				"rotate": [
					{ "time": 0, "angle": 0, "curve": "stepped" },
					{ "time": 4, "angle": 0 }
				],
				"translate": [
					{ "time": 0, "x": 0, "y": 0, "curve": "stepped" },
					{ "time": 4, "x": 0, "y": 0 }
				],
				"scale": [
					{ "time": 0, "x": 1, "y": 1 },
					{ "time": 1, "x": 0.81, "y": 0.81 },
					{ "time": 2, "x": 0.993, "y": 0.993 },
					{ "time": 3, "x": 0.858, "y": 0.858 },
					{ "time": 4, "x": 1, "y": 1 }
				]
			},
			"4": {
				"rotate": [
					{ "time": 0, "angle": 0, "curve": "stepped" },
					{ "time": 2.3333, "angle": 0, "curve": "stepped" },
					{ "time": 4, "angle": 0 }
				],
				"translate": [
					{ "time": 0, "x": 0, "y": 0, "curve": "stepped" },
					{ "time": 2.3333, "x": 0, "y": 0 },
					{ "time": 2.5, "x": 6.34, "y": -12.69, "curve": "stepped" },
					{ "time": 3.8333, "x": 6.34, "y": -12.69 },
					{ "time": 4, "x": 0, "y": 0 }
				],
				"scale": [
					{ "time": 2.5, "x": 1, "y": 1 },
					{ "time": 2.6666, "x": 1.227, "y": 1.227 },
					{ "time": 2.8333, "x": 0.858, "y": 0.858 },
					{ "time": 3, "x": 1, "y": 1 }
				]
			},
			"TX3": {
				"rotate": [
					{ "time": 0, "angle": 0, "curve": "stepped" },
					{ "time": 4, "angle": 0 }
				],
				"translate": [
					{ "time": 0, "x": 0, "y": 0, "curve": "stepped" },
					{ "time": 4, "x": 0, "y": 0 }
				],
				"scale": [
					{ "time": 0, "x": 1, "y": 1 },
					{ "time": 1, "x": 0.81, "y": 0.81 },
					{ "time": 2, "x": 0.993, "y": 0.993 },
					{ "time": 3, "x": 0.858, "y": 0.858 },
					{ "time": 4, "x": 1, "y": 1 }
				]
			},
			"3": {
				"rotate": [
					{ "time": 0, "angle": 0, "curve": "stepped" },
					{ "time": 1.1666, "angle": 0, "curve": "stepped" },
					{ "time": 4, "angle": 0 }
				],
				"translate": [
					{ "time": 0, "x": 0, "y": 0, "curve": "stepped" },
					{ "time": 1.1666, "x": 0, "y": 0 },
					{ "time": 1.3333, "x": 10.15, "y": -5.71, "curve": "stepped" },
					{ "time": 1.6666, "x": 10.15, "y": -5.71 },
					{ "time": 1.8333, "x": 3.8, "y": -5.71 },
					{ "time": 2, "x": 6.87, "y": -5.71 },
					{ "time": 2.1666, "x": 10.15, "y": -5.71, "curve": "stepped" },
					{ "time": 3.8333, "x": 10.15, "y": -5.71 },
					{ "time": 4, "x": 0, "y": 0 }
				],
				"scale": [
					{ "time": 1.6666, "x": 1, "y": 1 },
					{ "time": 1.8333, "x": 1.248, "y": 1.248 },
					{ "time": 2, "x": 0.87, "y": 0.87 },
					{ "time": 2.1666, "x": 1, "y": 1 }
				]
			},
			"TX2": {
				"rotate": [
					{ "time": 0, "angle": 0, "curve": "stepped" },
					{ "time": 4, "angle": 0 }
				],
				"translate": [
					{ "time": 0, "x": 0, "y": 0, "curve": "stepped" },
					{ "time": 4, "x": 0, "y": 0 }
				],
				"scale": [
					{ "time": 0, "x": 1, "y": 1 },
					{ "time": 1, "x": 0.81, "y": 0.81 },
					{ "time": 2, "x": 0.993, "y": 0.993 },
					{ "time": 3, "x": 0.858, "y": 0.858 },
					{ "time": 4, "x": 1, "y": 1 }
				]
			},
			"2": {
				"rotate": [
					{ "time": 0, "angle": 0, "curve": "stepped" },
					{ "time": 1.5, "angle": 0, "curve": "stepped" },
					{ "time": 4, "angle": 0 }
				],
				"translate": [
					{ "time": 0, "x": 0, "y": 0, "curve": "stepped" },
					{ "time": 1.5, "x": 0, "y": 0 },
					{ "time": 1.6666, "x": -6.34, "y": 0.63, "curve": "stepped" },
					{ "time": 3.5, "x": -6.34, "y": 0.63 },
					{ "time": 4, "x": 0, "y": 0 }
				],
				"scale": [
					{ "time": 1.5, "x": 1, "y": 1 },
					{ "time": 1.6666, "x": 1.301, "y": 1.301 },
					{ "time": 1.8333, "x": 0.882, "y": 0.882 },
					{ "time": 2, "x": 1, "y": 1 }
				]
			},
			"TX1": {
				"rotate": [
					{ "time": 0, "angle": 0, "curve": "stepped" },
					{ "time": 4, "angle": 0 }
				],
				"translate": [
					{ "time": 0, "x": 0, "y": 0, "curve": "stepped" },
					{ "time": 4, "x": 0, "y": 0 }
				],
				"scale": [
					{ "time": 0, "x": 1, "y": 1 },
					{ "time": 1, "x": 0.81, "y": 0.81 },
					{ "time": 2, "x": 0.993, "y": 0.993 },
					{ "time": 3, "x": 0.858, "y": 0.858 },
					{ "time": 4, "x": 1, "y": 1 }
				]
			},
			"1": {
				"rotate": [
					{ "time": 0, "angle": 0, "curve": "stepped" },
					{ "time": 4, "angle": 0 }
				],
				"translate": [
					{ "time": 0, "x": 0, "y": 0 },
					{ "time": 0.5, "x": -0.63, "y": 0 },
					{ "time": 0.6666, "x": -9.47, "y": -1.9, "curve": "stepped" },
					{ "time": 1.3333, "x": -9.47, "y": -1.9 },
					{ "time": 1.5, "x": -5.66, "y": -1.9 },
					{ "time": 1.6666, "x": -12.01, "y": -1.9 },
					{ "time": 1.8333, "x": -9.47, "y": -1.9, "curve": "stepped" },
					{ "time": 2.5, "x": -9.47, "y": -1.9 },
					{ "time": 2.6666, "x": -7.01, "y": -1.9 },
					{ "time": 2.8333, "x": -10.49, "y": -1.9 },
					{ "time": 3, "x": -9.47, "y": -1.9, "curve": "stepped" },
					{ "time": 3.6666, "x": -9.47, "y": -1.9 },
					{ "time": 4, "x": 0, "y": 0 }
				],
				"scale": [
					{ "time": 1.3333, "x": 1, "y": 1 },
					{ "time": 1.5, "x": 1.327, "y": 1.327 },
					{ "time": 1.6666, "x": 0.864, "y": 0.864 },
					{ "time": 1.8333, "x": 1, "y": 1 }
				]
			},
			"desk": {
				"rotate": [
					{ "time": 0, "angle": 0, "curve": "stepped" },
					{ "time": 4, "angle": 0 }
				],
				"translate": [
					{ "time": 0, "x": 0, "y": 0, "curve": "stepped" },
					{ "time": 4, "x": 0, "y": 0 }
				]
			},
			"box": {
				"rotate": [
					{ "time": 0, "angle": 0 },
					{ "time": 1, "angle": 1.99 },
					{ "time": 2, "angle": -3.49 },
					{ "time": 4, "angle": 0 }
				],
				"translate": [
					{ "time": 0, "x": 0, "y": 0, "curve": "stepped" },
					{ "time": 4, "x": 0, "y": 0 }
				]
			},
			"end": {
				"translate": [
					{ "time": 3.2, "x": 0, "y": -7.71 },
					{ "time": 3.3666, "x": 0, "y": 8.39 }
				],
				"scale": [
					{ "time": 3.2, "x": 0.168, "y": 1 },
					{ "time": 3.3666, "x": 1.291, "y": 1.291 },
					{ "time": 3.8666, "x": 1.711, "y": 1.711 }
				]
			}
		}
	},
	"win_R": {
		"slots": {
			"1a": {
				"color": [
					{ "time": 0, "color": "ffffffff" },
					{ "time": 0.6666, "color": "ffffff98" },
					{ "time": 1.3333, "color": "ffffffff" },
					{ "time": 1.4333, "color": "ffffff08" },
					{ "time": 1.5333, "color": "ffffffdf" },
					{ "time": 1.6, "color": "ffffff09" },
					{ "time": 1.7, "color": "ffffffff" },
					{ "time": 1.7666, "color": "ffffff23" },
					{ "time": 3, "color": "ffffffff" }
				]
			},
			"2a": {
				"color": [
					{ "time": 0.6666, "color": "ffffff78" },
					{ "time": 1.5, "color": "ffffffff" }
				]
			},
			"3a": {
				"color": [
					{ "time": 0, "color": "ffffffff" },
					{ "time": 0.3333, "color": "ffffff59" },
					{ "time": 0.6666, "color": "fffffffd" },
					{ "time": 0.9666, "color": "ffffff6f" },
					{ "time": 1.1666, "color": "ffffffff", "curve": "stepped" },
					{ "time": 1.6666, "color": "ffffffff" },
					{ "time": 1.7666, "color": "ffffff52" },
					{ "time": 1.9333, "color": "ffffffd8" },
					{ "time": 2.0666, "color": "ffffff5b" },
					{ "time": 2.1666, "color": "ffffffff" }
				]
			},
			"P": {
				"color": [
					{ "time": 0, "color": "ffffff00", "curve": "stepped" },
					{ "time": 1.6333, "color": "ffffff00" },
					{ "time": 1.6666, "color": "ffffffff", "curve": "stepped" },
					{ "time": 1.9666, "color": "ffffffff" },
					{ "time": 2, "color": "ffffff00" }
				]
			},
			"TX": {
				"color": [
					{ "time": 0, "color": "ffffffff" },
					{ "time": 1, "color": "ffffff75" },
					{ "time": 2, "color": "ffffffff", "curve": "stepped" },
					{ "time": 3, "color": "ffffffff" }
				]
			},
			"act1": {
				"color": [
					{ "time": 0, "color": "ffffffff" },
					{ "time": 0.6666, "color": "ffffff74" },
					{ "time": 1.3333, "color": "ffffffff", "curve": "stepped" },
					{ "time": 2, "color": "ffffffff" },
					{ "time": 2.1666, "color": "ffffff8b" },
					{ "time": 2.8333, "color": "ffffffff", "curve": "stepped" },
					{ "time": 3, "color": "ffffffff" }
				]
			},
			"act2": {
				"color": [
					{ "time": 0, "color": "ffffffff" },
					{ "time": 0.6666, "color": "ffffff74" },
					{ "time": 1.3333, "color": "ffffffff" },
					{ "time": 1.6666, "color": "ffffffef" },
					{ "time": 1.8333, "color": "ffffffc3" },
					{ "time": 2, "color": "ffffffff", "curve": "stepped" },
					{ "time": 3, "color": "ffffffff" }
				]
			},
			"boom": {
				"color": [
					{ "time": 0, "color": "ffffff00", "curve": "stepped" },
					{ "time": 1.6333, "color": "ffffff00" },
					{ "time": 1.6666, "color": "ffffffff", "curve": "stepped" },
					{ "time": 1.8333, "color": "ffffffff" },
					{ "time": 2, "color": "ffffff00" }
				]
			},
			"end": {
				"color": [
					{ "time": 0, "color": "ffffff00", "curve": "stepped" },
					{ "time": 2.1333, "color": "ffffff00" },
					{ "time": 2.1666, "color": "ffffffff", "curve": "stepped" },
					{ "time": 2.3333, "color": "ffffffff" }
				]
			}
		},
		"bones": {
			"bone": {
				"rotate": [
					{ "time": 0, "angle": 0, "curve": "stepped" },
					{ "time": 3, "angle": 0 }
				],
				"translate": [
					{ "time": 0, "x": 0, "y": 0, "curve": "stepped" },
					{ "time": 3, "x": 0, "y": 0 }
				]
			},
			"card2": {
				"rotate": [
					{ "time": 0, "angle": 0 },
					{
						"time": 0.1666,
						"angle": -13.16,
						"curve": [ 0.25, 0, 0.75, 1 ]
					},
					{ "time": 0.3333, "angle": 7.92 },
					{ "time": 0.5, "angle": 0, "curve": "stepped" },
					{ "time": 1.3333, "angle": 0 },
					{
						"time": 1.5,
						"angle": -13.16,
						"curve": [ 0.25, 0, 0.75, 1 ]
					},
					{ "time": 1.6666, "angle": 7.92 },
					{ "time": 1.8333, "angle": 0, "curve": "stepped" },
					{ "time": 3, "angle": 0 }
				],
				"translate": [
					{ "time": 0, "x": 0, "y": 0 },
					{
						"time": 0.1666,
						"x": 2.53,
						"y": 24.11,
						"curve": [ 0.25, 0, 0.75, 1 ]
					},
					{ "time": 0.3333, "x": -3.53, "y": -0.9 },
					{ "time": 0.5, "x": 0, "y": 0, "curve": "stepped" },
					{ "time": 1.3333, "x": 0, "y": 0 },
					{
						"time": 1.5,
						"x": 2.53,
						"y": 24.11,
						"curve": [ 0.25, 0, 0.75, 1 ]
					},
					{ "time": 1.6666, "x": -3.53, "y": -0.9 },
					{ "time": 1.8333, "x": 0, "y": 0, "curve": "stepped" },
					{ "time": 3, "x": 0, "y": 0 }
				],
				"scale": [
					{ "time": 0, "x": 1, "y": 1 },
					{ "time": 0.1666, "x": 0.974, "y": 0.974 },
					{ "time": 0.2666, "x": 1.004, "y": 1.004 },
					{ "time": 0.3333, "x": 1.099, "y": 1.099 },
					{ "time": 0.5, "x": 1, "y": 1, "curve": "stepped" },
					{ "time": 1.3333, "x": 1, "y": 1 },
					{ "time": 1.5, "x": 0.974, "y": 0.974 },
					{ "time": 1.6, "x": 1.004, "y": 1.004 },
					{ "time": 1.6666, "x": 1.099, "y": 1.099 },
					{ "time": 1.8333, "x": 1, "y": 1, "curve": "stepped" },
					{ "time": 3, "x": 1, "y": 1 }
				]
			},
			"card1": {
				"rotate": [
					{ "time": 0, "angle": 0, "curve": "stepped" },
					{ "time": 0.6666, "angle": 0 },
					{ "time": 0.8333, "angle": 12.14 },
					{ "time": 1, "angle": -5.13 },
					{ "time": 1.1666, "angle": 0, "curve": "stepped" },
					{ "time": 1.8333, "angle": 0 },
					{ "time": 2, "angle": 12.14 },
					{ "time": 2.1666, "angle": -5.13 },
					{ "time": 3, "angle": 0 }
				],
				"translate": [
					{ "time": 0, "x": 0, "y": 0, "curve": "stepped" },
					{ "time": 0.6666, "x": 0, "y": 0 },
					{ "time": 0.8333, "x": -0.63, "y": 22.21 },
					{ "time": 1, "x": -1.84, "y": -2.65 },
					{ "time": 1.1666, "x": 0, "y": 0, "curve": "stepped" },
					{ "time": 1.8333, "x": 0, "y": 0 },
					{ "time": 2, "x": -0.63, "y": 22.21 },
					{ "time": 2.1666, "x": -1.84, "y": -2.65 },
					{ "time": 3, "x": 0, "y": 0 }
				],
				"scale": [
					{ "time": 0, "x": 1, "y": 1, "curve": "stepped" },
					{ "time": 0.6666, "x": 1, "y": 1 },
					{ "time": 0.8333, "x": 0.953, "y": 0.953 },
					{ "time": 0.9333, "x": 0.961, "y": 0.961 },
					{ "time": 1, "x": 1.079, "y": 1.079 },
					{ "time": 1.1666, "x": 1, "y": 1, "curve": "stepped" },
					{ "time": 1.8333, "x": 1, "y": 1 },
					{ "time": 2, "x": 0.953, "y": 0.953 },
					{ "time": 2.1, "x": 0.961, "y": 0.961 },
					{ "time": 2.1666, "x": 1.079, "y": 1.079 },
					{ "time": 3, "x": 1, "y": 1 }
				]
			},
			"boom": {
				"rotate": [
					{ "time": 0, "angle": 0, "curve": "stepped" },
					{ "time": 3, "angle": 0 }
				],
				"translate": [
					{ "time": 0, "x": 0, "y": 0 },
					{ "time": 1.6666, "x": 5.84, "y": -0.97 },
					{ "time": 2, "x": 4.23, "y": -0.29 },
					{ "time": 3, "x": 0, "y": 0 }
				],
				"scale": [
					{ "time": 1.6666, "x": 0.784, "y": 0.784 },
					{ "time": 1.8, "x": 1.408, "y": 1.408 },
					{ "time": 2, "x": 0.8, "y": 0.8 }
				]
			},
			"TX": {
				"rotate": [
					{ "time": 0, "angle": 0, "curve": "stepped" },
					{ "time": 3, "angle": 0 }
				],
				"translate": [
					{ "time": 0, "x": 0, "y": 0, "curve": "stepped" },
					{ "time": 3, "x": 0, "y": 0 }
				],
				"scale": [
					{ "time": 0, "x": 1, "y": 1 },
					{ "time": 2, "x": 0.924, "y": 0.924 },
					{ "time": 3, "x": 1, "y": 1 }
				]
			},
			"P": {
				"rotate": [
					{ "time": 0, "angle": 0 },
					{ "time": 1.6666, "angle": -20.51 },
					{ "time": 1.8333, "angle": 2.68 },
					{ "time": 2, "angle": -337.25 },
					{ "time": 3, "angle": 0 }
				],
				"translate": [
					{ "time": 0, "x": 0, "y": 0 },
					{ "time": 1.6666, "x": 10.22, "y": 0 },
					{ "time": 1.8333, "x": -0.73, "y": 10.22 },
					{ "time": 2, "x": -24.84, "y": 2.92 },
					{ "time": 3, "x": 0, "y": 0 }
				]
			},
			"cup": {
				"rotate": [
					{ "time": 0, "angle": 0 },
					{ "time": 1.3333, "angle": 4.85 },
					{ "time": 3, "angle": 0 }
				],
				"translate": [
					{ "time": 0, "x": 0, "y": 0, "curve": "stepped" },
					{ "time": 3, "x": 0, "y": 0 }
				]
			},
			"B": {
				"rotate": [
					{ "time": 0, "angle": 0 },
					{ "time": 0.6666, "angle": 0.47 },
					{ "time": 0.8333, "angle": 6.86 },
					{ "time": 1, "angle": 3.7 },
					{ "time": 1.6666, "angle": 5.44 },
					{ "time": 1.8333, "angle": 0.39 },
					{ "time": 2, "angle": 3.85 },
					{ "time": 3, "angle": 0 }
				],
				"translate": [
					{ "time": 0, "x": 0, "y": 0 },
					{ "time": 0.6666, "x": 0.73, "y": 0 },
					{ "time": 0.8333, "x": -0.76, "y": 0 },
					{ "time": 1, "x": 1.46, "y": 0 },
					{ "time": 1.6666, "x": 1.87, "y": 0 },
					{ "time": 1.8333, "x": 10.63, "y": 0 },
					{ "time": 2, "x": 1.87, "y": 0 },
					{ "time": 3, "x": 0, "y": 0 }
				],
				"scale": [
					{ "time": 0, "x": 1, "y": 1, "curve": "stepped" },
					{ "time": 3, "x": 1, "y": 1 }
				]
			},
			"A": {
				"rotate": [
					{ "time": 0, "angle": 0 },
					{ "time": 1.3333, "angle": 1.8 },
					{ "time": 1.5, "angle": 5.88 },
					{ "time": 1.6666, "angle": 1.23 },
					{ "time": 2, "angle": 1.06 },
					{ "time": 2.1, "angle": 10.75 },
					{ "time": 3, "angle": 0 }
				],
				"translate": [
					{ "time": 0, "x": 0, "y": 0 },
					{ "time": 1.3333, "x": -0.73, "y": 0 },
					{ "time": 1.5, "x": -4.34, "y": 0 },
					{ "time": 1.6666, "x": -0.45, "y": 0 },
					{ "time": 2, "x": -0.36, "y": 0 },
					{ "time": 3, "x": 0, "y": 0 }
				],
				"scale": [
					{ "time": 2, "x": 1, "y": 1 },
					{ "time": 2.1666, "x": 1, "y": 0.044 },
					{ "time": 2.8333, "x": 1, "y": 1, "curve": "stepped" },
					{ "time": 3, "x": 1, "y": 1 }
				]
			},
			"TX4": {
				"rotate": [
					{ "time": 0, "angle": 0, "curve": "stepped" },
					{ "time": 3, "angle": 0 }
				],
				"translate": [
					{ "time": 0, "x": 0, "y": 0, "curve": "stepped" },
					{ "time": 3, "x": 0, "y": 0 }
				],
				"scale": [
					{ "time": 0, "x": 1, "y": 1 },
					{ "time": 1, "x": 0.81, "y": 0.81 },
					{ "time": 2, "x": 0.993, "y": 0.993 },
					{ "time": 3, "x": 1, "y": 1 }
				]
			},
			"4": {
				"rotate": [
					{ "time": 0, "angle": 0, "curve": "stepped" },
					{ "time": 3, "angle": 0 }
				],
				"translate": [
					{ "time": 0, "x": 0, "y": 0, "curve": "stepped" },
					{ "time": 3, "x": 0, "y": 0 }
				]
			},
			"TX3": {
				"rotate": [
					{ "time": 0, "angle": 0, "curve": "stepped" },
					{ "time": 3, "angle": 0 }
				],
				"translate": [
					{ "time": 0, "x": 0, "y": 0, "curve": "stepped" },
					{ "time": 3, "x": 0, "y": 0 }
				],
				"scale": [
					{ "time": 0, "x": 1, "y": 1 },
					{ "time": 1, "x": 0.81, "y": 0.81 },
					{ "time": 2, "x": 0.993, "y": 0.993 },
					{ "time": 3, "x": 1, "y": 1 }
				]
			},
			"3": {
				"rotate": [
					{ "time": 0, "angle": 0, "curve": "stepped" },
					{ "time": 1.1666, "angle": 0, "curve": "stepped" },
					{ "time": 3, "angle": 0 }
				],
				"translate": [
					{ "time": 0, "x": 0, "y": 0, "curve": "stepped" },
					{ "time": 1.1666, "x": 0, "y": 0 },
					{ "time": 1.3333, "x": 10.15, "y": -5.71, "curve": "stepped" },
					{ "time": 1.6666, "x": 10.15, "y": -5.71 },
					{ "time": 1.8333, "x": 3.8, "y": -5.71 },
					{ "time": 2, "x": 6.87, "y": -5.71 },
					{ "time": 2.1666, "x": 10.15, "y": -5.71 },
					{ "time": 3, "x": 0, "y": 0 }
				],
				"scale": [
					{ "time": 1.6666, "x": 1, "y": 1 },
					{ "time": 1.8333, "x": 1.248, "y": 1.248 },
					{ "time": 2, "x": 0.87, "y": 0.87 },
					{ "time": 2.1666, "x": 1, "y": 1 }
				]
			},
			"TX2": {
				"rotate": [
					{ "time": 0, "angle": 0, "curve": "stepped" },
					{ "time": 3, "angle": 0 }
				],
				"translate": [
					{ "time": 0, "x": 0, "y": 0, "curve": "stepped" },
					{ "time": 3, "x": 0, "y": 0 }
				],
				"scale": [
					{ "time": 0, "x": 1, "y": 1 },
					{ "time": 1, "x": 0.81, "y": 0.81 },
					{ "time": 2, "x": 0.993, "y": 0.993 },
					{ "time": 3, "x": 1, "y": 1 }
				]
			},
			"2": {
				"rotate": [
					{ "time": 0, "angle": 0, "curve": "stepped" },
					{ "time": 1.5, "angle": 0, "curve": "stepped" },
					{ "time": 3, "angle": 0 }
				],
				"translate": [
					{ "time": 0, "x": 0, "y": 0, "curve": "stepped" },
					{ "time": 1.5, "x": 0, "y": 0 },
					{ "time": 1.6666, "x": -6.34, "y": 0.63 },
					{ "time": 3, "x": 0, "y": 0 }
				],
				"scale": [
					{ "time": 1.5, "x": 1, "y": 1 },
					{ "time": 1.6666, "x": 1.301, "y": 1.301 },
					{ "time": 1.8333, "x": 0.882, "y": 0.882 },
					{ "time": 2, "x": 1, "y": 1 }
				]
			},
			"TX1": {
				"rotate": [
					{ "time": 0, "angle": 0, "curve": "stepped" },
					{ "time": 3, "angle": 0 }
				],
				"translate": [
					{ "time": 0, "x": 0, "y": 0, "curve": "stepped" },
					{ "time": 3, "x": 0, "y": 0 }
				],
				"scale": [
					{ "time": 0, "x": 1, "y": 1 },
					{ "time": 1, "x": 0.81, "y": 0.81 },
					{ "time": 2, "x": 0.993, "y": 0.993 },
					{ "time": 3, "x": 1, "y": 1 }
				]
			},
			"1": {
				"rotate": [
					{ "time": 0, "angle": 0, "curve": "stepped" },
					{ "time": 3, "angle": 0 }
				],
				"translate": [
					{ "time": 0, "x": 0, "y": 0 },
					{ "time": 0.5, "x": -0.63, "y": 0 },
					{ "time": 0.6666, "x": -9.47, "y": -1.9, "curve": "stepped" },
					{ "time": 1.3333, "x": -9.47, "y": -1.9 },
					{ "time": 1.5, "x": -5.66, "y": -1.9 },
					{ "time": 1.6666, "x": -12.01, "y": -1.9 },
					{ "time": 1.8333, "x": -9.47, "y": -1.9 },
					{ "time": 3, "x": 0, "y": 0 }
				],
				"scale": [
					{ "time": 1.3333, "x": 1, "y": 1 },
					{ "time": 1.5, "x": 1.327, "y": 1.327 },
					{ "time": 1.6666, "x": 0.864, "y": 0.864 },
					{ "time": 1.8333, "x": 1, "y": 1 }
				]
			},
			"desk": {
				"rotate": [
					{ "time": 0, "angle": 0, "curve": "stepped" },
					{ "time": 3, "angle": 0 }
				],
				"translate": [
					{ "time": 0, "x": 0, "y": 0, "curve": "stepped" },
					{ "time": 3, "x": 0, "y": 0 }
				]
			},
			"box": {
				"rotate": [
					{ "time": 0, "angle": 0 },
					{ "time": 1, "angle": 1.99 },
					{ "time": 2, "angle": -3.49 },
					{ "time": 3, "angle": 0 }
				],
				"translate": [
					{ "time": 0, "x": 0, "y": 0, "curve": "stepped" },
					{ "time": 3, "x": 0, "y": 0 }
				]
			},
			"end": {
				"rotate": [
					{ "time": 0, "angle": 0, "curve": "stepped" },
					{ "time": 3, "angle": 0 }
				],
				"translate": [
					{ "time": 0, "x": 0, "y": 0 },
					{ "time": 2.1666, "x": 0, "y": -7.71 },
					{ "time": 2.3333, "x": 0, "y": 8.39 },
					{ "time": 3, "x": 0, "y": 0 }
				],
				"scale": [
					{ "time": 2.1666, "x": 0.168, "y": 1 },
					{ "time": 2.3333, "x": 1.291, "y": 1.291 },
					{ "time": 2.8333, "x": 1.711, "y": 1.711 },
					{ "time": 3, "x": 1, "y": 1 }
				]
			}
		}
	}
}
}