{
"skeleton": { "hash": "beOn7limElD0EMDThWYgg8TsvK4", "spine": "3.2.01", "width": 59, "height": 120, "images": "" },
"bones": [
	{ "name": "root" },
	{ "name": "骨骼", "parent": "root" },
	{ "name": "骨骼2", "parent": "骨骼" }
],
"slots": [
	{ "name": "TX", "bone": "骨骼2", "attachment": "TX" }
],
"skins": {
	"default": {
		"TX": {
			"TX": { "y": 55.35, "width": 59, "height": 120 }
		}
	}
},
"animations": {
	"normal": {
		"bones": {
			"骨骼2": {
				"rotate": [
					{ "time": 0, "angle": 0, "curve": "stepped" },
					{ "time": 2, "angle": 0 }
				],
				"translate": [
					{ "time": 0, "x": 0, "y": 0, "curve": "stepped" },
					{ "time": 2, "x": 0, "y": 0 }
				],
				"scale": [
					{ "time": 0, "x": 1, "y": 1 },
					{ "time": 1, "x": 0.99, "y": 0.99 },
					{ "time": 2, "x": 1, "y": 1 }
				]
			}
		}
	}
}
}