{
"skeleton": { "hash": "7mX/g/d9fsL3JGhyM1sm8kXtehI", "spine": "3.2.01", "width": 483.14, "height": 485.91, "images": "" },
"bones": [
	{ "name": "root" },
	{ "name": "bone", "parent": "root" },
	{ "name": "bone2", "parent": "bone" },
	{ "name": "TS", "parent": "bone2", "x": -24.71, "y": 111.54, "scaleX": 0.8, "scaleY": 0.8 },
	{ "name": "1", "parent": "TS" },
	{ "name": "D1", "parent": "1", "length": 202.47, "rotation": -54.7, "x": -98.66, "y": 193.94 },
	{ "name": "G1", "parent": "1", "x": 5.07, "y": -90.71 },
	{ "name": "G4G", "parent": "G1", "x": 78.4, "y": 36.18 },
	{ "name": "T2", "parent": "TS", "x": -13.93, "y": -39.91 }
],
"slots": [
	{ "name": "T2", "bone": "T2", "attachment": "T2" },
	{ "name": "T2G", "bone": "T2", "attachment": "T2G" },
	{ "name": "G1", "bone": "G1", "attachment": "G1" },
	{ "name": "D1", "bone": "D1", "attachment": "D1" },
	{ "name": "G4G", "bone": "G4G", "attachment": "G4G" }
],
"skins": {
	"default": {
		"D1": {
			"D1": { "x": 215.29, "y": -31.54, "rotation": 54.7, "width": 600, "height": 600 }
		},
		"G1": {
			"G1": { "x": -5.07, "y": 90.71, "width": 600, "height": 600 },
			"G2": { "x": -5.07, "y": 90.71, "width": 600, "height": 600 },
			"G3": { "x": -5.07, "y": 90.71, "width": 600, "height": 600 },
			"G4": { "x": -5.07, "y": 90.71, "width": 600, "height": 600 }
		},
		"G4G": {
			"G4G": { "x": -83.47, "y": 54.52, "width": 600, "height": 600 }
		},
		"T2": {
			"T2": { "x": 11.3, "y": 47.31, "width": 600, "height": 600 },
			"T3": { "x": 11.3, "y": 47.31, "width": 600, "height": 600 },
			"T4": { "x": 11.3, "y": 47.31, "width": 600, "height": 600 }
		},
		"T2G": {
			"T2G": { "x": 10.01, "y": 40.03, "width": 600, "height": 600 }
		}
	}
},
"animations": {
	"eat": {
		"slots": {
			"D1": {
				"color": [
					{ "time": 0, "color": "ffffff00" }
				]
			},
			"G1": {
				"color": [
					{ "time": 0, "color": "ffffff00" }
				]
			},
			"G4G": {
				"color": [
					{ "time": 0, "color": "ffffff00" }
				]
			},
			"T2": {
				"color": [
					{ "time": 0.1666, "color": "ffffffff" },
					{ "time": 0.5, "color": "ffffffa4" },
					{ "time": 0.8333, "color": "ffffffe4" },
					{ "time": 1.1666, "color": "ffffffb1" },
					{ "time": 1.5, "color": "ffffffe9" },
					{ "time": 1.8333, "color": "ffffffb1" },
					{ "time": 2.1666, "color": "ffffffff" },
					{ "time": 2.5, "color": "ffffffbf" },
					{ "time": 2.8333, "color": "fffffff7" },
					{ "time": 3.1666, "color": "ffffffa5" },
					{ "time": 3.5, "color": "fffffff2" }
				],
				"attachment": [
					{ "time": 0, "name": "T2" },
					{ "time": 1.8333, "name": "T3" },
					{ "time": 3.1666, "name": "T4" }
				]
			}
		},
		"bones": {
			"TS": {
				"rotate": [
					{ "time": 0, "angle": 0, "curve": "stepped" },
					{ "time": 3.6666, "angle": 0 }
				],
				"translate": [
					{ "time": 0, "x": 0, "y": 0 }
				],
				"scale": [
					{ "time": 0, "x": 1, "y": 1 }
				]
			},
			"T2": {
				"scale": [
					{ "time": 0, "x": 1, "y": 1 },
					{ "time": 1.7666, "x": 0.959, "y": 0.959 },
					{ "time": 1.8333, "x": 1, "y": 1 },
					{ "time": 3.1, "x": 0.959, "y": 0.959 },
					{ "time": 3.1666, "x": 1, "y": 1 },
					{ "time": 3.3333, "x": 1.04, "y": 1.04 },
					{ "time": 3.5, "x": 1, "y": 1 }
				]
			}
		}
	},
	"normal": {
		"slots": {
			"D1": {
				"color": [
					{ "time": 0, "color": "ffffff00" }
				]
			},
			"G1": {
				"color": [
					{ "time": 0, "color": "ffffff00" }
				]
			},
			"G4G": {
				"color": [
					{ "time": 0, "color": "ffffff00" }
				]
			}
		},
		"bones": {
			"TS": {
				"rotate": [
					{ "time": 0, "angle": 0, "curve": "stepped" },
					{ "time": 2, "angle": 0 }
				],
				"translate": [
					{ "time": 0, "x": 0, "y": 0, "curve": "stepped" },
					{ "time": 2, "x": 0, "y": 0 }
				],
				"scale": [
					{ "time": 0, "x": 1, "y": 1 },
					{ "time": 1, "x": 0.99, "y": 0.99 },
					{ "time": 2, "x": 1, "y": 1 }
				]
			},
			"D1": {
				"scale": [
					{ "time": 0, "x": 0.964, "y": 0.964 },
					{ "time": 0.5, "x": 0.978, "y": 0.978 },
					{ "time": 1, "x": 0.964, "y": 0.964 },
					{ "time": 1.5, "x": 0.957, "y": 0.957 },
					{ "time": 2, "x": 0.964, "y": 0.964 }
				]
			}
		}
	},
	"normal2": {
		"slots": {
			"D1": {
				"color": [
					{ "time": 0, "color": "ffffff00" }
				]
			},
			"G1": {
				"color": [
					{ "time": 0, "color": "ffffff00" }
				]
			},
			"G4G": {
				"color": [
					{ "time": 0, "color": "ffffff00" }
				]
			},
			"T2": {
				"attachment": [
					{ "time": 0, "name": "T4" }
				]
			}
		},
		"bones": {
			"TS": {
				"rotate": [
					{ "time": 0, "angle": 0, "curve": "stepped" },
					{ "time": 2, "angle": 0 }
				],
				"translate": [
					{ "time": 0, "x": 0, "y": 0, "curve": "stepped" },
					{ "time": 2, "x": 0, "y": 0 }
				],
				"scale": [
					{ "time": 0, "x": 1, "y": 1 },
					{ "time": 1, "x": 0.99, "y": 0.99 },
					{ "time": 2, "x": 1, "y": 1 }
				]
			},
			"D1": {
				"scale": [
					{ "time": 0, "x": 0.964, "y": 0.964 },
					{ "time": 0.5, "x": 0.978, "y": 0.978 },
					{ "time": 1, "x": 0.964, "y": 0.964 },
					{ "time": 1.5, "x": 0.957, "y": 0.957 },
					{ "time": 2, "x": 0.964, "y": 0.964 }
				]
			}
		}
	},
	"start": {
		"slots": {
			"D1": {
				"color": [
					{ "time": 0, "color": "ffffff00", "curve": "stepped" },
					{ "time": 0.1666, "color": "ffffff00" },
					{ "time": 0.3333, "color": "ffffffff", "curve": "stepped" },
					{ "time": 1.3333, "color": "ffffffff" },
					{ "time": 1.6666, "color": "ffffff00" }
				]
			},
			"G1": {
				"color": [
					{ "time": 0, "color": "ffffff00" },
					{ "time": 0.1666, "color": "ffffffff", "curve": "stepped" },
					{ "time": 2, "color": "ffffffff" },
					{ "time": 2.1666, "color": "ffffff00" }
				],
				"attachment": [
					{ "time": 0.1666, "name": "G1" },
					{ "time": 0.5, "name": "G2" },
					{ "time": 0.8333, "name": "G3" },
					{ "time": 1.1666, "name": "G4" }
				]
			},
			"G4G": {
				"color": [
					{ "time": 0, "color": "ffffff00", "curve": "stepped" },
					{ "time": 1.1333, "color": "ffffff00" },
					{ "time": 1.1666, "color": "ffffffff", "curve": "stepped" },
					{ "time": 2, "color": "ffffffff" },
					{ "time": 2.1666, "color": "ffffff00" }
				]
			},
			"T2": {
				"color": [
					{ "time": 0, "color": "ffffff00", "curve": "stepped" },
					{ "time": 1.8, "color": "ffffff00", "curve": "stepped" },
					{ "time": 2.2, "color": "ffffff00" },
					{ "time": 2.2666, "color": "ffffff24" },
					{ "time": 2.4, "color": "ffffffff" }
				]
			},
			"T2G": {
				"color": [
					{ "time": 0, "color": "ffffff00", "curve": "stepped" },
					{ "time": 2.2, "color": "ffffff00" },
					{ "time": 2.4, "color": "ffffffff" }
				]
			}
		},
		"bones": {
			"TS": {
				"rotate": [
					{ "time": 2.3333, "angle": 0 }
				],
				"translate": [
					{ "time": 2.3333, "x": 0, "y": 0 }
				],
				"scale": [
					{ "time": 2.3333, "x": 1, "y": 1 }
				]
			},
			"T2": {
				"scale": [
					{ "time": 2.2666, "x": 0.959, "y": 0.959 },
					{ "time": 2.8333, "x": 1, "y": 1 }
				]
			},
			"D1": {
				"rotate": [
					{ "time": 0.1666, "angle": -4.7 },
					{ "time": 0.3333, "angle": 0.3 },
					{ "time": 0.5, "angle": -4.7 },
					{ "time": 0.6666, "angle": 0.3 },
					{ "time": 0.8333, "angle": -4.7 },
					{ "time": 1, "angle": 0.3 },
					{ "time": 1.1666, "angle": -4.7 },
					{ "time": 1.3333, "angle": 0.3 }
				],
				"translate": [
					{ "time": 0.1666, "x": -19.33, "y": 4.14 },
					{ "time": 0.3333, "x": -2.76, "y": -4.14 },
					{ "time": 0.5, "x": -19.33, "y": 4.14 },
					{ "time": 0.6666, "x": -2.76, "y": -4.14 },
					{ "time": 0.8333, "x": -19.33, "y": 4.14 },
					{ "time": 1, "x": -2.76, "y": -4.14 },
					{ "time": 1.1666, "x": -19.33, "y": 4.14 },
					{ "time": 1.3333, "x": -2.76, "y": -4.14 }
				]
			},
			"G1": {
				"rotate": [
					{ "time": 0.1666, "angle": 0 },
					{ "time": 0.3333, "angle": 1.24 },
					{ "time": 0.6666, "angle": -1.84 },
					{ "time": 1, "angle": 1.24 },
					{ "time": 1.3333, "angle": -1.84 },
					{ "time": 1.6666, "angle": 0.36 },
					{ "time": 2, "angle": 2.63 },
					{ "time": 2.3333, "angle": 1.46 }
				],
				"translate": [
					{ "time": 0.1666, "x": 0, "y": 0 },
					{ "time": 0.3333, "x": 1.38, "y": 0 },
					{ "time": 0.6666, "x": -2.76, "y": 0 },
					{ "time": 1, "x": 1.38, "y": 0 },
					{ "time": 1.3333, "x": -2.76, "y": 0 }
				]
			},
			"G4G": {
				"rotate": [
					{ "time": 1.1666, "angle": 0.56 },
					{ "time": 1.3333, "angle": -0.41 }
				],
				"translate": [
					{ "time": 1.1666, "x": 1.38, "y": 0 },
					{ "time": 1.3333, "x": 2.76, "y": 0.08 }
				]
			}
		}
	}
}
}