{
"skeleton": { "hash": "efliMnQjmAucXCjK99dgWdSy4hs", "spine": "2.1.27", "width": 303.11, "height": 303.11, "images": "" },
"bones": [
	{ "name": "Root_All", "x": 9.22, "y": 11.06, "scaleX": 1.01, "scaleY": 1.01 },
	{ "name": "Ship_All", "parent": "Root_All" },
	{ "name": "Body", "parent": "Ship_All", "length": 255.84, "x": -5.9, "y": -13.41, "rotation": 90 },
	{ "name": "Antiaircraft", "parent": "Body", "length": 44.62, "x": 188.98, "y": -66.04, "rotation": -90 },
	{ "name": "Attack_Point", "parent": "Body", "length": 25.69, "x": 109.51, "y": -57.73, "rotation": -88.64 },
	{ "name": "Damage_Point", "parent": "Body", "length": 22.56, "x": 115.24, "y": 2.22, "rotation": -90 },
	{ "name": "Dialogue", "parent": "Body", "length": 57.85, "x": 201.08, "y": -65.5, "rotation": -90 },
	{ "name": "Expression", "parent": "Body", "length": 46.33, "x": 215.11, "y": -55.16, "rotation": -42.65 },
	{ "name": "Face", "parent": "Body", "length": 66.94, "x": 180, "y": 30, "rotation": 270 },
	{ "name": "Gun_L_D", "parent": "Body", "length": 39.32, "x": 69.81, "y": 9.97, "rotation": -119 },
	{ "name": "Gun_L_U", "parent": "Body", "length": 47.68, "x": 81.92, "y": 3.41, "rotation": -93.15 },
	{ "name": "Gun_R_D", "parent": "Body", "length": 67.7, "x": 98.48, "y": 9.62, "rotation": 138.11 },
	{ "name": "Gun_R_U", "parent": "Body", "length": 51.61, "x": 103.03, "y": 15.41, "rotation": 74.59 },
	{ "name": "Hair_00", "parent": "Body", "length": 26.98, "x": 181.25, "y": 28.24, "rotation": 159.69 },
	{ "name": "Hair_Side", "parent": "Body", "length": 99.79, "x": 167.59, "y": -42.1, "rotation": -178.19 },
	{ "name": "Smoke_L1", "parent": "Body", "length": 60.39, "x": 112.57, "y": -48.25, "rotation": -22.4 },
	{ "name": "Smoke_R1", "parent": "Body", "length": 44.55, "x": 70.19, "y": -56.88, "rotation": -47.09 },
	{ "name": "Throw_Point", "parent": "Body", "length": 24.91, "x": 58.97, "y": -33.31, "rotation": -88.64 },
	{ "name": "Hair_01", "parent": "Hair_00", "length": 22.02, "x": 26.97, "y": -0.16, "rotation": -4.95 },
	{ "name": "Hair_02", "parent": "Hair_01", "length": 20.35, "x": 22.02, "y": -0.13, "rotation": -0.9 },
	{ "name": "Hair_03", "parent": "Hair_02", "length": 18.7, "x": 19.62, "y": 0.41, "rotation": 0.9 },
	{ "name": "Hair_04", "parent": "Hair_03", "length": 17.22, "x": 18.7, "y": 0.12, "rotation": 0.9 },
	{ "name": "Hair_05", "parent": "Hair_04", "length": 14.63, "x": 17.22, "y": 0.07, "rotation": -4.05 },
	{ "name": "Hair_06", "parent": "Hair_05", "length": 14.07, "x": 14.63, "y": -0.08 }
],
"slots": [
	{ "name": "Rodney_ship_hair_normal _move", "bone": "Hair_06", "attachment": "Rodney_ship_hair_normal _move" },
	{ "name": "Rodney_ship_back_normal", "bone": "Gun_R_D", "attachment": "Rodney_ship_back_normal" },
	{ "name": "Rodney_ship_side_normal", "bone": "Gun_R_U", "attachment": "Rodney_ship_side_normal" },
	{ "name": "Rodney_ship_side_normal_light", "bone": "Gun_R_U", "attachment": "Rodney_ship_side_normal_light", "blend": "additive" },
	{ "name": "Body_Hand", "bone": "Gun_L_U", "attachment": "Front_Picture" },
	{ "name": "Body_Fornt_Light", "bone": "Gun_L_U", "attachment": "Front_Light", "blend": "additive" },
	{ "name": "Rodney_ship_armor_normal", "bone": "Gun_L_D", "attachment": "Ship_armor_normal" },
	{ "name": "Rodney_ship_armor_normal_light", "bone": "Gun_L_D", "attachment": "Armor_light_change", "blend": "additive" },
	{ "name": "Rodney_ship_hair_normal", "bone": "Hair_Side", "attachment": "Rodney_ship_hair_normal" },
	{
		"name": "Rodney_ship_hair_normal_light",
		"bone": "Hair_Side",
		"attachment": "Rodney_ship_hair_normal_light",
		"blend": "additive"
	},
	{ "name": "Rodney_body_normal", "bone": "Body", "attachment": "Body_Change" },
	{ "name": "Rodney_eyes_normal", "bone": "Face", "attachment": "Rodney_eyes_normal" },
	{ "name": "Light_Body", "bone": "Body", "attachment": "Light_Body_Change", "blend": "additive" }
],
"skins": {
	"default": {
		"Rodney_eyes_normal": {
			"Rodney_eyes_damage": { "x": 20.12, "y": -51.11, "width": 300, "height": 300 },
			"Rodney_eyes_normal": { "x": 20.12, "y": -51.11, "width": 300, "height": 300 }
		},
		"Rodney_ship_back_normal": {
			"Rodney_ship_back_normal": { "x": -22.45, "y": -20.48, "rotation": 131.88, "width": 300, "height": 300 }
		},
		"Rodney_ship_hair_normal": {
			"Rodney_ship_hair_normal": { "x": 37.05, "y": -53.18, "rotation": 88.19, "width": 300, "height": 300 }
		},
		"Rodney_ship_hair_normal _move": {
			"Rodney_ship_hair_normal _move": {
				"type": "skinnedmesh",
				"uvs": [ 1, 0.05942, 1, 0.11272, 1, 0.18095, 1, 0.23212, 1, 0.29821, 1, 0.36004, 1, 0.42827, 1, 0.49863, 1, 0.56899, 1, 0.64148, 1, 0.70757, 1, 0.78433, 1, 0.85042, 1, 0.92718, 1, 1, 0.92522, 1, 0.84047, 1, 0.76666, 1, 0.67644, 1, 0.58622, 1, 0.50147, 1, 0.41126, 1, 0.32104, 1, 0.25269, 1, 0.16521, 1, 0.08046, 1, 0.03934, 1, 0, 1, 0, 0.97377, 0, 0.9421, 0, 0.91558, 0, 0.88453, 0, 0.81418, 0, 0.73955, 0, 0.66493, 0, 0.59884, 0, 0.53274, 0, 0.46878, 0, 0.39203, 0, 0.36131, 0, 0.32593, 0, 0.25131, 0, 0.17882, 0, 0.11486, 0, 0.06155, 0, 0, 0.11053, 0, 0.21988, 0, 0.32651, 0, 0.41946, 0, 0.50421, 0, 0.58349, 0, 0.66277, 0, 0.73932, 0, 0.82407, 0, 0.91702, 0, 1, 0, 0.49601, 0.0381, 0.44406, 0.08501, 0.38665, 0.13831, 0.34564, 0.19801, 0.28276, 0.23852, 0.21168, 0.26197, 0.12967, 0.27476, 0.05312, 0.28969, 0.9553, 0.42614, 0.98392, 0.35948, 0.98486, 0.28506, 0.93846, 0.48788, 0.91048, 0.54753, 0.8769, 0.60717, 0.82653, 0.67118, 0.7743, 0.73374, 0.67544, 0.79484, 0.58963, 0.84284, 0.50755, 0.8734, 0.4292, 0.89231, 0.33593, 0.92286, 0.26132, 0.95486, 0.21468, 0.97523, 0.03561, 0.39623, 0.08597, 0.42969, 0.06172, 0.38459, 0.06359, 0.33658, 0.09716, 0.31331, 0.16805, 0.30894, 0.25386, 0.3104, 0.32847, 0.29585, 0.37324, 0.27112, 0.41801, 0.24057, 0.4404, 0.18674, 0.40122, 0.29584, 0.36018, 0.33803, 0.32288, 0.37295, 0.28557, 0.41078, 0.23334, 0.45151, 0.17738, 0.48352, 0.13447, 0.51261, 0.10836, 0.5548, 0.11022, 0.60863, 0.1382, 0.65663, 0.18297, 0.70319, 0.21841, 0.74247, 0.23707, 0.78611, 0.23147, 0.82975, 0.16805, 0.85594, 0.0953, 0.87921, 0.04307, 0.88503, 0.89742, 0.03399, 0.85078, 0.07181, 0.80788, 0.14019, 0.77617, 0.19692, 0.74259, 0.25657, 0.70342, 0.31622, 0.66238, 0.38023, 0.63067, 0.44133, 0.58776, 0.49806, 0.55605, 0.56062, 0.51501, 0.62463, 0.46278, 0.69446, 0.41988, 0.74974, 0.36765, 0.80939, 0.31168, 0.85303, 0.23334, 0.89667, 0.18297, 0.91413, 0.11582, 0.92868, 0.05799, 0.94031, 0.66238, 0.03399, 0.64559, 0.09073, 0.61947, 0.15619, 0.59336, 0.21729, 0.56538, 0.27985, 0.5262, 0.33949, 0.48144, 0.40496, 0.45159, 0.45006, 0.41242, 0.50534, 0.37511, 0.55189, 0.34526, 0.61008, 0.32661, 0.65809, 0.30795, 0.72646, 0.29863, 0.77593, 0.27997, 0.83121, 0.92167, 0.28276, 0.8825, 0.35695, 0.82653, 0.42678, 0.78176, 0.48352, 0.75005, 0.54607, 0.69969, 0.60863, 0.64746, 0.66536, 0.59896, 0.71628, 0.52807, 0.77447, 0.46838, 0.82248, 0.40495, 0.85303, 0.3322, 0.88358, 0.25572, 0.92431, 0.20349, 0.94322, 0.13634, 0.96505, 0.06918, 0.96796, 0.2352, 0.8603, 0.18111, 0.88212, 0.11209, 0.90249, 0.05053, 0.91267 ],
				"triangles": [ 22, 77, 21, 23, 78, 22, 22, 78, 77, 24, 79, 23, 23, 79, 78, 25, 156, 24, 24, 155, 79, 24, 156, 155, 26, 157, 25, 25, 157, 156, 126, 157, 26, 26, 27, 28, 79, 155, 78, 26, 28, 126, 28, 29, 126, 157, 125, 156, 157, 126, 125, 156, 124, 155, 156, 125, 124, 155, 154, 78, 78, 154, 77, 155, 123, 154, 155, 124, 123, 29, 161, 126, 29, 30, 161, 125, 126, 160, 126, 161, 160, 125, 160, 124, 154, 123, 122, 154, 153, 77, 30, 107, 161, 30, 31, 107, 160, 159, 124, 124, 159, 123, 161, 106, 160, 161, 107, 106, 160, 105, 159, 160, 106, 105, 123, 159, 158, 106, 107, 32, 107, 31, 32, 159, 105, 158, 105, 106, 33, 101, 105, 33, 32, 33, 106, 19, 74, 18, 20, 75, 19, 21, 76, 20, 20, 76, 75, 21, 77, 76, 154, 122, 153, 122, 158, 141, 158, 122, 123, 76, 153, 152, 76, 77, 153, 153, 121, 152, 153, 122, 121, 105, 104, 158, 158, 104, 141, 104, 105, 103, 121, 122, 140, 104, 103, 141, 122, 141, 140, 141, 103, 140, 103, 105, 102, 103, 102, 140, 15, 13, 14, 13, 15, 12, 12, 15, 16, 16, 72, 12, 74, 73, 18, 72, 17, 73, 17, 18, 73, 19, 75, 74, 16, 17, 72, 76, 151, 75, 76, 152, 151, 75, 150, 74, 75, 151, 150, 105, 101, 102, 152, 121, 151, 12, 72, 11, 74, 149, 73, 74, 150, 149, 121, 120, 151, 151, 120, 150, 101, 33, 100, 120, 121, 139, 121, 140, 139, 140, 102, 139, 120, 119, 150, 150, 119, 149, 139, 138, 120, 120, 138, 119, 102, 101, 139, 100, 33, 34, 139, 101, 138, 149, 148, 73, 73, 148, 72, 100, 34, 99, 119, 118, 149, 149, 118, 148, 101, 100, 138, 138, 137, 119, 118, 119, 136, 34, 35, 99, 138, 100, 137, 137, 100, 96, 137, 96, 95, 99, 97, 100, 100, 97, 96, 119, 137, 136, 137, 95, 136, 35, 98, 99, 99, 98, 97, 35, 36, 98, 97, 98, 37, 97, 37, 81, 81, 37, 80, 37, 98, 36, 97, 81, 96, 95, 96, 81, 37, 38, 80, 148, 147, 72, 118, 117, 148, 148, 117, 147, 136, 135, 118, 118, 135, 117, 135, 134, 117, 95, 94, 136, 136, 94, 135, 80, 82, 81, 94, 93, 135, 95, 81, 85, 80, 38, 39, 72, 71, 11, 71, 10, 11, 72, 147, 71, 71, 70, 10, 70, 9, 10, 147, 146, 71, 71, 146, 70, 70, 69, 9, 69, 8, 9, 117, 116, 147, 147, 116, 146, 146, 145, 70, 70, 145, 69, 69, 68, 8, 68, 7, 8, 117, 134, 116, 145, 144, 69, 69, 144, 68, 116, 115, 146, 146, 115, 145, 135, 93, 134, 134, 133, 116, 116, 133, 115, 81, 84, 85, 115, 114, 145, 145, 114, 144, 95, 86, 94, 95, 85, 86, 93, 92, 134, 134, 92, 133, 133, 132, 115, 115, 132, 114, 81, 82, 84, 84, 82, 83, 94, 86, 93, 92, 91, 133, 133, 91, 132, 82, 80, 39, 82, 39, 83, 93, 87, 92, 39, 40, 83, 84, 63, 85, 68, 65, 7, 65, 6, 7, 68, 144, 65, 6, 66, 5, 114, 113, 144, 144, 143, 65, 144, 113, 143, 6, 65, 66, 65, 143, 66, 132, 131, 114, 114, 131, 113, 93, 86, 87, 66, 4, 5, 143, 142, 66, 66, 67, 4, 66, 142, 67, 113, 112, 143, 143, 112, 142, 91, 89, 132, 132, 89, 131, 92, 88, 91, 92, 87, 88, 40, 64, 83, 83, 64, 84, 40, 41, 64, 131, 130, 113, 113, 130, 112, 84, 64, 63, 85, 62, 86, 86, 61, 87, 86, 62, 61, 85, 63, 62, 67, 3, 4, 87, 61, 88, 91, 88, 89, 63, 64, 42, 67, 142, 3, 112, 111, 142, 111, 110, 142, 3, 142, 2, 89, 90, 131, 131, 90, 130, 62, 63, 42, 61, 60, 88, 88, 60, 89, 46, 62, 43, 62, 47, 61, 62, 46, 47, 130, 129, 112, 112, 129, 111, 111, 129, 128, 110, 111, 128, 41, 42, 64, 89, 60, 90, 60, 47, 48, 60, 61, 47, 142, 110, 2, 110, 128, 127, 53, 110, 127, 130, 90, 129, 129, 90, 58, 129, 58, 57, 60, 59, 90, 60, 48, 59, 53, 127, 52, 128, 129, 57, 57, 50, 51, 90, 59, 58, 110, 109, 2, 2, 109, 1, 109, 108, 1, 62, 42, 43, 128, 57, 51, 109, 53, 54, 109, 110, 53, 58, 48, 49, 58, 59, 48, 43, 44, 46, 108, 0, 1, 128, 51, 127, 58, 49, 57, 109, 54, 108, 44, 45, 46, 108, 55, 0, 55, 56, 0, 57, 49, 50, 108, 54, 55, 127, 51, 52 ],
				"vertices": [ 2, 13, -35.64, 34.18, 0.99727, 18, -65.35, 28.82, 0.00272, 4, 13, -27.69, 37.12, 0.98661, 18, -57.68, 32.43999, 0.01329, 19, -80.21, 31.31, 6.0E-5, 21, -117.52, 34.18, 2.0E-5, 5, 13, -17.52, 40.89, 0.95224, 18, -47.87, 37.06, 0.04458, 19, -70.48, 36.09, 0.00186, 20, -89.53, 37.09, 5.6E-4, 21, -107.63, 38.66, 7.3E-4, 6, 13, -9.89, 43.71, 0.90349, 18, -40.50999, 40.54, 0.08433, 19, -63.17, 39.68, 0.00661, 20, -82.17, 40.56, 0.00267, 21, -100.22, 42.01, 0.0025, 22, -120.11, 33.55, 3.7E-4, 6, 13, -0.03, 47.36, 0.80278, 18, -31.01, 45.02, 0.15711, 19, -53.74, 44.31, 0.02065, 20, -72.66, 45.05, 0.00963, 21, -90.65, 46.35, 0.0077, 22, -110.87, 38.55, 0.00209, 6, 13, 9.18, 50.78, 0.66916, 18, -22.12, 49.22, 0.23855, 19, -44.92, 48.65, 0.04579, 20, -63.77, 49.24, 0.02312, 21, -81.69, 50.4, 0.01732, 22, -102.22, 43.23, 0.00603, 6, 13, 19.35, 54.54, 0.50233, 18, -12.31, 53.84, 0.31371, 19, -35.18, 53.43, 0.08679, 20, -53.96, 53.87, 0.04775, 21, -71.81, 54.88, 0.03506, 22, -92.68, 48.39, 0.01433, 6, 13, 29.84, 58.43, 0.33898, 18, -2.19, 58.62, 0.35271, 19, -25.14, 58.36, 0.13418, 20, -43.84, 58.64, 0.08299, 21, -61.62, 59.49, 0.06245, 22, -82.83999, 53.71, 0.02866, 6, 13, 40.33, 62.31, 0.20879, 18, 7.92, 63.39, 0.34446, 19, -15.1, 63.29, 0.17267, 20, -33.73, 63.42, 0.1243, 21, -51.43, 64.1, 0.09945, 22, -73, 59.03, 0.0503, 6, 13, 51.14, 66.31, 0.11596, 18, 18.34, 68.31, 0.30093, 19, -4.75, 68.37, 0.19296, 20, -23.3, 68.33, 0.16533, 21, -40.93, 68.86, 0.14458, 22, -62.86, 64.51, 0.0802, 6, 13, 61, 69.96, 0.06151, 18, 27.85, 72.79, 0.25139, 19, 4.67, 73.01, 0.19378, 20, -13.8, 72.82, 0.19438, 21, -31.35, 73.19, 0.18655, 22, -53.62, 69.51, 0.11237, 6, 13, 72.44, 74.19999, 0.02536, 18, 38.88, 78, 0.19967, 19, 15.62, 78.39, 0.18077, 20, -2.76, 78.03, 0.21379, 21, -20.24, 78.22, 0.22894, 22, -42.88, 75.31, 0.15143, 6, 13, 82.3, 77.83999, 0.00961, 18, 48.39, 82.48, 0.16603, 19, 25.06, 83.01999, 0.16581, 20, 6.73, 82.51, 0.22051, 21, -10.66, 82.56, 0.25632, 22, -33.64, 80.31, 0.18169, 6, 13, 93.74, 82.08, 0.00165, 18, 59.42, 87.69, 0.14142, 19, 36.00999, 88.4, 0.15189, 20, 17.77, 87.72, 0.22211, 21, 0.45, 87.59, 0.27595, 22, -22.9, 86.11, 0.20694, 5, 18, 69.9, 92.63, 0.13333, 19, 46.4, 93.51, 0.14666, 20, 28.24, 92.66, 0.22168, 21, 10.99, 92.37, 0.28211, 22, -12.72, 91.62, 0.2162, 6, 18, 73.85, 84.25, 0.12943, 19, 50.49, 85.18, 0.14387, 20, 32.2, 84.27, 0.22082, 21, 14.82, 83.92, 0.28424, 22, -8.31, 83.47, 0.22087, 23, -22.94, 83.55, 7.2E-4, 6, 18, 78.33999, 74.74, 0.11735, 19, 55.12, 75.75, 0.13425, 20, 36.68, 74.76999, 0.2165, 21, 19.15, 74.35, 0.29012, 22, -3.31, 74.22, 0.23688, 23, -17.94, 74.31, 0.00486, 6, 18, 82.24, 66.46, 0.10196, 19, 59.16, 67.54, 0.12088, 20, 40.59, 66.49, 0.20853, 21, 22.93, 66.01, 0.29584, 22, 1.03, 66.17, 0.25922, 23, -13.59, 66.26, 0.01354, 6, 18, 87.01, 56.35, 0.07721, 19, 64.08999, 57.49, 0.09564, 20, 45.36, 56.37, 0.18723, 21, 27.54, 55.82, 0.29931, 22, 6.36, 56.33, 0.30307, 23, -8.27, 56.42, 0.0375, 6, 18, 91.79, 46.23, 0.05146, 19, 69.01999, 47.45, 0.06549, 20, 50.13, 46.25, 0.15131, 21, 32.15, 45.63, 0.28676, 22, 11.68, 46.49, 0.35778, 23, -2.95, 46.58, 0.08717, 6, 18, 96.27, 36.72, 0.0296, 19, 73.66, 38.02, 0.03725, 20, 54.62, 36.75, 0.10547, 21, 36.49, 36.05, 0.24592, 22, 16.67, 37.24, 0.40266, 23, 2.04, 37.33, 0.17908, 6, 18, 101.05, 26.61, 0.01271, 19, 78.58999, 27.98, 0.01436, 20, 59.39, 26.63, 0.05166, 21, 41.09999, 25.86, 0.15519, 22, 22, 27.4, 0.39814, 23, 7.36, 27.49, 0.3679, 6, 18, 105.82, 16.49, 0.0035, 19, 83.51999, 17.94, 0.00294, 20, 64.16, 16.51, 0.0129, 21, 45.72, 15.67, 0.04474, 22, 27.32, 17.56, 0.24697, 23, 12.68, 17.65, 0.68892, 6, 18, 109.43, 8.83, 5.3E-4, 19, 87.26, 10.33, 1.4E-4, 20, 67.78, 8.85, 9.7E-4, 21, 49.21, 7.95, 0.00394, 22, 31.35, 10.10999, 0.04563, 23, 16.71999, 10.18999, 0.94876, 1, 23, 21.87, 0.64999, 1, 2, 19, 96.67, -8.83, 0, 23, 26.87, -8.58, 0.99999, 2, 19, 98.92, -13.41, 0, 23, 29.3, -13.07, 0.99999, 4, 19, 101.07, -17.78, 0, 21, 62.13, -20.59, 1.7E-4, 22, 46.25, -17.45, 0.00126, 23, 31.62, -17.36, 0.99856, 5, 19, 97.33, -19.62, 0, 20, 77.37999, -21.26, 4.4E-4, 21, 58.34, -22.31, 0.00149, 22, 42.58, -19.43, 0.00735, 23, 27.95, -19.34, 0.9907, 5, 19, 92.81, -21.84, 0, 20, 72.83, -23.41, 0.0026, 21, 53.75, -24.38, 0.00704, 22, 38.15, -21.82, 0.02961, 23, 23.52, -21.74, 0.96073, 4, 20, 69.01, -25.21, 0.00695, 21, 49.91, -26.12, 0.0172, 22, 34.43999, -23.83, 0.06373, 23, 19.81, -23.74, 0.9121, 4, 20, 64.55, -27.31, 0.01571, 21, 45.41, -28.16, 0.0363, 22, 30.1, -26.18, 0.11833, 23, 15.47, -26.09, 0.82963, 6, 18, 96.08, -32.11, 7.2E-4, 19, 74.55, -30.81, 0.0047, 20, 54.43, -32.09, 0.06663, 21, 35.22, -32.77, 0.12236, 22, 20.26, -31.5, 0.22867, 23, 5.63, -31.41, 0.57689, 6, 18, 85.35, -37.16999, 0.00675, 19, 63.9, -36.04, 0.02531, 20, 43.7, -37.15, 0.16828, 21, 24.41, -37.66999, 0.22909, 22, 9.82, -37.14, 0.25294, 23, -4.8, -37.05, 0.3176, 7, 13, 97.68, -48.67, 0.00394, 18, 74.62, -42.24, 0.02704, 19, 53.25, -41.27, 0.07611, 20, 32.97, -42.21, 0.28812, 21, 13.6, -42.56, 0.26995, 22, -0.6, -42.78, 0.18765, 23, -15.24, -42.7, 0.14713, 7, 13, 87.83, -52.32, 0.01757, 18, 65.12, -46.72, 0.06356, 19, 43.82, -45.9, 0.14303, 20, 23.46, -46.69, 0.35631, 21, 4.03, -46.89, 0.23476, 22, -9.85, -47.78, 0.1232, 23, -24.48, -47.7, 0.06153, 7, 13, 77.97, -55.97, 0.04702, 18, 55.61, -51.2, 0.11718, 19, 34.39, -50.54, 0.20899, 20, 13.96, -51.18, 0.36534, 21, -5.54, -51.23, 0.16801, 22, -19.09, -52.78, 0.07212, 23, -33.72, -52.69, 0.02131, 7, 13, 68.44, -59.5, 0.09564, 18, 46.42, -55.54, 0.17653, 19, 25.26, -55.02, 0.24716, 20, 4.76, -55.52, 0.32692, 21, -14.8, -55.42, 0.1092, 22, -28.04, -57.62, 0.03946, 23, -42.67, -57.53, 0.00504, 7, 13, 56.99, -63.74, 0.18075, 18, 35.38, -60.75, 0.24108, 19, 14.3, -60.4, 0.25095, 20, -6.26, -60.73, 0.2508, 21, -25.92, -60.45, 0.05876, 22, -38.77, -63.42, 0.0172, 23, -53.41, -63.34, 4.2E-4, 7, 13, 52.41, -65.43, 0.22102, 18, 30.96, -62.83, 0.25998, 19, 9.92, -62.55, 0.243, 20, -10.68, -62.81, 0.22029, 21, -30.37, -62.47, 0.04415, 22, -43.07, -65.74, 0.0115, 23, -57.7, -65.66, 3.0E-5, 6, 13, 47.14, -67.37999, 0.27059, 18, 25.87, -65.23, 0.27625, 19, 4.87, -65.03, 0.22927, 20, -15.77, -65.21, 0.18674, 21, -35.49, -64.79, 0.0305, 22, -48.02, -68.42, 0.00662, 6, 13, 36.00999, -71.5, 0.37927, 18, 15.14, -70.3, 0.28648, 19, -5.77, -70.26, 0.19017, 20, -26.5, -70.26999, 0.12921, 21, -46.3, -69.68, 0.01323, 22, -58.45, -74.06, 0.00161, 6, 13, 25.2, -75.51, 0.47597, 18, 4.71999, -75.22, 0.27697, 19, -16.11, -75.35, 0.15272, 20, -36.91999, -75.19, 0.08911, 21, -56.8, -74.43, 0.00498, 22, -68.58999, -79.55, 2.0E-4, 5, 13, 15.66, -79.04, 0.54002, 18, -4.46999, -79.55, 0.26444, 19, -25.24, -79.83, 0.12817, 20, -46.12, -79.53, 0.06584, 21, -66.07, -78.62999, 0.0015, 5, 13, 7.71, -81.98, 0.57476, 18, -12.13, -83.17, 0.25515, 19, -32.84999, -83.57, 0.11513, 20, -53.79, -83.15, 0.05459, 21, -73.79, -82.12, 3.4E-4, 4, 13, -1.45, -85.38, 0.5878, 18, -20.98, -87.35, 0.25169, 19, -41.64, -87.88, 0.11018, 20, -62.64, -87.32, 0.05031, 4, 13, -6.21, -72.51999, 0.61343, 18, -26.83, -74.94999, 0.24022, 19, -47.68, -75.58, 0.10144, 20, -68.49, -74.93, 0.04488, 4, 13, -10.92, -59.81, 0.677, 18, -32.62, -62.69, 0.20927, 19, -53.66, -63.41, 0.08077, 20, -74.26999, -62.66, 0.03294, 4, 13, -15.51, -47.41, 0.77368, 18, -38.25999, -50.73, 0.1553, 19, -59.48, -51.54, 0.05247, 20, -79.91, -50.71, 0.01854, 4, 13, -19.51, -36.59999, 0.86494, 18, -43.18, -40.31, 0.09768, 19, -64.57, -41.18999, 0.02901, 20, -84.83, -40.28, 0.00835, 4, 13, -23.16, -26.74, 0.93626, 18, -47.66, -30.8, 0.04818, 19, -69.19999, -31.76, 0.0129, 20, -89.32, -30.78, 0.00264, 4, 13, -26.57, -17.52, 0.97862, 18, -51.86, -21.91, 0.0167, 19, -73.53, -22.94, 0.00422, 20, -93.51, -21.89, 4.4E-4, 3, 13, -29.99, -8.3, 0.99676, 18, -56.05, -13.02, 0.00265, 19, -77.87, -14.11, 5.8E-4, 1, 13, -33.28, 0.58999, 1, 1, 13, -36.93, 10.43999, 1, 1, 13, -40.93, 21.25, 1, 1, 13, -44.5, 30.9, 1, 4, 13, -17.12, -25.59, 0.93626, 18, -41.75, -29.14, 0.04818, 19, -63.31, -30, 0.0129, 20, -83.4, -29.11, 0.00264, 4, 13, -7.89, -29.04, 0.88531, 18, -32.25999, -31.78, 0.0845, 19, -53.78, -32.5, 0.02377, 20, -73.91, -31.75, 0.0064, 4, 13, 2.52, -32.78, 0.82896, 18, -21.55, -34.59999, 0.12653, 19, -43.03, -35.15, 0.03407, 20, -63.21, -34.58, 0.01042, 5, 13, 13.18, -34.25, 0.71224, 18, -10.8, -35.15, 0.20356, 19, -32.27, -35.53, 0.06153, 20, -52.45, -35.13, 0.02261, 21, -71.69999, -34.13, 4.0E-5, 5, 13, 21.93, -39.33, 0.57728, 18, -1.65, -39.45, 0.27271, 19, -23.05, -39.68999, 0.10417, 20, -43.3, -39.43, 0.04485, 21, -62.62, -38.58, 9.6E-4, 6, 13, 28.49, -46.3, 0.38355, 18, 5.48, -45.83, 0.32928, 19, -15.82, -45.96, 0.18249, 20, -36.16999, -45.81, 0.09678, 21, -55.58, -45.07, 0.00717, 22, -69.44999, -50.17, 7.0E-4, 6, 13, 33.91999, -55.13, 0.29643, 18, 11.66, -54.16, 0.29676, 19, -9.51, -54.19, 0.22364, 20, -29.99, -54.14, 0.15866, 21, -49.54, -53.5, 0.02071, 22, -62.82, -58.15, 0.00377, 6, 13, 39.43999, -63.21, 0.32464, 18, 17.85, -61.74, 0.28701, 19, -3.2, -61.66, 0.21096, 20, -23.79, -61.71, 0.15409, 21, -43.46, -61.16, 0.01988, 22, -56.22, -65.37, 0.00338, 6, 13, 20.95, 49.23, 0.50233, 18, -10.25, 48.69, 0.31371, 19, -33.04, 48.31, 0.08679, 20, -51.9, 48.71, 0.04775, 21, -69.83, 49.69, 0.03506, 22, -90.34, 43.35, 0.01433, 6, 13, 9.78, 48.88, 0.66916, 18, -21.35, 47.37, 0.23855, 19, -44.12, 46.82, 0.04579, 20, -63, 47.4, 0.02312, 21, -80.94999, 48.55, 0.01732, 22, -101.35, 41.43, 0.00603, 6, 13, -1.34, 44.88, 0.80278, 18, -32.09999, 42.43, 0.15711, 19, -54.79, 41.71, 0.02065, 20, -73.75, 42.46, 0.00963, 21, -91.78, 43.78, 0.0077, 22, -111.82, 35.9, 0.00209, 6, 13, 30.89, 50.68, 0.33898, 18, -0.48, 50.99, 0.35271, 19, -23.31, 50.76, 0.13418, 20, -42.13, 51.01, 0.08299, 21, -60.03, 51.83, 0.06245, 22, -80.71, 46.18, 0.02866, 6, 13, 40.98, 50.72, 0.25674, 18, 9.57, 51.9, 0.37037, 19, -13.27, 51.83, 0.16187, 20, -32.08, 51.92, 0.10127, 21, -49.96, 52.58, 0.07458, 22, -70.72, 47.64, 0.03511, 6, 13, 51.32, 50.1, 0.1426, 18, 19.92, 52.18, 0.32833, 19, -2.92, 52.27, 0.19716, 20, -21.72, 52.2, 0.15024, 21, -39.59999, 52.7, 0.11972, 22, -60.4, 48.49, 0.06192, 6, 13, 63.04, 47.78, 0.06021, 18, 31.79, 50.87, 0.26944, 19, 8.96, 51.15, 0.23969, 20, -9.85, 50.9, 0.20351, 21, -27.75, 51.21, 0.15142, 22, -48.48, 47.83, 0.07569, 6, 13, 74.61, 45.16, 0.0246, 18, 43.55, 49.26, 0.19539, 19, 20.74, 49.72, 0.19646, 20, 1.89, 49.28, 0.22733, 21, -16.02, 49.41, 0.22189, 22, -36.65, 46.87, 0.13429, 7, 13, 87.98, 37.03, 8.3E-4, 18, 57.57, 42.32, 0.09418, 19, 34.87, 43, 0.13383, 20, 15.91, 42.34, 0.24261, 21, -2.11999, 42.25, 0.30695, 22, -22.27, 40.7, 0.21165, 23, -36.9, 40.79, 0.0099, 6, 18, 69.01, 35.95, 0.04207, 19, 46.41, 36.82, 0.06776, 20, 27.36, 35.97, 0.20215, 21, 9.22, 35.71, 0.35847, 22, -10.49, 34.98, 0.2922, 23, -25.13, 35.06, 0.0373, 6, 18, 77.75, 28.82, 0.04207, 19, 55.26, 29.82, 0.06776, 20, 36.09, 28.84, 0.20215, 21, 17.84, 28.44, 0.35847, 22, -1.38, 28.33, 0.2922, 23, -16.01, 28.42, 0.0373, 6, 18, 84.61, 21.31, 0.01854, 19, 62.24, 22.43, 0.02536, 20, 42.96, 21.34, 0.10228, 21, 24.59, 20.83, 0.3197, 22, 5.88, 21.22, 0.43449, 23, -8.75, 21.3, 0.09958, 6, 18, 93.94, 12.93, 0.00425, 19, 71.69999, 14.19, 0.00391, 20, 52.28, 12.95, 0.01722, 21, 33.78, 12.29, 0.06299, 22, 15.65, 13.35, 0.38358, 23, 1.02, 13.44, 0.52802, 6, 18, 102.49, 6.73, 0.00112, 19, 80.33999, 8.13, 6.3E-4, 20, 60.83, 6.76, 0.00316, 21, 42.23, 5.96, 0.01181, 22, 24.53, 7.64, 0.12835, 23, 9.89, 7.72, 0.8549, 5, 18, 107.88, 2.88, 2.1E-4, 20, 66.23, 2.91, 8.0E-5, 21, 47.57, 2.03, 5.2E-4, 22, 30.12, 4.09, 0.01668, 23, 15.49, 4.17999, 0.98247, 7, 13, 56.09, -59.36, 0.18075, 18, 34.09999, -56.47, 0.24108, 19, 12.96, -56.14, 0.25095, 20, -7.54, -56.45, 0.2508, 21, -27.13, -56.16, 0.05876, 22, -40.29, -59.22, 0.0172, 23, -54.92, -59.13, 4.2E-4, 7, 13, 58.91, -51.66, 0.1149, 18, 36.25, -48.55, 0.20787, 19, 14.98, -48.19, 0.27178, 20, -5.4, -48.53, 0.29932, 21, -24.86, -48.27, 0.0789, 22, -38.58, -51.2, 0.02579, 23, -53.21, -51.11, 0.0014, 6, 13, 53.23, -56.97, 0.20872, 18, 31.04, -54.33, 0.26333, 19, 9.87, -54.05, 0.25141, 20, -10.6, -54.31, 0.22202, 21, -30.15, -53.97, 0.04322, 22, -43.45, -57.25, 0.01128, 6, 13, 45.99, -59.4, 0.26224, 18, 24.04, -57.38, 0.27676, 19, 2.91, -57.21, 0.233, 20, -17.6, -57.36, 0.1897, 21, -37.2, -56.91, 0.03133, 22, -50.28, -60.68, 0.00695, 6, 13, 41.07, -56.78, 0.29643, 18, 18.92, -55.19, 0.29676, 19, -2.23, -55.1, 0.22364, 20, -22.73, -55.17, 0.15866, 21, -42.29, -54.64, 0.02071, 22, -55.51, -58.78, 0.00377, 6, 13, 37.37, -48.78, 0.29643, 18, 14.54, -47.54, 0.29676, 19, -6.73, -47.52, 0.22364, 20, -27.1, -47.52, 0.15866, 21, -46.55, -46.92, 0.02071, 22, -60.3, -51.37, 0.00377, 6, 13, 33.89, -38.72, 0.38355, 18, 10.21, -37.82, 0.32928, 19, -11.21, -37.87, 0.18249, 20, -31.43, -37.79, 0.09678, 21, -50.73, -37.13, 0.00717, 22, -65.16, -41.9, 7.0E-4, 5, 13, 28.51, -30.85, 0.47927, 18, 4.17, -30.44, 0.3589, 19, -17.37, -30.58, 0.11895, 20, -37.47, -30.41, 0.04188, 21, -56.65, -29.65, 9.7E-4, 5, 13, 22.9, -27.01, 0.47927, 18, -1.75, -27.1, 0.3589, 19, -23.35, -27.33, 0.11895, 20, -43.4, -27.07, 0.04188, 21, -62.52, -26.22, 9.7E-4, 4, 13, 16.41, -23.49, 0.7215, 18, -8.51, -24.15, 0.21604, 19, -30.15, -24.49, 0.04807, 20, -50.16, -24.12, 0.01437, 4, 13, 7.42, -23.85, 0.7215, 18, -17.43, -25.29, 0.21604, 19, -39.06, -25.77, 0.04807, 20, -59.09, -25.26, 0.01437, 4, 13, 25.38, -22.39, 0.58455, 18, 0.32, -22.28, 0.34399, 19, -21.35, -22.49, 0.05735, 20, -41.32, -22.26, 0.01408, 6, 13, 33.43999, -24.83, 0.27428, 18, 8.56, -24.02, 0.4177, 19, -13.08, -24.1, 0.22025, 20, -33.09, -23.99, 0.08247, 21, -52.16, -23.31, 0.00477, 22, -67.57, -28.22, 4.9E-4, 6, 13, 40.25, -27.24, 0.27428, 18, 15.55, -25.83, 0.4177, 19, -6.06, -25.8, 0.22025, 20, -26.09, -25.81, 0.08247, 21, -45.19, -25.23, 0.00477, 22, -60.48, -29.65, 4.9E-4, 6, 13, 47.49, -29.49, 0.12004, 18, 22.97, -27.45, 0.3845, 19, 1.37, -27.3, 0.35778, 20, -18.68, -27.43, 0.12704, 21, -37.81, -26.96, 0.00883, 22, -52.99, -30.85, 0.00178, 6, 13, 55.82, -33.32, 0.06902, 18, 31.59, -30.55, 0.21458, 19, 10.04, -30.26, 0.36506, 20, -10.06, -30.52, 0.29532, 21, -29.24, -30.19, 0.04307, 22, -44.22, -33.47, 0.01291, 7, 13, 63, -38.06, 0.03928, 18, 39.15, -34.65, 0.12042, 19, 17.66, -34.24, 0.25883, 20, -2.49, -34.63, 0.39482, 21, -21.74, -34.41999, 0.13055, 22, -36.43999, -37.16, 0.04785, 23, -51.07, -37.07, 0.0082, 7, 13, 69.18, -41.43999, 0.03928, 18, 45.6, -37.49, 0.12042, 19, 24.16, -36.98, 0.25883, 20, 3.95, -37.46, 0.39482, 21, -15.33, -37.36, 0.13055, 22, -29.84, -39.63, 0.04785, 23, -44.47, -39.55, 0.0082, 7, 13, 76.6, -42.15, 0.027, 18, 53.05, -37.56, 0.08492, 19, 31.61, -36.93, 0.18138, 20, 11.4, -37.53, 0.37769, 21, -7.88, -37.54, 0.20301, 22, -22.4, -39.29, 0.09211, 23, -37.03, -39.21, 0.03385, 7, 13, 84.54, -38.96, 0.00909, 18, 60.69, -33.68999, 0.04266, 19, 39.18999, -32.95, 0.11206, 20, 19.04, -33.66999, 0.34393, 21, -0.18, -33.8, 0.26521, 22, -14.98, -35.02, 0.14651, 23, -29.61, -34.93, 0.0805, 7, 13, 90.5, -33.06, 7.9E-4, 18, 66.12, -27.3, 0.0129, 19, 44.51, -26.47, 0.04524, 20, 24.46, -27.27, 0.26091, 21, 5.33, -27.49, 0.31545, 22, -9.91, -28.34, 0.21606, 23, -24.55, -28.25, 0.14861, 7, 13, 95.51, -25.28, 8.8E-4, 18, 70.44, -19.12, 0.00953, 19, 48.71, -18.21999, 0.04422, 20, 28.79, -19.1, 0.34367, 21, 9.78, -19.37999, 0.38924, 22, -6.04, -19.93, 0.16175, 23, -20.68, -19.85, 0.05068, 5, 19, 52.38, -11.53, 0.00557, 20, 32.56, -12.46, 0.12638, 21, 13.66, -12.8, 0.51253, 22, -2.64, -13.1, 0.28825, 23, -17.27, -13.01, 0.06725, 4, 20, 37.84999, -7.4, 0.02303, 21, 19.03, -7.83, 0.14296, 22, 2.34999, -7.76, 0.65141, 23, -12.27, -7.67, 0.18258, 4, 20, 44.42, -5.07, 0.02303, 21, 25.64, -5.6, 0.14296, 22, 8.79, -5.07, 0.65141, 23, -5.83, -4.98, 0.18258, 4, 20, 51.54, -10.41, 0.01034, 21, 32.66999, -11.05, 0.02936, 22, 16.19, -10.01, 0.2655, 23, 1.56, -9.92, 0.69477, 4, 20, 58.74, -16.99, 0.00675, 21, 39.75999, -17.74, 0.01718, 22, 23.74, -16.18, 0.11522, 23, 9.1, -16.1, 0.86083, 4, 20, 62.34, -22.45, 0.01102, 21, 43.28, -23.26, 0.02621, 22, 27.63, -21.44, 0.09672, 23, 13, -21.35, 0.86603, 2, 13, -35.02, 20.85, 0.99928, 18, -63.58, 15.59, 7.1E-4, 2, 13, -27.37, 17.51, 0.99928, 18, -55.67, 12.93, 7.1E-4, 2, 13, -15.33, 16.29999, 0.99926, 18, -43.57, 12.75, 7.3E-4, 6, 13, -5.5, 15.74, 0.962, 18, -33.73, 13.05, 0.03636, 19, -55.96, 12.3, 6.0E-4, 20, -75.39, 13.07, 3.1E-4, 21, -93.87, 14.42, 6.8E-4, 22, -111.84, 6.48, 2.0E-5, 6, 13, 4.83, 15.13, 0.962, 18, -23.38, 13.33, 0.03636, 19, -45.61, 12.75, 6.0E-4, 20, -65.03, 13.35, 3.1E-4, 21, -83.51999, 14.54, 6.8E-4, 22, -101.51, 7.32, 2.0E-5, 5, 13, 15.41, 13.87, 0.85525, 18, -12.73, 12.98, 0.14144, 20, -54.38, 13.01, 0.0011, 21, -72.87, 14.03, 0.00187, 22, -90.86, 7.56, 3.2E-4, 6, 13, 26.72, 12.63, 0.45167, 18, -1.35, 12.72, 0.53477, 19, -23.58, 12.49, 0.00248, 20, -43.01, 12.75, 0.00504, 21, -61.5, 13.59, 0.00463, 22, -79.49, 7.93, 0.00137, 6, 13, 37.18999, 12.31, 0.08925, 18, 9.1, 13.31, 0.71154, 19, -13.13, 13.24, 0.1596, 20, -32.54, 13.34, 0.02599, 21, -51.03, 14.01, 0.01013, 22, -69.07, 9.09, 0.00347, 6, 13, 47.5, 10.46, 0.08925, 18, 19.53, 12.35, 0.71154, 19, -2.68, 12.44, 0.1596, 20, -22.12, 12.37, 0.02599, 21, -40.62, 12.89, 0.01013, 22, -58.61, 8.7, 0.00347, 6, 13, 58.19, 10.22, 0.0108, 18, 30.2, 13.04, 0.26253, 19, 7.97, 13.3, 0.55931, 20, -11.44, 13.06, 0.13482, 21, -29.94, 13.41, 0.0243, 22, -47.99, 9.97, 0.0082, 6, 13, 69.51, 8.97999, 4.7E-4, 18, 41.58, 12.78, 0.08582, 19, 19.35, 13.22, 0.34914, 20, -0.07, 12.8, 0.43536, 21, -18.57, 12.97, 0.10286, 22, -36.61, 10.33, 0.02633, 5, 18, 54.38, 11.66, 0.02427, 19, 32.16999, 12.3, 0.08041, 20, 12.73, 11.68, 0.43316, 21, -5.78, 11.65, 0.40978, 22, -23.77, 9.92, 0.05235, 5, 18, 64.6, 10.6, 0.00648, 19, 42.4, 11.4, 0.01499, 20, 22.95, 10.62, 0.24105, 21, 4.41, 10.42, 0.7007, 22, -13.5, 9.42, 0.03675, 6, 18, 75.94, 8.79, 0.01077, 19, 53.77, 9.76, 0.01712, 20, 34.29, 8.81, 0.13665, 21, 15.72, 8.43999, 0.5616, 22, -2.08, 8.22999, 0.25847, 23, -16.70999, 8.32, 0.01536, 5, 18, 85.18, 5.47, 6.4E-4, 19, 63.06, 6.59, 4.9E-4, 20, 43.53, 5.5, 0.00245, 22, 7.31, 5.43, 0.79127, 23, -7.31, 5.52, 0.20513, 4, 20, 53.95, -0.32, 7.1E-4, 21, 35.23, -1, 0.002, 22, 18.04, 0.18, 0.19756, 23, 3.41, 0.27, 0.79972, 4, 20, 59.12, -4.78, 0.00214, 21, 40.34, -5.55, 0.00548, 22, 23.45, -3.98, 0.12819, 23, 8.82, -3.89, 0.86416, 4, 20, 64.76999, -11.33, 0.00221, 21, 45.88, -12.18, 0.00577, 22, 29.44, -10.21, 0.03373, 23, 14.81, -10.12, 0.95827, 4, 20, 69.5, -17.02, 0.0028, 21, 50.52, -17.95, 0.00747, 22, 34.48, -15.63, 0.03215, 23, 19.85, -15.55, 0.95756, 3, 13, -24.9, -6.47, 0.99676, 18, -51.14, -10.76, 0.00265, 19, -72.99, -11.77, 5.8E-4, 3, 13, -15.72, -5.29, 0.99937, 18, -42.1, -8.79, 2.0E-4, 19, -63.98, -9.67, 4.2E-4, 3, 13, -4.83, -4.71999, 0.99937, 18, -31.3, -7.28, 2.0E-4, 19, -53.21, -7.98, 4.2E-4, 3, 13, 5.39, -4.38, 0.99872, 19, -43.06, -6.61, 0.00127, 20, -62.79, -6.04, 0, 1, 13, 15.93, -4.17999, 1, 4, 13, 26.51, -5.44, 0.47268, 18, -0.01, -5.3, 0.49664, 19, -21.95, -5.52, 0.02683, 20, -41.66, -5.28, 0.00383, 4, 13, 38.2, -7.04, 0.19218, 18, 11.77, -5.88, 0.6683, 19, -10.16, -5.91, 0.12197, 20, -29.88, -5.86, 0.01754, 4, 13, 46.2, -8.02, 0.06262, 18, 19.83, -6.17, 0.5741, 19, -2.08999, -6.07, 0.32565, 20, -21.81, -6.14, 0.03761, 5, 13, 56.13, -9.52, 0.0203, 18, 29.85, -6.81, 0.19527, 19, 7.93, -6.56, 0.6304, 20, -11.79, -6.79, 0.15215, 21, -30.6, -6.43, 0.00185, 4, 13, 64.68, -11.29, 0.00208, 18, 38.52, -7.84, 0.01995, 19, 16.61, -7.44, 0.60182, 20, -3.12, -7.81, 0.37612, 6, 13, 74.64, -11.55, 6.1E-4, 18, 48.47, -7.24, 0.00306, 19, 26.55, -6.69, 0.2312, 20, 6.81, -7.21, 0.75597, 21, -11.99, -7.15, 0.00491, 22, -28.64, -9.27, 0.00421, 6, 18, 56.36, -6.07, 5.1E-4, 19, 34.41999, -5.4, 0.03897, 20, 14.7, -6.05, 0.56572, 21, -4.08, -6.11, 0.34314, 22, -20.82, -7.68, 0.04266, 23, -35.45, -7.59, 0.00898, 1, 21, 6.76, -3.74, 1, 2, 21, 14.41, -1.55, 0.5, 22, -2.69, -1.82, 0.5, 1, 22, 6.13, 0.32, 1, 6, 13, 1.02, 37.4, 0.79459, 18, -29.09, 35.18999, 0.16451, 19, -51.67, 34.50999, 0.02109, 20, -70.74, 35.21, 0.00982, 21, -88.88, 36.49, 0.00782, 22, -108.41, 28.84, 0.00212, 6, 13, 13.77, 36.93999, 0.63941, 18, -16.35, 35.83, 0.26273, 19, -38.93999, 35.34999, 0.0492, 20, -58, 35.84999, 0.02443, 21, -76.12999, 36.93, 0.01792, 22, -95.73, 30.18, 0.00628, 6, 13, 26.59, 34.29, 0.42034, 18, -3.34, 34.29, 0.35839, 19, -25.91, 34.02, 0.10791, 20, -45, 34.32, 0.05707, 21, -63.15, 35.18, 0.03977, 22, -82.66, 29.35, 0.01648, 6, 13, 36.98, 32.21, 0.29441, 18, 7.17, 33.12, 0.47413, 19, -15.37, 33.00999, 0.13699, 20, -34.47, 33.14, 0.05297, 21, -52.65, 33.84999, 0.02996, 22, -72.08, 28.76, 0.01152, 6, 13, 47.67, 31.98, 0.15949, 18, 17.85, 33.81, 0.38616, 19, -4.69999, 33.87, 0.21891, 20, -23.8, 33.83, 0.12418, 21, -41.96, 34.37, 0.0769, 22, -61.46, 30.03, 0.03432, 6, 13, 59.17, 29.58, 0.05028, 18, 29.51, 32.4, 0.30836, 19, 6.97, 32.65, 0.32286, 20, -12.14, 32.43, 0.19577, 21, -30.33, 32.78, 0.08821, 22, -49.74, 29.27, 0.03449, 6, 13, 69.87999, 26.63, 0.01382, 18, 40.43, 30.39, 0.18208, 19, 17.92, 30.81, 0.28821, 20, -1.22, 30.42, 0.28123, 21, -19.44, 30.6, 0.16775, 22, -38.73, 27.86, 0.06688, 6, 13, 79.56, 23.8, 7.3E-4, 18, 50.32, 28.41, 0.08777, 19, 27.84, 28.98, 0.2129, 20, 8.66, 28.43, 0.36142, 21, -9.58, 28.46, 0.25518, 22, -28.75, 26.42, 0.08197, 6, 18, 62.43, 24.41, 0.03271, 19, 40.02, 25.17, 0.0662, 20, 20.78, 24.43, 0.26445, 21, 2.46, 24.27, 0.44168, 22, -16.43, 23.09, 0.18685, 23, -31.06, 23.18, 0.00808, 6, 18, 72.5, 20.96999, 0.03271, 19, 50.13, 21.89, 0.0662, 20, 30.84, 21, 0.26445, 21, 12.47, 20.67, 0.44168, 22, -6.19, 20.20999, 0.18685, 23, -20.82, 20.29999, 0.00808, 6, 18, 80.25, 15.93, 0.01854, 19, 57.96, 16.98, 0.02536, 20, 38.59, 15.96, 0.10228, 21, 20.14, 15.51, 0.3197, 22, 1.81, 15.6, 0.43449, 23, -12.81, 15.69, 0.09958, 6, 18, 88.49, 9.84, 0.00431, 19, 66.29, 11.02, 0.00448, 20, 46.83, 9.87, 0.02724, 21, 28.28, 9.3, 0.15749, 22, 10.38, 9.97999, 0.66363, 23, -4.25, 10.06, 0.14281, 6, 18, 98.39, 4.03, 6.6E-4, 19, 76.29, 5.36, 2.9E-4, 20, 56.74, 4.06, 0.0014, 21, 38.09, 3.33, 0.00478, 22, 20.58, 4.71999, 0.23508, 23, 5.95, 4.8, 0.75776, 1, 23, 11.68, 0.52999, 1, 2, 19, 88.63, -5.06, 0, 23, 18.69, -5.13, 0.99999, 5, 19, 92.71, -12.33, 0, 20, 72.87999, -13.89, 4.2E-4, 21, 53.95, -14.87, 0.00133, 22, 37.68999, -12.32, 0.00751, 23, 23.06, -12.23, 0.99072, 3, 20, 48.62, -2.58, 0.0023, 22, 12.84, -2.34999, 0.77035, 23, -1.78, -2.27, 0.22732, 4, 20, 54.62, -7.16, 0.00214, 21, 35.8, -7.86, 0.00548, 22, 19.08, -6.6, 0.12819, 23, 4.44999, -6.52, 0.86416, 4, 20, 61.2, -13.52, 0.00675, 21, 42.28, -14.32, 0.01718, 22, 26, -12.59, 0.11522, 23, 11.37, -12.51, 0.86083, 4, 20, 65.92, -19.74, 0.01102, 21, 46.9, -20.6, 0.02621, 22, 31.06, -18.54, 0.09672, 23, 16.42, -18.45, 0.86603 ],
				"hull": 57,
				"edges": [ 104, 106, 106, 108, 108, 110, 110, 112, 102, 104, 100, 102, 98, 100, 96, 98, 94, 96, 90, 92, 92, 94, 0, 112, 0, 2, 2, 4, 4, 6, 6, 8, 8, 10, 10, 12, 12, 14, 14, 16, 16, 18, 18, 20, 20, 22, 22, 24, 24, 26, 26, 28, 28, 30, 30, 32, 32, 34, 34, 36, 36, 38, 38, 40, 40, 42, 42, 44, 44, 46, 46, 48, 48, 50, 62, 64, 64, 66, 66, 68, 68, 70, 70, 72, 72, 74, 74, 76, 80, 82, 82, 84, 84, 86, 86, 88, 88, 90, 76, 78, 78, 80, 58, 60, 60, 62, 54, 56, 56, 58, 50, 52, 52, 54 ],
				"width": 124,
				"height": 159
			}
		},
		"Rodney_ship_hair_normal_light": {
			"Rodney_ship_hair_normal_light": { "x": 37.05, "y": -53.18, "rotation": 88.19, "width": 300, "height": 300 }
		},
		"Rodney_ship_side_normal": {
			"Rodney_ship_side_normal": { "x": 1.53, "y": -26.38, "rotation": -164.59, "width": 300, "height": 300 }
		},
		"Rodney_ship_side_normal_light": {
			"Rodney_ship_side_normal_light": { "x": 1.53, "y": -26.38, "rotation": -164.59, "width": 300, "height": 300 }
		}
	},
	"damage": {
		"Body_Fornt_Light": {
			"Front_Light": { "name": "Rodney_fornt_damage_light", "x": -9.01, "y": 46.53, "rotation": 3.15, "width": 300, "height": 300 }
		},
		"Body_Hand": {
			"Front_Picture": { "name": "Rodney_fornt_damage", "x": -9.01, "y": 46.53, "rotation": 3.15, "width": 300, "height": 300 }
		},
		"Light_Body": {
			"Light_Body_Change": { "name": "Rodney_ship_body_damage_light", "x": 128.88, "y": 9.87, "rotation": -90, "width": 300, "height": 300 }
		},
		"Rodney_body_normal": {
			"Body_Change": { "name": "Rodney_body_damage", "x": 128.88, "y": 9.87, "rotation": -90, "width": 300, "height": 300 }
		},
		"Rodney_ship_armor_normal": {
			"Ship_armor_normal": { "name": "Rodney_ship_armor_damage", "x": -28.53, "y": 51.73, "rotation": 29, "width": 300, "height": 300 }
		},
		"Rodney_ship_armor_normal_light": {
			"Armor_light_change": { "name": "Rodney_ship_armor_damage_light", "x": -28.53, "y": 51.73, "rotation": 29, "width": 300, "height": 300 }
		}
	},
	"normal": {
		"Body_Fornt_Light": {
			"Front_Light": { "name": "Rodney_fornt_normal_light", "x": -9.01, "y": 46.53, "rotation": 3.15, "width": 300, "height": 300 }
		},
		"Body_Hand": {
			"Front_Picture": { "name": "Rodney_fornt_normal", "x": -9.01, "y": 46.53, "rotation": 3.15, "width": 300, "height": 300 }
		},
		"Light_Body": {
			"Light_Body_Change": { "name": "Rodney_ship_body_normal_light", "x": 128.88, "y": 9.87, "rotation": -90, "width": 300, "height": 300 }
		},
		"Rodney_body_normal": {
			"Body_Change": { "name": "Rodney_body_normal", "x": 128.88, "y": 9.87, "rotation": -90, "width": 300, "height": 300 }
		},
		"Rodney_ship_armor_normal": {
			"Ship_armor_normal": { "name": "Rodney_ship_armor_normal", "x": -28.53, "y": 51.73, "rotation": 29, "width": 300, "height": 300 }
		},
		"Rodney_ship_armor_normal_light": {
			"Armor_light_change": { "name": "Rodney_ship_armor_normal_light", "x": -28.53, "y": 51.73, "rotation": 29, "width": 300, "height": 300 }
		}
	}
},
"events": {
	"Antiaircraft": {},
	"attack_point": {},
	"damage_point": {},
	"throw_point": {}
},
"animations": {
	"Antiaircraft": {
		"slots": {
			"Body_Fornt_Light": {
				"attachment": [
					{ "time": 0, "name": null },
					{ "time": 0.0666, "name": "Front_Light" },
					{ "time": 0.5, "name": null },
					{ "time": 0.6, "name": "Front_Light" },
					{ "time": 1.2666, "name": null },
					{ "time": 1.3666, "name": "Front_Light" },
					{ "time": 1.9666, "name": null }
				],
				"color": [
					{ "time": 0.0666, "color": "ffffffff" },
					{ "time": 0.1666, "color": "ffffff00" },
					{ "time": 0.2, "color": "ffffffff" },
					{ "time": 0.3333, "color": "ffffff00" },
					{ "time": 0.3666, "color": "ffffffff" },
					{ "time": 0.4666, "color": "ffffff00" },
					{ "time": 0.6, "color": "ffffffff" },
					{ "time": 0.7333, "color": "ffffff00" },
					{ "time": 0.8, "color": "ffffffff" },
					{ "time": 0.9, "color": "ffffff00" },
					{ "time": 0.9666, "color": "ffffffff" },
					{ "time": 1.1, "color": "ffffff00" },
					{ "time": 1.1333, "color": "ffffffff" },
					{ "time": 1.2333, "color": "ffffff00" },
					{ "time": 1.3666, "color": "ffffffff" },
					{ "time": 1.4666, "color": "ffffff00" },
					{ "time": 1.5333, "color": "ffffffff" },
					{ "time": 1.6333, "color": "ffffff00" },
					{ "time": 1.7, "color": "ffffffff" },
					{ "time": 1.8333, "color": "ffffff00" },
					{ "time": 1.8666, "color": "ffffffff" },
					{ "time": 1.9666, "color": "ffffff00" }
				]
			},
			"Body_Hand": {
				"attachment": [
					{ "time": 0, "name": "Front_Picture" }
				]
			},
			"Light_Body": {
				"attachment": [
					{ "time": 0, "name": null },
					{ "time": 0.0666, "name": "Light_Body_Change" },
					{ "time": 0.5, "name": null },
					{ "time": 0.6, "name": "Light_Body_Change" },
					{ "time": 1.2666, "name": null },
					{ "time": 1.3666, "name": "Light_Body_Change" },
					{ "time": 1.9666, "name": null }
				],
				"color": [
					{ "time": 0.0666, "color": "fffffffd" },
					{ "time": 0.1666, "color": "ffffff00" },
					{ "time": 0.2, "color": "ffffffff" },
					{ "time": 0.3333, "color": "ffffff00" },
					{ "time": 0.3666, "color": "ffffffff" },
					{ "time": 0.4666, "color": "ffffff00" },
					{ "time": 0.6, "color": "ffffffff" },
					{ "time": 0.7333, "color": "ffffff00" },
					{ "time": 0.8, "color": "ffffffff" },
					{ "time": 0.9, "color": "ffffff00" },
					{ "time": 0.9666, "color": "ffffffff" },
					{ "time": 1.1, "color": "ffffff00" },
					{ "time": 1.1333, "color": "ffffffff" },
					{ "time": 1.2333, "color": "ffffff00" },
					{ "time": 1.3666, "color": "ffffffff" },
					{ "time": 1.4666, "color": "ffffff00" },
					{ "time": 1.5333, "color": "ffffffff" },
					{ "time": 1.6333, "color": "ffffff00" },
					{ "time": 1.7, "color": "ffffffff" },
					{ "time": 1.8333, "color": "ffffff00" },
					{ "time": 1.8666, "color": "ffffffff" },
					{ "time": 1.9666, "color": "ffffff00" }
				]
			},
			"Rodney_body_normal": {
				"attachment": [
					{ "time": 0, "name": "Body_Change" }
				]
			},
			"Rodney_ship_armor_normal": {
				"attachment": [
					{ "time": 0, "name": "Ship_armor_normal" }
				]
			},
			"Rodney_ship_armor_normal_light": {
				"attachment": [
					{ "time": 0, "name": null },
					{ "time": 0.0666, "name": "Armor_light_change" },
					{ "time": 0.5, "name": null },
					{ "time": 0.6, "name": "Armor_light_change" },
					{ "time": 1.2666, "name": null },
					{ "time": 1.3666, "name": "Armor_light_change" },
					{ "time": 1.9666, "name": null }
				],
				"color": [
					{ "time": 0.0666, "color": "ffffffff" },
					{ "time": 0.1666, "color": "ffffff00" },
					{ "time": 0.2, "color": "ffffffff" },
					{ "time": 0.3333, "color": "ffffff00" },
					{ "time": 0.3666, "color": "ffffffff" },
					{ "time": 0.4666, "color": "ffffff00" },
					{ "time": 0.6, "color": "ffffffff" },
					{ "time": 0.7333, "color": "ffffff00" },
					{ "time": 0.8, "color": "ffffffff" },
					{ "time": 0.9, "color": "ffffff00" },
					{ "time": 0.9666, "color": "ffffffff" },
					{ "time": 1.1, "color": "ffffff00" },
					{ "time": 1.1333, "color": "ffffffff" },
					{ "time": 1.2333, "color": "ffffff00" },
					{ "time": 1.3666, "color": "ffffffff" },
					{ "time": 1.4666, "color": "ffffff00" },
					{ "time": 1.5333, "color": "ffffffff" },
					{ "time": 1.6333, "color": "ffffff00" },
					{ "time": 1.7, "color": "ffffffff" },
					{ "time": 1.8333, "color": "ffffff00" },
					{ "time": 1.8666, "color": "ffffffff" },
					{ "time": 1.9666, "color": "ffffff00" }
				]
			},
			"Rodney_ship_hair_normal_light": {
				"attachment": [
					{ "time": 0, "name": null },
					{ "time": 0.0666, "name": "Rodney_ship_hair_normal_light" },
					{ "time": 0.5, "name": null },
					{ "time": 0.6, "name": "Rodney_ship_hair_normal_light" },
					{ "time": 1.2666, "name": null },
					{ "time": 1.3666, "name": "Rodney_ship_hair_normal_light" },
					{ "time": 1.9666, "name": null }
				],
				"color": [
					{ "time": 0.0666, "color": "ffffffff" },
					{ "time": 0.1666, "color": "ffffff00" },
					{ "time": 0.2, "color": "ffffffff" },
					{ "time": 0.3333, "color": "ffffff00" },
					{ "time": 0.3666, "color": "ffffffff" },
					{ "time": 0.4666, "color": "ffffff00" },
					{ "time": 0.6, "color": "ffffffff" },
					{ "time": 0.7333, "color": "ffffff00" },
					{ "time": 0.8, "color": "ffffffff" },
					{ "time": 0.9, "color": "ffffff00" },
					{ "time": 0.9666, "color": "ffffffff" },
					{ "time": 1.1, "color": "ffffff00" },
					{ "time": 1.1333, "color": "ffffffff" },
					{ "time": 1.2333, "color": "ffffff00" },
					{ "time": 1.3666, "color": "ffffffff" },
					{ "time": 1.4666, "color": "ffffff00" },
					{ "time": 1.5333, "color": "ffffffff" },
					{ "time": 1.6333, "color": "ffffff00" },
					{ "time": 1.7, "color": "ffffffff" },
					{ "time": 1.8333, "color": "ffffff00" },
					{ "time": 1.8666, "color": "ffffffff" },
					{ "time": 1.9666, "color": "ffffff00" }
				]
			},
			"Rodney_ship_side_normal_light": {
				"attachment": [
					{ "time": 0, "name": null },
					{ "time": 0.0666, "name": "Rodney_ship_side_normal_light" },
					{ "time": 0.5, "name": null },
					{ "time": 0.6, "name": "Rodney_ship_side_normal_light" },
					{ "time": 1.2666, "name": null },
					{ "time": 1.3666, "name": "Rodney_ship_side_normal_light" },
					{ "time": 1.9666, "name": null }
				],
				"color": [
					{ "time": 0.0666, "color": "ffffffff" },
					{ "time": 0.1666, "color": "ffffff00" },
					{ "time": 0.2, "color": "ffffffff" },
					{ "time": 0.3333, "color": "ffffff00" },
					{ "time": 0.3666, "color": "ffffffff" },
					{ "time": 0.4666, "color": "ffffff00" },
					{ "time": 0.6, "color": "ffffffff" },
					{ "time": 0.7333, "color": "ffffff00" },
					{ "time": 0.8, "color": "ffffffff" },
					{ "time": 0.9, "color": "ffffff00" },
					{ "time": 0.9666, "color": "ffffffff" },
					{ "time": 1.1, "color": "ffffff00" },
					{ "time": 1.1333, "color": "ffffffff" },
					{ "time": 1.2333, "color": "ffffff00" },
					{ "time": 1.3666, "color": "ffffffff" },
					{ "time": 1.4666, "color": "ffffff00" },
					{ "time": 1.5333, "color": "ffffffff" },
					{ "time": 1.6333, "color": "ffffff00" },
					{ "time": 1.7, "color": "ffffffff" },
					{ "time": 1.8333, "color": "ffffff00" },
					{ "time": 1.8666, "color": "ffffffff" },
					{ "time": 1.9666, "color": "ffffff00" }
				]
			}
		},
		"bones": {
			"Body": {
				"rotate": [
					{ "time": 0, "angle": 0, "curve": "stepped" },
					{ "time": 2, "angle": 0 }
				],
				"translate": [
					{ "time": 0, "x": 0, "y": 0, "curve": "stepped" },
					{ "time": 2, "x": 0, "y": 0 }
				]
			},
			"Gun_L_D": {
				"rotate": [
					{ "time": 0, "angle": 0 },
					{ "time": 0.5, "angle": 3.54 },
					{ "time": 1.5, "angle": -3.47 },
					{ "time": 2, "angle": 0 }
				]
			},
			"Gun_L_U": {
				"rotate": [
					{ "time": 0, "angle": 0 },
					{ "time": 0.5, "angle": 7.37 },
					{ "time": 1.5, "angle": -3.9 },
					{ "time": 2, "angle": 0 }
				]
			},
			"Hair_00": {
				"rotate": [
					{ "time": 0, "angle": 0 },
					{ "time": 0.6666, "angle": 4.6 },
					{ "time": 1.5, "angle": -0.35 },
					{ "time": 2, "angle": 0 }
				]
			},
			"Hair_03": {
				"rotate": [
					{ "time": 0, "angle": 0 },
					{ "time": 0.6666, "angle": -2.08 },
					{ "time": 1.5, "angle": -8.78 },
					{ "time": 2, "angle": 0 }
				]
			},
			"Hair_Side": {
				"rotate": [
					{ "time": 0, "angle": 0 },
					{ "time": 0.6666, "angle": 4.33 },
					{ "time": 1.5, "angle": 356.46 },
					{ "time": 2, "angle": 0 }
				]
			},
			"Face": {
				"rotate": [
					{ "time": 0, "angle": 0, "curve": "stepped" },
					{ "time": 2, "angle": 0 }
				],
				"translate": [
					{
						"time": 0,
						"x": 0,
						"y": 0,
						"curve": [ 0.286, 0.34, 0.623, 0.67 ]
					},
					{
						"time": 0.5,
						"x": 0.64,
						"y": 0,
						"curve": [ 0.282, 0.37, 0.624, 0.71 ]
					},
					{
						"time": 1.5,
						"x": -1.28,
						"y": 0,
						"curve": [ 0.321, 0.37, 0.656, 0.71 ]
					},
					{ "time": 2, "x": 0, "y": 0 }
				]
			},
			"Gun_R_D": {
				"rotate": [
					{ "time": 0, "angle": 0 },
					{ "time": 0.5, "angle": -1.65 },
					{ "time": 1.5, "angle": 2.28 },
					{ "time": 2, "angle": 0 }
				]
			},
			"Hair_04": {
				"rotate": [
					{ "time": 0, "angle": 0 },
					{ "time": 0.6666, "angle": -10.27 },
					{ "time": 1.5, "angle": 10.04 },
					{ "time": 2, "angle": 0 }
				]
			},
			"Hair_05": {
				"rotate": [
					{ "time": 0, "angle": 0 },
					{ "time": 0.6666, "angle": -13.15 },
					{ "time": 1.5, "angle": 25.01 },
					{ "time": 2, "angle": 0 }
				]
			},
			"Root_All": {
				"rotate": [
					{ "time": 0, "angle": 0, "curve": "stepped" },
					{ "time": 2, "angle": 0 }
				],
				"translate": [
					{
						"time": 0,
						"x": 0,
						"y": 0,
						"curve": [ 0.255, 0.35, 0.6, 0.7 ]
					},
					{
						"time": 0.5,
						"x": 0,
						"y": -9.82,
						"curve": [ 0.3, 0.39, 0.641, 0.74 ]
					},
					{
						"time": 1,
						"x": 0,
						"y": -15.66,
						"curve": [ 0.322, 0.37, 0.652, 0.7 ]
					},
					{
						"time": 1.5,
						"x": 0,
						"y": -7.79,
						"curve": [ 0.314, 0.36, 0.644, 0.68 ]
					},
					{ "time": 2, "x": 0, "y": 0 }
				]
			},
			"Gun_R_U": {
				"rotate": [
					{ "time": 0, "angle": 0 },
					{ "time": 0.5, "angle": -2.29 },
					{ "time": 1.5, "angle": 2.87 },
					{ "time": 2, "angle": 0 }
				]
			},
			"Ship_All": {
				"rotate": [
					{ "time": 0, "angle": 0, "curve": "stepped" },
					{ "time": 2, "angle": 0 }
				],
				"translate": [
					{ "time": 0, "x": 0, "y": 0, "curve": "stepped" },
					{ "time": 2, "x": 0, "y": 0 }
				]
			},
			"Hair_01": {
				"rotate": [
					{ "time": 0, "angle": 0 },
					{ "time": 0.6666, "angle": 9.43 },
					{ "time": 1.5, "angle": -1.6 },
					{ "time": 2, "angle": 0 }
				]
			},
			"Hair_06": {
				"rotate": [
					{ "time": 0, "angle": 0 },
					{ "time": 0.6666, "angle": -7.52 },
					{ "time": 1.5, "angle": 15.34 },
					{ "time": 2, "angle": 0 }
				]
			},
			"Hair_02": {
				"rotate": [
					{ "time": 0, "angle": 0 },
					{ "time": 0.6666, "angle": 6.27 },
					{ "time": 1.5, "angle": -10.04 },
					{ "time": 2, "angle": 0 }
				]
			}
		},
		"events": [
			{ "time": 0.0666, "name": "Antiaircraft" }
		]
	},
	"attack": {
		"slots": {
			"Body_Fornt_Light": {
				"attachment": [
					{ "time": 0, "name": null },
					{ "time": 0.1, "name": "Front_Light" },
					{ "time": 0.9, "name": null }
				],
				"color": [
					{ "time": 0.5333, "color": "ffffffff" },
					{ "time": 0.8333, "color": "ffffff00" }
				]
			},
			"Body_Hand": {
				"attachment": [
					{ "time": 0, "name": "Front_Picture" }
				]
			},
			"Light_Body": {
				"attachment": [
					{ "time": 0, "name": null },
					{ "time": 0.0666, "name": null },
					{ "time": 0.1, "name": "Light_Body_Change" },
					{ "time": 0.5, "name": "Light_Body_Change" }
				],
				"color": [
					{ "time": 0.5333, "color": "fffffffb" },
					{ "time": 0.8333, "color": "ffffff00" }
				]
			},
			"Rodney_body_normal": {
				"attachment": [
					{ "time": 0, "name": "Body_Change" },
					{ "time": 0.9, "name": "Body_Change" }
				]
			},
			"Rodney_ship_armor_normal": {
				"attachment": [
					{ "time": 0, "name": "Ship_armor_normal" },
					{ "time": 0.9, "name": "Ship_armor_normal" },
					{ "time": 1.6666, "name": "Ship_armor_normal" }
				]
			},
			"Rodney_ship_armor_normal_light": {
				"attachment": [
					{ "time": 0, "name": null },
					{ "time": 0.1, "name": "Armor_light_change" },
					{ "time": 0.9, "name": null }
				],
				"color": [
					{ "time": 0.5333, "color": "ffffffff" },
					{ "time": 0.8333, "color": "ffffff00" }
				]
			},
			"Rodney_ship_hair_normal_light": {
				"attachment": [
					{ "time": 0, "name": null },
					{ "time": 0.1, "name": "Rodney_ship_hair_normal_light" },
					{ "time": 0.9, "name": null }
				],
				"color": [
					{ "time": 0.5333, "color": "ffffffff" },
					{ "time": 0.8333, "color": "ffffff00" }
				]
			},
			"Rodney_ship_side_normal_light": {
				"attachment": [
					{ "time": 0, "name": null },
					{ "time": 0.1, "name": "Rodney_ship_side_normal_light" },
					{ "time": 0.9, "name": null }
				],
				"color": [
					{ "time": 0.5333, "color": "ffffffff" },
					{ "time": 0.8333, "color": "ffffff00" }
				]
			}
		},
		"bones": {
			"Root_All": {
				"rotate": [
					{ "time": 0, "angle": 0, "curve": "stepped" },
					{ "time": 1.6666, "angle": 0 }
				],
				"translate": [
					{
						"time": 0,
						"x": 0,
						"y": 0,
						"curve": [ 0.255, 0.35, 0.6, 0.7 ]
					},
					{ "time": 0.0666, "x": 8.69, "y": 0 },
					{ "time": 0.1666, "x": -87.44, "y": 0 },
					{ "time": 0.3333, "x": -61.04, "y": 0 },
					{ "time": 0.5333, "x": -69.84, "y": 0 },
					{ "time": 1, "x": -85.6, "y": 0 },
					{ "time": 1.4, "x": 15.07, "y": 0 },
					{ "time": 1.6666, "x": 0, "y": 0 }
				]
			},
			"Face": {
				"rotate": [
					{ "time": 0, "angle": 0, "curve": "stepped" },
					{ "time": 1.6666, "angle": 0 }
				],
				"translate": [
					{
						"time": 0,
						"x": 0,
						"y": 0,
						"curve": [ 0.286, 0.34, 0.623, 0.67 ]
					},
					{ "time": 0.1666, "x": 0, "y": 3.4 },
					{ "time": 0.3333, "x": 0, "y": -0.66 },
					{ "time": 0.9, "x": 0, "y": -1.2 },
					{ "time": 1, "x": 0, "y": -0.44 },
					{ "time": 1.4, "x": 0, "y": -5.01 },
					{ "time": 1.6666, "x": 0, "y": 0 }
				]
			},
			"Ship_All": {
				"rotate": [
					{ "time": 0, "angle": 0, "curve": "stepped" },
					{ "time": 1.6666, "angle": 0 }
				],
				"translate": [
					{ "time": 0, "x": 0, "y": 0, "curve": "stepped" },
					{ "time": 1.6666, "x": 0, "y": 0 }
				]
			},
			"Body": {
				"rotate": [
					{ "time": 0, "angle": 0, "curve": "stepped" },
					{ "time": 1.6666, "angle": 0 }
				],
				"translate": [
					{ "time": 0, "x": 0, "y": 0, "curve": "stepped" },
					{ "time": 1.6666, "x": 0, "y": 0 }
				]
			},
			"Attack_Point": {
				"rotate": [
					{ "time": 0.0666, "angle": 0 }
				],
				"translate": [
					{ "time": 0.0666, "x": 0, "y": 0 }
				]
			},
			"Gun_L_D": {
				"rotate": [
					{ "time": 0, "angle": 0 },
					{ "time": 0.0666, "angle": 2.42 },
					{ "time": 0.2333, "angle": -19.49 },
					{ "time": 0.5, "angle": 2.33 },
					{ "time": 0.8666, "angle": -14.38 },
					{ "time": 1.2666, "angle": 2.48 },
					{ "time": 1.6666, "angle": 0 }
				]
			},
			"Gun_L_U": {
				"rotate": [
					{ "time": 0, "angle": 0 },
					{ "time": 0.0666, "angle": 1.42 },
					{ "time": 0.2333, "angle": -9.31 },
					{ "time": 0.5, "angle": 0.66 },
					{ "time": 0.8666, "angle": -4.25 },
					{ "time": 1.2666, "angle": 0.89 },
					{ "time": 1.6666, "angle": 0 }
				]
			},
			"Hair_Side": {
				"rotate": [
					{ "time": 0, "angle": 0 },
					{ "time": 0.0666, "angle": 354.42 },
					{ "time": 0.3, "angle": 9.01 },
					{ "time": 0.6, "angle": 342.13 },
					{ "time": 1, "angle": 353.83 },
					{ "time": 1.3333, "angle": 5.57 },
					{ "time": 1.6666, "angle": 0 }
				]
			},
			"Gun_R_U": {
				"rotate": [
					{ "time": 0, "angle": 0 },
					{ "time": 0.0666, "angle": 12.08 },
					{ "time": 0.2333, "angle": -10.74 },
					{ "time": 0.5, "angle": 9.58 },
					{ "time": 0.8666, "angle": -0.03 },
					{ "time": 1.2666, "angle": 5.74 },
					{ "time": 1.6666, "angle": 0 }
				]
			},
			"Hair_00": {
				"rotate": [
					{ "time": 0, "angle": 0 },
					{ "time": 0.0666, "angle": -0.35 },
					{ "time": 0.3, "angle": 14.53 },
					{ "time": 0.6, "angle": -0.35 },
					{ "time": 1, "angle": 4.64 },
					{ "time": 1.3333, "angle": 4.6 },
					{ "time": 1.6666, "angle": 0 }
				]
			},
			"Hair_06": {
				"rotate": [
					{ "time": 0, "angle": 0 },
					{ "time": 0.0666, "angle": 15.34 },
					{ "time": 0.3, "angle": -16.41 },
					{ "time": 0.6, "angle": 29.17 },
					{ "time": 1, "angle": -14.15 },
					{ "time": 1.3333, "angle": -7.52 },
					{ "time": 1.6666, "angle": 0 }
				]
			},
			"Hair_05": {
				"rotate": [
					{ "time": 0, "angle": 0 },
					{ "time": 0.0666, "angle": 25.01 },
					{ "time": 0.3, "angle": -17.11 },
					{ "time": 0.6, "angle": 36.69 },
					{ "time": 1, "angle": -15.75 },
					{ "time": 1.3333, "angle": -13.15 },
					{ "time": 1.6666, "angle": 0 }
				]
			},
			"Hair_04": {
				"rotate": [
					{ "time": 0, "angle": 0 },
					{ "time": 0.0666, "angle": 10.04 },
					{ "time": 0.3, "angle": -14.97 },
					{ "time": 0.6, "angle": 16.47 },
					{ "time": 1, "angle": -17.57 },
					{ "time": 1.3333, "angle": -10.27 },
					{ "time": 1.6666, "angle": 0 }
				]
			},
			"Hair_03": {
				"rotate": [
					{ "time": 0, "angle": 0 },
					{ "time": 0.0666, "angle": -8.78 },
					{ "time": 0.3, "angle": 6.16 },
					{ "time": 0.6, "angle": -16.9 },
					{ "time": 1, "angle": -1.69 },
					{ "time": 1.3333, "angle": -2.08 },
					{ "time": 1.6666, "angle": 0 }
				]
			},
			"Hair_02": {
				"rotate": [
					{ "time": 0, "angle": 0 },
					{ "time": 0.0666, "angle": -10.04 },
					{ "time": 0.3, "angle": 18.32 },
					{ "time": 0.6, "angle": -15.72 },
					{ "time": 1, "angle": 4.25 },
					{ "time": 1.3333, "angle": 6.27 },
					{ "time": 1.6666, "angle": 0 }
				]
			},
			"Hair_01": {
				"rotate": [
					{ "time": 0, "angle": 0 },
					{ "time": 0.0666, "angle": -1.6 },
					{ "time": 0.3, "angle": 26.74 },
					{ "time": 0.6, "angle": -10.16 },
					{ "time": 1, "angle": 2.92 },
					{ "time": 1.3333, "angle": 9.43 },
					{ "time": 1.6666, "angle": 0 }
				]
			},
			"Gun_R_D": {
				"rotate": [
					{ "time": 0, "angle": 0 },
					{ "time": 0.0666, "angle": 1.42 },
					{ "time": 0.2333, "angle": -9.31 },
					{ "time": 0.5, "angle": 0.66 },
					{ "time": 0.8666, "angle": -4.25 },
					{ "time": 1.2666, "angle": 0.89 },
					{ "time": 1.6666, "angle": 0 }
				]
			}
		},
		"events": [
			{ "time": 0.0666, "name": "attack_point" }
		]
	},
	"damage": {
		"slots": {
			"Body_Fornt_Light": {
				"attachment": [
					{ "time": 0, "name": null },
					{ "time": 0.0666, "name": "Front_Light" },
					{ "time": 0.8666, "name": null }
				],
				"color": [
					{ "time": 0.5333, "color": "ffffffff" },
					{ "time": 0.7666, "color": "ffffff00" }
				]
			},
			"Body_Hand": {
				"attachment": [
					{ "time": 0, "name": "Front_Picture" }
				],
				"color": [
					{ "time": 0.0666, "color": "8c4c51ff", "curve": "stepped" },
					{ "time": 0.7666, "color": "8c4c51ff" },
					{ "time": 1.1333, "color": "ffffffff" }
				]
			},
			"Light_Body": {
				"attachment": [
					{ "time": 0, "name": null },
					{ "time": 0.0666, "name": "Light_Body_Change" },
					{ "time": 0.7666, "name": null }
				],
				"color": [
					{ "time": 0.5333, "color": "fffffffc" },
					{ "time": 0.7666, "color": "ffffff00" }
				]
			},
			"Rodney_body_normal": {
				"attachment": [
					{ "time": 0, "name": "Body_Change" },
					{ "time": 0.8666, "name": "Body_Change" }
				],
				"color": [
					{ "time": 0.0666, "color": "8c4c51ff", "curve": "stepped" },
					{ "time": 0.7666, "color": "8c4c51ff" },
					{ "time": 1.1333, "color": "ffffffff" }
				]
			},
			"Rodney_eyes_normal": {
				"attachment": [
					{ "time": 0.0666, "name": "Rodney_eyes_damage" },
					{ "time": 1.1333, "name": "Rodney_eyes_normal" }
				],
				"color": [
					{ "time": 0.0666, "color": "8c4c51ff", "curve": "stepped" },
					{ "time": 0.7666, "color": "8c4c51ff" },
					{ "time": 1.1333, "color": "ffffffff" }
				]
			},
			"Rodney_ship_armor_normal": {
				"attachment": [
					{ "time": 0, "name": "Ship_armor_normal" },
					{ "time": 0.8666, "name": "Ship_armor_normal" },
					{ "time": 1.1666, "name": "Ship_armor_normal" }
				],
				"color": [
					{ "time": 0.0666, "color": "8c4c51ff", "curve": "stepped" },
					{ "time": 0.7666, "color": "8c4c51ff" },
					{ "time": 1.1333, "color": "ffffffff" }
				]
			},
			"Rodney_ship_armor_normal_light": {
				"attachment": [
					{ "time": 0, "name": null },
					{ "time": 0.0666, "name": "Armor_light_change" },
					{ "time": 0.8666, "name": null }
				],
				"color": [
					{ "time": 0.5333, "color": "ffffffff" },
					{ "time": 0.7666, "color": "ffffff00" }
				]
			},
			"Rodney_ship_back_normal": {
				"color": [
					{ "time": 0.0666, "color": "8c4c51ff", "curve": "stepped" },
					{ "time": 0.7666, "color": "8c4c51ff" },
					{ "time": 1.1333, "color": "ffffffff" }
				]
			},
			"Rodney_ship_hair_normal": {
				"color": [
					{ "time": 0.0666, "color": "8c4c51ff", "curve": "stepped" },
					{ "time": 0.7666, "color": "8c4c51ff" },
					{ "time": 1.1333, "color": "ffffffff" }
				]
			},
			"Rodney_ship_hair_normal _move": {
				"color": [
					{ "time": 0.0666, "color": "8c4c51ff", "curve": "stepped" },
					{ "time": 0.7666, "color": "8c4c51ff" },
					{ "time": 1.1333, "color": "ffffffff" }
				]
			},
			"Rodney_ship_hair_normal_light": {
				"attachment": [
					{ "time": 0, "name": null },
					{ "time": 0.0666, "name": "Rodney_ship_hair_normal_light" },
					{ "time": 0.8666, "name": null }
				],
				"color": [
					{ "time": 0.5333, "color": "ffffffff" },
					{ "time": 0.7666, "color": "ffffff00" }
				]
			},
			"Rodney_ship_side_normal": {
				"color": [
					{ "time": 0.0666, "color": "8c4c51ff", "curve": "stepped" },
					{ "time": 0.7666, "color": "8c4c51ff" },
					{ "time": 1.1333, "color": "ffffffff" }
				]
			},
			"Rodney_ship_side_normal_light": {
				"attachment": [
					{ "time": 0, "name": null },
					{ "time": 0.0666, "name": "Rodney_ship_side_normal_light" },
					{ "time": 0.8666, "name": null }
				],
				"color": [
					{ "time": 0.5333, "color": "ffffffff" },
					{ "time": 0.7666, "color": "ffffff00" }
				]
			}
		},
		"bones": {
			"Root_All": {
				"rotate": [
					{ "time": 0, "angle": 0, "curve": "stepped" },
					{ "time": 1.1666, "angle": 0 }
				],
				"translate": [
					{
						"time": 0,
						"x": 0,
						"y": 0,
						"curve": [ 0.255, 0.35, 0.6, 0.7 ]
					},
					{ "time": 0.0666, "x": -27.67, "y": -23.16 },
					{ "time": 0.1333, "x": 20.98, "y": 15.35 },
					{ "time": 0.2333, "x": -19.78, "y": -15.62 },
					{ "time": 0.3666, "x": 14.36, "y": 8.59 },
					{ "time": 0.5666, "x": -3.37, "y": -4.5 },
					{ "time": 0.8666, "x": 5.63, "y": 2.25 },
					{ "time": 1.1666, "x": 0, "y": 0 }
				]
			},
			"Face": {
				"rotate": [
					{ "time": 0, "angle": 0, "curve": "stepped" },
					{ "time": 1.1666, "angle": 0 }
				],
				"translate": [
					{
						"time": 0,
						"x": 0,
						"y": 0,
						"curve": [ 0.286, 0.34, 0.623, 0.67 ]
					},
					{ "time": 0.0666, "x": -5.44, "y": 0 },
					{ "time": 0.1333, "x": -0.44, "y": 0 },
					{ "time": 0.2333, "x": -5.06, "y": 0 },
					{ "time": 0.3666, "x": -2.01, "y": 0 },
					{ "time": 1.1666, "x": 0, "y": 0 }
				]
			},
			"Ship_All": {
				"rotate": [
					{ "time": 0, "angle": 0, "curve": "stepped" },
					{ "time": 1.1666, "angle": 0 }
				],
				"translate": [
					{ "time": 0, "x": 0, "y": 0, "curve": "stepped" },
					{ "time": 1.1666, "x": 0, "y": 0 }
				]
			},
			"Body": {
				"rotate": [
					{ "time": 0, "angle": 0, "curve": "stepped" },
					{ "time": 1.1666, "angle": 0 }
				],
				"translate": [
					{ "time": 0, "x": 0, "y": 0, "curve": "stepped" },
					{ "time": 1.1666, "x": 0, "y": 0 }
				]
			},
			"Damage_Point": {
				"rotate": [
					{ "time": 0.0666, "angle": 0 }
				],
				"translate": [
					{ "time": 0.0666, "x": 0, "y": 0 }
				]
			},
			"Gun_L_D": {
				"rotate": [
					{ "time": 0, "angle": 0 },
					{ "time": 0.0666, "angle": 7.4 },
					{ "time": 0.1666, "angle": -14.4 },
					{ "time": 0.3333, "angle": 5.63 },
					{ "time": 0.5666, "angle": -13.26 },
					{ "time": 0.8333, "angle": 4.98 },
					{ "time": 1.1666, "angle": 0 }
				]
			},
			"Gun_L_U": {
				"rotate": [
					{ "time": 0, "angle": 0 },
					{ "time": 0.0666, "angle": 13.66 },
					{ "time": 0.1666, "angle": -4.89 },
					{ "time": 0.3333, "angle": 10.93 },
					{ "time": 0.5666, "angle": -7.74 },
					{ "time": 0.8333, "angle": 4.17 },
					{ "time": 1.1666, "angle": 0 }
				]
			},
			"Hair_Side": {
				"rotate": [
					{ "time": 0, "angle": 0 },
					{ "time": 0.0666, "angle": 6.85 },
					{ "time": 0.1666, "angle": 335.6 },
					{ "time": 0.3333, "angle": 12.59 },
					{ "time": 0.5333, "angle": 339.06 },
					{ "time": 0.7333, "angle": 3.9 },
					{ "time": 0.9666, "angle": 353.93 },
					{ "time": 1.1666, "angle": 0 }
				]
			},
			"Gun_R_U": {
				"rotate": [
					{ "time": 0, "angle": 0 },
					{ "time": 0.0666, "angle": -10.64 },
					{ "time": 0.1666, "angle": 8.85 },
					{ "time": 0.3333, "angle": -14.11 },
					{ "time": 0.5666, "angle": 13.09 },
					{ "time": 0.8333, "angle": -2.09 },
					{ "time": 1.1666, "angle": 0 }
				]
			},
			"Hair_06": {
				"rotate": [
					{ "time": 0, "angle": 0 },
					{ "time": 0.0666, "angle": -5.22 },
					{ "time": 0.1666, "angle": 11.19 },
					{ "time": 0.3333, "angle": -5.45 },
					{ "time": 0.5333, "angle": 12.92 },
					{ "time": 0.7333, "angle": -7.52 },
					{ "time": 0.9666, "angle": 15.34 },
					{ "time": 1.1666, "angle": 0 }
				]
			},
			"Gun_R_D": {
				"rotate": [
					{ "time": 0, "angle": 0 },
					{ "time": 0.0666, "angle": -6.16 },
					{ "time": 0.1666, "angle": 5.96 },
					{ "time": 0.3333, "angle": -6.2 },
					{ "time": 0.5666, "angle": 3.57 },
					{ "time": 0.8333, "angle": -2.46 },
					{ "time": 1.1666, "angle": 0 }
				]
			},
			"Hair_00": {
				"rotate": [
					{ "time": 0, "angle": 0 },
					{ "time": 0.0666, "angle": 6.9 },
					{ "time": 0.1666, "angle": -4.51 },
					{ "time": 0.3333, "angle": 6.67 },
					{ "time": 0.5333, "angle": -2.78 },
					{ "time": 0.7333, "angle": 4.6 },
					{ "time": 0.9666, "angle": -0.35 },
					{ "time": 1.1666, "angle": 0 }
				]
			},
			"Hair_05": {
				"rotate": [
					{ "time": 0, "angle": 0 },
					{ "time": 0.0666, "angle": -10.85 },
					{ "time": 0.1666, "angle": 20.86 },
					{ "time": 0.3333, "angle": -11.08 },
					{ "time": 0.5333, "angle": 22.59 },
					{ "time": 0.7333, "angle": -13.15 },
					{ "time": 0.9666, "angle": 25.01 },
					{ "time": 1.1666, "angle": 0 }
				]
			},
			"Hair_04": {
				"rotate": [
					{ "time": 0, "angle": 0 },
					{ "time": 0.0666, "angle": -7.97 },
					{ "time": 0.1666, "angle": 5.89 },
					{ "time": 0.3333, "angle": -8.2 },
					{ "time": 0.5333, "angle": 7.61 },
					{ "time": 0.7333, "angle": -10.27 },
					{ "time": 0.9666, "angle": 10.04 },
					{ "time": 1.1666, "angle": 0 }
				]
			},
			"Hair_03": {
				"rotate": [
					{ "time": 0, "angle": 0 },
					{ "time": 0.0666, "angle": 0.21 },
					{ "time": 0.1666, "angle": -12.93 },
					{ "time": 0.3333, "angle": -0.02 },
					{ "time": 0.5333, "angle": -11.21 },
					{ "time": 0.7333, "angle": -2.08 },
					{ "time": 0.9666, "angle": -8.78 },
					{ "time": 1.1666, "angle": 0 }
				]
			},
			"Hair_02": {
				"rotate": [
					{ "time": 0, "angle": 0 },
					{ "time": 0.0666, "angle": 8.57 },
					{ "time": 0.1666, "angle": -14.19 },
					{ "time": 0.3333, "angle": 8.34 },
					{ "time": 0.5333, "angle": -12.46 },
					{ "time": 0.7333, "angle": 6.27 },
					{ "time": 0.9666, "angle": -10.04 },
					{ "time": 1.1666, "angle": 0 }
				]
			},
			"Hair_01": {
				"rotate": [
					{ "time": 0, "angle": 0 },
					{ "time": 0.0666, "angle": 11.73 },
					{ "time": 0.1666, "angle": -5.75 },
					{ "time": 0.3333, "angle": 11.5 },
					{ "time": 0.5333, "angle": -4.02 },
					{ "time": 0.7333, "angle": 9.43 },
					{ "time": 0.9666, "angle": -1.6 },
					{ "time": 1.1666, "angle": 0 }
				]
			}
		},
		"events": [
			{ "time": 0.0666, "name": "damage_point" }
		]
	},
	"normal": {
		"slots": {
			"Body_Fornt_Light": {
				"attachment": [
					{ "time": 0, "name": null }
				]
			},
			"Body_Hand": {
				"attachment": [
					{ "time": 0, "name": "Front_Picture" }
				]
			},
			"Light_Body": {
				"attachment": [
					{ "time": 0, "name": null }
				]
			},
			"Rodney_body_normal": {
				"attachment": [
					{ "time": 0, "name": "Body_Change" }
				]
			},
			"Rodney_ship_armor_normal_light": {
				"attachment": [
					{ "time": 0, "name": null }
				]
			},
			"Rodney_ship_hair_normal_light": {
				"attachment": [
					{ "time": 0, "name": null }
				]
			},
			"Rodney_ship_side_normal_light": {
				"attachment": [
					{ "time": 0, "name": null }
				]
			}
		},
		"bones": {
			"Root_All": {
				"rotate": [
					{ "time": 0, "angle": 0, "curve": "stepped" },
					{ "time": 2, "angle": 0 }
				],
				"translate": [
					{
						"time": 0,
						"x": 0,
						"y": 0,
						"curve": [ 0.255, 0.35, 0.6, 0.7 ]
					},
					{
						"time": 0.5,
						"x": 0,
						"y": -9.82,
						"curve": [ 0.3, 0.39, 0.641, 0.74 ]
					},
					{
						"time": 1,
						"x": 0,
						"y": -15.66,
						"curve": [ 0.322, 0.37, 0.652, 0.7 ]
					},
					{
						"time": 1.5,
						"x": 0,
						"y": -7.79,
						"curve": [ 0.314, 0.36, 0.644, 0.68 ]
					},
					{ "time": 2, "x": 0, "y": 0 }
				]
			},
			"Ship_All": {
				"rotate": [
					{ "time": 0, "angle": 0, "curve": "stepped" },
					{ "time": 2, "angle": 0 }
				],
				"translate": [
					{ "time": 0, "x": 0, "y": 0, "curve": "stepped" },
					{ "time": 2, "x": 0, "y": 0 }
				]
			},
			"Body": {
				"rotate": [
					{ "time": 0, "angle": 0, "curve": "stepped" },
					{ "time": 2, "angle": 0 }
				],
				"translate": [
					{ "time": 0, "x": 0, "y": 0, "curve": "stepped" },
					{ "time": 2, "x": 0, "y": 0 }
				]
			},
			"Face": {
				"rotate": [
					{ "time": 0, "angle": 0, "curve": "stepped" },
					{ "time": 2, "angle": 0 }
				],
				"translate": [
					{
						"time": 0,
						"x": 0,
						"y": 0,
						"curve": [ 0.286, 0.34, 0.623, 0.67 ]
					},
					{
						"time": 0.5,
						"x": 0.64,
						"y": 0,
						"curve": [ 0.282, 0.37, 0.624, 0.71 ]
					},
					{
						"time": 1.5,
						"x": -1.28,
						"y": 0,
						"curve": [ 0.321, 0.37, 0.656, 0.71 ]
					},
					{ "time": 2, "x": 0, "y": 0 }
				]
			},
			"Gun_L_U": {
				"rotate": [
					{ "time": 0, "angle": 0 },
					{ "time": 0.5, "angle": 7.37 },
					{ "time": 1.5, "angle": -3.9 },
					{ "time": 2, "angle": 0 }
				]
			},
			"Hair_00": {
				"rotate": [
					{ "time": 0, "angle": 0 },
					{ "time": 0.6666, "angle": 4.6 },
					{ "time": 1.5, "angle": -0.35 },
					{ "time": 2, "angle": 0 }
				]
			},
			"Hair_01": {
				"rotate": [
					{ "time": 0, "angle": 0 },
					{ "time": 0.6666, "angle": 9.43 },
					{ "time": 1.5, "angle": -1.6 },
					{ "time": 2, "angle": 0 }
				]
			},
			"Hair_02": {
				"rotate": [
					{ "time": 0, "angle": 0 },
					{ "time": 0.6666, "angle": 6.27 },
					{ "time": 1.5, "angle": -10.04 },
					{ "time": 2, "angle": 0 }
				]
			},
			"Hair_03": {
				"rotate": [
					{ "time": 0, "angle": 0 },
					{ "time": 0.6666, "angle": -2.08 },
					{ "time": 1.5, "angle": -8.78 },
					{ "time": 2, "angle": 0 }
				]
			},
			"Hair_04": {
				"rotate": [
					{ "time": 0, "angle": 0 },
					{ "time": 0.6666, "angle": -10.27 },
					{ "time": 1.5, "angle": 10.04 },
					{ "time": 2, "angle": 0 }
				]
			},
			"Hair_05": {
				"rotate": [
					{ "time": 0, "angle": 0 },
					{ "time": 0.6666, "angle": -13.15 },
					{ "time": 1.5, "angle": 25.01 },
					{ "time": 2, "angle": 0 }
				]
			},
			"Hair_06": {
				"rotate": [
					{ "time": 0, "angle": 0 },
					{ "time": 0.6666, "angle": -7.52 },
					{ "time": 1.5, "angle": 15.34 },
					{ "time": 2, "angle": 0 }
				]
			},
			"Hair_Side": {
				"rotate": [
					{ "time": 0, "angle": 0 },
					{ "time": 0.6666, "angle": 4.33 },
					{ "time": 1.5, "angle": 356.46 },
					{ "time": 2, "angle": 0 }
				]
			},
			"Gun_R_U": {
				"rotate": [
					{ "time": 0, "angle": 0 },
					{ "time": 0.5, "angle": -2.29 },
					{ "time": 1.5, "angle": 2.87 },
					{ "time": 2, "angle": 0 }
				]
			},
			"Gun_L_D": {
				"rotate": [
					{ "time": 0, "angle": 0 },
					{ "time": 0.5, "angle": 3.54 },
					{ "time": 1.5, "angle": -3.47 },
					{ "time": 2, "angle": 0 }
				]
			},
			"Gun_R_D": {
				"rotate": [
					{ "time": 0, "angle": 0 },
					{ "time": 0.5, "angle": -1.65 },
					{ "time": 1.5, "angle": 2.28 },
					{ "time": 2, "angle": 0 }
				]
			}
		}
	},
	"throw": {
		"slots": {
			"Body_Fornt_Light": {
				"attachment": [
					{ "time": 0, "name": null }
				]
			},
			"Body_Hand": {
				"attachment": [
					{ "time": 0, "name": "Front_Picture" }
				]
			},
			"Light_Body": {
				"attachment": [
					{ "time": 0, "name": null }
				]
			},
			"Rodney_body_normal": {
				"attachment": [
					{ "time": 0, "name": "Body_Change" }
				]
			},
			"Rodney_ship_armor_normal": {
				"attachment": [
					{ "time": 0, "name": "Ship_armor_normal" },
					{ "time": 1.3333, "name": "Ship_armor_normal" }
				]
			},
			"Rodney_ship_armor_normal_light": {
				"attachment": [
					{ "time": 0, "name": null }
				]
			},
			"Rodney_ship_hair_normal_light": {
				"attachment": [
					{ "time": 0, "name": null }
				]
			},
			"Rodney_ship_side_normal_light": {
				"attachment": [
					{ "time": 0, "name": null }
				]
			}
		},
		"bones": {
			"Face": {
				"rotate": [
					{ "time": 0, "angle": 0, "curve": "stepped" },
					{ "time": 1.3333, "angle": 0 }
				],
				"translate": [
					{
						"time": 0,
						"x": 0,
						"y": 0,
						"curve": [ 0.286, 0.34, 0.623, 0.67 ]
					},
					{ "time": 0.3333, "x": 0, "y": -0.7 },
					{ "time": 0.5666, "x": 0, "y": 0.14 },
					{ "time": 1.3333, "x": 0, "y": 0 }
				]
			},
			"Root_All": {
				"rotate": [
					{ "time": 0, "angle": 0, "curve": "stepped" },
					{ "time": 1.3333, "angle": 0 }
				],
				"translate": [
					{
						"time": 0,
						"x": 0,
						"y": 0,
						"curve": [ 0.255, 0.35, 0.6, 0.7 ]
					},
					{ "time": 0.6333, "x": -66.66, "y": 0 },
					{ "time": 0.9666, "x": -10.42, "y": -12.42 },
					{ "time": 1.3333, "x": 0, "y": 0 }
				]
			},
			"Body": {
				"rotate": [
					{
						"time": 0,
						"angle": 0,
						"curve": [ 0.219, 0.41, 0.591, 0.77 ]
					},
					{
						"time": 0.6333,
						"angle": -3.17,
						"curve": [ 0.32, 0.36, 0.653, 0.69 ]
					},
					{
						"time": 0.7333,
						"angle": 0.61,
						"curve": [ 0.319, 0.37, 0.652, 0.7 ]
					},
					{
						"time": 0.9666,
						"angle": -1.72,
						"curve": [ 0.32, 0.38, 0.654, 0.71 ]
					},
					{ "time": 1.3333, "angle": 0 }
				],
				"translate": [
					{
						"time": 0,
						"x": 0,
						"y": 0,
						"curve": [ 0.219, 0.41, 0.591, 0.77 ]
					},
					{
						"time": 0.3333,
						"x": -15.86,
						"y": 0,
						"curve": [ 0.193, 0.39, 0.58, 0.9 ]
					},
					{
						"time": 0.5666,
						"x": -19.36,
						"y": 0,
						"curve": [ 0.142, 0.42, 0.647, 0.94 ]
					},
					{ "time": 0.6333, "x": 92.18, "y": -6.3 },
					{ "time": 0.7333, "x": 111.33, "y": 0 },
					{ "time": 1.3333, "x": 0, "y": 0 }
				]
			},
			"Ship_All": {
				"rotate": [
					{ "time": 0, "angle": 0, "curve": "stepped" },
					{ "time": 1.3333, "angle": 0 }
				],
				"translate": [
					{ "time": 0, "x": 0, "y": 0, "curve": "stepped" },
					{ "time": 1.3333, "x": 0, "y": 0 }
				]
			},
			"Throw_Point": {
				"rotate": [
					{ "time": 0.6333, "angle": 0 }
				],
				"translate": [
					{ "time": 0.6333, "x": 0, "y": 0 }
				]
			},
			"Gun_L_D": {
				"rotate": [
					{ "time": 0, "angle": 0 },
					{ "time": 0.1666, "angle": -8.08 },
					{ "time": 0.5333, "angle": 0.69 },
					{ "time": 0.7, "angle": -19.92 },
					{ "time": 0.9666, "angle": 13.92 },
					{ "time": 1.1666, "angle": -1.4 },
					{ "time": 1.3333, "angle": 0 }
				]
			},
			"Gun_L_U": {
				"rotate": [
					{ "time": 0, "angle": 0 },
					{ "time": 0.1666, "angle": -2.98 },
					{ "time": 0.5333, "angle": 3.94 },
					{ "time": 0.7, "angle": -7.27 },
					{ "time": 0.9666, "angle": 13.92 },
					{ "time": 1.1666, "angle": 4.31 },
					{ "time": 1.3333, "angle": 0 }
				]
			},
			"Hair_Side": {
				"rotate": [
					{ "time": 0, "angle": 0 },
					{ "time": 0.1666, "angle": 0.23 },
					{ "time": 0.5333, "angle": 13.6 },
					{ "time": 1, "angle": 330.39 },
					{ "time": 1.3333, "angle": 0 }
				]
			},
			"Gun_R_U": {
				"rotate": [
					{ "time": 0, "angle": 0 },
					{ "time": 0.1666, "angle": -5.47 },
					{ "time": 0.5333, "angle": 7.24 },
					{ "time": 0.7, "angle": -16.45 },
					{ "time": 0.9666, "angle": 26.25 },
					{ "time": 1.1666, "angle": 10.58 },
					{ "time": 1.3333, "angle": 0 }
				]
			},
			"Hair_00": {
				"rotate": [
					{ "time": 0, "angle": 0 },
					{ "time": 0.1666, "angle": 6.44 },
					{ "time": 0.5333, "angle": 14.53 },
					{ "time": 1, "angle": -0.35 },
					{ "time": 1.3333, "angle": 0 }
				]
			},
			"Hair_06": {
				"rotate": [
					{ "time": 0, "angle": 0 },
					{ "time": 0.1666, "angle": -12.35 },
					{ "time": 0.5333, "angle": -16.41 },
					{ "time": 1, "angle": 29.17 },
					{ "time": 1.3333, "angle": 0 }
				]
			},
			"Hair_05": {
				"rotate": [
					{ "time": 0, "angle": 0 },
					{ "time": 0.1666, "angle": -13.95 },
					{ "time": 0.5333, "angle": -17.11 },
					{ "time": 1, "angle": 36.69 },
					{ "time": 1.3333, "angle": 0 }
				]
			},
			"Hair_04": {
				"rotate": [
					{ "time": 0, "angle": 0 },
					{ "time": 0.1666, "angle": -15.77 },
					{ "time": 0.5333, "angle": -14.97 },
					{ "time": 1, "angle": 16.47 },
					{ "time": 1.3333, "angle": 0 }
				]
			},
			"Hair_03": {
				"rotate": [
					{ "time": 0, "angle": 0 },
					{ "time": 0.1666, "angle": 0.1 },
					{ "time": 0.5333, "angle": 6.16 },
					{ "time": 1, "angle": -16.9 },
					{ "time": 1.3333, "angle": 0 }
				]
			},
			"Hair_02": {
				"rotate": [
					{ "time": 0, "angle": 0 },
					{ "time": 0.1666, "angle": 6.05 },
					{ "time": 0.5333, "angle": 18.32 },
					{ "time": 1, "angle": -15.72 },
					{ "time": 1.3333, "angle": 0 }
				]
			},
			"Hair_01": {
				"rotate": [
					{ "time": 0, "angle": 0 },
					{ "time": 0.1666, "angle": 4.72 },
					{ "time": 0.5333, "angle": 26.74 },
					{ "time": 1, "angle": -10.16 },
					{ "time": 1.3333, "angle": 0 }
				]
			},
			"Gun_R_D": {
				"rotate": [
					{ "time": 0, "angle": 0 },
					{ "time": 0.1666, "angle": -2.98 },
					{ "time": 0.5333, "angle": 3.94 },
					{ "time": 0.7, "angle": -7.27 },
					{ "time": 0.9666, "angle": 13.92 },
					{ "time": 1.1666, "angle": 4.31 },
					{ "time": 1.3333, "angle": 0 }
				]
			}
		},
		"events": [
			{ "time": 0.5666, "name": "throw_point" }
		]
	},
	"wreck": {
		"slots": {
			"Body_Fornt_Light": {
				"attachment": [
					{ "time": 0, "name": null }
				]
			},
			"Body_Hand": {
				"attachment": [
					{ "time": 0, "name": "Front_Picture" }
				]
			},
			"Light_Body": {
				"attachment": [
					{ "time": 0, "name": null }
				]
			},
			"Rodney_body_normal": {
				"attachment": [
					{ "time": 0, "name": "Body_Change" }
				]
			},
			"Rodney_eyes_normal": {
				"attachment": [
					{ "time": 0, "name": "Rodney_eyes_damage" }
				]
			},
			"Rodney_ship_armor_normal_light": {
				"attachment": [
					{ "time": 0, "name": null }
				]
			},
			"Rodney_ship_hair_normal_light": {
				"attachment": [
					{ "time": 0, "name": null }
				]
			},
			"Rodney_ship_side_normal_light": {
				"attachment": [
					{ "time": 0, "name": null }
				]
			}
		},
		"bones": {
			"Hair_00": {
				"rotate": [
					{ "time": 0, "angle": 0 },
					{ "time": 0.6666, "angle": 4.6 },
					{ "time": 1.5, "angle": -0.35 },
					{ "time": 2, "angle": 0 }
				]
			},
			"Hair_03": {
				"rotate": [
					{ "time": 0, "angle": 0 },
					{ "time": 0.6666, "angle": -2.08 },
					{ "time": 1.5, "angle": -8.78 },
					{ "time": 2, "angle": 0 }
				]
			},
			"Hair_Side": {
				"rotate": [
					{ "time": 0, "angle": 0 },
					{ "time": 0.6666, "angle": 4.33 },
					{ "time": 1.5, "angle": 356.46 },
					{ "time": 2, "angle": 0 }
				]
			},
			"Face": {
				"rotate": [
					{ "time": 0, "angle": 0, "curve": "stepped" },
					{ "time": 2, "angle": 0 }
				],
				"translate": [
					{
						"time": 0,
						"x": 0,
						"y": 0,
						"curve": [ 0.286, 0.34, 0.623, 0.67 ]
					},
					{
						"time": 0.5,
						"x": 0.64,
						"y": 0,
						"curve": [ 0.282, 0.37, 0.624, 0.71 ]
					},
					{
						"time": 1.5,
						"x": -1.28,
						"y": 0,
						"curve": [ 0.321, 0.37, 0.656, 0.71 ]
					},
					{ "time": 2, "x": 0, "y": 0 }
				]
			},
			"Gun_R_D": {
				"rotate": [
					{ "time": 0, "angle": 0 },
					{ "time": 0.5, "angle": -1.65 },
					{ "time": 1.5, "angle": 2.28 },
					{ "time": 2, "angle": 0 }
				]
			},
			"Gun_L_U": {
				"rotate": [
					{ "time": 0, "angle": 0 },
					{ "time": 0.5, "angle": 7.37 },
					{ "time": 1.5, "angle": -3.9 },
					{ "time": 2, "angle": 0 }
				]
			},
			"Hair_04": {
				"rotate": [
					{ "time": 0, "angle": 0 },
					{ "time": 0.6666, "angle": -10.27 },
					{ "time": 1.5, "angle": 10.04 },
					{ "time": 2, "angle": 0 }
				]
			},
			"Hair_05": {
				"rotate": [
					{ "time": 0, "angle": 0 },
					{ "time": 0.6666, "angle": -13.15 },
					{ "time": 1.5, "angle": 25.01 },
					{ "time": 2, "angle": 0 }
				]
			},
			"Gun_L_D": {
				"rotate": [
					{ "time": 0, "angle": 0 },
					{ "time": 0.5, "angle": 3.54 },
					{ "time": 1.5, "angle": -3.47 },
					{ "time": 2, "angle": 0 }
				]
			},
			"Root_All": {
				"rotate": [
					{ "time": 0, "angle": 0, "curve": "stepped" },
					{ "time": 2, "angle": 0 }
				],
				"translate": [
					{
						"time": 0,
						"x": 0,
						"y": 0,
						"curve": [ 0.255, 0.35, 0.6, 0.7 ]
					},
					{
						"time": 0.5,
						"x": 0,
						"y": -9.82,
						"curve": [ 0.3, 0.39, 0.641, 0.74 ]
					},
					{
						"time": 1,
						"x": 0,
						"y": -15.66,
						"curve": [ 0.322, 0.37, 0.652, 0.7 ]
					},
					{
						"time": 1.5,
						"x": 0,
						"y": -7.79,
						"curve": [ 0.314, 0.36, 0.644, 0.68 ]
					},
					{ "time": 2, "x": 0, "y": 0 }
				]
			},
			"Gun_R_U": {
				"rotate": [
					{ "time": 0, "angle": 0 },
					{ "time": 0.5, "angle": -2.29 },
					{ "time": 1.5, "angle": 2.87 },
					{ "time": 2, "angle": 0 }
				]
			},
			"Body": {
				"rotate": [
					{ "time": 0, "angle": 0, "curve": "stepped" },
					{ "time": 2, "angle": 0 }
				],
				"translate": [
					{ "time": 0, "x": 0, "y": 0, "curve": "stepped" },
					{ "time": 2, "x": 0, "y": 0 }
				]
			},
			"Ship_All": {
				"rotate": [
					{ "time": 0, "angle": 0, "curve": "stepped" },
					{ "time": 2, "angle": 0 }
				],
				"translate": [
					{ "time": 0, "x": 0, "y": 0, "curve": "stepped" },
					{ "time": 2, "x": 0, "y": 0 }
				]
			},
			"Hair_01": {
				"rotate": [
					{ "time": 0, "angle": 0 },
					{ "time": 0.6666, "angle": 9.43 },
					{ "time": 1.5, "angle": -1.6 },
					{ "time": 2, "angle": 0 }
				]
			},
			"Hair_06": {
				"rotate": [
					{ "time": 0, "angle": 0 },
					{ "time": 0.6666, "angle": -7.52 },
					{ "time": 1.5, "angle": 15.34 },
					{ "time": 2, "angle": 0 }
				]
			},
			"Hair_02": {
				"rotate": [
					{ "time": 0, "angle": 0 },
					{ "time": 0.6666, "angle": 6.27 },
					{ "time": 1.5, "angle": -10.04 },
					{ "time": 2, "angle": 0 }
				]
			}
		}
	}
}
}