{
"skeleton": { "hash": "QTQmc8j6GGhCWp6tZhEVY8G8au0", "spine": "3.2.01", "width": 5507.06, "height": 230, "images": "" },
"bones": [
	{ "name": "BG_picture" },
	{ "name": "Sky", "parent": "BG_picture" },
	{ "name": "Cloud_Other_picture", "parent": "Sky", "y": -50.58 },
	{ "name": "Item_1", "parent": "Sky", "x": -315.6, "y": -125.5 },
	{ "name": "Light_1", "parent": "Sky", "x": -498.5, "y": -98.52 },
	{ "name": "Light_2", "parent": "Sky", "x": 448.3, "y": -94.04 },
	{ "name": "Sky_picture", "parent": "Sky" }
],
"slots": [
	{ "name": "Sky", "bone": "Sky_picture", "attachment": "Sky" },
	{ "name": "Cloud_U", "bone": "Cloud_Other_picture", "color": "132240c7", "attachment": "Cloud_Day_U_1" },
	{ "name": "Cloud_U2", "bone": "Cloud_Other_picture", "color": "132240c7", "attachment": "Cloud_Day_U_1" },
	{ "name": "Item_00", "bone": "Item_1", "attachment": "Item_00" },
	{ "name": "Sky_picture", "bone": "Sky_picture", "attachment": "Mountain" },
	{ "name": "Light_1", "bone": "Light_2", "attachment": "Light_01", "blend": "additive" },
	{ "name": "Light_0", "bone": "Light_1", "attachment": "Light_00", "blend": "additive" }
],
"skins": {
	"default": {
		"Cloud_U": {
			"Cloud_Day_U_1": { "x": -3720.06, "y": -48, "scaleX": 5, "scaleY": 5, "width": 470, "height": 46 }
		},
		"Cloud_U2": {
			"Cloud_Day_U_1": { "x": -1178, "y": -48, "scaleX": 5, "scaleY": 5, "width": 470, "height": 46 }
		},
		"Item_00": {
			"Item_00": { "width": 33, "height": 38 }
		},
		"Light_0": {
			"Light_00": { "x": 192.54, "y": -46.92, "scaleX": 2, "scaleY": 2, "width": 216, "height": 64 }
		},
		"Light_1": {
			"Light_01": { "scaleX": 2, "scaleY": 2, "width": 162, "height": 68 }
		},
		"Sky": {
			"Sky": { "y": -83.5, "scaleX": 2, "scaleY": 2, "width": 612, "height": 84 }
		},
		"Sky_picture": {
			"Mountain": { "y": -83.5, "scaleX": 2, "scaleY": 2, "width": 612, "height": 84 }
		}
	}
},
"events": {
	"loop": {}
},
"animations": {
	"BG_Mediterranean_rain_night": {
		"slots": {
			"Light_0": {
				"color": [
					{ "time": 0, "color": "ffffff00" },
					{ "time": 0.5, "color": "ffffffd2" },
					{ "time": 1.3333, "color": "ffffff8d" },
					{ "time": 2, "color": "ffffff00" },
					{ "time": 2.8333, "color": "ffffffd2" },
					{ "time": 3.5, "color": "ffffff8d" },
					{ "time": 4, "color": "ffffff00" },
					{ "time": 4.5, "color": "ffffffd2" },
					{ "time": 5.3333, "color": "ffffff8d" },
					{ "time": 6, "color": "ffffff00" },
					{ "time": 6.8333, "color": "ffffffd2" },
					{ "time": 7.5, "color": "ffffff8d" },
					{ "time": 8, "color": "ffffff00" },
					{ "time": 8.5, "color": "ffffffd2" },
					{ "time": 9.3333, "color": "ffffff8d" },
					{ "time": 10, "color": "ffffff00" },
					{ "time": 10.8333, "color": "ffffffd2" },
					{ "time": 11.5, "color": "ffffff8d" },
					{ "time": 12, "color": "ffffff00" },
					{ "time": 12.5, "color": "ffffffd2" },
					{ "time": 13.3333, "color": "ffffff8d" },
					{ "time": 14, "color": "ffffff00" },
					{ "time": 14.8333, "color": "ffffffd2" },
					{ "time": 15.5, "color": "ffffff8d" },
					{ "time": 16, "color": "ffffff00" },
					{ "time": 16.5, "color": "ffffffd2" },
					{ "time": 17.3333, "color": "ffffff8d" },
					{ "time": 18, "color": "ffffff00" },
					{ "time": 18.8333, "color": "ffffffd2" },
					{ "time": 19.5, "color": "ffffff8d" },
					{ "time": 20, "color": "ffffff00" },
					{ "time": 20.5, "color": "ffffffd2" },
					{ "time": 21.3333, "color": "ffffff8d" },
					{ "time": 22, "color": "ffffff00" },
					{ "time": 22.8333, "color": "ffffffd2" },
					{ "time": 23.5, "color": "ffffff8d" },
					{ "time": 24, "color": "ffffff00" },
					{ "time": 24.5, "color": "ffffffd2" },
					{ "time": 25.3333, "color": "ffffff8d" },
					{ "time": 26, "color": "ffffff00" },
					{ "time": 26.8333, "color": "ffffffd2" },
					{ "time": 27.5, "color": "ffffff8d" },
					{ "time": 28, "color": "ffffff00" },
					{ "time": 28.5, "color": "ffffffd2" },
					{ "time": 29.3333, "color": "ffffff8d" },
					{ "time": 30, "color": "ffffff00" },
					{ "time": 30.8333, "color": "ffffffd2" },
					{ "time": 31.5, "color": "ffffff8d" },
					{ "time": 32, "color": "ffffff00" },
					{ "time": 32.5, "color": "ffffffd2" },
					{ "time": 33.3333, "color": "ffffff8d" },
					{ "time": 34, "color": "ffffff00" },
					{ "time": 34.8333, "color": "ffffffd2" },
					{ "time": 35.5, "color": "ffffff8d" },
					{ "time": 36, "color": "ffffff00" },
					{ "time": 36.5, "color": "ffffffd2" },
					{ "time": 37.3333, "color": "ffffff8d" },
					{ "time": 38, "color": "ffffff00" },
					{ "time": 38.8333, "color": "ffffffd2" },
					{ "time": 39.5, "color": "ffffff8d" },
					{ "time": 40, "color": "ffffff00" },
					{ "time": 40.5, "color": "ffffffd2" },
					{ "time": 41.3333, "color": "ffffff8d" },
					{ "time": 42, "color": "ffffff00" },
					{ "time": 42.8333, "color": "ffffffd2" },
					{ "time": 43.5, "color": "ffffff8d" },
					{ "time": 44, "color": "ffffff00" },
					{ "time": 44.5, "color": "ffffffd2" },
					{ "time": 45.3333, "color": "ffffff8d" },
					{ "time": 46, "color": "ffffff00" },
					{ "time": 46.8333, "color": "ffffffd2" },
					{ "time": 47.5, "color": "ffffff8d" },
					{ "time": 48, "color": "ffffff00" },
					{ "time": 48.5, "color": "ffffffd2" },
					{ "time": 49.3333, "color": "ffffff8d" },
					{ "time": 50, "color": "ffffff00" },
					{ "time": 50.8333, "color": "ffffffd2" },
					{ "time": 51.5, "color": "ffffff8d" },
					{ "time": 52, "color": "ffffff00" },
					{ "time": 52.5, "color": "ffffffd2" },
					{ "time": 53.3333, "color": "ffffff8d" },
					{ "time": 54, "color": "ffffff00" },
					{ "time": 54.8333, "color": "ffffffd2" },
					{ "time": 55.5, "color": "ffffff8d" },
					{ "time": 56, "color": "ffffff00" },
					{ "time": 56.5, "color": "ffffffd2" },
					{ "time": 57.3333, "color": "ffffff8d" },
					{ "time": 58, "color": "ffffff00" },
					{ "time": 58.8333, "color": "ffffffd2" },
					{ "time": 59.5, "color": "ffffff8d" },
					{ "time": 60, "color": "ffffff00" },
					{ "time": 60.5, "color": "ffffffd2" },
					{ "time": 61.3333, "color": "ffffff8d" },
					{ "time": 62, "color": "ffffff00" }
				]
			},
			"Light_1": {
				"color": [
					{ "time": 0, "color": "ffffff00" },
					{ "time": 0.8333, "color": "ffffff60" },
					{ "time": 2.3333, "color": "ffffff00" },
					{ "time": 3.1666, "color": "ffffff60" },
					{ "time": 4.6666, "color": "ffffff00" },
					{ "time": 5.5, "color": "ffffff60" },
					{ "time": 7, "color": "ffffff00" },
					{ "time": 7.8333, "color": "ffffff60" },
					{ "time": 9.3333, "color": "ffffff00" },
					{ "time": 10.1666, "color": "ffffff60" },
					{ "time": 11.6666, "color": "ffffff00" },
					{ "time": 12.5, "color": "ffffff60" },
					{ "time": 14, "color": "ffffff00" },
					{ "time": 14.8333, "color": "ffffff60" },
					{ "time": 16.3333, "color": "ffffff00" },
					{ "time": 17.1666, "color": "ffffff60" },
					{ "time": 18.6666, "color": "ffffff00" },
					{ "time": 19.5, "color": "ffffff60" },
					{ "time": 21, "color": "ffffff00" },
					{ "time": 21.8333, "color": "ffffff60" },
					{ "time": 23.3333, "color": "ffffff00" },
					{ "time": 24.1666, "color": "ffffff60" },
					{ "time": 25.6666, "color": "ffffff00" },
					{ "time": 26.5, "color": "ffffff60" },
					{ "time": 28, "color": "ffffff00" },
					{ "time": 28.8333, "color": "ffffff60" },
					{ "time": 30.3333, "color": "ffffff00" },
					{ "time": 31.1666, "color": "ffffff60" },
					{ "time": 32.6666, "color": "ffffff00" },
					{ "time": 33.5, "color": "ffffff60" },
					{ "time": 35, "color": "ffffff00" },
					{ "time": 35.8333, "color": "ffffff60" },
					{ "time": 37.3333, "color": "ffffff00" },
					{ "time": 38.1666, "color": "ffffff60" },
					{ "time": 39.6666, "color": "ffffff00" },
					{ "time": 40.5, "color": "ffffff60" },
					{ "time": 42, "color": "ffffff00" },
					{ "time": 42.8333, "color": "ffffff60" },
					{ "time": 44.3333, "color": "ffffff00" },
					{ "time": 45.1666, "color": "ffffff60" },
					{ "time": 46.6666, "color": "ffffff00" },
					{ "time": 47.5, "color": "ffffff60" },
					{ "time": 49, "color": "ffffff00" },
					{ "time": 49.8333, "color": "ffffff60" },
					{ "time": 51.3333, "color": "ffffff00" },
					{ "time": 52.1666, "color": "ffffff60" },
					{ "time": 53.6666, "color": "ffffff00" },
					{ "time": 54.5, "color": "ffffff60" },
					{ "time": 56, "color": "ffffff00" },
					{ "time": 56.8333, "color": "ffffff60" },
					{ "time": 58, "color": "ffffff00" },
					{ "time": 58.6666, "color": "ffffff60" },
					{ "time": 60, "color": "ffffff00" },
					{ "time": 60.6666, "color": "ffffff60" },
					{ "time": 62, "color": "ffffff00" }
				]
			}
		},
		"bones": {
			"Cloud_Other_picture": {
				"translate": [
					{ "time": 0, "x": 629.17, "y": 2.87 },
					{ "time": 62, "x": 3171.04, "y": 2.87 }
				]
			},
			"Item_1": {
				"translate": [
					{ "time": 0, "x": 0, "y": 0 },
					{ "time": 0.6666, "x": 0, "y": -5.8 },
					{ "time": 1.6666, "x": 0, "y": 0 },
					{ "time": 2.3333, "x": 0, "y": -5.8 },
					{ "time": 3.3333, "x": 0, "y": 0 },
					{ "time": 4, "x": 0, "y": -5.8 },
					{ "time": 5, "x": 0, "y": 0 },
					{ "time": 5.6666, "x": 0, "y": -5.8 },
					{ "time": 6.6666, "x": 0, "y": 0 },
					{ "time": 7.3333, "x": 0, "y": -5.8 },
					{ "time": 8.3333, "x": 0, "y": 0 },
					{ "time": 9, "x": 0, "y": -5.8 },
					{ "time": 10, "x": 0, "y": 0 },
					{ "time": 10.6666, "x": 0, "y": -5.8 },
					{ "time": 11.6666, "x": 0, "y": 0 },
					{ "time": 12.3333, "x": 0, "y": -5.8 },
					{ "time": 13.3333, "x": 0, "y": 0 },
					{ "time": 14, "x": 0, "y": -5.8 },
					{ "time": 15, "x": 0, "y": 0 },
					{ "time": 15.6666, "x": 0, "y": -5.8 },
					{ "time": 16.6666, "x": 0, "y": 0 },
					{ "time": 17.3333, "x": 0, "y": -5.8 },
					{ "time": 18.3333, "x": 0, "y": 0 },
					{ "time": 19, "x": 0, "y": -5.8 },
					{ "time": 20, "x": 0, "y": 0 },
					{ "time": 20.6666, "x": 0, "y": -5.8 },
					{ "time": 21.6666, "x": 0, "y": 0 },
					{ "time": 22.3333, "x": 0, "y": -5.8 },
					{ "time": 23.3333, "x": 0, "y": 0 },
					{ "time": 24, "x": 0, "y": -5.8 },
					{ "time": 25, "x": 0, "y": 0 },
					{ "time": 25.6666, "x": 0, "y": -5.8 },
					{ "time": 26.6666, "x": 0, "y": 0 },
					{ "time": 27.3333, "x": 0, "y": -5.8 },
					{ "time": 28.3333, "x": 0, "y": 0 },
					{ "time": 29, "x": 0, "y": -5.8 },
					{ "time": 30, "x": 0, "y": 0 },
					{ "time": 30.6666, "x": 0, "y": -5.8 },
					{ "time": 31.6666, "x": 0, "y": 0 },
					{ "time": 32.3333, "x": 0, "y": -5.8 },
					{ "time": 33.3333, "x": 0, "y": 0 },
					{ "time": 34, "x": 0, "y": -5.8 },
					{ "time": 35, "x": 0, "y": 0 },
					{ "time": 35.6666, "x": 0, "y": -5.8 },
					{ "time": 36.6666, "x": 0, "y": 0 },
					{ "time": 37.3333, "x": 0, "y": -5.8 },
					{ "time": 38.3333, "x": 0, "y": 0 },
					{ "time": 39, "x": 0, "y": -5.8 },
					{ "time": 40, "x": 0, "y": 0 },
					{ "time": 40.6666, "x": 0, "y": -5.8 },
					{ "time": 41.6666, "x": 0, "y": 0 },
					{ "time": 42.3333, "x": 0, "y": -5.8 },
					{ "time": 43.3333, "x": 0, "y": 0 },
					{ "time": 44, "x": 0, "y": -5.8 },
					{ "time": 45, "x": 0, "y": 0 },
					{ "time": 45.6666, "x": 0, "y": -5.8 },
					{ "time": 46.6666, "x": 0, "y": 0 },
					{ "time": 47.3333, "x": 0, "y": -5.8 },
					{ "time": 48.3333, "x": 0, "y": 0 },
					{ "time": 49, "x": 0, "y": -5.8 },
					{ "time": 50, "x": 0, "y": 0 },
					{ "time": 50.6666, "x": 0, "y": -5.8 },
					{ "time": 51.6666, "x": 0, "y": 0 },
					{ "time": 52.3333, "x": 0, "y": -5.8 },
					{ "time": 53.3333, "x": 0, "y": 0 },
					{ "time": 54, "x": 0, "y": -5.8 },
					{ "time": 55, "x": 0, "y": 0 },
					{ "time": 55.6666, "x": 0, "y": -5.8 },
					{ "time": 56.6666, "x": 0, "y": 0 },
					{ "time": 57.3333, "x": 0, "y": -5.8 },
					{ "time": 58.3333, "x": 0, "y": 0 },
					{ "time": 59, "x": 0, "y": -5.8 },
					{ "time": 60, "x": 0, "y": 0 },
					{ "time": 60.8333, "x": 0, "y": -5.8 },
					{ "time": 62, "x": 0, "y": 0 }
				]
			},
			"Light_1": {
				"rotate": [
					{ "time": 0, "angle": -16.53 },
					{ "time": 1, "angle": 0 },
					{ "time": 1.9666, "angle": 2.65, "curve": "stepped" },
					{ "time": 2, "angle": -4.67 },
					{ "time": 3, "angle": 0 },
					{ "time": 3.9666, "angle": 14.03, "curve": "stepped" },
					{ "time": 4, "angle": -16.53 },
					{ "time": 5, "angle": 0 },
					{ "time": 5.9666, "angle": 2.65, "curve": "stepped" },
					{ "time": 6, "angle": -4.67 },
					{ "time": 7, "angle": 0 },
					{ "time": 7.9666, "angle": 14.03, "curve": "stepped" },
					{ "time": 8, "angle": -16.53 },
					{ "time": 9, "angle": 0 },
					{ "time": 9.9666, "angle": 2.65, "curve": "stepped" },
					{ "time": 10, "angle": -4.67 },
					{ "time": 11, "angle": 0 },
					{ "time": 11.9666, "angle": 14.03, "curve": "stepped" },
					{ "time": 12, "angle": -16.53 },
					{ "time": 13, "angle": 0 },
					{ "time": 13.9666, "angle": 2.65, "curve": "stepped" },
					{ "time": 14, "angle": -4.67 },
					{ "time": 15, "angle": 0 },
					{ "time": 15.9666, "angle": 14.03, "curve": "stepped" },
					{ "time": 16, "angle": -16.53 },
					{ "time": 17, "angle": 0 },
					{ "time": 17.9666, "angle": 2.65, "curve": "stepped" },
					{ "time": 18, "angle": -4.67 },
					{ "time": 19, "angle": 0 },
					{ "time": 19.9666, "angle": 14.03, "curve": "stepped" },
					{ "time": 20, "angle": -16.53 },
					{ "time": 21, "angle": 0 },
					{ "time": 21.9666, "angle": 2.65, "curve": "stepped" },
					{ "time": 22, "angle": -4.67 },
					{ "time": 23, "angle": 0 },
					{ "time": 23.9666, "angle": 14.03, "curve": "stepped" },
					{ "time": 24, "angle": -16.53 },
					{ "time": 25, "angle": 0 },
					{ "time": 25.9666, "angle": 2.65, "curve": "stepped" },
					{ "time": 26, "angle": -4.67 },
					{ "time": 27, "angle": 0 },
					{ "time": 27.9666, "angle": 14.03, "curve": "stepped" },
					{ "time": 28, "angle": -16.53 },
					{ "time": 29, "angle": 0 },
					{ "time": 29.9666, "angle": 2.65, "curve": "stepped" },
					{ "time": 30, "angle": -4.67 },
					{ "time": 31, "angle": 0 },
					{ "time": 31.9666, "angle": 14.03, "curve": "stepped" },
					{ "time": 32, "angle": -16.53 },
					{ "time": 33, "angle": 0 },
					{ "time": 33.9666, "angle": 2.65, "curve": "stepped" },
					{ "time": 34, "angle": -4.67 },
					{ "time": 35, "angle": 0 },
					{ "time": 35.9666, "angle": 14.03, "curve": "stepped" },
					{ "time": 36, "angle": -16.53 },
					{ "time": 37, "angle": 0 },
					{ "time": 37.9666, "angle": 2.65, "curve": "stepped" },
					{ "time": 38, "angle": -4.67 },
					{ "time": 39, "angle": 0 },
					{ "time": 39.9666, "angle": 14.03, "curve": "stepped" },
					{ "time": 40, "angle": -16.53 },
					{ "time": 41, "angle": 0 },
					{ "time": 41.9666, "angle": 2.65, "curve": "stepped" },
					{ "time": 42, "angle": -4.67 },
					{ "time": 43, "angle": 0 },
					{ "time": 43.9666, "angle": 14.03, "curve": "stepped" },
					{ "time": 44, "angle": -16.53 },
					{ "time": 45, "angle": 0 },
					{ "time": 45.9666, "angle": 2.65, "curve": "stepped" },
					{ "time": 46, "angle": -4.67 },
					{ "time": 47, "angle": 0 },
					{ "time": 47.9666, "angle": 14.03, "curve": "stepped" },
					{ "time": 48, "angle": -16.53 },
					{ "time": 49, "angle": 0 },
					{ "time": 49.9666, "angle": 2.65, "curve": "stepped" },
					{ "time": 50, "angle": -4.67 },
					{ "time": 51, "angle": 0 },
					{ "time": 51.9666, "angle": 14.03, "curve": "stepped" },
					{ "time": 52, "angle": -16.53 },
					{ "time": 53, "angle": 0 },
					{ "time": 53.9666, "angle": 2.65, "curve": "stepped" },
					{ "time": 54, "angle": -4.67 },
					{ "time": 55, "angle": 0 },
					{ "time": 55.9666, "angle": 14.03, "curve": "stepped" },
					{ "time": 56, "angle": -16.53 },
					{ "time": 57, "angle": 0 },
					{ "time": 57.9666, "angle": 2.65, "curve": "stepped" },
					{ "time": 58, "angle": -4.67 },
					{ "time": 59, "angle": 0 },
					{ "time": 59.9666, "angle": 14.03, "curve": "stepped" },
					{ "time": 60, "angle": -16.53 },
					{ "time": 61, "angle": 0 },
					{ "time": 61.9666, "angle": 2.65, "curve": "stepped" },
					{ "time": 62, "angle": -4.67 }
				],
				"scale": [
					{ "time": 0, "x": 0.321, "y": 0.702 },
					{ "time": 1, "x": 1, "y": 1 },
					{ "time": 1.9666, "x": 0.564, "y": 1, "curve": "stepped" },
					{ "time": 2, "x": -0.474, "y": 0.517 },
					{ "time": 3, "x": -1, "y": 1 },
					{ "time": 3.9666, "x": -0.561, "y": 0.954, "curve": "stepped" },
					{ "time": 4, "x": 0.321, "y": 0.702 },
					{ "time": 5, "x": 1, "y": 1 },
					{ "time": 5.9666, "x": 0.564, "y": 1, "curve": "stepped" },
					{ "time": 6, "x": -0.474, "y": 0.517 },
					{ "time": 7, "x": -1, "y": 1 },
					{ "time": 7.9666, "x": -0.561, "y": 0.954, "curve": "stepped" },
					{ "time": 8, "x": 0.321, "y": 0.702 },
					{ "time": 9, "x": 1, "y": 1 },
					{ "time": 9.9666, "x": 0.564, "y": 1, "curve": "stepped" },
					{ "time": 10, "x": -0.474, "y": 0.517 },
					{ "time": 11, "x": -1, "y": 1 },
					{ "time": 11.9666, "x": -0.561, "y": 0.954, "curve": "stepped" },
					{ "time": 12, "x": 0.321, "y": 0.702 },
					{ "time": 13, "x": 1, "y": 1 },
					{ "time": 13.9666, "x": 0.564, "y": 1, "curve": "stepped" },
					{ "time": 14, "x": -0.474, "y": 0.517 },
					{ "time": 15, "x": -1, "y": 1 },
					{ "time": 15.9666, "x": -0.561, "y": 0.954, "curve": "stepped" },
					{ "time": 16, "x": 0.321, "y": 0.702 },
					{ "time": 17, "x": 1, "y": 1 },
					{ "time": 17.9666, "x": 0.564, "y": 1, "curve": "stepped" },
					{ "time": 18, "x": -0.474, "y": 0.517 },
					{ "time": 19, "x": -1, "y": 1 },
					{ "time": 19.9666, "x": -0.561, "y": 0.954, "curve": "stepped" },
					{ "time": 20, "x": 0.321, "y": 0.702 },
					{ "time": 21, "x": 1, "y": 1 },
					{ "time": 21.9666, "x": 0.564, "y": 1, "curve": "stepped" },
					{ "time": 22, "x": -0.474, "y": 0.517 },
					{ "time": 23, "x": -1, "y": 1 },
					{ "time": 23.9666, "x": -0.561, "y": 0.954, "curve": "stepped" },
					{ "time": 24, "x": 0.321, "y": 0.702 },
					{ "time": 25, "x": 1, "y": 1 },
					{ "time": 25.9666, "x": 0.564, "y": 1, "curve": "stepped" },
					{ "time": 26, "x": -0.474, "y": 0.517 },
					{ "time": 27, "x": -1, "y": 1 },
					{ "time": 27.9666, "x": -0.561, "y": 0.954, "curve": "stepped" },
					{ "time": 28, "x": 0.321, "y": 0.702 },
					{ "time": 29, "x": 1, "y": 1 },
					{ "time": 29.9666, "x": 0.564, "y": 1, "curve": "stepped" },
					{ "time": 30, "x": -0.474, "y": 0.517 },
					{ "time": 31, "x": -1, "y": 1 },
					{ "time": 31.9666, "x": -0.561, "y": 0.954, "curve": "stepped" },
					{ "time": 32, "x": 0.321, "y": 0.702 },
					{ "time": 33, "x": 1, "y": 1 },
					{ "time": 33.9666, "x": 0.564, "y": 1, "curve": "stepped" },
					{ "time": 34, "x": -0.474, "y": 0.517 },
					{ "time": 35, "x": -1, "y": 1 },
					{ "time": 35.9666, "x": -0.561, "y": 0.954, "curve": "stepped" },
					{ "time": 36, "x": 0.321, "y": 0.702 },
					{ "time": 37, "x": 1, "y": 1 },
					{ "time": 37.9666, "x": 0.564, "y": 1, "curve": "stepped" },
					{ "time": 38, "x": -0.474, "y": 0.517 },
					{ "time": 39, "x": -1, "y": 1 },
					{ "time": 39.9666, "x": -0.561, "y": 0.954, "curve": "stepped" },
					{ "time": 40, "x": 0.321, "y": 0.702 },
					{ "time": 41, "x": 1, "y": 1 },
					{ "time": 41.9666, "x": 0.564, "y": 1, "curve": "stepped" },
					{ "time": 42, "x": -0.474, "y": 0.517 },
					{ "time": 43, "x": -1, "y": 1 },
					{ "time": 43.9666, "x": -0.561, "y": 0.954, "curve": "stepped" },
					{ "time": 44, "x": 0.321, "y": 0.702 },
					{ "time": 45, "x": 1, "y": 1 },
					{ "time": 45.9666, "x": 0.564, "y": 1, "curve": "stepped" },
					{ "time": 46, "x": -0.474, "y": 0.517 },
					{ "time": 47, "x": -1, "y": 1 },
					{ "time": 47.9666, "x": -0.561, "y": 0.954, "curve": "stepped" },
					{ "time": 48, "x": 0.321, "y": 0.702 },
					{ "time": 49, "x": 1, "y": 1 },
					{ "time": 49.9666, "x": 0.564, "y": 1, "curve": "stepped" },
					{ "time": 50, "x": -0.474, "y": 0.517 },
					{ "time": 51, "x": -1, "y": 1 },
					{ "time": 51.9666, "x": -0.561, "y": 0.954, "curve": "stepped" },
					{ "time": 52, "x": 0.321, "y": 0.702 },
					{ "time": 53, "x": 1, "y": 1 },
					{ "time": 53.9666, "x": 0.564, "y": 1, "curve": "stepped" },
					{ "time": 54, "x": -0.474, "y": 0.517 },
					{ "time": 55, "x": -1, "y": 1 },
					{ "time": 55.9666, "x": -0.561, "y": 0.954, "curve": "stepped" },
					{ "time": 56, "x": 0.321, "y": 0.702 },
					{ "time": 57, "x": 1, "y": 1 },
					{ "time": 57.9666, "x": 0.564, "y": 1, "curve": "stepped" },
					{ "time": 58, "x": -0.474, "y": 0.517 },
					{ "time": 59, "x": -1, "y": 1 },
					{ "time": 59.9666, "x": -0.561, "y": 0.954, "curve": "stepped" },
					{ "time": 60, "x": 0.321, "y": 0.702 },
					{ "time": 61, "x": 1, "y": 1 },
					{ "time": 61.9666, "x": 0.564, "y": 1, "curve": "stepped" },
					{ "time": 62, "x": -0.474, "y": 0.517 }
				]
			}
		},
		"events": [
			{ "time": 62, "name": "loop" }
		]
	}
}
}