{
"skeleton": { "hash": "jaYnIwr6R6VhzZL0136MN8IugO0", "spine": "3.2.01", "width": 659, "height": 158, "images": "" },
"bones": [
	{ "name": "root" },
	{ "name": "bone", "parent": "root" },
	{ "name": "bone2", "parent": "bone" },
	{ "name": "water", "parent": "bone2" }
],
"slots": [
	{ "name": "water (1)", "bone": "water", "attachment": "water (1)" }
],
"skins": {
	"default": {
		"water (1)": {
			"water (1)": { "width": 659, "height": 158 },
			"water (2)": { "width": 659, "height": 158 },
			"water (3)": { "width": 659, "height": 158 },
			"water (4)": { "width": 659, "height": 158 },
			"water (5)": { "width": 659, "height": 158 },
			"water (6)": { "width": 659, "height": 158 },
			"water (7)": { "width": 659, "height": 158 }
		}
	}
},
"animations": {
	"normal": {
		"slots": {
			"water (1)": {
				"attachment": [
					{ "time": 0, "name": "water (1)" },
					{ "time": 0.2, "name": "water (2)" },
					{ "time": 0.4, "name": "water (3)" },
					{ "time": 0.6, "name": "water (4)" },
					{ "time": 0.8, "name": "water (5)" },
					{ "time": 1, "name": "water (6)" },
					{ "time": 1.2, "name": "water (7)" }
				]
			}
		},
		"bones": {
			"water": {
				"rotate": [
					{ "time": 0, "angle": 0, "curve": "stepped" },
					{ "time": 1.2, "angle": 0 }
				],
				"translate": [
					{ "time": 0, "x": 0, "y": 0, "curve": "stepped" },
					{ "time": 1.2, "x": 0, "y": 0 }
				]
			}
		}
	}
}
}