{
"skeleton": { "hash": "IJHEWQXlLP/MTOl2n4kI6iVX0Qw", "spine": "2.1.27", "width": 308.18, "height": 314.95, "images": "" },
"bones": [
	{ "name": "Root_All", "x": 25.09, "y": -5.9, "scaleX": 1.01, "scaleY": 1.01 },
	{ "name": "Ship_All", "parent": "Root_All" },
	{ "name": "Body", "parent": "Ship_All", "length": 255.84, "x": -17.56, "y": 17.54, "rotation": 90 },
	{ "name": "Antiaircraft", "parent": "Body", "length": 44.62, "x": 204.37, "y": -42.08, "rotation": -60.46 },
	{ "name": "Attack_Point", "parent": "Body", "length": 25.69, "x": 107.91, "y": -55.96, "rotation": -75.82 },
	{ "name": "Damage_Point", "parent": "Body", "length": 22.56, "x": 117.59, "y": 12.28, "rotation": -90 },
	{ "name": "Dialogue", "parent": "Body", "length": 57.85, "x": 188.52, "y": -40.49, "rotation": -90 },
	{ "name": "Expression", "parent": "Body", "length": 46.33, "x": 199.6, "y": -36.27, "rotation": -42.65 },
	{ "name": "Head", "parent": "Body", "length": 89.11, "x": 128.66, "y": 7.35, "rotation": -2.25 },
	{ "name": "JZ", "parent": "Body", "length": 34.54, "x": 131.86, "y": 20.94, "rotation": -179.09 },
	{ "name": "Smoke_L1", "parent": "Body", "length": 51.75, "x": 105.97, "y": -39.9, "rotation": -16.57 },
	{ "name": "Smoke_L2", "parent": "Body", "length": 51.75, "x": 101.18, "y": 71.44, "rotation": 30.92 },
	{ "name": "Throw_Point", "parent": "Body", "length": 24.91, "x": 74.27, "y": -21.11, "rotation": -113.17 },
	{ "name": "hand_R", "parent": "Body", "length": 25.08, "x": 111.04, "y": 0.5, "rotation": -121.84 },
	{ "name": "Cap", "parent": "Head", "length": 33.5, "x": 74.53, "y": 22.99, "rotation": 50.34 },
	{ "name": "Face", "parent": "Head", "length": 66.94, "x": 50.79, "y": 23.43, "rotation": -87.74 },
	{ "name": "JZ_behand", "parent": "JZ", "length": 48.61, "x": 31.08, "y": -3.97, "rotation": -98.14 },
	{ "name": "hair", "parent": "Head", "length": 57.32, "x": 59.55, "y": 13.33, "rotation": 140.24 },
	{ "name": "JZ_L", "parent": "JZ_behand", "length": 61.55, "x": 49.98, "y": 45.86, "rotation": 28.85 },
	{ "name": "JZ_R", "parent": "JZ_behand", "length": 53.61, "x": -75.68, "y": -6.48, "rotation": 167.75 },
	{ "name": "MMMMM", "parent": "JZ_behand", "length": 9.86, "x": 5.45, "y": 37.7, "rotation": 99.05 },
	{ "name": "bone", "parent": "hair", "length": 38.64, "x": 62.21, "y": 1.66, "rotation": -10.82 },
	{ "name": "bone2", "parent": "bone", "length": 38.07, "x": 40.45, "y": -0.07, "rotation": -15.14 },
	{ "name": "bone5", "parent": "MMMMM", "length": 8.37, "x": 9.86, "y": 0.06, "rotation": -6.78 },
	{ "name": "bone3", "parent": "bone2", "length": 27.69, "x": 40.88, "y": 1.59, "rotation": 4.95 },
	{ "name": "bone6", "parent": "bone5", "length": 7.58, "x": 8.37, "y": -0.03, "rotation": 4.95 },
	{ "name": "bone7", "parent": "bone6", "length": 8.73, "x": 7.58, "rotation": 2.25 },
	{ "name": "bone8", "parent": "bone7", "length": 7.97, "x": 8.73, "y": 0.03, "rotation": -4.98 },
	{ "name": "bone9", "parent": "bone8", "length": 9.1, "x": 7.97, "rotation": 2.7 }
],
"slots": [
	{ "name": "hair", "bone": "hair", "attachment": "hair" },
	{ "name": "JZ_R", "bone": "JZ_R", "attachment": "change" },
	{ "name": "JZ_L", "bone": "JZ_behand", "attachment": "change" },
	{ "name": "QQ", "bone": "JZ_L", "attachment": "change" },
	{ "name": "hand_R", "bone": "hand_R", "attachment": "change" },
	{ "name": "Rodney_body_normal", "bone": "Body", "attachment": "Body_Change" },
	{ "name": "head", "bone": "Head", "attachment": "head" },
	{ "name": "head_light", "bone": "Head", "attachment": "head_light", "blend": "additive" },
	{ "name": "Rodney_eyes_normal", "bone": "Face", "attachment": "Rodney_eyes_normal" },
	{ "name": "Light_Body", "bone": "Body", "attachment": "Rodney_ship_body_normal_light", "blend": "additive" },
	{ "name": "cap", "bone": "Cap", "attachment": "change" },
	{ "name": "cap_light", "bone": "Cap", "attachment": "cap_light", "blend": "additive" },
	{ "name": "hand_R_light", "bone": "hand_R", "attachment": "hand_R_light", "blend": "additive" },
	{ "name": "MMMM", "bone": "MMMMM", "attachment": "MMMMM" },
	{ "name": "JZ_light", "bone": "JZ_behand", "attachment": "JZ_L_light", "blend": "additive" },
	{ "name": "JZ_R_light", "bone": "JZ_R", "attachment": "change" }
],
"skins": {
	"default": {
		"JZ_light": {
			"JZ_L_light": { "x": -12.32, "y": -32.9, "rotation": -172.75, "width": 300, "height": 300 }
		},
		"Light_Body": {
			"Rodney_ship_body_normal_light": { "x": 130.63, "y": 9.19, "rotation": -90, "width": 300, "height": 300 }
		},
		"MMMM": {
			"MMMMM": {
				"type": "skinnedmesh",
				"uvs": [ 0, 0, 0.11111, 0, 0.22222, 0, 0.33333, 0, 0.44444, 0, 0.55555, 0, 0.66666, 0, 0.77777, 0, 0.88888, 0, 1, 0, 1, 0.11111, 1, 0.22222, 1, 0.33333, 1, 0.44444, 1, 0.55555, 1, 0.66666, 1, 0.77777, 1, 0.88888, 1, 1, 0.88888, 1, 0.77777, 1, 0.66666, 1, 0.55555, 1, 0.44444, 1, 0.33333, 1, 0.22222, 1, 0.11111, 1, 0, 1, 0, 0.88888, 0, 0.77777, 0, 0.66666, 0, 0.55555, 0, 0.44444, 0, 0.33333, 0, 0.22222, 0, 0.11111, 0.11111, 0.11111, 0.11111, 0.22222, 0.11111, 0.33333, 0.11111, 0.44444, 0.11111, 0.55555, 0.11111, 0.66666, 0.11111, 0.77777, 0.11111, 0.88888, 0.22222, 0.11111, 0.22222, 0.22222, 0.22222, 0.33333, 0.22222, 0.44444, 0.22222, 0.55555, 0.22222, 0.66666, 0.22222, 0.77777, 0.22222, 0.88888, 0.33333, 0.11111, 0.33333, 0.22222, 0.33333, 0.33333, 0.33333, 0.44444, 0.33333, 0.55555, 0.33333, 0.66666, 0.33333, 0.77777, 0.33333, 0.88888, 0.44444, 0.11111, 0.44444, 0.22222, 0.44444, 0.33333, 0.44444, 0.44444, 0.44444, 0.55555, 0.44444, 0.66666, 0.44444, 0.77777, 0.44444, 0.88888, 0.55555, 0.11111, 0.55555, 0.22222, 0.55555, 0.33333, 0.55555, 0.44444, 0.55555, 0.55555, 0.55555, 0.66666, 0.55555, 0.77777, 0.55555, 0.88888, 0.66666, 0.11111, 0.66666, 0.22222, 0.66666, 0.33333, 0.66666, 0.44444, 0.66666, 0.55555, 0.66666, 0.66666, 0.66666, 0.77777, 0.66666, 0.88888, 0.77777, 0.11111, 0.77777, 0.22222, 0.77777, 0.33333, 0.77777, 0.44444, 0.77777, 0.55555, 0.77777, 0.66666, 0.77777, 0.77777, 0.77777, 0.88888, 0.88888, 0.11111, 0.88888, 0.22222, 0.88888, 0.33333, 0.88888, 0.44444, 0.88888, 0.55555, 0.88888, 0.66666, 0.88888, 0.77777, 0.88888, 0.88888 ],
				"triangles": [ 19, 17, 18, 20, 99, 19, 19, 99, 17, 21, 91, 20, 20, 91, 99, 22, 83, 21, 21, 83, 91, 23, 75, 22, 22, 75, 83, 24, 67, 23, 23, 67, 75, 24, 51, 59, 24, 59, 67, 26, 51, 25, 24, 25, 51, 27, 43, 26, 26, 43, 51, 27, 28, 43, 99, 16, 17, 91, 98, 99, 99, 98, 16, 83, 90, 91, 91, 90, 98, 75, 82, 83, 83, 82, 90, 67, 74, 75, 75, 74, 82, 59, 66, 67, 67, 66, 74, 59, 50, 58, 59, 58, 66, 43, 50, 51, 59, 51, 50, 28, 42, 43, 43, 42, 50, 28, 29, 42, 98, 15, 16, 90, 97, 98, 98, 97, 15, 82, 89, 90, 90, 89, 97, 74, 81, 82, 82, 81, 89, 66, 73, 74, 74, 73, 81, 58, 65, 66, 66, 65, 73, 58, 49, 57, 58, 57, 65, 42, 49, 50, 58, 50, 49, 29, 41, 42, 42, 41, 49, 29, 30, 41, 97, 14, 15, 89, 96, 97, 97, 96, 14, 81, 88, 89, 89, 88, 96, 73, 80, 81, 81, 80, 88, 65, 72, 73, 73, 72, 80, 57, 64, 65, 65, 64, 72, 57, 48, 56, 57, 56, 64, 41, 48, 49, 57, 49, 48, 30, 40, 41, 41, 40, 48, 30, 31, 40, 96, 13, 14, 88, 95, 96, 96, 95, 13, 80, 87, 88, 88, 87, 95, 72, 79, 80, 80, 79, 87, 64, 71, 72, 72, 71, 79, 56, 63, 64, 64, 63, 71, 48, 55, 56, 56, 55, 63, 40, 47, 48, 48, 47, 55, 31, 39, 40, 40, 39, 47, 31, 32, 39, 95, 12, 13, 87, 94, 95, 95, 94, 12, 79, 86, 87, 87, 86, 94, 71, 78, 79, 79, 78, 86, 63, 70, 71, 71, 70, 78, 55, 62, 63, 63, 62, 70, 55, 46, 54, 55, 54, 62, 39, 46, 47, 55, 47, 46, 32, 38, 39, 39, 38, 46, 32, 33, 38, 12, 93, 11, 94, 85, 93, 12, 94, 93, 86, 77, 85, 94, 86, 85, 78, 69, 77, 86, 78, 77, 62, 69, 70, 78, 70, 69, 62, 53, 61, 62, 61, 69, 46, 53, 54, 62, 54, 53, 38, 45, 46, 46, 45, 53, 33, 37, 38, 38, 37, 45, 33, 34, 37, 93, 10, 11, 85, 92, 93, 93, 92, 10, 77, 84, 85, 85, 84, 92, 69, 76, 77, 77, 76, 84, 61, 68, 69, 69, 68, 76, 53, 60, 61, 61, 60, 68, 45, 52, 53, 53, 52, 60, 37, 44, 45, 45, 44, 52, 34, 36, 37, 37, 36, 44, 34, 35, 36, 92, 9, 10, 84, 8, 92, 92, 8, 9, 76, 7, 84, 84, 7, 8, 68, 6, 76, 76, 6, 7, 60, 5, 68, 68, 5, 6, 52, 4, 60, 60, 4, 5, 44, 3, 52, 52, 3, 4, 36, 2, 44, 44, 2, 3, 35, 1, 36, 36, 1, 2, 35, 0, 1 ],
				"vertices": [ 2, 20, -2.59999, -6.15, 1, 28, -44.88, -5.88, 0, 2, 20, -2.56, -4.82, 1, 28, -44.88, -4.54, 0, 2, 20, -2.52, -3.49, 1, 28, -44.88, -3.21, 0, 2, 20, -2.48, -2.15, 1, 28, -44.88, -1.88, 0, 2, 20, -2.43, -0.82, 1, 28, -44.88, -0.54, 0, 1, 20, -2.39, 0.5, 1, 1, 20, -2.34999, 1.84, 1, 1, 20, -2.31, 3.17, 1, 1, 20, -2.27, 4.5, 1, 1, 20, -2.22, 5.83, 1, 2, 20, 3.99, 5.64, 0.98529, 23, -6.49, 4.84, 0.0147, 3, 20, 10.2, 5.44, 0.48052, 23, -0.29, 5.38, 0.51845, 25, -8.17, 6.14, 0.00102, 4, 20, 16.42, 5.23999, 0.00489, 23, 5.9, 5.91, 0.7396, 25, -1.94, 6.14, 0.25549, 28, -26.22, 6.12, 0, 4, 23, 12.1, 6.45, 0.07062, 25, 4.27, 6.14, 0.79591, 26, -3.06, 6.26, 0.13345, 28, -19.99, 6.13, 0, 4, 25, 10.49, 6.14, 0.16753, 26, 3.14, 6.02, 0.81141, 27, -6.08, 5.47, 0.02103, 28, -13.77, 6.13, 2.0E-5, 3, 26, 9.35999, 5.78, 0.45348, 27, 0.13, 5.77, 0.54492, 28, -7.55, 6.13, 0.00158, 4, 25, 22.93, 6.14, 2.0E-5, 26, 15.58, 5.54, 0.00978, 27, 6.34, 6.07, 0.67749, 28, -1.33, 6.14, 0.31267, 3, 25, 29.16, 6.14, 0, 27, 12.56, 6.37, 0.05269, 28, 4.88, 6.14, 0.9473, 2, 25, 35.38, 6.15, 0, 28, 11.11, 6.15, 0.99999, 2, 25, 35.38, 4.81, 0, 28, 11.11, 4.81, 0.99999, 2, 25, 35.38, 3.48, 0, 28, 11.11, 3.48, 0.99999, 2, 25, 35.38, 2.15, 0, 28, 11.11, 2.15, 0.99999, 2, 25, 35.38, 0.81, 0, 28, 11.11, 0.81, 0.99999, 2, 25, 35.38, -0.51, 0, 28, 11.11, -0.51, 1, 1, 28, 11.11, -1.84, 1, 1, 28, 11.11, -3.18, 1, 1, 28, 11.11, -4.51, 1, 1, 28, 11.11, -5.84, 1, 2, 27, 13.14, -5.6, 0.0496, 28, 4.89, -5.85, 0.95039, 3, 26, 15.11, -6.44, 0.00676, 27, 6.92, -5.9, 0.66912, 28, -1.32, -5.85, 0.32411, 3, 26, 8.89, -6.2, 0.43738, 27, 0.71, -6.2, 0.56168, 28, -7.54, -5.85, 9.1E-4, 3, 25, 10.49, -5.85, 0.19351, 26, 2.68, -5.96, 0.77583, 27, -5.5, -6.5, 0.03064, 5, 23, 13.14, -5.49, 0.0744, 25, 4.27, -5.85, 0.77651, 26, -3.53, -5.72, 0.14896, 27, -11.71, -6.8, 1.0E-4, 28, -19.99, -5.86, 0, 5, 20, 16.04, -6.74, 0.01413, 23, 6.94, -6.03, 0.71169, 25, -1.94, -5.85, 0.27412, 27, -17.93, -7.1, 3.0E-5, 28, -26.21, -5.87, 0, 5, 20, 9.82, -6.54, 0.46296, 23, 0.74, -6.57, 0.53702, 26, -15.97, -5.23, 0, 27, -24.14, -7.4, 0, 28, -32.43, -5.87, 0, 5, 20, 3.61, -6.35, 0.97462, 23, -5.45, -7.11, 0.02537, 26, -22.18, -4.98999, 0, 27, -30.36, -7.7, 0, 28, -38.65, -5.87, 0, 5, 20, 3.65, -5.01, 0.97134, 23, -5.57, -5.78, 0.02865, 26, -22.13, -3.66, 0, 27, -30.42, -6.37, 0, 28, -38.65, -4.54, 0, 5, 20, 9.87, -5.21, 0.46296, 23, 0.62, -5.23999, 0.53702, 26, -15.91, -3.9, 0, 27, -24.21, -6.07, 0, 28, -32.43, -4.54, 0, 6, 20, 16.09, -5.41, 0.00515, 23, 6.82, -4.69999, 0.67919, 25, -1.94, -4.52, 0.31536, 26, -9.7, -4.14, 2.5E-4, 27, -17.99, -5.77, 2.0E-5, 28, -26.21, -4.53, 0, 5, 23, 13.02, -4.17, 0.0744, 25, 4.27, -4.52, 0.77651, 26, -3.48, -4.39, 0.14896, 27, -11.78, -5.47, 1.0E-4, 28, -19.99, -4.53, 0, 3, 25, 10.49, -4.52, 0.19351, 26, 2.73, -4.63, 0.77583, 27, -5.56, -5.17, 0.03064, 3, 25, 16.70999, -4.51, 8.9E-4, 26, 8.95, -4.87, 0.56023, 27, 0.64, -4.87, 0.43886, 3, 26, 15.16, -5.11, 0.00676, 27, 6.86, -4.57, 0.66912, 28, -1.32, -4.52, 0.32411, 2, 27, 13.07, -4.27, 0.02294, 28, 4.89, -4.51, 0.97705, 5, 20, 3.69, -3.68, 0.98035, 23, -5.68, -4.44999, 0.01964, 26, -22.08, -2.33, 0, 27, -30.49, -5.04, 0, 28, -38.65, -3.21, 0, 6, 20, 9.91, -3.88, 0.35394, 23, 0.51, -3.91, 0.64563, 25, -8.16, -3.19, 4.0E-4, 26, -15.86, -2.57, 0, 27, -24.27, -4.73999, 0, 28, -32.43, -3.2, 0, 6, 20, 16.12999, -4.08, 0.00515, 23, 6.71, -3.38, 0.67919, 25, -1.94, -3.18, 0.31536, 26, -9.64, -2.81, 2.5E-4, 27, -18.06, -4.44, 2.0E-5, 28, -26.21, -3.2, 0, 3, 23, 12.91, -2.84, 0.0374, 25, 4.27, -3.18, 0.84384, 26, -3.43, -3.05, 0.11875, 3, 25, 10.49, -3.18, 0.11559, 26, 2.78, -3.29, 0.86036, 27, -5.63, -3.84, 0.02403, 2, 26, 9, -3.54, 0.51305, 27, 0.58, -3.54, 0.48693, 3, 26, 15.22, -3.78, 0.00773, 27, 6.79, -3.24, 0.74452, 28, -1.32, -3.18, 0.24773, 2, 27, 13.01, -2.94, 0.02294, 28, 4.89, -3.18, 0.97705, 5, 20, 3.73, -2.34999, 0.98035, 23, -5.8, -3.12, 0.01964, 26, -22.03, -0.99, 0, 27, -30.55, -3.7, 0, 28, -38.66, -1.87, 0, 5, 20, 9.95, -2.55, 0.59517, 23, 0.39, -2.58, 0.40482, 26, -15.81, -1.24, 0, 27, -24.34, -3.4, 0, 28, -32.43, -1.87, 0, 4, 20, 16.17, -2.74, 0.00125, 23, 6.59, -2.05, 0.94557, 25, -1.94, -1.85, 0.05316, 27, -18.12, -3.11, 0, 3, 23, 12.79, -1.51, 0.0374, 25, 4.27, -1.85, 0.84384, 26, -3.37, -1.72, 0.11875, 3, 25, 10.49, -1.85, 0.00386, 26, 2.83, -1.96, 0.99216, 27, -5.69, -2.51, 0.00397, 2, 26, 9.05, -2.2, 0.51305, 27, 0.51, -2.21, 0.48693, 2, 27, 6.73, -1.91, 0.7811, 28, -1.32, -1.85, 0.21889, 2, 27, 12.94, -1.61, 6.6E-4, 28, 4.89, -1.85, 0.99933, 3, 20, 3.77, -1.02, 0.99999, 26, -21.98, 0.33, 0, 28, -38.66, -0.54, 0, 2, 20, 9.99, -1.21, 0.5, 23, 0.28, -1.26, 0.5, 3, 23, 6.48, -0.72, 0.83427, 25, -1.94, -0.52, 0.16572, 27, -18.18, -1.77, 0, 1, 25, 4.27, -0.52, 1, 1, 26, 2.88, -0.63, 1, 2, 26, 9.1, -0.87, 0.40086, 27, 0.45, -0.88, 0.59912, 2, 27, 6.67, -0.58, 0.7811, 28, -1.32, -0.52, 0.21889, 1, 28, 4.89, -0.51, 1, 1, 20, 3.82, 0.31, 1, 2, 20, 10.04, 0.11, 0.5, 23, 0.16, 0.06, 0.5, 3, 23, 6.36, 0.6, 0.87007, 25, -1.94, 0.81, 0.12992, 28, -26.21, 0.79, 0, 2, 25, 4.27, 0.81, 0.99999, 28, -19.99, 0.79, 0, 1, 26, 2.94, 0.69, 1, 2, 26, 9.14999, 0.45, 0.5, 27, 0.39, 0.45, 0.5, 3, 25, 22.94, 0.81, 0, 27, 6.6, 0.75, 0.74056, 28, -1.32, 0.81, 0.25943, 2, 25, 29.16, 0.81, 0, 28, 4.89, 0.81, 0.99999, 2, 20, 3.86, 1.64, 0.99673, 23, -6.14, 0.85, 0.00326, 2, 20, 10.08, 1.44, 0.38984, 23, 0.05, 1.39, 0.61014, 3, 23, 6.25, 1.93, 0.87007, 25, -1.94, 2.14, 0.12992, 28, -26.21, 2.11999, 0, 4, 23, 12.44, 2.47, 0.00336, 25, 4.27, 2.14, 0.85431, 26, -3.22, 2.27, 0.1423, 28, -19.99, 2.13, 0, 4, 25, 10.49, 2.14, 0.03993, 26, 2.99, 2.02, 0.95609, 27, -5.88, 1.48, 0.00396, 28, -13.77, 2.13, 0, 2, 26, 9.21, 1.78, 0.42482, 27, 0.32, 1.78, 0.57517, 4, 25, 22.94, 2.14, 0, 26, 15.42, 1.54, 0.00246, 27, 6.54, 2.08, 0.69842, 28, -1.33, 2.14, 0.29909, 2, 25, 29.16, 2.14, 0, 28, 4.89, 2.14, 0.99999, 2, 20, 3.9, 2.97, 0.99673, 23, -6.26, 2.18, 0.00326, 3, 20, 10.12, 2.77, 0.43362, 23, -0.06, 2.72, 0.56449, 25, -8.17, 3.47, 0.00187, 3, 23, 6.13, 3.26, 0.67038, 25, -1.94, 3.47, 0.32961, 28, -26.21, 3.46, 0, 4, 23, 12.33, 3.79, 0.05776, 25, 4.27, 3.47, 0.81621, 26, -3.17, 3.6, 0.12601, 28, -19.99, 3.46, 0, 4, 25, 10.49, 3.47, 0.23159, 26, 3.04, 3.36, 0.76392, 27, -5.95, 2.81, 0.00446, 28, -13.77, 3.46, 1.0E-5, 3, 26, 9.26, 3.11, 0.34663, 27, 0.26, 3.11, 0.65027, 28, -7.55, 3.47, 0.00309, 4, 25, 22.93, 3.48, 0, 26, 15.48, 2.87, 0.00246, 27, 6.47, 3.41, 0.69842, 28, -1.33, 3.47, 0.29909, 3, 25, 29.16, 3.48, 0, 27, 12.69, 3.71, 0.01722, 28, 4.89, 3.48, 0.98276, 2, 20, 3.94, 4.3, 0.96218, 23, -6.37, 3.51, 0.03781, 3, 20, 10.16, 4.11, 0.43362, 23, -0.17, 4.05, 0.56449, 25, -8.17, 4.8, 0.00187, 4, 20, 16.37999, 3.91, 0.00489, 23, 6.02, 4.58, 0.7396, 25, -1.94, 4.81, 0.25549, 28, -26.22, 4.79, 0, 4, 23, 12.21, 5.12, 0.05776, 25, 4.27, 4.81, 0.81621, 26, -3.12, 4.92999, 0.12601, 28, -19.99, 4.79, 0, 4, 25, 10.49, 4.81, 0.23159, 26, 3.09, 4.69, 0.76392, 27, -6.01, 4.14, 0.00446, 28, -13.77, 4.8, 1.0E-5, 3, 26, 9.31, 4.44999, 0.34663, 27, 0.19, 4.44, 0.65027, 28, -7.55, 4.8, 0.00309, 4, 25, 22.93, 4.81, 2.0E-5, 26, 15.53, 4.19999, 0.00978, 27, 6.41, 4.73999, 0.67749, 28, -1.33, 4.81, 0.31267, 3, 25, 29.16, 4.81, 0, 27, 12.62, 5.04, 0.11544, 28, 4.89, 4.81, 0.88454 ],
				"hull": 36,
				"edges": [ 0, 2, 2, 4, 4, 6, 6, 8, 8, 10, 10, 12, 12, 14, 14, 16, 16, 18, 18, 20, 20, 22, 22, 24, 24, 26, 26, 28, 28, 30, 30, 32, 32, 34, 34, 36, 36, 38, 38, 40, 40, 42, 42, 44, 44, 46, 46, 48, 48, 50, 50, 52, 52, 54, 54, 56, 56, 58, 58, 60, 60, 62, 62, 64, 64, 66, 66, 68, 68, 70, 70, 0 ],
				"width": 12,
				"height": 56
			}
		},
		"Rodney_eyes_normal": {
			"Rodney_eyes_damage": { "x": 20.8, "y": -49.36, "width": 300, "height": 300 },
			"Rodney_eyes_normal": { "x": 20.8, "y": -49.36, "width": 300, "height": 300 }
		},
		"cap_light": {
			"cap_light": { "x": -66.76, "y": 45.52, "rotation": -137.44, "width": 300, "height": 300 }
		},
		"hair": {
			"hair": {
				"type": "skinnedmesh",
				"uvs": [ 1, 0.09028, 1, 0.19297, 1, 0.26049, 1, 0.36448, 1, 0.46847, 1, 0.56687, 1, 0.67483, 1, 0.76962, 1, 0.86178, 1, 0.93024, 1, 1, 0.92467, 1, 0.83772, 1, 0.771, 1, 0.71235, 1, 0.65574, 1, 0.58294, 1, 0.48184, 1, 0.40157, 1, 0.36245, 1, 0.28165, 1, 0.19065, 1, 0.09966, 1, 0.04911, 1, 0, 1, 0, 0.93287, 0, 0.84861, 0, 0.78805, 0, 0.70643, 0, 0.63826, 0, 0.58945, 0, 0.49182, 0, 0.42469, 0, 0.35359, 0, 0.2667, 0, 0.16928, 0, 0.07975, 0, 0, 0.07337, 0, 0.14212, 0, 0.22301, 0, 0.30187, 0, 0.39084, 0, 0.47779, 0, 0.56474, 0, 0.63147, 0, 0.70837, 0, 0.79728, 0, 0.87008, 0, 0.93276, 0, 1, 0, 0.62648, 0.03765, 0.54988, 0.07585, 0.48306, 0.14801, 0.43253, 0.22865, 0.38201, 0.29869, 0.32822, 0.36024, 0.27281, 0.41329, 0.20762, 0.44301, 0.13916, 0.44088, 0.07071, 0.46211, 0.06419, 0.64675, 0.12287, 0.69556, 0.13753, 0.79106, 0.15057, 0.87808, 0.1848, 0.93113, 0.23532, 0.94387, 0.29074, 0.96085, 0.40646, 0.94175, 0.43416, 0.8802, 0.49447, 0.81865, 0.57759, 0.8038, 0.67538, 0.79106, 0.76828, 0.76772, 0.86444, 0.71891, 0.92474, 0.67009, 0.96875, 0.57035, 0.96386, 0.15862, 0.90192, 0.09283, 0.84814, 0.05038, 0.77865, 0.03265, 0.69307, 0.12963, 0.56843, 0.2561, 0.49234, 0.40998, 0.42597, 0.49219, 0.33856, 0.55753, 0.21553, 0.58283, 0.11517, 0.58493, 0.83067, 0.19076, 0.77239, 0.29404, 0.69793, 0.4437, 0.61861, 0.5765, 0.49234, 0.69455, 0.38065, 0.74724, 0.25276, 0.75357, 0.25276, 0.85475, 0.92456, 0.3362, 0.8679, 0.54278, 0.7902, 0.67768, 0.38073, 0.09818, 0.2958, 0.17981, 0.19268, 0.24564, 0.09966, 0.2904 ],
				"triangles": [ 80, 46, 47, 51, 44, 45, 79, 47, 48, 80, 47, 79, 52, 43, 44, 52, 44, 51, 36, 37, 38, 49, 50, 0, 78, 48, 49, 78, 49, 0, 79, 48, 78, 99, 41, 42, 46, 51, 45, 81, 46, 80, 81, 51, 46, 53, 43, 52, 77, 78, 0, 39, 35, 36, 100, 40, 41, 100, 41, 99, 99, 42, 43, 53, 99, 43, 88, 80, 79, 88, 79, 78, 88, 78, 77, 81, 80, 88, 77, 0, 1, 54, 99, 53, 100, 99, 54, 101, 39, 40, 101, 40, 100, 81, 82, 52, 81, 52, 51, 53, 52, 82, 54, 53, 82, 77, 1, 2, 35, 102, 34, 39, 36, 38, 39, 101, 35, 101, 102, 35, 89, 81, 88, 82, 81, 89, 55, 100, 54, 2, 96, 88, 2, 88, 77, 89, 88, 96, 33, 34, 102, 56, 100, 55, 101, 100, 56, 96, 2, 3, 83, 54, 82, 55, 54, 83, 56, 55, 83, 57, 101, 56, 58, 59, 102, 33, 60, 32, 102, 101, 58, 59, 33, 102, 57, 58, 101, 90, 82, 89, 83, 82, 90, 59, 60, 33, 96, 3, 4, 31, 32, 60, 84, 56, 83, 57, 56, 84, 96, 90, 89, 97, 96, 4, 97, 90, 96, 85, 57, 84, 76, 97, 4, 5, 76, 4, 91, 83, 90, 84, 83, 91, 85, 86, 58, 85, 58, 57, 87, 60, 59, 31, 60, 87, 86, 87, 59, 86, 59, 58, 30, 31, 87, 61, 29, 30, 87, 61, 30, 75, 97, 76, 76, 5, 6, 75, 76, 6, 98, 90, 97, 98, 97, 75, 91, 90, 98, 92, 84, 91, 85, 84, 92, 62, 87, 86, 61, 87, 62, 28, 29, 61, 74, 98, 75, 93, 85, 92, 94, 86, 85, 94, 85, 93, 62, 86, 94, 98, 72, 91, 73, 98, 74, 91, 71, 92, 75, 6, 7, 74, 75, 7, 62, 27, 28, 62, 28, 61, 98, 73, 72, 63, 62, 94, 27, 62, 63, 72, 71, 91, 70, 92, 71, 93, 92, 70, 26, 27, 63, 95, 63, 94, 74, 7, 8, 64, 63, 95, 26, 63, 64, 69, 93, 70, 8, 73, 74, 65, 64, 95, 25, 26, 64, 93, 95, 94, 66, 65, 95, 93, 69, 95, 68, 95, 69, 67, 95, 68, 66, 95, 67, 25, 23, 24, 25, 22, 23, 22, 25, 64, 65, 22, 64, 21, 65, 66, 22, 65, 21, 20, 66, 67, 21, 66, 20, 19, 67, 68, 20, 67, 19, 18, 19, 68, 17, 69, 70, 68, 69, 17, 18, 68, 17, 15, 16, 71, 70, 71, 16, 17, 70, 16, 72, 15, 71, 13, 14, 72, 15, 72, 14, 8, 13, 73, 8, 12, 13, 13, 72, 73, 8, 11, 12, 9, 11, 8, 11, 9, 10 ],
				"vertices": [ 2, 17, -47.67, 25.51, 0.98179, 21, -112.41, 2.82, 0.0182, 2, 17, -37.4, 35.41999, 0.91869, 21, -104.18, 14.48, 0.0813, 2, 17, -30.65, 41.93999, 0.84755, 21, -98.77, 22.15, 0.15244, 2, 17, -20.24, 51.98, 0.69046, 21, -90.44, 33.96, 0.30952, 2, 17, -9.84, 62.02, 0.51261, 21, -82.1, 45.77, 0.48738, 2, 17, 0, 71.51, 0.3511, 21, -74.21, 56.94, 0.64889, 2, 17, 10.79, 81.93, 0.21196, 21, -65.56, 69.19999, 0.78803, 2, 17, 20.27, 91.08, 0.12946, 21, -57.96, 79.97, 0.87053, 2, 17, 29.49, 99.98, 0.08034, 21, -50.58, 90.43, 0.91965, 2, 17, 36.34, 106.59, 0.06111, 21, -45.09, 98.21, 0.93888, 2, 17, 43.31, 113.32, 0.05449, 21, -39.5, 106.13, 0.9455, 2, 17, 52.78, 103.51, 0.0506, 21, -28.36, 98.27, 0.94939, 3, 17, 63.71, 92.18, 0.03774, 21, -15.5, 89.19, 0.96141, 22, -77.33, 71.55, 8.3E-4, 3, 17, 72.1, 83.49, 0.02509, 21, -5.64, 82.23, 0.97027, 22, -65.99, 67.41, 0.00463, 3, 17, 79.47, 75.85, 0.01388, 21, 3.03, 76.11, 0.97309, 22, -56.02, 63.76, 0.01302, 3, 17, 86.58, 68.48, 0.00525, 21, 11.4, 70.19999, 0.96756, 22, -46.4, 60.25, 0.02717, 2, 21, 22.16, 62.6, 0.9418, 22, -34.02, 55.72, 0.05819, 2, 21, 37.12, 52.05, 0.84886, 22, -16.83, 49.44, 0.15113, 2, 21, 48.99, 43.68, 0.69708, 22, -3.19, 44.46, 0.30291, 2, 21, 54.77, 39.59, 0.59467, 22, 3.45, 42.03, 0.40532, 2, 21, 66.72, 31.16, 0.3403, 22, 17.19, 37.00999, 0.65969, 2, 21, 80.18, 21.66, 0.09619, 22, 32.66, 31.36, 0.9038, 2, 21, 93.63, 12.17, 0.01195, 22, 48.13, 25.7, 0.98804, 2, 21, 101.11, 6.89, 7.0E-4, 22, 56.73, 22.56, 0.99929, 1, 22, 65.07, 19.51, 1, 1, 22, 61.87, 10.75, 1, 2, 17, 153.86, -31.53, 9.1E-4, 22, 57.85, -0.24, 0.99908, 2, 17, 147.8, -37.38, 0.01425, 22, 54.96, -8.14999, 0.98574, 2, 17, 139.63, -45.26, 0.05866, 22, 51.07, -18.81, 0.94133, 2, 17, 132.81, -51.83, 0.12292, 22, 47.82, -27.71, 0.87707, 2, 17, 127.93, -56.55, 0.18554, 22, 45.49, -34.08, 0.81445, 2, 17, 118.17, -65.97, 0.33493, 22, 40.83, -46.82, 0.66506, 2, 17, 111.45, -72.44999, 0.44119, 22, 37.63, -55.59, 0.5588, 2, 17, 104.34, -79.31, 0.54338, 22, 34.24, -64.87, 0.45661, 2, 17, 95.65, -87.7, 0.6419, 22, 30.09, -76.21, 0.35809, 2, 17, 85.9, -97.1, 0.71532, 22, 25.45, -88.93, 0.28467, 2, 17, 76.94999, -105.74, 0.75222, 22, 21.17, -100.62, 0.24777, 2, 17, 68.97, -113.44, 0.76177, 22, 17.37, -111.04, 0.23822, 2, 17, 59.75, -103.88, 0.77274, 22, 4.9, -106.48, 0.22725, 2, 17, 51.11, -94.93, 0.80209, 22, -6.78, -102.21, 0.1979, 2, 17, 40.93999, -84.39, 0.85089, 22, -20.53, -97.18, 0.1491, 2, 17, 31.03, -74.12, 0.90155, 22, -33.93999, -92.28, 0.09844, 2, 17, 19.85, -62.53, 0.94933, 22, -49.07, -86.76, 0.05066, 2, 17, 8.92, -51.21, 0.97914, 22, -63.85, -81.35, 0.02085, 2, 17, -2, -39.88, 0.99423, 22, -78.62999, -75.94999, 0.00576, 2, 17, -10.38, -31.19, 0.9989, 22, -89.98, -71.81, 0.00109, 1, 17, -20.04999, -21.18, 1, 1, 17, -31.22, -9.59, 1, 1, 17, -40.37, -0.11, 1, 2, 17, -48.25, 8.04, 0.99796, 21, -109.7, -14.44, 0.00203, 2, 17, -56.7, 16.79999, 0.99696, 21, -119.65, -7.43, 0.00303, 2, 17, -5.99, -28.21, 0.99871, 22, -87.33, -67.19999, 0.00128, 2, 17, 7.45, -34.5, 0.99524, 22, -72.49, -66.97, 0.00474, 3, 17, 23.06, -36.24, 0.98181, 21, -31.34, -44.57, 1.2E-4, 22, -57.68, -61.7, 0.01806, 3, 17, 37.48, -35.03, 0.9575, 21, -17.4, -40.68, 0.00691, 22, -45.25, -54.31, 0.03557, 3, 17, 50.84, -34.84999, 0.91795, 21, -4.32, -38, 0.0377, 22, -33.32, -48.31, 0.04433, 3, 17, 63.75, -35.91999, 0.77285, 21, 8.56, -36.62, 0.10712, 22, -21.24, -43.61, 0.12002, 3, 17, 76.01999, -38.00999, 0.60597, 21, 21.01, -36.38, 0.14507, 22, -9.28, -40.13, 0.24894, 3, 17, 87.19, -43.64, 0.53832, 21, 33.03, -39.81, 0.06795, 22, 3.21, -40.3, 0.39372, 3, 17, 95.58, -52.76, 0.3888, 21, 42.98, -47.2, 0.0275, 22, 14.74, -44.83, 0.58367, 3, 17, 106.31, -59.63, 0.41189, 21, 54.8, -51.93, 0.00344, 22, 27.39, -46.31, 0.58464, 2, 17, 125.6, -42.65, 0.11262, 22, 37.31, -22.61, 0.88737, 2, 17, 123.1, -30.3, 0.10301, 22, 29.66, -12.59, 0.89698, 1, 22, 31.73, 0.78, 1, 2, 21, 76.33, 3.64, 0.011, 22, 33.66, 12.95, 0.98899, 2, 21, 75.51999, 13.23, 0.05063, 22, 30.37, 22, 0.94936, 2, 21, 69.07, 19.95, 0.13368, 22, 22.39, 26.8, 0.86631, 2, 21, 62.24, 27.66, 0.3403, 22, 13.78, 32.46, 0.65969, 2, 21, 43.59, 37.57, 0.66243, 22, -6.8, 37.16, 0.33756, 2, 21, 34.56, 33.47, 0.7887, 22, -14.44, 30.84, 0.21129, 2, 21, 20.70999, 32.78, 0.89067, 22, -27.63, 26.55, 0.10932, 3, 17, 76.78, 39.36, 0.00436, 21, 7.23, 39.75999, 0.95456, 22, -42.47, 29.78, 0.04107, 3, 17, 63.21, 50.87, 0.04535, 21, -8.24, 48.52, 0.94556, 22, -59.7, 34.18999, 0.00906, 3, 17, 49.2, 60.72, 0.06342, 21, -23.85, 55.57, 0.9337, 22, -76.61, 36.91, 0.00285, 2, 17, 32.23, 68.53, 0.19461, 21, -41.98, 60.06, 0.80538, 2, 17, 19.77, 71.67, 0.16515, 21, -54.81, 60.81, 0.83484, 2, 17, 4.27, 67.78, 0.3511, 21, -69.31, 54.07, 0.64889, 2, 17, -36.29, 27.4, 0.96367, 21, -101.59, 6.81, 0.03632, 2, 17, -35.09, 12.99, 0.98527, 21, -97.7, -7.12, 0.01472, 2, 17, -32.58, 1.88, 0.99601, 21, -93.15, -17.54999, 0.00398, 1, 17, -25.62, -8.87, 1, 1, 17, -5.16, -10.66, 1, 2, 17, 23.15, -14.68, 0.99865, 22, -67.04, -42.29, 0.00134, 2, 17, 48.1, -9.74, 0.99876, 22, -46.76, -26.92, 0.00123, 3, 17, 64.67, -10.45, 0.48366, 21, 4.67999, -11.44, 0.51471, 22, -31.56, -20.31, 0.00162, 3, 17, 82.19, -15.53, 0.18511, 21, 22.84, -13.14, 0.46814, 22, -13.58, -17.20999, 0.34673, 3, 17, 100.18, -29.11, 0.2596, 21, 43.06, -23.11, 0.16, 22, 8.53, -21.55, 0.58038, 2, 17, 113.01, -41.98, 0.10301, 22, 25.69, -27.51, 0.89698, 2, 17, -16.34, 13.16, 0.953, 21, -79.32, -3.44, 0.04699, 2, 17, 1.30999, 15.53, 0.96221, 21, -62.42, 2.2, 0.03778, 2, 17, 25.64, 20.28, 0.73036, 21, -39.41, 11.43, 0.26963, 3, 17, 48.89, 22.77, 0.24472, 21, -17.04, 18.23, 0.75434, 22, -60.29, 2.65, 9.2E-4, 2, 21, 11.08, 18.45999, 0.95772, 22, -33.18999, 10.22, 0.04227, 2, 21, 31.82, 12.79, 0.77376, 22, -11.69, 10.16, 0.22623, 1, 22, 10.35, 3.04, 1, 2, 21, 59.35, 11.65, 0.2016, 22, 15.17, 16.25, 0.79839, 2, 17, -13.59, 39.41999, 0.72022, 21, -81.55, 22.87, 0.27976, 2, 17, 14.18, 51.98, 0.3951, 21, -56.61, 40.41999, 0.60489, 2, 17, 37.43999, 54.88, 0.22745, 21, -34.31, 47.63, 0.77254, 3, 17, 30.94, -54.37, 0.9237, 21, -20.2, -60.91, 0.00199, 22, -42.66, -74.56, 0.0743, 3, 17, 49.78, -57.56, 0.85486, 21, -1.1, -60.5, 0.00796, 22, -24.33, -69.18, 0.13715, 3, 17, 69.33, -64.62999, 0.76167, 21, 19.42, -63.79, 0.02234, 22, -3.66, -67, 0.21597, 3, 17, 85.49, -72.43, 0.63732, 21, 36.75999, -68.41, 0.00488, 22, 14.28, -66.93, 0.35779 ],
				"hull": 51,
				"edges": [ 60, 62, 58, 60, 36, 38, 8, 6, 6, 4, 74, 76, 76, 78, 78, 80, 80, 82, 82, 84, 84, 86, 86, 88, 88, 90, 90, 92, 92, 94, 94, 96, 96, 98, 98, 100, 0, 100, 0, 2, 2, 4, 8, 10, 10, 12, 12, 14, 14, 16, 16, 18, 18, 20, 20, 22, 22, 24, 24, 26, 26, 28, 28, 30, 30, 32, 32, 34, 34, 36, 38, 40, 40, 42, 42, 44, 44, 46, 46, 48, 48, 50, 50, 52, 52, 54, 54, 56, 56, 58, 62, 64, 64, 66, 66, 68, 68, 70, 70, 72, 72, 74 ],
				"width": 181,
				"height": 139
			}
		},
		"hand_R_light": {
			"hand_R_light": { "x": -19.49, "y": 14.14, "rotation": 31.84, "width": 300, "height": 300 }
		},
		"head": {
			"head": { "x": 1.15, "y": 2.63, "rotation": -87.74, "width": 300, "height": 300 }
		},
		"head_light": {
			"head_light": { "x": 2.69, "y": 4.29, "rotation": -87.74, "width": 300, "height": 300 }
		}
	},
	"damage": {
		"JZ_L": {
			"change": { "name": "JZ_L_damage", "x": -12.06, "y": -33.33, "rotation": -172.75, "width": 300, "height": 300 }
		},
		"JZ_R": {
			"change": { "name": "JZ_R_damge", "x": -67.94, "y": 16.3, "rotation": 19.49, "width": 300, "height": 300 }
		},
		"JZ_R_light": {
			"change": { "name": "JZ_R_damge_light", "x": -67.19, "y": 15.1, "rotation": 19.49, "width": 300, "height": 300 }
		},
		"QQ": {
			"change": { "name": "BJ_damage", "x": -91.65, "y": -38.6, "rotation": 158.39, "width": 300, "height": 300 }
		},
		"Rodney_body_normal": {
			"Body_Change": { "name": "Rodney_body_damage", "x": 130.63, "y": 9.19, "rotation": -90, "width": 300, "height": 300 }
		},
		"cap": {
			"change": { "name": "cap_damage", "x": -65.21, "y": 45.89, "rotation": -138.08, "width": 300, "height": 300 }
		},
		"hand_R": {
			"change": { "name": "hand_R_damage", "x": -19.49, "y": 14.14, "rotation": 31.84, "width": 300, "height": 300 }
		}
	},
	"normal": {
		"JZ_L": {
			"change": { "name": "JZ_L", "x": -12.06, "y": -33.33, "rotation": -172.75, "width": 300, "height": 300 }
		},
		"JZ_R": {
			"change": { "name": "JZ_R", "x": -67.94, "y": 16.3, "rotation": 19.49, "width": 300, "height": 300 }
		},
		"JZ_R_light": {
			"change": { "name": "JZ_R_light", "x": -67.6, "y": 16.27, "rotation": 19.49, "width": 300, "height": 300 }
		},
		"QQ": {
			"change": { "name": "BJ", "x": -91.65, "y": -38.6, "rotation": 158.39, "width": 300, "height": 300 }
		},
		"Rodney_body_normal": {
			"Body_Change": { "name": "Rodney_body_normal", "x": 130.63, "y": 9.19, "rotation": -90, "width": 300, "height": 300 }
		},
		"cap": {
			"change": { "name": "cap", "x": -65.21, "y": 45.89, "rotation": -138.08, "width": 300, "height": 300 }
		},
		"hand_R": {
			"change": { "name": "hand_R", "x": -19.49, "y": 14.14, "rotation": 31.84, "width": 300, "height": 300 }
		}
	}
},
"events": {
	"Antiaircraft": {},
	"attack_point": {},
	"damage_point": {},
	"throw_point": {}
},
"animations": {
	"Antiaircraft": {
		"slots": {
			"JZ_R_light": {
				"attachment": [
					{ "time": 0, "name": null },
					{ "time": 0.0666, "name": "change" }
				],
				"color": [
					{ "time": 0.0666, "color": "fffffffd" },
					{ "time": 0.1666, "color": "ffffff00" },
					{ "time": 0.2, "color": "ffffffff" },
					{ "time": 0.3333, "color": "ffffff00" },
					{ "time": 0.3666, "color": "ffffffff" },
					{ "time": 0.4666, "color": "ffffff00" },
					{ "time": 0.6, "color": "ffffffff" },
					{ "time": 0.7333, "color": "ffffff00" },
					{ "time": 0.8, "color": "ffffffff" },
					{ "time": 0.9, "color": "ffffff00" },
					{ "time": 0.9666, "color": "ffffffff" },
					{ "time": 1.1, "color": "ffffff00" },
					{ "time": 1.1333, "color": "ffffffff" },
					{ "time": 1.2333, "color": "ffffff00" },
					{ "time": 1.3666, "color": "ffffffff" },
					{ "time": 1.4666, "color": "ffffff00" },
					{ "time": 1.5333, "color": "ffffffff" },
					{ "time": 1.6333, "color": "ffffff00" },
					{ "time": 1.7, "color": "ffffffff" },
					{ "time": 1.8333, "color": "ffffff00" },
					{ "time": 1.8666, "color": "ffffffff" },
					{ "time": 1.9666, "color": "ffffff00" }
				]
			},
			"JZ_light": {
				"attachment": [
					{ "time": 0, "name": null },
					{ "time": 0.0666, "name": "JZ_L_light" }
				],
				"color": [
					{ "time": 0.0666, "color": "fffffffd" },
					{ "time": 0.1666, "color": "ffffff00" },
					{ "time": 0.2, "color": "ffffffff" },
					{ "time": 0.3333, "color": "ffffff00" },
					{ "time": 0.3666, "color": "ffffffff" },
					{ "time": 0.4666, "color": "ffffff00" },
					{ "time": 0.6, "color": "ffffffff" },
					{ "time": 0.7333, "color": "ffffff00" },
					{ "time": 0.8, "color": "ffffffff" },
					{ "time": 0.9, "color": "ffffff00" },
					{ "time": 0.9666, "color": "ffffffff" },
					{ "time": 1.1, "color": "ffffff00" },
					{ "time": 1.1333, "color": "ffffffff" },
					{ "time": 1.2333, "color": "ffffff00" },
					{ "time": 1.3666, "color": "ffffffff" },
					{ "time": 1.4666, "color": "ffffff00" },
					{ "time": 1.5333, "color": "ffffffff" },
					{ "time": 1.6333, "color": "ffffff00" },
					{ "time": 1.7, "color": "ffffffff" },
					{ "time": 1.8333, "color": "ffffff00" },
					{ "time": 1.8666, "color": "ffffffff" },
					{ "time": 1.9666, "color": "ffffff00" }
				]
			},
			"Light_Body": {
				"attachment": [
					{ "time": 0, "name": null },
					{ "time": 0.0666, "name": "Rodney_ship_body_normal_light" },
					{ "time": 0.5, "name": "Rodney_ship_body_normal_light" },
					{ "time": 1.2666, "name": "Rodney_ship_body_normal_light" },
					{ "time": 2, "name": null }
				],
				"color": [
					{ "time": 0.0666, "color": "fffffffd" },
					{ "time": 0.1666, "color": "ffffff00" },
					{ "time": 0.2, "color": "ffffffff" },
					{ "time": 0.3333, "color": "ffffff00" },
					{ "time": 0.3666, "color": "ffffffff" },
					{ "time": 0.4666, "color": "ffffff00" },
					{ "time": 0.6, "color": "ffffffff" },
					{ "time": 0.7333, "color": "ffffff00" },
					{ "time": 0.8, "color": "ffffffff" },
					{ "time": 0.9, "color": "ffffff00" },
					{ "time": 0.9666, "color": "ffffffff" },
					{ "time": 1.1, "color": "ffffff00" },
					{ "time": 1.1333, "color": "ffffffff" },
					{ "time": 1.2333, "color": "ffffff00" },
					{ "time": 1.3666, "color": "ffffffff" },
					{ "time": 1.4666, "color": "ffffff00" },
					{ "time": 1.5333, "color": "ffffffff" },
					{ "time": 1.6333, "color": "ffffff00" },
					{ "time": 1.7, "color": "ffffffff" },
					{ "time": 1.8333, "color": "ffffff00" },
					{ "time": 1.8666, "color": "ffffffff" },
					{ "time": 1.9666, "color": "ffffff00" }
				]
			},
			"Rodney_body_normal": {
				"attachment": [
					{ "time": 0, "name": "Body_Change" }
				]
			},
			"cap_light": {
				"attachment": [
					{ "time": 0, "name": null },
					{ "time": 0.0666, "name": "cap_light" }
				],
				"color": [
					{ "time": 0.0666, "color": "fffffffd" },
					{ "time": 0.1666, "color": "ffffff00" },
					{ "time": 0.2, "color": "ffffffff" },
					{ "time": 0.3333, "color": "ffffff00" },
					{ "time": 0.3666, "color": "ffffffff" },
					{ "time": 0.4666, "color": "ffffff00" },
					{ "time": 0.6, "color": "ffffffff" },
					{ "time": 0.7333, "color": "ffffff00" },
					{ "time": 0.8, "color": "ffffffff" },
					{ "time": 0.9, "color": "ffffff00" },
					{ "time": 0.9666, "color": "ffffffff" },
					{ "time": 1.1, "color": "ffffff00" },
					{ "time": 1.1333, "color": "ffffffff" },
					{ "time": 1.2333, "color": "ffffff00" },
					{ "time": 1.3666, "color": "ffffffff" },
					{ "time": 1.4666, "color": "ffffff00" },
					{ "time": 1.5333, "color": "ffffffff" },
					{ "time": 1.6333, "color": "ffffff00" },
					{ "time": 1.7, "color": "ffffffff" },
					{ "time": 1.8333, "color": "ffffff00" },
					{ "time": 1.8666, "color": "ffffffff" },
					{ "time": 1.9666, "color": "ffffff00" }
				]
			},
			"hand_R_light": {
				"attachment": [
					{ "time": 0, "name": null },
					{ "time": 0.0666, "name": "hand_R_light" }
				],
				"color": [
					{ "time": 0.0666, "color": "fffffffd" },
					{ "time": 0.1666, "color": "ffffff00" },
					{ "time": 0.2, "color": "ffffffff" },
					{ "time": 0.3333, "color": "ffffff00" },
					{ "time": 0.3666, "color": "ffffffff" },
					{ "time": 0.4666, "color": "ffffff00" },
					{ "time": 0.6, "color": "ffffffff" },
					{ "time": 0.7333, "color": "ffffff00" },
					{ "time": 0.8, "color": "ffffffff" },
					{ "time": 0.9, "color": "ffffff00" },
					{ "time": 0.9666, "color": "ffffffff" },
					{ "time": 1.1, "color": "ffffff00" },
					{ "time": 1.1333, "color": "ffffffff" },
					{ "time": 1.2333, "color": "ffffff00" },
					{ "time": 1.3666, "color": "ffffffff" },
					{ "time": 1.4666, "color": "ffffff00" },
					{ "time": 1.5333, "color": "ffffffff" },
					{ "time": 1.6333, "color": "ffffff00" },
					{ "time": 1.7, "color": "ffffffff" },
					{ "time": 1.8333, "color": "ffffff00" },
					{ "time": 1.8666, "color": "ffffffff" },
					{ "time": 1.9666, "color": "ffffff00" }
				]
			},
			"head_light": {
				"attachment": [
					{ "time": 0, "name": null },
					{ "time": 0.0666, "name": "head_light" },
					{ "time": 0.5, "name": null },
					{ "time": 0.6, "name": "head_light" },
					{ "time": 0.8, "name": "head_light" },
					{ "time": 1.2666, "name": null },
					{ "time": 1.3666, "name": "head_light" },
					{ "time": 2, "name": null }
				],
				"color": [
					{ "time": 0.0666, "color": "fffffffd" },
					{ "time": 0.1666, "color": "ffffff00" },
					{ "time": 0.2, "color": "ffffffff" },
					{ "time": 0.3333, "color": "ffffff00" },
					{ "time": 0.3666, "color": "ffffffff" },
					{ "time": 0.4666, "color": "ffffff00" },
					{ "time": 0.6, "color": "ffffffff" },
					{ "time": 0.7333, "color": "ffffff00" },
					{ "time": 0.8, "color": "ffffffff" },
					{ "time": 0.9, "color": "ffffff00" },
					{ "time": 0.9666, "color": "ffffffff" },
					{ "time": 1.1, "color": "ffffff00" },
					{ "time": 1.1333, "color": "ffffffff" },
					{ "time": 1.2333, "color": "ffffff00" },
					{ "time": 1.3666, "color": "ffffffff" },
					{ "time": 1.4666, "color": "ffffff00" },
					{ "time": 1.5333, "color": "ffffffff" },
					{ "time": 1.6333, "color": "ffffff00" },
					{ "time": 1.7, "color": "ffffffff" },
					{ "time": 1.8333, "color": "ffffff00" },
					{ "time": 1.8666, "color": "ffffffff" },
					{ "time": 1.9666, "color": "ffffff00" }
				]
			}
		},
		"bones": {
			"Body": {
				"rotate": [
					{ "time": 0, "angle": 0, "curve": "stepped" },
					{ "time": 2, "angle": 0 }
				],
				"translate": [
					{ "time": 0, "x": 0, "y": 0, "curve": "stepped" },
					{ "time": 2, "x": 0, "y": 0 }
				]
			},
			"Root_All": {
				"rotate": [
					{ "time": 0, "angle": 0, "curve": "stepped" },
					{ "time": 2, "angle": 0 }
				],
				"translate": [
					{
						"time": 0,
						"x": 0,
						"y": 0,
						"curve": [ 0.255, 0.35, 0.6, 0.7 ]
					},
					{
						"time": 0.5,
						"x": 0,
						"y": -9.82,
						"curve": [ 0.3, 0.39, 0.641, 0.74 ]
					},
					{
						"time": 1,
						"x": 0,
						"y": -15.66,
						"curve": [ 0.322, 0.37, 0.652, 0.7 ]
					},
					{
						"time": 1.5,
						"x": 0,
						"y": -7.79,
						"curve": [ 0.314, 0.36, 0.644, 0.68 ]
					},
					{ "time": 2, "x": 0, "y": 0 }
				]
			},
			"Ship_All": {
				"rotate": [
					{ "time": 0, "angle": 0, "curve": "stepped" },
					{ "time": 2, "angle": 0 }
				],
				"translate": [
					{ "time": 0, "x": 0, "y": 0, "curve": "stepped" },
					{ "time": 2, "x": 0, "y": 0 }
				]
			},
			"Face": {
				"rotate": [
					{ "time": 0, "angle": 0, "curve": "stepped" },
					{ "time": 2, "angle": 0 }
				],
				"translate": [
					{
						"time": 0,
						"x": 0,
						"y": 0,
						"curve": [ 0.286, 0.34, 0.623, 0.67 ]
					},
					{
						"time": 0.5,
						"x": 0.64,
						"y": 0,
						"curve": [ 0.282, 0.37, 0.624, 0.71 ]
					},
					{
						"time": 1.5,
						"x": -1.28,
						"y": 0,
						"curve": [ 0.321, 0.37, 0.656, 0.71 ]
					},
					{ "time": 2, "x": 0, "y": 0 }
				]
			},
			"Head": {
				"rotate": [
					{ "time": 0, "angle": 0 },
					{ "time": 1, "angle": -4.44 },
					{ "time": 2, "angle": 0 }
				],
				"translate": [
					{ "time": 0, "x": 0, "y": 0, "curve": "stepped" },
					{ "time": 2, "x": 0, "y": 0 }
				]
			},
			"Cap": {
				"rotate": [
					{ "time": 0, "angle": 0 },
					{ "time": 1, "angle": 7.02 },
					{ "time": 2, "angle": 0 }
				],
				"translate": [
					{ "time": 0, "x": 0, "y": 0 },
					{ "time": 1, "x": -2.07, "y": 4.26 },
					{ "time": 2, "x": 0, "y": 0 }
				]
			},
			"JZ_R": {
				"rotate": [
					{ "time": 0, "angle": 0 },
					{ "time": 1, "angle": 9.49 },
					{ "time": 2, "angle": 0 }
				],
				"translate": [
					{ "time": 0, "x": 0, "y": 0, "curve": "stepped" },
					{ "time": 2, "x": 0, "y": 0 }
				]
			},
			"JZ": {
				"rotate": [
					{ "time": 0, "angle": 0, "curve": "stepped" },
					{ "time": 2, "angle": 0 }
				],
				"translate": [
					{ "time": 0, "x": 0, "y": 0, "curve": "stepped" },
					{ "time": 2, "x": 0, "y": 0 }
				]
			},
			"JZ_behand": {
				"rotate": [
					{ "time": 0, "angle": 0 },
					{ "time": 1, "angle": -3.34 },
					{ "time": 2, "angle": 0 }
				],
				"translate": [
					{ "time": 0, "x": 0, "y": 0, "curve": "stepped" },
					{ "time": 2, "x": 0, "y": 0 }
				]
			},
			"hand_R": {
				"rotate": [
					{ "time": 0, "angle": 0 },
					{ "time": 1, "angle": -14.85 },
					{ "time": 2, "angle": 0 }
				],
				"translate": [
					{ "time": 0, "x": 0, "y": 0, "curve": "stepped" },
					{ "time": 2, "x": 0, "y": 0 }
				]
			},
			"JZ_L": {
				"rotate": [
					{ "time": 0, "angle": 0 },
					{ "time": 1, "angle": -9.31 },
					{ "time": 2, "angle": 0 }
				],
				"translate": [
					{ "time": 0, "x": 0, "y": 0, "curve": "stepped" },
					{ "time": 2, "x": 0, "y": 0 }
				]
			},
			"hair": {
				"rotate": [
					{ "time": 0, "angle": 0 },
					{ "time": 1, "angle": -4.18 },
					{ "time": 2, "angle": 0 }
				],
				"translate": [
					{ "time": 0, "x": 0, "y": 0 },
					{ "time": 1, "x": 0.45, "y": -3.86 },
					{ "time": 2, "x": 0, "y": 0 }
				]
			},
			"bone3": {
				"rotate": [
					{ "time": 0, "angle": 0 },
					{ "time": 1, "angle": 16.15 },
					{ "time": 2, "angle": 0 }
				],
				"translate": [
					{ "time": 0, "x": 0, "y": 0, "curve": "stepped" },
					{ "time": 2, "x": 0, "y": 0 }
				]
			},
			"bone2": {
				"rotate": [
					{ "time": 0, "angle": 0 },
					{ "time": 1, "angle": -8.39 },
					{ "time": 2, "angle": 0 }
				],
				"translate": [
					{ "time": 0, "x": 0, "y": 0, "curve": "stepped" },
					{ "time": 2, "x": 0, "y": 0 }
				]
			},
			"bone": {
				"rotate": [
					{ "time": 0, "angle": 0 },
					{ "time": 1, "angle": -10.74 },
					{ "time": 2, "angle": 0 }
				],
				"translate": [
					{ "time": 0, "x": 0, "y": 0, "curve": "stepped" },
					{ "time": 2, "x": 0, "y": 0 }
				]
			},
			"MMMMM": {
				"rotate": [
					{ "time": 0, "angle": 0 },
					{ "time": 0.6666, "angle": -2.59 },
					{ "time": 1.3333, "angle": 7.5 },
					{ "time": 2, "angle": 0 }
				],
				"translate": [
					{ "time": 0, "x": 0, "y": 0, "curve": "stepped" },
					{ "time": 2, "x": 0, "y": 0 }
				]
			},
			"bone9": {
				"rotate": [
					{ "time": 0, "angle": 0 },
					{ "time": 0.6666, "angle": -2.59 },
					{ "time": 1.3333, "angle": 7.5 },
					{ "time": 2, "angle": 0 }
				],
				"translate": [
					{ "time": 0, "x": 0, "y": 0, "curve": "stepped" },
					{ "time": 2, "x": 0, "y": 0 }
				]
			},
			"bone8": {
				"rotate": [
					{ "time": 0, "angle": 0 },
					{ "time": 0.6666, "angle": -2.59 },
					{ "time": 1.3333, "angle": 7.5 },
					{ "time": 2, "angle": 0 }
				],
				"translate": [
					{ "time": 0, "x": 0, "y": 0, "curve": "stepped" },
					{ "time": 2, "x": 0, "y": 0 }
				]
			},
			"bone7": {
				"rotate": [
					{ "time": 0, "angle": 0 },
					{ "time": 0.6666, "angle": -2.59 },
					{ "time": 1.3333, "angle": 7.5 },
					{ "time": 2, "angle": 0 }
				],
				"translate": [
					{ "time": 0, "x": 0, "y": 0, "curve": "stepped" },
					{ "time": 2, "x": 0, "y": 0 }
				]
			},
			"bone6": {
				"rotate": [
					{ "time": 0, "angle": 0 },
					{ "time": 0.6666, "angle": -2.59 },
					{ "time": 1.3333, "angle": 7.5 },
					{ "time": 2, "angle": 0 }
				],
				"translate": [
					{ "time": 0, "x": 0, "y": 0, "curve": "stepped" },
					{ "time": 2, "x": 0, "y": 0 }
				]
			},
			"bone5": {
				"rotate": [
					{ "time": 0, "angle": 0 },
					{ "time": 0.6666, "angle": -2.59 },
					{ "time": 1.3333, "angle": 7.5 },
					{ "time": 2, "angle": 0 }
				],
				"translate": [
					{ "time": 0, "x": 0, "y": 0, "curve": "stepped" },
					{ "time": 2, "x": 0, "y": 0 }
				]
			}
		},
		"events": [
			{ "time": 0.0666, "name": "Antiaircraft" }
		]
	},
	"attack": {
		"slots": {
			"JZ_R_light": {
				"attachment": [
					{ "time": 0, "name": null },
					{ "time": 0.0666, "name": "change" }
				],
				"color": [
					{ "time": 0.5333, "color": "fffffffb" },
					{ "time": 0.8333, "color": "ffffff00" }
				]
			},
			"JZ_light": {
				"attachment": [
					{ "time": 0, "name": null },
					{ "time": 0.0666, "name": "JZ_L_light" }
				],
				"color": [
					{ "time": 0.5333, "color": "fffffffb" },
					{ "time": 0.8333, "color": "ffffff00" }
				]
			},
			"Light_Body": {
				"attachment": [
					{ "time": 0, "name": null },
					{ "time": 0.0666, "name": "Rodney_ship_body_normal_light" }
				],
				"color": [
					{ "time": 0.5333, "color": "fffffffb" },
					{ "time": 0.8333, "color": "ffffff00" }
				]
			},
			"Rodney_body_normal": {
				"attachment": [
					{ "time": 0, "name": "Body_Change" },
					{ "time": 0.9, "name": "Body_Change" }
				]
			},
			"cap_light": {
				"attachment": [
					{ "time": 0, "name": null },
					{ "time": 0.0666, "name": "cap_light" },
					{ "time": 0.1, "name": "cap_light" },
					{ "time": 0.5, "name": "cap_light" }
				],
				"color": [
					{ "time": 0.5333, "color": "fffffffb" },
					{ "time": 0.8333, "color": "ffffff00" }
				]
			},
			"hand_R_light": {
				"attachment": [
					{ "time": 0, "name": null },
					{ "time": 0.0666, "name": "hand_R_light" }
				],
				"color": [
					{ "time": 0.5333, "color": "fffffffb" },
					{ "time": 0.8333, "color": "ffffff00" }
				]
			},
			"head_light": {
				"attachment": [
					{ "time": 0, "name": null },
					{ "time": 0.0666, "name": "head_light" },
					{ "time": 0.1, "name": "head_light" },
					{ "time": 0.5, "name": "head_light" }
				],
				"color": [
					{ "time": 0.5333, "color": "fffffffb" },
					{ "time": 0.8333, "color": "ffffff00" }
				]
			}
		},
		"bones": {
			"Root_All": {
				"rotate": [
					{ "time": 0, "angle": 0, "curve": "stepped" },
					{ "time": 1.6666, "angle": 0 }
				],
				"translate": [
					{
						"time": 0,
						"x": 0,
						"y": 0,
						"curve": [ 0.255, 0.35, 0.6, 0.7 ]
					},
					{ "time": 0.0666, "x": 8.69, "y": 0 },
					{ "time": 0.1666, "x": -87.44, "y": 0 },
					{ "time": 0.3333, "x": -61.04, "y": 0 },
					{ "time": 0.5333, "x": -69.84, "y": 0 },
					{ "time": 1, "x": -85.6, "y": 0 },
					{ "time": 1.4, "x": 15.07, "y": 0 },
					{ "time": 1.6666, "x": 0, "y": 0 }
				]
			},
			"Face": {
				"rotate": [
					{ "time": 0, "angle": 0, "curve": "stepped" },
					{ "time": 1.6666, "angle": 0 }
				],
				"translate": [
					{
						"time": 0,
						"x": 0,
						"y": 0,
						"curve": [ 0.286, 0.34, 0.623, 0.67 ]
					},
					{ "time": 0.1666, "x": 0, "y": 3.4 },
					{ "time": 0.3333, "x": -0.2, "y": 1.71 },
					{ "time": 0.9, "x": -0.34, "y": 1.96 },
					{ "time": 1, "x": -0.15, "y": 1.13 },
					{ "time": 1.4, "x": -0.35, "y": 0.55 },
					{ "time": 1.6666, "x": 0, "y": 0 }
				]
			},
			"Ship_All": {
				"rotate": [
					{ "time": 0, "angle": 0, "curve": "stepped" },
					{ "time": 1.6666, "angle": 0 }
				],
				"translate": [
					{ "time": 0, "x": 0, "y": 0, "curve": "stepped" },
					{ "time": 1.6666, "x": 0, "y": 0 }
				]
			},
			"Body": {
				"rotate": [
					{ "time": 0, "angle": 0, "curve": "stepped" },
					{ "time": 1.6666, "angle": 0 }
				],
				"translate": [
					{ "time": 0, "x": 0, "y": 0, "curve": "stepped" },
					{ "time": 1.6666, "x": 0, "y": 0 }
				]
			},
			"Attack_Point": {
				"rotate": [
					{ "time": 0.0666, "angle": 0 }
				],
				"translate": [
					{ "time": 0.0666, "x": 0, "y": 0 }
				]
			},
			"Cap": {
				"rotate": [
					{ "time": 0, "angle": 0 },
					{ "time": 0.8333, "angle": 7.67 },
					{ "time": 1.6666, "angle": 0 }
				],
				"translate": [
					{ "time": 0, "x": 0, "y": 0 },
					{ "time": 0.8333, "x": -0.05, "y": 1.49 },
					{ "time": 1.6666, "x": 0, "y": 0 }
				]
			},
			"Head": {
				"rotate": [
					{ "time": 0, "angle": 0 },
					{ "time": 0.1666, "angle": -7.89 },
					{ "time": 0.6666, "angle": -7.45 },
					{ "time": 1.6666, "angle": 0 }
				],
				"translate": [
					{ "time": 0, "x": 0, "y": 0, "curve": "stepped" },
					{ "time": 1.6666, "x": 0, "y": 0 }
				]
			},
			"JZ_R": {
				"rotate": [
					{ "time": 0, "angle": 0 },
					{ "time": 0.0666, "angle": -39.45 },
					{ "time": 0.1666, "angle": 10.11 },
					{ "time": 0.3333, "angle": -324.57 },
					{ "time": 0.8333, "angle": 10.42 },
					{ "time": 1.6666, "angle": 0 }
				],
				"translate": [
					{ "time": 0, "x": 0, "y": 0, "curve": "stepped" },
					{ "time": 1.6666, "x": 0, "y": 0 }
				]
			},
			"JZ_behand": {
				"rotate": [
					{ "time": 0, "angle": 0 },
					{ "time": 0.1666, "angle": -8.5 },
					{ "time": 0.5, "angle": 3.1 },
					{ "time": 1.6666, "angle": 0 }
				],
				"translate": [
					{ "time": 0, "x": 0, "y": 0, "curve": "stepped" },
					{ "time": 1.6666, "x": 0, "y": 0 }
				]
			},
			"JZ": {
				"rotate": [
					{ "time": 0, "angle": 0, "curve": "stepped" },
					{ "time": 1.6666, "angle": 0 }
				],
				"translate": [
					{ "time": 0, "x": 0, "y": 0, "curve": "stepped" },
					{ "time": 1.6666, "x": 0, "y": 0 }
				]
			},
			"JZ_L": {
				"rotate": [
					{ "time": 0, "angle": 0 },
					{ "time": 0.1666, "angle": -12.57 },
					{ "time": 0.5, "angle": 11.2 },
					{ "time": 1.6666, "angle": 0 }
				],
				"translate": [
					{ "time": 0, "x": 0, "y": 0, "curve": "stepped" },
					{ "time": 1.6666, "x": 0, "y": 0 }
				]
			},
			"hand_R": {
				"rotate": [
					{ "time": 0, "angle": 0 },
					{ "time": 0.3333, "angle": 13.17 },
					{ "time": 1, "angle": -5.1 },
					{ "time": 1.6666, "angle": 0 }
				],
				"translate": [
					{ "time": 0, "x": 0, "y": 0, "curve": "stepped" },
					{ "time": 1.6666, "x": 0, "y": 0 }
				]
			},
			"hair": {
				"rotate": [
					{ "time": 0, "angle": 0 },
					{ "time": 0.3333, "angle": -2.56 },
					{ "time": 1, "angle": 0.77 },
					{ "time": 1.6666, "angle": 0 }
				],
				"translate": [
					{ "time": 0, "x": 0, "y": 0, "curve": "stepped" },
					{ "time": 1.6666, "x": 0, "y": 0 }
				]
			},
			"bone3": {
				"rotate": [
					{ "time": 0, "angle": 0, "curve": "stepped" },
					{ "time": 0.3333, "angle": 0 },
					{ "time": 1, "angle": -4.84 },
					{ "time": 1.6666, "angle": 0 }
				],
				"translate": [
					{ "time": 0, "x": 0, "y": 0, "curve": "stepped" },
					{ "time": 1.6666, "x": 0, "y": 0 }
				]
			},
			"bone2": {
				"rotate": [
					{ "time": 0, "angle": 0 },
					{ "time": 0.3333, "angle": -1 },
					{ "time": 1, "angle": -4.84 },
					{ "time": 1.6666, "angle": 0 }
				],
				"translate": [
					{ "time": 0, "x": 0, "y": 0, "curve": "stepped" },
					{ "time": 1.6666, "x": 0, "y": 0 }
				]
			},
			"bone": {
				"rotate": [
					{ "time": 0, "angle": 0 },
					{ "time": 0.3333, "angle": -9.22 },
					{ "time": 1, "angle": -4.84 },
					{ "time": 1.6666, "angle": 0 }
				],
				"translate": [
					{ "time": 0, "x": 0, "y": 0, "curve": "stepped" },
					{ "time": 1.6666, "x": 0, "y": 0 }
				]
			},
			"MMMMM": {
				"rotate": [
					{ "time": 0, "angle": 0 },
					{ "time": 0.3333, "angle": 16.07 },
					{ "time": 0.6666, "angle": 5.34 },
					{ "time": 0.8333, "angle": -13.51 },
					{ "time": 1, "angle": 7.34 },
					{ "time": 1.6666, "angle": -0.29 }
				],
				"translate": [
					{ "time": 0, "x": 0, "y": 0 }
				]
			},
			"bone9": {
				"rotate": [
					{ "time": 0, "angle": 0 },
					{ "time": 0.3333, "angle": 16.07 },
					{ "time": 0.6666, "angle": 5.34 },
					{ "time": 0.8333, "angle": -13.51 },
					{ "time": 1, "angle": 7.34 },
					{ "time": 1.6666, "angle": -0.29 }
				],
				"translate": [
					{ "time": 0, "x": 0, "y": 0 }
				]
			},
			"bone8": {
				"rotate": [
					{ "time": 0, "angle": 0 },
					{ "time": 0.3333, "angle": 16.07 },
					{ "time": 0.6666, "angle": 5.34 },
					{ "time": 0.8333, "angle": -13.51 },
					{ "time": 1, "angle": 7.34 },
					{ "time": 1.6666, "angle": -0.29 }
				],
				"translate": [
					{ "time": 0, "x": 0, "y": 0 }
				]
			},
			"bone7": {
				"rotate": [
					{ "time": 0, "angle": 0 },
					{ "time": 0.3333, "angle": 16.07 },
					{ "time": 0.6666, "angle": 5.34 },
					{ "time": 0.8333, "angle": -13.51 },
					{ "time": 1, "angle": 7.34 },
					{ "time": 1.6666, "angle": -0.29 }
				],
				"translate": [
					{ "time": 0, "x": 0, "y": 0 }
				]
			},
			"bone6": {
				"rotate": [
					{ "time": 0, "angle": 0 },
					{ "time": 0.3333, "angle": 27.17 },
					{ "time": 0.6666, "angle": 13.67 },
					{ "time": 0.8333, "angle": -6.57 },
					{ "time": 1, "angle": 12.89 },
					{ "time": 1.6666, "angle": -0.29 }
				],
				"translate": [
					{ "time": 0, "x": 0, "y": 0 }
				]
			},
			"bone5": {
				"rotate": [
					{ "time": 0, "angle": 0 },
					{ "time": 0.3333, "angle": 27.17 },
					{ "time": 0.6666, "angle": 13.67 },
					{ "time": 0.8333, "angle": -6.57 },
					{ "time": 1, "angle": 12.89 },
					{ "time": 1.6666, "angle": -0.29 }
				],
				"translate": [
					{ "time": 0, "x": 0, "y": 0 }
				]
			}
		},
		"events": [
			{ "time": 0.0666, "name": "attack_point" }
		]
	},
	"damage": {
		"slots": {
			"JZ_L": {
				"color": [
					{ "time": 0.0666, "color": "8c4c51ff", "curve": "stepped" },
					{ "time": 0.7666, "color": "8c4c51ff" },
					{ "time": 1.1333, "color": "ffffffff" }
				]
			},
			"JZ_R": {
				"color": [
					{ "time": 0.0666, "color": "8c4c51ff", "curve": "stepped" },
					{ "time": 0.7666, "color": "8c4c51ff" },
					{ "time": 1.1333, "color": "ffffffff" }
				]
			},
			"JZ_R_light": {
				"attachment": [
					{ "time": 0, "name": null },
					{ "time": 0.0666, "name": "change" },
					{ "time": 0.7666, "name": null }
				],
				"color": [
					{ "time": 0.5333, "color": "fffffffc" },
					{ "time": 0.7666, "color": "ffffff00" }
				]
			},
			"JZ_light": {
				"attachment": [
					{ "time": 0, "name": null },
					{ "time": 0.0666, "name": "JZ_L_light" },
					{ "time": 0.7666, "name": null }
				],
				"color": [
					{ "time": 0.5333, "color": "fffffffc" },
					{ "time": 0.7666, "color": "ffffff00" }
				]
			},
			"Light_Body": {
				"attachment": [
					{ "time": 0, "name": null },
					{ "time": 0.0666, "name": "Rodney_ship_body_normal_light" },
					{ "time": 0.7666, "name": null }
				],
				"color": [
					{ "time": 0.5333, "color": "fffffffc" },
					{ "time": 0.7666, "color": "ffffff00" }
				]
			},
			"MMMM": {
				"color": [
					{ "time": 0.0666, "color": "8c4c51ff", "curve": "stepped" },
					{ "time": 0.7666, "color": "8c4c51ff" },
					{ "time": 1.1333, "color": "ffffffff" }
				]
			},
			"QQ": {
				"color": [
					{ "time": 0.0666, "color": "8c4c51ff", "curve": "stepped" },
					{ "time": 0.7666, "color": "8c4c51ff" },
					{ "time": 1.1333, "color": "ffffffff" }
				]
			},
			"Rodney_body_normal": {
				"attachment": [
					{ "time": 0, "name": "Body_Change" },
					{ "time": 0.8666, "name": "Body_Change" }
				],
				"color": [
					{ "time": 0.0666, "color": "8c4c51ff", "curve": "stepped" },
					{ "time": 0.7666, "color": "8c4c51ff" },
					{ "time": 1.1333, "color": "ffffffff" }
				]
			},
			"Rodney_eyes_normal": {
				"attachment": [
					{ "time": 0.0666, "name": "Rodney_eyes_damage" },
					{ "time": 1.1333, "name": "Rodney_eyes_normal" }
				],
				"color": [
					{ "time": 0.0666, "color": "8c4c51ff", "curve": "stepped" },
					{ "time": 0.7666, "color": "8c4c51ff" },
					{ "time": 1.1333, "color": "ffffffff" }
				]
			},
			"cap": {
				"color": [
					{ "time": 0.0666, "color": "8c4c51ff", "curve": "stepped" },
					{ "time": 0.7666, "color": "8c4c51ff" },
					{ "time": 1.1333, "color": "ffffffff" }
				]
			},
			"cap_light": {
				"attachment": [
					{ "time": 0, "name": null },
					{ "time": 0.0666, "name": "cap_light" }
				],
				"color": [
					{ "time": 0.5333, "color": "fffffffc" },
					{ "time": 0.7666, "color": "ffffff00" }
				]
			},
			"hair": {
				"color": [
					{ "time": 0.0666, "color": "8c4c51ff", "curve": "stepped" },
					{ "time": 0.7666, "color": "8c4c51ff" },
					{ "time": 1.1333, "color": "ffffffff" }
				]
			},
			"hand_R": {
				"color": [
					{ "time": 0.0666, "color": "8c4c51ff", "curve": "stepped" },
					{ "time": 0.7666, "color": "8c4c51ff" },
					{ "time": 1.1333, "color": "ffffffff" }
				]
			},
			"hand_R_light": {
				"attachment": [
					{ "time": 0, "name": null },
					{ "time": 0.0666, "name": "hand_R_light" },
					{ "time": 0.7666, "name": null }
				],
				"color": [
					{ "time": 0.5333, "color": "fffffffc" },
					{ "time": 0.7666, "color": "ffffff00" }
				]
			},
			"head": {
				"color": [
					{ "time": 0.0666, "color": "8c4c51ff", "curve": "stepped" },
					{ "time": 0.7666, "color": "8c4c51ff" },
					{ "time": 1.1333, "color": "ffffffff" }
				]
			},
			"head_light": {
				"attachment": [
					{ "time": 0, "name": null },
					{ "time": 0.0666, "name": "head_light" },
					{ "time": 0.7666, "name": null }
				],
				"color": [
					{ "time": 0.5333, "color": "fffffffc" },
					{ "time": 0.7666, "color": "ffffff00" }
				]
			}
		},
		"bones": {
			"Root_All": {
				"rotate": [
					{ "time": 0, "angle": 0, "curve": "stepped" },
					{ "time": 1.1666, "angle": 0 }
				],
				"translate": [
					{
						"time": 0,
						"x": 0,
						"y": 0,
						"curve": [ 0.255, 0.35, 0.6, 0.7 ]
					},
					{ "time": 0.0666, "x": -27.67, "y": -23.16 },
					{ "time": 0.1333, "x": 20.98, "y": 15.35 },
					{ "time": 0.2333, "x": -19.78, "y": -15.62 },
					{ "time": 0.3666, "x": 14.36, "y": 8.59 },
					{ "time": 0.5666, "x": -3.37, "y": -4.5 },
					{ "time": 0.8666, "x": 5.63, "y": 2.25 },
					{ "time": 1.1666, "x": 0, "y": 0 }
				]
			},
			"Face": {
				"rotate": [
					{ "time": 0, "angle": 0, "curve": "stepped" },
					{ "time": 1.1666, "angle": 0 }
				],
				"translate": [
					{
						"time": 0,
						"x": 0,
						"y": 0,
						"curve": [ 0.286, 0.34, 0.623, 0.67 ]
					},
					{ "time": 0.0666, "x": -5.44, "y": 0 },
					{ "time": 0.1333, "x": -0.44, "y": 0 },
					{ "time": 0.2333, "x": -5.06, "y": 0 },
					{ "time": 0.3666, "x": -2.01, "y": 0 },
					{ "time": 1.1666, "x": 0, "y": 0 }
				]
			},
			"Ship_All": {
				"rotate": [
					{ "time": 0, "angle": 0, "curve": "stepped" },
					{ "time": 1.1666, "angle": 0 }
				],
				"translate": [
					{ "time": 0, "x": 0, "y": 0, "curve": "stepped" },
					{ "time": 1.1666, "x": 0, "y": 0 }
				]
			},
			"Body": {
				"rotate": [
					{ "time": 0, "angle": 0, "curve": "stepped" },
					{ "time": 1.1666, "angle": 0 }
				],
				"translate": [
					{ "time": 0, "x": 0, "y": 0, "curve": "stepped" },
					{ "time": 1.1666, "x": 0, "y": 0 }
				]
			},
			"Damage_Point": {
				"rotate": [
					{ "time": 0.0666, "angle": 0 }
				],
				"translate": [
					{ "time": 0.0666, "x": 0, "y": 0 }
				]
			},
			"Head": {
				"rotate": [
					{ "time": 0, "angle": 0 },
					{ "time": 0.6666, "angle": -6.17 },
					{ "time": 1.1666, "angle": 0 }
				],
				"translate": [
					{ "time": 0, "x": 0, "y": 0, "curve": "stepped" },
					{ "time": 1.1666, "x": 0, "y": 0 }
				]
			},
			"Cap": {
				"rotate": [
					{ "time": 0, "angle": 0 },
					{ "time": 0.3333, "angle": -7.3 },
					{ "time": 1.1666, "angle": 0 }
				],
				"translate": [
					{ "time": 0, "x": 0, "y": 0 },
					{ "time": 0.3333, "x": -5.63, "y": 5.21 },
					{ "time": 1.1666, "x": 0, "y": 0 }
				]
			},
			"JZ_behand": {
				"rotate": [
					{ "time": 0, "angle": 0 },
					{ "time": 0.5, "angle": -11.68 },
					{ "time": 0.8333, "angle": 12.34 },
					{ "time": 1.1666, "angle": 0 }
				],
				"translate": [
					{ "time": 0, "x": 0, "y": 0, "curve": "stepped" },
					{ "time": 1.1666, "x": 0, "y": 0 }
				]
			},
			"JZ_R": {
				"rotate": [
					{ "time": 0, "angle": 0 },
					{ "time": 0.5, "angle": 24.05 },
					{ "time": 0.8333, "angle": -10.43 },
					{ "time": 1.1666, "angle": 0 }
				],
				"translate": [
					{ "time": 0, "x": 0, "y": 0, "curve": "stepped" },
					{ "time": 1.1666, "x": 0, "y": 0 }
				]
			},
			"JZ": {
				"rotate": [
					{ "time": 0, "angle": 0 },
					{ "time": 0.5, "angle": 358.81 },
					{ "time": 0.8333, "angle": 2.63 },
					{ "time": 1.1666, "angle": 0 }
				],
				"translate": [
					{ "time": 0, "x": 0, "y": 0, "curve": "stepped" },
					{ "time": 1.1666, "x": 0, "y": 0 }
				]
			},
			"JZ_L": {
				"rotate": [
					{ "time": 0, "angle": 0 },
					{ "time": 0.3333, "angle": -5.08 },
					{ "time": 0.6666, "angle": 9.87 },
					{ "time": 1.1666, "angle": 0 }
				],
				"translate": [
					{ "time": 0, "x": 0, "y": 0, "curve": "stepped" },
					{ "time": 1.1666, "x": 0, "y": 0 }
				]
			},
			"hand_R": {
				"rotate": [
					{ "time": 0, "angle": 0 },
					{ "time": 0.3333, "angle": 13.4 },
					{ "time": 1.1666, "angle": 0 }
				],
				"translate": [
					{ "time": 0, "x": 0, "y": 0, "curve": "stepped" },
					{ "time": 1.1666, "x": 0, "y": 0 }
				]
			},
			"hair": {
				"rotate": [
					{ "time": 0, "angle": 0 },
					{ "time": 0.3333, "angle": 2.96 },
					{ "time": 0.6666, "angle": -3.08 },
					{ "time": 1.1666, "angle": 0 }
				],
				"translate": [
					{ "time": 0, "x": 0, "y": 0, "curve": "stepped" },
					{ "time": 1.1666, "x": 0, "y": 0 }
				]
			},
			"bone3": {
				"rotate": [
					{ "time": 0, "angle": 0 },
					{ "time": 0.3333, "angle": 2.96 },
					{ "time": 0.6666, "angle": -3.08 },
					{ "time": 1.1666, "angle": 0 }
				],
				"translate": [
					{ "time": 0, "x": 0, "y": 0, "curve": "stepped" },
					{ "time": 1.1666, "x": 0, "y": 0 }
				]
			},
			"bone2": {
				"rotate": [
					{ "time": 0, "angle": 0 },
					{ "time": 0.3333, "angle": 2.96 },
					{ "time": 0.6666, "angle": -3.08 },
					{ "time": 1.1666, "angle": 0 }
				],
				"translate": [
					{ "time": 0, "x": 0, "y": 0, "curve": "stepped" },
					{ "time": 1.1666, "x": 0, "y": 0 }
				]
			},
			"bone": {
				"rotate": [
					{ "time": 0, "angle": 0 },
					{ "time": 0.3333, "angle": 2.96 },
					{ "time": 0.6666, "angle": -3.08 },
					{ "time": 1.1666, "angle": 0 }
				],
				"translate": [
					{ "time": 0, "x": 0, "y": 0, "curve": "stepped" },
					{ "time": 1.1666, "x": 0, "y": 0 }
				]
			},
			"MMMMM": {
				"rotate": [
					{ "time": 0, "angle": 0 },
					{ "time": 0.3333, "angle": 16.39 },
					{ "time": 0.6666, "angle": -11.65 },
					{ "time": 0.9333, "angle": 6.99 },
					{ "time": 1.1666, "angle": 0 }
				],
				"translate": [
					{ "time": 0, "x": 0, "y": 0, "curve": "stepped" },
					{ "time": 1.1666, "x": 0, "y": 0 }
				]
			},
			"bone9": {
				"rotate": [
					{ "time": 0, "angle": 0 },
					{ "time": 0.3333, "angle": 16.39 },
					{ "time": 0.6666, "angle": -11.65 },
					{ "time": 0.9333, "angle": 6.99 },
					{ "time": 1.1666, "angle": 0 }
				],
				"translate": [
					{ "time": 0, "x": 0, "y": 0, "curve": "stepped" },
					{ "time": 1.1666, "x": 0, "y": 0 }
				]
			},
			"bone8": {
				"rotate": [
					{ "time": 0, "angle": 0 },
					{ "time": 0.3333, "angle": 16.39 },
					{ "time": 0.6666, "angle": -11.65 },
					{ "time": 0.9333, "angle": 6.99 },
					{ "time": 1.1666, "angle": 0 }
				],
				"translate": [
					{ "time": 0, "x": 0, "y": 0, "curve": "stepped" },
					{ "time": 1.1666, "x": 0, "y": 0 }
				]
			},
			"bone7": {
				"rotate": [
					{ "time": 0, "angle": 0 },
					{ "time": 0.3333, "angle": 16.39 },
					{ "time": 0.6666, "angle": -11.65 },
					{ "time": 0.9333, "angle": 6.99 },
					{ "time": 1.1666, "angle": 0 }
				],
				"translate": [
					{ "time": 0, "x": 0, "y": 0, "curve": "stepped" },
					{ "time": 1.1666, "x": 0, "y": 0 }
				]
			},
			"bone6": {
				"rotate": [
					{ "time": 0, "angle": 0 },
					{ "time": 0.3333, "angle": 16.39 },
					{ "time": 0.6666, "angle": -11.65 },
					{ "time": 0.9333, "angle": 6.99 },
					{ "time": 1.1666, "angle": 0 }
				],
				"translate": [
					{ "time": 0, "x": 0, "y": 0, "curve": "stepped" },
					{ "time": 1.1666, "x": 0, "y": 0 }
				]
			},
			"bone5": {
				"rotate": [
					{ "time": 0, "angle": 0 },
					{ "time": 0.3333, "angle": 16.39 },
					{ "time": 0.6666, "angle": -11.65 },
					{ "time": 0.9333, "angle": 6.99 },
					{ "time": 1.1666, "angle": 0 }
				],
				"translate": [
					{ "time": 0, "x": 0, "y": 0, "curve": "stepped" },
					{ "time": 1.1666, "x": 0, "y": 0 }
				]
			}
		},
		"events": [
			{ "time": 0.0666, "name": "damage_point" }
		]
	},
	"normal": {
		"slots": {
			"JZ_R_light": {
				"attachment": [
					{ "time": 0, "name": null }
				]
			},
			"JZ_light": {
				"attachment": [
					{ "time": 0, "name": null }
				]
			},
			"Light_Body": {
				"attachment": [
					{ "time": 0, "name": null }
				]
			},
			"Rodney_body_normal": {
				"attachment": [
					{ "time": 0, "name": "Body_Change" }
				]
			},
			"cap_light": {
				"attachment": [
					{ "time": 0, "name": null }
				]
			},
			"hand_R_light": {
				"attachment": [
					{ "time": 0, "name": null }
				]
			},
			"head_light": {
				"attachment": [
					{ "time": 0, "name": null }
				]
			}
		},
		"bones": {
			"Body": {
				"rotate": [
					{ "time": 0, "angle": 0, "curve": "stepped" },
					{ "time": 2, "angle": 0 }
				],
				"translate": [
					{ "time": 0, "x": 0, "y": 0, "curve": "stepped" },
					{ "time": 2, "x": 0, "y": 0 }
				]
			},
			"JZ_behand": {
				"rotate": [
					{ "time": 0, "angle": 0 },
					{ "time": 1, "angle": -3.34 },
					{ "time": 2, "angle": 0 }
				],
				"translate": [
					{ "time": 0, "x": 0, "y": 0, "curve": "stepped" },
					{ "time": 2, "x": 0, "y": 0 }
				]
			},
			"bone5": {
				"rotate": [
					{ "time": 0, "angle": 0 },
					{ "time": 0.6666, "angle": -2.59 },
					{ "time": 1.3333, "angle": 7.5 },
					{ "time": 2, "angle": 0 }
				],
				"translate": [
					{ "time": 0, "x": 0, "y": 0, "curve": "stepped" },
					{ "time": 2, "x": 0, "y": 0 }
				]
			},
			"JZ_R": {
				"rotate": [
					{ "time": 0, "angle": 0 },
					{ "time": 1, "angle": 9.49 },
					{ "time": 2, "angle": 0 }
				],
				"translate": [
					{ "time": 0, "x": 0, "y": 0, "curve": "stepped" },
					{ "time": 2, "x": 0, "y": 0 }
				]
			},
			"Ship_All": {
				"rotate": [
					{ "time": 0, "angle": 0, "curve": "stepped" },
					{ "time": 2, "angle": 0 }
				],
				"translate": [
					{ "time": 0, "x": 0, "y": 0, "curve": "stepped" },
					{ "time": 2, "x": 0, "y": 0 }
				]
			},
			"hand_R": {
				"rotate": [
					{ "time": 0, "angle": 0 },
					{ "time": 1, "angle": -14.85 },
					{ "time": 2, "angle": 0 }
				],
				"translate": [
					{ "time": 0, "x": 0, "y": 0, "curve": "stepped" },
					{ "time": 2, "x": 0, "y": 0 }
				]
			},
			"bone3": {
				"rotate": [
					{ "time": 0, "angle": 0 },
					{ "time": 1, "angle": 16.15 },
					{ "time": 2, "angle": 0 }
				],
				"translate": [
					{ "time": 0, "x": 0, "y": 0, "curve": "stepped" },
					{ "time": 2, "x": 0, "y": 0 }
				]
			},
			"Head": {
				"rotate": [
					{ "time": 0, "angle": 0 },
					{ "time": 1, "angle": -4.44 },
					{ "time": 2, "angle": 0 }
				],
				"translate": [
					{ "time": 0, "x": 0, "y": 0, "curve": "stepped" },
					{ "time": 2, "x": 0, "y": 0 }
				]
			},
			"JZ": {
				"rotate": [
					{ "time": 0, "angle": 0, "curve": "stepped" },
					{ "time": 2, "angle": 0 }
				],
				"translate": [
					{ "time": 0, "x": 0, "y": 0, "curve": "stepped" },
					{ "time": 2, "x": 0, "y": 0 }
				]
			},
			"Root_All": {
				"rotate": [
					{ "time": 0, "angle": 0, "curve": "stepped" },
					{ "time": 2, "angle": 0 }
				],
				"translate": [
					{
						"time": 0,
						"x": 0,
						"y": 0,
						"curve": [ 0.255, 0.35, 0.6, 0.7 ]
					},
					{
						"time": 0.5,
						"x": 0,
						"y": -9.82,
						"curve": [ 0.3, 0.39, 0.641, 0.74 ]
					},
					{
						"time": 1,
						"x": 0,
						"y": -15.66,
						"curve": [ 0.322, 0.37, 0.652, 0.7 ]
					},
					{
						"time": 1.5,
						"x": 0,
						"y": -7.79,
						"curve": [ 0.314, 0.36, 0.644, 0.68 ]
					},
					{ "time": 2, "x": 0, "y": 0 }
				]
			},
			"Cap": {
				"rotate": [
					{ "time": 0, "angle": 0 },
					{ "time": 1, "angle": 7.02 },
					{ "time": 2, "angle": 0 }
				],
				"translate": [
					{ "time": 0, "x": 0, "y": 0 },
					{ "time": 1, "x": -2.07, "y": 4.26 },
					{ "time": 2, "x": 0, "y": 0 }
				]
			},
			"bone9": {
				"rotate": [
					{ "time": 0, "angle": 0 },
					{ "time": 0.6666, "angle": -2.59 },
					{ "time": 1.3333, "angle": 7.5 },
					{ "time": 2, "angle": 0 }
				],
				"translate": [
					{ "time": 0, "x": 0, "y": 0, "curve": "stepped" },
					{ "time": 2, "x": 0, "y": 0 }
				]
			},
			"bone": {
				"rotate": [
					{ "time": 0, "angle": 0 },
					{ "time": 1, "angle": -10.74 },
					{ "time": 2, "angle": 0 }
				],
				"translate": [
					{ "time": 0, "x": 0, "y": 0, "curve": "stepped" },
					{ "time": 2, "x": 0, "y": 0 }
				]
			},
			"bone8": {
				"rotate": [
					{ "time": 0, "angle": 0 },
					{ "time": 0.6666, "angle": -2.59 },
					{ "time": 1.3333, "angle": 7.5 },
					{ "time": 2, "angle": 0 }
				],
				"translate": [
					{ "time": 0, "x": 0, "y": 0, "curve": "stepped" },
					{ "time": 2, "x": 0, "y": 0 }
				]
			},
			"bone2": {
				"rotate": [
					{ "time": 0, "angle": 0 },
					{ "time": 1, "angle": -8.39 },
					{ "time": 2, "angle": 0 }
				],
				"translate": [
					{ "time": 0, "x": 0, "y": 0, "curve": "stepped" },
					{ "time": 2, "x": 0, "y": 0 }
				]
			},
			"bone7": {
				"rotate": [
					{ "time": 0, "angle": 0 },
					{ "time": 0.6666, "angle": -2.59 },
					{ "time": 1.3333, "angle": 7.5 },
					{ "time": 2, "angle": 0 }
				],
				"translate": [
					{ "time": 0, "x": 0, "y": 0, "curve": "stepped" },
					{ "time": 2, "x": 0, "y": 0 }
				]
			},
			"hair": {
				"rotate": [
					{ "time": 0, "angle": 0 },
					{ "time": 1, "angle": -4.18 },
					{ "time": 2, "angle": 0 }
				],
				"translate": [
					{ "time": 0, "x": 0, "y": 0 },
					{ "time": 1, "x": 0.45, "y": -3.86 },
					{ "time": 2, "x": 0, "y": 0 }
				]
			},
			"bone6": {
				"rotate": [
					{ "time": 0, "angle": 0 },
					{ "time": 0.6666, "angle": -2.59 },
					{ "time": 1.3333, "angle": 7.5 },
					{ "time": 2, "angle": 0 }
				],
				"translate": [
					{ "time": 0, "x": 0, "y": 0, "curve": "stepped" },
					{ "time": 2, "x": 0, "y": 0 }
				]
			},
			"JZ_L": {
				"rotate": [
					{ "time": 0, "angle": 0 },
					{ "time": 1, "angle": -9.31 },
					{ "time": 2, "angle": 0 }
				],
				"translate": [
					{ "time": 0, "x": 0, "y": 0, "curve": "stepped" },
					{ "time": 2, "x": 0, "y": 0 }
				]
			},
			"MMMMM": {
				"rotate": [
					{ "time": 0, "angle": 0 },
					{ "time": 0.6666, "angle": -2.59 },
					{ "time": 1.3333, "angle": 7.5 },
					{ "time": 2, "angle": 0 }
				],
				"translate": [
					{ "time": 0, "x": 0, "y": 0, "curve": "stepped" },
					{ "time": 2, "x": 0, "y": 0 }
				]
			},
			"Face": {
				"rotate": [
					{ "time": 0, "angle": 0, "curve": "stepped" },
					{ "time": 2, "angle": 0 }
				],
				"translate": [
					{
						"time": 0,
						"x": 0,
						"y": 0,
						"curve": [ 0.286, 0.34, 0.623, 0.67 ]
					},
					{
						"time": 0.5,
						"x": 0.64,
						"y": 0,
						"curve": [ 0.282, 0.37, 0.624, 0.71 ]
					},
					{
						"time": 1.5,
						"x": -1.28,
						"y": 0,
						"curve": [ 0.321, 0.37, 0.656, 0.71 ]
					},
					{ "time": 2, "x": 0, "y": 0 }
				]
			}
		}
	},
	"throw": {
		"slots": {
			"Light_Body": {
				"attachment": [
					{ "time": 0, "name": null }
				]
			},
			"Rodney_body_normal": {
				"attachment": [
					{ "time": 0, "name": "Body_Change" }
				]
			},
			"cap_light": {
				"attachment": [
					{ "time": 0, "name": null }
				]
			},
			"hand_R_light": {
				"attachment": [
					{ "time": 0, "name": null }
				]
			},
			"head_light": {
				"attachment": [
					{ "time": 0, "name": null }
				]
			}
		},
		"bones": {
			"Face": {
				"rotate": [
					{ "time": 0, "angle": 0, "curve": "stepped" },
					{ "time": 1.3333, "angle": 0 }
				],
				"translate": [
					{
						"time": 0,
						"x": 0,
						"y": 0,
						"curve": [ 0.286, 0.34, 0.623, 0.67 ]
					},
					{ "time": 0.3333, "x": 0, "y": -0.7 },
					{ "time": 0.5666, "x": 0, "y": 0.14 },
					{ "time": 1.3333, "x": 0, "y": 0 }
				]
			},
			"Root_All": {
				"rotate": [
					{ "time": 0, "angle": 0, "curve": "stepped" },
					{ "time": 1.3333, "angle": 0 }
				],
				"translate": [
					{
						"time": 0,
						"x": 0,
						"y": 0,
						"curve": [ 0.255, 0.35, 0.6, 0.7 ]
					},
					{ "time": 0.6333, "x": -66.66, "y": 0 },
					{ "time": 0.9666, "x": -10.42, "y": -12.42 },
					{ "time": 1.3333, "x": 0, "y": 0 }
				]
			},
			"Body": {
				"rotate": [
					{
						"time": 0,
						"angle": 0,
						"curve": [ 0.219, 0.41, 0.591, 0.77 ]
					},
					{
						"time": 0.6333,
						"angle": -3.17,
						"curve": [ 0.32, 0.36, 0.653, 0.69 ]
					},
					{
						"time": 0.7333,
						"angle": 0.61,
						"curve": [ 0.319, 0.37, 0.652, 0.7 ]
					},
					{
						"time": 0.9666,
						"angle": -1.72,
						"curve": [ 0.32, 0.38, 0.654, 0.71 ]
					},
					{ "time": 1.3333, "angle": 0 }
				],
				"translate": [
					{
						"time": 0,
						"x": 0,
						"y": 0,
						"curve": [ 0.219, 0.41, 0.591, 0.77 ]
					},
					{
						"time": 0.3333,
						"x": -15.86,
						"y": 0,
						"curve": [ 0.193, 0.39, 0.58, 0.9 ]
					},
					{
						"time": 0.5666,
						"x": -19.36,
						"y": 0,
						"curve": [ 0.142, 0.42, 0.647, 0.94 ]
					},
					{ "time": 0.6333, "x": 92.18, "y": -6.3 },
					{ "time": 0.7333, "x": 111.33, "y": 0 },
					{ "time": 1.3333, "x": 0, "y": 0 }
				]
			},
			"Ship_All": {
				"rotate": [
					{ "time": 0, "angle": 0, "curve": "stepped" },
					{ "time": 1.3333, "angle": 0 }
				],
				"translate": [
					{ "time": 0, "x": 0, "y": 0, "curve": "stepped" },
					{ "time": 1.3333, "x": 0, "y": 0 }
				]
			},
			"Throw_Point": {
				"rotate": [
					{ "time": 0.6333, "angle": 0 }
				],
				"translate": [
					{ "time": 0.6333, "x": 0, "y": 0 }
				]
			},
			"Head": {
				"rotate": [
					{ "time": 0, "angle": 0 },
					{ "time": 0.1666, "angle": 6.86 },
					{ "time": 0.6666, "angle": -6.51 },
					{ "time": 1.3333, "angle": 0 }
				],
				"translate": [
					{ "time": 0, "x": 0, "y": 0, "curve": "stepped" },
					{ "time": 1.3333, "x": 0, "y": 0 }
				]
			},
			"Cap": {
				"rotate": [
					{ "time": 0, "angle": 0 },
					{ "time": 0.3333, "angle": 10.44 },
					{ "time": 0.8333, "angle": 3.92 },
					{ "time": 1.3333, "angle": 0 }
				],
				"translate": [
					{ "time": 0, "x": 0, "y": 0 },
					{ "time": 0.3333, "x": -1.34, "y": 4.55 },
					{ "time": 0.8333, "x": -3.05, "y": 2.33 },
					{ "time": 1.3333, "x": 0, "y": 0 }
				]
			},
			"JZ_R": {
				"rotate": [
					{ "time": 0, "angle": 0 },
					{ "time": 0.5, "angle": -10.74 },
					{ "time": 0.8333, "angle": 0.42 },
					{ "time": 1, "angle": -3.22 },
					{ "time": 1.3333, "angle": 0 }
				],
				"translate": [
					{ "time": 0, "x": 0, "y": 0, "curve": "stepped" },
					{ "time": 1.3333, "x": 0, "y": 0 }
				]
			},
			"JZ_behand": {
				"rotate": [
					{ "time": 0, "angle": 0 },
					{ "time": 0.5, "angle": -10.81 },
					{ "time": 0.8333, "angle": 4.52 },
					{ "time": 1, "angle": -2.11 },
					{ "time": 1.3333, "angle": 0 }
				],
				"translate": [
					{ "time": 0, "x": 0, "y": 0, "curve": "stepped" },
					{ "time": 1.3333, "x": 0, "y": 0 }
				]
			},
			"JZ": {
				"rotate": [
					{ "time": 0, "angle": 0 },
					{ "time": 0.5, "angle": 354.91 },
					{ "time": 0.8333, "angle": 6.12 },
					{ "time": 1.3333, "angle": 0 }
				],
				"translate": [
					{ "time": 0, "x": 0, "y": 0, "curve": "stepped" },
					{ "time": 1.3333, "x": 0, "y": 0 }
				]
			},
			"JZ_L": {
				"rotate": [
					{ "time": 0, "angle": 0 },
					{ "time": 0.5, "angle": -21.36 },
					{ "time": 0.8333, "angle": 12.21 },
					{ "time": 1.3333, "angle": 0 }
				],
				"translate": [
					{ "time": 0, "x": 0, "y": 0, "curve": "stepped" },
					{ "time": 1.3333, "x": 0, "y": 0 }
				]
			},
			"hand_R": {
				"rotate": [
					{ "time": 0, "angle": 0 },
					{ "time": 0.5, "angle": -11.28 },
					{ "time": 0.8333, "angle": 8.61 },
					{ "time": 1.3333, "angle": 0 }
				],
				"translate": [
					{ "time": 0, "x": 0, "y": 0, "curve": "stepped" },
					{ "time": 1.3333, "x": 0, "y": 0 }
				]
			},
			"bone3": {
				"rotate": [
					{ "time": 0, "angle": 0 },
					{ "time": 0.5, "angle": -4.2 },
					{ "time": 1, "angle": 2.55 },
					{ "time": 1.3333, "angle": 0 }
				],
				"translate": [
					{ "time": 0, "x": 0, "y": 0, "curve": "stepped" },
					{ "time": 1.3333, "x": 0, "y": 0 }
				]
			},
			"bone2": {
				"rotate": [
					{ "time": 0, "angle": 0 },
					{ "time": 0.5, "angle": -4.2 },
					{ "time": 1, "angle": 2.55 },
					{ "time": 1.3333, "angle": 0 }
				],
				"translate": [
					{ "time": 0, "x": 0, "y": 0, "curve": "stepped" },
					{ "time": 1.3333, "x": 0, "y": 0 }
				]
			},
			"bone": {
				"rotate": [
					{ "time": 0, "angle": 0 },
					{ "time": 0.5, "angle": -4.2 },
					{ "time": 1, "angle": 2.55 },
					{ "time": 1.3333, "angle": 0 }
				],
				"translate": [
					{ "time": 0, "x": 0, "y": 0, "curve": "stepped" },
					{ "time": 1.3333, "x": 0, "y": 0 }
				]
			},
			"hair": {
				"rotate": [
					{ "time": 0, "angle": 0 },
					{ "time": 0.5, "angle": -4.2 },
					{ "time": 1, "angle": 2.55 },
					{ "time": 1.3333, "angle": 0 }
				],
				"translate": [
					{ "time": 0, "x": 0, "y": 0, "curve": "stepped" },
					{ "time": 1.3333, "x": 0, "y": 0 }
				]
			}
		},
		"events": [
			{ "time": 0.6333, "name": "throw_point" }
		]
	},
	"wreck": {
		"slots": {
			"JZ_R_light": {
				"attachment": [
					{ "time": 0, "name": null }
				]
			},
			"JZ_light": {
				"attachment": [
					{ "time": 0, "name": null }
				]
			},
			"Light_Body": {
				"attachment": [
					{ "time": 0, "name": null }
				]
			},
			"Rodney_body_normal": {
				"attachment": [
					{ "time": 0, "name": "Body_Change" }
				]
			},
			"cap_light": {
				"attachment": [
					{ "time": 0, "name": null }
				]
			},
			"hand_R_light": {
				"attachment": [
					{ "time": 0, "name": null }
				]
			},
			"head_light": {
				"attachment": [
					{ "time": 0, "name": null }
				]
			}
		},
		"bones": {
			"Ship_All": {
				"rotate": [
					{ "time": 0, "angle": 0, "curve": "stepped" },
					{ "time": 2, "angle": 0 }
				],
				"translate": [
					{ "time": 0, "x": 0, "y": 0, "curve": "stepped" },
					{ "time": 2, "x": 0, "y": 0 }
				]
			},
			"hair": {
				"rotate": [
					{ "time": 0, "angle": 0 },
					{ "time": 1, "angle": -4.18 },
					{ "time": 2, "angle": 0 }
				],
				"translate": [
					{ "time": 0, "x": 0, "y": 0 },
					{ "time": 1, "x": 0.45, "y": -3.86 },
					{ "time": 2, "x": 0, "y": 0 }
				]
			},
			"Head": {
				"rotate": [
					{ "time": 0, "angle": 0 },
					{ "time": 1, "angle": -4.44 },
					{ "time": 2, "angle": 0 }
				],
				"translate": [
					{ "time": 0, "x": 0, "y": 0, "curve": "stepped" },
					{ "time": 2, "x": 0, "y": 0 }
				]
			},
			"bone2": {
				"rotate": [
					{ "time": 0, "angle": 0 },
					{ "time": 1, "angle": -8.39 },
					{ "time": 2, "angle": 0 }
				],
				"translate": [
					{ "time": 0, "x": 0, "y": 0, "curve": "stepped" },
					{ "time": 2, "x": 0, "y": 0 }
				]
			},
			"Body": {
				"rotate": [
					{ "time": 0, "angle": 0, "curve": "stepped" },
					{ "time": 2, "angle": 0 }
				],
				"translate": [
					{ "time": 0, "x": 0, "y": 0, "curve": "stepped" },
					{ "time": 2, "x": 0, "y": 0 }
				]
			},
			"bone8": {
				"rotate": [
					{ "time": 0, "angle": 0 },
					{ "time": 0.6666, "angle": -2.59 },
					{ "time": 1.3333, "angle": 7.5 },
					{ "time": 2, "angle": 0 }
				],
				"translate": [
					{ "time": 0, "x": 0, "y": 0, "curve": "stepped" },
					{ "time": 2, "x": 0, "y": 0 }
				]
			},
			"bone": {
				"rotate": [
					{ "time": 0, "angle": 0 },
					{ "time": 1, "angle": -10.74 },
					{ "time": 2, "angle": 0 }
				],
				"translate": [
					{ "time": 0, "x": 0, "y": 0, "curve": "stepped" },
					{ "time": 2, "x": 0, "y": 0 }
				]
			},
			"JZ_R": {
				"rotate": [
					{ "time": 0, "angle": 0 },
					{ "time": 1, "angle": 9.49 },
					{ "time": 2, "angle": 0 }
				],
				"translate": [
					{ "time": 0, "x": 0, "y": 0, "curve": "stepped" },
					{ "time": 2, "x": 0, "y": 0 }
				]
			},
			"JZ": {
				"rotate": [
					{ "time": 0, "angle": 0, "curve": "stepped" },
					{ "time": 2, "angle": 0 }
				],
				"translate": [
					{ "time": 0, "x": 0, "y": 0, "curve": "stepped" },
					{ "time": 2, "x": 0, "y": 0 }
				]
			},
			"Cap": {
				"rotate": [
					{ "time": 0, "angle": 0 },
					{ "time": 1, "angle": 7.02 },
					{ "time": 2, "angle": 0 }
				],
				"translate": [
					{ "time": 0, "x": 0, "y": 0 },
					{ "time": 1, "x": -2.07, "y": 4.26 },
					{ "time": 2, "x": 0, "y": 0 }
				]
			},
			"Face": {
				"rotate": [
					{ "time": 0, "angle": 0, "curve": "stepped" },
					{ "time": 2, "angle": 0 }
				],
				"translate": [
					{
						"time": 0,
						"x": 0,
						"y": 0,
						"curve": [ 0.286, 0.34, 0.623, 0.67 ]
					},
					{
						"time": 0.5,
						"x": 0.64,
						"y": 0,
						"curve": [ 0.282, 0.37, 0.624, 0.71 ]
					},
					{
						"time": 1.5,
						"x": -1.28,
						"y": 0,
						"curve": [ 0.321, 0.37, 0.656, 0.71 ]
					},
					{ "time": 2, "x": 0, "y": 0 }
				]
			},
			"Root_All": {
				"rotate": [
					{ "time": 0, "angle": 0, "curve": "stepped" },
					{ "time": 2, "angle": 0 }
				],
				"translate": [
					{
						"time": 0,
						"x": 0,
						"y": 0,
						"curve": [ 0.255, 0.35, 0.6, 0.7 ]
					},
					{
						"time": 0.5,
						"x": 0,
						"y": -9.82,
						"curve": [ 0.3, 0.39, 0.641, 0.74 ]
					},
					{
						"time": 1,
						"x": 0,
						"y": -15.66,
						"curve": [ 0.322, 0.37, 0.652, 0.7 ]
					},
					{
						"time": 1.5,
						"x": 0,
						"y": -7.79,
						"curve": [ 0.314, 0.36, 0.644, 0.68 ]
					},
					{ "time": 2, "x": 0, "y": 0 }
				]
			},
			"bone7": {
				"rotate": [
					{ "time": 0, "angle": 0 },
					{ "time": 0.6666, "angle": -2.59 },
					{ "time": 1.3333, "angle": 7.5 },
					{ "time": 2, "angle": 0 }
				],
				"translate": [
					{ "time": 0, "x": 0, "y": 0, "curve": "stepped" },
					{ "time": 2, "x": 0, "y": 0 }
				]
			},
			"bone3": {
				"rotate": [
					{ "time": 0, "angle": 0 },
					{ "time": 1, "angle": 16.15 },
					{ "time": 2, "angle": 0 }
				],
				"translate": [
					{ "time": 0, "x": 0, "y": 0, "curve": "stepped" },
					{ "time": 2, "x": 0, "y": 0 }
				]
			},
			"JZ_L": {
				"rotate": [
					{ "time": 0, "angle": 0 },
					{ "time": 1, "angle": -9.31 },
					{ "time": 2, "angle": 0 }
				],
				"translate": [
					{ "time": 0, "x": 0, "y": 0, "curve": "stepped" },
					{ "time": 2, "x": 0, "y": 0 }
				]
			},
			"hand_R": {
				"rotate": [
					{ "time": 0, "angle": 0 },
					{ "time": 1, "angle": -14.85 },
					{ "time": 2, "angle": 0 }
				],
				"translate": [
					{ "time": 0, "x": 0, "y": 0, "curve": "stepped" },
					{ "time": 2, "x": 0, "y": 0 }
				]
			},
			"bone6": {
				"rotate": [
					{ "time": 0, "angle": 0 },
					{ "time": 0.6666, "angle": -2.59 },
					{ "time": 1.3333, "angle": 7.5 },
					{ "time": 2, "angle": 0 }
				],
				"translate": [
					{ "time": 0, "x": 0, "y": 0, "curve": "stepped" },
					{ "time": 2, "x": 0, "y": 0 }
				]
			},
			"MMMMM": {
				"rotate": [
					{ "time": 0, "angle": 0 },
					{ "time": 0.6666, "angle": -2.59 },
					{ "time": 1.3333, "angle": 7.5 },
					{ "time": 2, "angle": 0 }
				],
				"translate": [
					{ "time": 0, "x": 0, "y": 0, "curve": "stepped" },
					{ "time": 2, "x": 0, "y": 0 }
				]
			},
			"JZ_behand": {
				"rotate": [
					{ "time": 0, "angle": 0 },
					{ "time": 1, "angle": -3.34 },
					{ "time": 2, "angle": 0 }
				],
				"translate": [
					{ "time": 0, "x": 0, "y": 0, "curve": "stepped" },
					{ "time": 2, "x": 0, "y": 0 }
				]
			},
			"bone9": {
				"rotate": [
					{ "time": 0, "angle": 0 },
					{ "time": 0.6666, "angle": -2.59 },
					{ "time": 1.3333, "angle": 7.5 },
					{ "time": 2, "angle": 0 }
				],
				"translate": [
					{ "time": 0, "x": 0, "y": 0, "curve": "stepped" },
					{ "time": 2, "x": 0, "y": 0 }
				]
			},
			"bone5": {
				"rotate": [
					{ "time": 0, "angle": 0 },
					{ "time": 0.6666, "angle": -2.59 },
					{ "time": 1.3333, "angle": 7.5 },
					{ "time": 2, "angle": 0 }
				],
				"translate": [
					{ "time": 0, "x": 0, "y": 0, "curve": "stepped" },
					{ "time": 2, "x": 0, "y": 0 }
				]
			}
		}
	}
}
}