{
"skeleton": { "hash": "E2DMWi05jmw/I4ukzJ5R45tvrn0", "spine": "2.1.27", "width": 1224, "height": 168.94, "images": "" },
"bones": [
	{ "name": "BG_picture" },
	{ "name": "Item", "parent": "BG_picture", "x": -315.59, "y": -125.48 },
	{ "name": "Sky", "parent": "BG_picture" },
	{ "name": "Sky_picture", "parent": "Sky" }
],
"slots": [
	{ "name": "Sky", "bone": "Sky_picture", "attachment": "Sky" },
	{ "name": "Mountain", "bone": "Sky_picture", "attachment": "Mountain" },
	{ "name": "Item_00", "bone": "Item", "color": "ffb4afff", "attachment": "Item_00" }
],
"skins": {
	"default": {
		"Item_00": {
			"Item_00": { "width": 33, "height": 38 }
		},
		"Mountain": {
			"Mountain": { "y": -84.44, "scaleX": 2, "scaleY": 2, "width": 612, "height": 84 }
		},
		"Sky": {
			"Sky": { "y": -83.5, "scaleX": 2, "scaleY": 2, "width": 612, "height": 84 }
		}
	}
},
"animations": {
	"BG_Mediterranean_day": {
		"bones": {
			"Item": {
				"translate": [
					{ "time": 0, "x": 0, "y": 0 },
					{ "time": 0.6666, "x": 0, "y": -5.78 },
					{ "time": 1.6666, "x": 0, "y": 0 },
					{ "time": 2.3333, "x": 0, "y": -5.78 },
					{ "time": 3.3333, "x": 0, "y": 0 },
					{ "time": 4, "x": 0, "y": -5.78 },
					{ "time": 5, "x": 0, "y": 0 },
					{ "time": 5.6666, "x": 0, "y": -5.78 },
					{ "time": 6.6666, "x": 0, "y": 0 },
					{ "time": 7.3333, "x": 0, "y": -5.78 },
					{ "time": 8.3333, "x": 0, "y": 0 },
					{ "time": 9, "x": 0, "y": -5.78 },
					{ "time": 10, "x": 0, "y": 0 },
					{ "time": 10.6666, "x": 0, "y": -5.78 },
					{ "time": 11.6666, "x": 0, "y": 0 },
					{ "time": 12.3333, "x": 0, "y": -5.78 },
					{ "time": 13.3333, "x": 0, "y": 0 },
					{ "time": 14, "x": 0, "y": -5.78 },
					{ "time": 15, "x": 0, "y": 0 },
					{ "time": 15.6666, "x": 0, "y": -5.78 },
					{ "time": 16.6666, "x": 0, "y": 0 },
					{ "time": 17.3333, "x": 0, "y": -5.78 },
					{ "time": 18.3333, "x": 0, "y": 0 },
					{ "time": 19, "x": 0, "y": -5.78 },
					{ "time": 20, "x": 0, "y": 0 },
					{ "time": 20.6666, "x": 0, "y": -5.78 },
					{ "time": 21.6666, "x": 0, "y": 0 },
					{ "time": 22.3333, "x": 0, "y": -5.78 },
					{ "time": 23.3333, "x": 0, "y": 0 },
					{ "time": 24, "x": 0, "y": -5.78 },
					{ "time": 25, "x": 0, "y": 0 },
					{ "time": 25.6666, "x": 0, "y": -5.78 },
					{ "time": 26.6666, "x": 0, "y": 0 },
					{ "time": 27.3333, "x": 0, "y": -5.78 },
					{ "time": 28.3333, "x": 0, "y": 0 },
					{ "time": 29, "x": 0, "y": -5.78 },
					{ "time": 30, "x": 0, "y": 0 },
					{ "time": 30.6666, "x": 0, "y": -5.78 },
					{ "time": 31.6666, "x": 0, "y": 0 },
					{ "time": 32.3333, "x": 0, "y": -5.78 },
					{ "time": 33.3333, "x": 0, "y": 0 },
					{ "time": 34, "x": 0, "y": -5.78 },
					{ "time": 35, "x": 0, "y": 0 },
					{ "time": 35.6666, "x": 0, "y": -5.78 },
					{ "time": 36.6666, "x": 0, "y": 0 },
					{ "time": 37.3333, "x": 0, "y": -5.78 },
					{ "time": 38.3333, "x": 0, "y": 0 },
					{ "time": 39, "x": 0, "y": -5.78 },
					{ "time": 40, "x": 0, "y": 0 },
					{ "time": 40.6666, "x": 0, "y": -5.78 },
					{ "time": 41.6666, "x": 0, "y": 0 },
					{ "time": 42.3333, "x": 0, "y": -5.78 },
					{ "time": 43.3333, "x": 0, "y": 0 },
					{ "time": 44, "x": 0, "y": -5.78 },
					{ "time": 45, "x": 0, "y": 0 },
					{ "time": 45.6666, "x": 0, "y": -5.78 },
					{ "time": 46.6666, "x": 0, "y": 0 },
					{ "time": 47.3333, "x": 0, "y": -5.78 },
					{ "time": 48.3333, "x": 0, "y": 0 },
					{ "time": 49, "x": 0, "y": -5.78 },
					{ "time": 50, "x": 0, "y": 0 },
					{ "time": 50.6666, "x": 0, "y": -5.78 },
					{ "time": 51.6666, "x": 0, "y": 0 },
					{ "time": 52.3333, "x": 0, "y": -5.78 },
					{ "time": 53.3333, "x": 0, "y": 0 },
					{ "time": 54, "x": 0, "y": -5.78 },
					{ "time": 55, "x": 0, "y": 0 },
					{ "time": 55.6666, "x": 0, "y": -5.78 },
					{ "time": 56.6666, "x": 0, "y": 0 },
					{ "time": 57.3333, "x": 0, "y": -5.78 },
					{ "time": 58.3333, "x": 0, "y": 0 },
					{ "time": 59, "x": 0, "y": -5.78 },
					{ "time": 60, "x": 0, "y": 0 },
					{ "time": 60.6666, "x": 0, "y": -5.78 },
					{ "time": 61.6666, "x": 0, "y": 0 },
					{ "time": 62.3333, "x": 0, "y": -5.78 },
					{ "time": 63.3333, "x": 0, "y": 0 },
					{ "time": 64, "x": 0, "y": -5.78 },
					{ "time": 65, "x": 0, "y": 0 },
					{ "time": 65.6666, "x": 0, "y": -5.78 },
					{ "time": 66.6666, "x": 0, "y": 0 },
					{ "time": 67.3333, "x": 0, "y": -5.78 },
					{ "time": 68.3333, "x": 0, "y": 0 },
					{ "time": 69, "x": 0, "y": -5.78 },
					{ "time": 70, "x": 0, "y": 0 },
					{ "time": 70.6666, "x": 0, "y": -5.78 },
					{ "time": 71.6666, "x": 0, "y": 0 },
					{ "time": 72.3333, "x": 0, "y": -5.78 },
					{ "time": 73.3333, "x": 0, "y": 0 },
					{ "time": 74, "x": 0, "y": -5.78 },
					{ "time": 75, "x": 0, "y": 0 },
					{ "time": 75.6666, "x": 0, "y": -5.78 },
					{ "time": 76.6666, "x": 0, "y": 0 },
					{ "time": 77.3333, "x": 0, "y": -5.78 },
					{ "time": 78.3333, "x": 0, "y": 0 },
					{ "time": 79, "x": 0, "y": -5.78 },
					{ "time": 80, "x": 0, "y": 0 },
					{ "time": 80.6666, "x": 0, "y": -5.78 },
					{ "time": 81.6666, "x": 0, "y": 0 },
					{ "time": 82.3333, "x": 0, "y": -5.78 },
					{ "time": 83.3333, "x": 0, "y": 0 },
					{ "time": 84, "x": 0, "y": -5.78 },
					{ "time": 85, "x": 0, "y": 0 },
					{ "time": 85.6666, "x": 0, "y": -5.78 },
					{ "time": 86.6666, "x": 0, "y": 0 },
					{ "time": 87.3333, "x": 0, "y": -5.78 },
					{ "time": 88.3333, "x": 0, "y": 0 },
					{ "time": 89, "x": 0, "y": -5.78 },
					{ "time": 90, "x": 0, "y": 0 },
					{ "time": 90.6666, "x": 0, "y": -5.78 },
					{ "time": 91.6666, "x": 0, "y": 0 },
					{ "time": 92.3333, "x": 0, "y": -5.78 },
					{ "time": 93.3333, "x": 0, "y": 0 },
					{ "time": 94, "x": 0, "y": -5.78 },
					{ "time": 95, "x": 0, "y": 0 },
					{ "time": 95.6666, "x": 0, "y": -5.78 },
					{ "time": 96.6666, "x": 0, "y": 0 },
					{ "time": 97.3333, "x": 0, "y": -5.78 },
					{ "time": 98.3333, "x": 0, "y": 0 },
					{ "time": 99, "x": 0, "y": -5.78 },
					{ "time": 100, "x": 0, "y": 0 },
					{ "time": 100.6666, "x": 0, "y": -5.78 },
					{ "time": 101.6666, "x": 0, "y": 0 },
					{ "time": 102.3333, "x": 0, "y": -5.78 },
					{ "time": 103.3333, "x": 0, "y": 0 },
					{ "time": 104, "x": 0, "y": -5.78 },
					{ "time": 105, "x": 0, "y": 0 },
					{ "time": 105.6666, "x": 0, "y": -5.78 },
					{ "time": 106.6666, "x": 0, "y": 0 },
					{ "time": 107.3333, "x": 0, "y": -5.78 },
					{ "time": 108.3333, "x": 0, "y": 0 },
					{ "time": 109, "x": 0, "y": -5.78 },
					{ "time": 110, "x": 0, "y": 0 },
					{ "time": 110.6666, "x": 0, "y": -5.78 },
					{ "time": 111.6666, "x": 0, "y": 0 },
					{ "time": 112.3333, "x": 0, "y": -5.78 },
					{ "time": 113.3333, "x": 0, "y": 0 },
					{ "time": 114, "x": 0, "y": -5.78 },
					{ "time": 115, "x": 0, "y": 0 },
					{ "time": 115.6666, "x": 0, "y": -5.78 },
					{ "time": 116.6666, "x": 0, "y": 0 },
					{ "time": 117.3333, "x": 0, "y": -5.78 },
					{ "time": 118.3333, "x": 0, "y": 0 },
					{ "time": 119, "x": 0, "y": -5.78 },
					{ "time": 120, "x": 0, "y": 0 },
					{ "time": 120.6666, "x": 0, "y": -5.78 },
					{ "time": 121.6666, "x": 0, "y": 0 },
					{ "time": 122.3333, "x": 0, "y": -5.78 },
					{ "time": 123.3333, "x": 0, "y": 0 },
					{ "time": 124, "x": 0, "y": -5.78 },
					{ "time": 125, "x": 0, "y": 0 },
					{ "time": 125.6666, "x": 0, "y": -5.78 },
					{ "time": 126.6666, "x": 0, "y": 0 },
					{ "time": 127.3333, "x": 0, "y": -5.78 },
					{ "time": 128.3333, "x": 0, "y": 0 },
					{ "time": 129, "x": 0, "y": -5.78 },
					{ "time": 130, "x": 0, "y": 0 },
					{ "time": 130.6666, "x": 0, "y": -5.78 },
					{ "time": 131.6666, "x": 0, "y": 0 },
					{ "time": 132.3333, "x": 0, "y": -5.78 },
					{ "time": 133.3333, "x": 0, "y": 0 },
					{ "time": 134, "x": 0, "y": -5.78 },
					{ "time": 135, "x": 0, "y": 0 },
					{ "time": 135.6666, "x": 0, "y": -5.78 },
					{ "time": 136.6666, "x": 0, "y": 0 },
					{ "time": 137.3333, "x": 0, "y": -5.78 },
					{ "time": 138.3333, "x": 0, "y": 0 },
					{ "time": 139, "x": 0, "y": -5.78 },
					{ "time": 140, "x": 0, "y": 0 },
					{ "time": 140.6666, "x": 0, "y": -5.78 },
					{ "time": 141.6666, "x": 0, "y": 0 },
					{ "time": 142.3333, "x": 0, "y": -5.78 },
					{ "time": 143.3333, "x": 0, "y": 0 },
					{ "time": 144, "x": 0, "y": -5.78 },
					{ "time": 145, "x": 0, "y": 0 },
					{ "time": 145.6666, "x": 0, "y": -5.78 },
					{ "time": 146.6666, "x": 0, "y": 0 },
					{ "time": 147.3333, "x": 0, "y": -5.78 },
					{ "time": 148.3333, "x": 0, "y": 0 },
					{ "time": 149, "x": 0, "y": -5.78 },
					{ "time": 150, "x": 0, "y": 0 },
					{ "time": 150.6666, "x": 0, "y": -5.78 },
					{ "time": 151.6666, "x": 0, "y": 0 },
					{ "time": 152.3333, "x": 0, "y": -5.78 },
					{ "time": 153.3333, "x": 0, "y": 0 },
					{ "time": 154, "x": 0, "y": -5.78 },
					{ "time": 155, "x": 0, "y": 0 },
					{ "time": 155.6666, "x": 0, "y": -5.78 },
					{ "time": 156.6666, "x": 0, "y": 0 },
					{ "time": 157.3333, "x": 0, "y": -5.78 },
					{ "time": 158.3333, "x": 0, "y": 0 },
					{ "time": 159, "x": 0, "y": -5.78 },
					{ "time": 160, "x": 0, "y": 0 }
				]
			}
		}
	}
}
}