{
"skeleton": { "hash": "fiW1TkTnzY33LiE/jUOXM0a/JHc", "spine": "2.1.27", "width": 375, "height": 473.5, "images": "" },
"bones": [
	{ "name": "Cannon_damage_picture" },
	{ "name": "Blast_00", "parent": "Cannon_damage_picture", "y": -4 },
	{ "name": "Gunfire_picture", "parent": "Cannon_damage_picture" },
	{ "name": "Gunfire_picture_light", "parent": "Cannon_damage_picture" },
	{ "name": "Light_00", "parent": "Cannon_damage_picture" },
	{ "name": "Star_00", "parent": "Cannon_damage_picture" }
],
"slots": [
	{ "name": "Gunfire", "bone": "Gunfire_picture", "attachment": "Gunfire" },
	{ "name": "Gunfire_light", "bone": "Gunfire_picture_light", "attachment": "Gunfire", "blend": "additive" },
	{ "name": "Blast_picture", "bone": "Blast_00", "attachment": "B_new_0034" },
	{ "name": "Light_picture", "bone": "Light_00", "attachment": "Light_picture", "blend": "additive" },
	{ "name": "Star_light_00", "bone": "Star_00", "attachment": "Star_light_00", "blend": "additive" }
],
"skins": {
	"default": {
		"Blast_picture": {
			"B_new_0003": { "y": 100, "width": 300, "height": 380 },
			"B_new_0005": { "y": 100, "width": 300, "height": 380 },
			"B_new_0006": { "y": 100, "width": 300, "height": 380 },
			"B_new_0007": { "y": 100, "width": 300, "height": 380 },
			"B_new_0008": { "y": 100, "width": 300, "height": 380 },
			"B_new_0009": { "y": 100, "width": 300, "height": 380 },
			"B_new_0010": { "y": 100, "width": 300, "height": 380 },
			"B_new_0011": { "y": 100, "width": 300, "height": 380 },
			"B_new_0012": { "y": 100, "width": 300, "height": 380 },
			"B_new_0013": { "y": 100, "width": 300, "height": 380 },
			"B_new_0014": { "y": 100, "width": 300, "height": 380 },
			"B_new_0016": { "y": 100, "width": 300, "height": 380 },
			"B_new_0018": { "y": 100, "width": 300, "height": 380 },
			"B_new_0020": { "y": 100, "width": 300, "height": 380 },
			"B_new_0022": { "y": 100, "width": 300, "height": 380 },
			"B_new_0024": { "y": 100, "width": 300, "height": 380 },
			"B_new_0026": { "y": 100, "width": 300, "height": 380 },
			"B_new_0028": { "y": 100, "width": 300, "height": 380 },
			"B_new_0030": { "y": 100, "width": 300, "height": 380 },
			"B_new_0032": { "y": 100, "width": 300, "height": 380 },
			"B_new_0034": { "y": 100, "width": 300, "height": 380 }
		},
		"Gunfire": {
			"Gunfire": { "x": -14.45, "y": -2.41, "width": 300, "height": 300 }
		},
		"Gunfire_light": {
			"Gunfire": { "x": -14.45, "y": -2.41, "width": 300, "height": 300 }
		},
		"Light_picture": {
			"Light_picture": { "scaleX": 5, "scaleY": 5, "width": 75, "height": 75 }
		},
		"Star_light_00": {
			"Star_light_00": { "x": 1.37, "y": -1.95, "width": 80, "height": 80 }
		}
	}
},
"events": {
	"damage_point": {},
	"end": {},
	"start": {}
},
"animations": {
	"cannon_damage": {
		"slots": {
			"Blast_picture": {
				"attachment": [
					{ "time": 0, "name": null },
					{ "time": 0.4, "name": "B_new_0003" },
					{ "time": 0.5666, "name": "B_new_0005" },
					{ "time": 0.6666, "name": "B_new_0006" },
					{ "time": 0.7666, "name": "B_new_0007" },
					{ "time": 0.8666, "name": "B_new_0008" },
					{ "time": 0.9666, "name": "B_new_0009" },
					{ "time": 1.0666, "name": "B_new_0010" },
					{ "time": 1.1666, "name": "B_new_0011" },
					{ "time": 1.2666, "name": "B_new_0012" },
					{ "time": 1.3666, "name": "B_new_0013" },
					{ "time": 1.4666, "name": "B_new_0014" },
					{ "time": 1.5666, "name": "B_new_0016" },
					{ "time": 1.6666, "name": "B_new_0018" },
					{ "time": 1.7666, "name": "B_new_0020" },
					{ "time": 1.8666, "name": "B_new_0022" },
					{ "time": 1.9666, "name": "B_new_0024" },
					{ "time": 2.0666, "name": "B_new_0026" },
					{ "time": 2.1666, "name": "B_new_0028" },
					{ "time": 2.2666, "name": "B_new_0030" },
					{ "time": 2.3666, "name": "B_new_0032" },
					{ "time": 2.4666, "name": "B_new_0034" },
					{ "time": 2.5666, "name": null }
				]
			},
			"Gunfire": {
				"attachment": [
					{ "time": 0, "name": "Gunfire" },
					{ "time": 0.4333, "name": null }
				]
			},
			"Gunfire_light": {
				"attachment": [
					{ "time": 0, "name": "Gunfire" },
					{ "time": 0.4333, "name": null }
				]
			},
			"Light_picture": {
				"attachment": [
					{ "time": 0, "name": null },
					{ "time": 0.4, "name": "Light_picture" }
				],
				"color": [
					{ "time": 0.4, "color": "ffffff00" },
					{ "time": 0.4333, "color": "ffffffff" },
					{ "time": 1.1666, "color": "ffffff00" }
				]
			},
			"Star_light_00": {
				"attachment": [
					{ "time": 0, "name": null },
					{ "time": 0.4333, "name": "Star_light_00" }
				],
				"color": [
					{ "time": 0.4333, "color": "ffffff00" },
					{ "time": 0.5, "color": "ffffffff" },
					{ "time": 0.8333, "color": "ffffff00" }
				]
			}
		},
		"bones": {
			"Blast_00": {
				"rotate": [
					{ "time": 0.4, "angle": 0 }
				],
				"scale": [
					{ "time": 0.4, "x": 1, "y": 1 },
					{ "time": 0.4666, "x": 4, "y": 4 },
					{ "time": 0.5666, "x": 2, "y": 2 }
				]
			},
			"Gunfire_picture": {
				"rotate": [
					{ "time": 0, "angle": -44.69 }
				],
				"translate": [
					{
						"time": 0,
						"x": -734.48,
						"y": 806.65,
						"curve": [ 0.49, 0.07, 0.956, 0.61 ]
					},
					{ "time": 0.4, "x": -8.85, "y": 19.06 }
				],
				"scale": [
					{
						"time": 0,
						"x": 5,
						"y": 5,
						"curve": [ 0.49, 0.07, 0.956, 0.61 ]
					},
					{ "time": 0.4, "x": 1.5, "y": 1.5 }
				]
			},
			"Gunfire_picture_light": {
				"rotate": [
					{ "time": 0, "angle": -44.69 }
				],
				"translate": [
					{
						"time": 0,
						"x": -734.48,
						"y": 806.65,
						"curve": [ 0.49, 0.07, 0.956, 0.61 ]
					},
					{ "time": 0.4, "x": -8.85, "y": 19.06 }
				],
				"scale": [
					{
						"time": 0,
						"x": 5,
						"y": 5,
						"curve": [ 0.49, 0.07, 0.956, 0.61 ]
					},
					{ "time": 0.4, "x": 1.5, "y": 1.5 }
				]
			},
			"Light_00": {
				"scale": [
					{ "time": 0.4, "x": 0.3, "y": 0.3 },
					{ "time": 0.4333, "x": 1, "y": 1 },
					{ "time": 0.5666, "x": 0.8, "y": 0.4 },
					{ "time": 1.1666, "x": 1.4, "y": 0.4 }
				]
			},
			"Star_00": {
				"rotate": [
					{ "time": 0.4333, "angle": 60 }
				],
				"scale": [
					{ "time": 0.4333, "x": 5, "y": 25 },
					{ "time": 0.8333, "x": 10, "y": 2 }
				]
			}
		},
		"events": [
			{ "time": 0, "name": "start" },
			{ "time": 0.4333, "name": "damage_point" },
			{ "time": 2.5666, "name": "end" }
		]
	}
}
}