{
"skeleton": { "hash": "GYHNJjoPBZ0+60vds64VKBIK5uU", "spine": "2.1.27", "width": 308.03, "height": 306.21, "images": "" },
"bones": [
	{ "name": "Root_All", "x": 9.22, "y": 11.06, "scaleX": 1.01, "scaleY": 1.01 },
	{ "name": "Ship_All", "parent": "Root_All" },
	{ "name": "Body", "parent": "Ship_All", "length": 255.84, "x": -5.11, "y": -19.41, "rotation": 90 },
	{ "name": "Antiaircraft", "parent": "Body", "length": 44.62, "x": 201.5, "y": -51.66, "rotation": -61.79 },
	{ "name": "Attack_Point", "parent": "Body", "length": 25.69, "x": 77.86, "y": -56.73, "rotation": -88.64 },
	{ "name": "BB", "parent": "Body", "length": 6.44, "x": 111.04, "y": 6.91, "rotation": 7.68 },
	{ "name": "Behand", "parent": "Body", "length": 56.75, "x": 103.74, "y": 17.5, "rotation": -0.9 },
	{ "name": "DR", "parent": "Body", "length": 18.9, "x": 96.71, "y": -12.27, "rotation": -78.86 },
	{ "name": "Damage_Point", "parent": "Body", "length": 22.56, "x": 100.9, "y": 12.75, "rotation": -90 },
	{ "name": "Dialogue", "parent": "Body", "length": 57.85, "x": 188.67, "y": -42.48, "rotation": -90 },
	{ "name": "Expression", "parent": "Body", "length": 46.33, "x": 204.77, "y": -27.87, "rotation": -42.65 },
	{ "name": "Hand_L", "parent": "Body", "length": 28.31, "x": 118.83, "y": 24.36, "rotation": 126.79 },
	{ "name": "Head", "parent": "Body", "length": 66.72, "x": 131.76, "y": 11.39, "rotation": -0.9 },
	{ "name": "Smoke_L1", "parent": "Body", "length": 51.75, "x": 95.72, "y": -18.74, "rotation": -54.55 },
	{ "name": "Smoke_R1", "parent": "Body", "length": 79.5, "x": 99.73, "y": 53.73, "rotation": 21.87 },
	{ "name": "Throw_Point", "parent": "Body", "length": 24.91, "x": 65.16, "y": -14.26, "rotation": -71.69 },
	{ "name": "DL", "parent": "Hand_L", "length": 14.02, "x": 23.99, "y": 0.4, "rotation": -47.83 },
	{ "name": "DR2", "parent": "DR", "length": 19.09, "x": 19.94, "y": -0.14, "rotation": 8.06 },
	{ "name": "Face", "parent": "Head", "length": 66.94, "x": 47.91, "y": 21, "rotation": -89.09 },
	{ "name": "JZ_L", "parent": "Behand", "length": 55.42, "x": -31.37, "y": 36.4, "rotation": -89.69 },
	{ "name": "JZ_R", "parent": "Behand", "length": 48.52, "x": -28.2, "y": -27.31, "rotation": -91.72 },
	{ "name": "b1", "parent": "BB", "length": 5.22, "x": 2.94, "y": 11.01, "rotation": -10.78 },
	{ "name": "b2", "parent": "BB", "length": 4.72, "x": 0.19, "y": -9.39, "rotation": 2.93 },
	{ "name": "bl", "parent": "BB", "length": 7.25, "x": -6.9, "y": 11.76, "rotation": -9.9 },
	{ "name": "br", "parent": "BB", "length": 7.54, "x": -10.5, "y": -10.58, "rotation": -9.82 },
	{ "name": "hair", "parent": "Head", "length": 19.28, "x": 4.02, "y": 7.37, "rotation": 140.68 },
	{ "name": "DL2", "parent": "DL", "length": 13.9, "x": 16.1, "y": 0.44, "rotation": -29.4 },
	{ "name": "DR3", "parent": "DR2", "length": 15.65, "x": 19.09, "y": 0.08, "rotation": 46.86 },
	{ "name": "hair2", "parent": "hair", "length": 20.52, "x": 19.28, "rotation": -25.28 },
	{ "name": "DL3", "parent": "DL2", "length": 17.6, "x": 13.9, "y": 0.01, "rotation": -65.45 },
	{ "name": "DR4", "parent": "DR3", "length": 12.8, "x": 15.65, "rotation": 48.59 },
	{ "name": "hair3", "parent": "hair2", "length": 23.78, "x": 20.52, "y": -0.01, "rotation": -24.17 },
	{ "name": "DL4", "parent": "DL3", "length": 9.14, "x": 17.6, "y": 0.05, "rotation": -64.34 },
	{ "name": "hair4", "parent": "hair3", "length": 20.11, "x": 25.48, "y": -0.14, "rotation": 31.88 },
	{ "name": "hair5", "parent": "hair4", "length": 18.72, "x": 20.11, "y": 0.05, "rotation": 61.29 }
],
"slots": [
	{ "name": "JZ_R", "bone": "JZ_R", "attachment": "JZ_R" },
	{ "name": "JZ_R_light", "bone": "JZ_R", "attachment": "JZ_R_light", "blend": "additive" },
	{ "name": "hair", "bone": "hair", "attachment": "hair" },
	{ "name": "DR", "bone": "DR", "attachment": "DR" },
	{ "name": "Rodney_body_normal", "bone": "Body", "attachment": "Body_Change" },
	{ "name": "Light_Body", "bone": "Body", "attachment": "Rodney_ship_body_normal_light" },
	{ "name": "JZ_L", "bone": "JZ_L", "attachment": "change" },
	{ "name": "JZ_L_light", "bone": "JZ_L", "attachment": "JZ_L_light", "blend": "additive" },
	{ "name": "BB", "bone": "BB", "attachment": "change" },
	{ "name": "DL", "bone": "DL", "attachment": "DL" },
	{ "name": "hand_L", "bone": "Hand_L", "attachment": "hand_L" },
	{ "name": "head", "bone": "Head", "attachment": "head" },
	{ "name": "head_light", "bone": "Head", "attachment": "head_light", "blend": "additive" },
	{ "name": "Rodney_eyes_normal", "bone": "Face", "attachment": "Rodney_eyes_normal" }
],
"skins": {
	"default": {
		"DL": {
			"DL": {
				"type": "skinnedmesh",
				"uvs": [ 0, 0, 0.2, 0, 0.4, 0, 0.6, 0, 0.8, 0, 1, 0, 1, 0.2, 1, 0.4, 1, 0.6, 1, 0.8, 1, 1, 0.8, 1, 0.6, 1, 0.4, 1, 0.2, 1, 0, 1, 0, 0.8, 0, 0.6, 0, 0.4, 0, 0.2, 0.2, 0.2, 0.2, 0.4, 0.2, 0.6, 0.2, 0.8, 0.4, 0.2, 0.4, 0.4, 0.4, 0.6, 0.4, 0.8, 0.6, 0.2, 0.6, 0.4, 0.6, 0.6, 0.6, 0.8, 0.8, 0.2, 0.8, 0.4, 0.8, 0.6, 0.8, 0.8 ],
				"triangles": [ 20, 1, 2, 24, 2, 3, 20, 2, 24, 28, 3, 4, 24, 3, 28, 32, 4, 5, 28, 4, 32, 32, 5, 6, 25, 24, 28, 21, 24, 25, 29, 28, 32, 25, 28, 29, 33, 32, 6, 29, 32, 33, 33, 6, 7, 26, 25, 29, 19, 0, 1, 19, 1, 20, 18, 19, 20, 21, 20, 24, 18, 20, 21, 17, 18, 21, 22, 21, 25, 17, 21, 22, 22, 25, 26, 16, 17, 22, 23, 22, 26, 16, 22, 23, 23, 26, 27, 15, 16, 23, 14, 23, 27, 15, 23, 14, 13, 27, 31, 14, 27, 13, 30, 29, 33, 26, 29, 30, 34, 33, 7, 30, 33, 34, 34, 7, 8, 27, 26, 30, 31, 30, 34, 27, 30, 31, 35, 34, 8, 31, 34, 35, 35, 8, 9, 12, 31, 35, 13, 31, 12, 11, 35, 9, 12, 35, 11, 11, 9, 10 ],
				"vertices": [ 3, 16, 37.77, -29.97, 0, 29, 22.71, 11.51, 0.72212, 32, -8.10999, 9.56, 0.27787, 3, 16, 30.12, -31.47, 0, 29, 24.85, 4.01, 0.38814, 32, -0.42, 8.24, 0.61184, 2, 29, 26.99, -3.48, 0.00136, 32, 7.26, 6.92, 0.99863, 3, 16, 14.81, -34.46, 0.0288, 29, 29.13, -10.98, 0, 32, 14.95, 5.6, 0.97119, 2, 16, 7.15, -35.96, 0.11589, 32, 22.63, 4.28, 0.8841, 2, 16, -0.49, -37.46, 0.15471, 32, 30.32, 2.96, 0.84527, 2, 16, -2.07, -29.41, 0.24001, 32, 28.93, -5.11, 0.75998, 2, 16, -3.64, -21.36, 0.47014, 32, 27.54, -13.19, 0.52985, 2, 16, -5.21, -13.31, 0.74453, 32, 26.16, -21.27, 0.25546, 2, 16, -6.79, -5.27, 0.9423, 32, 24.77, -29.35, 0.05769, 1, 16, -8.35999, 2.77, 1, 1, 16, -0.71, 4.27, 1, 2, 16, 6.94, 5.76, 0.94112, 26, -10.59, 0.14, 0.05887, 2, 16, 14.59, 7.26, 0.25075, 26, -4.66, 5.19999, 0.74924, 1, 26, 1.27, 10.26, 1, 1, 26, 7.2, 15.32, 1, 2, 26, 12.52, 9.08, 0.9679, 29, -8.82, 2.51, 0.03209, 2, 26, 17.85, 2.85, 0.37882, 29, -0.93, 4.76, 0.62117, 1, 29, 6.94, 7.01, 1, 3, 16, 36.2, -21.93, 0, 29, 14.83, 9.26, 0.91649, 32, -9.5, 1.48, 0.0835, 2, 29, 16.96999, 1.76, 0.89919, 32, -1.81, 0.16, 0.1008, 1, 29, 9.08, -0.48, 1, 2, 26, 11.91, -2.21, 0.74691, 29, 1.2, -2.73, 0.25308, 1, 26, 6.59, 4.02, 1, 1, 32, 5.87, -1.15, 1, 4, 16, 19.31, -16.87, 0.15308, 26, 11.3, -13.51, 0.00952, 29, 11.22, -7.98, 0.37266, 32, 4.48, -9.22999, 0.46473, 4, 16, 17.74, -8.82, 0.53559, 26, 5.98, -7.27, 0.20352, 29, 3.34, -10.22999, 0.12037, 32, 3.09, -17.31, 0.14049, 4, 16, 16.17, -0.78, 0.25029, 26, 0.66, -1.03, 0.7399, 29, -4.54, -12.48, 0.00255, 32, 1.71, -25.39, 0.00723, 3, 16, 13.23, -26.42, 0.08723, 29, 21.25, -13.23, 4.7E-4, 32, 13.56, -2.47, 0.91229, 4, 16, 11.66, -18.37, 0.39993, 26, 5.36, -18.57, 0.00248, 29, 13.36, -15.48, 0.07919, 32, 12.17, -10.55, 0.51838, 4, 16, 10.09, -10.32, 0.73205, 26, 0.04, -12.33, 0.00123, 29, 5.48, -17.73, 0.02378, 32, 10.78, -18.62999, 0.24292, 3, 16, 8.51, -2.27, 0.98464, 29, -2.4, -19.98, 2.6E-4, 32, 9.39, -26.71, 0.01509, 2, 16, 5.58, -27.91, 0.24271, 32, 21.24, -3.79, 0.75728, 3, 16, 4, -19.87, 0.44867, 29, 15.5, -22.98, 0.00363, 32, 19.86, -11.87, 0.54768, 3, 16, 2.43, -11.82, 0.71175, 29, 7.62, -25.23, 0.00331, 32, 18.46999, -19.95, 0.28493, 2, 16, 0.86, -3.77, 0.97942, 32, 17.08, -28.03, 0.02057 ],
				"hull": 20,
				"edges": [ 0, 2, 2, 4, 4, 6, 6, 8, 8, 10, 10, 12, 12, 14, 14, 16, 16, 18, 18, 20, 20, 22, 22, 24, 24, 26, 26, 28, 28, 30, 30, 32, 32, 34, 34, 36, 36, 38, 38, 0 ],
				"width": 39,
				"height": 41
			}
		},
		"DR": {
			"DR": {
				"type": "skinnedmesh",
				"uvs": [ 0, 0, 0.2, 0, 0.4, 0, 0.6, 0, 0.8, 0, 1, 0, 1, 0.2, 1, 0.4, 1, 0.6, 1, 0.8, 1, 1, 0.8, 1, 0.6, 1, 0.4, 1, 0.2, 1, 0, 1, 0, 0.8, 0, 0.6, 0, 0.4, 0, 0.2, 0.2, 0.2, 0.2, 0.4, 0.2, 0.6, 0.2, 0.8, 0.4, 0.2, 0.4, 0.4, 0.4, 0.6, 0.4, 0.8, 0.6, 0.2, 0.6, 0.4, 0.6, 0.6, 0.6, 0.8, 0.8, 0.2, 0.8, 0.4, 0.8, 0.6, 0.8, 0.8 ],
				"triangles": [ 24, 2, 3, 28, 3, 4, 24, 3, 28, 32, 4, 5, 28, 4, 32, 32, 5, 6, 25, 24, 28, 29, 28, 32, 25, 28, 29, 33, 32, 6, 29, 32, 33, 33, 6, 7, 34, 33, 7, 30, 33, 34, 34, 7, 8, 35, 34, 8, 35, 8, 9, 26, 25, 29, 30, 29, 33, 26, 29, 30, 27, 26, 30, 31, 30, 34, 27, 30, 31, 31, 34, 35, 13, 27, 31, 12, 31, 35, 13, 31, 12, 11, 35, 9, 12, 35, 11, 11, 9, 10, 19, 0, 1, 20, 1, 2, 19, 1, 20, 20, 2, 24, 18, 19, 20, 21, 20, 24, 18, 20, 21, 21, 24, 25, 17, 18, 21, 22, 21, 25, 17, 21, 22, 22, 25, 26, 16, 17, 22, 23, 22, 26, 16, 22, 23, 23, 26, 27, 15, 16, 23, 14, 23, 27, 15, 23, 14, 14, 27, 13 ],
				"vertices": [ 3, 7, 4.98999, 39.16999, 0.69246, 17, -9.28, 41.03, 0.02542, 30, 33.12, 36.09, 0.2821, 3, 7, 15, 37.21, 0.60237, 17, 0.34, 37.68, 0.05507, 30, 28.87, 26.82, 0.34253, 3, 7, 25.01, 35.24, 0.36953, 17, 9.97999, 34.33, 0.09798, 30, 24.62, 17.54999, 0.53248, 3, 7, 35.00999, 33.28, 0.11912, 17, 19.61, 30.98, 0.06093, 30, 20.36, 8.28, 0.81993, 3, 7, 45.02, 31.31, 0.0025, 17, 29.24, 27.63, 0.00122, 30, 16.11, -0.98, 0.99626, 3, 7, 55.03, 29.35, 9.0E-5, 17, 38.88, 24.28, 4.0E-5, 30, 11.86, -10.25, 0.99986, 2, 27, 22.96, -1.54, 0.04366, 30, 3.68, -6.5, 0.95633, 2, 27, 14.74, -5.19, 0.80632, 30, -4.48999, -2.75, 0.19367, 2, 17, 30.01, -1.21, 0.09378, 27, 6.51, -8.85, 0.90621, 3, 7, 48.1, -5.96, 0, 17, 27.05, -9.71, 0.49114, 27, -1.7, -12.5, 0.50884, 3, 7, 46.36, -14.79, 2.0E-5, 17, 24.1, -18.20999, 0.6749, 27, -9.93, -16.16, 0.32507, 2, 17, 14.47, -14.86, 0.8396, 27, -14.07, -6.84, 0.16039, 3, 7, 26.35, -10.86, 0.06327, 17, 4.83, -11.51, 0.93187, 27, -18.20999, 2.47, 0.00485, 2, 7, 16.34, -8.89999, 0.64345, 17, -4.79, -8.16, 0.35653, 1, 7, 6.33, -6.93, 1, 1, 7, -3.67, -4.96999, 1, 2, 7, -1.93, 3.85, 0.99511, 30, 0.4, 51.1, 0.00488, 3, 7, -0.2, 12.68, 0.94819, 17, -18.15, 15.53, 0.00135, 30, 8.58, 47.35, 0.05044, 3, 7, 1.52, 21.51, 0.83858, 17, -15.19, 24.03, 0.01995, 30, 16.76, 43.6, 0.14146, 3, 7, 3.26, 30.34, 0.73344, 17, -12.24, 32.53, 0.02699, 30, 24.94, 39.84, 0.23955, 3, 7, 13.26, 28.38, 0.63827, 17, -2.59999, 29.18, 0.06375, 30, 20.69, 30.57, 0.29795, 4, 7, 11.53, 19.54999, 0.75375, 17, -5.56, 20.68, 0.07421, 27, -1.82, 32.08, 4.0E-5, 30, 12.51, 34.33, 0.17199, 3, 7, 9.8, 10.72, 0.89458, 17, -8.51, 12.18, 0.04516, 30, 4.33, 38.08, 0.06025, 2, 7, 8.06, 1.89, 0.99241, 30, -3.84, 41.83, 0.00758, 4, 7, 23.27, 26.41, 0.42381, 17, 7.02, 25.83, 0.14579, 27, 10.53, 26.41, 0.00872, 30, 16.44, 21.3, 0.42165, 4, 7, 21.54, 17.58, 0.47453, 17, 4.06, 17.33, 0.28185, 27, 2.31, 22.76, 0.01733, 30, 8.26, 25.06, 0.22627, 4, 7, 19.81, 8.75, 0.34233, 17, 1.11, 8.83, 0.61389, 27, -5.9, 19.1, 0.00453, 30, 0.08, 28.81, 0.03924, 2, 7, 18.07, -0.07, 0.5, 17, -1.84, 0.33, 0.5, 4, 7, 33.28, 24.45, 0.12242, 17, 16.65, 22.48, 0.15742, 27, 14.68, 17.09, 0.09162, 30, 12.18, 12.03, 0.62851, 4, 7, 31.55, 15.62, 0.11872, 17, 13.7, 13.98, 0.46816, 27, 6.45, 13.44, 0.16777, 30, 4, 15.79, 0.24533, 4, 7, 29.81, 6.79, 0.00886, 17, 10.74, 5.48, 0.9467, 27, -1.76, 9.78, 0.02306, 30, -4.17, 19.54, 0.02136, 2, 7, 28.08, -2.03, 0.01871, 17, 7.79, -3.01, 0.98128, 4, 7, 43.29, 22.48, 0.00899, 17, 26.29, 19.12999, 0.02168, 27, 18.82, 7.77, 0.06584, 30, 7.93, 2.76, 0.90345, 4, 7, 41.56, 13.65, 0.00323, 17, 23.33, 10.63, 0.04654, 27, 10.59, 4.12, 0.79695, 30, -0.24, 6.51, 0.15325, 3, 17, 20.37999, 2.13, 0.21155, 27, 2.36999, 0.46, 0.78821, 30, -8.42, 10.27, 2.3E-4, 2, 17, 17.42, -6.36, 0.75115, 27, -5.84, -3.18, 0.24884 ],
				"hull": 20,
				"edges": [ 0, 2, 2, 4, 4, 6, 6, 8, 8, 10, 10, 12, 12, 14, 14, 16, 16, 18, 18, 20, 20, 22, 22, 24, 24, 26, 26, 28, 28, 30, 30, 32, 32, 34, 34, 36, 36, 38, 38, 0 ],
				"width": 51,
				"height": 45
			}
		},
		"JZ_L_light": {
			"JZ_L_light": { "x": 46.19, "y": 56.56, "rotation": 0.6, "width": 300, "height": 300 }
		},
		"JZ_R": {
			"JZ_R": { "x": -19.23, "y": 52.44, "rotation": 2.63, "width": 300, "height": 300 }
		},
		"JZ_R_light": {
			"JZ_R_light": { "x": -19.23, "y": 52.44, "rotation": 2.63, "width": 300, "height": 300 }
		},
		"Light_Body": {
			"Rodney_ship_body_normal_light": { "x": 131.3, "y": 10.78, "rotation": -90, "width": 300, "height": 300 }
		},
		"Rodney_eyes_normal": {
			"Rodney_eyes_damage": { "x": 19.21, "y": -48.69, "width": 300, "height": 300 },
			"Rodney_eyes_normal": { "x": 19.21, "y": -48.69, "width": 300, "height": 300 }
		},
		"hair": {
			"hair": {
				"type": "skinnedmesh",
				"uvs": [ 0, 0, 0.14285, 0, 0.28571, 0, 0.42857, 0, 0.57142, 0, 0.71428, 0, 0.85714, 0, 1, 0, 1, 0.14285, 1, 0.28571, 1, 0.42857, 1, 0.57142, 1, 0.71428, 1, 0.85714, 1, 1, 0.85714, 1, 0.71428, 1, 0.57142, 1, 0.42857, 1, 0.28571, 1, 0.14285, 1, 0, 1, 0, 0.85714, 0, 0.71428, 0, 0.57142, 0, 0.42857, 0, 0.28571, 0, 0.14285, 0.14285, 0.14285, 0.14285, 0.28571, 0.14285, 0.42857, 0.14285, 0.57142, 0.14285, 0.71428, 0.14285, 0.85714, 0.28571, 0.14285, 0.28571, 0.28571, 0.28571, 0.42857, 0.28571, 0.57142, 0.28571, 0.71428, 0.28571, 0.85714, 0.42857, 0.14285, 0.42857, 0.28571, 0.42857, 0.42857, 0.42857, 0.57142, 0.42857, 0.71428, 0.42857, 0.85714, 0.57142, 0.14285, 0.57142, 0.28571, 0.57142, 0.42857, 0.57142, 0.57142, 0.57142, 0.71428, 0.57142, 0.85714, 0.71428, 0.14285, 0.71428, 0.28571, 0.71428, 0.42857, 0.71428, 0.57142, 0.71428, 0.71428, 0.71428, 0.85714, 0.85714, 0.14285, 0.85714, 0.28571, 0.85714, 0.42857, 0.85714, 0.57142, 0.85714, 0.71428, 0.85714, 0.85714 ],
				"triangles": [ 21, 33, 20, 20, 33, 39, 21, 22, 33, 22, 32, 33, 33, 32, 38, 22, 23, 32, 23, 31, 32, 32, 31, 37, 23, 24, 31, 31, 25, 30, 37, 31, 30, 31, 24, 25, 25, 29, 30, 25, 26, 29, 26, 28, 29, 26, 27, 28, 37, 30, 36, 30, 35, 36, 36, 35, 41, 30, 29, 35, 35, 40, 41, 29, 34, 35, 35, 34, 40, 29, 28, 34, 34, 3, 40, 28, 2, 34, 34, 2, 3, 27, 1, 28, 28, 1, 2, 27, 0, 1, 18, 51, 17, 19, 45, 18, 18, 45, 51, 20, 39, 19, 19, 39, 45, 45, 50, 51, 39, 44, 45, 45, 44, 50, 33, 38, 39, 39, 38, 44, 44, 49, 50, 38, 43, 44, 44, 43, 49, 32, 37, 38, 38, 37, 43, 43, 48, 49, 49, 48, 54, 37, 42, 43, 43, 42, 48, 37, 36, 42, 48, 53, 54, 42, 47, 48, 48, 47, 53, 36, 41, 42, 42, 41, 47, 47, 52, 53, 47, 40, 46, 47, 46, 52, 47, 41, 40, 46, 5, 52, 46, 3, 4, 46, 4, 5, 46, 40, 3, 17, 57, 16, 16, 57, 63, 17, 51, 57, 51, 56, 57, 57, 56, 62, 51, 50, 56, 50, 55, 56, 56, 55, 61, 50, 49, 55, 49, 54, 55, 55, 54, 60, 15, 13, 14, 16, 63, 15, 15, 63, 13, 63, 12, 13, 57, 62, 63, 63, 62, 12, 62, 11, 12, 56, 61, 62, 62, 61, 11, 61, 10, 11, 55, 60, 61, 61, 60, 10, 60, 9, 10, 54, 59, 60, 60, 59, 9, 54, 53, 59, 59, 8, 9, 53, 58, 59, 59, 58, 8, 53, 52, 58, 58, 7, 8, 52, 6, 58, 58, 6, 7, 52, 5, 6 ],
				"vertices": [ 2, 33, 32.7, -12.59, 0.43359, 34, -5.04, -17.12, 0.5664, 2, 33, 19.15, -13.2, 0.80133, 34, -12.09, -5.52, 0.19866, 2, 31, 37.53, -8.92, 9.3E-4, 33, 5.59, -13.82, 0.99906, 5, 25, 42.34, -39.59999, 0.00546, 28, 37.75999, -25.94, 0.01196, 31, 26.34, -16.6, 0.34175, 33, -7.96, -14.43, 0.64081, 34, -26.18, 17.67, 0, 5, 25, 29.24, -36.09, 0.09447, 28, 24.41, -28.37, 0.15643, 31, 15.15, -24.28, 0.60803, 33, -21.52, -15.04, 0.14104, 34, -33.23, 29.27, 0, 5, 25, 16.12999, -32.57, 0.40673, 28, 11.06, -30.8, 0.24189, 31, 3.96, -31.96, 0.33191, 33, -35.07, -15.65, 0.01945, 34, -40.27, 40.87, 0, 5, 25, 3.02, -29.06, 0.79308, 28, -2.29, -33.22, 0.12837, 31, -7.22, -39.64, 0.07817, 33, -48.63, -16.26, 3.6E-4, 34, -47.32, 52.46, 0, 4, 25, -10.08, -25.55, 0.95736, 28, -15.64, -35.65, 0.02901, 31, -18.41, -47.32, 0.01361, 34, -54.36, 64.06, 0, 4, 25, -8.6, -20.03, 0.96168, 28, -16.66, -30.02, 0.0263, 31, -21.64, -42.61, 0.012, 34, -49.48, 67.03, 0, 4, 25, -7.13, -14.51, 0.97817, 28, -17.68, -24.4, 0.01543, 31, -24.88, -37.89, 0.00638, 34, -44.6, 70, 0, 5, 25, -5.65, -8.99, 0.99442, 28, -18.7, -18.78, 0.00397, 31, -28.11, -33.18, 0.00159, 33, -62.96, 0.24, 0, 34, -39.71, 72.96, 0, 3, 25, -4.17, -3.47, 1, 33, -63.22, 5.95, 0, 34, -34.83, 75.93, 0, 2, 25, -2.69, 2.04, 1, 33, -63.48, 11.66, 0, 2, 25, -1.21, 7.56, 1, 33, -63.73, 17.37, 0, 3, 25, 0.26, 13.08, 0.99977, 28, -22.79, 3.7, 2.2E-4, 33, -63.99, 23.08, 0, 4, 25, 13.37, 9.57, 0.93554, 28, -9.43999, 6.13, 0.06445, 33, -50.43, 23.69, 0, 34, -13.13, 73.23, 0, 4, 25, 26.48, 6.05, 0.13175, 28, 3.91, 8.55, 0.86824, 33, -36.88, 24.3, 0, 34, -6.09, 61.63, 0, 4, 28, 17.26, 10.98, 0.70956, 31, -7.48, 8.68999, 0.28955, 33, -23.32, 24.91, 0, 34, 0.95, 50.03, 8.7E-4, 4, 28, 30.61, 13.4, 0.10357, 31, 3.7, 16.37, 0.85571, 33, -9.76, 25.52, 0, 34, 8, 38.43999, 0.0407, 3, 28, 43.97, 15.83, 9.4E-4, 31, 14.89, 24.05, 0.76904, 34, 15.04, 26.84, 0.23, 2, 31, 26.08, 31.73, 0.30449, 34, 22.09, 15.24, 0.6955, 2, 31, 37.27, 39.41, 0.02198, 34, 29.14, 3.64, 0.97801, 2, 31, 40.50999, 34.7, 0.01051, 34, 24.25, 0.67, 0.98948, 1, 34, 19.37, -2.29, 1, 1, 34, 14.48, -5.25, 1, 2, 33, 31.93, 4.52, 0.03642, 34, 9.6, -8.22, 0.96357, 2, 33, 32.18999, -1.17999, 0.19927, 34, 4.71999, -11.19, 0.80072, 2, 33, 32.45, -6.88, 0.37647, 34, -0.16, -14.15, 0.62352, 2, 33, 18.89, -7.5, 0.7253, 34, -7.2, -2.55, 0.27469, 2, 33, 18.62999, -1.79, 0.5, 34, -2.32, 0.4, 0.5, 3, 31, 39.02, 12.89, 0.02888, 33, 18.37, 3.91, 0.32365, 34, 2.55, 3.37, 0.64746, 3, 31, 35.78, 17.6, 0.06887, 33, 18.12, 9.62, 0.11079, 34, 7.44, 6.34, 0.82032, 3, 31, 32.55, 22.31, 0.23284, 33, 17.86, 15.33, 0.02622, 34, 12.32, 9.3, 0.74093, 3, 31, 29.32, 27.02, 0.22249, 33, 17.6, 21.04, 0.00281, 34, 17.20999, 12.27, 0.77469, 1, 33, 5.33, -8.10999, 1, 1, 33, 5.07, -2.4, 1, 3, 31, 27.83, 5.21, 0.23459, 33, 4.82, 3.3, 0.7225, 34, -4.48, 14.97, 0.0429, 3, 31, 24.59, 9.92, 0.6571, 33, 4.56, 9.01, 0.23851, 34, 0.39, 17.94, 0.10437, 4, 28, 46.01, 4.58, 7.9E-4, 31, 21.36, 14.63, 0.83055, 33, 4.3, 14.72, 0.01686, 34, 5.28, 20.9, 0.15177, 4, 28, 44.99, 10.2, 7.9E-4, 31, 18.12999, 19.34, 0.76518, 33, 4.04, 20.43, 0.00594, 34, 10.16, 23.87, 0.22807, 5, 25, 43.82, -34.08, 0.00489, 28, 36.74, -20.32, 0.0109, 31, 23.11, -11.89, 0.38351, 33, -8.22, -8.72, 0.60068, 34, -21.3, 20.62999, 0, 4, 25, 45.3, -28.56, 0.0039, 28, 35.72, -14.7, 0.00929, 31, 19.87, -7.17, 0.89977, 33, -8.47, -3.01, 0.08701, 1, 31, 16.64, -2.46, 1, 2, 31, 13.41, 2.24, 0.98799, 34, -6.64, 29.53, 0.012, 3, 28, 32.66, 2.16, 0.01483, 31, 10.17, 6.95, 0.95756, 34, -1.76, 32.5, 0.0276, 3, 28, 31.63, 7.78, 0.09697, 31, 6.94, 11.66, 0.87212, 34, 3.11, 35.47, 0.03089, 5, 25, 30.71, -30.57, 0.102, 28, 23.39, -22.75, 0.18422, 31, 11.92, -19.57, 0.61558, 33, -21.77, -9.33, 0.09817, 34, -28.34, 32.23, 0, 5, 25, 32.18999, -25.05, 0.0563, 28, 22.37, -17.12999, 0.16387, 31, 8.68, -14.85, 0.7119, 33, -22.03, -3.62, 0.06791, 34, -23.46, 35.2, 0, 5, 25, 33.66999, -19.53, 0.02449, 28, 21.35, -11.5, 0.14858, 31, 5.45, -10.14, 0.81488, 33, -22.29, 2.08, 0.01203, 34, -18.57, 38.16999, 0, 3, 25, 35.15, -14.01, 0.02605, 28, 20.32, -5.88, 0.43224, 31, 2.22, -5.43, 0.5417, 2, 28, 19.29999, -0.26, 0.5, 31, -1.01, -0.72, 0.5, 4, 28, 18.28, 5.35, 0.58887, 31, -4.23999, 3.98, 0.4105, 33, -23.06, 19.2, 0, 34, -3.92, 47.07, 6.2E-4, 5, 25, 17.6, -27.05, 0.34044, 28, 10.03, -25.17, 0.28502, 31, 0.73, -27.25, 0.35986, 33, -35.33, -9.93999, 0.01466, 34, -35.39, 43.83, 0, 5, 25, 19.08, -21.53, 0.3665, 28, 9.01, -19.54999, 0.38396, 31, -2.5, -22.53, 0.24759, 33, -35.59, -4.23, 0.00193, 34, -30.5, 46.8, 0, 4, 25, 20.56, -16.01, 0.25779, 28, 7.99, -13.93, 0.56667, 31, -5.73, -17.82, 0.17552, 34, -25.62, 49.77, 0, 4, 25, 22.04, -10.49, 0.27642, 28, 6.97, -8.31, 0.65297, 31, -8.96, -13.11, 0.07058, 34, -20.74, 52.73, 0, 3, 25, 23.52, -4.98, 0.1008, 28, 5.95, -2.68, 0.87241, 31, -12.2, -8.39999, 0.02677, 4, 25, 25, 0.52999, 0.03278, 28, 4.92999, 2.93, 0.96721, 33, -36.62, 18.59, 0, 34, -10.97, 58.67, 0, 5, 25, 4.5, -23.54, 0.79058, 28, -3.31, -27.6, 0.13129, 31, -10.45, -34.93, 0.07779, 33, -48.89, -10.55, 3.2E-4, 34, -42.43, 55.43, 0, 3, 25, 5.97, -18.02, 0.78804, 28, -4.33, -21.98, 0.15033, 31, -13.69, -30.21, 0.06161, 4, 25, 7.45, -12.5, 0.78292, 28, -5.35, -16.35, 0.17607, 31, -16.92, -25.5, 0.041, 34, -32.66999, 61.36, 0, 4, 25, 8.93, -6.98, 0.91633, 28, -6.37, -10.73, 0.07374, 31, -20.15, -20.79, 0.0099, 33, -49.66, 6.56, 0, 4, 25, 10.41, -1.46, 0.99001, 28, -7.39, -5.11, 0.00844, 31, -23.39, -16.08, 0.00152, 33, -49.92, 12.27, 0, 3, 25, 11.89, 4.05, 0.96291, 28, -8.41, 0.5, 0.03708, 34, -18.02, 70.26, 0 ],
				"hull": 28,
				"edges": [ 0, 2, 2, 4, 4, 6, 6, 8, 8, 10, 10, 12, 12, 14, 14, 16, 16, 18, 18, 20, 20, 22, 22, 24, 24, 26, 26, 28, 28, 30, 30, 32, 32, 34, 34, 36, 36, 38, 38, 40, 40, 42, 42, 44, 44, 46, 46, 48, 48, 50, 50, 52, 52, 54, 54, 0 ],
				"width": 95,
				"height": 40
			}
		},
		"hand_L": {
			"hand_L": { "x": -18.56, "y": -1.93, "rotation": 143.2, "width": 300, "height": 300 }
		},
		"head": {
			"head": { "x": -0.98, "y": 0.85, "rotation": -89.09, "width": 300, "height": 300 }
		},
		"head_light": {
			"head_light": { "x": -0.98, "y": 0.85, "rotation": -89.09, "width": 300, "height": 300 }
		}
	},
	"damage": {
		"BB": {
			"change": {
				"name": "BB_damage",
				"type": "skinnedmesh",
				"uvs": [ 1, 0.15211, 1, 0.40688, 1, 0.69651, 1, 0.95454, 0.90901, 0.95454, 0.71128, 0.95454, 0.54544, 0.95454, 0.42265, 0.95454, 0.17549, 0.95454, 0, 0.95454, 0, 0.80111, 0, 0.65629, 0, 0.35861, 0, 0.15747, 0, 0, 0.09736, 0, 0.27117, 0, 0.47049, 0, 0.64271, 0, 0.78463, 0, 0.89306, 0, 1, 0, 0.56298, 0.7877, 0.88828, 0.16283, 0.67938, 0.17356, 0.57733, 0.31033, 0.41149, 0.18965, 0.22333, 0.06361, 0.11011, 0.4042, 0.22811, 0.67238, 0.38279, 0.66433, 0.55819, 0.46588, 0.69055, 0.68042, 0.87711, 0.65092, 0.90263, 0.42029 ],
				"triangles": [ 20, 21, 0, 23, 19, 20, 23, 20, 0, 23, 0, 1, 34, 23, 1, 24, 23, 34, 25, 24, 34, 34, 32, 31, 33, 32, 34, 33, 34, 1, 2, 33, 1, 22, 30, 32, 5, 32, 33, 22, 32, 5, 6, 22, 5, 4, 33, 2, 5, 33, 4, 4, 2, 3, 11, 12, 28, 30, 28, 31, 29, 11, 28, 30, 29, 28, 10, 11, 29, 8, 9, 10, 29, 8, 10, 7, 30, 22, 29, 30, 7, 8, 29, 7, 6, 7, 22, 24, 18, 19, 24, 19, 23, 24, 17, 18, 27, 15, 16, 13, 14, 15, 27, 16, 26, 13, 28, 12, 27, 13, 15, 27, 28, 13, 28, 27, 26, 26, 16, 17, 17, 24, 26, 25, 26, 24, 31, 26, 25, 31, 25, 34, 28, 26, 31, 30, 31, 32 ],
				"vertices": [ 3, 5, 0.14, -19.27, 0, 22, -0.56, -9.85999, 0.18998, 24, 11.97, -6.74, 0.81, 3, 5, -5.41, -18.53, 0, 22, -6.07, -8.83, 0.00925, 24, 6.36, -6.96, 0.99074, 1, 24, 0, -7.2, 1, 1, 24, -5.67, -7.41, 1, 2, 23, -5.49, -26.69, 2.0E-4, 24, -5.79, -4.05, 0.99979, 3, 5, -15.93, -6.33, 0.09869, 23, -5.77, -19.37999, 0.08813, 24, -6.07, 3.25, 0.81317, 3, 5, -15.11, -0.25, 0.26705, 23, -6.01, -13.25, 0.36333, 24, -6.3, 9.39, 0.3696, 3, 5, -14.5, 4.23999, 0.23694, 23, -6.19, -8.71, 0.61486, 24, -6.47, 13.93, 0.14819, 3, 5, -13.28, 13.3, 0.01727, 23, -6.55, 0.42, 0.97732, 24, -6.82, 23.06, 0.00538, 1, 23, -6.81, 6.91, 1, 2, 21, -13.36, 5.87, 0.00935, 23, -3.43, 7.04, 0.99063, 2, 21, -10.18, 6.05, 0.06747, 23, -0.25, 7.17, 0.93252, 2, 21, -3.64, 6.41, 0.53932, 23, 6.28, 7.42, 0.46067, 2, 21, 0.77, 6.65, 0.93859, 23, 10.7, 7.6, 0.0614, 1, 21, 4.23, 6.84, 1, 1, 21, 4.42999, 3.24, 1, 3, 5, 7.05, 7, 0.29537, 21, 4.78, -3.17, 0.62671, 23, 14.56, -2.28, 0.07791, 3, 5, 6.06, -0.3, 0.98449, 21, 5.17999, -10.54, 0.00563, 22, 6.33, 8.77, 0.00987, 4, 5, 5.21, -6.62, 0.29233, 21, 5.53, -16.9, 3.0E-5, 22, 5.15, 2.51, 0.70759, 23, 15.1, -16.02, 3.0E-5, 2, 22, 4.19, -2.65, 0.82772, 24, 15.01, 1.34, 0.17227, 3, 5, 3.98, -15.8, 1.0E-5, 22, 3.45, -6.59, 0.41865, 24, 15.16, -2.66, 0.58133, 3, 5, 3.45, -19.71999, 0, 22, 2.72, -10.47999, 0.27057, 24, 15.31, -6.62, 0.72941, 4, 5, -11.56, -1.38, 0.30902, 22, -11.33, 8.59, 0.01503, 23, -2.32, -13.75, 0.27803, 24, -2.60999, 8.88, 0.3979, 3, 5, 0.45, -15.14, 0, 22, -0.03, -5.76, 0.22885, 24, 11.57, -2.61999, 0.77114, 3, 5, 1.25, -7.45, 0.204, 21, 1.79, -18.45999, 0, 22, 1.15, 1.87, 0.79598, 4, 5, -1.22, -3.31, 0.71241, 22, -1.1, 6.14, 0.22326, 23, 8.18, -13.87, 0.01667, 24, 7.9, 8.74, 0.04763, 3, 5, 2.22, 2.41, 0.73141, 21, 0.89, -8.58, 0.08031, 23, 10.6, -7.63, 0.18826, 3, 5, 5.9, 8.93999, 0.11095, 21, 3.28, -1.48, 0.83852, 23, 13.09, -0.57, 0.05052, 2, 21, -4.42, 2.28, 0.24399, 23, 5.44, 3.31, 0.756, 3, 5, -7.39, 10.55, 0.04839, 23, -0.27, -1.27, 0.94289, 24, -0.54, 21.35, 0.0087, 4, 5, -7.98, 4.85, 0.28559, 22, -7.43, 14.65, 6.2E-4, 23, 0.12, -6.98, 0.63009, 24, -0.15, 15.64, 0.08368, 4, 5, -4.52, -2.15, 0.58989, 22, -4.34, 7.46, 0.16215, 23, 4.73999, -13.3, 0.09324, 24, 4.44999, 9.32, 0.15469, 4, 5, -9.85, -6.38, 0.18728, 22, -9.88, 3.52, 0.02336, 23, 0.21, -18.37, 0.11295, 24, -0.07, 4.25, 0.67639, 1, 24, 0.83, -2.61999, 1, 2, 5, -5.21999, -14.92, 0, 24, 5.93, -3.37, 1 ],
				"hull": 22,
				"edges": [ 28, 30, 22, 24, 16, 18, 14, 16, 6, 8, 8, 10, 6, 4, 4, 2, 30, 32, 32, 34, 34, 36, 36, 38, 38, 40, 40, 42, 2, 0, 0, 42, 10, 12, 12, 14, 18, 20, 20, 22, 24, 26, 26, 28 ],
				"width": 37,
				"height": 22
			}
		},
		"JZ_L": {
			"change": { "name": "JZ_L_damage", "x": 46.37, "y": 55.9, "rotation": 0.6, "width": 300, "height": 300 }
		},
		"Rodney_body_normal": {
			"Body_Change": { "name": "Rodney_body_damage", "x": 131.3, "y": 10.78, "rotation": -90, "width": 300, "height": 300 }
		}
	},
	"normal": {
		"BB": {
			"change": {
				"name": "BB",
				"type": "skinnedmesh",
				"uvs": [ 1, 0.16089, 1, 0.39939, 1, 0.64689, 1, 0.82239, 1, 0.95454, 0.8898, 0.95454, 0.7132, 0.95454, 0.56604, 0.95454, 0.42423, 0.95454, 0.16201, 0.95454, 0, 0.95454, 0, 0.76389, 0, 0.38589, 0, 0.23739, 0, 0, 0.12455, 0, 0.29044, 0, 0.49112, 0, 0.60617, 0, 0.78277, 0, 0.91655, 0, 1, 0, 0.24496, 0.07989, 0.06569, 0.10689, 0.04963, 0.73239, 0.57139, 0.80889, 0.88712, 0.16539, 0.69715, 0.11139, 0.56604, 0.26889, 0.37874, 0.14739, 0.12455, 0.42189, 0.23961, 0.61089, 0.3948, 0.63339, 0.54999, 0.48939, 0.68645, 0.63339, 0.86036, 0.59739, 0.88712, 0.38139 ],
				"triangles": [ 20, 21, 0, 26, 19, 20, 26, 20, 0, 36, 26, 0, 36, 0, 1, 36, 27, 26, 35, 36, 1, 36, 34, 33, 35, 34, 36, 35, 1, 2, 25, 32, 34, 35, 2, 3, 34, 5, 6, 3, 34, 35, 25, 34, 6, 7, 25, 6, 3, 5, 34, 5, 3, 4, 30, 12, 13, 30, 22, 29, 31, 30, 33, 32, 31, 33, 24, 12, 30, 24, 30, 31, 11, 12, 24, 9, 10, 11, 9, 24, 31, 9, 11, 24, 8, 32, 25, 9, 31, 32, 8, 9, 32, 7, 8, 25, 27, 18, 19, 27, 19, 26, 28, 18, 27, 27, 36, 28, 22, 15, 16, 23, 14, 15, 23, 15, 22, 22, 16, 29, 13, 14, 23, 22, 13, 23, 22, 30, 13, 29, 16, 17, 28, 17, 18, 29, 17, 28, 33, 29, 28, 30, 29, 33, 36, 33, 28, 32, 33, 34 ],
				"vertices": [ 2, 22, -0.75, -9.82, 0.19814, 24, 11.77, -6.75, 0.80185, 2, 22, -5.91, -8.85999, 0.01883, 24, 6.53, -6.94, 0.98116, 1, 24, 1.09, -7.15, 1, 1, 24, -2.76, -7.3, 1, 1, 24, -5.67, -7.41, 1, 3, 5, -16.81, -12.87, 4.1E-4, 23, -5.52, -25.97, 6.7E-4, 24, -5.82, -3.33, 0.99891, 3, 5, -15.94, -6.4, 0.10595, 23, -5.77, -19.44, 0.07365, 24, -6.07, 3.19, 0.82039, 3, 5, -15.21, -1, 0.28224, 23, -5.99, -14, 0.29088, 24, -6.27, 8.63, 0.42685, 3, 5, -14.51, 4.19, 0.26328, 23, -6.19, -8.76, 0.58417, 24, -6.47, 13.87, 0.15253, 3, 5, -13.22, 13.8, 0.01083, 23, -6.57, 0.92, 0.98625, 24, -6.84, 23.57, 0.00291, 2, 23, -6.81, 6.91, 0.99998, 24, -7.06, 29.56, 1.0E-5, 2, 21, -12.54, 5.92, 0.02084, 23, -2.61999, 7.08, 0.97915, 3, 5, -0.02, 18.08, 0, 21, -4.23999, 6.38, 0.46189, 23, 5.68, 7.41, 0.53809, 3, 5, 3.21, 17.64, 3.0E-5, 21, -0.98, 6.56, 0.79418, 23, 8.95, 7.53, 0.20578, 2, 5, 8.38, 16.95, 1.5E-4, 21, 4.23, 6.84, 0.99984, 1, 21, 4.48, 2.24, 1, 3, 5, 6.95, 6.3, 0.41556, 21, 4.81, -3.88, 0.53846, 23, 14.59, -2.99, 0.04595, 3, 5, 5.96, -1.04999, 0.92299, 21, 5.21999, -11.29, 5.3E-4, 22, 6.19, 8.02, 0.07645, 2, 5, 5.39, -5.27, 0.46261, 22, 5.4, 3.84, 0.53737, 2, 22, 4.19999, -2.57, 0.82676, 24, 15, 1.41, 0.17323, 2, 22, 3.29, -7.44, 0.36148, 24, 15.19, -3.53, 0.63851, 2, 22, 2.72, -10.47, 0.27393, 24, 15.31, -6.61, 0.72606, 3, 5, 5.43, 8.2, 0.25183, 21, 2.97, -2.3, 0.69267, 23, 12.76, -1.38, 0.05548, 3, 5, 5.73, 14.85, 1.1E-4, 21, 2.01, 4.29, 0.98357, 23, 11.91, 5.21999, 0.01631, 2, 21, -11.75, 4.13, 0.02787, 23, -1.85, 5.27, 0.97212, 4, 5, -12.06, -1.63, 0.31123, 22, -11.84, 8.38, 0.01038, 23, -2.78, -14.08, 0.24149, 24, -3.06, 8.55, 0.43686, 2, 22, -0.08, -5.7, 0.24591, 24, 11.51, -2.58, 0.75408, 1, 22, 2.36999, 0.98, 1, 4, 5, -0.26, -3.01, 0.68897, 22, -0.13, 6.39, 0.29653, 23, 9.08, -13.41, 7.9E-4, 24, 8.79, 9.2, 0.01369, 3, 5, 3.3, 3.49, 0.72096, 21, 1.75, -7.32, 0.18341, 23, 11.48, -6.38, 0.09561, 2, 21, -4.78, 1.73, 0.12755, 23, 5.07, 2.77, 0.87244, 3, 5, -6.11, 9.95, 0.06359, 23, 1.08, -1.64, 0.92808, 24, 0.82, 20.98, 0.00831, 4, 5, -7.36, 4.33, 0.30754, 22, -6.85, 14.09, 1.0E-4, 23, 0.81, -7.4, 0.63001, 24, 0.54, 15.23, 0.06233, 4, 5, -4.98999, -1.78, 0.60561, 22, -4.79, 7.86, 0.10048, 23, 4.21, -13.01, 0.12306, 24, 3.92, 9.60999, 0.17082, 4, 5, -8.8, -6.36, 0.2471, 22, -8.83, 3.48, 0.06956, 23, 1.24, -18.18, 0.07157, 24, 0.94, 4.44, 0.61174, 1, 24, 1.98, -1.95, 1, 1, 24, 6.77, -2.76, 1 ],
				"hull": 22,
				"edges": [ 18, 20, 16, 18, 8, 10, 10, 12, 4, 2, 28, 30, 30, 32, 32, 34, 34, 36, 36, 38, 38, 40, 40, 42, 2, 0, 0, 42, 4, 6, 6, 8, 12, 14, 14, 16, 20, 22, 22, 24, 24, 26, 26, 28 ],
				"width": 37,
				"height": 22
			}
		},
		"JZ_L": {
			"change": { "name": "JZ_L", "x": 46.35, "y": 55.89, "rotation": 0.6, "width": 300, "height": 300 }
		},
		"Rodney_body_normal": {
			"Body_Change": { "name": "Rodney_body_normal", "x": 131.3, "y": 10.78, "rotation": -90, "width": 300, "height": 300 }
		}
	}
},
"events": {
	"Antiaircraft": {},
	"attack_point": {},
	"damage_point": {},
	"throw_point": {}
},
"animations": {
	"Antiaircraft": {
		"slots": {
			"JZ_L_light": {
				"attachment": [
					{ "time": 0, "name": null },
					{ "time": 0.0666, "name": "JZ_L_light" },
					{ "time": 0.5, "name": null },
					{ "time": 0.6, "name": "JZ_L_light" },
					{ "time": 1.2666, "name": null },
					{ "time": 1.3333, "name": "JZ_L_light" },
					{ "time": 2, "name": null }
				],
				"color": [
					{ "time": 0.0666, "color": "fffffffd" },
					{ "time": 0.1666, "color": "ffffff00" },
					{ "time": 0.2, "color": "ffffffff" },
					{ "time": 0.3333, "color": "ffffff00" },
					{ "time": 0.3666, "color": "ffffffff" },
					{ "time": 0.4666, "color": "ffffff00" },
					{ "time": 0.6, "color": "ffffffff" },
					{ "time": 0.7333, "color": "ffffff00" },
					{ "time": 0.8, "color": "ffffffff" },
					{ "time": 0.9, "color": "ffffff00" },
					{ "time": 0.9666, "color": "ffffffff" },
					{ "time": 1.1, "color": "ffffff00" },
					{ "time": 1.1333, "color": "ffffffff" },
					{ "time": 1.2333, "color": "ffffff00" },
					{ "time": 1.3666, "color": "ffffffff" },
					{ "time": 1.4666, "color": "ffffff00" },
					{ "time": 1.5333, "color": "ffffffff" },
					{ "time": 1.6333, "color": "ffffff00" },
					{ "time": 1.7, "color": "ffffffff" },
					{ "time": 1.8333, "color": "ffffff00" },
					{ "time": 1.8666, "color": "ffffffff" },
					{ "time": 1.9666, "color": "ffffff00" }
				]
			},
			"JZ_R_light": {
				"attachment": [
					{ "time": 0, "name": null },
					{ "time": 0.0666, "name": "JZ_R_light" },
					{ "time": 0.5, "name": "JZ_R_light" },
					{ "time": 1.2666, "name": "JZ_R_light" },
					{ "time": 2, "name": null }
				],
				"color": [
					{ "time": 0.0666, "color": "fffffffd" },
					{ "time": 0.1666, "color": "ffffff00" },
					{ "time": 0.2, "color": "ffffffff" },
					{ "time": 0.3333, "color": "ffffff00" },
					{ "time": 0.3666, "color": "ffffffff" },
					{ "time": 0.4666, "color": "ffffff00" },
					{ "time": 0.6, "color": "ffffffff" },
					{ "time": 0.7333, "color": "ffffff00" },
					{ "time": 0.8, "color": "ffffffff" },
					{ "time": 0.9, "color": "ffffff00" },
					{ "time": 0.9666, "color": "ffffffff" },
					{ "time": 1.1, "color": "ffffff00" },
					{ "time": 1.1333, "color": "ffffffff" },
					{ "time": 1.2333, "color": "ffffff00" },
					{ "time": 1.3666, "color": "ffffffff" },
					{ "time": 1.4666, "color": "ffffff00" },
					{ "time": 1.5333, "color": "ffffffff" },
					{ "time": 1.6333, "color": "ffffff00" },
					{ "time": 1.7, "color": "ffffffff" },
					{ "time": 1.8333, "color": "ffffff00" },
					{ "time": 1.8666, "color": "ffffffff" },
					{ "time": 1.9666, "color": "ffffff00" }
				]
			},
			"Light_Body": {
				"attachment": [
					{ "time": 0, "name": null },
					{ "time": 0.0666, "name": "Rodney_ship_body_normal_light" },
					{ "time": 0.5, "name": "Rodney_ship_body_normal_light" },
					{ "time": 1.2666, "name": "Rodney_ship_body_normal_light" },
					{ "time": 2, "name": null }
				],
				"color": [
					{ "time": 0.0666, "color": "fffffffd" },
					{ "time": 0.1666, "color": "ffffff00" },
					{ "time": 0.2, "color": "ffffffff" },
					{ "time": 0.3333, "color": "ffffff00" },
					{ "time": 0.3666, "color": "ffffffff" },
					{ "time": 0.4666, "color": "ffffff00" },
					{ "time": 0.6, "color": "ffffffff" },
					{ "time": 0.7333, "color": "ffffff00" },
					{ "time": 0.8, "color": "ffffffff" },
					{ "time": 0.9, "color": "ffffff00" },
					{ "time": 0.9666, "color": "ffffffff" },
					{ "time": 1.1, "color": "ffffff00" },
					{ "time": 1.1333, "color": "ffffffff" },
					{ "time": 1.2333, "color": "ffffff00" },
					{ "time": 1.3666, "color": "ffffffff" },
					{ "time": 1.4666, "color": "ffffff00" },
					{ "time": 1.5333, "color": "ffffffff" },
					{ "time": 1.6333, "color": "ffffff00" },
					{ "time": 1.7, "color": "ffffffff" },
					{ "time": 1.8333, "color": "ffffff00" },
					{ "time": 1.8666, "color": "ffffffff" },
					{ "time": 1.9666, "color": "ffffff00" }
				]
			},
			"Rodney_body_normal": {
				"attachment": [
					{ "time": 0, "name": "Body_Change" }
				]
			},
			"head_light": {
				"attachment": [
					{ "time": 0, "name": null },
					{ "time": 0.0666, "name": "head_light" }
				],
				"color": [
					{ "time": 0.0666, "color": "fffffffd" },
					{ "time": 0.1666, "color": "ffffff00" },
					{ "time": 0.2, "color": "ffffffff" },
					{ "time": 0.3333, "color": "ffffff00" },
					{ "time": 0.3666, "color": "ffffffff" },
					{ "time": 0.4666, "color": "ffffff00" },
					{ "time": 0.6, "color": "ffffffff" },
					{ "time": 0.7333, "color": "ffffff00" },
					{ "time": 0.8, "color": "ffffffff" },
					{ "time": 0.9, "color": "ffffff00" },
					{ "time": 0.9666, "color": "ffffffff" },
					{ "time": 1.1, "color": "ffffff00" },
					{ "time": 1.1333, "color": "ffffffff" },
					{ "time": 1.2333, "color": "ffffff00" },
					{ "time": 1.3666, "color": "ffffffff" },
					{ "time": 1.4666, "color": "ffffff00" },
					{ "time": 1.5333, "color": "ffffffff" },
					{ "time": 1.6333, "color": "ffffff00" },
					{ "time": 1.7, "color": "ffffffff" },
					{ "time": 1.8333, "color": "ffffff00" },
					{ "time": 1.8666, "color": "ffffffff" },
					{ "time": 1.9666, "color": "ffffff00" }
				]
			}
		},
		"bones": {
			"Body": {
				"rotate": [
					{ "time": 0, "angle": 0, "curve": "stepped" },
					{ "time": 2, "angle": 0 }
				],
				"translate": [
					{ "time": 0, "x": 0, "y": 0, "curve": "stepped" },
					{ "time": 2, "x": 0, "y": 0 }
				]
			},
			"Root_All": {
				"rotate": [
					{ "time": 0, "angle": 0, "curve": "stepped" },
					{ "time": 2, "angle": 0 }
				],
				"translate": [
					{
						"time": 0,
						"x": 0,
						"y": 0,
						"curve": [ 0.255, 0.35, 0.6, 0.7 ]
					},
					{
						"time": 0.5,
						"x": 0,
						"y": -9.82,
						"curve": [ 0.3, 0.39, 0.641, 0.74 ]
					},
					{
						"time": 1,
						"x": 0,
						"y": -15.66,
						"curve": [ 0.322, 0.37, 0.652, 0.7 ]
					},
					{
						"time": 1.5,
						"x": 0,
						"y": -7.79,
						"curve": [ 0.314, 0.36, 0.644, 0.68 ]
					},
					{ "time": 2, "x": 0, "y": 0 }
				]
			},
			"Ship_All": {
				"rotate": [
					{ "time": 0, "angle": 0, "curve": "stepped" },
					{ "time": 2, "angle": 0 }
				],
				"translate": [
					{ "time": 0, "x": 0, "y": 0, "curve": "stepped" },
					{ "time": 2, "x": 0, "y": 0 }
				]
			},
			"Face": {
				"rotate": [
					{ "time": 0, "angle": 0, "curve": "stepped" },
					{ "time": 2, "angle": 0 }
				],
				"translate": [
					{
						"time": 0,
						"x": 0,
						"y": 0,
						"curve": [ 0.286, 0.34, 0.623, 0.67 ]
					},
					{
						"time": 0.5,
						"x": 0.64,
						"y": 0,
						"curve": [ 0.282, 0.37, 0.624, 0.71 ]
					},
					{
						"time": 1.5,
						"x": -1.28,
						"y": 0,
						"curve": [ 0.321, 0.37, 0.656, 0.71 ]
					},
					{ "time": 2, "x": 0, "y": 0 }
				]
			},
			"Head": {
				"rotate": [
					{ "time": 0, "angle": 0 },
					{ "time": 0.5, "angle": -3.17 },
					{ "time": 1, "angle": 0 },
					{ "time": 1.5, "angle": 0.89 },
					{ "time": 2, "angle": 0 }
				],
				"translate": [
					{ "time": 0, "x": 0, "y": 0, "curve": "stepped" },
					{ "time": 1, "x": 0, "y": 0, "curve": "stepped" },
					{ "time": 2, "x": 0, "y": 0 }
				]
			},
			"BB": {
				"rotate": [
					{ "time": 0, "angle": 0, "curve": "stepped" },
					{ "time": 2, "angle": 0 }
				],
				"translate": [
					{ "time": 0, "x": 0, "y": 0 },
					{ "time": 1, "x": 1.33, "y": 0 },
					{ "time": 2, "x": 0, "y": 0 }
				]
			},
			"br": {
				"rotate": [
					{ "time": 0, "angle": 0 },
					{ "time": 0.5, "angle": -5.04 },
					{ "time": 1.5, "angle": 4.62 },
					{ "time": 2, "angle": 0 }
				],
				"translate": [
					{ "time": 0, "x": 0, "y": 0 },
					{ "time": 0.5, "x": 0.75, "y": -0.99 },
					{ "time": 1.5, "x": -1.3, "y": -0.99 },
					{ "time": 2, "x": 0, "y": 0 }
				]
			},
			"bl": {
				"rotate": [
					{ "time": 0, "angle": 0 },
					{ "time": 0.5, "angle": 6.83 },
					{ "time": 1.5, "angle": -3.22 },
					{ "time": 2, "angle": 0 }
				],
				"translate": [
					{ "time": 0, "x": 0, "y": 0 },
					{ "time": 0.5, "x": 1.61, "y": 0.96 },
					{ "time": 1.5, "x": -0.71, "y": 1.96 },
					{ "time": 2, "x": 0, "y": 0 }
				]
			},
			"b2": {
				"rotate": [
					{ "time": 0, "angle": 0 },
					{ "time": 1.5, "angle": 6 },
					{ "time": 2, "angle": 0 }
				],
				"translate": [
					{ "time": 0, "x": 0, "y": 0 },
					{ "time": 0.5, "x": 0.87, "y": -0.11 },
					{ "time": 1.5, "x": -1.76, "y": 0.23 },
					{ "time": 2, "x": 0, "y": 0 }
				]
			},
			"b1": {
				"rotate": [
					{ "time": 0, "angle": 0 },
					{ "time": 1.5, "angle": -3.83 },
					{ "time": 2, "angle": 0 }
				],
				"translate": [
					{ "time": 0, "x": 0, "y": 0 },
					{ "time": 0.5, "x": 0.58, "y": -0.07 },
					{ "time": 1.5, "x": -1.86, "y": 0.25 },
					{ "time": 2, "x": 0, "y": 0 }
				]
			},
			"JZ_R": {
				"rotate": [
					{ "time": 0, "angle": 0 },
					{ "time": 1, "angle": 5.91 },
					{ "time": 2, "angle": 0 }
				],
				"translate": [
					{ "time": 0, "x": 0, "y": 0 },
					{ "time": 1, "x": -6.35, "y": 5.13 },
					{ "time": 2, "x": 0, "y": 0 }
				]
			},
			"Behand": {
				"rotate": [
					{ "time": 0, "angle": 0 },
					{ "time": 1, "angle": -2.55 },
					{ "time": 2, "angle": 0 }
				],
				"translate": [
					{ "time": 0, "x": 0, "y": 0 },
					{ "time": 1, "x": 4.71, "y": -1.57 },
					{ "time": 2, "x": 0, "y": 0 }
				]
			},
			"JZ_L": {
				"rotate": [
					{ "time": 0, "angle": 0 },
					{ "time": 1, "angle": 9.57 },
					{ "time": 2, "angle": 0 }
				],
				"translate": [
					{ "time": 0, "x": 0, "y": 0, "curve": "stepped" },
					{ "time": 2, "x": 0, "y": 0 }
				]
			},
			"DR": {
				"rotate": [
					{ "time": 0, "angle": 0 },
					{ "time": 1, "angle": 6.89 },
					{ "time": 2, "angle": 0 }
				],
				"translate": [
					{ "time": 0, "x": 0, "y": 0, "curve": "stepped" },
					{ "time": 2, "x": 0, "y": 0 }
				]
			},
			"DR4": {
				"rotate": [
					{ "time": 0, "angle": 0 },
					{ "time": 1, "angle": 6.89 },
					{ "time": 2, "angle": 0 }
				],
				"translate": [
					{ "time": 0, "x": 0, "y": 0, "curve": "stepped" },
					{ "time": 2, "x": 0, "y": 0 }
				]
			},
			"DR3": {
				"rotate": [
					{ "time": 0, "angle": 0 },
					{ "time": 1, "angle": 6.89 },
					{ "time": 2, "angle": 0 }
				],
				"translate": [
					{ "time": 0, "x": 0, "y": 0, "curve": "stepped" },
					{ "time": 2, "x": 0, "y": 0 }
				]
			},
			"DR2": {
				"rotate": [
					{ "time": 0, "angle": 0 },
					{ "time": 1, "angle": 6.89 },
					{ "time": 2, "angle": 0 }
				],
				"translate": [
					{ "time": 0, "x": 0, "y": 0, "curve": "stepped" },
					{ "time": 2, "x": 0, "y": 0 }
				]
			},
			"DL": {
				"rotate": [
					{ "time": 0, "angle": 0 },
					{ "time": 1, "angle": -10.7 },
					{ "time": 2, "angle": 0 }
				],
				"translate": [
					{ "time": 0, "x": 0, "y": 0, "curve": "stepped" },
					{ "time": 2, "x": 0, "y": 0 }
				]
			},
			"DL4": {
				"rotate": [
					{ "time": 0, "angle": 0 },
					{ "time": 1, "angle": -10.7 },
					{ "time": 2, "angle": 0 }
				],
				"translate": [
					{ "time": 0, "x": 0, "y": 0, "curve": "stepped" },
					{ "time": 2, "x": 0, "y": 0 }
				]
			},
			"DL3": {
				"rotate": [
					{ "time": 0, "angle": 0 },
					{ "time": 1, "angle": -10.7 },
					{ "time": 2, "angle": 0 }
				],
				"translate": [
					{ "time": 0, "x": 0, "y": 0, "curve": "stepped" },
					{ "time": 2, "x": 0, "y": 0 }
				]
			},
			"DL2": {
				"rotate": [
					{ "time": 0, "angle": 0 },
					{ "time": 1, "angle": -10.7 },
					{ "time": 2, "angle": 0 }
				],
				"translate": [
					{ "time": 0, "x": 0, "y": 0, "curve": "stepped" },
					{ "time": 2, "x": 0, "y": 0 }
				]
			},
			"hair": {
				"rotate": [
					{ "time": 0, "angle": 0 },
					{ "time": 1, "angle": -7.11 },
					{ "time": 2, "angle": 0 }
				],
				"translate": [
					{ "time": 0, "x": 0, "y": 0, "curve": "stepped" },
					{ "time": 2, "x": 0, "y": 0 }
				]
			},
			"hair5": {
				"rotate": [
					{ "time": 0, "angle": 0 },
					{ "time": 1, "angle": 8.28 },
					{ "time": 2, "angle": 0 }
				],
				"translate": [
					{ "time": 0, "x": 0, "y": 0, "curve": "stepped" },
					{ "time": 2, "x": 0, "y": 0 }
				]
			},
			"hair4": {
				"rotate": [
					{ "time": 0, "angle": 0 },
					{ "time": 1, "angle": 22.03 },
					{ "time": 2, "angle": 0 }
				],
				"translate": [
					{ "time": 0, "x": 0, "y": 0, "curve": "stepped" },
					{ "time": 2, "x": 0, "y": 0 }
				]
			},
			"hair3": {
				"rotate": [
					{ "time": 0, "angle": 0 },
					{ "time": 1, "angle": -24.34 },
					{ "time": 2, "angle": 0 }
				],
				"translate": [
					{ "time": 0, "x": 0, "y": 0, "curve": "stepped" },
					{ "time": 2, "x": 0, "y": 0 }
				]
			},
			"hair2": {
				"rotate": [
					{ "time": 0, "angle": 0 },
					{ "time": 1, "angle": -15.95 },
					{ "time": 2, "angle": 0 }
				],
				"translate": [
					{ "time": 0, "x": 0, "y": 0, "curve": "stepped" },
					{ "time": 2, "x": 0, "y": 0 }
				]
			},
			"Hand_L": {
				"rotate": [
					{ "time": 0, "angle": 0 },
					{ "time": 1, "angle": 8.06 },
					{ "time": 2, "angle": 0 }
				],
				"translate": [
					{ "time": 0, "x": 0, "y": 0, "curve": "stepped" },
					{ "time": 2, "x": 0, "y": 0 }
				]
			}
		},
		"events": [
			{ "time": 0.0666, "name": "Antiaircraft" }
		]
	},
	"attack": {
		"slots": {
			"JZ_L_light": {
				"attachment": [
					{ "time": 0, "name": null },
					{ "time": 0.0666, "name": null }
				],
				"color": [
					{ "time": 0.5333, "color": "fffffffb" },
					{ "time": 0.8333, "color": "ffffff00" }
				]
			},
			"JZ_R_light": {
				"attachment": [
					{ "time": 0, "name": null },
					{ "time": 0.0666, "name": null }
				],
				"color": [
					{ "time": 0.5333, "color": "fffffffb" },
					{ "time": 0.8333, "color": "ffffff00" }
				]
			},
			"Light_Body": {
				"attachment": [
					{ "time": 0, "name": null },
					{ "time": 0.0666, "name": "Rodney_ship_body_normal_light" }
				],
				"color": [
					{ "time": 0.5333, "color": "fffffffb" },
					{ "time": 0.8333, "color": "ffffff00" }
				]
			},
			"Rodney_body_normal": {
				"attachment": [
					{ "time": 0, "name": "Body_Change" },
					{ "time": 0.9, "name": "Body_Change" }
				]
			},
			"head_light": {
				"attachment": [
					{ "time": 0, "name": null },
					{ "time": 0.0666, "name": "head_light" }
				],
				"color": [
					{ "time": 0.5333, "color": "fffffffb" },
					{ "time": 0.8333, "color": "ffffff00" }
				]
			}
		},
		"bones": {
			"Root_All": {
				"rotate": [
					{ "time": 0, "angle": 0, "curve": "stepped" },
					{ "time": 1.6666, "angle": 0 }
				],
				"translate": [
					{
						"time": 0,
						"x": 0,
						"y": 0,
						"curve": [ 0.255, 0.35, 0.6, 0.7 ]
					},
					{ "time": 0.0666, "x": 8.69, "y": 0 },
					{ "time": 0.1666, "x": -87.44, "y": 0 },
					{ "time": 0.3333, "x": -61.04, "y": 0 },
					{ "time": 0.5333, "x": -69.84, "y": 0 },
					{ "time": 1, "x": -85.6, "y": 0 },
					{ "time": 1.4, "x": 15.07, "y": 0 },
					{ "time": 1.6666, "x": 0, "y": 0 }
				]
			},
			"Face": {
				"rotate": [
					{ "time": 0, "angle": 0, "curve": "stepped" },
					{ "time": 1.6666, "angle": 0 }
				],
				"translate": [
					{
						"time": 0,
						"x": 0,
						"y": 0,
						"curve": [ 0.286, 0.34, 0.623, 0.67 ]
					},
					{ "time": 0.1666, "x": 0, "y": 3.4 },
					{ "time": 0.3333, "x": 0, "y": -0.66 },
					{ "time": 0.9, "x": 0, "y": -1.2 },
					{ "time": 1, "x": 0, "y": -0.44 },
					{ "time": 1.6666, "x": 0, "y": 0 }
				]
			},
			"Ship_All": {
				"rotate": [
					{ "time": 0, "angle": 0, "curve": "stepped" },
					{ "time": 1.6666, "angle": 0 }
				],
				"translate": [
					{ "time": 0, "x": 0, "y": 0, "curve": "stepped" },
					{ "time": 1.6666, "x": 0, "y": 0 }
				]
			},
			"Body": {
				"rotate": [
					{ "time": 0, "angle": 0, "curve": "stepped" },
					{ "time": 1.6666, "angle": 0 }
				],
				"translate": [
					{ "time": 0, "x": 0, "y": 0, "curve": "stepped" },
					{ "time": 1.6666, "x": 0, "y": 0 }
				]
			},
			"Attack_Point": {
				"rotate": [
					{ "time": 0.0666, "angle": 0 }
				],
				"translate": [
					{ "time": 0.0666, "x": 0, "y": 0 }
				]
			},
			"Head": {
				"rotate": [
					{ "time": 0, "angle": 0 },
					{ "time": 0.8333, "angle": -5.02 },
					{ "time": 1.3333, "angle": 1.69 },
					{ "time": 1.6666, "angle": 0 }
				],
				"translate": [
					{ "time": 0, "x": 0, "y": 0, "curve": "stepped" },
					{ "time": 1.6666, "x": 0, "y": 0 }
				]
			},
			"BB": {
				"rotate": [
					{ "time": 0, "angle": 0, "curve": "stepped" },
					{ "time": 1.6666, "angle": 0 }
				],
				"translate": [
					{ "time": 0, "x": 0, "y": 0 },
					{ "time": 0.3333, "x": 1.78, "y": 0 },
					{ "time": 0.5, "x": -1.22, "y": 0 },
					{ "time": 0.6666, "x": 1.41, "y": 0 },
					{ "time": 0.8333, "x": -0.75, "y": 0 },
					{ "time": 1.6666, "x": 0, "y": 0 }
				]
			},
			"br": {
				"rotate": [
					{ "time": 0, "angle": 0 },
					{ "time": 0.5, "angle": -4.98 },
					{ "time": 1.1666, "angle": 5.71 },
					{ "time": 1.6666, "angle": 0 }
				],
				"translate": [
					{ "time": 0, "x": 0, "y": 0 },
					{ "time": 0.5, "x": 1.12, "y": 1.27 },
					{ "time": 1.1666, "x": -3.45, "y": -0.04 },
					{ "time": 1.6666, "x": 0, "y": 0 }
				]
			},
			"bl": {
				"rotate": [
					{ "time": 0, "angle": 0 },
					{ "time": 0.5, "angle": -5.08 },
					{ "time": 1.1666, "angle": -5.27 },
					{ "time": 1.6666, "angle": 0 }
				],
				"translate": [
					{ "time": 0, "x": 0, "y": 0 },
					{ "time": 0.5, "x": 4.38, "y": 0.83 },
					{ "time": 1.1666, "x": -1.76, "y": 1.91 },
					{ "time": 1.6666, "x": 0, "y": 0 }
				]
			},
			"b2": {
				"rotate": [
					{ "time": 0, "angle": 0 },
					{ "time": 0.5, "angle": 4.87 },
					{ "time": 1.1666, "angle": -7.01 },
					{ "time": 1.6666, "angle": 0 }
				],
				"translate": [
					{ "time": 0, "x": 0, "y": 0 },
					{ "time": 0.5, "x": 2.33, "y": -0.31 },
					{ "time": 1.1666, "x": -1.52, "y": -1.21 },
					{ "time": 1.6666, "x": 0, "y": 0 }
				]
			},
			"b1": {
				"rotate": [
					{ "time": 0, "angle": 0 },
					{ "time": 0.5, "angle": -6.45 },
					{ "time": 1.1666, "angle": 3.16 },
					{ "time": 1.6666, "angle": 0 }
				],
				"translate": [
					{ "time": 0, "x": 0, "y": 0 },
					{ "time": 0.5, "x": 1.86, "y": -0.25 },
					{ "time": 1.1666, "x": -0.75, "y": 2.47 },
					{ "time": 1.6666, "x": 0, "y": 0 }
				]
			},
			"JZ_R": {
				"rotate": [
					{ "time": 0, "angle": 0 },
					{ "time": 0.5, "angle": 18.55 },
					{ "time": 0.7333, "angle": 23.2 },
					{ "time": 1, "angle": -7.75 },
					{ "time": 1.6666, "angle": 0 }
				],
				"translate": [
					{ "time": 0, "x": 0, "y": 0, "curve": "stepped" },
					{ "time": 0.5, "x": 0, "y": 0 },
					{ "time": 0.7333, "x": 0.36, "y": 5.74 },
					{ "time": 1, "x": -0.01, "y": -1.48 },
					{ "time": 1.6666, "x": 0, "y": 0 }
				]
			},
			"Behand": {
				"rotate": [
					{ "time": 0, "angle": 0 },
					{ "time": 0.3333, "angle": 8.44 },
					{ "time": 0.6666, "angle": 4.51 },
					{ "time": 1.6666, "angle": 0 }
				],
				"translate": [
					{ "time": 0, "x": 0, "y": 0 },
					{ "time": 0.1666, "x": 0, "y": 0.52 },
					{ "time": 0.3333, "x": 0, "y": 6.28 },
					{ "time": 0.6666, "x": 0, "y": -2.09 },
					{ "time": 1.6666, "x": 0, "y": 0 }
				]
			},
			"JZ_L": {
				"rotate": [
					{ "time": 0, "angle": 0 },
					{ "time": 0.5, "angle": 14.4 },
					{ "time": 1.1666, "angle": -1.26 },
					{ "time": 1.6666, "angle": 0 }
				],
				"translate": [
					{ "time": 0, "x": 0, "y": 0 },
					{ "time": 0.5, "x": -1.05, "y": 3.61 },
					{ "time": 1.6666, "x": 0, "y": 0 }
				]
			}
		},
		"events": [
			{ "time": 0.0666, "name": "attack_point" }
		]
	},
	"damage": {
		"slots": {
			"BB": {
				"color": [
					{ "time": 0.0666, "color": "8c4c51ff", "curve": "stepped" },
					{ "time": 0.7666, "color": "8c4c51ff" },
					{ "time": 1.1333, "color": "ffffffff" }
				]
			},
			"DL": {
				"color": [
					{ "time": 0.0666, "color": "8c4c51ff", "curve": "stepped" },
					{ "time": 0.7666, "color": "8c4c51ff" },
					{ "time": 1.1333, "color": "ffffffff" }
				]
			},
			"DR": {
				"color": [
					{ "time": 0.0666, "color": "8c4c51ff", "curve": "stepped" },
					{ "time": 0.7666, "color": "8c4c51ff" },
					{ "time": 1.1333, "color": "ffffffff" }
				]
			},
			"JZ_L": {
				"color": [
					{ "time": 0.0666, "color": "8c4c51ff", "curve": "stepped" },
					{ "time": 0.7666, "color": "8c4c51ff" },
					{ "time": 1.1333, "color": "ffffffff" }
				]
			},
			"JZ_L_light": {
				"attachment": [
					{ "time": 0, "name": null },
					{ "time": 0.0666, "name": "JZ_L_light" },
					{ "time": 0.7666, "name": null }
				],
				"color": [
					{ "time": 0.5333, "color": "fffffffc" },
					{ "time": 0.7666, "color": "ffffff00" }
				]
			},
			"JZ_R": {
				"color": [
					{ "time": 0.0666, "color": "8c4c51ff", "curve": "stepped" },
					{ "time": 0.7666, "color": "8c4c51ff" },
					{ "time": 1.1333, "color": "ffffffff" }
				]
			},
			"JZ_R_light": {
				"attachment": [
					{ "time": 0, "name": null },
					{ "time": 0.0666, "name": "JZ_R_light" },
					{ "time": 0.7666, "name": null }
				],
				"color": [
					{ "time": 0.5333, "color": "fffffffc" },
					{ "time": 0.7666, "color": "ffffff00" }
				]
			},
			"Light_Body": {
				"attachment": [
					{ "time": 0, "name": null },
					{ "time": 0.0666, "name": "Rodney_ship_body_normal_light" },
					{ "time": 0.7666, "name": null }
				],
				"color": [
					{ "time": 0.5333, "color": "fffffffc" },
					{ "time": 0.7666, "color": "ffffff00" }
				]
			},
			"Rodney_body_normal": {
				"attachment": [
					{ "time": 0, "name": "Body_Change" },
					{ "time": 0.8666, "name": "Body_Change" }
				],
				"color": [
					{ "time": 0.0666, "color": "8c4c51ff", "curve": "stepped" },
					{ "time": 0.7666, "color": "8c4c51ff" },
					{ "time": 1.1333, "color": "ffffffff" }
				]
			},
			"Rodney_eyes_normal": {
				"attachment": [
					{ "time": 0.0666, "name": "Rodney_eyes_damage" },
					{ "time": 1.1333, "name": "Rodney_eyes_normal" }
				],
				"color": [
					{ "time": 0.0666, "color": "8c4c51ff", "curve": "stepped" },
					{ "time": 0.7666, "color": "8c4c51ff" },
					{ "time": 1.1333, "color": "ffffffff" }
				]
			},
			"hair": {
				"color": [
					{ "time": 0.0666, "color": "8c4c51ff", "curve": "stepped" },
					{ "time": 0.7666, "color": "8c4c51ff" },
					{ "time": 1.1333, "color": "ffffffff" }
				]
			},
			"hand_L": {
				"color": [
					{ "time": 0.0666, "color": "8c4c51ff", "curve": "stepped" },
					{ "time": 0.7666, "color": "8c4c51ff" },
					{ "time": 1.1333, "color": "ffffffff" }
				]
			},
			"head": {
				"color": [
					{ "time": 0.0666, "color": "8c4c51ff", "curve": "stepped" },
					{ "time": 0.7666, "color": "8c4c51ff" },
					{ "time": 1.1333, "color": "ffffffff" }
				]
			},
			"head_light": {
				"attachment": [
					{ "time": 0, "name": null },
					{ "time": 0.0666, "name": "head_light" }
				],
				"color": [
					{ "time": 0.5333, "color": "fffffffc" },
					{ "time": 0.7666, "color": "ffffff00" }
				]
			}
		},
		"bones": {
			"Root_All": {
				"rotate": [
					{ "time": 0, "angle": 0, "curve": "stepped" },
					{ "time": 1.1666, "angle": 0 }
				],
				"translate": [
					{
						"time": 0,
						"x": 0,
						"y": 0,
						"curve": [ 0.255, 0.35, 0.6, 0.7 ]
					},
					{ "time": 0.0666, "x": -27.67, "y": -23.16 },
					{ "time": 0.1333, "x": 20.98, "y": 15.35 },
					{ "time": 0.2333, "x": -19.78, "y": -15.62 },
					{ "time": 0.3666, "x": 14.36, "y": 8.59 },
					{ "time": 0.5666, "x": -3.37, "y": -4.5 },
					{ "time": 0.8666, "x": 5.63, "y": 2.25 },
					{ "time": 1.1666, "x": 0, "y": 0 }
				]
			},
			"Face": {
				"rotate": [
					{ "time": 0, "angle": 0, "curve": "stepped" },
					{ "time": 1.1666, "angle": 0 }
				],
				"translate": [
					{
						"time": 0,
						"x": 0,
						"y": 0,
						"curve": [ 0.286, 0.34, 0.623, 0.67 ]
					},
					{ "time": 0.0666, "x": -5.44, "y": 0 },
					{ "time": 0.1333, "x": -0.44, "y": 0 },
					{ "time": 0.2333, "x": -5.06, "y": 0 },
					{ "time": 0.3666, "x": -2.01, "y": 0 },
					{ "time": 1.1666, "x": 0, "y": 0 }
				]
			},
			"Ship_All": {
				"rotate": [
					{ "time": 0, "angle": 0, "curve": "stepped" },
					{ "time": 1.1666, "angle": 0 }
				],
				"translate": [
					{ "time": 0, "x": 0, "y": 0, "curve": "stepped" },
					{ "time": 1.1666, "x": 0, "y": 0 }
				]
			},
			"Body": {
				"rotate": [
					{ "time": 0, "angle": 0, "curve": "stepped" },
					{ "time": 1.1666, "angle": 0 }
				],
				"translate": [
					{ "time": 0, "x": 0, "y": 0, "curve": "stepped" },
					{ "time": 1.1666, "x": 0, "y": 0 }
				]
			},
			"Damage_Point": {
				"rotate": [
					{ "time": 0.0666, "angle": 0 }
				],
				"translate": [
					{ "time": 0.0666, "x": 0, "y": 0 }
				]
			},
			"BB": {
				"rotate": [
					{ "time": 0, "angle": 0, "curve": "stepped" },
					{ "time": 1.1666, "angle": 0 }
				],
				"translate": [
					{ "time": 0, "x": 0, "y": 0 },
					{ "time": 0.6666, "x": 0.96, "y": 0 },
					{ "time": 0.8333, "x": -1.15, "y": 0 },
					{ "time": 1, "x": 1.54, "y": 0 },
					{ "time": 1.1666, "x": 0, "y": 0 }
				]
			},
			"Head": {
				"rotate": [
					{ "time": 0, "angle": 0 },
					{ "time": 0.1666, "angle": 6.68 },
					{ "time": 0.4, "angle": -5.58 },
					{ "time": 0.9333, "angle": -3.55 },
					{ "time": 1.1666, "angle": 0 }
				],
				"translate": [
					{ "time": 0, "x": 0, "y": 0, "curve": "stepped" },
					{ "time": 1.1666, "x": 0, "y": 0 }
				]
			},
			"br": {
				"rotate": [
					{ "time": 0, "angle": 0 },
					{ "time": 0.5, "angle": 5.79 },
					{ "time": 0.6666, "angle": 5.17 },
					{ "time": 0.8333, "angle": 5.79 },
					{ "time": 1.1666, "angle": 0 }
				],
				"translate": [
					{ "time": 0, "x": 0, "y": 0 },
					{ "time": 0.5, "x": 1.43, "y": -0.19 },
					{ "time": 0.6666, "x": -1.66, "y": -2.21 },
					{ "time": 0.8333, "x": 1.43, "y": -0.19 },
					{ "time": 1.1666, "x": 0, "y": 0 }
				]
			},
			"bl": {
				"rotate": [
					{ "time": 0, "angle": 0 },
					{ "time": 0.5, "angle": 2.18 },
					{ "time": 0.6666, "angle": -4.82 },
					{ "time": 0.8333, "angle": 2.18 },
					{ "time": 1.1666, "angle": 0 }
				],
				"translate": [
					{ "time": 0, "x": 0, "y": 0 },
					{ "time": 0.5, "x": 1.78, "y": -1.21 },
					{ "time": 0.6666, "x": -0.87, "y": 2.16 },
					{ "time": 0.8333, "x": 1.78, "y": -1.21 },
					{ "time": 1.1666, "x": 0, "y": 0 }
				]
			},
			"b2": {
				"rotate": [
					{ "time": 0, "angle": 0 },
					{ "time": 0.5, "angle": 2.56 },
					{ "time": 0.6666, "angle": -4.26 },
					{ "time": 0.8333, "angle": 2.56 },
					{ "time": 1.1666, "angle": 0 }
				],
				"translate": [
					{ "time": 0, "x": 0, "y": 0 },
					{ "time": 0.5, "x": 1.43, "y": -0.19 },
					{ "time": 0.6666, "x": -0.38, "y": 0.05 },
					{ "time": 0.8333, "x": 1.43, "y": -0.19 },
					{ "time": 1.1666, "x": 0, "y": 0 }
				]
			},
			"b1": {
				"rotate": [
					{ "time": 0, "angle": 0 },
					{ "time": 0.5, "angle": -5.79 },
					{ "time": 0.6666, "angle": 0.32 },
					{ "time": 0.8333, "angle": -5.79 },
					{ "time": 1.1666, "angle": 0 }
				],
				"translate": [
					{ "time": 0, "x": 0, "y": 0 },
					{ "time": 0.5, "x": 0.95, "y": -0.12 },
					{ "time": 0.6666, "x": -0.85, "y": 1.57 },
					{ "time": 0.8333, "x": 0.95, "y": -0.12 },
					{ "time": 1.1666, "x": 0, "y": 0 }
				]
			},
			"JZ_R": {
				"rotate": [
					{ "time": 0, "angle": 0 },
					{ "time": 0.8333, "angle": 7.15 },
					{ "time": 1.1666, "angle": 0 }
				],
				"translate": [
					{ "time": 0, "x": 0, "y": 0 },
					{ "time": 0.3333, "x": 12.03, "y": -0.19 },
					{ "time": 0.8333, "x": 10.47, "y": 0.64 },
					{ "time": 1.1666, "x": 0, "y": 0 }
				]
			},
			"Behand": {
				"rotate": [
					{ "time": 0, "angle": 0 },
					{ "time": 0.3333, "angle": 13.22 },
					{ "time": 0.6666, "angle": -9.53 },
					{ "time": 1.1666, "angle": 0 }
				],
				"translate": [
					{ "time": 0, "x": 0, "y": 0 },
					{ "time": 0.3333, "x": -12.61, "y": 3.94 },
					{ "time": 1.1666, "x": 0, "y": 0 }
				]
			},
			"JZ_L": {
				"rotate": [
					{ "time": 0, "angle": 0 },
					{ "time": 0.3333, "angle": -0.11 },
					{ "time": 0.8333, "angle": 7.69 },
					{ "time": 1.1666, "angle": 0 }
				],
				"translate": [
					{ "time": 0, "x": 0, "y": 0 },
					{ "time": 0.3333, "x": 26.54, "y": -0.43 },
					{ "time": 0.8333, "x": -3.67, "y": -11.3 },
					{ "time": 1.1666, "x": 0, "y": 0 }
				]
			},
			"DL": {
				"rotate": [
					{ "time": 0, "angle": 0 },
					{ "time": 0.3333, "angle": 13.25 },
					{ "time": 0.6666, "angle": -8.7 },
					{ "time": 1.1666, "angle": 0 }
				],
				"translate": [
					{ "time": 0, "x": 0, "y": 0, "curve": "stepped" },
					{ "time": 1.1666, "x": 0, "y": 0 }
				]
			},
			"DR": {
				"rotate": [
					{ "time": 0, "angle": 0 },
					{ "time": 0.3333, "angle": -9.47 },
					{ "time": 0.8333, "angle": -11.01 },
					{ "time": 1.1666, "angle": 0 }
				],
				"translate": [
					{ "time": 0, "x": 0, "y": 0, "curve": "stepped" },
					{ "time": 1.1666, "x": 0, "y": 0 }
				]
			},
			"hair": {
				"rotate": [
					{ "time": 0, "angle": 0 },
					{ "time": 0.3333, "angle": -9.86 },
					{ "time": 0.8333, "angle": 7.34 },
					{ "time": 1.1666, "angle": 0 }
				],
				"translate": [
					{ "time": 0, "x": 0, "y": 0, "curve": "stepped" },
					{ "time": 1.1666, "x": 0, "y": 0 }
				]
			},
			"hair5": {
				"rotate": [
					{ "time": 0, "angle": 0 },
					{ "time": 0.3333, "angle": 6.14 },
					{ "time": 0.8333, "angle": -17.84 },
					{ "time": 1.1666, "angle": 0 }
				],
				"translate": [
					{ "time": 0, "x": 0, "y": 0, "curve": "stepped" },
					{ "time": 1.1666, "x": 0, "y": 0 }
				]
			},
			"hair4": {
				"rotate": [
					{ "time": 0, "angle": 0 },
					{ "time": 0.3333, "angle": 18.19 },
					{ "time": 0.8333, "angle": -16.64 },
					{ "time": 1.1666, "angle": 0 }
				],
				"translate": [
					{ "time": 0, "x": 0, "y": 0, "curve": "stepped" },
					{ "time": 1.1666, "x": 0, "y": 0 }
				]
			},
			"hair3": {
				"rotate": [
					{ "time": 0, "angle": 0 },
					{ "time": 0.3333, "angle": -4.23 },
					{ "time": 0.8333, "angle": 7.34 },
					{ "time": 1.1666, "angle": 0 }
				],
				"translate": [
					{ "time": 0, "x": 0, "y": 0, "curve": "stepped" },
					{ "time": 1.1666, "x": 0, "y": 0 }
				]
			},
			"hair2": {
				"rotate": [
					{ "time": 0, "angle": 0 },
					{ "time": 0.3333, "angle": -9.86 },
					{ "time": 0.8333, "angle": 7.34 },
					{ "time": 1.1666, "angle": 0 }
				],
				"translate": [
					{ "time": 0, "x": 0, "y": 0, "curve": "stepped" },
					{ "time": 1.1666, "x": 0, "y": 0 }
				]
			},
			"DL4": {
				"rotate": [
					{ "time": 0, "angle": 0 },
					{ "time": 0.3333, "angle": 13.25 },
					{ "time": 0.6666, "angle": -8.7 },
					{ "time": 1.1666, "angle": 0 }
				],
				"translate": [
					{ "time": 0, "x": 0, "y": 0, "curve": "stepped" },
					{ "time": 1.1666, "x": 0, "y": 0 }
				]
			},
			"DL3": {
				"rotate": [
					{ "time": 0, "angle": 0 },
					{ "time": 0.3333, "angle": 13.25 },
					{ "time": 0.6666, "angle": -8.7 },
					{ "time": 1.1666, "angle": 0 }
				],
				"translate": [
					{ "time": 0, "x": 0, "y": 0, "curve": "stepped" },
					{ "time": 1.1666, "x": 0, "y": 0 }
				]
			},
			"DL2": {
				"rotate": [
					{ "time": 0, "angle": 0 },
					{ "time": 0.3333, "angle": 13.25 },
					{ "time": 0.6666, "angle": -8.7 },
					{ "time": 1.1666, "angle": 0 }
				],
				"translate": [
					{ "time": 0, "x": 0, "y": 0, "curve": "stepped" },
					{ "time": 1.1666, "x": 0, "y": 0 }
				]
			},
			"DR4": {
				"rotate": [
					{ "time": 0, "angle": 0 },
					{ "time": 0.3333, "angle": -9.47 },
					{ "time": 0.8333, "angle": 6.42 },
					{ "time": 1.1666, "angle": 0 }
				],
				"translate": [
					{ "time": 0, "x": 0, "y": 0, "curve": "stepped" },
					{ "time": 1.1666, "x": 0, "y": 0 }
				]
			},
			"DR3": {
				"rotate": [
					{ "time": 0, "angle": 0 },
					{ "time": 0.3333, "angle": -9.47 },
					{ "time": 0.8333, "angle": 6.42 },
					{ "time": 1.1666, "angle": 0 }
				],
				"translate": [
					{ "time": 0, "x": 0, "y": 0, "curve": "stepped" },
					{ "time": 1.1666, "x": 0, "y": 0 }
				]
			},
			"DR2": {
				"rotate": [
					{ "time": 0, "angle": 0 },
					{ "time": 0.3333, "angle": -9.47 },
					{ "time": 0.8333, "angle": 27.85 },
					{ "time": 1.1666, "angle": 0 }
				],
				"translate": [
					{ "time": 0, "x": 0, "y": 0, "curve": "stepped" },
					{ "time": 1.1666, "x": 0, "y": 0 }
				]
			}
		},
		"events": [
			{ "time": 0.0666, "name": "damage_point" }
		]
	},
	"normal": {
		"slots": {
			"JZ_L_light": {
				"attachment": [
					{ "time": 0, "name": null }
				]
			},
			"JZ_R_light": {
				"attachment": [
					{ "time": 0, "name": null }
				]
			},
			"Light_Body": {
				"attachment": [
					{ "time": 0, "name": null }
				]
			},
			"Rodney_body_normal": {
				"attachment": [
					{ "time": 0, "name": "Body_Change" }
				]
			},
			"head_light": {
				"attachment": [
					{ "time": 0, "name": null }
				]
			}
		},
		"bones": {
			"Ship_All": {
				"rotate": [
					{ "time": 0, "angle": 0, "curve": "stepped" },
					{ "time": 2, "angle": 0 }
				],
				"translate": [
					{ "time": 0, "x": 0, "y": 0, "curve": "stepped" },
					{ "time": 2, "x": 0, "y": 0 }
				]
			},
			"JZ_R": {
				"rotate": [
					{ "time": 0, "angle": 0 },
					{ "time": 1, "angle": 5.91 },
					{ "time": 2, "angle": 0 }
				],
				"translate": [
					{ "time": 0, "x": 0, "y": 0 },
					{ "time": 1, "x": -6.35, "y": 5.13 },
					{ "time": 2, "x": 0, "y": 0 }
				]
			},
			"DR2": {
				"rotate": [
					{ "time": 0, "angle": 0 },
					{ "time": 1, "angle": 6.89 },
					{ "time": 2, "angle": 0 }
				],
				"translate": [
					{ "time": 0, "x": 0, "y": 0, "curve": "stepped" },
					{ "time": 2, "x": 0, "y": 0 }
				]
			},
			"Body": {
				"rotate": [
					{ "time": 0, "angle": 0, "curve": "stepped" },
					{ "time": 2, "angle": 0 }
				],
				"translate": [
					{ "time": 0, "x": 0, "y": 0, "curve": "stepped" },
					{ "time": 2, "x": 0, "y": 0 }
				]
			},
			"Head": {
				"rotate": [
					{ "time": 0, "angle": 0 },
					{ "time": 0.5, "angle": -3.17 },
					{ "time": 1, "angle": 0 },
					{ "time": 1.5, "angle": 0.89 },
					{ "time": 2, "angle": 0 }
				],
				"translate": [
					{ "time": 0, "x": 0, "y": 0, "curve": "stepped" },
					{ "time": 1, "x": 0, "y": 0, "curve": "stepped" },
					{ "time": 2, "x": 0, "y": 0 }
				]
			},
			"hair4": {
				"rotate": [
					{ "time": 0, "angle": 0 },
					{ "time": 1, "angle": 22.03 },
					{ "time": 2, "angle": 0 }
				],
				"translate": [
					{ "time": 0, "x": 0, "y": 0, "curve": "stepped" },
					{ "time": 2, "x": 0, "y": 0 }
				]
			},
			"bl": {
				"rotate": [
					{ "time": 0, "angle": 0 },
					{ "time": 0.5, "angle": 6.83 },
					{ "time": 1.5, "angle": -3.22 },
					{ "time": 2, "angle": 0 }
				],
				"translate": [
					{ "time": 0, "x": 0, "y": 0 },
					{ "time": 0.5, "x": 1.61, "y": 0.96 },
					{ "time": 1.5, "x": -0.71, "y": 1.96 },
					{ "time": 2, "x": 0, "y": 0 }
				]
			},
			"DL2": {
				"rotate": [
					{ "time": 0, "angle": 0 },
					{ "time": 1, "angle": -10.7 },
					{ "time": 2, "angle": 0 }
				],
				"translate": [
					{ "time": 0, "x": 0, "y": 0, "curve": "stepped" },
					{ "time": 2, "x": 0, "y": 0 }
				]
			},
			"DR": {
				"rotate": [
					{ "time": 0, "angle": 0 },
					{ "time": 1, "angle": 6.89 },
					{ "time": 2, "angle": 0 }
				],
				"translate": [
					{ "time": 0, "x": 0, "y": 0, "curve": "stepped" },
					{ "time": 2, "x": 0, "y": 0 }
				]
			},
			"Face": {
				"rotate": [
					{ "time": 0, "angle": 0, "curve": "stepped" },
					{ "time": 2, "angle": 0 }
				],
				"translate": [
					{
						"time": 0,
						"x": 0,
						"y": 0,
						"curve": [ 0.286, 0.34, 0.623, 0.67 ]
					},
					{
						"time": 0.5,
						"x": 0.64,
						"y": 0,
						"curve": [ 0.282, 0.37, 0.624, 0.71 ]
					},
					{
						"time": 1.5,
						"x": -1.28,
						"y": 0,
						"curve": [ 0.321, 0.37, 0.656, 0.71 ]
					},
					{ "time": 2, "x": 0, "y": 0 }
				]
			},
			"DL": {
				"rotate": [
					{ "time": 0, "angle": 0 },
					{ "time": 1, "angle": -10.7 },
					{ "time": 2, "angle": 0 }
				],
				"translate": [
					{ "time": 0, "x": 0, "y": 0, "curve": "stepped" },
					{ "time": 2, "x": 0, "y": 0 }
				]
			},
			"Root_All": {
				"rotate": [
					{ "time": 0, "angle": 0, "curve": "stepped" },
					{ "time": 2, "angle": 0 }
				],
				"translate": [
					{
						"time": 0,
						"x": 0,
						"y": 0,
						"curve": [ 0.255, 0.35, 0.6, 0.7 ]
					},
					{
						"time": 0.5,
						"x": 0,
						"y": -9.82,
						"curve": [ 0.3, 0.39, 0.641, 0.74 ]
					},
					{
						"time": 1,
						"x": 0,
						"y": -15.66,
						"curve": [ 0.322, 0.37, 0.652, 0.7 ]
					},
					{
						"time": 1.5,
						"x": 0,
						"y": -7.79,
						"curve": [ 0.314, 0.36, 0.644, 0.68 ]
					},
					{ "time": 2, "x": 0, "y": 0 }
				]
			},
			"BB": {
				"rotate": [
					{ "time": 0, "angle": 0, "curve": "stepped" },
					{ "time": 2, "angle": 0 }
				],
				"translate": [
					{ "time": 0, "x": 0, "y": 0 },
					{ "time": 1, "x": 1.33, "y": 0 },
					{ "time": 2, "x": 0, "y": 0 }
				]
			},
			"JZ_L": {
				"rotate": [
					{ "time": 0, "angle": 0 },
					{ "time": 1, "angle": 9.57 },
					{ "time": 2, "angle": 0 }
				],
				"translate": [
					{ "time": 0, "x": 0, "y": 0, "curve": "stepped" },
					{ "time": 2, "x": 0, "y": 0 }
				]
			},
			"DR3": {
				"rotate": [
					{ "time": 0, "angle": 0 },
					{ "time": 1, "angle": 6.89 },
					{ "time": 2, "angle": 0 }
				],
				"translate": [
					{ "time": 0, "x": 0, "y": 0, "curve": "stepped" },
					{ "time": 2, "x": 0, "y": 0 }
				]
			},
			"hair3": {
				"rotate": [
					{ "time": 0, "angle": 0 },
					{ "time": 1, "angle": -24.34 },
					{ "time": 2, "angle": 0 }
				],
				"translate": [
					{ "time": 0, "x": 0, "y": 0, "curve": "stepped" },
					{ "time": 2, "x": 0, "y": 0 }
				]
			},
			"DL4": {
				"rotate": [
					{ "time": 0, "angle": 0 },
					{ "time": 1, "angle": -10.7 },
					{ "time": 2, "angle": 0 }
				],
				"translate": [
					{ "time": 0, "x": 0, "y": 0, "curve": "stepped" },
					{ "time": 2, "x": 0, "y": 0 }
				]
			},
			"b2": {
				"rotate": [
					{ "time": 0, "angle": 0 },
					{ "time": 1.5, "angle": 6 },
					{ "time": 2, "angle": 0 }
				],
				"translate": [
					{ "time": 0, "x": 0, "y": 0 },
					{ "time": 0.5, "x": 0.87, "y": -0.11 },
					{ "time": 1.5, "x": -1.76, "y": 0.23 },
					{ "time": 2, "x": 0, "y": 0 }
				]
			},
			"b1": {
				"rotate": [
					{ "time": 0, "angle": 0 },
					{ "time": 1.5, "angle": -3.83 },
					{ "time": 2, "angle": 0 }
				],
				"translate": [
					{ "time": 0, "x": 0, "y": 0 },
					{ "time": 0.5, "x": 0.58, "y": -0.07 },
					{ "time": 1.5, "x": -1.86, "y": 0.25 },
					{ "time": 2, "x": 0, "y": 0 }
				]
			},
			"hair2": {
				"rotate": [
					{ "time": 0, "angle": 0 },
					{ "time": 1, "angle": -15.95 },
					{ "time": 2, "angle": 0 }
				],
				"translate": [
					{ "time": 0, "x": 0, "y": 0, "curve": "stepped" },
					{ "time": 2, "x": 0, "y": 0 }
				]
			},
			"br": {
				"rotate": [
					{ "time": 0, "angle": 0 },
					{ "time": 0.5, "angle": -5.04 },
					{ "time": 1.5, "angle": 4.62 },
					{ "time": 2, "angle": 0 }
				],
				"translate": [
					{ "time": 0, "x": 0, "y": 0 },
					{ "time": 0.5, "x": 0.75, "y": -0.99 },
					{ "time": 1.5, "x": -1.3, "y": -0.99 },
					{ "time": 2, "x": 0, "y": 0 }
				]
			},
			"DR4": {
				"rotate": [
					{ "time": 0, "angle": 0 },
					{ "time": 1, "angle": 6.89 },
					{ "time": 2, "angle": 0 }
				],
				"translate": [
					{ "time": 0, "x": 0, "y": 0, "curve": "stepped" },
					{ "time": 2, "x": 0, "y": 0 }
				]
			},
			"DL3": {
				"rotate": [
					{ "time": 0, "angle": 0 },
					{ "time": 1, "angle": -10.7 },
					{ "time": 2, "angle": 0 }
				],
				"translate": [
					{ "time": 0, "x": 0, "y": 0, "curve": "stepped" },
					{ "time": 2, "x": 0, "y": 0 }
				]
			},
			"Hand_L": {
				"rotate": [
					{ "time": 0, "angle": 0 },
					{ "time": 1, "angle": 8.06 },
					{ "time": 2, "angle": 0 }
				],
				"translate": [
					{ "time": 0, "x": 0, "y": 0, "curve": "stepped" },
					{ "time": 2, "x": 0, "y": 0 }
				]
			},
			"hair": {
				"rotate": [
					{ "time": 0, "angle": 0 },
					{ "time": 1, "angle": -7.11 },
					{ "time": 2, "angle": 0 }
				],
				"translate": [
					{ "time": 0, "x": 0, "y": 0, "curve": "stepped" },
					{ "time": 2, "x": 0, "y": 0 }
				]
			},
			"hair5": {
				"rotate": [
					{ "time": 0, "angle": 0 },
					{ "time": 1, "angle": 8.28 },
					{ "time": 2, "angle": 0 }
				],
				"translate": [
					{ "time": 0, "x": 0, "y": 0, "curve": "stepped" },
					{ "time": 2, "x": 0, "y": 0 }
				]
			},
			"Behand": {
				"rotate": [
					{ "time": 0, "angle": 0 },
					{ "time": 1, "angle": -2.55 },
					{ "time": 2, "angle": 0 }
				],
				"translate": [
					{ "time": 0, "x": 0, "y": 0 },
					{ "time": 1, "x": 4.71, "y": -1.57 },
					{ "time": 2, "x": 0, "y": 0 }
				]
			}
		}
	},
	"throw": {
		"slots": {
			"JZ_L_light": {
				"attachment": [
					{ "time": 0, "name": null }
				]
			},
			"JZ_R_light": {
				"attachment": [
					{ "time": 0, "name": null }
				]
			},
			"Light_Body": {
				"attachment": [
					{ "time": 0, "name": null }
				]
			},
			"Rodney_body_normal": {
				"attachment": [
					{ "time": 0, "name": "Body_Change" }
				]
			},
			"head_light": {
				"attachment": [
					{ "time": 0, "name": null }
				]
			}
		},
		"bones": {
			"Face": {
				"rotate": [
					{ "time": 0, "angle": 0, "curve": "stepped" },
					{ "time": 1.3333, "angle": 0 }
				],
				"translate": [
					{
						"time": 0,
						"x": 0,
						"y": 0,
						"curve": [ 0.286, 0.34, 0.623, 0.67 ]
					},
					{ "time": 0.3333, "x": 0, "y": -0.7 },
					{ "time": 0.5666, "x": 0, "y": 0.14 },
					{ "time": 1.3333, "x": 0, "y": 0 }
				]
			},
			"Root_All": {
				"rotate": [
					{ "time": 0, "angle": 0, "curve": "stepped" },
					{ "time": 1.3333, "angle": 0 }
				],
				"translate": [
					{
						"time": 0,
						"x": 0,
						"y": 0,
						"curve": [ 0.255, 0.35, 0.6, 0.7 ]
					},
					{ "time": 0.6333, "x": -66.66, "y": 0 },
					{ "time": 0.9666, "x": -10.42, "y": -12.42 },
					{ "time": 1.3333, "x": 0, "y": 0 }
				]
			},
			"Body": {
				"rotate": [
					{
						"time": 0,
						"angle": 0,
						"curve": [ 0.219, 0.41, 0.591, 0.77 ]
					},
					{
						"time": 0.6333,
						"angle": -3.17,
						"curve": [ 0.32, 0.36, 0.653, 0.69 ]
					},
					{
						"time": 0.7333,
						"angle": 0.61,
						"curve": [ 0.319, 0.37, 0.652, 0.7 ]
					},
					{
						"time": 0.9666,
						"angle": -1.72,
						"curve": [ 0.32, 0.38, 0.654, 0.71 ]
					},
					{ "time": 1.3333, "angle": 0 }
				],
				"translate": [
					{
						"time": 0,
						"x": 0,
						"y": 0,
						"curve": [ 0.219, 0.41, 0.591, 0.77 ]
					},
					{
						"time": 0.3333,
						"x": -15.86,
						"y": 0,
						"curve": [ 0.193, 0.39, 0.58, 0.9 ]
					},
					{
						"time": 0.5666,
						"x": -19.36,
						"y": 0,
						"curve": [ 0.142, 0.42, 0.647, 0.94 ]
					},
					{ "time": 0.6333, "x": 92.18, "y": -6.3 },
					{ "time": 0.7333, "x": 111.33, "y": 0 },
					{ "time": 1.3333, "x": 0, "y": 0 }
				]
			},
			"Ship_All": {
				"rotate": [
					{ "time": 0, "angle": 0, "curve": "stepped" },
					{ "time": 1.3333, "angle": 0 }
				],
				"translate": [
					{ "time": 0, "x": 0, "y": 0, "curve": "stepped" },
					{ "time": 1.3333, "x": 0, "y": 0 }
				]
			},
			"Throw_Point": {
				"rotate": [
					{ "time": 0.6333, "angle": 0 }
				],
				"translate": [
					{ "time": 0.6333, "x": 0, "y": 0 }
				]
			},
			"Head": {
				"rotate": [
					{ "time": 0, "angle": 0 },
					{ "time": 0.3333, "angle": 0.25 },
					{ "time": 0.8333, "angle": -5.25 },
					{ "time": 1.3333, "angle": 0 }
				],
				"translate": [
					{ "time": 0, "x": 0, "y": 0, "curve": "stepped" },
					{ "time": 1.3333, "x": 0, "y": 0 }
				]
			},
			"BB": {
				"rotate": [
					{ "time": 0, "angle": 0, "curve": "stepped" },
					{ "time": 1.3333, "angle": 0 }
				],
				"translate": [
					{ "time": 0, "x": 0, "y": 0 },
					{ "time": 0.3333, "x": 0.84, "y": -1.55 },
					{ "time": 1.3333, "x": 0, "y": 0 }
				]
			},
			"br": {
				"rotate": [
					{ "time": 0, "angle": 0 },
					{ "time": 0.5, "angle": -0.96 },
					{ "time": 0.6666, "angle": 2.83 },
					{ "time": 0.9333, "angle": -0.96 },
					{ "time": 1.1666, "angle": 2.83 },
					{ "time": 1.3333, "angle": 0 }
				],
				"translate": [
					{ "time": 0, "x": 0, "y": 0 },
					{ "time": 0.5, "x": 1.64, "y": 0.65 },
					{ "time": 0.6666, "x": -1.95, "y": -1.84 },
					{ "time": 0.9333, "x": 1.64, "y": 0.65 },
					{ "time": 1.1666, "x": -1.95, "y": -1.84 },
					{ "time": 1.3333, "x": 0, "y": 0 }
				]
			},
			"bl": {
				"rotate": [
					{ "time": 0, "angle": 0 },
					{ "time": 0.5, "angle": 4.9 },
					{ "time": 0.6666, "angle": -1.13 },
					{ "time": 0.9333, "angle": 4.9 },
					{ "time": 1.1666, "angle": -1.13 },
					{ "time": 1.3333, "angle": 0 }
				],
				"translate": [
					{ "time": 0, "x": 0, "y": 0 },
					{ "time": 0.5, "x": 0.72, "y": -0.85 },
					{ "time": 0.6666, "x": -1.03, "y": 2.18 },
					{ "time": 0.9333, "x": 0.72, "y": -0.85 },
					{ "time": 1.1666, "x": -1.03, "y": 2.18 },
					{ "time": 1.3333, "x": 0, "y": 0 }
				]
			},
			"b2": {
				"rotate": [
					{ "time": 0, "angle": 0 },
					{ "time": 0.6666, "angle": 0.85, "curve": "stepped" },
					{ "time": 1.1666, "angle": 0.85 },
					{ "time": 1.3333, "angle": 0 }
				],
				"translate": [
					{ "time": 0, "x": 0, "y": 0 },
					{ "time": 0.5, "x": 1.44, "y": -1.71 },
					{ "time": 0.6666, "x": -0.99, "y": -0.51 },
					{ "time": 0.9333, "x": 1.44, "y": -1.71 },
					{ "time": 1.1666, "x": -0.99, "y": -0.51 },
					{ "time": 1.3333, "x": 0, "y": 0 }
				]
			},
			"b1": {
				"rotate": [
					{ "time": 0, "angle": 0 },
					{ "time": 0.6666, "angle": -1.79, "curve": "stepped" },
					{ "time": 1.1666, "angle": -1.79 },
					{ "time": 1.3333, "angle": 0 }
				],
				"translate": [
					{ "time": 0, "x": 0, "y": 0 },
					{ "time": 0.5, "x": 1.5, "y": -0.92 },
					{ "time": 0.6666, "x": -1.41, "y": 3.03 },
					{ "time": 0.9333, "x": 1.5, "y": -0.92 },
					{ "time": 1.1666, "x": -1.41, "y": 3.03 },
					{ "time": 1.3333, "x": 0, "y": 0 }
				]
			},
			"JZ_L": {
				"rotate": [
					{ "time": 0, "angle": 0 },
					{ "time": 0.3333, "angle": -11.57 },
					{ "time": 0.6666, "angle": 15.21 },
					{ "time": 0.8333, "angle": 16.83 },
					{ "time": 1.3333, "angle": 0 }
				],
				"translate": [
					{ "time": 0, "x": 0, "y": 0 },
					{ "time": 0.3333, "x": 20.48, "y": 8.68 },
					{ "time": 0.5, "x": 16.3, "y": 7.08 },
					{ "time": 0.6666, "x": -4.05, "y": -22.15 },
					{ "time": 1.3333, "x": 0, "y": 0 }
				]
			},
			"JZ_R": {
				"rotate": [
					{ "time": 0, "angle": 0 },
					{ "time": 0.5, "angle": -16.66 },
					{ "time": 0.8333, "angle": 12.61 },
					{ "time": 1.3333, "angle": 0 }
				],
				"translate": [
					{ "time": 0, "x": 0, "y": 0 },
					{ "time": 0.5, "x": -0.62, "y": 9.72 },
					{ "time": 0.8333, "x": -0.17, "y": -2.28 },
					{ "time": 1.3333, "x": 0, "y": 0 }
				]
			},
			"hair": {
				"rotate": [
					{ "time": 0, "angle": 0 },
					{ "time": 0.5, "angle": -13.15 },
					{ "time": 1, "angle": 6.47 },
					{ "time": 1.3333, "angle": 0 }
				],
				"translate": [
					{ "time": 0, "x": 0, "y": 0, "curve": "stepped" },
					{ "time": 1.3333, "x": 0, "y": 0 }
				]
			},
			"hair5": {
				"rotate": [
					{ "time": 0, "angle": 0 },
					{ "time": 0.5, "angle": -13.15 },
					{ "time": 1, "angle": 6.47 },
					{ "time": 1.3333, "angle": 0 }
				],
				"translate": [
					{ "time": 0, "x": 0, "y": 0, "curve": "stepped" },
					{ "time": 1.3333, "x": 0, "y": 0 }
				]
			},
			"hair4": {
				"rotate": [
					{ "time": 0, "angle": 0 },
					{ "time": 0.5, "angle": -13.15 },
					{ "time": 1, "angle": 6.47 },
					{ "time": 1.3333, "angle": 0 }
				],
				"translate": [
					{ "time": 0, "x": 0, "y": 0, "curve": "stepped" },
					{ "time": 1.3333, "x": 0, "y": 0 }
				]
			},
			"hair3": {
				"rotate": [
					{ "time": 0, "angle": 0 },
					{ "time": 0.5, "angle": -13.15 },
					{ "time": 1, "angle": 6.47 },
					{ "time": 1.3333, "angle": 0 }
				],
				"translate": [
					{ "time": 0, "x": 0, "y": 0, "curve": "stepped" },
					{ "time": 1.3333, "x": 0, "y": 0 }
				]
			},
			"hair2": {
				"rotate": [
					{ "time": 0, "angle": 0 },
					{ "time": 0.5, "angle": -13.15 },
					{ "time": 1, "angle": 6.47 },
					{ "time": 1.3333, "angle": 0 }
				],
				"translate": [
					{ "time": 0, "x": 0, "y": 0, "curve": "stepped" },
					{ "time": 1.3333, "x": 0, "y": 0 }
				]
			},
			"Hand_L": {
				"rotate": [
					{ "time": 0, "angle": 0 },
					{ "time": 0.5, "angle": 16.74 },
					{ "time": 1, "angle": -15.74 },
					{ "time": 1.3333, "angle": 0 }
				],
				"translate": [
					{ "time": 0, "x": 0, "y": 0, "curve": "stepped" },
					{ "time": 1.3333, "x": 0, "y": 0 }
				]
			},
			"DL": {
				"rotate": [
					{ "time": 0, "angle": 0 },
					{ "time": 0.5, "angle": 11.85 },
					{ "time": 1, "angle": -10.56 },
					{ "time": 1.3333, "angle": 0 }
				],
				"translate": [
					{ "time": 0, "x": 0, "y": 0, "curve": "stepped" },
					{ "time": 1.3333, "x": 0, "y": 0 }
				]
			},
			"DL4": {
				"rotate": [
					{ "time": 0, "angle": 0 },
					{ "time": 0.5, "angle": 11.85 },
					{ "time": 1, "angle": -10.56 },
					{ "time": 1.3333, "angle": 0 }
				],
				"translate": [
					{ "time": 0, "x": 0, "y": 0, "curve": "stepped" },
					{ "time": 1.3333, "x": 0, "y": 0 }
				]
			},
			"DL3": {
				"rotate": [
					{ "time": 0, "angle": 0 },
					{ "time": 0.5, "angle": 11.85 },
					{ "time": 1, "angle": -10.56 },
					{ "time": 1.3333, "angle": 0 }
				],
				"translate": [
					{ "time": 0, "x": 0, "y": 0, "curve": "stepped" },
					{ "time": 1.3333, "x": 0, "y": 0 }
				]
			},
			"DL2": {
				"rotate": [
					{ "time": 0, "angle": 0 },
					{ "time": 0.5, "angle": 11.85 },
					{ "time": 1, "angle": -10.56 },
					{ "time": 1.3333, "angle": 0 }
				],
				"translate": [
					{ "time": 0, "x": 0, "y": 0, "curve": "stepped" },
					{ "time": 1.3333, "x": 0, "y": 0 }
				]
			},
			"DR": {
				"rotate": [
					{ "time": 0, "angle": 0 },
					{ "time": 0.5, "angle": 14.14 },
					{ "time": 1, "angle": -4.25 },
					{ "time": 1.3333, "angle": 0 }
				],
				"translate": [
					{ "time": 0, "x": 0, "y": 0, "curve": "stepped" },
					{ "time": 1.3333, "x": 0, "y": 0 }
				]
			},
			"DR4": {
				"rotate": [
					{ "time": 0, "angle": 0 },
					{ "time": 0.5, "angle": 14.14 },
					{ "time": 1, "angle": -4.25 },
					{ "time": 1.3333, "angle": 0 }
				],
				"translate": [
					{ "time": 0, "x": 0, "y": 0, "curve": "stepped" },
					{ "time": 1.3333, "x": 0, "y": 0 }
				]
			},
			"DR3": {
				"rotate": [
					{ "time": 0, "angle": 0 },
					{ "time": 0.5, "angle": 14.14 },
					{ "time": 1, "angle": -4.25 },
					{ "time": 1.3333, "angle": 0 }
				],
				"translate": [
					{ "time": 0, "x": 0, "y": 0, "curve": "stepped" },
					{ "time": 1.3333, "x": 0, "y": 0 }
				]
			},
			"DR2": {
				"rotate": [
					{ "time": 0, "angle": 0 },
					{ "time": 0.5, "angle": 14.14 },
					{ "time": 1, "angle": -4.25 },
					{ "time": 1.3333, "angle": 0 }
				],
				"translate": [
					{ "time": 0, "x": 0, "y": 0, "curve": "stepped" },
					{ "time": 1.3333, "x": 0, "y": 0 }
				]
			}
		},
		"events": [
			{ "time": 0.5666, "name": "throw_point" }
		]
	},
	"wreck": {
		"slots": {
			"JZ_L_light": {
				"attachment": [
					{ "time": 0, "name": null }
				]
			},
			"JZ_R_light": {
				"attachment": [
					{ "time": 0, "name": null }
				]
			},
			"Light_Body": {
				"attachment": [
					{ "time": 0, "name": null }
				]
			},
			"Rodney_body_normal": {
				"attachment": [
					{ "time": 0, "name": "Body_Change" }
				]
			},
			"Rodney_eyes_normal": {
				"attachment": [
					{ "time": 0, "name": "Rodney_eyes_damage" }
				]
			},
			"head_light": {
				"attachment": [
					{ "time": 0, "name": null }
				]
			}
		},
		"bones": {
			"Head": {
				"rotate": [
					{ "time": 0, "angle": 0 },
					{ "time": 0.5, "angle": -3.17 },
					{ "time": 1, "angle": 0 },
					{ "time": 1.5, "angle": 0.89 },
					{ "time": 2, "angle": 0 }
				],
				"translate": [
					{ "time": 0, "x": 0, "y": 0, "curve": "stepped" },
					{ "time": 1, "x": 0, "y": 0, "curve": "stepped" },
					{ "time": 2, "x": 0, "y": 0 }
				]
			},
			"DR": {
				"rotate": [
					{ "time": 0, "angle": 0 },
					{ "time": 1, "angle": 6.89 },
					{ "time": 2, "angle": 0 }
				],
				"translate": [
					{ "time": 0, "x": 0, "y": 0, "curve": "stepped" },
					{ "time": 2, "x": 0, "y": 0 }
				]
			},
			"DL3": {
				"rotate": [
					{ "time": 0, "angle": 0 },
					{ "time": 1, "angle": -10.7 },
					{ "time": 2, "angle": 0 }
				],
				"translate": [
					{ "time": 0, "x": 0, "y": 0, "curve": "stepped" },
					{ "time": 2, "x": 0, "y": 0 }
				]
			},
			"b2": {
				"rotate": [
					{ "time": 0, "angle": 0 },
					{ "time": 1.5, "angle": 6 },
					{ "time": 2, "angle": 0 }
				],
				"translate": [
					{ "time": 0, "x": 0, "y": 0 },
					{ "time": 0.5, "x": 0.87, "y": -0.11 },
					{ "time": 1.5, "x": -1.76, "y": 0.23 },
					{ "time": 2, "x": 0, "y": 0 }
				]
			},
			"b1": {
				"rotate": [
					{ "time": 0, "angle": 0 },
					{ "time": 1.5, "angle": -3.83 },
					{ "time": 2, "angle": 0 }
				],
				"translate": [
					{ "time": 0, "x": 0, "y": 0 },
					{ "time": 0.5, "x": 0.58, "y": -0.07 },
					{ "time": 1.5, "x": -1.86, "y": 0.25 },
					{ "time": 2, "x": 0, "y": 0 }
				]
			},
			"Face": {
				"rotate": [
					{ "time": 0, "angle": 0, "curve": "stepped" },
					{ "time": 2, "angle": 0 }
				],
				"translate": [
					{
						"time": 0,
						"x": 0,
						"y": 0,
						"curve": [ 0.286, 0.34, 0.623, 0.67 ]
					},
					{
						"time": 0.5,
						"x": 0.64,
						"y": 0,
						"curve": [ 0.282, 0.37, 0.624, 0.71 ]
					},
					{
						"time": 1.5,
						"x": -1.28,
						"y": 0,
						"curve": [ 0.321, 0.37, 0.656, 0.71 ]
					},
					{ "time": 2, "x": 0, "y": 0 }
				]
			},
			"br": {
				"rotate": [
					{ "time": 0, "angle": 0 },
					{ "time": 0.5, "angle": -5.04 },
					{ "time": 1.5, "angle": 4.62 },
					{ "time": 2, "angle": 0 }
				],
				"translate": [
					{ "time": 0, "x": 0, "y": 0 },
					{ "time": 0.5, "x": 0.75, "y": -0.99 },
					{ "time": 1.5, "x": -1.3, "y": -0.99 },
					{ "time": 2, "x": 0, "y": 0 }
				]
			},
			"DR2": {
				"rotate": [
					{ "time": 0, "angle": 0 },
					{ "time": 1, "angle": 6.89 },
					{ "time": 2, "angle": 0 }
				],
				"translate": [
					{ "time": 0, "x": 0, "y": 0, "curve": "stepped" },
					{ "time": 2, "x": 0, "y": 0 }
				]
			},
			"hair4": {
				"rotate": [
					{ "time": 0, "angle": 0 },
					{ "time": 1, "angle": 22.03 },
					{ "time": 2, "angle": 0 }
				],
				"translate": [
					{ "time": 0, "x": 0, "y": 0, "curve": "stepped" },
					{ "time": 2, "x": 0, "y": 0 }
				]
			},
			"Body": {
				"rotate": [
					{ "time": 0, "angle": 0, "curve": "stepped" },
					{ "time": 2, "angle": 0 }
				],
				"translate": [
					{ "time": 0, "x": 0, "y": 0, "curve": "stepped" },
					{ "time": 2, "x": 0, "y": 0 }
				]
			},
			"hair": {
				"rotate": [
					{ "time": 0, "angle": 0 },
					{ "time": 1, "angle": -7.11 },
					{ "time": 2, "angle": 0 }
				],
				"translate": [
					{ "time": 0, "x": 0, "y": 0, "curve": "stepped" },
					{ "time": 2, "x": 0, "y": 0 }
				]
			},
			"DL2": {
				"rotate": [
					{ "time": 0, "angle": 0 },
					{ "time": 1, "angle": -10.7 },
					{ "time": 2, "angle": 0 }
				],
				"translate": [
					{ "time": 0, "x": 0, "y": 0, "curve": "stepped" },
					{ "time": 2, "x": 0, "y": 0 }
				]
			},
			"Root_All": {
				"rotate": [
					{ "time": 0, "angle": 0, "curve": "stepped" },
					{ "time": 2, "angle": 0 }
				],
				"translate": [
					{
						"time": 0,
						"x": 0,
						"y": 0,
						"curve": [ 0.255, 0.35, 0.6, 0.7 ]
					},
					{
						"time": 0.5,
						"x": 0,
						"y": -9.82,
						"curve": [ 0.3, 0.39, 0.641, 0.74 ]
					},
					{
						"time": 1,
						"x": 0,
						"y": -15.66,
						"curve": [ 0.322, 0.37, 0.652, 0.7 ]
					},
					{
						"time": 1.5,
						"x": 0,
						"y": -7.79,
						"curve": [ 0.314, 0.36, 0.644, 0.68 ]
					},
					{ "time": 2, "x": 0, "y": 0 }
				]
			},
			"DL": {
				"rotate": [
					{ "time": 0, "angle": 0 },
					{ "time": 1, "angle": -10.7 },
					{ "time": 2, "angle": 0 }
				],
				"translate": [
					{ "time": 0, "x": 0, "y": 0, "curve": "stepped" },
					{ "time": 2, "x": 0, "y": 0 }
				]
			},
			"DR4": {
				"rotate": [
					{ "time": 0, "angle": 0 },
					{ "time": 1, "angle": 6.89 },
					{ "time": 2, "angle": 0 }
				],
				"translate": [
					{ "time": 0, "x": 0, "y": 0, "curve": "stepped" },
					{ "time": 2, "x": 0, "y": 0 }
				]
			},
			"hair2": {
				"rotate": [
					{ "time": 0, "angle": 0 },
					{ "time": 1, "angle": -15.95 },
					{ "time": 2, "angle": 0 }
				],
				"translate": [
					{ "time": 0, "x": 0, "y": 0, "curve": "stepped" },
					{ "time": 2, "x": 0, "y": 0 }
				]
			},
			"hair5": {
				"rotate": [
					{ "time": 0, "angle": 0 },
					{ "time": 1, "angle": 8.28 },
					{ "time": 2, "angle": 0 }
				],
				"translate": [
					{ "time": 0, "x": 0, "y": 0, "curve": "stepped" },
					{ "time": 2, "x": 0, "y": 0 }
				]
			},
			"hair3": {
				"rotate": [
					{ "time": 0, "angle": 0 },
					{ "time": 1, "angle": -24.34 },
					{ "time": 2, "angle": 0 }
				],
				"translate": [
					{ "time": 0, "x": 0, "y": 0, "curve": "stepped" },
					{ "time": 2, "x": 0, "y": 0 }
				]
			},
			"BB": {
				"rotate": [
					{ "time": 0, "angle": 0, "curve": "stepped" },
					{ "time": 2, "angle": 0 }
				],
				"translate": [
					{ "time": 0, "x": 0, "y": 0 },
					{ "time": 1, "x": 1.33, "y": 0 },
					{ "time": 2, "x": 0, "y": 0 }
				]
			},
			"bl": {
				"rotate": [
					{ "time": 0, "angle": 0 },
					{ "time": 0.5, "angle": 6.83 },
					{ "time": 1.5, "angle": -3.22 },
					{ "time": 2, "angle": 0 }
				],
				"translate": [
					{ "time": 0, "x": 0, "y": 0 },
					{ "time": 0.5, "x": 1.61, "y": 0.96 },
					{ "time": 1.5, "x": -0.71, "y": 1.96 },
					{ "time": 2, "x": 0, "y": 0 }
				]
			},
			"Ship_All": {
				"rotate": [
					{ "time": 0, "angle": 0, "curve": "stepped" },
					{ "time": 2, "angle": 0 }
				],
				"translate": [
					{ "time": 0, "x": 0, "y": 0, "curve": "stepped" },
					{ "time": 2, "x": 0, "y": 0 }
				]
			},
			"JZ_R": {
				"rotate": [
					{ "time": 0, "angle": 0 },
					{ "time": 1, "angle": 5.91 },
					{ "time": 2, "angle": 0 }
				],
				"translate": [
					{ "time": 0, "x": 0, "y": 0 },
					{ "time": 1, "x": -6.35, "y": 5.13 },
					{ "time": 2, "x": 0, "y": 0 }
				]
			},
			"DL4": {
				"rotate": [
					{ "time": 0, "angle": 0 },
					{ "time": 1, "angle": -10.7 },
					{ "time": 2, "angle": 0 }
				],
				"translate": [
					{ "time": 0, "x": 0, "y": 0, "curve": "stepped" },
					{ "time": 2, "x": 0, "y": 0 }
				]
			},
			"DR3": {
				"rotate": [
					{ "time": 0, "angle": 0 },
					{ "time": 1, "angle": 6.89 },
					{ "time": 2, "angle": 0 }
				],
				"translate": [
					{ "time": 0, "x": 0, "y": 0, "curve": "stepped" },
					{ "time": 2, "x": 0, "y": 0 }
				]
			},
			"Hand_L": {
				"rotate": [
					{ "time": 0, "angle": 0 },
					{ "time": 1, "angle": 8.06 },
					{ "time": 2, "angle": 0 }
				],
				"translate": [
					{ "time": 0, "x": 0, "y": 0, "curve": "stepped" },
					{ "time": 2, "x": 0, "y": 0 }
				]
			},
			"Behand": {
				"rotate": [
					{ "time": 0, "angle": 0 },
					{ "time": 1, "angle": -2.55 },
					{ "time": 2, "angle": 0 }
				],
				"translate": [
					{ "time": 0, "x": 0, "y": 0 },
					{ "time": 1, "x": 4.71, "y": -1.57 },
					{ "time": 2, "x": 0, "y": 0 }
				]
			},
			"JZ_L": {
				"rotate": [
					{ "time": 0, "angle": 0 },
					{ "time": 1, "angle": 9.57 },
					{ "time": 2, "angle": 0 }
				],
				"translate": [
					{ "time": 0, "x": 0, "y": 0, "curve": "stepped" },
					{ "time": 2, "x": 0, "y": 0 }
				]
			}
		}
	}
}
}