{
"skeleton": { "hash": "JxltOK9XTZjclxb5l/8Eec6lVpk", "spine": "3.2.01", "width": 231.47, "height": 227.09, "images": "" },
"bones": [
	{ "name": "root" },
	{ "name": "bone", "parent": "root" },
	{ "name": "bone2", "parent": "bone" },
	{ "name": "ZT", "parent": "bone2", "y": -4.79, "scaleX": 0.5, "scaleY": 0.5 },
	{ "name": "SH", "parent": "ZT", "x": -58.49, "y": 163.99 },
	{ "name": "YA", "parent": "ZT", "x": -125.49, "y": 217.99 },
	{ "name": "YB", "parent": "ZT", "x": -34.39, "y": 217.64 },
	{ "name": "fire", "parent": "ZT", "x": -59.63, "y": 147.79 },
	{ "name": "fire2", "parent": "ZT", "x": -59.63, "y": 147.79 },
	{ "name": "open", "parent": "ZT", "rotation": 39.07, "x": -113.22, "y": 110.65 }
],
"slots": [
	{ "name": "YA1", "bone": "YA" },
	{ "name": "YB1", "bone": "YB" },
	{ "name": "ZT", "bone": "ZT", "attachment": "ZT" },
	{ "name": "sh", "bone": "SH", "attachment": "sh" },
	{ "name": "fire2", "bone": "fire2", "color": "ffffff96" },
	{ "name": "fire1", "bone": "fire", "color": "ffffff96", "blend": "additive" },
	{ "name": "open", "bone": "open", "attachment": "open" }
],
"skins": {
	"default": {
		"YA1": {
			"YA1": { "x": 126.49, "y": -97.99, "width": 356, "height": 296 },
			"YA2": { "x": 126.49, "y": -97.99, "width": 356, "height": 296 },
			"YA3": { "x": 126.49, "y": -97.99, "width": 356, "height": 296 },
			"YA4": { "x": 126.49, "y": -97.99, "width": 356, "height": 296 }
		},
		"YB1": {
			"YB1": { "x": -22.5, "y": -82.99, "width": 356, "height": 296 },
			"YB2": { "x": -22.5, "y": -82.99, "width": 356, "height": 296 },
			"YB3": { "x": -22.5, "y": -82.99, "width": 356, "height": 296 }
		},
		"ZT": {
			"ZT": { "x": 1, "y": 119.99, "width": 356, "height": 296 }
		},
		"fire1": {
			"fire1": { "x": 60.63, "y": -27.79, "width": 356, "height": 296 },
			"fire2": { "x": 60.63, "y": -27.79, "width": 356, "height": 296 },
			"fire3": { "x": 60.63, "y": -27.79, "width": 356, "height": 296 }
		},
		"fire2": {
			"fire1": { "x": 60.63, "y": -27.79, "width": 356, "height": 296 },
			"fire2": { "x": 60.63, "y": -27.79, "width": 356, "height": 296 },
			"fire3": { "x": 60.63, "y": -27.79, "width": 356, "height": 296 }
		},
		"open": {
			"open": { "x": 114.22, "y": 9.34, "width": 356, "height": 296 }
		},
		"sh": {
			"sh": { "x": 59.49, "y": -44, "width": 356, "height": 296 }
		}
	}
},
"animations": {
	"end": {
		"bones": {
			"bone2": {
				"rotate": [
					{ "time": 0, "angle": 0, "curve": "stepped" },
					{ "time": 1, "angle": 0 }
				],
				"translate": [
					{ "time": 0, "x": 0, "y": 0, "curve": "stepped" },
					{ "time": 1, "x": 0, "y": 0 }
				]
			},
			"open": {
				"rotate": [
					{ "time": 0, "angle": 0, "curve": "stepped" },
					{ "time": 1, "angle": 0 }
				],
				"translate": [
					{ "time": 0, "x": 0, "y": 0, "curve": "stepped" },
					{ "time": 1, "x": 0, "y": 0 }
				]
			},
			"fire": {
				"rotate": [
					{ "time": 0, "angle": 0, "curve": "stepped" },
					{ "time": 1, "angle": 0 }
				],
				"translate": [
					{ "time": 0, "x": 0, "y": 0, "curve": "stepped" },
					{ "time": 1, "x": 0, "y": 0 }
				]
			},
			"YB": {
				"rotate": [
					{ "time": 0, "angle": 0, "curve": "stepped" },
					{ "time": 1, "angle": 0 }
				],
				"translate": [
					{ "time": 0, "x": 0, "y": 0, "curve": "stepped" },
					{ "time": 1, "x": 0, "y": 0 }
				]
			},
			"YA": {
				"rotate": [
					{ "time": 0, "angle": 0, "curve": "stepped" },
					{ "time": 1, "angle": 0 }
				],
				"translate": [
					{ "time": 0, "x": 0, "y": 0, "curve": "stepped" },
					{ "time": 1, "x": 0, "y": 0 }
				]
			},
			"SH": {
				"rotate": [
					{ "time": 0, "angle": 0, "curve": "stepped" },
					{ "time": 1, "angle": 0 }
				],
				"translate": [
					{ "time": 0, "x": 0, "y": 0, "curve": "stepped" },
					{ "time": 1, "x": 0, "y": 0 }
				]
			},
			"ZT": {
				"rotate": [
					{ "time": 0, "angle": 0, "curve": "stepped" },
					{ "time": 1, "angle": 0 }
				],
				"translate": [
					{ "time": 0, "x": 0, "y": 0, "curve": "stepped" },
					{ "time": 1, "x": 0, "y": 0 }
				]
			}
		}
	},
	"end1": {
		"slots": {
			"YA1": {
				"color": [
					{ "time": 0, "color": "ffffffff" },
					{ "time": 0.5, "color": "ffffffa1" },
					{ "time": 1, "color": "ffffffff" },
					{ "time": 1.5, "color": "ffffff99" },
					{ "time": 2, "color": "ffffffff" }
				],
				"attachment": [
					{ "time": 0, "name": "YA1" },
					{ "time": 0.1, "name": "YA2" },
					{ "time": 0.2, "name": "YA3" },
					{ "time": 0.3, "name": "YA4" },
					{ "time": 0.4, "name": "YA1" },
					{ "time": 0.5, "name": "YA2" },
					{ "time": 0.6, "name": "YA3" },
					{ "time": 0.7, "name": "YA4" },
					{ "time": 0.8, "name": "YA1" },
					{ "time": 0.9, "name": "YA2" },
					{ "time": 1, "name": "YA3" },
					{ "time": 1.1, "name": "YA4" },
					{ "time": 1.2, "name": "YA1" },
					{ "time": 1.3, "name": "YA2" },
					{ "time": 1.4, "name": "YA3" },
					{ "time": 1.5, "name": "YA4" },
					{ "time": 1.6, "name": "YA1" },
					{ "time": 1.7, "name": "YA2" },
					{ "time": 1.8, "name": "YA3" },
					{ "time": 1.9, "name": "YA4" },
					{ "time": 2, "name": "YA1" }
				]
			},
			"YB1": {
				"color": [
					{ "time": 0, "color": "ffffff87" },
					{ "time": 1, "color": "ffffffcb" },
					{ "time": 2, "color": "ffffff87" }
				],
				"attachment": [
					{ "time": 0, "name": "YB1" },
					{ "time": 0.1, "name": "YB2" },
					{ "time": 0.2, "name": "YB3" },
					{ "time": 0.3, "name": "YB1" },
					{ "time": 0.4, "name": "YB2" },
					{ "time": 0.5, "name": "YB3" },
					{ "time": 0.6, "name": "YB1" },
					{ "time": 0.7, "name": "YB2" },
					{ "time": 0.8, "name": "YB3" },
					{ "time": 0.9, "name": "YB1" },
					{ "time": 1, "name": "YB2" },
					{ "time": 1.1, "name": "YB3" },
					{ "time": 1.2, "name": "YB1" },
					{ "time": 1.3, "name": "YB2" },
					{ "time": 1.4, "name": "YB3" },
					{ "time": 1.5, "name": "YB1" },
					{ "time": 1.6, "name": "YB2" },
					{ "time": 1.7, "name": "YB3" },
					{ "time": 1.8, "name": "YB1" },
					{ "time": 1.9, "name": "YB2" },
					{ "time": 2, "name": "YB1" }
				]
			}
		},
		"bones": {
			"bone2": {
				"rotate": [
					{ "time": 0, "angle": 0, "curve": "stepped" },
					{ "time": 2, "angle": 0 }
				],
				"translate": [
					{ "time": 0, "x": 0, "y": 0, "curve": "stepped" },
					{ "time": 2, "x": 0, "y": 0 }
				]
			},
			"open": {
				"rotate": [
					{ "time": 0, "angle": 0, "curve": "stepped" },
					{ "time": 2, "angle": 0 }
				],
				"translate": [
					{ "time": 0, "x": 0, "y": 0, "curve": "stepped" },
					{ "time": 2, "x": 0, "y": 0 }
				]
			},
			"YB": {
				"rotate": [
					{ "time": 0, "angle": -3.96, "curve": "stepped" },
					{ "time": 2, "angle": -3.96 }
				],
				"translate": [
					{ "time": 0, "x": 4.87, "y": 0, "curve": "stepped" },
					{ "time": 2, "x": 4.87, "y": 0 }
				]
			},
			"YA": {
				"rotate": [
					{ "time": 0, "angle": 0, "curve": "stepped" },
					{ "time": 2, "angle": 0 }
				],
				"translate": [
					{ "time": 0, "x": 0, "y": 0, "curve": "stepped" },
					{ "time": 2, "x": 0, "y": 0 }
				]
			},
			"SH": {
				"rotate": [
					{ "time": 0, "angle": 0 }
				],
				"translate": [
					{ "time": 0, "x": 0, "y": 0, "curve": "stepped" },
					{ "time": 1, "x": 0, "y": 0, "curve": "stepped" },
					{ "time": 2, "x": 0, "y": 0 }
				]
			},
			"ZT": {
				"rotate": [
					{ "time": 0, "angle": 0, "curve": "stepped" },
					{ "time": 2, "angle": 0 }
				],
				"translate": [
					{ "time": 0, "x": 0, "y": 0, "curve": "stepped" },
					{ "time": 2, "x": 0, "y": 0 }
				]
			},
			"fire2": {
				"rotate": [
					{ "time": 0, "angle": 0, "curve": "stepped" },
					{ "time": 2, "angle": 0 }
				],
				"translate": [
					{ "time": 0, "x": 0, "y": 0, "curve": "stepped" },
					{ "time": 2, "x": 0, "y": 0 }
				]
			},
			"fire": {
				"rotate": [
					{ "time": 0, "angle": 0, "curve": "stepped" },
					{ "time": 2, "angle": 0 }
				],
				"translate": [
					{ "time": 0, "x": 0, "y": 0, "curve": "stepped" },
					{ "time": 2, "x": 0, "y": 0 }
				]
			}
		}
	},
	"normal": {
		"slots": {
			"fire1": {
				"color": [
					{ "time": 0, "color": "ffffff96" },
					{ "time": 0.3333, "color": "ffffff7d" },
					{ "time": 0.6666, "color": "ffffffda" },
					{ "time": 1, "color": "ffffff69" },
					{ "time": 1.3333, "color": "ffffffb2" },
					{ "time": 1.6666, "color": "ffffff73" },
					{ "time": 2, "color": "ffffff96" }
				],
				"attachment": [
					{ "time": 0, "name": "fire1" },
					{ "time": 0.1666, "name": "fire2" },
					{ "time": 0.3333, "name": "fire3" },
					{ "time": 0.5, "name": "fire1" },
					{ "time": 0.6666, "name": "fire2" },
					{ "time": 0.8333, "name": "fire3" },
					{ "time": 1, "name": "fire1" },
					{ "time": 1.1666, "name": "fire2" },
					{ "time": 1.3333, "name": "fire3" },
					{ "time": 1.5, "name": "fire1" },
					{ "time": 1.6666, "name": "fire2" },
					{ "time": 1.8333, "name": "fire3" },
					{ "time": 2, "name": "fire1" }
				]
			},
			"fire2": {
				"attachment": [
					{ "time": 0, "name": "fire1" },
					{ "time": 0.1666, "name": "fire2" },
					{ "time": 0.3333, "name": "fire3" },
					{ "time": 0.5, "name": "fire1" },
					{ "time": 0.6666, "name": "fire2" },
					{ "time": 0.8333, "name": "fire3" },
					{ "time": 1, "name": "fire1" },
					{ "time": 1.1666, "name": "fire2" },
					{ "time": 1.3333, "name": "fire3" },
					{ "time": 1.5, "name": "fire1" },
					{ "time": 1.6666, "name": "fire2" },
					{ "time": 1.8333, "name": "fire3" },
					{ "time": 2, "name": "fire1" }
				]
			}
		},
		"bones": {
			"bone2": {
				"rotate": [
					{ "time": 0, "angle": 0, "curve": "stepped" },
					{ "time": 2, "angle": 0 }
				],
				"translate": [
					{ "time": 0, "x": 0, "y": 0, "curve": "stepped" },
					{ "time": 2, "x": 0, "y": 0 }
				]
			},
			"open": {
				"rotate": [
					{ "time": 0, "angle": -57.05, "curve": "stepped" },
					{ "time": 2, "angle": -57.05 }
				],
				"translate": [
					{ "time": 0, "x": 0, "y": 0, "curve": "stepped" },
					{ "time": 2, "x": 0, "y": 0 }
				]
			},
			"fire": {
				"rotate": [
					{ "time": 0, "angle": 0, "curve": "stepped" },
					{ "time": 2, "angle": 0 }
				],
				"translate": [
					{ "time": 0, "x": 0, "y": 0, "curve": "stepped" },
					{ "time": 2, "x": 0, "y": 0 }
				]
			},
			"YB": {
				"rotate": [
					{ "time": 0, "angle": 0, "curve": "stepped" },
					{ "time": 2, "angle": 0 }
				],
				"translate": [
					{ "time": 0, "x": 0, "y": 0, "curve": "stepped" },
					{ "time": 2, "x": 0, "y": 0 }
				]
			},
			"YA": {
				"rotate": [
					{ "time": 0, "angle": 0, "curve": "stepped" },
					{ "time": 2, "angle": 0 }
				],
				"translate": [
					{ "time": 0, "x": 0, "y": 0, "curve": "stepped" },
					{ "time": 2, "x": 0, "y": 0 }
				]
			},
			"SH": {
				"rotate": [
					{ "time": 0, "angle": 0, "curve": "stepped" },
					{ "time": 2, "angle": 0 }
				],
				"translate": [
					{ "time": 0, "x": 0, "y": 0, "curve": "stepped" },
					{ "time": 2, "x": 0, "y": 0 }
				]
			},
			"ZT": {
				"rotate": [
					{ "time": 0, "angle": 0, "curve": "stepped" },
					{ "time": 2, "angle": 0 }
				],
				"translate": [
					{ "time": 0, "x": 0, "y": 0, "curve": "stepped" },
					{ "time": 2, "x": 0, "y": 0 }
				]
			},
			"fire2": {
				"rotate": [
					{ "time": 0, "angle": 0, "curve": "stepped" },
					{ "time": 2, "angle": 0 }
				],
				"translate": [
					{ "time": 0, "x": 0, "y": 0, "curve": "stepped" },
					{ "time": 2, "x": 0, "y": 0 }
				]
			}
		}
	},
	"normal2": {
		"slots": {
			"YA1": {
				"color": [
					{ "time": 0, "color": "ffffffff" },
					{ "time": 0.5, "color": "ffffffa1" },
					{ "time": 1, "color": "ffffffff" },
					{ "time": 1.5, "color": "ffffff99" },
					{ "time": 2, "color": "ffffffff" }
				],
				"attachment": [
					{ "time": 0, "name": "YA1" },
					{ "time": 0.1, "name": "YA2" },
					{ "time": 0.2, "name": "YA3" },
					{ "time": 0.3, "name": "YA4" },
					{ "time": 0.4, "name": "YA1" },
					{ "time": 0.5, "name": "YA2" },
					{ "time": 0.6, "name": "YA3" },
					{ "time": 0.7, "name": "YA4" },
					{ "time": 0.8, "name": "YA1" },
					{ "time": 0.9, "name": "YA2" },
					{ "time": 1, "name": "YA3" },
					{ "time": 1.1, "name": "YA4" },
					{ "time": 1.2, "name": "YA1" },
					{ "time": 1.3, "name": "YA2" },
					{ "time": 1.4, "name": "YA3" },
					{ "time": 1.5, "name": "YA4" },
					{ "time": 1.6, "name": "YA1" },
					{ "time": 1.7, "name": "YA2" },
					{ "time": 1.8, "name": "YA3" },
					{ "time": 1.9, "name": "YA4" },
					{ "time": 2, "name": "YA1" }
				]
			},
			"fire1": {
				"color": [
					{ "time": 0, "color": "ffffff96" },
					{ "time": 0.3333, "color": "ffffff7d" },
					{ "time": 0.6666, "color": "ffffffda" },
					{ "time": 1, "color": "ffffff69" },
					{ "time": 1.3333, "color": "ffffffb2" },
					{ "time": 1.6666, "color": "ffffff73" },
					{ "time": 2, "color": "ffffff96" }
				],
				"attachment": [
					{ "time": 0, "name": "fire1" },
					{ "time": 0.1666, "name": "fire2" },
					{ "time": 0.3333, "name": "fire3" },
					{ "time": 0.5, "name": "fire1" },
					{ "time": 0.6666, "name": "fire2" },
					{ "time": 0.8333, "name": "fire3" },
					{ "time": 1, "name": "fire1" },
					{ "time": 1.1666, "name": "fire2" },
					{ "time": 1.3333, "name": "fire3" },
					{ "time": 1.5, "name": "fire1" },
					{ "time": 1.6666, "name": "fire2" },
					{ "time": 1.8333, "name": "fire3" },
					{ "time": 2, "name": "fire1" }
				]
			},
			"fire2": {
				"attachment": [
					{ "time": 0, "name": "fire1" },
					{ "time": 0.1666, "name": "fire2" },
					{ "time": 0.3333, "name": "fire3" },
					{ "time": 0.5, "name": "fire1" },
					{ "time": 0.6666, "name": "fire2" },
					{ "time": 0.8333, "name": "fire3" },
					{ "time": 1, "name": "fire1" },
					{ "time": 1.1666, "name": "fire2" },
					{ "time": 1.3333, "name": "fire3" },
					{ "time": 1.5, "name": "fire1" },
					{ "time": 1.6666, "name": "fire2" },
					{ "time": 1.8333, "name": "fire3" },
					{ "time": 2, "name": "fire1" }
				]
			}
		},
		"bones": {
			"bone2": {
				"rotate": [
					{ "time": 0, "angle": 0, "curve": "stepped" },
					{ "time": 2, "angle": 0 }
				],
				"translate": [
					{ "time": 0, "x": 0, "y": 0, "curve": "stepped" },
					{ "time": 2, "x": 0, "y": 0 }
				]
			},
			"open": {
				"rotate": [
					{ "time": 0, "angle": -57.05, "curve": "stepped" },
					{ "time": 2, "angle": -57.05 }
				],
				"translate": [
					{ "time": 0, "x": 0, "y": 0, "curve": "stepped" },
					{ "time": 2, "x": 0, "y": 0 }
				]
			},
			"fire": {
				"rotate": [
					{ "time": 0, "angle": 0, "curve": "stepped" },
					{ "time": 2, "angle": 0 }
				],
				"translate": [
					{ "time": 0, "x": 0, "y": 0, "curve": "stepped" },
					{ "time": 2, "x": 0, "y": 0 }
				]
			},
			"YB": {
				"rotate": [
					{ "time": 0, "angle": 0, "curve": "stepped" },
					{ "time": 2, "angle": 0 }
				],
				"translate": [
					{ "time": 0, "x": 0, "y": 0, "curve": "stepped" },
					{ "time": 2, "x": 0, "y": 0 }
				]
			},
			"YA": {
				"rotate": [
					{ "time": 0, "angle": 0, "curve": "stepped" },
					{ "time": 2, "angle": 0 }
				],
				"translate": [
					{ "time": 0, "x": 0, "y": 0, "curve": "stepped" },
					{ "time": 2, "x": 0, "y": 0 }
				]
			},
			"SH": {
				"rotate": [
					{ "time": 0, "angle": 0 },
					{ "time": 0.1666, "angle": 2.64 },
					{ "time": 0.3333, "angle": -5.01 },
					{ "time": 0.5, "angle": 2.64 },
					{ "time": 0.6666, "angle": -5.01 },
					{ "time": 0.8333, "angle": 2.64 },
					{ "time": 1, "angle": -5.01 },
					{ "time": 1.1666, "angle": 2.64 },
					{ "time": 1.3333, "angle": -5.01 },
					{ "time": 1.5, "angle": 2.64 },
					{ "time": 1.6666, "angle": -5.01 },
					{ "time": 1.8333, "angle": 2.64 },
					{ "time": 2, "angle": 0 }
				],
				"translate": [
					{ "time": 0, "x": 0, "y": 0, "curve": "stepped" },
					{ "time": 1, "x": 0, "y": 0, "curve": "stepped" },
					{ "time": 2, "x": 0, "y": 0 }
				]
			},
			"ZT": {
				"rotate": [
					{ "time": 0, "angle": 0, "curve": "stepped" },
					{ "time": 2, "angle": 0 }
				],
				"translate": [
					{ "time": 0, "x": 0, "y": 0, "curve": "stepped" },
					{ "time": 2, "x": 0, "y": 0 }
				]
			},
			"fire2": {
				"rotate": [
					{ "time": 0, "angle": 0, "curve": "stepped" },
					{ "time": 2, "angle": 0 }
				],
				"translate": [
					{ "time": 0, "x": 0, "y": 0, "curve": "stepped" },
					{ "time": 2, "x": 0, "y": 0 }
				]
			}
		}
	},
	"normal3": {
		"slots": {
			"YA1": {
				"color": [
					{ "time": 0, "color": "ffffffff" },
					{ "time": 0.5, "color": "ffffffa1" },
					{ "time": 1, "color": "ffffffff" },
					{ "time": 1.5, "color": "ffffff99" },
					{ "time": 2, "color": "ffffffff" }
				],
				"attachment": [
					{ "time": 0, "name": "YA1" },
					{ "time": 0.1, "name": "YA2" },
					{ "time": 0.2, "name": "YA3" },
					{ "time": 0.3, "name": "YA4" },
					{ "time": 0.4, "name": "YA1" },
					{ "time": 0.5, "name": "YA2" },
					{ "time": 0.6, "name": "YA3" },
					{ "time": 0.7, "name": "YA4" },
					{ "time": 0.8, "name": "YA1" },
					{ "time": 0.9, "name": "YA2" },
					{ "time": 1, "name": "YA3" },
					{ "time": 1.1, "name": "YA4" },
					{ "time": 1.2, "name": "YA1" },
					{ "time": 1.3, "name": "YA2" },
					{ "time": 1.4, "name": "YA3" },
					{ "time": 1.5, "name": "YA4" },
					{ "time": 1.6, "name": "YA1" },
					{ "time": 1.7, "name": "YA2" },
					{ "time": 1.8, "name": "YA3" },
					{ "time": 1.9, "name": "YA4" },
					{ "time": 2, "name": "YA1" }
				]
			},
			"YB1": {
				"color": [
					{ "time": 0, "color": "ffffff87" },
					{ "time": 1, "color": "ffffffcb" },
					{ "time": 2, "color": "ffffff87" }
				],
				"attachment": [
					{ "time": 0, "name": "YB1" },
					{ "time": 0.1, "name": "YB2" },
					{ "time": 0.2, "name": "YB3" },
					{ "time": 0.3, "name": "YB1" },
					{ "time": 0.4, "name": "YB2" },
					{ "time": 0.5, "name": "YB3" },
					{ "time": 0.6, "name": "YB1" },
					{ "time": 0.7, "name": "YB2" },
					{ "time": 0.8, "name": "YB3" },
					{ "time": 0.9, "name": "YB1" },
					{ "time": 1, "name": "YB2" },
					{ "time": 1.1, "name": "YB3" },
					{ "time": 1.2, "name": "YB1" },
					{ "time": 1.3, "name": "YB2" },
					{ "time": 1.4, "name": "YB3" },
					{ "time": 1.5, "name": "YB1" },
					{ "time": 1.6, "name": "YB2" },
					{ "time": 1.7, "name": "YB3" },
					{ "time": 1.8, "name": "YB1" },
					{ "time": 1.9, "name": "YB2" },
					{ "time": 2, "name": "YB1" }
				]
			},
			"fire1": {
				"color": [
					{ "time": 0, "color": "ffffff96" },
					{ "time": 0.3333, "color": "ffffff7d" },
					{ "time": 0.6666, "color": "ffffffda" },
					{ "time": 1, "color": "ffffff69" },
					{ "time": 1.3333, "color": "ffffffb2" },
					{ "time": 1.6666, "color": "ffffff73" },
					{ "time": 2, "color": "ffffff96" }
				],
				"attachment": [
					{ "time": 0, "name": "fire1" },
					{ "time": 0.1666, "name": "fire2" },
					{ "time": 0.3333, "name": "fire3" },
					{ "time": 0.5, "name": "fire1" },
					{ "time": 0.6666, "name": "fire2" },
					{ "time": 0.8333, "name": "fire3" },
					{ "time": 1, "name": "fire1" },
					{ "time": 1.1666, "name": "fire2" },
					{ "time": 1.3333, "name": "fire3" },
					{ "time": 1.5, "name": "fire1" },
					{ "time": 1.6666, "name": "fire2" },
					{ "time": 1.8333, "name": "fire3" },
					{ "time": 2, "name": "fire1" }
				]
			},
			"fire2": {
				"attachment": [
					{ "time": 0, "name": "fire1" },
					{ "time": 0.1666, "name": "fire2" },
					{ "time": 0.3333, "name": "fire3" },
					{ "time": 0.5, "name": "fire1" },
					{ "time": 0.6666, "name": "fire2" },
					{ "time": 0.8333, "name": "fire3" },
					{ "time": 1, "name": "fire1" },
					{ "time": 1.1666, "name": "fire2" },
					{ "time": 1.3333, "name": "fire3" },
					{ "time": 1.5, "name": "fire1" },
					{ "time": 1.6666, "name": "fire2" },
					{ "time": 1.8333, "name": "fire3" },
					{ "time": 2, "name": "fire1" }
				]
			}
		},
		"bones": {
			"bone2": {
				"rotate": [
					{ "time": 0, "angle": 0, "curve": "stepped" },
					{ "time": 2, "angle": 0 }
				],
				"translate": [
					{ "time": 0, "x": 0, "y": 0, "curve": "stepped" },
					{ "time": 2, "x": 0, "y": 0 }
				]
			},
			"open": {
				"rotate": [
					{ "time": 0, "angle": -57.05, "curve": "stepped" },
					{ "time": 2, "angle": -57.05 }
				],
				"translate": [
					{ "time": 0, "x": 0, "y": 0, "curve": "stepped" },
					{ "time": 2, "x": 0, "y": 0 }
				]
			},
			"fire": {
				"rotate": [
					{ "time": 0, "angle": 0, "curve": "stepped" },
					{ "time": 2, "angle": 0 }
				],
				"translate": [
					{ "time": 0, "x": 0, "y": 0, "curve": "stepped" },
					{ "time": 2, "x": 0, "y": 0 }
				]
			},
			"YB": {
				"rotate": [
					{ "time": 0, "angle": -3.96, "curve": "stepped" },
					{ "time": 2, "angle": -3.96 }
				],
				"translate": [
					{ "time": 0, "x": 4.87, "y": 0, "curve": "stepped" },
					{ "time": 2, "x": 4.87, "y": 0 }
				]
			},
			"YA": {
				"rotate": [
					{ "time": 0, "angle": 0, "curve": "stepped" },
					{ "time": 2, "angle": 0 }
				],
				"translate": [
					{ "time": 0, "x": 0, "y": 0, "curve": "stepped" },
					{ "time": 2, "x": 0, "y": 0 }
				]
			},
			"SH": {
				"rotate": [
					{ "time": 0, "angle": 0 },
					{ "time": 0.1666, "angle": 2.64 },
					{ "time": 0.3333, "angle": -5.01 },
					{ "time": 0.5, "angle": 2.64 },
					{ "time": 0.6666, "angle": -5.01 },
					{ "time": 0.8333, "angle": 2.64 },
					{ "time": 1, "angle": -5.01 },
					{ "time": 1.1666, "angle": 2.64 },
					{ "time": 1.3333, "angle": -5.01 },
					{ "time": 1.5, "angle": 2.64 },
					{ "time": 1.6666, "angle": -5.01 },
					{ "time": 1.8333, "angle": 2.64 },
					{ "time": 2, "angle": 0 }
				],
				"translate": [
					{ "time": 0, "x": 0, "y": 0, "curve": "stepped" },
					{ "time": 1, "x": 0, "y": 0, "curve": "stepped" },
					{ "time": 2, "x": 0, "y": 0 }
				]
			},
			"ZT": {
				"rotate": [
					{ "time": 0, "angle": 0, "curve": "stepped" },
					{ "time": 2, "angle": 0 }
				],
				"translate": [
					{ "time": 0, "x": 0, "y": 0, "curve": "stepped" },
					{ "time": 2, "x": 0, "y": 0 }
				]
			},
			"fire2": {
				"rotate": [
					{ "time": 0, "angle": 0, "curve": "stepped" },
					{ "time": 2, "angle": 0 }
				],
				"translate": [
					{ "time": 0, "x": 0, "y": 0, "curve": "stepped" },
					{ "time": 2, "x": 0, "y": 0 }
				]
			}
		}
	}
}
}