{
"skeleton": { "hash": "D45ZXAs5ZQMBbEPVdwfSKr+K6TI", "spine": "2.1.27", "width": 339.82, "height": 386.33, "images": "" },
"bones": [
	{ "name": "Root_All", "x": 42.66, "y": -5.9, "scaleX": 1.01, "scaleY": 1.01 },
	{ "name": "Ship_All", "parent": "Root_All" },
	{ "name": "Body", "parent": "Ship_All", "length": 255.84, "x": -27.51, "y": 18.46, "rotation": 90 },
	{ "name": "Antiaircraft", "parent": "Body", "length": 44.62, "x": 163.09, "y": -81.45, "rotation": -90 },
	{ "name": "Attack_Point", "parent": "Body", "length": 25.69, "x": 129.92, "y": -69.01, "rotation": -88.64 },
	{ "name": "Damage_Point", "parent": "Body", "length": 22.56, "x": 111.26, "y": 8.07, "rotation": -90 },
	{ "name": "Dialogue", "parent": "Body", "length": 57.85, "x": 185.38, "y": -56.64, "rotation": -90 },
	{ "name": "Expression", "parent": "Body", "length": 46.33, "x": 211.5, "y": -34.48, "rotation": -42.65 },
	{ "name": "Obai_all", "parent": "Body", "length": 13.91, "x": 118.35, "y": 10.24, "rotation": -133.84 },
	{ "name": "Ship", "parent": "Body", "length": 127.17, "x": 100, "y": 60, "rotation": 270 },
	{ "name": "Smoke_L1", "parent": "Body", "length": 51.75, "x": 85.17, "y": -49.39, "rotation": -34.35 },
	{ "name": "Smoke_R2", "parent": "Body", "length": 51.75, "x": 123.09, "y": 88.77, "rotation": 37.5 },
	{ "name": "Tail_F_1", "parent": "Body", "length": 15.45, "x": 58.21, "y": 23.96, "rotation": 107.09 },
	{ "name": "Throw_Point", "parent": "Body", "length": 24.91, "x": 87.92, "y": -33.41, "rotation": -88.64 },
	{ "name": "Bomb_in", "parent": "Ship", "length": 72.5, "x": 54.01, "y": -8.69, "rotation": -8.5 },
	{ "name": "Obai_01", "parent": "Obai_all", "length": 9.24, "x": 7.66, "y": -11, "rotation": 132.65 },
	{ "name": "Obai_02", "parent": "Obai_all", "length": 7.57, "x": 22.13, "y": 4.77, "rotation": 133.84 },
	{ "name": "Ship_down", "parent": "Ship", "length": 47.52, "x": 79.89, "y": -9.21, "rotation": -40.63 },
	{ "name": "Ship_other", "parent": "Ship", "length": 59.32, "x": 16.75, "y": 9.93, "rotation": -95.84 },
	{ "name": "Tail_F_2", "parent": "Tail_F_1", "length": 13.73, "x": -10.46, "y": -9.72, "rotation": -2.72 },
	{ "name": "Tail_F_3", "parent": "Tail_F_2", "length": 12.91, "x": 13.73, "y": -0.04, "rotation": 2.25 },
	{ "name": "Tail_F_4", "parent": "Tail_F_3", "length": 13.17, "x": 12.91, "y": 0.02, "rotation": -4.5 },
	{ "name": "Tail_F_5", "parent": "Tail_F_4", "length": 14.02, "x": 13.17, "y": -0.07, "rotation": 3.15 },
	{ "name": "Tail_F_6", "parent": "Tail_F_5", "length": 13.75, "x": 14.02, "rotation": -5.44 },
	{ "name": "Tail_F_7", "parent": "Tail_F_6", "length": 14.03, "x": 13.75, "y": -0.07 }
],
"slots": [
	{ "name": "Body_tail_path_1", "bone": "Tail_F_7", "attachment": "Rodney_tail_path_1" },
	{ "name": "Rodney_ship_normal", "bone": "Tail_F_7", "attachment": "Rodney_ship_normal" },
	{ "name": "Rodney_fornt_normal", "bone": "Ship_other", "attachment": "Rodney_fornt_normal" },
	{ "name": "Rodney_ship_armor_normal", "bone": "Ship", "attachment": "Rodney_ship_armor_normal" },
	{ "name": "Rodney_ship_armor_normal_light", "bone": "Ship", "attachment": "Rodney_ship_armor_normal_light", "blend": "additive" },
	{ "name": "Rodney_ship_armor_gun", "bone": "Bomb_in", "attachment": "Rodney_ship_armor_gun" },
	{ "name": "Rodney_ship_armor_gun_light", "bone": "Bomb_in", "attachment": "Rodney_ship_armor_gun_light", "blend": "additive" },
	{ "name": "Rodney_body_normal", "bone": "Body", "attachment": "Rodney_body_normal" },
	{ "name": "Light_Body", "bone": "Body", "attachment": "Rodney_ship_body_normal_light", "blend": "additive" },
	{ "name": "Rodney_top_normal", "bone": "Ship", "attachment": "Rodney_top_normal" },
	{ "name": "Rodney_top_normal_light", "bone": "Ship", "attachment": "Rodney_top_normal_light", "blend": "additive" },
	{ "name": "Body", "bone": "Obai_all", "attachment": "Rodney_Obai" }
],
"skins": {
	"default": {
		"Body": {
			"Rodney_Obai": {
				"type": "skinnedmesh",
				"uvs": [ 1, 0.45228, 1, 0.48626, 1, 0.58079, 1, 0.70339, 1, 1, 0.40368, 1, 0.30723, 1, 0, 1, 0, 0.40501, 0, 0.32377, 0, 0.23662, 0, 0, 0.39004, 0, 0.48649, 0, 0.59464, 0, 1, 0, 0.01884, 0.52466, 0.03053, 0.62806, 0.04904, 0.73441, 0.08704, 0.82599, 0.14842, 0.91167, 0.22052, 0.97518, 0.47577, 0.97518, 0.53715, 0.93382, 0.57807, 0.88065, 0.64335, 0.88065, 0.74857, 0.90724, 0.83041, 0.91167, 0.92102, 0.87769, 0.97168, 0.79054, 0.97168, 0.3415, 0.91809, 0.25287, 0.86061, 0.1864, 0.77682, 0.1155, 0.71057, 0.08152, 0.65017, 0.0313, 0.3462, 0.04755, 0.278, 0.03426, 0.20298, 0.04016, 0.13283, 0.0505, 0.07827, 0.08005, 0.0354, 0.15686, 0.0695, 0.58522, 0.12991, 0.66794, 0.21954, 0.69896, 0.3082, 0.71226, 0.41732, 0.72259, 0.50111, 0.69896, 0.57028, 0.64431, 0.7096, 0.6192, 0.7778, 0.66351, 0.88984, 0.64726, 0.96096, 0.57341, 0.08314, 0.68124, 0.1075, 0.76248, 0.14452, 0.83042, 0.2059, 0.8836, 0.26241, 0.92201, 0.35399, 0.95007, 0.43973, 0.95007, 0.49916, 0.9028, 0.56054, 0.84815, 0.62094, 0.80236, 0.65991, 0.83929, 0.7096, 0.85554, 0.77, 0.85997, 0.82846, 0.85997, 0.91225, 0.81418, 0.95122, 0.75805, 0.97558, 0.6768, 0.98434, 0.62067, 0.10068, 0.50841, 0.16108, 0.43603, 0.25169, 0.3799, 0.34912, 0.35775, 0.46116, 0.37695, 0.55469, 0.41683, 0.63361, 0.47148, 0.69206, 0.41535, 0.74857, 0.34593, 0.80313, 0.30309, 0.87912, 0.26469, 0.06755, 0.33854, 0.10458, 0.26616, 0.17667, 0.21447, 0.2361, 0.19674, 0.34814, 0.20856, 0.41732, 0.23367, 0.39588, 0.15538, 0.47188, 0.21594, 0.52741, 0.27946, 0.58392, 0.36513, 0.64919, 0.5675, 0.65212, 0.65612, 0.63848, 0.73293, 0.4787, 0.27503, 0.56736, 0.24548, 0.60633, 0.19083, 0.65407, 0.16129, 0.73493, 0.16277, 0.49721, 0.17311, 0.52254, 0.10516, 0.58392, 0.09334, 0.64822, 0.11107, 0.08022, 0.20117, 0.13965, 0.13175, 0.19908, 0.10073, 0.28287, 0.1022, 0.33743, 0.13618, 0.06755, 0.45376, 0.13575, 0.37252, 0.20298, 0.32229, 0.28579, 0.29718, 0.35009, 0.29275, 0.42122, 0.309, 0.50987, 0.35331, 0.62289, 0.31343, 0.67842, 0.26321, 0.73201, 0.23071, 0.81774, 0.22628, 0.13575, 0.59556, 0.2361, 0.56307, 0.30625, 0.55716, 0.43486, 0.56159, 0.51962, 0.57636, 0.58197, 0.57045, 0.7057, 0.55273, 0.80313, 0.54829, 0.86061, 0.52466, 0.90445, 0.46558, 0.94537, 0.40501, 0.19031, 0.79054, 0.29943, 0.84667, 0.38809, 0.86883, 0.47383, 0.84963, 0.53326, 0.79202, 0.58684, 0.74623, 0.69888, 0.74918, 0.76611, 0.76839, 0.8382, 0.77577, 0.89276, 0.7285, 0.9405, 0.67828 ],
				"triangles": [ 22, 26, 4, 26, 23, 25, 26, 25, 64, 25, 63, 64, 26, 27, 4, 26, 65, 27, 65, 66, 27, 27, 28, 4, 28, 29, 4, 29, 3, 4, 27, 66, 28, 26, 64, 65, 63, 25, 62, 25, 24, 62, 66, 67, 28, 28, 67, 29, 66, 139, 67, 66, 65, 139, 64, 138, 65, 65, 138, 139, 63, 137, 64, 64, 137, 138, 63, 62, 137, 139, 140, 67, 67, 68, 29, 67, 140, 68, 62, 94, 137, 29, 68, 3, 140, 139, 50, 139, 138, 50, 138, 137, 50, 140, 141, 68, 3, 141, 69, 3, 68, 141, 94, 93, 137, 137, 49, 50, 137, 93, 49, 50, 51, 140, 140, 51, 141, 69, 70, 3, 70, 2, 3, 69, 141, 70, 70, 141, 51, 50, 127, 51, 50, 49, 127, 127, 128, 51, 51, 52, 70, 51, 128, 52, 70, 52, 2, 49, 126, 127, 52, 1, 2, 128, 129, 52, 52, 129, 1, 127, 126, 78, 127, 78, 128, 78, 79, 128, 128, 79, 129, 129, 0, 1, 79, 80, 129, 129, 130, 0, 129, 80, 130, 130, 30, 0, 15, 0, 30, 80, 81, 130, 130, 81, 30, 30, 81, 31, 117, 118, 79, 79, 118, 80, 30, 31, 15, 80, 119, 81, 80, 118, 119, 31, 81, 32, 81, 119, 32, 31, 32, 15, 118, 99, 119, 118, 98, 99, 99, 33, 119, 119, 33, 32, 32, 33, 15, 99, 34, 33, 33, 34, 15, 34, 35, 15, 5, 22, 4, 5, 59, 22, 22, 23, 26, 23, 24, 25, 6, 58, 5, 5, 58, 59, 7, 21, 6, 7, 20, 21, 7, 19, 20, 19, 55, 20, 21, 57, 6, 6, 57, 58, 7, 18, 19, 7, 17, 18, 7, 16, 17, 7, 8, 16, 22, 60, 23, 22, 59, 60, 20, 56, 21, 21, 56, 57, 58, 133, 59, 59, 134, 60, 59, 133, 134, 57, 132, 58, 58, 132, 133, 23, 60, 24, 57, 56, 132, 20, 55, 56, 60, 61, 24, 60, 134, 61, 55, 131, 56, 56, 131, 132, 24, 61, 62, 134, 133, 46, 133, 132, 46, 134, 135, 61, 135, 46, 47, 135, 134, 46, 61, 135, 62, 132, 131, 45, 132, 45, 46, 45, 131, 44, 131, 55, 54, 55, 19, 54, 19, 18, 54, 135, 47, 136, 131, 54, 44, 18, 53, 54, 54, 43, 44, 54, 53, 43, 18, 17, 53, 47, 46, 123, 44, 121, 45, 121, 122, 45, 46, 45, 123, 45, 122, 123, 43, 120, 44, 44, 120, 121, 47, 123, 124, 43, 53, 42, 53, 17, 42, 43, 42, 120, 17, 16, 42, 42, 71, 120, 120, 71, 121, 42, 16, 71, 71, 72, 121, 122, 121, 73, 75, 123, 74, 123, 122, 74, 121, 72, 73, 122, 73, 74, 16, 109, 71, 16, 8, 109, 71, 109, 72, 8, 82, 109, 109, 110, 72, 109, 82, 110, 73, 110, 111, 73, 72, 110, 8, 9, 82, 73, 112, 74, 73, 111, 112, 74, 114, 75, 111, 110, 83, 74, 113, 114, 74, 112, 113, 110, 82, 83, 82, 9, 83, 9, 10, 83, 83, 84, 111, 111, 85, 112, 111, 84, 85, 113, 87, 114, 112, 86, 113, 112, 85, 86, 113, 86, 87, 10, 104, 83, 83, 104, 84, 10, 41, 104, 10, 11, 41, 86, 88, 87, 104, 105, 84, 85, 84, 106, 85, 108, 86, 86, 108, 88, 104, 41, 105, 84, 105, 106, 85, 107, 108, 85, 106, 107, 41, 40, 105, 41, 11, 40, 108, 36, 88, 108, 107, 36, 40, 39, 105, 105, 39, 106, 106, 38, 107, 38, 37, 107, 107, 37, 36, 106, 39, 38, 40, 11, 39, 39, 11, 38, 37, 38, 12, 12, 38, 11, 135, 136, 62, 62, 136, 94, 94, 136, 48, 136, 47, 48, 94, 48, 93, 47, 124, 48, 48, 125, 93, 125, 92, 93, 93, 92, 49, 48, 124, 125, 92, 126, 49, 124, 123, 76, 76, 123, 75, 124, 76, 125, 76, 75, 115, 125, 77, 92, 125, 76, 77, 92, 77, 126, 126, 77, 78, 76, 91, 77, 77, 91, 78, 76, 115, 91, 91, 116, 78, 78, 116, 79, 75, 114, 115, 116, 91, 90, 114, 95, 115, 91, 115, 90, 115, 95, 90, 116, 117, 79, 90, 96, 116, 116, 96, 117, 114, 87, 95, 96, 90, 89, 87, 89, 95, 90, 95, 89, 96, 97, 117, 97, 98, 117, 117, 98, 118, 89, 100, 96, 96, 100, 97, 97, 101, 102, 101, 97, 100, 87, 88, 89, 89, 88, 100, 97, 103, 98, 97, 102, 103, 100, 88, 101, 99, 103, 34, 99, 98, 103, 36, 12, 88, 101, 12, 13, 101, 88, 12, 103, 35, 34, 103, 102, 35, 102, 101, 14, 102, 14, 35, 14, 101, 13, 36, 37, 12, 35, 14, 15 ],
				"vertices": [ 1, 16, 0.49, -9.13, 1, 1, 16, -0.55, -9.13, 1, 2, 15, -1.49, -30.52, 0, 16, -3.48, -9.13, 1, 2, 8, 33.77, 5.84, 0.00492, 16, -7.28, -9.13, 0.99506, 2, 8, 40.14, -0.78, 0.01633, 16, -16.48, -9.13, 0.98366, 3, 8, 19.92, -20.2, 0.13406, 15, -15.07, -2.78, 0.80902, 16, -16.49, 18.87999, 0.0569, 3, 8, 16.65, -23.34, 0.04783, 15, -15.16, 1.74, 0.94001, 16, -16.49, 23.41, 0.01214, 1, 15, -15.47, 16.17, 1, 1, 15, 2.96, 16.56, 1, 1, 15, 5.48, 16.61, 1, 1, 15, 8.18, 16.67, 1, 1, 15, 15.51, 16.83, 1, 2, 8, -2, 1.71, 0.99665, 15, 15.9, -1.49, 0.00334, 2, 8, 1.25, 4.85, 0.9857, 16, 14.5, 15, 0.01429, 2, 8, 4.92, 8.37, 0.80477, 16, 14.5, 9.92, 0.19522, 1, 16, 14.51, -9.12, 1, 1, 15, -0.72, 15.6, 1, 1, 15, -3.91, 14.98, 1, 1, 15, -7.19, 14.04, 1, 1, 15, -9.99, 12.2, 1, 2, 8, 9.37, -26.53, 9.2E-4, 15, -12.58, 9.26, 0.99907, 3, 8, 13.18, -25.61, 0.01449, 15, -14.48, 5.83, 0.98355, 16, -15.72, 27.49, 0.00195, 3, 8, 21.83, -17.29999, 0.23517, 15, -14.23, -6.15, 0.61478, 16, -15.72, 15.49, 0.15004, 3, 8, 23.03, -14.37, 0.27148, 15, -12.88, -9.01, 0.53025, 16, -14.44, 12.61, 0.19826, 3, 8, 23.27, -11.85, 0.31053, 15, -11.2, -10.9, 0.36531, 16, -12.79, 10.69, 0.32415, 3, 8, 25.48, -9.72999, 0.29185, 15, -11.13, -13.96, 0.21898, 16, -12.79, 7.62, 0.48916, 3, 8, 29.62, -6.89, 0.21235, 15, -11.85, -18.93, 0.09691, 16, -13.61, 2.67, 0.69072, 3, 8, 32.49, -4.33, 0.07474, 15, -11.91, -22.77, 0.01995, 16, -13.74, -1.16, 0.90529, 3, 8, 34.83, -0.62, 0.0302, 15, -10.76, -27.01, 0.00425, 16, -12.69, -5.42, 0.96553, 3, 8, 34.68, 2.97, 0.01251, 15, -8.01, -29.33, 5.8E-4, 16, -9.99, -7.8, 0.98689, 1, 16, 3.92, -7.79, 1, 1, 16, 6.67, -5.27, 1, 2, 8, 17.94, 12.86, 0.00952, 16, 8.72999, -2.57, 0.99047, 2, 8, 13.58, 11.72, 0.14972, 16, 10.92, 1.36, 0.85027, 2, 8, 10.6, 10.32, 0.50083, 16, 11.97, 4.46999, 0.49916, 2, 8, 7.48, 9.47999, 0.72587, 16, 13.53, 7.31, 0.27412, 2, 8, -2.47, -0.77, 0.39065, 15, 14.38, 0.52999, 0.60934, 2, 8, -5.07, -2.7, 0.16702, 15, 14.72, 3.74, 0.83297, 2, 8, -7.48, -5.27, 0.04629, 15, 14.47, 7.26, 0.9537, 2, 8, -9.64, -7.79, 0.00761, 15, 14.08, 10.55, 0.99238, 2, 8, -10.85, -10.22, 3.1E-4, 15, 13.11, 13.1, 0.99968, 1, 15, 10.68, 15.06, 1, 1, 15, -2.55, 13.18, 1, 1, 15, -5.05, 10.29, 1, 1, 15, -5.92, 6.05, 1, 3, 8, 10.51, -16.87, 0.03869, 15, -6.25, 1.88, 0.95508, 16, -7.57, 23.37, 0.00621, 3, 8, 14.43, -13.55, 0.18881, 15, -6.46, -3.24, 0.75537, 16, -7.89, 18.24, 0.0558, 3, 8, 16.76, -10.29, 0.35179, 15, -5.64, -7.16, 0.57381, 16, -7.16, 14.3, 0.07439, 3, 8, 17.93, -6.82, 0.52822, 15, -3.88, -10.38, 0.3158, 16, -5.46, 11.05, 0.15595, 3, 8, 22.11, -1.72, 0.39697, 15, -2.96, -16.91, 0.05022, 16, -4.67999, 4.51, 0.5528, 3, 8, 25.38, -0.49, 0.12732, 15, -4.27, -20.14, 0.01847, 16, -6.05, 1.29999, 0.85418, 3, 8, 28.83, 3.51, 0.01805, 15, -3.65, -25.39, 0.00199, 16, -5.55, -3.95, 0.97995, 1, 16, -3.26, -7.29, 1, 1, 15, -5.51, 12.47, 1, 1, 15, -8, 11.28, 1, 2, 8, 7.5, -24.84, 7.2E-4, 15, -10.07, 9.49, 0.99927, 3, 8, 10.72, -24.03, 0.00563, 15, -11.66, 6.57, 0.99398, 16, -12.88, 28.17, 3.7E-4, 3, 8, 13.46, -23.05, 0.02069, 15, -12.79, 3.9, 0.97577, 16, -14.07, 25.52, 0.00353, 3, 8, 17.17, -20.7, 0.09919, 15, -13.57, -0.42, 0.8669, 16, -14.94, 21.21, 0.0339, 3, 8, 20.07, -17.91, 0.20601, 15, -13.48, -4.44, 0.68329, 16, -14.94, 17.19, 0.11069, 3, 8, 21.07, -14.92, 0.27148, 15, -11.96, -7.2, 0.53025, 16, -13.47, 14.39, 0.19826, 3, 8, 21.98, -11.7, 0.31923, 15, -10.21, -10.05, 0.47003, 16, -11.78, 11.51, 0.21073, 3, 8, 23.04, -8.7, 0.35609, 15, -8.72999, -12.86, 0.30515, 16, -10.35999, 8.67, 0.33874, 3, 8, 25.16, -8.26, 0.32505, 15, -9.83, -14.72, 0.16989, 16, -11.5, 6.84, 0.50505, 3, 8, 27.19, -7.01, 0.21235, 15, -10.29, -17.06, 0.09691, 16, -12.01, 4.51, 0.69072, 3, 8, 29.33, -5.14, 0.12305, 15, -10.35999, -19.9, 0.03938, 16, -12.14, 1.67, 0.83756, 3, 8, 31.31, -3.24, 0.12305, 15, -10.31, -22.65, 0.03938, 16, -12.14, -1.07, 0.83756, 3, 8, 33.16999, 0.51, 0.02863, 15, -8.8, -26.55, 0.00418, 16, -10.72, -5.01, 0.96717, 3, 8, 33.29, 3.03, 0.01251, 15, -7.03, -28.35, 5.8E-4, 16, -8.97999, -6.84, 0.98689, 3, 8, 32.37, 5.64, 0.00498, 15, -4.48, -29.44, 1.2E-4, 16, -6.46, -7.98, 0.99487, 2, 8, 31.46, 7.18, 0.00207, 16, -4.71999, -8.39, 0.99792, 1, 15, -0.13, 11.76, 1, 1, 15, 2.16, 8.97, 1, 1, 15, 3.99, 4.75, 1, 1, 15, 4.77, 0.19, 1, 2, 8, 8.49, -4.4, 0.72926, 15, 4.29, -5.08, 0.27072, 2, 8, 12.52, -2.24, 0.92667, 15, 3.14, -9.5, 0.07332, 3, 8, 16.37, -0.9, 0.926, 15, 1.53, -13.24, 0.03895, 16, -0.1, 8.08, 0.03502, 2, 8, 17.14, 2.25, 0.7591, 16, 1.63, 5.33, 0.24089, 2, 8, 17.57, 5.64, 0.41695, 16, 3.78, 2.68, 0.58304, 2, 8, 18.5, 8.38, 0.08204, 16, 5.11, 0.12, 0.91795, 1, 16, 6.3, -3.44, 1, 1, 15, 5.09, 13.43, 1, 1, 15, 7.37, 11.74, 1, 2, 8, -4.63, -10.03, 4.0E-4, 15, 9.04, 8.39, 0.99959, 1, 15, 9.64999, 5.61, 1, 1, 15, 9.39, 0.33, 1, 2, 8, 3.93, -2.61999, 0.72048, 15, 8.68, -2.92, 0.27951, 2, 8, 1.52, -1.57, 0.49116, 15, 11.09, -1.86, 0.50883, 2, 8, 5.4, -0.45, 0.98739, 15, 9.29, -5.47, 0.0126, 2, 8, 8.64, -0.06, 0.91991, 15, 7.37, -8.12, 0.08008, 1, 8, 12.4, -0.14, 1, 3, 8, 18.95999, -2.53, 0.67024, 15, -1.42, -14.03, 0.07393, 16, -3.08, 7.35, 0.25581, 3, 8, 20.95999, -4.42, 0.55456, 15, -4.16, -14.23, 0.1478, 16, -5.83, 7.21, 0.29763, 3, 8, 22.15, -6.58, 0.43823, 15, -6.56, -13.64, 0.23489, 16, -8.21, 7.85, 0.32687, 2, 8, 6.9, -1.55, 0.91991, 15, 7.46, -5.83, 0.08008, 2, 8, 9.27, 1.99, 0.97704, 16, 6.89, 11.2, 0.02295, 2, 8, 9.41, 4.48, 0.85164, 16, 8.58, 9.37, 0.14835, 2, 8, 10.39999, 6.7, 0.72051, 16, 9.5, 7.12, 0.27948, 2, 8, 13.17, 9.3, 0.30128, 16, 9.46, 3.32, 0.69871, 2, 8, 5.34, 1.32, 0.98739, 15, 10.64, -6.64, 0.0126, 2, 8, 4.73999, 3.67, 0.96513, 16, 11.24, 13.3, 0.03486, 2, 8, 6.56, 5.93, 0.84748, 16, 11.61, 10.42, 0.15251, 2, 8, 9.12, 7.63, 0.72051, 16, 11.06, 7.4, 0.27948, 1, 15, 9.35999, 12.93, 1, 2, 8, -7.66, -9.38, 0.00761, 15, 11.57, 10.18, 0.99238, 2, 8, -6.31, -6.75, 0.04629, 15, 12.59, 7.41, 0.9537, 2, 8, -3.44, -4.06, 0.16702, 15, 12.62, 3.47, 0.83297, 2, 8, -0.86, -3.04, 0.39065, 15, 11.62, 0.88, 0.60934, 1, 15, 1.52, 13.36, 1, 1, 15, 4.1, 10.2, 1, 1, 15, 5.72, 7.08, 1, 1, 15, 6.58, 3.21, 1, 1, 15, 6.79, 0.19, 1, 2, 8, 5.68, -4.17999, 0.51441, 15, 6.35, -3.15, 0.48557, 2, 8, 9.63, -2.28, 0.72926, 15, 5.07, -7.35, 0.27072, 2, 8, 12.61, 2.28, 0.92415, 16, 4.78, 8.59, 0.07583, 2, 8, 13.41, 5.21, 0.67818, 16, 6.34, 5.98, 0.32181, 2, 8, 14.53, 7.68, 0.33239, 16, 7.35, 3.46, 0.6676, 1, 16, 7.49, -0.56, 1, 1, 15, -2.8, 10.06, 1, 1, 15, -1.69, 5.37, 1, 3, 8, 7.11, -13.47, 6.6E-4, 15, -1.44, 2.07, 0.99855, 16, -2.77, 23.46, 7.7E-4, 3, 8, 11.56, -9.38, 0.31799, 15, -1.45, -3.96, 0.66107, 16, -2.9, 17.42, 0.02093, 3, 8, 14.75, -6.95, 0.53241, 15, -1.82, -7.95, 0.42012, 16, -3.36, 13.44, 0.04745, 3, 8, 16.74, -4.79, 0.71296, 15, -1.58, -10.88, 0.1879, 16, -3.17, 10.51, 0.09913, 3, 8, 20.56, -0.36, 0.39697, 15, -0.91, -16.68, 0.05022, 16, -2.61999, 4.69, 0.5528, 3, 8, 23.76, 2.9, 0.03737, 15, -0.67, -21.25, 0.00308, 16, -2.48, 0.11, 0.95954, 1, 16, -1.75, -2.58, 1, 1, 16, 0.07, -4.64, 1, 1, 16, 1.95, -6.56, 1, 2, 8, 8.18999, -22.46, 0.00172, 15, -8.79, 7.37, 0.99827, 3, 8, 13.1, -20.16, 0.02093, 15, -10.42, 2.21, 0.97557, 16, -11.74, 23.78, 0.00348, 3, 8, 16.58, -17.77, 0.15383, 15, -11.02, -1.96, 0.78419, 16, -12.42, 19.61, 0.06196, 3, 8, 19.07, -14.55, 0.24244, 15, -10.34, -5.98, 0.63844, 16, -11.83, 15.58, 0.1191, 3, 8, 19.85, -11.33, 0.39772, 15, -8.49, -8.72999, 0.40723, 16, -10.04, 12.79, 0.19504, 3, 8, 20.68, -8.56, 0.43823, 15, -7.02, -11.22, 0.23489, 16, -8.62, 10.28, 0.32687, 3, 8, 24.54, -4.98, 0.26191, 15, -7, -16.49, 0.09085, 16, -8.71, 5.01, 0.64722, 3, 8, 27.23, -3.22, 0.15277, 15, -7.53, -19.66, 0.03997, 16, -9.3, 1.85, 0.80725, 3, 8, 29.84, -1.04, 0.06928, 15, -7.69, -23.05, 0.01607, 16, -9.53, -1.53, 0.91463, 3, 8, 30.67, 1.79, 0.02089, 15, -6.17, -25.58, 0.00261, 16, -8.06, -4.09, 0.97648, 3, 8, 31.21, 4.46, 0.00498, 15, -4.57, -27.79, 1.2E-4, 16, -6.51, -6.33, 0.99487 ],
				"hull": 16,
				"edges": [ 14, 16, 12, 14, 8, 10, 10, 12, 8, 6, 6, 4, 0, 30, 28, 30, 26, 28, 22, 24, 24, 26, 20, 22, 16, 18, 18, 20, 0, 2, 2, 4 ],
				"width": 47,
				"height": 31
			}
		},
		"Body_tail_path_1": {
			"Rodney_tail_path_1": {
				"type": "skinnedmesh",
				"uvs": [ 1, 0.6049, 1, 1, 0.93889, 1, 0.85848, 1, 0.77051, 1, 0.67781, 1, 0.58416, 1, 0.49473, 1, 0.40486, 1, 0.29702, 1, 0.21189, 1, 0.10027, 1, 0.02365, 1, 0, 1, 0, 0.42234, 0, 0, 0.04502, 0, 0.14812, 0, 0.23231, 0, 0.30042, 0, 0.39407, 0, 0.48583, 0, 0.58889, 0, 0.67497, 0, 0.76672, 0, 0.86132, 0, 0.93605, 0, 1, 0, 0.02126, 0.43268, 0.12347, 0.51534, 0.21312, 0.57045, 0.3078, 0.60145, 0.39242, 0.60834, 0.48793, 0.60834, 0.58512, 0.60834, 0.67309, 0.60145, 0.76441, 0.61179, 0.85071, 0.60834, 0.92779, 0.62212 ],
				"triangles": [ 14, 15, 16, 28, 14, 16, 17, 28, 16, 13, 14, 28, 12, 13, 28, 29, 12, 28, 29, 28, 17, 18, 29, 17, 30, 29, 18, 30, 18, 19, 29, 11, 12, 29, 30, 11, 30, 10, 11, 30, 31, 10, 19, 31, 30, 19, 20, 31, 32, 31, 20, 32, 20, 21, 31, 9, 10, 32, 9, 31, 8, 32, 33, 9, 32, 8, 34, 21, 22, 34, 22, 35, 21, 33, 32, 34, 33, 21, 6, 7, 34, 7, 33, 34, 8, 33, 7, 34, 35, 6, 35, 22, 23, 24, 36, 35, 35, 23, 24, 37, 36, 24, 35, 5, 6, 36, 5, 35, 5, 36, 4, 4, 36, 3, 26, 27, 0, 37, 25, 26, 37, 24, 25, 37, 26, 38, 0, 38, 26, 36, 37, 3, 38, 3, 37, 1, 2, 38, 3, 38, 2, 1, 38, 0 ],
				"vertices": [ 2, 19, -1.85, 1.03, 0.99999, 20, -15.53, 1.69, 0, 1, 19, -1.81, 8.14, 1, 1, 19, 2.7, 8.10999, 1, 2, 19, 8.64999, 8.07, 0.86261, 20, -4.73999, 8.31, 0.13738, 2, 19, 15.16, 8.03, 0.32836, 20, 1.75, 8.01, 0.67163, 3, 19, 22.02, 7.99, 0.00865, 20, 8.6, 7.7, 0.84295, 21, -4.89, 7.31, 0.14838, 3, 20, 15.52, 7.38, 0.32182, 21, 2.02, 7.54, 0.67422, 22, -10.7, 8.22, 0.00394, 3, 20, 22.14, 7.08, 5.6E-4, 21, 8.64, 7.75, 0.81103, 22, -4.09, 8.07, 0.1884, 2, 21, 15.28, 7.97, 0.35037, 22, 2.55, 7.92, 0.64962, 3, 21, 23.26, 8.22999, 0.0037, 22, 10.53, 7.74, 0.79665, 23, -4.19999, 7.37, 0.19964, 2, 22, 16.83, 7.6, 0.26334, 23, 2.07, 7.83, 0.73665, 2, 23, 10.31, 8.43, 0.81011, 24, -3.43, 8.51, 0.18988, 3, 22, 30.75, 7.29, 2.0E-5, 23, 15.97, 8.84, 0.42018, 24, 2.21, 8.92, 0.57978, 3, 22, 32.5, 7.25, 2.0E-5, 23, 17.70999, 8.96, 0.37423, 24, 3.96, 9.04, 0.62572, 2, 22, 32.27, -3.14, 7.7E-4, 24, 4.71, -1.32, 0.99922, 2, 23, 19.02, -8.97999, 0.26657, 24, 5.26, -8.89999, 0.73342, 3, 22, 28.77, -10.66, 0.01884, 23, 15.7, -9.22, 0.40974, 24, 1.94, -9.14, 0.57141, 3, 22, 21.14, -10.49, 0.06604, 23, 8.09, -9.77, 0.76844, 24, -5.66, -9.68999, 0.16551, 3, 22, 14.91, -10.35, 0.4062, 23, 1.87, -10.22999, 0.58315, 24, -11.87, -10.14999, 0.01064, 3, 21, 23.6, -9.76, 0.01274, 22, 9.87, -10.24, 0.74609, 23, -3.14, -10.59, 0.24116, 3, 21, 16.67, -9.97999, 0.23773, 22, 2.95, -10.09, 0.74216, 23, -10.06, -11.09, 0.02009, 3, 20, 21.97, -10.92, 0.04718, 21, 9.88, -10.21, 0.64691, 22, -3.83, -9.93, 0.3059, 3, 20, 14.35, -10.57, 0.37696, 21, 2.26, -10.46, 0.59618, 22, -11.46, -9.76, 0.02684, 3, 19, 22.12, -10, 0.04889, 20, 7.99, -10.28, 0.76483, 21, -4.09, -10.66, 0.18627, 3, 19, 15.33, -9.96, 0.34731, 20, 1.2, -9.97, 0.63893, 21, -10.88, -10.89, 0.01374, 2, 19, 8.33, -9.92, 0.83562, 20, -5.78, -9.64999, 0.16437, 2, 19, 2.8, -9.88, 0.9812, 20, -11.3, -9.39999, 0.01878, 1, 19, -1.92, -9.85, 1, 1, 24, 3.13, -1.25, 1, 1, 23, 9.22999, -0.39, 1, 1, 23, 2.54, 0.11, 1, 1, 22, 9.57, 0.58999, 1, 1, 22, 3.31, 0.85, 1, 1, 21, 9.37, 0.72, 1, 1, 21, 2.18, 0.49, 1, 1, 20, 8.62, 0.52, 1, 1, 20, 1.88, 1.01, 1, 1, 19, 9.18, 1.02, 1, 1, 19, 3.48, 1.29999, 1 ],
				"hull": 28,
				"edges": [ 2, 0, 0, 54, 26, 28, 28, 30, 28, 56, 56, 58, 58, 60, 60, 62, 62, 64, 64, 66, 66, 68, 68, 70, 70, 72, 72, 74, 74, 76, 76, 0, 30, 32, 32, 34, 34, 36, 36, 38, 38, 40, 40, 42, 42, 44, 44, 46, 46, 48, 48, 50, 50, 52, 52, 54, 2, 4, 4, 6, 6, 8, 8, 10, 10, 12, 12, 14, 14, 16, 16, 18, 18, 20, 20, 22, 22, 24, 24, 26, 56, 24, 56, 32, 34, 58, 60, 36, 38, 62, 40, 64, 42, 66, 44, 68, 46, 70, 48, 72, 50, 74, 52, 76, 76, 4, 74, 6, 72, 8, 70, 10, 68, 12, 66, 14, 64, 16, 62, 18, 60, 20, 58, 22 ],
				"width": 74,
				"height": 18
			}
		},
		"Light_Body": {
			"Rodney_ship_body_normal_light": { "x": 123.18, "y": -0.63, "rotation": -90, "width": 300, "height": 300 }
		},
		"Rodney_body_normal": {
			"Rodney_body_normal": { "x": 131.84, "y": 10.33, "rotation": -90, "width": 300, "height": 300 }
		},
		"Rodney_fornt_normal": {
			"Rodney_fornt_normal": { "x": -25.13, "y": 30.52, "rotation": 95.84, "width": 300, "height": 300 }
		},
		"Rodney_ship_armor_gun": {
			"Rodney_ship_armor_gun": { "x": -10.29, "y": 39.44, "rotation": 8.5, "width": 300, "height": 300 }
		},
		"Rodney_ship_armor_gun_light": {
			"Rodney_ship_armor_gun_light": { "x": 1.08, "y": 33.56, "rotation": 8.5, "width": 300, "height": 300 }
		},
		"Rodney_ship_armor_normal": {
			"Rodney_ship_armor_normal": { "x": 49.66, "y": 31.83, "width": 300, "height": 300 }
		},
		"Rodney_ship_armor_normal_light": {
			"Rodney_ship_armor_normal_light": { "x": 64.44, "y": 24.01, "width": 300, "height": 300 }
		},
		"Rodney_ship_normal": {
			"Rodney_ship_normal": { "x": -104.21, "y": 21.33, "rotation": 171.03, "width": 300, "height": 300 }
		},
		"Rodney_top_normal": {
			"Rodney_top_normal": { "x": 49.67, "y": 31.84, "width": 300, "height": 300 }
		},
		"Rodney_top_normal_light": {
			"Rodney_top_normal_light": { "x": 63.87, "y": 23.75, "width": 300, "height": 300 }
		}
	}
},
"events": {
	"Antiaircraft": {},
	"attack_point": {},
	"damage_point": {},
	"throw_point": {}
},
"animations": {
	"Antiaircraft": {
		"slots": {
			"Light_Body": {
				"attachment": [
					{ "time": 0, "name": null },
					{ "time": 0.0666, "name": "Rodney_ship_body_normal_light" },
					{ "time": 0.5, "name": null },
					{ "time": 0.6, "name": "Rodney_ship_body_normal_light" },
					{ "time": 1.2666, "name": null },
					{ "time": 1.3666, "name": "Rodney_ship_body_normal_light" },
					{ "time": 2, "name": null }
				],
				"color": [
					{ "time": 0.0666, "color": "ffffffff" },
					{ "time": 0.1666, "color": "ffffff00" },
					{ "time": 0.2, "color": "ffffffff" },
					{ "time": 0.3333, "color": "ffffff00" },
					{ "time": 0.3666, "color": "ffffffff" },
					{ "time": 0.4666, "color": "ffffff00" },
					{ "time": 0.6, "color": "ffffffff" },
					{ "time": 0.7333, "color": "ffffff00" },
					{ "time": 0.8, "color": "ffffffff" },
					{ "time": 0.9, "color": "ffffff00" },
					{ "time": 0.9666, "color": "ffffffff" },
					{ "time": 1.1, "color": "ffffff00" },
					{ "time": 1.1333, "color": "ffffffff" },
					{ "time": 1.2333, "color": "ffffff00" },
					{ "time": 1.3666, "color": "ffffffff" },
					{ "time": 1.4666, "color": "ffffff00" },
					{ "time": 1.5333, "color": "ffffffff" },
					{ "time": 1.6333, "color": "ffffff00" },
					{ "time": 1.7, "color": "ffffffff" },
					{ "time": 1.8333, "color": "ffffff00" },
					{ "time": 1.8666, "color": "ffffffff" },
					{ "time": 1.9666, "color": "ffffff00" }
				]
			},
			"Rodney_ship_armor_gun_light": {
				"attachment": [
					{ "time": 0, "name": null },
					{ "time": 0.0666, "name": "Rodney_ship_armor_gun_light" },
					{ "time": 0.5, "name": null },
					{ "time": 0.6, "name": "Rodney_ship_armor_gun_light" },
					{ "time": 1.2666, "name": null },
					{ "time": 1.3666, "name": "Rodney_ship_armor_gun_light" },
					{ "time": 2, "name": null }
				],
				"color": [
					{ "time": 0.0666, "color": "ffffffff" },
					{ "time": 0.1666, "color": "ffffff00" },
					{ "time": 0.2, "color": "ffffffff" },
					{ "time": 0.3333, "color": "ffffff00" },
					{ "time": 0.3666, "color": "ffffffff" },
					{ "time": 0.4666, "color": "ffffff00" },
					{ "time": 0.6, "color": "ffffffff" },
					{ "time": 0.7333, "color": "ffffff00" },
					{ "time": 0.8, "color": "ffffffff" },
					{ "time": 0.9, "color": "ffffff00" },
					{ "time": 0.9666, "color": "ffffffff" },
					{ "time": 1.1, "color": "ffffff00" },
					{ "time": 1.1333, "color": "ffffffff" },
					{ "time": 1.2333, "color": "ffffff00" },
					{ "time": 1.3666, "color": "ffffffff" },
					{ "time": 1.4666, "color": "ffffff00" },
					{ "time": 1.5333, "color": "ffffffff" },
					{ "time": 1.6333, "color": "ffffff00" },
					{ "time": 1.7, "color": "ffffffff" },
					{ "time": 1.8333, "color": "ffffff00" },
					{ "time": 1.8666, "color": "ffffffff" },
					{ "time": 1.9666, "color": "ffffff00" }
				]
			},
			"Rodney_ship_armor_normal_light": {
				"attachment": [
					{ "time": 0, "name": null },
					{ "time": 0.0666, "name": "Rodney_ship_armor_normal_light" },
					{ "time": 0.5, "name": null },
					{ "time": 0.6, "name": "Rodney_ship_armor_normal_light" },
					{ "time": 1.2666, "name": null },
					{ "time": 1.3666, "name": "Rodney_ship_armor_normal_light" },
					{ "time": 2, "name": null }
				],
				"color": [
					{ "time": 0.0666, "color": "ffffffff" },
					{ "time": 0.1666, "color": "ffffff00" },
					{ "time": 0.2, "color": "ffffffff" },
					{ "time": 0.3333, "color": "ffffff00" },
					{ "time": 0.3666, "color": "ffffffff" },
					{ "time": 0.4666, "color": "ffffff00" },
					{ "time": 0.6, "color": "ffffffff" },
					{ "time": 0.7333, "color": "ffffff00" },
					{ "time": 0.8, "color": "ffffffff" },
					{ "time": 0.9, "color": "ffffff00" },
					{ "time": 0.9666, "color": "ffffffff" },
					{ "time": 1.1, "color": "ffffff00" },
					{ "time": 1.1333, "color": "ffffffff" },
					{ "time": 1.2333, "color": "ffffff00" },
					{ "time": 1.3666, "color": "ffffffff" },
					{ "time": 1.4666, "color": "ffffff00" },
					{ "time": 1.5333, "color": "ffffffff" },
					{ "time": 1.6333, "color": "ffffff00" },
					{ "time": 1.7, "color": "ffffffff" },
					{ "time": 1.8333, "color": "ffffff00" },
					{ "time": 1.8666, "color": "ffffffff" },
					{ "time": 1.9666, "color": "ffffff00" }
				]
			},
			"Rodney_top_normal_light": {
				"attachment": [
					{ "time": 0, "name": null },
					{ "time": 0.0666, "name": "Rodney_top_normal_light" },
					{ "time": 0.5, "name": null },
					{ "time": 0.6, "name": "Rodney_top_normal_light" },
					{ "time": 1.2666, "name": null },
					{ "time": 1.3666, "name": "Rodney_top_normal_light" },
					{ "time": 2, "name": null }
				],
				"color": [
					{ "time": 0.0666, "color": "ffffffff" },
					{ "time": 0.1666, "color": "ffffff00" },
					{ "time": 0.2, "color": "ffffffff" },
					{ "time": 0.3333, "color": "ffffff00" },
					{ "time": 0.3666, "color": "ffffffff" },
					{ "time": 0.4666, "color": "ffffff00" },
					{ "time": 0.6, "color": "ffffffff" },
					{ "time": 0.7333, "color": "ffffff00" },
					{ "time": 0.8, "color": "ffffffff" },
					{ "time": 0.9, "color": "ffffff00" },
					{ "time": 1, "color": "ffffffff" },
					{ "time": 1.1, "color": "ffffff00" },
					{ "time": 1.1333, "color": "ffffffff" },
					{ "time": 1.2333, "color": "ffffff00" },
					{ "time": 1.3666, "color": "ffffffff" },
					{ "time": 1.4666, "color": "ffffff00" },
					{ "time": 1.5333, "color": "ffffffff" },
					{ "time": 1.6333, "color": "ffffff00" },
					{ "time": 1.7, "color": "ffffffff" },
					{ "time": 1.8333, "color": "ffffff00" },
					{ "time": 1.8666, "color": "ffffffff" },
					{ "time": 1.9666, "color": "ffffff00" }
				]
			}
		},
		"bones": {
			"Body": {
				"rotate": [
					{ "time": 0, "angle": 0, "curve": "stepped" },
					{ "time": 2, "angle": 0 }
				],
				"translate": [
					{ "time": 0, "x": 0, "y": 0, "curve": "stepped" },
					{ "time": 2, "x": 0, "y": 0 }
				]
			},
			"Ship": {
				"rotate": [
					{ "time": 0, "angle": 0, "curve": "stepped" },
					{ "time": 2, "angle": 0 }
				],
				"translate": [
					{
						"time": 0,
						"x": 0,
						"y": 0,
						"curve": [ 0.319, 0.33, 0.653, 0.66 ]
					},
					{
						"time": 0.5,
						"x": 1.79,
						"y": 0,
						"curve": [ 0.289, 0.43, 0.622, 0.73 ]
					},
					{
						"time": 1.5,
						"x": -2.75,
						"y": 0,
						"curve": [ 0.487, 0.33, 0.657, 0.5 ]
					},
					{ "time": 2, "x": 0, "y": 0 }
				]
			},
			"Tail_F_3": {
				"rotate": [
					{ "time": 0, "angle": -12.47 },
					{ "time": 0.6666, "angle": -12.97 },
					{ "time": 1.3333, "angle": -20.31 },
					{ "time": 2, "angle": -12.47 }
				],
				"translate": [
					{ "time": 0, "x": 0, "y": 0, "curve": "stepped" },
					{ "time": 2, "x": 0, "y": 0 }
				]
			},
			"Tail_F_6": {
				"rotate": [
					{ "time": 0, "angle": -16.21 },
					{ "time": 0.6666, "angle": 34.32 },
					{ "time": 1.3333, "angle": -20.94 },
					{ "time": 2, "angle": -16.21 }
				],
				"translate": [
					{ "time": 0, "x": 0, "y": 0, "curve": "stepped" },
					{ "time": 2, "x": 0, "y": 0 }
				]
			},
			"Tail_F_5": {
				"rotate": [
					{ "time": 0, "angle": -23.5 },
					{ "time": 0.6666, "angle": 29.35 },
					{ "time": 1.3333, "angle": -32.17 },
					{ "time": 2, "angle": -23.5 }
				],
				"translate": [
					{ "time": 0, "x": 0, "y": 0, "curve": "stepped" },
					{ "time": 2, "x": 0, "y": 0 }
				]
			},
			"Bomb_in": {
				"rotate": [
					{ "time": 0, "angle": 0 },
					{ "time": 0.5, "angle": 3.59 },
					{ "time": 1.5, "angle": -1 },
					{ "time": 2, "angle": 0 }
				],
				"translate": [
					{ "time": 0, "x": 0, "y": 0, "curve": "stepped" },
					{ "time": 2, "x": 0, "y": 0 }
				]
			},
			"Tail_F_2": {
				"rotate": [
					{ "time": 0, "angle": 73.17 },
					{ "time": 0.6666, "angle": 0.09 },
					{ "time": 1.3333, "angle": 33.04 },
					{ "time": 2, "angle": 73.17 }
				],
				"translate": [
					{ "time": 0, "x": 0, "y": 0, "curve": "stepped" },
					{ "time": 2, "x": 0, "y": 0 }
				]
			},
			"Ship_All": {
				"rotate": [
					{ "time": 0, "angle": 0, "curve": "stepped" },
					{ "time": 2, "angle": 0 }
				],
				"translate": [
					{ "time": 0, "x": 0, "y": 0, "curve": "stepped" },
					{ "time": 2, "x": 0, "y": 0 }
				]
			},
			"Tail_F_7": {
				"rotate": [
					{ "time": 0, "angle": -22.36 },
					{ "time": 0.6666, "angle": 40.07 },
					{ "time": 1.3333, "angle": -5.34 },
					{ "time": 2, "angle": -22.36 }
				],
				"translate": [
					{ "time": 0, "x": 0, "y": 0, "curve": "stepped" },
					{ "time": 2, "x": 0, "y": 0 }
				]
			},
			"Ship_down": {
				"rotate": [
					{ "time": 0, "angle": 0 },
					{ "time": 0.5, "angle": 12.32 },
					{ "time": 1.5, "angle": -8.42 },
					{ "time": 2, "angle": 0 }
				],
				"translate": [
					{ "time": 0, "x": 0, "y": 0 },
					{ "time": 0.5, "x": -3.66, "y": 4.88 },
					{ "time": 1.5, "x": 0.13, "y": 1.22 },
					{ "time": 2, "x": 0, "y": 0 }
				]
			},
			"Root_All": {
				"rotate": [
					{ "time": 0, "angle": 0, "curve": "stepped" },
					{ "time": 2, "angle": 0 }
				],
				"translate": [
					{
						"time": 0,
						"x": 0,
						"y": 0,
						"curve": [ 0.255, 0.35, 0.6, 0.7 ]
					},
					{
						"time": 0.5,
						"x": 0,
						"y": -9.82,
						"curve": [ 0.3, 0.39, 0.641, 0.74 ]
					},
					{
						"time": 1,
						"x": 0,
						"y": -15.66,
						"curve": [ 0.322, 0.37, 0.652, 0.7 ]
					},
					{
						"time": 1.5,
						"x": 0,
						"y": -7.79,
						"curve": [ 0.314, 0.36, 0.644, 0.68 ]
					},
					{ "time": 2, "x": 0, "y": 0 }
				]
			},
			"Ship_other": {
				"rotate": [
					{ "time": 0, "angle": 0 },
					{ "time": 0.5, "angle": -2.65 },
					{ "time": 1.5, "angle": 3.4 },
					{ "time": 2, "angle": 0 }
				],
				"translate": [
					{ "time": 0, "x": 0, "y": 0, "curve": "stepped" },
					{ "time": 2, "x": 0, "y": 0 }
				]
			},
			"Tail_F_4": {
				"rotate": [
					{ "time": 0, "angle": -14.94 },
					{ "time": 0.6666, "angle": -13.04 },
					{ "time": 2, "angle": -14.94 }
				],
				"translate": [
					{ "time": 0, "x": 0, "y": 0, "curve": "stepped" },
					{ "time": 2, "x": 0, "y": 0 }
				]
			},
			"Obai_01": {
				"rotate": [
					{ "time": 0, "angle": 0 },
					{ "time": 0.5, "angle": 7.08 },
					{ "time": 1.5, "angle": 6.99 },
					{ "time": 2, "angle": 0 }
				],
				"translate": [
					{ "time": 0, "x": 0, "y": 0 },
					{ "time": 0.5, "x": -1.37, "y": 1.49 },
					{ "time": 1.5, "x": 0.89, "y": -0.65 },
					{ "time": 2, "x": 0, "y": 0 }
				]
			},
			"Obai_02": {
				"rotate": [
					{ "time": 0, "angle": 0 },
					{ "time": 0.5, "angle": 8.5 },
					{ "time": 1.5, "angle": 7.02 },
					{ "time": 2, "angle": 0 }
				],
				"translate": [
					{ "time": 0, "x": 0, "y": 0 },
					{ "time": 0.5, "x": -1.24, "y": 1.29 },
					{ "time": 1.5, "x": 0.11, "y": 0 },
					{ "time": 2, "x": 0, "y": 0 }
				]
			},
			"Obai_all": {
				"rotate": [
					{ "time": 0, "angle": 0 },
					{ "time": 0.5, "angle": 1.32 },
					{ "time": 1.5, "angle": -4.06 },
					{ "time": 2, "angle": 0 }
				],
				"translate": [
					{ "time": 0, "x": 0.27, "y": -0.26 },
					{ "time": 0.5, "x": 1.33, "y": 0.3 },
					{ "time": 1.5, "x": -1.44, "y": -0.94 },
					{ "time": 2, "x": 0, "y": 0 }
				]
			}
		},
		"events": [
			{ "time": 0.0666, "name": "Antiaircraft" }
		]
	},
	"attack": {
		"slots": {
			"Light_Body": {
				"attachment": [
					{ "time": 0, "name": null },
					{ "time": 0.0666, "name": null },
					{ "time": 0.1, "name": "Rodney_ship_body_normal_light" },
					{ "time": 1.6666, "name": null }
				],
				"color": [
					{ "time": 0.1, "color": "ffffffff" },
					{ "time": 0.5333, "color": "fffffffb" },
					{ "time": 0.8333, "color": "ffffff00" }
				]
			},
			"Rodney_ship_armor_gun_light": {
				"attachment": [
					{ "time": 0, "name": null },
					{ "time": 0.1, "name": "Rodney_ship_armor_gun_light" }
				],
				"color": [
					{ "time": 0.1, "color": "ffffffff", "curve": "stepped" },
					{ "time": 0.5333, "color": "ffffffff" },
					{ "time": 0.8333, "color": "ffffff00" }
				]
			},
			"Rodney_ship_armor_normal_light": {
				"attachment": [
					{ "time": 0, "name": null },
					{ "time": 0.1, "name": "Rodney_ship_armor_normal_light" }
				],
				"color": [
					{ "time": 0.1, "color": "ffffffff", "curve": "stepped" },
					{ "time": 0.5333, "color": "ffffffff" },
					{ "time": 0.8333, "color": "ffffff00" }
				]
			},
			"Rodney_top_normal_light": {
				"attachment": [
					{ "time": 0, "name": null },
					{ "time": 0.1, "name": "Rodney_top_normal_light" }
				],
				"color": [
					{ "time": 0.1, "color": "ffffffff", "curve": "stepped" },
					{ "time": 0.5333, "color": "ffffffff" },
					{ "time": 0.8333, "color": "ffffff00" }
				]
			}
		},
		"bones": {
			"Root_All": {
				"rotate": [
					{ "time": 0, "angle": 0, "curve": "stepped" },
					{ "time": 1.6666, "angle": 0 }
				],
				"translate": [
					{
						"time": 0,
						"x": 0,
						"y": 0,
						"curve": [ 0.255, 0.35, 0.6, 0.7 ]
					},
					{ "time": 0.0666, "x": 8.69, "y": 0 },
					{ "time": 0.1666, "x": -87.44, "y": 0 },
					{ "time": 0.3333, "x": -61.04, "y": 0 },
					{ "time": 0.5333, "x": -69.84, "y": 0 },
					{ "time": 1, "x": -85.6, "y": 0 },
					{ "time": 1.4, "x": 15.07, "y": 0 },
					{ "time": 1.6666, "x": 0, "y": 0 }
				]
			},
			"Ship": {
				"rotate": [
					{
						"time": 0,
						"angle": 0,
						"curve": [ 0.219, 0.41, 0.591, 0.77 ]
					},
					{ "time": 0.0666, "angle": -357.51 },
					{ "time": 0.1666, "angle": -363.25 },
					{ "time": 0.3333, "angle": -362.08 },
					{ "time": 1.4, "angle": -358.29 },
					{ "time": 1.6666, "angle": 0 }
				],
				"translate": [
					{
						"time": 0,
						"x": 0,
						"y": 0,
						"curve": [ 0.319, 0.33, 0.653, 0.66 ]
					},
					{ "time": 0.0666, "x": 0.81, "y": 0.6 },
					{ "time": 0.1666, "x": 6.07, "y": -0.21 },
					{ "time": 0.3333, "x": 4.52, "y": -2.2 },
					{ "time": 1, "x": 2.26, "y": -1.7 },
					{ "time": 1.4, "x": -0.3, "y": -1.89 },
					{ "time": 1.6666, "x": 0, "y": 0 }
				]
			},
			"Ship_All": {
				"rotate": [
					{ "time": 0, "angle": 0, "curve": "stepped" },
					{ "time": 1.6666, "angle": 0 }
				],
				"translate": [
					{ "time": 0, "x": 0, "y": 0, "curve": "stepped" },
					{ "time": 1.6666, "x": 0, "y": 0 }
				]
			},
			"Body": {
				"rotate": [
					{ "time": 0, "angle": 0, "curve": "stepped" },
					{ "time": 1.6666, "angle": 0 }
				],
				"translate": [
					{ "time": 0, "x": 0, "y": 0, "curve": "stepped" },
					{ "time": 1.6666, "x": 0, "y": 0 }
				]
			},
			"Attack_Point": {
				"rotate": [
					{ "time": 0.0666, "angle": 0 }
				],
				"translate": [
					{ "time": 0.0666, "x": 0, "y": 0 }
				]
			},
			"Tail_F_3": {
				"rotate": [
					{ "time": 0, "angle": -12.47 },
					{ "time": 0.0666, "angle": -15.59 },
					{ "time": 0.1666, "angle": -9.11 },
					{ "time": 0.5, "angle": -19.54 },
					{ "time": 1, "angle": -8.66 },
					{ "time": 1.3333, "angle": -13.77 },
					{ "time": 1.6666, "angle": -12.47 }
				],
				"translate": [
					{ "time": 0, "x": 0, "y": 0, "curve": "stepped" },
					{ "time": 1.6666, "x": 0, "y": 0 }
				]
			},
			"Tail_F_6": {
				"rotate": [
					{ "time": 0, "angle": -16.21 },
					{ "time": 0.0666, "angle": -19.33 },
					{ "time": 0.1666, "angle": -12.85 },
					{ "time": 0.5, "angle": -23.28 },
					{ "time": 1, "angle": -12.4 },
					{ "time": 1.3333, "angle": -17.51 },
					{ "time": 1.6666, "angle": -16.21 }
				],
				"translate": [
					{ "time": 0, "x": 0, "y": 0, "curve": "stepped" },
					{ "time": 1.6666, "x": 0, "y": 0 }
				]
			},
			"Tail_F_7": {
				"rotate": [
					{ "time": 0, "angle": -22.36 },
					{ "time": 0.0666, "angle": -25.49 },
					{ "time": 0.1666, "angle": -19.01 },
					{ "time": 0.5, "angle": -29.44 },
					{ "time": 1, "angle": -18.55 },
					{ "time": 1.3333, "angle": -23.67 },
					{ "time": 1.6666, "angle": -22.36 }
				],
				"translate": [
					{ "time": 0, "x": 0, "y": 0, "curve": "stepped" },
					{ "time": 1.6666, "x": 0, "y": 0 }
				]
			},
			"Tail_F_4": {
				"rotate": [
					{ "time": 0, "angle": -14.94 },
					{ "time": 0.0666, "angle": -18.06 },
					{ "time": 0.1666, "angle": -11.58 },
					{ "time": 0.5, "angle": -22.01 },
					{ "time": 1, "angle": -11.13 },
					{ "time": 1.3333, "angle": -16.24 },
					{ "time": 1.6666, "angle": -14.94 }
				],
				"translate": [
					{ "time": 0, "x": 0, "y": 0, "curve": "stepped" },
					{ "time": 1.6666, "x": 0, "y": 0 }
				]
			},
			"Tail_F_2": {
				"rotate": [
					{ "time": 0, "angle": 73.17 },
					{ "time": 0.0666, "angle": 70.04 },
					{ "time": 0.1666, "angle": 76.52 },
					{ "time": 0.5, "angle": 66.1 },
					{ "time": 1, "angle": 76.98 },
					{ "time": 1.3333, "angle": 71.87 },
					{ "time": 1.6666, "angle": 73.17 }
				],
				"translate": [
					{ "time": 0, "x": 0, "y": 0, "curve": "stepped" },
					{ "time": 1.6666, "x": 0, "y": 0 }
				]
			},
			"Tail_F_5": {
				"rotate": [
					{ "time": 0, "angle": -23.5 },
					{ "time": 0.0666, "angle": -26.63 },
					{ "time": 0.1666, "angle": -20.14 },
					{ "time": 0.5, "angle": -30.57 },
					{ "time": 1, "angle": -19.69 },
					{ "time": 1.3333, "angle": -24.8 },
					{ "time": 1.6666, "angle": -23.5 }
				],
				"translate": [
					{ "time": 0, "x": 0, "y": 0, "curve": "stepped" },
					{ "time": 1.6666, "x": 0, "y": 0 }
				]
			},
			"Ship_other": {
				"rotate": [
					{ "time": 0, "angle": 0 },
					{ "time": 0.0666, "angle": -11.31 },
					{ "time": 0.1666, "angle": 14.64 },
					{ "time": 0.4333, "angle": 3.18 },
					{ "time": 0.8, "angle": 9.7 },
					{ "time": 1.1666, "angle": 2.51 },
					{ "time": 1.6666, "angle": 0 }
				],
				"translate": [
					{ "time": 0, "x": 0, "y": 0 },
					{ "time": 0.0666, "x": -2.62, "y": 0 },
					{ "time": 0.1666, "x": 3.27, "y": 0 },
					{ "time": 0.4333, "x": 1.64, "y": 0 },
					{ "time": 0.8, "x": 2.72, "y": 0 },
					{ "time": 1.1666, "x": 0.53, "y": 0 },
					{ "time": 1.6666, "x": 0, "y": 0 }
				]
			},
			"Ship_down": {
				"rotate": [
					{ "time": 0, "angle": 0 },
					{ "time": 0.0666, "angle": 25.68 },
					{ "time": 0.1666, "angle": -5.35 },
					{ "time": 0.4333, "angle": 12.02 },
					{ "time": 0.8333, "angle": -0.13 },
					{ "time": 1.2666, "angle": 17.29 },
					{ "time": 1.6666, "angle": 0 }
				],
				"translate": [
					{ "time": 0, "x": 0, "y": 0 },
					{ "time": 0.0666, "x": -7.86, "y": 7.5 },
					{ "time": 0.1666, "x": -0.08, "y": -4.57 },
					{ "time": 0.4333, "x": -4.12, "y": 4.07 },
					{ "time": 0.8333, "x": -2.57, "y": -3.51 },
					{ "time": 1.2666, "x": -6.17, "y": 5.52 },
					{ "time": 1.6666, "x": 0, "y": 0 }
				]
			},
			"Bomb_in": {
				"rotate": [
					{ "time": 0, "angle": 0 },
					{ "time": 0.0666, "angle": 2.45 },
					{ "time": 0.1333, "angle": -0.63 },
					{ "time": 0.5333, "angle": 1.24 },
					{ "time": 1, "angle": -0.59 },
					{ "time": 1.3333, "angle": 2.19 },
					{ "time": 1.6666, "angle": 0 }
				],
				"translate": [
					{ "time": 0, "x": 0, "y": 0 },
					{ "time": 0.0666, "x": 0, "y": -0.94 },
					{ "time": 0.1333, "x": 0.97, "y": -5.73 },
					{ "time": 0.5333, "x": -0.72, "y": -3.75 },
					{ "time": 1, "x": -1.87, "y": -3.65 },
					{ "time": 1.3333, "x": -1.92, "y": 0.09 },
					{ "time": 1.6666, "x": 0, "y": 0 }
				]
			},
			"Obai_02": {
				"rotate": [
					{ "time": 0, "angle": 0 },
					{ "time": 0.0666, "angle": -4.36 },
					{ "time": 0.1666, "angle": -5.15 },
					{ "time": 0.3666, "angle": -4.36 },
					{ "time": 0.6, "angle": 6.03 },
					{ "time": 0.8666, "angle": -11.03 },
					{ "time": 1.1, "angle": 7.13 },
					{ "time": 1.4, "angle": -11.03 },
					{ "time": 1.6666, "angle": 0 }
				],
				"translate": [
					{ "time": 0, "x": 0, "y": 0 },
					{ "time": 0.0666, "x": -0.6, "y": -0.85 },
					{ "time": 0.1666, "x": -0.06, "y": 2.39 },
					{ "time": 0.3666, "x": -0.6, "y": -0.85 },
					{ "time": 0.6, "x": -2.65, "y": -0.02 },
					{ "time": 0.8666, "x": -0.6, "y": -0.85 },
					{ "time": 1.1, "x": -2.41, "y": 2.83 },
					{ "time": 1.4, "x": -0.6, "y": -0.85 },
					{ "time": 1.6666, "x": 0, "y": 0 }
				]
			},
			"Obai_01": {
				"rotate": [
					{ "time": 0, "angle": 0 },
					{ "time": 0.0666, "angle": 2.53 },
					{ "time": 0.1666, "angle": -3.17 },
					{ "time": 0.3666, "angle": 2.53 },
					{ "time": 0.6, "angle": 9.3 },
					{ "time": 0.8666, "angle": -4.13 },
					{ "time": 1.1333, "angle": 6.4 },
					{ "time": 1.4333, "angle": -4.13 },
					{ "time": 1.6666, "angle": 0 }
				],
				"translate": [
					{ "time": 0, "x": 0, "y": 0 },
					{ "time": 0.0666, "x": -2.4, "y": 0.21 },
					{ "time": 0.1666, "x": 5.76, "y": -3.31 },
					{ "time": 0.3666, "x": -2.4, "y": 0.21 },
					{ "time": 0.6, "x": 3.1, "y": -2.54 },
					{ "time": 0.8666, "x": -2.4, "y": 0.21 },
					{ "time": 1.1333, "x": 4.39, "y": -1.36 },
					{ "time": 1.4333, "x": -2.4, "y": 0.21 },
					{ "time": 1.6666, "x": 0, "y": 0 }
				]
			},
			"Obai_all": {
				"rotate": [
					{ "time": 0, "angle": 0 },
					{ "time": 0.0666, "angle": 15.07 },
					{ "time": 0.1666, "angle": -19.14 },
					{ "time": 0.3666, "angle": 15.07 },
					{ "time": 0.6333, "angle": -11.18 },
					{ "time": 0.9, "angle": 8.4 },
					{ "time": 1.1333, "angle": -16.53 },
					{ "time": 1.4333, "angle": 8.4 },
					{ "time": 1.6666, "angle": 0 }
				],
				"translate": [
					{ "time": 0, "x": 0, "y": 0 },
					{ "time": 0.0666, "x": -0.67, "y": -0.46 },
					{ "time": 0.1666, "x": 1.69, "y": 0.05 },
					{ "time": 0.3666, "x": -1.54, "y": -0.25 },
					{ "time": 0.6333, "x": -0.61, "y": -1.72 },
					{ "time": 0.9, "x": -1.85, "y": 0.52 },
					{ "time": 1.1333, "x": -0.06, "y": -2.49 },
					{ "time": 1.4333, "x": -0.96, "y": 1.54 },
					{ "time": 1.6666, "x": 0, "y": 0 }
				]
			}
		},
		"events": [
			{ "time": 0.0666, "name": "attack_point" }
		]
	},
	"damage": {
		"slots": {
			"Body": {
				"color": [
					{ "time": 0.0666, "color": "8c4c51ff", "curve": "stepped" },
					{ "time": 0.7666, "color": "8c4c51ff" },
					{ "time": 1.1333, "color": "ffffffff" }
				]
			},
			"Body_tail_path_1": {
				"color": [
					{ "time": 0.0666, "color": "8c4c51ff", "curve": "stepped" },
					{ "time": 0.7666, "color": "8c4c51ff" },
					{ "time": 1.1333, "color": "ffffffff" }
				]
			},
			"Light_Body": {
				"attachment": [
					{ "time": 0, "name": null },
					{ "time": 0.0666, "name": "Rodney_ship_body_normal_light" },
					{ "time": 0.7666, "name": null },
					{ "time": 1.1666, "name": null }
				],
				"color": [
					{ "time": 0.5333, "color": "fffffffc" },
					{ "time": 0.7666, "color": "ffffff00" }
				]
			},
			"Rodney_body_normal": {
				"color": [
					{ "time": 0.0666, "color": "8c4c51ff", "curve": "stepped" },
					{ "time": 0.7666, "color": "8c4c51ff" },
					{ "time": 1.1333, "color": "ffffffff" }
				]
			},
			"Rodney_fornt_normal": {
				"color": [
					{ "time": 0.0666, "color": "8c4c51ff", "curve": "stepped" },
					{ "time": 0.7666, "color": "8c4c51ff" },
					{ "time": 1.1333, "color": "ffffffff" }
				]
			},
			"Rodney_ship_armor_gun": {
				"color": [
					{ "time": 0.0666, "color": "8c4c51ff", "curve": "stepped" },
					{ "time": 0.7666, "color": "8c4c51ff" },
					{ "time": 1.1333, "color": "ffffffff" }
				]
			},
			"Rodney_ship_armor_gun_light": {
				"attachment": [
					{ "time": 0, "name": null },
					{ "time": 0.0666, "name": "Rodney_ship_armor_gun_light" }
				],
				"color": [
					{ "time": 0.0666, "color": "ffffffff", "curve": "stepped" },
					{ "time": 0.5333, "color": "ffffffff" },
					{ "time": 0.7666, "color": "ffffff00" }
				]
			},
			"Rodney_ship_armor_normal": {
				"color": [
					{ "time": 0.0666, "color": "8c4c51ff", "curve": "stepped" },
					{ "time": 0.7666, "color": "8c4c51ff" },
					{ "time": 1.1333, "color": "ffffffff" }
				]
			},
			"Rodney_ship_armor_normal_light": {
				"attachment": [
					{ "time": 0, "name": null },
					{ "time": 0.0666, "name": "Rodney_ship_armor_normal_light" }
				],
				"color": [
					{ "time": 0.0666, "color": "ffffffff", "curve": "stepped" },
					{ "time": 0.5333, "color": "ffffffff" },
					{ "time": 0.7666, "color": "ffffff00" }
				]
			},
			"Rodney_ship_normal": {
				"color": [
					{ "time": 0.0666, "color": "8c4c51ff", "curve": "stepped" },
					{ "time": 0.7666, "color": "8c4c51ff" },
					{ "time": 1.1333, "color": "ffffffff" }
				]
			},
			"Rodney_top_normal": {
				"color": [
					{ "time": 0.0666, "color": "8c4c51ff", "curve": "stepped" },
					{ "time": 0.7666, "color": "8c4c51ff" },
					{ "time": 1.1333, "color": "ffffffff" }
				]
			},
			"Rodney_top_normal_light": {
				"attachment": [
					{ "time": 0, "name": null },
					{ "time": 0.0666, "name": "Rodney_top_normal_light" }
				],
				"color": [
					{ "time": 0.0666, "color": "ffffffff", "curve": "stepped" },
					{ "time": 0.5333, "color": "ffffffff" },
					{ "time": 0.7666, "color": "ffffff00" }
				]
			}
		},
		"bones": {
			"Root_All": {
				"rotate": [
					{ "time": 0, "angle": 0, "curve": "stepped" },
					{ "time": 1.1666, "angle": 0 }
				],
				"translate": [
					{
						"time": 0,
						"x": 0,
						"y": 0,
						"curve": [ 0.255, 0.35, 0.6, 0.7 ]
					},
					{ "time": 0.0666, "x": -27.67, "y": -23.16 },
					{ "time": 0.1333, "x": 20.98, "y": 15.35 },
					{ "time": 0.2333, "x": -19.78, "y": -15.62 },
					{ "time": 0.3666, "x": 14.36, "y": 8.59 },
					{ "time": 0.5666, "x": -3.37, "y": -4.5 },
					{ "time": 0.8666, "x": 5.63, "y": 2.25 },
					{ "time": 1.1666, "x": 0, "y": 0 }
				]
			},
			"Ship": {
				"rotate": [
					{
						"time": 0,
						"angle": 0,
						"curve": [ 0.219, 0.41, 0.591, 0.77 ]
					},
					{ "time": 0.0666, "angle": -354.41 },
					{ "time": 0.1333, "angle": -364.42 },
					{ "time": 0.2333, "angle": -358.04 },
					{ "time": 0.3666, "angle": -361.36 },
					{ "time": 1.1666, "angle": 0 }
				],
				"translate": [
					{
						"time": 0,
						"x": 0,
						"y": 0,
						"curve": [ 0.319, 0.33, 0.653, 0.66 ]
					},
					{ "time": 0.0666, "x": -3.15, "y": -2.52 },
					{ "time": 0.1333, "x": 5.59, "y": 0.55 },
					{ "time": 0.2333, "x": -3.77, "y": -1.39 },
					{ "time": 0.3666, "x": 1.18, "y": 0.69 },
					{ "time": 1.1666, "x": 0, "y": 0 }
				]
			},
			"Ship_All": {
				"rotate": [
					{ "time": 0, "angle": 0, "curve": "stepped" },
					{ "time": 1.1666, "angle": 0 }
				],
				"translate": [
					{ "time": 0, "x": 0, "y": 0, "curve": "stepped" },
					{ "time": 1.1666, "x": 0, "y": 0 }
				]
			},
			"Body": {
				"rotate": [
					{ "time": 0, "angle": 0, "curve": "stepped" },
					{ "time": 1.1666, "angle": 0 }
				],
				"translate": [
					{ "time": 0, "x": 0, "y": 0, "curve": "stepped" },
					{ "time": 1.1666, "x": 0, "y": 0 }
				]
			},
			"Damage_Point": {
				"rotate": [
					{ "time": 0.0666, "angle": 0 }
				],
				"translate": [
					{ "time": 0.0666, "x": 0, "y": 0 }
				]
			},
			"Tail_F_7": {
				"rotate": [
					{ "time": 0, "angle": -22.36 },
					{ "time": 0.0666, "angle": -44.39 },
					{ "time": 0.3333, "angle": -37.29 },
					{ "time": 1.1666, "angle": -22.36 }
				],
				"translate": [
					{ "time": 0, "x": 0, "y": 0, "curve": "stepped" },
					{ "time": 1.1666, "x": 0, "y": 0 }
				]
			},
			"Tail_F_3": {
				"rotate": [
					{ "time": 0, "angle": -12.47 },
					{ "time": 0.0666, "angle": -11.88 },
					{ "time": 0.6666, "angle": -13.17 },
					{ "time": 1.1666, "angle": -12.47 }
				],
				"translate": [
					{ "time": 0, "x": 0, "y": 0, "curve": "stepped" },
					{ "time": 1.1666, "x": 0, "y": 0 }
				]
			},
			"Tail_F_2": {
				"rotate": [
					{ "time": 0, "angle": 73.17 },
					{ "time": 0.0666, "angle": 48.15 },
					{ "time": 0.3333, "angle": 81.14 },
					{ "time": 0.6666, "angle": 56.09 },
					{ "time": 1.1666, "angle": 73.17 }
				],
				"translate": [
					{ "time": 0, "x": 0, "y": 0, "curve": "stepped" },
					{ "time": 1.1666, "x": 0, "y": 0 }
				]
			},
			"Tail_F_5": {
				"rotate": [
					{ "time": 0, "angle": -23.5 },
					{ "time": 0.0666, "angle": -44.47 },
					{ "time": 0.3333, "angle": -32.53 },
					{ "time": 0.6666, "angle": -20.75 },
					{ "time": 1.1666, "angle": -23.5 }
				],
				"translate": [
					{ "time": 0, "x": 0, "y": 0, "curve": "stepped" },
					{ "time": 1.1666, "x": 0, "y": 0 }
				]
			},
			"Tail_F_4": {
				"rotate": [
					{ "time": 0, "angle": -14.94 },
					{ "time": 0.0666, "angle": -20.06 },
					{ "time": 0.6666, "angle": -15.08 },
					{ "time": 1.1666, "angle": -14.94 }
				],
				"translate": [
					{ "time": 0, "x": 0, "y": 0, "curve": "stepped" },
					{ "time": 1.1666, "x": 0, "y": 0 }
				]
			},
			"Tail_F_6": {
				"rotate": [
					{ "time": 0, "angle": -16.21 },
					{ "time": 0.0666, "angle": -37.17 },
					{ "time": 0.3333, "angle": -17.55 },
					{ "time": 0.6666, "angle": -3.59 },
					{ "time": 1.1666, "angle": -16.21 }
				],
				"translate": [
					{ "time": 0, "x": 0, "y": 0, "curve": "stepped" },
					{ "time": 1.1666, "x": 0, "y": 0 }
				]
			},
			"Bomb_in": {
				"rotate": [
					{ "time": 0, "angle": 0 },
					{ "time": 0.0666, "angle": 3.55 },
					{ "time": 0.1666, "angle": -0.28 },
					{ "time": 0.3, "angle": 3.84 },
					{ "time": 0.5, "angle": -0.21 },
					{ "time": 0.7666, "angle": 0.77 },
					{ "time": 1.1666, "angle": 0 }
				],
				"translate": [
					{ "time": 0, "x": 0, "y": 0 },
					{ "time": 0.0666, "x": -4.27, "y": 2.39 },
					{ "time": 0.1666, "x": 0.45, "y": -2.65 },
					{ "time": 0.3, "x": -1.53, "y": 2.99 },
					{ "time": 0.5, "x": 1.71, "y": -1.04 },
					{ "time": 0.7666, "x": 0.53, "y": -0.62 },
					{ "time": 1.1666, "x": 0, "y": 0 }
				]
			},
			"Ship_down": {
				"rotate": [
					{ "time": 0, "angle": 0 },
					{ "time": 0.0666, "angle": 18.29 },
					{ "time": 0.1666, "angle": -0.06 },
					{ "time": 0.3, "angle": 17.35 },
					{ "time": 0.5, "angle": 0.88 },
					{ "time": 0.7666, "angle": 7.45 },
					{ "time": 1.1666, "angle": 0 }
				],
				"translate": [
					{ "time": 0, "x": 0, "y": 0 },
					{ "time": 0.0666, "x": -10.54, "y": 11.85 },
					{ "time": 0.1666, "x": -0.52, "y": 0.96 },
					{ "time": 0.3, "x": -6.21, "y": 11.55 },
					{ "time": 0.5, "x": -0.52, "y": 3.5 },
					{ "time": 0.7666, "x": -1.8, "y": 3.01 },
					{ "time": 1.1666, "x": 0, "y": 0 }
				]
			},
			"Ship_other": {
				"rotate": [
					{ "time": 0, "angle": 0 },
					{ "time": 0.0666, "angle": 3.24 },
					{ "time": 0.1333, "angle": -2.53 },
					{ "time": 0.2333, "angle": 12.79 },
					{ "time": 0.4, "angle": -2.09 },
					{ "time": 0.6666, "angle": 10.11 },
					{ "time": 1, "angle": -3.24 },
					{ "time": 1.1666, "angle": 0 }
				],
				"translate": [
					{ "time": 0, "x": 0, "y": 0 },
					{ "time": 0.0666, "x": 1.64, "y": 1.68 },
					{ "time": 0.1333, "x": 0.3, "y": 1.58 },
					{ "time": 0.2333, "x": -0.9, "y": 1.42 },
					{ "time": 0.4, "x": -2.32, "y": 1.17 },
					{ "time": 0.6666, "x": -0.42, "y": 0.61 },
					{ "time": 1, "x": -0.98, "y": 0.2 },
					{ "time": 1.1666, "x": 0, "y": 0 }
				]
			},
			"Obai_02": {
				"rotate": [
					{ "time": 0, "angle": 0 },
					{ "time": 0.2, "angle": -5.15 },
					{ "time": 0.3666, "angle": -4.36 },
					{ "time": 0.5333, "angle": 6.03 },
					{ "time": 0.7333, "angle": -11.03 },
					{ "time": 0.9666, "angle": 7.13 },
					{ "time": 1.1666, "angle": 0 }
				],
				"translate": [
					{ "time": 0, "x": 0, "y": 0 },
					{ "time": 0.2, "x": 0.42, "y": 1.79 },
					{ "time": 0.3666, "x": -0.6, "y": -0.85 },
					{ "time": 0.5333, "x": -2.65, "y": -0.02 },
					{ "time": 0.7333, "x": -0.6, "y": -0.85 },
					{ "time": 0.9666, "x": -2.41, "y": 2.83 },
					{ "time": 1.1666, "x": 0, "y": 0 }
				]
			},
			"Obai_01": {
				"rotate": [
					{ "time": 0, "angle": 0 },
					{ "time": 0.1666, "angle": -3.17 },
					{ "time": 0.3333, "angle": 2.53 },
					{ "time": 0.5333, "angle": 9.3 },
					{ "time": 0.7333, "angle": -4.13 },
					{ "time": 0.9666, "angle": 6.4 },
					{ "time": 1.1666, "angle": 0 }
				],
				"translate": [
					{ "time": 0, "x": 0, "y": 0 },
					{ "time": 0.1666, "x": 4.96, "y": -3.43 },
					{ "time": 0.3333, "x": -2.4, "y": 0.21 },
					{ "time": 0.5333, "x": 3.1, "y": -2.54 },
					{ "time": 0.7333, "x": -2.4, "y": 0.21 },
					{ "time": 0.9666, "x": 4.39, "y": -1.36 },
					{ "time": 1.1666, "x": 0, "y": 0 }
				]
			},
			"Obai_all": {
				"rotate": [
					{ "time": 0, "angle": 0 },
					{ "time": 0.2, "angle": -10.14 },
					{ "time": 0.3666, "angle": 15.07 },
					{ "time": 0.5333, "angle": -9.89 },
					{ "time": 0.7333, "angle": 8.4 },
					{ "time": 0.9666, "angle": -16.53 },
					{ "time": 1.1666, "angle": 0 }
				],
				"translate": [
					{ "time": 0, "x": 0, "y": 0 },
					{ "time": 0.2, "x": 0.48, "y": 0.86 },
					{ "time": 0.3666, "x": 1.69, "y": 0.9 },
					{ "time": 0.5333, "x": -0.61, "y": -1.72 },
					{ "time": 0.7333, "x": 1.69, "y": 0.9 },
					{ "time": 0.9666, "x": 0.24, "y": -0.73 },
					{ "time": 1.1666, "x": 0, "y": 0 }
				]
			}
		},
		"events": [
			{ "time": 0.0666, "name": "damage_point" }
		]
	},
	"normal": {
		"slots": {
			"Light_Body": {
				"attachment": [
					{ "time": 0, "name": null },
					{ "time": 2, "name": null }
				]
			},
			"Rodney_ship_armor_gun_light": {
				"attachment": [
					{ "time": 0, "name": null },
					{ "time": 2, "name": null }
				]
			},
			"Rodney_ship_armor_normal_light": {
				"attachment": [
					{ "time": 0, "name": null },
					{ "time": 2, "name": null }
				]
			},
			"Rodney_top_normal_light": {
				"attachment": [
					{ "time": 0, "name": null }
				]
			}
		},
		"bones": {
			"Bomb_in": {
				"rotate": [
					{ "time": 0, "angle": 0 },
					{ "time": 0.5, "angle": 3.59 },
					{ "time": 1.5, "angle": -1 },
					{ "time": 2, "angle": 0 }
				],
				"translate": [
					{ "time": 0, "x": 0, "y": 0, "curve": "stepped" },
					{ "time": 2, "x": 0, "y": 0 }
				]
			},
			"Body": {
				"rotate": [
					{ "time": 0, "angle": 0, "curve": "stepped" },
					{ "time": 2, "angle": 0 }
				],
				"translate": [
					{ "time": 0, "x": 0, "y": 0, "curve": "stepped" },
					{ "time": 2, "x": 0, "y": 0 }
				]
			},
			"Tail_F_5": {
				"rotate": [
					{ "time": 0, "angle": -23.5 },
					{ "time": 0.6666, "angle": 29.35 },
					{ "time": 1.3333, "angle": -32.17 },
					{ "time": 2, "angle": -23.5 }
				],
				"translate": [
					{ "time": 0, "x": 0, "y": 0, "curve": "stepped" },
					{ "time": 2, "x": 0, "y": 0 }
				]
			},
			"Ship": {
				"rotate": [
					{ "time": 0, "angle": 0, "curve": "stepped" },
					{ "time": 2, "angle": 0 }
				],
				"translate": [
					{
						"time": 0,
						"x": 0,
						"y": 0,
						"curve": [ 0.319, 0.33, 0.653, 0.66 ]
					},
					{
						"time": 0.5,
						"x": 1.79,
						"y": 0,
						"curve": [ 0.289, 0.43, 0.622, 0.73 ]
					},
					{
						"time": 1.5,
						"x": -2.75,
						"y": 0,
						"curve": [ 0.487, 0.33, 0.657, 0.5 ]
					},
					{ "time": 2, "x": 0, "y": 0 }
				]
			},
			"Tail_F_2": {
				"rotate": [
					{ "time": 0, "angle": 73.17 },
					{ "time": 0.6666, "angle": 0.09 },
					{ "time": 1.3333, "angle": 33.04 },
					{ "time": 2, "angle": 73.17 }
				],
				"translate": [
					{ "time": 0, "x": 0, "y": 0, "curve": "stepped" },
					{ "time": 2, "x": 0, "y": 0 }
				]
			},
			"Root_All": {
				"rotate": [
					{ "time": 0, "angle": 0, "curve": "stepped" },
					{ "time": 2, "angle": 0 }
				],
				"translate": [
					{
						"time": 0,
						"x": 0,
						"y": 0,
						"curve": [ 0.255, 0.35, 0.6, 0.7 ]
					},
					{
						"time": 0.5,
						"x": 0,
						"y": -9.82,
						"curve": [ 0.3, 0.39, 0.641, 0.74 ]
					},
					{
						"time": 1,
						"x": 0,
						"y": -15.66,
						"curve": [ 0.322, 0.37, 0.652, 0.7 ]
					},
					{
						"time": 1.5,
						"x": 0,
						"y": -7.79,
						"curve": [ 0.314, 0.36, 0.644, 0.68 ]
					},
					{ "time": 2, "x": 0, "y": 0 }
				]
			},
			"Ship_down": {
				"rotate": [
					{ "time": 0, "angle": 0 },
					{ "time": 0.5, "angle": 12.32 },
					{ "time": 1.5, "angle": -8.42 },
					{ "time": 2, "angle": 0 }
				],
				"translate": [
					{ "time": 0, "x": 0, "y": 0 },
					{ "time": 0.5, "x": -3.66, "y": 4.88 },
					{ "time": 1.5, "x": 0.13, "y": 1.22 },
					{ "time": 2, "x": 0, "y": 0 }
				]
			},
			"Tail_F_6": {
				"rotate": [
					{ "time": 0, "angle": -16.21 },
					{ "time": 0.6666, "angle": 34.32 },
					{ "time": 1.3333, "angle": -20.94 },
					{ "time": 2, "angle": -16.21 }
				],
				"translate": [
					{ "time": 0, "x": 0, "y": 0, "curve": "stepped" },
					{ "time": 2, "x": 0, "y": 0 }
				]
			},
			"Tail_F_3": {
				"rotate": [
					{ "time": 0, "angle": -12.47 },
					{ "time": 0.6666, "angle": -12.97 },
					{ "time": 1.3333, "angle": -20.31 },
					{ "time": 2, "angle": -12.47 }
				],
				"translate": [
					{ "time": 0, "x": 0, "y": 0, "curve": "stepped" },
					{ "time": 2, "x": 0, "y": 0 }
				]
			},
			"Tail_F_4": {
				"rotate": [
					{ "time": 0, "angle": -14.94 },
					{ "time": 0.6666, "angle": -13.04 },
					{ "time": 2, "angle": -14.94 }
				],
				"translate": [
					{ "time": 0, "x": 0, "y": 0, "curve": "stepped" },
					{ "time": 2, "x": 0, "y": 0 }
				]
			},
			"Ship_other": {
				"rotate": [
					{ "time": 0, "angle": 0 },
					{ "time": 0.5, "angle": -2.65 },
					{ "time": 1.5, "angle": 3.4 },
					{ "time": 2, "angle": 0 }
				],
				"translate": [
					{ "time": 0, "x": 0, "y": 0, "curve": "stepped" },
					{ "time": 2, "x": 0, "y": 0 }
				]
			},
			"Tail_F_7": {
				"rotate": [
					{ "time": 0, "angle": -22.36 },
					{ "time": 0.6666, "angle": 40.07 },
					{ "time": 1.3333, "angle": -5.34 },
					{ "time": 2, "angle": -22.36 }
				],
				"translate": [
					{ "time": 0, "x": 0, "y": 0, "curve": "stepped" },
					{ "time": 2, "x": 0, "y": 0 }
				]
			},
			"Ship_All": {
				"rotate": [
					{ "time": 0, "angle": 0, "curve": "stepped" },
					{ "time": 2, "angle": 0 }
				],
				"translate": [
					{ "time": 0, "x": 0, "y": 0, "curve": "stepped" },
					{ "time": 2, "x": 0, "y": 0 }
				]
			},
			"Obai_all": {
				"rotate": [
					{ "time": 0, "angle": 0 },
					{ "time": 0.5, "angle": 1.32 },
					{ "time": 1.5, "angle": -4.06 },
					{ "time": 2, "angle": 0 }
				],
				"translate": [
					{ "time": 0, "x": 0.27, "y": -0.26 },
					{ "time": 0.5, "x": 1.33, "y": 0.3 },
					{ "time": 1.5, "x": -1.44, "y": -0.94 },
					{ "time": 2, "x": 0, "y": 0 }
				]
			},
			"Obai_02": {
				"rotate": [
					{ "time": 0, "angle": 0 },
					{ "time": 0.5, "angle": 8.5 },
					{ "time": 1.5, "angle": 7.02 },
					{ "time": 2, "angle": 0 }
				],
				"translate": [
					{ "time": 0, "x": 0, "y": 0 },
					{ "time": 0.5, "x": -1.24, "y": 1.29 },
					{ "time": 1.5, "x": 0.11, "y": 0 },
					{ "time": 2, "x": 0, "y": 0 }
				]
			},
			"Obai_01": {
				"rotate": [
					{ "time": 0, "angle": 0 },
					{ "time": 0.5, "angle": 7.08 },
					{ "time": 1.5, "angle": 6.99 },
					{ "time": 2, "angle": 0 }
				],
				"translate": [
					{ "time": 0, "x": 0, "y": 0 },
					{ "time": 0.5, "x": -1.37, "y": 1.49 },
					{ "time": 1.5, "x": 0.89, "y": -0.65 },
					{ "time": 2, "x": 0, "y": 0 }
				]
			}
		}
	},
	"throw": {
		"slots": {
			"Light_Body": {
				"attachment": [
					{ "time": 0, "name": null },
					{ "time": 1.3333, "name": null }
				]
			},
			"Rodney_ship_armor_gun_light": {
				"attachment": [
					{ "time": 0, "name": null }
				]
			},
			"Rodney_ship_armor_normal_light": {
				"attachment": [
					{ "time": 0, "name": null }
				]
			},
			"Rodney_top_normal_light": {
				"attachment": [
					{ "time": 0, "name": null }
				]
			}
		},
		"bones": {
			"Root_All": {
				"rotate": [
					{ "time": 0, "angle": 0, "curve": "stepped" },
					{ "time": 1.3333, "angle": 0 }
				],
				"translate": [
					{
						"time": 0,
						"x": 0,
						"y": 0,
						"curve": [ 0.255, 0.35, 0.6, 0.7 ]
					},
					{ "time": 0.6333, "x": -66.66, "y": 0 },
					{ "time": 0.9666, "x": -10.42, "y": -12.42 },
					{ "time": 1.3333, "x": 0, "y": 0 }
				]
			},
			"Ship": {
				"rotate": [
					{
						"time": 0,
						"angle": 0,
						"curve": [ 0.219, 0.41, 0.591, 0.77 ]
					},
					{ "time": 0.3333, "angle": -358.17 },
					{ "time": 0.5666, "angle": -359.21 },
					{ "time": 0.6333, "angle": -363.41 },
					{ "time": 0.7333, "angle": -366.44 },
					{ "time": 0.9666, "angle": -356.42 },
					{ "time": 1.1666, "angle": -361.45 },
					{ "time": 1.3333, "angle": 0 }
				],
				"translate": [
					{
						"time": 0,
						"x": 0,
						"y": 0,
						"curve": [ 0.319, 0.33, 0.653, 0.66 ]
					},
					{ "time": 0.3333, "x": -0.7, "y": -1.37 },
					{ "time": 0.5666, "x": 0, "y": 0.77 },
					{ "time": 0.6333, "x": 1.43, "y": 1.35 },
					{ "time": 0.7333, "x": -0.38, "y": 0.95 },
					{ "time": 0.9666, "x": -0.19, "y": -2.63 },
					{ "time": 1.3333, "x": 0, "y": 0 }
				]
			},
			"Body": {
				"rotate": [
					{
						"time": 0,
						"angle": 0,
						"curve": [ 0.219, 0.41, 0.591, 0.77 ]
					},
					{
						"time": 0.6333,
						"angle": -3.17,
						"curve": [ 0.32, 0.36, 0.653, 0.69 ]
					},
					{
						"time": 0.7333,
						"angle": 0.61,
						"curve": [ 0.319, 0.37, 0.652, 0.7 ]
					},
					{
						"time": 0.9666,
						"angle": -1.72,
						"curve": [ 0.32, 0.38, 0.654, 0.71 ]
					},
					{ "time": 1.3333, "angle": 0 }
				],
				"translate": [
					{
						"time": 0,
						"x": 0,
						"y": 0,
						"curve": [ 0.219, 0.41, 0.591, 0.77 ]
					},
					{
						"time": 0.3333,
						"x": -15.86,
						"y": 0,
						"curve": [ 0.193, 0.39, 0.58, 0.9 ]
					},
					{
						"time": 0.5666,
						"x": -19.36,
						"y": 0,
						"curve": [ 0.142, 0.42, 0.647, 0.94 ]
					},
					{ "time": 0.6333, "x": 92.18, "y": -6.3 },
					{ "time": 0.7333, "x": 111.33, "y": 0 },
					{ "time": 1.3333, "x": 0, "y": 0 }
				]
			},
			"Ship_All": {
				"rotate": [
					{ "time": 0, "angle": 0, "curve": "stepped" },
					{ "time": 1.3333, "angle": 0 }
				],
				"translate": [
					{ "time": 0, "x": 0, "y": 0, "curve": "stepped" },
					{ "time": 1.3333, "x": 0, "y": 0 }
				]
			},
			"Throw_Point": {
				"rotate": [
					{ "time": 0.6333, "angle": 0 }
				],
				"translate": [
					{ "time": 0.6333, "x": 0, "y": 0 }
				]
			},
			"Tail_F_3": {
				"rotate": [
					{ "time": 0, "angle": -12.47 },
					{ "time": 0.3333, "angle": -27.51 },
					{ "time": 0.6333, "angle": -23.65 },
					{ "time": 1, "angle": -11.09 },
					{ "time": 1.3333, "angle": -12.47 }
				],
				"translate": [
					{ "time": 0, "x": 0, "y": 0, "curve": "stepped" },
					{ "time": 1.3333, "x": 0, "y": 0 }
				]
			},
			"Tail_F_6": {
				"rotate": [
					{ "time": 0, "angle": -16.21 },
					{ "time": 0.3333, "angle": 44.72 },
					{ "time": 0.6333, "angle": 8.97 },
					{ "time": 1, "angle": -34.71 },
					{ "time": 1.3333, "angle": -16.21 }
				],
				"translate": [
					{ "time": 0, "x": 0, "y": 0, "curve": "stepped" },
					{ "time": 1.3333, "x": 0, "y": 0 }
				]
			},
			"Tail_F_7": {
				"rotate": [
					{ "time": 0, "angle": -22.36 },
					{ "time": 0.3333, "angle": 10.14 },
					{ "time": 0.6333, "angle": 16.51 },
					{ "time": 0.8333, "angle": -28.39 },
					{ "time": 1, "angle": -14.11 },
					{ "time": 1.3333, "angle": -22.36 }
				],
				"translate": [
					{ "time": 0, "x": 0, "y": 0, "curve": "stepped" },
					{ "time": 1.3333, "x": 0, "y": 0 }
				]
			},
			"Tail_F_4": {
				"rotate": [
					{ "time": 0, "angle": -14.94 },
					{ "time": 0.3333, "angle": -19.52 },
					{ "time": 1, "angle": -22.63 },
					{ "time": 1.3333, "angle": -14.94 }
				],
				"translate": [
					{ "time": 0, "x": 0, "y": 0, "curve": "stepped" },
					{ "time": 1.3333, "x": 0, "y": 0 }
				]
			},
			"Tail_F_2": {
				"rotate": [
					{ "time": 0, "angle": 73.17 },
					{ "time": 0.3333, "angle": 58.13 },
					{ "time": 0.6333, "angle": 21.05 },
					{ "time": 1, "angle": 56.45 },
					{ "time": 1.3333, "angle": 73.17 }
				],
				"translate": [
					{ "time": 0, "x": 0, "y": 0, "curve": "stepped" },
					{ "time": 1.3333, "x": 0, "y": 0 }
				]
			},
			"Tail_F_5": {
				"rotate": [
					{ "time": 0, "angle": -23.5 },
					{ "time": 0.3333, "angle": 41.51 },
					{ "time": 0.6333, "angle": -13.49 },
					{ "time": 1, "angle": -31.82 },
					{ "time": 1.3333, "angle": -23.5 }
				],
				"translate": [
					{ "time": 0, "x": 0, "y": 0, "curve": "stepped" },
					{ "time": 1.3333, "x": 0, "y": 0 }
				]
			},
			"Ship_other": {
				"rotate": [
					{ "time": 0, "angle": 0 },
					{ "time": 0.3333, "angle": 12.24 },
					{ "time": 0.5666, "angle": 16.94 },
					{ "time": 0.6666, "angle": -8.72 },
					{ "time": 0.9, "angle": 12.14 },
					{ "time": 1.1666, "angle": -8.51 },
					{ "time": 1.3333, "angle": 0 }
				],
				"translate": [
					{ "time": 0, "x": 0, "y": 0 },
					{ "time": 0.3333, "x": -0.7, "y": 0 },
					{ "time": 0.5666, "x": -1.25, "y": 0 },
					{ "time": 0.6666, "x": -2.22, "y": 0 },
					{ "time": 0.9, "x": 0.66, "y": 0 },
					{ "time": 1.1666, "x": -1.86, "y": 0 },
					{ "time": 1.3333, "x": 0, "y": 0 }
				]
			},
			"Ship_down": {
				"rotate": [
					{ "time": 0, "angle": 0 },
					{ "time": 0.3333, "angle": 13.71 },
					{ "time": 0.5666, "angle": 20.75 },
					{ "time": 0.6666, "angle": -17.2 },
					{ "time": 0.9333, "angle": 16.03 },
					{ "time": 1.2333, "angle": -13.01 },
					{ "time": 1.3333, "angle": 0 }
				],
				"translate": [
					{ "time": 0, "x": 0, "y": 0 },
					{ "time": 0.3333, "x": -5.17, "y": 6.53 },
					{ "time": 0.5666, "x": -4.39, "y": 8.59 },
					{ "time": 0.6666, "x": 1.99, "y": -2.66 },
					{ "time": 0.9333, "x": -7.51, "y": 7.51 },
					{ "time": 1.2333, "x": 0.88, "y": -7.1 },
					{ "time": 1.3333, "x": 0, "y": 0 }
				]
			},
			"Bomb_in": {
				"rotate": [
					{ "time": 0, "angle": 0 },
					{ "time": 0.3333, "angle": 3.12 },
					{ "time": 0.5666, "angle": 5.37 },
					{ "time": 0.6666, "angle": -4 },
					{ "time": 0.9333, "angle": 3.81 },
					{ "time": 1.2333, "angle": -7.05 },
					{ "time": 1.3333, "angle": 0 }
				],
				"translate": [
					{ "time": 0, "x": 0, "y": 0 },
					{ "time": 0.3333, "x": -1.2, "y": 0 },
					{ "time": 0.5666, "x": 1.84, "y": 1.42 },
					{ "time": 0.6666, "x": 2.23, "y": -2.79 },
					{ "time": 0.9333, "x": -2, "y": 0 },
					{ "time": 1.2333, "x": 1.56, "y": -3.53 },
					{ "time": 1.3333, "x": 0, "y": 0 }
				]
			},
			"Obai_02": {
				"rotate": [
					{ "time": 0, "angle": 0 },
					{ "time": 0.3, "angle": -5.15 },
					{ "time": 0.5333, "angle": -4.36 },
					{ "time": 0.6333, "angle": 6.03 },
					{ "time": 0.8, "angle": -11.03 },
					{ "time": 1.0666, "angle": 7.13 },
					{ "time": 1.3333, "angle": 0 }
				],
				"translate": [
					{ "time": 0, "x": 0, "y": 0 },
					{ "time": 0.3, "x": 0.42, "y": 1.79 },
					{ "time": 0.5333, "x": -0.6, "y": -0.85 },
					{ "time": 0.6333, "x": -2.65, "y": -0.02 },
					{ "time": 0.8, "x": -0.6, "y": -0.85 },
					{ "time": 1.0666, "x": -2.41, "y": 2.83 },
					{ "time": 1.3333, "x": 0, "y": 0 }
				]
			},
			"Obai_01": {
				"rotate": [
					{ "time": 0, "angle": 0 },
					{ "time": 0.2666, "angle": -3.17 },
					{ "time": 0.5, "angle": 2.53 },
					{ "time": 0.6333, "angle": 9.3 },
					{ "time": 0.8, "angle": -4.13 },
					{ "time": 1.0333, "angle": 6.4 },
					{ "time": 1.3333, "angle": 0 }
				],
				"translate": [
					{ "time": 0, "x": 0, "y": 0 },
					{ "time": 0.2666, "x": 4.96, "y": -3.43 },
					{ "time": 0.5, "x": -2.4, "y": 0.21 },
					{ "time": 0.6333, "x": 3.1, "y": -2.54 },
					{ "time": 0.8, "x": -2.4, "y": 0.21 },
					{ "time": 1.0333, "x": 4.39, "y": -1.36 },
					{ "time": 1.3333, "x": 0, "y": 0 }
				]
			},
			"Obai_all": {
				"rotate": [
					{ "time": 0, "angle": 0 },
					{ "time": 0.3, "angle": -10.14 },
					{ "time": 0.5333, "angle": 15.07 },
					{ "time": 0.6333, "angle": -9.89 },
					{ "time": 0.8, "angle": 8.4 },
					{ "time": 1.0666, "angle": -16.53 },
					{ "time": 1.3333, "angle": 0 }
				],
				"translate": [
					{ "time": 0, "x": 0, "y": 0 },
					{ "time": 0.3, "x": 0.48, "y": 0.86 },
					{ "time": 0.5333, "x": 1.69, "y": 0.9 },
					{ "time": 0.6333, "x": -0.61, "y": -1.72 },
					{ "time": 0.8, "x": 1.69, "y": 0.9 },
					{ "time": 1.0666, "x": 0.24, "y": -0.73 },
					{ "time": 1.3333, "x": 0, "y": 0 }
				]
			}
		},
		"events": [
			{ "time": 0.6333, "name": "throw_point" }
		]
	},
	"wreck": {
		"slots": {
			"Light_Body": {
				"attachment": [
					{ "time": 0, "name": null },
					{ "time": 2, "name": null }
				]
			},
			"Rodney_ship_armor_gun_light": {
				"attachment": [
					{ "time": 0, "name": null },
					{ "time": 2, "name": null }
				]
			},
			"Rodney_ship_armor_normal_light": {
				"attachment": [
					{ "time": 0, "name": null },
					{ "time": 2, "name": null }
				]
			},
			"Rodney_top_normal_light": {
				"attachment": [
					{ "time": 0, "name": null }
				]
			}
		},
		"bones": {
			"Tail_F_6": {
				"rotate": [
					{ "time": 0, "angle": -16.21 },
					{ "time": 0.6666, "angle": 34.32 },
					{ "time": 1.3333, "angle": -20.94 },
					{ "time": 2, "angle": -16.21 }
				],
				"translate": [
					{ "time": 0, "x": 0, "y": 0, "curve": "stepped" },
					{ "time": 2, "x": 0, "y": 0 }
				]
			},
			"Ship_other": {
				"rotate": [
					{ "time": 0, "angle": 0 },
					{ "time": 0.5, "angle": -2.65 },
					{ "time": 1.5, "angle": 3.4 },
					{ "time": 2, "angle": 0 }
				],
				"translate": [
					{ "time": 0, "x": 0, "y": 0, "curve": "stepped" },
					{ "time": 2, "x": 0, "y": 0 }
				]
			},
			"Tail_F_3": {
				"rotate": [
					{ "time": 0, "angle": -12.47 },
					{ "time": 0.6666, "angle": -12.97 },
					{ "time": 1.3333, "angle": -20.31 },
					{ "time": 2, "angle": -12.47 }
				],
				"translate": [
					{ "time": 0, "x": 0, "y": 0, "curve": "stepped" },
					{ "time": 2, "x": 0, "y": 0 }
				]
			},
			"Ship": {
				"rotate": [
					{ "time": 0, "angle": 0, "curve": "stepped" },
					{ "time": 2, "angle": 0 }
				],
				"translate": [
					{
						"time": 0,
						"x": 0,
						"y": 0,
						"curve": [ 0.319, 0.33, 0.653, 0.66 ]
					},
					{
						"time": 0.5,
						"x": 1.79,
						"y": 0,
						"curve": [ 0.289, 0.43, 0.622, 0.73 ]
					},
					{
						"time": 1.5,
						"x": -2.75,
						"y": 0,
						"curve": [ 0.487, 0.33, 0.657, 0.5 ]
					},
					{ "time": 2, "x": 0, "y": 0 }
				]
			},
			"Tail_F_7": {
				"rotate": [
					{ "time": 0, "angle": -22.36 },
					{ "time": 0.6666, "angle": 40.07 },
					{ "time": 1.3333, "angle": -5.34 },
					{ "time": 2, "angle": -22.36 }
				],
				"translate": [
					{ "time": 0, "x": 0, "y": 0, "curve": "stepped" },
					{ "time": 2, "x": 0, "y": 0 }
				]
			},
			"Body": {
				"rotate": [
					{ "time": 0, "angle": 0, "curve": "stepped" },
					{ "time": 2, "angle": 0 }
				],
				"translate": [
					{ "time": 0, "x": 0, "y": 0, "curve": "stepped" },
					{ "time": 2, "x": 0, "y": 0 }
				]
			},
			"Tail_F_4": {
				"rotate": [
					{ "time": 0, "angle": -14.94 },
					{ "time": 0.6666, "angle": -13.04 },
					{ "time": 2, "angle": -14.94 }
				],
				"translate": [
					{ "time": 0, "x": 0, "y": 0, "curve": "stepped" },
					{ "time": 2, "x": 0, "y": 0 }
				]
			},
			"Tail_F_5": {
				"rotate": [
					{ "time": 0, "angle": -23.5 },
					{ "time": 0.6666, "angle": 29.35 },
					{ "time": 1.3333, "angle": -32.17 },
					{ "time": 2, "angle": -23.5 }
				],
				"translate": [
					{ "time": 0, "x": 0, "y": 0, "curve": "stepped" },
					{ "time": 2, "x": 0, "y": 0 }
				]
			},
			"Ship_down": {
				"rotate": [
					{ "time": 0, "angle": 0 },
					{ "time": 0.5, "angle": 12.32 },
					{ "time": 1.5, "angle": -8.42 },
					{ "time": 2, "angle": 0 }
				],
				"translate": [
					{ "time": 0, "x": 0, "y": 0 },
					{ "time": 0.5, "x": -3.66, "y": 4.88 },
					{ "time": 1.5, "x": 0.13, "y": 1.22 },
					{ "time": 2, "x": 0, "y": 0 }
				]
			},
			"Root_All": {
				"rotate": [
					{ "time": 0, "angle": 0, "curve": "stepped" },
					{ "time": 2, "angle": 0 }
				],
				"translate": [
					{
						"time": 0,
						"x": 0,
						"y": 0,
						"curve": [ 0.255, 0.35, 0.6, 0.7 ]
					},
					{
						"time": 0.5,
						"x": 0,
						"y": -9.82,
						"curve": [ 0.3, 0.39, 0.641, 0.74 ]
					},
					{
						"time": 1,
						"x": 0,
						"y": -15.66,
						"curve": [ 0.322, 0.37, 0.652, 0.7 ]
					},
					{
						"time": 1.5,
						"x": 0,
						"y": -7.79,
						"curve": [ 0.314, 0.36, 0.644, 0.68 ]
					},
					{ "time": 2, "x": 0, "y": 0 }
				]
			},
			"Bomb_in": {
				"rotate": [
					{ "time": 0, "angle": 0 },
					{ "time": 0.5, "angle": 3.59 },
					{ "time": 1.5, "angle": -1 },
					{ "time": 2, "angle": 0 }
				],
				"translate": [
					{ "time": 0, "x": 0, "y": 0, "curve": "stepped" },
					{ "time": 2, "x": 0, "y": 0 }
				]
			},
			"Tail_F_2": {
				"rotate": [
					{ "time": 0, "angle": 73.17 },
					{ "time": 0.6666, "angle": 0.09 },
					{ "time": 1.3333, "angle": 33.04 },
					{ "time": 2, "angle": 73.17 }
				],
				"translate": [
					{ "time": 0, "x": 0, "y": 0, "curve": "stepped" },
					{ "time": 2, "x": 0, "y": 0 }
				]
			},
			"Ship_All": {
				"rotate": [
					{ "time": 0, "angle": 0, "curve": "stepped" },
					{ "time": 2, "angle": 0 }
				],
				"translate": [
					{ "time": 0, "x": 0, "y": 0, "curve": "stepped" },
					{ "time": 2, "x": 0, "y": 0 }
				]
			},
			"Obai_01": {
				"rotate": [
					{ "time": 0, "angle": 0 },
					{ "time": 0.5, "angle": 7.08 },
					{ "time": 1.5, "angle": 6.99 },
					{ "time": 2, "angle": 0 }
				],
				"translate": [
					{ "time": 0, "x": 0, "y": 0 },
					{ "time": 0.5, "x": -1.37, "y": 1.49 },
					{ "time": 1.5, "x": 0.89, "y": -0.65 },
					{ "time": 2, "x": 0, "y": 0 }
				]
			},
			"Obai_02": {
				"rotate": [
					{ "time": 0, "angle": 0 },
					{ "time": 0.5, "angle": 8.5 },
					{ "time": 1.5, "angle": 7.02 },
					{ "time": 2, "angle": 0 }
				],
				"translate": [
					{ "time": 0, "x": 0, "y": 0 },
					{ "time": 0.5, "x": -1.24, "y": 1.29 },
					{ "time": 1.5, "x": 0.11, "y": 0 },
					{ "time": 2, "x": 0, "y": 0 }
				]
			},
			"Obai_all": {
				"rotate": [
					{ "time": 0, "angle": 0 },
					{ "time": 0.5, "angle": 1.32 },
					{ "time": 1.5, "angle": -4.06 },
					{ "time": 2, "angle": 0 }
				],
				"translate": [
					{ "time": 0, "x": 0.27, "y": -0.26 },
					{ "time": 0.5, "x": 1.33, "y": 0.3 },
					{ "time": 1.5, "x": -1.44, "y": -0.94 },
					{ "time": 2, "x": 0, "y": 0 }
				]
			}
		}
	}
}
}