{"skeleton":{"hash":"Nw3mUdaXYUXDeQjIU4k655HslzA","spine":"3.2.01","width":690,"height":412},"bones":[{"name":"defensive_war_root"},{"name":"attack","parent":"defensive_war_root"},{"name":"arrow_blue_01","parent":"attack","x":-14.98,"y":56.13},{"name":"arrow_blue_02","parent":"attack","x":-14.98,"y":56.13},{"name":"arrow_red_01","parent":"attack","x":180.21,"y":139.61},{"name":"arrow_red_02","parent":"attack","x":180.21,"y":139.61},{"name":"arrow_red_03","parent":"attack","x":180.21,"y":139.61},{"name":"ship_blue_01","parent":"attack","x":-214,"y":77},{"name":"ship_blue_02","parent":"attack","x":-165,"y":27},{"name":"ship_blue_03","parent":"attack","x":-117,"y":-22},{"name":"ship_blue_04","parent":"attack","x":-68,"y":-72},{"name":"ship_red_01","parent":"attack","x":218,"y":270},{"name":"ship_red_02","parent":"attack","x":267,"y":220},{"name":"ship_red_03","parent":"attack","x":316,"y":170},{"name":"ship_red_04","parent":"attack","x":362,"y":120}],"slots":[{"name":"Ship_00","bone":"ship_blue_01","attachment":"Ship_00"},{"name":"Ship_0","bone":"ship_blue_02","attachment":"Ship_00"},{"name":"Ship_4","bone":"ship_blue_03","attachment":"Ship_00"},{"name":"Ship_5","bone":"ship_blue_04","attachment":"Ship_00"},{"name":"Ship_01","bone":"ship_red_01","attachment":"Ship_01"},{"name":"Ship_1","bone":"ship_red_02","attachment":"Ship_01"},{"name":"Ship_2","bone":"ship_red_03","attachment":"Ship_01"},{"name":"Ship_3","bone":"ship_red_04","attachment":"Ship_01"},{"name":"arrow_00","bone":"arrow_red_01","attachment":"arrow_00"},{"name":"arrow_01","bone":"arrow_red_02","attachment":"arrow_01"},{"name":"arrow_02","bone":"arrow_red_03","attachment":"arrow_02"},{"name":"arrow_blue_00","bone":"arrow_blue_01","attachment":"arrow_blue_00"},{"name":"arrow_blue_01","bone":"arrow_blue_02","attachment":"arrow_blue_01"}],"skins":{"default":{"Ship_0":{"Ship_00":{"width":101,"height":58}},"Ship_00":{"Ship_00":{"width":101,"height":58}},"Ship_01":{"Ship_01":{"width":127,"height":82}},"Ship_1":{"Ship_01":{"width":127,"height":82}},"Ship_2":{"Ship_01":{"width":127,"height":82}},"Ship_3":{"Ship_01":{"width":127,"height":82}},"Ship_4":{"Ship_00":{"width":101,"height":58}},"Ship_5":{"Ship_00":{"width":101,"height":58}},"arrow_00":{"arrow_00":{"width":306,"height":268}},"arrow_01":{"arrow_01":{"width":306,"height":268}},"arrow_02":{"arrow_02":{"width":306,"height":268}},"arrow_blue_00":{"arrow_blue_00":{"width":367,"height":247}},"arrow_blue_01":{"arrow_blue_01":{"width":367,"height":247}}}},"events":{"choice":{},"end":{}},"animations":{"defensive_war":{"slots":{"arrow_00":{"color":[{"time":2.5,"color":"ffffff00"},{"time":2.8333,"color":"ffffffff"},{"time":3.3333,"color":"ffffff00"},{"time":3.6666,"color":"ffffffff"},{"time":4.1666,"color":"ffffff00"}],"attachment":[{"time":0,"name":null},{"time":2.5,"name":"arrow_00"},{"time":4.1666,"name":null}]},"arrow_01":{"color":[{"time":2.5,"color":"ffffff00"},{"time":2.8333,"color":"ffffffff"},{"time":3.3333,"color":"ffffff00"},{"time":3.6666,"color":"ffffffff"},{"time":4.1666,"color":"ffffff00"}],"attachment":[{"time":0,"name":null},{"time":2.5,"name":"arrow_01"},{"time":4.1666,"name":null}]},"arrow_02":{"color":[{"time":2.5,"color":"ffffff00"},{"time":2.8333,"color":"ffffffff"},{"time":3.3333,"color":"ffffff00"},{"time":3.6666,"color":"ffffffff"},{"time":4.1666,"color":"ffffff00"}],"attachment":[{"time":0,"name":null},{"time":2.5,"name":"arrow_02"},{"time":4.1666,"name":null}]},"arrow_blue_00":{"color":[{"time":5.6666,"color":"ffffff00"},{"time":6,"color":"ffffffff"},{"time":6.5,"color":"ffffff00"},{"time":6.8333,"color":"ffffffff"},{"time":7.3333,"color":"ffffff00"}],"attachment":[{"time":0,"name":null},{"time":5.6666,"name":"arrow_blue_00"},{"time":6.5,"name":"arrow_blue_00"},{"time":7.3333,"name":null}]},"arrow_blue_01":{"color":[{"time":5.6666,"color":"ffffff00"},{"time":6,"color":"ffffffff"},{"time":6.5,"color":"ffffff00"},{"time":6.8333,"color":"ffffffff"},{"time":7.3333,"color":"ffffff00"}],"attachment":[{"time":0,"name":null},{"time":5.6666,"name":"arrow_blue_01"},{"time":6.5,"name":"arrow_blue_01"},{"time":7.3333,"name":null}]}},"bones":{"ship_red_04":{"rotate":[{"time":0,"angle":0}],"translate":[{"time":0,"x":318,"y":-41.13,"curve":[0.05,0.31,0.769,0.96]},{"time":2.1666,"x":34.74,"y":-97.65,"curve":"stepped"},{"time":4.1666,"x":34.74,"y":-97.65},{"time":5.5,"x":-136.58,"y":-127.98}],"scale":[{"time":0,"x":1,"y":1}],"shear":[{"time":0,"x":0,"y":0}]},"ship_red_03":{"rotate":[{"time":0,"angle":0}],"translate":[{"time":0,"x":324,"y":-61.13,"curve":[0.05,0.31,0.769,0.96]},{"time":2,"x":34.74,"y":-97.65,"curve":"stepped"},{"time":4.1333,"x":34.74,"y":-97.65},{"time":5.5,"x":-130.58,"y":-137.98}],"scale":[{"time":0,"x":1,"y":1}],"shear":[{"time":0,"x":0,"y":0}]},"ship_red_02":{"rotate":[{"time":0,"angle":0}],"translate":[{"time":0,"x":332.99,"y":-81.13,"curve":[0.05,0.31,0.769,0.96]},{"time":1.8333,"x":34.74,"y":-97.65,"curve":"stepped"},{"time":4.1,"x":34.74,"y":-97.65},{"time":5.5,"x":-121.58,"y":-147.98}],"scale":[{"time":0,"x":1,"y":1}],"shear":[{"time":0,"x":0,"y":0}]},"ship_red_01":{"rotate":[{"time":0,"angle":0}],"translate":[{"time":0,"x":341.99,"y":-101.13,"curve":[0.05,0.31,0.769,0.96]},{"time":1.6666,"x":34.74,"y":-97.65,"curve":"stepped"},{"time":4.0666,"x":34.74,"y":-97.65},{"time":5.5,"x":-122.58,"y":-157.98}],"scale":[{"time":0,"x":1,"y":1}],"shear":[{"time":0,"x":0,"y":0}]},"ship_blue_04":{"rotate":[{"time":0,"angle":0}],"translate":[{"time":0,"x":0,"y":0,"curve":"stepped"},{"time":7.4333,"x":0,"y":0,"curve":[0.116,0.28,0.721,1]},{"time":8.6666,"x":226.22,"y":48.77}],"scale":[{"time":0,"x":1,"y":1}],"shear":[{"time":0,"x":0,"y":0}]},"ship_blue_03":{"rotate":[{"time":0,"angle":0}],"translate":[{"time":0,"x":0,"y":0,"curve":"stepped"},{"time":7.4,"x":0,"y":0,"curve":[0.116,0.28,0.721,1]},{"time":8.6666,"x":232.22,"y":39.77}],"scale":[{"time":0,"x":1,"y":1}],"shear":[{"time":0,"x":0,"y":0}]},"ship_blue_02":{"rotate":[{"time":0,"angle":0}],"translate":[{"time":0,"x":0,"y":0,"curve":"stepped"},{"time":7.3666,"x":0,"y":0,"curve":[0.116,0.28,0.721,1]},{"time":8.6666,"x":243.22,"y":29.77}],"scale":[{"time":0,"x":1,"y":1}],"shear":[{"time":0,"x":0,"y":0}]},"ship_blue_01":{"rotate":[{"time":0,"angle":0}],"translate":[{"time":0,"x":0,"y":0,"curve":"stepped"},{"time":7.3333,"x":0,"y":0,"curve":[0.116,0.28,0.721,1]},{"time":8.6666,"x":247.22,"y":19.77}],"scale":[{"time":0,"x":1,"y":1}],"shear":[{"time":0,"x":0,"y":0}]},"arrow_red_03":{"rotate":[{"time":0,"angle":0}],"translate":[{"time":0,"x":2.01,"y":-84.75}],"scale":[{"time":0,"x":1,"y":1}],"shear":[{"time":0,"x":0,"y":0}]},"arrow_red_02":{"rotate":[{"time":0,"angle":0}],"translate":[{"time":0,"x":2.01,"y":-84.75}],"scale":[{"time":0,"x":1,"y":1}],"shear":[{"time":0,"x":0,"y":0}]},"arrow_red_01":{"rotate":[{"time":0,"angle":0}],"translate":[{"time":0,"x":2.01,"y":-84.75}],"scale":[{"time":0,"x":1,"y":1}],"shear":[{"time":0,"x":0,"y":0}]},"arrow_blue_02":{"rotate":[{"time":0,"angle":-14.39}],"translate":[{"time":0,"x":0,"y":-24.13}],"scale":[{"time":0,"x":1,"y":1}],"shear":[{"time":0,"x":0,"y":0}]},"arrow_blue_01":{"rotate":[{"time":0,"angle":-14.39}],"translate":[{"time":0,"x":0,"y":-24.13}],"scale":[{"time":0,"x":1,"y":1}],"shear":[{"time":0,"x":0,"y":0}]},"defensive_war_root":{"rotate":[{"time":0,"angle":0,"curve":"stepped"},{"time":9.3333,"angle":0}]}},"events":[{"time":5.5333,"name":"choice"},{"time":9.3333,"name":"end"}]}}}