{
"skeleton": { "hash": "4X7VmbsqXhUOw+5IQUvBHhQV5Jk", "spine": "2.1.27", "width": 311.89, "height": 310.87, "images": "" },
"bones": [
	{ "name": "Root_All", "x": 9.22, "y": 11.06, "scaleX": 1.01, "scaleY": 1.01 },
	{ "name": "Ship_All", "parent": "Root_All" },
	{ "name": "Body", "parent": "Ship_All", "length": 255.84, "x": -5.11, "y": -19.41, "rotation": 90 },
	{ "name": "Antiaircraft", "parent": "Body", "length": 44.62, "x": 188.82, "y": -38.35, "rotation": -90 },
	{ "name": "Attack_Point", "parent": "Body", "length": 25.69, "x": 99.32, "y": -100.74, "rotation": -88.64 },
	{ "name": "BB", "parent": "Body", "length": 6.44, "x": 113.82, "y": -1.45, "scaleX": 0.879, "scaleY": 0.879, "rotation": 7.68 },
	{ "name": "DDDDD", "parent": "Body", "length": 59.45, "x": 96.67, "y": 56.33, "rotation": 49.36 },
	{ "name": "Damage_Point", "parent": "Body", "length": 22.56, "x": 118.05, "y": 4.68, "rotation": -90 },
	{ "name": "Dialogue", "parent": "Body", "length": 57.85, "x": 191.7, "y": -49.54, "rotation": -90 },
	{ "name": "Expression", "parent": "Body", "length": 46.33, "x": 204.77, "y": -27.87, "rotation": -42.65 },
	{ "name": "Hand_L2", "parent": "Body", "length": 38.44, "x": 118.98, "y": 17.21, "rotation": 135.91 },
	{ "name": "Hand_R", "parent": "Body", "length": 51.4, "x": 119.5, "y": -15.4, "rotation": -159.19 },
	{ "name": "Head", "parent": "Body", "length": 66.72, "x": 135.48, "y": 9.53, "rotation": -0.9 },
	{ "name": "Smoke_L1", "parent": "Body", "length": 51.75, "x": 95.72, "y": -18.74, "rotation": -54.55 },
	{ "name": "Smoke_R1", "parent": "Body", "length": 79.5, "x": 99.73, "y": 53.73, "rotation": 21.87 },
	{ "name": "Throw_Point", "parent": "Body", "length": 24.91, "x": 103.54, "y": -41.89, "rotation": -88.64 },
	{ "name": "pilot", "parent": "Body", "length": 28.52, "x": 118.4, "y": 2.8, "rotation": 0.45 },
	{ "name": "Arm_L", "parent": "DDDDD", "length": 50.86, "x": 29.96, "y": -20.68, "rotation": 33.84 },
	{ "name": "Arm_R", "parent": "Hand_R", "length": 45.52, "x": 45.22, "y": -5.25, "rotation": 42.87 },
	{ "name": "DS", "parent": "DDDDD", "length": 60.06, "x": 28.12, "y": -44.86, "rotation": 18.75 },
	{ "name": "DX", "parent": "DDDDD", "length": 111.14, "x": 24.4, "y": -46.22, "rotation": 122.06 },
	{ "name": "Face", "parent": "Head", "length": 66.94, "x": 47.91, "y": 21, "rotation": -89.09 },
	{ "name": "Hand_L1", "parent": "Hand_L2", "length": 33.35, "x": -7.61, "y": -6.78, "rotation": -2.31 },
	{ "name": "b1", "parent": "BB", "length": 5.22, "x": 2.94, "y": 11.01, "scaleX": 0.879, "scaleY": 0.879, "rotation": -10.78 },
	{ "name": "b2", "parent": "BB", "length": 4.72, "x": 0.19, "y": -9.39, "scaleX": 0.879, "scaleY": 0.879, "rotation": 2.93 },
	{ "name": "bl", "parent": "BB", "length": 7.25, "x": -6.9, "y": 11.76, "scaleX": 0.879, "scaleY": 0.879, "rotation": -9.9 },
	{ "name": "br", "parent": "BB", "length": 7.54, "x": -10.5, "y": -10.58, "scaleX": 0.879, "scaleY": 0.879, "rotation": -9.82 },
	{ "name": "hair_1", "parent": "Head", "length": 32.07, "x": 15.36, "y": 12.8, "rotation": -125.91 },
	{ "name": "hair_2", "parent": "hair_1", "length": 25.84, "x": 36.96, "y": -0.12, "rotation": 17.07 },
	{ "name": "hair_3", "parent": "hair_2", "length": 23.75, "x": 30.55, "y": 0.95, "rotation": 5.84 },
	{ "name": "hair_4", "parent": "hair_3", "length": 19.21, "x": 26.66, "y": 0.85, "rotation": 25.28 }
],
"slots": [
	{ "name": "hair", "bone": "hair_1", "attachment": "hair" },
	{ "name": "hand_R", "bone": "Hand_R", "attachment": "hand_R" },
	{ "name": "arm_R", "bone": "Arm_R", "attachment": "change" },
	{ "name": "arm_R_light", "bone": "Arm_R", "attachment": "change", "blend": "additive" },
	{ "name": "Rodney_body_normal", "bone": "Body", "attachment": "Body_Change" },
	{ "name": "Light_Body", "bone": "Body", "attachment": "change", "blend": "additive" },
	{ "name": "BB", "bone": "BB", "attachment": "BB" },
	{ "name": "pilot", "bone": "pilot", "attachment": "pilot" },
	{ "name": "pilot_light", "bone": "pilot", "attachment": "pilot_light" },
	{ "name": "head", "bone": "Head", "attachment": "head" },
	{ "name": "head_light", "bone": "Head", "attachment": "head_light", "blend": "additive" },
	{ "name": "Rodney_eyes_normal", "bone": "Face", "attachment": "Rodney_eyes_normal" },
	{ "name": "hand_L2", "bone": "Hand_L2", "attachment": "hand_L2" },
	{ "name": "hand_L1", "bone": "Hand_L1", "attachment": "hand_L1" },
	{ "name": "DS", "bone": "DS", "attachment": "change" },
	{ "name": "arm_L", "bone": "Arm_L", "attachment": "change" },
	{ "name": "DX", "bone": "DX", "attachment": "change" },
	{ "name": "arm_L_light", "bone": "Arm_L", "attachment": "change", "blend": "additive" },
	{ "name": "DS_light", "bone": "DS", "attachment": "change", "blend": "additive" },
	{ "name": "DX_light", "bone": "DX", "attachment": "DX_light", "blend": "additive" }
],
"skins": {
	"default": {
		"BB": {
			"BB": {
				"type": "skinnedmesh",
				"uvs": [ 0.97222, 0.1767, 0.97222, 0.40977, 0.97222, 0.56683, 0.97222, 0.7543, 0.97222, 0.95, 0.86358, 0.95, 0.70802, 0.95, 0.53691, 0.95, 0.27247, 0.95, 0.1221, 0.95, 0, 0.95, 0, 0.80497, 0, 0.63776, 0, 0.4655, 0, 0.32869, 0, 0.15644, 0, 0, 0.11692, 0, 0.19988, 0, 0.34506, 0, 0.4721, 0, 0.60432, 0, 0.72617, 0, 0.84284, 0, 0.97222, 0, 0.11951, 0.13616, 0.11173, 0.84549, 0.42543, 0.84549, 0.58358, 0.83536, 0.87913, 0.82016, 0.91802, 0.32363, 0.80136, 0.10576, 0.11432, 0.43509, 0.26988, 0.58709, 0.43062, 0.53643, 0.54728, 0.52629, 0.69765, 0.63776, 0.86099, 0.50096 ],
				"triangles": [ 5, 29, 4, 29, 3, 4, 5, 6, 29, 7, 28, 6, 6, 28, 29, 28, 36, 29, 28, 35, 36, 29, 36, 3, 3, 36, 2, 36, 37, 2, 36, 35, 37, 37, 1, 2, 37, 35, 30, 37, 30, 1, 30, 35, 31, 30, 0, 1, 30, 31, 0, 0, 31, 24, 31, 23, 24, 31, 22, 23, 8, 27, 7, 7, 27, 28, 27, 8, 26, 10, 26, 9, 8, 9, 26, 10, 11, 26, 27, 34, 28, 26, 33, 27, 27, 33, 34, 33, 26, 12, 26, 11, 12, 12, 32, 33, 12, 13, 32, 33, 32, 34, 35, 21, 31, 21, 22, 31, 34, 32, 25, 19, 25, 18, 25, 19, 34, 13, 14, 32, 32, 14, 25, 14, 15, 25, 25, 16, 17, 25, 15, 16, 25, 17, 18, 34, 35, 28, 34, 20, 35, 34, 19, 20, 35, 20, 21 ],
				"vertices": [ 2, 24, -1.19, -15.33, 0.10489, 26, 12.55, -12.22, 0.8951, 2, 24, -6.98, -14.25, 0.02046, 26, 6.67, -12.44, 0.97953, 2, 24, -10.88, -13.52, 0.00133, 26, 2.7, -12.59, 0.99866, 1, 26, -2.02, -12.77, 1, 1, 26, -6.96, -12.96, 1, 1, 26, -7.16, -7.6, 1, 3, 5, -17.83, -9.24, 0.02124, 25, -7.15, -22.57, 0.02877, 26, -7.45, 0.07, 0.94998, 3, 5, -16.70999, -0.87, 0.21567, 25, -7.48, -14.13, 0.34829, 26, -7.77, 8.51, 0.43602, 3, 5, -14.97, 12.06, 0.03386, 25, -8, -1.08, 0.95151, 26, -8.26, 21.55, 0.01461, 3, 23, -18.2, 5.08, 0.03497, 24, -12.67, 29.5, 0, 25, -8.29, 6.33, 0.96502, 3, 23, -18.53, 11.1, 0.0631, 24, -11.57, 35.43, 0, 25, -8.52, 12.35, 0.93689, 4, 5, -9.54, 24.91, 2.0E-5, 23, -14.87, 11.3, 0.09812, 24, -7.96, 34.75999, 0, 25, -4.86, 12.49, 0.90184, 4, 5, -5.36, 24.34, 1.9E-4, 23, -10.65, 11.53, 0.23254, 24, -3.81, 33.98, 0, 25, -0.64, 12.66, 0.76726, 4, 5, -1.04, 23.76, 5.6E-4, 23, -6.31, 11.77, 0.46415, 24, 0.46, 33.18, 0, 25, 3.7, 12.83, 0.53525, 4, 5, 2.36999, 23.3, 0.00107, 23, -2.86, 11.96, 0.68342, 24, 3.85, 32.54, 1.0E-5, 25, 7.15, 12.97, 0.31547, 4, 5, 6.69, 22.72, 0.00175, 23, 1.48, 12.2, 0.89319, 24, 8.13, 31.74, 2.0E-5, 25, 11.5, 13.14, 0.10502, 4, 5, 10.6, 22.2, 0.00204, 23, 5.42, 12.41, 0.95566, 24, 12.01, 31.01, 2.0E-5, 25, 15.45, 13.29, 0.04226, 4, 5, 9.83, 16.48, 0.00189, 23, 5.74, 6.65, 0.98317, 24, 10.95, 25.34, 2.0E-5, 25, 15.67, 7.53, 0.01489, 1, 23, 5.96, 2.56, 1, 3, 5, 8.33, 5.31, 0.5497, 23, 6.35, -4.59, 0.44769, 25, 16.12, -3.72, 0.00258, 2, 5, 7.5, -0.89, 0.98209, 24, 7.73, 8.1, 0.0179, 3, 5, 6.63, -7.36, 0.18758, 23, 7.05, -17.37, 0.00162, 24, 6.53, 1.69, 0.81079, 2, 24, 5.42, -4.21999, 0.70822, 26, 16.56, 0.08, 0.29177, 2, 24, 4.36, -9.88, 0.27539, 26, 16.77, -5.67, 0.7246, 2, 24, 3.18, -16.16, 0.14252, 26, 17.01, -12.05, 0.85747, 4, 5, 6.41, 16.81, 0.00141, 23, 2.31, 6.34, 0.96281, 24, 7.55, 25.85, 2.0E-5, 25, 12.24, 7.26, 0.03575, 3, 23, -15.59, 5.74, 0.05891, 24, -9.99, 29.52, 0, 25, -5.67, 6.94, 0.94108, 3, 5, -13.36, 4.23, 0.20548, 25, -5.06, -8.52, 0.63226, 26, -5.34, 14.11, 0.16223, 4, 5, -14.14, -3.54, 0.21377, 24, -14.02, 6.58, 0.00288, 25, -4.5, -16.32, 0.28377, 26, -4.79, 6.31, 0.49956, 1, 26, -3.85, -8.24, 1, 2, 24, -4.35, -12.02, 0.03646, 26, 8.74, -9.68999, 0.96353, 2, 24, 2.10999, -7.37, 0.28961, 26, 14.03, -3.72, 0.71038, 4, 5, -1.03, 18.07, 3.8E-4, 23, -5.23, 6.18, 0.44356, 24, 0.17, 27.49, 0, 25, 4.69, 7.22, 0.55604, 2, 23, -8.64999, -1.69, 0.01185, 25, 1.15, -0.58999, 0.98814, 4, 5, -5.65, 2.93, 0.6025, 24, -5.21, 12.61, 0.00611, 25, 2.74, -8.47, 0.34227, 26, 2.46, 14.15, 0.0491, 4, 5, -6.17, -2.8, 0.42079, 24, -6.02, 6.9, 0.10896, 25, 3.22, -14.22, 0.13714, 26, 2.94, 8.39999, 0.33309, 1, 26, 0.4, 0.88, 1, 2, 24, -8.24, -8.43, 0.00266, 26, 4.16, -7.04, 0.99733 ],
				"hull": 25,
				"edges": [ 32, 34, 34, 36, 36, 38, 38, 40, 40, 42, 42, 44, 44, 46, 46, 48, 0, 48, 0, 2, 2, 4, 4, 6, 6, 8, 8, 10, 10, 12, 12, 14, 14, 16, 16, 18, 18, 20, 20, 22, 22, 24, 24, 26, 26, 28, 28, 30, 30, 32 ],
				"width": 36,
				"height": 20
			}
		},
		"DX_light": {
			"DX_light": { "x": 6.09, "y": 28.91, "rotation": 98.57, "width": 300, "height": 300 }
		},
		"Rodney_eyes_normal": {
			"Rodney_eyes_damage": { "x": 19.21, "y": -48.69, "width": 300, "height": 300 },
			"Rodney_eyes_normal": { "x": 19.21, "y": -48.69, "width": 300, "height": 300 }
		},
		"hair": {
			"hair": {
				"type": "skinnedmesh",
				"uvs": [ 1, 0.12106, 1, 0.35788, 1, 0.54395, 1, 0.69619, 1, 0.87803, 1, 1, 0.86991, 1, 0.69033, 1, 0.54884, 1, 0.39103, 1, 0.19784, 1, 0, 1, 0, 0.76385, 0, 0.57778, 0, 0.40439, 0, 0.21409, 0, 0, 0.17335, 0, 0.30124, 0, 0.4128, 0, 0.57333, 0, 0.72298, 0, 0.84542, 0, 1, 0, 0.07812, 0.12529, 0.55701, 0.13374, 0.67945, 0.23947, 0.75835, 0.34096, 0.81549, 0.47206, 0.88896, 0.434, 0.89168, 0.76385, 0.74475, 0.80191, 0.64135, 0.83997, 0.58421, 0.90341, 0.50259, 0.88649, 0.45089, 0.77654, 0.33389, 0.67082, 0.20328, 0.60738, 0.10533, 0.53972, 0.13254, 0.24792, 0.31756, 0.31982, 0.44545, 0.42554, 0.56245, 0.53972, 0.68489, 0.6243, 0.83998, 0.66236, 0.92977, 0.61161 ],
				"triangles": [ 22, 23, 0, 24, 16, 17, 25, 19, 20, 15, 16, 24, 21, 25, 20, 26, 25, 21, 39, 24, 17, 15, 24, 39, 40, 18, 19, 40, 19, 25, 22, 26, 21, 0, 26, 22, 0, 27, 26, 27, 0, 1, 14, 15, 39, 39, 17, 18, 40, 39, 18, 41, 40, 25, 41, 25, 26, 41, 26, 27, 29, 27, 1, 28, 27, 29, 38, 14, 39, 38, 39, 40, 42, 41, 27, 42, 27, 28, 29, 1, 2, 13, 14, 38, 37, 38, 40, 37, 40, 41, 45, 29, 2, 28, 29, 45, 43, 42, 28, 44, 43, 28, 45, 44, 28, 36, 37, 41, 36, 41, 42, 45, 2, 3, 30, 44, 45, 30, 45, 3, 37, 12, 13, 37, 13, 38, 35, 36, 42, 35, 42, 43, 31, 43, 44, 31, 44, 30, 32, 35, 43, 31, 32, 43, 30, 3, 4, 34, 35, 32, 33, 34, 32, 10, 11, 12, 12, 36, 10, 36, 12, 37, 10, 36, 35, 9, 10, 35, 34, 9, 35, 8, 34, 33, 9, 34, 8, 7, 32, 31, 33, 32, 7, 8, 33, 7, 6, 31, 30, 6, 30, 4, 7, 31, 6, 6, 4, 5 ],
				"vertices": [ 3, 27, 81.83, 75.57, 0.02619, 29, 40.31, 54.4, 0.12163, 30, 35.18, 42.6, 0.85217, 3, 27, 93.49, 59.76, 0.00496, 29, 44.89, 35.29, 0.04266, 30, 31.17, 23.37, 0.95237, 1, 30, 28.02, 8.26, 1, 1, 30, 25.45, -4.1, 1, 1, 30, 22.37, -18.86, 1, 2, 29, 57.31, -16.49, 0.00892, 30, 20.31, -28.77, 0.99107, 3, 28, 73.43, -15.17, 0.00128, 29, 41, -20.41, 0.17278, 30, 3.89, -25.35, 0.82592, 3, 28, 51.58, -22.83, 0.12939, 29, 18.49, -25.8, 0.7487, 30, -18.76, -20.62999, 0.1219, 4, 27, 78.29, -17.62999, 0.00121, 28, 34.36, -28.87, 0.53333, 29, 0.75, -30.06, 0.46476, 30, -36.62, -16.91, 6.6E-4, 3, 27, 61.91, -29.71, 0.07204, 28, 15.16, -35.59999, 0.84627, 29, -19.03, -34.8, 0.08168, 3, 27, 41.87, -44.49, 0.36247, 28, -8.33, -43.85, 0.63717, 29, -43.25, -40.61, 3.4E-4, 2, 27, 21.34, -59.64, 0.52279, 28, -32.4, -52.29, 0.4772, 2, 27, 9.71, -43.87, 0.6208, 28, -38.89, -33.81, 0.37919, 2, 27, 0.55, -31.45, 0.79241, 28, -44, -19.24, 0.20758, 2, 27, -7.98, -19.87, 0.94015, 28, -48.76, -5.67, 0.05984, 2, 27, -17.35, -7.16, 0.99819, 28, -53.98, 9.22, 0.0018, 1, 27, -27.89, 7.12, 1, 1, 27, -9.89999, 20.39, 1, 3, 27, 3.36, 30.18, 0.9953, 28, -23.21, 38.84, 2.8E-4, 29, -49.63, 43.16, 0.0044, 4, 27, 14.93, 38.72, 0.92581, 28, -9.64, 43.6, 0.03326, 29, -35.64, 46.51, 0.03654, 30, -36.88, 67.86, 0.00437, 4, 27, 31.59, 51, 0.60741, 28, 9.88, 50.45, 0.11913, 29, -15.51, 51.34, 0.1916, 30, -16.62, 63.64, 0.08185, 4, 27, 47.12, 62.45, 0.27238, 28, 28.09, 56.84, 0.06493, 29, 3.24, 55.84, 0.3091, 30, 2.26, 59.71, 0.35356, 4, 27, 59.83, 71.82, 0.09814, 28, 42.99, 62.06, 0.01012, 29, 18.59, 59.52, 0.23363, 30, 17.70999, 56.49, 0.65809, 3, 27, 75.87, 83.65, 0.03073, 29, 37.97, 64.16, 0.13267, 30, 37.22, 52.43, 0.83658, 1, 27, -13.62, 4.73999, 1, 4, 27, 36.48, 40.82, 0.52863, 28, 11.57, 39.28, 0.18834, 29, -14.97, 40.06, 0.21506, 30, -20.94, 53.21, 0.06795, 4, 27, 54.4, 43.13, 0.17934, 28, 29.37, 36.23, 0.1532, 29, 2.41, 35.21, 0.47593, 30, -7.27, 41.41, 0.19151, 4, 27, 67.58, 42.39, 0.06143, 28, 41.75999, 31.65, 0.03565, 29, 14.27, 29.39, 0.46473, 30, 0.96, 31.09, 0.43816, 4, 27, 79.97, 38.00999, 0.02699, 28, 52.31, 23.83, 0.00763, 29, 23.97, 20.54, 0.39451, 30, 5.95, 18.94, 0.57084, 4, 27, 85.72, 46.18, 0.01605, 28, 60.2, 29.94, 1.0E-4, 29, 32.43999, 25.82, 0.14357, 30, 15.87, 20.1, 0.84025, 1, 30, 10.63, -6.74, 1, 3, 28, 52.76, -5, 0.00879, 29, 21.48, -8.18999, 0.68295, 30, -8.54, -5.97, 0.30824, 3, 28, 41.23, -12.39, 0.19208, 29, 9.25, -14.37, 0.76973, 30, -22.24, -6.35, 0.03816, 3, 28, 36.02, -19.79999, 0.45294, 29, 3.31, -21.2, 0.54479, 30, -30.52, -9.99, 0.00224, 3, 27, 67.9, -13.59, 0.00682, 28, 25.62, -21.96, 0.70088, 29, -7.24, -22.29, 0.29229, 3, 27, 57.12, -10.21, 0.01562, 28, 16.31, -15.56, 0.88028, 29, -15.85, -14.98, 0.10408, 3, 27, 39.78, -12.1, 0.20028, 28, -0.82, -12.27, 0.79958, 29, -32.56, -9.97, 1.2E-4, 2, 27, 23.1, -17.86, 0.67189, 28, -18.45, -12.88, 0.3281, 2, 27, 9.6, -20.84, 0.81248, 28, -32.23, -11.76, 0.18751, 1, 27, -1.93, 0.71, 1, 3, 27, 20.79999, 10.07, 0.9913, 28, -12.44, 14.5, 0.00855, 29, -41.4, 17.85, 1.3E-4, 4, 27, 39.28, 12.8, 0.36285, 28, 6.01, 11.68, 0.61402, 29, -23.32, 13.16, 0.02308, 30, -39.95, 32.45, 2.0E-5, 3, 27, 57.04, 14.13, 0.01111, 28, 23.38, 7.73, 0.91541, 29, -6.44, 7.47, 0.07346, 3, 27, 73.91, 17.85, 0.006, 28, 40.59999, 6.34, 0.0068, 29, 10.54, 4.33, 0.98719, 3, 27, 91.88, 27.18, 3.6E-4, 29, 30.72, 5.92, 0.00235, 30, 5.83, 2.85, 0.99728, 2, 27, 98.7, 37.43999, 5.0E-5, 30, 18.02, 4.61, 0.99994 ],
				"hull": 24,
				"edges": [ 28, 30, 30, 32, 32, 34, 34, 36, 36, 38, 4, 6, 38, 40, 40, 42, 42, 44, 44, 46, 0, 46, 0, 2, 2, 4, 6, 8, 8, 10, 10, 12, 12, 14, 14, 16, 16, 18, 18, 20, 20, 22, 22, 24, 24, 26, 26, 28 ],
				"width": 129,
				"height": 83
			}
		},
		"hand_L1": {
			"hand_L1": { "x": -7.06, "y": -0.57, "rotation": 136.39, "width": 300, "height": 300 }
		},
		"hand_L2": {
			"hand_L2": { "x": -14.7, "y": -7.07, "rotation": 134.08, "width": 300, "height": 300 }
		},
		"hand_R": {
			"hand_R": { "x": -22.78, "y": -16.64, "rotation": 69.19, "width": 300, "height": 300 }
		},
		"head": {
			"head": { "x": -0.98, "y": 0.85, "rotation": -89.09, "width": 300, "height": 300 }
		},
		"head_light": {
			"head_light": { "x": -0.98, "y": 0.85, "rotation": -89.09, "width": 300, "height": 300 }
		},
		"pilot": {
			"pilot": { "x": 13.7, "y": 7.27, "rotation": -90.45, "width": 300, "height": 300 }
		},
		"pilot_light": {
			"pilot_light": { "x": 13.7, "y": 7.27, "rotation": -90.45, "width": 300, "height": 300 }
		}
	},
	"damage": {
		"DS": {
			"change": { "name": "DS_damage", "x": -40.42, "y": -5.46, "rotation": -158.12, "width": 300, "height": 300 }
		},
		"DS_light": {
			"change": { "name": "DS_damage_light", "x": -40.42, "y": -5.46, "rotation": -158.12, "width": 300, "height": 300 }
		},
		"DX": {
			"change": { "name": "DX_damage", "x": 6.09, "y": 28.91, "rotation": 98.57, "width": 300, "height": 300 }
		},
		"Light_Body": {
			"change": { "name": "Rodney_ship_body_damage_light", "x": 131.31, "y": 12.81, "rotation": -90, "width": 300, "height": 300 }
		},
		"Rodney_body_normal": {
			"Body_Change": { "name": "Rodney_body_damage", "x": 131.3, "y": 10.78, "rotation": -90, "width": 300, "height": 300 }
		},
		"arm_L": {
			"change": { "name": "arm_L_damage", "x": -55.46, "y": -13.79, "rotation": -173.21, "width": 300, "height": 300 }
		},
		"arm_L_light": {
			"change": { "name": "arm_L_damage_light", "x": -55.74, "y": -14, "rotation": -173.21, "width": 300, "height": 300 }
		},
		"arm_R": {
			"change": { "name": "arm_R_damage", "x": -59.97, "y": 41.38, "rotation": 26.32, "width": 300, "height": 300 }
		},
		"arm_R_light": {
			"change": { "name": "arm_R_damage_light", "x": -59.97, "y": 41.38, "rotation": 26.32, "width": 300, "height": 300 }
		}
	},
	"normal": {
		"DS": {
			"change": { "name": "DS", "x": -40.43, "y": -5.46, "rotation": -158.12, "width": 300, "height": 300 }
		},
		"DS_light": {
			"change": { "name": "DS_light", "x": -40.41, "y": -3.86, "rotation": -158.12, "width": 300, "height": 300 }
		},
		"DX": {
			"change": { "name": "DX", "x": 6.09, "y": 28.91, "rotation": 98.57, "width": 300, "height": 300 }
		},
		"Light_Body": {
			"change": { "name": "Rodney_ship_body_normal_light", "x": 131.3, "y": 10.78, "rotation": -90, "width": 300, "height": 300 }
		},
		"Rodney_body_normal": {
			"Body_Change": { "name": "Rodney_body_normal", "x": 131.3, "y": 10.78, "rotation": -90, "width": 300, "height": 300 }
		},
		"arm_L": {
			"change": { "name": "arm_L", "x": -55.46, "y": -13.79, "rotation": -173.21, "width": 300, "height": 300 }
		},
		"arm_L_light": {
			"change": { "name": "arm_L_light", "x": -54.36, "y": -13.09, "rotation": -173.21, "width": 300, "height": 300 }
		},
		"arm_R": {
			"change": { "name": "arm_R", "x": -59.97, "y": 41.38, "rotation": 26.32, "width": 300, "height": 300 }
		},
		"arm_R_light": {
			"change": { "name": "arm_R_light", "x": -59.97, "y": 41.38, "rotation": 26.32, "width": 300, "height": 300 }
		}
	}
},
"events": {
	"Antiaircraft": {},
	"attack_point": {},
	"damage_point": {},
	"throw_point": {}
},
"animations": {
	"Antiaircraft": {
		"slots": {
			"DS_light": {
				"attachment": [
					{ "time": 0, "name": null },
					{ "time": 0.0666, "name": "change" },
					{ "time": 0.5, "name": null },
					{ "time": 0.6, "name": "change" },
					{ "time": 1.2666, "name": null },
					{ "time": 1.3666, "name": "change" },
					{ "time": 2, "name": null }
				],
				"color": [
					{ "time": 0.0666, "color": "fffffffd" },
					{ "time": 0.1666, "color": "ffffff00" },
					{ "time": 0.2, "color": "ffffffff" },
					{ "time": 0.3333, "color": "ffffff00" },
					{ "time": 0.3666, "color": "ffffffff" },
					{ "time": 0.4666, "color": "ffffff00" },
					{ "time": 0.6, "color": "ffffffff" },
					{ "time": 0.7333, "color": "ffffff00" },
					{ "time": 0.8, "color": "ffffffff" },
					{ "time": 0.9, "color": "ffffff00" },
					{ "time": 0.9666, "color": "ffffffff" },
					{ "time": 1.1, "color": "ffffff00" },
					{ "time": 1.1333, "color": "ffffffff" },
					{ "time": 1.2333, "color": "ffffff00" },
					{ "time": 1.3666, "color": "ffffffff" },
					{ "time": 1.4666, "color": "ffffff00" },
					{ "time": 1.5333, "color": "ffffffff" },
					{ "time": 1.6333, "color": "ffffff00" },
					{ "time": 1.7, "color": "ffffffff" },
					{ "time": 1.8333, "color": "ffffff00" },
					{ "time": 1.8666, "color": "ffffffff" },
					{ "time": 1.9666, "color": "ffffff00" }
				]
			},
			"DX_light": {
				"attachment": [
					{ "time": 0, "name": null },
					{ "time": 0.0666, "name": "DX_light" },
					{ "time": 0.5, "name": null },
					{ "time": 0.6, "name": "DX_light" },
					{ "time": 1.2666, "name": null },
					{ "time": 1.3666, "name": "DX_light" },
					{ "time": 2, "name": null }
				],
				"color": [
					{ "time": 0.0666, "color": "fffffffd" },
					{ "time": 0.1666, "color": "ffffff00" },
					{ "time": 0.2, "color": "ffffffff" },
					{ "time": 0.3333, "color": "ffffff00" },
					{ "time": 0.3666, "color": "ffffffff" },
					{ "time": 0.4666, "color": "ffffff00" },
					{ "time": 0.6, "color": "ffffffff" },
					{ "time": 0.7333, "color": "ffffff00" },
					{ "time": 0.8, "color": "ffffffff" },
					{ "time": 0.9, "color": "ffffff00" },
					{ "time": 0.9666, "color": "ffffffff" },
					{ "time": 1.1, "color": "ffffff00" },
					{ "time": 1.1333, "color": "ffffffff" },
					{ "time": 1.2333, "color": "ffffff00" },
					{ "time": 1.3666, "color": "ffffffff" },
					{ "time": 1.4666, "color": "ffffff00" },
					{ "time": 1.5333, "color": "ffffffff" },
					{ "time": 1.6333, "color": "ffffff00" },
					{ "time": 1.7, "color": "ffffffff" },
					{ "time": 1.8333, "color": "ffffff00" },
					{ "time": 1.8666, "color": "ffffffff" },
					{ "time": 1.9666, "color": "ffffff00" }
				]
			},
			"Light_Body": {
				"attachment": [
					{ "time": 0, "name": null },
					{ "time": 0.0666, "name": "change" },
					{ "time": 0.5, "name": null },
					{ "time": 0.6, "name": "change" },
					{ "time": 1.2666, "name": null },
					{ "time": 1.3666, "name": "change" },
					{ "time": 2, "name": null }
				],
				"color": [
					{ "time": 0.0666, "color": "fffffffd" },
					{ "time": 0.1666, "color": "ffffff00" },
					{ "time": 0.2, "color": "ffffffff" },
					{ "time": 0.3333, "color": "ffffff00" },
					{ "time": 0.3666, "color": "ffffffff" },
					{ "time": 0.4666, "color": "ffffff00" },
					{ "time": 0.6, "color": "ffffffff" },
					{ "time": 0.7333, "color": "ffffff00" },
					{ "time": 0.8, "color": "ffffffff" },
					{ "time": 0.9, "color": "ffffff00" },
					{ "time": 0.9666, "color": "ffffffff" },
					{ "time": 1.1, "color": "ffffff00" },
					{ "time": 1.1333, "color": "ffffffff" },
					{ "time": 1.2333, "color": "ffffff00" },
					{ "time": 1.3666, "color": "ffffffff" },
					{ "time": 1.4666, "color": "ffffff00" },
					{ "time": 1.5333, "color": "ffffffff" },
					{ "time": 1.6333, "color": "ffffff00" },
					{ "time": 1.7, "color": "ffffffff" },
					{ "time": 1.8333, "color": "ffffff00" },
					{ "time": 1.8666, "color": "ffffffff" },
					{ "time": 1.9666, "color": "ffffff00" }
				]
			},
			"Rodney_body_normal": {
				"attachment": [
					{ "time": 0, "name": "Body_Change" }
				]
			},
			"arm_L_light": {
				"attachment": [
					{ "time": 0, "name": null },
					{ "time": 0.0666, "name": "change" }
				],
				"color": [
					{ "time": 0.0666, "color": "fffffffd" },
					{ "time": 0.1666, "color": "ffffff00" },
					{ "time": 0.2, "color": "ffffffff" },
					{ "time": 0.3333, "color": "ffffff00" },
					{ "time": 0.3666, "color": "ffffffff" },
					{ "time": 0.4666, "color": "ffffff00" },
					{ "time": 0.6, "color": "ffffffff" },
					{ "time": 0.7333, "color": "ffffff00" },
					{ "time": 0.8, "color": "ffffffff" },
					{ "time": 0.9, "color": "ffffff00" },
					{ "time": 0.9666, "color": "ffffffff" },
					{ "time": 1.1, "color": "ffffff00" },
					{ "time": 1.1333, "color": "ffffffff" },
					{ "time": 1.2333, "color": "ffffff00" },
					{ "time": 1.3666, "color": "ffffffff" },
					{ "time": 1.4666, "color": "ffffff00" },
					{ "time": 1.5333, "color": "ffffffff" },
					{ "time": 1.6333, "color": "ffffff00" },
					{ "time": 1.7, "color": "ffffffff" },
					{ "time": 1.8333, "color": "ffffff00" },
					{ "time": 1.8666, "color": "ffffffff" },
					{ "time": 1.9666, "color": "ffffff00" }
				]
			},
			"arm_R_light": {
				"attachment": [
					{ "time": 0, "name": null },
					{ "time": 0.0666, "name": "change" },
					{ "time": 0.5, "name": null },
					{ "time": 0.6, "name": "change" },
					{ "time": 1.2666, "name": null },
					{ "time": 1.3666, "name": "change" },
					{ "time": 2, "name": null }
				],
				"color": [
					{ "time": 0.0666, "color": "fffffffd" },
					{ "time": 0.1666, "color": "ffffff00" },
					{ "time": 0.2, "color": "ffffffff" },
					{ "time": 0.3333, "color": "ffffff00" },
					{ "time": 0.3666, "color": "ffffffff" },
					{ "time": 0.4666, "color": "ffffff00" },
					{ "time": 0.6, "color": "ffffffff" },
					{ "time": 0.7333, "color": "ffffff00" },
					{ "time": 0.8, "color": "ffffffff" },
					{ "time": 0.9, "color": "ffffff00" },
					{ "time": 0.9666, "color": "ffffffff" },
					{ "time": 1.1, "color": "ffffff00" },
					{ "time": 1.1333, "color": "ffffffff" },
					{ "time": 1.2333, "color": "ffffff00" },
					{ "time": 1.3666, "color": "ffffffff" },
					{ "time": 1.4666, "color": "ffffff00" },
					{ "time": 1.5333, "color": "ffffffff" },
					{ "time": 1.6333, "color": "ffffff00" },
					{ "time": 1.7, "color": "ffffffff" },
					{ "time": 1.8333, "color": "ffffff00" },
					{ "time": 1.8666, "color": "ffffffff" },
					{ "time": 1.9666, "color": "ffffff00" }
				]
			},
			"head_light": {
				"attachment": [
					{ "time": 0, "name": null },
					{ "time": 0.0666, "name": "head_light" }
				],
				"color": [
					{ "time": 0.0666, "color": "fffffffd" },
					{ "time": 0.1666, "color": "ffffff00" },
					{ "time": 0.2, "color": "ffffffff" },
					{ "time": 0.3333, "color": "ffffff00" },
					{ "time": 0.3666, "color": "ffffffff" },
					{ "time": 0.4666, "color": "ffffff00" },
					{ "time": 0.6, "color": "ffffffff" },
					{ "time": 0.7333, "color": "ffffff00" },
					{ "time": 0.8, "color": "ffffffff" },
					{ "time": 0.9, "color": "ffffff00" },
					{ "time": 0.9666, "color": "ffffffff" },
					{ "time": 1.1, "color": "ffffff00" },
					{ "time": 1.1333, "color": "ffffffff" },
					{ "time": 1.2333, "color": "ffffff00" },
					{ "time": 1.3666, "color": "ffffffff" },
					{ "time": 1.4666, "color": "ffffff00" },
					{ "time": 1.5333, "color": "ffffffff" },
					{ "time": 1.6333, "color": "ffffff00" },
					{ "time": 1.7, "color": "ffffffff" },
					{ "time": 1.8333, "color": "ffffff00" },
					{ "time": 1.8666, "color": "ffffffff" },
					{ "time": 1.9666, "color": "ffffff00" }
				]
			},
			"pilot_light": {
				"attachment": [
					{ "time": 0, "name": null },
					{ "time": 0.0666, "name": "pilot_light" },
					{ "time": 0.5, "name": null },
					{ "time": 0.6, "name": "change" },
					{ "time": 0.6666, "name": null },
					{ "time": 1, "name": null },
					{ "time": 1.2666, "name": null },
					{ "time": 1.3666, "name": "change" },
					{ "time": 2, "name": null }
				],
				"color": [
					{ "time": 0.0666, "color": "fffffffd" },
					{ "time": 0.1666, "color": "ffffff00" },
					{ "time": 0.2, "color": "ffffffff" },
					{ "time": 0.3333, "color": "ffffff00" },
					{ "time": 0.3666, "color": "ffffffff" },
					{ "time": 0.4666, "color": "ffffff00" },
					{ "time": 0.6, "color": "ffffffff" },
					{ "time": 0.7333, "color": "ffffff00" },
					{ "time": 0.8, "color": "ffffffff" },
					{ "time": 0.9, "color": "ffffff00" },
					{ "time": 0.9666, "color": "ffffffff" },
					{ "time": 1.1, "color": "ffffff00" },
					{ "time": 1.1333, "color": "ffffffff" },
					{ "time": 1.2333, "color": "ffffff00" },
					{ "time": 1.3666, "color": "ffffffff" },
					{ "time": 1.4666, "color": "ffffff00" },
					{ "time": 1.5333, "color": "ffffffff" },
					{ "time": 1.6333, "color": "ffffff00" },
					{ "time": 1.7, "color": "ffffffff" },
					{ "time": 1.8333, "color": "ffffff00" },
					{ "time": 1.8666, "color": "ffffffff" },
					{ "time": 1.9666, "color": "ffffff00" }
				]
			}
		},
		"bones": {
			"Body": {
				"rotate": [
					{ "time": 0, "angle": 0, "curve": "stepped" },
					{ "time": 2, "angle": 0 }
				],
				"translate": [
					{ "time": 0, "x": 0, "y": 0, "curve": "stepped" },
					{ "time": 2, "x": 0, "y": 0 }
				]
			},
			"Root_All": {
				"rotate": [
					{ "time": 0, "angle": 0, "curve": "stepped" },
					{ "time": 2, "angle": 0 }
				],
				"translate": [
					{
						"time": 0,
						"x": 0,
						"y": 0,
						"curve": [ 0.255, 0.35, 0.6, 0.7 ]
					},
					{
						"time": 0.5,
						"x": 0,
						"y": -9.82,
						"curve": [ 0.3, 0.39, 0.641, 0.74 ]
					},
					{
						"time": 1,
						"x": 0,
						"y": -15.66,
						"curve": [ 0.322, 0.37, 0.652, 0.7 ]
					},
					{
						"time": 1.5,
						"x": 0,
						"y": -7.79,
						"curve": [ 0.314, 0.36, 0.644, 0.68 ]
					},
					{ "time": 2, "x": 0, "y": 0 }
				]
			},
			"Ship_All": {
				"rotate": [
					{ "time": 0, "angle": 0, "curve": "stepped" },
					{ "time": 2, "angle": 0 }
				],
				"translate": [
					{ "time": 0, "x": 0, "y": 0, "curve": "stepped" },
					{ "time": 2, "x": 0, "y": 0 }
				]
			},
			"Face": {
				"rotate": [
					{ "time": 0, "angle": 0, "curve": "stepped" },
					{ "time": 2, "angle": 0 }
				],
				"translate": [
					{
						"time": 0,
						"x": 0,
						"y": 0,
						"curve": [ 0.286, 0.34, 0.623, 0.67 ]
					},
					{
						"time": 0.5,
						"x": 0.64,
						"y": 0,
						"curve": [ 0.282, 0.37, 0.624, 0.71 ]
					},
					{
						"time": 1.5,
						"x": -1.28,
						"y": 0,
						"curve": [ 0.321, 0.37, 0.656, 0.71 ]
					},
					{ "time": 2, "x": 0, "y": 0 }
				]
			},
			"Head": {
				"rotate": [
					{ "time": 0, "angle": 0 },
					{ "time": 0.5, "angle": -3.17 },
					{ "time": 1, "angle": 0 },
					{ "time": 1.5, "angle": 0.89 },
					{ "time": 2, "angle": 0 }
				],
				"translate": [
					{ "time": 0, "x": 0, "y": 0, "curve": "stepped" },
					{ "time": 1, "x": 0, "y": 0, "curve": "stepped" },
					{ "time": 2, "x": 0, "y": 0 }
				]
			},
			"BB": {
				"rotate": [
					{ "time": 0, "angle": 0, "curve": "stepped" },
					{ "time": 2, "angle": 0 }
				],
				"translate": [
					{ "time": 0, "x": 0, "y": 0 },
					{ "time": 1, "x": 1.33, "y": 0 },
					{ "time": 2, "x": 0, "y": 0 }
				]
			},
			"br": {
				"rotate": [
					{ "time": 0, "angle": 0 },
					{ "time": 0.5, "angle": -5.04 },
					{ "time": 1.5, "angle": 4.62 },
					{ "time": 2, "angle": 0 }
				],
				"translate": [
					{ "time": 0, "x": 0, "y": 0 },
					{ "time": 0.5, "x": 0.75, "y": -0.99 },
					{ "time": 1.5, "x": -1.3, "y": -0.99 },
					{ "time": 2, "x": 0, "y": 0 }
				]
			},
			"bl": {
				"rotate": [
					{ "time": 0, "angle": 0 },
					{ "time": 0.5, "angle": 6.83 },
					{ "time": 1.5, "angle": -3.22 },
					{ "time": 2, "angle": 0 }
				],
				"translate": [
					{ "time": 0, "x": 0, "y": 0 },
					{ "time": 0.5, "x": 1.61, "y": 0.96 },
					{ "time": 1.5, "x": -0.71, "y": 1.96 },
					{ "time": 2, "x": 0, "y": 0 }
				]
			},
			"b2": {
				"rotate": [
					{ "time": 0, "angle": 0 },
					{ "time": 1.5, "angle": 6 },
					{ "time": 2, "angle": 0 }
				],
				"translate": [
					{ "time": 0, "x": 0, "y": 0 },
					{ "time": 0.5, "x": 0.87, "y": -0.11 },
					{ "time": 1.5, "x": -1.76, "y": 0.23 },
					{ "time": 2, "x": 0, "y": 0 }
				]
			},
			"b1": {
				"rotate": [
					{ "time": 0, "angle": 0 },
					{ "time": 1.5, "angle": -3.83 },
					{ "time": 2, "angle": 0 }
				],
				"translate": [
					{ "time": 0, "x": 0, "y": 0 },
					{ "time": 0.5, "x": 0.58, "y": -0.07 },
					{ "time": 1.5, "x": -1.86, "y": 0.25 },
					{ "time": 2, "x": 0, "y": 0 }
				]
			},
			"Arm_R": {
				"rotate": [
					{ "time": 0, "angle": 0 },
					{ "time": 1, "angle": 3.04 },
					{ "time": 2, "angle": 0 }
				],
				"translate": [
					{ "time": 0, "x": 0, "y": 0 },
					{ "time": 1, "x": -0.79, "y": -0.68 },
					{ "time": 2, "x": 0, "y": 0 }
				]
			},
			"Arm_L": {
				"rotate": [
					{ "time": 0, "angle": 0 },
					{ "time": 1, "angle": -8.01 },
					{ "time": 2, "angle": 0 }
				],
				"translate": [
					{ "time": 0, "x": 0, "y": 0 },
					{ "time": 1, "x": 4.15, "y": 4.86 },
					{ "time": 2, "x": 0, "y": 0 }
				]
			},
			"DS": {
				"rotate": [
					{ "time": 0, "angle": 0 },
					{ "time": 0.6666, "angle": -10.1 },
					{ "time": 1.3333, "angle": 4.56 },
					{ "time": 2, "angle": 0 }
				],
				"translate": [
					{ "time": 0, "x": 0, "y": 0, "curve": "stepped" },
					{ "time": 2, "x": 0, "y": 0 }
				]
			},
			"DX": {
				"rotate": [
					{ "time": 0, "angle": 0 },
					{ "time": 0.6666, "angle": 6.98 },
					{ "time": 1.3333, "angle": -5.89 },
					{ "time": 2, "angle": 0 }
				],
				"translate": [
					{ "time": 0, "x": 0, "y": 0, "curve": "stepped" },
					{ "time": 2, "x": 0, "y": 0 }
				]
			},
			"DDDDD": {
				"rotate": [
					{ "time": 0, "angle": 0 },
					{ "time": 1, "angle": 3.63 },
					{ "time": 2, "angle": 0 }
				],
				"translate": [
					{ "time": 0, "x": 0, "y": 0 },
					{ "time": 0.6666, "x": -5.08, "y": -3.47 },
					{ "time": 1, "x": 2.77, "y": 0 },
					{ "time": 1.3333, "x": -6.47, "y": -4.16 },
					{ "time": 2, "x": 0, "y": 0 }
				]
			},
			"Hand_L2": {
				"rotate": [
					{ "time": 0, "angle": 0 },
					{ "time": 1, "angle": -7.15 },
					{ "time": 2, "angle": 0 }
				],
				"translate": [
					{ "time": 0, "x": 0, "y": 0, "curve": "stepped" },
					{ "time": 2, "x": 0, "y": 0 }
				]
			},
			"Hand_L1": {
				"rotate": [
					{ "time": 0, "angle": 0 },
					{ "time": 1, "angle": -3.94 },
					{ "time": 2, "angle": 0 }
				],
				"translate": [
					{ "time": 0, "x": 0, "y": 0, "curve": "stepped" },
					{ "time": 2, "x": 0, "y": 0 }
				]
			},
			"Hand_R": {
				"rotate": [
					{ "time": 0, "angle": 0 },
					{ "time": 1, "angle": 5.56 },
					{ "time": 2, "angle": 0 }
				],
				"translate": [
					{ "time": 0, "x": 0, "y": 0, "curve": "stepped" },
					{ "time": 2, "x": 0, "y": 0 }
				]
			},
			"hair_1": {
				"rotate": [
					{ "time": 0, "angle": 0 },
					{ "time": 1, "angle": -4.72 },
					{ "time": 2, "angle": 0 }
				],
				"translate": [
					{ "time": 0, "x": 0, "y": 0, "curve": "stepped" },
					{ "time": 2, "x": 0, "y": 0 }
				]
			},
			"hair_4": {
				"rotate": [
					{ "time": 0, "angle": 0 },
					{ "time": 1, "angle": 11.41 },
					{ "time": 2, "angle": 0 }
				],
				"translate": [
					{ "time": 0, "x": 0, "y": 0, "curve": "stepped" },
					{ "time": 2, "x": 0, "y": 0 }
				]
			},
			"hair_3": {
				"rotate": [
					{ "time": 0, "angle": 0 },
					{ "time": 1, "angle": 19.02 },
					{ "time": 2, "angle": 0 }
				],
				"translate": [
					{ "time": 0, "x": 0, "y": 0, "curve": "stepped" },
					{ "time": 2, "x": 0, "y": 0 }
				]
			},
			"hair_2": {
				"rotate": [
					{ "time": 0, "angle": 0 },
					{ "time": 1, "angle": 12.23 },
					{ "time": 2, "angle": 0 }
				],
				"translate": [
					{ "time": 0, "x": 0, "y": 0, "curve": "stepped" },
					{ "time": 2, "x": 0, "y": 0 }
				]
			}
		},
		"events": [
			{ "time": 0.0666, "name": "Antiaircraft" }
		]
	},
	"attack": {
		"slots": {
			"DS_light": {
				"attachment": [
					{ "time": 0, "name": null },
					{ "time": 0.0666, "name": "change" },
					{ "time": 0.1, "name": "change" }
				],
				"color": [
					{ "time": 0.5333, "color": "fffffffb" },
					{ "time": 0.8333, "color": "ffffff00" }
				]
			},
			"DX_light": {
				"attachment": [
					{ "time": 0, "name": null },
					{ "time": 0.0666, "name": "DX_light" },
					{ "time": 0.1, "name": "DX_light" }
				],
				"color": [
					{ "time": 0.5333, "color": "fffffffb" },
					{ "time": 0.8333, "color": "ffffff00" }
				]
			},
			"Light_Body": {
				"attachment": [
					{ "time": 0, "name": null },
					{ "time": 0.0666, "name": null },
					{ "time": 0.1, "name": "change" }
				],
				"color": [
					{ "time": 0.5333, "color": "fffffffb" },
					{ "time": 0.8333, "color": "ffffff00" }
				]
			},
			"Rodney_body_normal": {
				"attachment": [
					{ "time": 0, "name": "Body_Change" },
					{ "time": 0.9, "name": "Body_Change" }
				]
			},
			"arm_L_light": {
				"attachment": [
					{ "time": 0, "name": null },
					{ "time": 0.0666, "name": "change" },
					{ "time": 0.1, "name": "change" },
					{ "time": 0.1666, "name": "change" }
				],
				"color": [
					{ "time": 0.5333, "color": "fffffffb" },
					{ "time": 0.8333, "color": "ffffff00" }
				]
			},
			"arm_R_light": {
				"attachment": [
					{ "time": 0, "name": null },
					{ "time": 0.0666, "name": "change" }
				],
				"color": [
					{ "time": 0.5333, "color": "fffffffb" },
					{ "time": 0.8333, "color": "ffffff00" }
				]
			},
			"head_light": {
				"attachment": [
					{ "time": 0, "name": null },
					{ "time": 0.0666, "name": "head_light" }
				],
				"color": [
					{ "time": 0.5333, "color": "fffffffb" },
					{ "time": 0.8333, "color": "ffffff00" }
				]
			},
			"pilot_light": {
				"attachment": [
					{ "time": 0, "name": null },
					{ "time": 0.0666, "name": "pilot_light" },
					{ "time": 0.1, "name": null }
				],
				"color": [
					{ "time": 0.5333, "color": "fffffffb" },
					{ "time": 0.8333, "color": "ffffff00" }
				]
			}
		},
		"bones": {
			"Root_All": {
				"rotate": [
					{ "time": 0, "angle": 0, "curve": "stepped" },
					{ "time": 1.6666, "angle": 0 }
				],
				"translate": [
					{
						"time": 0,
						"x": 0,
						"y": 0,
						"curve": [ 0.255, 0.35, 0.6, 0.7 ]
					},
					{ "time": 0.0666, "x": 8.69, "y": 0 },
					{ "time": 0.1666, "x": -87.44, "y": 0 },
					{ "time": 0.3333, "x": -61.04, "y": 0 },
					{ "time": 0.5333, "x": -69.84, "y": 0 },
					{ "time": 1, "x": -85.6, "y": 0 },
					{ "time": 1.4, "x": 15.07, "y": 0 },
					{ "time": 1.6666, "x": 0, "y": 0 }
				]
			},
			"Face": {
				"rotate": [
					{ "time": 0, "angle": 0, "curve": "stepped" },
					{ "time": 1.6666, "angle": 0 }
				],
				"translate": [
					{
						"time": 0,
						"x": 0,
						"y": 0,
						"curve": [ 0.286, 0.34, 0.623, 0.67 ]
					},
					{ "time": 0.1666, "x": 0, "y": 3.4 },
					{ "time": 0.3333, "x": 0, "y": -0.66 },
					{ "time": 0.9, "x": 0, "y": -1.2 },
					{ "time": 1, "x": 0, "y": -0.44 },
					{ "time": 1.6666, "x": 0, "y": 0 }
				]
			},
			"Ship_All": {
				"rotate": [
					{ "time": 0, "angle": 0, "curve": "stepped" },
					{ "time": 1.6666, "angle": 0 }
				],
				"translate": [
					{ "time": 0, "x": 0, "y": 0, "curve": "stepped" },
					{ "time": 1.6666, "x": 0, "y": 0 }
				]
			},
			"Body": {
				"rotate": [
					{ "time": 0, "angle": 0, "curve": "stepped" },
					{ "time": 1.6666, "angle": 0 }
				],
				"translate": [
					{ "time": 0, "x": 0, "y": 0, "curve": "stepped" },
					{ "time": 1.6666, "x": 0, "y": 0 }
				]
			},
			"Attack_Point": {
				"rotate": [
					{ "time": 0.0666, "angle": 0 }
				],
				"translate": [
					{ "time": 0.0666, "x": 0, "y": 0 }
				]
			},
			"Head": {
				"rotate": [
					{ "time": 0, "angle": 0 },
					{ "time": 0.8333, "angle": -5.02 },
					{ "time": 1.3333, "angle": 1.69 },
					{ "time": 1.6666, "angle": 0 }
				],
				"translate": [
					{ "time": 0, "x": 0, "y": 0, "curve": "stepped" },
					{ "time": 1.6666, "x": 0, "y": 0 }
				]
			},
			"BB": {
				"rotate": [
					{ "time": 0, "angle": 0, "curve": "stepped" },
					{ "time": 1.6666, "angle": 0 }
				],
				"translate": [
					{ "time": 0, "x": 0, "y": 0 },
					{ "time": 0.3333, "x": 1.78, "y": 0 },
					{ "time": 0.5, "x": -1.22, "y": 0 },
					{ "time": 0.6666, "x": 1.41, "y": 0 },
					{ "time": 0.8333, "x": -0.75, "y": 0 },
					{ "time": 1.6666, "x": 0, "y": 0 }
				]
			},
			"br": {
				"rotate": [
					{ "time": 0, "angle": 0 },
					{ "time": 0.5, "angle": -4.98 },
					{ "time": 1.1666, "angle": 5.71 },
					{ "time": 1.6666, "angle": 0 }
				],
				"translate": [
					{ "time": 0, "x": 0, "y": 0 },
					{ "time": 0.5, "x": 1.12, "y": 1.27 },
					{ "time": 1.1666, "x": -3.45, "y": -0.04 },
					{ "time": 1.6666, "x": 0, "y": 0 }
				]
			},
			"bl": {
				"rotate": [
					{ "time": 0, "angle": 0 },
					{ "time": 0.5, "angle": -5.08 },
					{ "time": 1.1666, "angle": -5.27 },
					{ "time": 1.6666, "angle": 0 }
				],
				"translate": [
					{ "time": 0, "x": 0, "y": 0 },
					{ "time": 0.5, "x": 4.38, "y": 0.83 },
					{ "time": 1.1666, "x": -1.76, "y": 1.91 },
					{ "time": 1.6666, "x": 0, "y": 0 }
				]
			},
			"b2": {
				"rotate": [
					{ "time": 0, "angle": 0 },
					{ "time": 0.5, "angle": 4.87 },
					{ "time": 1.1666, "angle": -7.01 },
					{ "time": 1.6666, "angle": 0 }
				],
				"translate": [
					{ "time": 0, "x": 0, "y": 0 },
					{ "time": 0.5, "x": 2.33, "y": -0.31 },
					{ "time": 1.1666, "x": -1.52, "y": -1.21 },
					{ "time": 1.6666, "x": 0, "y": 0 }
				]
			},
			"b1": {
				"rotate": [
					{ "time": 0, "angle": 0 },
					{ "time": 0.5, "angle": -6.45 },
					{ "time": 1.1666, "angle": 3.16 },
					{ "time": 1.6666, "angle": 0 }
				],
				"translate": [
					{ "time": 0, "x": 0, "y": 0 },
					{ "time": 0.5, "x": 1.86, "y": -0.25 },
					{ "time": 1.1666, "x": -0.75, "y": 2.47 },
					{ "time": 1.6666, "x": 0, "y": 0 }
				]
			},
			"Arm_R": {
				"rotate": [
					{ "time": 0, "angle": 0 },
					{ "time": 0.1666, "angle": 80.74 },
					{ "time": 0.3333, "angle": -207.05 },
					{ "time": 0.4333, "angle": -70.52 },
					{ "time": 0.6, "angle": 7.09, "curve": "stepped" },
					{ "time": 0.7333, "angle": 7.09 },
					{ "time": 0.9333, "angle": -4.64 },
					{ "time": 1.6666, "angle": 0 }
				],
				"translate": [
					{ "time": 0, "x": 0, "y": 0 },
					{ "time": 0.0666, "x": 36.57, "y": 30.75 },
					{ "time": 0.1666, "x": -23.74, "y": 45.06 },
					{ "time": 0.3333, "x": -13.81, "y": -5.79 },
					{ "time": 0.4333, "x": 14.58, "y": -13.38 },
					{ "time": 0.6, "x": -5.71, "y": -3.7, "curve": "stepped" },
					{ "time": 0.7333, "x": -5.71, "y": -3.7 },
					{ "time": 0.9333, "x": 0.1, "y": -3.92 },
					{ "time": 1.6666, "x": 0, "y": 0 }
				]
			},
			"Arm_L": {
				"rotate": [
					{ "time": 0, "angle": 0 },
					{ "time": 0.3333, "angle": -23.68 },
					{ "time": 1.6666, "angle": 0 }
				],
				"translate": [
					{ "time": 0, "x": 0, "y": 0, "curve": "stepped" },
					{ "time": 1.6666, "x": 0, "y": 0 }
				]
			},
			"Hand_R": {
				"rotate": [
					{ "time": 0, "angle": 0 },
					{ "time": 0.1666, "angle": 24.37 },
					{ "time": 0.3333, "angle": 48.79 },
					{ "time": 0.6666, "angle": 49.94 },
					{ "time": 0.8333, "angle": 39.39 },
					{ "time": 1.6666, "angle": 0 }
				],
				"translate": [
					{ "time": 0, "x": 0, "y": 0 },
					{ "time": 0.1666, "x": 3.33, "y": 3.33 },
					{ "time": 0.6666, "x": 5.56, "y": 7.23 },
					{ "time": 1.6666, "x": 0, "y": 0 }
				]
			},
			"DS": {
				"rotate": [
					{ "time": 0, "angle": 0 },
					{ "time": 0.1333, "angle": -11.66 },
					{ "time": 0.3333, "angle": -7.29 },
					{ "time": 1.6666, "angle": 0 }
				],
				"translate": [
					{ "time": 0, "x": 0, "y": 0, "curve": "stepped" },
					{ "time": 1.6666, "x": 0, "y": 0 }
				]
			},
			"DX": {
				"rotate": [
					{ "time": 0, "angle": 0 },
					{ "time": 0.1333, "angle": 11.03 },
					{ "time": 0.3333, "angle": -16.03 },
					{ "time": 1.6666, "angle": 0 }
				],
				"translate": [
					{ "time": 0, "x": 0, "y": 0, "curve": "stepped" },
					{ "time": 1.6666, "x": 0, "y": 0 }
				]
			},
			"Hand_L2": {
				"rotate": [
					{ "time": 0, "angle": 0 },
					{ "time": 0.1666, "angle": -38.55 },
					{ "time": 0.8333, "angle": -39.78 },
					{ "time": 1.3333, "angle": -5.58 },
					{ "time": 1.6666, "angle": 0 }
				],
				"translate": [
					{ "time": 0, "x": 0, "y": 0, "curve": "stepped" },
					{ "time": 1.6666, "x": 0, "y": 0 }
				]
			},
			"DDDDD": {
				"rotate": [
					{ "time": 0, "angle": 0 },
					{ "time": 0.6666, "angle": 12.68 },
					{ "time": 1.3333, "angle": -2 },
					{ "time": 1.6666, "angle": 0 }
				],
				"translate": [
					{ "time": 0, "x": 0, "y": 0 },
					{ "time": 1.3333, "x": -7.11, "y": -8 },
					{ "time": 1.6666, "x": 0, "y": 0 }
				]
			},
			"hair_1": {
				"rotate": [
					{ "time": 0, "angle": 0 },
					{ "time": 0.5, "angle": 11.95 },
					{ "time": 1.1666, "angle": -14.96 },
					{ "time": 1.6666, "angle": 0 }
				],
				"translate": [
					{ "time": 0, "x": 0, "y": 0, "curve": "stepped" },
					{ "time": 1.6666, "x": 0, "y": 0 }
				]
			},
			"hair_4": {
				"rotate": [
					{ "time": 0, "angle": 0 },
					{ "time": 0.5, "angle": 11.95 },
					{ "time": 1.1666, "angle": -3.46 },
					{ "time": 1.6666, "angle": 0 }
				],
				"translate": [
					{ "time": 0, "x": 0, "y": 0, "curve": "stepped" },
					{ "time": 1.6666, "x": 0, "y": 0 }
				]
			},
			"hair_3": {
				"rotate": [
					{ "time": 0, "angle": 0 },
					{ "time": 0.5, "angle": 11.95 },
					{ "time": 1.1666, "angle": -3.46 },
					{ "time": 1.6666, "angle": 0 }
				],
				"translate": [
					{ "time": 0, "x": 0, "y": 0, "curve": "stepped" },
					{ "time": 1.6666, "x": 0, "y": 0 }
				]
			},
			"hair_2": {
				"rotate": [
					{ "time": 0, "angle": 0 },
					{ "time": 0.5, "angle": 11.95 },
					{ "time": 1.1666, "angle": -3.46 },
					{ "time": 1.6666, "angle": 0 }
				],
				"translate": [
					{ "time": 0, "x": 0, "y": 0, "curve": "stepped" },
					{ "time": 1.6666, "x": 0, "y": 0 }
				]
			}
		},
		"events": [
			{ "time": 0.1666, "name": "attack_point" }
		]
	},
	"damage": {
		"slots": {
			"BB": {
				"color": [
					{ "time": 0.0666, "color": "8c4c51ff", "curve": "stepped" },
					{ "time": 0.7666, "color": "8c4c51ff" },
					{ "time": 1.1333, "color": "ffffffff" }
				]
			},
			"DS": {
				"color": [
					{ "time": 0.0666, "color": "8c4c51ff", "curve": "stepped" },
					{ "time": 0.7666, "color": "8c4c51ff" },
					{ "time": 1.1333, "color": "ffffffff" }
				]
			},
			"DS_light": {
				"attachment": [
					{ "time": 0, "name": null },
					{ "time": 0.0666, "name": "change" },
					{ "time": 0.7666, "name": null }
				],
				"color": [
					{ "time": 0.5333, "color": "fffffffc" },
					{ "time": 0.7666, "color": "ffffff00" }
				]
			},
			"DX": {
				"color": [
					{ "time": 0.0666, "color": "8c4c51ff", "curve": "stepped" },
					{ "time": 0.7666, "color": "8c4c51ff" },
					{ "time": 1.1333, "color": "ffffffff" }
				]
			},
			"DX_light": {
				"attachment": [
					{ "time": 0, "name": null },
					{ "time": 0.0666, "name": "DX_light" },
					{ "time": 0.7666, "name": null }
				],
				"color": [
					{ "time": 0.5333, "color": "fffffffc" },
					{ "time": 0.7666, "color": "ffffff00" }
				]
			},
			"Light_Body": {
				"attachment": [
					{ "time": 0, "name": null },
					{ "time": 0.0666, "name": "change" },
					{ "time": 0.7666, "name": null }
				],
				"color": [
					{ "time": 0.5333, "color": "fffffffc" },
					{ "time": 0.7666, "color": "ffffff00" }
				]
			},
			"Rodney_body_normal": {
				"attachment": [
					{ "time": 0, "name": "Body_Change" },
					{ "time": 0.8666, "name": "Body_Change" }
				],
				"color": [
					{ "time": 0.0666, "color": "8c4c51ff", "curve": "stepped" },
					{ "time": 0.7666, "color": "8c4c51ff" },
					{ "time": 1.1333, "color": "ffffffff" }
				]
			},
			"Rodney_eyes_normal": {
				"attachment": [
					{ "time": 0.0666, "name": "Rodney_eyes_damage" },
					{ "time": 1.1333, "name": "Rodney_eyes_normal" }
				],
				"color": [
					{ "time": 0.0666, "color": "8c4c51ff", "curve": "stepped" },
					{ "time": 0.7666, "color": "8c4c51ff" },
					{ "time": 1.1333, "color": "ffffffff" }
				]
			},
			"arm_L": {
				"color": [
					{ "time": 0.0666, "color": "8c4c51ff", "curve": "stepped" },
					{ "time": 0.7666, "color": "8c4c51ff" },
					{ "time": 1.1333, "color": "ffffffff" }
				]
			},
			"arm_L_light": {
				"attachment": [
					{ "time": 0, "name": null },
					{ "time": 0.0666, "name": "change" },
					{ "time": 0.3333, "name": "change" },
					{ "time": 0.7666, "name": null }
				],
				"color": [
					{ "time": 0.5333, "color": "fffffffc" },
					{ "time": 0.7666, "color": "ffffff00" }
				]
			},
			"arm_R": {
				"color": [
					{ "time": 0.0666, "color": "8c4c51ff", "curve": "stepped" },
					{ "time": 0.7666, "color": "8c4c51ff" },
					{ "time": 1.1333, "color": "ffffffff" }
				]
			},
			"arm_R_light": {
				"attachment": [
					{ "time": 0, "name": null },
					{ "time": 0.0666, "name": "change" },
					{ "time": 0.3333, "name": "change" },
					{ "time": 0.5, "name": "change" },
					{ "time": 0.7666, "name": null }
				],
				"color": [
					{ "time": 0.5333, "color": "fffffffc" },
					{ "time": 0.7666, "color": "ffffff00" }
				]
			},
			"hair": {
				"color": [
					{ "time": 0.0666, "color": "8c4c51ff", "curve": "stepped" },
					{ "time": 0.7666, "color": "8c4c51ff" },
					{ "time": 1.1333, "color": "ffffffff" }
				]
			},
			"hand_L1": {
				"color": [
					{ "time": 0.0666, "color": "8c4c51ff", "curve": "stepped" },
					{ "time": 0.7666, "color": "8c4c51ff" },
					{ "time": 1.1333, "color": "ffffffff" }
				]
			},
			"hand_L2": {
				"color": [
					{ "time": 0.0666, "color": "8c4c51ff", "curve": "stepped" },
					{ "time": 0.7666, "color": "8c4c51ff" },
					{ "time": 1.1333, "color": "ffffffff" }
				]
			},
			"head": {
				"color": [
					{ "time": 0.0666, "color": "8c4c51ff", "curve": "stepped" },
					{ "time": 0.7666, "color": "8c4c51ff" },
					{ "time": 1.1333, "color": "ffffffff" }
				]
			},
			"head_light": {
				"attachment": [
					{ "time": 0, "name": null },
					{ "time": 0.0666, "name": "head_light" }
				],
				"color": [
					{ "time": 0.5333, "color": "fffffffc" },
					{ "time": 0.7666, "color": "ffffff00" }
				]
			},
			"pilot": {
				"color": [
					{ "time": 0.0666, "color": "8c4c51ff", "curve": "stepped" },
					{ "time": 0.7666, "color": "8c4c51ff" },
					{ "time": 1.1333, "color": "ffffffff" }
				]
			},
			"pilot_light": {
				"attachment": [
					{ "time": 0, "name": null },
					{ "time": 0.0666, "name": "pilot_light" },
					{ "time": 0.7666, "name": null }
				],
				"color": [
					{ "time": 0.5333, "color": "fffffffc" },
					{ "time": 0.7666, "color": "ffffff00" }
				]
			}
		},
		"bones": {
			"Root_All": {
				"rotate": [
					{ "time": 0, "angle": 0, "curve": "stepped" },
					{ "time": 1.1666, "angle": 0 }
				],
				"translate": [
					{
						"time": 0,
						"x": 0,
						"y": 0,
						"curve": [ 0.255, 0.35, 0.6, 0.7 ]
					},
					{ "time": 0.0666, "x": -27.67, "y": -23.16 },
					{ "time": 0.1333, "x": 20.98, "y": 15.35 },
					{ "time": 0.2333, "x": -19.78, "y": -15.62 },
					{ "time": 0.3666, "x": 14.36, "y": 8.59 },
					{ "time": 0.5666, "x": -3.37, "y": -4.5 },
					{ "time": 0.8666, "x": 5.63, "y": 2.25 },
					{ "time": 1.1666, "x": 0, "y": 0 }
				]
			},
			"Face": {
				"rotate": [
					{ "time": 0, "angle": 0, "curve": "stepped" },
					{ "time": 1.1666, "angle": 0 }
				],
				"translate": [
					{
						"time": 0,
						"x": 0,
						"y": 0,
						"curve": [ 0.286, 0.34, 0.623, 0.67 ]
					},
					{ "time": 0.0666, "x": -5.44, "y": 0 },
					{ "time": 0.1333, "x": -0.44, "y": 0 },
					{ "time": 0.2333, "x": -5.06, "y": 0 },
					{ "time": 0.3666, "x": -2.01, "y": 0 },
					{ "time": 1.1666, "x": 0, "y": 0 }
				]
			},
			"Ship_All": {
				"rotate": [
					{ "time": 0, "angle": 0, "curve": "stepped" },
					{ "time": 1.1666, "angle": 0 }
				],
				"translate": [
					{ "time": 0, "x": 0, "y": 0, "curve": "stepped" },
					{ "time": 1.1666, "x": 0, "y": 0 }
				]
			},
			"Body": {
				"rotate": [
					{ "time": 0, "angle": 0, "curve": "stepped" },
					{ "time": 1.1666, "angle": 0 }
				],
				"translate": [
					{
						"time": 0,
						"x": 0,
						"y": 0,
						"curve": [ 0.304, 0.33, 0.638, 0.67 ]
					},
					{
						"time": 0.1666,
						"x": -46.23,
						"y": -4.44,
						"curve": [ 0.248, 0.41, 0.609, 0.77 ]
					},
					{ "time": 1.1666, "x": 0, "y": 0 }
				]
			},
			"Damage_Point": {
				"rotate": [
					{ "time": 0.0666, "angle": 0 }
				],
				"translate": [
					{ "time": 0.0666, "x": 0, "y": 0 }
				]
			},
			"BB": {
				"rotate": [
					{ "time": 0, "angle": 0, "curve": "stepped" },
					{ "time": 1.1666, "angle": 0 }
				],
				"translate": [
					{ "time": 0, "x": 0, "y": 0 },
					{ "time": 0.6666, "x": 0.96, "y": 0 },
					{ "time": 0.8333, "x": -1.15, "y": 0 },
					{ "time": 1, "x": 1.54, "y": 0 },
					{ "time": 1.1666, "x": 0, "y": 0 }
				]
			},
			"Head": {
				"rotate": [
					{ "time": 0, "angle": 0 },
					{ "time": 0.1666, "angle": -13.6 },
					{ "time": 0.4, "angle": -5.58 },
					{ "time": 0.8333, "angle": -12.61 },
					{ "time": 0.9333, "angle": -3.55 },
					{ "time": 1.1666, "angle": 0 }
				],
				"translate": [
					{ "time": 0, "x": 0, "y": 0, "curve": "stepped" },
					{ "time": 1.1666, "x": 0, "y": 0 }
				]
			},
			"br": {
				"rotate": [
					{ "time": 0, "angle": 0 },
					{ "time": 0.5, "angle": 5.79 },
					{ "time": 0.6666, "angle": 5.17 },
					{ "time": 0.8333, "angle": 5.79 },
					{ "time": 1.1666, "angle": 0 }
				],
				"translate": [
					{ "time": 0, "x": 0, "y": 0 },
					{ "time": 0.5, "x": 1.43, "y": -0.19 },
					{ "time": 0.6666, "x": -1.66, "y": -2.21 },
					{ "time": 0.8333, "x": 1.43, "y": -0.19 },
					{ "time": 1.1666, "x": 0, "y": 0 }
				]
			},
			"bl": {
				"rotate": [
					{ "time": 0, "angle": 0 },
					{ "time": 0.5, "angle": 2.18 },
					{ "time": 0.6666, "angle": -4.82 },
					{ "time": 0.8333, "angle": 2.18 },
					{ "time": 1.1666, "angle": 0 }
				],
				"translate": [
					{ "time": 0, "x": 0, "y": 0 },
					{ "time": 0.5, "x": 1.78, "y": -1.21 },
					{ "time": 0.6666, "x": -0.87, "y": 2.16 },
					{ "time": 0.8333, "x": 1.78, "y": -1.21 },
					{ "time": 1.1666, "x": 0, "y": 0 }
				]
			},
			"b2": {
				"rotate": [
					{ "time": 0, "angle": 0 },
					{ "time": 0.5, "angle": 2.56 },
					{ "time": 0.6666, "angle": -4.26 },
					{ "time": 0.8333, "angle": 2.56 },
					{ "time": 1.1666, "angle": 0 }
				],
				"translate": [
					{ "time": 0, "x": 0, "y": 0 },
					{ "time": 0.5, "x": 1.43, "y": -0.19 },
					{ "time": 0.6666, "x": -0.38, "y": 0.05 },
					{ "time": 0.8333, "x": 1.43, "y": -0.19 },
					{ "time": 1.1666, "x": 0, "y": 0 }
				]
			},
			"b1": {
				"rotate": [
					{ "time": 0, "angle": 0 },
					{ "time": 0.5, "angle": -5.79 },
					{ "time": 0.6666, "angle": 0.32 },
					{ "time": 0.8333, "angle": -5.79 },
					{ "time": 1.1666, "angle": 0 }
				],
				"translate": [
					{ "time": 0, "x": 0, "y": 0 },
					{ "time": 0.5, "x": 0.95, "y": -0.12 },
					{ "time": 0.6666, "x": -0.85, "y": 1.57 },
					{ "time": 0.8333, "x": 0.95, "y": -0.12 },
					{ "time": 1.1666, "x": 0, "y": 0 }
				]
			},
			"Arm_R": {
				"rotate": [
					{ "time": 0, "angle": 0 },
					{ "time": 0.1666, "angle": -3.08 },
					{ "time": 0.3333, "angle": 12.31 },
					{ "time": 0.5, "angle": 2.96 },
					{ "time": 1.1666, "angle": 0 }
				],
				"translate": [
					{ "time": 0, "x": 0, "y": 0 },
					{ "time": 0.5, "x": -3.88, "y": 12.34 },
					{ "time": 1.1666, "x": 0, "y": 0 }
				]
			},
			"Arm_L": {
				"rotate": [
					{ "time": 0, "angle": 0 },
					{ "time": 0.0333, "angle": 19.32 },
					{ "time": 0.3333, "angle": 24.63 },
					{ "time": 0.5, "angle": 29.68 },
					{ "time": 1, "angle": 19.32 },
					{ "time": 1.0333, "angle": 0, "curve": "stepped" },
					{ "time": 1.1666, "angle": 0 }
				],
				"translate": [
					{ "time": 0, "x": 0, "y": 0 },
					{ "time": 0.0333, "x": -25.24, "y": -33.38 },
					{ "time": 0.5, "x": -26.69, "y": -27.59 },
					{ "time": 1, "x": -25.24, "y": -33.38 },
					{ "time": 1.0333, "x": 0, "y": 0, "curve": "stepped" },
					{ "time": 1.1666, "x": 0, "y": 0 }
				],
				"scale": [
					{ "time": 0, "x": 1, "y": 1 },
					{ "time": 0.0333, "x": -1.151, "y": 1.165, "curve": "stepped" },
					{ "time": 1, "x": -1.151, "y": 1.165 },
					{ "time": 1.0333, "x": 1, "y": 1, "curve": "stepped" },
					{ "time": 1.1666, "x": 1, "y": 1 }
				]
			},
			"DS": {
				"rotate": [
					{ "time": 0, "angle": 0 },
					{ "time": 0.0333, "angle": 64.11 },
					{ "time": 0.1666, "angle": 50.71 },
					{ "time": 0.3333, "angle": 49.5 },
					{ "time": 0.5, "angle": 54.91 },
					{ "time": 1, "angle": 64.11 },
					{ "time": 1.0333, "angle": 0, "curve": "stepped" },
					{ "time": 1.1666, "angle": 0 }
				],
				"translate": [
					{ "time": 0, "x": 0, "y": 0, "curve": "stepped" },
					{ "time": 1.0333, "x": 0, "y": 0, "curve": "stepped" },
					{ "time": 1.1666, "x": 0, "y": 0 }
				],
				"scale": [
					{ "time": 0, "x": 1, "y": 1 },
					{ "time": 0.0333, "x": -1.225, "y": 1, "curve": "stepped" },
					{ "time": 1, "x": -1.225, "y": 1 },
					{ "time": 1.0333, "x": 1, "y": 1, "curve": "stepped" },
					{ "time": 1.1666, "x": 1, "y": 1 }
				]
			},
			"DX": {
				"rotate": [
					{ "time": 0, "angle": 0 },
					{ "time": 0.0333, "angle": 26.64 },
					{ "time": 0.1666, "angle": 37.62 },
					{ "time": 0.3333, "angle": 29.96 },
					{ "time": 0.5, "angle": 33.45 },
					{ "time": 1, "angle": 26.64 },
					{ "time": 1.0333, "angle": 0, "curve": "stepped" },
					{ "time": 1.1666, "angle": 0 }
				],
				"translate": [
					{ "time": 0, "x": 0, "y": 0 },
					{ "time": 0.0333, "x": 11.85, "y": 6.66, "curve": "stepped" },
					{ "time": 1, "x": 11.85, "y": 6.66 },
					{ "time": 1.0333, "x": 0, "y": 0, "curve": "stepped" },
					{ "time": 1.1666, "x": 0, "y": 0 }
				],
				"scale": [
					{ "time": 0, "x": 1, "y": 1 },
					{ "time": 0.0333, "x": 1, "y": -1.17, "curve": "stepped" },
					{ "time": 1, "x": 1, "y": -1.17 },
					{ "time": 1.0333, "x": 1, "y": 1, "curve": "stepped" },
					{ "time": 1.1666, "x": 1, "y": 1 }
				]
			},
			"hair_1": {
				"rotate": [
					{ "time": 0, "angle": 0 },
					{ "time": 0.1666, "angle": 253.45 },
					{ "time": 0.3333, "angle": 250.65 },
					{ "time": 0.5, "angle": 254.42 },
					{ "time": 0.8333, "angle": 280.06 },
					{ "time": 1.1666, "angle": 0 }
				],
				"translate": [
					{ "time": 0, "x": 0, "y": 0, "curve": "stepped" },
					{ "time": 1.1666, "x": 0, "y": 0 }
				]
			},
			"Hand_L2": {
				"rotate": [
					{ "time": 0, "angle": 0 },
					{ "time": 0.0333, "angle": -257.84 },
					{ "time": 1, "angle": -286.17 },
					{ "time": 1.0333, "angle": -12 },
					{ "time": 1.1666, "angle": 0 }
				],
				"translate": [
					{ "time": 0, "x": 0, "y": 0 },
					{ "time": 0.0333, "x": 3.55, "y": -1.77 },
					{ "time": 1.1666, "x": 0, "y": 0 }
				]
			},
			"Hand_L1": {
				"rotate": [
					{ "time": 0, "angle": 0 },
					{ "time": 0.0333, "angle": -103.01 },
					{ "time": 0.0666, "angle": -80.45 },
					{ "time": 0.1666, "angle": -104.31 },
					{ "time": 0.3333, "angle": -83.62 },
					{ "time": 1, "angle": -78.82 },
					{ "time": 1.0333, "angle": -10.66 },
					{ "time": 1.1666, "angle": 0 }
				],
				"translate": [
					{ "time": 0, "x": 0, "y": 0 },
					{ "time": 0.0333, "x": 7.56, "y": 13.09 },
					{ "time": 1.1666, "x": 0, "y": 0 }
				]
			},
			"DDDDD": {
				"rotate": [
					{ "time": 0, "angle": 0, "curve": "stepped" },
					{ "time": 1.1666, "angle": 0 }
				],
				"translate": [
					{ "time": 0, "x": 0, "y": 0 },
					{ "time": 0.0333, "x": -24.89, "y": -65.79 },
					{ "time": 0.3333, "x": -21.86, "y": -20.81 },
					{ "time": 0.6666, "x": -19.34, "y": -45.38 },
					{ "time": 1.1666, "x": 0, "y": 0 }
				],
				"scale": [
					{ "time": 0, "x": 1, "y": 1 },
					{ "time": 0.0333, "x": 1.003, "y": 1.163 },
					{ "time": 0.1, "x": 0.824, "y": 0.949 },
					{ "time": 0.1666, "x": 1.189, "y": 1.362 },
					{ "time": 0.8333, "x": 1.147, "y": 1.186 },
					{ "time": 1.1666, "x": 1, "y": 1 }
				]
			},
			"Hand_R": {
				"rotate": [
					{ "time": 0, "angle": 0 },
					{ "time": 0.1666, "angle": 28.57 },
					{ "time": 0.3333, "angle": 10.3 },
					{ "time": 0.5, "angle": 21.99 },
					{ "time": 1.1666, "angle": 0 }
				],
				"translate": [
					{ "time": 0, "x": 0, "y": 0, "curve": "stepped" },
					{ "time": 1.1666, "x": 0, "y": 0 }
				]
			},
			"hair_4": {
				"rotate": [
					{ "time": 0, "angle": 0 },
					{ "time": 0.5, "angle": 6.47 },
					{ "time": 0.8333, "angle": 17.53 },
					{ "time": 1, "angle": 8.16 },
					{ "time": 1.1666, "angle": 0 }
				],
				"translate": [
					{ "time": 0, "x": 0, "y": 0, "curve": "stepped" },
					{ "time": 1.1666, "x": 0, "y": 0 }
				]
			},
			"hair_3": {
				"rotate": [
					{ "time": 0, "angle": 0 },
					{ "time": 0.3333, "angle": -13.53 },
					{ "time": 0.5, "angle": 6.47 },
					{ "time": 0.8333, "angle": 25.99 },
					{ "time": 1, "angle": 8.16 },
					{ "time": 1.1666, "angle": 0 }
				],
				"translate": [
					{ "time": 0, "x": 0, "y": 0, "curve": "stepped" },
					{ "time": 1.1666, "x": 0, "y": 0 }
				]
			},
			"hair_2": {
				"rotate": [
					{ "time": 0, "angle": 0 },
					{ "time": 0.3333, "angle": -24.25 },
					{ "time": 0.5, "angle": 15.07 },
					{ "time": 0.8333, "angle": 17.85 },
					{ "time": 1, "angle": 8.16 },
					{ "time": 1.1666, "angle": 0 }
				],
				"translate": [
					{ "time": 0, "x": 0, "y": 0, "curve": "stepped" },
					{ "time": 1.1666, "x": 0, "y": 0 }
				]
			}
		},
		"events": [
			{ "time": 0.1, "name": "damage_point" }
		]
	},
	"normal": {
		"slots": {
			"DS_light": {
				"attachment": [
					{ "time": 0, "name": null }
				]
			},
			"DX_light": {
				"attachment": [
					{ "time": 0, "name": null }
				]
			},
			"Light_Body": {
				"attachment": [
					{ "time": 0, "name": null }
				]
			},
			"Rodney_body_normal": {
				"attachment": [
					{ "time": 0, "name": "Body_Change" }
				]
			},
			"arm_L_light": {
				"attachment": [
					{ "time": 0, "name": null }
				]
			},
			"arm_R_light": {
				"attachment": [
					{ "time": 0, "name": null }
				]
			},
			"head_light": {
				"attachment": [
					{ "time": 0, "name": null }
				]
			},
			"pilot_light": {
				"attachment": [
					{ "time": 0, "name": null }
				]
			}
		},
		"bones": {
			"Hand_L2": {
				"rotate": [
					{ "time": 0, "angle": 0 },
					{ "time": 1, "angle": -7.15 },
					{ "time": 2, "angle": 0 }
				],
				"translate": [
					{ "time": 0, "x": 0, "y": 0, "curve": "stepped" },
					{ "time": 2, "x": 0, "y": 0 }
				]
			},
			"Arm_R": {
				"rotate": [
					{ "time": 0, "angle": 0 },
					{ "time": 1, "angle": 3.04 },
					{ "time": 2, "angle": 0 }
				],
				"translate": [
					{ "time": 0, "x": 0, "y": 0 },
					{ "time": 1, "x": -0.79, "y": -0.68 },
					{ "time": 2, "x": 0, "y": 0 }
				]
			},
			"Root_All": {
				"rotate": [
					{ "time": 0, "angle": 0, "curve": "stepped" },
					{ "time": 2, "angle": 0 }
				],
				"translate": [
					{
						"time": 0,
						"x": 0,
						"y": 0,
						"curve": [ 0.255, 0.35, 0.6, 0.7 ]
					},
					{
						"time": 0.5,
						"x": 0,
						"y": -9.82,
						"curve": [ 0.3, 0.39, 0.641, 0.74 ]
					},
					{
						"time": 1,
						"x": 0,
						"y": -15.66,
						"curve": [ 0.322, 0.37, 0.652, 0.7 ]
					},
					{
						"time": 1.5,
						"x": 0,
						"y": -7.79,
						"curve": [ 0.314, 0.36, 0.644, 0.68 ]
					},
					{ "time": 2, "x": 0, "y": 0 }
				]
			},
			"DX": {
				"rotate": [
					{ "time": 0, "angle": 0 },
					{ "time": 0.6666, "angle": -3.28 },
					{ "time": 1.3333, "angle": -5.89 },
					{ "time": 2, "angle": 0 }
				],
				"translate": [
					{ "time": 0, "x": 0, "y": 0, "curve": "stepped" },
					{ "time": 2, "x": 0, "y": 0 }
				]
			},
			"Head": {
				"rotate": [
					{ "time": 0, "angle": 0 },
					{ "time": 0.5, "angle": -1.52 },
					{ "time": 1, "angle": 0 },
					{ "time": 1.5, "angle": 0.89 },
					{ "time": 2, "angle": 0 }
				],
				"translate": [
					{ "time": 0, "x": 0, "y": 0, "curve": "stepped" },
					{ "time": 1, "x": 0, "y": 0, "curve": "stepped" },
					{ "time": 2, "x": 0, "y": 0 }
				]
			},
			"b1": {
				"rotate": [
					{ "time": 0, "angle": 0 },
					{ "time": 1.5, "angle": -3.83 },
					{ "time": 2, "angle": 0 }
				],
				"translate": [
					{ "time": 0, "x": 0, "y": 0 },
					{ "time": 0.5, "x": 0.58, "y": -0.07 },
					{ "time": 1.5, "x": -1.86, "y": 0.25 },
					{ "time": 2, "x": 0, "y": 0 }
				]
			},
			"DDDDD": {
				"rotate": [
					{ "time": 0, "angle": 0 },
					{ "time": 1, "angle": 3.63 },
					{ "time": 2, "angle": 0 }
				],
				"translate": [
					{ "time": 0, "x": 0, "y": 0 },
					{ "time": 0.6666, "x": -5.08, "y": -3.47 },
					{ "time": 1, "x": 2.77, "y": 0 },
					{ "time": 1.3333, "x": -6.47, "y": -4.16 },
					{ "time": 2, "x": 0, "y": 0 }
				]
			},
			"Body": {
				"rotate": [
					{ "time": 0, "angle": 0, "curve": "stepped" },
					{ "time": 2, "angle": 0 }
				],
				"translate": [
					{ "time": 0, "x": 0, "y": 0, "curve": "stepped" },
					{ "time": 2, "x": 0, "y": 0 }
				]
			},
			"Arm_L": {
				"rotate": [
					{ "time": 0, "angle": 0 },
					{ "time": 1, "angle": -8.01 },
					{ "time": 2, "angle": 0 }
				],
				"translate": [
					{ "time": 0, "x": 0, "y": 0 },
					{ "time": 1, "x": 4.15, "y": 4.86 },
					{ "time": 2, "x": 0, "y": 0 }
				]
			},
			"b2": {
				"rotate": [
					{ "time": 0, "angle": 0 },
					{ "time": 1.5, "angle": 6 },
					{ "time": 2, "angle": 0 }
				],
				"translate": [
					{ "time": 0, "x": 0, "y": 0 },
					{ "time": 0.5, "x": 0.87, "y": -0.11 },
					{ "time": 1.5, "x": -1.76, "y": 0.23 },
					{ "time": 2, "x": 0, "y": 0 }
				]
			},
			"hair_3": {
				"rotate": [
					{ "time": 0, "angle": 0 },
					{ "time": 1, "angle": 19.02 },
					{ "time": 2, "angle": 0 }
				],
				"translate": [
					{ "time": 0, "x": 0, "y": 0, "curve": "stepped" },
					{ "time": 2, "x": 0, "y": 0 }
				]
			},
			"DS": {
				"rotate": [
					{ "time": 0, "angle": 0 },
					{ "time": 0.6666, "angle": -4.27 },
					{ "time": 1.3333, "angle": 4.56 },
					{ "time": 2, "angle": 0 }
				],
				"translate": [
					{ "time": 0, "x": 0, "y": 0, "curve": "stepped" },
					{ "time": 2, "x": 0, "y": 0 }
				]
			},
			"hair_1": {
				"rotate": [
					{ "time": 0, "angle": 0 },
					{ "time": 1, "angle": -4.72 },
					{ "time": 2, "angle": 0 }
				],
				"translate": [
					{ "time": 0, "x": 0, "y": 0, "curve": "stepped" },
					{ "time": 2, "x": 0, "y": 0 }
				]
			},
			"Face": {
				"rotate": [
					{ "time": 0, "angle": 0, "curve": "stepped" },
					{ "time": 2, "angle": 0 }
				],
				"translate": [
					{
						"time": 0,
						"x": 0,
						"y": 0,
						"curve": [ 0.286, 0.34, 0.623, 0.67 ]
					},
					{
						"time": 0.5,
						"x": 0.64,
						"y": 0,
						"curve": [ 0.282, 0.37, 0.624, 0.71 ]
					},
					{
						"time": 1.5,
						"x": -1.28,
						"y": 0,
						"curve": [ 0.321, 0.37, 0.656, 0.71 ]
					},
					{ "time": 2, "x": 0, "y": 0 }
				]
			},
			"br": {
				"rotate": [
					{ "time": 0, "angle": 0 },
					{ "time": 0.5, "angle": -5.04 },
					{ "time": 1.5, "angle": 4.62 },
					{ "time": 2, "angle": 0 }
				],
				"translate": [
					{ "time": 0, "x": 0, "y": 0 },
					{ "time": 0.5, "x": 0.75, "y": -0.99 },
					{ "time": 1.5, "x": -1.3, "y": -0.99 },
					{ "time": 2, "x": 0, "y": 0 }
				]
			},
			"BB": {
				"rotate": [
					{ "time": 0, "angle": 0, "curve": "stepped" },
					{ "time": 2, "angle": 0 }
				],
				"translate": [
					{ "time": 0, "x": 0, "y": 0 },
					{ "time": 1, "x": 1.33, "y": 0 },
					{ "time": 2, "x": 0, "y": 0 }
				]
			},
			"Ship_All": {
				"rotate": [
					{ "time": 0, "angle": 0, "curve": "stepped" },
					{ "time": 2, "angle": 0 }
				],
				"translate": [
					{ "time": 0, "x": 0, "y": 0, "curve": "stepped" },
					{ "time": 2, "x": 0, "y": 0 }
				]
			},
			"hair_2": {
				"rotate": [
					{ "time": 0, "angle": 0 },
					{ "time": 1, "angle": 12.23 },
					{ "time": 2, "angle": 0 }
				],
				"translate": [
					{ "time": 0, "x": 0, "y": 0, "curve": "stepped" },
					{ "time": 2, "x": 0, "y": 0 }
				]
			},
			"Hand_L1": {
				"rotate": [
					{ "time": 0, "angle": 0 },
					{ "time": 1, "angle": -3.94 },
					{ "time": 2, "angle": 0 }
				],
				"translate": [
					{ "time": 0, "x": 0, "y": 0, "curve": "stepped" },
					{ "time": 2, "x": 0, "y": 0 }
				]
			},
			"bl": {
				"rotate": [
					{ "time": 0, "angle": 0 },
					{ "time": 0.5, "angle": 6.83 },
					{ "time": 1.5, "angle": -3.22 },
					{ "time": 2, "angle": 0 }
				],
				"translate": [
					{ "time": 0, "x": 0, "y": 0 },
					{ "time": 0.5, "x": 1.61, "y": 0.96 },
					{ "time": 1.5, "x": -0.71, "y": 1.96 },
					{ "time": 2, "x": 0, "y": 0 }
				]
			},
			"Hand_R": {
				"rotate": [
					{ "time": 0, "angle": 0 },
					{ "time": 1, "angle": 5.56 },
					{ "time": 2, "angle": 0 }
				],
				"translate": [
					{ "time": 0, "x": 0, "y": 0, "curve": "stepped" },
					{ "time": 2, "x": 0, "y": 0 }
				]
			},
			"hair_4": {
				"rotate": [
					{ "time": 0, "angle": 0 },
					{ "time": 1, "angle": 11.41 },
					{ "time": 2, "angle": 0 }
				],
				"translate": [
					{ "time": 0, "x": 0, "y": 0, "curve": "stepped" },
					{ "time": 2, "x": 0, "y": 0 }
				]
			}
		}
	},
	"throw": {
		"slots": {
			"Light_Body": {
				"attachment": [
					{ "time": 0, "name": null }
				]
			},
			"Rodney_body_normal": {
				"attachment": [
					{ "time": 0, "name": "Body_Change" }
				]
			},
			"head_light": {
				"attachment": [
					{ "time": 0, "name": null }
				]
			}
		},
		"bones": {
			"Face": {
				"rotate": [
					{ "time": 0, "angle": 0, "curve": "stepped" },
					{ "time": 1.3333, "angle": 0 }
				],
				"translate": [
					{
						"time": 0,
						"x": 0,
						"y": 0,
						"curve": [ 0.286, 0.34, 0.623, 0.67 ]
					},
					{ "time": 0.3333, "x": 0, "y": -0.7 },
					{ "time": 0.5666, "x": 0, "y": 0.14 },
					{ "time": 1.3333, "x": 0, "y": 0 }
				]
			},
			"Root_All": {
				"rotate": [
					{ "time": 0, "angle": 0, "curve": "stepped" },
					{ "time": 1.3333, "angle": 0 }
				],
				"translate": [
					{
						"time": 0,
						"x": 0,
						"y": 0,
						"curve": [ 0.255, 0.35, 0.6, 0.7 ]
					},
					{ "time": 0.6333, "x": -66.66, "y": 0 },
					{ "time": 0.9666, "x": -10.42, "y": -12.42 },
					{ "time": 1.3333, "x": 0, "y": 0 }
				]
			},
			"Body": {
				"rotate": [
					{
						"time": 0,
						"angle": 0,
						"curve": [ 0.219, 0.41, 0.591, 0.77 ]
					},
					{
						"time": 0.6333,
						"angle": -3.17,
						"curve": [ 0.32, 0.36, 0.653, 0.69 ]
					},
					{
						"time": 0.7333,
						"angle": 0.61,
						"curve": [ 0.319, 0.37, 0.652, 0.7 ]
					},
					{
						"time": 0.9666,
						"angle": -1.72,
						"curve": [ 0.32, 0.38, 0.654, 0.71 ]
					},
					{ "time": 1.3333, "angle": 0 }
				],
				"translate": [
					{
						"time": 0,
						"x": 0,
						"y": 0,
						"curve": [ 0.219, 0.41, 0.591, 0.77 ]
					},
					{
						"time": 0.3333,
						"x": -15.86,
						"y": 0,
						"curve": [ 0.193, 0.39, 0.58, 0.9 ]
					},
					{
						"time": 0.5666,
						"x": -19.36,
						"y": 0,
						"curve": [ 0.142, 0.42, 0.647, 0.94 ]
					},
					{ "time": 0.6333, "x": 92.18, "y": -6.3 },
					{ "time": 0.7333, "x": 111.33, "y": 0 },
					{ "time": 1.3333, "x": 0, "y": 0 }
				]
			},
			"Ship_All": {
				"rotate": [
					{ "time": 0, "angle": 0, "curve": "stepped" },
					{ "time": 1.3333, "angle": 0 }
				],
				"translate": [
					{ "time": 0, "x": 0, "y": 0, "curve": "stepped" },
					{ "time": 1.3333, "x": 0, "y": 0 }
				]
			},
			"Throw_Point": {
				"rotate": [
					{ "time": 0.6333, "angle": 0 }
				],
				"translate": [
					{ "time": 0.6333, "x": 0, "y": 0 }
				]
			},
			"Head": {
				"rotate": [
					{ "time": 0, "angle": 0 },
					{ "time": 0.3333, "angle": 0.25 },
					{ "time": 0.8333, "angle": -5.25 },
					{ "time": 1.3333, "angle": 0 }
				],
				"translate": [
					{ "time": 0, "x": 0, "y": 0, "curve": "stepped" },
					{ "time": 1.3333, "x": 0, "y": 0 }
				]
			},
			"BB": {
				"rotate": [
					{ "time": 0, "angle": 0, "curve": "stepped" },
					{ "time": 1.3333, "angle": 0 }
				],
				"translate": [
					{ "time": 0, "x": 0, "y": 0 },
					{ "time": 0.3333, "x": 0.84, "y": -1.55 },
					{ "time": 1.3333, "x": 0, "y": 0 }
				]
			},
			"br": {
				"rotate": [
					{ "time": 0, "angle": 0 },
					{ "time": 0.5, "angle": -0.96 },
					{ "time": 0.6666, "angle": 2.83 },
					{ "time": 0.9333, "angle": -0.96 },
					{ "time": 1.1666, "angle": 2.83 },
					{ "time": 1.3333, "angle": 0 }
				],
				"translate": [
					{ "time": 0, "x": 0, "y": 0 },
					{ "time": 0.5, "x": 1.64, "y": 0.65 },
					{ "time": 0.6666, "x": -1.95, "y": -1.84 },
					{ "time": 0.9333, "x": 1.64, "y": 0.65 },
					{ "time": 1.1666, "x": -1.95, "y": -1.84 },
					{ "time": 1.3333, "x": 0, "y": 0 }
				]
			},
			"bl": {
				"rotate": [
					{ "time": 0, "angle": 0 },
					{ "time": 0.5, "angle": 4.9 },
					{ "time": 0.6666, "angle": -1.13 },
					{ "time": 0.9333, "angle": 4.9 },
					{ "time": 1.1666, "angle": -1.13 },
					{ "time": 1.3333, "angle": 0 }
				],
				"translate": [
					{ "time": 0, "x": 0, "y": 0 },
					{ "time": 0.5, "x": 0.72, "y": -0.85 },
					{ "time": 0.6666, "x": -1.03, "y": 2.18 },
					{ "time": 0.9333, "x": 0.72, "y": -0.85 },
					{ "time": 1.1666, "x": -1.03, "y": 2.18 },
					{ "time": 1.3333, "x": 0, "y": 0 }
				]
			},
			"b2": {
				"rotate": [
					{ "time": 0, "angle": 0 },
					{ "time": 0.6666, "angle": 0.85, "curve": "stepped" },
					{ "time": 1.1666, "angle": 0.85 },
					{ "time": 1.3333, "angle": 0 }
				],
				"translate": [
					{ "time": 0, "x": 0, "y": 0 },
					{ "time": 0.5, "x": 1.44, "y": -1.71 },
					{ "time": 0.6666, "x": -0.99, "y": -0.51 },
					{ "time": 0.9333, "x": 1.44, "y": -1.71 },
					{ "time": 1.1666, "x": -0.99, "y": -0.51 },
					{ "time": 1.3333, "x": 0, "y": 0 }
				]
			},
			"b1": {
				"rotate": [
					{ "time": 0, "angle": 0 },
					{ "time": 0.6666, "angle": -1.79, "curve": "stepped" },
					{ "time": 1.1666, "angle": -1.79 },
					{ "time": 1.3333, "angle": 0 }
				],
				"translate": [
					{ "time": 0, "x": 0, "y": 0 },
					{ "time": 0.5, "x": 1.5, "y": -0.92 },
					{ "time": 0.6666, "x": -1.41, "y": 3.03 },
					{ "time": 0.9333, "x": 1.5, "y": -0.92 },
					{ "time": 1.1666, "x": -1.41, "y": 3.03 },
					{ "time": 1.3333, "x": 0, "y": 0 }
				]
			}
		},
		"events": [
			{ "time": 0.5666, "name": "throw_point" }
		]
	},
	"wreck": {
		"slots": {
			"DS_light": {
				"attachment": [
					{ "time": 0, "name": null }
				]
			},
			"DX_light": {
				"attachment": [
					{ "time": 0, "name": null }
				]
			},
			"Light_Body": {
				"attachment": [
					{ "time": 0, "name": null }
				]
			},
			"Rodney_body_normal": {
				"attachment": [
					{ "time": 0, "name": "Body_Change" }
				]
			},
			"Rodney_eyes_normal": {
				"attachment": [
					{ "time": 0, "name": "Rodney_eyes_damage" }
				]
			},
			"arm_L_light": {
				"attachment": [
					{ "time": 0, "name": null }
				]
			},
			"arm_R_light": {
				"attachment": [
					{ "time": 0, "name": null }
				]
			},
			"head_light": {
				"attachment": [
					{ "time": 0, "name": null }
				]
			},
			"pilot_light": {
				"attachment": [
					{ "time": 0, "name": null }
				]
			}
		},
		"bones": {
			"b1": {
				"rotate": [
					{ "time": 0, "angle": 0 },
					{ "time": 1.5, "angle": -3.83 },
					{ "time": 2, "angle": 0 }
				],
				"translate": [
					{ "time": 0, "x": 0, "y": 0 },
					{ "time": 0.5, "x": 0.58, "y": -0.07 },
					{ "time": 1.5, "x": -1.86, "y": 0.25 },
					{ "time": 2, "x": 0, "y": 0 }
				]
			},
			"Body": {
				"rotate": [
					{ "time": 0, "angle": 0, "curve": "stepped" },
					{ "time": 2, "angle": 0 }
				],
				"translate": [
					{ "time": 0, "x": 0, "y": 0, "curve": "stepped" },
					{ "time": 2, "x": 0, "y": 0 }
				]
			},
			"hair_4": {
				"rotate": [
					{ "time": 0, "angle": 0 },
					{ "time": 1, "angle": 11.41 },
					{ "time": 2, "angle": 0 }
				],
				"translate": [
					{ "time": 0, "x": 0, "y": 0, "curve": "stepped" },
					{ "time": 2, "x": 0, "y": 0 }
				]
			},
			"bl": {
				"rotate": [
					{ "time": 0, "angle": 0 },
					{ "time": 0.5, "angle": 6.83 },
					{ "time": 1.5, "angle": -3.22 },
					{ "time": 2, "angle": 0 }
				],
				"translate": [
					{ "time": 0, "x": 0, "y": 0 },
					{ "time": 0.5, "x": 1.61, "y": 0.96 },
					{ "time": 1.5, "x": -0.71, "y": 1.96 },
					{ "time": 2, "x": 0, "y": 0 }
				]
			},
			"Root_All": {
				"rotate": [
					{ "time": 0, "angle": 0, "curve": "stepped" },
					{ "time": 2, "angle": 0 }
				],
				"translate": [
					{
						"time": 0,
						"x": 0,
						"y": 0,
						"curve": [ 0.255, 0.35, 0.6, 0.7 ]
					},
					{
						"time": 0.5,
						"x": 0,
						"y": -9.82,
						"curve": [ 0.3, 0.39, 0.641, 0.74 ]
					},
					{
						"time": 1,
						"x": 0,
						"y": -15.66,
						"curve": [ 0.322, 0.37, 0.652, 0.7 ]
					},
					{
						"time": 1.5,
						"x": 0,
						"y": -7.79,
						"curve": [ 0.314, 0.36, 0.644, 0.68 ]
					},
					{ "time": 2, "x": 0, "y": 0 }
				]
			},
			"Arm_R": {
				"rotate": [
					{ "time": 0, "angle": 0 },
					{ "time": 1, "angle": 3.04 },
					{ "time": 2, "angle": 0 }
				],
				"translate": [
					{ "time": 0, "x": 0, "y": 0 },
					{ "time": 1, "x": -0.79, "y": -0.68 },
					{ "time": 2, "x": 0, "y": 0 }
				]
			},
			"Hand_L2": {
				"rotate": [
					{ "time": 0, "angle": 0 },
					{ "time": 1, "angle": -7.15 },
					{ "time": 2, "angle": 0 }
				],
				"translate": [
					{ "time": 0, "x": 0, "y": 0, "curve": "stepped" },
					{ "time": 2, "x": 0, "y": 0 }
				]
			},
			"DDDDD": {
				"rotate": [
					{ "time": 0, "angle": 0 },
					{ "time": 0.6666, "angle": 19.43 },
					{ "time": 1, "angle": 3.63 },
					{ "time": 1.3333, "angle": -11.14 },
					{ "time": 2, "angle": 0 }
				],
				"translate": [
					{ "time": 0, "x": 0, "y": 0 },
					{ "time": 0.6666, "x": -5.08, "y": -3.47 },
					{ "time": 1, "x": 2.77, "y": 0 },
					{ "time": 1.3333, "x": -6.47, "y": -4.16 },
					{ "time": 2, "x": 0, "y": 0 }
				]
			},
			"br": {
				"rotate": [
					{ "time": 0, "angle": 0 },
					{ "time": 0.5, "angle": -5.04 },
					{ "time": 1.5, "angle": 4.62 },
					{ "time": 2, "angle": 0 }
				],
				"translate": [
					{ "time": 0, "x": 0, "y": 0 },
					{ "time": 0.5, "x": 0.75, "y": -0.99 },
					{ "time": 1.5, "x": -1.3, "y": -0.99 },
					{ "time": 2, "x": 0, "y": 0 }
				]
			},
			"BB": {
				"rotate": [
					{ "time": 0, "angle": 0, "curve": "stepped" },
					{ "time": 2, "angle": 0 }
				],
				"translate": [
					{ "time": 0, "x": 0, "y": 0 },
					{ "time": 1, "x": 1.33, "y": 0 },
					{ "time": 2, "x": 0, "y": 0 }
				]
			},
			"DX": {
				"rotate": [
					{ "time": 0, "angle": 0 },
					{ "time": 0.6666, "angle": -3.2 },
					{ "time": 1.3333, "angle": -11.79 },
					{ "time": 2, "angle": 0 }
				],
				"translate": [
					{ "time": 0, "x": 0, "y": 0, "curve": "stepped" },
					{ "time": 2, "x": 0, "y": 0 }
				]
			},
			"Head": {
				"rotate": [
					{ "time": 0, "angle": 0 },
					{ "time": 0.5, "angle": -1.52 },
					{ "time": 1, "angle": 0 },
					{ "time": 1.5, "angle": 0.89 },
					{ "time": 2, "angle": 0 }
				],
				"translate": [
					{ "time": 0, "x": 0, "y": 0, "curve": "stepped" },
					{ "time": 1, "x": 0, "y": 0, "curve": "stepped" },
					{ "time": 2, "x": 0, "y": 0 }
				]
			},
			"Arm_L": {
				"rotate": [
					{ "time": 0, "angle": 0 },
					{ "time": 0.6666, "angle": -12.27 },
					{ "time": 1, "angle": -8.01 },
					{ "time": 1.3333, "angle": -7.99 },
					{ "time": 2, "angle": 0 }
				],
				"translate": [
					{ "time": 0, "x": 0, "y": 0 },
					{ "time": 1, "x": 4.15, "y": 4.86 },
					{ "time": 1.3333, "x": -21.53, "y": 8.25 },
					{ "time": 2, "x": 0, "y": 0 }
				]
			},
			"Hand_R": {
				"rotate": [
					{ "time": 0, "angle": 0 },
					{ "time": 1, "angle": 5.56 },
					{ "time": 2, "angle": 0 }
				],
				"translate": [
					{ "time": 0, "x": 0, "y": 0, "curve": "stepped" },
					{ "time": 2, "x": 0, "y": 0 }
				]
			},
			"hair_2": {
				"rotate": [
					{ "time": 0, "angle": 0 },
					{ "time": 1, "angle": 12.23 },
					{ "time": 2, "angle": 0 }
				],
				"translate": [
					{ "time": 0, "x": 0, "y": 0, "curve": "stepped" },
					{ "time": 2, "x": 0, "y": 0 }
				]
			},
			"hair_1": {
				"rotate": [
					{ "time": 0, "angle": 0 },
					{ "time": 1, "angle": -4.72 },
					{ "time": 2, "angle": 0 }
				],
				"translate": [
					{ "time": 0, "x": 0, "y": 0, "curve": "stepped" },
					{ "time": 2, "x": 0, "y": 0 }
				]
			},
			"b2": {
				"rotate": [
					{ "time": 0, "angle": 0 },
					{ "time": 1.5, "angle": 6 },
					{ "time": 2, "angle": 0 }
				],
				"translate": [
					{ "time": 0, "x": 0, "y": 0 },
					{ "time": 0.5, "x": 0.87, "y": -0.11 },
					{ "time": 1.5, "x": -1.76, "y": 0.23 },
					{ "time": 2, "x": 0, "y": 0 }
				]
			},
			"DS": {
				"rotate": [
					{ "time": 0, "angle": 0 },
					{ "time": 0.6666, "angle": -27.71 },
					{ "time": 1.3333, "angle": -2.14 },
					{ "time": 2, "angle": 0 }
				],
				"translate": [
					{ "time": 0, "x": 0, "y": 0 },
					{ "time": 0.6666, "x": -6.53, "y": 11.68 },
					{ "time": 1.3333, "x": -2.02, "y": 17 },
					{ "time": 2, "x": 0, "y": 0 }
				]
			},
			"Hand_L1": {
				"rotate": [
					{ "time": 0, "angle": 0 },
					{ "time": 1, "angle": -3.94 },
					{ "time": 2, "angle": 0 }
				],
				"translate": [
					{ "time": 0, "x": 0, "y": 0, "curve": "stepped" },
					{ "time": 2, "x": 0, "y": 0 }
				]
			},
			"Ship_All": {
				"rotate": [
					{ "time": 0, "angle": 0, "curve": "stepped" },
					{ "time": 2, "angle": 0 }
				],
				"translate": [
					{ "time": 0, "x": 0, "y": 0, "curve": "stepped" },
					{ "time": 2, "x": 0, "y": 0 }
				]
			},
			"Face": {
				"rotate": [
					{ "time": 0, "angle": 0, "curve": "stepped" },
					{ "time": 2, "angle": 0 }
				],
				"translate": [
					{
						"time": 0,
						"x": 0,
						"y": 0,
						"curve": [ 0.286, 0.34, 0.623, 0.67 ]
					},
					{
						"time": 0.5,
						"x": 0.64,
						"y": 0,
						"curve": [ 0.282, 0.37, 0.624, 0.71 ]
					},
					{
						"time": 1.5,
						"x": -1.28,
						"y": 0,
						"curve": [ 0.321, 0.37, 0.656, 0.71 ]
					},
					{ "time": 2, "x": 0, "y": 0 }
				]
			},
			"hair_3": {
				"rotate": [
					{ "time": 0, "angle": 0 },
					{ "time": 1, "angle": 19.02 },
					{ "time": 2, "angle": 0 }
				],
				"translate": [
					{ "time": 0, "x": 0, "y": 0, "curve": "stepped" },
					{ "time": 2, "x": 0, "y": 0 }
				]
			}
		}
	}
}
}