{
"skeleton": { "hash": "vndtCUUe99gh+s3P12MTTu+wiAY", "spine": "2.1.27", "width": 303.11, "height": 303.11, "images": "" },
"bones": [
	{ "name": "Root_All", "x": 9.22, "y": 11.06, "scaleX": 1.01, "scaleY": 1.01 },
	{ "name": "Ship_All", "parent": "Root_All" },
	{ "name": "Body", "parent": "Ship_All", "length": 255.84, "x": -17.43, "y": -9.13, "rotation": 90 },
	{ "name": "Antiaircraft", "parent": "Body", "length": 44.62, "x": 202.57, "y": -73.5, "rotation": -90 },
	{ "name": "Attack_Point", "parent": "Body", "length": 25.69, "x": 112.08, "y": -58.61, "rotation": -88.64 },
	{ "name": "Cloth_00", "parent": "Body", "length": 27.28, "x": 122.23, "y": -1.32, "rotation": 152.71 },
	{ "name": "Damage_Point", "parent": "Body", "length": 22.56, "x": 104.14, "y": -9.89, "rotation": -90 },
	{ "name": "Dialogue", "parent": "Body", "length": 57.85, "x": 188.19, "y": -85.99, "rotation": -90 },
	{ "name": "Expression", "parent": "Body", "length": 46.33, "x": 219.6, "y": -60.73, "rotation": -42.65 },
	{ "name": "Face", "parent": "Body", "length": 66.94, "x": 180, "y": 30, "rotation": 270 },
	{ "name": "Ship", "parent": "Body", "length": 127.17, "x": 100, "y": 60, "rotation": 270 },
	{ "name": "Smoke_L1", "parent": "Body", "length": 73.48, "x": 66.07, "y": -70.57, "rotation": -20.22 },
	{ "name": "Smoke_R1", "parent": "Body", "length": 67.19, "x": 16.02, "y": 77.7, "rotation": 54.69 },
	{ "name": "Smoke_R2", "parent": "Body", "length": 66.23, "x": 91.04, "y": 91.4, "rotation": 16.89 },
	{ "name": "Throw_Point", "parent": "Body", "length": 24.91, "x": 70.78, "y": -55.49, "rotation": -88.64 },
	{ "name": "arm", "parent": "Body", "length": 37.11, "x": 51.84, "y": 10.78, "rotation": -92.25 },
	{ "name": "Cloth_01", "parent": "Cloth_00", "length": 11.76, "x": 23.66, "y": -0.33, "rotation": -5.39 },
	{ "name": "Cloth_02", "parent": "Cloth_01", "length": 11.29, "x": 11.76, "y": -0.06, "rotation": -3.17 },
	{ "name": "Cloth_03", "parent": "Cloth_02", "length": 12.38, "x": 11.29, "y": -0.04, "rotation": 0.45 },
	{ "name": "Cloth_04", "parent": "Cloth_03", "length": 12.55, "x": 12.38, "y": 0.02, "rotation": -7.62 },
	{ "name": "Cloth_05", "parent": "Cloth_04", "length": 12.2, "x": 12.55, "y": -0.08, "rotation": -3.15 },
	{ "name": "Cloth_06", "parent": "Cloth_05", "length": 10.29, "x": 12.2, "y": -0.09, "rotation": -1.36 },
	{ "name": "Cloth_07", "parent": "Cloth_06", "length": 8.19, "x": 10.29, "y": -0.06, "rotation": 0.9 }
],
"slots": [
	{ "name": "Rodney_top_normal", "bone": "Cloth_07", "attachment": "Change" },
	{ "name": "Body_Hand", "bone": "arm", "attachment": "Front_Picture" },
	{ "name": "Body_Fornt_Light", "bone": "arm", "attachment": "Front_Light", "blend": "additive" },
	{ "name": "Rodney_body_normal", "bone": "Body", "attachment": "Body_Change" },
	{ "name": "Rodney_ship_armor_normal", "bone": "Ship", "attachment": "Ship_armor_normal" },
	{ "name": "Rodney_eyes_normal", "bone": "Face", "attachment": "Rodney_eyes_normal" },
	{ "name": "Light_Body", "bone": "Body", "attachment": "Light_body_change", "blend": "additive" }
],
"skins": {
	"default": {
		"Rodney_eyes_normal": {
			"Rodney_eyes_damage": { "x": 19.21, "y": -48.69, "width": 300, "height": 300 },
			"Rodney_eyes_normal": { "x": 19.21, "y": -48.69, "width": 300, "height": 300 }
		}
	},
	"damage": {
		"Body_Fornt_Light": {
			"Front_Light": { "name": "Rodney_fornt_damage_light", "x": -3.09, "y": 79.4, "rotation": 2.25, "width": 300, "height": 300 }
		},
		"Body_Hand": {
			"Front_Picture": { "name": "Rodney_fornt_damage", "x": -3.09, "y": 79.4, "rotation": 362.25, "width": 300, "height": 300 }
		},
		"Light_Body": {
			"Light_body_change": { "name": "Rodney_ship_body_damage_light", "x": 131.31, "y": 10.79, "rotation": -90, "width": 300, "height": 300 }
		},
		"Rodney_body_normal": {
			"Body_Change": { "name": "Rodney_body_damage", "x": 131.3, "y": 10.78, "rotation": -90, "width": 300, "height": 300 }
		},
		"Rodney_ship_armor_normal": {
			"Ship_armor_normal": { "name": "Rodney_ship_armor_damage", "x": 49.21, "y": 31.3, "width": 300, "height": 300 }
		},
		"Rodney_top_normal": {
			"Change": {
				"name": "Rodney_top_damage",
				"type": "skinnedmesh",
				"uvs": [ 1, 0.11221, 1, 0.14982, 1, 0.18546, 1, 0.22825, 1, 0.29552, 1, 0.34461, 1, 0.4137, 1, 0.49734, 1, 0.56825, 1, 0.64279, 1, 0.71734, 1, 0.77006, 1, 0.86461, 1, 0.93915, 1, 1, 0.96318, 1, 0.89737, 1, 0.83157, 1, 0.76189, 1, 0.70189, 1, 0.6477, 1, 0.60318, 1, 0.56254, 1, 0.50641, 1, 0.45415, 1, 0.40189, 1, 0.33222, 1, 0.26447, 1, 0.20447, 1, 0.15222, 1, 0.09996, 1, 0.04383, 1, 0, 1, 0, 0.95915, 0, 0.89734, 0, 0.85188, 0, 0.79006, 0, 0.73552, 0, 0.67006, 0, 0.63188, 0, 0.56097, 0, 0.51006, 0, 0.45552, 0, 0.39552, 0, 0.34279, 0, 0.28643, 0, 0.23188, 0, 0.17916, 0, 0.12396, 0, 0.06825, 0, 0, 0.04576, 0, 0.11157, 0, 0.17738, 0, 0.21996, 0, 0.27217, 0, 0.33609, 0, 0.3806, 0, 0.43092, 0, 0.46963, 0, 0.53157, 0, 0.57996, 0, 0.63996, 0, 0.68834, 0, 0.7406, 0, 0.79208, 0, 0.85741, 0, 1, 0, 0.04424, 0.09415, 0.04159, 0.0519, 0.10243, 0.04196, 0.17411, 0.02689, 0.22094, 0.01817, 0.32526, 0.02015, 0.37373, 0.03895, 0.41905, 0.06271, 0.46963, 0.08746, 0.52231, 0.11617, 0.57816, 0.132, 0.63823, 0.08944, 0.68565, 0.05182, 0.73834, 0.01619, 0.90483, 0.02906, 0.94803, 0.05776, 0.97648, 0.22802, 0.93539, 0.29435, 0.89851, 0.34483, 0.85866, 0.43188, 0.8335, 0.4937, 0.79286, 0.5737, 0.75608, 0.6537, 0.72318, 0.72643, 0.69996, 0.79915, 0.66899, 0.87006, 0.63802, 0.9337, 0.45996, 0.97006, 0.40189, 0.95915, 0.33609, 0.93915, 0.27222, 0.91188, 0.21802, 0.87734, 0.1677, 0.82824, 0.11157, 0.78097, 0.05931, 0.7337, 0.03028, 0.6737, 0.06319, 0.63187, 0.12512, 0.59734, 0.09996, 0.5537, 0.09609, 0.50279, 0.1677, 0.50279, 0.13673, 0.47552, 0.07867, 0.45552, 0.04383, 0.40279, 0.06899, 0.37007, 0.1406, 0.37006, 0.2006, 0.38097, 0.25286, 0.39006, 0.21609, 0.33734, 0.19286, 0.28461, 0.16189, 0.22825, 0.1348, 0.18643, 0.08447, 0.18279, 0.04383, 0.17552, 0.10964, 0.08825, 0.17351, 0.08643, 0.22963, 0.09916, 0.29157, 0.11552, 0.34383, 0.13734, 0.39996, 0.15916, 0.46383, 0.17916, 0.51415, 0.17916, 0.56254, 0.17007, 0.61286, 0.1537, 0.65157, 0.12643, 0.69996, 0.09552, 0.75028, 0.06098, 0.79286, 0.03007, 0.21415, 0.45734, 0.29544, 0.44825, 0.37867, 0.40825, 0.44834, 0.36279, 0.52383, 0.30825, 0.61286, 0.23552, 0.69415, 0.16461, 0.75028, 0.10825, 0.80447, 0.06825, 0.85866, 0.0737, 0.78125, 0.15552, 0.82189, 0.10825, 0.72125, 0.2137, 0.65931, 0.27552, 0.60512, 0.33916, 0.54899, 0.40825, 0.5006, 0.47916, 0.44254, 0.56461, 0.38834, 0.65734, 0.33609, 0.73734, 0.29738, 0.81552, 0.26641, 0.86097, 0.2277, 0.91552, 0.14254, 0.43734, 0.08447, 0.40461 ],
				"triangles": [ 81, 63, 64, 82, 66, 67, 135, 65, 66, 80, 63, 81, 83, 82, 67, 81, 65, 135, 65, 81, 64, 134, 81, 135, 80, 81, 134, 145, 144, 135, 134, 135, 144, 145, 66, 82, 145, 135, 66, 133, 80, 134, 143, 134, 144, 133, 134, 143, 147, 144, 145, 143, 144, 147, 83, 67, 0, 83, 0, 1, 146, 143, 147, 142, 133, 143, 142, 143, 146, 1, 145, 83, 148, 142, 146, 2, 84, 1, 84, 2, 3, 1, 147, 145, 83, 145, 82, 1, 84, 147, 84, 146, 147, 85, 146, 84, 4, 85, 84, 4, 84, 3, 85, 4, 5, 86, 146, 85, 148, 146, 86, 149, 141, 148, 86, 85, 5, 86, 5, 6, 86, 149, 148, 87, 86, 6, 87, 149, 86, 87, 6, 7, 88, 87, 7, 88, 7, 8, 89, 88, 8, 9, 89, 8, 90, 89, 9, 10, 90, 9, 90, 10, 11, 91, 90, 11, 92, 91, 11, 12, 92, 11, 92, 12, 19, 19, 12, 18, 12, 17, 18, 12, 16, 17, 13, 16, 12, 15, 16, 13, 15, 13, 14, 107, 110, 109, 41, 42, 110, 41, 110, 107, 108, 107, 109, 80, 62, 63, 59, 75, 58, 76, 75, 59, 79, 61, 62, 79, 62, 80, 79, 80, 133, 60, 76, 59, 77, 76, 60, 132, 79, 133, 61, 77, 60, 78, 61, 79, 131, 78, 79, 78, 77, 61, 132, 131, 79, 142, 132, 133, 130, 77, 78, 130, 78, 131, 142, 131, 132, 72, 54, 55, 73, 55, 56, 74, 56, 57, 73, 56, 74, 58, 74, 57, 75, 74, 58, 124, 72, 55, 125, 55, 73, 125, 73, 74, 124, 55, 125, 126, 125, 74, 126, 74, 75, 127, 126, 75, 127, 75, 76, 128, 127, 76, 128, 76, 77, 129, 128, 77, 130, 129, 77, 142, 141, 131, 141, 142, 148, 130, 131, 141, 141, 140, 129, 141, 129, 130, 140, 139, 128, 140, 128, 129, 127, 116, 126, 139, 127, 128, 127, 139, 138, 71, 52, 53, 70, 51, 52, 70, 52, 71, 69, 50, 51, 69, 51, 70, 49, 50, 69, 123, 70, 71, 53, 54, 72, 71, 53, 72, 123, 71, 72, 122, 70, 123, 69, 70, 122, 68, 69, 122, 49, 69, 68, 123, 72, 124, 48, 49, 68, 121, 48, 68, 47, 48, 121, 120, 68, 122, 121, 68, 120, 119, 122, 123, 120, 122, 119, 124, 118, 119, 124, 119, 123, 46, 47, 121, 125, 117, 118, 125, 118, 124, 120, 45, 46, 126, 116, 117, 126, 117, 125, 120, 44, 45, 119, 118, 120, 113, 118, 117, 113, 117, 116, 46, 121, 120, 112, 44, 120, 118, 112, 120, 113, 112, 118, 114, 113, 116, 115, 116, 138, 127, 138, 116, 114, 116, 115, 111, 43, 44, 112, 111, 44, 160, 112, 113, 111, 112, 160, 159, 113, 114, 160, 113, 159, 110, 111, 160, 110, 160, 159, 42, 43, 111, 42, 111, 110, 136, 114, 115, 136, 115, 137, 159, 114, 136, 109, 110, 159, 109, 159, 136, 108, 109, 136, 137, 108, 136, 150, 140, 141, 150, 141, 149, 151, 140, 150, 87, 150, 149, 88, 150, 87, 88, 151, 150, 139, 140, 151, 152, 139, 151, 138, 139, 152, 89, 151, 88, 89, 152, 151, 153, 138, 152, 90, 152, 89, 153, 152, 90, 91, 153, 90, 19, 93, 92, 137, 115, 138, 137, 138, 153, 154, 137, 153, 91, 154, 153, 94, 95, 93, 94, 22, 95, 21, 22, 94, 19, 20, 94, 93, 19, 94, 21, 94, 20, 108, 106, 107, 106, 41, 107, 95, 155, 93, 154, 105, 108, 155, 105, 154, 137, 154, 108, 92, 154, 91, 93, 154, 92, 155, 154, 93, 106, 40, 41, 105, 106, 108, 104, 40, 106, 104, 106, 105, 39, 40, 104, 103, 38, 39, 104, 103, 39, 102, 103, 104, 37, 38, 103, 37, 103, 102, 105, 102, 104, 101, 102, 105, 36, 37, 102, 155, 101, 105, 155, 100, 101, 156, 100, 155, 101, 35, 36, 101, 36, 102, 157, 100, 156, 99, 100, 157, 100, 34, 35, 97, 98, 157, 158, 99, 157, 98, 158, 157, 155, 95, 96, 96, 97, 156, 156, 97, 157, 96, 156, 155, 34, 31, 33, 101, 100, 35, 31, 32, 33, 31, 34, 30, 34, 100, 30, 100, 29, 30, 29, 100, 99, 158, 29, 99, 28, 29, 158, 27, 158, 98, 27, 98, 97, 28, 158, 27, 26, 27, 97, 26, 97, 96, 24, 25, 96, 26, 96, 25, 95, 24, 96, 24, 95, 23, 22, 23, 95 ],
				"vertices": [ 4, 5, 6.27, 22.52, 0.97565, 17, -32.36, 19.41, 0.02045, 18, -43.49, 19.81, 0.00323, 19, -58.01, 12.19, 6.5E-4, 5, 5, 9.58, 24.23, 0.95597, 17, -29.34, 21.59, 0.03509, 18, -40.46, 21.97, 0.00677, 19, -55.28, 14.74, 0.00203, 20, -68.56, 11.05, 1.1E-4, 5, 5, 12.71, 25.85, 0.93266, 17, -26.48, 23.66, 0.05142, 18, -37.58, 24.01, 0.01135, 19, -52.71, 17.14, 0.00414, 20, -66.11, 13.6, 4.1E-4, 6, 5, 16.48, 27.79, 0.89664, 17, -23.05, 26.14, 0.07461, 18, -34.13, 26.47, 0.01916, 19, -49.61, 20.03, 0.00835, 21, -75.76999, 14.95, 0, 20, -63.18, 16.65, 0.00122, 6, 5, 22.4, 30.84, 0.82532, 17, -17.65, 30.05, 0.1147, 18, -28.7, 30.33, 0.03639, 19, -44.74, 24.58, 0.01949, 21, -71.26999, 19.87, 1.8E-4, 20, -58.57, 21.46, 0.00388, 6, 5, 26.71, 33.07, 0.76662, 17, -13.72, 32.89, 0.14137, 18, -24.74, 33.14, 0.05193, 19, -41.18999, 27.9, 0.03195, 21, -67.99, 23.45, 7.0E-4, 20, -55.21, 24.97, 0.0074, 6, 5, 32.79, 36.2, 0.68147, 17, -8.17, 36.9, 0.16945, 18, -19.17, 37.11, 0.07548, 19, -36.18999, 32.56, 0.0561, 21, -63.38, 28.5, 0.0023, 20, -50.47, 29.9, 0.01516, 6, 5, 40.15, 40, 0.583, 17, -1.46, 41.75, 0.18474, 18, -12.42, 41.9, 0.10201, 19, -30.14, 38.21, 0.09452, 21, -57.79, 34.61, 0.00622, 20, -44.74, 35.88, 0.02947, 6, 5, 46.39, 43.21, 0.50905, 17, 4.21, 45.87, 0.18356, 18, -6.7, 45.97, 0.11821, 19, -25.01, 43, 0.13156, 21, -53.05, 39.79, 0.01178, 20, -39.88, 40.95, 0.0458, 7, 5, 52.95, 46.6, 0.44641, 17, 10.2, 50.19, 0.17506, 18, -0.68, 50.25, 0.12559, 19, -19.61, 48.04, 0.16771, 21, -48.07, 45.24, 0.0198, 20, -34.77, 46.27, 0.06513, 22, -57.65, 46.21, 2.6E-4, 7, 5, 59.51, 49.98, 0.39464, 17, 16.18, 54.52, 0.16302, 18, 5.32, 54.52, 0.12657, 19, -14.22, 53.08, 0.19964, 21, -43.09, 50.68, 0.02933, 20, -29.67, 51.6, 0.08516, 22, -52.59, 51.58, 0.00159, 7, 5, 64.15, 52.37, 0.36612, 17, 20.41, 57.57, 0.15421, 18, 9.58, 57.55, 0.12399, 19, -10.39999, 56.64, 0.21727, 21, -39.57, 54.54, 0.0365, 20, -26.05, 55.37, 0.09833, 22, -49, 55.38, 0.00354, 7, 5, 72.47, 56.66, 0.33022, 17, 27.99, 63.06, 0.14168, 18, 17.20999, 62.97, 0.11809, 19, -3.56, 63.03, 0.23918, 21, -33.25, 61.44, 0.04733, 20, -19.57, 62.12, 0.11656, 22, -42.58, 62.18, 0.00691, 7, 5, 79.03, 60.04, 0.31617, 17, 33.97, 67.37999, 0.13626, 18, 23.22, 67.25, 0.11473, 19, 1.82, 68.06, 0.24742, 21, -28.27, 66.89, 0.05235, 20, -14.47, 67.44999, 0.12427, 22, -37.50999, 67.55, 0.00877, 7, 5, 84.38, 62.8, 0.31138, 17, 38.84999, 70.91, 0.13433, 18, 28.13, 70.74, 0.11343, 19, 6.23, 72.17, 0.24989, 21, -24.21, 71.33, 0.05422, 20, -10.3, 71.8, 0.12693, 22, -33.38, 71.93, 0.00978, 7, 5, 85.95, 59.76, 0.30983, 17, 40.86, 68.14, 0.13367, 18, 30.11, 67.94999, 0.11299, 19, 8.56, 69.67, 0.25025, 21, -21.68, 69.01999, 0.0549, 20, -7.83, 69.43, 0.12772, 22, -30.89, 69.58, 0.01061, 7, 5, 88.76, 54.32, 0.30237, 17, 44.44, 63.18, 0.13044, 18, 33.66, 62.96, 0.1108, 19, 12.74, 65.19999, 0.25136, 21, -17.16, 64.89, 0.05835, 20, -3.41, 65.19, 0.13142, 22, -26.44, 65.37999, 0.01522, 7, 5, 91.56, 48.88, 0.28613, 17, 48.03, 58.22, 0.12332, 18, 37.21, 57.97, 0.10568, 19, 16.92, 60.72, 0.2535, 21, -12.65, 60.76, 0.06611, 20, 1, 60.95, 0.13948, 22, -21.99, 61.18, 0.02573, 7, 5, 94.53, 43.12, 0.26264, 17, 51.83, 52.97, 0.11279, 18, 40.96, 52.69, 0.0975, 19, 21.34, 55.99, 0.25413, 21, -7.87, 56.39, 0.07821, 20, 5.67, 56.47, 0.15053, 22, -17.27, 56.73, 0.04415, 7, 5, 97.09, 38.16, 0.23731, 17, 55.1, 48.45, 0.10127, 18, 44.19, 48.14, 0.08783, 19, 25.15, 51.91, 0.25161, 21, -3.75, 52.63, 0.09214, 20, 9.7, 52.61, 0.1612, 22, -13.22, 52.9, 0.06861, 7, 5, 99.4, 33.68, 0.21051, 17, 58.05, 44.36, 0.08888, 18, 47.11, 44.03, 0.07645, 19, 28.59, 48.22, 0.24469, 21, -0.03, 49.22, 0.10799, 20, 13.34, 49.12, 0.17029, 22, -9.55, 49.44, 0.10114, 7, 5, 101.3, 30.01, 0.18676, 17, 60.48, 41.00999, 0.07785, 18, 49.51, 40.66, 0.06573, 19, 31.41, 45.2, 0.23439, 21, 3.02, 46.43, 0.12238, 20, 16.33, 46.25, 0.1755, 22, -6.54, 46.6, 0.13734, 7, 5, 103.03, 26.65, 0.16408, 17, 62.69, 37.95, 0.06735, 18, 51.7, 37.58, 0.05534, 19, 33.99, 42.44, 0.22179, 21, 5.81, 43.88, 0.13581, 20, 19.06, 43.64, 0.17818, 22, -3.79, 44.01, 0.17741, 7, 5, 105.42, 22.01, 0.13274, 17, 65.75, 33.72, 0.05302, 18, 54.73, 33.32, 0.04095, 19, 37.55, 38.62, 0.19761, 21, 9.66, 40.36, 0.15214, 20, 22.82, 40.02, 0.17476, 22, 0, 40.43, 0.24875, 7, 5, 107.65, 17.69, 0.10421, 17, 68.6, 29.78, 0.04022, 18, 57.54, 29.36, 0.02833, 19, 40.87, 35.07, 0.16933, 21, 13.25, 37.08, 0.16035, 20, 26.33, 36.66, 0.16156, 22, 3.53, 37.09, 0.33594, 7, 5, 109.88, 13.37, 0.07819, 17, 71.44, 25.84, 0.02897, 18, 60.36, 25.4, 0.01782, 19, 44.19, 31.51, 0.13646, 21, 16.83, 33.8, 0.15944, 20, 29.84, 33.3, 0.13835, 22, 7.06, 33.75, 0.44073, 7, 5, 112.85, 7.61, 0.0485, 17, 75.24, 20.59, 0.01672, 18, 64.11, 20.12, 0.00773, 19, 48.61, 26.78, 0.09171, 21, 21.61, 29.43, 0.13409, 20, 34.50999, 28.81, 0.09596, 22, 11.78, 29.31, 0.60526, 7, 5, 115.73, 2.01, 0.02636, 17, 78.93, 15.48, 0.0082, 18, 67.76, 14.99, 0.00223, 19, 52.91, 22.17, 0.05332, 21, 26.26, 25.17, 0.09167, 20, 39.06, 24.45, 0.05392, 22, 16.36, 24.98, 0.76427, 7, 5, 118.29, -2.94, 0.01324, 17, 82.19999, 10.96, 0.00362, 18, 71, 10.43999, 3.5E-4, 19, 56.72, 18.09, 0.02825, 21, 30.38, 21.41, 0.05023, 20, 43.09, 20.59, 0.02526, 22, 20.42, 21.15, 0.87902, 6, 5, 120.52, -7.26, 0.00634, 17, 85.05, 7.02, 0.00147, 19, 60.03, 14.54, 0.01417, 21, 33.97, 18.12999, 0.02414, 20, 46.6, 17.21999, 0.01062, 22, 23.95, 17.82, 0.94322, 6, 5, 122.75, -11.58, 0.0024, 17, 87.9, 3.08, 4.3E-4, 19, 63.35, 10.99, 0.00565, 21, 37.55, 14.85, 0.00856, 20, 50.1, 13.86, 0.00324, 22, 27.49, 14.48, 0.97968, 6, 5, 125.14, -16.21999, 3.7E-4, 17, 90.96, -1.14, 3.0E-5, 19, 66.91, 7.17, 9.9E-4, 21, 41.41, 11.33, 0.00105, 20, 53.87, 10.25, 2.6E-4, 22, 31.28, 10.9, 0.99726, 2, 19, 69.69, 4.19, 4.0E-5, 22, 34.25, 8.1, 0.99995, 1, 22, 31.47, 5.16, 1, 1, 22, 27.27, 0.71, 1, 2, 16, 92.37, -17.61, 3.1E-4, 22, 24.18, -2.55, 0.99968, 3, 16, 87.22, -20.91, 0.00387, 18, 65.08, -17.09, 3.0E-5, 22, 19.98, -7, 0.99609, 5, 16, 82.68, -23.83, 0.01688, 18, 60.67, -20.21999, 0.00131, 21, 26.75, -10.74, 0.01967, 20, 38.68999, -11.46, 0.00476, 22, 16.28, -10.93, 0.95736, 7, 16, 77.22, -27.33, 0.05733, 17, 66.87999, -23.58, 5.5E-4, 18, 55.39, -23.98, 0.00701, 19, 45.82, -18.09, 0.0028, 21, 22.37, -15.52, 0.1098, 20, 34.21, -16.14, 0.03331, 22, 11.83, -15.64, 0.78918, 7, 16, 74.04, -29.37, 0.09393, 17, 63.81, -25.79, 0.00181, 18, 52.31, -26.17, 0.01296, 19, 43.05, -20.67, 0.00861, 21, 19.82, -18.31, 0.18048, 20, 31.59, -18.87, 0.06308, 22, 9.24, -18.39, 0.6391, 7, 16, 68.12999, -33.16, 0.18237, 17, 58.12, -29.91, 0.00737, 18, 46.59, -30.23, 0.02917, 19, 37.91999, -25.46, 0.03014, 21, 15.08, -23.49, 0.25316, 20, 26.73, -23.93, 0.1318, 22, 4.42, -23.5, 0.36596, 7, 16, 63.89, -35.88, 0.25584, 17, 54.04, -32.86, 0.01462, 18, 42.48, -33.15, 0.04349, 19, 34.24, -28.9, 0.05024, 21, 11.68, -27.21, 0.24772, 20, 23.24, -27.57, 0.16367, 22, 0.96, -27.16, 0.22439, 7, 16, 59.35, -38.8, 0.33449, 17, 49.66, -36.02, 0.02437, 18, 38.08, -36.28, 0.05847, 19, 30.29, -32.58, 0.0703, 21, 8.04, -31.19, 0.21372, 20, 19.5, -31.47, 0.17619, 22, -2.74, -31.09, 0.12242, 7, 16, 54.35, -42.01, 0.41618, 17, 44.85, -39.5, 0.03664, 18, 33.24, -39.72, 0.07199, 19, 25.95, -36.63, 0.08525, 21, 4.03, -35.58, 0.16657, 20, 15.39, -35.75999, 0.1652, 22, -6.81, -35.41, 0.05811, 7, 16, 49.95, -44.83, 0.48115, 17, 40.62, -42.56, 0.04727, 18, 28.99, -42.75, 0.07842, 19, 22.13, -40.2, 0.08806, 21, 0.51, -39.43, 0.13163, 20, 11.78, -39.52, 0.14427, 22, -10.39999, -39.21, 0.02916, 7, 16, 45.26, -47.84, 0.53964, 17, 36.09999, -45.83, 0.05756, 18, 24.44, -45.98, 0.08221, 19, 18.06, -44, 0.08697, 21, -3.25, -43.55, 0.10084, 20, 7.92, -43.55, 0.12022, 22, -14.23, -43.27, 0.01253, 7, 16, 40.71, -50.75, 0.58569, 17, 31.72, -49, 0.06535, 18, 20.04, -49.11, 0.08213, 19, 14.11, -47.69, 0.08188, 21, -6.89, -47.53, 0.07979, 20, 4.17999, -47.45, 0.10011, 22, -17.93, -47.19, 0.00501, 7, 16, 36.32, -53.57, 0.62133, 17, 27.49, -52.06, 0.0715, 18, 15.78, -52.14, 0.08071, 19, 10.29, -51.25, 0.07619, 21, -10.41, -51.38, 0.06466, 20, 0.57, -51.22, 0.08379, 22, -21.52, -50.99, 0.00177, 7, 16, 31.72, -56.52, 0.64841, 17, 23.07, -55.26, 0.07576, 18, 11.33, -55.3, 0.0787, 19, 6.3, -54.98, 0.07116, 21, -14.1, -55.42, 0.05397, 20, -3.21, -55.16, 0.0717, 22, -25.27, -54.96, 2.6E-4, 7, 16, 27.08, -59.5, 0.66485, 17, 18.6, -58.49, 0.07797, 18, 6.83, -58.5, 0.07676, 19, 2.27, -58.74, 0.06758, 21, -17.82, -59.49, 0.04811, 20, -7.02, -59.14, 0.0647, 22, -29.05, -58.97, 0, 6, 16, 21.39, -63.15, 0.67197, 17, 13.12, -62.45, 0.07887, 18, 1.33, -62.41, 0.0758, 19, -2.66, -63.36, 0.06595, 21, -22.38, -64.47, 0.04565, 20, -11.7, -64.01999, 0.06171, 6, 16, 19.09, -59.57, 0.67338, 17, 10.63, -59, 0.07935, 18, -1.13, -58.94, 0.0756, 19, -5.57, -60.24, 0.06566, 21, -25.52, -61.6, 0.04504, 20, -14.77, -61.07, 0.06093, 6, 16, 15.79, -54.42, 0.68134, 17, 7.04, -54.04, 0.08178, 18, -4.67999, -53.96, 0.0744, 19, -9.74, -55.77, 0.06387, 21, -30.04, -57.47, 0.04185, 20, -19.19, -56.83, 0.05673, 6, 16, 12.48, -49.27, 0.69705, 17, 3.45, -49.08, 0.08581, 18, -8.22, -48.97, 0.0714, 19, -13.92, -51.3, 0.06003, 21, -34.56, -53.34, 0.03636, 20, -23.61, -52.6, 0.04932, 6, 16, 10.34, -45.93, 0.71093, 17, 1.13, -45.87, 0.08885, 18, -10.52, -45.74, 0.06831, 19, -16.62, -48.4, 0.05643, 21, -37.48, -50.67, 0.03207, 20, -26.47, -49.86, 0.04338, 6, 16, 7.72, -41.84999, 0.73203, 17, -1.7, -41.93999, 0.09222, 18, -13.33, -41.78, 0.06289, 19, -19.94, -44.85, 0.05077, 21, -41.06, -47.39, 0.02654, 20, -29.97, -46.5, 0.03551, 6, 16, 4.51, -36.84, 0.7653, 17, -5.17999, -37.12, 0.09419, 18, -16.77, -36.93999, 0.05295, 19, -23.99, -40.50999, 0.04184, 21, -45.45, -43.38, 0.01988, 20, -34.25999, -42.38, 0.02581, 6, 16, 2.28, -33.36, 0.7915, 17, -7.61, -33.77, 0.09338, 18, -19.17, -33.56, 0.04468, 19, -26.82, -37.48, 0.03508, 21, -48.5, -40.59, 0.01569, 20, -37.25, -39.52, 0.01964, 6, 16, -0.24, -29.42, 0.82602, 17, -10.35, -29.97, 0.08796, 18, -21.88, -29.75, 0.03374, 19, -30.01, -34.06, 0.02703, 21, -51.96, -37.43, 0.01158, 20, -40.63, -36.28, 0.01365, 6, 16, -2.18, -26.39, 0.85283, 17, -12.46, -27.06, 0.0812, 18, -23.97, -26.81, 0.02584, 19, -32.47, -31.43, 0.02138, 21, -54.61, -35, 0.00891, 20, -43.22, -33.79, 0.00981, 7, 5, 16.36, -21.28, 0.00356, 16, -5.3, -21.54, 0.89722, 17, -15.84, -22.39, 0.05929, 18, -27.31, -22.12, 0.01478, 19, -36.4, -27.22, 0.01382, 21, -58.87, -31.11, 0.00575, 20, -47.38, -29.8, 0.00554, 7, 5, 14.3, -17.28, 0.02957, 16, -7.73, -17.76, 0.90666, 17, -18.46999, -18.74, 0.03959, 18, -29.92, -18.45, 0.00801, 19, -39.47, -23.93, 0.00906, 21, -62.19, -28.08, 0.00386, 20, -50.63, -26.68, 0.00319, 7, 5, 11.74, -12.32, 0.15329, 16, -10.74, -13.06, 0.82199, 17, -21.74, -14.22, 0.01488, 18, -33.15, -13.9, 0.0022, 19, -43.28, -19.85, 0.00437, 21, -66.3, -24.31, 0.00202, 20, -54.66, -22.82, 0.00121, 7, 5, 9.68, -8.32, 0.4603, 16, -13.17, -9.27, 0.53298, 17, -24.38, -10.57, 0.00339, 18, -35.75999, -10.24, 2.0E-4, 19, -46.35, -16.56, 0.00181, 21, -69.62999, -21.27, 9.4E-4, 20, -57.9, -19.70999, 3.5E-4, 5, 5, 7.45, -4, 0.85881, 16, -15.79, -5.17999, 0.14067, 19, -49.66, -13.01, 2.9E-4, 21, -73.21, -18, 1.9E-4, 20, -61.41, -16.34, 1.0E-5, 1, 5, 5.25, 0.24, 1, 2, 5, 2.47, 5.64, 0.99947, 17, -33.59, 2.16, 5.2E-4, 3, 5, -3.6, 17.43, 0.99848, 17, -41.36, 12.9, 0.00151, 20, -78.82, 0.35, 0, 7, 16, 27.01, -54.65, 0.65459, 17, 18.26, -53.65, 0.07682, 18, 6.54, -53.66, 0.07808, 19, 1.33, -53.99, 0.06989, 21, -19.12999, -54.82, 0.05159, 20, -8.22, -54.44, 0.06887, 22, -30.28, -54.29, 1.3E-4, 6, 16, 23.63, -57.12, 0.66888, 17, 15.02, -56.3, 0.07876, 18, 3.27, -56.28, 0.07627, 19, -1.54, -57.02, 0.06671, 21, -21.77, -58.07, 0.04656, 20, -10.94, -57.63, 0.06279, 6, 16, 19.74, -52.89, 0.67541, 17, 10.91, -52.29, 0.08059, 18, -0.8, -52.24, 0.0754, 19, -6.13, -53.56, 0.06528, 21, -26.61, -54.98, 0.04389, 20, -15.7, -54.42, 0.05939, 6, 16, 14.89, -48.08, 0.69705, 17, 5.79, -47.77, 0.08581, 18, -5.88, -47.67, 0.0714, 19, -11.76, -49.7, 0.06003, 21, -32.54, -51.58, 0.03636, 20, -21.54, -50.89, 0.04932, 6, 16, 11.81, -44.89, 0.71093, 17, 2.54, -44.74, 0.08885, 18, -9.1, -44.62, 0.06831, 19, -15.37, -47.11, 0.05643, 21, -36.33, -49.28, 0.03207, 20, -25.29, -48.5, 0.04338, 6, 16, 6.73, -36.61, 0.7653, 17, -2.98, -36.77, 0.09419, 18, -14.56, -36.59999, 0.05295, 19, -21.85, -39.88, 0.04184, 21, -43.36, -42.59, 0.01988, 20, -32.15, -41.64, 0.02581, 6, 16, 5.87, -31.81, 0.77911, 17, -4.11, -32.02, 0.09858, 18, -15.66, -31.85, 0.04851, 19, -23.56, -35.32, 0.03729, 21, -45.43, -38.16999, 0.01614, 20, -34.12, -37.18, 0.02033, 6, 16, 5.57, -27, 0.77911, 17, -4.67, -27.23, 0.09858, 18, -16.18, -27.05, 0.04851, 19, -24.72, -30.63, 0.03729, 21, -46.95, -33.59, 0.01614, 20, -35.53, -32.56, 0.02033, 6, 16, 5.09, -21.72, 0.84127, 17, -5.44, -21.98, 0.09103, 18, -16.91, -21.8, 0.02746, 19, -26.14, -25.52, 0.0219, 21, -48.77, -28.61, 0.00877, 20, -37.23, -27.54, 0.00954, 6, 16, 4.84, -16.06, 0.81587, 17, -6.01, -16.35, 0.12005, 18, -17.44, -16.16, 0.02877, 19, -27.4, -20, 0.02067, 21, -50.47, -23.21, 0.0073, 20, -38.8, -22.09, 0.00731, 6, 16, 3.35, -10.84, 0.91677, 17, -7.79, -11.22, 0.05604, 18, -19.17, -11.02, 0.01015, 19, -29.8, -15.13, 0.0099, 21, -53.24, -18.54, 0.00392, 20, -41.46, -17.37, 0.00319, 6, 5, 19.68, -8.39999, 5.5E-4, 16, -3.2, -8.41, 0.99391, 17, -14.47, -9.16, 0.00212, 19, -36.68999, -13.93, 0.00195, 21, -60.21, -17.87999, 0.001, 20, -48.41, -16.54, 4.3E-4, 5, 5, 14.35, -6.19, 0.62489, 16, -8.71, -6.71, 0.37365, 19, -42.43, -13.24, 8.3E-4, 21, -65.98, -17.66, 4.8E-4, 20, -54.17, -16.18, 1.3E-4, 5, 5, 8.97, -3.45, 0.85881, 16, -14.33, -4.48999, 0.14067, 19, -48.35, -12.07, 2.9E-4, 21, -71.97, -16.95, 1.9E-4, 20, -60.15, -15.33, 1.0E-5, 4, 5, 3.01, 10.88, 0.99741, 17, -33.84999, 7.42, 0.00246, 18, -45.08, 7.83, 1.2E-4, 20, -70.44, -3.69, 0, 4, 5, 3.69, 15.76, 0.9911, 17, -33.9, 12.34, 0.00792, 18, -45.09, 12.75, 8.9E-4, 19, -58.65, 4.98, 7.0E-5, 6, 5, 17.45999, 25.83, 0.89664, 17, -21.79, 24.36, 0.07461, 18, -32.88, 24.67, 0.01916, 19, -48.13, 18.42, 0.00835, 21, -74.17, 13.46, 0, 20, -61.62, 15.12, 0.00122, 6, 5, 25.05, 25.45, 0.80453, 17, -14.23, 25.11, 0.12902, 18, -25.32, 25.36, 0.04111, 19, -40.73, 20.11, 0.02089, 21, -66.92, 15.72, 1.9E-4, 20, -54.32, 17.21999, 0.00422, 6, 5, 31.06, 24.69, 0.70675, 17, -8.17, 25.26, 0.17097, 18, -19.26, 25.46, 0.06871, 19, -34.73, 21.01, 0.04211, 21, -61.01, 17.1, 0.00113, 20, -48.38, 18.45, 0.0103, 6, 5, 40.41999, 25.35, 0.6108, 17, 0.98, 27.31, 0.22355, 18, -10.08, 27.44, 0.09933, 19, -25.9, 24.18, 0.05218, 21, -52.46, 20.95999, 0.00134, 20, -39.74, 22.11, 0.01277, 6, 5, 46.93, 26.07, 0.58054, 17, 7.31, 29, 0.19723, 18, -3.74, 29.08, 0.10696, 19, -19.83, 26.65, 0.08562, 21, -46.61, 23.9, 0.00457, 20, -33.82, 24.9, 0.02504, 7, 5, 55.7, 26.34, 0.43689, 17, 15.94, 30.57, 0.19688, 18, 4.89, 30.58, 0.15439, 19, -11.47, 29.29, 0.15129, 21, -38.47, 27.19, 0.011, 20, -25.61, 28, 0.04934, 22, -48.33, 28.02, 1.8E-4, 7, 5, 64.31, 26.93, 0.3264, 17, 24.36, 32.43999, 0.16163, 18, 13.33, 32.39, 0.1659, 19, -3.34, 32.2, 0.22674, 21, -30.6, 30.73, 0.02453, 20, -17.66, 31.35, 0.08906, 22, -40.41, 31.43, 0.0057, 7, 5, 72.11, 27.51, 0.25962, 17, 31.99, 34.18, 0.11808, 18, 20.96999, 34.06, 0.12177, 19, 4, 34.87, 0.26709, 21, -23.49, 33.98, 0.05913, 20, -10.46, 34.43, 0.14552, 22, -33.24, 34.57, 0.02876, 7, 5, 79.5, 28.89, 0.22526, 17, 39.09, 36.65, 0.09746, 18, 28.09, 36.47, 0.09093, 19, 10.74, 38.21, 0.25875, 21, -17.03, 37.83, 0.0913, 20, -3.92, 38.13, 0.17072, 22, -26.73, 38.32, 0.06553, 7, 5, 87.06, 29.55, 0.22526, 17, 46.47, 38.43, 0.09746, 18, 35.48, 38.18999, 0.09093, 19, 17.83, 40.89, 0.25875, 21, -10.17, 41.07, 0.0913, 20, 3.01, 41.2, 0.17072, 22, -19.82, 41.45, 0.06553, 7, 5, 93.98, 29.88, 0.21349, 17, 53.26, 39.79, 0.09054, 18, 42.29, 39.5, 0.07912, 19, 24.4, 43.09, 0.2477, 21, -3.79, 43.77, 0.10525, 20, 9.45, 43.76, 0.17119, 22, -13.4, 44.05, 0.09267, 7, 5, 104.77, 16.81, 0.10421, 17, 65.87999, 28.48, 0.04022, 18, 54.81, 28.09, 0.02833, 19, 38.34, 33.43999, 0.16933, 21, 10.85, 35.25999, 0.16035, 20, 23.89, 34.89, 0.16156, 22, 1.1, 35.31, 0.33594, 7, 5, 106.28, 11.51, 0.06818, 17, 68.17, 23.47, 0.02471, 18, 57.06, 23.06, 0.014, 19, 41.23, 28.76, 0.12446, 21, 14.1, 30.81, 0.16303, 20, 27.04, 30.38, 0.13218, 22, 4.29, 30.81, 0.47339, 7, 5, 107.33, 5.17, 0.03357, 17, 70.15, 17.35, 0.01089, 18, 59, 16.92, 0.00366, 19, 43.96, 22.93, 0.0669, 21, 17.28, 25.22, 0.11673, 20, 30.09, 24.71, 0.07107, 22, 7.38, 25.17, 0.69715, 7, 5, 107.65, -1.34, 0.01703, 17, 71.44, 10.95, 0.0049, 18, 60.24, 10.52, 6.5E-4, 19, 46.04, 16.75, 0.03609, 21, 19.85, 19.21999, 0.07353, 20, 32.5, 18.65, 0.03481, 22, 9.85, 19.12999, 0.83295, 6, 5, 106.92, -7.39, 0.01091, 17, 71.62, 4.87, 0.00297, 19, 46.98, 10.73, 0.02413, 21, 21.26, 13.3, 0.07654, 20, 33.77, 12.69, 0.02066, 22, 11.17, 13.19, 0.86475, 6, 5, 104.75, -13.77, 0.01091, 17, 70.43, -1.76, 0.00297, 19, 46.62, 3.99, 0.02413, 21, 21.43, 6.55, 0.07654, 20, 33.79, 5.95, 0.02066, 22, 11.24, 6.44, 0.86475, 1, 22, 11.82, -0.54, 1, 5, 16, 79.55, -19.28, 0.01204, 18, 57.33, -15.83, 8.4E-4, 21, 22.55, -7.15, 0.01077, 20, 34.58, -7.77, 0.00224, 22, 12.14, -7.28, 0.97407, 7, 16, 76.01, -24.76, 0.04903, 17, 65.51999, -21.09, 3.2E-4, 18, 54.05, -21.47, 0.00583, 19, 44.16, -15.78, 0.00193, 21, 20.54, -13.35, 0.10503, 20, 32.41999, -13.93, 0.02846, 22, 10.03, -13.45, 0.80936, 7, 16, 70.87, -24.42, 0.09869, 17, 60.37, -21.03, 0.00189, 18, 48.91, -21.38, 0.01417, 19, 39.04, -16.37, 0.01092, 21, 15.48, -14.34, 0.24597, 20, 27.35, -14.8, 0.07666, 22, 4.96, -14.36, 0.55166, 7, 16, 64.87999, -21.42, 0.09869, 17, 54.22, -18.37, 0.00189, 18, 42.78, -18.66, 0.01417, 19, 32.61, -14.49, 0.01092, 21, 8.93, -12.98, 0.24597, 20, 20.82, -13.28, 0.07666, 22, -1.56, -12.89, 0.55166, 7, 16, 62.51, -25.73, 0.18801, 17, 52.09, -22.8, 0.00775, 18, 40.62, -23.07, 0.03182, 19, 31.05, -19.15, 0.03881, 21, 7.74, -17.75, 0.29205, 20, 19.52, -18.02, 0.16485, 22, -2.83, -17.64, 0.27668, 7, 16, 58.46, -28.75, 0.31197, 17, 48.22, -26.04, 0.02201, 18, 36.72, -26.29, 0.05831, 19, 27.61, -22.85, 0.07731, 21, 4.6, -21.71, 0.2255, 20, 16.29, -21.91, 0.19731, 22, -6.03, -21.55, 0.10755, 7, 16, 54.86, -23.14, 0.2005, 17, 44.32, -20.64, 0.00917, 18, 32.86, -20.86, 0.03953, 19, 23.07, -17.99, 0.06906, 21, -0.3, -17.20999, 0.30804, 20, 11.49, -17.29999, 0.26431, 22, -10.87, -16.98, 0.10936, 7, 16, 54.15, -27.03, 0.31197, 17, 43.82, -24.56, 0.02201, 18, 32.33, -24.77, 0.05831, 19, 23.06, -21.93, 0.07731, 21, 0, -21.15, 0.2255, 20, 11.7, -21.24, 0.19731, 22, -10.63, -20.92, 0.10755, 7, 16, 55.4, -32.64, 0.31197, 17, 45.38, -30.1, 0.02201, 18, 33.84, -30.32, 0.05831, 19, 25.3, -27.23, 0.07731, 21, 2.64, -26.26, 0.2255, 20, 14.22, -26.41, 0.19731, 22, -8.06, -26.07, 0.10755, 7, 16, 52.75, -38.18999, 0.42386, 17, 43.05, -35.78, 0.03838, 18, 31.47, -35.98, 0.07509, 19, 23.69, -33.16, 0.09066, 21, 1.51, -32.29, 0.15886, 20, 12.95, -32.41999, 0.16652, 22, -9.29, -32.09, 0.04658, 7, 16, 48.76, -37.97, 0.42386, 17, 39.05, -35.78, 0.03838, 18, 27.47, -35.95, 0.07509, 19, 19.73, -33.66, 0.09066, 21, -2.39, -33.11, 0.15886, 20, 9.02, -33.13, 0.16652, 22, -13.21, -32.84, 0.04658, 7, 16, 45.17, -32.36, 0.41744, 17, 35.15, -30.38, 0.04049, 18, 23.61, -30.53, 0.08374, 19, 15.18, -28.8, 0.10975, 21, -7.31, -28.61, 0.14329, 20, 4.21, -28.52, 0.17471, 22, -18.04999, -28.27, 0.03054, 7, 16, 43.06, -27.08, 0.45485, 17, 32.75, -25.23, 0.05727, 18, 21.26, -25.35, 0.11031, 19, 12.17, -23.98, 0.14194, 21, -10.7, -24.05, 0.08939, 20, 0.93, -23.88, 0.13958, 22, -21.37, -23.65, 0.00664, 7, 16, 41.18999, -22.5, 0.28433, 17, 30.63, -20.76, 0.02936, 18, 19.17, -20.87, 0.13088, 19, 9.51, -19.81, 0.28555, 21, -13.68, -20.11, 0.07091, 20, -1.94, -19.87, 0.19734, 22, -24.29, -19.66, 0.0016, 7, 16, 38.65, -28.2, 0.45485, 17, 28.41, -26.59, 0.05727, 18, 16.9, -26.68, 0.11031, 19, 8.03, -25.88, 0.14194, 21, -14.68, -26.27, 0.08939, 20, -3.09, -26, 0.13958, 22, -25.38, -25.81, 0.00664, 7, 16, 35.41999, -32.84, 0.45485, 17, 25.44, -31.4, 0.05727, 18, 13.9, -31.47, 0.11031, 19, 5.68, -31.02, 0.14194, 21, -16.6, -31.58, 0.08939, 20, -5.14, -31.27, 0.13958, 22, -27.4, -31.09, 0.00664, 7, 16, 32.28, -38.28, 0.63627, 17, 22.61, -37.00999, 0.08043, 18, 11.02, -37.05, 0.0844, 19, 3.57, -36.93, 0.07669, 21, -18.24, -37.64, 0.05164, 20, -6.93, -37.29, 0.07018, 22, -29.13, -37.12, 3.5E-4, 7, 16, 30.16, -42.63, 0.63627, 17, 20.73, -41.47, 0.08043, 18, 9.10999, -41.5, 0.0844, 19, 2.26, -41.59999, 0.07669, 21, -19.18, -42.39, 0.05164, 20, -7.97, -42.02, 0.07018, 22, -30.14, -41.86, 3.5E-4, 7, 16, 32.38, -46.77, 0.63087, 17, 23.18, -45.48, 0.07418, 18, 11.52, -45.52, 0.08098, 19, 5.19999, -45.26, 0.07521, 21, -15.97, -45.82, 0.05946, 20, -4.85, -45.52, 0.07833, 22, -26.98, -45.34, 9.3E-4, 7, 16, 33.82, -50.34, 0.63087, 17, 24.81, -48.96, 0.07418, 18, 13.13, -49.02, 0.08098, 19, 7.25, -48.52, 0.07521, 21, -13.66, -48.9, 0.05946, 20, -2.61999, -48.65, 0.07833, 22, -24.73, -48.45, 9.3E-4, 6, 16, 23.24, -49.85, 0.67463, 17, 14.23, -49.07, 0.08207, 18, 2.54, -49.04, 0.07592, 19, -3.23, -49.94, 0.06575, 21, -24.01, -51.15, 0.04315, 20, -13.01, -50.65, 0.05845, 6, 16, 19.87999, -44.95, 0.67121, 17, 10.6, -44.36, 0.08401, 18, -1.04, -44.3, 0.07735, 19, -7.42, -45.72, 0.06703, 21, -28.52, -47.27, 0.04253, 20, -17.42, -46.67, 0.05782, 6, 16, 18.12, -39.88, 0.68458, 17, 8.56, -39.39, 0.091, 18, -3.04, -39.32, 0.07638, 19, -10.06, -41.05, 0.06401, 21, -31.52, -42.82, 0.0354, 20, -20.32, -42.15, 0.0486, 6, 16, 16.37, -34.15, 0.6991, 17, 6.5, -33.77, 0.10717, 18, -5.05, -33.68, 0.07633, 19, -12.81, -35.73, 0.05847, 21, -34.68, -37.74, 0.02492, 20, -23.36, -36.99, 0.03396, 6, 16, 15.57, -28.9, 0.6991, 17, 5.4, -28.57, 0.10717, 18, -6.11, -28.47, 0.07633, 19, -14.54, -30.7, 0.05847, 21, -36.81, -32.86, 0.02492, 20, -25.37, -32.07, 0.03396, 6, 16, 14.57, -23.34, 0.73943, 17, 4.09, -23.07, 0.13128, 18, -7.37, -22.97, 0.05969, 19, -16.53, -25.41, 0.03998, 21, -39.2, -27.74, 0.0134, 20, -27.64, -26.9, 0.01619, 6, 16, 13.03, -17.27, 0.72468, 17, 2.22, -17.1, 0.21206, 18, -9.2, -16.98, 0.03489, 19, -19.12999, -19.71999, 0.01861, 21, -42.25, -22.28, 0.00546, 20, -30.56, -21.36, 0.00427, 6, 16, 10.5, -13.33, 0.72468, 17, -0.51, -13.31, 0.21206, 18, -11.91, -13.16, 0.03489, 19, -22.33, -16.29999, 0.01861, 21, -45.7, -19.12, 0.00546, 20, -33.93999, -18.12, 0.00427, 6, 16, 7.31, -10.03, 0.72468, 17, -3.88, -10.18999, 0.21206, 18, -15.25, -10.02, 0.03489, 19, -26.06, -13.62, 0.01861, 21, -49.63, -16.74, 0.00546, 20, -37.81, -15.65, 0.00427, 5, 16, 3.42, -6.96, 0.95617, 17, -7.94, -7.35, 0.04067, 19, -30.43, -11.31, 0.00188, 21, -54.18, -14.78, 9.7E-4, 20, -42.3, -13.58, 2.6E-4, 6, 5, 22.37, -5.62, 5.5E-4, 16, -0.79, -5.39, 0.99391, 17, -12.23, -6.01, 0.00212, 19, -34.86, -10.52, 0.00195, 21, -58.65, -14.35, 0.001, 20, -46.77, -13.04, 4.3E-4, 5, 5, 17.59, -3.03, 0.62489, 16, -5.79, -3.26, 0.37365, 19, -40.16999, -9.32, 8.3E-4, 21, -64.04, -13.57, 4.8E-4, 20, -52.14, -12.13, 1.3E-4, 4, 5, 12.4, -0.43, 0.90196, 16, -11.2, -1.16, 0.09779, 19, -45.87, -8.22999, 1.3E-4, 21, -69.8, -12.93, 1.0E-4, 1, 5, 7.87, 1.67, 1, 7, 16, 48.74, -21.94, 0.3076, 17, 38.14, -19.78, 0.02465, 18, 26.69, -19.95, 0.07739, 19, 16.83, -17.9, 0.13643, 21, -6.53, -17.62, 0.17167, 20, 5.25, -17.54999, 0.24832, 22, -17.1, -17.29, 0.03389, 7, 16, 43.9, -16.06, 0.28433, 17, 32.98, -14.18, 0.02936, 18, 21.57, -14.31, 0.13088, 19, 11.02, -12.99, 0.28555, 21, -12.71, -13.18, 0.07091, 20, -0.82, -12.97, 0.19734, 22, -23.22, -12.76, 0.0016, 6, 16, 36.39, -11.69, 0.20734, 17, 25.24, -10.22999, 0.0434, 18, 13.86, -10.29, 0.39984, 19, 2.84, -10.03, 0.32629, 21, -21.1, -10.88, 0.01366, 20, -9.14, -10.47, 0.00944, 6, 16, 29.1, -8.66, 0.20734, 17, 17.79, -7.61, 0.0434, 18, 6.44, -7.62, 0.39984, 19, -4.86, -8.37, 0.32629, 21, -28.92, -9.83, 0.01366, 20, -16.93, -9.22999, 0.00944, 5, 16, 20.77, -5.67, 0.25172, 17, 9.3, -5.09, 0.43616, 18, -2.02, -5.02, 0.28149, 19, -13.6, -6.92, 0.02639, 21, -37.74, -9.08, 0.00422, 2, 16, 10.24, -2.58999, 0.5, 17, -1.37, -2.59999, 0.5, 1, 16, 0.25, -0.02, 1, 3, 5, 16.56, 1.7, 0.99788, 17, -19.07, 0.36, 0.00202, 18, -30.36, 0.66, 9.0E-5, 3, 5, 10.73, 4.37, 0.99791, 17, -25.23, 2.13, 0.00202, 18, -36.50999, 2.47, 6.0E-5, 3, 5, 8.89999, 9.09, 0.99239, 17, -27.75, 6.53, 0.00696, 18, -38.99, 6.89, 6.3E-4, 5, 5, 19.4, 6.41, 0.89118, 16, -4.88, 6.3, 0.0712, 17, -16.96999, 5.44, 0.03348, 18, -28.21, 5.72, 0.00394, 19, -40.99, 0.25, 1.6E-4, 4, 5, 13.51, 7.62, 0.98208, 17, -22.97, 5.76, 0.01575, 18, -34.22, 6.09, 0.00198, 19, -46.99, -0.17, 1.7E-4, 1, 5, 27.08, 4.09, 1, 2, 16, 11.24, 3.18, 0.5, 17, -0.69, 3.21, 0.5, 1, 17, 7.35, 2.82, 1, 1, 18, 4.67999, 2.60999, 1, 2, 18, 13.01, 3.01, 0.5, 19, 0.23, 3.04, 0.5, 7, 5, 69.83, -3.02, 0.07062, 17, 34.3, 3.65, 0.03364, 18, 23.04, 3.51, 0.07007, 19, 10.1, 4.86, 0.56181, 21, -15.03, 4.54, 0.01461, 20, -2.71, 4.8, 0.24533, 22, -25.26, 5, 0.00386, 7, 5, 80.3, -3.29, 0.0289, 17, 44.69, 4.94, 0.01053, 18, 33.43999, 4.71999, 0.00331, 19, 20.25, 7.44, 0.2433, 21, -5.12, 7.91, 0.06785, 20, 7.27, 7.94, 0.63428, 22, -15.29, 8.22, 0.01181, 6, 5, 89.57, -3.98, 0.0207, 17, 53.96, 5.64, 0.00644, 19, 29.36, 9.3, 0.07532, 21, 3.8, 10.47999, 0.46, 20, 16.26, 10.29, 0.36015, 22, -6.32, 10.64, 0.07735, 7, 5, 98.1, -3.63, 0.03272, 17, 62.34, 7.26, 0.01064, 18, 51.11, 6.9, 0.00287, 19, 37.47, 11.95, 0.07718, 21, 11.68, 13.76, 0.28793, 20, 24.21, 13.39, 0.13203, 22, 1.6, 13.8, 0.45659, 7, 5, 103.42, -4.13, 0.03642, 17, 67.67, 7.56, 0.01197, 18, 56.44, 7.16, 0.00409, 19, 42.72, 12.91, 0.07497, 21, 16.84, 15.14, 0.16225, 20, 29.41, 14.64, 0.09057, 22, 6.78, 15.1, 0.61971, 7, 5, 109.87, -4.85, 0.01703, 17, 74.16, 7.81, 0.0049, 18, 62.93, 7.35, 6.5E-4, 19, 49.13, 13.97, 0.03609, 21, 23.14, 16.69, 0.07353, 20, 35.74, 16.04999, 0.03481, 22, 13.11, 16.54999, 0.83295, 7, 16, 50.67, -28.61, 0.3076, 17, 40.43999, -26.34, 0.02465, 18, 28.93, -26.52, 0.07739, 19, 19.93, -24.12, 0.13643, 21, -2.95, -23.58, 0.17167, 20, 8.68999, -23.59, 0.24832, 22, -13.61, -23.3, 0.03389, 7, 16, 50.86, -34.91, 0.42386, 17, 40.98, -32.61, 0.03838, 18, 29.42, -32.8, 0.07509, 19, 21.25, -30.28, 0.09066, 21, -1.15, -29.61, 0.15886, 20, 10.34, -29.67, 0.16652, 22, -11.91, -29.36, 0.04658 ],
				"hull": 68,
				"edges": [ 130, 132, 132, 134, 0, 134, 0, 2, 2, 4, 42, 44, 44, 46, 4, 6, 6, 8, 8, 10, 10, 12, 12, 14, 14, 16, 16, 18, 18, 20, 20, 22, 22, 24, 24, 26, 26, 28, 40, 42, 38, 40, 36, 38, 34, 36, 32, 34, 28, 30, 30, 32, 46, 48, 48, 50, 50, 52, 52, 54, 54, 56, 56, 58, 58, 60, 60, 62, 62, 64, 64, 66, 66, 68, 68, 70, 70, 72, 72, 74, 74, 76, 76, 78, 78, 80, 80, 82, 82, 84, 84, 86, 86, 88, 88, 90, 90, 92, 92, 94, 94, 96, 96, 98, 98, 100, 100, 102, 102, 104, 104, 106, 106, 108, 108, 110, 110, 112, 112, 114, 114, 116, 116, 118, 118, 120, 120, 122, 122, 124, 124, 126, 126, 128, 128, 130, 290, 294, 294, 292, 292, 296, 296, 298, 298, 300, 300, 302, 302, 304, 304, 306, 306, 308, 308, 310, 310, 312, 312, 314, 314, 316, 288, 286, 286, 284, 284, 282, 282, 280, 280, 278, 278, 276, 276, 274, 274, 272, 272, 318, 318, 320, 270, 268, 268, 266, 266, 264, 264, 262, 262, 260, 260, 258, 258, 256, 256, 254, 254, 252, 252, 250, 250, 248, 248, 246, 246, 244, 244, 136 ],
				"width": 93,
				"height": 99
			}
		}
	},
	"normal": {
		"Body_Fornt_Light": {
			"Front_Light": { "name": "Rodney_fornt_normal_light", "x": -3.24, "y": 79.39, "rotation": 2.25, "width": 300, "height": 300 }
		},
		"Body_Hand": {
			"Front_Picture": { "name": "Rodney_fornt_normal", "x": -3.09, "y": 79.39, "rotation": 2.25, "width": 300, "height": 300 }
		},
		"Light_Body": {
			"Light_body_change": { "name": "Rodney_ship_body_normal_light", "x": 131.3, "y": 10.78, "rotation": -90, "width": 300, "height": 300 }
		},
		"Rodney_body_normal": {
			"Body_Change": { "name": "Rodney_body_normal", "x": 131.3, "y": 10.78, "rotation": -90, "width": 300, "height": 300 }
		},
		"Rodney_ship_armor_normal": {
			"Ship_armor_normal": { "name": "Rodney_ship_armor_normal", "x": 49.21, "y": 31.3, "width": 300, "height": 300 }
		},
		"Rodney_top_normal": {
			"Change": {
				"name": "Rodney_top_normal",
				"type": "skinnedmesh",
				"uvs": [ 1, 0.04473, 1, 0.0903, 1, 0.16178, 1, 0.22705, 1, 0.29796, 1, 0.3679, 1, 0.45473, 1, 0.53673, 1, 0.63561, 1, 0.74655, 1, 0.83578, 1, 0.92743, 1, 1, 0.92931, 1, 0.8504, 1, 0.79239, 1, 0.74597, 1, 0.68331, 1, 0.63457, 1, 0.52093, 1, 0.4372, 1, 0.36305, 1, 0.30039, 1, 0.24933, 1, 0.18899, 1, 0.10776, 1, 0.05207, 1, 0, 1, 0, 0.93467, 0, 0.86714, 0, 0.7972, 0, 0.72967, 0, 0.65972, 0, 0.58978, 0, 0.51502, 0, 0.43838, 0, 0.37312, 0, 0.18354, 0, 0.14361, 0, 0.08331, 0, 0, 0.0451, 0, 0.08456, 0, 0.15418, 0, 0.20988, 0, 0.2795, 0, 0.35841, 0, 0.41875, 0, 0.47676, 0, 0.5255, 0, 0.59048, 0, 0.64386, 0, 0.69956, 0, 0.7542, 0, 0.80205, 0, 0.85887, 0, 0.94323, 0, 1, 0, 0.08132, 0.17422, 0.16207, 0.17422, 0.21889, 0.19286, 0.25776, 0.24259, 0.30262, 0.32028, 0.34748, 0.37312, 0.2787, 0.39176, 0.20992, 0.37312, 0.13515, 0.36069, 0.06338, 0.36379, 0.04842, 0.50365, 0.07534, 0.56891, 0.11123, 0.62796, 0.1501, 0.71498, 0.19197, 0.77092, 0.24281, 0.85172, 0.30561, 0.89834, 0.36841, 0.94185, 0.68242, 0.91388, 0.71831, 0.83619, 0.76317, 0.7243, 0.80803, 0.62174, 0.84092, 0.53473, 0.86784, 0.45392, 0.90073, 0.36379, 0.93363, 0.30164, 0.93662, 0.04679, 0.70934, 0.0499, 0.64953, 0.09341, 0.5957, 0.10584, 0.52093, 0.06855, 0.47908, 0.03749, 0.09848, 0.03749, 0.04278, 0.08814, 0.86201, 0.08573, 0.80167, 0.14843, 0.75293, 0.21355, 0.7042, 0.2859, 0.64618, 0.37273, 0.60208, 0.45955, 0.54639, 0.54878, 0.49997, 0.63078, 0.45588, 0.70796, 0.40946, 0.79478, 0.36073, 0.8599, 0.75757, 0.06643, 0.69259, 0.11949, 0.62529, 0.17255, 0.53246, 0.1822, 0.43499, 0.16773, 0.35144, 0.14361, 0.25629, 0.11467, 0.17971, 0.10743, 0.10544, 0.11467, 0.05207, 0.13637, 0.20059, 0.59943, 0.28646, 0.58014, 0.35376, 0.55843, 0.42339, 0.50296, 0.47676, 0.43784, 0.52782, 0.37514, 0.58584, 0.31243, 0.63225, 0.25696, 0.67403, 0.19667, 0.7274, 0.14602, 0.78542, 0.09537, 0.83648, 0.05196, 0.79703, 0.0399 ],
				"triangles": [ 125, 53, 54, 56, 57, 0, 84, 55, 56, 84, 56, 0, 103, 85, 53, 124, 54, 55, 92, 124, 55, 125, 54, 124, 125, 103, 53, 84, 92, 55, 84, 0, 1, 123, 103, 125, 123, 125, 124, 123, 124, 92, 122, 103, 123, 93, 123, 92, 122, 123, 93, 92, 84, 1, 94, 122, 93, 2, 92, 1, 2, 93, 92, 3, 93, 2, 95, 121, 94, 83, 94, 93, 93, 3, 83, 4, 83, 3, 82, 94, 83, 95, 94, 82, 83, 4, 5, 82, 83, 5, 81, 95, 82, 82, 5, 6, 81, 82, 6, 80, 96, 81, 81, 6, 7, 80, 81, 7, 79, 97, 80, 80, 7, 8, 79, 80, 8, 79, 8, 9, 78, 79, 9, 78, 9, 10, 77, 78, 10, 14, 15, 77, 76, 16, 17, 76, 15, 16, 15, 76, 77, 14, 77, 10, 11, 14, 10, 13, 14, 11, 13, 11, 12, 90, 42, 43, 89, 48, 49, 85, 52, 53, 88, 89, 49, 39, 40, 41, 91, 39, 41, 41, 42, 90, 91, 41, 90, 85, 86, 51, 85, 51, 52, 86, 87, 50, 86, 50, 51, 110, 43, 44, 90, 43, 110, 111, 90, 110, 91, 90, 111, 109, 44, 45, 110, 44, 109, 104, 86, 85, 104, 85, 103, 112, 91, 111, 38, 39, 91, 38, 91, 112, 46, 109, 45, 108, 109, 46, 122, 104, 103, 47, 89, 108, 89, 47, 48, 107, 89, 88, 88, 49, 50, 87, 88, 50, 108, 46, 47, 89, 107, 108, 105, 87, 86, 105, 86, 104, 59, 111, 110, 58, 112, 111, 58, 111, 59, 106, 88, 87, 106, 87, 105, 107, 88, 106, 37, 38, 112, 37, 112, 58, 60, 110, 109, 59, 110, 60, 121, 105, 104, 121, 104, 122, 121, 122, 94, 61, 109, 108, 60, 109, 61, 120, 105, 121, 106, 105, 120, 62, 61, 108, 62, 108, 107, 66, 58, 59, 66, 59, 60, 66, 60, 61, 65, 66, 61, 67, 37, 58, 67, 58, 66, 36, 37, 67, 63, 62, 107, 62, 65, 61, 118, 107, 106, 63, 107, 118, 64, 65, 62, 35, 36, 67, 66, 68, 67, 120, 121, 95, 119, 106, 120, 96, 120, 95, 119, 120, 96, 118, 119, 96, 96, 95, 81, 118, 106, 119, 97, 118, 96, 117, 118, 97, 97, 96, 80, 117, 63, 118, 98, 117, 97, 98, 97, 79, 64, 62, 63, 116, 63, 117, 116, 117, 98, 115, 63, 116, 64, 63, 115, 114, 64, 115, 99, 116, 98, 115, 116, 99, 100, 115, 99, 78, 98, 79, 99, 98, 78, 100, 114, 115, 77, 99, 78, 100, 99, 77, 76, 100, 77, 18, 19, 76, 18, 76, 17, 113, 64, 114, 101, 114, 100, 68, 35, 67, 34, 35, 68, 68, 113, 69, 69, 33, 34, 69, 34, 68, 65, 68, 66, 65, 113, 68, 113, 65, 64, 70, 69, 113, 70, 32, 33, 70, 33, 69, 71, 70, 113, 31, 32, 70, 31, 70, 71, 72, 71, 113, 30, 31, 71, 114, 72, 113, 101, 72, 114, 101, 73, 72, 102, 73, 101, 72, 29, 30, 72, 30, 71, 74, 73, 102, 101, 100, 76, 28, 25, 26, 73, 29, 72, 75, 102, 101, 20, 75, 101, 74, 102, 75, 26, 27, 28, 25, 28, 29, 73, 25, 29, 24, 25, 73, 23, 24, 73, 74, 23, 73, 22, 23, 74, 75, 22, 74, 21, 22, 75, 101, 19, 20, 21, 75, 20, 76, 19, 101 ],
				"vertices": [ 3, 5, 0.91, 18.77, 0.99524, 17, -37.09999, 14.91, 0.00464, 18, -48.27, 15.34, 1.0E-4, 5, 5, 5.04, 20.9, 0.9872, 17, -33.33, 17.62999, 0.01148, 18, -44.48, 18.04, 0.00122, 19, -58.74, 10.3, 1.0E-5, 20, -71.76999, 6.44, 7.0E-5, 5, 5, 11.52, 24.25, 0.96323, 17, -27.42, 21.9, 0.02977, 18, -38.53, 22.26, 0.00608, 19, -53.42, 15.28, 2.9E-4, 20, -66.72, 11.7, 6.0E-4, 6, 5, 17.44, 27.3, 0.92936, 17, -22.03, 25.8, 0.05143, 18, -33.11, 26.12, 0.01522, 19, -48.55, 19.82, 0.00178, 20, -62.11, 16.5, 0.00217, 21, -74.69, 14.82, 1.0E-5, 7, 5, 23.87, 30.61, 0.87007, 16, -2.71, 30.82, 0.00175, 17, -16.16, 30.04, 0.08043, 18, -27.21, 30.31, 0.03444, 19, -43.26, 24.76, 0.00646, 20, -57.1, 21.72, 0.00636, 21, -69.81, 20.16, 4.6E-4, 7, 5, 30.21, 33.88, 0.79725, 16, 3.29, 34.68, 0.00252, 17, -10.38, 34.22, 0.10627, 18, -21.4, 34.43999, 0.06188, 19, -38.05, 29.63, 0.01584, 20, -52.17, 26.87, 0.01429, 21, -65, 25.43, 0.00191, 7, 5, 38.08, 37.93999, 0.69783, 16, 10.74, 39.46, 0.00171, 17, -3.21, 39.41, 0.12453, 18, -14.18, 39.58, 0.10173, 19, -31.57, 35.66999, 0.03602, 20, -46.04, 33.25999, 0.03171, 21, -59.02, 31.96, 0.00644, 7, 5, 45.51, 41.77, 0.60493, 16, 17.78, 43.98, 2.9E-4, 17, 3.56, 44.31, 0.12425, 18, -7.36, 44.42, 0.13662, 19, -25.46, 41.38, 0.06253, 20, -40.25, 39.3, 0.05657, 21, -53.38, 38.13, 0.01478, 6, 5, 54.48, 46.4, 0.51001, 17, 11.73, 50.22, 0.11011, 18, 0.85, 50.27, 0.16125, 19, -18.09, 48.26, 0.09426, 20, -33.27, 46.58, 0.09325, 21, -46.57, 45.58, 0.03107, 6, 5, 64.53, 51.58, 0.42588, 17, 20.9, 56.85, 0.08828, 18, 10.07, 56.82, 0.1706, 19, -9.82, 55.98, 0.12361, 20, -25.43, 54.75, 0.13634, 21, -38.93, 53.93, 0.05526, 6, 5, 72.62, 55.75, 0.38127, 17, 28.28, 62.19, 0.07424, 18, 17.49, 62.1, 0.16957, 19, -3.16, 62.2, 0.13751, 20, -19.12999, 61.32, 0.16337, 21, -32.79, 60.65, 0.07401, 7, 5, 80.93, 60.04, 0.3557, 17, 35.84999, 67.66, 0.06561, 18, 25.11, 67.51, 0.16709, 19, 3.66, 68.57, 0.14448, 20, -12.66, 68.06, 0.17993, 21, -26.48, 67.54, 0.08711, 22, -35.71, 68.18, 6.0E-5, 7, 5, 87.51, 63.43, 0.34904, 17, 41.84999, 72, 0.0633, 18, 31.14, 71.8, 0.16611, 19, 9.07, 73.62999, 0.14601, 20, -7.54, 73.4, 0.18426, 21, -21.49, 73.01, 0.09094, 22, -30.63, 73.56, 2.9E-4, 7, 5, 90.95, 56.77, 0.34249, 17, 46.24, 65.93, 0.06151, 18, 35.48, 65.69, 0.16429, 19, 14.18, 68.15, 0.14663, 20, -2.13, 68.22, 0.18752, 21, -15.96, 67.94999, 0.09508, 22, -25.19, 68.42, 0.00244, 7, 5, 94.78, 49.34, 0.32292, 17, 51.14, 59.15, 0.05625, 18, 40.33, 58.88, 0.15808, 19, 19.89, 62.04, 0.14749, 20, 3.89, 62.43, 0.1965, 21, -9.79, 62.31, 0.1081, 22, -19.1, 62.68, 0.0106, 7, 5, 97.6, 43.87, 0.29859, 17, 54.75, 54.17, 0.04973, 18, 43.89, 53.86, 0.14927, 19, 24.09, 57.54, 0.14687, 20, 8.33, 58.17, 0.20652, 21, -5.25, 58.16, 0.12554, 22, -14.63, 58.46, 0.02342, 7, 5, 99.85, 39.5, 0.27469, 17, 57.63, 50.18, 0.04354, 18, 46.74, 49.85, 0.13953, 19, 27.44, 53.94, 0.14427, 20, 11.88, 54.77, 0.21451, 21, -1.62, 54.84, 0.14381, 22, -11.05, 55.08, 0.0396, 7, 5, 102.9, 33.59999, 0.23676, 17, 61.52, 44.8, 0.03418, 18, 50.59, 44.44, 0.12237, 19, 31.98, 49.09, 0.13638, 20, 16.68, 50.17, 0.22262, 21, 3.27, 50.35, 0.17423, 22, -6.22, 50.52, 0.07342, 7, 5, 105.26, 29, 0.20353, 17, 64.55, 40.61, 0.0265, 18, 53.58, 40.23, 0.10565, 19, 35.5, 45.31, 0.12483, 20, 20.41, 46.59, 0.22303, 21, 7.09, 46.87, 0.20195, 22, -2.46, 46.98, 0.11448, 7, 5, 110.79, 18.29999, 0.1224, 17, 71.61, 30.85, 0.01067, 18, 60.56, 30.41, 0.06172, 19, 43.72, 36.50999, 0.08291, 20, 29.1, 38.25, 0.19015, 21, 15.98, 38.74, 0.2544, 22, 6.29, 38.71, 0.27771, 7, 5, 114.85, 10.41, 0.07109, 17, 76.81, 23.66, 0.00373, 18, 65.69999, 23.18, 0.03316, 19, 49.78, 30.02, 0.04588, 20, 35.50999, 32.11, 0.12619, 21, 22.53, 32.75, 0.23842, 22, 12.74, 32.62, 0.48148, 7, 5, 118.46, 3.42, 0.03652, 17, 81.41, 17.29, 8.1E-4, 18, 70.26, 16.77, 0.01498, 19, 55.14, 24.27, 0.02002, 20, 41.18, 26.67, 0.06604, 21, 28.33, 27.45, 0.17548, 22, 18.45999, 27.22, 0.68609, 7, 5, 121.5, -2.47, 0.01686, 17, 85.31, 11.91, 4.0E-5, 18, 74.11, 11.36, 0.00567, 19, 59.68, 19.42, 0.00669, 20, 45.97, 22.07, 0.02753, 21, 33.23, 22.96, 0.10307, 22, 23.29, 22.66, 0.84011, 6, 5, 123.98, -7.28, 0.00757, 18, 77.24, 6.95, 0.00194, 19, 63.37, 15.46, 0.00184, 20, 49.88, 18.33, 0.01027, 21, 37.22, 19.31, 0.05346, 22, 27.23, 18.95, 0.92489, 5, 5, 126.91, -12.96, 0.00193, 18, 80.94999, 1.73, 1.7E-4, 20, 54.49, 13.9, 0.00126, 21, 41.93999, 15, 0.01736, 22, 31.88, 14.56, 0.97925, 3, 5, 130.86, -20.62, 5.0E-5, 21, 48.3, 9.18, 0.00172, 22, 38.14, 8.64999, 0.99822, 1, 22, 42.43, 4.6, 1, 1, 22, 46.45, 0.81, 1, 2, 16, 109.18, -23.31, 6.0E-5, 22, 41.87, -4.03, 0.99993, 3, 16, 103.39, -27.03, 0.00175, 17, 92.98, -21.83, 8.0E-5, 22, 37.15, -9.04, 0.99815, 6, 16, 97.38, -30.88, 0.00792, 17, 87.2, -26.01, 9.5E-4, 18, 75.69999, -26.57, 1.1E-4, 19, 66.29, -17.95999, 0.00125, 21, 42.77, -13.78, 0.0059, 22, 32.25, -14.23, 0.98384, 7, 16, 91.58, -34.59999, 0.0215, 17, 81.62, -30.04, 0.00346, 18, 70.08, -30.56, 0.00122, 19, 61.25, -22.66, 0.00587, 20, 49.87, -19.86, 0.00214, 21, 38.12, -18.86, 0.02825, 22, 27.52, -19.23, 0.93753, 7, 16, 85.58, -38.46, 0.04737, 17, 75.83999, -34.22, 0.00904, 18, 64.26999, -34.68999, 0.00552, 19, 56.04, -27.53, 0.01699, 20, 44.93, -25.01, 0.0121, 21, 33.31, -24.13, 0.07807, 22, 22.63, -24.42, 0.83087, 7, 16, 79.58, -42.31, 0.08686, 17, 70.06, -38.4, 0.01854, 18, 58.45, -38.83, 0.0153, 19, 50.82, -32.4, 0.03543, 20, 39.99, -30.16, 0.03232, 21, 28.49, -29.39, 0.13884, 22, 17.73, -29.61, 0.67266, 7, 16, 73.16, -46.43, 0.14072, 17, 63.88, -42.87, 0.03255, 18, 52.24, -43.25, 0.03199, 19, 45.25, -37.59999, 0.06017, 20, 34.71, -35.66, 0.06022, 21, 23.35, -35.02, 0.19161, 22, 12.5, -35.16, 0.4827, 7, 16, 66.58, -50.65, 0.20189, 17, 57.54, -47.45, 0.0494, 18, 45.87, -47.77, 0.05377, 19, 39.53, -42.94, 0.08493, 20, 29.3, -41.3, 0.08574, 21, 18.07, -40.79, 0.21323, 22, 7.13, -40.84, 0.31101, 7, 16, 60.97, -54.24, 0.25437, 17, 52.15, -51.35, 0.06421, 18, 40.43999, -51.63, 0.07321, 19, 34.66999, -47.48, 0.09952, 20, 24.69, -46.11, 0.09676, 21, 13.58, -45.7, 0.20741, 22, 2.56, -45.68, 0.20445, 7, 16, 44.7, -64.68, 0.37563, 17, 36.48, -62.68, 0.09796, 18, 24.68, -62.84, 0.11438, 19, 20.53, -60.68, 0.11026, 20, 11.31, -60.06, 0.09467, 21, 0.52999, -59.97, 0.15816, 22, -10.7, -59.75, 0.04891, 7, 16, 41.27, -66.87999, 0.39188, 17, 33.18, -65.07, 0.10224, 18, 21.36, -65.19999, 0.11895, 19, 17.56, -63.46, 0.10928, 20, 8.49, -63, 0.09215, 21, -2.21, -62.98, 0.15028, 22, -13.5, -62.71, 0.03519, 7, 16, 36.09999, -70.19999, 0.40923, 17, 28.19, -68.67, 0.10665, 18, 16.35, -68.76, 0.12337, 19, 13.06, -67.65, 0.10751, 20, 4.23, -67.44, 0.08892, 21, -6.36, -67.51999, 0.14187, 22, -17.71999, -67.18, 0.02242, 7, 16, 28.94, -74.79, 0.41861, 17, 21.31, -73.65, 0.10895, 18, 9.42, -73.68, 0.12552, 19, 6.85, -73.44999, 0.10623, 20, -1.64, -73.57, 0.08696, 21, -12.09, -73.79, 0.13734, 22, -23.55, -73.36, 0.01634, 7, 16, 26.36, -70.76999, 0.4205, 17, 18.51, -69.78, 0.10965, 18, 6.65, -69.79, 0.12612, 19, 3.59, -69.96, 0.10581, 20, -5.09, -70.26, 0.08643, 21, -15.62, -70.56, 0.13576, 22, -27.03, -70.08, 0.01568, 7, 16, 24.1, -67.25, 0.4245, 17, 16.06, -66.39, 0.1112, 18, 4.23, -66.37999, 0.12738, 19, 0.73, -66.9, 0.10482, 20, -8.10999, -67.37, 0.08524, 21, -18.70999, -67.74, 0.13224, 22, -30.07, -67.21, 0.01459, 7, 16, 20.12, -61.04, 0.44037, 17, 11.73, -60.41, 0.11656, 18, -0.04, -60.36, 0.13129, 19, -4.29, -61.51, 0.10061, 20, -13.43, -62.26, 0.08048, 21, -24.16, -62.76, 0.12021, 22, -35.43999, -62.15, 0.01043, 7, 16, 16.93, -56.07, 0.46033, 17, 8.27, -55.63, 0.12265, 18, -3.46, -55.55, 0.13485, 19, -8.32, -57.19, 0.0946, 20, -17.7, -58.17, 0.07427, 21, -28.51, -58.78, 0.10661, 22, -39.73, -58.09, 0.00664, 7, 16, 12.94, -49.86, 0.49323, 17, 3.95, -49.65, 0.1311, 18, -7.73, -49.54, 0.13786, 19, -13.36, -51.8, 0.08382, 20, -23.02, -53.07, 0.06411, 21, -33.96, -53.79, 0.08705, 22, -45.1, -53.03, 0.00279, 7, 16, 8.43, -42.82, 0.5483, 17, -0.94, -42.87, 0.1401, 18, -12.58, -42.72, 0.13523, 19, -19.07, -45.68, 0.06476, 20, -29.06, -47.28, 0.04835, 21, -40.13, -48.15, 0.06291, 22, -51.18, -47.29, 3.2E-4, 6, 16, 4.96999, -37.43999, 0.60197, 17, -4.69, -37.68, 0.14154, 18, -16.29, -37.50999, 0.12609, 19, -23.43, -41.00999, 0.04824, 20, -33.66999, -42.85, 0.03591, 21, -44.85, -43.83, 0.04622, 6, 16, 1.65, -32.25999, 0.66131, 17, -8.29, -32.7, 0.13619, 18, -19.85, -32.49, 0.11223, 19, -27.63, -36.50999, 0.03292, 20, -38.11, -38.59, 0.02491, 21, -49.39, -39.68, 0.03241, 6, 16, -1.13, -27.91, 0.72299, 17, -11.32, -28.51, 0.12116, 18, -22.84, -28.28, 0.09443, 19, -31.15, -32.74, 0.02131, 20, -41.84, -35.02, 0.017, 21, -53.2, -36.2, 0.02308, 6, 16, -4.85, -22.11, 0.81568, 17, -15.36, -22.93, 0.08426, 18, -26.83, -22.67, 0.06677, 19, -35.84999, -27.7, 0.00999, 20, -46.81, -30.25, 0.00927, 21, -58.29, -31.55, 0.014, 7, 5, 14.16, -16.86, 0.05688, 16, -7.9, -17.35, 0.83477, 17, -18.67, -18.35, 0.04719, 18, -30.11, -18.06, 0.04392, 19, -39.72, -23.57, 0.0039, 20, -50.9, -26.33, 0.0048, 21, -62.46, -27.73, 0.00849, 7, 5, 11.45, -11.61, 0.28453, 16, -11.09, -12.38, 0.67541, 17, -22.13, -13.56, 0.01113, 18, -33.53, -13.25, 0.02206, 19, -43.75, -19.25, 7.7E-4, 20, -55.16, -22.25, 0.00184, 21, -66.82, -23.75, 0.00422, 6, 5, 8.8, -6.46, 0.74853, 16, -14.22, -7.51, 0.24364, 17, -25.53, -8.87, 4.8E-4, 18, -36.89, -8.52, 0.00589, 20, -59.34, -18.24, 2.6E-4, 21, -71.08999, -19.84, 0.00115, 5, 5, 6.47, -1.96, 0.98403, 16, -16.95999, -3.24, 0.01555, 18, -39.83, -4.39, 3.3E-4, 20, -63, -14.73, 0, 21, -74.83999, -16.42, 6.0E-5, 1, 5, 3.71, 3.39, 1, 2, 5, -0.38, 11.33, 0.99881, 17, -37.27, 7.36, 0.00118, 2, 5, -3.13, 16.68, 0.99789, 17, -40.79, 12.23, 0.0021, 7, 16, 39.24, -57.94, 0.37283, 17, 30.66, -56.26, 0.09831, 18, 18.91, -56.36, 0.1153, 19, 13.96, -55.02, 0.11177, 20, 4.42999, -54.78, 0.09619, 21, -6.46, -54.86, 0.15691, 22, -17.62, -54.52, 0.04865, 7, 16, 34.62, -50.74, 0.40219, 17, 25.64, -49.32, 0.1084, 18, 13.95, -49.38, 0.12615, 19, 8.10999, -48.77, 0.10956, 20, -1.74, -48.86, 0.0906, 21, -12.78, -49.08, 0.13636, 22, -23.85, -48.65, 0.02671, 7, 16, 32.97, -44.64, 0.42087, 17, 23.65, -43.32, 0.11751, 18, 12.01, -43.37, 0.13569, 19, 5.39, -43.07, 0.10675, 20, -4.77, -43.31, 0.08509, 21, -15.94, -43.61, 0.11752, 22, -26.92, -43.13, 0.01654, 7, 16, 35.00999, -38.43, 0.38675, 17, 25.35, -37.00999, 0.117, 18, 13.76, -37.08, 0.14401, 19, 6.29, -36.59, 0.12209, 20, -4.23, -36.8, 0.09594, 21, -15.56, -37.09, 0.1149, 22, -26.44, -36.61, 0.01926, 7, 16, 39.12, -30.15, 0.29265, 17, 28.99, -28.52, 0.09346, 18, 17.45999, -28.61, 0.12904, 19, 8.84, -27.71, 0.16245, 20, -2.18, -27.79, 0.13998, 21, -13.72, -28.03, 0.14451, 22, -24.46, -27.59, 0.03787, 7, 16, 41.08, -23.24, 0.23031, 17, 30.57, -21.51, 0.08028, 18, 19.1, -21.61, 0.12497, 19, 9.53, -20.56, 0.21118, 20, -1.88, -20.61, 0.18248, 21, -13.59, -20.85, 0.14065, 22, -24.22, -20.4, 0.03009, 7, 16, 46.62, -28.35, 0.18897, 17, 36.38, -26.3, 0.05686, 18, 24.87, -26.45, 0.07582, 19, 15.9, -24.59, 0.16777, 20, 4.69, -24.28, 0.19711, 21, -6.93, -24.36, 0.2274, 22, -17.61, -24.03, 0.08603, 7, 16, 48.96, -35.50999, 0.25971, 17, 39.11, -33.32, 0.07191, 18, 27.55, -33.5, 0.0889, 19, 19.48, -31.22, 0.12953, 20, 8.64, -30.7, 0.13122, 21, -2.83, -30.69, 0.20348, 22, -13.61, -30.41, 0.11522, 7, 16, 52.17, -42.87, 0.22828, 17, 42.73, -40.49, 0.05917, 18, 31.11, -40.68999, 0.06837, 19, 23.96, -37.87, 0.10681, 20, 13.48, -37.09999, 0.11317, 21, 2.15, -36.97, 0.22625, 22, -8.72, -36.77, 0.19793, 7, 16, 56.55, -49.1, 0.27586, 17, 47.44, -46.47, 0.07168, 18, 35.77, -46.71, 0.0839, 19, 29.39, -43.22, 0.10943, 20, 19.19, -42.14, 0.10615, 21, 7.98, -41.87, 0.20272, 22, -2.97, -41.77, 0.15024, 7, 16, 69.41, -42.73, 0.14072, 17, 59.93, -39.39, 0.03255, 18, 48.32, -39.73, 0.03199, 19, 40.9, -34.64, 0.06017, 20, 30.21, -32.93999, 0.06022, 21, 18.77, -32.41, 0.19161, 22, 7.97, -32.48, 0.4827, 7, 16, 73.47, -36.74, 0.11393, 17, 63.65, -33.18, 0.02588, 18, 52.09, -33.55, 0.02348, 19, 43.82, -28.01, 0.05291, 20, 32.75, -26.16, 0.05735, 21, 21.16, -25.57, 0.20097, 22, 10.46, -25.68, 0.52546, 7, 16, 76.49, -30.28, 0.06091, 17, 66.3, -26.57, 0.01274, 18, 54.8, -26.96, 0.00808, 19, 45.62, -21.12, 0.02952, 20, 34.18, -19.18, 0.03328, 21, 22.42, -18.56, 0.16644, 22, 11.83, -18.69, 0.68899, 5, 16, 81.73, -22.02, 0.0093, 17, 71.08, -18.03, 0.0014, 19, 49.3, -12.05, 0.00233, 21, 25.37, -9.22999, 0.00663, 22, 14.92, -9.39999, 0.98031, 5, 16, 84.14, -15.2, 0.0093, 17, 73.11, -11.09, 0.0014, 19, 50.44, -4.92, 0.00233, 21, 25.94, -2.03, 0.00663, 22, 15.61, -2.21, 0.98031, 6, 5, 110.86, -14.83, 0.00454, 18, 65.32, -2.36999, 8.7E-4, 19, 52.79, 4.64, 2.2E-4, 20, 39.91, 6.93, 0.00447, 21, 27.53, 7.68, 0.03406, 22, 17.35, 7.48, 0.95581, 6, 5, 112.03, -6.73, 0.01866, 18, 65.33999, 5.8, 0.0063, 19, 51.72, 12.75, 0.00718, 20, 38.4, 14.97, 0.03312, 21, 25.82, 15.69, 0.14806, 22, 15.77, 15.5, 0.78664, 7, 5, 112.92, 1.21, 0.04747, 17, 76.26999, 14.27, 0.0015, 18, 65.1, 13.8, 0.0205, 19, 50.42, 20.64, 0.02845, 20, 36.66, 22.78, 0.09174, 21, 23.9, 23.45, 0.22973, 22, 13.97, 23.3, 0.58057, 7, 5, 95.13, 29.49, 0.24383, 17, 54.46, 39.57, 0.03609, 18, 43.48, 39.27, 0.12638, 19, 25.62, 43.03, 0.13998, 20, 10.67, 43.76, 0.22335, 21, -2.57, 43.81, 0.16684, 22, -12.18, 44.07, 0.0635, 7, 5, 86.35, 29.24, 0.2584, 17, 45.81, 38.00999, 0.04128, 18, 34.82, 37.78, 0.13662, 19, 17.23, 40.4, 0.15101, 20, 2.43, 40.68, 0.22429, 21, -10.73, 40.53, 0.14481, 22, -20.39, 40.91999, 0.04356, 7, 5, 74.01999, 28.23, 0.30125, 17, 33.77, 35.18, 0.05728, 18, 22.77, 35.05, 0.16482, 19, 5.65, 36.09, 0.16805, 20, -8.89, 35.73, 0.20205, 21, -21.94, 35.31, 0.09289, 22, -31.68, 35.88, 0.01362, 7, 5, 62.55, 27.66, 0.435, 17, 22.51, 32.9, 0.1106, 18, 11.48, 32.86, 0.19844, 19, -5.23999, 32.41999, 0.12223, 20, -19.56, 31.47, 0.10365, 21, -32.50999, 30.8, 0.02984, 22, -42.32, 31.54, 2.0E-4, 7, 5, 53.06, 26.69, 0.50605, 16, 26.71, 29.67, 8.8E-4, 17, 13.28, 30.53, 0.1323, 18, 2.23, 30.56, 0.18307, 19, -14.1, 28.91, 0.08877, 20, -28.22, 27.48, 0.07126, 21, -41.07, 26.61, 0.01763, 7, 5, 44.43, 25.45, 0.64687, 16, 18.24, 27.62, 0.00949, 17, 4.92, 28.01, 0.15778, 18, -6.13, 28.11, 0.12098, 19, -22.07, 25.38, 0.03365, 20, -35.98, 23.51, 0.02683, 21, -48.74, 22.45, 0.00436, 7, 5, 34.66, 24.34, 0.73162, 16, 8.62, 25.59, 0.00565, 17, -4.56, 25.45, 0.12883, 18, -15.64, 25.63, 0.08607, 19, -31.17, 21.65, 0.02388, 20, -44.86, 19.29, 0.02067, 21, -57.52, 18.02, 0.00324, 7, 5, 27.42, 24.53, 0.84012, 16, 1.4, 25.11, 0.00723, 17, -11.74, 24.56, 0.09705, 18, -22.83, 24.79, 0.04077, 19, -38.18999, 19.87, 0.00723, 20, -51.77, 17.12, 0.00703, 21, -64.37, 15.69, 5.2E-4, 3, 5, 4.17999, 12.9, 0.99067, 17, -32.99, 9.59, 0.00884, 18, -44.2, 9.99, 4.8E-4, 6, 5, 15.5, -8.35999, 0.21044, 16, -7.37, -8.76, 0.76807, 18, -29.98, -9.45, 0.01686, 19, -40.73, -15.02, 3.2E-4, 20, -52.38, -17.85, 0.00127, 21, -64.15, -19.29, 0.00301, 6, 16, -0.21, -11.7, 0.85933, 17, -11.3, -12.28, 0.07151, 18, -22.69, -12.05, 0.0506, 19, -33.16, -16.62, 0.0046, 20, -44.73, -19.04, 0.00528, 21, -56.48, -20.29, 0.00865, 6, 16, 3.93, -15.82, 0.85933, 17, -6.93, -16.16, 0.07151, 18, -18.35, -15.96, 0.0506, 19, -28.34, -19.93, 0.0046, 20, -39.74, -22.07, 0.00528, 21, -51.41, -23.21, 0.00865, 6, 16, 5.01, -24.54, 0.70576, 17, -5.37, -24.81, 0.14275, 18, -16.86, -24.63, 0.09934, 19, -25.71, -28.32, 0.01832, 20, -36.65, -30.31, 0.01454, 21, -48.13, -31.36, 0.01923, 6, 16, 4.73999, -29.99, 0.63695, 17, -5.34, -30.26, 0.14526, 18, -16.87, -30.08, 0.12019, 19, -25, -33.72, 0.03638, 20, -35.64, -35.66, 0.02697, 21, -46.99, -36.7, 0.03423, 7, 16, 26.52, -63.94, 0.42361, 17, 18.29, -62.95, 0.11133, 18, 6.49, -62.96, 0.1275, 19, 2.52, -63.21, 0.10486, 20, -6.53, -63.59, 0.08532, 21, -17.21999, -63.92, 0.13177, 22, -28.52, -63.42, 0.01558, 7, 16, 34.06, -66.12, 0.40979, 17, 25.94, -64.71, 0.1071, 18, 14.12, -64.78, 0.12381, 19, 10.33, -64, 0.10738, 20, 1.29999, -63.95, 0.08873, 21, -9.38, -64.08999, 0.14074, 22, -20.68, -63.71, 0.02242, 2, 5, 11.33, 7.69, 0.9956, 17, -25.14, 5.5, 0.00439, 3, 5, 19.95, 4.94, 0.97778, 16, -4.19, 4.89, 0.00639, 17, -16.20999, 4.07, 0.01581, 4, 5, 28.22, 3.39, 0.95262, 17, -7.8, 3.77, 0.04676, 18, -19.06, 3.98, 5.5E-4, 20, -44.16, -2.60999, 5.0E-5, 5, 5, 37.14, 2.18, 0.3405, 16, 13.18, 3.77, 0.13249, 17, 1.2, 3.91, 0.44664, 18, -10.05, 4.04, 0.07808, 20, -35.33, -0.86, 0.00226, 5, 5, 47.83, 0.77, 0.14016, 17, 11.98, 4.12, 0.5806, 18, 0.72, 4.16, 0.27636, 19, -12.09, 2.55, 8.4E-4, 20, -24.76, 1.27, 0.00198, 5, 5, 57.85, 0.68, 0.04777, 17, 21.9, 5.52, 0.01415, 18, 10.65, 5.48, 0.73238, 19, -2.43, 5.17999, 0.1915, 20, -15.25, 4.42, 0.01417, 5, 5, 68.64, -0.39, 0.06857, 18, 21.49, 5.95, 0.11016, 19, 8.24, 7.07, 0.52372, 20, -4.69, 6.91, 0.29387, 21, -17.06, 6.6, 0.00364, 7, 5, 78.33, -0.93, 0.06562, 17, 42.39, 6.98, 0.0032, 18, 31.16, 6.78, 0.04282, 19, 17.70999, 9.18, 0.194, 20, 4.64, 9.54, 0.54558, 21, -7.79, 9.45, 0.13111, 22, -17.93, 9.79, 0.01761, 7, 5, 87.47, -1.47, 0.04451, 17, 51.51, 7.81, 0.00129, 18, 40.28, 7.53, 0.02065, 19, 26.66, 11.14, 0.05314, 20, 13.46, 11.98, 0.32944, 21, 0.96, 12.1, 0.44094, 22, -9.13, 12.31, 0.11, 7, 5, 97.6, -1.79, 0.05169, 17, 61.57, 9.01, 0.00182, 18, 50.35, 8.64999, 0.02354, 19, 36.49, 13.59, 0.04392, 20, 23.14, 14.97, 0.20315, 21, 10.57, 15.32, 0.41286, 22, 0.51, 15.38, 0.263, 6, 5, 105.87, -3.33, 0.01866, 18, 58.75, 8.29, 0.0063, 19, 44.87, 14.34, 0.00718, 20, 31.47, 16.19, 0.03312, 21, 18.87, 16.73, 0.14806, 22, 8.83, 16.66, 0.78664, 5, 5, 14.66, -3.04, 0.77856, 16, -8.71, -3.55, 0.21589, 18, -31.57, -4.31, 0.00449, 20, -54.91, -13.1, 1.9E-4, 21, -66.78, -14.6, 8.5E-4, 6, 5, 22.62, -6.68, 0.21044, 16, -0.43, -6.42, 0.76807, 18, -23.17, -6.78, 0.01686, 19, -34.33, -11.47, 3.2E-4, 20, -46.19, -13.96, 0.00127, 21, -58.05, -15.25, 0.00301, 6, 16, 7.96, -9.5, 0.61707, 17, -3.26, -9.63, 0.26481, 18, -14.63, -9.46, 0.09437, 19, -25.51, -12.99, 0.00722, 20, -37.29, -14.99, 0.00703, 21, -49.13, -16.07, 0.00947, 6, 16, 14.11, -17.25, 0.59231, 17, 3.3, -17.03, 0.2068, 18, -8.12, -16.91, 0.13729, 19, -18.07, -19.51, 0.02513, 20, -29.51, -21.09, 0.01777, 21, -41.21, -21.99, 0.02068, 6, 16, 18.44, -26.75, 0.54386, 17, 8.14999, -26.26, 0.1833, 18, -3.34, -26.19, 0.15733, 19, -12.1, -28.07, 0.04791, 20, -23.07, -29.31, 0.03201, 21, -34.58, -30.05, 0.03556, 7, 16, 21.15, -35.53, 0.4561, 17, 11.35, -34.88, 0.13552, 18, -0.21, -34.83, 0.15058, 19, -7.86, -36.23, 0.09538, 20, -18.39, -37.22, 0.07081, 21, -29.7, -37.84, 0.08599, 22, -40.59, -37.14, 0.00557, 7, 16, 24.12, -45.61, 0.43825, 17, 14.87, -44.79, 0.12606, 18, 3.21, -44.76, 0.14334, 19, -3.13, -45.61, 0.10216, 20, -13.15, -46.33, 0.07873, 21, -24.25, -46.82, 0.10127, 22, -35.28, -46.21, 0.01014, 7, 16, 27.88, -52.84, 0.43424, 17, 19.03, -51.8, 0.11635, 18, 7.32, -51.81, 0.13188, 19, 1.86, -52.05, 0.10225, 20, -7.8, -52.48, 0.08192, 21, -18.76, -52.85, 0.12046, 22, -29.88, -52.32, 0.01286, 7, 16, 32.75, -59.07, 0.40737, 17, 24.24, -57.74, 0.10762, 18, 12.48, -57.8, 0.12454, 19, 7.77, -57.3, 0.10786, 20, -1.61, -57.39, 0.08918, 21, -12.45, -57.61, 0.139, 22, -23.65, -57.19, 0.02439, 7, 16, 37.66999, -62.64, 0.39238, 17, 29.35, -61.03, 0.10269, 18, 17.56, -61.12, 0.1195, 19, 13.25, -59.93, 0.10942, 20, 4, -59.71, 0.09219, 21, -6.78, -59.8, 0.1492, 22, -18.02, -59.46, 0.0346, 7, 16, 68.92, -23.88, 0.08813, 17, 58.4, -20.6, 0.02036, 18, 46.94, -20.93, 0.01579, 19, 37.03, -16.18, 0.05639, 20, 25.33, -14.73, 0.08471, 21, 13.46, -14.32, 0.30098, 22, 2.94, -14.3, 0.4336, 7, 16, 62.35, -17.28, 0.06263, 17, 51.47, -14.37, 0.01485, 18, 40.06, -14.65, 0.0085, 19, 29.38, -10.87, 0.05857, 20, 17.39, -9.85, 0.12561, 21, 5.42, -9.63, 0.48093, 22, -5.02, -9.49, 0.24887, 5, 16, 56.63, -12.47, 0.02416, 17, 45.49, -9.89, 0.00704, 19, 22.89, -7.17, 0.10461, 20, 10.71, -6.51, 0.75512, 21, -1.33, -6.45, 0.10904, 5, 16, 47.89, -9.32, 0.02416, 17, 36.58, -7.23, 0.00704, 19, 13.72, -5.64, 0.10461, 20, 1.47, -5.48, 0.75512, 21, -10.6, -5.64, 0.10904, 6, 16, 39.24, -8.14, 0.04601, 17, 27.89, -6.53, 0.02109, 18, 16.54, -6.62, 0.00825, 19, 5.01, -6.03, 0.70032, 20, -7.2, -6.36, 0.19645, 21, -19.25, -6.73, 0.02784, 5, 16, 30.93, -7.04, 0.05767, 17, 19.53, -5.89, 0.152, 18, 8.18999, -5.91, 0.77611, 20, -15.53, -7.23, 0.00827, 21, -27.56, -7.79, 0.00592, 5, 16, 22.23, -5.32, 0.11731, 17, 10.75, -4.66, 0.71316, 18, -0.57, -4.6, 0.16298, 20, -24.4, -7.59, 0.00264, 21, -36.41999, -8.35999, 0.00389, 5, 16, 14.81, -4.23, 0.11731, 17, 3.28, -3.99, 0.71316, 18, -8.04, -3.87, 0.16298, 20, -31.87, -8.27, 0.00264, 21, -43.87, -9.22, 0.00389, 5, 16, 7.24, -3.83, 0.98248, 18, -15.61, -3.83, 0.01413, 19, -27.24, -7.54, 3.9E-4, 20, -39.32, -9.64, 9.9E-4, 21, -51.28, -10.77, 0.00198, 1, 16, -0.15, -1.85, 1, 2, 5, 15.93, 0.93, 0.99889, 17, -19.58, -0.49, 0.0011, 2, 5, 9.51, 3.71, 0.99943, 17, -26.34, 1.29, 5.6E-4, 1, 5, 10.33, -0.56, 1 ],
				"hull": 58,
				"edges": [ 72, 74, 70, 72, 38, 40, 36, 38, 2, 4, 4, 6, 108, 110, 106, 108, 92, 94, 90, 92, 88, 90, 86, 88, 74, 76, 84, 86, 76, 78, 78, 80, 80, 82, 82, 84, 2, 0, 0, 114, 110, 112, 112, 114, 104, 106, 102, 104, 100, 102, 98, 100, 94, 96, 96, 98, 6, 8, 8, 10, 10, 12, 12, 14, 14, 16, 16, 18, 18, 20, 20, 22, 22, 24, 34, 36, 32, 34, 30, 32, 28, 30, 24, 26, 26, 28, 40, 42, 42, 44, 44, 46, 46, 48, 48, 50, 50, 52, 52, 54, 54, 56, 56, 58, 58, 60, 60, 62, 62, 64, 64, 66, 66, 68, 68, 70, 184, 186, 186, 188, 188, 190, 190, 192, 192, 194, 194, 196, 196, 198, 198, 200, 200, 202, 202, 204, 204, 148, 248, 246, 246, 244, 244, 242, 242, 240, 240, 238, 238, 236, 236, 234, 234, 232, 232, 230, 230, 228, 228, 226, 226, 140, 250, 206, 206, 208, 208, 210, 210, 212, 212, 214, 214, 216, 216, 218, 218, 220, 220, 222, 222, 224 ],
				"width": 106,
				"height": 102
			}
		}
	}
},
"events": {
	"Antiaircraft": {},
	"attack_point": {},
	"damage_point": {},
	"throw_point": {}
},
"animations": {
	"Antiaircraft": {
		"slots": {
			"Body_Fornt_Light": {
				"attachment": [
					{ "time": 0, "name": null },
					{ "time": 0.0666, "name": "Front_Light" },
					{ "time": 0.5, "name": null },
					{ "time": 0.6, "name": "Front_Light" },
					{ "time": 1.2666, "name": null },
					{ "time": 1.3666, "name": "Front_Light" },
					{ "time": 2, "name": null }
				],
				"color": [
					{ "time": 0.0666, "color": "fffffffd" },
					{ "time": 0.1666, "color": "ffffff00" },
					{ "time": 0.2, "color": "ffffffff" },
					{ "time": 0.3333, "color": "ffffff00" },
					{ "time": 0.3666, "color": "ffffffff" },
					{ "time": 0.4666, "color": "ffffff00" },
					{ "time": 0.6, "color": "ffffffff" },
					{ "time": 0.7333, "color": "ffffff00" },
					{ "time": 0.8, "color": "ffffffff" },
					{ "time": 0.9, "color": "ffffff00" },
					{ "time": 0.9666, "color": "ffffffff" },
					{ "time": 1.1, "color": "ffffff00" },
					{ "time": 1.1333, "color": "ffffffff" },
					{ "time": 1.2333, "color": "ffffff00" },
					{ "time": 1.3666, "color": "ffffffff" },
					{ "time": 1.4666, "color": "ffffff00" },
					{ "time": 1.5333, "color": "ffffffff" },
					{ "time": 1.6333, "color": "ffffff00" },
					{ "time": 1.7, "color": "ffffffff" },
					{ "time": 1.8333, "color": "ffffff00" },
					{ "time": 1.8666, "color": "ffffffff" },
					{ "time": 1.9666, "color": "ffffff00" }
				]
			},
			"Body_Hand": {
				"attachment": [
					{ "time": 0, "name": "Front_Picture" }
				]
			},
			"Light_Body": {
				"attachment": [
					{ "time": 0, "name": null },
					{ "time": 0.0666, "name": "Light_body_change" },
					{ "time": 0.5, "name": null },
					{ "time": 0.6, "name": "Light_body_change" },
					{ "time": 1.2666, "name": null },
					{ "time": 1.3666, "name": "Light_body_change" },
					{ "time": 2, "name": null }
				],
				"color": [
					{ "time": 0.0666, "color": "fffffffd" },
					{ "time": 0.1666, "color": "ffffff00" },
					{ "time": 0.2, "color": "ffffffff" },
					{ "time": 0.3333, "color": "ffffff00" },
					{ "time": 0.3666, "color": "ffffffff" },
					{ "time": 0.4666, "color": "ffffff00" },
					{ "time": 0.6, "color": "ffffffff" },
					{ "time": 0.7333, "color": "ffffff00" },
					{ "time": 0.8, "color": "ffffffff" },
					{ "time": 0.9, "color": "ffffff00" },
					{ "time": 0.9666, "color": "ffffffff" },
					{ "time": 1.1, "color": "ffffff00" },
					{ "time": 1.1333, "color": "ffffffff" },
					{ "time": 1.2333, "color": "ffffff00" },
					{ "time": 1.3666, "color": "ffffffff" },
					{ "time": 1.4666, "color": "ffffff00" },
					{ "time": 1.5333, "color": "ffffffff" },
					{ "time": 1.6333, "color": "ffffff00" },
					{ "time": 1.7, "color": "ffffffff" },
					{ "time": 1.8333, "color": "ffffff00" },
					{ "time": 1.8666, "color": "ffffffff" },
					{ "time": 1.9666, "color": "ffffff00" }
				]
			},
			"Rodney_body_normal": {
				"attachment": [
					{ "time": 0, "name": "Body_Change" }
				]
			},
			"Rodney_ship_armor_normal": {
				"attachment": [
					{ "time": 0, "name": "Ship_armor_normal" }
				]
			}
		},
		"bones": {
			"Body": {
				"rotate": [
					{ "time": 0, "angle": 0, "curve": "stepped" },
					{ "time": 2, "angle": 0 }
				],
				"translate": [
					{ "time": 0, "x": 0, "y": 0, "curve": "stepped" },
					{ "time": 2, "x": 0, "y": 0 }
				]
			},
			"Ship": {
				"rotate": [
					{ "time": 0, "angle": 0, "curve": "stepped" },
					{ "time": 2, "angle": 0 }
				],
				"translate": [
					{
						"time": 0,
						"x": 0,
						"y": 0,
						"curve": [ 0.319, 0.33, 0.653, 0.66 ]
					},
					{
						"time": 0.5,
						"x": 1.79,
						"y": 0,
						"curve": [ 0.289, 0.43, 0.622, 0.73 ]
					},
					{
						"time": 1.5,
						"x": -2.75,
						"y": 0,
						"curve": [ 0.487, 0.33, 0.657, 0.5 ]
					},
					{ "time": 2, "x": 0, "y": 0 }
				]
			},
			"Root_All": {
				"rotate": [
					{ "time": 0, "angle": 0, "curve": "stepped" },
					{ "time": 2, "angle": 0 }
				],
				"translate": [
					{
						"time": 0,
						"x": 0,
						"y": 0,
						"curve": [ 0.255, 0.35, 0.6, 0.7 ]
					},
					{
						"time": 0.5,
						"x": 0,
						"y": -9.82,
						"curve": [ 0.3, 0.39, 0.641, 0.74 ]
					},
					{
						"time": 1,
						"x": 0,
						"y": -15.66,
						"curve": [ 0.322, 0.37, 0.652, 0.7 ]
					},
					{
						"time": 1.5,
						"x": 0,
						"y": -7.79,
						"curve": [ 0.314, 0.36, 0.644, 0.68 ]
					},
					{ "time": 2, "x": 0, "y": 0 }
				]
			},
			"Ship_All": {
				"rotate": [
					{ "time": 0, "angle": 0, "curve": "stepped" },
					{ "time": 2, "angle": 0 }
				],
				"translate": [
					{ "time": 0, "x": 0, "y": 0, "curve": "stepped" },
					{ "time": 2, "x": 0, "y": 0 }
				]
			},
			"Face": {
				"rotate": [
					{ "time": 0, "angle": 0, "curve": "stepped" },
					{ "time": 2, "angle": 0 }
				],
				"translate": [
					{
						"time": 0,
						"x": 0,
						"y": 0,
						"curve": [ 0.286, 0.34, 0.623, 0.67 ]
					},
					{
						"time": 0.5,
						"x": 0.64,
						"y": 0,
						"curve": [ 0.282, 0.37, 0.624, 0.71 ]
					},
					{
						"time": 1.5,
						"x": -1.28,
						"y": 0,
						"curve": [ 0.321, 0.37, 0.656, 0.71 ]
					},
					{ "time": 2, "x": 0, "y": 0 }
				]
			},
			"arm": {
				"rotate": [
					{ "time": 0, "angle": 0 },
					{ "time": 1, "angle": 1.97 },
					{ "time": 2, "angle": 0 }
				],
				"translate": [
					{ "time": 0, "x": 0, "y": 0 },
					{ "time": 1, "x": 3.36, "y": -2.91 },
					{ "time": 2, "x": 0, "y": 0 }
				]
			},
			"Cloth_00": {
				"rotate": [
					{ "time": 0, "angle": 0 },
					{ "time": 0.5, "angle": -3.93 },
					{ "time": 1.5, "angle": -0.68 },
					{ "time": 2, "angle": 0 }
				]
			},
			"Cloth_05": {
				"rotate": [
					{ "time": 0, "angle": 0 },
					{ "time": 0.5, "angle": 17.05 },
					{ "time": 1.5, "angle": 18.46 },
					{ "time": 2, "angle": 0 }
				]
			},
			"Cloth_04": {
				"rotate": [
					{ "time": 0, "angle": 0 },
					{ "time": 0.5, "angle": 14.08 },
					{ "time": 1.5, "angle": 20.16 },
					{ "time": 2, "angle": 0 }
				]
			},
			"Cloth_03": {
				"rotate": [
					{ "time": 0, "angle": 0 },
					{ "time": 0.5, "angle": 10.96 },
					{ "time": 1.5, "angle": -8.59 },
					{ "time": 2, "angle": 0 }
				]
			},
			"Cloth_02": {
				"rotate": [
					{ "time": 0, "angle": 0 },
					{ "time": 0.5, "angle": 11.89 },
					{ "time": 1.5, "angle": -14.16 },
					{ "time": 2, "angle": 0 }
				]
			},
			"Cloth_07": {
				"rotate": [
					{ "time": 0, "angle": 0 },
					{ "time": 0.5, "angle": 10.85 },
					{ "time": 1.5, "angle": 12.35 },
					{ "time": 2, "angle": 0 }
				]
			},
			"Cloth_06": {
				"rotate": [
					{ "time": 0, "angle": 0 },
					{ "time": 0.5, "angle": 13.27 },
					{ "time": 1.5, "angle": 15.82 },
					{ "time": 2, "angle": 0 }
				]
			},
			"Cloth_01": {
				"rotate": [
					{ "time": 0, "angle": 0 },
					{ "time": 0.5, "angle": 11 },
					{ "time": 1.5, "angle": -11.79 },
					{ "time": 2, "angle": 0 }
				]
			}
		},
		"events": [
			{ "time": 0.0666, "name": "Antiaircraft" }
		]
	},
	"attack": {
		"slots": {
			"Body_Fornt_Light": {
				"attachment": [
					{ "time": 0, "name": null },
					{ "time": 0.1, "name": "Front_Light" },
					{ "time": 0.9, "name": null }
				],
				"color": [
					{ "time": 0.5333, "color": "fffffffb" },
					{ "time": 0.8333, "color": "ffffff00" }
				]
			},
			"Body_Hand": {
				"attachment": [
					{ "time": 0, "name": "Front_Picture" }
				]
			},
			"Light_Body": {
				"attachment": [
					{ "time": 0, "name": null },
					{ "time": 0.0666, "name": null },
					{ "time": 0.1, "name": "Light_body_change" }
				],
				"color": [
					{ "time": 0.5333, "color": "fffffffb" },
					{ "time": 0.8333, "color": "ffffff00" }
				]
			},
			"Rodney_body_normal": {
				"attachment": [
					{ "time": 0, "name": "Body_Change" },
					{ "time": 0.9, "name": "Body_Change" }
				]
			},
			"Rodney_ship_armor_normal": {
				"attachment": [
					{ "time": 0, "name": "Ship_armor_normal" },
					{ "time": 0.9, "name": "Ship_armor_normal" },
					{ "time": 1.6666, "name": "Ship_armor_normal" }
				]
			}
		},
		"bones": {
			"Root_All": {
				"rotate": [
					{ "time": 0, "angle": 0, "curve": "stepped" },
					{ "time": 1.6666, "angle": 0 }
				],
				"translate": [
					{
						"time": 0,
						"x": 0,
						"y": 0,
						"curve": [ 0.255, 0.35, 0.6, 0.7 ]
					},
					{ "time": 0.0666, "x": 8.69, "y": 0 },
					{ "time": 0.1666, "x": -87.44, "y": 0 },
					{ "time": 0.3333, "x": -61.04, "y": 0 },
					{ "time": 0.5333, "x": -69.84, "y": 0 },
					{ "time": 1, "x": -85.6, "y": 0 },
					{ "time": 1.4, "x": 15.07, "y": 0 },
					{ "time": 1.6666, "x": 0, "y": 0 }
				]
			},
			"Ship": {
				"rotate": [
					{
						"time": 0,
						"angle": 0,
						"curve": [ 0.219, 0.41, 0.591, 0.77 ]
					},
					{ "time": 0.1, "angle": -369.17 },
					{ "time": 0.2666, "angle": -355.14 },
					{ "time": 0.5, "angle": -354.87 },
					{ "time": 0.8666, "angle": -357.1 },
					{ "time": 1, "angle": -362.95 },
					{ "time": 1.3, "angle": -371.82 },
					{ "time": 1.5, "angle": -359.52 },
					{ "time": 1.6666, "angle": 0 }
				],
				"translate": [
					{
						"time": 0,
						"x": 0,
						"y": 0,
						"curve": [ 0.319, 0.33, 0.653, 0.66 ]
					},
					{ "time": 0.1, "x": 11.67, "y": 8.44 },
					{ "time": 0.2666, "x": -5.17, "y": 6.59 },
					{ "time": 0.5, "x": -1.02, "y": 3.72 },
					{ "time": 0.8666, "x": 1.39, "y": 1.67 },
					{ "time": 1, "x": 2.87, "y": 1.37 },
					{ "time": 1.3, "x": 1.57, "y": 4.6 },
					{ "time": 1.5, "x": 4.2, "y": -1.76 },
					{ "time": 1.6666, "x": 0, "y": 0 }
				]
			},
			"Face": {
				"rotate": [
					{ "time": 0, "angle": 0, "curve": "stepped" },
					{ "time": 1.6666, "angle": 0 }
				],
				"translate": [
					{
						"time": 0,
						"x": 0,
						"y": 0,
						"curve": [ 0.286, 0.34, 0.623, 0.67 ]
					},
					{ "time": 0.1666, "x": 0, "y": 3.4 },
					{ "time": 0.3333, "x": 0, "y": -0.66 },
					{ "time": 0.9, "x": 0, "y": -1.2 },
					{ "time": 1, "x": 0, "y": -0.44 },
					{ "time": 1.4, "x": 0, "y": -5.01 },
					{ "time": 1.6666, "x": 0, "y": 0 }
				]
			},
			"Ship_All": {
				"rotate": [
					{ "time": 0, "angle": 0, "curve": "stepped" },
					{ "time": 1.6666, "angle": 0 }
				],
				"translate": [
					{ "time": 0, "x": 0, "y": 0, "curve": "stepped" },
					{ "time": 1.6666, "x": 0, "y": 0 }
				]
			},
			"Body": {
				"rotate": [
					{ "time": 0, "angle": 0, "curve": "stepped" },
					{ "time": 1.6666, "angle": 0 }
				],
				"translate": [
					{ "time": 0, "x": 0, "y": 0, "curve": "stepped" },
					{ "time": 1.6666, "x": 0, "y": 0 }
				]
			},
			"Attack_Point": {
				"rotate": [
					{ "time": 0.0666, "angle": 0 }
				],
				"translate": [
					{ "time": 0.0666, "x": 0, "y": 0 }
				]
			},
			"arm": {
				"rotate": [
					{ "time": 0, "angle": 0 },
					{ "time": 0.0666, "angle": -9.27 },
					{ "time": 0.1, "angle": -4.04 },
					{ "time": 0.1333, "angle": 0.82 },
					{ "time": 0.2333, "angle": 0.5 },
					{ "time": 0.4, "angle": 6.84 },
					{ "time": 0.5333, "angle": -0.11 },
					{ "time": 0.8333, "angle": -1.58 },
					{ "time": 1.6666, "angle": 0 }
				],
				"translate": [
					{ "time": 0, "x": 0, "y": 0 },
					{ "time": 0.0666, "x": 3.84, "y": 8.41 },
					{ "time": 0.1333, "x": 0, "y": -0.15 },
					{ "time": 0.5333, "x": 2.88, "y": -0.65 },
					{ "time": 0.8333, "x": 2.4, "y": 1.02 },
					{ "time": 1.6666, "x": 0, "y": 0 }
				]
			},
			"Cloth_00": {
				"rotate": [
					{ "time": 0, "angle": 0 },
					{ "time": 0.0666, "angle": -0.68 },
					{ "time": 0.5, "angle": -3.93 },
					{ "time": 1.1666, "angle": -0.68 },
					{ "time": 1.6666, "angle": 0 }
				]
			},
			"Cloth_05": {
				"rotate": [
					{ "time": 0, "angle": 0 },
					{ "time": 0.0666, "angle": 18.46 },
					{ "time": 0.5, "angle": 17.05 },
					{ "time": 1.1666, "angle": 18.46 },
					{ "time": 1.6666, "angle": 0 }
				]
			},
			"Cloth_04": {
				"rotate": [
					{ "time": 0, "angle": 0 },
					{ "time": 0.0666, "angle": 20.16 },
					{ "time": 0.5, "angle": 14.08 },
					{ "time": 1.1666, "angle": 20.16 },
					{ "time": 1.6666, "angle": 0 }
				]
			},
			"Cloth_03": {
				"rotate": [
					{ "time": 0, "angle": 0 },
					{ "time": 0.0666, "angle": -8.59 },
					{ "time": 0.5, "angle": 10.96 },
					{ "time": 1.1666, "angle": -8.59 },
					{ "time": 1.6666, "angle": 0 }
				]
			},
			"Cloth_02": {
				"rotate": [
					{ "time": 0, "angle": 0 },
					{ "time": 0.0666, "angle": -14.16 },
					{ "time": 0.5, "angle": 11.89 },
					{ "time": 1.1666, "angle": -14.16 },
					{ "time": 1.6666, "angle": 0 }
				]
			},
			"Cloth_07": {
				"rotate": [
					{ "time": 0, "angle": 0 },
					{ "time": 0.0666, "angle": 12.35 },
					{ "time": 0.5, "angle": 10.85 },
					{ "time": 1.1666, "angle": 12.35 },
					{ "time": 1.6666, "angle": 0 }
				]
			},
			"Cloth_06": {
				"rotate": [
					{ "time": 0, "angle": 0 },
					{ "time": 0.0666, "angle": 15.82 },
					{ "time": 0.5, "angle": 13.27 },
					{ "time": 1.1666, "angle": 15.82 },
					{ "time": 1.6666, "angle": 0 }
				]
			},
			"Cloth_01": {
				"rotate": [
					{ "time": 0, "angle": 0 },
					{ "time": 0.0666, "angle": -11.79 },
					{ "time": 0.5, "angle": 11 },
					{ "time": 1.1666, "angle": -11.79 },
					{ "time": 1.6666, "angle": 0 }
				]
			}
		},
		"events": [
			{ "time": 0.0666, "name": "attack_point" }
		]
	},
	"damage": {
		"slots": {
			"Body_Fornt_Light": {
				"attachment": [
					{ "time": 0, "name": null },
					{ "time": 0.0666, "name": "Front_Light" },
					{ "time": 0.8666, "name": null }
				],
				"color": [
					{ "time": 0.5333, "color": "fffffffd" },
					{ "time": 0.7666, "color": "ffffff00" }
				]
			},
			"Body_Hand": {
				"attachment": [
					{ "time": 0, "name": "Front_Picture" }
				],
				"color": [
					{ "time": 0.0666, "color": "8c4c51ff", "curve": "stepped" },
					{ "time": 0.7666, "color": "8c4c51ff" },
					{ "time": 1.1333, "color": "ffffffff" }
				]
			},
			"Light_Body": {
				"attachment": [
					{ "time": 0, "name": null },
					{ "time": 0.0666, "name": "Light_body_change" },
					{ "time": 0.7666, "name": null }
				],
				"color": [
					{ "time": 0.5333, "color": "fffffffc" },
					{ "time": 0.7666, "color": "ffffff00" }
				]
			},
			"Rodney_body_normal": {
				"attachment": [
					{ "time": 0, "name": "Body_Change" },
					{ "time": 0.8666, "name": "Body_Change" }
				],
				"color": [
					{ "time": 0.0666, "color": "8c4c51ff", "curve": "stepped" },
					{ "time": 0.7666, "color": "8c4c51ff" },
					{ "time": 1.1333, "color": "ffffffff" }
				]
			},
			"Rodney_eyes_normal": {
				"attachment": [
					{ "time": 0.0666, "name": "Rodney_eyes_damage" },
					{ "time": 1.1333, "name": "Rodney_eyes_normal" }
				],
				"color": [
					{ "time": 0.0666, "color": "8c4c51ff", "curve": "stepped" },
					{ "time": 0.7666, "color": "8c4c51ff" },
					{ "time": 1.1333, "color": "ffffffff" }
				]
			},
			"Rodney_ship_armor_normal": {
				"attachment": [
					{ "time": 0, "name": "Ship_armor_normal" },
					{ "time": 0.8666, "name": "Ship_armor_normal" },
					{ "time": 1.1666, "name": "Ship_armor_normal" }
				],
				"color": [
					{ "time": 0.0666, "color": "8c4c51ff", "curve": "stepped" },
					{ "time": 0.7666, "color": "8c4c51ff" },
					{ "time": 1.1333, "color": "ffffffff" }
				]
			},
			"Rodney_top_normal": {
				"color": [
					{ "time": 0.0666, "color": "8c4c51ff", "curve": "stepped" },
					{ "time": 0.7666, "color": "8c4c51ff" },
					{ "time": 1.1333, "color": "ffffffff" }
				]
			}
		},
		"bones": {
			"Root_All": {
				"rotate": [
					{ "time": 0, "angle": 0, "curve": "stepped" },
					{ "time": 1.1666, "angle": 0 }
				],
				"translate": [
					{
						"time": 0,
						"x": 0,
						"y": 0,
						"curve": [ 0.255, 0.35, 0.6, 0.7 ]
					},
					{ "time": 0.0666, "x": -27.67, "y": -23.16 },
					{ "time": 0.1333, "x": 20.98, "y": 15.35 },
					{ "time": 0.2333, "x": -19.78, "y": -15.62 },
					{ "time": 0.3666, "x": 14.36, "y": 8.59 },
					{ "time": 0.5666, "x": -3.37, "y": -4.5 },
					{ "time": 0.8666, "x": 5.63, "y": 2.25 },
					{ "time": 1.1666, "x": 0, "y": 0 }
				]
			},
			"Ship": {
				"rotate": [
					{
						"time": 0,
						"angle": 0,
						"curve": [ 0.219, 0.41, 0.591, 0.77 ]
					},
					{ "time": 0.0666, "angle": -347.24 },
					{ "time": 0.1333, "angle": -366.24 },
					{ "time": 0.2333, "angle": -349.93 },
					{ "time": 0.3666, "angle": -364.76 },
					{ "time": 0.6333, "angle": -355.54 },
					{ "time": 0.9333, "angle": -361.64 },
					{ "time": 1.1666, "angle": 0 }
				],
				"translate": [
					{
						"time": 0,
						"x": 0,
						"y": 0,
						"curve": [ 0.319, 0.33, 0.653, 0.66 ]
					},
					{ "time": 0.0666, "x": -5.53, "y": 7.99 },
					{ "time": 0.1333, "x": 3.79, "y": 4.17 },
					{ "time": 0.2333, "x": -5.15, "y": 6.38 },
					{ "time": 0.3666, "x": -0.23, "y": 0.81 },
					{ "time": 0.6333, "x": -0.16, "y": 0.65 },
					{ "time": 0.9333, "x": -0.07, "y": -0.42 },
					{ "time": 1.1666, "x": 0, "y": 0 }
				]
			},
			"Face": {
				"rotate": [
					{ "time": 0, "angle": 0, "curve": "stepped" },
					{ "time": 1.1666, "angle": 0 }
				],
				"translate": [
					{
						"time": 0,
						"x": 0,
						"y": 0,
						"curve": [ 0.286, 0.34, 0.623, 0.67 ]
					},
					{ "time": 0.0666, "x": -5.44, "y": 0 },
					{ "time": 0.1333, "x": -0.44, "y": 0 },
					{ "time": 0.2333, "x": -5.06, "y": 0 },
					{ "time": 0.3666, "x": -2.01, "y": 0 },
					{ "time": 1.1666, "x": 0, "y": 0 }
				]
			},
			"Ship_All": {
				"rotate": [
					{ "time": 0, "angle": 0, "curve": "stepped" },
					{ "time": 1.1666, "angle": 0 }
				],
				"translate": [
					{ "time": 0, "x": 0, "y": 0, "curve": "stepped" },
					{ "time": 1.1666, "x": 0, "y": 0 }
				]
			},
			"Body": {
				"rotate": [
					{ "time": 0, "angle": 0, "curve": "stepped" },
					{ "time": 1.1666, "angle": 0 }
				],
				"translate": [
					{ "time": 0, "x": 0, "y": 0, "curve": "stepped" },
					{ "time": 1.1666, "x": 0, "y": 0 }
				]
			},
			"Damage_Point": {
				"rotate": [
					{ "time": 0.0666, "angle": 0 }
				],
				"translate": [
					{ "time": 0.0666, "x": 0, "y": 0 }
				]
			},
			"arm": {
				"rotate": [
					{ "time": 0, "angle": 0 },
					{ "time": 0.0666, "angle": 6.43 },
					{ "time": 0.1333, "angle": -0.65 },
					{ "time": 0.2333, "angle": 7.53 },
					{ "time": 0.3666, "angle": 1.05 },
					{ "time": 1.1666, "angle": 0 }
				],
				"translate": [
					{ "time": 0, "x": 0, "y": 0 },
					{ "time": 0.1333, "x": 0, "y": 6.08 },
					{ "time": 0.2333, "x": 0, "y": 4.39 },
					{ "time": 1.1666, "x": 0, "y": 0 }
				]
			},
			"Cloth_07": {
				"rotate": [
					{ "time": 0, "angle": 0 },
					{ "time": 0.3, "angle": 10.85 },
					{ "time": 0.8666, "angle": 12.35 },
					{ "time": 1.1666, "angle": 0 }
				]
			},
			"Cloth_00": {
				"rotate": [
					{ "time": 0, "angle": 0 },
					{ "time": 0.3, "angle": -3.93 },
					{ "time": 0.8666, "angle": -0.68 },
					{ "time": 1.1666, "angle": 0 }
				]
			},
			"Cloth_05": {
				"rotate": [
					{ "time": 0, "angle": 0 },
					{ "time": 0.3, "angle": 17.05 },
					{ "time": 0.8666, "angle": 18.46 },
					{ "time": 1.1666, "angle": 0 }
				]
			},
			"Cloth_04": {
				"rotate": [
					{ "time": 0, "angle": 0 },
					{ "time": 0.3, "angle": 14.08 },
					{ "time": 0.8666, "angle": 20.16 },
					{ "time": 1.1666, "angle": 0 }
				]
			},
			"Cloth_03": {
				"rotate": [
					{ "time": 0, "angle": 0 },
					{ "time": 0.3, "angle": 10.96 },
					{ "time": 0.8666, "angle": -8.59 },
					{ "time": 1.1666, "angle": 0 }
				]
			},
			"Cloth_02": {
				"rotate": [
					{ "time": 0, "angle": 0 },
					{ "time": 0.3, "angle": 11.89 },
					{ "time": 0.8666, "angle": -14.16 },
					{ "time": 1.1666, "angle": 0 }
				]
			},
			"Cloth_06": {
				"rotate": [
					{ "time": 0, "angle": 0 },
					{ "time": 0.3, "angle": 13.27 },
					{ "time": 0.8666, "angle": 15.82 },
					{ "time": 1.1666, "angle": 0 }
				]
			},
			"Cloth_01": {
				"rotate": [
					{ "time": 0, "angle": 0 },
					{ "time": 0.3, "angle": 11 },
					{ "time": 0.8666, "angle": -11.79 },
					{ "time": 1.1666, "angle": 0 }
				]
			}
		},
		"events": [
			{ "time": 0.0666, "name": "damage_point" }
		]
	},
	"normal": {
		"slots": {
			"Body_Fornt_Light": {
				"attachment": [
					{ "time": 0, "name": null }
				]
			},
			"Body_Hand": {
				"attachment": [
					{ "time": 0, "name": "Front_Picture" }
				]
			},
			"Light_Body": {
				"attachment": [
					{ "time": 0, "name": null }
				]
			},
			"Rodney_body_normal": {
				"attachment": [
					{ "time": 0, "name": "Body_Change" }
				]
			}
		},
		"bones": {
			"Root_All": {
				"rotate": [
					{ "time": 0, "angle": 0, "curve": "stepped" },
					{ "time": 2, "angle": 0 }
				],
				"translate": [
					{
						"time": 0,
						"x": 0,
						"y": 0,
						"curve": [ 0.255, 0.35, 0.6, 0.7 ]
					},
					{
						"time": 0.5,
						"x": 0,
						"y": -9.82,
						"curve": [ 0.3, 0.39, 0.641, 0.74 ]
					},
					{
						"time": 1,
						"x": 0,
						"y": -15.66,
						"curve": [ 0.322, 0.37, 0.652, 0.7 ]
					},
					{
						"time": 1.5,
						"x": 0,
						"y": -7.79,
						"curve": [ 0.314, 0.36, 0.644, 0.68 ]
					},
					{ "time": 2, "x": 0, "y": 0 }
				]
			},
			"Ship_All": {
				"rotate": [
					{ "time": 0, "angle": 0, "curve": "stepped" },
					{ "time": 2, "angle": 0 }
				],
				"translate": [
					{ "time": 0, "x": 0, "y": 0, "curve": "stepped" },
					{ "time": 2, "x": 0, "y": 0 }
				]
			},
			"Body": {
				"rotate": [
					{ "time": 0, "angle": 0, "curve": "stepped" },
					{ "time": 2, "angle": 0 }
				],
				"translate": [
					{ "time": 0, "x": 0, "y": 0, "curve": "stepped" },
					{ "time": 2, "x": 0, "y": 0 }
				]
			},
			"Face": {
				"rotate": [
					{ "time": 0, "angle": 0, "curve": "stepped" },
					{ "time": 2, "angle": 0 }
				],
				"translate": [
					{
						"time": 0,
						"x": 0,
						"y": 0,
						"curve": [ 0.286, 0.34, 0.623, 0.67 ]
					},
					{
						"time": 0.5,
						"x": 0.64,
						"y": 0,
						"curve": [ 0.282, 0.37, 0.624, 0.71 ]
					},
					{
						"time": 1.5,
						"x": -1.28,
						"y": 0,
						"curve": [ 0.321, 0.37, 0.656, 0.71 ]
					},
					{ "time": 2, "x": 0, "y": 0 }
				]
			},
			"Ship": {
				"rotate": [
					{ "time": 0, "angle": 0, "curve": "stepped" },
					{ "time": 2, "angle": 0 }
				],
				"translate": [
					{
						"time": 0,
						"x": 0,
						"y": 0,
						"curve": [ 0.319, 0.33, 0.653, 0.66 ]
					},
					{
						"time": 0.5,
						"x": 1.79,
						"y": 0,
						"curve": [ 0.289, 0.43, 0.622, 0.73 ]
					},
					{
						"time": 1.5,
						"x": -2.75,
						"y": 0,
						"curve": [ 0.487, 0.33, 0.657, 0.5 ]
					},
					{ "time": 2, "x": 0, "y": 0 }
				]
			},
			"arm": {
				"rotate": [
					{ "time": 0, "angle": 0 },
					{ "time": 1, "angle": -3.59 },
					{ "time": 2, "angle": 0 }
				],
				"translate": [
					{ "time": 0, "x": 0, "y": 0 },
					{ "time": 1, "x": 3.05, "y": 2.88 },
					{ "time": 2, "x": 0, "y": 0 }
				]
			},
			"Cloth_00": {
				"rotate": [
					{ "time": 0, "angle": 0 },
					{ "time": 0.5, "angle": -3.93 },
					{ "time": 1.5, "angle": -0.68 },
					{ "time": 2, "angle": 0 }
				]
			},
			"Cloth_07": {
				"rotate": [
					{ "time": 0, "angle": 0 },
					{ "time": 0.5, "angle": 10.85 },
					{ "time": 1.5, "angle": 12.35 },
					{ "time": 2, "angle": 0 }
				]
			},
			"Cloth_06": {
				"rotate": [
					{ "time": 0, "angle": 0 },
					{ "time": 0.5, "angle": 13.27 },
					{ "time": 1.5, "angle": 15.82 },
					{ "time": 2, "angle": 0 }
				]
			},
			"Cloth_05": {
				"rotate": [
					{ "time": 0, "angle": 0 },
					{ "time": 0.5, "angle": 17.05 },
					{ "time": 1.5, "angle": 18.46 },
					{ "time": 2, "angle": 0 }
				]
			},
			"Cloth_04": {
				"rotate": [
					{ "time": 0, "angle": 0 },
					{ "time": 0.5, "angle": 14.08 },
					{ "time": 1.5, "angle": 20.16 },
					{ "time": 2, "angle": 0 }
				]
			},
			"Cloth_03": {
				"rotate": [
					{ "time": 0, "angle": 0 },
					{ "time": 0.5, "angle": 10.96 },
					{ "time": 1.5, "angle": -8.59 },
					{ "time": 2, "angle": 0 }
				]
			},
			"Cloth_02": {
				"rotate": [
					{ "time": 0, "angle": 0 },
					{ "time": 0.5, "angle": 11.89 },
					{ "time": 1.5, "angle": -14.16 },
					{ "time": 2, "angle": 0 }
				]
			},
			"Cloth_01": {
				"rotate": [
					{ "time": 0, "angle": 0 },
					{ "time": 0.5, "angle": 11 },
					{ "time": 1.5, "angle": -11.79 },
					{ "time": 2, "angle": 0 }
				]
			}
		}
	},
	"throw": {
		"slots": {
			"Body_Fornt_Light": {
				"attachment": [
					{ "time": 0, "name": null }
				]
			},
			"Body_Hand": {
				"attachment": [
					{ "time": 0, "name": "Front_Picture" }
				]
			},
			"Light_Body": {
				"attachment": [
					{ "time": 0, "name": null }
				]
			},
			"Rodney_body_normal": {
				"attachment": [
					{ "time": 0, "name": "Body_Change" }
				]
			},
			"Rodney_ship_armor_normal": {
				"attachment": [
					{ "time": 0, "name": "Ship_armor_normal" },
					{ "time": 1.3333, "name": "Ship_armor_normal" }
				]
			}
		},
		"bones": {
			"Face": {
				"rotate": [
					{ "time": 0, "angle": 0, "curve": "stepped" },
					{ "time": 1.3333, "angle": 0 }
				],
				"translate": [
					{
						"time": 0,
						"x": 0,
						"y": 0,
						"curve": [ 0.286, 0.34, 0.623, 0.67 ]
					},
					{ "time": 0.3333, "x": 0, "y": -0.7 },
					{ "time": 0.5666, "x": 0, "y": 0.14 },
					{ "time": 1.3333, "x": 0, "y": 0 }
				]
			},
			"Root_All": {
				"rotate": [
					{ "time": 0, "angle": 0, "curve": "stepped" },
					{ "time": 1.3333, "angle": 0 }
				],
				"translate": [
					{
						"time": 0,
						"x": 0,
						"y": 0,
						"curve": [ 0.255, 0.35, 0.6, 0.7 ]
					},
					{ "time": 0.6333, "x": -66.66, "y": 0 },
					{ "time": 0.9666, "x": -10.42, "y": -12.42 },
					{ "time": 1.3333, "x": 0, "y": 0 }
				]
			},
			"Ship": {
				"rotate": [
					{
						"time": 0,
						"angle": 0,
						"curve": [ 0.219, 0.41, 0.591, 0.77 ]
					},
					{ "time": 0.3333, "angle": -350.52 },
					{ "time": 0.5666, "angle": -359.21 },
					{ "time": 0.6333, "angle": -376.53 },
					{ "time": 0.7333, "angle": -366.44 },
					{ "time": 0.9666, "angle": -349.4 },
					{ "time": 1.1666, "angle": -355.5 },
					{ "time": 1.3333, "angle": 0 }
				],
				"translate": [
					{
						"time": 0,
						"x": 0,
						"y": 0,
						"curve": [ 0.319, 0.33, 0.653, 0.66 ]
					},
					{ "time": 0.3333, "x": -3.29, "y": -1.8 },
					{ "time": 0.5666, "x": 0, "y": 0.77 },
					{ "time": 0.6333, "x": 14.11, "y": 14.27 },
					{ "time": 0.7333, "x": 13.18, "y": 9.92 },
					{ "time": 0.9666, "x": -6.1, "y": -0.3 },
					{ "time": 1.1666, "x": -3.48, "y": 1.36 },
					{ "time": 1.3333, "x": 0, "y": 0 }
				]
			},
			"Body": {
				"rotate": [
					{
						"time": 0,
						"angle": 0,
						"curve": [ 0.219, 0.41, 0.591, 0.77 ]
					},
					{
						"time": 0.6333,
						"angle": -3.17,
						"curve": [ 0.32, 0.36, 0.653, 0.69 ]
					},
					{
						"time": 0.7333,
						"angle": 0.61,
						"curve": [ 0.319, 0.37, 0.652, 0.7 ]
					},
					{
						"time": 0.9666,
						"angle": -1.72,
						"curve": [ 0.32, 0.38, 0.654, 0.71 ]
					},
					{ "time": 1.3333, "angle": 0 }
				],
				"translate": [
					{
						"time": 0,
						"x": 0,
						"y": 0,
						"curve": [ 0.219, 0.41, 0.591, 0.77 ]
					},
					{
						"time": 0.3333,
						"x": -15.86,
						"y": 0,
						"curve": [ 0.193, 0.39, 0.58, 0.9 ]
					},
					{
						"time": 0.5666,
						"x": -19.36,
						"y": 0,
						"curve": [ 0.142, 0.42, 0.647, 0.94 ]
					},
					{ "time": 0.6333, "x": 92.18, "y": -6.3 },
					{ "time": 0.7333, "x": 111.33, "y": 0 },
					{ "time": 1.3333, "x": 0, "y": 0 }
				]
			},
			"Ship_All": {
				"rotate": [
					{ "time": 0, "angle": 0, "curve": "stepped" },
					{ "time": 1.3333, "angle": 0 }
				],
				"translate": [
					{ "time": 0, "x": 0, "y": 0, "curve": "stepped" },
					{ "time": 1.3333, "x": 0, "y": 0 }
				]
			},
			"Throw_Point": {
				"rotate": [
					{ "time": 0.6333, "angle": 0 }
				],
				"translate": [
					{ "time": 0.6333, "x": 0, "y": 0 }
				]
			},
			"arm": {
				"rotate": [
					{
						"time": 0,
						"angle": 0,
						"curve": [ 0.221, 0.3, 0.596, 0.68 ]
					},
					{
						"time": 0.3333,
						"angle": 8.69,
						"curve": [ 0.334, 0.41, 0.685, 0.77 ]
					},
					{
						"time": 0.5666,
						"angle": -1.2,
						"curve": [ 0.346, 0.4, 0.681, 0.73 ]
					},
					{ "time": 0.6333, "angle": -17.42 },
					{ "time": 0.9666, "angle": 6.11 },
					{ "time": 1.3333, "angle": 0 }
				],
				"translate": [
					{
						"time": 0,
						"x": 0,
						"y": 0,
						"curve": [ 0.203, 0.35, 0.678, 0.86 ]
					},
					{ "time": 0.3333, "x": -2.74, "y": -7.78 },
					{ "time": 0.5666, "x": -1.34, "y": 2.75 },
					{ "time": 0.6333, "x": 5.9, "y": 18.35 },
					{ "time": 0.9666, "x": 0, "y": -6.71 },
					{ "time": 1.3333, "x": 0, "y": 0 }
				]
			},
			"Cloth_00": {
				"rotate": [
					{ "time": 0, "angle": 0 },
					{ "time": 0.5, "angle": -3.93 },
					{ "time": 1.0333, "angle": -0.68 },
					{ "time": 1.3333, "angle": 0 }
				]
			},
			"Cloth_05": {
				"rotate": [
					{ "time": 0, "angle": 0 },
					{ "time": 0.5, "angle": 17.05 },
					{ "time": 1.0333, "angle": 18.46 },
					{ "time": 1.3333, "angle": 0 }
				]
			},
			"Cloth_04": {
				"rotate": [
					{ "time": 0, "angle": 0 },
					{ "time": 0.5, "angle": 14.08 },
					{ "time": 1.0333, "angle": 20.16 },
					{ "time": 1.3333, "angle": 0 }
				]
			},
			"Cloth_03": {
				"rotate": [
					{ "time": 0, "angle": 0 },
					{ "time": 0.5, "angle": 10.96 },
					{ "time": 1.0333, "angle": -8.59 },
					{ "time": 1.3333, "angle": 0 }
				]
			},
			"Cloth_02": {
				"rotate": [
					{ "time": 0, "angle": 0 },
					{ "time": 0.5, "angle": 11.89 },
					{ "time": 1.0333, "angle": -14.16 },
					{ "time": 1.3333, "angle": 0 }
				]
			},
			"Cloth_07": {
				"rotate": [
					{ "time": 0, "angle": 0 },
					{ "time": 0.5, "angle": 10.85 },
					{ "time": 1.0333, "angle": 12.35 },
					{ "time": 1.3333, "angle": 0 }
				]
			},
			"Cloth_06": {
				"rotate": [
					{ "time": 0, "angle": 0 },
					{ "time": 0.5, "angle": 13.27 },
					{ "time": 1.0333, "angle": 15.82 },
					{ "time": 1.3333, "angle": 0 }
				]
			},
			"Cloth_01": {
				"rotate": [
					{ "time": 0, "angle": 0 },
					{ "time": 0.5, "angle": 11 },
					{ "time": 1.0333, "angle": -11.79 },
					{ "time": 1.3333, "angle": 0 }
				]
			}
		},
		"events": [
			{ "time": 0.6666, "name": "throw_point" }
		]
	},
	"wreck": {
		"slots": {
			"Body_Fornt_Light": {
				"attachment": [
					{ "time": 0, "name": null },
					{ "time": 1.9333, "name": null }
				]
			},
			"Body_Hand": {
				"attachment": [
					{ "time": 0, "name": "Front_Picture" }
				]
			},
			"Light_Body": {
				"attachment": [
					{ "time": 0, "name": null }
				]
			},
			"Rodney_body_normal": {
				"attachment": [
					{ "time": 0, "name": "Body_Change" }
				]
			},
			"Rodney_eyes_normal": {
				"attachment": [
					{ "time": 0, "name": "Rodney_eyes_damage" }
				]
			}
		},
		"bones": {
			"Root_All": {
				"rotate": [
					{ "time": 0, "angle": 0, "curve": "stepped" },
					{ "time": 2, "angle": 0 }
				],
				"translate": [
					{
						"time": 0,
						"x": 0,
						"y": 0,
						"curve": [ 0.255, 0.35, 0.6, 0.7 ]
					},
					{
						"time": 0.5,
						"x": 0,
						"y": -9.82,
						"curve": [ 0.3, 0.39, 0.641, 0.74 ]
					},
					{
						"time": 1,
						"x": 0,
						"y": -15.66,
						"curve": [ 0.322, 0.37, 0.652, 0.7 ]
					},
					{
						"time": 1.5,
						"x": 0,
						"y": -7.79,
						"curve": [ 0.314, 0.36, 0.644, 0.68 ]
					},
					{ "time": 2, "x": 0, "y": 0 }
				]
			},
			"Ship_All": {
				"rotate": [
					{ "time": 0, "angle": 0, "curve": "stepped" },
					{ "time": 2, "angle": 0 }
				],
				"translate": [
					{ "time": 0, "x": 0, "y": 0, "curve": "stepped" },
					{ "time": 2, "x": 0, "y": 0 }
				]
			},
			"Body": {
				"rotate": [
					{ "time": 0, "angle": 0, "curve": "stepped" },
					{ "time": 2, "angle": 0 }
				],
				"translate": [
					{ "time": 0, "x": 0, "y": 0, "curve": "stepped" },
					{ "time": 2, "x": 0, "y": 0 }
				]
			},
			"Face": {
				"rotate": [
					{ "time": 0, "angle": 0, "curve": "stepped" },
					{ "time": 2, "angle": 0 }
				],
				"translate": [
					{
						"time": 0,
						"x": 0,
						"y": 0,
						"curve": [ 0.286, 0.34, 0.623, 0.67 ]
					},
					{
						"time": 0.5,
						"x": 0.64,
						"y": 0,
						"curve": [ 0.282, 0.37, 0.624, 0.71 ]
					},
					{
						"time": 1.5,
						"x": -1.28,
						"y": 0,
						"curve": [ 0.321, 0.37, 0.656, 0.71 ]
					},
					{ "time": 2, "x": 0, "y": 0 }
				]
			},
			"Ship": {
				"rotate": [
					{ "time": 0, "angle": 0, "curve": "stepped" },
					{ "time": 2, "angle": 0 }
				],
				"translate": [
					{
						"time": 0,
						"x": 0,
						"y": 0,
						"curve": [ 0.319, 0.33, 0.653, 0.66 ]
					},
					{
						"time": 0.5,
						"x": 1.79,
						"y": 0,
						"curve": [ 0.289, 0.43, 0.622, 0.73 ]
					},
					{
						"time": 1.5,
						"x": -2.75,
						"y": 0,
						"curve": [ 0.487, 0.33, 0.657, 0.5 ]
					},
					{ "time": 2, "x": 0, "y": 0 }
				]
			},
			"arm": {
				"rotate": [
					{ "time": 0, "angle": 0 },
					{ "time": 1, "angle": -1.79 },
					{ "time": 2, "angle": 0 }
				],
				"translate": [
					{ "time": 0, "x": 0, "y": 0 },
					{ "time": 1, "x": 2.01, "y": 0.96 },
					{ "time": 2, "x": 0, "y": 0 }
				]
			},
			"Cloth_00": {
				"rotate": [
					{ "time": 0, "angle": 0 },
					{ "time": 0.5, "angle": -3.93 },
					{ "time": 1.5, "angle": -0.68 },
					{ "time": 2, "angle": 0 }
				]
			},
			"Cloth_05": {
				"rotate": [
					{ "time": 0, "angle": 0 },
					{ "time": 0.5, "angle": 17.05 },
					{ "time": 1.5, "angle": 18.46 },
					{ "time": 2, "angle": 0 }
				]
			},
			"Cloth_04": {
				"rotate": [
					{ "time": 0, "angle": 0 },
					{ "time": 0.5, "angle": 14.08 },
					{ "time": 1.5, "angle": 20.16 },
					{ "time": 2, "angle": 0 }
				]
			},
			"Cloth_03": {
				"rotate": [
					{ "time": 0, "angle": 0 },
					{ "time": 0.5, "angle": 10.96 },
					{ "time": 1.5, "angle": -8.59 },
					{ "time": 2, "angle": 0 }
				]
			},
			"Cloth_02": {
				"rotate": [
					{ "time": 0, "angle": 0 },
					{ "time": 0.5, "angle": 11.89 },
					{ "time": 1.5, "angle": -14.16 },
					{ "time": 2, "angle": 0 }
				]
			},
			"Cloth_07": {
				"rotate": [
					{ "time": 0, "angle": 0 },
					{ "time": 0.5, "angle": 10.85 },
					{ "time": 1.5, "angle": 12.35 },
					{ "time": 2, "angle": 0 }
				]
			},
			"Cloth_06": {
				"rotate": [
					{ "time": 0, "angle": 0 },
					{ "time": 0.5, "angle": 13.27 },
					{ "time": 1.5, "angle": 15.82 },
					{ "time": 2, "angle": 0 }
				]
			},
			"Cloth_01": {
				"rotate": [
					{ "time": 0, "angle": 0 },
					{ "time": 0.5, "angle": 11 },
					{ "time": 1.5, "angle": -11.79 },
					{ "time": 2, "angle": 0 }
				]
			}
		}
	}
}
}