{
"skeleton": { "hash": "G9nipeMC7PobjCGiCDGeBu4aXms", "spine": "3.2.01", "width": 616.59, "height": 1101.83, "images": "" },
"bones": [
	{ "name": "root" },
	{ "name": "bone", "parent": "root" },
	{ "name": "bone2", "parent": "bone" },
	{ "name": "TS", "parent": "bone2" },
	{ "name": "1", "parent": "TS" },
	{ "name": "H1", "parent": "1", "x": -79.87, "y": 550.73 },
	{ "name": "H3", "parent": "1", "x": 65.51, "y": 614.64 },
	{ "name": "PZ", "parent": "TS" },
	{ "name": "T1", "parent": "1", "x": 18.91, "y": 533.59 },
	{ "name": "T2", "parent": "TS", "x": -3.31 },
	{ "name": "TDH1", "parent": "1", "x": -11.43, "y": 454.47 },
	{ "name": "TDH_A", "parent": "TS", "x": 186.2, "y": 115.54 }
],
"slots": [
	{ "name": "PZ", "bone": "PZ", "attachment": "PZ" },
	{ "name": "T2", "bone": "T2", "attachment": "T2" },
	{ "name": "H1", "bone": "H1", "attachment": "H1" },
	{ "name": "T1", "bone": "T1", "attachment": "T1" },
	{ "name": "H3", "bone": "H3", "attachment": "H3" },
	{ "name": "TDH1", "bone": "TDH1", "attachment": "TDH1" },
	{ "name": "TDH_A", "bone": "TDH_A", "attachment": "TDH_A" }
],
"skins": {
	"default": {
		"H1": {
			"H1": { "x": 71.27, "y": -1.58, "width": 600, "height": 600 }
		},
		"H3": {
			"H3": { "x": -74.11, "y": -65.5, "width": 600, "height": 600 }
		},
		"PZ": {
			"PZ": { "x": 6.5, "y": 51.28, "width": 600, "height": 600 }
		},
		"T1": {
			"T1": { "x": -27.51, "y": 15.54, "width": 600, "height": 600 }
		},
		"T2": {
			"T2": { "x": 11.3, "y": 47.31, "width": 600, "height": 600 },
			"T3": { "x": 11.3, "y": 47.31, "width": 600, "height": 600 },
			"T4": { "x": 11.3, "y": 47.31, "width": 600, "height": 600 }
		},
		"TDH1": {
			"TDH1": { "x": 2.82, "y": 94.66, "width": 600, "height": 600 }
		},
		"TDH_A": {
			"TDH_A": { "x": -191.99, "y": -25.7, "width": 600, "height": 600 },
			"TDH_B": { "x": -191.99, "y": -25.7, "width": 600, "height": 600 }
		}
	}
},
"animations": {
	"eat": {
		"slots": {
			"H1": {
				"color": [
					{ "time": 0, "color": "ffffff00" }
				]
			},
			"H3": {
				"color": [
					{ "time": 0, "color": "ffffff00" }
				]
			},
			"T1": {
				"color": [
					{ "time": 0, "color": "ffffff00" }
				]
			},
			"T2": {
				"color": [
					{ "time": 0.1666, "color": "ffffffff" },
					{ "time": 0.5, "color": "ffffffa4" },
					{ "time": 0.8333, "color": "ffffffe4" },
					{ "time": 1.1666, "color": "ffffffb1" },
					{ "time": 1.5, "color": "ffffffe9" },
					{ "time": 1.8333, "color": "ffffffb1" },
					{ "time": 2.1666, "color": "ffffffff" },
					{ "time": 2.5, "color": "ffffffbf" },
					{ "time": 2.8333, "color": "fffffff7" },
					{ "time": 3.1666, "color": "ffffffa5" },
					{ "time": 3.5, "color": "fffffff2" }
				],
				"attachment": [
					{ "time": 0, "name": "T2" },
					{ "time": 1.8333, "name": "T3" },
					{ "time": 3.1666, "name": "T4" }
				]
			},
			"TDH1": {
				"color": [
					{ "time": 0, "color": "ffffff00" }
				]
			},
			"TDH_A": {
				"color": [
					{ "time": 0.1666, "color": "ffffffff" },
					{ "time": 0.5, "color": "ffffffbf" },
					{ "time": 0.8333, "color": "fffffff6" },
					{ "time": 1.1666, "color": "ffffffb3" },
					{ "time": 1.5, "color": "fffffffb" },
					{ "time": 1.8333, "color": "ffffffb6" },
					{ "time": 2.1666, "color": "fffffff4" },
					{ "time": 2.5, "color": "ffffffb6" },
					{ "time": 2.8333, "color": "ffffffee" },
					{ "time": 3.1666, "color": "ffffffb2" },
					{ "time": 3.5, "color": "ffffffff" }
				],
				"attachment": [
					{ "time": 1.1666, "name": "TDH_B" },
					{ "time": 2.8333, "name": null }
				]
			}
		},
		"bones": {
			"PZ": {
				"rotate": [
					{ "time": 0, "angle": 0 }
				],
				"translate": [
					{ "time": 0, "x": 0, "y": 0 }
				],
				"scale": [
					{ "time": 0, "x": 1, "y": 1 }
				]
			},
			"TS": {
				"rotate": [
					{ "time": 0, "angle": 0, "curve": "stepped" },
					{ "time": 3.6666, "angle": 0 }
				],
				"translate": [
					{ "time": 0, "x": 0, "y": 0 }
				],
				"scale": [
					{ "time": 0, "x": 1, "y": 1 }
				]
			},
			"T2": {
				"scale": [
					{ "time": 0, "x": 1, "y": 1 },
					{ "time": 1.7666, "x": 0.959, "y": 0.959 },
					{ "time": 1.8333, "x": 1, "y": 1 },
					{ "time": 3.1, "x": 0.959, "y": 0.959 },
					{ "time": 3.1666, "x": 1, "y": 1 },
					{ "time": 3.3333, "x": 1.04, "y": 1.04 },
					{ "time": 3.5, "x": 1, "y": 1 }
				]
			},
			"TDH_A": {
				"rotate": [
					{ "time": 1.1333, "angle": 0 },
					{ "time": 1.1666, "angle": 13.3 }
				],
				"translate": [
					{ "time": 1.1333, "x": 0, "y": 0 }
				]
			}
		}
	},
	"normal": {
		"slots": {
			"H1": {
				"color": [
					{ "time": 0, "color": "ffffff00" }
				]
			},
			"H3": {
				"color": [
					{ "time": 0, "color": "ffffff00" }
				]
			},
			"T1": {
				"color": [
					{ "time": 0, "color": "ffffff00" }
				]
			},
			"TDH1": {
				"color": [
					{ "time": 0, "color": "ffffff00" }
				]
			}
		},
		"bones": {
			"PZ": {
				"rotate": [
					{ "time": 0, "angle": 0, "curve": "stepped" },
					{ "time": 1, "angle": 0 }
				],
				"translate": [
					{ "time": 0, "x": 0, "y": 0, "curve": "stepped" },
					{ "time": 1, "x": 0, "y": 0 }
				],
				"scale": [
					{ "time": 0, "x": 1, "y": 1, "curve": "stepped" },
					{ "time": 1, "x": 1, "y": 1 }
				]
			},
			"TS": {
				"rotate": [
					{ "time": 0, "angle": 0, "curve": "stepped" },
					{ "time": 2, "angle": 0 }
				],
				"translate": [
					{ "time": 0, "x": 0, "y": 0, "curve": "stepped" },
					{ "time": 2, "x": 0, "y": 0 }
				],
				"scale": [
					{ "time": 0, "x": 1, "y": 1 },
					{ "time": 1, "x": 0.99, "y": 0.99 },
					{ "time": 2, "x": 1, "y": 1 }
				]
			},
			"TDH_A": {
				"rotate": [
					{ "time": 0, "angle": 0 },
					{ "time": 1, "angle": 3.6 },
					{ "time": 2, "angle": 0 }
				],
				"translate": [
					{ "time": 0, "x": 0, "y": 0, "curve": "stepped" },
					{ "time": 2, "x": 0, "y": 0 }
				]
			}
		}
	},
	"normal2": {
		"slots": {
			"H1": {
				"color": [
					{ "time": 0, "color": "ffffff00" }
				]
			},
			"H3": {
				"color": [
					{ "time": 0, "color": "ffffff00" }
				]
			},
			"PZ": {
				"attachment": [
					{ "time": 0, "name": "PZ" }
				]
			},
			"T1": {
				"color": [
					{ "time": 0, "color": "ffffff00" }
				]
			},
			"T2": {
				"attachment": [
					{ "time": 0, "name": "T4" }
				]
			},
			"TDH1": {
				"color": [
					{ "time": 0, "color": "ffffff00" }
				]
			},
			"TDH_A": {
				"attachment": [
					{ "time": 0, "name": null }
				]
			}
		},
		"bones": {
			"PZ": {
				"rotate": [
					{ "time": 0, "angle": 0, "curve": "stepped" },
					{ "time": 1, "angle": 0 }
				],
				"translate": [
					{ "time": 0, "x": 0, "y": 0, "curve": "stepped" },
					{ "time": 1, "x": 0, "y": 0 }
				],
				"scale": [
					{ "time": 0, "x": 1, "y": 1, "curve": "stepped" },
					{ "time": 1, "x": 1, "y": 1 }
				]
			},
			"TS": {
				"rotate": [
					{ "time": 0, "angle": 0, "curve": "stepped" },
					{ "time": 2, "angle": 0 }
				],
				"translate": [
					{ "time": 0, "x": 0, "y": 0, "curve": "stepped" },
					{ "time": 2, "x": 0, "y": 0 }
				],
				"scale": [
					{ "time": 0, "x": 1, "y": 1 },
					{ "time": 1, "x": 0.99, "y": 0.99 },
					{ "time": 2, "x": 1, "y": 1 }
				]
			}
		}
	},
	"start": {
		"slots": {
			"H1": {
				"color": [
					{ "time": 0, "color": "ffffff00", "curve": "stepped" },
					{ "time": 0.3333, "color": "ffffff00" },
					{ "time": 0.5, "color": "ffffffff", "curve": "stepped" },
					{ "time": 1, "color": "ffffffff" },
					{ "time": 1.1666, "color": "ffffff00" }
				]
			},
			"H3": {
				"color": [
					{ "time": 0, "color": "ffffff00", "curve": "stepped" },
					{ "time": 0.3333, "color": "ffffff00" },
					{ "time": 0.5, "color": "ffffffff", "curve": "stepped" },
					{ "time": 1, "color": "ffffffff" },
					{ "time": 1.1666, "color": "ffffff00" }
				]
			},
			"PZ": {
				"color": [
					{ "time": 0, "color": "ffffff00" },
					{ "time": 0.2666, "color": "ffffffff" }
				]
			},
			"T1": {
				"color": [
					{ "time": 0, "color": "ffffff00", "curve": "stepped" },
					{ "time": 0.1666, "color": "ffffff00" },
					{ "time": 0.3333, "color": "ffffffff", "curve": "stepped" },
					{ "time": 0.8333, "color": "ffffffff" },
					{ "time": 1, "color": "ffffff00" }
				]
			},
			"T2": {
				"color": [
					{ "time": 0, "color": "ffffff00", "curve": "stepped" },
					{ "time": 0.8, "color": "ffffff00" },
					{ "time": 0.8666, "color": "ffffff24" },
					{ "time": 1, "color": "ffffffff" }
				]
			},
			"TDH1": {
				"color": [
					{ "time": 0, "color": "ffffff00", "curve": "stepped" },
					{ "time": 0.3333, "color": "ffffff00" },
					{ "time": 0.5, "color": "ffffffff", "curve": "stepped" },
					{ "time": 1, "color": "ffffffff" },
					{ "time": 1.1666, "color": "ffffff00" }
				]
			},
			"TDH_A": {
				"color": [
					{ "time": 0, "color": "ffffff00", "curve": "stepped" },
					{ "time": 1, "color": "ffffff00" },
					{ "time": 1.3333, "color": "fffffffd" }
				]
			}
		},
		"bones": {
			"PZ": {
				"rotate": [
					{ "time": 1.5, "angle": 0 }
				],
				"translate": [
					{ "time": 0, "x": 0, "y": 59.49 },
					{ "time": 0.2666, "x": 0, "y": 0, "curve": "stepped" },
					{ "time": 1.5, "x": 0, "y": 0 }
				],
				"scale": [
					{ "time": 0, "x": 0.527, "y": 0.527 },
					{ "time": 0.2666, "x": 1, "y": 1, "curve": "stepped" },
					{ "time": 1.5, "x": 1, "y": 1 }
				]
			},
			"TS": {
				"rotate": [
					{ "time": 1.5, "angle": 0 }
				],
				"translate": [
					{ "time": 1.5, "x": 0, "y": 0 }
				],
				"scale": [
					{ "time": 1.5, "x": 1, "y": 1 }
				]
			},
			"T2": {
				"scale": [
					{ "time": 0.8666, "x": 0.959, "y": 0.959 },
					{ "time": 1.4333, "x": 1, "y": 1 }
				]
			},
			"H1": {
				"translate": [
					{ "time": 0.3333, "x": 0, "y": -167.1 },
					{ "time": 1.1, "x": 0, "y": -455.39 }
				]
			},
			"TDH1": {
				"rotate": [
					{ "time": 0.3333, "angle": 2.94 },
					{ "time": 1.1, "angle": -28.69 }
				],
				"translate": [
					{ "time": 0.3, "x": 0, "y": 67.01 },
					{ "time": 0.3333, "x": 0, "y": 109.85 },
					{ "time": 1.1, "x": 0, "y": -308.59 }
				]
			},
			"T1": {
				"rotate": [
					{ "time": 0.1666, "angle": 3.47 },
					{ "time": 0.9333, "angle": -3.79 }
				],
				"translate": [
					{ "time": 0.1666, "x": 0, "y": 14.2 },
					{ "time": 0.9333, "x": 0, "y": -378.1 }
				],
				"scale": [
					{ "time": 0.1666, "x": 0.879, "y": 0.879 },
					{ "time": 0.9333, "x": 1.003, "y": 1.003 }
				]
			},
			"H3": {
				"rotate": [
					{ "time": 0.3333, "angle": 2.06 },
					{ "time": 1.1, "angle": -26.1 }
				],
				"translate": [
					{ "time": 0.3333, "x": 0, "y": -12.06 },
					{ "time": 1.1, "x": 0, "y": -518.81 }
				]
			}
		}
	}
}
}