{
"skeleton": { "hash": "yKBiXofzcMwjD7pA8DWNImle+JE", "spine": "2.1.27", "width": 303, "height": 303, "images": "" },
"bones": [
	{ "name": "Root_All", "x": 42.66, "y": -5.9, "scaleX": 1.01, "scaleY": 1.01 },
	{ "name": "Ship_All", "parent": "Root_All" },
	{ "name": "Body", "parent": "Ship_All", "length": 255.84, "x": -7.21, "y": 3.52, "rotation": 90 },
	{ "name": "Antiaircraft", "parent": "Body", "length": 44.62, "x": 164.81, "y": -89, "rotation": -90 },
	{ "name": "Attack_Point", "parent": "Body", "length": 25.69, "x": 109.25, "y": -55.07, "rotation": -88.64 },
	{ "name": "Damage_Point", "parent": "Body", "length": 22.56, "x": 126.96, "y": 43.49, "rotation": -90 },
	{ "name": "Dialogue", "parent": "Body", "length": 57.85, "x": 191.9, "y": -77.94, "rotation": -90 },
	{ "name": "Expression", "parent": "Body", "length": 46.33, "x": 220.5, "y": -52.33, "rotation": -42.65 },
	{ "name": "Obai", "parent": "Body", "length": 9.71, "x": 131.87, "y": 43.09, "rotation": -150.25 },
	{ "name": "Ship", "parent": "Body", "length": 127.17, "x": 100, "y": 60, "rotation": 270 },
	{ "name": "Smoke_L1", "parent": "Body", "length": 51.75, "x": 155.83, "y": -15.54, "rotation": -34.35 },
	{ "name": "Smoke_R2", "parent": "Body", "length": 51.75, "x": 95.37, "y": 113.16, "rotation": 37.5 },
	{ "name": "Throw_Point", "parent": "Body", "length": 24.91, "x": 69.44, "y": -41.06, "rotation": -88.64 },
	{ "name": "Bomb_in", "parent": "Ship", "length": 72.5, "x": 54.01, "y": -8.69, "rotation": -8.5 },
	{ "name": "Obai_L", "parent": "Obai", "length": 8.26, "x": 17.34, "y": 6.29, "rotation": 150 },
	{ "name": "Obai_R", "parent": "Obai", "length": 8.43, "x": 10.11, "y": -7.64, "rotation": 150 },
	{ "name": "Ship_other", "parent": "Ship", "length": 59.32, "x": 16.75, "y": 9.93, "rotation": -95.84 }
],
"slots": [
	{ "name": "Rodney_fornt_normal", "bone": "Ship_other", "attachment": "Rodney_fornt_normal" },
	{ "name": "Rodney_ship_armor_gun", "bone": "Bomb_in", "attachment": "Rodney_ship_armor_gun" },
	{ "name": "Rodney_ship_armor_gun_light", "bone": "Bomb_in", "attachment": "Rodney_ship_armor_gun_light", "blend": "additive" },
	{ "name": "Rodney_ship_armor_normal", "bone": "Ship", "attachment": "Rodney_ship_armor_normal" },
	{
		"name": "Rodney_ship_armor_normal_fluorescence",
		"bone": "Ship",
		"attachment": "Rodney_ship_armor_normal_fluorescence",
		"blend": "additive"
	},
	{ "name": "Rodney_ship_armor_normal_light", "bone": "Ship", "attachment": "Rodney_ship_armor_normal_light", "blend": "additive" },
	{ "name": "Rodney_body_normal", "bone": "Body", "attachment": "Rodney_body_normal" },
	{ "name": "Light_Body", "bone": "Body", "blend": "additive" },
	{ "name": "Rodney_body_Obai", "bone": "Obai", "attachment": "Rodney_body_Obai" }
],
"skins": {
	"default": {
		"Light_Body": {
			"Rodney_ship_body_normal_light": { "x": 131.84, "y": 10.33, "rotation": -90, "width": 300, "height": 300 }
		},
		"Rodney_body_Obai": {
			"Rodney_body_Obai": {
				"type": "skinnedmesh",
				"uvs": [ 1, 0.48486, 1, 0.61359, 1, 0.72622, 1, 1, 0.8128, 1, 0.7184, 1, 0.46385, 1, 0.38631, 1, 0.29697, 1, 0, 1, 0, 0.45536, 0, 0.34004, 0, 0.26495, 0, 0, 0.19245, 0, 0.29191, 0, 0.37282, 0, 0.50431, 0, 0.58354, 0, 1, 0, 0.43182, 0.04772, 0.50937, 0.15232, 0.55488, 0.24082, 0.61725, 0.35077, 0.65097, 0.48218, 0.66277, 0.62968, 0.65265, 0.74232, 0.6004, 0.88445, 0.54814, 0.92736, 0.21774, 0.94345, 0.15031, 0.87372, 0.08794, 0.76109, 0.03737, 0.64041, 0.034, 0.14963, 0.08288, 0.07454, 0.67457, 0.04504, 0.73862, 0.08527, 0.83471, 0.16572, 0.89034, 0.23277, 0.94597, 0.34004, 0.95945, 0.84422, 0.90214, 0.93809, 0.65771, 0.9515, 0.0458, 0.37759, 0.07445, 0.50363, 0.12165, 0.59482, 0.17897, 0.686, 0.27, 0.74768, 0.35091, 0.7745, 0.44025, 0.77718, 0.52285, 0.77182, 0.59197, 0.73427, 0.63411, 0.67259, 0.69648, 0.68063, 0.75885, 0.75304, 0.8364, 0.77182, 0.89034, 0.75841, 0.93754, 0.70477, 0.96788, 0.59213, 0.67457, 0.82813, 0.7302, 0.88177, 0.78582, 0.90591, 0.85662, 0.90859, 0.91562, 0.84691, 0.95777, 0.76109, 0.05591, 0.54386, 0.09974, 0.66454, 0.14357, 0.75036, 0.20931, 0.81472, 0.2818, 0.87104, 0.38631, 0.90591, 0.46385, 0.88982, 0.54814, 0.85227, 0.62062, 0.79863, 0.08457, 0.17377, 0.12502, 0.26763, 0.20425, 0.39904, 0.27, 0.44195, 0.35091, 0.48218, 0.41665, 0.50363, 0.50768, 0.51436, 0.59365, 0.4795, 0.70828, 0.49291, 0.801, 0.48486, 0.85831, 0.43927, 0.91225, 0.3615, 0.05591, 0.23813, 0.12165, 0.40441, 0.1874, 0.50363, 0.27, 0.57604, 0.38631, 0.62432, 0.48745, 0.64309, 0.57005, 0.60554, 0.65265, 0.55459, 0.71165, 0.59482, 0.77908, 0.62432, 0.85157, 0.61359, 0.92068, 0.55459, 0.95271, 0.46072, 0.14862, 0.09868, 0.21774, 0.1845, 0.32057, 0.27032, 0.40654, 0.32395, 0.49925, 0.35077, 0.55825, 0.35882, 0.28685, 0.07991, 0.37282, 0.12818, 0.44362, 0.18718, 0.68131, 0.34004, 0.742, 0.31859, 0.8246, 0.25422, 0.60882, 0.18182, 0.66782, 0.155, 0.69817, 0.11745 ],
				"triangles": [ 6, 28, 42, 28, 27, 42, 7, 70, 6, 70, 71, 6, 6, 71, 28, 7, 8, 70, 9, 29, 8, 9, 30, 29, 29, 69, 8, 8, 69, 70, 9, 31, 30, 9, 32, 31, 9, 10, 32, 30, 68, 29, 29, 68, 69, 28, 72, 27, 28, 71, 72, 69, 48, 70, 70, 49, 71, 70, 48, 49, 71, 50, 72, 71, 49, 50, 27, 72, 73, 31, 67, 30, 30, 67, 68, 68, 47, 69, 69, 47, 48, 72, 50, 73, 68, 67, 47, 50, 51, 73, 48, 90, 49, 49, 91, 50, 49, 90, 91, 48, 47, 90, 50, 91, 51, 31, 66, 67, 31, 32, 66, 67, 46, 47, 67, 66, 46, 47, 89, 90, 47, 46, 89, 66, 45, 46, 46, 45, 89, 66, 32, 45, 90, 79, 91, 91, 79, 80, 32, 65, 45, 32, 10, 65, 89, 78, 90, 90, 78, 79, 65, 44, 45, 45, 88, 89, 45, 44, 88, 88, 77, 89, 89, 77, 78, 65, 10, 44, 10, 43, 44, 44, 87, 88, 44, 43, 87, 78, 102, 79, 79, 102, 103, 88, 76, 77, 88, 87, 76, 78, 77, 102, 10, 11, 43, 77, 101, 102, 77, 76, 101, 76, 87, 75, 87, 43, 75, 101, 75, 100, 101, 76, 75, 43, 86, 75, 43, 11, 86, 11, 12, 86, 103, 102, 107, 102, 101, 107, 101, 100, 106, 101, 106, 107, 106, 100, 105, 86, 74, 75, 75, 74, 100, 12, 33, 86, 12, 13, 33, 86, 33, 74, 74, 99, 100, 100, 99, 105, 33, 34, 74, 74, 34, 99, 33, 13, 34, 106, 105, 16, 105, 15, 16, 99, 14, 105, 99, 34, 14, 105, 14, 15, 34, 13, 14, 4, 41, 3, 3, 41, 40, 41, 63, 40, 40, 2, 3, 5, 61, 4, 4, 62, 41, 4, 61, 62, 6, 42, 5, 5, 60, 61, 5, 42, 60, 42, 59, 60, 42, 27, 59, 41, 62, 63, 63, 62, 55, 62, 61, 55, 55, 56, 63, 61, 60, 55, 27, 73, 59, 60, 54, 55, 60, 59, 54, 63, 64, 40, 63, 56, 64, 40, 64, 2, 73, 26, 59, 59, 26, 54, 54, 95, 55, 55, 96, 56, 55, 95, 96, 56, 57, 64, 64, 57, 2, 56, 96, 57, 26, 53, 54, 54, 53, 95, 57, 1, 2, 57, 96, 58, 57, 58, 1, 58, 96, 97, 53, 94, 95, 53, 25, 94, 96, 95, 83, 58, 0, 1, 95, 94, 83, 96, 83, 97, 94, 82, 83, 58, 97, 0, 83, 84, 97, 97, 98, 0, 97, 84, 98, 82, 109, 83, 0, 39, 19, 83, 109, 84, 84, 85, 98, 85, 39, 98, 0, 98, 39, 84, 109, 85, 85, 109, 110, 110, 38, 85, 85, 38, 39, 39, 38, 19, 109, 112, 110, 110, 112, 37, 37, 112, 113, 110, 37, 38, 37, 113, 36, 38, 37, 19, 37, 36, 19, 36, 35, 19, 73, 51, 26, 51, 52, 26, 26, 52, 53, 91, 92, 51, 51, 92, 52, 52, 25, 53, 25, 92, 93, 25, 52, 92, 93, 81, 24, 93, 92, 81, 91, 80, 92, 25, 93, 94, 92, 80, 81, 93, 82, 94, 93, 24, 82, 79, 103, 80, 80, 104, 81, 80, 103, 104, 24, 108, 82, 82, 108, 109, 81, 23, 24, 24, 23, 108, 81, 104, 23, 23, 104, 22, 108, 23, 22, 22, 104, 103, 22, 103, 107, 112, 109, 108, 108, 22, 111, 108, 111, 112, 107, 21, 22, 22, 21, 111, 21, 107, 20, 35, 112, 111, 113, 112, 35, 107, 106, 20, 20, 17, 21, 18, 35, 111, 18, 111, 21, 21, 17, 18, 106, 16, 20, 113, 35, 36, 20, 16, 17, 35, 18, 19 ],
				"vertices": [ 1, 14, 2.64, -5.19, 1, 1, 14, -0.18, -5.21, 1, 1, 14, -2.66, -5.21999, 1, 1, 14, -8.68, -5.23999, 1, 3, 8, 24.24, 0.8, 0.07811, 14, -8.71, 1.29999, 0.8922, 15, -8.01, -14.37, 0.02967, 3, 8, 22.6, -2.06, 0.18409, 14, -8.72999, 4.6, 0.6965, 15, -8.02, -11.07, 0.11939, 3, 8, 18.18, -9.79, 0.10264, 14, -8.77, 13.51, 0.08437, 15, -8.06, -2.16, 0.81298, 3, 8, 16.83, -12.15, 0.03085, 14, -8.78, 16.21999, 0.02341, 15, -8.08, 0.54, 0.94572, 3, 8, 15.28, -14.87, 0.00292, 14, -8.79, 19.35, 0.00272, 15, -8.09, 3.67, 0.99434, 1, 15, -8.14, 14.06, 1, 1, 15, 3.83, 14.11, 1, 1, 15, 6.37, 14.12, 1, 1, 15, 8.02, 14.13, 1, 1, 15, 13.85, 14.16, 1, 2, 8, -5.63, -7.13, 0.013, 15, 13.88, 7.42, 0.98699, 2, 8, -3.9, -4.11, 0.1122, 15, 13.9, 3.94, 0.88779, 2, 8, -2.49, -1.65, 0.46431, 15, 13.91, 1.11, 0.53568, 2, 8, -0.21, 2.33999, 0.98091, 14, 13.23, 12.19, 0.01908, 2, 8, 1.15, 4.75, 0.90581, 14, 13.24, 9.42, 0.09418, 1, 14, 13.3, -5.15, 1, 1, 8, -0.56, -0.38, 1, 1, 8, 2.78, 0.83, 1, 1, 8, 5.26, 1.25, 1, 2, 8, 8.43999, 1.94, 0.94096, 14, 5.53, 8.2, 0.05903, 2, 8, 11.54, 1.53, 0.87114, 14, 2.64, 7.01, 0.12885, 3, 8, 14.56, 0.28, 0.56549, 14, -0.58999, 6.58, 0.36034, 15, 0.1, -9.09, 0.07416, 3, 8, 16.53, -1.24, 0.41658, 14, -3.07, 6.93, 0.35911, 15, -2.36999, -8.74, 0.22429, 3, 8, 18.34, -4.38, 0.27568, 14, -6.2, 8.74, 0.33081, 15, -5.5, -6.93, 0.3935, 3, 8, 18.25, -6.44, 0.22641, 14, -7.16, 10.57, 0.25549, 15, -6.45, -5.1, 0.51809, 1, 15, -6.86, 6.45, 1, 1, 15, -5.34, 8.81, 1, 1, 15, -2.87, 11.01, 1, 1, 15, -0.22, 12.79, 1, 1, 15, 10.56, 12.95, 1, 1, 15, 12.22, 11.25, 1, 2, 8, 3.59, 7.02, 0.65211, 14, 12.26, 6.23, 0.34788, 2, 8, 5.48, 8.53, 0.45769, 14, 11.39, 3.98, 0.5423, 2, 8, 8.68, 10.57, 0.00386, 14, 9.63, 0.61, 0.99613, 1, 14, 8.17, -1.33, 1, 1, 14, 5.82, -3.29, 1, 3, 8, 23.81, 6.96, 0.00254, 14, -5.26, -3.81, 0.99732, 15, -4.56, -19.49, 1.2E-4, 3, 8, 24.6, 4.19, 0.01333, 14, -7.34, -1.81, 0.98407, 15, -6.63, -17.49, 0.00259, 3, 8, 20.62, -3.37, 0.24855, 14, -7.67, 6.73, 0.5201, 15, -6.97, -8.93999, 0.23133, 1, 15, 5.55, 12.52, 1, 1, 15, 2.78, 11.5, 1, 1, 15, 0.79, 9.84, 1, 1, 15, -1.2, 7.83, 1, 3, 8, 9.99, -12.93, 1.0E-4, 14, -3.25, 20.32, 3.7E-4, 15, -2.54, 4.64, 0.99952, 3, 8, 11.91, -10.77, 0.01179, 14, -3.82, 17.48, 0.00773, 15, -3.12, 1.8, 0.98046, 3, 8, 13.51, -8.08, 0.0564, 14, -3.87, 14.36, 0.02132, 15, -3.17, -1.30999, 0.92226, 3, 8, 14.84, -5.51, 0.23134, 14, -3.74, 11.47, 0.10085, 15, -3.03, -4.19999, 0.6678, 3, 8, 15.33, -3, 0.41212, 14, -2.9, 9.05, 0.20054, 15, -2.2, -6.62, 0.38733, 3, 8, 14.88, -1.04999, 0.54764, 14, -1.54, 7.58, 0.27221, 15, -0.83, -8.09, 0.18012, 3, 8, 16.12, 0.75, 0.39055, 14, -1.7, 5.4, 0.51542, 15, -1, -10.27, 0.09401, 3, 8, 18.58, 1.86, 0.1747, 14, -3.29, 3.21, 0.80407, 15, -2.58, -12.46, 0.02121, 3, 8, 20.29, 4.01, 0.06285, 14, -3.69, 0.49, 0.92863, 15, -2.99, -15.18, 0.0085, 3, 8, 20.96999, 5.79, 0.01984, 14, -3.38, -1.38, 0.97775, 15, -2.68, -17.06, 0.0024, 1, 14, -2.2, -3.03, 1, 1, 14, 0.27, -4.08, 1, 3, 8, 18.54999, -1.52, 0.30542, 14, -4.94999, 6.15, 0.50341, 15, -4.25, -9.52, 0.19115, 3, 8, 20.54, -0.41, 0.1919, 14, -6.12, 4.19999, 0.699, 15, -5.42, -11.47, 0.10909, 3, 8, 21.97, 1.01, 0.11159, 14, -6.65, 2.25, 0.84488, 15, -5.94, -13.42, 0.04351, 3, 8, 23.25, 3.13, 0.04669, 14, -6.69, -0.22, 0.93985, 15, -5.99, -15.9, 0.01345, 3, 8, 23.1, 5.6, 0.01784, 14, -5.33, -2.28, 0.97896, 15, -4.62, -17.95999, 0.00319, 2, 8, 22.19, 7.81, 0.00178, 14, -3.43, -3.74, 0.99821, 1, 15, 1.9, 12.15, 1, 1, 15, -0.74, 10.6, 1, 1, 15, -2.61999, 9.06, 1, 1, 15, -4.03, 6.75, 1, 3, 8, 12.55, -13.92, 0.0037, 14, -5.96, 19.89, 0.00321, 15, -5.26, 4.21, 0.99307, 3, 8, 15.03, -11.12, 0.02197, 14, -6.71, 16.23, 0.016, 15, -6.01, 0.55, 0.96202, 3, 8, 16.07, -8.59, 0.11366, 14, -6.34, 13.52, 0.07033, 15, -5.64, -2.15, 0.816, 3, 8, 16.82, -5.62, 0.29774, 14, -5.5, 10.57, 0.22139, 15, -4.8, -5.1, 0.48085, 3, 8, 17.04999, -2.83, 0.3485, 14, -4.31, 8.04, 0.32142, 15, -3.61, -7.63, 0.33006, 1, 15, 10.04, 11.18, 1, 1, 15, 7.98, 9.76, 1, 1, 15, 5.1, 6.97, 1, 1, 15, 4.17, 4.67, 1, 1, 15, 3.3, 1.83, 1, 2, 8, 7.88, -5.81, 0.12788, 15, 2.84, -0.46, 0.87211, 3, 8, 9.66, -3.16, 0.52839, 14, 1.91, 12.02, 0.00901, 15, 2.61999, -3.65, 0.46258, 1, 8, 10.49, -0.17, 1, 3, 8, 12.74, 3.16, 0.52582, 14, 2.42, 5, 0.47285, 15, 3.12, -10.67, 0.00131, 2, 8, 14.19, 6.06, 0.08632, 14, 2.60999, 1.76, 0.91367, 1, 14, 3.62, -0.23, 1, 1, 14, 5.34, -2.10999, 1, 1, 15, 8.62, 12.18, 1, 1, 15, 4.96999, 9.85999, 1, 1, 15, 2.8, 7.55, 1, 1, 15, 1.22, 4.65, 1, 1, 15, 0.18, 0.58, 1, 3, 8, 11.77, -5.17999, 0.3863, 14, -0.91, 12.72, 0.03372, 15, -0.21, -2.95, 0.57997, 3, 8, 12.49, -2.26, 0.5831, 14, -0.07, 9.83, 0.09447, 15, 0.62, -5.84, 0.3224, 3, 8, 12.95, 0.79, 0.65043, 14, 1.04999, 6.94, 0.32218, 15, 1.75, -8.72999, 0.02736, 3, 8, 14.74, 2.15, 0.42211, 14, 0.18, 4.88, 0.55324, 15, 0.88, -10.79, 0.02463, 3, 8, 16.46999, 3.88, 0.15747, 14, -0.45, 2.51, 0.83973, 15, 0.24, -13.16, 0.00278, 1, 14, -0.21, -0.01, 1, 1, 14, 1.09, -2.42, 1, 1, 14, 3.16, -3.54, 1, 2, 8, -4.5, -9.54, 0.00185, 15, 11.7, 8.95, 0.99814, 2, 8, -1.66, -8.37, 0.00195, 15, 9.83, 6.52, 0.99804, 2, 8, 1.75, -6.19, 7.0E-5, 15, 7.95, 2.91, 0.99992, 1, 15, 6.79, -0.09, 1, 2, 8, 6.39, -1.63, 0.85104, 15, 6.21, -3.34, 0.14895, 1, 8, 7.57, 0.06, 1, 2, 8, -2.46, -5.13, 0.07346, 15, 12.14, 4.11, 0.92653, 2, 8, -0.05, -3.05, 0.54521, 15, 11.09, 1.1, 0.45478, 2, 8, 2.3, -1.54, 0.47916, 15, 9.8, -1.37, 0.52082, 2, 8, 9.35, 4.01, 0.73201, 14, 5.77, 5.96, 0.26798, 2, 8, 9.99, 6.08, 0.44347, 14, 6.26, 3.84, 0.55652, 2, 8, 10.2, 9.3, 0.14115, 14, 7.68, 0.96, 0.85884, 2, 8, 5.07, 3.53, 0.82697, 14, 9.24, 8.52, 0.17302, 2, 8, 5.58, 5.62, 0.72161, 14, 9.84, 6.45, 0.27838, 2, 8, 5.39, 6.95, 0.72161, 14, 10.67, 5.4, 0.27838 ],
				"hull": 20,
				"edges": [ 12, 14, 14, 16, 16, 18, 18, 20, 20, 22, 22, 24, 24, 26, 26, 28, 28, 30, 30, 32, 32, 34, 34, 36, 36, 38, 0, 38, 0, 2, 2, 4, 4, 6, 6, 8, 8, 10, 10, 12 ],
				"width": 35,
				"height": 22
			}
		},
		"Rodney_body_normal": {
			"Rodney_body_normal": { "x": 131.84, "y": 10.33, "rotation": -90, "width": 300, "height": 300 }
		},
		"Rodney_fornt_normal": {
			"Rodney_fornt_normal": { "x": -25.13, "y": 30.52, "rotation": 95.84, "width": 300, "height": 300 }
		},
		"Rodney_ship_armor_gun": {
			"Rodney_ship_armor_gun": { "x": -10.29, "y": 39.44, "rotation": 8.5, "width": 300, "height": 300 }
		},
		"Rodney_ship_armor_gun_light": {
			"Rodney_ship_armor_gun_light": { "x": -10.29, "y": 39.44, "rotation": 8.5, "width": 300, "height": 300 }
		},
		"Rodney_ship_armor_normal": {
			"Rodney_ship_armor_normal": { "x": 49.66, "y": 31.83, "width": 300, "height": 300 }
		},
		"Rodney_ship_armor_normal_fluorescence": {
			"Rodney_ship_armor_normal_fluorescence": { "x": 49.67, "y": 31.84, "width": 300, "height": 300 }
		},
		"Rodney_ship_armor_normal_light": {
			"Rodney_ship_armor_normal_light": { "x": 49.67, "y": 31.84, "width": 300, "height": 300 }
		}
	}
},
"events": {
	"Antiaircraft": {},
	"attack_point": {},
	"damage_point": {},
	"throw_point": {}
},
"animations": {
	"Antiaircraft": {
		"slots": {
			"Light_Body": {
				"attachment": [
					{ "time": 0, "name": null },
					{ "time": 0.0666, "name": "Rodney_ship_body_normal_light" },
					{ "time": 0.5, "name": null },
					{ "time": 0.6, "name": "Rodney_ship_body_normal_light" },
					{ "time": 1.2666, "name": null },
					{ "time": 1.3666, "name": "Rodney_ship_body_normal_light" },
					{ "time": 2, "name": null }
				],
				"color": [
					{ "time": 0.0666, "color": "ffffffff" },
					{ "time": 0.1666, "color": "ffffff00" },
					{ "time": 0.2, "color": "ffffffff" },
					{ "time": 0.3333, "color": "ffffff00" },
					{ "time": 0.3666, "color": "ffffffff" },
					{ "time": 0.4666, "color": "ffffff00" },
					{ "time": 0.6, "color": "ffffffff" },
					{ "time": 0.7333, "color": "ffffff00" },
					{ "time": 0.8, "color": "ffffffff" },
					{ "time": 0.9, "color": "ffffff00" },
					{ "time": 0.9666, "color": "ffffffff" },
					{ "time": 1.1, "color": "ffffff00" },
					{ "time": 1.1333, "color": "ffffffff" },
					{ "time": 1.2333, "color": "ffffff00" },
					{ "time": 1.3666, "color": "ffffffff" },
					{ "time": 1.4666, "color": "ffffff00" },
					{ "time": 1.5333, "color": "ffffffff" },
					{ "time": 1.6333, "color": "ffffff00" },
					{ "time": 1.7, "color": "ffffffff" },
					{ "time": 1.8333, "color": "ffffff00" },
					{ "time": 1.8666, "color": "ffffffff" },
					{ "time": 1.9666, "color": "ffffff00" }
				]
			},
			"Rodney_ship_armor_gun_light": {
				"attachment": [
					{ "time": 0, "name": null },
					{ "time": 0.0666, "name": "Rodney_ship_armor_gun_light" },
					{ "time": 0.5, "name": null },
					{ "time": 0.6, "name": "Rodney_ship_armor_gun_light" },
					{ "time": 1.2666, "name": null },
					{ "time": 1.3666, "name": "Rodney_ship_armor_gun_light" },
					{ "time": 2, "name": null }
				],
				"color": [
					{ "time": 0.0666, "color": "ffffffff" },
					{ "time": 0.1666, "color": "ffffff00" },
					{ "time": 0.2, "color": "ffffffff" },
					{ "time": 0.3333, "color": "ffffff00" },
					{ "time": 0.3666, "color": "ffffffff" },
					{ "time": 0.4666, "color": "ffffff00" },
					{ "time": 0.6, "color": "ffffffff" },
					{ "time": 0.7333, "color": "ffffff00" },
					{ "time": 0.8, "color": "ffffffff" },
					{ "time": 0.9, "color": "ffffff00" },
					{ "time": 0.9666, "color": "ffffffff" },
					{ "time": 1.1, "color": "ffffff00" },
					{ "time": 1.1333, "color": "ffffffff" },
					{ "time": 1.2333, "color": "ffffff00" },
					{ "time": 1.3666, "color": "ffffffff" },
					{ "time": 1.4666, "color": "ffffff00" },
					{ "time": 1.5333, "color": "ffffffff" },
					{ "time": 1.6333, "color": "ffffff00" },
					{ "time": 1.7, "color": "ffffffff" },
					{ "time": 1.8333, "color": "ffffff00" },
					{ "time": 1.8666, "color": "ffffffff" },
					{ "time": 1.9666, "color": "ffffff00" }
				]
			},
			"Rodney_ship_armor_normal_fluorescence": {
				"color": [
					{ "time": 0, "color": "ffffff83" },
					{ "time": 0.5, "color": "ffffffff" },
					{ "time": 1, "color": "ffffff83" },
					{ "time": 1.5, "color": "ffffffff" },
					{ "time": 2, "color": "ffffff83" }
				]
			},
			"Rodney_ship_armor_normal_light": {
				"attachment": [
					{ "time": 0, "name": null },
					{ "time": 0.0666, "name": "Rodney_ship_armor_normal_light" },
					{ "time": 0.5, "name": null },
					{ "time": 0.6, "name": "Rodney_ship_armor_normal_light" },
					{ "time": 1.2666, "name": null },
					{ "time": 1.3666, "name": "Rodney_ship_armor_normal_light" },
					{ "time": 2, "name": null }
				],
				"color": [
					{ "time": 0.0666, "color": "ffffffff" },
					{ "time": 0.1666, "color": "ffffff00" },
					{ "time": 0.2, "color": "ffffffff" },
					{ "time": 0.3333, "color": "ffffff00" },
					{ "time": 0.3666, "color": "ffffffff" },
					{ "time": 0.4666, "color": "ffffff00" },
					{ "time": 0.6, "color": "ffffffff" },
					{ "time": 0.7333, "color": "ffffff00" },
					{ "time": 0.8, "color": "ffffffff" },
					{ "time": 0.9, "color": "ffffff00" },
					{ "time": 0.9666, "color": "ffffffff" },
					{ "time": 1.1, "color": "ffffff00" },
					{ "time": 1.1333, "color": "ffffffff" },
					{ "time": 1.2333, "color": "ffffff00" },
					{ "time": 1.3666, "color": "ffffffff" },
					{ "time": 1.4666, "color": "ffffff00" },
					{ "time": 1.5333, "color": "ffffffff" },
					{ "time": 1.6333, "color": "ffffff00" },
					{ "time": 1.7, "color": "ffffffff" },
					{ "time": 1.8333, "color": "ffffff00" },
					{ "time": 1.8666, "color": "ffffffff" },
					{ "time": 1.9666, "color": "ffffff00" }
				]
			}
		},
		"bones": {
			"Body": {
				"rotate": [
					{ "time": 0, "angle": 0, "curve": "stepped" },
					{ "time": 2, "angle": 0 }
				],
				"translate": [
					{ "time": 0, "x": 0, "y": 0, "curve": "stepped" },
					{ "time": 2, "x": 0, "y": 0 }
				]
			},
			"Ship": {
				"rotate": [
					{ "time": 0, "angle": 0, "curve": "stepped" },
					{ "time": 2, "angle": 0 }
				],
				"translate": [
					{
						"time": 0,
						"x": 0,
						"y": 0,
						"curve": [ 0.319, 0.33, 0.653, 0.66 ]
					},
					{
						"time": 0.5,
						"x": 1.79,
						"y": 0,
						"curve": [ 0.289, 0.43, 0.622, 0.73 ]
					},
					{
						"time": 1.5,
						"x": -2.75,
						"y": 0,
						"curve": [ 0.487, 0.33, 0.657, 0.5 ]
					},
					{ "time": 2, "x": 0, "y": 0 }
				]
			},
			"Bomb_in": {
				"rotate": [
					{ "time": 0, "angle": 0 },
					{ "time": 0.5, "angle": 3.59 },
					{ "time": 1.5, "angle": -1 },
					{ "time": 2, "angle": 0 }
				],
				"translate": [
					{ "time": 0, "x": 0, "y": 0, "curve": "stepped" },
					{ "time": 2, "x": 0, "y": 0 }
				]
			},
			"Ship_All": {
				"rotate": [
					{ "time": 0, "angle": 0, "curve": "stepped" },
					{ "time": 2, "angle": 0 }
				],
				"translate": [
					{ "time": 0, "x": 0, "y": 0, "curve": "stepped" },
					{ "time": 2, "x": 0, "y": 0 }
				]
			},
			"Root_All": {
				"rotate": [
					{ "time": 0, "angle": 0, "curve": "stepped" },
					{ "time": 2, "angle": 0 }
				],
				"translate": [
					{
						"time": 0,
						"x": 0,
						"y": 0,
						"curve": [ 0.255, 0.35, 0.6, 0.7 ]
					},
					{
						"time": 0.5,
						"x": 0,
						"y": -9.82,
						"curve": [ 0.3, 0.39, 0.641, 0.74 ]
					},
					{
						"time": 1,
						"x": 0,
						"y": -15.66,
						"curve": [ 0.322, 0.37, 0.652, 0.7 ]
					},
					{
						"time": 1.5,
						"x": 0,
						"y": -7.79,
						"curve": [ 0.314, 0.36, 0.644, 0.68 ]
					},
					{ "time": 2, "x": 0, "y": 0 }
				]
			},
			"Ship_other": {
				"rotate": [
					{ "time": 0, "angle": 0 },
					{ "time": 0.5, "angle": -2.65 },
					{ "time": 1.5, "angle": 3.4 },
					{ "time": 2, "angle": 0 }
				],
				"translate": [
					{ "time": 0, "x": 0, "y": 0, "curve": "stepped" },
					{ "time": 2, "x": 0, "y": 0 }
				]
			},
			"Obai_L": {
				"rotate": [
					{ "time": 0, "angle": 0 },
					{ "time": 0.5, "angle": 6.54 },
					{ "time": 1.5, "angle": -0.85 },
					{ "time": 2, "angle": 0 }
				],
				"translate": [
					{ "time": 0, "x": 0, "y": 0 },
					{ "time": 0.5, "x": -0.98, "y": 0.57 },
					{ "time": 1.5, "x": 0.74, "y": -0.42 },
					{ "time": 2, "x": 0, "y": 0 }
				]
			},
			"Obai": {
				"rotate": [
					{ "time": 0, "angle": 0, "curve": "stepped" },
					{ "time": 2, "angle": 0 }
				],
				"translate": [
					{ "time": 0, "x": 0, "y": 0 },
					{ "time": 0.5, "x": 0.75, "y": 0.43 },
					{ "time": 1.5, "x": -0.39, "y": 0.47 },
					{ "time": 2, "x": 0, "y": 0 }
				]
			},
			"Obai_R": {
				"rotate": [
					{ "time": 0, "angle": 0 },
					{ "time": 0.5, "angle": 3.65 },
					{ "time": 1.5, "angle": -4.13 },
					{ "time": 2, "angle": 0 }
				],
				"translate": [
					{ "time": 0, "x": 0, "y": 0 },
					{ "time": 0.5, "x": -0.98, "y": 0.57 },
					{ "time": 1.5, "x": 0.74, "y": -0.42 },
					{ "time": 2, "x": 0, "y": 0 }
				]
			}
		},
		"events": [
			{ "time": 0.0666, "name": "Antiaircraft" }
		]
	},
	"attack": {
		"slots": {
			"Light_Body": {
				"attachment": [
					{ "time": 0, "name": null },
					{ "time": 0.0666, "name": null },
					{ "time": 0.1, "name": "Rodney_ship_body_normal_light" },
					{ "time": 1.6666, "name": null }
				],
				"color": [
					{ "time": 0.1, "color": "ffffffff" },
					{ "time": 0.5333, "color": "fffffffb" },
					{ "time": 0.8333, "color": "ffffff00" }
				]
			},
			"Rodney_ship_armor_gun_light": {
				"attachment": [
					{ "time": 0, "name": null },
					{ "time": 0.1, "name": "Rodney_ship_armor_gun_light" }
				],
				"color": [
					{ "time": 0.1, "color": "ffffffff", "curve": "stepped" },
					{ "time": 0.5333, "color": "ffffffff" },
					{ "time": 0.8333, "color": "ffffff00" }
				]
			},
			"Rodney_ship_armor_normal_fluorescence": {
				"color": [
					{ "time": 0, "color": "ffffff83" },
					{ "time": 0.4333, "color": "ffffffff" },
					{ "time": 0.8333, "color": "ffffff83" },
					{ "time": 1.2666, "color": "ffffffff" },
					{ "time": 1.6666, "color": "ffffff83" }
				]
			},
			"Rodney_ship_armor_normal_light": {
				"attachment": [
					{ "time": 0, "name": null },
					{ "time": 0.1, "name": "Rodney_ship_armor_normal_light" }
				],
				"color": [
					{ "time": 0.1, "color": "ffffffff", "curve": "stepped" },
					{ "time": 0.5333, "color": "ffffffff" },
					{ "time": 0.8333, "color": "ffffff00" }
				]
			}
		},
		"bones": {
			"Root_All": {
				"rotate": [
					{ "time": 0, "angle": 0, "curve": "stepped" },
					{ "time": 1.6666, "angle": 0 }
				],
				"translate": [
					{
						"time": 0,
						"x": 0,
						"y": 0,
						"curve": [ 0.255, 0.35, 0.6, 0.7 ]
					},
					{ "time": 0.0666, "x": 8.69, "y": 0 },
					{ "time": 0.1666, "x": -87.44, "y": 0 },
					{ "time": 0.3333, "x": -61.04, "y": 0 },
					{ "time": 0.5333, "x": -69.84, "y": 0 },
					{ "time": 1, "x": -85.6, "y": 0 },
					{ "time": 1.4, "x": 15.07, "y": 0 },
					{ "time": 1.6666, "x": 0, "y": 0 }
				]
			},
			"Ship": {
				"rotate": [
					{
						"time": 0,
						"angle": 0,
						"curve": [ 0.219, 0.41, 0.591, 0.77 ]
					},
					{ "time": 0.0666, "angle": -357.51 },
					{ "time": 0.1666, "angle": -363.25 },
					{ "time": 0.3333, "angle": -362.08 },
					{ "time": 1.4, "angle": -358.29 },
					{ "time": 1.6666, "angle": 0 }
				],
				"translate": [
					{
						"time": 0,
						"x": 0,
						"y": 0,
						"curve": [ 0.319, 0.33, 0.653, 0.66 ]
					},
					{ "time": 0.0666, "x": 0.81, "y": 0.6 },
					{ "time": 0.1666, "x": 6.07, "y": -0.21 },
					{ "time": 0.3333, "x": 4.52, "y": -2.2 },
					{ "time": 1, "x": 2.26, "y": -1.7 },
					{ "time": 1.4, "x": -0.3, "y": -1.89 },
					{ "time": 1.6666, "x": 0, "y": 0 }
				]
			},
			"Ship_All": {
				"rotate": [
					{ "time": 0, "angle": 0, "curve": "stepped" },
					{ "time": 1.6666, "angle": 0 }
				],
				"translate": [
					{ "time": 0, "x": 0, "y": 0, "curve": "stepped" },
					{ "time": 1.6666, "x": 0, "y": 0 }
				]
			},
			"Body": {
				"rotate": [
					{ "time": 0, "angle": 0, "curve": "stepped" },
					{ "time": 1.6666, "angle": 0 }
				],
				"translate": [
					{ "time": 0, "x": 0, "y": 0, "curve": "stepped" },
					{ "time": 1.6666, "x": 0, "y": 0 }
				]
			},
			"Attack_Point": {
				"rotate": [
					{ "time": 0.0666, "angle": 0 }
				],
				"translate": [
					{ "time": 0.0666, "x": 0, "y": 0 }
				]
			},
			"Ship_other": {
				"rotate": [
					{ "time": 0, "angle": 0 },
					{ "time": 0.0666, "angle": -11.31 },
					{ "time": 0.1666, "angle": 14.64 },
					{ "time": 0.4333, "angle": 3.18 },
					{ "time": 0.8, "angle": 9.7 },
					{ "time": 1.1666, "angle": 2.51 },
					{ "time": 1.6666, "angle": 0 }
				],
				"translate": [
					{ "time": 0, "x": 0, "y": 0 },
					{ "time": 0.0666, "x": -2.62, "y": 0 },
					{ "time": 0.1666, "x": 3.27, "y": 0 },
					{ "time": 0.4333, "x": 1.64, "y": 0 },
					{ "time": 0.8, "x": 2.72, "y": 0 },
					{ "time": 1.1666, "x": 0.53, "y": 0 },
					{ "time": 1.6666, "x": 0, "y": 0 }
				]
			},
			"Bomb_in": {
				"rotate": [
					{ "time": 0, "angle": 0 },
					{ "time": 0.0666, "angle": 2.45 },
					{ "time": 0.1333, "angle": -0.63 },
					{ "time": 0.5333, "angle": 1.24 },
					{ "time": 1, "angle": -0.59 },
					{ "time": 1.3333, "angle": 2.19 },
					{ "time": 1.6666, "angle": 0 }
				],
				"translate": [
					{ "time": 0, "x": 0, "y": 0 },
					{ "time": 0.0666, "x": 0, "y": -0.94 },
					{ "time": 0.1333, "x": 0.97, "y": -5.73 },
					{ "time": 0.5333, "x": -0.72, "y": -3.75 },
					{ "time": 1, "x": -1.87, "y": -3.65 },
					{ "time": 1.3333, "x": -1.92, "y": 0.09 },
					{ "time": 1.6666, "x": 0, "y": 0 }
				]
			},
			"Obai": {
				"rotate": [
					{ "time": 0, "angle": 0 },
					{ "time": 0.0666, "angle": -2.28 },
					{ "time": 0.1666, "angle": 9.39 },
					{ "time": 0.3, "angle": -8.99 },
					{ "time": 0.4666, "angle": 0 },
					{ "time": 0.6333, "angle": 4.94 },
					{ "time": 0.8666, "angle": 0 },
					{ "time": 1.1, "angle": 4.94 },
					{ "time": 1.3666, "angle": -0.86 },
					{ "time": 1.6666, "angle": 0 }
				],
				"translate": [
					{ "time": 0, "x": 0, "y": 0 },
					{ "time": 0.0666, "x": -3.21, "y": 3 },
					{ "time": 0.1666, "x": -2.02, "y": 0.46 },
					{ "time": 0.3, "x": -2.73, "y": 1.73 },
					{ "time": 0.4666, "x": 0, "y": 0 },
					{ "time": 0.6333, "x": 1.22, "y": 0.49 },
					{ "time": 0.8666, "x": 0.92, "y": 0.45 },
					{ "time": 1.1, "x": 1.22, "y": 0.49 },
					{ "time": 1.3666, "x": -0.06, "y": 2.72 },
					{ "time": 1.6666, "x": 0, "y": 0 }
				]
			},
			"Obai_L": {
				"rotate": [
					{ "time": 0, "angle": 0 },
					{ "time": 0.0666, "angle": -4.24 },
					{ "time": 0.1333, "angle": 13.03 },
					{ "time": 0.2333, "angle": -3.24 },
					{ "time": 0.3333, "angle": 0 },
					{ "time": 0.5, "angle": 11.38 },
					{ "time": 0.7333, "angle": 6.33 },
					{ "time": 1.0333, "angle": 9.79 },
					{ "time": 1.3333, "angle": 5.55 },
					{ "time": 1.6666, "angle": 0 }
				],
				"translate": [
					{ "time": 0, "x": 0, "y": 0 },
					{ "time": 0.0666, "x": -3.64, "y": 2.92 },
					{ "time": 0.1333, "x": -2.94, "y": 1.99 },
					{ "time": 0.2333, "x": -4.32, "y": 1.94 },
					{ "time": 0.3333, "x": 0, "y": 0 },
					{ "time": 0.5, "x": -0.85, "y": -0.21 },
					{ "time": 0.7333, "x": 0.27, "y": -0.8 },
					{ "time": 1.0333, "x": -1.3, "y": -1.43 },
					{ "time": 1.3333, "x": 0.27, "y": -0.8 },
					{ "time": 1.6666, "x": 0, "y": 0 }
				]
			},
			"Obai_R": {
				"rotate": [
					{ "time": 0, "angle": 0 },
					{ "time": 0.0666, "angle": -16.03 },
					{ "time": 0.1333, "angle": -8.5 },
					{ "time": 0.2333, "angle": -18.92 },
					{ "time": 0.3333, "angle": 0 },
					{ "time": 0.5, "angle": 3.83 },
					{ "time": 0.7333, "angle": -4.51 },
					{ "time": 1.0333, "angle": -3.75 },
					{ "time": 1.3333, "angle": -11.95 },
					{ "time": 1.6666, "angle": 0 }
				],
				"translate": [
					{ "time": 0, "x": 0, "y": 0 },
					{ "time": 0.0666, "x": -3.68, "y": 0.21 },
					{ "time": 0.1333, "x": -3.2, "y": -0.05 },
					{ "time": 0.2333, "x": -4.56, "y": -1.54 },
					{ "time": 0.3333, "x": 0, "y": 0 },
					{ "time": 0.5, "x": -2.07, "y": 0.48 },
					{ "time": 0.7333, "x": 0.65, "y": -1.51 },
					{ "time": 1.0333, "x": -2.82, "y": -0.63 },
					{ "time": 1.3333, "x": -0.13, "y": -0.57 },
					{ "time": 1.6666, "x": 0, "y": 0 }
				]
			}
		},
		"events": [
			{ "time": 0.0666, "name": "attack_point" }
		]
	},
	"damage": {
		"slots": {
			"Light_Body": {
				"attachment": [
					{ "time": 0, "name": null },
					{ "time": 0.0666, "name": "Rodney_ship_body_normal_light" },
					{ "time": 0.7666, "name": null },
					{ "time": 1.1666, "name": null }
				],
				"color": [
					{ "time": 0.5333, "color": "fffffffc" },
					{ "time": 0.7666, "color": "ffffff00" }
				]
			},
			"Rodney_body_Obai": {
				"color": [
					{ "time": 0.0666, "color": "8c4c51ff", "curve": "stepped" },
					{ "time": 0.7666, "color": "8c4c51ff" },
					{ "time": 1.1333, "color": "ffffffff" }
				]
			},
			"Rodney_body_normal": {
				"color": [
					{ "time": 0.0666, "color": "8c4c51ff", "curve": "stepped" },
					{ "time": 0.7666, "color": "8c4c51ff" },
					{ "time": 1.1333, "color": "ffffffff" }
				]
			},
			"Rodney_fornt_normal": {
				"color": [
					{ "time": 0.0666, "color": "8c4c51ff", "curve": "stepped" },
					{ "time": 0.7666, "color": "8c4c51ff" },
					{ "time": 1.1333, "color": "ffffffff" }
				]
			},
			"Rodney_ship_armor_gun": {
				"color": [
					{ "time": 0.0666, "color": "8c4c51ff", "curve": "stepped" },
					{ "time": 0.7666, "color": "8c4c51ff" },
					{ "time": 1.1333, "color": "ffffffff" }
				]
			},
			"Rodney_ship_armor_gun_light": {
				"attachment": [
					{ "time": 0, "name": null },
					{ "time": 0.0666, "name": "Rodney_ship_armor_gun_light" }
				],
				"color": [
					{ "time": 0.0666, "color": "ffffffff", "curve": "stepped" },
					{ "time": 0.5333, "color": "ffffffff" },
					{ "time": 0.7666, "color": "ffffff00" }
				]
			},
			"Rodney_ship_armor_normal": {
				"color": [
					{ "time": 0.0666, "color": "8c4c51ff", "curve": "stepped" },
					{ "time": 0.7666, "color": "8c4c51ff" },
					{ "time": 1.1333, "color": "ffffffff" }
				]
			},
			"Rodney_ship_armor_normal_fluorescence": {
				"color": [
					{ "time": 0, "color": "ffffff83" },
					{ "time": 0.3, "color": "ffffffff" },
					{ "time": 0.6, "color": "ffffff83" },
					{ "time": 0.9, "color": "ffffffff" },
					{ "time": 1.1666, "color": "ffffff83" }
				]
			},
			"Rodney_ship_armor_normal_light": {
				"attachment": [
					{ "time": 0, "name": null },
					{ "time": 0.0666, "name": "Rodney_ship_armor_normal_light" }
				],
				"color": [
					{ "time": 0.0666, "color": "ffffffff", "curve": "stepped" },
					{ "time": 0.5333, "color": "ffffffff" },
					{ "time": 0.7666, "color": "ffffff00" }
				]
			}
		},
		"bones": {
			"Root_All": {
				"rotate": [
					{ "time": 0, "angle": 0, "curve": "stepped" },
					{ "time": 1.1666, "angle": 0 }
				],
				"translate": [
					{
						"time": 0,
						"x": 0,
						"y": 0,
						"curve": [ 0.255, 0.35, 0.6, 0.7 ]
					},
					{ "time": 0.0666, "x": -27.67, "y": -23.16 },
					{ "time": 0.1333, "x": 20.98, "y": 15.35 },
					{ "time": 0.2333, "x": -19.78, "y": -15.62 },
					{ "time": 0.3666, "x": 14.36, "y": 8.59 },
					{ "time": 0.5666, "x": -3.37, "y": -4.5 },
					{ "time": 0.8666, "x": 5.63, "y": 2.25 },
					{ "time": 1.1666, "x": 0, "y": 0 }
				]
			},
			"Ship": {
				"rotate": [
					{
						"time": 0,
						"angle": 0,
						"curve": [ 0.219, 0.41, 0.591, 0.77 ]
					},
					{ "time": 0.0666, "angle": -354.41 },
					{ "time": 0.1333, "angle": -364.42 },
					{ "time": 0.2333, "angle": -358.04 },
					{ "time": 0.3666, "angle": -361.36 },
					{ "time": 1.1666, "angle": 0 }
				],
				"translate": [
					{
						"time": 0,
						"x": 0,
						"y": 0,
						"curve": [ 0.319, 0.33, 0.653, 0.66 ]
					},
					{ "time": 0.0666, "x": -3.15, "y": -2.52 },
					{ "time": 0.1333, "x": 5.59, "y": 0.55 },
					{ "time": 0.2333, "x": -3.77, "y": -1.39 },
					{ "time": 0.3666, "x": 1.18, "y": 0.69 },
					{ "time": 1.1666, "x": 0, "y": 0 }
				]
			},
			"Ship_All": {
				"rotate": [
					{ "time": 0, "angle": 0, "curve": "stepped" },
					{ "time": 1.1666, "angle": 0 }
				],
				"translate": [
					{ "time": 0, "x": 0, "y": 0, "curve": "stepped" },
					{ "time": 1.1666, "x": 0, "y": 0 }
				]
			},
			"Body": {
				"rotate": [
					{ "time": 0, "angle": 0, "curve": "stepped" },
					{ "time": 1.1666, "angle": 0 }
				],
				"translate": [
					{ "time": 0, "x": 0, "y": 0, "curve": "stepped" },
					{ "time": 1.1666, "x": 0, "y": 0 }
				]
			},
			"Damage_Point": {
				"rotate": [
					{ "time": 0.0666, "angle": 0 }
				],
				"translate": [
					{ "time": 0.0666, "x": 0, "y": 0 }
				]
			},
			"Bomb_in": {
				"rotate": [
					{ "time": 0, "angle": 0 },
					{ "time": 0.0666, "angle": 3.55 },
					{ "time": 0.1666, "angle": -0.28 },
					{ "time": 0.3, "angle": 3.84 },
					{ "time": 0.5, "angle": -0.21 },
					{ "time": 0.7666, "angle": 0.77 },
					{ "time": 1.1666, "angle": 0 }
				],
				"translate": [
					{ "time": 0, "x": 0, "y": 0 },
					{ "time": 0.0666, "x": -4.27, "y": 2.39 },
					{ "time": 0.1666, "x": 0.45, "y": -2.65 },
					{ "time": 0.3, "x": -1.53, "y": 2.99 },
					{ "time": 0.5, "x": 1.71, "y": -1.04 },
					{ "time": 0.7666, "x": 0.53, "y": -0.62 },
					{ "time": 1.1666, "x": 0, "y": 0 }
				]
			},
			"Ship_other": {
				"rotate": [
					{ "time": 0, "angle": 0 },
					{ "time": 0.0666, "angle": 3.24 },
					{ "time": 0.1333, "angle": -2.53 },
					{ "time": 0.2333, "angle": 12.79 },
					{ "time": 0.4, "angle": -2.09 },
					{ "time": 0.6666, "angle": 10.11 },
					{ "time": 1, "angle": -3.24 },
					{ "time": 1.1666, "angle": 0 }
				],
				"translate": [
					{ "time": 0, "x": 0, "y": 0 },
					{ "time": 0.0666, "x": 1.64, "y": 1.68 },
					{ "time": 0.1333, "x": 0.3, "y": 1.58 },
					{ "time": 0.2333, "x": -0.9, "y": 1.42 },
					{ "time": 0.4, "x": -2.32, "y": 1.17 },
					{ "time": 0.6666, "x": -0.42, "y": 0.61 },
					{ "time": 1, "x": -0.98, "y": 0.2 },
					{ "time": 1.1666, "x": 0, "y": 0 }
				]
			},
			"Obai": {
				"rotate": [
					{ "time": 0, "angle": 0 },
					{ "time": 0.0666, "angle": -8.99 },
					{ "time": 0.1666, "angle": 0 },
					{ "time": 0.3333, "angle": 4.94 },
					{ "time": 0.4333, "angle": 0 },
					{ "time": 0.5666, "angle": 4.94 },
					{ "time": 0.8666, "angle": -0.86 },
					{ "time": 1.1666, "angle": 0 }
				],
				"translate": [
					{ "time": 0, "x": 0, "y": 0 },
					{ "time": 0.0666, "x": -2.73, "y": 1.73 },
					{ "time": 0.1666, "x": 0, "y": 0 },
					{ "time": 0.3333, "x": 1.22, "y": 0.49 },
					{ "time": 0.4333, "x": 0.92, "y": 0.45 },
					{ "time": 0.5666, "x": 1.22, "y": 0.49 },
					{ "time": 0.8666, "x": 0.47, "y": 2.56 },
					{ "time": 1.1666, "x": 0, "y": 0 }
				]
			},
			"Obai_L": {
				"rotate": [
					{ "time": 0, "angle": 0 },
					{ "time": 0.0666, "angle": -3.24 },
					{ "time": 0.2, "angle": 0 },
					{ "time": 0.3333, "angle": 11.38 },
					{ "time": 0.4666, "angle": 6.33 },
					{ "time": 0.6, "angle": 9.79 },
					{ "time": 0.9, "angle": 5.74 },
					{ "time": 1.1666, "angle": 0 }
				],
				"translate": [
					{ "time": 0, "x": 0, "y": 0 },
					{ "time": 0.0666, "x": -4.32, "y": 1.94 },
					{ "time": 0.2, "x": 0, "y": 0 },
					{ "time": 0.3333, "x": -0.85, "y": -0.21 },
					{ "time": 0.4666, "x": 0.27, "y": -0.8 },
					{ "time": 0.6, "x": -1.3, "y": -1.43 },
					{ "time": 0.9, "x": 2.37, "y": 1.66 },
					{ "time": 1.1666, "x": 0, "y": 0 }
				]
			},
			"Obai_R": {
				"rotate": [
					{ "time": 0, "angle": 0 },
					{ "time": 0.0666, "angle": -18.92 },
					{ "time": 0.1666, "angle": 0 },
					{ "time": 0.3, "angle": 3.83 },
					{ "time": 0.4333, "angle": -4.51 },
					{ "time": 0.5666, "angle": -3.75 },
					{ "time": 0.8666, "angle": -1.45 },
					{ "time": 1.1666, "angle": 0 }
				],
				"translate": [
					{ "time": 0, "x": 0, "y": 0 },
					{ "time": 0.0666, "x": -4.56, "y": -1.54 },
					{ "time": 0.1666, "x": 0, "y": 0 },
					{ "time": 0.3, "x": -2.07, "y": 0.48 },
					{ "time": 0.4333, "x": 0.65, "y": -1.51 },
					{ "time": 0.5666, "x": -2.82, "y": -0.63 },
					{ "time": 0.8666, "x": 2.66, "y": 1.58 },
					{ "time": 1.1666, "x": 0, "y": 0 }
				]
			}
		},
		"events": [
			{ "time": 0.0666, "name": "damage_point" }
		]
	},
	"normal": {
		"slots": {
			"Light_Body": {
				"attachment": [
					{ "time": 0, "name": null },
					{ "time": 2, "name": null }
				]
			},
			"Rodney_ship_armor_gun_light": {
				"attachment": [
					{ "time": 0, "name": null },
					{ "time": 2, "name": null }
				]
			},
			"Rodney_ship_armor_normal_fluorescence": {
				"color": [
					{ "time": 0, "color": "ffffff83" },
					{ "time": 0.5, "color": "ffffffff" },
					{ "time": 1, "color": "ffffff83" },
					{ "time": 1.5, "color": "ffffffff" },
					{ "time": 2, "color": "ffffff83" }
				]
			},
			"Rodney_ship_armor_normal_light": {
				"attachment": [
					{ "time": 0, "name": null },
					{ "time": 2, "name": null }
				]
			}
		},
		"bones": {
			"Bomb_in": {
				"rotate": [
					{ "time": 0, "angle": 0 },
					{ "time": 0.5, "angle": 3.59 },
					{ "time": 1.5, "angle": -1 },
					{ "time": 2, "angle": 0 }
				],
				"translate": [
					{ "time": 0, "x": 0, "y": 0, "curve": "stepped" },
					{ "time": 2, "x": 0, "y": 0 }
				]
			},
			"Body": {
				"rotate": [
					{ "time": 0, "angle": 0, "curve": "stepped" },
					{ "time": 2, "angle": 0 }
				],
				"translate": [
					{ "time": 0, "x": 0, "y": 0, "curve": "stepped" },
					{ "time": 2, "x": 0, "y": 0 }
				]
			},
			"Ship": {
				"rotate": [
					{ "time": 0, "angle": 0, "curve": "stepped" },
					{ "time": 2, "angle": 0 }
				],
				"translate": [
					{
						"time": 0,
						"x": 0,
						"y": 0,
						"curve": [ 0.319, 0.33, 0.653, 0.66 ]
					},
					{
						"time": 0.5,
						"x": 1.79,
						"y": 0,
						"curve": [ 0.289, 0.43, 0.622, 0.73 ]
					},
					{
						"time": 1.5,
						"x": -2.75,
						"y": 0,
						"curve": [ 0.487, 0.33, 0.657, 0.5 ]
					},
					{ "time": 2, "x": 0, "y": 0 }
				]
			},
			"Root_All": {
				"rotate": [
					{ "time": 0, "angle": 0, "curve": "stepped" },
					{ "time": 2, "angle": 0 }
				],
				"translate": [
					{
						"time": 0,
						"x": 0,
						"y": 0,
						"curve": [ 0.255, 0.35, 0.6, 0.7 ]
					},
					{
						"time": 0.5,
						"x": 0,
						"y": -9.82,
						"curve": [ 0.3, 0.39, 0.641, 0.74 ]
					},
					{
						"time": 1,
						"x": 0,
						"y": -15.66,
						"curve": [ 0.322, 0.37, 0.652, 0.7 ]
					},
					{
						"time": 1.5,
						"x": 0,
						"y": -7.79,
						"curve": [ 0.314, 0.36, 0.644, 0.68 ]
					},
					{ "time": 2, "x": 0, "y": 0 }
				]
			},
			"Ship_other": {
				"rotate": [
					{ "time": 0, "angle": 0 },
					{ "time": 0.5, "angle": -2.65 },
					{ "time": 1.5, "angle": 3.4 },
					{ "time": 2, "angle": 0 }
				],
				"translate": [
					{ "time": 0, "x": 0, "y": 0, "curve": "stepped" },
					{ "time": 2, "x": 0, "y": 0 }
				]
			},
			"Ship_All": {
				"rotate": [
					{ "time": 0, "angle": 0, "curve": "stepped" },
					{ "time": 2, "angle": 0 }
				],
				"translate": [
					{ "time": 0, "x": 0, "y": 0, "curve": "stepped" },
					{ "time": 2, "x": 0, "y": 0 }
				]
			},
			"Obai": {
				"rotate": [
					{ "time": 0, "angle": 0, "curve": "stepped" },
					{ "time": 2, "angle": 0 }
				],
				"translate": [
					{ "time": 0, "x": 0, "y": 0 },
					{ "time": 0.5, "x": 0.75, "y": 0.43 },
					{ "time": 1.5, "x": -0.39, "y": 0.47 },
					{ "time": 2, "x": 0, "y": 0 }
				]
			},
			"Obai_R": {
				"rotate": [
					{ "time": 0, "angle": 0 },
					{ "time": 0.5, "angle": 3.65 },
					{ "time": 1.5, "angle": -4.13 },
					{ "time": 2, "angle": 0 }
				],
				"translate": [
					{ "time": 0, "x": 0, "y": 0 },
					{ "time": 0.5, "x": -0.98, "y": 0.57 },
					{ "time": 1.5, "x": 0.74, "y": -0.42 },
					{ "time": 2, "x": 0, "y": 0 }
				]
			},
			"Obai_L": {
				"rotate": [
					{ "time": 0, "angle": 0 },
					{ "time": 0.5, "angle": 6.54 },
					{ "time": 1.5, "angle": -0.85 },
					{ "time": 2, "angle": 0 }
				],
				"translate": [
					{ "time": 0, "x": 0, "y": 0 },
					{ "time": 0.5, "x": -0.98, "y": 0.57 },
					{ "time": 1.5, "x": 0.74, "y": -0.42 },
					{ "time": 2, "x": 0, "y": 0 }
				]
			}
		}
	},
	"throw": {
		"slots": {
			"Light_Body": {
				"attachment": [
					{ "time": 0, "name": null },
					{ "time": 1.3333, "name": null }
				]
			},
			"Rodney_ship_armor_gun_light": {
				"attachment": [
					{ "time": 0, "name": null }
				]
			},
			"Rodney_ship_armor_normal_fluorescence": {
				"color": [
					{ "time": 0, "color": "ffffff84" },
					{ "time": 0.3333, "color": "ffffffff" },
					{ "time": 0.6666, "color": "ffffff84" },
					{ "time": 1, "color": "ffffffff" },
					{ "time": 1.3333, "color": "ffffff84" }
				]
			},
			"Rodney_ship_armor_normal_light": {
				"attachment": [
					{ "time": 0, "name": null }
				]
			}
		},
		"bones": {
			"Root_All": {
				"rotate": [
					{ "time": 0, "angle": 0, "curve": "stepped" },
					{ "time": 1.3333, "angle": 0 }
				],
				"translate": [
					{
						"time": 0,
						"x": 0,
						"y": 0,
						"curve": [ 0.255, 0.35, 0.6, 0.7 ]
					},
					{ "time": 0.6333, "x": -66.66, "y": 0 },
					{ "time": 0.9666, "x": -10.42, "y": -12.42 },
					{ "time": 1.3333, "x": 0, "y": 0 }
				]
			},
			"Ship": {
				"rotate": [
					{
						"time": 0,
						"angle": 0,
						"curve": [ 0.219, 0.41, 0.591, 0.77 ]
					},
					{ "time": 0.3333, "angle": -358.17 },
					{ "time": 0.5666, "angle": -359.21 },
					{ "time": 0.6333, "angle": -363.41 },
					{ "time": 0.7333, "angle": -366.44 },
					{ "time": 0.9666, "angle": -356.42 },
					{ "time": 1.1666, "angle": -361.45 },
					{ "time": 1.3333, "angle": 0 }
				],
				"translate": [
					{
						"time": 0,
						"x": 0,
						"y": 0,
						"curve": [ 0.319, 0.33, 0.653, 0.66 ]
					},
					{ "time": 0.3333, "x": -0.7, "y": -1.37 },
					{ "time": 0.5666, "x": 0, "y": 0.77 },
					{ "time": 0.6333, "x": 1.43, "y": 1.35 },
					{ "time": 0.7333, "x": -0.38, "y": 0.95 },
					{ "time": 0.9666, "x": -0.19, "y": -2.63 },
					{ "time": 1.3333, "x": 0, "y": 0 }
				]
			},
			"Body": {
				"rotate": [
					{
						"time": 0,
						"angle": 0,
						"curve": [ 0.219, 0.41, 0.591, 0.77 ]
					},
					{
						"time": 0.6333,
						"angle": -3.17,
						"curve": [ 0.32, 0.36, 0.653, 0.69 ]
					},
					{
						"time": 0.7333,
						"angle": 0.61,
						"curve": [ 0.319, 0.37, 0.652, 0.7 ]
					},
					{
						"time": 0.9666,
						"angle": -1.72,
						"curve": [ 0.32, 0.38, 0.654, 0.71 ]
					},
					{ "time": 1.3333, "angle": 0 }
				],
				"translate": [
					{
						"time": 0,
						"x": 0,
						"y": 0,
						"curve": [ 0.219, 0.41, 0.591, 0.77 ]
					},
					{
						"time": 0.3333,
						"x": -15.86,
						"y": 0,
						"curve": [ 0.193, 0.39, 0.58, 0.9 ]
					},
					{
						"time": 0.5666,
						"x": -19.36,
						"y": 0,
						"curve": [ 0.142, 0.42, 0.647, 0.94 ]
					},
					{ "time": 0.6333, "x": 92.18, "y": -6.3 },
					{ "time": 0.7333, "x": 111.33, "y": 0 },
					{ "time": 1.3333, "x": 0, "y": 0 }
				]
			},
			"Ship_All": {
				"rotate": [
					{ "time": 0, "angle": 0, "curve": "stepped" },
					{ "time": 1.3333, "angle": 0 }
				],
				"translate": [
					{ "time": 0, "x": 0, "y": 0, "curve": "stepped" },
					{ "time": 1.3333, "x": 0, "y": 0 }
				]
			},
			"Throw_Point": {
				"rotate": [
					{ "time": 0.6333, "angle": 0 }
				],
				"translate": [
					{ "time": 0.6333, "x": 0, "y": 0 }
				]
			},
			"Ship_other": {
				"rotate": [
					{ "time": 0, "angle": 0 },
					{ "time": 0.3333, "angle": 12.24 },
					{ "time": 0.5666, "angle": 16.94 },
					{ "time": 0.6666, "angle": -8.72 },
					{ "time": 0.9, "angle": 12.14 },
					{ "time": 1.1666, "angle": -8.51 },
					{ "time": 1.3333, "angle": 0 }
				],
				"translate": [
					{ "time": 0, "x": 0, "y": 0 },
					{ "time": 0.3333, "x": -0.7, "y": 0 },
					{ "time": 0.5666, "x": -1.25, "y": 0 },
					{ "time": 0.6666, "x": -2.22, "y": 0 },
					{ "time": 0.9, "x": 0.66, "y": 0 },
					{ "time": 1.1666, "x": -1.86, "y": 0 },
					{ "time": 1.3333, "x": 0, "y": 0 }
				]
			},
			"Bomb_in": {
				"rotate": [
					{ "time": 0, "angle": 0 },
					{ "time": 0.3333, "angle": 3.12 },
					{ "time": 0.5666, "angle": 5.37 },
					{ "time": 0.6666, "angle": -4 },
					{ "time": 0.9333, "angle": 3.81 },
					{ "time": 1.2333, "angle": -7.05 },
					{ "time": 1.3333, "angle": 0 }
				],
				"translate": [
					{ "time": 0, "x": 0, "y": 0 },
					{ "time": 0.3333, "x": -1.2, "y": 0 },
					{ "time": 0.5666, "x": 1.84, "y": 1.42 },
					{ "time": 0.6666, "x": 2.23, "y": -2.79 },
					{ "time": 0.9333, "x": -2, "y": 0 },
					{ "time": 1.2333, "x": 1.56, "y": -3.53 },
					{ "time": 1.3333, "x": 0, "y": 0 }
				]
			},
			"Obai_L": {
				"rotate": [
					{ "time": 0, "angle": 0 },
					{ "time": 0.3666, "angle": 11.38 },
					{ "time": 0.6, "angle": 6.33 },
					{ "time": 0.7666, "angle": 0.93 },
					{ "time": 0.9666, "angle": 9.79 },
					{ "time": 1.1666, "angle": -5.83 },
					{ "time": 1.3333, "angle": 0 }
				],
				"translate": [
					{ "time": 0, "x": 0, "y": 0 },
					{ "time": 0.3666, "x": -0.85, "y": -0.21 },
					{ "time": 0.6, "x": 0.27, "y": -0.8 },
					{ "time": 0.7666, "x": -2.09, "y": -0.49 },
					{ "time": 0.9666, "x": -2.48, "y": -1 },
					{ "time": 1.1666, "x": -0.26, "y": 0.91 },
					{ "time": 1.3333, "x": 0, "y": 0 }
				]
			},
			"Obai_R": {
				"rotate": [
					{ "time": 0, "angle": 0 },
					{ "time": 0.3333, "angle": 3.83 },
					{ "time": 0.5666, "angle": -4.51 },
					{ "time": 0.6666, "angle": -16.72 },
					{ "time": 0.9, "angle": -3.75 },
					{ "time": 1.2, "angle": -16.05 },
					{ "time": 1.3333, "angle": 0 }
				],
				"translate": [
					{ "time": 0, "x": 0, "y": 0 },
					{ "time": 0.3333, "x": -2.07, "y": 0.48 },
					{ "time": 0.5666, "x": 0.65, "y": -1.51 },
					{ "time": 0.6666, "x": 0.91, "y": -5.61 },
					{ "time": 0.9, "x": -1.5, "y": -1.51 },
					{ "time": 1.2, "x": 0.28, "y": -2.23 },
					{ "time": 1.3333, "x": 0, "y": 0 }
				]
			},
			"Obai": {
				"rotate": [
					{ "time": 0, "angle": 0 },
					{ "time": 0.3666, "angle": 4.94 },
					{ "time": 0.6, "angle": 0 },
					{ "time": 0.7333, "angle": -12.74 },
					{ "time": 0.9333, "angle": 4.94 },
					{ "time": 1.1666, "angle": -7.15 },
					{ "time": 1.3333, "angle": 0 }
				],
				"translate": [
					{ "time": 0, "x": 0, "y": 0 },
					{ "time": 0.3666, "x": 1.22, "y": 0.49 },
					{ "time": 0.6, "x": 0.92, "y": 0.45 },
					{ "time": 0.7333, "x": 1.22, "y": -0.01 },
					{ "time": 0.9333, "x": 1.22, "y": 0.49 },
					{ "time": 1.1666, "x": 0.47, "y": 2.56 },
					{ "time": 1.3333, "x": 0, "y": 0 }
				]
			}
		},
		"events": [
			{ "time": 0.6666, "name": "throw_point" }
		]
	},
	"wreck": {
		"slots": {
			"Light_Body": {
				"attachment": [
					{ "time": 0, "name": null },
					{ "time": 2, "name": null }
				]
			},
			"Rodney_ship_armor_gun_light": {
				"attachment": [
					{ "time": 0, "name": null },
					{ "time": 2, "name": null }
				]
			},
			"Rodney_ship_armor_normal_fluorescence": {
				"attachment": [
					{ "time": 0, "name": null }
				],
				"color": [
					{ "time": 0, "color": "ffffff83" },
					{ "time": 0.5, "color": "ffffffff" },
					{ "time": 1, "color": "ffffff83" },
					{ "time": 1.5, "color": "ffffffff" },
					{ "time": 2, "color": "ffffff83" }
				]
			},
			"Rodney_ship_armor_normal_light": {
				"attachment": [
					{ "time": 0, "name": null },
					{ "time": 2, "name": null }
				]
			}
		},
		"bones": {
			"Ship_other": {
				"rotate": [
					{ "time": 0, "angle": 0 },
					{ "time": 0.5, "angle": -2.65 },
					{ "time": 1.5, "angle": 3.4 },
					{ "time": 2, "angle": 0 }
				],
				"translate": [
					{ "time": 0, "x": 0, "y": 0, "curve": "stepped" },
					{ "time": 2, "x": 0, "y": 0 }
				]
			},
			"Ship": {
				"rotate": [
					{ "time": 0, "angle": 0, "curve": "stepped" },
					{ "time": 2, "angle": 0 }
				],
				"translate": [
					{
						"time": 0,
						"x": 0,
						"y": 0,
						"curve": [ 0.319, 0.33, 0.653, 0.66 ]
					},
					{
						"time": 0.5,
						"x": 1.79,
						"y": 0,
						"curve": [ 0.289, 0.43, 0.622, 0.73 ]
					},
					{
						"time": 1.5,
						"x": -2.75,
						"y": 0,
						"curve": [ 0.487, 0.33, 0.657, 0.5 ]
					},
					{ "time": 2, "x": 0, "y": 0 }
				]
			},
			"Body": {
				"rotate": [
					{ "time": 0, "angle": 0, "curve": "stepped" },
					{ "time": 2, "angle": 0 }
				],
				"translate": [
					{ "time": 0, "x": 0, "y": 0, "curve": "stepped" },
					{ "time": 2, "x": 0, "y": 0 }
				]
			},
			"Root_All": {
				"rotate": [
					{ "time": 0, "angle": 0, "curve": "stepped" },
					{ "time": 2, "angle": 0 }
				],
				"translate": [
					{
						"time": 0,
						"x": 0,
						"y": 0,
						"curve": [ 0.255, 0.35, 0.6, 0.7 ]
					},
					{
						"time": 0.5,
						"x": 0,
						"y": -9.82,
						"curve": [ 0.3, 0.39, 0.641, 0.74 ]
					},
					{
						"time": 1,
						"x": 0,
						"y": -15.66,
						"curve": [ 0.322, 0.37, 0.652, 0.7 ]
					},
					{
						"time": 1.5,
						"x": 0,
						"y": -7.79,
						"curve": [ 0.314, 0.36, 0.644, 0.68 ]
					},
					{ "time": 2, "x": 0, "y": 0 }
				]
			},
			"Bomb_in": {
				"rotate": [
					{ "time": 0, "angle": 0 },
					{ "time": 0.5, "angle": 3.59 },
					{ "time": 1.5, "angle": -1 },
					{ "time": 2, "angle": 0 }
				],
				"translate": [
					{ "time": 0, "x": 0, "y": 0, "curve": "stepped" },
					{ "time": 2, "x": 0, "y": 0 }
				]
			},
			"Ship_All": {
				"rotate": [
					{ "time": 0, "angle": 0, "curve": "stepped" },
					{ "time": 2, "angle": 0 }
				],
				"translate": [
					{ "time": 0, "x": 0, "y": 0, "curve": "stepped" },
					{ "time": 2, "x": 0, "y": 0 }
				]
			},
			"Obai_L": {
				"rotate": [
					{ "time": 0, "angle": 0 },
					{ "time": 0.5, "angle": 6.54 },
					{ "time": 1.5, "angle": -0.85 },
					{ "time": 2, "angle": 0 }
				],
				"translate": [
					{ "time": 0, "x": 0, "y": 0 },
					{ "time": 0.5, "x": -0.98, "y": 0.57 },
					{ "time": 1.5, "x": 0.74, "y": -0.42 },
					{ "time": 2, "x": 0, "y": 0 }
				]
			},
			"Obai": {
				"rotate": [
					{ "time": 0, "angle": 0, "curve": "stepped" },
					{ "time": 2, "angle": 0 }
				],
				"translate": [
					{ "time": 0, "x": 0, "y": 0 },
					{ "time": 0.5, "x": 0.75, "y": 0.43 },
					{ "time": 1.5, "x": -0.39, "y": 0.47 },
					{ "time": 2, "x": 0, "y": 0 }
				]
			},
			"Obai_R": {
				"rotate": [
					{ "time": 0, "angle": 0 },
					{ "time": 0.5, "angle": 3.65 },
					{ "time": 1.5, "angle": -4.13 },
					{ "time": 2, "angle": 0 }
				],
				"translate": [
					{ "time": 0, "x": 0, "y": 0 },
					{ "time": 0.5, "x": -0.98, "y": 0.57 },
					{ "time": 1.5, "x": 0.74, "y": -0.42 },
					{ "time": 2, "x": 0, "y": 0 }
				]
			}
		}
	}
}
}