{
"skeleton": { "hash": "iHAbiFwICmUtaJ3UxKA/7pQeCz0", "spine": "3.2.01", "width": 500, "height": 258, "images": "" },
"bones": [
	{ "name": "bathhouse_effect_all" },
	{ "name": "Bathhouse_down_wave", "parent": "bathhouse_effect_all" },
	{ "name": "Bathhouse_smoke", "parent": "bathhouse_effect_all" },
	{ "name": "Bathhouse_smoke_first", "parent": "Bathhouse_smoke" },
	{ "name": "Bathhouse_smoke_second", "parent": "Bathhouse_smoke" },
	{ "name": "Bathhouse_walk_wave", "parent": "bathhouse_effect_all" }
],
"slots": [
	{ "name": "Bathhouse_walk_wave_00", "bone": "Bathhouse_walk_wave", "attachment": "Bathhouse_walk_wave_00" },
	{ "name": "Bathhouse_down_wave_00", "bone": "Bathhouse_down_wave", "attachment": "Bathhouse_down_wave_00" },
	{ "name": "Smoke_new_0001", "bone": "Bathhouse_smoke_first", "attachment": "Smoke_00" },
	{ "name": "Smoke_new_0002", "bone": "Bathhouse_smoke_second", "attachment": "Smoke_00" }
],
"skins": {
	"default": {
		"Bathhouse_down_wave_00": {
			"Bathhouse_down_wave_00": { "width": 206, "height": 258 },
			"Bathhouse_down_wave_01": { "width": 206, "height": 258 },
			"Bathhouse_down_wave_02": { "width": 206, "height": 258 },
			"Bathhouse_down_wave_03": { "width": 206, "height": 258 }
		},
		"Bathhouse_walk_wave_00": {
			"Bathhouse_walk_wave_00": { "width": 198, "height": 158 },
			"Bathhouse_walk_wave_01": { "width": 198, "height": 158 },
			"Bathhouse_walk_wave_02": { "width": 198, "height": 158 },
			"Bathhouse_walk_wave_03": { "width": 198, "height": 158 },
			"Bathhouse_walk_wave_04": { "width": 198, "height": 158 },
			"Bathhouse_walk_wave_05": { "width": 198, "height": 158 }
		},
		"Smoke_new_0001": {
			"Smoke_00": { "width": 500, "height": 222 }
		},
		"Smoke_new_0002": {
			"Smoke_00": { "width": 500, "height": 222 }
		}
	}
},
"animations": {
	"Bathhouse_down_wave": {
		"slots": {
			"Bathhouse_down_wave_00": {
				"attachment": [
					{ "time": 0, "name": "Bathhouse_down_wave_01" },
					{ "time": 0.1666, "name": "Bathhouse_down_wave_00" },
					{ "time": 0.3333, "name": "Bathhouse_down_wave_03" },
					{ "time": 0.5, "name": "Bathhouse_down_wave_02" },
					{ "time": 0.6666, "name": "Bathhouse_down_wave_03" },
					{ "time": 0.8333, "name": "Bathhouse_down_wave_00" },
					{ "time": 1, "name": "Bathhouse_down_wave_01" }
				]
			},
			"Bathhouse_walk_wave_00": {
				"attachment": [
					{ "time": 0, "name": null }
				]
			},
			"Smoke_new_0001": {
				"attachment": [
					{ "time": 0, "name": null }
				]
			},
			"Smoke_new_0002": {
				"attachment": [
					{ "time": 0, "name": null }
				]
			}
		},
		"bones": {
			"Bathhouse_down_wave": {
				"translate": [
					{ "time": 0, "x": 0, "y": 16 }
				]
			}
		}
	},
	"Bathhouse_smoke": {
		"slots": {
			"Bathhouse_down_wave_00": {
				"attachment": [
					{ "time": 0, "name": null }
				]
			},
			"Bathhouse_walk_wave_00": {
				"attachment": [
					{ "time": 0, "name": null }
				]
			}
		},
		"bones": {
			"Bathhouse_smoke": {
				"translate": [
					{ "time": 0, "x": -55.94, "y": 35.73 },
					{ "time": 26.6666, "x": 1482.12, "y": 35.73 }
				],
				"scale": [
					{ "time": 0, "x": 3, "y": 3 }
				]
			},
			"Bathhouse_smoke_second": {
				"translate": [
					{ "time": 0, "x": -528.71, "y": 0 }
				]
			},
			"Bathhouse_smoke_first": {
				"translate": [
					{ "time": 0, "x": -16.36, "y": 0 }
				]
			}
		}
	},
	"Bathhouse_walk_wave": {
		"slots": {
			"Bathhouse_down_wave_00": {
				"attachment": [
					{ "time": 0, "name": null }
				]
			},
			"Bathhouse_walk_wave_00": {
				"attachment": [
					{ "time": 0, "name": "Bathhouse_walk_wave_00" },
					{ "time": 0.1666, "name": "Bathhouse_walk_wave_04" },
					{ "time": 0.3333, "name": "Bathhouse_walk_wave_05" },
					{ "time": 0.5, "name": "Bathhouse_walk_wave_03" },
					{ "time": 0.6666, "name": "Bathhouse_walk_wave_01" },
					{ "time": 0.8333, "name": "Bathhouse_walk_wave_02" },
					{ "time": 1, "name": "Bathhouse_walk_wave_00" }
				]
			},
			"Smoke_new_0001": {
				"attachment": [
					{ "time": 0, "name": null }
				]
			},
			"Smoke_new_0002": {
				"attachment": [
					{ "time": 0, "name": null }
				]
			}
		},
		"bones": {
			"Bathhouse_walk_wave": {
				"translate": [
					{ "time": 0, "x": 0, "y": 2 }
				]
			}
		}
	}
}
}